timestamp,gen_time,sel_time,tx_time,rx_time,status
0.0,0.3622642290630845,154.78186544096943,154.78286544096943,154.95286544096942,TX
0.35,0.6055210386567127,155.33430982995708,155.33530982995708,155.50530982995707,TX
0.7,0.7566133901803909,160.2588348057474,160.2598348057474,160.4298348057474,TX
1.0499999999999998,1.3291943347763593,158.77457295559253,158.77557295559254,158.94557295559252,TX
1.4,1.4031034938966536,155.33640872668275,155.33740872668275,155.50740872668274,TX
1.75,1.9432709155829815,154.08476209324962,154.08576209324963,154.25576209324961,TX
2.0999999999999996,2.265651838945268,159.2689867153742,159.26998671537422,159.4399867153742,TX
2.4499999999999997,2.531164592191566,155.66055480266058,155.6615548026606,155.83155480266058,TX
2.8,2.985941521404693,155.64443381897044,155.64543381897045,155.81543381897043,TX
3.15,3.1786519294461155,155.54984542239737,155.55084542239737,155.72084542239736,TX
3.5,3.533292980440595,155.63389007370276,155.63489007370276,155.80489007370275,TX
3.8499999999999996,4.009409791454543,158.6632954482033,158.66429544820332,158.8342954482033,TX
4.199999999999999,4.357783530211705,157.22243200214353,157.22343200214354,157.39343200214353,TX
4.55,4.758298908287373,155.62147529754884,155.62247529754885,155.79247529754883,TX
4.8999999999999995,5.190046574481388,,,,PENDING_AT_END
5.25,5.395912647992839,,,,PENDING_AT_END
5.6,5.652307722081906,,,,PENDING_AT_END
5.949999999999999,5.977267784226207,,,,PENDING_AT_END
6.3,6.458811518201668,,,,PENDING_AT_END
6.6499999999999995,6.812782156600469,,,,PENDING_AT_END
7.0,7.372715850812648,,,,PENDING_AT_END
7.35,7.573810452399048,,,,PENDING_AT_END
7.699999999999999,7.805031207838118,,,,PENDING_AT_END
8.049999999999999,8.277982182255508,,,,PENDING_AT_END
8.399999999999999,8.709042477182184,,,,PENDING_AT_END
8.75,8.894814853321144,,,,PENDING_AT_END
9.1,9.142255013342732,,,,PENDING_AT_END
9.45,9.52405263789181,,,,PENDING_AT_END
9.799999999999999,10.052006435753375,,,,PENDING_AT_END
10.149999999999999,10.161315155000349,,,,PENDING_AT_END
10.5,10.517813715316933,,,,PENDING_AT_END
10.85,10.897629605960306,,,,PENDING_AT_END
11.2,11.375046206292179,,,,PENDING_AT_END
11.549999999999999,11.751529870098716,,,,PENDING_AT_END
11.899999999999999,12.278243062639277,,,,PENDING_AT_END
12.25,12.284198634559004,,,,PENDING_AT_END
12.6,12.958561045034562,,,,PENDING_AT_END
12.95,13.122085251397689,,,,PENDING_AT_END
13.299999999999999,13.544287645591124,,,,PENDING_AT_END
13.649999999999999,13.805268698365133,,,,PENDING_AT_END
14.0,14.3056491378547,,,,PENDING_AT_END
14.35,14.55948742201492,,,,PENDING_AT_END
14.7,14.832159011903688,,,,PENDING_AT_END
15.049999999999999,15.166216074245797,,,,PENDING_AT_END
15.399999999999999,15.73205523848192,,,,PENDING_AT_END
15.749999999999998,15.797491167598098,,,,PENDING_AT_END
16.099999999999998,16.133612659437116,,,,PENDING_AT_END
16.45,16.477176787790366,,,,PENDING_AT_END
16.799999999999997,16.816045132138058,,,,PENDING_AT_END
17.15,17.469940270225173,,,,PENDING_AT_END
17.5,17.806342798218083,,,,PENDING_AT_END
17.849999999999998,17.99475825248165,,,,PENDING_AT_END
18.2,18.454719229069557,,,,PENDING_AT_END
18.549999999999997,18.70467400596671,,,,PENDING_AT_END
18.9,19.24159855268183,,,,PENDING_AT_END
19.25,19.395143004655417,,,,PENDING_AT_END
19.599999999999998,19.687561069054713,,,,PENDING_AT_END
19.95,20.077499332564894,,,,PENDING_AT_END
20.299999999999997,20.687336415457693,,,,PENDING_AT_END
20.65,20.776329131016077,,,,PENDING_AT_END
21.0,21.073894529340862,,,,PENDING_AT_END
21.349999999999998,21.35145898888575,,,,PENDING_AT_END
21.7,21.960639687233094,,,,PENDING_AT_END
22.049999999999997,22.127468462071093,,,,PENDING_AT_END
22.4,22.43349559972389,,,,PENDING_AT_END
22.75,23.000041790914715,,,,PENDING_AT_END
23.099999999999998,23.414628878975673,,,,PENDING_AT_END
23.45,23.616763299400628,,,,PENDING_AT_END
23.799999999999997,23.833537244609005,,,,PENDING_AT_END
24.15,24.25319219001596,,,,PENDING_AT_END
24.5,24.883030601144775,,,,PENDING_AT_END
24.849999999999998,25.16609742070923,,,,PENDING_AT_END
25.2,25.282117168488856,,,,PENDING_AT_END
25.549999999999997,25.868249102835215,,,,PENDING_AT_END
25.9,26.288555533153662,,,,PENDING_AT_END
26.25,26.58146951160331,,,,PENDING_AT_END
26.599999999999998,26.861523440063085,,,,PENDING_AT_END
26.95,27.285507546704398,,,,PENDING_AT_END
27.299999999999997,27.44540693251549,,,,PENDING_AT_END
27.65,27.678989947982316,,,,PENDING_AT_END
28.0,28.313738295469534,,,,PENDING_AT_END
28.349999999999998,28.568785618981966,,,,PENDING_AT_END
28.7,28.8186368589141,,,,PENDING_AT_END
29.049999999999997,29.052171900622852,,,,PENDING_AT_END
29.4,29.51404456157723,,,,PENDING_AT_END
29.749999999999996,29.797020288617507,,,,PENDING_AT_END
30.099999999999998,30.11451127462097,,,,PENDING_AT_END
30.45,30.724729188786927,,,,PENDING_AT_END
30.799999999999997,30.983396273448875,,,,PENDING_AT_END
31.15,31.525497409662144,,,,PENDING_AT_END
31.499999999999996,31.72767450728527,,,,PENDING_AT_END
31.849999999999998,31.969188565526462,,,,PENDING_AT_END
32.199999999999996,32.5762991677367,,,,PENDING_AT_END
32.55,32.92737756245859,,,,PENDING_AT_END
32.9,33.12330547690855,,,,PENDING_AT_END
33.25,33.380049208660836,,,,PENDING_AT_END
33.599999999999994,33.645407392592105,,,,PENDING_AT_END
33.949999999999996,34.14592491842118,,,,PENDING_AT_END
34.3,34.62129099046345,,,,PENDING_AT_END
34.65,34.77978370307981,,,,PENDING_AT_END
35.0,35.253320691181756,,,,PENDING_AT_END
35.349999999999994,35.461629788686466,,,,PENDING_AT_END
35.699999999999996,35.8356262068643,,,,PENDING_AT_END
36.05,36.25883447356968,,,,PENDING_AT_END
36.4,36.55509752203074,,,,PENDING_AT_END
36.75,37.09862242682385,,,,PENDING_AT_END
37.099999999999994,37.34276916605488,,,,PENDING_AT_END
37.449999999999996,37.47852437554716,,,,PENDING_AT_END
37.8,38.137797114153855,,,,PENDING_AT_END
38.15,38.35544709659758,,,,PENDING_AT_END
38.5,38.745403247213034,,,,PENDING_AT_END
38.849999999999994,38.92042487533786,,,,PENDING_AT_END
39.199999999999996,39.205674631225186,,,,PENDING_AT_END
39.55,39.818118611645545,,,,PENDING_AT_END
39.9,40.213828949683965,,,,PENDING_AT_END
40.25,40.596089495248094,,,,PENDING_AT_END
40.599999999999994,40.993342531439424,,,,PENDING_AT_END
40.949999999999996,40.963469942250704,,,,PENDING_AT_END
41.3,41.462414577779285,,,,PENDING_AT_END
41.65,41.84212444184933,,,,PENDING_AT_END
42.0,42.0667916326577,,,,PENDING_AT_END
42.349999999999994,42.57172187673562,,,,PENDING_AT_END
42.699999999999996,43.03647465292811,,,,PENDING_AT_END
43.05,43.43945380066687,,,,PENDING_AT_END
43.4,43.441399629326334,,,,PENDING_AT_END
43.75,43.9203196787216,,,,PENDING_AT_END
44.099999999999994,44.237890154017606,,,,PENDING_AT_END
44.449999999999996,44.530982014030265,,,,PENDING_AT_END
44.8,44.87077080488939,,,,PENDING_AT_END
45.15,45.44411037324033,,,,PENDING_AT_END
45.5,45.870016847903614,,,,PENDING_AT_END
45.849999999999994,45.98326936138447,,,,PENDING_AT_END
46.199999999999996,46.20982799893762,,,,PENDING_AT_END
46.55,46.92661840966436,,,,PENDING_AT_END
46.9,46.93883207722474,,,,PENDING_AT_END
47.25,47.50912455323463,,,,PENDING_AT_END
47.599999999999994,47.77301473508949,,,,PENDING_AT_END
47.949999999999996,48.19828976058567,,,,PENDING_AT_END
48.3,48.60284999886596,,,,PENDING_AT_END
48.65,48.86844469467788,,,,PENDING_AT_END
49.0,49.01454158436222,,,,PENDING_AT_END
49.349999999999994,49.35238458485449,,,,PENDING_AT_END
49.699999999999996,50.010917034538814,,,,PENDING_AT_END
50.05,50.286338278656416,,,,PENDING_AT_END
50.4,50.68986477880569,,,,PENDING_AT_END
50.75,51.129441727655305,,,,PENDING_AT_END
51.099999999999994,51.363228631363015,,,,PENDING_AT_END
51.449999999999996,51.58729324950949,,,,PENDING_AT_END
51.8,52.13385865449224,,,,PENDING_AT_END
52.15,52.29345650258178,,,,PENDING_AT_END
52.5,52.79641064941221,,,,PENDING_AT_END
52.849999999999994,53.03465741706583,,,,PENDING_AT_END
53.199999999999996,53.38728957337609,,,,PENDING_AT_END
53.55,53.86504895647401,,,,PENDING_AT_END
53.9,54.20798478690252,,,,PENDING_AT_END
54.25,54.53305783507484,,,,PENDING_AT_END
54.599999999999994,54.86878156006105,,,,PENDING_AT_END
54.949999999999996,54.99831820738566,,,,PENDING_AT_END
55.3,55.45591627663097,,,,PENDING_AT_END
55.65,56.026793961661404,,,,PENDING_AT_END
56.0,56.123921457454614,,,,PENDING_AT_END
56.349999999999994,56.52462989965309,,,,PENDING_AT_END
56.699999999999996,57.01970164293956,,,,PENDING_AT_END
57.05,57.23592663527437,,,,PENDING_AT_END
57.4,57.42847335862404,,,,PENDING_AT_END
57.74999999999999,58.138971455267104,,,,PENDING_AT_END
58.099999999999994,58.12782257371995,,,,PENDING_AT_END
58.449999999999996,58.534268942264255,,,,PENDING_AT_END
58.8,58.92013893372879,,,,PENDING_AT_END
59.15,59.4409027665937,,,,PENDING_AT_END
59.49999999999999,59.50875582746273,,,,PENDING_AT_END
59.849999999999994,60.22321162118929,,,,PENDING_AT_END
60.199999999999996,60.54797739276827,,,,PENDING_AT_END
60.55,60.885716512646866,,,,PENDING_AT_END
60.9,61.14933393505819,,,,PENDING_AT_END
61.24999999999999,61.60643755253226,,,,PENDING_AT_END
61.599999999999994,61.698553770112596,,,,PENDING_AT_END
61.949999999999996,62.0712815490707,,,,PENDING_AT_END
62.3,62.352797389966,,,,PENDING_AT_END
62.65,62.92214919254028,,,,PENDING_AT_END
62.99999999999999,63.263205248782235,,,,PENDING_AT_END
63.349999999999994,63.40492036689447,,,,PENDING_AT_END
63.699999999999996,63.80295751307417,,,,PENDING_AT_END
64.05,64.15903480811708,,,,PENDING_AT_END
64.39999999999999,64.77702909478715,,,,PENDING_AT_END
64.75,65.13434820727045,,,,PENDING_AT_END
65.1,65.47008594564718,,,,PENDING_AT_END
65.45,65.66667410867284,,,,PENDING_AT_END
65.8,65.96961556952344,,,,PENDING_AT_END
66.14999999999999,66.17548799937047,,,,PENDING_AT_END
66.5,66.89176526896787,,,,PENDING_AT_END
66.85,67.1474113860678,,,,PENDING_AT_END
67.19999999999999,67.34547703409748,,,,PENDING_AT_END
67.55,67.5609705417127,,,,PENDING_AT_END
67.89999999999999,68.26701346958488,,,,PENDING_AT_END
68.25,68.37512481661582,,,,PENDING_AT_END
68.6,68.80647357283297,,,,PENDING_AT_END
68.94999999999999,69.21121295662448,,,,PENDING_AT_END
69.3,69.53021100405532,,,,PENDING_AT_END
69.64999999999999,69.9609825454365,,,,PENDING_AT_END
70.0,70.07061788092454,,,,PENDING_AT_END
70.35,70.47648107037307,,,,PENDING_AT_END
70.69999999999999,70.97944489306508,,,,PENDING_AT_END
71.05,71.42771374946007,,,,PENDING_AT_END
71.39999999999999,71.40730848762756,,,,PENDING_AT_END
71.75,72.01582805731141,,,,PENDING_AT_END
72.1,72.38932365327008,,,,PENDING_AT_END
72.44999999999999,72.50084247720355,,,,PENDING_AT_END
72.8,72.9230864149357,,,,PENDING_AT_END
73.14999999999999,73.19538274198213,,,,PENDING_AT_END
73.5,73.57465150698334,,,,PENDING_AT_END
73.85,73.95890573405453,,,,PENDING_AT_END
74.19999999999999,74.3960952279632,,,,PENDING_AT_END
74.55,74.67194890209969,,,,PENDING_AT_END
74.89999999999999,75.19093602808253,,,,PENDING_AT_END
75.25,75.28242474555665,,,,PENDING_AT_END
75.6,75.64448523531667,,,,PENDING_AT_END
75.94999999999999,75.97170869691058,,,,PENDING_AT_END
76.3,76.53265003858776,,,,PENDING_AT_END
76.64999999999999,76.83862771230689,,,,PENDING_AT_END
77.0,77.16837496268928,,,,PENDING_AT_END
77.35,77.37320123151551,,,,PENDING_AT_END
77.69999999999999,78.06571985920917,,,,PENDING_AT_END
78.05,78.17556292312774,,,,PENDING_AT_END
78.39999999999999,78.54429068285337,,,,PENDING_AT_END
78.75,78.82049356632854,,,,PENDING_AT_END
79.1,79.31789772398992,,,,PENDING_AT_END
79.44999999999999,79.51293070546154,,,,PENDING_AT_END
79.8,79.82714481287117,,,,PENDING_AT_END
80.14999999999999,80.39734765321496,,,,PENDING_AT_END
80.5,80.52101135358456,,,,PENDING_AT_END
80.85,80.89248570559675,,,,PENDING_AT_END
81.19999999999999,81.27368822591896,,,,PENDING_AT_END
81.55,81.7362976866958,,,,PENDING_AT_END
81.89999999999999,82.01404955879384,,,,PENDING_AT_END
82.25,82.45561020460849,,,,PENDING_AT_END
82.6,82.73366414555815,,,,PENDING_AT_END
82.94999999999999,82.99268892852714,,,,PENDING_AT_END
83.3,83.48121860963833,,,,PENDING_AT_END
83.64999999999999,83.759706830994,,,,PENDING_AT_END
84.0,84.21475724846039,,,,PENDING_AT_END
84.35,84.67050558165363,,,,PENDING_AT_END
84.69999999999999,84.87094715201181,,,,PENDING_AT_END
85.05,85.33897853642388,,,,PENDING_AT_END
85.39999999999999,85.56547149245431,,,,PENDING_AT_END
85.75,85.77692230808063,,,,PENDING_AT_END
86.1,86.36308755875822,,,,PENDING_AT_END
86.44999999999999,86.59971782246998,,,,PENDING_AT_END
86.8,86.9564266152231,,,,PENDING_AT_END
87.14999999999999,87.49594246245105,,,,PENDING_AT_END
87.5,87.69452614311803,,,,PENDING_AT_END
87.85,88.20146005920401,,,,PENDING_AT_END
88.19999999999999,88.26180900940213,,,,PENDING_AT_END
88.55,88.84688558397768,,,,PENDING_AT_END
88.89999999999999,89.28240076346067,,,,PENDING_AT_END
89.25,89.5096103438728,,,,PENDING_AT_END
89.6,89.74368035653086,,,,PENDING_AT_END
89.94999999999999,89.96534908912446,,,,PENDING_AT_END
90.3,90.60968817753836,,,,PENDING_AT_END
90.64999999999999,90.8781053479408,,,,PENDING_AT_END
91.0,91.37618192582462,,,,PENDING_AT_END
91.35,91.4765572329043,,,,PENDING_AT_END
91.69999999999999,91.79193785083831,,,,PENDING_AT_END
92.05,92.07774040781105,,,,PENDING_AT_END
92.39999999999999,92.78118997150303,,,,PENDING_AT_END
92.75,92.82438910301292,,,,PENDING_AT_END
93.1,93.26105559273981,,,,PENDING_AT_END
93.44999999999999,93.50121964946788,,,,PENDING_AT_END
93.8,93.9591187953459,,,,PENDING_AT_END
94.14999999999999,94.27637617930488,,,,PENDING_AT_END
94.5,94.53341207615807,,,,PENDING_AT_END
94.85,94.88219943640013,,,,PENDING_AT_END
95.19999999999999,95.47785172178513,,,,PENDING_AT_END
95.55,95.9027813362904,,,,PENDING_AT_END
95.89999999999999,96.29659568189102,,,,PENDING_AT_END
96.25,96.45437114010386,,,,PENDING_AT_END
96.6,96.88494397647952,,,,PENDING_AT_END
96.94999999999999,97.31534505005146,,,,PENDING_AT_END
97.3,97.64247339010721,,,,PENDING_AT_END
97.64999999999999,97.97245184025205,,,,PENDING_AT_END
98.0,98.21420043276686,,,,PENDING_AT_END
98.35,98.39742089863611,,,,PENDING_AT_END
98.69999999999999,98.89372211510718,,,,PENDING_AT_END
99.05,99.1733395744812,,,,PENDING_AT_END
99.39999999999999,99.51056166050485,,,,PENDING_AT_END
99.75,100.07358123089983,,,,PENDING_AT_END
100.1,100.26275292737549,,,,PENDING_AT_END
100.44999999999999,100.54051785216501,,,,PENDING_AT_END
100.8,100.96869050895386,,,,PENDING_AT_END
101.14999999999999,101.45529651706117,,,,PENDING_AT_END
101.5,101.72694094786047,,,,PENDING_AT_END
101.85,102.11595880197692,,,,PENDING_AT_END
102.19999999999999,102.46468102452653,,,,PENDING_AT_END
102.55,102.71944472314841,,,,PENDING_AT_END
102.89999999999999,103.03827831566794,,,,PENDING_AT_END
103.25,103.25166337791762,,,,PENDING_AT_END
103.6,103.93308235854508,,,,PENDING_AT_END
103.94999999999999,104.1080372008575,,,,PENDING_AT_END
104.3,104.31212708450771,,,,PENDING_AT_END
104.64999999999999,105.03811078410978,,,,PENDING_AT_END
105.0,105.3040952649435,,,,PENDING_AT_END
105.35,105.58834863651649,,,,PENDING_AT_END
105.69999999999999,105.72239895744951,,,,PENDING_AT_END
106.05,106.42227096610007,,,,PENDING_AT_END
106.39999999999999,106.58582127469218,,,,PENDING_AT_END
106.75,106.84367546291026,,,,PENDING_AT_END
107.1,107.2977469643443,,,,PENDING_AT_END
107.44999999999999,107.49425607915555,,,,PENDING_AT_END
107.8,107.98716179330184,,,,PENDING_AT_END
108.14999999999999,108.50888851827078,,,,PENDING_AT_END
108.5,108.72817206289392,,,,PENDING_AT_END
108.85,109.1964417940888,,,,PENDING_AT_END
109.19999999999999,109.38014646504413,,,,PENDING_AT_END
109.55,109.80482766425867,,,,PENDING_AT_END
109.89999999999999,109.9316044352259,,,,PENDING_AT_END
110.25,110.30182871456893,,,,PENDING_AT_END
110.6,110.9717336993298,,,,PENDING_AT_END
110.94999999999999,111.26572630692002,,,,PENDING_AT_END
111.3,111.33215777487284,,,,PENDING_AT_END
111.64999999999999,111.6719123553285,,,,PENDING_AT_END
112.0,112.00313425838559,,,,PENDING_AT_END
112.35,112.5292188259439,,,,PENDING_AT_END
112.69999999999999,112.88369353793789,,,,PENDING_AT_END
113.05,113.42301624599513,,,,PENDING_AT_END
113.39999999999999,113.42949912122715,,,,PENDING_AT_END
113.74999999999999,114.13716898996931,,,,PENDING_AT_END
114.1,114.11218842506884,,,,PENDING_AT_END
114.44999999999999,114.63201242287698,,,,PENDING_AT_END
114.8,115.1102558470529,,,,PENDING_AT_END
115.14999999999999,115.20641511693425,,,,PENDING_AT_END
115.49999999999999,115.60608464077903,,,,PENDING_AT_END
115.85,116.08313718301125,,,,PENDING_AT_END
116.19999999999999,116.27023680559066,,,,PENDING_AT_END
116.55,116.76774529291895,,,,PENDING_AT_END
116.89999999999999,117.04193587478518,,,,PENDING_AT_END
117.24999999999999,117.58953688410956,,,,PENDING_AT_END
117.6,117.71903032539493,,,,PENDING_AT_END
117.94999999999999,118.1846619442023,,,,PENDING_AT_END
118.3,118.63897273878122,,,,PENDING_AT_END
118.64999999999999,118.8879635878451,,,,PENDING_AT_END
118.99999999999999,119.23771622777242,,,,PENDING_AT_END
119.35,119.64237362529278,,,,PENDING_AT_END
119.69999999999999,119.71050832811048,,,,PENDING_AT_END
120.05,120.25604350630344,,,,PENDING_AT_END
120.39999999999999,120.53688472029434,,,,PENDING_AT_END
120.74999999999999,121.14710519198745,,,,PENDING_AT_END
121.1,121.43547135541948,,,,PENDING_AT_END
121.44999999999999,121.75880463655227,,,,PENDING_AT_END
121.8,122.16722126165716,,,,PENDING_AT_END
122.14999999999999,122.44609371148367,,,,PENDING_AT_END
122.49999999999999,122.69776973041924,,,,PENDING_AT_END
122.85,123.13673904164324,,,,PENDING_AT_END
123.19999999999999,123.25050072685832,,,,PENDING_AT_END
123.55,123.74621458584669,,,,PENDING_AT_END
123.89999999999999,124.09838833536988,,,,PENDING_AT_END
124.24999999999999,124.6250697509736,,,,PENDING_AT_END
124.6,124.9988515661845,,,,PENDING_AT_END
124.94999999999999,125.31348934124082,,,,PENDING_AT_END
125.3,125.69144137258102,,,,PENDING_AT_END
125.64999999999999,125.95861663833672,,,,PENDING_AT_END
125.99999999999999,126.06842500800896,,,,PENDING_AT_END
126.35,126.5382165562055,,,,PENDING_AT_END
126.69999999999999,126.78161938862118,,,,PENDING_AT_END
127.05,127.35886699463806,,,,PENDING_AT_END
127.39999999999999,127.609699486174,,,,PENDING_AT_END
127.74999999999999,127.81013421835523,,,,PENDING_AT_END
128.1,128.26950053582985,,,,PENDING_AT_END
128.45,128.55840097589993,,,,PENDING_AT_END
128.79999999999998,129.02427977154187,,,,PENDING_AT_END
129.15,129.36987879104905,,,,PENDING_AT_END
129.5,129.89486432636005,,,,PENDING_AT_END
129.85,130.13850159647413,,,,PENDING_AT_END
130.2,130.23775087585136,,,,PENDING_AT_END
130.54999999999998,130.72117642945526,,,,PENDING_AT_END
130.9,131.2618637344892,,,,PENDING_AT_END
131.25,131.28222108189146,,,,PENDING_AT_END
131.6,131.68542785114354,,,,PENDING_AT_END
131.95,131.97434790315515,,,,PENDING_AT_END
132.29999999999998,132.54224351449906,,,,PENDING_AT_END
132.65,133.03268305918485,,,,PENDING_AT_END
133.0,133.25248343220937,,,,PENDING_AT_END
133.35,133.59096573353784,,,,PENDING_AT_END
133.7,133.98496885738058,,,,PENDING_AT_END
134.04999999999998,134.26393563413367,,,,PENDING_AT_END
134.39999999999998,134.43594619747483,,,,PENDING_AT_END
134.75,134.97862239604774,,,,PENDING_AT_END
135.1,135.32547800498733,,,,PENDING_AT_END
135.45,135.63988275393262,,,,PENDING_AT_END
135.79999999999998,136.0249359671876,,,,PENDING_AT_END
136.14999999999998,136.15149136097443,,,,PENDING_AT_END
136.5,136.810438925563,,,,PENDING_AT_END
136.85,136.88272559947288,,,,PENDING_AT_END
137.2,137.5165792980959,,,,PENDING_AT_END
137.54999999999998,137.67257890831266,,,,PENDING_AT_END
137.89999999999998,138.18756282872448,,,,PENDING_AT_END
138.25,138.5994019426542,,,,PENDING_AT_END
138.6,138.64432241659998,,,,PENDING_AT_END
138.95,139.11143059207524,,,,PENDING_AT_END
139.29999999999998,139.61522186802998,,,,PENDING_AT_END
139.64999999999998,139.75723439233138,,,,PENDING_AT_END
140.0,140.09742899056766,,,,PENDING_AT_END
140.35,140.38272896321453,,,,PENDING_AT_END
140.7,141.05214623692297,,,,PENDING_AT_END
141.04999999999998,141.17244652739575,,,,PENDING_AT_END
141.39999999999998,141.40746481547075,,,,PENDING_AT_END
141.75,142.00829342378188,,,,PENDING_AT_END
142.1,142.1189272453088,,,,PENDING_AT_END
142.45,142.74957236793466,,,,PENDING_AT_END
142.79999999999998,142.9357185297366,,,,PENDING_AT_END
143.14999999999998,143.50226056248692,,,,PENDING_AT_END
143.5,143.7421204004727,,,,PENDING_AT_END
143.85,143.87683447241258,,,,PENDING_AT_END
144.2,144.567280821488,,,,PENDING_AT_END
144.54999999999998,144.56024126405404,,,,PENDING_AT_END
144.89999999999998,145.1416512029063,,,,PENDING_AT_END
145.25,145.57417717146927,,,,PENDING_AT_END
145.6,145.77441636724026,,,,PENDING_AT_END
145.95,146.27633187039874,,,,PENDING_AT_END
146.29999999999998,146.45964736105444,,,,PENDING_AT_END
146.64999999999998,146.706158701805,,,,PENDING_AT_END
147.0,147.32519954224585,,,,PENDING_AT_END
147.35,147.52408485052499,,,,PENDING_AT_END
147.7,147.86260908673182,,,,PENDING_AT_END
148.04999999999998,148.12082236684543,,,,PENDING_AT_END
148.39999999999998,148.62013279991334,,,,PENDING_AT_END
148.75,149.13653055955683,,,,PENDING_AT_END
149.1,149.1570091124283,,,,PENDING_AT_END
149.45,149.45378289897826,,,,PENDING_AT_END
149.79999999999998,149.95361571625168,,,,PENDING_AT_END
150.14999999999998,150.29709297766908,,,,PENDING_AT_END
150.5,150.8185118931636,,,,PENDING_AT_END
150.85,151.0637909401145,,,,PENDING_AT_END
151.2,151.36139483947636,,,,PENDING_AT_END
151.54999999999998,151.64743823023727,,,,PENDING_AT_END
151.89999999999998,152.14890661214633,,,,PENDING_AT_END
152.25,152.58064532033717,,,,PENDING_AT_END
152.6,152.8398459468152,,,,PENDING_AT_END
152.95,152.97579186602223,,,,PENDING_AT_END
153.29999999999998,153.67827782435805,,,,PENDING_AT_END
153.64999999999998,153.7360022194428,,,,PENDING_AT_END
154.0,154.04157791767682,,,,PENDING_AT_END
154.35,154.69775689734414,,,,PENDING_AT_END
154.7,154.9812399175513,,,,PENDING_AT_END
155.04999999999998,155.2274570273805,,,,PENDING_AT_END
155.39999999999998,155.66440482669225,,,,PENDING_AT_END
155.75,155.9200959006336,,,,PENDING_AT_END
156.1,156.21016340254485,,,,PENDING_AT_END
156.45,156.59245866063497,,,,PENDING_AT_END
156.79999999999998,157.08585221997552,,,,PENDING_AT_END
157.14999999999998,157.17175793743252,,,,PENDING_AT_END
157.5,157.79334448979608,,,,PENDING_AT_END
157.85,158.13274768838656,,,,PENDING_AT_END
158.2,158.51553316700478,,,,PENDING_AT_END
158.54999999999998,158.90133891979244,,,,PENDING_AT_END
158.89999999999998,159.28425060928117,,,,PENDING_AT_END
159.25,159.49660919015236,,,,PENDING_AT_END
159.6,159.6920285536269,,,,PENDING_AT_END
159.95,160.04880907863537,,,,PENDING_AT_END
160.29999999999998,160.67261261128223,,,,PENDING_AT_END
160.64999999999998,160.8620839680646,,,,PENDING_AT_END
161.0,161.39504370400675,,,,PENDING_AT_END
161.35,161.36404684034974,,,,PENDING_AT_END
161.7,161.9983327454571,,,,PENDING_AT_END
162.04999999999998,162.15153361686035,,,,PENDING_AT_END
162.39999999999998,162.59267401088482,,,,PENDING_AT_END
162.75,163.14005116175713,,,,PENDING_AT_END
163.1,163.25126415182453,,,,PENDING_AT_END
163.45,163.8232153401491,,,,PENDING_AT_END
163.79999999999998,164.06688686364757,,,,PENDING_AT_END
164.14999999999998,164.35496078060225,,,,PENDING_AT_END
164.5,164.64393604934742,,,,PENDING_AT_END
164.85,165.08960406167554,,,,PENDING_AT_END
165.2,165.51575718549896,,,,PENDING_AT_END
165.54999999999998,165.68604694717797,,,,PENDING_AT_END
165.89999999999998,166.04220919790026,,,,PENDING_AT_END
166.25,166.43372608184342,,,,PENDING_AT_END
166.6,166.63917367617333,,,,PENDING_AT_END
166.95,167.22299226343273,,,,PENDING_AT_END
167.29999999999998,167.60203412906654,,,,PENDING_AT_END
167.64999999999998,167.82379447292743,,,,PENDING_AT_END
168.0,168.3787527328813,,,,PENDING_AT_END
168.35,168.60067081556738,,,,PENDING_AT_END
168.7,168.7534193186699,,,,PENDING_AT_END
169.04999999999998,169.10552997099975,,,,PENDING_AT_END
169.39999999999998,169.72564539326555,,,,PENDING_AT_END
169.75,169.85922596577626,,,,PENDING_AT_END
170.1,170.3359336284258,,,,PENDING_AT_END
170.45,170.81866665727966,,,,PENDING_AT_END
170.79999999999998,171.03208552424653,,,,PENDING_AT_END
171.14999999999998,171.5399090097847,,,,PENDING_AT_END
171.5,171.8840605436689,,,,PENDING_AT_END
171.85,172.1142109777522,,,,PENDING_AT_END
172.2,172.38432304614696,,,,PENDING_AT_END
172.54999999999998,172.82153951966947,,,,PENDING_AT_END
172.89999999999998,173.1475059375117,,,,PENDING_AT_END
173.25,173.59130507945775,,,,PENDING_AT_END
173.6,173.81654154282793,,,,PENDING_AT_END
173.95,174.02710025247927,,,,PENDING_AT_END
174.29999999999998,174.3955719032551,,,,PENDING_AT_END
174.64999999999998,175.00191357218733,,,,PENDING_AT_END
175.0,175.3833201065229,,,,PENDING_AT_END
175.35,175.48470114602438,,,,PENDING_AT_END
175.7,175.75666178646668,,,,PENDING_AT_END
176.04999999999998,176.29324767514854,,,,PENDING_AT_END
176.39999999999998,176.6598488426299,,,,PENDING_AT_END
176.75,177.00246511400815,,,,PENDING_AT_END
177.1,177.2569925765902,,,,PENDING_AT_END
177.45,177.6459125033369,,,,PENDING_AT_END
177.79999999999998,177.97031449554757,,,,PENDING_AT_END
178.14999999999998,178.4562268142671,,,,PENDING_AT_END
178.5,178.530155284667,,,,PENDING_AT_END
178.85,179.11558191524549,,,,PENDING_AT_END
179.2,179.45113039119866,,,,PENDING_AT_END
179.54999999999998,179.70640099778885,,,,PENDING_AT_END
179.89999999999998,180.2299411976557,,,,PENDING_AT_END
180.25,180.55184629663432,,,,PENDING_AT_END
180.6,180.6082702314924,,,,PENDING_AT_END
180.95,181.20769602733492,,,,PENDING_AT_END
181.29999999999998,181.38807728875574,,,,PENDING_AT_END
181.64999999999998,181.93376917661254,,,,PENDING_AT_END
182.0,182.05109878371417,,,,PENDING_AT_END
182.35,182.55846547980528,,,,PENDING_AT_END
182.7,182.83067652839355,,,,PENDING_AT_END
183.04999999999998,183.34273455884957,,,,PENDING_AT_END
183.39999999999998,183.40496060982372,,,,PENDING_AT_END
183.75,183.97136305675167,,,,PENDING_AT_END
184.1,184.17284759785653,,,,PENDING_AT_END
184.45,184.56075936625496,,,,PENDING_AT_END
184.79999999999998,184.88056551078634,,,,PENDING_AT_END
185.14999999999998,185.41361417178086,,,,PENDING_AT_END
185.5,185.64975620274538,,,,PENDING_AT_END
185.85,186.13972827672237,,,,PENDING_AT_END
186.2,186.34643170064282,,,,PENDING_AT_END
186.54999999999998,186.59603831124608,,,,PENDING_AT_END
186.89999999999998,186.92562728580822,,,,PENDING_AT_END
187.25,187.62741324912247,,,,PENDING_AT_END
187.6,187.99156390407873,,,,PENDING_AT_END
187.95,188.34717631929982,,,,PENDING_AT_END
188.29999999999998,188.3528198967093,,,,PENDING_AT_END
188.64999999999998,188.89034114204395,,,,PENDING_AT_END
189.0,189.30057730322943,,,,PENDING_AT_END
189.35,189.49435007525685,,,,PENDING_AT_END
189.7,189.83644476729478,,,,PENDING_AT_END
190.04999999999998,190.4483629365125,,,,PENDING_AT_END
190.39999999999998,190.52457373989978,,,,PENDING_AT_END
190.75,191.07362597036519,,,,PENDING_AT_END
191.1,191.38245581309215,,,,PENDING_AT_END
191.45,191.7748837134754,,,,PENDING_AT_END
191.79999999999998,192.1580746414028,,,,PENDING_AT_END
192.14999999999998,192.18430877378518,,,,PENDING_AT_END
192.5,192.5325557960166,,,,PENDING_AT_END
192.85,193.0921381620739,,,,PENDING_AT_END
193.2,193.34549487818902,,,,PENDING_AT_END
193.54999999999998,193.82640484398902,,,,PENDING_AT_END
193.89999999999998,194.0760205593885,,,,PENDING_AT_END
194.25,194.33002669619668,,,,PENDING_AT_END
194.6,194.6169167860903,,,,PENDING_AT_END
194.95,195.15108090249248,,,,PENDING_AT_END
195.29999999999998,195.47835351772184,,,,PENDING_AT_END
195.64999999999998,195.95884123981364,,,,PENDING_AT_END
196.0,196.09875024513332,,,,PENDING_AT_END
196.35,196.57967679219402,,,,PENDING_AT_END
196.7,197.07675320574305,,,,PENDING_AT_END
197.04999999999998,197.24993513379067,,,,PENDING_AT_END
197.39999999999998,197.72594747130182,,,,PENDING_AT_END
197.75,198.0807859582843,,,,PENDING_AT_END
198.1,198.47081762599137,,,,PENDING_AT_END
198.45,198.75292895003406,,,,PENDING_AT_END
198.79999999999998,199.0845905885479,,,,PENDING_AT_END
199.14999999999998,199.5045999556511,,,,PENDING_AT_END
199.5,199.6870170258162,,,,PENDING_AT_END
199.85,200.05137538519185,,,,PENDING_AT_END
200.2,200.25526091507146,,,,PENDING_AT_END
200.54999999999998,200.76908241131062,,,,PENDING_AT_END
200.89999999999998,200.99761468135318,,,,PENDING_AT_END
201.25,201.64615086530586,,,,PENDING_AT_END
201.6,201.6589078547656,,,,PENDING_AT_END
201.95,202.1960368736962,,,,PENDING_AT_END
202.29999999999998,202.47038140716987,,,,PENDING_AT_END
202.64999999999998,203.01089878211792,,,,PENDING_AT_END
203.0,203.36165046962833,,,,PENDING_AT_END
203.35,203.4176936405593,,,,PENDING_AT_END
203.7,203.81352292028396,,,,PENDING_AT_END
204.04999999999998,204.38931372716033,,,,PENDING_AT_END
204.39999999999998,204.5982713975389,,,,PENDING_AT_END
204.75,205.00527857878194,,,,PENDING_AT_END
205.1,205.16618516008882,,,,PENDING_AT_END
205.45,205.72411386725133,,,,PENDING_AT_END
205.79999999999998,205.8074013237747,,,,PENDING_AT_END
206.14999999999998,206.25910980681175,,,,PENDING_AT_END
206.5,206.64018554817017,,,,PENDING_AT_END
206.85,206.9323512171446,,,,PENDING_AT_END
207.2,207.38346719500367,,,,PENDING_AT_END
207.54999999999998,207.80721953187557,,,,PENDING_AT_END
207.89999999999998,207.9776698988976,,,,PENDING_AT_END
208.25,208.3197049104424,,,,PENDING_AT_END
208.6,208.95830394742947,,,,PENDING_AT_END
208.95,209.18775719353988,,,,PENDING_AT_END
209.29999999999998,209.33858070777947,,,,PENDING_AT_END
209.64999999999998,209.86651234140288,,,,PENDING_AT_END
210.0,210.34923288780925,,,,PENDING_AT_END
210.35,210.74986708253059,,,,PENDING_AT_END
210.7,211.0245634758951,,,,PENDING_AT_END
211.04999999999998,211.15601653155508,,,,PENDING_AT_END
211.39999999999998,211.405368753924,,,,PENDING_AT_END
211.75,212.0061634885388,,,,PENDING_AT_END
212.1,212.28307037497487,,,,PENDING_AT_END
212.45,212.67795264710549,,,,PENDING_AT_END
212.79999999999998,213.05343203624622,,,,PENDING_AT_END
213.14999999999998,213.39705808128446,,,,PENDING_AT_END
213.5,213.5395283991864,,,,PENDING_AT_END
213.85,214.15163848594065,,,,PENDING_AT_END
214.2,214.23226136094814,,,,PENDING_AT_END
214.54999999999998,214.94970685231564,,,,PENDING_AT_END
214.89999999999998,215.17009399587425,,,,PENDING_AT_END
215.25,215.2645224191735,,,,PENDING_AT_END
215.6,215.85592756399055,,,,PENDING_AT_END
215.95,216.31046555830375,,,,PENDING_AT_END
216.29999999999998,216.37580959590915,,,,PENDING_AT_END
216.64999999999998,216.92091968536192,,,,PENDING_AT_END
217.0,217.19108681478457,,,,PENDING_AT_END
217.35,217.36881621197008,,,,PENDING_AT_END
217.7,217.8847393153809,,,,PENDING_AT_END
218.04999999999998,218.08487588795546,,,,PENDING_AT_END
218.39999999999998,218.4698576638982,,,,PENDING_AT_END
218.75,218.89161182625588,,,,PENDING_AT_END
219.1,219.49890878794847,,,,PENDING_AT_END
219.45,219.48995248628194,,,,PENDING_AT_END
219.79999999999998,220.1398185585359,,,,PENDING_AT_END
220.14999999999998,220.17281104106007,,,,PENDING_AT_END
220.5,220.73468843341345,,,,PENDING_AT_END
220.85,221.10520782947813,,,,PENDING_AT_END
221.2,221.5702963631423,,,,PENDING_AT_END
221.54999999999998,221.7204949596797,,,,PENDING_AT_END
221.89999999999998,222.15702853493474,,,,PENDING_AT_END
222.25,222.27043780701416,,,,PENDING_AT_END
222.6,222.74579830099995,,,,PENDING_AT_END
222.95,222.96782336375202,,,,PENDING_AT_END
223.29999999999998,223.60633999606912,,,,PENDING_AT_END
223.64999999999998,224.04197304563905,,,,PENDING_AT_END
224.0,224.051201021596,,,,PENDING_AT_END
224.35,224.67199404222052,,,,PENDING_AT_END
224.7,225.06125732073707,,,,PENDING_AT_END
225.04999999999998,225.1177688632694,,,,PENDING_AT_END
225.39999999999998,225.69909779224605,,,,PENDING_AT_END
225.74999999999997,226.1376537535963,,,,PENDING_AT_END
226.1,226.2188457614561,,,,PENDING_AT_END
226.45,226.53281339099897,,,,PENDING_AT_END
226.79999999999998,227.01898171354773,,,,PENDING_AT_END
227.14999999999998,227.54237811113666,,,,PENDING_AT_END
227.49999999999997,227.56683582075007,,,,PENDING_AT_END
227.85,228.03943837928372,,,,PENDING_AT_END
228.2,228.3072961862407,,,,PENDING_AT_END
228.54999999999998,228.59044326209195,,,,PENDING_AT_END
228.89999999999998,229.29506423639435,,,,PENDING_AT_END
229.24999999999997,229.62678353903462,,,,PENDING_AT_END
229.6,229.69980832283713,,,,PENDING_AT_END
229.95,230.04907892526148,,,,PENDING_AT_END
230.29999999999998,230.6791751620415,,,,PENDING_AT_END
230.64999999999998,230.67771357942553,,,,PENDING_AT_END
230.99999999999997,231.0831840084456,,,,PENDING_AT_END
231.35,231.68954032840637,,,,PENDING_AT_END
231.7,231.80996893507972,,,,PENDING_AT_END
232.04999999999998,232.28773337502125,,,,PENDING_AT_END
232.39999999999998,232.44978897980826,,,,PENDING_AT_END
232.74999999999997,232.76111826934616,,,,PENDING_AT_END
233.1,233.1428937362576,,,,PENDING_AT_END
233.45,233.4919299464275,,,,PENDING_AT_END
233.79999999999998,234.19877790675176,,,,PENDING_AT_END
234.14999999999998,234.53912816311185,,,,PENDING_AT_END
234.49999999999997,234.5101466635917,,,,PENDING_AT_END
234.85,235.09511396846435,,,,PENDING_AT_END
235.2,235.574537421459,,,,PENDING_AT_END
235.54999999999998,235.8538059560274,,,,PENDING_AT_END
235.89999999999998,235.91104727587367,,,,PENDING_AT_END
236.24999999999997,236.6407719276044,,,,PENDING_AT_END
236.6,236.98092350681955,,,,PENDING_AT_END
236.95,237.3078621292364,,,,PENDING_AT_END
237.29999999999998,237.55993777915504,,,,PENDING_AT_END
237.64999999999998,237.8854704817624,,,,PENDING_AT_END
237.99999999999997,238.0912838826463,,,,PENDING_AT_END
238.35,238.54246333354106,,,,PENDING_AT_END
238.7,238.94114451194645,,,,PENDING_AT_END
239.04999999999998,239.14802917405595,,,,PENDING_AT_END
239.39999999999998,239.70556498275727,,,,PENDING_AT_END
239.74999999999997,239.92312614565398,,,,PENDING_AT_END
240.1,240.376013774045,,,,PENDING_AT_END
240.45,240.74896741075196,,,,PENDING_AT_END
240.79999999999998,240.8122230393636,,,,PENDING_AT_END
241.14999999999998,241.53393834265898,,,,PENDING_AT_END
241.49999999999997,241.85983719727105,,,,PENDING_AT_END
241.85,242.1874434971689,,,,PENDING_AT_END
242.2,242.45875649285722,,,,PENDING_AT_END
242.54999999999998,242.9013291388508,,,,PENDING_AT_END
242.89999999999998,242.97562855447842,,,,PENDING_AT_END
243.24999999999997,243.6012337870708,,,,PENDING_AT_END
243.6,243.61792770166292,,,,PENDING_AT_END
243.95,244.24532926128194,,,,PENDING_AT_END
244.29999999999998,244.69288552719834,,,,PENDING_AT_END
244.64999999999998,244.81355354632535,,,,PENDING_AT_END
244.99999999999997,245.00486669414383,,,,PENDING_AT_END
245.35,245.7329787373521,,,,PENDING_AT_END
245.7,245.88137513636337,,,,PENDING_AT_END
246.04999999999998,246.19111826804144,,,,PENDING_AT_END
246.39999999999998,246.4250311915692,,,,PENDING_AT_END
246.74999999999997,247.03172051065465,,,,PENDING_AT_END
247.1,247.4626067405837,,,,PENDING_AT_END
247.45,247.84413338307968,,,,PENDING_AT_END
247.79999999999998,247.8752328026121,,,,PENDING_AT_END
248.14999999999998,248.26590610129034,,,,PENDING_AT_END
248.49999999999997,248.67229896113267,,,,PENDING_AT_END
248.85,248.87039453517966,,,,PENDING_AT_END
249.2,249.35153206553548,,,,PENDING_AT_END
249.54999999999998,249.62829525401642,,,,PENDING_AT_END
249.89999999999998,250.00534418815744,,,,PENDING_AT_END
250.24999999999997,250.57150644251183,,,,PENDING_AT_END
250.6,250.741309996259,,,,PENDING_AT_END
250.95,251.34881430969966,,,,PENDING_AT_END
251.29999999999998,251.6593862185671,,,,PENDING_AT_END
251.64999999999998,251.86975069179323,,,,PENDING_AT_END
251.99999999999997,252.06081524789883,,,,PENDING_AT_END
252.35,252.696957972845,,,,PENDING_AT_END
252.7,252.74013061284734,,,,PENDING_AT_END
253.04999999999998,253.06295200387197,,,,PENDING_AT_END
253.39999999999998,253.45050250778337,,,,PENDING_AT_END
253.74999999999997,254.11999546976082,,,,PENDING_AT_END
254.1,254.2146537901805,,,,PENDING_AT_END
254.45,254.63251813854203,,,,PENDING_AT_END
254.79999999999998,255.15933723570632,,,,PENDING_AT_END
255.14999999999998,255.26343650648425,,,,PENDING_AT_END
255.49999999999997,255.72227913311914,,,,PENDING_AT_END
255.85,255.90066035623252,,,,PENDING_AT_END
256.2,256.35168941524506,,,,PENDING_AT_END
256.55,256.61229263407864,,,,PENDING_AT_END
256.9,257.2725610227594,,,,PENDING_AT_END
257.25,257.5158469142485,,,,PENDING_AT_END
257.59999999999997,257.8510472724411,,,,PENDING_AT_END
257.95,258.0840592199475,,,,PENDING_AT_END
258.3,258.45941945985277,,,,PENDING_AT_END
258.65,258.8109867903181,,,,PENDING_AT_END
259.0,259.1009618421049,,,,PENDING_AT_END
259.34999999999997,259.7062154158718,,,,PENDING_AT_END
259.7,259.8283012786956,,,,PENDING_AT_END
260.05,260.4259050960313,,,,PENDING_AT_END
260.4,260.79452822065093,,,,PENDING_AT_END
260.75,260.8551469753138,,,,PENDING_AT_END
261.09999999999997,261.34022645563806,,,,PENDING_AT_END
261.45,261.6682098574349,,,,PENDING_AT_END
261.8,262.0518825765342,,,,PENDING_AT_END
262.15,262.38594523215147,,,,PENDING_AT_END
262.5,262.85329681786845,,,,PENDING_AT_END
262.84999999999997,262.9113260055936,,,,PENDING_AT_END
263.2,263.4428794313363,,,,PENDING_AT_END
263.55,263.81148232534287,,,,PENDING_AT_END
263.9,264.1070741076569,,,,PENDING_AT_END
264.25,264.4047049471434,,,,PENDING_AT_END
264.59999999999997,264.84318132561594,,,,PENDING_AT_END
264.95,265.0848160114953,,,,PENDING_AT_END
265.3,265.32185212379767,,,,PENDING_AT_END
265.65,266.0496828425423,,,,PENDING_AT_END
266.0,266.09761868529404,,,,PENDING_AT_END
266.34999999999997,266.628348509858,,,,PENDING_AT_END
266.7,266.74815783111984,,,,PENDING_AT_END
267.05,267.3657871752379,,,,PENDING_AT_END
267.4,267.48738619105245,,,,PENDING_AT_END
267.75,267.90918503736066,,,,PENDING_AT_END
268.09999999999997,268.4976078178036,,,,PENDING_AT_END
268.45,268.6012252708601,,,,PENDING_AT_END
268.79999999999995,268.8432844916416,,,,PENDING_AT_END
269.15,269.2044924057959,,,,PENDING_AT_END
269.5,269.7716127855432,,,,PENDING_AT_END
269.84999999999997,270.01304705690205,,,,PENDING_AT_END
270.2,270.3017912930906,,,,PENDING_AT_END
270.54999999999995,270.7227378521503,,,,PENDING_AT_END
270.9,271.10745379897855,,,,PENDING_AT_END
271.25,271.47667158926345,,,,PENDING_AT_END
271.59999999999997,271.8238400245612,,,,PENDING_AT_END
271.95,272.07158146218484,,,,PENDING_AT_END
272.29999999999995,272.5613035876397,,,,PENDING_AT_END
272.65,272.707531442511,,,,PENDING_AT_END
273.0,273.309050902408,,,,PENDING_AT_END
273.34999999999997,273.42608620752577,,,,PENDING_AT_END
273.7,273.80281484129586,,,,PENDING_AT_END
274.04999999999995,274.1481485701913,,,,PENDING_AT_END
274.4,274.6688679880897,,,,PENDING_AT_END
274.75,275.04783608660944,,,,PENDING_AT_END
275.09999999999997,275.20128576212204,,,,PENDING_AT_END
275.45,275.6486001054387,,,,PENDING_AT_END
275.79999999999995,275.912201010353,,,,PENDING_AT_END
276.15,276.50364345725416,,,,PENDING_AT_END
276.5,276.5360680307938,,,,PENDING_AT_END
276.84999999999997,277.2431965340151,,,,PENDING_AT_END
277.2,277.2564572744612,,,,PENDING_AT_END
277.54999999999995,277.8995404969519,,,,PENDING_AT_END
277.9,278.18187136290885,,,,PENDING_AT_END
278.25,278.4392386991349,,,,PENDING_AT_END
278.59999999999997,278.86591081546777,,,,PENDING_AT_END
278.95,279.09088864549557,,,,PENDING_AT_END
279.29999999999995,279.38530637242775,,,,PENDING_AT_END
279.65,279.90046709847013,,,,PENDING_AT_END
280.0,280.3978031555994,,,,PENDING_AT_END
280.34999999999997,280.3920161858186,,,,PENDING_AT_END
280.7,281.05214984717435,,,,PENDING_AT_END
281.04999999999995,281.27244955420156,,,,PENDING_AT_END
281.4,281.71550391889355,,,,PENDING_AT_END
281.75,281.8981381960657,,,,PENDING_AT_END
282.09999999999997,282.21761529134477,,,,PENDING_AT_END
282.45,282.58504900395343,,,,PENDING_AT_END
282.79999999999995,282.81255236642687,,,,PENDING_AT_END
283.15,283.21871938026015,,,,PENDING_AT_END
283.5,283.556548717832,,,,PENDING_AT_END
283.84999999999997,284.18923995888196,,,,PENDING_AT_END
284.2,284.3574588102228,,,,PENDING_AT_END
284.54999999999995,284.7971394045427,,,,PENDING_AT_END
284.9,285.14698138683605,,,,PENDING_AT_END
285.25,285.39363005172004,,,,PENDING_AT_END
285.59999999999997,285.64110442743373,,,,PENDING_AT_END
285.95,285.9910330417785,,,,PENDING_AT_END
286.29999999999995,286.38101783877187,,,,PENDING_AT_END
286.65,287.00766159320165,,,,PENDING_AT_END
287.0,287.14959527817075,,,,PENDING_AT_END
287.34999999999997,287.58628536325494,,,,PENDING_AT_END
287.7,288.0813097530716,,,,PENDING_AT_END
288.04999999999995,288.22561267313154,,,,PENDING_AT_END
288.4,288.4827403037824,,,,PENDING_AT_END
288.75,288.78756636075593,,,,PENDING_AT_END
289.09999999999997,289.4883700381353,,,,PENDING_AT_END
289.45,289.70661468816496,,,,PENDING_AT_END
289.79999999999995,289.8249302443197,,,,PENDING_AT_END
290.15,290.4643301597413,,,,PENDING_AT_END
290.5,290.7475756616383,,,,PENDING_AT_END
290.84999999999997,290.9727880813621,,,,PENDING_AT_END
291.2,291.25292533447265,,,,PENDING_AT_END
291.54999999999995,291.69941812589684,,,,PENDING_AT_END
291.9,292.24213912532343,,,,PENDING_AT_END
292.25,292.552391801235,,,,PENDING_AT_END
292.59999999999997,292.98715789211434,,,,PENDING_AT_END
292.95,292.99525987316457,,,,PENDING_AT_END
293.29999999999995,293.5188689974641,,,,PENDING_AT_END
293.65,293.87937985011956,,,,PENDING_AT_END
294.0,294.062767928354,,,,PENDING_AT_END
294.34999999999997,294.54018437837027,,,,PENDING_AT_END
294.7,294.735051853018,,,,PENDING_AT_END
295.04999999999995,295.19200728471014,,,,PENDING_AT_END
295.4,295.6459696886076,,,,PENDING_AT_END
295.75,295.9473084096303,,,,PENDING_AT_END
296.09999999999997,296.35091851549026,,,,PENDING_AT_END
296.45,296.756782163478,,,,PENDING_AT_END
296.79999999999995,297.00880155262166,,,,PENDING_AT_END
297.15,297.1583159843407,,,,PENDING_AT_END
297.5,297.7776114675012,,,,PENDING_AT_END
297.84999999999997,297.8584838654959,,,,PENDING_AT_END
298.2,298.5434072317217,,,,PENDING_AT_END
298.54999999999995,298.58509477512337,,,,PENDING_AT_END
298.9,299.0441296747465,,,,PENDING_AT_END
299.25,299.56818156587246,,,,PENDING_AT_END
299.59999999999997,299.90989166233686,,,,PENDING_AT_END
299.95,300.10799894866824,,,,PENDING_AT_END
300.29999999999995,300.62948648048143,,,,PENDING_AT_END
300.65,300.7992011128201,,,,PENDING_AT_END
301.0,301.0036024533887,,,,PENDING_AT_END
301.34999999999997,301.63165873101656,,,,PENDING_AT_END
301.7,302.0531369964679,,,,PENDING_AT_END
302.04999999999995,302.0963662011219,,,,PENDING_AT_END
302.4,302.7007151812121,,,,PENDING_AT_END
302.75,302.7617047846543,,,,PENDING_AT_END
303.09999999999997,303.4230517811664,,,,PENDING_AT_END
303.45,303.80467147336714,,,,PENDING_AT_END
303.79999999999995,303.87047801503275,,,,PENDING_AT_END
304.15,304.203007828493,,,,PENDING_AT_END
304.5,304.71024795510334,,,,PENDING_AT_END
304.84999999999997,304.9950207488237,,,,PENDING_AT_END
305.2,305.5908138776867,,,,PENDING_AT_END
305.54999999999995,305.7222542738293,,,,PENDING_AT_END
305.9,306.10050544916567,,,,PENDING_AT_END
306.25,306.2502639553502,,,,PENDING_AT_END
306.59999999999997,306.9579834602444,,,,PENDING_AT_END
306.95,307.2311014057614,,,,PENDING_AT_END
307.29999999999995,307.46549363680117,,,,PENDING_AT_END
307.65,307.9032006724741,,,,PENDING_AT_END
308.0,308.0508857394094,,,,PENDING_AT_END
308.34999999999997,308.37579024245616,,,,PENDING_AT_END
308.7,309.095686929882,,,,PENDING_AT_END
309.04999999999995,309.22002708303046,,,,PENDING_AT_END
309.4,309.55073296183673,,,,PENDING_AT_END
309.75,310.05973678682915,,,,PENDING_AT_END
310.09999999999997,310.2808083834644,,,,PENDING_AT_END
310.45,310.6484226854074,,,,PENDING_AT_END
310.79999999999995,311.0613722284709,,,,PENDING_AT_END
311.15,311.22488423876723,,,,PENDING_AT_END
311.5,311.8421697278437,,,,PENDING_AT_END
311.84999999999997,312.07784162645777,,,,PENDING_AT_END
312.2,312.4920847214432,,,,PENDING_AT_END
312.54999999999995,312.80396625001947,,,,PENDING_AT_END
312.9,313.1297226293739,,,,PENDING_AT_END
313.25,313.48277895429635,,,,PENDING_AT_END
313.59999999999997,313.6252447134328,,,,PENDING_AT_END
313.95,314.1981678465066,,,,PENDING_AT_END
314.29999999999995,314.40136748408634,,,,PENDING_AT_END
314.65,315.00351343850093,,,,PENDING_AT_END
315.0,315.19008462877775,,,,PENDING_AT_END
315.34999999999997,315.3965506415681,,,,PENDING_AT_END
315.7,316.0738188428905,,,,PENDING_AT_END
316.04999999999995,316.22875548384127,,,,PENDING_AT_END
316.4,316.5956863580633,,,,PENDING_AT_END
316.75,316.8179661061472,,,,PENDING_AT_END
317.09999999999997,317.3622992312923,,,,PENDING_AT_END
317.45,317.7735170679985,,,,PENDING_AT_END
317.79999999999995,318.12488674187637,,,,PENDING_AT_END
318.15,318.38722864725264,,,,PENDING_AT_END
318.5,318.7679774429937,,,,PENDING_AT_END
318.84999999999997,319.0051979828307,,,,PENDING_AT_END
319.2,319.37332772632425,,,,PENDING_AT_END
319.54999999999995,319.589776359289,,,,PENDING_AT_END
319.9,320.2113003357276,,,,PENDING_AT_END
320.25,320.4850460852175,,,,PENDING_AT_END
320.59999999999997,320.6136304940848,,,,PENDING_AT_END
320.95,320.9886472629117,,,,PENDING_AT_END
321.29999999999995,321.5269139936361,,,,PENDING_AT_END
321.65,321.7144809921782,,,,PENDING_AT_END
322.0,322.3725762027376,,,,PENDING_AT_END
322.34999999999997,322.6644164507589,,,,PENDING_AT_END
322.7,322.862987345319,,,,PENDING_AT_END
323.04999999999995,323.21288862961967,,,,PENDING_AT_END
323.4,323.4830032932397,,,,PENDING_AT_END
323.75,323.8415329473954,,,,PENDING_AT_END
324.09999999999997,324.16475657941265,,,,PENDING_AT_END
324.45,324.80144837575807,,,,PENDING_AT_END
324.79999999999995,325.0417678879455,,,,PENDING_AT_END
325.15,325.2997648892905,,,,PENDING_AT_END
325.5,325.73579469324557,,,,PENDING_AT_END
325.84999999999997,325.9225219614604,,,,PENDING_AT_END
326.2,326.3573648764521,,,,PENDING_AT_END
326.54999999999995,326.8630466548109,,,,PENDING_AT_END
326.9,327.1632496553823,,,,PENDING_AT_END
327.25,327.51312296764695,,,,PENDING_AT_END
327.59999999999997,327.97282937109895,,,,PENDING_AT_END
327.95,328.2375968382483,,,,PENDING_AT_END
328.29999999999995,328.428746360853,,,,PENDING_AT_END
328.65,328.9861331678958,,,,PENDING_AT_END
329.0,329.365673083679,,,,PENDING_AT_END
329.34999999999997,329.4376678358623,,,,PENDING_AT_END
329.7,329.95147755135764,,,,PENDING_AT_END
330.04999999999995,330.1948369953782,,,,PENDING_AT_END
330.4,330.7604989555849,,,,PENDING_AT_END
330.75,331.12133799550145,,,,PENDING_AT_END
331.09999999999997,331.4950949436156,,,,PENDING_AT_END
331.45,331.4592540324813,,,,PENDING_AT_END
331.79999999999995,331.83676943253477,,,,PENDING_AT_END
332.15,332.42689940147477,,,,PENDING_AT_END
332.5,332.5486080068579,,,,PENDING_AT_END
332.84999999999997,332.86587841931913,,,,PENDING_AT_END
333.2,333.5231955657293,,,,PENDING_AT_END
333.54999999999995,333.7440157204851,,,,PENDING_AT_END
333.9,333.9946656251259,,,,PENDING_AT_END
334.25,334.3426883115146,,,,PENDING_AT_END
334.59999999999997,334.9270102471971,,,,PENDING_AT_END
334.95,335.25036784183936,,,,PENDING_AT_END
335.29999999999995,335.4974524686936,,,,PENDING_AT_END
335.65,335.7823313863204,,,,PENDING_AT_END
336.0,336.0682285302273,,,,PENDING_AT_END
336.34999999999997,336.56539888611104,,,,PENDING_AT_END
336.7,337.0225249267659,,,,PENDING_AT_END
337.04999999999995,337.269703714805,,,,PENDING_AT_END
337.4,337.4879748894608,,,,PENDING_AT_END
337.75,337.97061160553073,,,,PENDING_AT_END
338.09999999999997,338.40768057401846,,,,PENDING_AT_END
338.45,338.57784611256585,,,,PENDING_AT_END
338.79999999999995,339.140036851426,,,,PENDING_AT_END
339.15,339.361681482982,,,,PENDING_AT_END
339.5,339.75740934047553,,,,PENDING_AT_END
339.84999999999997,340.1932555744161,,,,PENDING_AT_END
340.2,340.2058546387405,,,,PENDING_AT_END
340.54999999999995,340.70680652935744,,,,PENDING_AT_END
340.9,341.2917419964102,,,,PENDING_AT_END
341.25,341.55508387239036,,,,PENDING_AT_END
341.59999999999997,341.95034926125646,,,,PENDING_AT_END
341.95,342.2789448536842,,,,PENDING_AT_END
342.29999999999995,342.6117360041569,,,,PENDING_AT_END
342.65,342.72227401026726,,,,PENDING_AT_END
343.0,343.17337465751416,,,,PENDING_AT_END
343.34999999999997,343.3902607841413,,,,PENDING_AT_END
343.7,343.7119216380291,,,,PENDING_AT_END
344.04999999999995,344.3053307822428,,,,PENDING_AT_END
344.4,344.5674610626271,,,,PENDING_AT_END
344.75,344.9143519585381,,,,PENDING_AT_END
345.09999999999997,345.23670970980453,,,,PENDING_AT_END
345.45,345.6554787016659,,,,PENDING_AT_END
345.79999999999995,346.02785847235464,,,,PENDING_AT_END
346.15,346.27929606589555,,,,PENDING_AT_END
346.5,346.8057498846226,,,,PENDING_AT_END
346.84999999999997,347.10961221710505,,,,PENDING_AT_END
347.2,347.3047718908743,,,,PENDING_AT_END
347.54999999999995,347.83042241666374,,,,PENDING_AT_END
347.9,348.00210085968274,,,,PENDING_AT_END
348.25,348.34566453417244,,,,PENDING_AT_END
348.59999999999997,348.62230321462965,,,,PENDING_AT_END
348.95,349.04143111732907,,,,PENDING_AT_END
349.29999999999995,349.36768607768533,,,,PENDING_AT_END
349.65,349.9542270115095,,,,PENDING_AT_END
350.0,350.2348718693087,,,,PENDING_AT_END
350.34999999999997,350.4919055605147,,,,PENDING_AT_END
350.7,350.7968037488793,,,,PENDING_AT_END
351.04999999999995,351.4200577642267,,,,PENDING_AT_END
351.4,351.50113098492443,,,,PENDING_AT_END
351.75,351.9082816281293,,,,PENDING_AT_END
352.09999999999997,352.4153021734009,,,,PENDING_AT_END
352.45,352.57541106410923,,,,PENDING_AT_END
352.79999999999995,353.0347080275196,,,,PENDING_AT_END
353.15,353.49706579723556,,,,PENDING_AT_END
353.5,353.58710012006645,,,,PENDING_AT_END
353.84999999999997,354.2376934865478,,,,PENDING_AT_END
354.2,354.351611655982,,,,PENDING_AT_END
354.54999999999995,354.695969730039,,,,PENDING_AT_END
354.9,355.13131521485207,,,,PENDING_AT_END
355.25,355.27658237198386,,,,PENDING_AT_END
355.59999999999997,355.75603332961515,,,,PENDING_AT_END
355.95,356.0864221102691,,,,PENDING_AT_END
356.29999999999995,356.6065818448179,,,,PENDING_AT_END
356.65,356.89994501551644,,,,PENDING_AT_END
357.0,357.2538103118061,,,,PENDING_AT_END
357.34999999999997,357.46815998998323,,,,PENDING_AT_END
357.7,358.0649717054467,,,,PENDING_AT_END
358.04999999999995,358.41218992054564,,,,PENDING_AT_END
358.4,358.5177945969358,,,,PENDING_AT_END
358.75,358.8793469208181,,,,PENDING_AT_END
359.09999999999997,359.4851910017322,,,,PENDING_AT_END
359.45,359.687887681183,,,,PENDING_AT_END
359.79999999999995,359.92336428692636,,,,PENDING_AT_END
360.15,360.4769908576893,,,,PENDING_AT_END
360.5,360.8439928179382,,,,PENDING_AT_END
360.84999999999997,360.9455450364423,,,,PENDING_AT_END
361.2,361.5909990876111,,,,PENDING_AT_END
361.54999999999995,361.9448189875652,,,,PENDING_AT_END
361.9,362.0363940583961,,,,PENDING_AT_END
362.25,362.5578549792391,,,,PENDING_AT_END
362.59999999999997,362.91611864938665,,,,PENDING_AT_END
362.95,362.99148558459325,,,,PENDING_AT_END
363.29999999999995,363.6389849277724,,,,PENDING_AT_END
363.65,364.0480878435127,,,,PENDING_AT_END
364.0,364.08755781246043,,,,PENDING_AT_END
364.34999999999997,364.7359042721743,,,,PENDING_AT_END
364.7,365.03715339296815,,,,PENDING_AT_END
365.04999999999995,365.2184321228833,,,,PENDING_AT_END
365.4,365.6291149619867,,,,PENDING_AT_END
365.75,366.02638646179525,,,,PENDING_AT_END
366.09999999999997,366.42351669198086,,,,PENDING_AT_END
366.45,366.48114544618824,,,,PENDING_AT_END
366.79999999999995,366.82952182057784,,,,PENDING_AT_END
367.15,367.3650698769085,,,,PENDING_AT_END
367.5,367.69702160398276,,,,PENDING_AT_END
367.84999999999997,367.93146591521366,,,,PENDING_AT_END
368.2,368.42537449715513,,,,PENDING_AT_END
368.54999999999995,368.8393399328454,,,,PENDING_AT_END
368.9,368.9277152890836,,,,PENDING_AT_END
369.25,369.4649374261794,,,,PENDING_AT_END
369.59999999999997,369.6371440965402,,,,PENDING_AT_END
369.95,370.29899693088277,,,,PENDING_AT_END
370.29999999999995,370.6301353026399,,,,PENDING_AT_END
370.65,370.9654676819878,,,,PENDING_AT_END
371.0,371.0843724038464,,,,PENDING_AT_END
371.34999999999997,371.676336767133,,,,PENDING_AT_END
371.7,371.9710966928099,,,,PENDING_AT_END
372.04999999999995,372.17416127337174,,,,PENDING_AT_END
372.4,372.7767734680191,,,,PENDING_AT_END
372.75,373.10599507112306,,,,PENDING_AT_END
373.09999999999997,373.2042542785826,,,,PENDING_AT_END
373.45,373.6989763467555,,,,PENDING_AT_END
373.79999999999995,373.8810297996978,,,,PENDING_AT_END
374.15,374.2367521849908,,,,PENDING_AT_END
374.5,374.8658479304887,,,,PENDING_AT_END
374.84999999999997,375.0035741862361,,,,PENDING_AT_END
375.2,375.59867313207116,,,,PENDING_AT_END
375.54999999999995,375.71083340288374,,,,PENDING_AT_END
375.9,376.05790633202787,,,,PENDING_AT_END
376.25,376.512310778336,,,,PENDING_AT_END
376.59999999999997,376.6110283997909,,,,PENDING_AT_END
376.95,377.31066564391637,,,,PENDING_AT_END
377.29999999999995,377.6954396759221,,,,PENDING_AT_END
377.65,377.9024074509264,,,,PENDING_AT_END
378.0,378.19503028654515,,,,PENDING_AT_END
378.34999999999997,378.5887017935865,,,,PENDING_AT_END
378.7,378.82481108767917,,,,PENDING_AT_END
379.04999999999995,379.2982101876187,,,,PENDING_AT_END
379.4,379.61388662042657,,,,PENDING_AT_END
379.75,380.13535254989335,,,,PENDING_AT_END
380.09999999999997,380.14482943925617,,,,PENDING_AT_END
380.45,380.53331064845105,,,,PENDING_AT_END
380.79999999999995,380.8077987499023,,,,PENDING_AT_END
381.15,381.5466918929901,,,,PENDING_AT_END
381.5,381.88698210985433,,,,PENDING_AT_END
381.84999999999997,382.02438125753594,,,,PENDING_AT_END
382.2,382.3910357071214,,,,PENDING_AT_END
382.54999999999995,382.79767000666004,,,,PENDING_AT_END
382.9,382.96335925462154,,,,PENDING_AT_END
383.25,383.2921700282142,,,,PENDING_AT_END
383.59999999999997,383.73597235383266,,,,PENDING_AT_END
383.95,384.27162724199303,,,,PENDING_AT_END
384.29999999999995,384.52001581892773,,,,PENDING_AT_END
384.65,384.7223927156724,,,,PENDING_AT_END
385.0,385.3519324528852,,,,PENDING_AT_END
385.34999999999997,385.44693276016955,,,,PENDING_AT_END
385.7,385.98670977557396,,,,PENDING_AT_END
386.04999999999995,386.2104098628822,,,,PENDING_AT_END
386.4,386.4052611006332,,,,PENDING_AT_END
386.75,386.88998543386924,,,,PENDING_AT_END
387.09999999999997,387.27511157500027,,,,PENDING_AT_END
387.45,387.67423404125617,,,,PENDING_AT_END
387.79999999999995,387.9848363609111,,,,PENDING_AT_END
388.15,388.444287741003,,,,PENDING_AT_END
388.5,388.7079423346082,,,,PENDING_AT_END
388.84999999999997,388.97667664026693,,,,PENDING_AT_END
389.2,389.5654004269216,,,,PENDING_AT_END
389.54999999999995,389.8665543366076,,,,PENDING_AT_END
389.9,390.0746477725786,,,,PENDING_AT_END
390.25,390.3404649021402,,,,PENDING_AT_END
390.59999999999997,390.9078382914909,,,,PENDING_AT_END
390.95,391.28977855977195,,,,PENDING_AT_END
391.29999999999995,391.6337072713933,,,,PENDING_AT_END
391.65,391.7226840763982,,,,PENDING_AT_END
392.0,392.3804568257457,,,,PENDING_AT_END
392.34999999999997,392.4880909043597,,,,PENDING_AT_END
392.7,392.71728865257575,,,,PENDING_AT_END
393.04999999999995,393.200578651825,,,,PENDING_AT_END
393.4,393.47820844455964,,,,PENDING_AT_END
393.75,394.0347542004124,,,,PENDING_AT_END
394.09999999999997,394.3987289743488,,,,PENDING_AT_END
394.45,394.47715792267155,,,,PENDING_AT_END
394.79999999999995,395.02060550258716,,,,PENDING_AT_END
395.15,395.4065940286953,,,,PENDING_AT_END
395.5,395.87057798020885,,,,PENDING_AT_END
395.84999999999997,395.8815451742325,,,,PENDING_AT_END
396.2,396.37561655547967,,,,PENDING_AT_END
396.54999999999995,396.86432278640575,,,,PENDING_AT_END
396.9,397.1095867055466,,,,PENDING_AT_END
397.25,397.3841922813134,,,,PENDING_AT_END
397.59999999999997,397.6880159677958,,,,PENDING_AT_END
397.95,398.172659829256,,,,PENDING_AT_END
398.29999999999995,398.44420129285413,,,,PENDING_AT_END
398.65,399.0240510146966,,,,PENDING_AT_END
399.0,399.3498803008322,,,,PENDING_AT_END
399.34999999999997,399.661362187567,,,,PENDING_AT_END
399.7,399.97411242919424,,,,PENDING_AT_END
400.04999999999995,400.37052469454125,,,,PENDING_AT_END
400.4,400.779980053484,,,,PENDING_AT_END
400.75,401.1280811526781,,,,PENDING_AT_END
401.09999999999997,401.30125339967816,,,,PENDING_AT_END
401.45,401.69412301565836,,,,PENDING_AT_END
401.79999999999995,401.9695149934014,,,,PENDING_AT_END
402.15,402.3322513778585,,,,PENDING_AT_END
402.5,402.85847316789295,,,,PENDING_AT_END
402.84999999999997,403.2180912997447,,,,PENDING_AT_END
403.2,403.46602972526495,,,,PENDING_AT_END
403.54999999999995,403.8045076180156,,,,PENDING_AT_END
403.9,404.02534721901134,,,,PENDING_AT_END
404.25,404.4395553568737,,,,PENDING_AT_END
404.59999999999997,404.9493498374292,,,,PENDING_AT_END
404.95,404.978011261654,,,,PENDING_AT_END
405.29999999999995,405.62049729664795,,,,PENDING_AT_END
405.65,405.78363507891356,,,,PENDING_AT_END
406.0,406.184515018036,,,,PENDING_AT_END
406.34999999999997,406.6217106461457,,,,PENDING_AT_END
406.7,406.7315759717448,,,,PENDING_AT_END
407.04999999999995,407.1878545987038,,,,PENDING_AT_END
407.4,407.70679695027536,,,,PENDING_AT_END
407.75,408.11692309894147,,,,PENDING_AT_END
408.09999999999997,408.41879655392523,,,,PENDING_AT_END
408.45,408.80421253026947,,,,PENDING_AT_END
408.79999999999995,408.8262467177925,,,,PENDING_AT_END
409.15,409.45907890380715,,,,PENDING_AT_END
409.5,409.73542990867895,,,,PENDING_AT_END
409.84999999999997,410.1279652882791,,,,PENDING_AT_END
410.2,410.2562096800328,,,,PENDING_AT_END
410.54999999999995,410.5802994978345,,,,PENDING_AT_END
410.9,410.97067164055954,,,,PENDING_AT_END
411.25,411.4716055214733,,,,PENDING_AT_END
411.59999999999997,411.76736164723235,,,,PENDING_AT_END
411.95,412.0616528505604,,,,PENDING_AT_END
412.29999999999995,412.57743564711893,,,,PENDING_AT_END
412.65,412.8923750833195,,,,PENDING_AT_END
413.0,413.3748604019935,,,,PENDING_AT_END
413.34999999999997,413.6508863680203,,,,PENDING_AT_END
413.7,413.70141831853215,,,,PENDING_AT_END
414.04999999999995,414.0839791363006,,,,PENDING_AT_END
414.4,414.6085517217523,,,,PENDING_AT_END
414.75,414.87824313103533,,,,PENDING_AT_END
415.09999999999997,415.1041472977602,,,,PENDING_AT_END
415.45,415.56824554395797,,,,PENDING_AT_END
415.79999999999995,415.8477592944429,,,,PENDING_AT_END
416.15,416.32916527595603,,,,PENDING_AT_END
416.5,416.58767138557823,,,,PENDING_AT_END
416.84999999999997,417.2307552040292,,,,PENDING_AT_END
417.2,417.43554310103985,,,,PENDING_AT_END
417.54999999999995,417.8177782449724,,,,PENDING_AT_END
417.9,417.9670569411752,,,,PENDING_AT_END
418.25,418.5245010681066,,,,PENDING_AT_END
418.59999999999997,418.9213862788511,,,,PENDING_AT_END
418.95,419.20353211526736,,,,PENDING_AT_END
419.29999999999995,419.4448625222251,,,,PENDING_AT_END
419.65,419.7492181566198,,,,PENDING_AT_END
420.0,420.1792762328197,,,,PENDING_AT_END
420.34999999999997,420.43180234524283,,,,PENDING_AT_END
420.7,420.9714894553089,,,,PENDING_AT_END
421.04999999999995,421.1910077838801,,,,PENDING_AT_END
421.4,421.65049428748284,,,,PENDING_AT_END
421.75,422.1313094836121,,,,PENDING_AT_END
422.09999999999997,422.3849390530715,,,,PENDING_AT_END
422.45,422.5742789399323,,,,PENDING_AT_END
422.79999999999995,422.9891688729342,,,,PENDING_AT_END
423.15,423.5350870390828,,,,PENDING_AT_END
423.5,423.6997038503075,,,,PENDING_AT_END
423.84999999999997,424.1961352757423,,,,PENDING_AT_END
424.2,424.31842102886645,,,,PENDING_AT_END
424.54999999999995,424.61394996994045,,,,PENDING_AT_END
424.9,425.2639418181418,,,,PENDING_AT_END
425.25,425.3301659736113,,,,PENDING_AT_END
425.59999999999997,425.689195107271,,,,PENDING_AT_END
425.95,426.20012694617077,,,,PENDING_AT_END
426.29999999999995,426.58745954143706,,,,PENDING_AT_END
426.65,427.0398515853759,,,,PENDING_AT_END
427.0,427.00928565326035,,,,PENDING_AT_END
427.34999999999997,427.62711214861855,,,,PENDING_AT_END
427.7,427.9602008124751,,,,PENDING_AT_END
428.04999999999995,428.36247746295,,,,PENDING_AT_END
428.4,428.62521348061887,,,,PENDING_AT_END
428.75,429.04313115127684,,,,PENDING_AT_END
429.09999999999997,429.3131709356225,,,,PENDING_AT_END
429.45,429.55095020708467,,,,PENDING_AT_END
429.79999999999995,430.14264296633075,,,,PENDING_AT_END
430.15,430.51839082576157,,,,PENDING_AT_END
430.5,430.57997749586787,,,,PENDING_AT_END
430.84999999999997,430.945880260235,,,,PENDING_AT_END
431.2,431.29918944286595,,,,PENDING_AT_END
431.54999999999995,431.76510341416383,,,,PENDING_AT_END
431.9,431.9756153466659,,,,PENDING_AT_END
432.25,432.4498674120995,,,,PENDING_AT_END
432.59999999999997,432.97577657559685,,,,PENDING_AT_END
432.95,433.0960276120924,,,,PENDING_AT_END
433.29999999999995,433.47046393636276,,,,PENDING_AT_END
433.65,433.889147661685,,,,PENDING_AT_END
434.0,434.2338605527459,,,,PENDING_AT_END
434.34999999999997,434.61685653438093,,,,PENDING_AT_END
434.7,434.91309602998837,,,,PENDING_AT_END
435.04999999999995,435.07323689053385,,,,PENDING_AT_END
435.4,435.44856159496044,,,,PENDING_AT_END
435.75,436.1130504706764,,,,PENDING_AT_END
436.09999999999997,436.2483826746189,,,,PENDING_AT_END
436.45,436.65314861023325,,,,PENDING_AT_END
436.79999999999995,436.83209952753043,,,,PENDING_AT_END
437.15,437.3358494289116,,,,PENDING_AT_END
437.5,437.674755235666,,,,PENDING_AT_END
437.84999999999997,437.9864430406496,,,,PENDING_AT_END
438.2,438.450008198186,,,,PENDING_AT_END
438.54999999999995,438.7369461693826,,,,PENDING_AT_END
438.9,439.17923159512816,,,,PENDING_AT_END
439.25,439.47609541018323,,,,PENDING_AT_END
439.59999999999997,439.75812014741695,,,,PENDING_AT_END
439.95,440.34971431039463,,,,PENDING_AT_END
440.29999999999995,440.6571691261255,,,,PENDING_AT_END
440.65,440.69647091146953,,,,PENDING_AT_END
441.0,441.30870016480173,,,,PENDING_AT_END
441.34999999999997,441.5671377414323,,,,PENDING_AT_END
441.7,441.7641401141238,,,,PENDING_AT_END
442.04999999999995,442.0723204245015,,,,PENDING_AT_END
442.4,442.72672400447345,,,,PENDING_AT_END
442.75,443.0575931040147,,,,PENDING_AT_END
443.09999999999997,443.42126099160356,,,,PENDING_AT_END
443.45,443.58385294902445,,,,PENDING_AT_END
443.79999999999995,443.9095838791558,,,,PENDING_AT_END
444.15,444.3198786255732,,,,PENDING_AT_END
444.5,444.56114293340124,,,,PENDING_AT_END
444.84999999999997,444.9964200154722,,,,PENDING_AT_END
445.2,445.4189727682743,,,,PENDING_AT_END
445.54999999999995,445.5632402482761,,,,PENDING_AT_END
445.9,446.14383128257316,,,,PENDING_AT_END
446.25,446.6045143923924,,,,PENDING_AT_END
446.59999999999997,446.90428970998227,,,,PENDING_AT_END
446.95,446.95095116993485,,,,PENDING_AT_END
447.29999999999995,447.3463177312982,,,,PENDING_AT_END
447.65,447.72523196198927,,,,PENDING_AT_END
448.0,448.1653369910308,,,,PENDING_AT_END
448.34999999999997,448.35575017634784,,,,PENDING_AT_END
448.7,448.8629261711624,,,,PENDING_AT_END
449.04999999999995,449.4059979940098,,,,PENDING_AT_END
449.4,449.7464520993059,,,,PENDING_AT_END
449.74999999999994,450.045812147126,,,,PENDING_AT_END
450.09999999999997,450.1683982470277,,,,PENDING_AT_END
450.45,450.8488400622986,,,,PENDING_AT_END
450.79999999999995,451.0505319969427,,,,PENDING_AT_END
451.15,451.45050084396667,,,,PENDING_AT_END
451.49999999999994,451.5976433058598,,,,PENDING_AT_END
451.84999999999997,452.0437686054035,,,,PENDING_AT_END
452.2,452.52165258278336,,,,PENDING_AT_END
452.54999999999995,452.8712920364974,,,,PENDING_AT_END
452.9,453.00906770700374,,,,PENDING_AT_END
453.24999999999994,453.3041058496538,,,,PENDING_AT_END
453.59999999999997,453.73977060337023,,,,PENDING_AT_END
453.95,453.9985140028671,,,,PENDING_AT_END
454.29999999999995,454.49691975381666,,,,PENDING_AT_END
454.65,454.94936212323114,,,,PENDING_AT_END
454.99999999999994,455.0127577562375,,,,PENDING_AT_END
455.34999999999997,455.5808069083325,,,,PENDING_AT_END
455.7,455.7722388982191,,,,PENDING_AT_END
456.04999999999995,456.1418198344138,,,,PENDING_AT_END
456.4,456.55708236585315,,,,PENDING_AT_END
456.74999999999994,456.7997738850426,,,,PENDING_AT_END
457.09999999999997,457.18794889828524,,,,PENDING_AT_END
457.45,457.4519539697073,,,,PENDING_AT_END
457.79999999999995,457.9570844501062,,,,PENDING_AT_END
458.15,458.4510264667881,,,,PENDING_AT_END
458.49999999999994,458.6784334105924,,,,PENDING_AT_END
458.84999999999997,459.16760769818706,,,,PENDING_AT_END
459.2,459.5113188681882,,,,PENDING_AT_END
459.54999999999995,459.83795208799063,,,,PENDING_AT_END
459.9,459.96941504135646,,,,PENDING_AT_END
460.24999999999994,460.29622224052076,,,,PENDING_AT_END
460.59999999999997,460.8750724087453,,,,PENDING_AT_END
460.95,461.21409819307286,,,,PENDING_AT_END
461.29999999999995,461.5385317923203,,,,PENDING_AT_END
461.65,462.0091397055021,,,,PENDING_AT_END
461.99999999999994,462.24797619550503,,,,PENDING_AT_END
462.34999999999997,462.6427640035932,,,,PENDING_AT_END
462.7,462.7870240796155,,,,PENDING_AT_END
463.04999999999995,463.35181957116174,,,,PENDING_AT_END
463.4,463.54669808231836,,,,PENDING_AT_END
463.74999999999994,463.89816390062,,,,PENDING_AT_END
464.09999999999997,464.49978515531365,,,,PENDING_AT_END
464.45,464.60721418209454,,,,PENDING_AT_END
464.79999999999995,464.89641695267994,,,,PENDING_AT_END
465.15,465.2026223815037,,,,PENDING_AT_END
465.49999999999994,465.80722218730153,,,,PENDING_AT_END
465.84999999999997,465.9238228418214,,,,PENDING_AT_END
466.2,466.39429585274166,,,,PENDING_AT_END
466.54999999999995,466.7005940922652,,,,PENDING_AT_END
466.9,467.11685353709163,,,,PENDING_AT_END
467.24999999999994,467.49340452769326,,,,PENDING_AT_END
467.59999999999997,467.90619653840116,,,,PENDING_AT_END
467.95,468.0831575522852,,,,PENDING_AT_END
468.29999999999995,468.50604818490694,,,,PENDING_AT_END
468.65,468.83209142589635,,,,PENDING_AT_END
468.99999999999994,469.2196191120318,,,,PENDING_AT_END
469.34999999999997,469.52142485335486,,,,PENDING_AT_END
469.7,469.7814126728436,,,,PENDING_AT_END
470.04999999999995,470.2953569763371,,,,PENDING_AT_END
470.4,470.7463954268602,,,,PENDING_AT_END
470.74999999999994,471.07254474755365,,,,PENDING_AT_END
471.09999999999997,471.29969363327785,,,,PENDING_AT_END
471.45,471.5452174220963,,,,PENDING_AT_END
471.79999999999995,472.00960180105767,,,,PENDING_AT_END
472.15,472.329389361581,,,,PENDING_AT_END
472.49999999999994,472.5543777353054,,,,PENDING_AT_END
472.84999999999997,473.1719520853558,,,,PENDING_AT_END
473.2,473.52549711177045,,,,PENDING_AT_END
473.54999999999995,473.94169370555244,,,,PENDING_AT_END
473.9,474.1422833759759,,,,PENDING_AT_END
474.24999999999994,474.4205749551482,,,,PENDING_AT_END
474.59999999999997,474.76869158061385,,,,PENDING_AT_END
474.95,474.98999210557025,,,,PENDING_AT_END
475.29999999999995,475.62198770661576,,,,PENDING_AT_END
475.65,475.79146243889943,,,,PENDING_AT_END
475.99999999999994,476.1482687456568,,,,PENDING_AT_END
476.34999999999997,476.6818169058003,,,,PENDING_AT_END
476.7,476.7509649040315,,,,PENDING_AT_END
477.04999999999995,477.4378896066212,,,,PENDING_AT_END
477.4,477.43149075926374,,,,PENDING_AT_END
477.74999999999994,478.03293287874516,,,,PENDING_AT_END
478.09999999999997,478.1512262783494,,,,PENDING_AT_END
478.45,478.5899559667276,,,,PENDING_AT_END
478.79999999999995,479.0247380117719,,,,PENDING_AT_END
479.15,479.235901372445,,,,PENDING_AT_END
479.49999999999994,479.7166961542069,,,,PENDING_AT_END
479.84999999999997,480.0270966041517,,,,PENDING_AT_END
480.2,480.31432277062623,,,,PENDING_AT_END
480.54999999999995,480.7003137932048,,,,PENDING_AT_END
480.9,481.07749848271305,,,,PENDING_AT_END
481.24999999999994,481.53165221668627,,,,PENDING_AT_END
481.59999999999997,481.878246924298,,,,PENDING_AT_END
481.95,482.24680257572237,,,,PENDING_AT_END
482.29999999999995,482.4853491138423,,,,PENDING_AT_END
482.65,482.7424286126536,,,,PENDING_AT_END
482.99999999999994,483.0849652562768,,,,PENDING_AT_END
483.34999999999997,483.72803103895177,,,,PENDING_AT_END
483.7,483.72940333813375,,,,PENDING_AT_END
484.04999999999995,484.1858823134296,,,,PENDING_AT_END
484.4,484.4370309169286,,,,PENDING_AT_END
484.74999999999994,485.0743515798776,,,,PENDING_AT_END
485.09999999999997,485.2107782176499,,,,PENDING_AT_END
485.45,485.4710582429653,,,,PENDING_AT_END
485.79999999999995,485.8781587446349,,,,PENDING_AT_END
486.15,486.2336802364574,,,,PENDING_AT_END
486.49999999999994,486.7164659774592,,,,PENDING_AT_END
486.84999999999997,487.09435664754955,,,,PENDING_AT_END
487.2,487.24499069716586,,,,PENDING_AT_END
487.54999999999995,487.6273641178793,,,,PENDING_AT_END
487.9,488.1299446099838,,,,PENDING_AT_END
488.24999999999994,488.30222071375744,,,,PENDING_AT_END
488.59999999999997,488.80156196504123,,,,PENDING_AT_END
488.95,488.9854044698462,,,,PENDING_AT_END
489.29999999999995,489.4434709679788,,,,PENDING_AT_END
489.65,489.81602227163785,,,,PENDING_AT_END
489.99999999999994,490.3467991503151,,,,PENDING_AT_END
490.34999999999997,490.68869674994136,,,,PENDING_AT_END
490.7,490.7405169814105,,,,PENDING_AT_END
491.04999999999995,491.40458848591015,,,,PENDING_AT_END
491.4,491.79837618775866,,,,PENDING_AT_END
491.74999999999994,491.9718570409439,,,,PENDING_AT_END
492.09999999999997,492.48624139896623,,,,PENDING_AT_END
492.45,492.6487401981041,,,,PENDING_AT_END
492.79999999999995,492.81518778389284,,,,PENDING_AT_END
493.15,493.2810745610492,,,,PENDING_AT_END
493.49999999999994,493.5409806454888,,,,PENDING_AT_END
493.84999999999997,494.0976734852223,,,,PENDING_AT_END
494.2,494.44294618630516,,,,PENDING_AT_END
494.54999999999995,494.6750055535924,,,,PENDING_AT_END
494.9,495.2830929763777,,,,PENDING_AT_END
495.24999999999994,495.5744242335364,,,,PENDING_AT_END
495.59999999999997,495.9241525395907,,,,PENDING_AT_END
495.95,496.24148412656376,,,,PENDING_AT_END
496.29999999999995,496.50733540663,,,,PENDING_AT_END
496.65,496.65554766277523,,,,PENDING_AT_END
496.99999999999994,497.1325499835071,,,,PENDING_AT_END
497.34999999999997,497.4721966218927,,,,PENDING_AT_END
497.7,497.8035877942577,,,,PENDING_AT_END
498.04999999999995,498.1008154987004,,,,PENDING_AT_END
498.4,498.76424771324366,,,,PENDING_AT_END
498.74999999999994,498.7552354526685,,,,PENDING_AT_END
499.09999999999997,499.1033519955093,,,,PENDING_AT_END
499.45,499.765250728577,,,,PENDING_AT_END
499.79999999999995,500.0191588931282,,,,PENDING_AT_END
500.15,500.1631222429013,,,,PENDING_AT_END
500.49999999999994,500.50432369689275,,,,PENDING_AT_END
500.84999999999997,500.8705259967857,,,,PENDING_AT_END
501.2,501.2083922826195,,,,PENDING_AT_END
501.54999999999995,501.92008212823487,,,,PENDING_AT_END
501.9,502.031964818378,,,,PENDING_AT_END
502.24999999999994,502.2904415988924,,,,PENDING_AT_END
502.59999999999997,502.9682418444706,,,,PENDING_AT_END
502.95,503.24654424654665,,,,PENDING_AT_END
503.29999999999995,503.56646272526575,,,,PENDING_AT_END
503.65,504.0253207764507,,,,PENDING_AT_END
503.99999999999994,504.31315944860324,,,,PENDING_AT_END
504.34999999999997,504.4539823266676,,,,PENDING_AT_END
504.7,504.71569015746144,,,,PENDING_AT_END
505.04999999999995,505.4041058209921,,,,PENDING_AT_END
505.4,505.6261451725387,,,,PENDING_AT_END
505.74999999999994,506.1245954230803,,,,PENDING_AT_END
506.09999999999997,506.15966013358326,,,,PENDING_AT_END
506.45,506.807228873895,,,,PENDING_AT_END
506.79999999999995,506.8635637927248,,,,PENDING_AT_END
507.15,507.18971894811045,,,,PENDING_AT_END
507.49999999999994,507.77821133604647,,,,PENDING_AT_END
507.84999999999997,508.158403257211,,,,PENDING_AT_END
508.2,508.4606394152689,,,,PENDING_AT_END
508.54999999999995,508.92610040213447,,,,PENDING_AT_END
508.9,509.09414828041156,,,,PENDING_AT_END
509.24999999999994,509.38866377378514,,,,PENDING_AT_END
509.59999999999997,509.8910402417168,,,,PENDING_AT_END
509.95,510.1404164575193,,,,PENDING_AT_END
510.29999999999995,510.4620040298254,,,,PENDING_AT_END
510.65,510.94071276838235,,,,PENDING_AT_END
510.99999999999994,511.3711534955227,,,,PENDING_AT_END
511.34999999999997,511.42373993251846,,,,PENDING_AT_END
511.7,512.0491089338841,,,,PENDING_AT_END
512.05,512.1212599254538,,,,PENDING_AT_END
512.4,512.4131395972214,,,,PENDING_AT_END
512.75,512.8048960336889,,,,PENDING_AT_END
513.1,513.3733062286905,,,,PENDING_AT_END
513.4499999999999,513.6430935871248,,,,PENDING_AT_END
513.8,513.9189039879077,,,,PENDING_AT_END
514.15,514.4541084680883,,,,PENDING_AT_END
514.5,514.5649835687209,,,,PENDING_AT_END
514.85,515.2105848549917,,,,PENDING_AT_END
515.1999999999999,515.2832354663113,,,,PENDING_AT_END
515.55,515.6481184409986,,,,PENDING_AT_END
515.9,515.9931051108341,,,,PENDING_AT_END
516.25,516.3192540195187,,,,PENDING_AT_END
516.6,516.6205898092945,,,,PENDING_AT_END
516.9499999999999,517.1880454167073,,,,PENDING_AT_END
517.3,517.3853469666224,,,,PENDING_AT_END
517.65,517.736607907551,,,,PENDING_AT_END
518.0,518.3214846475871,,,,PENDING_AT_END
518.35,518.6457816357532,,,,PENDING_AT_END
518.6999999999999,518.917464652823,,,,PENDING_AT_END
519.05,519.3060061464319,,,,PENDING_AT_END
519.4,519.4340876369889,,,,PENDING_AT_END
519.75,520.0743681086878,,,,PENDING_AT_END
520.1,520.151586776697,,,,PENDING_AT_END
520.4499999999999,520.5862918367592,,,,PENDING_AT_END
520.8,521.0859647749471,,,,PENDING_AT_END
521.15,521.480810272334,,,,PENDING_AT_END
521.5,521.6598050380678,,,,PENDING_AT_END
521.85,522.1366021803366,,,,PENDING_AT_END
522.1999999999999,522.5778195380416,,,,PENDING_AT_END
522.55,522.5522391894942,,,,PENDING_AT_END
522.9,522.9385998772997,,,,PENDING_AT_END
523.25,523.3965088694899,,,,PENDING_AT_END
523.6,523.7758909713529,,,,PENDING_AT_END
523.9499999999999,524.209984651441,,,,PENDING_AT_END
524.3,524.5785235909343,,,,PENDING_AT_END
524.65,524.6836365286853,,,,PENDING_AT_END
525.0,525.2397007947964,,,,PENDING_AT_END
525.35,525.6917166147972,,,,PENDING_AT_END
525.6999999999999,525.9431897323333,,,,PENDING_AT_END
526.05,526.4165058473859,,,,PENDING_AT_END
526.4,526.6575208979103,,,,PENDING_AT_END
526.75,526.9447092591467,,,,PENDING_AT_END
527.1,527.1655248271353,,,,PENDING_AT_END
527.4499999999999,527.4790973498776,,,,PENDING_AT_END
527.8,527.8146171420392,,,,PENDING_AT_END
528.15,528.5273518918153,,,,PENDING_AT_END
528.5,528.5880519438799,,,,PENDING_AT_END
528.85,528.9944201416162,,,,PENDING_AT_END
529.1999999999999,529.4477328643223,,,,PENDING_AT_END
529.55,529.5947896263431,,,,PENDING_AT_END
529.9,530.0271435400915,,,,PENDING_AT_END
530.25,530.2816637507005,,,,PENDING_AT_END
530.6,530.9210336756415,,,,PENDING_AT_END
530.9499999999999,531.1704298513092,,,,PENDING_AT_END
531.3,531.5827154534766,,,,PENDING_AT_END
531.65,531.9696795073397,,,,PENDING_AT_END
532.0,532.1935988389666,,,,PENDING_AT_END
532.35,532.5194437349868,,,,PENDING_AT_END
532.6999999999999,532.858737331593,,,,PENDING_AT_END
533.05,533.3876995494661,,,,PENDING_AT_END
533.4,533.7833228732671,,,,PENDING_AT_END
533.75,533.9632808587758,,,,PENDING_AT_END
534.1,534.1548711607055,,,,PENDING_AT_END
534.4499999999999,534.7208029854072,,,,PENDING_AT_END
534.8,535.0013844070279,,,,PENDING_AT_END
535.15,535.277698078759,,,,PENDING_AT_END
535.5,535.8496626265228,,,,PENDING_AT_END
535.85,535.9313311859063,,,,PENDING_AT_END
536.1999999999999,536.242166418746,,,,PENDING_AT_END
536.55,536.944711133729,,,,PENDING_AT_END
536.9,537.0076006545495,,,,PENDING_AT_END
537.25,537.5442049238013,,,,PENDING_AT_END
537.5999999999999,537.6855939868126,,,,PENDING_AT_END
537.9499999999999,538.1111182855135,,,,PENDING_AT_END
538.3,538.649680787308,,,,PENDING_AT_END
538.65,538.8349594722898,,,,PENDING_AT_END
539.0,539.398869037128,,,,PENDING_AT_END
539.3499999999999,539.4136828716964,,,,PENDING_AT_END
539.6999999999999,539.90504657445,,,,PENDING_AT_END
540.05,540.3528331507573,,,,PENDING_AT_END
540.4,540.7775100191126,,,,PENDING_AT_END
540.75,540.9212682524897,,,,PENDING_AT_END
541.0999999999999,541.4359580686514,,,,PENDING_AT_END
541.4499999999999,541.500702384949,,,,PENDING_AT_END
541.8,541.8922241129676,,,,PENDING_AT_END
542.15,542.4029760597238,,,,PENDING_AT_END
542.5,542.783506963156,,,,PENDING_AT_END
542.8499999999999,542.943449759857,,,,PENDING_AT_END
543.1999999999999,543.4055486851811,,,,PENDING_AT_END
543.55,543.9252070778475,,,,PENDING_AT_END
543.9,544.1148417147366,,,,PENDING_AT_END
544.25,544.3947940303224,,,,PENDING_AT_END
544.5999999999999,544.871459695057,,,,PENDING_AT_END
544.9499999999999,545.2557539021567,,,,PENDING_AT_END
545.3,545.354095280685,,,,PENDING_AT_END
545.65,545.8111174918666,,,,PENDING_AT_END
546.0,546.3046326517924,,,,PENDING_AT_END
546.3499999999999,546.4695806982461,,,,PENDING_AT_END
546.6999999999999,546.9591517014711,,,,PENDING_AT_END
547.05,547.3861756256977,,,,PENDING_AT_END
547.4,547.7588484272561,,,,PENDING_AT_END
547.75,547.9405860619245,,,,PENDING_AT_END
548.0999999999999,548.204969867156,,,,PENDING_AT_END
548.4499999999999,548.6578854798303,,,,PENDING_AT_END
548.8,549.0701756608464,,,,PENDING_AT_END
549.15,549.4681399516368,,,,PENDING_AT_END
549.5,549.5242809612291,,,,PENDING_AT_END
549.8499999999999,550.1795650551371,,,,PENDING_AT_END
550.1999999999999,550.3194901891867,,,,PENDING_AT_END
550.55,550.6734902339897,,,,PENDING_AT_END
550.9,551.0860276412021,,,,PENDING_AT_END
551.25,551.3980363677151,,,,PENDING_AT_END
551.5999999999999,551.9399410641415,,,,PENDING_AT_END
551.9499999999999,552.3265351862541,,,,PENDING_AT_END
552.3,552.6493301032522,,,,PENDING_AT_END
552.65,552.827485723238,,,,PENDING_AT_END
553.0,553.235707553634,,,,PENDING_AT_END
553.3499999999999,553.4168952965081,,,,PENDING_AT_END
553.6999999999999,553.8860491478032,,,,PENDING_AT_END
554.05,554.227522723862,,,,PENDING_AT_END
554.4,554.7232345948481,,,,PENDING_AT_END
554.75,554.972400715558,,,,PENDING_AT_END
555.0999999999999,555.1034513730206,,,,PENDING_AT_END
555.4499999999999,555.4807584063013,,,,PENDING_AT_END
555.8,556.067852088504,,,,PENDING_AT_END
556.15,556.1761128472409,,,,PENDING_AT_END
556.5,556.5421120565306,,,,PENDING_AT_END
556.8499999999999,557.0727746157268,,,,PENDING_AT_END
557.1999999999999,557.5971329329406,,,,PENDING_AT_END
557.55,557.6005817789669,,,,PENDING_AT_END
557.9,558.2458052694786,,,,PENDING_AT_END
558.25,558.2982084222263,,,,PENDING_AT_END
558.5999999999999,558.7113878658356,,,,PENDING_AT_END
558.9499999999999,559.2756802251337,,,,PENDING_AT_END
559.3,559.4482646021879,,,,PENDING_AT_END
559.65,559.9894169929272,,,,PENDING_AT_END
560.0,560.1034770361141,,,,PENDING_AT_END
560.3499999999999,560.3574019721493,,,,PENDING_AT_END
560.6999999999999,560.8195908234012,,,,PENDING_AT_END
561.05,561.148797237649,,,,PENDING_AT_END
561.4,561.7980050556631,,,,PENDING_AT_END
561.75,561.8879397287596,,,,PENDING_AT_END
562.0999999999999,562.1903342859794,,,,PENDING_AT_END
562.4499999999999,562.7314452951699,,,,PENDING_AT_END
562.8,562.9906229248438,,,,PENDING_AT_END
563.15,563.2800709052241,,,,PENDING_AT_END
563.5,563.8821863356857,,,,PENDING_AT_END
563.8499999999999,564.0051859114812,,,,PENDING_AT_END
564.1999999999999,564.4228055693951,,,,PENDING_AT_END
564.55,564.8784045678076,,,,PENDING_AT_END
564.9,565.1728725210929,,,,PENDING_AT_END
565.25,565.4880693498199,,,,PENDING_AT_END
565.5999999999999,565.7364876290692,,,,PENDING_AT_END
565.9499999999999,566.2684144506933,,,,PENDING_AT_END
566.3,566.4491283766563,,,,PENDING_AT_END
566.65,566.8602596286722,,,,PENDING_AT_END
567.0,567.3642939215451,,,,PENDING_AT_END
567.3499999999999,567.5806087349827,,,,PENDING_AT_END
567.6999999999999,567.8464596600298,,,,PENDING_AT_END
568.05,568.4302062958975,,,,PENDING_AT_END
568.4,568.5328690168088,,,,PENDING_AT_END
568.75,568.8961353663638,,,,PENDING_AT_END
569.0999999999999,569.2878256333754,,,,PENDING_AT_END
569.4499999999999,569.6350215049359,,,,PENDING_AT_END
569.8,569.8413819743434,,,,PENDING_AT_END
570.15,570.4777341973919,,,,PENDING_AT_END
570.5,570.726246768829,,,,PENDING_AT_END
570.8499999999999,571.0828873595892,,,,PENDING_AT_END
571.1999999999999,571.4781879805117,,,,PENDING_AT_END
571.55,571.5853554258765,,,,PENDING_AT_END
571.9,572.189525020084,,,,PENDING_AT_END
572.25,572.2639527111937,,,,PENDING_AT_END
572.5999999999999,572.7217936125628,,,,PENDING_AT_END
572.9499999999999,573.232254662645,,,,PENDING_AT_END
573.3,573.5235291680167,,,,PENDING_AT_END
573.65,573.8973479649445,,,,PENDING_AT_END
574.0,574.2225833187617,,,,PENDING_AT_END
574.3499999999999,574.5911206280684,,,,PENDING_AT_END
574.6999999999999,574.7898481100514,,,,PENDING_AT_END
575.05,575.2996805061239,,,,PENDING_AT_END
575.4,575.7457948155835,,,,PENDING_AT_END
575.75,575.9775968777337,,,,PENDING_AT_END
576.0999999999999,576.4526718343227,,,,PENDING_AT_END
576.4499999999999,576.7640996244637,,,,PENDING_AT_END
576.8,576.9513849219045,,,,PENDING_AT_END
577.15,577.2923839405001,,,,PENDING_AT_END
577.5,577.7614233861448,,,,PENDING_AT_END
577.8499999999999,578.0218505850742,,,,PENDING_AT_END
578.1999999999999,578.3367144717694,,,,PENDING_AT_END
578.55,578.5608053547921,,,,PENDING_AT_END
578.9,579.2380537338908,,,,PENDING_AT_END
579.25,579.5956814878898,,,,PENDING_AT_END
579.5999999999999,579.8516451392745,,,,PENDING_AT_END
579.9499999999999,580.2449139586353,,,,PENDING_AT_END
580.3,580.6023176837584,,,,PENDING_AT_END
580.65,580.7166905546272,,,,PENDING_AT_END
581.0,581.2926904706487,,,,PENDING_AT_END
581.3499999999999,581.6616634404136,,,,PENDING_AT_END
581.6999999999999,581.7149832548647,,,,PENDING_AT_END
582.05,582.1206164007642,,,,PENDING_AT_END
582.4,582.4871384210747,,,,PENDING_AT_END
582.75,583.0490968033648,,,,PENDING_AT_END
583.0999999999999,583.1993424368925,,,,PENDING_AT_END
583.4499999999999,583.6156689416679,,,,PENDING_AT_END
583.8,583.8150690697412,,,,PENDING_AT_END
584.15,584.2709081486456,,,,PENDING_AT_END
584.5,584.8826358098236,,,,PENDING_AT_END
584.8499999999999,585.1941468396192,,,,PENDING_AT_END
585.1999999999999,585.4943051176634,,,,PENDING_AT_END
585.55,585.5692304128072,,,,PENDING_AT_END
585.9,586.0538958892251,,,,PENDING_AT_END
586.25,586.5374553826855,,,,PENDING_AT_END
586.5999999999999,586.6191227220145,,,,PENDING_AT_END
586.9499999999999,587.0580136738807,,,,PENDING_AT_END
587.3,587.5053107400431,,,,PENDING_AT_END
587.65,588.0281252594428,,,,PENDING_AT_END
588.0,588.1416385708226,,,,PENDING_AT_END
588.3499999999999,588.3807897121103,,,,PENDING_AT_END
588.6999999999999,588.8670937163316,,,,PENDING_AT_END
589.05,589.1397878385919,,,,PENDING_AT_END
589.4,589.4195208268403,,,,PENDING_AT_END
589.75,590.0052570333155,,,,PENDING_AT_END
590.0999999999999,590.3918045720359,,,,PENDING_AT_END
590.4499999999999,590.4653967799962,,,,PENDING_AT_END
590.8,591.039327253972,,,,PENDING_AT_END
591.15,591.4089280075976,,,,PENDING_AT_END
591.5,591.5750060220812,,,,PENDING_AT_END
591.8499999999999,591.9443218962717,,,,PENDING_AT_END
592.1999999999999,592.2403072290964,,,,PENDING_AT_END
592.55,592.8353836653005,,,,PENDING_AT_END
592.9,593.1155227182277,,,,PENDING_AT_END
593.25,593.2662908772431,,,,PENDING_AT_END
593.5999999999999,593.9205556359668,,,,PENDING_AT_END
593.9499999999999,594.3122376910368,,,,PENDING_AT_END
594.3,594.5723557648253,,,,PENDING_AT_END
594.65,594.866580754907,,,,PENDING_AT_END
595.0,595.1395794701095,,,,PENDING_AT_END
595.3499999999999,595.6105013459326,,,,PENDING_AT_END
595.6999999999999,595.9137660476334,,,,PENDING_AT_END
596.05,596.145226031902,,,,PENDING_AT_END
596.4,596.5488197208248,,,,PENDING_AT_END
596.75,596.9575641330873,,,,PENDING_AT_END
597.0999999999999,597.19229849105,,,,PENDING_AT_END
597.4499999999999,597.7051897843713,,,,PENDING_AT_END
597.8,598.1384176558245,,,,PENDING_AT_END
598.15,598.2310419854181,,,,PENDING_AT_END
598.5,598.6115678384347,,,,PENDING_AT_END
598.8499999999999,599.0992440233535,,,,PENDING_AT_END
599.1999999999999,599.5719182394477,,,,PENDING_AT_END
599.55,599.775325430666,,,,PENDING_AT_END
599.9,600.0851666151149,,,,PENDING_AT_END
600.25,600.3132819870448,,,,PENDING_AT_END
600.5999999999999,600.6220767636571,,,,PENDING_AT_END
600.9499999999999,600.9821753462251,,,,PENDING_AT_END
601.3,601.4647710036872,,,,PENDING_AT_END
601.65,601.7752850425392,,,,PENDING_AT_END
602.0,602.1052907860187,,,,PENDING_AT_END
602.3499999999999,602.4356425372241,,,,PENDING_AT_END
602.6999999999999,602.8950646770485,,,,PENDING_AT_END
603.05,603.0690643486537,,,,PENDING_AT_END
603.4,603.710332762594,,,,PENDING_AT_END
603.75,604.008538664699,,,,PENDING_AT_END
604.0999999999999,604.2085687812389,,,,PENDING_AT_END
604.4499999999999,604.6385260916694,,,,PENDING_AT_END
604.8,605.1300813942662,,,,PENDING_AT_END
605.15,605.5378440954081,,,,PENDING_AT_END
605.5,605.6026096866776,,,,PENDING_AT_END
605.8499999999999,606.2340350808099,,,,PENDING_AT_END
606.1999999999999,606.3152569729617,,,,PENDING_AT_END
606.55,606.8402892403121,,,,PENDING_AT_END
606.9,607.2429755055545,,,,PENDING_AT_END
607.25,607.5581174389972,,,,PENDING_AT_END
607.5999999999999,607.968892200196,,,,PENDING_AT_END
607.9499999999999,608.1324197506161,,,,PENDING_AT_END
608.3,608.6247810115008,,,,PENDING_AT_END
608.65,608.8949484239787,,,,PENDING_AT_END
609.0,609.2616742442895,,,,PENDING_AT_END
609.3499999999999,609.4104935955181,,,,PENDING_AT_END
609.6999999999999,609.8131174252995,,,,PENDING_AT_END
610.05,610.372122184807,,,,PENDING_AT_END
610.4,610.6097750515365,,,,PENDING_AT_END
610.75,610.8089300814129,,,,PENDING_AT_END
611.0999999999999,611.424494289812,,,,PENDING_AT_END
611.4499999999999,611.7128795791663,,,,PENDING_AT_END
611.8,612.1213474226754,,,,PENDING_AT_END
612.15,612.2651909300092,,,,PENDING_AT_END
612.5,612.8050644726563,,,,PENDING_AT_END
612.8499999999999,612.8727187569423,,,,PENDING_AT_END
613.1999999999999,613.3831900020376,,,,PENDING_AT_END
613.55,613.7619459183516,,,,PENDING_AT_END
613.9,614.2863588181841,,,,PENDING_AT_END
614.25,614.575534084337,,,,PENDING_AT_END
614.5999999999999,614.8399051228437,,,,PENDING_AT_END
614.9499999999999,615.0658761647447,,,,PENDING_AT_END
615.3,615.4855761462077,,,,PENDING_AT_END
615.65,615.7971215189531,,,,PENDING_AT_END
616.0,616.0595899796267,,,,PENDING_AT_END
616.3499999999999,616.7367067164578,,,,PENDING_AT_END
616.6999999999999,616.7226381470144,,,,PENDING_AT_END
617.05,617.2826249749291,,,,PENDING_AT_END
617.4,617.6077652627599,,,,PENDING_AT_END
617.75,618.0878150234557,,,,PENDING_AT_END
618.0999999999999,618.2909006607142,,,,PENDING_AT_END
618.4499999999999,618.4697232253676,,,,PENDING_AT_END
618.8,619.1139944670854,,,,PENDING_AT_END
619.15,619.5182100432052,,,,PENDING_AT_END
619.5,619.6573656348723,,,,PENDING_AT_END
619.8499999999999,620.0685510233204,,,,PENDING_AT_END
620.1999999999999,620.3100941214051,,,,PENDING_AT_END
620.55,620.8800101368336,,,,PENDING_AT_END
620.9,621.1426782144421,,,,PENDING_AT_END
621.25,621.3470590841287,,,,PENDING_AT_END
621.5999999999999,621.8892728098194,,,,PENDING_AT_END
621.9499999999999,622.13953469818,,,,PENDING_AT_END
622.3,622.4956978707928,,,,PENDING_AT_END
622.65,622.7024180833906,,,,PENDING_AT_END
623.0,623.2446800490297,,,,PENDING_AT_END
623.3499999999999,623.7090526535885,,,,PENDING_AT_END
623.6999999999999,623.8802224971047,,,,PENDING_AT_END
624.05,624.11975182012,,,,PENDING_AT_END
624.4,624.5429734762766,,,,PENDING_AT_END
624.75,625.122852312031,,,,PENDING_AT_END
625.0999999999999,625.1471571752925,,,,PENDING_AT_END
625.4499999999999,625.6319780020821,,,,PENDING_AT_END
625.8,625.8159788802502,,,,PENDING_AT_END
626.15,626.2935938535417,,,,PENDING_AT_END
626.5,626.517460578609,,,,PENDING_AT_END
626.8499999999999,626.930087690015,,,,PENDING_AT_END
627.1999999999999,627.2295401288101,,,,PENDING_AT_END
627.55,627.9482271469283,,,,PENDING_AT_END
627.9,627.9732938535909,,,,PENDING_AT_END
628.25,628.3514641250674,,,,PENDING_AT_END
628.5999999999999,628.8435077671395,,,,PENDING_AT_END
628.9499999999999,629.2128304266722,,,,PENDING_AT_END
629.3,629.401432705846,,,,PENDING_AT_END
629.65,629.9306431090464,,,,PENDING_AT_END
630.0,630.2164663199871,,,,PENDING_AT_END
630.3499999999999,630.4738861641115,,,,PENDING_AT_END
630.6999999999999,630.9474002854953,,,,PENDING_AT_END
631.05,631.1326605185484,,,,PENDING_AT_END
631.4,631.4017072357921,,,,PENDING_AT_END
631.75,631.8220047216994,,,,PENDING_AT_END
632.0999999999999,632.3209938755585,,,,PENDING_AT_END
632.4499999999999,632.8446006076684,,,,PENDING_AT_END
632.8,632.8960171765839,,,,PENDING_AT_END
633.15,633.5164806379229,,,,PENDING_AT_END
633.5,633.8437569791172,,,,PENDING_AT_END
633.8499999999999,634.1748039380652,,,,PENDING_AT_END
634.1999999999999,634.5670372027486,,,,PENDING_AT_END
634.55,634.9167603614833,,,,PENDING_AT_END
634.9,635.1758880144433,,,,PENDING_AT_END
635.25,635.6097226568002,,,,PENDING_AT_END
635.5999999999999,635.7354348564782,,,,PENDING_AT_END
635.9499999999999,635.9631821486679,,,,PENDING_AT_END
636.3,636.6599360351154,,,,PENDING_AT_END
636.65,636.8490890924066,,,,PENDING_AT_END
637.0,637.0012582469656,,,,PENDING_AT_END
637.3499999999999,637.4499534218214,,,,PENDING_AT_END
637.6999999999999,637.9610609635187,,,,PENDING_AT_END
638.05,638.0666911128005,,,,PENDING_AT_END
638.4,638.5703921504324,,,,PENDING_AT_END
638.75,638.9561075545803,,,,PENDING_AT_END
639.0999999999999,639.3529417783809,,,,PENDING_AT_END
639.4499999999999,639.7716200229125,,,,PENDING_AT_END
639.8,639.8318808258261,,,,PENDING_AT_END
640.15,640.4783735025227,,,,PENDING_AT_END
640.5,640.5597660197884,,,,PENDING_AT_END
640.8499999999999,641.1975231195668,,,,PENDING_AT_END
641.1999999999999,641.5149482392784,,,,PENDING_AT_END
641.55,641.6678198161665,,,,PENDING_AT_END
641.9,642.0815790103878,,,,PENDING_AT_END
642.25,642.3117547373888,,,,PENDING_AT_END
642.5999999999999,642.6323113746107,,,,PENDING_AT_END
642.9499999999999,642.9643768514753,,,,PENDING_AT_END
643.3,643.4598278213009,,,,PENDING_AT_END
643.65,643.7837004585555,,,,PENDING_AT_END
644.0,644.1410803665967,,,,PENDING_AT_END
644.3499999999999,644.3733432043025,,,,PENDING_AT_END
644.6999999999999,644.8081782607964,,,,PENDING_AT_END
645.05,645.2674290677733,,,,PENDING_AT_END
645.4,645.5673273753922,,,,PENDING_AT_END
645.75,646.0275290566913,,,,PENDING_AT_END
646.0999999999999,646.38817738594,,,,PENDING_AT_END
646.4499999999999,646.4616268867827,,,,PENDING_AT_END
646.8,646.8661296430378,,,,PENDING_AT_END
647.15,647.2357610815337,,,,PENDING_AT_END
647.5,647.7794332379697,,,,PENDING_AT_END
647.8499999999999,647.8838267390249,,,,PENDING_AT_END
648.1999999999999,648.3944841595402,,,,PENDING_AT_END
648.55,648.5904366394893,,,,PENDING_AT_END
648.9,649.1081870950289,,,,PENDING_AT_END
649.25,649.5685912833467,,,,PENDING_AT_END
649.5999999999999,649.8120256303293,,,,PENDING_AT_END
649.9499999999999,650.0953482564945,,,,PENDING_AT_END
650.3,650.3595640245071,,,,PENDING_AT_END
650.65,650.9059693183029,,,,PENDING_AT_END
651.0,651.1448299543533,,,,PENDING_AT_END
651.3499999999999,651.7037576957202,,,,PENDING_AT_END
651.6999999999999,652.0032233273213,,,,PENDING_AT_END
652.05,652.4334440820724,,,,PENDING_AT_END
652.4,652.5087178072564,,,,PENDING_AT_END
652.75,652.8983039700404,,,,PENDING_AT_END
653.0999999999999,653.2890814238547,,,,PENDING_AT_END
653.4499999999999,653.5490033269756,,,,PENDING_AT_END
653.8,653.8779162178378,,,,PENDING_AT_END
654.15,654.1868558699786,,,,PENDING_AT_END
654.5,654.689275864687,,,,PENDING_AT_END
654.8499999999999,655.1434540161838,,,,PENDING_AT_END
655.1999999999999,655.3024641153019,,,,PENDING_AT_END
655.55,655.5671283919689,,,,PENDING_AT_END
655.9,655.939488409144,,,,PENDING_AT_END
656.25,656.5664527712031,,,,PENDING_AT_END
656.5999999999999,656.8888234148703,,,,PENDING_AT_END
656.9499999999999,657.2284412809014,,,,PENDING_AT_END
657.3,657.5283513122199,,,,PENDING_AT_END
657.65,657.6570991299333,,,,PENDING_AT_END
658.0,658.2260782299363,,,,PENDING_AT_END
658.3499999999999,658.6485247467915,,,,PENDING_AT_END
658.6999999999999,658.795101356042,,,,PENDING_AT_END
659.05,659.2962495322879,,,,PENDING_AT_END
659.4,659.4273665640764,,,,PENDING_AT_END
659.75,659.7724205971824,,,,PENDING_AT_END
660.0999999999999,660.3652605795455,,,,PENDING_AT_END
660.4499999999999,660.4686584759824,,,,PENDING_AT_END
660.8,660.9471104835166,,,,PENDING_AT_END
661.15,661.4767775338181,,,,PENDING_AT_END
661.5,661.6588522650468,,,,PENDING_AT_END
661.8499999999999,662.1161968019521,,,,PENDING_AT_END
662.1999999999999,662.5258512281731,,,,PENDING_AT_END
662.55,662.7358726752109,,,,PENDING_AT_END
662.9,662.9702021884517,,,,PENDING_AT_END
663.25,663.444025936421,,,,PENDING_AT_END
663.5999999999999,663.9018935920117,,,,PENDING_AT_END
663.9499999999999,664.3350054496601,,,,PENDING_AT_END
664.3,664.4332953185024,,,,PENDING_AT_END
664.65,664.7710234010345,,,,PENDING_AT_END
665.0,665.137963896032,,,,PENDING_AT_END
665.3499999999999,665.5718861750668,,,,PENDING_AT_END
665.6999999999999,665.8334306669798,,,,PENDING_AT_END
666.05,666.4455857293779,,,,PENDING_AT_END
666.4,666.7497213383448,,,,PENDING_AT_END
666.75,666.8137163035212,,,,PENDING_AT_END
667.0999999999999,667.413687086291,,,,PENDING_AT_END
667.4499999999999,667.7495027817432,,,,PENDING_AT_END
667.8,667.8020088419894,,,,PENDING_AT_END
668.15,668.3670685727601,,,,PENDING_AT_END
668.5,668.5728630510248,,,,PENDING_AT_END
668.8499999999999,668.9654940741707,,,,PENDING_AT_END
669.1999999999999,669.4738439352076,,,,PENDING_AT_END
669.55,669.6615678356566,,,,PENDING_AT_END
669.9,670.1614988252448,,,,PENDING_AT_END
670.25,670.3068006763681,,,,PENDING_AT_END
670.5999999999999,670.9484868124873,,,,PENDING_AT_END
670.9499999999999,671.2640546276972,,,,PENDING_AT_END
671.3,671.5022684192013,,,,PENDING_AT_END
671.65,671.8025189667393,,,,PENDING_AT_END
672.0,672.1673401527491,,,,PENDING_AT_END
672.3499999999999,672.5495897302462,,,,PENDING_AT_END
672.6999999999999,672.7696581430106,,,,PENDING_AT_END
673.05,673.1014888365066,,,,PENDING_AT_END
673.4,673.7357000331386,,,,PENDING_AT_END
673.75,674.1446831487299,,,,PENDING_AT_END
674.0999999999999,674.3860686640637,,,,PENDING_AT_END
674.4499999999999,674.5552638023688,,,,PENDING_AT_END
674.8,674.9869085826087,,,,PENDING_AT_END
675.15,675.458612479155,,,,PENDING_AT_END
675.5,675.6021490114506,,,,PENDING_AT_END
675.8499999999999,675.8562284905092,,,,PENDING_AT_END
676.1999999999999,676.3816401767125,,,,PENDING_AT_END
676.55,676.6575778366084,,,,PENDING_AT_END
676.9,677.0406606878845,,,,PENDING_AT_END
677.25,677.4750141047409,,,,PENDING_AT_END
677.5999999999999,677.935803506002,,,,PENDING_AT_END
677.9499999999999,678.0551984622351,,,,PENDING_AT_END
678.3,678.6819683269666,,,,PENDING_AT_END
678.65,678.7057144264669,,,,PENDING_AT_END
679.0,679.0499102997483,,,,PENDING_AT_END
679.3499999999999,679.5865344762715,,,,PENDING_AT_END
679.6999999999999,679.9743770050685,,,,PENDING_AT_END
680.05,680.0790716312133,,,,PENDING_AT_END
680.4,680.4946916190614,,,,PENDING_AT_END
680.75,681.0670287809862,,,,PENDING_AT_END
681.0999999999999,681.3020498209085,,,,PENDING_AT_END
681.4499999999999,681.6086517805451,,,,PENDING_AT_END
681.8,682.1117997660924,,,,PENDING_AT_END
682.15,682.2561972200598,,,,PENDING_AT_END
682.5,682.6823572240014,,,,PENDING_AT_END
682.8499999999999,683.1072800306144,,,,PENDING_AT_END
683.1999999999999,683.2430874134942,,,,PENDING_AT_END
683.55,683.7190288792901,,,,PENDING_AT_END
683.9,684.2202345139732,,,,PENDING_AT_END
684.25,684.5523337956913,,,,PENDING_AT_END
684.5999999999999,684.8129253357745,,,,PENDING_AT_END
684.9499999999999,685.1526210288256,,,,PENDING_AT_END
685.3,685.5413927020054,,,,PENDING_AT_END
685.65,686.0192372910418,,,,PENDING_AT_END
686.0,686.1124460162666,,,,PENDING_AT_END
686.3499999999999,686.5874433304041,,,,PENDING_AT_END
686.6999999999999,686.832679055222,,,,PENDING_AT_END
687.05,687.3511785609733,,,,PENDING_AT_END
687.4,687.7095920032783,,,,PENDING_AT_END
687.75,687.913290502355,,,,PENDING_AT_END
688.0999999999999,688.4568318024153,,,,PENDING_AT_END
688.4499999999999,688.7937572630539,,,,PENDING_AT_END
688.8,689.0087527872547,,,,PENDING_AT_END
689.15,689.4559493574117,,,,PENDING_AT_END
689.5,689.7749389222524,,,,PENDING_AT_END
689.8499999999999,690.0628571536986,,,,PENDING_AT_END
690.1999999999999,690.3554966151763,,,,PENDING_AT_END
690.55,690.8221705128885,,,,PENDING_AT_END
690.9,691.0964825871621,,,,PENDING_AT_END
691.25,691.3354613175022,,,,PENDING_AT_END
691.5999999999999,691.8110947171976,,,,PENDING_AT_END
691.9499999999999,692.2866422644448,,,,PENDING_AT_END
692.3,692.6470480022901,,,,PENDING_AT_END
692.65,692.7008074462923,,,,PENDING_AT_END
693.0,693.1150149776056,,,,PENDING_AT_END
693.3499999999999,693.6739645799005,,,,PENDING_AT_END
693.6999999999999,693.8855299448045,,,,PENDING_AT_END
694.05,694.3800311331834,,,,PENDING_AT_END
694.4,694.6308345927881,,,,PENDING_AT_END
694.75,694.8885642549114,,,,PENDING_AT_END
695.0999999999999,695.3968701982949,,,,PENDING_AT_END
695.4499999999999,695.634844468896,,,,PENDING_AT_END
695.8,696.1708429050286,,,,PENDING_AT_END
696.15,696.213109899125,,,,PENDING_AT_END
696.5,696.8549226948583,,,,PENDING_AT_END
696.8499999999999,696.9757444788888,,,,PENDING_AT_END
697.1999999999999,697.5928166051696,,,,PENDING_AT_END
697.55,697.8278796564587,,,,PENDING_AT_END
697.9,698.1812082128209,,,,PENDING_AT_END
698.25,698.5890314019848,,,,PENDING_AT_END
698.5999999999999,698.841768619083,,,,PENDING_AT_END
698.9499999999999,699.1857970492416,,,,PENDING_AT_END
699.3,699.4313931984645,,,,PENDING_AT_END
699.65,699.7640008154257,,,,PENDING_AT_END
700.0,700.3873647021699,,,,PENDING_AT_END
700.3499999999999,700.379812294861,,,,PENDING_AT_END
700.6999999999999,700.793607272445,,,,PENDING_AT_END
701.05,701.1091903250822,,,,PENDING_AT_END
701.4,701.5033399587022,,,,PENDING_AT_END
701.75,701.9078532634987,,,,PENDING_AT_END
702.0999999999999,702.3126583589212,,,,PENDING_AT_END
702.4499999999999,702.8449050784565,,,,PENDING_AT_END
702.8,702.905688210792,,,,PENDING_AT_END
703.15,703.2036228067551,,,,PENDING_AT_END
703.5,703.8555866173688,,,,PENDING_AT_END
703.8499999999999,704.0973760538366,,,,PENDING_AT_END
704.1999999999999,704.4073075284965,,,,PENDING_AT_END
704.55,704.8092999604253,,,,PENDING_AT_END
704.9,705.144999000038,,,,PENDING_AT_END
705.25,705.4845779948928,,,,PENDING_AT_END
705.5999999999999,705.6468336530843,,,,PENDING_AT_END
705.9499999999999,706.0487191819403,,,,PENDING_AT_END
706.3,706.4154401020005,,,,PENDING_AT_END
706.65,706.652032076035,,,,PENDING_AT_END
707.0,707.370101369432,,,,PENDING_AT_END
707.3499999999999,707.4536971012749,,,,PENDING_AT_END
707.6999999999999,707.9806235574596,,,,PENDING_AT_END
708.05,708.0984167138602,,,,PENDING_AT_END
708.4,708.5655764887612,,,,PENDING_AT_END
708.75,709.0275529102039,,,,PENDING_AT_END
709.0999999999999,709.4973901340509,,,,PENDING_AT_END
709.4499999999999,709.5405692294602,,,,PENDING_AT_END
709.8,710.0219459674181,,,,PENDING_AT_END
710.15,710.2632818790397,,,,PENDING_AT_END
710.5,710.5025050442221,,,,PENDING_AT_END
710.8499999999999,710.9807844499053,,,,PENDING_AT_END
711.1999999999999,711.5799477060315,,,,PENDING_AT_END
711.55,711.5654637174302,,,,PENDING_AT_END
711.9,712.2234934969653,,,,PENDING_AT_END
712.25,712.6084503255097,,,,PENDING_AT_END
712.5999999999999,712.9556583268161,,,,PENDING_AT_END
712.9499999999999,713.2572313829932,,,,PENDING_AT_END
713.3,713.6656085131399,,,,PENDING_AT_END
713.65,713.7608508466943,,,,PENDING_AT_END
714.0,714.2847329388787,,,,PENDING_AT_END
714.3499999999999,714.578654687452,,,,PENDING_AT_END
714.6999999999999,714.9348726839643,,,,PENDING_AT_END
715.05,715.1143972574484,,,,PENDING_AT_END
715.4,715.5853209437449,,,,PENDING_AT_END
715.75,716.0775381390301,,,,PENDING_AT_END
716.0999999999999,716.2144515295013,,,,PENDING_AT_END
716.4499999999999,716.8108477155776,,,,PENDING_AT_END
716.8,716.9574812446256,,,,PENDING_AT_END
717.15,717.2122424980947,,,,PENDING_AT_END
717.5,717.6349247085661,,,,PENDING_AT_END
717.8499999999999,718.1101106946303,,,,PENDING_AT_END
718.1999999999999,718.3678734771221,,,,PENDING_AT_END
718.55,718.8903929972803,,,,PENDING_AT_END
718.9,719.2891770537441,,,,PENDING_AT_END
719.25,719.5384430046129,,,,PENDING_AT_END
719.5999999999999,719.8990916007242,,,,PENDING_AT_END
719.9499999999999,720.2752726800537,,,,PENDING_AT_END
720.3,720.6705084422283,,,,PENDING_AT_END
720.65,720.898843096168,,,,PENDING_AT_END
721.0,721.0343962589607,,,,PENDING_AT_END
721.3499999999999,721.4818473896185,,,,PENDING_AT_END
721.6999999999999,721.7294834828346,,,,PENDING_AT_END
722.05,722.157837872978,,,,PENDING_AT_END
722.4,722.7281568731797,,,,PENDING_AT_END
722.75,723.1236217031553,,,,PENDING_AT_END
723.0999999999999,723.1373114779881,,,,PENDING_AT_END
723.4499999999999,723.812300163518,,,,PENDING_AT_END
723.8,723.9941705090278,,,,PENDING_AT_END
724.15,724.1821018004731,,,,PENDING_AT_END
724.5,724.6979842677467,,,,PENDING_AT_END
724.8499999999999,725.088758013894,,,,PENDING_AT_END
725.1999999999999,725.4024728496537,,,,PENDING_AT_END
725.55,725.5651614757169,,,,PENDING_AT_END
725.9,725.9077804629184,,,,PENDING_AT_END
726.25,726.3866999146987,,,,PENDING_AT_END
726.5999999999999,726.660684722,,,,PENDING_AT_END
726.9499999999999,727.000091519592,,,,PENDING_AT_END
727.3,727.3579044295336,,,,PENDING_AT_END
727.65,727.8133623578016,,,,PENDING_AT_END
728.0,728.3057108479547,,,,PENDING_AT_END
728.3499999999999,728.5458681989455,,,,PENDING_AT_END
728.6999999999999,728.9037563544936,,,,PENDING_AT_END
729.05,729.3832837483938,,,,PENDING_AT_END
729.4,729.5231516556975,,,,PENDING_AT_END
729.75,729.8101103642666,,,,PENDING_AT_END
730.0999999999999,730.2702648530028,,,,PENDING_AT_END
730.4499999999999,730.8236004997033,,,,PENDING_AT_END
730.8,731.0746652854068,,,,PENDING_AT_END
731.15,731.2644482443922,,,,PENDING_AT_END
731.5,731.66623710626,,,,PENDING_AT_END
731.8499999999999,731.8687990725159,,,,PENDING_AT_END
732.1999999999999,732.2278663525573,,,,PENDING_AT_END
732.55,732.9224276404327,,,,PENDING_AT_END
732.9,733.1173966202344,,,,PENDING_AT_END
733.25,733.3973729560316,,,,PENDING_AT_END
733.5999999999999,733.7682833457109,,,,PENDING_AT_END
733.9499999999999,733.960404464723,,,,PENDING_AT_END
734.3,734.4908023583605,,,,PENDING_AT_END
734.65,734.6561886263984,,,,PENDING_AT_END
