timestamp,gen_time,sel_time,tx_time,rx_time,status
0.0,0.020204683633259137,150.84568162416903,150.84668162416904,151.01668162416902,TX
0.35,0.5529961017913655,152.03364798748765,152.03464798748766,152.20464798748765,TX
0.7,0.7566859459312241,155.48816525416188,155.4891652541619,155.65916525416188,TX
1.0499999999999998,1.4016759903853475,158.69008464197708,158.69108464197708,158.86108464197707,TX
1.4,1.5220947929678124,156.8101813343491,156.8111813343491,156.9811813343491,TX
1.75,1.9576236942223915,157.60426889086958,157.60526889086958,157.77526889086957,TX
2.0999999999999996,2.3635235870305316,160.16245741831432,160.16345741831432,160.3334574183143,TX
2.4499999999999997,2.736523330924578,157.2284800667922,157.2294800667922,157.3994800667922,TX
2.8,3.144610087031296,157.22896863216684,157.22996863216684,157.39996863216683,TX
3.15,3.1948861736170184,159.51229448033737,159.51329448033738,159.68329448033737,TX
3.5,3.696323396309934,156.57412435769538,156.5751243576954,156.74512435769537,TX
3.8499999999999996,4.160523146023625,155.12339223552183,155.12439223552184,155.29439223552183,TX
4.199999999999999,4.5113211946540535,163.25103102338682,163.25203102338682,163.4220310233868,TX
4.55,4.589237464712213,162.94458973137668,162.94558973137669,163.11558973137667,TX
4.8999999999999995,5.252282957003746,,,,PENDING_AT_END
5.25,5.484451601962023,,,,PENDING_AT_END
5.6,5.790324372385172,,,,PENDING_AT_END
5.949999999999999,6.271249537941468,,,,PENDING_AT_END
6.3,6.313755297068401,,,,PENDING_AT_END
6.6499999999999995,6.7663644640814935,,,,PENDING_AT_END
7.0,7.056492452825951,,,,PENDING_AT_END
7.35,7.698147962512701,,,,PENDING_AT_END
7.699999999999999,8.096651374167672,,,,PENDING_AT_END
8.049999999999999,8.286481586149504,,,,PENDING_AT_END
8.399999999999999,8.40594386369974,,,,PENDING_AT_END
8.75,9.062696095900495,,,,PENDING_AT_END
9.1,9.352798921425277,,,,PENDING_AT_END
9.45,9.654484174533653,,,,PENDING_AT_END
9.799999999999999,9.865625003376932,,,,PENDING_AT_END
10.149999999999999,10.259997379079053,,,,PENDING_AT_END
10.5,10.538998897369396,,,,PENDING_AT_END
10.85,10.867484962065523,,,,PENDING_AT_END
11.2,11.249761124071998,,,,PENDING_AT_END
11.549999999999999,11.87028712565058,,,,PENDING_AT_END
11.899999999999999,12.161391323295742,,,,PENDING_AT_END
12.25,12.628528851224555,,,,PENDING_AT_END
12.6,12.689259737288504,,,,PENDING_AT_END
12.95,13.200727176026295,,,,PENDING_AT_END
13.299999999999999,13.338271198387618,,,,PENDING_AT_END
13.649999999999999,13.847769732750042,,,,PENDING_AT_END
14.0,14.270385868179115,,,,PENDING_AT_END
14.35,14.43384505885078,,,,PENDING_AT_END
14.7,14.71396643884231,,,,PENDING_AT_END
15.049999999999999,15.444784834652284,,,,PENDING_AT_END
15.399999999999999,15.762992415008778,,,,PENDING_AT_END
15.749999999999998,16.085850981895305,,,,PENDING_AT_END
16.099999999999998,16.39554377099147,,,,PENDING_AT_END
16.45,16.639197211187994,,,,PENDING_AT_END
16.799999999999997,16.86822665134696,,,,PENDING_AT_END
17.15,17.432883798500434,,,,PENDING_AT_END
17.5,17.75564732280636,,,,PENDING_AT_END
17.849999999999998,18.04920607573757,,,,PENDING_AT_END
18.2,18.289185813802266,,,,PENDING_AT_END
18.549999999999997,18.918693728290272,,,,PENDING_AT_END
18.9,19.108222323999456,,,,PENDING_AT_END
19.25,19.34305689754637,,,,PENDING_AT_END
19.599999999999998,19.8003333901265,,,,PENDING_AT_END
19.95,20.25402344215588,,,,PENDING_AT_END
20.299999999999997,20.31875077212362,,,,PENDING_AT_END
20.65,20.901268267269664,,,,PENDING_AT_END
21.0,21.133869018723573,,,,PENDING_AT_END
21.349999999999998,21.412383048573727,,,,PENDING_AT_END
21.7,22.08239137508701,,,,PENDING_AT_END
22.049999999999997,22.32555234577211,,,,PENDING_AT_END
22.4,22.646507708485295,,,,PENDING_AT_END
22.75,22.9712142150641,,,,PENDING_AT_END
23.099999999999998,23.499715701603147,,,,PENDING_AT_END
23.45,23.611617878602996,,,,PENDING_AT_END
23.799999999999997,23.832533270396034,,,,PENDING_AT_END
24.15,24.3041501103433,,,,PENDING_AT_END
24.5,24.680673387672577,,,,PENDING_AT_END
24.849999999999998,25.103549239198987,,,,PENDING_AT_END
25.2,25.366824836028005,,,,PENDING_AT_END
25.549999999999997,25.567422656757103,,,,PENDING_AT_END
25.9,25.954761451318888,,,,PENDING_AT_END
26.25,26.29230779952838,,,,PENDING_AT_END
26.599999999999998,26.653087554180107,,,,PENDING_AT_END
26.95,26.953943072131455,,,,PENDING_AT_END
27.299999999999997,27.63590765826416,,,,PENDING_AT_END
27.65,27.91256913953272,,,,PENDING_AT_END
28.0,28.173083079709045,,,,PENDING_AT_END
28.349999999999998,28.637613715638867,,,,PENDING_AT_END
28.7,28.9544543544586,,,,PENDING_AT_END
29.049999999999997,29.317127382210423,,,,PENDING_AT_END
29.4,29.485233814683177,,,,PENDING_AT_END
29.749999999999996,29.81094627925196,,,,PENDING_AT_END
30.099999999999998,30.330015814685428,,,,PENDING_AT_END
30.45,30.496508561838734,,,,PENDING_AT_END
30.799999999999997,31.078445351854675,,,,PENDING_AT_END
31.15,31.505454250346865,,,,PENDING_AT_END
31.499999999999996,31.63307814313121,,,,PENDING_AT_END
31.849999999999998,32.10319446281695,,,,PENDING_AT_END
32.199999999999996,32.24016436965726,,,,PENDING_AT_END
32.55,32.64592860719819,,,,PENDING_AT_END
32.9,33.00251467801338,,,,PENDING_AT_END
33.25,33.49229669087224,,,,PENDING_AT_END
33.599999999999994,33.816707408187,,,,PENDING_AT_END
33.949999999999996,34.22547587149983,,,,PENDING_AT_END
34.3,34.69359121883484,,,,PENDING_AT_END
34.65,34.97819123738994,,,,PENDING_AT_END
35.0,35.1304893613668,,,,PENDING_AT_END
35.349999999999994,35.585960254468276,,,,PENDING_AT_END
35.699999999999996,36.02794009018964,,,,PENDING_AT_END
36.05,36.0830478603895,,,,PENDING_AT_END
36.4,36.73010288931918,,,,PENDING_AT_END
36.75,36.86412066968899,,,,PENDING_AT_END
37.099999999999994,37.4761993604465,,,,PENDING_AT_END
37.449999999999996,37.822159098367315,,,,PENDING_AT_END
37.8,37.90263072656384,,,,PENDING_AT_END
38.15,38.25863032838286,,,,PENDING_AT_END
38.5,38.86457895255528,,,,PENDING_AT_END
38.849999999999994,39.08357987188698,,,,PENDING_AT_END
39.199999999999996,39.49411457357942,,,,PENDING_AT_END
39.55,39.72567115468024,,,,PENDING_AT_END
39.9,40.04072031466587,,,,PENDING_AT_END
40.25,40.43647789312196,,,,PENDING_AT_END
40.599999999999994,40.65869092839573,,,,PENDING_AT_END
40.949999999999996,41.309712290059174,,,,PENDING_AT_END
41.3,41.322025609877244,,,,PENDING_AT_END
41.65,41.84579831734511,,,,PENDING_AT_END
42.0,42.31475351701489,,,,PENDING_AT_END
42.349999999999994,42.47265391347298,,,,PENDING_AT_END
42.699999999999996,42.75021982097294,,,,PENDING_AT_END
43.05,43.093104241632716,,,,PENDING_AT_END
43.4,43.73465336370682,,,,PENDING_AT_END
43.75,43.91477033266703,,,,PENDING_AT_END
44.099999999999994,44.32760296242573,,,,PENDING_AT_END
44.449999999999996,44.684720179444234,,,,PENDING_AT_END
44.8,45.1765279509511,,,,PENDING_AT_END
45.15,45.47532355899893,,,,PENDING_AT_END
45.5,45.63022498816517,,,,PENDING_AT_END
45.849999999999994,46.19919811869711,,,,PENDING_AT_END
46.199999999999996,46.32042267399607,,,,PENDING_AT_END
46.55,46.672064606608885,,,,PENDING_AT_END
46.9,47.177506178024295,,,,PENDING_AT_END
47.25,47.39524192060527,,,,PENDING_AT_END
47.599999999999994,47.723785071125064,,,,PENDING_AT_END
47.949999999999996,47.97728829621736,,,,PENDING_AT_END
48.3,48.41696329933178,,,,PENDING_AT_END
48.65,48.77728053379074,,,,PENDING_AT_END
49.0,49.12682953815052,,,,PENDING_AT_END
49.349999999999994,49.631324603818,,,,PENDING_AT_END
49.699999999999996,49.90464730488123,,,,PENDING_AT_END
50.05,50.25432291488093,,,,PENDING_AT_END
50.4,50.666536566010755,,,,PENDING_AT_END
50.75,50.90756148188707,,,,PENDING_AT_END
51.099999999999994,51.25156266486049,,,,PENDING_AT_END
51.449999999999996,51.79583594208113,,,,PENDING_AT_END
51.8,52.15391156840401,,,,PENDING_AT_END
52.15,52.394150630323104,,,,PENDING_AT_END
52.5,52.85802714236047,,,,PENDING_AT_END
52.849999999999994,52.95000089477965,,,,PENDING_AT_END
53.199999999999996,53.592480615026396,,,,PENDING_AT_END
53.55,53.74026372113357,,,,PENDING_AT_END
53.9,54.123242093007995,,,,PENDING_AT_END
54.25,54.31210220180881,,,,PENDING_AT_END
54.599999999999994,54.6950382052038,,,,PENDING_AT_END
54.949999999999996,55.18838089733695,,,,PENDING_AT_END
55.3,55.38952391081112,,,,PENDING_AT_END
55.65,55.824746452876646,,,,PENDING_AT_END
56.0,56.24374567156272,,,,PENDING_AT_END
56.349999999999994,56.72937187999263,,,,PENDING_AT_END
56.699999999999996,56.836093161286804,,,,PENDING_AT_END
57.05,57.26077367132541,,,,PENDING_AT_END
57.4,57.64609864120083,,,,PENDING_AT_END
57.74999999999999,57.94507046188382,,,,PENDING_AT_END
58.099999999999994,58.29348508982497,,,,PENDING_AT_END
58.449999999999996,58.84976344446094,,,,PENDING_AT_END
58.8,59.09936155610441,,,,PENDING_AT_END
59.15,59.54859511089712,,,,PENDING_AT_END
59.49999999999999,59.79512502587432,,,,PENDING_AT_END
59.849999999999994,60.249454806333915,,,,PENDING_AT_END
60.199999999999996,60.300543683278114,,,,PENDING_AT_END
60.55,60.61064429927835,,,,PENDING_AT_END
60.9,61.00295425985927,,,,PENDING_AT_END
61.24999999999999,61.31566722093681,,,,PENDING_AT_END
61.599999999999994,61.726934826286694,,,,PENDING_AT_END
61.949999999999996,62.25502135154108,,,,PENDING_AT_END
62.3,62.61830768883675,,,,PENDING_AT_END
62.65,62.93663129569162,,,,PENDING_AT_END
62.99999999999999,63.340723972103156,,,,PENDING_AT_END
63.349999999999994,63.62095993223954,,,,PENDING_AT_END
63.699999999999996,63.810021769277064,,,,PENDING_AT_END
64.05,64.08917647953639,,,,PENDING_AT_END
64.39999999999999,64.51518876992107,,,,PENDING_AT_END
64.75,64.80497779899963,,,,PENDING_AT_END
65.1,65.19183276884155,,,,PENDING_AT_END
65.45,65.79598054842792,,,,PENDING_AT_END
65.8,65.98212440286206,,,,PENDING_AT_END
66.14999999999999,66.20849523855317,,,,PENDING_AT_END
66.5,66.67781895785785,,,,PENDING_AT_END
66.85,67.21560021361361,,,,PENDING_AT_END
67.19999999999999,67.43967963601057,,,,PENDING_AT_END
67.55,67.68821496133963,,,,PENDING_AT_END
67.89999999999999,68.22923979305476,,,,PENDING_AT_END
68.25,68.26971876008201,,,,PENDING_AT_END
68.6,68.86991602197872,,,,PENDING_AT_END
68.94999999999999,69.2923592967677,,,,PENDING_AT_END
69.3,69.39448321509717,,,,PENDING_AT_END
69.64999999999999,69.74389634309934,,,,PENDING_AT_END
70.0,70.36681364752255,,,,PENDING_AT_END
70.35,70.5916524426849,,,,PENDING_AT_END
70.69999999999999,70.96561664827766,,,,PENDING_AT_END
71.05,71.2722131159981,,,,PENDING_AT_END
71.39999999999999,71.59582311492564,,,,PENDING_AT_END
71.75,71.93241903844398,,,,PENDING_AT_END
72.1,72.1904455779673,,,,PENDING_AT_END
72.44999999999999,72.59912981736451,,,,PENDING_AT_END
72.8,72.83878822622368,,,,PENDING_AT_END
73.14999999999999,73.1502572105258,,,,PENDING_AT_END
73.5,73.63658845697663,,,,PENDING_AT_END
73.85,74.06177736279128,,,,PENDING_AT_END
74.19999999999999,74.58706509363697,,,,PENDING_AT_END
74.55,74.73401587714464,,,,PENDING_AT_END
74.89999999999999,75.04255115295167,,,,PENDING_AT_END
75.25,75.62153984470984,,,,PENDING_AT_END
75.6,75.95701790686056,,,,PENDING_AT_END
75.94999999999999,76.26423116677768,,,,PENDING_AT_END
76.3,76.68773707871155,,,,PENDING_AT_END
76.64999999999999,77.02767480679263,,,,PENDING_AT_END
77.0,77.06364686473458,,,,PENDING_AT_END
77.35,77.38504372098282,,,,PENDING_AT_END
77.69999999999999,77.9414469548498,,,,PENDING_AT_END
78.05,78.37003919478597,,,,PENDING_AT_END
78.39999999999999,78.70837236573063,,,,PENDING_AT_END
78.75,78.89782338404365,,,,PENDING_AT_END
79.1,79.14003766693847,,,,PENDING_AT_END
79.44999999999999,79.4743751095437,,,,PENDING_AT_END
79.8,80.0093275467952,,,,PENDING_AT_END
80.14999999999999,80.45608824046671,,,,PENDING_AT_END
80.5,80.72556860955308,,,,PENDING_AT_END
80.85,81.1256288188053,,,,PENDING_AT_END
81.19999999999999,81.40635736874711,,,,PENDING_AT_END
81.55,81.83399976691011,,,,PENDING_AT_END
81.89999999999999,81.93733174064089,,,,PENDING_AT_END
82.25,82.29898649129845,,,,PENDING_AT_END
82.6,82.63988433122339,,,,PENDING_AT_END
82.94999999999999,83.33170152187836,,,,PENDING_AT_END
83.3,83.54814191541156,,,,PENDING_AT_END
83.64999999999999,83.72253760564733,,,,PENDING_AT_END
84.0,84.0480419918803,,,,PENDING_AT_END
84.35,84.67716121640444,,,,PENDING_AT_END
84.69999999999999,84.98431203234279,,,,PENDING_AT_END
85.05,85.14405929531249,,,,PENDING_AT_END
85.39999999999999,85.45396123164899,,,,PENDING_AT_END
85.75,86.0070103794398,,,,PENDING_AT_END
86.1,86.26469532923463,,,,PENDING_AT_END
86.44999999999999,86.52587990820547,,,,PENDING_AT_END
86.8,87.06320921456289,,,,PENDING_AT_END
87.14999999999999,87.3852925978458,,,,PENDING_AT_END
87.5,87.76236276892777,,,,PENDING_AT_END
87.85,88.24280419146763,,,,PENDING_AT_END
88.19999999999999,88.33576080259107,,,,PENDING_AT_END
88.55,88.87430263253658,,,,PENDING_AT_END
88.89999999999999,88.97818660195942,,,,PENDING_AT_END
89.25,89.36351687480163,,,,PENDING_AT_END
89.6,89.87087629274649,,,,PENDING_AT_END
89.94999999999999,90.23491478889818,,,,PENDING_AT_END
90.3,90.6074613410109,,,,PENDING_AT_END
90.64999999999999,90.82792464532737,,,,PENDING_AT_END
91.0,91.25017819706375,,,,PENDING_AT_END
91.35,91.45815546527649,,,,PENDING_AT_END
91.69999999999999,92.03146001078363,,,,PENDING_AT_END
92.05,92.39867591728303,,,,PENDING_AT_END
92.39999999999999,92.6699920443995,,,,PENDING_AT_END
92.75,92.83628409858122,,,,PENDING_AT_END
93.1,93.21641624316072,,,,PENDING_AT_END
93.44999999999999,93.56081216268294,,,,PENDING_AT_END
93.8,93.87838988252865,,,,PENDING_AT_END
94.14999999999999,94.40065861037714,,,,PENDING_AT_END
94.5,94.80886208664288,,,,PENDING_AT_END
94.85,95.18965173671225,,,,PENDING_AT_END
95.19999999999999,95.54636271007186,,,,PENDING_AT_END
95.55,95.79516349329118,,,,PENDING_AT_END
95.89999999999999,95.93241918885913,,,,PENDING_AT_END
96.25,96.5461860953742,,,,PENDING_AT_END
96.6,96.90515672999484,,,,PENDING_AT_END
96.94999999999999,97.03998870286819,,,,PENDING_AT_END
97.3,97.45047200677608,,,,PENDING_AT_END
97.64999999999999,97.73862005214029,,,,PENDING_AT_END
98.0,98.11735607280713,,,,PENDING_AT_END
98.35,98.44096580148874,,,,PENDING_AT_END
98.69999999999999,98.96306377803018,,,,PENDING_AT_END
99.05,99.31213346659048,,,,PENDING_AT_END
99.39999999999999,99.66597699373348,,,,PENDING_AT_END
99.75,100.05596061933258,,,,PENDING_AT_END
100.1,100.1682828077846,,,,PENDING_AT_END
100.44999999999999,100.55179689073597,,,,PENDING_AT_END
100.8,101.00109062266087,,,,PENDING_AT_END
101.14999999999999,101.48560374251853,,,,PENDING_AT_END
101.5,101.79469578870655,,,,PENDING_AT_END
101.85,102.2191166087566,,,,PENDING_AT_END
102.19999999999999,102.24753255514977,,,,PENDING_AT_END
102.55,102.60414583409893,,,,PENDING_AT_END
102.89999999999999,103.26428559692177,,,,PENDING_AT_END
103.25,103.31680651416124,,,,PENDING_AT_END
103.6,103.79830350762433,,,,PENDING_AT_END
103.94999999999999,104.27447177630569,,,,PENDING_AT_END
104.3,104.67697366353288,,,,PENDING_AT_END
104.64999999999999,104.82266970555345,,,,PENDING_AT_END
105.0,105.24005378182133,,,,PENDING_AT_END
105.35,105.38124427512244,,,,PENDING_AT_END
105.69999999999999,105.75859562845017,,,,PENDING_AT_END
106.05,106.39056725833264,,,,PENDING_AT_END
106.39999999999999,106.62756066617148,,,,PENDING_AT_END
106.75,106.95124839793459,,,,PENDING_AT_END
107.1,107.42611943083716,,,,PENDING_AT_END
107.44999999999999,107.52166404268371,,,,PENDING_AT_END
107.8,108.10609449792751,,,,PENDING_AT_END
108.14999999999999,108.54855685615833,,,,PENDING_AT_END
108.5,108.6163515825613,,,,PENDING_AT_END
108.85,109.09939458477481,,,,PENDING_AT_END
109.19999999999999,109.27059279978147,,,,PENDING_AT_END
109.55,109.56492675972179,,,,PENDING_AT_END
109.89999999999999,110.05356042853158,,,,PENDING_AT_END
110.25,110.48316280731115,,,,PENDING_AT_END
110.6,110.92585929059115,,,,PENDING_AT_END
110.94999999999999,111.09226499540608,,,,PENDING_AT_END
111.3,111.62644699485902,,,,PENDING_AT_END
111.64999999999999,111.86617344680577,,,,PENDING_AT_END
112.0,112.03410403755313,,,,PENDING_AT_END
112.35,112.723594658894,,,,PENDING_AT_END
112.69999999999999,112.92618987996431,,,,PENDING_AT_END
113.05,113.24720154555659,,,,PENDING_AT_END
113.39999999999999,113.63050509201538,,,,PENDING_AT_END
113.74999999999999,113.79269645341104,,,,PENDING_AT_END
114.1,114.2622759829708,,,,PENDING_AT_END
114.44999999999999,114.7917881128613,,,,PENDING_AT_END
114.8,114.82253820577627,,,,PENDING_AT_END
115.14999999999999,115.19263339602718,,,,PENDING_AT_END
115.49999999999999,115.71394541576002,,,,PENDING_AT_END
115.85,115.87105637899765,,,,PENDING_AT_END
116.19999999999999,116.31041805236563,,,,PENDING_AT_END
116.55,116.93939276641858,,,,PENDING_AT_END
116.89999999999999,117.2005711917398,,,,PENDING_AT_END
117.24999999999999,117.43670820426216,,,,PENDING_AT_END
117.6,117.75594096201388,,,,PENDING_AT_END
117.94999999999999,117.99685372312476,,,,PENDING_AT_END
118.3,118.64611807205218,,,,PENDING_AT_END
118.64999999999999,118.73890879481228,,,,PENDING_AT_END
118.99999999999999,119.15558508079532,,,,PENDING_AT_END
119.35,119.4858019764531,,,,PENDING_AT_END
119.69999999999999,119.88854010214772,,,,PENDING_AT_END
120.05,120.08684344298989,,,,PENDING_AT_END
120.39999999999999,120.79316616068373,,,,PENDING_AT_END
120.74999999999999,120.75773917798877,,,,PENDING_AT_END
121.1,121.25437422055086,,,,PENDING_AT_END
121.44999999999999,121.61440077647686,,,,PENDING_AT_END
121.8,122.01497742339613,,,,PENDING_AT_END
122.14999999999999,122.33859057683033,,,,PENDING_AT_END
122.49999999999999,122.62490208518251,,,,PENDING_AT_END
122.85,123.08423457675792,,,,PENDING_AT_END
123.19999999999999,123.57251002784321,,,,PENDING_AT_END
123.55,123.73991464970625,,,,PENDING_AT_END
123.89999999999999,124.1571601487302,,,,PENDING_AT_END
124.24999999999999,124.46947623571792,,,,PENDING_AT_END
124.6,124.94304571985592,,,,PENDING_AT_END
124.94999999999999,125.13041147283175,,,,PENDING_AT_END
125.3,125.5555563802035,,,,PENDING_AT_END
125.64999999999999,125.96766657856428,,,,PENDING_AT_END
125.99999999999999,126.29803467003454,,,,PENDING_AT_END
126.35,126.568713862507,,,,PENDING_AT_END
126.69999999999999,127.02077160152726,,,,PENDING_AT_END
127.05,127.19644089193021,,,,PENDING_AT_END
127.39999999999999,127.42981268723541,,,,PENDING_AT_END
127.74999999999999,127.90536257692237,,,,PENDING_AT_END
128.1,128.4443953575118,,,,PENDING_AT_END
128.45,128.82035326712236,,,,PENDING_AT_END
128.79999999999998,128.84286200754056,,,,PENDING_AT_END
129.15,129.38689715804142,,,,PENDING_AT_END
129.5,129.53111515502917,,,,PENDING_AT_END
129.85,129.91357466635705,,,,PENDING_AT_END
130.2,130.36281908212214,,,,PENDING_AT_END
130.54999999999998,130.942931448976,,,,PENDING_AT_END
130.9,131.0898316442136,,,,PENDING_AT_END
131.25,131.3036394158906,,,,PENDING_AT_END
131.6,131.930151266197,,,,PENDING_AT_END
131.95,131.9873484615664,,,,PENDING_AT_END
132.29999999999998,132.53830146689344,,,,PENDING_AT_END
132.65,132.8585179028935,,,,PENDING_AT_END
133.0,133.01251428050978,,,,PENDING_AT_END
133.35,133.69819672168964,,,,PENDING_AT_END
133.7,134.0820121310789,,,,PENDING_AT_END
134.04999999999998,134.3380341919852,,,,PENDING_AT_END
134.39999999999998,134.42108722375104,,,,PENDING_AT_END
134.75,134.90225985691814,,,,PENDING_AT_END
135.1,135.19299004209236,,,,PENDING_AT_END
135.45,135.4598517994968,,,,PENDING_AT_END
135.79999999999998,135.8148229819047,,,,PENDING_AT_END
136.14999999999998,136.46293158070551,,,,PENDING_AT_END
136.5,136.76935876695757,,,,PENDING_AT_END
136.85,137.0727975151619,,,,PENDING_AT_END
137.2,137.5730729555321,,,,PENDING_AT_END
137.54999999999998,137.8205955754233,,,,PENDING_AT_END
137.89999999999998,137.96402763385703,,,,PENDING_AT_END
138.25,138.64835403607015,,,,PENDING_AT_END
138.6,138.83030346381585,,,,PENDING_AT_END
138.95,139.08040334368155,,,,PENDING_AT_END
139.29999999999998,139.63954387572372,,,,PENDING_AT_END
139.64999999999998,139.9706073862115,,,,PENDING_AT_END
140.0,140.13466650233784,,,,PENDING_AT_END
140.35,140.67673990653586,,,,PENDING_AT_END
140.7,140.98154594800593,,,,PENDING_AT_END
141.04999999999998,141.16142814008683,,,,PENDING_AT_END
141.39999999999998,141.55042374498407,,,,PENDING_AT_END
141.75,142.0746980013754,,,,PENDING_AT_END
142.1,142.27299873412224,,,,PENDING_AT_END
142.45,142.4868969717529,,,,PENDING_AT_END
142.79999999999998,142.94823325083823,,,,PENDING_AT_END
143.14999999999998,143.509751065359,,,,PENDING_AT_END
143.5,143.88086721850146,,,,PENDING_AT_END
143.85,143.87142306925742,,,,PENDING_AT_END
144.2,144.3539509485314,,,,PENDING_AT_END
144.54999999999998,144.6401226382106,,,,PENDING_AT_END
144.89999999999998,145.29961546584326,,,,PENDING_AT_END
145.25,145.62016830102567,,,,PENDING_AT_END
145.6,145.95574919963522,,,,PENDING_AT_END
145.95,146.01342247972786,,,,PENDING_AT_END
146.29999999999998,146.67252096296554,,,,PENDING_AT_END
146.64999999999998,146.8263872807002,,,,PENDING_AT_END
147.0,147.39526786201446,,,,PENDING_AT_END
147.35,147.45225501786766,,,,PENDING_AT_END
147.7,147.86965562537875,,,,PENDING_AT_END
148.04999999999998,148.39676925952423,,,,PENDING_AT_END
148.39999999999998,148.69814240886274,,,,PENDING_AT_END
148.75,148.8002731149416,,,,PENDING_AT_END
149.1,149.26373755905482,,,,PENDING_AT_END
149.45,149.729183320647,,,,PENDING_AT_END
149.79999999999998,149.95593622348864,,,,PENDING_AT_END
150.14999999999998,150.34720430762803,,,,PENDING_AT_END
150.5,150.75760644805496,,,,PENDING_AT_END
150.85,151.08521608713826,,,,PENDING_AT_END
151.2,151.31099782527906,,,,PENDING_AT_END
151.54999999999998,151.69226464031644,,,,PENDING_AT_END
151.89999999999998,152.20064174036781,,,,PENDING_AT_END
152.25,152.62587584306635,,,,PENDING_AT_END
152.6,152.90245140237457,,,,PENDING_AT_END
152.95,153.0676981589915,,,,PENDING_AT_END
153.29999999999998,153.60272589376777,,,,PENDING_AT_END
153.64999999999998,153.9268336148358,,,,PENDING_AT_END
154.0,154.1440086740177,,,,PENDING_AT_END
154.35,154.6626922858559,,,,PENDING_AT_END
154.7,154.8042897640767,,,,PENDING_AT_END
155.04999999999998,155.44502894624267,,,,PENDING_AT_END
155.39999999999998,155.54648835447125,,,,PENDING_AT_END
155.75,155.99171535506815,,,,PENDING_AT_END
156.1,156.31296043113647,,,,PENDING_AT_END
156.45,156.60017649314346,,,,PENDING_AT_END
156.79999999999998,156.89176459754194,,,,PENDING_AT_END
157.14999999999998,157.18324262981827,,,,PENDING_AT_END
157.5,157.83678505701624,,,,PENDING_AT_END
157.85,158.23393398718534,,,,PENDING_AT_END
158.2,158.5707790118401,,,,PENDING_AT_END
158.54999999999998,158.56600066928448,,,,PENDING_AT_END
158.89999999999998,159.15872368272852,,,,PENDING_AT_END
159.25,159.3660202498748,,,,PENDING_AT_END
159.6,159.90029278935074,,,,PENDING_AT_END
159.95,160.15463070458878,,,,PENDING_AT_END
160.29999999999998,160.49432745549834,,,,PENDING_AT_END
160.64999999999998,161.02819857961566,,,,PENDING_AT_END
161.0,161.02763791414657,,,,PENDING_AT_END
161.35,161.52127948715204,,,,PENDING_AT_END
161.7,161.74914455517523,,,,PENDING_AT_END
162.04999999999998,162.20203030063468,,,,PENDING_AT_END
162.39999999999998,162.53728912840648,,,,PENDING_AT_END
162.75,163.10519388879578,,,,PENDING_AT_END
163.1,163.32646109641487,,,,PENDING_AT_END
163.45,163.59820850248673,,,,PENDING_AT_END
163.79999999999998,164.1707925888655,,,,PENDING_AT_END
164.14999999999998,164.18834710053272,,,,PENDING_AT_END
164.5,164.79686242830508,,,,PENDING_AT_END
164.85,165.1424167899738,,,,PENDING_AT_END
165.2,165.4727403531013,,,,PENDING_AT_END
165.54999999999998,165.66198368314437,,,,PENDING_AT_END
165.89999999999998,165.97342376784997,,,,PENDING_AT_END
166.25,166.25193233815844,,,,PENDING_AT_END
166.6,166.73891658491763,,,,PENDING_AT_END
166.95,167.22063674551646,,,,PENDING_AT_END
167.29999999999998,167.40444540743133,,,,PENDING_AT_END
167.64999999999998,167.98624735963142,,,,PENDING_AT_END
168.0,168.18612426403485,,,,PENDING_AT_END
168.35,168.74029180940673,,,,PENDING_AT_END
168.7,168.72432221681993,,,,PENDING_AT_END
169.04999999999998,169.25987145726648,,,,PENDING_AT_END
169.39999999999998,169.73509656652226,,,,PENDING_AT_END
169.75,169.7607000843621,,,,PENDING_AT_END
170.1,170.4218387052766,,,,PENDING_AT_END
170.45,170.5463845620704,,,,PENDING_AT_END
170.79999999999998,171.01092084562262,,,,PENDING_AT_END
171.14999999999998,171.44934038033847,,,,PENDING_AT_END
171.5,171.85696526572792,,,,PENDING_AT_END
171.85,172.24441459924773,,,,PENDING_AT_END
172.2,172.45795702322533,,,,PENDING_AT_END
172.54999999999998,172.92983457214953,,,,PENDING_AT_END
172.89999999999998,173.0708634652521,,,,PENDING_AT_END
173.25,173.3782746233431,,,,PENDING_AT_END
173.6,173.85345910955024,,,,PENDING_AT_END
173.95,174.12933324090557,,,,PENDING_AT_END
174.29999999999998,174.60621121708428,,,,PENDING_AT_END
174.64999999999998,174.82958041302697,,,,PENDING_AT_END
175.0,175.2260617905019,,,,PENDING_AT_END
175.35,175.65448813650406,,,,PENDING_AT_END
175.7,175.89324618655422,,,,PENDING_AT_END
176.04999999999998,176.10319432124325,,,,PENDING_AT_END
176.39999999999998,176.6934602984561,,,,PENDING_AT_END
176.75,177.11879020977625,,,,PENDING_AT_END
177.1,177.3528187947896,,,,PENDING_AT_END
177.45,177.70919068152756,,,,PENDING_AT_END
177.79999999999998,177.8231305203772,,,,PENDING_AT_END
178.14999999999998,178.45746238782448,,,,PENDING_AT_END
178.5,178.62129575375616,,,,PENDING_AT_END
178.85,179.003836889655,,,,PENDING_AT_END
179.2,179.26703051864285,,,,PENDING_AT_END
179.54999999999998,179.7409735778767,,,,PENDING_AT_END
179.89999999999998,180.0614345297668,,,,PENDING_AT_END
180.25,180.35232684488653,,,,PENDING_AT_END
180.6,180.991820444151,,,,PENDING_AT_END
180.95,181.30448139212098,,,,PENDING_AT_END
181.29999999999998,181.51119992532668,,,,PENDING_AT_END
181.64999999999998,181.6746923172676,,,,PENDING_AT_END
182.0,182.27711288896154,,,,PENDING_AT_END
182.35,182.71874730424022,,,,PENDING_AT_END
182.7,182.90899862307862,,,,PENDING_AT_END
183.04999999999998,183.30634998045562,,,,PENDING_AT_END
183.39999999999998,183.57244347306312,,,,PENDING_AT_END
183.75,184.07082466030482,,,,PENDING_AT_END
184.1,184.47056306654608,,,,PENDING_AT_END
184.45,184.7551847377939,,,,PENDING_AT_END
184.79999999999998,184.893027612736,,,,PENDING_AT_END
185.14999999999998,185.45374870154728,,,,PENDING_AT_END
185.5,185.5427969435857,,,,PENDING_AT_END
185.85,186.06197589339527,,,,PENDING_AT_END
186.2,186.41733345943248,,,,PENDING_AT_END
186.54999999999998,186.7116214572293,,,,PENDING_AT_END
186.89999999999998,187.07563195384273,,,,PENDING_AT_END
187.25,187.51986539893664,,,,PENDING_AT_END
187.6,187.9699172821229,,,,PENDING_AT_END
187.95,188.1881439634011,,,,PENDING_AT_END
188.29999999999998,188.44925300511213,,,,PENDING_AT_END
188.64999999999998,188.69300810350808,,,,PENDING_AT_END
189.0,189.38167568712004,,,,PENDING_AT_END
189.35,189.59097968609032,,,,PENDING_AT_END
189.7,189.78897890054975,,,,PENDING_AT_END
190.04999999999998,190.41224130051236,,,,PENDING_AT_END
190.39999999999998,190.46349883020952,,,,PENDING_AT_END
190.75,190.86336140159585,,,,PENDING_AT_END
191.1,191.29293447456067,,,,PENDING_AT_END
191.45,191.7082824370679,,,,PENDING_AT_END
191.79999999999998,192.0570041554054,,,,PENDING_AT_END
192.14999999999998,192.39676379142225,,,,PENDING_AT_END
192.5,192.5617210729842,,,,PENDING_AT_END
192.85,192.98448143652402,,,,PENDING_AT_END
193.2,193.2865447176668,,,,PENDING_AT_END
193.54999999999998,193.9098980102107,,,,PENDING_AT_END
193.89999999999998,193.90810889863076,,,,PENDING_AT_END
194.25,194.25337770498948,,,,PENDING_AT_END
194.6,194.6587581209188,,,,PENDING_AT_END
194.95,195.26871817595566,,,,PENDING_AT_END
195.29999999999998,195.6845370375871,,,,PENDING_AT_END
195.64999999999998,195.79726102014916,,,,PENDING_AT_END
196.0,196.24497423064895,,,,PENDING_AT_END
196.35,196.50426057335895,,,,PENDING_AT_END
196.7,196.82726722083606,,,,PENDING_AT_END
197.04999999999998,197.37064283420554,,,,PENDING_AT_END
197.39999999999998,197.62379696919697,,,,PENDING_AT_END
197.75,197.94433936283252,,,,PENDING_AT_END
198.1,198.280958524512,,,,PENDING_AT_END
198.45,198.5964945709822,,,,PENDING_AT_END
198.79999999999998,199.12585956210236,,,,PENDING_AT_END
199.14999999999998,199.16662398744438,,,,PENDING_AT_END
199.5,199.78733122422005,,,,PENDING_AT_END
199.85,200.0005081864485,,,,PENDING_AT_END
200.2,200.2885037263751,,,,PENDING_AT_END
200.54999999999998,200.80248321300783,,,,PENDING_AT_END
200.89999999999998,200.92604056980758,,,,PENDING_AT_END
201.25,201.37470553161802,,,,PENDING_AT_END
201.6,201.76294007680892,,,,PENDING_AT_END
201.95,202.26615627099613,,,,PENDING_AT_END
202.29999999999998,202.34333999044233,,,,PENDING_AT_END
202.64999999999998,203.03311734641306,,,,PENDING_AT_END
203.0,203.06308578464404,,,,PENDING_AT_END
203.35,203.5757557536103,,,,PENDING_AT_END
203.7,204.08796169655471,,,,PENDING_AT_END
204.04999999999998,204.16558949968507,,,,PENDING_AT_END
204.39999999999998,204.66310944574275,,,,PENDING_AT_END
204.75,204.8345309627872,,,,PENDING_AT_END
205.1,205.297226796532,,,,PENDING_AT_END
205.45,205.66223446116732,,,,PENDING_AT_END
205.79999999999998,205.80568356331466,,,,PENDING_AT_END
206.14999999999998,206.37731616431665,,,,PENDING_AT_END
206.5,206.78800707525653,,,,PENDING_AT_END
206.85,206.91147746953115,,,,PENDING_AT_END
207.2,207.49200215569738,,,,PENDING_AT_END
207.54999999999998,207.85926665283168,,,,PENDING_AT_END
207.89999999999998,208.10972413090605,,,,PENDING_AT_END
208.25,208.4865672775095,,,,PENDING_AT_END
208.6,208.61592102071896,,,,PENDING_AT_END
208.95,209.33411279944,,,,PENDING_AT_END
209.29999999999998,209.4824245544601,,,,PENDING_AT_END
209.64999999999998,209.982989860146,,,,PENDING_AT_END
210.0,210.35385992239077,,,,PENDING_AT_END
210.35,210.65016836300023,,,,PENDING_AT_END
210.7,211.07984306724933,,,,PENDING_AT_END
211.04999999999998,211.24381537445768,,,,PENDING_AT_END
211.39999999999998,211.64764351981847,,,,PENDING_AT_END
211.75,211.79053657510588,,,,PENDING_AT_END
212.1,212.20579148951802,,,,PENDING_AT_END
212.45,212.7834014936056,,,,PENDING_AT_END
212.79999999999998,213.03642383830865,,,,PENDING_AT_END
213.14999999999998,213.3707556261577,,,,PENDING_AT_END
213.5,213.6904366338244,,,,PENDING_AT_END
213.85,214.1292148120228,,,,PENDING_AT_END
214.2,214.39031965200945,,,,PENDING_AT_END
214.54999999999998,214.93843960951855,,,,PENDING_AT_END
214.89999999999998,214.9422312556943,,,,PENDING_AT_END
215.25,215.41645995021452,,,,PENDING_AT_END
215.6,215.82844714759185,,,,PENDING_AT_END
215.95,216.00727551712816,,,,PENDING_AT_END
216.29999999999998,216.43801451209075,,,,PENDING_AT_END
216.64999999999998,216.71775720265606,,,,PENDING_AT_END
217.0,217.12381118659312,,,,PENDING_AT_END
217.35,217.72059066011698,,,,PENDING_AT_END
217.7,217.7337342501972,,,,PENDING_AT_END
218.04999999999998,218.05648963144264,,,,PENDING_AT_END
218.39999999999998,218.55988574813978,,,,PENDING_AT_END
218.75,218.99370329651862,,,,PENDING_AT_END
219.1,219.3607267463651,,,,PENDING_AT_END
219.45,219.62700841269088,,,,PENDING_AT_END
219.79999999999998,219.91682259753802,,,,PENDING_AT_END
220.14999999999998,220.15064778505086,,,,PENDING_AT_END
220.5,220.77561596769675,,,,PENDING_AT_END
220.85,220.87201852221185,,,,PENDING_AT_END
221.2,221.40545360808198,,,,PENDING_AT_END
221.54999999999998,221.60290605834243,,,,PENDING_AT_END
221.89999999999998,222.15188785098667,,,,PENDING_AT_END
222.25,222.52562452489883,,,,PENDING_AT_END
222.6,222.7592911195197,,,,PENDING_AT_END
222.95,223.24746765454574,,,,PENDING_AT_END
223.29999999999998,223.3285388336902,,,,PENDING_AT_END
223.64999999999998,223.65347422474002,,,,PENDING_AT_END
224.0,224.0375005066491,,,,PENDING_AT_END
224.35,224.56065896722797,,,,PENDING_AT_END
224.7,224.83549293216004,,,,PENDING_AT_END
225.04999999999998,225.1474697435223,,,,PENDING_AT_END
225.39999999999998,225.5815069348842,,,,PENDING_AT_END
225.74999999999997,225.75258927792194,,,,PENDING_AT_END
226.1,226.12494403072995,,,,PENDING_AT_END
226.45,226.45827269882034,,,,PENDING_AT_END
226.79999999999998,226.802468454597,,,,PENDING_AT_END
227.14999999999998,227.20986656174148,,,,PENDING_AT_END
227.49999999999997,227.55618709663273,,,,PENDING_AT_END
227.85,228.13996063505627,,,,PENDING_AT_END
228.2,228.26770962089967,,,,PENDING_AT_END
228.54999999999998,228.7083062695253,,,,PENDING_AT_END
228.89999999999998,229.23150652414017,,,,PENDING_AT_END
229.24999999999997,229.59958849840993,,,,PENDING_AT_END
229.6,229.97756489996326,,,,PENDING_AT_END
229.95,229.96673502122945,,,,PENDING_AT_END
230.29999999999998,230.33831936670796,,,,PENDING_AT_END
230.64999999999998,230.94807960103674,,,,PENDING_AT_END
230.99999999999997,231.0487578687748,,,,PENDING_AT_END
231.35,231.73659458408426,,,,PENDING_AT_END
231.7,231.73066201138903,,,,PENDING_AT_END
232.04999999999998,232.41578452853318,,,,PENDING_AT_END
232.39999999999998,232.61842213245825,,,,PENDING_AT_END
232.74999999999997,232.77726518134452,,,,PENDING_AT_END
233.1,233.25152128507582,,,,PENDING_AT_END
233.45,233.52837263283044,,,,PENDING_AT_END
233.79999999999998,233.90744356729468,,,,PENDING_AT_END
234.14999999999998,234.38520883951156,,,,PENDING_AT_END
234.49999999999997,234.50207647616534,,,,PENDING_AT_END
234.85,235.00281177436082,,,,PENDING_AT_END
235.2,235.38528072368018,,,,PENDING_AT_END
235.54999999999998,235.79639832233832,,,,PENDING_AT_END
235.89999999999998,236.26039868437306,,,,PENDING_AT_END
236.24999999999997,236.58723506946794,,,,PENDING_AT_END
236.6,236.61586644601462,,,,PENDING_AT_END
236.95,237.34229311379755,,,,PENDING_AT_END
237.29999999999998,237.41264499608835,,,,PENDING_AT_END
237.64999999999998,237.77196621918483,,,,PENDING_AT_END
237.99999999999997,238.03262524840673,,,,PENDING_AT_END
238.35,238.67131226939003,,,,PENDING_AT_END
238.7,239.01078345177274,,,,PENDING_AT_END
239.04999999999998,239.22021835812737,,,,PENDING_AT_END
239.39999999999998,239.73437826388914,,,,PENDING_AT_END
239.74999999999997,239.9734571044141,,,,PENDING_AT_END
240.1,240.39747384831847,,,,PENDING_AT_END
240.45,240.5951206568243,,,,PENDING_AT_END
240.79999999999998,241.02696791702843,,,,PENDING_AT_END
241.14999999999998,241.2529164575726,,,,PENDING_AT_END
241.49999999999997,241.55404743526012,,,,PENDING_AT_END
241.85,242.23797628854837,,,,PENDING_AT_END
242.2,242.43602944295674,,,,PENDING_AT_END
242.54999999999998,242.68174259813688,,,,PENDING_AT_END
242.89999999999998,243.15244889076394,,,,PENDING_AT_END
243.24999999999997,243.29861716458984,,,,PENDING_AT_END
243.6,243.7784267906721,,,,PENDING_AT_END
243.95,243.9934191020218,,,,PENDING_AT_END
244.29999999999998,244.65929713807802,,,,PENDING_AT_END
244.64999999999998,244.84387279754804,,,,PENDING_AT_END
244.99999999999997,245.3470523440324,,,,PENDING_AT_END
245.35,245.4123734617613,,,,PENDING_AT_END
245.7,245.83070420996302,,,,PENDING_AT_END
246.04999999999998,246.3915193805141,,,,PENDING_AT_END
246.39999999999998,246.71467735712082,,,,PENDING_AT_END
246.74999999999997,246.98802652177355,,,,PENDING_AT_END
247.1,247.22645819284568,,,,PENDING_AT_END
247.45,247.46441344312444,,,,PENDING_AT_END
247.79999999999998,247.86281955750613,,,,PENDING_AT_END
248.14999999999998,248.26016590274435,,,,PENDING_AT_END
248.49999999999997,248.79552851366006,,,,PENDING_AT_END
248.85,249.21041996096372,,,,PENDING_AT_END
249.2,249.2334513868227,,,,PENDING_AT_END
249.54999999999998,249.75730214614683,,,,PENDING_AT_END
249.89999999999998,250.28576399026144,,,,PENDING_AT_END
250.24999999999997,250.30676882539964,,,,PENDING_AT_END
250.6,250.73023983190606,,,,PENDING_AT_END
250.95,251.26979931075385,,,,PENDING_AT_END
251.29999999999998,251.55460553027652,,,,PENDING_AT_END
251.64999999999998,251.6701604972223,,,,PENDING_AT_END
251.99999999999997,252.2781264348823,,,,PENDING_AT_END
252.35,252.72901192708397,,,,PENDING_AT_END
252.7,252.94707536350825,,,,PENDING_AT_END
253.04999999999998,253.43836049237453,,,,PENDING_AT_END
253.39999999999998,253.40078948731087,,,,PENDING_AT_END
253.74999999999997,254.10205386331862,,,,PENDING_AT_END
254.1,254.2177597139527,,,,PENDING_AT_END
254.45,254.8373563446159,,,,PENDING_AT_END
254.79999999999998,255.0603393100719,,,,PENDING_AT_END
255.14999999999998,255.2053273541299,,,,PENDING_AT_END
255.49999999999997,255.58610781504242,,,,PENDING_AT_END
255.85,256.2359412711108,,,,PENDING_AT_END
256.2,256.2717749602411,,,,PENDING_AT_END
256.55,256.59614744084917,,,,PENDING_AT_END
256.9,257.0851783473174,,,,PENDING_AT_END
257.25,257.37813789036124,,,,PENDING_AT_END
257.59999999999997,257.80127452445817,,,,PENDING_AT_END
257.95,258.1490949390621,,,,PENDING_AT_END
258.3,258.3499789441939,,,,PENDING_AT_END
258.65,258.9245185493281,,,,PENDING_AT_END
259.0,259.0777179812003,,,,PENDING_AT_END
259.34999999999997,259.35095236049466,,,,PENDING_AT_END
259.7,259.7066530179996,,,,PENDING_AT_END
260.05,260.0860391041345,,,,PENDING_AT_END
260.4,260.48254327063444,,,,PENDING_AT_END
260.75,261.07079302858585,,,,PENDING_AT_END
261.09999999999997,261.152103373451,,,,PENDING_AT_END
261.45,261.5440423253353,,,,PENDING_AT_END
261.8,262.1112588331819,,,,PENDING_AT_END
262.15,262.31612834468365,,,,PENDING_AT_END
262.5,262.67012460181627,,,,PENDING_AT_END
262.84999999999997,263.1428152793224,,,,PENDING_AT_END
263.2,263.5266538395352,,,,PENDING_AT_END
263.55,263.6620298424578,,,,PENDING_AT_END
263.9,264.10722507501964,,,,PENDING_AT_END
264.25,264.31688630633914,,,,PENDING_AT_END
264.59999999999997,264.80411217434863,,,,PENDING_AT_END
264.95,265.14567846523113,,,,PENDING_AT_END
265.3,265.3043510004848,,,,PENDING_AT_END
265.65,266.0148078536847,,,,PENDING_AT_END
266.0,266.2459764989071,,,,PENDING_AT_END
266.34999999999997,266.36755881882056,,,,PENDING_AT_END
266.7,267.03362949162266,,,,PENDING_AT_END
267.05,267.16971364799775,,,,PENDING_AT_END
267.4,267.5729594744157,,,,PENDING_AT_END
267.75,267.76251587181673,,,,PENDING_AT_END
268.09999999999997,268.3314439741209,,,,PENDING_AT_END
268.45,268.60467728798807,,,,PENDING_AT_END
268.79999999999995,268.9565630312769,,,,PENDING_AT_END
269.15,269.3296450846125,,,,PENDING_AT_END
269.5,269.83469058405456,,,,PENDING_AT_END
269.84999999999997,269.9198538826932,,,,PENDING_AT_END
270.2,270.3513367981662,,,,PENDING_AT_END
270.54999999999995,270.80310686277346,,,,PENDING_AT_END
270.9,271.2789285832406,,,,PENDING_AT_END
271.25,271.53362345876894,,,,PENDING_AT_END
271.59999999999997,271.93959941397355,,,,PENDING_AT_END
271.95,272.3281889458023,,,,PENDING_AT_END
272.29999999999995,272.42475464595657,,,,PENDING_AT_END
272.65,272.89397740840377,,,,PENDING_AT_END
273.0,273.02802807362957,,,,PENDING_AT_END
273.34999999999997,273.7422978867216,,,,PENDING_AT_END
273.7,273.7166253395588,,,,PENDING_AT_END
274.04999999999995,274.36680359159334,,,,PENDING_AT_END
274.4,274.5971022400945,,,,PENDING_AT_END
274.75,275.1435937864036,,,,PENDING_AT_END
275.09999999999997,275.21912209040437,,,,PENDING_AT_END
275.45,275.8490734267096,,,,PENDING_AT_END
275.79999999999995,275.93105814118655,,,,PENDING_AT_END
276.15,276.25281266566344,,,,PENDING_AT_END
276.5,276.83218138805057,,,,PENDING_AT_END
276.84999999999997,276.97829036902766,,,,PENDING_AT_END
277.2,277.400851827409,,,,PENDING_AT_END
277.54999999999995,277.6558755121615,,,,PENDING_AT_END
277.9,278.02187361690187,,,,PENDING_AT_END
278.25,278.4128141145235,,,,PENDING_AT_END
278.59999999999997,278.78710968632043,,,,PENDING_AT_END
278.95,279.23678657396607,,,,PENDING_AT_END
279.29999999999995,279.3472152151021,,,,PENDING_AT_END
279.65,279.9251465136266,,,,PENDING_AT_END
280.0,280.36008117685697,,,,PENDING_AT_END
280.34999999999997,280.5300813052393,,,,PENDING_AT_END
280.7,280.83782895266273,,,,PENDING_AT_END
281.04999999999995,281.1518666063764,,,,PENDING_AT_END
281.4,281.58623599559655,,,,PENDING_AT_END
281.75,282.04855195159325,,,,PENDING_AT_END
282.09999999999997,282.1847594756949,,,,PENDING_AT_END
282.45,282.786928883715,,,,PENDING_AT_END
282.79999999999995,283.0084498223928,,,,PENDING_AT_END
283.15,283.4895636065729,,,,PENDING_AT_END
283.5,283.8079012459963,,,,PENDING_AT_END
283.84999999999997,283.90840871315385,,,,PENDING_AT_END
284.2,284.51319601469294,,,,PENDING_AT_END
284.54999999999995,284.6194094562703,,,,PENDING_AT_END
284.9,285.08737586071345,,,,PENDING_AT_END
285.25,285.4010481936522,,,,PENDING_AT_END
285.59999999999997,285.9843456188452,,,,PENDING_AT_END
285.95,286.052823453415,,,,PENDING_AT_END
286.29999999999995,286.5934539125391,,,,PENDING_AT_END
286.65,286.90262987699964,,,,PENDING_AT_END
287.0,287.0512359872449,,,,PENDING_AT_END
287.34999999999997,287.69449750871985,,,,PENDING_AT_END
287.7,288.0073917913259,,,,PENDING_AT_END
288.04999999999995,288.35817760765246,,,,PENDING_AT_END
288.4,288.51585682624807,,,,PENDING_AT_END
288.75,288.9213382532853,,,,PENDING_AT_END
289.09999999999997,289.22214157683476,,,,PENDING_AT_END
289.45,289.70120456598744,,,,PENDING_AT_END
289.79999999999995,290.0590560080367,,,,PENDING_AT_END
290.15,290.2256418969996,,,,PENDING_AT_END
290.5,290.79181572505854,,,,PENDING_AT_END
290.84999999999997,291.13803204604363,,,,PENDING_AT_END
291.2,291.2621294070578,,,,PENDING_AT_END
291.54999999999995,291.5900500740104,,,,PENDING_AT_END
291.9,292.0201006091645,,,,PENDING_AT_END
292.25,292.40389860992343,,,,PENDING_AT_END
292.59999999999997,292.7305433236265,,,,PENDING_AT_END
292.95,293.2904598977938,,,,PENDING_AT_END
293.29999999999995,293.6859909402234,,,,PENDING_AT_END
293.65,293.7675542097064,,,,PENDING_AT_END
294.0,294.35964825128144,,,,PENDING_AT_END
294.34999999999997,294.430498312575,,,,PENDING_AT_END
294.7,295.0960263060127,,,,PENDING_AT_END
295.04999999999995,295.1188804387547,,,,PENDING_AT_END
295.4,295.7914017147275,,,,PENDING_AT_END
295.75,295.80458012217343,,,,PENDING_AT_END
296.09999999999997,296.1995350817014,,,,PENDING_AT_END
296.45,296.7657850174797,,,,PENDING_AT_END
296.79999999999995,296.9331602922774,,,,PENDING_AT_END
297.15,297.24787848656877,,,,PENDING_AT_END
297.5,297.63964357193584,,,,PENDING_AT_END
297.84999999999997,298.0168939099154,,,,PENDING_AT_END
298.2,298.52362289178944,,,,PENDING_AT_END
298.54999999999995,298.94433873633295,,,,PENDING_AT_END
298.9,299.2096771233122,,,,PENDING_AT_END
299.25,299.459542246457,,,,PENDING_AT_END
299.59999999999997,299.98530661980584,,,,PENDING_AT_END
299.95,300.2560713273745,,,,PENDING_AT_END
300.29999999999995,300.62638717998516,,,,PENDING_AT_END
300.65,300.95814601625284,,,,PENDING_AT_END
301.0,301.26833791842637,,,,PENDING_AT_END
301.34999999999997,301.47130641819473,,,,PENDING_AT_END
301.7,302.06065209398986,,,,PENDING_AT_END
302.04999999999995,302.10950359602134,,,,PENDING_AT_END
302.4,302.40211889437796,,,,PENDING_AT_END
302.75,303.0648896157079,,,,PENDING_AT_END
303.09999999999997,303.1884324724712,,,,PENDING_AT_END
303.45,303.7299359250508,,,,PENDING_AT_END
303.79999999999995,304.01887155175416,,,,PENDING_AT_END
304.15,304.1952167278582,,,,PENDING_AT_END
304.5,304.5931041473433,,,,PENDING_AT_END
304.84999999999997,305.1042235924802,,,,PENDING_AT_END
305.2,305.4555318039558,,,,PENDING_AT_END
305.54999999999995,305.5792900258074,,,,PENDING_AT_END
305.9,306.14459600173825,,,,PENDING_AT_END
306.25,306.6100785623951,,,,PENDING_AT_END
306.59999999999997,306.8687962217835,,,,PENDING_AT_END
306.95,307.14272845974807,,,,PENDING_AT_END
307.29999999999995,307.3032116058447,,,,PENDING_AT_END
307.65,308.0156899968108,,,,PENDING_AT_END
308.0,308.3506593081032,,,,PENDING_AT_END
308.34999999999997,308.39607995428247,,,,PENDING_AT_END
308.7,308.7315943132524,,,,PENDING_AT_END
309.04999999999995,309.3494779430986,,,,PENDING_AT_END
309.4,309.61133103998884,,,,PENDING_AT_END
309.75,310.0046833288087,,,,PENDING_AT_END
310.09999999999997,310.43509137378265,,,,PENDING_AT_END
310.45,310.5347455503616,,,,PENDING_AT_END
310.79999999999995,310.9414627052645,,,,PENDING_AT_END
311.15,311.3938216575185,,,,PENDING_AT_END
311.5,311.56418320402145,,,,PENDING_AT_END
311.84999999999997,311.8793241265808,,,,PENDING_AT_END
312.2,312.34327579899235,,,,PENDING_AT_END
312.54999999999995,312.73505873046906,,,,PENDING_AT_END
312.9,313.18896863138514,,,,PENDING_AT_END
313.25,313.41200438838564,,,,PENDING_AT_END
313.59999999999997,313.61562095754397,,,,PENDING_AT_END
313.95,314.2603128405339,,,,PENDING_AT_END
314.29999999999995,314.4505491441547,,,,PENDING_AT_END
314.65,315.0093443560604,,,,PENDING_AT_END
315.0,315.17939547264723,,,,PENDING_AT_END
315.34999999999997,315.6050352405437,,,,PENDING_AT_END
315.7,315.70907201578956,,,,PENDING_AT_END
316.04999999999995,316.4047932757114,,,,PENDING_AT_END
316.4,316.72810909969314,,,,PENDING_AT_END
316.75,316.9922011904514,,,,PENDING_AT_END
317.09999999999997,317.41422676074416,,,,PENDING_AT_END
317.45,317.5048427615189,,,,PENDING_AT_END
317.79999999999995,318.14870132447027,,,,PENDING_AT_END
318.15,318.29825730342964,,,,PENDING_AT_END
318.5,318.5153890122639,,,,PENDING_AT_END
318.84999999999997,319.22541801215283,,,,PENDING_AT_END
319.2,319.4226650024338,,,,PENDING_AT_END
319.54999999999995,319.5869909645978,,,,PENDING_AT_END
319.9,319.912171028985,,,,PENDING_AT_END
320.25,320.4812991793601,,,,PENDING_AT_END
320.59999999999997,320.7059208610502,,,,PENDING_AT_END
320.95,321.0383839399073,,,,PENDING_AT_END
321.29999999999995,321.31419688206654,,,,PENDING_AT_END
321.65,321.8337720408681,,,,PENDING_AT_END
322.0,322.09011487704015,,,,PENDING_AT_END
322.34999999999997,322.6500059813682,,,,PENDING_AT_END
322.7,322.97093396298607,,,,PENDING_AT_END
323.04999999999995,323.184359241715,,,,PENDING_AT_END
323.4,323.6263440110954,,,,PENDING_AT_END
323.75,323.8084143830731,,,,PENDING_AT_END
324.09999999999997,324.357296912113,,,,PENDING_AT_END
324.45,324.7014035886189,,,,PENDING_AT_END
324.79999999999995,325.02144355776466,,,,PENDING_AT_END
325.15,325.483685221174,,,,PENDING_AT_END
325.5,325.71045753709416,,,,PENDING_AT_END
325.84999999999997,326.0030592854724,,,,PENDING_AT_END
326.2,326.2790684549041,,,,PENDING_AT_END
326.54999999999995,326.61598448118957,,,,PENDING_AT_END
326.9,327.05743023994523,,,,PENDING_AT_END
327.25,327.42810444360134,,,,PENDING_AT_END
327.59999999999997,327.8946355200598,,,,PENDING_AT_END
327.95,328.22799045336643,,,,PENDING_AT_END
328.29999999999995,328.3401831450692,,,,PENDING_AT_END
328.65,328.77375834955717,,,,PENDING_AT_END
329.0,329.03166433795275,,,,PENDING_AT_END
329.34999999999997,329.37456202643745,,,,PENDING_AT_END
329.7,329.83588214882815,,,,PENDING_AT_END
330.04999999999995,330.3938185262582,,,,PENDING_AT_END
330.4,330.6011755551832,,,,PENDING_AT_END
330.75,331.0912947472332,,,,PENDING_AT_END
331.09999999999997,331.44445212625186,,,,PENDING_AT_END
331.45,331.84700074517247,,,,PENDING_AT_END
331.79999999999995,331.91052848729123,,,,PENDING_AT_END
332.15,332.2564539666489,,,,PENDING_AT_END
332.5,332.8907066135549,,,,PENDING_AT_END
332.84999999999997,332.92437974641285,,,,PENDING_AT_END
333.2,333.4884827491497,,,,PENDING_AT_END
333.54999999999995,333.6667355153978,,,,PENDING_AT_END
333.9,334.1367679006479,,,,PENDING_AT_END
334.25,334.2622950100723,,,,PENDING_AT_END
334.59999999999997,334.7505585362621,,,,PENDING_AT_END
334.95,335.3479321026826,,,,PENDING_AT_END
335.29999999999995,335.4029107950047,,,,PENDING_AT_END
335.65,335.8025855955142,,,,PENDING_AT_END
336.0,336.0448069223204,,,,PENDING_AT_END
336.34999999999997,336.7261998748742,,,,PENDING_AT_END
336.7,336.90248481253894,,,,PENDING_AT_END
337.04999999999995,337.1307112569622,,,,PENDING_AT_END
337.4,337.7620629630321,,,,PENDING_AT_END
337.75,337.95250357053305,,,,PENDING_AT_END
338.09999999999997,338.3983922364212,,,,PENDING_AT_END
338.45,338.61521195023425,,,,PENDING_AT_END
338.79999999999995,338.9201855412384,,,,PENDING_AT_END
339.15,339.4396852169465,,,,PENDING_AT_END
339.5,339.77621077162087,,,,PENDING_AT_END
339.84999999999997,340.14050393579913,,,,PENDING_AT_END
340.2,340.53324301336096,,,,PENDING_AT_END
340.54999999999995,340.9133118251283,,,,PENDING_AT_END
340.9,341.2488290430638,,,,PENDING_AT_END
341.25,341.3923056022295,,,,PENDING_AT_END
341.59999999999997,341.71375445025154,,,,PENDING_AT_END
341.95,342.13982970195883,,,,PENDING_AT_END
342.29999999999995,342.3984500454594,,,,PENDING_AT_END
342.65,342.9661972450732,,,,PENDING_AT_END
343.0,343.1171269788997,,,,PENDING_AT_END
343.34999999999997,343.70084851484313,,,,PENDING_AT_END
343.7,343.75343312560454,,,,PENDING_AT_END
344.04999999999995,344.25331986233186,,,,PENDING_AT_END
344.4,344.6357745512853,,,,PENDING_AT_END
344.75,345.0704509282815,,,,PENDING_AT_END
345.09999999999997,345.1647739817252,,,,PENDING_AT_END
345.45,345.5720740417651,,,,PENDING_AT_END
345.79999999999995,346.1267367500278,,,,PENDING_AT_END
346.15,346.3332994160428,,,,PENDING_AT_END
346.5,346.72556857334337,,,,PENDING_AT_END
346.84999999999997,347.22704284664866,,,,PENDING_AT_END
347.2,347.41727996521746,,,,PENDING_AT_END
347.54999999999995,347.624854224699,,,,PENDING_AT_END
347.9,348.2190441766015,,,,PENDING_AT_END
348.25,348.38594676358946,,,,PENDING_AT_END
348.59999999999997,348.8767737635823,,,,PENDING_AT_END
348.95,348.9605521909239,,,,PENDING_AT_END
349.29999999999995,349.56049155276344,,,,PENDING_AT_END
349.65,349.76182651862905,,,,PENDING_AT_END
350.0,350.0488476962487,,,,PENDING_AT_END
350.34999999999997,350.35376957986574,,,,PENDING_AT_END
350.7,350.8200826872473,,,,PENDING_AT_END
351.04999999999995,351.2866205352875,,,,PENDING_AT_END
351.4,351.55978191530244,,,,PENDING_AT_END
351.75,351.79380631077606,,,,PENDING_AT_END
352.09999999999997,352.4318602318669,,,,PENDING_AT_END
352.45,352.6392892165349,,,,PENDING_AT_END
352.79999999999995,353.01069837308444,,,,PENDING_AT_END
353.15,353.47008383357456,,,,PENDING_AT_END
353.5,353.6487059361003,,,,PENDING_AT_END
353.84999999999997,354.07634836655524,,,,PENDING_AT_END
354.2,354.53448701396263,,,,PENDING_AT_END
354.54999999999995,354.5625386349001,,,,PENDING_AT_END
354.9,355.03855773341706,,,,PENDING_AT_END
355.25,355.53138558155285,,,,PENDING_AT_END
355.59999999999997,355.818557174147,,,,PENDING_AT_END
355.95,356.1037348030016,,,,PENDING_AT_END
356.29999999999995,356.35122109048507,,,,PENDING_AT_END
356.65,356.9476270688507,,,,PENDING_AT_END
357.0,357.23782213084917,,,,PENDING_AT_END
357.34999999999997,357.6898349666147,,,,PENDING_AT_END
357.7,357.7859813131002,,,,PENDING_AT_END
358.04999999999995,358.2766073028397,,,,PENDING_AT_END
358.4,358.7204823441542,,,,PENDING_AT_END
358.75,359.12055542448,,,,PENDING_AT_END
359.09999999999997,359.3923926855178,,,,PENDING_AT_END
359.45,359.45335748801386,,,,PENDING_AT_END
359.79999999999995,360.0984226217022,,,,PENDING_AT_END
360.15,360.40153409807317,,,,PENDING_AT_END
360.5,360.5511402745675,,,,PENDING_AT_END
360.84999999999997,360.9885636858291,,,,PENDING_AT_END
361.2,361.34049880189394,,,,PENDING_AT_END
361.54999999999995,361.6281325089777,,,,PENDING_AT_END
361.9,362.0338699217458,,,,PENDING_AT_END
362.25,362.51350672001627,,,,PENDING_AT_END
362.59999999999997,362.94654225599646,,,,PENDING_AT_END
362.95,363.0976929974565,,,,PENDING_AT_END
363.29999999999995,363.57727730931674,,,,PENDING_AT_END
363.65,363.83177217496234,,,,PENDING_AT_END
364.0,364.3289133801684,,,,PENDING_AT_END
364.34999999999997,364.61727723701694,,,,PENDING_AT_END
364.7,364.7872784498498,,,,PENDING_AT_END
365.04999999999995,365.1202843690429,,,,PENDING_AT_END
365.4,365.54351880001457,,,,PENDING_AT_END
365.75,365.87458202946823,,,,PENDING_AT_END
366.09999999999997,366.31233397340594,,,,PENDING_AT_END
366.45,366.78610857573,,,,PENDING_AT_END
366.79999999999995,367.12268078038676,,,,PENDING_AT_END
367.15,367.199205208483,,,,PENDING_AT_END
367.5,367.8999252530782,,,,PENDING_AT_END
367.84999999999997,368.1452358568136,,,,PENDING_AT_END
368.2,368.24678904432807,,,,PENDING_AT_END
368.54999999999995,368.7279632340403,,,,PENDING_AT_END
368.9,368.94876869765085,,,,PENDING_AT_END
369.25,369.3450464030118,,,,PENDING_AT_END
369.59999999999997,369.68249557425025,,,,PENDING_AT_END
369.95,370.1728736525658,,,,PENDING_AT_END
370.29999999999995,370.4645024512471,,,,PENDING_AT_END
370.65,371.0066453644454,,,,PENDING_AT_END
371.0,371.3329227672908,,,,PENDING_AT_END
371.34999999999997,371.6027913873683,,,,PENDING_AT_END
371.7,371.7497326413897,,,,PENDING_AT_END
372.04999999999995,372.0846174160831,,,,PENDING_AT_END
372.4,372.57149608307816,,,,PENDING_AT_END
372.75,372.8736101964457,,,,PENDING_AT_END
373.09999999999997,373.1881113247668,,,,PENDING_AT_END
373.45,373.6481887873587,,,,PENDING_AT_END
373.79999999999995,374.01905552886603,,,,PENDING_AT_END
374.15,374.1779666437435,,,,PENDING_AT_END
374.5,374.87272385975257,,,,PENDING_AT_END
374.84999999999997,374.942392096888,,,,PENDING_AT_END
375.2,375.58036870564246,,,,PENDING_AT_END
375.54999999999995,375.90360485794713,,,,PENDING_AT_END
375.9,375.9863005708114,,,,PENDING_AT_END
376.25,376.60841859786603,,,,PENDING_AT_END
376.59999999999997,376.86761888418636,,,,PENDING_AT_END
376.95,377.2223424481883,,,,PENDING_AT_END
377.29999999999995,377.33352997277075,,,,PENDING_AT_END
377.65,377.6725623992502,,,,PENDING_AT_END
378.0,378.1399259560808,,,,PENDING_AT_END
378.34999999999997,378.6783569761473,,,,PENDING_AT_END
378.7,378.9154067990083,,,,PENDING_AT_END
379.04999999999995,379.3585075520757,,,,PENDING_AT_END
379.4,379.7977032219592,,,,PENDING_AT_END
379.75,379.88231857548124,,,,PENDING_AT_END
380.09999999999997,380.1636197052049,,,,PENDING_AT_END
380.45,380.8134456082699,,,,PENDING_AT_END
380.79999999999995,380.8851698386994,,,,PENDING_AT_END
381.15,381.3198120975078,,,,PENDING_AT_END
381.5,381.6122484928343,,,,PENDING_AT_END
381.84999999999997,382.1193262808882,,,,PENDING_AT_END
382.2,382.28084008948696,,,,PENDING_AT_END
382.54999999999995,382.59986679384247,,,,PENDING_AT_END
382.9,382.932978370092,,,,PENDING_AT_END
383.25,383.3116829723126,,,,PENDING_AT_END
383.59999999999997,383.85764707803565,,,,PENDING_AT_END
383.95,384.1965544496214,,,,PENDING_AT_END
384.29999999999995,384.6733344839495,,,,PENDING_AT_END
384.65,384.81827953654806,,,,PENDING_AT_END
385.0,385.2134131779111,,,,PENDING_AT_END
385.34999999999997,385.6389392635336,,,,PENDING_AT_END
385.7,385.8902579830836,,,,PENDING_AT_END
386.04999999999995,386.1673037384544,,,,PENDING_AT_END
386.4,386.6666568329771,,,,PENDING_AT_END
386.75,386.93884653294504,,,,PENDING_AT_END
387.09999999999997,387.23220573396355,,,,PENDING_AT_END
387.45,387.57579642004436,,,,PENDING_AT_END
387.79999999999995,387.95880685346515,,,,PENDING_AT_END
388.15,388.3258956008857,,,,PENDING_AT_END
388.5,388.5547085823033,,,,PENDING_AT_END
388.84999999999997,389.1272000360188,,,,PENDING_AT_END
389.2,389.3758337881008,,,,PENDING_AT_END
389.54999999999995,389.9275807462592,,,,PENDING_AT_END
389.9,390.2779385070613,,,,PENDING_AT_END
390.25,390.2644518638458,,,,PENDING_AT_END
390.59999999999997,390.7535311233267,,,,PENDING_AT_END
390.95,391.19638306675193,,,,PENDING_AT_END
391.29999999999995,391.3415366252782,,,,PENDING_AT_END
391.65,392.023292734151,,,,PENDING_AT_END
392.0,392.05137271582134,,,,PENDING_AT_END
392.34999999999997,392.64312726124086,,,,PENDING_AT_END
392.7,392.82549164881056,,,,PENDING_AT_END
393.04999999999995,393.3921051136798,,,,PENDING_AT_END
393.4,393.55831348156323,,,,PENDING_AT_END
393.75,393.8818520533007,,,,PENDING_AT_END
394.09999999999997,394.4444862850764,,,,PENDING_AT_END
394.45,394.5665237786731,,,,PENDING_AT_END
394.79999999999995,394.9681485959459,,,,PENDING_AT_END
395.15,395.478643949544,,,,PENDING_AT_END
395.5,395.5946292644902,,,,PENDING_AT_END
395.84999999999997,395.88973973621677,,,,PENDING_AT_END
396.2,396.5620973261708,,,,PENDING_AT_END
396.54999999999995,396.5848603585953,,,,PENDING_AT_END
396.9,397.05260829555027,,,,PENDING_AT_END
397.25,397.5048866412268,,,,PENDING_AT_END
397.59999999999997,397.81677149032856,,,,PENDING_AT_END
397.95,398.07487038065284,,,,PENDING_AT_END
398.29999999999995,398.31139412275,,,,PENDING_AT_END
398.65,398.80473619922554,,,,PENDING_AT_END
399.0,399.3372125122702,,,,PENDING_AT_END
399.34999999999997,399.3897537217077,,,,PENDING_AT_END
399.7,399.716515151838,,,,PENDING_AT_END
400.04999999999995,400.3366280427372,,,,PENDING_AT_END
400.4,400.66253114278595,,,,PENDING_AT_END
400.75,400.7539129069918,,,,PENDING_AT_END
401.09999999999997,401.19821145460065,,,,PENDING_AT_END
401.45,401.8407760930324,,,,PENDING_AT_END
401.79999999999995,401.89992920806935,,,,PENDING_AT_END
402.15,402.2423582097433,,,,PENDING_AT_END
402.5,402.64773032587675,,,,PENDING_AT_END
402.84999999999997,402.8989622281487,,,,PENDING_AT_END
403.2,403.33013505597995,,,,PENDING_AT_END
403.54999999999995,403.6186878596085,,,,PENDING_AT_END
403.9,404.13787773149954,,,,PENDING_AT_END
404.25,404.28558680244544,,,,PENDING_AT_END
404.59999999999997,404.9276609103503,,,,PENDING_AT_END
404.95,405.1095907601513,,,,PENDING_AT_END
405.29999999999995,405.3797080358721,,,,PENDING_AT_END
405.65,406.00800884086436,,,,PENDING_AT_END
406.0,406.33460786473813,,,,PENDING_AT_END
406.34999999999997,406.6438706779832,,,,PENDING_AT_END
406.7,406.7961805963501,,,,PENDING_AT_END
407.04999999999995,407.29804790769685,,,,PENDING_AT_END
407.4,407.7819025380545,,,,PENDING_AT_END
407.75,407.7814137001276,,,,PENDING_AT_END
408.09999999999997,408.368063710007,,,,PENDING_AT_END
408.45,408.6544674881969,,,,PENDING_AT_END
408.79999999999995,409.07264604962256,,,,PENDING_AT_END
409.15,409.5312932082145,,,,PENDING_AT_END
409.5,409.62316832519696,,,,PENDING_AT_END
409.84999999999997,410.1979013061488,,,,PENDING_AT_END
410.2,410.21186201275583,,,,PENDING_AT_END
410.54999999999995,410.7356822867564,,,,PENDING_AT_END
410.9,411.0169004463629,,,,PENDING_AT_END
411.25,411.3847701871838,,,,PENDING_AT_END
411.59999999999997,411.870185204635,,,,PENDING_AT_END
411.95,412.3089699654784,,,,PENDING_AT_END
412.29999999999995,412.4802915475907,,,,PENDING_AT_END
412.65,412.8454606845047,,,,PENDING_AT_END
413.0,413.36811213878093,,,,PENDING_AT_END
413.34999999999997,413.39844237461165,,,,PENDING_AT_END
413.7,414.05545660344814,,,,PENDING_AT_END
414.04999999999995,414.409479279578,,,,PENDING_AT_END
414.4,414.7287317330862,,,,PENDING_AT_END
414.75,415.0493093843014,,,,PENDING_AT_END
415.09999999999997,415.4165753315279,,,,PENDING_AT_END
415.45,415.7971267196544,,,,PENDING_AT_END
415.79999999999995,416.0005705154239,,,,PENDING_AT_END
416.15,416.1888365966122,,,,PENDING_AT_END
416.5,416.597794214489,,,,PENDING_AT_END
416.84999999999997,417.1531072919816,,,,PENDING_AT_END
417.2,417.5542604189124,,,,PENDING_AT_END
417.54999999999995,417.6386764164548,,,,PENDING_AT_END
417.9,418.2141050486314,,,,PENDING_AT_END
418.25,418.6055518515176,,,,PENDING_AT_END
418.59999999999997,418.88231617937544,,,,PENDING_AT_END
418.95,419.02874118399546,,,,PENDING_AT_END
419.29999999999995,419.43300729232055,,,,PENDING_AT_END
419.65,419.94383862421864,,,,PENDING_AT_END
420.0,420.18533322717997,,,,PENDING_AT_END
420.34999999999997,420.5522587144781,,,,PENDING_AT_END
420.7,420.8518981737014,,,,PENDING_AT_END
421.04999999999995,421.399904292988,,,,PENDING_AT_END
421.4,421.581285727023,,,,PENDING_AT_END
421.75,421.7733425980414,,,,PENDING_AT_END
422.09999999999997,422.43091610940184,,,,PENDING_AT_END
422.45,422.79654575388594,,,,PENDING_AT_END
422.79999999999995,422.8092912985577,,,,PENDING_AT_END
423.15,423.43762753900444,,,,PENDING_AT_END
423.5,423.6527167303195,,,,PENDING_AT_END
423.84999999999997,424.0207027496237,,,,PENDING_AT_END
424.2,424.5745372813539,,,,PENDING_AT_END
424.54999999999995,424.7802316178105,,,,PENDING_AT_END
424.9,425.1695127587233,,,,PENDING_AT_END
425.25,425.25771230314854,,,,PENDING_AT_END
425.59999999999997,425.9745984267027,,,,PENDING_AT_END
425.95,426.23473457440133,,,,PENDING_AT_END
426.29999999999995,426.4706149133499,,,,PENDING_AT_END
426.65,427.02942873551626,,,,PENDING_AT_END
427.0,427.16834446940686,,,,PENDING_AT_END
427.34999999999997,427.59651273015066,,,,PENDING_AT_END
427.7,427.84898089571635,,,,PENDING_AT_END
428.04999999999995,428.39380562259964,,,,PENDING_AT_END
428.4,428.6940994686162,,,,PENDING_AT_END
428.75,428.80437802787276,,,,PENDING_AT_END
429.09999999999997,429.4052975713549,,,,PENDING_AT_END
429.45,429.55185620038645,,,,PENDING_AT_END
429.79999999999995,429.9084572937061,,,,PENDING_AT_END
430.15,430.1929180879846,,,,PENDING_AT_END
430.5,430.7836554058184,,,,PENDING_AT_END
430.84999999999997,430.875644553246,,,,PENDING_AT_END
431.2,431.4689952322007,,,,PENDING_AT_END
431.54999999999995,431.55560005508175,,,,PENDING_AT_END
431.9,432.2010233963663,,,,PENDING_AT_END
432.25,432.3539981520041,,,,PENDING_AT_END
432.59999999999997,432.8275218827603,,,,PENDING_AT_END
432.95,433.15815448547465,,,,PENDING_AT_END
433.29999999999995,433.5059189106338,,,,PENDING_AT_END
433.65,433.7341400573205,,,,PENDING_AT_END
434.0,434.2332270109283,,,,PENDING_AT_END
434.34999999999997,434.6587854039305,,,,PENDING_AT_END
434.7,434.7200336396906,,,,PENDING_AT_END
435.04999999999995,435.0521382834967,,,,PENDING_AT_END
435.4,435.426901967979,,,,PENDING_AT_END
435.75,436.01403497960086,,,,PENDING_AT_END
436.09999999999997,436.16215263309397,,,,PENDING_AT_END
436.45,436.81067005846984,,,,PENDING_AT_END
436.79999999999995,436.9953078064491,,,,PENDING_AT_END
437.15,437.304991044498,,,,PENDING_AT_END
437.5,437.58669238844857,,,,PENDING_AT_END
437.84999999999997,438.20495492086224,,,,PENDING_AT_END
438.2,438.2487010139001,,,,PENDING_AT_END
438.54999999999995,438.6362096122232,,,,PENDING_AT_END
438.9,439.1708010154417,,,,PENDING_AT_END
439.25,439.5025618512658,,,,PENDING_AT_END
439.59999999999997,439.65803826593384,,,,PENDING_AT_END
439.95,439.9824894504737,,,,PENDING_AT_END
440.29999999999995,440.33803599627595,,,,PENDING_AT_END
440.65,440.8869654791823,,,,PENDING_AT_END
441.0,441.3227144218099,,,,PENDING_AT_END
441.34999999999997,441.573612740162,,,,PENDING_AT_END
441.7,442.0424004498296,,,,PENDING_AT_END
442.04999999999995,442.43143605175715,,,,PENDING_AT_END
442.4,442.6137143387731,,,,PENDING_AT_END
442.75,443.10009943724856,,,,PENDING_AT_END
443.09999999999997,443.1514301630745,,,,PENDING_AT_END
443.45,443.61532614330196,,,,PENDING_AT_END
443.79999999999995,443.8010910215894,,,,PENDING_AT_END
444.15,444.48906506456353,,,,PENDING_AT_END
444.5,444.88203926406504,,,,PENDING_AT_END
444.84999999999997,445.03614261370006,,,,PENDING_AT_END
445.2,445.34481584863835,,,,PENDING_AT_END
445.54999999999995,445.7183932386173,,,,PENDING_AT_END
445.9,445.90318570167585,,,,PENDING_AT_END
446.25,446.4545665563106,,,,PENDING_AT_END
446.59999999999997,446.9860861674544,,,,PENDING_AT_END
446.95,447.1224163255477,,,,PENDING_AT_END
447.29999999999995,447.4758144458641,,,,PENDING_AT_END
447.65,447.9868779191953,,,,PENDING_AT_END
448.0,448.29976001121145,,,,PENDING_AT_END
448.34999999999997,448.4004562509402,,,,PENDING_AT_END
448.7,448.75246696861444,,,,PENDING_AT_END
449.04999999999995,449.28884061808185,,,,PENDING_AT_END
449.4,449.43460311393073,,,,PENDING_AT_END
449.74999999999994,449.8014784743968,,,,PENDING_AT_END
450.09999999999997,450.30733243410185,,,,PENDING_AT_END
450.45,450.539938277507,,,,PENDING_AT_END
450.79999999999995,451.00414630504645,,,,PENDING_AT_END
451.15,451.5127915674328,,,,PENDING_AT_END
451.49999999999994,451.89481351326043,,,,PENDING_AT_END
451.84999999999997,452.0114813323983,,,,PENDING_AT_END
452.2,452.3745937208444,,,,PENDING_AT_END
452.54999999999995,452.8674515418692,,,,PENDING_AT_END
452.9,452.93216997530305,,,,PENDING_AT_END
453.24999999999994,453.62924835827715,,,,PENDING_AT_END
453.59999999999997,453.6803663345507,,,,PENDING_AT_END
453.95,454.0324908139808,,,,PENDING_AT_END
454.29999999999995,454.63829992000547,,,,PENDING_AT_END
454.65,454.9571012282486,,,,PENDING_AT_END
454.99999999999994,455.1843561199333,,,,PENDING_AT_END
455.34999999999997,455.4658574538509,,,,PENDING_AT_END
455.7,455.79839083884866,,,,PENDING_AT_END
456.04999999999995,456.14571577109734,,,,PENDING_AT_END
456.4,456.45504930827974,,,,PENDING_AT_END
456.74999999999994,457.1385638111623,,,,PENDING_AT_END
457.09999999999997,457.39753289964466,,,,PENDING_AT_END
457.45,457.720546907038,,,,PENDING_AT_END
457.79999999999995,457.9706904017928,,,,PENDING_AT_END
458.15,458.22294622297113,,,,PENDING_AT_END
458.49999999999994,458.8206042449015,,,,PENDING_AT_END
458.84999999999997,458.9870747018362,,,,PENDING_AT_END
459.2,459.29881520555153,,,,PENDING_AT_END
459.54999999999995,459.7467415434809,,,,PENDING_AT_END
459.9,460.16369562855334,,,,PENDING_AT_END
460.24999999999994,460.2750437560463,,,,PENDING_AT_END
460.59999999999997,460.94454670404986,,,,PENDING_AT_END
460.95,461.3012587849126,,,,PENDING_AT_END
461.29999999999995,461.4281952334561,,,,PENDING_AT_END
461.65,461.9513819392844,,,,PENDING_AT_END
461.99999999999994,462.1695434797586,,,,PENDING_AT_END
462.34999999999997,462.65959225099544,,,,PENDING_AT_END
462.7,462.7441001992922,,,,PENDING_AT_END
463.04999999999995,463.13579921900066,,,,PENDING_AT_END
463.4,463.44388470189494,,,,PENDING_AT_END
463.74999999999994,463.81780275246143,,,,PENDING_AT_END
464.09999999999997,464.1382556461312,,,,PENDING_AT_END
464.45,464.5818864174242,,,,PENDING_AT_END
464.79999999999995,465.01392068175437,,,,PENDING_AT_END
465.15,465.2277170819443,,,,PENDING_AT_END
465.49999999999994,465.5688620464056,,,,PENDING_AT_END
465.84999999999997,465.887200718726,,,,PENDING_AT_END
466.2,466.4952258824912,,,,PENDING_AT_END
466.54999999999995,466.928023535595,,,,PENDING_AT_END
466.9,467.0149300012632,,,,PENDING_AT_END
467.24999999999994,467.3437093847519,,,,PENDING_AT_END
467.59999999999997,467.7334990800127,,,,PENDING_AT_END
467.95,468.02513179243107,,,,PENDING_AT_END
468.29999999999995,468.4133002531595,,,,PENDING_AT_END
468.65,468.65495009933,,,,PENDING_AT_END
468.99999999999994,469.18935601804,,,,PENDING_AT_END
469.34999999999997,469.74669060585717,,,,PENDING_AT_END
469.7,469.86632721080053,,,,PENDING_AT_END
470.04999999999995,470.3038812367952,,,,PENDING_AT_END
470.4,470.6020047975808,,,,PENDING_AT_END
470.74999999999994,470.88030544950317,,,,PENDING_AT_END
471.09999999999997,471.22060896648674,,,,PENDING_AT_END
471.45,471.74796055941516,,,,PENDING_AT_END
471.79999999999995,471.97115770488927,,,,PENDING_AT_END
472.15,472.27612136991195,,,,PENDING_AT_END
472.49999999999994,472.78354408816375,,,,PENDING_AT_END
472.84999999999997,473.06553831142907,,,,PENDING_AT_END
473.2,473.2459601447442,,,,PENDING_AT_END
473.54999999999995,473.8889379050995,,,,PENDING_AT_END
473.9,474.2420047372401,,,,PENDING_AT_END
474.24999999999994,474.4453708118727,,,,PENDING_AT_END
474.59999999999997,474.845916145982,,,,PENDING_AT_END
474.95,475.1730899294004,,,,PENDING_AT_END
475.29999999999995,475.3707573566011,,,,PENDING_AT_END
475.65,475.95325768329826,,,,PENDING_AT_END
475.99999999999994,476.35771504142855,,,,PENDING_AT_END
476.34999999999997,476.7121984968364,,,,PENDING_AT_END
476.7,476.90404142601284,,,,PENDING_AT_END
477.04999999999995,477.42577285316463,,,,PENDING_AT_END
477.4,477.7833614065381,,,,PENDING_AT_END
477.74999999999994,477.861798160736,,,,PENDING_AT_END
478.09999999999997,478.115994366705,,,,PENDING_AT_END
478.45,478.76159717545323,,,,PENDING_AT_END
478.79999999999995,478.82323363488297,,,,PENDING_AT_END
479.15,479.4578110041175,,,,PENDING_AT_END
479.49999999999994,479.6361766399928,,,,PENDING_AT_END
479.84999999999997,479.9331990459869,,,,PENDING_AT_END
480.2,480.5056588878195,,,,PENDING_AT_END
480.54999999999995,480.70169798247036,,,,PENDING_AT_END
480.9,480.9215546505018,,,,PENDING_AT_END
481.24999999999994,481.5318495382748,,,,PENDING_AT_END
481.59999999999997,481.7663153330183,,,,PENDING_AT_END
481.95,482.22732376580865,,,,PENDING_AT_END
482.29999999999995,482.54786367584063,,,,PENDING_AT_END
482.65,483.0179022712374,,,,PENDING_AT_END
482.99999999999994,483.27589324934803,,,,PENDING_AT_END
483.34999999999997,483.4376571105286,,,,PENDING_AT_END
483.7,483.8961551451361,,,,PENDING_AT_END
484.04999999999995,484.15659570781327,,,,PENDING_AT_END
484.4,484.59172772432737,,,,PENDING_AT_END
484.74999999999994,484.9467833461708,,,,PENDING_AT_END
485.09999999999997,485.1913890162346,,,,PENDING_AT_END
485.45,485.48471146871253,,,,PENDING_AT_END
485.79999999999995,485.9357855044134,,,,PENDING_AT_END
486.15,486.24534179461364,,,,PENDING_AT_END
486.49999999999994,486.82065865253986,,,,PENDING_AT_END
486.84999999999997,487.18433517425086,,,,PENDING_AT_END
487.2,487.56885675162545,,,,PENDING_AT_END
487.54999999999995,487.8607216049436,,,,PENDING_AT_END
487.9,487.9995618649233,,,,PENDING_AT_END
488.24999999999994,488.5955678100324,,,,PENDING_AT_END
488.59999999999997,488.63490902789084,,,,PENDING_AT_END
488.95,489.11957314422324,,,,PENDING_AT_END
489.29999999999995,489.61061419087264,,,,PENDING_AT_END
489.65,489.9808037844218,,,,PENDING_AT_END
489.99999999999994,490.0541363674726,,,,PENDING_AT_END
490.34999999999997,490.64213355399653,,,,PENDING_AT_END
490.7,491.0909882216882,,,,PENDING_AT_END
491.04999999999995,491.29830911440934,,,,PENDING_AT_END
491.4,491.5782141400026,,,,PENDING_AT_END
491.74999999999994,492.0855495792104,,,,PENDING_AT_END
492.09999999999997,492.24667377895656,,,,PENDING_AT_END
492.45,492.75577341066895,,,,PENDING_AT_END
492.79999999999995,493.17969790611585,,,,PENDING_AT_END
493.15,493.45933067513295,,,,PENDING_AT_END
493.49999999999994,493.850679506126,,,,PENDING_AT_END
493.84999999999997,494.177197439965,,,,PENDING_AT_END
494.2,494.45270928159135,,,,PENDING_AT_END
494.54999999999995,494.89680397878976,,,,PENDING_AT_END
494.9,495.2567867595162,,,,PENDING_AT_END
495.24999999999994,495.3432385749042,,,,PENDING_AT_END
495.59999999999997,495.99158415310336,,,,PENDING_AT_END
495.95,496.12624003545926,,,,PENDING_AT_END
496.29999999999995,496.5720401480406,,,,PENDING_AT_END
496.65,496.83165858166194,,,,PENDING_AT_END
496.99999999999994,497.12455736949113,,,,PENDING_AT_END
497.34999999999997,497.38798357556306,,,,PENDING_AT_END
497.7,498.0449341527681,,,,PENDING_AT_END
498.04999999999995,498.4083972096199,,,,PENDING_AT_END
498.4,498.67348000275695,,,,PENDING_AT_END
498.74999999999994,498.850770769128,,,,PENDING_AT_END
499.09999999999997,499.3341638757858,,,,PENDING_AT_END
499.45,499.8108042422593,,,,PENDING_AT_END
499.79999999999995,500.0997387730242,,,,PENDING_AT_END
500.15,500.4547662827729,,,,PENDING_AT_END
500.49999999999994,500.70790879781845,,,,PENDING_AT_END
500.84999999999997,501.24450037987407,,,,PENDING_AT_END
501.2,501.22198775977523,,,,PENDING_AT_END
501.54999999999995,501.5548969811732,,,,PENDING_AT_END
501.9,502.16850691711045,,,,PENDING_AT_END
502.24999999999994,502.61583508037137,,,,PENDING_AT_END
502.59999999999997,502.6140693057246,,,,PENDING_AT_END
502.95,503.2442953206465,,,,PENDING_AT_END
503.29999999999995,503.43413275997955,,,,PENDING_AT_END
503.65,503.9521188244555,,,,PENDING_AT_END
503.99999999999994,504.0732706918637,,,,PENDING_AT_END
504.34999999999997,504.64440241063886,,,,PENDING_AT_END
504.7,504.7453413901314,,,,PENDING_AT_END
505.04999999999995,505.4031082465816,,,,PENDING_AT_END
505.4,505.4792389294132,,,,PENDING_AT_END
505.74999999999994,506.04195671355996,,,,PENDING_AT_END
506.09999999999997,506.1540838534102,,,,PENDING_AT_END
506.45,506.83383069609164,,,,PENDING_AT_END
506.79999999999995,506.82119168702116,,,,PENDING_AT_END
507.15,507.1818938215504,,,,PENDING_AT_END
507.49999999999994,507.50430591534706,,,,PENDING_AT_END
507.84999999999997,508.0089525711374,,,,PENDING_AT_END
508.2,508.3125750985775,,,,PENDING_AT_END
508.54999999999995,508.72423469037506,,,,PENDING_AT_END
508.9,509.04385536341795,,,,PENDING_AT_END
509.24999999999994,509.58701858206433,,,,PENDING_AT_END
509.59999999999997,509.80062401274466,,,,PENDING_AT_END
509.95,510.05671177945993,,,,PENDING_AT_END
510.29999999999995,510.5035098844488,,,,PENDING_AT_END
510.65,510.8532845035147,,,,PENDING_AT_END
510.99999999999994,511.28645807178594,,,,PENDING_AT_END
511.34999999999997,511.6069978792137,,,,PENDING_AT_END
511.7,511.886801181811,,,,PENDING_AT_END
512.05,512.2696430102349,,,,PENDING_AT_END
512.4,512.7952174523608,,,,PENDING_AT_END
512.75,512.8898625101256,,,,PENDING_AT_END
513.1,513.3002281475834,,,,PENDING_AT_END
513.4499999999999,513.7318160376707,,,,PENDING_AT_END
513.8,513.9966402161695,,,,PENDING_AT_END
514.15,514.4429840203505,,,,PENDING_AT_END
514.5,514.6422076537169,,,,PENDING_AT_END
514.85,515.1302282022863,,,,PENDING_AT_END
515.1999999999999,515.390835839764,,,,PENDING_AT_END
515.55,515.58958143977,,,,PENDING_AT_END
515.9,516.2495195496045,,,,PENDING_AT_END
516.25,516.2846415741983,,,,PENDING_AT_END
516.6,516.9669527052698,,,,PENDING_AT_END
516.9499999999999,517.1906464572031,,,,PENDING_AT_END
517.3,517.417483447244,,,,PENDING_AT_END
517.65,517.6768145550708,,,,PENDING_AT_END
518.0,518.3470113742712,,,,PENDING_AT_END
518.35,518.3716643420786,,,,PENDING_AT_END
518.6999999999999,518.8502297031549,,,,PENDING_AT_END
519.05,519.3333896127579,,,,PENDING_AT_END
519.4,519.7760226254967,,,,PENDING_AT_END
519.75,520.0699673420945,,,,PENDING_AT_END
520.1,520.3554468176297,,,,PENDING_AT_END
520.4499999999999,520.6784274959654,,,,PENDING_AT_END
520.8,520.9417402359736,,,,PENDING_AT_END
521.15,521.1583004520502,,,,PENDING_AT_END
521.5,521.8441213478127,,,,PENDING_AT_END
521.85,522.2350972737544,,,,PENDING_AT_END
522.1999999999999,522.4890813642179,,,,PENDING_AT_END
522.55,522.8443582442756,,,,PENDING_AT_END
522.9,522.9816878734476,,,,PENDING_AT_END
523.25,523.3031586431323,,,,PENDING_AT_END
523.6,523.7972694774586,,,,PENDING_AT_END
523.9499999999999,524.1566981731718,,,,PENDING_AT_END
524.3,524.4590836208833,,,,PENDING_AT_END
524.65,524.8580897744197,,,,PENDING_AT_END
525.0,525.1702634112298,,,,PENDING_AT_END
525.35,525.7384663810143,,,,PENDING_AT_END
525.6999999999999,526.0930059600067,,,,PENDING_AT_END
526.05,526.2785207346831,,,,PENDING_AT_END
526.4,526.5206680957857,,,,PENDING_AT_END
526.75,526.757096102896,,,,PENDING_AT_END
527.1,527.1915906405071,,,,PENDING_AT_END
527.4499999999999,527.8268264066734,,,,PENDING_AT_END
527.8,528.175727834732,,,,PENDING_AT_END
528.15,528.2823836119784,,,,PENDING_AT_END
528.5,528.75659070083,,,,PENDING_AT_END
528.85,529.2484154225878,,,,PENDING_AT_END
529.1999999999999,529.5512923071291,,,,PENDING_AT_END
529.55,529.9163451318138,,,,PENDING_AT_END
529.9,530.004610833805,,,,PENDING_AT_END
530.25,530.2886560567397,,,,PENDING_AT_END
530.6,530.9019624208462,,,,PENDING_AT_END
530.9499999999999,530.9657347253986,,,,PENDING_AT_END
531.3,531.4771921098163,,,,PENDING_AT_END
531.65,531.8128016691622,,,,PENDING_AT_END
532.0,532.3375624450898,,,,PENDING_AT_END
532.35,532.749381344934,,,,PENDING_AT_END
532.6999999999999,532.7891820854426,,,,PENDING_AT_END
533.05,533.1849235867792,,,,PENDING_AT_END
533.4,533.7356620686138,,,,PENDING_AT_END
533.75,533.8628930914408,,,,PENDING_AT_END
534.1,534.2494249805105,,,,PENDING_AT_END
534.4499999999999,534.6248970778375,,,,PENDING_AT_END
534.8,534.8994833192587,,,,PENDING_AT_END
535.15,535.5458025861693,,,,PENDING_AT_END
535.5,535.8012526678137,,,,PENDING_AT_END
535.85,536.0170325066534,,,,PENDING_AT_END
536.1999999999999,536.4757390083988,,,,PENDING_AT_END
536.55,536.9475301356026,,,,PENDING_AT_END
536.9,537.1159769066288,,,,PENDING_AT_END
537.25,537.5646232365805,,,,PENDING_AT_END
537.5999999999999,537.9767549235601,,,,PENDING_AT_END
537.9499999999999,538.2218843268371,,,,PENDING_AT_END
538.3,538.3658347360943,,,,PENDING_AT_END
538.65,538.9373998957591,,,,PENDING_AT_END
539.0,539.1911413760595,,,,PENDING_AT_END
539.3499999999999,539.4704093866728,,,,PENDING_AT_END
539.6999999999999,539.826935712117,,,,PENDING_AT_END
540.05,540.2586033223774,,,,PENDING_AT_END
540.4,540.5696635471069,,,,PENDING_AT_END
540.75,540.9276882094098,,,,PENDING_AT_END
541.0999999999999,541.127943924497,,,,PENDING_AT_END
541.4499999999999,541.727901556346,,,,PENDING_AT_END
541.8,542.0271193696517,,,,PENDING_AT_END
542.15,542.3144704535333,,,,PENDING_AT_END
542.5,542.650699982501,,,,PENDING_AT_END
542.8499999999999,542.8954136995965,,,,PENDING_AT_END
543.1999999999999,543.4546713976264,,,,PENDING_AT_END
543.55,543.8929563856011,,,,PENDING_AT_END
543.9,544.0341086038947,,,,PENDING_AT_END
544.25,544.5024086127307,,,,PENDING_AT_END
544.5999999999999,544.7616106383521,,,,PENDING_AT_END
544.9499999999999,544.9772980987817,,,,PENDING_AT_END
545.3,545.4122976354397,,,,PENDING_AT_END
545.65,545.740671908817,,,,PENDING_AT_END
546.0,546.3402985934033,,,,PENDING_AT_END
546.3499999999999,546.4877792767913,,,,PENDING_AT_END
546.6999999999999,546.7789513228371,,,,PENDING_AT_END
547.05,547.3160566089039,,,,PENDING_AT_END
547.4,547.6048439312784,,,,PENDING_AT_END
547.75,547.8264675935625,,,,PENDING_AT_END
548.0999999999999,548.4517593333248,,,,PENDING_AT_END
548.4499999999999,548.6733889336082,,,,PENDING_AT_END
548.8,549.1339765061161,,,,PENDING_AT_END
549.15,549.3805525835388,,,,PENDING_AT_END
549.5,549.7344177624977,,,,PENDING_AT_END
549.8499999999999,550.1964604507764,,,,PENDING_AT_END
550.1999999999999,550.2980101167556,,,,PENDING_AT_END
550.55,550.9219038220238,,,,PENDING_AT_END
550.9,550.9713009085361,,,,PENDING_AT_END
551.25,551.6439124104745,,,,PENDING_AT_END
551.5999999999999,551.6202093035931,,,,PENDING_AT_END
551.9499999999999,552.1579214148697,,,,PENDING_AT_END
552.3,552.4327084737329,,,,PENDING_AT_END
552.65,553.0190492959099,,,,PENDING_AT_END
553.0,553.1247249992125,,,,PENDING_AT_END
553.3499999999999,553.7389509969314,,,,PENDING_AT_END
553.6999999999999,553.7118148382534,,,,PENDING_AT_END
554.05,554.1201480188358,,,,PENDING_AT_END
554.4,554.4416006951841,,,,PENDING_AT_END
554.75,555.0209625257587,,,,PENDING_AT_END
555.0999999999999,555.1128049648253,,,,PENDING_AT_END
555.4499999999999,555.6117812803876,,,,PENDING_AT_END
555.8,555.9006113713483,,,,PENDING_AT_END
556.15,556.5037815339673,,,,PENDING_AT_END
556.5,556.819287763509,,,,PENDING_AT_END
556.8499999999999,557.1391340769774,,,,PENDING_AT_END
557.1999999999999,557.2870916637111,,,,PENDING_AT_END
557.55,557.6318228402702,,,,PENDING_AT_END
557.9,558.2268999506042,,,,PENDING_AT_END
558.25,558.3096414247493,,,,PENDING_AT_END
558.5999999999999,558.6250425049434,,,,PENDING_AT_END
558.9499999999999,559.3037753094026,,,,PENDING_AT_END
559.3,559.4759311113473,,,,PENDING_AT_END
559.65,559.9707510218399,,,,PENDING_AT_END
560.0,560.2289378163177,,,,PENDING_AT_END
560.3499999999999,560.5429389115307,,,,PENDING_AT_END
560.6999999999999,561.0305500250862,,,,PENDING_AT_END
561.05,561.1149796540888,,,,PENDING_AT_END
561.4,561.4299427919376,,,,PENDING_AT_END
561.75,561.9421300255765,,,,PENDING_AT_END
562.0999999999999,562.4529490097434,,,,PENDING_AT_END
562.4499999999999,562.6922171886371,,,,PENDING_AT_END
562.8,563.1708234389403,,,,PENDING_AT_END
563.15,563.4758352599553,,,,PENDING_AT_END
563.5,563.7908730207316,,,,PENDING_AT_END
563.8499999999999,563.9677308879122,,,,PENDING_AT_END
564.1999999999999,564.2564438759142,,,,PENDING_AT_END
564.55,564.9285801489407,,,,PENDING_AT_END
564.9,565.1438794498969,,,,PENDING_AT_END
565.25,565.2894184560628,,,,PENDING_AT_END
565.5999999999999,565.9262588474262,,,,PENDING_AT_END
565.9499999999999,566.148004687237,,,,PENDING_AT_END
566.3,566.498291834868,,,,PENDING_AT_END
566.65,566.7570265577493,,,,PENDING_AT_END
567.0,567.3067810420196,,,,PENDING_AT_END
567.3499999999999,567.3823628625528,,,,PENDING_AT_END
567.6999999999999,567.8362610426346,,,,PENDING_AT_END
568.05,568.0847579178301,,,,PENDING_AT_END
568.4,568.5920574896533,,,,PENDING_AT_END
568.75,568.8848339706199,,,,PENDING_AT_END
569.0999999999999,569.1079142860533,,,,PENDING_AT_END
569.4499999999999,569.8232692584107,,,,PENDING_AT_END
569.8,570.0735425667983,,,,PENDING_AT_END
570.15,570.3187321699737,,,,PENDING_AT_END
570.5,570.5320709861066,,,,PENDING_AT_END
570.8499999999999,570.9075085052068,,,,PENDING_AT_END
571.1999999999999,571.4749710472237,,,,PENDING_AT_END
571.55,571.8149749900888,,,,PENDING_AT_END
571.9,572.1906269280129,,,,PENDING_AT_END
572.25,572.3597766476475,,,,PENDING_AT_END
572.5999999999999,572.7557937855017,,,,PENDING_AT_END
572.9499999999999,572.9821179289289,,,,PENDING_AT_END
573.3,573.6601338786475,,,,PENDING_AT_END
573.65,573.9296382684823,,,,PENDING_AT_END
574.0,574.3895288516078,,,,PENDING_AT_END
574.3499999999999,574.4775945934416,,,,PENDING_AT_END
574.6999999999999,574.944131780852,,,,PENDING_AT_END
575.05,575.2068675850978,,,,PENDING_AT_END
575.4,575.5925693782923,,,,PENDING_AT_END
575.75,575.860540745708,,,,PENDING_AT_END
576.0999999999999,576.2936943174943,,,,PENDING_AT_END
576.4499999999999,576.8456306589368,,,,PENDING_AT_END
576.8,576.9265655873,,,,PENDING_AT_END
577.15,577.4260475323537,,,,PENDING_AT_END
577.5,577.8606950482406,,,,PENDING_AT_END
577.8499999999999,578.0233960919941,,,,PENDING_AT_END
578.1999999999999,578.4029766900416,,,,PENDING_AT_END
578.55,578.6151635463116,,,,PENDING_AT_END
578.9,579.208062290916,,,,PENDING_AT_END
579.25,579.5890602207605,,,,PENDING_AT_END
579.5999999999999,579.7766801342711,,,,PENDING_AT_END
579.9499999999999,580.0988141229637,,,,PENDING_AT_END
580.3,580.6003098739641,,,,PENDING_AT_END
580.65,580.8349959346548,,,,PENDING_AT_END
581.0,581.2704375829824,,,,PENDING_AT_END
581.3499999999999,581.7388789935799,,,,PENDING_AT_END
581.6999999999999,581.7491912727891,,,,PENDING_AT_END
582.05,582.0763337897515,,,,PENDING_AT_END
582.4,582.6362928347907,,,,PENDING_AT_END
582.75,583.136964855179,,,,PENDING_AT_END
583.0999999999999,583.4417079350176,,,,PENDING_AT_END
583.4499999999999,583.712292691683,,,,PENDING_AT_END
583.8,584.0420203798644,,,,PENDING_AT_END
584.15,584.1845556124825,,,,PENDING_AT_END
584.5,584.6518736771384,,,,PENDING_AT_END
584.8499999999999,585.1471510215945,,,,PENDING_AT_END
585.1999999999999,585.2004164506967,,,,PENDING_AT_END
585.55,585.8950674049618,,,,PENDING_AT_END
585.9,586.2922243252082,,,,PENDING_AT_END
586.25,586.5047734648326,,,,PENDING_AT_END
586.5999999999999,586.6005776915756,,,,PENDING_AT_END
586.9499999999999,587.0185051311454,,,,PENDING_AT_END
587.3,587.4754216300769,,,,PENDING_AT_END
587.65,587.9947232646463,,,,PENDING_AT_END
588.0,588.3099476819064,,,,PENDING_AT_END
588.3499999999999,588.6446238913436,,,,PENDING_AT_END
588.6999999999999,588.8224336485172,,,,PENDING_AT_END
589.05,589.1232154144122,,,,PENDING_AT_END
589.4,589.6023087739658,,,,PENDING_AT_END
589.75,590.0890829094953,,,,PENDING_AT_END
590.0999999999999,590.4795993959783,,,,PENDING_AT_END
590.4499999999999,590.4500311782937,,,,PENDING_AT_END
590.8,591.1877413362581,,,,PENDING_AT_END
591.15,591.2377655494405,,,,PENDING_AT_END
591.5,591.7180394425898,,,,PENDING_AT_END
591.8499999999999,592.050284670702,,,,PENDING_AT_END
592.1999999999999,592.5018857808112,,,,PENDING_AT_END
592.55,592.7180177747834,,,,PENDING_AT_END
592.9,593.2132372914763,,,,PENDING_AT_END
593.25,593.3647366864193,,,,PENDING_AT_END
593.5999999999999,593.9592343060715,,,,PENDING_AT_END
593.9499999999999,594.0861945296332,,,,PENDING_AT_END
594.3,594.5256139525995,,,,PENDING_AT_END
594.65,594.9451147812509,,,,PENDING_AT_END
595.0,595.0350717653594,,,,PENDING_AT_END
595.3499999999999,595.6551186467866,,,,PENDING_AT_END
595.6999999999999,595.9162061256606,,,,PENDING_AT_END
596.05,596.2671193112299,,,,PENDING_AT_END
596.4,596.6930335307828,,,,PENDING_AT_END
596.75,597.0828495422127,,,,PENDING_AT_END
597.0999999999999,597.3404209901425,,,,PENDING_AT_END
597.4499999999999,597.6544810339407,,,,PENDING_AT_END
597.8,598.0787818588965,,,,PENDING_AT_END
598.15,598.3908878109165,,,,PENDING_AT_END
598.5,598.5773641636931,,,,PENDING_AT_END
598.8499999999999,598.9213664651145,,,,PENDING_AT_END
599.1999999999999,599.2838081172755,,,,PENDING_AT_END
599.55,599.7825230453645,,,,PENDING_AT_END
599.9,599.9667460214438,,,,PENDING_AT_END
600.25,600.471163215813,,,,PENDING_AT_END
600.5999999999999,600.9725912791569,,,,PENDING_AT_END
600.9499999999999,601.1504828467095,,,,PENDING_AT_END
601.3,601.3102535118107,,,,PENDING_AT_END
601.65,601.924019960186,,,,PENDING_AT_END
602.0,602.1881750058146,,,,PENDING_AT_END
602.3499999999999,602.4988628237547,,,,PENDING_AT_END
602.6999999999999,603.0953178368146,,,,PENDING_AT_END
603.05,603.3670143678519,,,,PENDING_AT_END
603.4,603.6125189613343,,,,PENDING_AT_END
603.75,604.0644521053391,,,,PENDING_AT_END
604.0999999999999,604.2147787521114,,,,PENDING_AT_END
604.4499999999999,604.6436445912872,,,,PENDING_AT_END
604.8,605.0774605837375,,,,PENDING_AT_END
605.15,605.3046086248363,,,,PENDING_AT_END
605.5,605.629718968911,,,,PENDING_AT_END
605.8499999999999,605.8517026620507,,,,PENDING_AT_END
606.1999999999999,606.2573247053045,,,,PENDING_AT_END
606.55,606.8488971828024,,,,PENDING_AT_END
606.9,607.0674200483794,,,,PENDING_AT_END
607.25,607.3320493609251,,,,PENDING_AT_END
607.5999999999999,607.9644070789375,,,,PENDING_AT_END
607.9499999999999,607.994649849005,,,,PENDING_AT_END
608.3,608.3515863661471,,,,PENDING_AT_END
608.65,608.7193217466653,,,,PENDING_AT_END
609.0,609.3913858248607,,,,PENDING_AT_END
609.3499999999999,609.4982567012878,,,,PENDING_AT_END
609.6999999999999,609.803473681438,,,,PENDING_AT_END
610.05,610.1052494739401,,,,PENDING_AT_END
610.4,610.5686251652038,,,,PENDING_AT_END
610.75,610.8723635725751,,,,PENDING_AT_END
611.0999999999999,611.1954122325544,,,,PENDING_AT_END
611.4499999999999,611.7691004555626,,,,PENDING_AT_END
611.8,612.0923682265293,,,,PENDING_AT_END
612.15,612.1512093561054,,,,PENDING_AT_END
612.5,612.6124981845567,,,,PENDING_AT_END
612.8499999999999,613.2123858371829,,,,PENDING_AT_END
613.1999999999999,613.3479472755422,,,,PENDING_AT_END
613.55,613.8456451375689,,,,PENDING_AT_END
613.9,614.1577192021713,,,,PENDING_AT_END
614.25,614.3429657044949,,,,PENDING_AT_END
614.5999999999999,614.7145880781711,,,,PENDING_AT_END
614.9499999999999,615.1780439619739,,,,PENDING_AT_END
615.3,615.5637986479915,,,,PENDING_AT_END
615.65,615.8195792717394,,,,PENDING_AT_END
616.0,616.0709262435005,,,,PENDING_AT_END
616.3499999999999,616.673179992013,,,,PENDING_AT_END
616.6999999999999,616.8012947037556,,,,PENDING_AT_END
617.05,617.2253572446955,,,,PENDING_AT_END
617.4,617.4009763604446,,,,PENDING_AT_END
617.75,618.1420197563036,,,,PENDING_AT_END
618.0999999999999,618.1608883404895,,,,PENDING_AT_END
618.4499999999999,618.7221433459721,,,,PENDING_AT_END
618.8,619.0009258927685,,,,PENDING_AT_END
619.15,619.3425141869837,,,,PENDING_AT_END
619.5,619.5281069399741,,,,PENDING_AT_END
619.8499999999999,619.8695826922192,,,,PENDING_AT_END
620.1999999999999,620.3020270833853,,,,PENDING_AT_END
620.55,620.7602471702471,,,,PENDING_AT_END
620.9,621.2381826511504,,,,PENDING_AT_END
621.25,621.4612710049062,,,,PENDING_AT_END
621.5999999999999,621.9031571460621,,,,PENDING_AT_END
621.9499999999999,622.0591342333352,,,,PENDING_AT_END
622.3,622.5515845133657,,,,PENDING_AT_END
622.65,622.9120970505104,,,,PENDING_AT_END
623.0,623.095715515607,,,,PENDING_AT_END
623.3499999999999,623.5912012929855,,,,PENDING_AT_END
623.6999999999999,623.8556565004961,,,,PENDING_AT_END
624.05,624.2413348126502,,,,PENDING_AT_END
624.4,624.497844724828,,,,PENDING_AT_END
624.75,625.0993493370916,,,,PENDING_AT_END
625.0999999999999,625.4125719600586,,,,PENDING_AT_END
625.4499999999999,625.7058607197517,,,,PENDING_AT_END
625.8,626.1023414546114,,,,PENDING_AT_END
626.15,626.3951246314222,,,,PENDING_AT_END
626.5,626.5812265910083,,,,PENDING_AT_END
626.8499999999999,627.052189091431,,,,PENDING_AT_END
627.1999999999999,627.4897787636397,,,,PENDING_AT_END
627.55,627.7607929183425,,,,PENDING_AT_END
627.9,628.2275747401403,,,,PENDING_AT_END
628.25,628.4715662673484,,,,PENDING_AT_END
628.5999999999999,628.684100432848,,,,PENDING_AT_END
628.9499999999999,629.237888475646,,,,PENDING_AT_END
629.3,629.4594230041564,,,,PENDING_AT_END
629.65,629.882341211411,,,,PENDING_AT_END
630.0,630.2117283199718,,,,PENDING_AT_END
630.3499999999999,630.4881991550706,,,,PENDING_AT_END
630.6999999999999,630.7491041331278,,,,PENDING_AT_END
631.05,631.2289647496057,,,,PENDING_AT_END
631.4,631.6229150827841,,,,PENDING_AT_END
631.75,632.0379672272018,,,,PENDING_AT_END
632.0999999999999,632.4867056922271,,,,PENDING_AT_END
632.4499999999999,632.4909985033006,,,,PENDING_AT_END
632.8,633.1991462361184,,,,PENDING_AT_END
633.15,633.2894370442049,,,,PENDING_AT_END
633.5,633.7971111510458,,,,PENDING_AT_END
633.8499999999999,633.949789876737,,,,PENDING_AT_END
634.1999999999999,634.214858023796,,,,PENDING_AT_END
634.55,634.8733075524208,,,,PENDING_AT_END
634.9,635.1539919424152,,,,PENDING_AT_END
635.25,635.583523910376,,,,PENDING_AT_END
635.5999999999999,635.8527234811058,,,,PENDING_AT_END
635.9499999999999,636.0442505254742,,,,PENDING_AT_END
636.3,636.5173680185524,,,,PENDING_AT_END
636.65,636.8461953378702,,,,PENDING_AT_END
637.0,637.2931019086593,,,,PENDING_AT_END
637.3499999999999,637.4939636532456,,,,PENDING_AT_END
637.6999999999999,637.7456024842851,,,,PENDING_AT_END
638.05,638.2914531395518,,,,PENDING_AT_END
638.4,638.4100262414721,,,,PENDING_AT_END
638.75,639.1267975643766,,,,PENDING_AT_END
639.0999999999999,639.2022606221544,,,,PENDING_AT_END
639.4499999999999,639.8159019189978,,,,PENDING_AT_END
639.8,639.961550080867,,,,PENDING_AT_END
640.15,640.4167576408296,,,,PENDING_AT_END
640.5,640.8718243813771,,,,PENDING_AT_END
640.8499999999999,641.2216658839263,,,,PENDING_AT_END
641.1999999999999,641.270603867156,,,,PENDING_AT_END
641.55,641.9134805555275,,,,PENDING_AT_END
641.9,642.2119944143795,,,,PENDING_AT_END
642.25,642.5398796926465,,,,PENDING_AT_END
642.5999999999999,642.6230054484045,,,,PENDING_AT_END
642.9499999999999,643.1078443004598,,,,PENDING_AT_END
643.3,643.3615868270324,,,,PENDING_AT_END
643.65,643.9378447894879,,,,PENDING_AT_END
644.0,644.1633302678545,,,,PENDING_AT_END
644.3499999999999,644.6024711174782,,,,PENDING_AT_END
644.6999999999999,644.7740399555402,,,,PENDING_AT_END
645.05,645.0852706488915,,,,PENDING_AT_END
645.4,645.4226311816261,,,,PENDING_AT_END
645.75,645.9116636706601,,,,PENDING_AT_END
646.0999999999999,646.2827631644636,,,,PENDING_AT_END
646.4499999999999,646.8423727138169,,,,PENDING_AT_END
646.8,647.1226150297337,,,,PENDING_AT_END
647.15,647.3653186942737,,,,PENDING_AT_END
647.5,647.665324264651,,,,PENDING_AT_END
647.8499999999999,648.0272569706162,,,,PENDING_AT_END
648.1999999999999,648.4848016477494,,,,PENDING_AT_END
648.55,648.8304907339864,,,,PENDING_AT_END
648.9,649.0928602042055,,,,PENDING_AT_END
649.25,649.4631097644444,,,,PENDING_AT_END
649.5999999999999,649.6270441621043,,,,PENDING_AT_END
649.9499999999999,650.193521499769,,,,PENDING_AT_END
650.3,650.4435531307818,,,,PENDING_AT_END
650.65,650.8804906858142,,,,PENDING_AT_END
651.0,651.1059078601222,,,,PENDING_AT_END
651.3499999999999,651.5220816776196,,,,PENDING_AT_END
651.6999999999999,652.0798482024292,,,,PENDING_AT_END
652.05,652.2796636220655,,,,PENDING_AT_END
652.4,652.6274111396898,,,,PENDING_AT_END
652.75,652.8368832529575,,,,PENDING_AT_END
653.0999999999999,653.244620344685,,,,PENDING_AT_END
653.4499999999999,653.726860256451,,,,PENDING_AT_END
653.8,653.91225197328,,,,PENDING_AT_END
654.15,654.417453278376,,,,PENDING_AT_END
654.5,654.5631328313784,,,,PENDING_AT_END
654.8499999999999,654.9525152240403,,,,PENDING_AT_END
655.1999999999999,655.3551654997985,,,,PENDING_AT_END
655.55,655.5721329054509,,,,PENDING_AT_END
655.9,655.994153831129,,,,PENDING_AT_END
656.25,656.3105702974785,,,,PENDING_AT_END
656.5999999999999,656.9935684459092,,,,PENDING_AT_END
656.9499999999999,657.2271688236957,,,,PENDING_AT_END
657.3,657.4992391025655,,,,PENDING_AT_END
657.65,657.805812851638,,,,PENDING_AT_END
658.0,658.0434706226831,,,,PENDING_AT_END
658.3499999999999,658.5646183916142,,,,PENDING_AT_END
658.6999999999999,659.0119712966849,,,,PENDING_AT_END
659.05,659.0944122124138,,,,PENDING_AT_END
659.4,659.6146084601397,,,,PENDING_AT_END
659.75,659.9135427467652,,,,PENDING_AT_END
660.0999999999999,660.257381767276,,,,PENDING_AT_END
660.4499999999999,660.5345899258292,,,,PENDING_AT_END
660.8,661.0321282663974,,,,PENDING_AT_END
661.15,661.1585753214366,,,,PENDING_AT_END
661.5,661.5952872423661,,,,PENDING_AT_END
661.8499999999999,661.9957318632951,,,,PENDING_AT_END
662.1999999999999,662.3890212302878,,,,PENDING_AT_END
662.55,662.6557634695384,,,,PENDING_AT_END
662.9,663.0611822958246,,,,PENDING_AT_END
663.25,663.3315573471766,,,,PENDING_AT_END
663.5999999999999,663.8202929894574,,,,PENDING_AT_END
663.9499999999999,664.1403198503418,,,,PENDING_AT_END
664.3,664.3589693629979,,,,PENDING_AT_END
664.65,664.8086955924645,,,,PENDING_AT_END
665.0,665.2798518017632,,,,PENDING_AT_END
665.3499999999999,665.4791207076146,,,,PENDING_AT_END
665.6999999999999,665.7044981016667,,,,PENDING_AT_END
666.05,666.1059485183737,,,,PENDING_AT_END
666.4,666.771499412289,,,,PENDING_AT_END
666.75,667.0327651539417,,,,PENDING_AT_END
667.0999999999999,667.437396282633,,,,PENDING_AT_END
667.4499999999999,667.6532488216409,,,,PENDING_AT_END
667.8,668.0848198643164,,,,PENDING_AT_END
668.15,668.2919636414191,,,,PENDING_AT_END
668.5,668.8099117036852,,,,PENDING_AT_END
668.8499999999999,669.1668320775277,,,,PENDING_AT_END
669.1999999999999,669.2108065324393,,,,PENDING_AT_END
669.55,669.7987662995213,,,,PENDING_AT_END
669.9,670.1355208453923,,,,PENDING_AT_END
670.25,670.4543840003871,,,,PENDING_AT_END
670.5999999999999,670.7734759148937,,,,PENDING_AT_END
670.9499999999999,671.2247048793221,,,,PENDING_AT_END
671.3,671.5800026046288,,,,PENDING_AT_END
671.65,671.7144186162476,,,,PENDING_AT_END
672.0,672.2789089172361,,,,PENDING_AT_END
672.3499999999999,672.4570981074717,,,,PENDING_AT_END
672.6999999999999,673.0189622338904,,,,PENDING_AT_END
673.05,673.4455695817262,,,,PENDING_AT_END
673.4,673.6760345310462,,,,PENDING_AT_END
673.75,674.1219105581247,,,,PENDING_AT_END
674.0999999999999,674.1259184088444,,,,PENDING_AT_END
674.4499999999999,674.5569133300077,,,,PENDING_AT_END
674.8,674.811481369467,,,,PENDING_AT_END
675.15,675.3512882225381,,,,PENDING_AT_END
675.5,675.686866428696,,,,PENDING_AT_END
675.8499999999999,675.9393955091975,,,,PENDING_AT_END
676.1999999999999,676.4883340168218,,,,PENDING_AT_END
676.55,676.7451096009454,,,,PENDING_AT_END
676.9,677.0092868305018,,,,PENDING_AT_END
677.25,677.5845376500104,,,,PENDING_AT_END
677.5999999999999,677.9805242234313,,,,PENDING_AT_END
677.9499999999999,678.0786373205032,,,,PENDING_AT_END
678.3,678.6965593498398,,,,PENDING_AT_END
678.65,678.9863499322345,,,,PENDING_AT_END
679.0,679.2474488722246,,,,PENDING_AT_END
679.3499999999999,679.5067005249866,,,,PENDING_AT_END
679.6999999999999,679.9863261433287,,,,PENDING_AT_END
680.05,680.244928799568,,,,PENDING_AT_END
680.4,680.6886391547861,,,,PENDING_AT_END
680.75,680.9795488464988,,,,PENDING_AT_END
681.0999999999999,681.3544029696125,,,,PENDING_AT_END
681.4499999999999,681.6326098356914,,,,PENDING_AT_END
681.8,681.8597995375414,,,,PENDING_AT_END
682.15,682.2065542599488,,,,PENDING_AT_END
682.5,682.6717120149954,,,,PENDING_AT_END
682.8499999999999,683.1981016066891,,,,PENDING_AT_END
683.1999999999999,683.3515449903322,,,,PENDING_AT_END
683.55,683.8199854942695,,,,PENDING_AT_END
683.9,684.2024810731112,,,,PENDING_AT_END
684.25,684.3795009789894,,,,PENDING_AT_END
684.5999999999999,684.6967835701612,,,,PENDING_AT_END
684.9499999999999,685.3299213082615,,,,PENDING_AT_END
685.3,685.3041911129587,,,,PENDING_AT_END
685.65,685.8487112403246,,,,PENDING_AT_END
686.0,686.0543245001443,,,,PENDING_AT_END
686.3499999999999,686.6600661974051,,,,PENDING_AT_END
686.6999999999999,686.9968602986927,,,,PENDING_AT_END
687.05,687.3924268688165,,,,PENDING_AT_END
687.4,687.590501573212,,,,PENDING_AT_END
687.75,687.9177897328286,,,,PENDING_AT_END
688.0999999999999,688.4492460369574,,,,PENDING_AT_END
688.4499999999999,688.8458794880256,,,,PENDING_AT_END
688.8,688.9881480805991,,,,PENDING_AT_END
689.15,689.5071426024821,,,,PENDING_AT_END
689.5,689.6747588833982,,,,PENDING_AT_END
689.8499999999999,690.0752009309626,,,,PENDING_AT_END
690.1999999999999,690.542554195337,,,,PENDING_AT_END
690.55,690.8267518908938,,,,PENDING_AT_END
690.9,691.2588476607774,,,,PENDING_AT_END
691.25,691.2933083899384,,,,PENDING_AT_END
691.5999999999999,691.7433380402335,,,,PENDING_AT_END
691.9499999999999,692.2983357684435,,,,PENDING_AT_END
692.3,692.4509357203515,,,,PENDING_AT_END
692.65,692.8877347340509,,,,PENDING_AT_END
693.0,693.0039078328521,,,,PENDING_AT_END
693.3499999999999,693.7222581131305,,,,PENDING_AT_END
693.6999999999999,693.9062886771288,,,,PENDING_AT_END
694.05,694.3990993114423,,,,PENDING_AT_END
694.4,694.4619776539852,,,,PENDING_AT_END
694.75,695.1326301571303,,,,PENDING_AT_END
695.0999999999999,695.1149925246773,,,,PENDING_AT_END
695.4499999999999,695.5868163790475,,,,PENDING_AT_END
695.8,695.8025584460934,,,,PENDING_AT_END
696.15,696.160118923791,,,,PENDING_AT_END
696.5,696.744745981272,,,,PENDING_AT_END
696.8499999999999,697.1581169244791,,,,PENDING_AT_END
697.1999999999999,697.4471112748505,,,,PENDING_AT_END
697.55,697.582351094338,,,,PENDING_AT_END
697.9,698.0391923259673,,,,PENDING_AT_END
698.25,698.461897030129,,,,PENDING_AT_END
698.5999999999999,698.9709329853843,,,,PENDING_AT_END
698.9499999999999,699.3211767720233,,,,PENDING_AT_END
699.3,699.3876174863178,,,,PENDING_AT_END
699.65,699.8841686931065,,,,PENDING_AT_END
700.0,700.264677641263,,,,PENDING_AT_END
700.3499999999999,700.6959801499356,,,,PENDING_AT_END
700.6999999999999,701.0466520168135,,,,PENDING_AT_END
701.05,701.1524550179208,,,,PENDING_AT_END
701.4,701.5423687873598,,,,PENDING_AT_END
701.75,701.924451826032,,,,PENDING_AT_END
702.0999999999999,702.1730949467781,,,,PENDING_AT_END
702.4499999999999,702.522599044821,,,,PENDING_AT_END
702.8,702.8383666136972,,,,PENDING_AT_END
703.15,703.4472268729584,,,,PENDING_AT_END
703.5,703.71443327065,,,,PENDING_AT_END
703.8499999999999,704.0960136124763,,,,PENDING_AT_END
704.1999999999999,704.31185599496,,,,PENDING_AT_END
704.55,704.5835684811757,,,,PENDING_AT_END
704.9,705.1487604820778,,,,PENDING_AT_END
705.25,705.5594458507651,,,,PENDING_AT_END
705.5999999999999,705.8298371892381,,,,PENDING_AT_END
705.9499999999999,706.2123816433112,,,,PENDING_AT_END
706.3,706.6639747334934,,,,PENDING_AT_END
706.65,706.8108105527282,,,,PENDING_AT_END
707.0,707.2398786908361,,,,PENDING_AT_END
707.3499999999999,707.4334438083699,,,,PENDING_AT_END
707.6999999999999,707.7207180834963,,,,PENDING_AT_END
708.05,708.2706528427575,,,,PENDING_AT_END
708.4,708.5267325742064,,,,PENDING_AT_END
708.75,708.9835195968365,,,,PENDING_AT_END
709.0999999999999,709.3349029121164,,,,PENDING_AT_END
709.4499999999999,709.4666368826676,,,,PENDING_AT_END
709.8,709.8053041408932,,,,PENDING_AT_END
710.15,710.4452032853941,,,,PENDING_AT_END
710.5,710.7695239417669,,,,PENDING_AT_END
710.8499999999999,711.0241419243744,,,,PENDING_AT_END
711.1999999999999,711.3477330467355,,,,PENDING_AT_END
711.55,711.5760662109046,,,,PENDING_AT_END
711.9,712.2357915593128,,,,PENDING_AT_END
712.25,712.5788889104642,,,,PENDING_AT_END
712.5999999999999,712.6834672880507,,,,PENDING_AT_END
712.9499999999999,713.3113800260782,,,,PENDING_AT_END
713.3,713.5603160196104,,,,PENDING_AT_END
713.65,713.6754809850687,,,,PENDING_AT_END
714.0,714.0560715064969,,,,PENDING_AT_END
714.3499999999999,714.6906379535337,,,,PENDING_AT_END
714.6999999999999,714.8165076912672,,,,PENDING_AT_END
715.05,715.3319729292598,,,,PENDING_AT_END
715.4,715.6009961356166,,,,PENDING_AT_END
715.75,715.7952294142956,,,,PENDING_AT_END
716.0999999999999,716.2813510591609,,,,PENDING_AT_END
716.4499999999999,716.5262992023869,,,,PENDING_AT_END
716.8,716.8099477788412,,,,PENDING_AT_END
717.15,717.3003022032318,,,,PENDING_AT_END
717.5,717.8179269778761,,,,PENDING_AT_END
717.8499999999999,717.9416807467724,,,,PENDING_AT_END
718.1999999999999,718.4121468846357,,,,PENDING_AT_END
718.55,718.5776998081069,,,,PENDING_AT_END
718.9,719.0255879763732,,,,PENDING_AT_END
719.25,719.4680901480938,,,,PENDING_AT_END
719.5999999999999,719.9556661546205,,,,PENDING_AT_END
719.9499999999999,720.2721401736718,,,,PENDING_AT_END
720.3,720.533202438362,,,,PENDING_AT_END
720.65,720.9530843096387,,,,PENDING_AT_END
721.0,721.3555188613091,,,,PENDING_AT_END
721.3499999999999,721.5086095366923,,,,PENDING_AT_END
721.6999999999999,721.902125491429,,,,PENDING_AT_END
722.05,722.4347087858293,,,,PENDING_AT_END
722.4,722.493826979421,,,,PENDING_AT_END
722.75,723.0623253573231,,,,PENDING_AT_END
723.0999999999999,723.1748374210372,,,,PENDING_AT_END
723.4499999999999,723.564759144355,,,,PENDING_AT_END
723.8,723.9442473654285,,,,PENDING_AT_END
724.15,724.17988708169,,,,PENDING_AT_END
724.5,724.6436694921474,,,,PENDING_AT_END
724.8499999999999,724.9781674307087,,,,PENDING_AT_END
725.1999999999999,725.5457465769415,,,,PENDING_AT_END
725.55,725.7738532273045,,,,PENDING_AT_END
725.9,725.9759132228613,,,,PENDING_AT_END
726.25,726.2927340494721,,,,PENDING_AT_END
726.5999999999999,726.6383789126567,,,,PENDING_AT_END
726.9499999999999,727.2110447418939,,,,PENDING_AT_END
727.3,727.3213503815612,,,,PENDING_AT_END
727.65,727.9306776604936,,,,PENDING_AT_END
728.0,728.2185209344443,,,,PENDING_AT_END
728.3499999999999,728.647717341777,,,,PENDING_AT_END
728.6999999999999,728.9113168494918,,,,PENDING_AT_END
729.05,729.2184154281792,,,,PENDING_AT_END
729.4,729.5053777951397,,,,PENDING_AT_END
729.75,730.1242978946914,,,,PENDING_AT_END
730.0999999999999,730.1271847920057,,,,PENDING_AT_END
730.4499999999999,730.8393103786462,,,,PENDING_AT_END
730.8,730.9089360325377,,,,PENDING_AT_END
731.15,731.1561805951422,,,,PENDING_AT_END
731.5,731.8495557136589,,,,PENDING_AT_END
731.8499999999999,732.067445340585,,,,PENDING_AT_END
732.1999999999999,732.5761761541067,,,,PENDING_AT_END
732.55,732.7211476574932,,,,PENDING_AT_END
732.9,733.2960227975483,,,,PENDING_AT_END
733.25,733.4336222650688,,,,PENDING_AT_END
733.5999999999999,733.8488822870574,,,,PENDING_AT_END
733.9499999999999,734.0246987488998,,,,PENDING_AT_END
734.3,734.4998318512482,,,,PENDING_AT_END
734.65,734.9877809075775,,,,PENDING_AT_END
