timestamp,gen_time,sel_time,tx_time,rx_time,status
0.0,0.27443624192950256,158.9952313866835,158.99623138668352,159.1662313866835,TX
0.35,0.5288831603205545,154.5210360060402,154.5220360060402,154.69203600604018,TX
0.7,0.756491383666781,156.19605423562044,156.19705423562044,156.36705423562043,TX
1.0499999999999998,1.1644889144661965,160.9395126016229,160.9405126016229,161.1105126016229,TX
1.4,1.4909540673591684,151.8143352495305,151.8153352495305,151.9853352495305,TX
1.75,1.8695484126975437,154.4574879593202,154.4584879593202,154.62848795932018,TX
2.0999999999999996,2.1083480575027025,154.09078756075763,154.09178756075764,154.26178756075763,TX
2.4499999999999997,2.588218616118873,154.80715656246326,154.80815656246327,154.97815656246325,TX
2.8,3.100262186641185,158.84805241443178,158.84905241443178,159.01905241443177,TX
3.15,3.2701158671838315,158.6189849196859,158.6199849196859,158.78998491968588,TX
3.5,3.6238216158367225,157.68825354245286,157.68925354245286,157.85925354245285,TX
3.8499999999999996,4.015989883896971,154.19461054302428,154.1956105430243,154.36561054302427,TX
4.199999999999999,4.242860326372485,155.41174643035387,155.41274643035388,155.58274643035386,TX
4.55,4.932474955700475,161.6848700163675,161.68587001636752,161.8558700163675,TX
4.8999999999999995,5.244741833678774,,,,PENDING_AT_END
5.25,5.518197905566886,,,,PENDING_AT_END
5.6,5.7933467087373725,,,,PENDING_AT_END
5.949999999999999,6.152019517330736,,,,PENDING_AT_END
6.3,6.4321985405487405,,,,PENDING_AT_END
6.6499999999999995,6.841140122255326,,,,PENDING_AT_END
7.0,7.3993846363629725,,,,PENDING_AT_END
7.35,7.570521044691311,,,,PENDING_AT_END
7.699999999999999,8.029320353260399,,,,PENDING_AT_END
8.049999999999999,8.180486106838243,,,,PENDING_AT_END
8.399999999999999,8.627975085717907,,,,PENDING_AT_END
8.75,9.102223424888827,,,,PENDING_AT_END
9.1,9.39213228257663,,,,PENDING_AT_END
9.45,9.50079695438533,,,,PENDING_AT_END
9.799999999999999,9.821805279131366,,,,PENDING_AT_END
10.149999999999999,10.53663456073977,,,,PENDING_AT_END
10.5,10.539578038413278,,,,PENDING_AT_END
10.85,11.167265109518434,,,,PENDING_AT_END
11.2,11.204693320466728,,,,PENDING_AT_END
11.549999999999999,11.631908103664495,,,,PENDING_AT_END
11.899999999999999,12.022484348535095,,,,PENDING_AT_END
12.25,12.61763551312161,,,,PENDING_AT_END
12.6,12.950958835889898,,,,PENDING_AT_END
12.95,13.113606900825637,,,,PENDING_AT_END
13.299999999999999,13.676123650721125,,,,PENDING_AT_END
13.649999999999999,13.904726186085526,,,,PENDING_AT_END
14.0,14.074511565690226,,,,PENDING_AT_END
14.35,14.581105860008707,,,,PENDING_AT_END
14.7,14.702693069721732,,,,PENDING_AT_END
15.049999999999999,15.18309108333712,,,,PENDING_AT_END
15.399999999999999,15.542718362713028,,,,PENDING_AT_END
15.749999999999998,15.981628970623083,,,,PENDING_AT_END
16.099999999999998,16.196218007402624,,,,PENDING_AT_END
16.45,16.754570786670687,,,,PENDING_AT_END
16.799999999999997,16.905439560232246,,,,PENDING_AT_END
17.15,17.436914244384766,,,,PENDING_AT_END
17.5,17.577297421362225,,,,PENDING_AT_END
17.849999999999998,18.117748821308748,,,,PENDING_AT_END
18.2,18.232484270384813,,,,PENDING_AT_END
18.549999999999997,18.60478749308909,,,,PENDING_AT_END
18.9,19.046058514684717,,,,PENDING_AT_END
19.25,19.544077312389376,,,,PENDING_AT_END
19.599999999999998,19.952532329255245,,,,PENDING_AT_END
19.95,20.22883942000433,,,,PENDING_AT_END
20.299999999999997,20.49610885925594,,,,PENDING_AT_END
20.65,20.777598767213306,,,,PENDING_AT_END
21.0,21.0120109653396,,,,PENDING_AT_END
21.349999999999998,21.634572461845227,,,,PENDING_AT_END
21.7,21.7116637681282,,,,PENDING_AT_END
22.049999999999997,22.151334071694933,,,,PENDING_AT_END
22.4,22.48600149620711,,,,PENDING_AT_END
22.75,23.0355551721741,,,,PENDING_AT_END
23.099999999999998,23.106494213996715,,,,PENDING_AT_END
23.45,23.710589267531955,,,,PENDING_AT_END
23.799999999999997,24.042070259879324,,,,PENDING_AT_END
24.15,24.513829750291343,,,,PENDING_AT_END
24.5,24.68844749710982,,,,PENDING_AT_END
24.849999999999998,25.119710914860047,,,,PENDING_AT_END
25.2,25.571480579608394,,,,PENDING_AT_END
25.549999999999997,25.836914694617754,,,,PENDING_AT_END
25.9,25.90519262831353,,,,PENDING_AT_END
26.25,26.5659734954409,,,,PENDING_AT_END
26.599999999999998,26.704428385204896,,,,PENDING_AT_END
26.95,27.239448137165237,,,,PENDING_AT_END
27.299999999999997,27.463433381841256,,,,PENDING_AT_END
27.65,28.040312543680344,,,,PENDING_AT_END
28.0,28.29076260448499,,,,PENDING_AT_END
28.349999999999998,28.70062125857744,,,,PENDING_AT_END
28.7,29.050753205815735,,,,PENDING_AT_END
29.049999999999997,29.315962774455706,,,,PENDING_AT_END
29.4,29.780939671136338,,,,PENDING_AT_END
29.749999999999996,29.904965388521507,,,,PENDING_AT_END
30.099999999999998,30.26048328718895,,,,PENDING_AT_END
30.45,30.532126167692592,,,,PENDING_AT_END
30.799999999999997,31.1410720632335,,,,PENDING_AT_END
31.15,31.36534729338085,,,,PENDING_AT_END
31.499999999999996,31.74360751832022,,,,PENDING_AT_END
31.849999999999998,32.18863557026214,,,,PENDING_AT_END
32.199999999999996,32.368795242154356,,,,PENDING_AT_END
32.55,32.905537340580366,,,,PENDING_AT_END
32.9,33.2236955229235,,,,PENDING_AT_END
33.25,33.252851080326025,,,,PENDING_AT_END
33.599999999999994,33.7049755672945,,,,PENDING_AT_END
33.949999999999996,34.01014476791725,,,,PENDING_AT_END
34.3,34.439541671286136,,,,PENDING_AT_END
34.65,35.04314896804633,,,,PENDING_AT_END
35.0,35.354663662016804,,,,PENDING_AT_END
35.349999999999994,35.457855082445306,,,,PENDING_AT_END
35.699999999999996,35.74545485061231,,,,PENDING_AT_END
36.05,36.29755689216451,,,,PENDING_AT_END
36.4,36.750112657261006,,,,PENDING_AT_END
36.75,37.07131913540941,,,,PENDING_AT_END
37.099999999999994,37.36099933802383,,,,PENDING_AT_END
37.449999999999996,37.57926312511628,,,,PENDING_AT_END
37.8,37.93966125383085,,,,PENDING_AT_END
38.15,38.258474565282306,,,,PENDING_AT_END
38.5,38.5983249071961,,,,PENDING_AT_END
38.849999999999994,39.075031524111054,,,,PENDING_AT_END
39.199999999999996,39.21293999679724,,,,PENDING_AT_END
39.55,39.78767488009123,,,,PENDING_AT_END
39.9,39.941948704098614,,,,PENDING_AT_END
40.25,40.29831491798801,,,,PENDING_AT_END
40.599999999999994,40.69894532513426,,,,PENDING_AT_END
40.949999999999996,41.15759712166676,,,,PENDING_AT_END
41.3,41.69921239273221,,,,PENDING_AT_END
41.65,41.806591433570325,,,,PENDING_AT_END
42.0,42.02507928849779,,,,PENDING_AT_END
42.349999999999994,42.6091410711862,,,,PENDING_AT_END
42.699999999999996,42.809136338365256,,,,PENDING_AT_END
43.05,43.408595908045854,,,,PENDING_AT_END
43.4,43.4092736258386,,,,PENDING_AT_END
43.75,43.76936638905832,,,,PENDING_AT_END
44.099999999999994,44.24490102322551,,,,PENDING_AT_END
44.449999999999996,44.71909155769212,,,,PENDING_AT_END
44.8,44.870686799073354,,,,PENDING_AT_END
45.15,45.23998301841433,,,,PENDING_AT_END
45.5,45.50411894385921,,,,PENDING_AT_END
45.849999999999994,46.15851207373143,,,,PENDING_AT_END
46.199999999999996,46.49123784884204,,,,PENDING_AT_END
46.55,46.727223782792294,,,,PENDING_AT_END
46.9,47.224853924708476,,,,PENDING_AT_END
47.25,47.561901854583326,,,,PENDING_AT_END
47.599999999999994,47.68858483374292,,,,PENDING_AT_END
47.949999999999996,48.020856106202295,,,,PENDING_AT_END
48.3,48.4882849852485,,,,PENDING_AT_END
48.65,49.02176103822533,,,,PENDING_AT_END
49.0,49.088921939942566,,,,PENDING_AT_END
49.349999999999994,49.38773430537351,,,,PENDING_AT_END
49.699999999999996,49.88591477306402,,,,PENDING_AT_END
50.05,50.23581901109509,,,,PENDING_AT_END
50.4,50.4253816406377,,,,PENDING_AT_END
50.75,50.83444026693954,,,,PENDING_AT_END
51.099999999999994,51.280861237950035,,,,PENDING_AT_END
51.449999999999996,51.572105487635106,,,,PENDING_AT_END
51.8,52.007149642343805,,,,PENDING_AT_END
52.15,52.47786345332759,,,,PENDING_AT_END
52.5,52.88150816257601,,,,PENDING_AT_END
52.849999999999994,52.963969192346426,,,,PENDING_AT_END
53.199999999999996,53.39002281435187,,,,PENDING_AT_END
53.55,53.805157054598396,,,,PENDING_AT_END
53.9,54.03475868798275,,,,PENDING_AT_END
54.25,54.29006183366781,,,,PENDING_AT_END
54.599999999999994,54.62005959949258,,,,PENDING_AT_END
54.949999999999996,55.17028613506087,,,,PENDING_AT_END
55.3,55.5757581869217,,,,PENDING_AT_END
55.65,55.76628742362649,,,,PENDING_AT_END
56.0,56.299405753867944,,,,PENDING_AT_END
56.349999999999994,56.48919949773803,,,,PENDING_AT_END
56.699999999999996,56.79433521523777,,,,PENDING_AT_END
57.05,57.299358923987796,,,,PENDING_AT_END
57.4,57.532041632405615,,,,PENDING_AT_END
57.74999999999999,57.81011762443794,,,,PENDING_AT_END
58.099999999999994,58.20476353634268,,,,PENDING_AT_END
58.449999999999996,58.79212463567905,,,,PENDING_AT_END
58.8,59.08829581208009,,,,PENDING_AT_END
59.15,59.18686016319818,,,,PENDING_AT_END
59.49999999999999,59.65322788974027,,,,PENDING_AT_END
59.849999999999994,60.04414699574427,,,,PENDING_AT_END
60.199999999999996,60.320287397698614,,,,PENDING_AT_END
60.55,60.889405670719455,,,,PENDING_AT_END
60.9,61.0097678500827,,,,PENDING_AT_END
61.24999999999999,61.515279065432345,,,,PENDING_AT_END
61.599999999999994,61.65750825792003,,,,PENDING_AT_END
61.949999999999996,62.11467096594372,,,,PENDING_AT_END
62.3,62.60839847160702,,,,PENDING_AT_END
62.65,62.67589388233527,,,,PENDING_AT_END
62.99999999999999,63.04013932091856,,,,PENDING_AT_END
63.349999999999994,63.433826761342516,,,,PENDING_AT_END
63.699999999999996,63.79890317745056,,,,PENDING_AT_END
64.05,64.40909303402812,,,,PENDING_AT_END
64.39999999999999,64.57291270845123,,,,PENDING_AT_END
64.75,64.76482501009488,,,,PENDING_AT_END
65.1,65.1354343709834,,,,PENDING_AT_END
65.45,65.6341767924119,,,,PENDING_AT_END
65.8,65.84984022935048,,,,PENDING_AT_END
66.14999999999999,66.54457406261783,,,,PENDING_AT_END
66.5,66.51985971810944,,,,PENDING_AT_END
66.85,66.89098188164579,,,,PENDING_AT_END
67.19999999999999,67.484630562971,,,,PENDING_AT_END
67.55,67.63598013113146,,,,PENDING_AT_END
67.89999999999999,67.99892749886179,,,,PENDING_AT_END
68.25,68.5754053445842,,,,PENDING_AT_END
68.6,68.95046067951378,,,,PENDING_AT_END
68.94999999999999,69.15014676925557,,,,PENDING_AT_END
69.3,69.49739268247357,,,,PENDING_AT_END
69.64999999999999,69.71114663916312,,,,PENDING_AT_END
70.0,70.35971517935926,,,,PENDING_AT_END
70.35,70.55894299189015,,,,PENDING_AT_END
70.69999999999999,70.7321818069397,,,,PENDING_AT_END
71.05,71.3697978967834,,,,PENDING_AT_END
71.39999999999999,71.60606944034113,,,,PENDING_AT_END
71.75,71.7690797993395,,,,PENDING_AT_END
72.1,72.18776859618328,,,,PENDING_AT_END
72.44999999999999,72.80916742611362,,,,PENDING_AT_END
72.8,73.18609555399514,,,,PENDING_AT_END
73.14999999999999,73.33637443638294,,,,PENDING_AT_END
73.5,73.67269792900899,,,,PENDING_AT_END
73.85,73.85519883163562,,,,PENDING_AT_END
74.19999999999999,74.52027179413216,,,,PENDING_AT_END
74.55,74.59344366396824,,,,PENDING_AT_END
74.89999999999999,75.20838873893199,,,,PENDING_AT_END
75.25,75.31704716797452,,,,PENDING_AT_END
75.6,75.82226738903015,,,,PENDING_AT_END
75.94999999999999,76.26232055079416,,,,PENDING_AT_END
76.3,76.34226123330517,,,,PENDING_AT_END
76.64999999999999,76.96410194021722,,,,PENDING_AT_END
77.0,77.03315145729505,,,,PENDING_AT_END
77.35,77.5442713258852,,,,PENDING_AT_END
77.69999999999999,77.86885023031815,,,,PENDING_AT_END
78.05,78.23451819192157,,,,PENDING_AT_END
78.39999999999999,78.44691751500936,,,,PENDING_AT_END
78.75,78.92808506380172,,,,PENDING_AT_END
79.1,79.33716783581386,,,,PENDING_AT_END
79.44999999999999,79.73077240942885,,,,PENDING_AT_END
79.8,79.92434252136015,,,,PENDING_AT_END
80.14999999999999,80.52388872125225,,,,PENDING_AT_END
80.5,80.81258517695252,,,,PENDING_AT_END
80.85,81.18244563527165,,,,PENDING_AT_END
81.19999999999999,81.33633070897096,,,,PENDING_AT_END
81.55,81.6278087485829,,,,PENDING_AT_END
81.89999999999999,82.09707451868717,,,,PENDING_AT_END
82.25,82.6420471258536,,,,PENDING_AT_END
82.6,82.78033416699282,,,,PENDING_AT_END
82.94999999999999,83.17462931075397,,,,PENDING_AT_END
83.3,83.55075884930908,,,,PENDING_AT_END
83.64999999999999,83.65646966130377,,,,PENDING_AT_END
84.0,84.11247395818089,,,,PENDING_AT_END
84.35,84.57138879982685,,,,PENDING_AT_END
84.69999999999999,84.84068599621915,,,,PENDING_AT_END
85.05,85.12152188454256,,,,PENDING_AT_END
85.39999999999999,85.57408520410065,,,,PENDING_AT_END
85.75,85.7923243258241,,,,PENDING_AT_END
86.1,86.49253651714858,,,,PENDING_AT_END
86.44999999999999,86.7169511115031,,,,PENDING_AT_END
86.8,86.8849448833618,,,,PENDING_AT_END
87.14999999999999,87.52703026059295,,,,PENDING_AT_END
87.5,87.71546902877759,,,,PENDING_AT_END
87.85,88.18813054709929,,,,PENDING_AT_END
88.19999999999999,88.42229766504033,,,,PENDING_AT_END
88.55,88.8619868916408,,,,PENDING_AT_END
88.89999999999999,89.17431433239805,,,,PENDING_AT_END
89.25,89.31080983275481,,,,PENDING_AT_END
89.6,89.62357261905515,,,,PENDING_AT_END
89.94999999999999,89.99796163532525,,,,PENDING_AT_END
90.3,90.32531370283614,,,,PENDING_AT_END
90.64999999999999,91.03086027451947,,,,PENDING_AT_END
91.0,91.03561609215163,,,,PENDING_AT_END
91.35,91.47105270005747,,,,PENDING_AT_END
91.69999999999999,91.77404694606167,,,,PENDING_AT_END
92.05,92.06315249450405,,,,PENDING_AT_END
92.39999999999999,92.78642533070378,,,,PENDING_AT_END
92.75,92.917859348186,,,,PENDING_AT_END
93.1,93.34745452128618,,,,PENDING_AT_END
93.44999999999999,93.64615491062926,,,,PENDING_AT_END
93.8,93.8464204282216,,,,PENDING_AT_END
94.14999999999999,94.32388237477575,,,,PENDING_AT_END
94.5,94.51853548065657,,,,PENDING_AT_END
94.85,95.15639597997549,,,,PENDING_AT_END
95.19999999999999,95.5486345313767,,,,PENDING_AT_END
95.55,95.55081823018749,,,,PENDING_AT_END
95.89999999999999,96.14210658792184,,,,PENDING_AT_END
96.25,96.34057498726168,,,,PENDING_AT_END
96.6,96.73064589070975,,,,PENDING_AT_END
96.94999999999999,97.04822338383289,,,,PENDING_AT_END
97.3,97.54358578491117,,,,PENDING_AT_END
97.64999999999999,97.74820264931917,,,,PENDING_AT_END
98.0,98.36972160699023,,,,PENDING_AT_END
98.35,98.46801663369578,,,,PENDING_AT_END
98.69999999999999,98.9659161941932,,,,PENDING_AT_END
99.05,99.37459341121603,,,,PENDING_AT_END
99.39999999999999,99.54832993154945,,,,PENDING_AT_END
99.75,100.09932012047028,,,,PENDING_AT_END
100.1,100.18596489533334,,,,PENDING_AT_END
100.44999999999999,100.7833824631094,,,,PENDING_AT_END
100.8,100.98995350002316,,,,PENDING_AT_END
101.14999999999999,101.19614801796071,,,,PENDING_AT_END
101.5,101.50131798124255,,,,PENDING_AT_END
101.85,102.03791656563789,,,,PENDING_AT_END
102.19999999999999,102.24553284310548,,,,PENDING_AT_END
102.55,102.90862129005653,,,,PENDING_AT_END
102.89999999999999,102.91229352297783,,,,PENDING_AT_END
103.25,103.42612363163667,,,,PENDING_AT_END
103.6,103.61410957060045,,,,PENDING_AT_END
103.94999999999999,104.26508085358557,,,,PENDING_AT_END
104.3,104.33960204634467,,,,PENDING_AT_END
104.64999999999999,104.7708579285022,,,,PENDING_AT_END
105.0,105.2417422526936,,,,PENDING_AT_END
105.35,105.40271316973295,,,,PENDING_AT_END
105.69999999999999,106.06888610603107,,,,PENDING_AT_END
106.05,106.29288021961183,,,,PENDING_AT_END
106.39999999999999,106.50209867445706,,,,PENDING_AT_END
106.75,107.03361852968254,,,,PENDING_AT_END
107.1,107.10580087034063,,,,PENDING_AT_END
107.44999999999999,107.60663013050873,,,,PENDING_AT_END
107.8,107.98952112571031,,,,PENDING_AT_END
108.14999999999999,108.52131049263188,,,,PENDING_AT_END
108.5,108.54433466791014,,,,PENDING_AT_END
108.85,108.91960270743101,,,,PENDING_AT_END
109.19999999999999,109.53041810066287,,,,PENDING_AT_END
109.55,109.65818573504562,,,,PENDING_AT_END
109.89999999999999,110.1874339388378,,,,PENDING_AT_END
110.25,110.42422978365312,,,,PENDING_AT_END
110.6,110.6101984072001,,,,PENDING_AT_END
110.94999999999999,111.04861785945309,,,,PENDING_AT_END
111.3,111.40401387850356,,,,PENDING_AT_END
111.64999999999999,111.78391955519224,,,,PENDING_AT_END
112.0,112.1892559387795,,,,PENDING_AT_END
112.35,112.43854305791177,,,,PENDING_AT_END
112.69999999999999,112.7214689889287,,,,PENDING_AT_END
113.05,113.23754467790529,,,,PENDING_AT_END
113.39999999999999,113.47759128294787,,,,PENDING_AT_END
113.74999999999999,113.88928564756564,,,,PENDING_AT_END
114.1,114.22955251475022,,,,PENDING_AT_END
114.44999999999999,114.53080766777225,,,,PENDING_AT_END
114.8,115.01795723869604,,,,PENDING_AT_END
115.14999999999999,115.54914448942212,,,,PENDING_AT_END
115.49999999999999,115.55203917292313,,,,PENDING_AT_END
115.85,116.12239103947974,,,,PENDING_AT_END
116.19999999999999,116.39166250457814,,,,PENDING_AT_END
116.55,116.69392331558207,,,,PENDING_AT_END
116.89999999999999,116.91579500689294,,,,PENDING_AT_END
117.24999999999999,117.38919976848622,,,,PENDING_AT_END
117.6,117.7683193710356,,,,PENDING_AT_END
117.94999999999999,118.16575751480042,,,,PENDING_AT_END
118.3,118.46796729507518,,,,PENDING_AT_END
118.64999999999999,118.81004922282487,,,,PENDING_AT_END
118.99999999999999,119.3453345432588,,,,PENDING_AT_END
119.35,119.40293603132301,,,,PENDING_AT_END
119.69999999999999,119.9553333511636,,,,PENDING_AT_END
120.05,120.3894137034142,,,,PENDING_AT_END
120.39999999999999,120.63890833424732,,,,PENDING_AT_END
120.74999999999999,121.12997049391662,,,,PENDING_AT_END
121.1,121.2591329209576,,,,PENDING_AT_END
121.44999999999999,121.83458635566805,,,,PENDING_AT_END
121.8,122.04461830033709,,,,PENDING_AT_END
122.14999999999999,122.34710815423166,,,,PENDING_AT_END
122.49999999999999,122.65160777480638,,,,PENDING_AT_END
122.85,122.96164025630677,,,,PENDING_AT_END
123.19999999999999,123.34496254445335,,,,PENDING_AT_END
123.55,123.80989109071213,,,,PENDING_AT_END
123.89999999999999,124.20922873041617,,,,PENDING_AT_END
124.24999999999999,124.5723556373335,,,,PENDING_AT_END
124.6,124.63306284892971,,,,PENDING_AT_END
124.94999999999999,125.30051605774321,,,,PENDING_AT_END
125.3,125.67556810829022,,,,PENDING_AT_END
125.64999999999999,125.88585858819529,,,,PENDING_AT_END
125.99999999999999,126.35132914020609,,,,PENDING_AT_END
126.35,126.35619445081446,,,,PENDING_AT_END
126.69999999999999,126.94492852849788,,,,PENDING_AT_END
127.05,127.33722444143565,,,,PENDING_AT_END
127.39999999999999,127.6060875429455,,,,PENDING_AT_END
127.74999999999999,127.75335051392868,,,,PENDING_AT_END
128.1,128.17810227362506,,,,PENDING_AT_END
128.45,128.75152839807623,,,,PENDING_AT_END
128.79999999999998,129.00968683267152,,,,PENDING_AT_END
129.15,129.5110727673996,,,,PENDING_AT_END
129.5,129.6895806105867,,,,PENDING_AT_END
129.85,130.24524346584778,,,,PENDING_AT_END
130.2,130.24770193328914,,,,PENDING_AT_END
130.54999999999998,130.79671846292914,,,,PENDING_AT_END
130.9,131.28032679077492,,,,PENDING_AT_END
131.25,131.64534548465576,,,,PENDING_AT_END
131.6,131.8456447044932,,,,PENDING_AT_END
131.95,132.19750993933832,,,,PENDING_AT_END
132.29999999999998,132.33425777610816,,,,PENDING_AT_END
132.65,132.94283792414743,,,,PENDING_AT_END
133.0,133.39182155128725,,,,PENDING_AT_END
133.35,133.69568212760302,,,,PENDING_AT_END
133.7,133.99000431668804,,,,PENDING_AT_END
134.04999999999998,134.06984090985063,,,,PENDING_AT_END
134.39999999999998,134.48518332015385,,,,PENDING_AT_END
134.75,134.91094352625225,,,,PENDING_AT_END
135.1,135.42427116660744,,,,PENDING_AT_END
135.45,135.71135682982248,,,,PENDING_AT_END
135.79999999999998,136.08489784986338,,,,PENDING_AT_END
136.14999999999998,136.33930928888782,,,,PENDING_AT_END
136.5,136.7828096317853,,,,PENDING_AT_END
136.85,136.96765110473237,,,,PENDING_AT_END
137.2,137.47474525969307,,,,PENDING_AT_END
137.54999999999998,137.7882759372683,,,,PENDING_AT_END
137.89999999999998,138.0342759847345,,,,PENDING_AT_END
138.25,138.5195660966569,,,,PENDING_AT_END
138.6,138.70306925187148,,,,PENDING_AT_END
138.95,139.15415006065172,,,,PENDING_AT_END
139.29999999999998,139.68981136007628,,,,PENDING_AT_END
139.64999999999998,139.69609800435757,,,,PENDING_AT_END
140.0,140.033604136159,,,,PENDING_AT_END
140.35,140.68639636784346,,,,PENDING_AT_END
140.7,140.7003417310367,,,,PENDING_AT_END
141.04999999999998,141.32156268363937,,,,PENDING_AT_END
141.39999999999998,141.44361227510444,,,,PENDING_AT_END
141.75,141.79485780949227,,,,PENDING_AT_END
142.1,142.47888290405743,,,,PENDING_AT_END
142.45,142.47201303385543,,,,PENDING_AT_END
142.79999999999998,142.88054043635137,,,,PENDING_AT_END
143.14999999999998,143.2646500803814,,,,PENDING_AT_END
143.5,143.79354008060562,,,,PENDING_AT_END
143.85,143.94656430817693,,,,PENDING_AT_END
144.2,144.47831483077834,,,,PENDING_AT_END
144.54999999999998,144.8696525596578,,,,PENDING_AT_END
144.89999999999998,145.2175355244853,,,,PENDING_AT_END
145.25,145.31202946031823,,,,PENDING_AT_END
145.6,145.63583193221436,,,,PENDING_AT_END
145.95,146.2702955242337,,,,PENDING_AT_END
146.29999999999998,146.64109776729842,,,,PENDING_AT_END
146.64999999999998,146.9902900413217,,,,PENDING_AT_END
147.0,147.16996939332,,,,PENDING_AT_END
147.35,147.4406831728156,,,,PENDING_AT_END
147.7,148.06888193743328,,,,PENDING_AT_END
148.04999999999998,148.39887991641055,,,,PENDING_AT_END
148.39999999999998,148.6418672085731,,,,PENDING_AT_END
148.75,148.9883495293834,,,,PENDING_AT_END
149.1,149.1314701418793,,,,PENDING_AT_END
149.45,149.67496021608366,,,,PENDING_AT_END
149.79999999999998,149.83441020081878,,,,PENDING_AT_END
150.14999999999998,150.15508192607552,,,,PENDING_AT_END
150.5,150.5788106602908,,,,PENDING_AT_END
150.85,150.85315534440818,,,,PENDING_AT_END
151.2,151.37760440843869,,,,PENDING_AT_END
151.54999999999998,151.90129714450123,,,,PENDING_AT_END
151.89999999999998,151.99006149444153,,,,PENDING_AT_END
152.25,152.5279648830974,,,,PENDING_AT_END
152.6,152.71293540760863,,,,PENDING_AT_END
152.95,153.01801794665317,,,,PENDING_AT_END
153.29999999999998,153.36832005973238,,,,PENDING_AT_END
153.64999999999998,153.69268825837327,,,,PENDING_AT_END
154.0,154.12290947855348,,,,PENDING_AT_END
154.35,154.62695605358627,,,,PENDING_AT_END
154.7,155.01698412547,,,,PENDING_AT_END
155.04999999999998,155.24470874376996,,,,PENDING_AT_END
155.39999999999998,155.51635606392404,,,,PENDING_AT_END
155.75,155.85196077417237,,,,PENDING_AT_END
156.1,156.4119441171641,,,,PENDING_AT_END
156.45,156.57262978929708,,,,PENDING_AT_END
156.79999999999998,156.8183517478781,,,,PENDING_AT_END
157.14999999999998,157.36293014961922,,,,PENDING_AT_END
157.5,157.71307472394244,,,,PENDING_AT_END
157.85,158.17683120803153,,,,PENDING_AT_END
158.2,158.39261922432553,,,,PENDING_AT_END
158.54999999999998,158.80540481972432,,,,PENDING_AT_END
158.89999999999998,158.9670004270924,,,,PENDING_AT_END
159.25,159.4120573734872,,,,PENDING_AT_END
159.6,159.99537323213494,,,,PENDING_AT_END
159.95,160.30546462604718,,,,PENDING_AT_END
160.29999999999998,160.3358817038115,,,,PENDING_AT_END
160.64999999999998,160.80356673935228,,,,PENDING_AT_END
161.0,161.27080127382033,,,,PENDING_AT_END
161.35,161.36117051203067,,,,PENDING_AT_END
161.7,162.0677029265168,,,,PENDING_AT_END
162.04999999999998,162.1448259224198,,,,PENDING_AT_END
162.39999999999998,162.54521099151145,,,,PENDING_AT_END
162.75,163.07386915397188,,,,PENDING_AT_END
163.1,163.26231713800198,,,,PENDING_AT_END
163.45,163.7733937601858,,,,PENDING_AT_END
163.79999999999998,164.02863997666387,,,,PENDING_AT_END
164.14999999999998,164.21750174030217,,,,PENDING_AT_END
164.5,164.85637313578252,,,,PENDING_AT_END
164.85,165.0523948539911,,,,PENDING_AT_END
165.2,165.54621619981936,,,,PENDING_AT_END
165.54999999999998,165.88110157429045,,,,PENDING_AT_END
165.89999999999998,166.08247815650418,,,,PENDING_AT_END
166.25,166.60120258909757,,,,PENDING_AT_END
166.6,166.6883944527867,,,,PENDING_AT_END
166.95,167.11594217570195,,,,PENDING_AT_END
167.29999999999998,167.38266980725209,,,,PENDING_AT_END
167.64999999999998,168.02865352737234,,,,PENDING_AT_END
168.0,168.27796467494403,,,,PENDING_AT_END
168.35,168.4608210549578,,,,PENDING_AT_END
168.7,168.76780731810595,,,,PENDING_AT_END
169.04999999999998,169.43243755749782,,,,PENDING_AT_END
169.39999999999998,169.42599603879637,,,,PENDING_AT_END
169.75,169.8977262590845,,,,PENDING_AT_END
170.1,170.47585541452398,,,,PENDING_AT_END
170.45,170.6369511008993,,,,PENDING_AT_END
170.79999999999998,170.8031067348169,,,,PENDING_AT_END
171.14999999999998,171.46209796852617,,,,PENDING_AT_END
171.5,171.7198404969148,,,,PENDING_AT_END
171.85,171.86652457440195,,,,PENDING_AT_END
172.2,172.47627769829114,,,,PENDING_AT_END
172.54999999999998,172.81833668695103,,,,PENDING_AT_END
172.89999999999998,173.21882259587238,,,,PENDING_AT_END
173.25,173.6234299312211,,,,PENDING_AT_END
173.6,173.89879505990953,,,,PENDING_AT_END
173.95,174.26369203130128,,,,PENDING_AT_END
174.29999999999998,174.38387406479606,,,,PENDING_AT_END
174.64999999999998,174.73722195901598,,,,PENDING_AT_END
175.0,175.14517059107004,,,,PENDING_AT_END
175.35,175.4948129166248,,,,PENDING_AT_END
175.7,175.88564080767634,,,,PENDING_AT_END
176.04999999999998,176.43594185601663,,,,PENDING_AT_END
176.39999999999998,176.7055933633422,,,,PENDING_AT_END
176.75,176.9819722511965,,,,PENDING_AT_END
177.1,177.37380128845123,,,,PENDING_AT_END
177.45,177.84314677070944,,,,PENDING_AT_END
177.79999999999998,177.9156959060721,,,,PENDING_AT_END
178.14999999999998,178.21311033165546,,,,PENDING_AT_END
178.5,178.716843135675,,,,PENDING_AT_END
178.85,179.0287110619761,,,,PENDING_AT_END
179.2,179.25172896018256,,,,PENDING_AT_END
179.54999999999998,179.6035014195352,,,,PENDING_AT_END
179.89999999999998,180.23515325580985,,,,PENDING_AT_END
180.25,180.35458069451948,,,,PENDING_AT_END
180.6,180.96621751731894,,,,PENDING_AT_END
180.95,181.2676878676986,,,,PENDING_AT_END
181.29999999999998,181.47471119180338,,,,PENDING_AT_END
181.64999999999998,181.86680424599575,,,,PENDING_AT_END
182.0,182.22875628817974,,,,PENDING_AT_END
182.35,182.48614192341634,,,,PENDING_AT_END
182.7,182.82519450943698,,,,PENDING_AT_END
183.04999999999998,183.40614963951552,,,,PENDING_AT_END
183.39999999999998,183.62127074604467,,,,PENDING_AT_END
183.75,184.087157742317,,,,PENDING_AT_END
184.1,184.43950353828617,,,,PENDING_AT_END
184.45,184.5095292007615,,,,PENDING_AT_END
184.79999999999998,185.14175918859874,,,,PENDING_AT_END
185.14999999999998,185.47925670098192,,,,PENDING_AT_END
185.5,185.61771115822688,,,,PENDING_AT_END
185.85,185.93935858043292,,,,PENDING_AT_END
186.2,186.5700526541541,,,,PENDING_AT_END
186.54999999999998,186.62281716735433,,,,PENDING_AT_END
186.89999999999998,186.93164292399354,,,,PENDING_AT_END
187.25,187.62457539090246,,,,PENDING_AT_END
187.6,187.61572428497348,,,,PENDING_AT_END
187.95,188.01453566387346,,,,PENDING_AT_END
188.29999999999998,188.44438817414462,,,,PENDING_AT_END
188.64999999999998,188.81661768835994,,,,PENDING_AT_END
189.0,189.307124071457,,,,PENDING_AT_END
189.35,189.70839976835802,,,,PENDING_AT_END
189.7,189.73284015311697,,,,PENDING_AT_END
190.04999999999998,190.1332515310191,,,,PENDING_AT_END
190.39999999999998,190.4399074363779,,,,PENDING_AT_END
190.75,191.06175295717725,,,,PENDING_AT_END
191.1,191.26064823452353,,,,PENDING_AT_END
191.45,191.54375696192216,,,,PENDING_AT_END
191.79999999999998,191.9863391711887,,,,PENDING_AT_END
192.14999999999998,192.352189453297,,,,PENDING_AT_END
192.5,192.8572423428614,,,,PENDING_AT_END
192.85,193.14227273568875,,,,PENDING_AT_END
193.2,193.379478615614,,,,PENDING_AT_END
193.54999999999998,193.59793787040573,,,,PENDING_AT_END
193.89999999999998,194.16740428056073,,,,PENDING_AT_END
194.25,194.25069854410805,,,,PENDING_AT_END
194.6,194.80291975458513,,,,PENDING_AT_END
194.95,195.14729015219126,,,,PENDING_AT_END
195.29999999999998,195.62260887495452,,,,PENDING_AT_END
195.64999999999998,195.81173740404483,,,,PENDING_AT_END
196.0,196.0282555304695,,,,PENDING_AT_END
196.35,196.5884979717496,,,,PENDING_AT_END
196.7,196.7501658143088,,,,PENDING_AT_END
197.04999999999998,197.26817033683724,,,,PENDING_AT_END
197.39999999999998,197.44566153971658,,,,PENDING_AT_END
197.75,198.04641649437616,,,,PENDING_AT_END
198.1,198.46216533315467,,,,PENDING_AT_END
198.45,198.77071655330099,,,,PENDING_AT_END
198.79999999999998,199.1824946553152,,,,PENDING_AT_END
199.14999999999998,199.18681509605227,,,,PENDING_AT_END
199.5,199.82908308994774,,,,PENDING_AT_END
199.85,199.86309432327337,,,,PENDING_AT_END
200.2,200.59749257618063,,,,PENDING_AT_END
200.54999999999998,200.86650866422738,,,,PENDING_AT_END
200.89999999999998,201.19300296676312,,,,PENDING_AT_END
201.25,201.38898739729433,,,,PENDING_AT_END
201.6,201.78193412748405,,,,PENDING_AT_END
201.95,201.9534032047104,,,,PENDING_AT_END
202.29999999999998,202.33377246691785,,,,PENDING_AT_END
202.64999999999998,202.85012666427627,,,,PENDING_AT_END
203.0,203.386150694339,,,,PENDING_AT_END
203.35,203.4127667426761,,,,PENDING_AT_END
203.7,204.05721973672854,,,,PENDING_AT_END
204.04999999999998,204.23170037027026,,,,PENDING_AT_END
204.39999999999998,204.62123268426927,,,,PENDING_AT_END
204.75,205.1192276912759,,,,PENDING_AT_END
205.1,205.3166210493915,,,,PENDING_AT_END
205.45,205.81148044606977,,,,PENDING_AT_END
205.79999999999998,206.1452382114821,,,,PENDING_AT_END
206.14999999999998,206.45653618345978,,,,PENDING_AT_END
206.5,206.85335939631017,,,,PENDING_AT_END
206.85,207.12353605662892,,,,PENDING_AT_END
207.2,207.5427512484262,,,,PENDING_AT_END
207.54999999999998,207.79835262438874,,,,PENDING_AT_END
207.89999999999998,208.08789680382807,,,,PENDING_AT_END
208.25,208.43210812868455,,,,PENDING_AT_END
208.6,208.79551109543812,,,,PENDING_AT_END
208.95,208.99327896328265,,,,PENDING_AT_END
209.29999999999998,209.52534613649206,,,,PENDING_AT_END
209.64999999999998,210.0472383261161,,,,PENDING_AT_END
210.0,210.27012487292626,,,,PENDING_AT_END
210.35,210.41653409537972,,,,PENDING_AT_END
210.7,210.88946347902282,,,,PENDING_AT_END
211.04999999999998,211.35450410004213,,,,PENDING_AT_END
211.39999999999998,211.4754442207303,,,,PENDING_AT_END
211.75,212.03075008571028,,,,PENDING_AT_END
212.1,212.46522807471084,,,,PENDING_AT_END
212.45,212.51207292748893,,,,PENDING_AT_END
212.79999999999998,213.0362092070737,,,,PENDING_AT_END
213.14999999999998,213.52164352924234,,,,PENDING_AT_END
213.5,213.65720758928046,,,,PENDING_AT_END
213.85,213.9470103643155,,,,PENDING_AT_END
214.2,214.47318758071424,,,,PENDING_AT_END
214.54999999999998,214.86921609265917,,,,PENDING_AT_END
214.89999999999998,215.11423604466842,,,,PENDING_AT_END
215.25,215.3283479079924,,,,PENDING_AT_END
215.6,215.85970752354237,,,,PENDING_AT_END
215.95,215.9787862755431,,,,PENDING_AT_END
216.29999999999998,216.59764283943835,,,,PENDING_AT_END
216.64999999999998,216.88753964606548,,,,PENDING_AT_END
217.0,217.38331503587614,,,,PENDING_AT_END
217.35,217.56847236439003,,,,PENDING_AT_END
217.7,218.07771635559118,,,,PENDING_AT_END
218.04999999999998,218.43574396699879,,,,PENDING_AT_END
218.39999999999998,218.6921959114128,,,,PENDING_AT_END
218.75,218.87423675191337,,,,PENDING_AT_END
219.1,219.30564208580213,,,,PENDING_AT_END
219.45,219.6011220187442,,,,PENDING_AT_END
219.79999999999998,220.1634265490524,,,,PENDING_AT_END
220.14999999999998,220.29382196473205,,,,PENDING_AT_END
220.5,220.58667635914838,,,,PENDING_AT_END
220.85,220.98079710972527,,,,PENDING_AT_END
221.2,221.20527795005154,,,,PENDING_AT_END
221.54999999999998,221.65447229208158,,,,PENDING_AT_END
221.89999999999998,221.96700516125128,,,,PENDING_AT_END
222.25,222.32198260065502,,,,PENDING_AT_END
222.6,222.9644519137863,,,,PENDING_AT_END
222.95,223.07755794089093,,,,PENDING_AT_END
223.29999999999998,223.3342250748399,,,,PENDING_AT_END
223.64999999999998,223.77742939586824,,,,PENDING_AT_END
224.0,224.23883984530056,,,,PENDING_AT_END
224.35,224.67586130291787,,,,PENDING_AT_END
224.7,224.84608702170954,,,,PENDING_AT_END
225.04999999999998,225.14730456627294,,,,PENDING_AT_END
225.39999999999998,225.72146588035304,,,,PENDING_AT_END
225.74999999999997,226.09043429268306,,,,PENDING_AT_END
226.1,226.33926639259263,,,,PENDING_AT_END
226.45,226.67351807625903,,,,PENDING_AT_END
226.79999999999998,227.15728591539911,,,,PENDING_AT_END
227.14999999999998,227.50037024765413,,,,PENDING_AT_END
227.49999999999997,227.79938264125272,,,,PENDING_AT_END
227.85,228.10175247928984,,,,PENDING_AT_END
228.2,228.4592634107778,,,,PENDING_AT_END
228.54999999999998,228.6289188835456,,,,PENDING_AT_END
228.89999999999998,229.01580040788588,,,,PENDING_AT_END
229.24999999999997,229.32440922495962,,,,PENDING_AT_END
229.6,229.92215123556738,,,,PENDING_AT_END
229.95,230.18816736355933,,,,PENDING_AT_END
230.29999999999998,230.41350795303774,,,,PENDING_AT_END
230.64999999999998,230.70253537386344,,,,PENDING_AT_END
230.99999999999997,231.24328325952436,,,,PENDING_AT_END
231.35,231.54624769772923,,,,PENDING_AT_END
231.7,231.79613419381542,,,,PENDING_AT_END
232.04999999999998,232.34501957280506,,,,PENDING_AT_END
232.39999999999998,232.40679232313977,,,,PENDING_AT_END
232.74999999999997,233.14210347674836,,,,PENDING_AT_END
233.1,233.36134972588044,,,,PENDING_AT_END
233.45,233.66394643775664,,,,PENDING_AT_END
233.79999999999998,234.07938517762446,,,,PENDING_AT_END
234.14999999999998,234.19988588205837,,,,PENDING_AT_END
234.49999999999997,234.8562522750086,,,,PENDING_AT_END
234.85,235.09077278311494,,,,PENDING_AT_END
235.2,235.44632719247835,,,,PENDING_AT_END
235.54999999999998,235.8864348656834,,,,PENDING_AT_END
235.89999999999998,236.283150600005,,,,PENDING_AT_END
236.24999999999997,236.33734807529268,,,,PENDING_AT_END
236.6,236.72519898392804,,,,PENDING_AT_END
236.95,237.20826378938472,,,,PENDING_AT_END
237.29999999999998,237.6945767929133,,,,PENDING_AT_END
237.64999999999998,238.03859688051443,,,,PENDING_AT_END
237.99999999999997,238.35745156423374,,,,PENDING_AT_END
238.35,238.5716410112693,,,,PENDING_AT_END
238.7,238.729080468691,,,,PENDING_AT_END
239.04999999999998,239.40228154871696,,,,PENDING_AT_END
239.39999999999998,239.52934042534065,,,,PENDING_AT_END
239.74999999999997,239.914539397629,,,,PENDING_AT_END
240.1,240.23027946391747,,,,PENDING_AT_END
240.45,240.46132634135972,,,,PENDING_AT_END
240.79999999999998,240.87729001742238,,,,PENDING_AT_END
241.14999999999998,241.37677238278485,,,,PENDING_AT_END
241.49999999999997,241.7529162913937,,,,PENDING_AT_END
241.85,242.23006490029096,,,,PENDING_AT_END
242.2,242.53982126379833,,,,PENDING_AT_END
242.54999999999998,242.7444187904426,,,,PENDING_AT_END
242.89999999999998,243.147121127736,,,,PENDING_AT_END
243.24999999999997,243.51235211408536,,,,PENDING_AT_END
243.6,243.9900578275817,,,,PENDING_AT_END
243.95,244.09729737329707,,,,PENDING_AT_END
244.29999999999998,244.56771895859615,,,,PENDING_AT_END
244.64999999999998,244.92087689653255,,,,PENDING_AT_END
244.99999999999997,245.06275098047186,,,,PENDING_AT_END
245.35,245.39731948688015,,,,PENDING_AT_END
245.7,245.94124707528266,,,,PENDING_AT_END
246.04999999999998,246.06667624883053,,,,PENDING_AT_END
246.39999999999998,246.7469421373791,,,,PENDING_AT_END
246.74999999999997,247.05130291653225,,,,PENDING_AT_END
247.1,247.34464436809523,,,,PENDING_AT_END
247.45,247.50308841442603,,,,PENDING_AT_END
247.79999999999998,248.113903684341,,,,PENDING_AT_END
248.14999999999998,248.30900878370096,,,,PENDING_AT_END
248.49999999999997,248.60621989968755,,,,PENDING_AT_END
248.85,249.21341400458132,,,,PENDING_AT_END
249.2,249.53470888048395,,,,PENDING_AT_END
249.54999999999998,249.57218400738046,,,,PENDING_AT_END
249.89999999999998,250.05353090178022,,,,PENDING_AT_END
250.24999999999997,250.4858284333463,,,,PENDING_AT_END
250.6,250.92321453155867,,,,PENDING_AT_END
250.95,251.3123517406628,,,,PENDING_AT_END
251.29999999999998,251.64509317637507,,,,PENDING_AT_END
251.64999999999998,251.98743325680073,,,,PENDING_AT_END
251.99999999999997,252.32805657036525,,,,PENDING_AT_END
252.35,252.6970948602897,,,,PENDING_AT_END
252.7,252.98593434434758,,,,PENDING_AT_END
253.04999999999998,253.17724757828339,,,,PENDING_AT_END
253.39999999999998,253.7559642998463,,,,PENDING_AT_END
253.74999999999997,253.9712176740242,,,,PENDING_AT_END
254.1,254.34552394530922,,,,PENDING_AT_END
254.45,254.7156211460847,,,,PENDING_AT_END
254.79999999999998,255.0772820877976,,,,PENDING_AT_END
255.14999999999998,255.49712104959173,,,,PENDING_AT_END
255.49999999999997,255.56059318540676,,,,PENDING_AT_END
255.85,256.04746440112615,,,,PENDING_AT_END
256.2,256.31472607206916,,,,PENDING_AT_END
256.55,256.8133232807258,,,,PENDING_AT_END
256.9,257.09271588303136,,,,PENDING_AT_END
257.25,257.635721619326,,,,PENDING_AT_END
257.59999999999997,257.76294440027374,,,,PENDING_AT_END
257.95,258.0177965059309,,,,PENDING_AT_END
258.3,258.320998989497,,,,PENDING_AT_END
258.65,258.8492159378078,,,,PENDING_AT_END
259.0,259.1879777087928,,,,PENDING_AT_END
259.34999999999997,259.60063920407805,,,,PENDING_AT_END
259.7,259.7670316338411,,,,PENDING_AT_END
260.05,260.44611967038026,,,,PENDING_AT_END
260.4,260.60620496053275,,,,PENDING_AT_END
260.75,261.1097777680196,,,,PENDING_AT_END
261.09999999999997,261.29896587168747,,,,PENDING_AT_END
261.45,261.5524266957836,,,,PENDING_AT_END
261.8,262.02120623130116,,,,PENDING_AT_END
262.15,262.1590893602994,,,,PENDING_AT_END
262.5,262.61471169219783,,,,PENDING_AT_END
262.84999999999997,263.0517162352664,,,,PENDING_AT_END
263.2,263.41781207878677,,,,PENDING_AT_END
263.55,263.8587521352262,,,,PENDING_AT_END
263.9,263.9594858144087,,,,PENDING_AT_END
264.25,264.3603098271684,,,,PENDING_AT_END
264.59999999999997,264.64053114148277,,,,PENDING_AT_END
264.95,264.96340204077427,,,,PENDING_AT_END
265.3,265.38305448270233,,,,PENDING_AT_END
265.65,265.92707548460646,,,,PENDING_AT_END
266.0,266.0916489908136,,,,PENDING_AT_END
266.34999999999997,266.4943528807826,,,,PENDING_AT_END
266.7,266.9965355828975,,,,PENDING_AT_END
267.05,267.271727634967,,,,PENDING_AT_END
267.4,267.6933815199069,,,,PENDING_AT_END
267.75,267.9760436373514,,,,PENDING_AT_END
268.09999999999997,268.10414961655925,,,,PENDING_AT_END
268.45,268.81141070912935,,,,PENDING_AT_END
268.79999999999995,268.9769332642127,,,,PENDING_AT_END
269.15,269.54677069999923,,,,PENDING_AT_END
269.5,269.7508724845429,,,,PENDING_AT_END
269.84999999999997,270.1122105516076,,,,PENDING_AT_END
270.2,270.381331838539,,,,PENDING_AT_END
270.54999999999995,270.72265487281027,,,,PENDING_AT_END
270.9,271.0925862171224,,,,PENDING_AT_END
271.25,271.5304028927394,,,,PENDING_AT_END
271.59999999999997,271.78141285009696,,,,PENDING_AT_END
271.95,272.1332675513441,,,,PENDING_AT_END
272.29999999999995,272.36962526579214,,,,PENDING_AT_END
272.65,272.7400557875278,,,,PENDING_AT_END
273.0,273.35485976143457,,,,PENDING_AT_END
273.34999999999997,273.3979582639227,,,,PENDING_AT_END
273.7,274.0558406707499,,,,PENDING_AT_END
274.04999999999995,274.2291860068442,,,,PENDING_AT_END
274.4,274.7316160830611,,,,PENDING_AT_END
274.75,275.01897011861115,,,,PENDING_AT_END
275.09999999999997,275.42623203177556,,,,PENDING_AT_END
275.45,275.8036603297,,,,PENDING_AT_END
275.79999999999995,275.8179143060519,,,,PENDING_AT_END
276.15,276.42175338147706,,,,PENDING_AT_END
276.5,276.62597369600826,,,,PENDING_AT_END
276.84999999999997,276.97805870304063,,,,PENDING_AT_END
277.2,277.5561141926675,,,,PENDING_AT_END
277.54999999999995,277.5620267529349,,,,PENDING_AT_END
277.9,278.24193828638784,,,,PENDING_AT_END
278.25,278.3202987039276,,,,PENDING_AT_END
278.59999999999997,278.94840533113853,,,,PENDING_AT_END
278.95,279.05331907355225,,,,PENDING_AT_END
279.29999999999995,279.5027476620601,,,,PENDING_AT_END
279.65,280.0280070296475,,,,PENDING_AT_END
280.0,280.30166142306894,,,,PENDING_AT_END
280.34999999999997,280.70383819849513,,,,PENDING_AT_END
280.7,280.8236216328598,,,,PENDING_AT_END
281.04999999999995,281.22192248209956,,,,PENDING_AT_END
281.4,281.69774897046284,,,,PENDING_AT_END
281.75,281.8204608614516,,,,PENDING_AT_END
282.09999999999997,282.48014300500967,,,,PENDING_AT_END
282.45,282.52001511731515,,,,PENDING_AT_END
282.79999999999995,282.83060802481896,,,,PENDING_AT_END
283.15,283.46428122670375,,,,PENDING_AT_END
283.5,283.5476863710835,,,,PENDING_AT_END
283.84999999999997,284.11555424858096,,,,PENDING_AT_END
284.2,284.37397719005963,,,,PENDING_AT_END
284.54999999999995,284.76430382530475,,,,PENDING_AT_END
284.9,285.1612450523355,,,,PENDING_AT_END
285.25,285.33607039793446,,,,PENDING_AT_END
285.59999999999997,285.70109343149073,,,,PENDING_AT_END
285.95,286.00876510385234,,,,PENDING_AT_END
286.29999999999995,286.4946581112084,,,,PENDING_AT_END
286.65,286.82345412248696,,,,PENDING_AT_END
287.0,287.29798029398296,,,,PENDING_AT_END
287.34999999999997,287.6171130089886,,,,PENDING_AT_END
287.7,287.85324463317903,,,,PENDING_AT_END
288.04999999999995,288.1250501452928,,,,PENDING_AT_END
288.4,288.55414903119697,,,,PENDING_AT_END
288.75,288.87729477695655,,,,PENDING_AT_END
289.09999999999997,289.3930739838698,,,,PENDING_AT_END
289.45,289.51606686529107,,,,PENDING_AT_END
289.79999999999995,290.136143844001,,,,PENDING_AT_END
290.15,290.47398390678904,,,,PENDING_AT_END
290.5,290.5902474768278,,,,PENDING_AT_END
290.84999999999997,291.02845845893427,,,,PENDING_AT_END
291.2,291.3829102728925,,,,PENDING_AT_END
291.54999999999995,291.5822111029015,,,,PENDING_AT_END
291.9,292.29618838952877,,,,PENDING_AT_END
292.25,292.34682602868656,,,,PENDING_AT_END
292.59999999999997,292.64296027544964,,,,PENDING_AT_END
292.95,293.0908517665429,,,,PENDING_AT_END
293.29999999999995,293.4982494862729,,,,PENDING_AT_END
293.65,293.900598509798,,,,PENDING_AT_END
294.0,294.0955935020861,,,,PENDING_AT_END
294.34999999999997,294.37476224462927,,,,PENDING_AT_END
294.7,294.890805339515,,,,PENDING_AT_END
295.04999999999995,295.2207287650399,,,,PENDING_AT_END
295.4,295.72461233627496,,,,PENDING_AT_END
295.75,296.0337562549894,,,,PENDING_AT_END
296.09999999999997,296.16216323266025,,,,PENDING_AT_END
296.45,296.617459599102,,,,PENDING_AT_END
296.79999999999995,296.947933289385,,,,PENDING_AT_END
297.15,297.4505579990363,,,,PENDING_AT_END
297.5,297.516494801456,,,,PENDING_AT_END
297.84999999999997,297.8705157997139,,,,PENDING_AT_END
298.2,298.3373723974849,,,,PENDING_AT_END
298.54999999999995,298.6125741850881,,,,PENDING_AT_END
298.9,299.0021372315581,,,,PENDING_AT_END
299.25,299.4204736868696,,,,PENDING_AT_END
299.59999999999997,299.645666719341,,,,PENDING_AT_END
299.95,300.1992172852162,,,,PENDING_AT_END
300.29999999999995,300.63784721069237,,,,PENDING_AT_END
300.65,300.85169779156547,,,,PENDING_AT_END
301.0,301.0076137359,,,,PENDING_AT_END
301.34999999999997,301.7287833278222,,,,PENDING_AT_END
301.7,301.99972616496217,,,,PENDING_AT_END
302.04999999999995,302.1643652199823,,,,PENDING_AT_END
302.4,302.75235530899533,,,,PENDING_AT_END
302.75,302.99233985539684,,,,PENDING_AT_END
303.09999999999997,303.4451596418591,,,,PENDING_AT_END
303.45,303.4924309903569,,,,PENDING_AT_END
303.79999999999995,303.9279799462405,,,,PENDING_AT_END
304.15,304.2508828320514,,,,PENDING_AT_END
304.5,304.5688610689597,,,,PENDING_AT_END
304.84999999999997,305.0572048766242,,,,PENDING_AT_END
305.2,305.5688943983816,,,,PENDING_AT_END
305.54999999999995,305.60951457026874,,,,PENDING_AT_END
305.9,306.0981324901178,,,,PENDING_AT_END
306.25,306.5777886969752,,,,PENDING_AT_END
306.59999999999997,306.9984545766284,,,,PENDING_AT_END
306.95,307.23926469985594,,,,PENDING_AT_END
307.29999999999995,307.36054732520495,,,,PENDING_AT_END
307.65,307.87969049573644,,,,PENDING_AT_END
308.0,308.36345796021374,,,,PENDING_AT_END
308.34999999999997,308.72236690884694,,,,PENDING_AT_END
308.7,309.0907151272773,,,,PENDING_AT_END
309.04999999999995,309.1526603977725,,,,PENDING_AT_END
309.4,309.7663027032618,,,,PENDING_AT_END
309.75,309.8378119137376,,,,PENDING_AT_END
310.09999999999997,310.1396608185093,,,,PENDING_AT_END
310.45,310.46508696816414,,,,PENDING_AT_END
310.79999999999995,310.91409444511567,,,,PENDING_AT_END
311.15,311.3672452689051,,,,PENDING_AT_END
311.5,311.73747438857504,,,,PENDING_AT_END
311.84999999999997,312.01884694695235,,,,PENDING_AT_END
312.2,312.53311191092547,,,,PENDING_AT_END
312.54999999999995,312.80356539656134,,,,PENDING_AT_END
312.9,313.1862748145661,,,,PENDING_AT_END
313.25,313.3890064671781,,,,PENDING_AT_END
313.59999999999997,313.7992908413108,,,,PENDING_AT_END
313.95,313.950663791062,,,,PENDING_AT_END
314.29999999999995,314.4530683078043,,,,PENDING_AT_END
314.65,314.7759300006039,,,,PENDING_AT_END
315.0,315.15845794418374,,,,PENDING_AT_END
315.34999999999997,315.55538616006123,,,,PENDING_AT_END
315.7,315.92112639554495,,,,PENDING_AT_END
316.04999999999995,316.3642983556173,,,,PENDING_AT_END
316.4,316.7066684195496,,,,PENDING_AT_END
316.75,317.12953211312436,,,,PENDING_AT_END
317.09999999999997,317.10241159363574,,,,PENDING_AT_END
317.45,317.7293019830867,,,,PENDING_AT_END
317.79999999999995,318.1893592319735,,,,PENDING_AT_END
318.15,318.3133948949195,,,,PENDING_AT_END
318.5,318.6128945390851,,,,PENDING_AT_END
318.84999999999997,318.94929874998223,,,,PENDING_AT_END
319.2,319.5091394004866,,,,PENDING_AT_END
319.54999999999995,319.761992659881,,,,PENDING_AT_END
319.9,319.92529233583923,,,,PENDING_AT_END
320.25,320.592230716603,,,,PENDING_AT_END
320.59999999999997,320.9203176652018,,,,PENDING_AT_END
320.95,321.1067731921077,,,,PENDING_AT_END
321.29999999999995,321.52261668691574,,,,PENDING_AT_END
321.65,321.8674999369666,,,,PENDING_AT_END
322.0,322.1391568816898,,,,PENDING_AT_END
322.34999999999997,322.7203374904166,,,,PENDING_AT_END
322.7,323.0958713237474,,,,PENDING_AT_END
323.04999999999995,323.1189540582503,,,,PENDING_AT_END
323.4,323.6458739085824,,,,PENDING_AT_END
323.75,323.92627995852615,,,,PENDING_AT_END
324.09999999999997,324.25708788017977,,,,PENDING_AT_END
324.45,324.6259166619254,,,,PENDING_AT_END
324.79999999999995,325.00529472772484,,,,PENDING_AT_END
325.15,325.25248885107726,,,,PENDING_AT_END
325.5,325.73783599174,,,,PENDING_AT_END
325.84999999999997,326.12147480430446,,,,PENDING_AT_END
326.2,326.26063815337767,,,,PENDING_AT_END
326.54999999999995,326.94468159298265,,,,PENDING_AT_END
326.9,327.0678741328537,,,,PENDING_AT_END
327.25,327.2709273343653,,,,PENDING_AT_END
327.59999999999997,327.97395676728155,,,,PENDING_AT_END
327.95,328.1968117999359,,,,PENDING_AT_END
328.29999999999995,328.46111486577627,,,,PENDING_AT_END
328.65,328.7329192596766,,,,PENDING_AT_END
329.0,329.18757828399976,,,,PENDING_AT_END
329.34999999999997,329.3888348315731,,,,PENDING_AT_END
329.7,330.0249847027855,,,,PENDING_AT_END
330.04999999999995,330.32071600582196,,,,PENDING_AT_END
330.4,330.5534895261685,,,,PENDING_AT_END
330.75,330.87414243572584,,,,PENDING_AT_END
331.09999999999997,331.3183425952013,,,,PENDING_AT_END
331.45,331.4958823070761,,,,PENDING_AT_END
331.79999999999995,331.83669810625724,,,,PENDING_AT_END
332.15,332.2552436985917,,,,PENDING_AT_END
332.5,332.69543158781585,,,,PENDING_AT_END
332.84999999999997,333.2347242468558,,,,PENDING_AT_END
333.2,333.40245777456533,,,,PENDING_AT_END
333.54999999999995,333.7636260843818,,,,PENDING_AT_END
333.9,334.2470972008281,,,,PENDING_AT_END
334.25,334.5043915276724,,,,PENDING_AT_END
334.59999999999997,334.7735075253568,,,,PENDING_AT_END
334.95,335.0365518141908,,,,PENDING_AT_END
335.29999999999995,335.69790008729433,,,,PENDING_AT_END
335.65,335.67913290669344,,,,PENDING_AT_END
336.0,336.0274594166648,,,,PENDING_AT_END
336.34999999999997,336.60071731771967,,,,PENDING_AT_END
336.7,336.7150377702961,,,,PENDING_AT_END
337.04999999999995,337.16350181570965,,,,PENDING_AT_END
337.4,337.60672386666397,,,,PENDING_AT_END
337.75,337.9540280065172,,,,PENDING_AT_END
338.09999999999997,338.1281798465114,,,,PENDING_AT_END
338.45,338.4839795985427,,,,PENDING_AT_END
338.79999999999995,338.91544961413797,,,,PENDING_AT_END
339.15,339.256122868808,,,,PENDING_AT_END
339.5,339.50785669674156,,,,PENDING_AT_END
339.84999999999997,339.9777185613945,,,,PENDING_AT_END
340.2,340.4721125357676,,,,PENDING_AT_END
340.54999999999995,340.7815620803789,,,,PENDING_AT_END
340.9,341.0933477361474,,,,PENDING_AT_END
341.25,341.3582961781083,,,,PENDING_AT_END
341.59999999999997,341.96576520633056,,,,PENDING_AT_END
341.95,342.15269918196424,,,,PENDING_AT_END
342.29999999999995,342.3534676317646,,,,PENDING_AT_END
342.65,342.6563765201321,,,,PENDING_AT_END
343.0,343.0285976741467,,,,PENDING_AT_END
343.34999999999997,343.53399591137367,,,,PENDING_AT_END
343.7,343.7003507425598,,,,PENDING_AT_END
344.04999999999995,344.11647623363956,,,,PENDING_AT_END
344.4,344.5161421427216,,,,PENDING_AT_END
344.75,344.8243207259701,,,,PENDING_AT_END
345.09999999999997,345.27223736668196,,,,PENDING_AT_END
345.45,345.4660919202086,,,,PENDING_AT_END
345.79999999999995,345.9703379798542,,,,PENDING_AT_END
346.15,346.5037591381174,,,,PENDING_AT_END
346.5,346.60075324719,,,,PENDING_AT_END
346.84999999999997,347.1274686122725,,,,PENDING_AT_END
347.2,347.4184137167836,,,,PENDING_AT_END
347.54999999999995,347.6849545698965,,,,PENDING_AT_END
347.9,348.04609904072765,,,,PENDING_AT_END
348.25,348.5426456830254,,,,PENDING_AT_END
348.59999999999997,348.8872085393551,,,,PENDING_AT_END
348.95,349.03334151338987,,,,PENDING_AT_END
349.29999999999995,349.60455800566615,,,,PENDING_AT_END
349.65,349.75613392188484,,,,PENDING_AT_END
350.0,350.08543583006167,,,,PENDING_AT_END
350.34999999999997,350.41431813644607,,,,PENDING_AT_END
350.7,350.9432786065716,,,,PENDING_AT_END
351.04999999999995,351.1793286117917,,,,PENDING_AT_END
351.4,351.62742677250446,,,,PENDING_AT_END
351.75,352.0105686266776,,,,PENDING_AT_END
352.09999999999997,352.278468826837,,,,PENDING_AT_END
352.45,352.78735157306625,,,,PENDING_AT_END
352.79999999999995,352.9885503103669,,,,PENDING_AT_END
353.15,353.2583661145492,,,,PENDING_AT_END
353.5,353.5534875268979,,,,PENDING_AT_END
353.84999999999997,354.0105618770031,,,,PENDING_AT_END
354.2,354.2386439696972,,,,PENDING_AT_END
354.54999999999995,354.6992878547827,,,,PENDING_AT_END
354.9,355.13058698414216,,,,PENDING_AT_END
355.25,355.33123692496895,,,,PENDING_AT_END
355.59999999999997,355.96589559734997,,,,PENDING_AT_END
355.95,356.3171970671462,,,,PENDING_AT_END
356.29999999999995,356.4154147501083,,,,PENDING_AT_END
356.65,357.04331738432427,,,,PENDING_AT_END
357.0,357.13332126557816,,,,PENDING_AT_END
357.34999999999997,357.72811327989115,,,,PENDING_AT_END
357.7,357.74347543870937,,,,PENDING_AT_END
358.04999999999995,358.3698258851765,,,,PENDING_AT_END
358.4,358.4095297051589,,,,PENDING_AT_END
358.75,358.75410559644934,,,,PENDING_AT_END
359.09999999999997,359.3741027974108,,,,PENDING_AT_END
359.45,359.7940093845826,,,,PENDING_AT_END
359.79999999999995,359.99966349693545,,,,PENDING_AT_END
360.15,360.4951999679449,,,,PENDING_AT_END
360.5,360.6505185357754,,,,PENDING_AT_END
360.84999999999997,361.2359957713381,,,,PENDING_AT_END
361.2,361.3927249575374,,,,PENDING_AT_END
361.54999999999995,361.5718912540992,,,,PENDING_AT_END
361.9,361.9555303861325,,,,PENDING_AT_END
362.25,362.6330789011839,,,,PENDING_AT_END
362.59999999999997,362.7864722032397,,,,PENDING_AT_END
362.95,363.01980978273554,,,,PENDING_AT_END
363.29999999999995,363.64298912082336,,,,PENDING_AT_END
363.65,363.8009967386247,,,,PENDING_AT_END
364.0,364.0143488609749,,,,PENDING_AT_END
364.34999999999997,364.59805418559114,,,,PENDING_AT_END
364.7,364.8755775442424,,,,PENDING_AT_END
365.04999999999995,365.4348504567797,,,,PENDING_AT_END
365.4,365.4319164873682,,,,PENDING_AT_END
365.75,365.9610737586627,,,,PENDING_AT_END
366.09999999999997,366.2211881780848,,,,PENDING_AT_END
366.45,366.59019788785594,,,,PENDING_AT_END
366.79999999999995,366.99291656184505,,,,PENDING_AT_END
367.15,367.46031319980386,,,,PENDING_AT_END
367.5,367.50297366472455,,,,PENDING_AT_END
367.84999999999997,367.86834521129805,,,,PENDING_AT_END
368.2,368.3182378074982,,,,PENDING_AT_END
368.54999999999995,368.9050472468871,,,,PENDING_AT_END
368.9,369.19986662092947,,,,PENDING_AT_END
369.25,369.44672247667245,,,,PENDING_AT_END
369.59999999999997,369.7445576749614,,,,PENDING_AT_END
369.95,370.1019733057149,,,,PENDING_AT_END
370.29999999999995,370.6288021161423,,,,PENDING_AT_END
370.65,370.91571945787405,,,,PENDING_AT_END
371.0,371.28660292549034,,,,PENDING_AT_END
371.34999999999997,371.43129310728824,,,,PENDING_AT_END
371.7,372.0655462124716,,,,PENDING_AT_END
372.04999999999995,372.3268459014788,,,,PENDING_AT_END
372.4,372.7865317256368,,,,PENDING_AT_END
372.75,373.06350205414117,,,,PENDING_AT_END
373.09999999999997,373.2331095032892,,,,PENDING_AT_END
373.45,373.68019009567166,,,,PENDING_AT_END
373.79999999999995,373.9002844647115,,,,PENDING_AT_END
374.15,374.39764936633173,,,,PENDING_AT_END
374.5,374.7893353209058,,,,PENDING_AT_END
374.84999999999997,374.9377786419205,,,,PENDING_AT_END
375.2,375.54652630552135,,,,PENDING_AT_END
375.54999999999995,375.6296954576369,,,,PENDING_AT_END
375.9,376.00075084451794,,,,PENDING_AT_END
376.25,376.62108453742474,,,,PENDING_AT_END
376.59999999999997,376.9189012571281,,,,PENDING_AT_END
376.95,377.03498872654694,,,,PENDING_AT_END
377.29999999999995,377.4636124429567,,,,PENDING_AT_END
377.65,378.0375812100169,,,,PENDING_AT_END
378.0,378.3897691613025,,,,PENDING_AT_END
378.34999999999997,378.6168486897098,,,,PENDING_AT_END
378.7,378.9692234948122,,,,PENDING_AT_END
379.04999999999995,379.2024939281397,,,,PENDING_AT_END
379.4,379.5354353865473,,,,PENDING_AT_END
379.75,380.0299925948866,,,,PENDING_AT_END
380.09999999999997,380.2547824798244,,,,PENDING_AT_END
380.45,380.6424111272426,,,,PENDING_AT_END
380.79999999999995,381.1142391531939,,,,PENDING_AT_END
381.15,381.3385412981137,,,,PENDING_AT_END
381.5,381.8382224513862,,,,PENDING_AT_END
381.84999999999997,382.0919326310233,,,,PENDING_AT_END
382.2,382.55895157693175,,,,PENDING_AT_END
382.54999999999995,382.8983500153588,,,,PENDING_AT_END
382.9,382.9570213989383,,,,PENDING_AT_END
383.25,383.3876659697786,,,,PENDING_AT_END
383.59999999999997,383.9600976471559,,,,PENDING_AT_END
383.95,384.0827493386142,,,,PENDING_AT_END
384.29999999999995,384.34920859691283,,,,PENDING_AT_END
384.65,384.9071823822446,,,,PENDING_AT_END
385.0,385.11538030595227,,,,PENDING_AT_END
385.34999999999997,385.60182649797406,,,,PENDING_AT_END
385.7,385.7408883662551,,,,PENDING_AT_END
386.04999999999995,386.22774827188107,,,,PENDING_AT_END
386.4,386.5067909270829,,,,PENDING_AT_END
386.75,387.0800384991717,,,,PENDING_AT_END
387.09999999999997,387.2263209047065,,,,PENDING_AT_END
387.45,387.6273733749121,,,,PENDING_AT_END
387.79999999999995,387.8163463014472,,,,PENDING_AT_END
388.15,388.4008367687661,,,,PENDING_AT_END
388.5,388.8694934996248,,,,PENDING_AT_END
388.84999999999997,389.1864277264528,,,,PENDING_AT_END
389.2,389.59334086732355,,,,PENDING_AT_END
389.54999999999995,389.7571341179761,,,,PENDING_AT_END
389.9,389.95520950395473,,,,PENDING_AT_END
390.25,390.4656210390317,,,,PENDING_AT_END
390.59999999999997,390.850820420205,,,,PENDING_AT_END
390.95,391.3213585974257,,,,PENDING_AT_END
391.29999999999995,391.51400906127617,,,,PENDING_AT_END
391.65,391.9523482903696,,,,PENDING_AT_END
392.0,392.31173209431915,,,,PENDING_AT_END
392.34999999999997,392.70201802091816,,,,PENDING_AT_END
392.7,392.91470904699685,,,,PENDING_AT_END
393.04999999999995,393.36895619076665,,,,PENDING_AT_END
393.4,393.7342190760511,,,,PENDING_AT_END
393.75,393.9421583709352,,,,PENDING_AT_END
394.09999999999997,394.1344201033267,,,,PENDING_AT_END
394.45,394.45549280415145,,,,PENDING_AT_END
394.79999999999995,394.8195713256997,,,,PENDING_AT_END
395.15,395.4346265427098,,,,PENDING_AT_END
395.5,395.7504677078516,,,,PENDING_AT_END
395.84999999999997,396.1177547432041,,,,PENDING_AT_END
396.2,396.2831620462836,,,,PENDING_AT_END
396.54999999999995,396.84408456845813,,,,PENDING_AT_END
396.9,396.9026911727286,,,,PENDING_AT_END
397.25,397.4257780714122,,,,PENDING_AT_END
397.59999999999997,397.7992960106216,,,,PENDING_AT_END
397.95,398.15247764433553,,,,PENDING_AT_END
398.29999999999995,398.4174461932903,,,,PENDING_AT_END
398.65,398.90391823638754,,,,PENDING_AT_END
399.0,399.02529279929524,,,,PENDING_AT_END
399.34999999999997,399.4333654761377,,,,PENDING_AT_END
399.7,399.81065353591026,,,,PENDING_AT_END
400.04999999999995,400.42921341902604,,,,PENDING_AT_END
400.4,400.66428091954697,,,,PENDING_AT_END
400.75,401.11948069199445,,,,PENDING_AT_END
401.09999999999997,401.25212352854425,,,,PENDING_AT_END
401.45,401.6244650705465,,,,PENDING_AT_END
401.79999999999995,401.9571935137159,,,,PENDING_AT_END
402.15,402.46199201527986,,,,PENDING_AT_END
402.5,402.8055436975269,,,,PENDING_AT_END
402.84999999999997,403.17800028974403,,,,PENDING_AT_END
403.2,403.43119966922706,,,,PENDING_AT_END
403.54999999999995,403.68938994063376,,,,PENDING_AT_END
403.9,404.0009985299074,,,,PENDING_AT_END
404.25,404.5893457782513,,,,PENDING_AT_END
404.59999999999997,404.97338216169516,,,,PENDING_AT_END
404.95,405.00234514736763,,,,PENDING_AT_END
405.29999999999995,405.6257577106728,,,,PENDING_AT_END
405.65,405.7318370045663,,,,PENDING_AT_END
406.0,406.314341781306,,,,PENDING_AT_END
406.34999999999997,406.7451079788206,,,,PENDING_AT_END
406.7,406.84176706329805,,,,PENDING_AT_END
407.04999999999995,407.0814964755848,,,,PENDING_AT_END
407.4,407.7922451402766,,,,PENDING_AT_END
407.75,407.80680340011475,,,,PENDING_AT_END
408.09999999999997,408.2272111878818,,,,PENDING_AT_END
408.45,408.54961309285335,,,,PENDING_AT_END
408.79999999999995,408.81173751997096,,,,PENDING_AT_END
409.15,409.5174520596445,,,,PENDING_AT_END
409.5,409.72164787725717,,,,PENDING_AT_END
409.84999999999997,410.0812539850139,,,,PENDING_AT_END
410.2,410.2350573890813,,,,PENDING_AT_END
410.54999999999995,410.65244636185594,,,,PENDING_AT_END
410.9,410.99883357295244,,,,PENDING_AT_END
411.25,411.40762153382775,,,,PENDING_AT_END
411.59999999999997,411.8284992375439,,,,PENDING_AT_END
411.95,412.268411950969,,,,PENDING_AT_END
412.29999999999995,412.3804647999093,,,,PENDING_AT_END
412.65,412.97708397303086,,,,PENDING_AT_END
413.0,413.0683704492908,,,,PENDING_AT_END
413.34999999999997,413.3805730680163,,,,PENDING_AT_END
413.7,414.06312110826417,,,,PENDING_AT_END
414.04999999999995,414.08006388697686,,,,PENDING_AT_END
414.4,414.7637938262661,,,,PENDING_AT_END
414.75,415.1393730398578,,,,PENDING_AT_END
415.09999999999997,415.4462561417867,,,,PENDING_AT_END
415.45,415.71128243543995,,,,PENDING_AT_END
415.79999999999995,416.0271803338146,,,,PENDING_AT_END
416.15,416.5075498383487,,,,PENDING_AT_END
416.5,416.6710947006144,,,,PENDING_AT_END
416.84999999999997,417.0191648213658,,,,PENDING_AT_END
417.2,417.5720779661579,,,,PENDING_AT_END
417.54999999999995,417.76095726546407,,,,PENDING_AT_END
417.9,418.0950085916021,,,,PENDING_AT_END
418.25,418.2638657303254,,,,PENDING_AT_END
418.59999999999997,418.99021103805177,,,,PENDING_AT_END
418.95,419.0711551489896,,,,PENDING_AT_END
419.29999999999995,419.4826159029361,,,,PENDING_AT_END
419.65,419.9281584128794,,,,PENDING_AT_END
420.0,420.24284081108465,,,,PENDING_AT_END
420.34999999999997,420.69971699407114,,,,PENDING_AT_END
420.7,420.7082932168127,,,,PENDING_AT_END
421.04999999999995,421.20694104852384,,,,PENDING_AT_END
421.4,421.6051547520269,,,,PENDING_AT_END
421.75,421.7673006829559,,,,PENDING_AT_END
422.09999999999997,422.1628221162625,,,,PENDING_AT_END
422.45,422.5196504660419,,,,PENDING_AT_END
422.79999999999995,422.8664392964424,,,,PENDING_AT_END
423.15,423.1682093329455,,,,PENDING_AT_END
423.5,423.71178674310454,,,,PENDING_AT_END
423.84999999999997,424.00940138427944,,,,PENDING_AT_END
424.2,424.37419460631696,,,,PENDING_AT_END
424.54999999999995,424.7339462357145,,,,PENDING_AT_END
424.9,425.0897862431327,,,,PENDING_AT_END
425.25,425.27130542403927,,,,PENDING_AT_END
425.59999999999997,425.6451071334514,,,,PENDING_AT_END
425.95,426.1962362230277,,,,PENDING_AT_END
426.29999999999995,426.618100656342,,,,PENDING_AT_END
426.65,426.8630448142301,,,,PENDING_AT_END
427.0,427.1248785996813,,,,PENDING_AT_END
427.34999999999997,427.62211836140926,,,,PENDING_AT_END
427.7,428.0000819665425,,,,PENDING_AT_END
428.04999999999995,428.23322790592294,,,,PENDING_AT_END
428.4,428.4745514084698,,,,PENDING_AT_END
428.75,428.90832694617404,,,,PENDING_AT_END
429.09999999999997,429.3258417164304,,,,PENDING_AT_END
429.45,429.64943211565975,,,,PENDING_AT_END
429.79999999999995,429.8043606647367,,,,PENDING_AT_END
430.15,430.2413062173613,,,,PENDING_AT_END
430.5,430.6981045987362,,,,PENDING_AT_END
430.84999999999997,430.89037958800037,,,,PENDING_AT_END
431.2,431.5961319213124,,,,PENDING_AT_END
431.54999999999995,431.6458549583414,,,,PENDING_AT_END
431.9,432.29730810500826,,,,PENDING_AT_END
432.25,432.3632054014478,,,,PENDING_AT_END
432.59999999999997,432.94283799003625,,,,PENDING_AT_END
432.95,432.9778744728582,,,,PENDING_AT_END
433.29999999999995,433.33770972859475,,,,PENDING_AT_END
433.65,433.9490757216777,,,,PENDING_AT_END
434.0,434.21209224535994,,,,PENDING_AT_END
434.34999999999997,434.60573369671096,,,,PENDING_AT_END
434.7,434.75986343112646,,,,PENDING_AT_END
435.04999999999995,435.11673681148056,,,,PENDING_AT_END
435.4,435.64286341578156,,,,PENDING_AT_END
435.75,436.1401024088516,,,,PENDING_AT_END
436.09999999999997,436.26797022726845,,,,PENDING_AT_END
436.45,436.50726629835634,,,,PENDING_AT_END
436.79999999999995,437.1272959667896,,,,PENDING_AT_END
437.15,437.3004078085788,,,,PENDING_AT_END
437.5,437.69182592649474,,,,PENDING_AT_END
437.84999999999997,438.001192693267,,,,PENDING_AT_END
438.2,438.3258411663555,,,,PENDING_AT_END
438.54999999999995,438.5651806539871,,,,PENDING_AT_END
438.9,439.25599587970544,,,,PENDING_AT_END
439.25,439.45813664786726,,,,PENDING_AT_END
439.59999999999997,439.9698158755603,,,,PENDING_AT_END
439.95,440.15646253023607,,,,PENDING_AT_END
440.29999999999995,440.60330780039976,,,,PENDING_AT_END
440.65,440.8054438711101,,,,PENDING_AT_END
441.0,441.23026480482486,,,,PENDING_AT_END
441.34999999999997,441.72084749368133,,,,PENDING_AT_END
441.7,441.92585584967566,,,,PENDING_AT_END
442.04999999999995,442.13397803567443,,,,PENDING_AT_END
442.4,442.616263145752,,,,PENDING_AT_END
442.75,442.80701812909933,,,,PENDING_AT_END
443.09999999999997,443.3337212667199,,,,PENDING_AT_END
443.45,443.5709749973102,,,,PENDING_AT_END
443.79999999999995,444.073649923219,,,,PENDING_AT_END
444.15,444.2274477128833,,,,PENDING_AT_END
444.5,444.71675060805717,,,,PENDING_AT_END
444.84999999999997,445.0859048244194,,,,PENDING_AT_END
445.2,445.4462778388432,,,,PENDING_AT_END
445.54999999999995,445.7947078849061,,,,PENDING_AT_END
445.9,446.12848929226766,,,,PENDING_AT_END
446.25,446.48470115360567,,,,PENDING_AT_END
446.59999999999997,446.7175569811205,,,,PENDING_AT_END
446.95,447.34407949063467,,,,PENDING_AT_END
447.29999999999995,447.3092908524171,,,,PENDING_AT_END
447.65,447.6982927643053,,,,PENDING_AT_END
448.0,448.2963545357104,,,,PENDING_AT_END
448.34999999999997,448.534150778001,,,,PENDING_AT_END
448.7,448.76460022036775,,,,PENDING_AT_END
449.04999999999995,449.35088967785384,,,,PENDING_AT_END
449.4,449.5202077000338,,,,PENDING_AT_END
449.74999999999994,449.8798245997796,,,,PENDING_AT_END
450.09999999999997,450.1694947605965,,,,PENDING_AT_END
450.45,450.62455471786626,,,,PENDING_AT_END
450.79999999999995,451.19949903739086,,,,PENDING_AT_END
451.15,451.2579410418183,,,,PENDING_AT_END
451.49999999999994,451.68824760676165,,,,PENDING_AT_END
451.84999999999997,451.9809890159666,,,,PENDING_AT_END
452.2,452.3306000157017,,,,PENDING_AT_END
452.54999999999995,452.58617073094695,,,,PENDING_AT_END
452.9,452.9982554632437,,,,PENDING_AT_END
453.24999999999994,453.4853847990411,,,,PENDING_AT_END
453.59999999999997,453.934631771788,,,,PENDING_AT_END
453.95,454.15178672713654,,,,PENDING_AT_END
454.29999999999995,454.5708106815466,,,,PENDING_AT_END
454.65,454.6931875233305,,,,PENDING_AT_END
454.99999999999994,455.23116019683056,,,,PENDING_AT_END
455.34999999999997,455.7024180394715,,,,PENDING_AT_END
455.7,455.7944300145271,,,,PENDING_AT_END
456.04999999999995,456.2393302028057,,,,PENDING_AT_END
456.4,456.7194917623041,,,,PENDING_AT_END
456.74999999999994,456.9708638698052,,,,PENDING_AT_END
457.09999999999997,457.424121995784,,,,PENDING_AT_END
457.45,457.57543932610514,,,,PENDING_AT_END
457.79999999999995,458.17522881497916,,,,PENDING_AT_END
458.15,458.20815318276505,,,,PENDING_AT_END
458.49999999999994,458.75662581568344,,,,PENDING_AT_END
458.84999999999997,459.18352390300794,,,,PENDING_AT_END
459.2,459.24669366989923,,,,PENDING_AT_END
459.54999999999995,459.9024740156093,,,,PENDING_AT_END
459.9,459.91519788176527,,,,PENDING_AT_END
460.24999999999994,460.5460688626561,,,,PENDING_AT_END
460.59999999999997,460.747214778991,,,,PENDING_AT_END
460.95,461.0653620044846,,,,PENDING_AT_END
461.29999999999995,461.4373044792244,,,,PENDING_AT_END
461.65,461.7012042081011,,,,PENDING_AT_END
461.99999999999994,462.2970271558648,,,,PENDING_AT_END
462.34999999999997,462.3566628885423,,,,PENDING_AT_END
462.7,462.848511740923,,,,PENDING_AT_END
463.04999999999995,463.3983864221226,,,,PENDING_AT_END
463.4,463.60577638473706,,,,PENDING_AT_END
463.74999999999994,463.7836715222025,,,,PENDING_AT_END
464.09999999999997,464.18077191405354,,,,PENDING_AT_END
464.45,464.765786600755,,,,PENDING_AT_END
464.79999999999995,465.1179308042563,,,,PENDING_AT_END
465.15,465.38851305106743,,,,PENDING_AT_END
465.49999999999994,465.5688279295778,,,,PENDING_AT_END
465.84999999999997,466.06545066512064,,,,PENDING_AT_END
466.2,466.2669349407443,,,,PENDING_AT_END
466.54999999999995,466.87769540905947,,,,PENDING_AT_END
466.9,467.1849350584762,,,,PENDING_AT_END
467.24999999999994,467.38036382422484,,,,PENDING_AT_END
467.59999999999997,467.85202431143017,,,,PENDING_AT_END
467.95,468.0368579813748,,,,PENDING_AT_END
468.29999999999995,468.396777254605,,,,PENDING_AT_END
468.65,468.72698673211164,,,,PENDING_AT_END
468.99999999999994,469.06755752286887,,,,PENDING_AT_END
469.34999999999997,469.5149157140601,,,,PENDING_AT_END
469.7,469.93718157397717,,,,PENDING_AT_END
470.04999999999995,470.14625484166834,,,,PENDING_AT_END
470.4,470.6575895017003,,,,PENDING_AT_END
470.74999999999994,470.85714775715786,,,,PENDING_AT_END
471.09999999999997,471.3483869786648,,,,PENDING_AT_END
471.45,471.6530770511976,,,,PENDING_AT_END
471.79999999999995,472.0557448777831,,,,PENDING_AT_END
472.15,472.49596911376125,,,,PENDING_AT_END
472.49999999999994,472.5555152906846,,,,PENDING_AT_END
472.84999999999997,473.14341135046226,,,,PENDING_AT_END
473.2,473.524548391338,,,,PENDING_AT_END
473.54999999999995,473.81844297967916,,,,PENDING_AT_END
473.9,474.0715655324469,,,,PENDING_AT_END
474.24999999999994,474.64676689282163,,,,PENDING_AT_END
474.59999999999997,474.7819941786176,,,,PENDING_AT_END
474.95,475.2278571467297,,,,PENDING_AT_END
475.29999999999995,475.677257475514,,,,PENDING_AT_END
475.65,475.80393310816737,,,,PENDING_AT_END
475.99999999999994,476.20251244061836,,,,PENDING_AT_END
476.34999999999997,476.5286507865267,,,,PENDING_AT_END
476.7,477.01484185622115,,,,PENDING_AT_END
477.04999999999995,477.39329897352104,,,,PENDING_AT_END
477.4,477.5278289630828,,,,PENDING_AT_END
477.74999999999994,478.12382566909577,,,,PENDING_AT_END
478.09999999999997,478.18511363901354,,,,PENDING_AT_END
478.45,478.6991572955423,,,,PENDING_AT_END
478.79999999999995,479.0105486349622,,,,PENDING_AT_END
479.15,479.46063673902665,,,,PENDING_AT_END
479.49999999999994,479.83234519534136,,,,PENDING_AT_END
479.84999999999997,480.07344220364047,,,,PENDING_AT_END
480.2,480.58483368423975,,,,PENDING_AT_END
480.54999999999995,480.9223282094948,,,,PENDING_AT_END
480.9,481.0372239402898,,,,PENDING_AT_END
481.24999999999994,481.6315788705977,,,,PENDING_AT_END
481.59999999999997,481.6830874136037,,,,PENDING_AT_END
481.95,482.1640952232994,,,,PENDING_AT_END
482.29999999999995,482.357853266034,,,,PENDING_AT_END
482.65,482.927909176517,,,,PENDING_AT_END
482.99999999999994,483.01172515846014,,,,PENDING_AT_END
483.34999999999997,483.6887426216351,,,,PENDING_AT_END
483.7,484.0985714421136,,,,PENDING_AT_END
484.04999999999995,484.05577339725573,,,,PENDING_AT_END
484.4,484.6794962451172,,,,PENDING_AT_END
484.74999999999994,485.07799366124453,,,,PENDING_AT_END
485.09999999999997,485.2563265153702,,,,PENDING_AT_END
485.45,485.47302440420395,,,,PENDING_AT_END
485.79999999999995,486.11458753984994,,,,PENDING_AT_END
486.15,486.42547160400613,,,,PENDING_AT_END
486.49999999999994,486.72558241899713,,,,PENDING_AT_END
486.84999999999997,486.8549708015061,,,,PENDING_AT_END
487.2,487.23582957397656,,,,PENDING_AT_END
487.54999999999995,487.77407711319734,,,,PENDING_AT_END
487.9,488.11057490428334,,,,PENDING_AT_END
488.24999999999994,488.25468040707614,,,,PENDING_AT_END
488.59999999999997,488.77161257333313,,,,PENDING_AT_END
488.95,489.2947753985914,,,,PENDING_AT_END
489.29999999999995,489.6032788732201,,,,PENDING_AT_END
489.65,489.78470302082167,,,,PENDING_AT_END
489.99999999999994,490.28127018228116,,,,PENDING_AT_END
490.34999999999997,490.45157552323866,,,,PENDING_AT_END
490.7,491.09358213634533,,,,PENDING_AT_END
491.04999999999995,491.33283448567784,,,,PENDING_AT_END
491.4,491.53686614196636,,,,PENDING_AT_END
491.74999999999994,491.81754142699157,,,,PENDING_AT_END
492.09999999999997,492.495875966984,,,,PENDING_AT_END
492.45,492.5816231899042,,,,PENDING_AT_END
492.79999999999995,493.0704722624131,,,,PENDING_AT_END
493.15,493.2926392179154,,,,PENDING_AT_END
493.49999999999994,493.763669716385,,,,PENDING_AT_END
493.84999999999997,494.11538820841423,,,,PENDING_AT_END
494.2,494.2637532799751,,,,PENDING_AT_END
494.54999999999995,494.66262407394845,,,,PENDING_AT_END
494.9,494.91013893019783,,,,PENDING_AT_END
495.24999999999994,495.38291111551774,,,,PENDING_AT_END
495.59999999999997,495.99655747267076,,,,PENDING_AT_END
495.95,496.24480647531624,,,,PENDING_AT_END
496.29999999999995,496.4211979404033,,,,PENDING_AT_END
496.65,496.8618309496529,,,,PENDING_AT_END
496.99999999999994,497.0714302185157,,,,PENDING_AT_END
497.34999999999997,497.6165014184199,,,,PENDING_AT_END
497.7,497.89909640267234,,,,PENDING_AT_END
498.04999999999995,498.1417756903252,,,,PENDING_AT_END
498.4,498.45648181446256,,,,PENDING_AT_END
498.74999999999994,498.8187839528866,,,,PENDING_AT_END
499.09999999999997,499.21030266180543,,,,PENDING_AT_END
499.45,499.6747290914827,,,,PENDING_AT_END
499.79999999999995,499.83416627682175,,,,PENDING_AT_END
500.15,500.39591223926857,,,,PENDING_AT_END
500.49999999999994,500.8183386040169,,,,PENDING_AT_END
500.84999999999997,500.8745564959216,,,,PENDING_AT_END
501.2,501.5351794204053,,,,PENDING_AT_END
501.54999999999995,501.56139656098185,,,,PENDING_AT_END
501.9,502.08793690403354,,,,PENDING_AT_END
502.24999999999994,502.2615431930572,,,,PENDING_AT_END
502.59999999999997,502.70739636291665,,,,PENDING_AT_END
502.95,503.2788492571753,,,,PENDING_AT_END
503.29999999999995,503.3922447769139,,,,PENDING_AT_END
503.65,503.81795984673306,,,,PENDING_AT_END
503.99999999999994,504.12397792963264,,,,PENDING_AT_END
504.34999999999997,504.4885509314127,,,,PENDING_AT_END
504.7,505.0165111499801,,,,PENDING_AT_END
505.04999999999995,505.33001980807296,,,,PENDING_AT_END
505.4,505.665114682787,,,,PENDING_AT_END
505.74999999999994,505.8759191751744,,,,PENDING_AT_END
506.09999999999997,506.4747046166295,,,,PENDING_AT_END
506.45,506.5710494843425,,,,PENDING_AT_END
506.79999999999995,506.9562011765129,,,,PENDING_AT_END
507.15,507.5134865543557,,,,PENDING_AT_END
507.49999999999994,507.7223278201148,,,,PENDING_AT_END
507.84999999999997,508.2080542259935,,,,PENDING_AT_END
508.2,508.48043990397406,,,,PENDING_AT_END
508.54999999999995,508.8567940369078,,,,PENDING_AT_END
508.9,509.05536370074697,,,,PENDING_AT_END
509.24999999999994,509.5028550385105,,,,PENDING_AT_END
509.59999999999997,509.9503567782405,,,,PENDING_AT_END
509.95,510.04313887745485,,,,PENDING_AT_END
510.29999999999995,510.4237132115459,,,,PENDING_AT_END
510.65,510.9009381262955,,,,PENDING_AT_END
510.99999999999994,511.08056296649846,,,,PENDING_AT_END
511.34999999999997,511.50236208128564,,,,PENDING_AT_END
511.7,511.795563455836,,,,PENDING_AT_END
512.05,512.4478397119105,,,,PENDING_AT_END
512.4,512.7190176131766,,,,PENDING_AT_END
512.75,512.9522147350722,,,,PENDING_AT_END
513.1,513.1208018700037,,,,PENDING_AT_END
513.4499999999999,513.5335589631269,,,,PENDING_AT_END
513.8,513.9092843644992,,,,PENDING_AT_END
514.15,514.5289995122642,,,,PENDING_AT_END
514.5,514.8067514671843,,,,PENDING_AT_END
514.85,514.9386814550409,,,,PENDING_AT_END
515.1999999999999,515.4381111398169,,,,PENDING_AT_END
515.55,515.7505370340173,,,,PENDING_AT_END
515.9,516.2946529828477,,,,PENDING_AT_END
516.25,516.6061916737406,,,,PENDING_AT_END
516.6,516.6302405548269,,,,PENDING_AT_END
516.9499999999999,517.0963166965213,,,,PENDING_AT_END
517.3,517.5906543199746,,,,PENDING_AT_END
517.65,517.8260269511737,,,,PENDING_AT_END
518.0,518.0919405926845,,,,PENDING_AT_END
518.35,518.3861072007531,,,,PENDING_AT_END
518.6999999999999,519.0778474965817,,,,PENDING_AT_END
519.05,519.2860702431858,,,,PENDING_AT_END
519.4,519.5715458491412,,,,PENDING_AT_END
519.75,519.9560722364822,,,,PENDING_AT_END
520.1,520.2775337176616,,,,PENDING_AT_END
520.4499999999999,520.5603549353006,,,,PENDING_AT_END
520.8,520.9667800231123,,,,PENDING_AT_END
521.15,521.5307207353115,,,,PENDING_AT_END
521.5,521.7540918437521,,,,PENDING_AT_END
521.85,522.1377626132013,,,,PENDING_AT_END
522.1999999999999,522.5016837054335,,,,PENDING_AT_END
522.55,522.7063403758309,,,,PENDING_AT_END
522.9,523.1727081243754,,,,PENDING_AT_END
523.25,523.458643657925,,,,PENDING_AT_END
523.6,523.8128709666918,,,,PENDING_AT_END
523.9499999999999,523.9902683529984,,,,PENDING_AT_END
524.3,524.383592025933,,,,PENDING_AT_END
524.65,524.9275348776936,,,,PENDING_AT_END
525.0,525.0994940258581,,,,PENDING_AT_END
525.35,525.6289961513208,,,,PENDING_AT_END
525.6999999999999,525.7397084461464,,,,PENDING_AT_END
526.05,526.3819857301526,,,,PENDING_AT_END
526.4,526.5517011021219,,,,PENDING_AT_END
526.75,526.8879917324584,,,,PENDING_AT_END
527.1,527.2054393043308,,,,PENDING_AT_END
527.4499999999999,527.7812819177444,,,,PENDING_AT_END
527.8,528.0775495399475,,,,PENDING_AT_END
528.15,528.2343873442215,,,,PENDING_AT_END
528.5,528.8144789176772,,,,PENDING_AT_END
528.85,528.8544438475586,,,,PENDING_AT_END
529.1999999999999,529.4298646567232,,,,PENDING_AT_END
529.55,529.7903648241061,,,,PENDING_AT_END
529.9,530.0238552893517,,,,PENDING_AT_END
530.25,530.4611187524388,,,,PENDING_AT_END
530.6,530.932032468267,,,,PENDING_AT_END
530.9499999999999,531.0360913656942,,,,PENDING_AT_END
531.3,531.6364939776522,,,,PENDING_AT_END
531.65,531.8150053066016,,,,PENDING_AT_END
532.0,532.0420936515864,,,,PENDING_AT_END
532.35,532.6714134281191,,,,PENDING_AT_END
532.6999999999999,532.8519746731885,,,,PENDING_AT_END
533.05,533.0924229364955,,,,PENDING_AT_END
533.4,533.7592666049271,,,,PENDING_AT_END
533.75,533.8934966853556,,,,PENDING_AT_END
534.1,534.225967135702,,,,PENDING_AT_END
534.4499999999999,534.5306508455518,,,,PENDING_AT_END
534.8,534.8218853508811,,,,PENDING_AT_END
535.15,535.1765014034228,,,,PENDING_AT_END
535.5,535.7338180591848,,,,PENDING_AT_END
535.85,536.2453605957279,,,,PENDING_AT_END
536.1999999999999,536.3038868586453,,,,PENDING_AT_END
536.55,536.6919548880992,,,,PENDING_AT_END
536.9,537.0044462457794,,,,PENDING_AT_END
537.25,537.4163274183115,,,,PENDING_AT_END
537.5999999999999,537.9816105915299,,,,PENDING_AT_END
537.9499999999999,538.0021121986123,,,,PENDING_AT_END
538.3,538.5056385827786,,,,PENDING_AT_END
538.65,538.9441775729239,,,,PENDING_AT_END
539.0,539.2871515345728,,,,PENDING_AT_END
539.3499999999999,539.4064462622837,,,,PENDING_AT_END
539.6999999999999,539.8468080827075,,,,PENDING_AT_END
540.05,540.1915384103311,,,,PENDING_AT_END
540.4,540.4614265590461,,,,PENDING_AT_END
540.75,540.8157639828785,,,,PENDING_AT_END
541.0999999999999,541.32924581055,,,,PENDING_AT_END
541.4499999999999,541.7943072785423,,,,PENDING_AT_END
541.8,541.9961524815697,,,,PENDING_AT_END
542.15,542.1791287893203,,,,PENDING_AT_END
542.5,542.565482013104,,,,PENDING_AT_END
542.8499999999999,543.225336535925,,,,PENDING_AT_END
543.1999999999999,543.4500909973659,,,,PENDING_AT_END
543.55,543.6984679012453,,,,PENDING_AT_END
543.9,544.275561227803,,,,PENDING_AT_END
544.25,544.3784198871672,,,,PENDING_AT_END
544.5999999999999,544.8155883865113,,,,PENDING_AT_END
544.9499999999999,545.2477826303037,,,,PENDING_AT_END
545.3,545.6101107404666,,,,PENDING_AT_END
545.65,545.8093494984536,,,,PENDING_AT_END
546.0,546.3055966873835,,,,PENDING_AT_END
546.3499999999999,546.5921804998347,,,,PENDING_AT_END
546.6999999999999,546.9763514264051,,,,PENDING_AT_END
547.05,547.2079461609912,,,,PENDING_AT_END
547.4,547.4810194529022,,,,PENDING_AT_END
547.75,548.0189564391414,,,,PENDING_AT_END
548.0999999999999,548.3386774676237,,,,PENDING_AT_END
548.4499999999999,548.5891598673194,,,,PENDING_AT_END
548.8,549.0118752587498,,,,PENDING_AT_END
549.15,549.3659336108207,,,,PENDING_AT_END
549.5,549.8776291535328,,,,PENDING_AT_END
549.8499999999999,550.154606881074,,,,PENDING_AT_END
550.1999999999999,550.2526860363004,,,,PENDING_AT_END
550.55,550.6779106561528,,,,PENDING_AT_END
550.9,551.060954471791,,,,PENDING_AT_END
551.25,551.5644507513989,,,,PENDING_AT_END
551.5999999999999,551.6046105302919,,,,PENDING_AT_END
551.9499999999999,552.2221808166629,,,,PENDING_AT_END
552.3,552.3348558425087,,,,PENDING_AT_END
552.65,552.8875034159624,,,,PENDING_AT_END
553.0,553.2056934698353,,,,PENDING_AT_END
553.3499999999999,553.6002503929633,,,,PENDING_AT_END
553.6999999999999,553.9296298184858,,,,PENDING_AT_END
554.05,554.3459225855129,,,,PENDING_AT_END
554.4,554.555316240877,,,,PENDING_AT_END
554.75,554.8190171031463,,,,PENDING_AT_END
555.0999999999999,555.3223893342281,,,,PENDING_AT_END
555.4499999999999,555.8044240613159,,,,PENDING_AT_END
555.8,556.0766945431208,,,,PENDING_AT_END
556.15,556.3752890573304,,,,PENDING_AT_END
556.5,556.8993839407067,,,,PENDING_AT_END
556.8499999999999,556.9390588560402,,,,PENDING_AT_END
557.1999999999999,557.5352301181712,,,,PENDING_AT_END
557.55,557.6016836739789,,,,PENDING_AT_END
557.9,557.983090874361,,,,PENDING_AT_END
558.25,558.5652737283092,,,,PENDING_AT_END
558.5999999999999,558.77127712283,,,,PENDING_AT_END
558.9499999999999,558.964415569514,,,,PENDING_AT_END
559.3,559.4777221612801,,,,PENDING_AT_END
559.65,559.7079175364471,,,,PENDING_AT_END
560.0,560.0996728229563,,,,PENDING_AT_END
560.3499999999999,560.5421162552775,,,,PENDING_AT_END
560.6999999999999,560.8575240219308,,,,PENDING_AT_END
561.05,561.3502039323648,,,,PENDING_AT_END
561.4,561.6777797267902,,,,PENDING_AT_END
561.75,561.8216531624896,,,,PENDING_AT_END
562.0999999999999,562.4867810630835,,,,PENDING_AT_END
562.4499999999999,562.5274352565247,,,,PENDING_AT_END
562.8,563.0533702870573,,,,PENDING_AT_END
563.15,563.5137569689649,,,,PENDING_AT_END
563.5,563.6256858731804,,,,PENDING_AT_END
563.8499999999999,563.9658223941626,,,,PENDING_AT_END
564.1999999999999,564.2922377379231,,,,PENDING_AT_END
564.55,564.7342216013751,,,,PENDING_AT_END
564.9,565.0019506220636,,,,PENDING_AT_END
565.25,565.5480251929957,,,,PENDING_AT_END
565.5999999999999,565.9167656013112,,,,PENDING_AT_END
565.9499999999999,566.0178157811428,,,,PENDING_AT_END
566.3,566.5257568964987,,,,PENDING_AT_END
566.65,566.8294135018131,,,,PENDING_AT_END
567.0,567.2140028486781,,,,PENDING_AT_END
567.3499999999999,567.707473700772,,,,PENDING_AT_END
567.6999999999999,567.9439964208094,,,,PENDING_AT_END
568.05,568.1040370587741,,,,PENDING_AT_END
568.4,568.5035422505867,,,,PENDING_AT_END
568.75,568.8275359651893,,,,PENDING_AT_END
569.0999999999999,569.3384890066723,,,,PENDING_AT_END
569.4499999999999,569.7260679452421,,,,PENDING_AT_END
569.8,569.911099325921,,,,PENDING_AT_END
570.15,570.2043734591354,,,,PENDING_AT_END
570.5,570.5440801557438,,,,PENDING_AT_END
570.8499999999999,571.1781956384789,,,,PENDING_AT_END
571.1999999999999,571.5229789796155,,,,PENDING_AT_END
571.55,571.5835143186225,,,,PENDING_AT_END
571.9,571.909655133739,,,,PENDING_AT_END
572.25,572.3434577734492,,,,PENDING_AT_END
572.5999999999999,572.6008810998328,,,,PENDING_AT_END
572.9499999999999,573.0899646881429,,,,PENDING_AT_END
573.3,573.6068013473935,,,,PENDING_AT_END
573.65,573.9897821324615,,,,PENDING_AT_END
574.0,574.0918785650358,,,,PENDING_AT_END
574.3499999999999,574.4759692847149,,,,PENDING_AT_END
574.6999999999999,575.0533753250489,,,,PENDING_AT_END
575.05,575.0538899544213,,,,PENDING_AT_END
575.4,575.7086873498716,,,,PENDING_AT_END
575.75,575.8041872018064,,,,PENDING_AT_END
576.0999999999999,576.3774459457661,,,,PENDING_AT_END
576.4499999999999,576.7019659599397,,,,PENDING_AT_END
576.8,576.9874088372285,,,,PENDING_AT_END
577.15,577.336553476753,,,,PENDING_AT_END
577.5,577.8651970277392,,,,PENDING_AT_END
577.8499999999999,578.1664271125064,,,,PENDING_AT_END
578.1999999999999,578.4044374603455,,,,PENDING_AT_END
578.55,578.9193125812619,,,,PENDING_AT_END
578.9,579.1976744722145,,,,PENDING_AT_END
579.25,579.3068564907985,,,,PENDING_AT_END
579.5999999999999,579.7672046446846,,,,PENDING_AT_END
579.9499999999999,580.224028151678,,,,PENDING_AT_END
580.3,580.3742353965949,,,,PENDING_AT_END
580.65,581.0112347191101,,,,PENDING_AT_END
581.0,581.3230522842539,,,,PENDING_AT_END
581.3499999999999,581.730010726254,,,,PENDING_AT_END
581.6999999999999,581.9769245350038,,,,PENDING_AT_END
582.05,582.1483014427743,,,,PENDING_AT_END
582.4,582.5391177944572,,,,PENDING_AT_END
582.75,583.1491601914697,,,,PENDING_AT_END
583.0999999999999,583.4300129243823,,,,PENDING_AT_END
583.4499999999999,583.4563446104268,,,,PENDING_AT_END
583.8,583.8139339575196,,,,PENDING_AT_END
584.15,584.3822487031067,,,,PENDING_AT_END
584.5,584.5672167068244,,,,PENDING_AT_END
584.8499999999999,585.0082767982885,,,,PENDING_AT_END
585.1999999999999,585.3799846702717,,,,PENDING_AT_END
585.55,585.8975158962357,,,,PENDING_AT_END
585.9,586.0950705243621,,,,PENDING_AT_END
586.25,586.5944315931631,,,,PENDING_AT_END
586.5999999999999,586.6555631906715,,,,PENDING_AT_END
586.9499999999999,587.1884242120044,,,,PENDING_AT_END
587.3,587.607390428082,,,,PENDING_AT_END
587.65,587.7968894976888,,,,PENDING_AT_END
588.0,588.3177565447513,,,,PENDING_AT_END
588.3499999999999,588.7034079443795,,,,PENDING_AT_END
588.6999999999999,588.8409436487203,,,,PENDING_AT_END
589.05,589.0974111215187,,,,PENDING_AT_END
589.4,589.6120829587311,,,,PENDING_AT_END
589.75,590.0431021536185,,,,PENDING_AT_END
590.0999999999999,590.1997578341718,,,,PENDING_AT_END
590.4499999999999,590.845157255145,,,,PENDING_AT_END
590.8,591.0359404450526,,,,PENDING_AT_END
591.15,591.5426412744852,,,,PENDING_AT_END
591.5,591.8393662411675,,,,PENDING_AT_END
591.8499999999999,592.1034388637963,,,,PENDING_AT_END
592.1999999999999,592.4322900742187,,,,PENDING_AT_END
592.55,592.742644288892,,,,PENDING_AT_END
592.9,593.0487364772222,,,,PENDING_AT_END
593.25,593.609498119504,,,,PENDING_AT_END
593.5999999999999,593.776126001947,,,,PENDING_AT_END
593.9499999999999,594.0286150093658,,,,PENDING_AT_END
594.3,594.6088311910412,,,,PENDING_AT_END
594.65,594.8625830144539,,,,PENDING_AT_END
595.0,595.1663782332732,,,,PENDING_AT_END
595.3499999999999,595.7087624526221,,,,PENDING_AT_END
595.6999999999999,595.9401713081428,,,,PENDING_AT_END
596.05,596.2245660168612,,,,PENDING_AT_END
596.4,596.7204863373059,,,,PENDING_AT_END
596.75,596.9985971240715,,,,PENDING_AT_END
597.0999999999999,597.2395018760174,,,,PENDING_AT_END
597.4499999999999,597.8340593051636,,,,PENDING_AT_END
597.8,597.8285901553149,,,,PENDING_AT_END
598.15,598.214003036478,,,,PENDING_AT_END
598.5,598.58652604855,,,,PENDING_AT_END
598.8499999999999,599.0614384793478,,,,PENDING_AT_END
599.1999999999999,599.5360830522708,,,,PENDING_AT_END
599.55,599.7266990179178,,,,PENDING_AT_END
599.9,600.2692807570753,,,,PENDING_AT_END
600.25,600.4975078851794,,,,PENDING_AT_END
600.5999999999999,600.7027776150296,,,,PENDING_AT_END
600.9499999999999,601.2096291762263,,,,PENDING_AT_END
601.3,601.3599557176071,,,,PENDING_AT_END
601.65,601.668550993286,,,,PENDING_AT_END
602.0,602.3045656439158,,,,PENDING_AT_END
602.3499999999999,602.6983166847117,,,,PENDING_AT_END
602.6999999999999,602.9790732021896,,,,PENDING_AT_END
603.05,603.3451045042575,,,,PENDING_AT_END
603.4,603.6895827285624,,,,PENDING_AT_END
603.75,604.0488440569977,,,,PENDING_AT_END
604.0999999999999,604.1539805829348,,,,PENDING_AT_END
604.4499999999999,604.7910406504881,,,,PENDING_AT_END
604.8,605.0572832734565,,,,PENDING_AT_END
605.15,605.5490412525565,,,,PENDING_AT_END
605.5,605.6008476108655,,,,PENDING_AT_END
605.8499999999999,605.8535122199228,,,,PENDING_AT_END
606.1999999999999,606.2286261097923,,,,PENDING_AT_END
606.55,606.9425596772617,,,,PENDING_AT_END
606.9,607.0231874272521,,,,PENDING_AT_END
607.25,607.4118468309639,,,,PENDING_AT_END
607.5999999999999,607.9803285571127,,,,PENDING_AT_END
607.9499999999999,608.0863991992622,,,,PENDING_AT_END
608.3,608.543810309385,,,,PENDING_AT_END
608.65,609.0446869736724,,,,PENDING_AT_END
609.0,609.1829818069841,,,,PENDING_AT_END
609.3499999999999,609.3587368888429,,,,PENDING_AT_END
609.6999999999999,609.8697386806967,,,,PENDING_AT_END
610.05,610.123010956034,,,,PENDING_AT_END
610.4,610.4682836041769,,,,PENDING_AT_END
610.75,611.1203249000621,,,,PENDING_AT_END
611.0999999999999,611.2937246683694,,,,PENDING_AT_END
611.4499999999999,611.8452629113818,,,,PENDING_AT_END
611.8,611.8016724492863,,,,PENDING_AT_END
612.15,612.2977820431778,,,,PENDING_AT_END
612.5,612.6505202920798,,,,PENDING_AT_END
612.8499999999999,613.1909475249206,,,,PENDING_AT_END
613.1999999999999,613.5827323583507,,,,PENDING_AT_END
613.55,613.5762260199799,,,,PENDING_AT_END
613.9,614.0200772657107,,,,PENDING_AT_END
614.25,614.541938868562,,,,PENDING_AT_END
614.5999999999999,614.767289953091,,,,PENDING_AT_END
614.9499999999999,615.0826865381717,,,,PENDING_AT_END
615.3,615.4050906810819,,,,PENDING_AT_END
615.65,615.7346585565832,,,,PENDING_AT_END
616.0,616.3008647716069,,,,PENDING_AT_END
616.3499999999999,616.4124966337902,,,,PENDING_AT_END
616.6999999999999,616.8897335441517,,,,PENDING_AT_END
617.05,617.3143518428576,,,,PENDING_AT_END
617.4,617.7923111369843,,,,PENDING_AT_END
617.75,618.0312487570254,,,,PENDING_AT_END
618.0999999999999,618.3615862441181,,,,PENDING_AT_END
618.4499999999999,618.6118801315416,,,,PENDING_AT_END
618.8,618.8589560627543,,,,PENDING_AT_END
619.15,619.3317760779834,,,,PENDING_AT_END
619.5,619.8120637230224,,,,PENDING_AT_END
619.8499999999999,620.1830306343193,,,,PENDING_AT_END
620.1999999999999,620.2474285014354,,,,PENDING_AT_END
620.55,620.76008898759,,,,PENDING_AT_END
620.9,621.1741908560213,,,,PENDING_AT_END
621.25,621.3650629006167,,,,PENDING_AT_END
621.5999999999999,621.6821112920707,,,,PENDING_AT_END
621.9499999999999,622.3364643622018,,,,PENDING_AT_END
622.3,622.6483301120277,,,,PENDING_AT_END
622.65,622.8501378736352,,,,PENDING_AT_END
623.0,623.0332162984591,,,,PENDING_AT_END
623.3499999999999,623.6094978861954,,,,PENDING_AT_END
623.6999999999999,624.0834609103127,,,,PENDING_AT_END
624.05,624.2142000256097,,,,PENDING_AT_END
624.4,624.6790526546041,,,,PENDING_AT_END
624.75,625.1370811096765,,,,PENDING_AT_END
625.0999999999999,625.3652932084608,,,,PENDING_AT_END
625.4499999999999,625.6194432695376,,,,PENDING_AT_END
625.8,625.9703939437029,,,,PENDING_AT_END
626.15,626.2336976171936,,,,PENDING_AT_END
626.5,626.844073298271,,,,PENDING_AT_END
626.8499999999999,627.0766754235945,,,,PENDING_AT_END
627.1999999999999,627.3407743155564,,,,PENDING_AT_END
627.55,627.6389601231629,,,,PENDING_AT_END
627.9,628.0802341390296,,,,PENDING_AT_END
628.25,628.4211189854088,,,,PENDING_AT_END
628.5999999999999,628.6937140665673,,,,PENDING_AT_END
628.9499999999999,629.0209900102356,,,,PENDING_AT_END
629.3,629.638439378062,,,,PENDING_AT_END
629.65,629.6959292231699,,,,PENDING_AT_END
630.0,630.1293962921661,,,,PENDING_AT_END
630.3499999999999,630.7155254789741,,,,PENDING_AT_END
630.6999999999999,630.7352491794262,,,,PENDING_AT_END
631.05,631.4129941534334,,,,PENDING_AT_END
631.4,631.7000352075978,,,,PENDING_AT_END
631.75,631.8591411191383,,,,PENDING_AT_END
632.0999999999999,632.1314318523432,,,,PENDING_AT_END
632.4499999999999,632.8381573075964,,,,PENDING_AT_END
632.8,633.0989057967847,,,,PENDING_AT_END
633.15,633.5119017319877,,,,PENDING_AT_END
633.5,633.7031969414888,,,,PENDING_AT_END
633.8499999999999,633.8644259173655,,,,PENDING_AT_END
634.1999999999999,634.3584102468789,,,,PENDING_AT_END
634.55,634.7858420132486,,,,PENDING_AT_END
634.9,635.1956322418545,,,,PENDING_AT_END
635.25,635.3546988175194,,,,PENDING_AT_END
635.5999999999999,635.7960281195064,,,,PENDING_AT_END
635.9499999999999,636.3453750723116,,,,PENDING_AT_END
636.3,636.4606372118365,,,,PENDING_AT_END
636.65,636.7683806377512,,,,PENDING_AT_END
637.0,637.0053869206965,,,,PENDING_AT_END
637.3499999999999,637.5694125646812,,,,PENDING_AT_END
637.6999999999999,638.095217521953,,,,PENDING_AT_END
638.05,638.1295779701761,,,,PENDING_AT_END
638.4,638.4267713647235,,,,PENDING_AT_END
638.75,638.8276993895545,,,,PENDING_AT_END
639.0999999999999,639.41695878571,,,,PENDING_AT_END
639.4499999999999,639.4700137190238,,,,PENDING_AT_END
639.8,640.1708435557255,,,,PENDING_AT_END
640.15,640.3317232697071,,,,PENDING_AT_END
640.5,640.7396943754859,,,,PENDING_AT_END
640.8499999999999,641.1894712534097,,,,PENDING_AT_END
641.1999999999999,641.3987911266137,,,,PENDING_AT_END
641.55,641.8058678405771,,,,PENDING_AT_END
641.9,642.088925163193,,,,PENDING_AT_END
642.25,642.607529689483,,,,PENDING_AT_END
642.5999999999999,642.9045673113203,,,,PENDING_AT_END
642.9499999999999,643.0859553183769,,,,PENDING_AT_END
643.3,643.5904663529727,,,,PENDING_AT_END
643.65,643.665304363144,,,,PENDING_AT_END
644.0,644.1712256485569,,,,PENDING_AT_END
644.3499999999999,644.3837474900563,,,,PENDING_AT_END
644.6999999999999,644.8594071407866,,,,PENDING_AT_END
645.05,645.2059388476664,,,,PENDING_AT_END
645.4,645.6384102336445,,,,PENDING_AT_END
645.75,645.9955357716913,,,,PENDING_AT_END
646.0999999999999,646.4109829768277,,,,PENDING_AT_END
646.4499999999999,646.4746671123065,,,,PENDING_AT_END
646.8,646.864348374577,,,,PENDING_AT_END
647.15,647.4546153661096,,,,PENDING_AT_END
647.5,647.815747869048,,,,PENDING_AT_END
647.8499999999999,648.0239580267416,,,,PENDING_AT_END
648.1999999999999,648.4828656680876,,,,PENDING_AT_END
648.55,648.7636398358757,,,,PENDING_AT_END
648.9,649.2756094689349,,,,PENDING_AT_END
649.25,649.5353620031385,,,,PENDING_AT_END
649.5999999999999,649.9440315032871,,,,PENDING_AT_END
649.9499999999999,650.1428100085021,,,,PENDING_AT_END
650.3,650.4692615742542,,,,PENDING_AT_END
650.65,650.7658003867385,,,,PENDING_AT_END
651.0,651.1001053645448,,,,PENDING_AT_END
651.3499999999999,651.7155459385233,,,,PENDING_AT_END
651.6999999999999,651.90403333025,,,,PENDING_AT_END
652.05,652.2215627202302,,,,PENDING_AT_END
652.4,652.4980960393115,,,,PENDING_AT_END
652.75,652.7980339601934,,,,PENDING_AT_END
653.0999999999999,653.3918587119565,,,,PENDING_AT_END
653.4499999999999,653.7281045275121,,,,PENDING_AT_END
653.8,654.179957267743,,,,PENDING_AT_END
654.15,654.2439986281958,,,,PENDING_AT_END
654.5,654.5688793755855,,,,PENDING_AT_END
654.8499999999999,655.038084124536,,,,PENDING_AT_END
655.1999999999999,655.317838587362,,,,PENDING_AT_END
655.55,655.6454965538467,,,,PENDING_AT_END
655.9,656.2229311604443,,,,PENDING_AT_END
656.25,656.4311842400987,,,,PENDING_AT_END
656.5999999999999,656.6171767117828,,,,PENDING_AT_END
656.9499999999999,657.0799825270475,,,,PENDING_AT_END
657.3,657.4990271954439,,,,PENDING_AT_END
657.65,657.7295276021517,,,,PENDING_AT_END
658.0,658.164771696233,,,,PENDING_AT_END
658.3499999999999,658.6435944404845,,,,PENDING_AT_END
658.6999999999999,658.7622169923167,,,,PENDING_AT_END
659.05,659.4410646835238,,,,PENDING_AT_END
659.4,659.6822839915811,,,,PENDING_AT_END
659.75,659.9147322170552,,,,PENDING_AT_END
660.0999999999999,660.3603853588004,,,,PENDING_AT_END
660.4499999999999,660.8495029985671,,,,PENDING_AT_END
660.8,660.9210034719692,,,,PENDING_AT_END
661.15,661.3875497647767,,,,PENDING_AT_END
661.5,661.6269441995844,,,,PENDING_AT_END
661.8499999999999,662.159999316345,,,,PENDING_AT_END
662.1999999999999,662.2304567736438,,,,PENDING_AT_END
662.55,662.9018652655518,,,,PENDING_AT_END
662.9,663.0462126703404,,,,PENDING_AT_END
663.25,663.2881068672748,,,,PENDING_AT_END
663.5999999999999,663.9285982685296,,,,PENDING_AT_END
663.9499999999999,664.0128931079465,,,,PENDING_AT_END
664.3,664.4962175628536,,,,PENDING_AT_END
664.65,664.6664553315815,,,,PENDING_AT_END
665.0,665.3520426668779,,,,PENDING_AT_END
665.3499999999999,665.6510312951066,,,,PENDING_AT_END
665.6999999999999,666.0813957884442,,,,PENDING_AT_END
666.05,666.3464918597779,,,,PENDING_AT_END
666.4,666.6516914600755,,,,PENDING_AT_END
666.75,667.0600040872612,,,,PENDING_AT_END
667.0999999999999,667.3763183504564,,,,PENDING_AT_END
667.4499999999999,667.7001985916328,,,,PENDING_AT_END
667.8,668.1619710017969,,,,PENDING_AT_END
668.15,668.3366454567935,,,,PENDING_AT_END
668.5,668.62170743922,,,,PENDING_AT_END
668.8499999999999,668.9485389878073,,,,PENDING_AT_END
669.1999999999999,669.4637787340536,,,,PENDING_AT_END
669.55,669.738872246957,,,,PENDING_AT_END
669.9,670.1959748548906,,,,PENDING_AT_END
670.25,670.5243491523158,,,,PENDING_AT_END
670.5999999999999,670.996699607804,,,,PENDING_AT_END
670.9499999999999,671.1085629330083,,,,PENDING_AT_END
671.3,671.5263573491939,,,,PENDING_AT_END
671.65,671.7998005059632,,,,PENDING_AT_END
672.0,672.1943404784245,,,,PENDING_AT_END
672.3499999999999,672.7313640530424,,,,PENDING_AT_END
672.6999999999999,672.7282620409643,,,,PENDING_AT_END
673.05,673.2859146570077,,,,PENDING_AT_END
673.4,673.6444788631549,,,,PENDING_AT_END
673.75,674.018003244207,,,,PENDING_AT_END
674.0999999999999,674.154744541609,,,,PENDING_AT_END
674.4499999999999,674.6247437881387,,,,PENDING_AT_END
674.8,675.1559658170377,,,,PENDING_AT_END
675.15,675.4582131288158,,,,PENDING_AT_END
675.5,675.584208819427,,,,PENDING_AT_END
675.8499999999999,676.1470930160219,,,,PENDING_AT_END
676.1999999999999,676.2019467527315,,,,PENDING_AT_END
676.55,676.9074472442419,,,,PENDING_AT_END
676.9,677.28364657243,,,,PENDING_AT_END
677.25,677.4938920220163,,,,PENDING_AT_END
677.5999999999999,677.7083699741338,,,,PENDING_AT_END
677.9499999999999,678.0866009792143,,,,PENDING_AT_END
678.3,678.5885858301681,,,,PENDING_AT_END
678.65,678.7093131356447,,,,PENDING_AT_END
679.0,679.1115172121554,,,,PENDING_AT_END
679.3499999999999,679.7495349893159,,,,PENDING_AT_END
679.6999999999999,680.0263986345984,,,,PENDING_AT_END
680.05,680.1403104799699,,,,PENDING_AT_END
680.4,680.5303537674569,,,,PENDING_AT_END
680.75,681.1260926444324,,,,PENDING_AT_END
681.0999999999999,681.113594363142,,,,PENDING_AT_END
681.4499999999999,681.5807489914345,,,,PENDING_AT_END
681.8,681.827495671751,,,,PENDING_AT_END
682.15,682.4636027390201,,,,PENDING_AT_END
682.5,682.7508024260603,,,,PENDING_AT_END
682.8499999999999,683.0594208756022,,,,PENDING_AT_END
683.1999999999999,683.5114876102251,,,,PENDING_AT_END
683.55,683.793167979037,,,,PENDING_AT_END
683.9,683.9397337009685,,,,PENDING_AT_END
684.25,684.3028430408444,,,,PENDING_AT_END
684.5999999999999,684.9837433572281,,,,PENDING_AT_END
684.9499999999999,685.2046754576235,,,,PENDING_AT_END
685.3,685.6713574307282,,,,PENDING_AT_END
685.65,685.7512648466926,,,,PENDING_AT_END
686.0,686.2178365760462,,,,PENDING_AT_END
686.3499999999999,686.5558509060932,,,,PENDING_AT_END
686.6999999999999,686.8720420398676,,,,PENDING_AT_END
687.05,687.141244750266,,,,PENDING_AT_END
687.4,687.6648845586536,,,,PENDING_AT_END
687.75,687.7790630758723,,,,PENDING_AT_END
688.0999999999999,688.1394996904012,,,,PENDING_AT_END
688.4499999999999,688.7994116442504,,,,PENDING_AT_END
688.8,689.1510856490831,,,,PENDING_AT_END
689.15,689.4255702659942,,,,PENDING_AT_END
689.5,689.5958441660293,,,,PENDING_AT_END
689.8499999999999,689.8618597675475,,,,PENDING_AT_END
690.1999999999999,690.4853498238666,,,,PENDING_AT_END
690.55,690.9494679363693,,,,PENDING_AT_END
690.9,691.0195889441737,,,,PENDING_AT_END
691.25,691.6046629599621,,,,PENDING_AT_END
691.5999999999999,691.6603268022607,,,,PENDING_AT_END
691.9499999999999,692.0254419519612,,,,PENDING_AT_END
692.3,692.5769121416331,,,,PENDING_AT_END
692.65,692.7294969771314,,,,PENDING_AT_END
693.0,693.0635090088574,,,,PENDING_AT_END
693.3499999999999,693.4474764256645,,,,PENDING_AT_END
693.6999999999999,693.7125090883582,,,,PENDING_AT_END
694.05,694.3099749788535,,,,PENDING_AT_END
694.4,694.7077558998352,,,,PENDING_AT_END
694.75,694.8597897662275,,,,PENDING_AT_END
695.0999999999999,695.164966958398,,,,PENDING_AT_END
695.4499999999999,695.4968246617133,,,,PENDING_AT_END
695.8,696.1919415842508,,,,PENDING_AT_END
696.15,696.4660117657564,,,,PENDING_AT_END
696.5,696.6653289402782,,,,PENDING_AT_END
696.8499999999999,697.1452720186774,,,,PENDING_AT_END
697.1999999999999,697.2394612594643,,,,PENDING_AT_END
697.55,697.8198905714294,,,,PENDING_AT_END
697.9,698.0887637989609,,,,PENDING_AT_END
698.25,698.4012425240637,,,,PENDING_AT_END
698.5999999999999,698.7308685219423,,,,PENDING_AT_END
698.9499999999999,699.3175913906051,,,,PENDING_AT_END
699.3,699.5195925050075,,,,PENDING_AT_END
699.65,699.8748661727863,,,,PENDING_AT_END
700.0,700.2127120778637,,,,PENDING_AT_END
700.3499999999999,700.608387996841,,,,PENDING_AT_END
700.6999999999999,700.76988246593,,,,PENDING_AT_END
701.05,701.1334861310384,,,,PENDING_AT_END
701.4,701.4044176496312,,,,PENDING_AT_END
701.75,701.9141765084746,,,,PENDING_AT_END
702.0999999999999,702.263934392061,,,,PENDING_AT_END
702.4499999999999,702.787779078615,,,,PENDING_AT_END
702.8,703.0581878346,,,,PENDING_AT_END
703.15,703.487743069479,,,,PENDING_AT_END
703.5,703.7964350608017,,,,PENDING_AT_END
703.8499999999999,704.1374203221769,,,,PENDING_AT_END
704.1999999999999,704.502826634592,,,,PENDING_AT_END
704.55,704.9112816587556,,,,PENDING_AT_END
704.9,705.2128579958745,,,,PENDING_AT_END
705.25,705.4562145031914,,,,PENDING_AT_END
705.5999999999999,705.7892967747657,,,,PENDING_AT_END
705.9499999999999,706.2675544011107,,,,PENDING_AT_END
706.3,706.4471101090398,,,,PENDING_AT_END
706.65,706.9077743797508,,,,PENDING_AT_END
707.0,707.2675784087091,,,,PENDING_AT_END
707.3499999999999,707.6319741710452,,,,PENDING_AT_END
707.6999999999999,707.9207406751963,,,,PENDING_AT_END
708.05,708.0720918762904,,,,PENDING_AT_END
708.4,708.489155972317,,,,PENDING_AT_END
708.75,708.9896875342924,,,,PENDING_AT_END
709.0999999999999,709.1822535881483,,,,PENDING_AT_END
709.4499999999999,709.513113415139,,,,PENDING_AT_END
709.8,709.8667126203154,,,,PENDING_AT_END
710.15,710.1725478838888,,,,PENDING_AT_END
710.5,710.5097748654603,,,,PENDING_AT_END
710.8499999999999,711.1778356996006,,,,PENDING_AT_END
711.1999999999999,711.5209809490472,,,,PENDING_AT_END
711.55,711.8636390384095,,,,PENDING_AT_END
711.9,712.0716127695324,,,,PENDING_AT_END
712.25,712.2791964341977,,,,PENDING_AT_END
712.5999999999999,712.7853183056116,,,,PENDING_AT_END
712.9499999999999,713.1136702481825,,,,PENDING_AT_END
713.3,713.4825031183909,,,,PENDING_AT_END
713.65,713.8475545924381,,,,PENDING_AT_END
714.0,714.1493433734795,,,,PENDING_AT_END
714.3499999999999,714.5310768008926,,,,PENDING_AT_END
714.6999999999999,714.9681518321732,,,,PENDING_AT_END
715.05,715.1622950620267,,,,PENDING_AT_END
715.4,715.406119173627,,,,PENDING_AT_END
715.75,715.762456584441,,,,PENDING_AT_END
716.0999999999999,716.3493937908565,,,,PENDING_AT_END
716.4499999999999,716.5089871799595,,,,PENDING_AT_END
716.8,716.8615875685427,,,,PENDING_AT_END
717.15,717.1930767992425,,,,PENDING_AT_END
717.5,717.6291044568814,,,,PENDING_AT_END
717.8499999999999,717.9297415062883,,,,PENDING_AT_END
718.1999999999999,718.4955410073982,,,,PENDING_AT_END
718.55,718.6929446161171,,,,PENDING_AT_END
718.9,719.1493023196093,,,,PENDING_AT_END
719.25,719.4956175673317,,,,PENDING_AT_END
719.5999999999999,719.6995931813842,,,,PENDING_AT_END
719.9499999999999,720.1256288551316,,,,PENDING_AT_END
720.3,720.3502964396989,,,,PENDING_AT_END
720.65,720.8411227448445,,,,PENDING_AT_END
721.0,721.1601958162062,,,,PENDING_AT_END
721.3499999999999,721.451011040592,,,,PENDING_AT_END
721.6999999999999,721.8913979533194,,,,PENDING_AT_END
722.05,722.3557398241735,,,,PENDING_AT_END
722.4,722.7979813056282,,,,PENDING_AT_END
722.75,722.9217417589546,,,,PENDING_AT_END
723.0999999999999,723.3823044294704,,,,PENDING_AT_END
723.4499999999999,723.8158460013127,,,,PENDING_AT_END
723.8,723.814877330353,,,,PENDING_AT_END
724.15,724.4934131271117,,,,PENDING_AT_END
724.5,724.5231869945278,,,,PENDING_AT_END
724.8499999999999,724.919794456438,,,,PENDING_AT_END
725.1999999999999,725.5192745387689,,,,PENDING_AT_END
725.55,725.7396408759116,,,,PENDING_AT_END
725.9,726.1932642853097,,,,PENDING_AT_END
726.25,726.3960334170154,,,,PENDING_AT_END
726.5999999999999,726.6996252135864,,,,PENDING_AT_END
726.9499999999999,727.2415027641408,,,,PENDING_AT_END
727.3,727.4001372013108,,,,PENDING_AT_END
727.65,727.824067936003,,,,PENDING_AT_END
728.0,728.2320231103886,,,,PENDING_AT_END
728.3499999999999,728.6018437410169,,,,PENDING_AT_END
728.6999999999999,729.0003652213016,,,,PENDING_AT_END
729.05,729.3187367836867,,,,PENDING_AT_END
729.4,729.5084404016533,,,,PENDING_AT_END
729.75,729.8168723832177,,,,PENDING_AT_END
730.0999999999999,730.386234080898,,,,PENDING_AT_END
730.4499999999999,730.8071519809722,,,,PENDING_AT_END
730.8,731.1611793999896,,,,PENDING_AT_END
731.15,731.3379055090498,,,,PENDING_AT_END
731.5,731.8807045925732,,,,PENDING_AT_END
731.8499999999999,731.9496356520481,,,,PENDING_AT_END
732.1999999999999,732.5114946572002,,,,PENDING_AT_END
732.55,732.5565602016261,,,,PENDING_AT_END
732.9,733.1747651345507,,,,PENDING_AT_END
733.25,733.4807062073864,,,,PENDING_AT_END
733.5999999999999,733.6160295174516,,,,PENDING_AT_END
733.9499999999999,733.9892705277056,,,,PENDING_AT_END
734.3,734.4277184546427,,,,PENDING_AT_END
734.65,734.8228703911469,,,,PENDING_AT_END
