timestamp,gen_time,sel_time,tx_time,rx_time,status
0.0,0.24098691620767482,157.01937869981182,157.02037869981183,157.19037869981182,TX
0.35,0.7093053302861984,150.97602673084597,150.97702673084598,151.14702673084597,TX
0.7,1.0301236778484355,154.378898313005,154.37989831300501,154.549898313005,TX
1.0499999999999998,1.1945257542005518,152.58884191996665,152.58984191996666,152.75984191996665,TX
1.4,1.7746088146431878,158.89358932362808,158.89458932362808,159.06458932362807,TX
1.75,2.138913184742479,153.6214920486016,153.6224920486016,153.7924920486016,TX
2.0999999999999996,2.194288114281812,161.5205775539003,161.5215775539003,161.6915775539003,TX
2.4499999999999997,2.540571370927038,158.16721088455944,158.16821088455944,158.33821088455943,TX
2.8,3.161320512639156,159.07815516466275,159.07915516466275,159.24915516466274,TX
3.15,3.523194484139895,155.1059656382059,155.1069656382059,155.2769656382059,TX
3.5,3.7971265542435813,157.5403988963555,157.5413988963555,157.7113988963555,TX
3.8499999999999996,3.9990845677474507,160.50268623329015,160.50368623329015,160.67368623329014,TX
4.199999999999999,4.307361788142842,163.9653784922583,163.96637849225831,164.1363784922583,TX
4.55,4.603353521957097,156.16364340189006,156.16464340189006,156.33464340189005,TX
4.8999999999999995,4.97335908793169,,,,PENDING_AT_END
5.25,5.4161185400693395,,,,PENDING_AT_END
5.6,5.6877555410586105,,,,PENDING_AT_END
5.949999999999999,6.092387375603035,,,,PENDING_AT_END
6.3,6.4673735011134506,,,,PENDING_AT_END
6.6499999999999995,6.848512499188275,,,,PENDING_AT_END
7.0,7.206597318625603,,,,PENDING_AT_END
7.35,7.428053914478237,,,,PENDING_AT_END
7.699999999999999,8.071499730637017,,,,PENDING_AT_END
8.049999999999999,8.374927311610561,,,,PENDING_AT_END
8.399999999999999,8.589427055364581,,,,PENDING_AT_END
8.75,9.068673629039154,,,,PENDING_AT_END
9.1,9.404034060399349,,,,PENDING_AT_END
9.45,9.573207399934489,,,,PENDING_AT_END
9.799999999999999,10.169593014009736,,,,PENDING_AT_END
10.149999999999999,10.548858298354471,,,,PENDING_AT_END
10.5,10.84245895481331,,,,PENDING_AT_END
10.85,11.050815720894372,,,,PENDING_AT_END
11.2,11.419506969091405,,,,PENDING_AT_END
11.549999999999999,11.659196827237954,,,,PENDING_AT_END
11.899999999999999,12.086150890129115,,,,PENDING_AT_END
12.25,12.2944572172681,,,,PENDING_AT_END
12.6,12.750369893683066,,,,PENDING_AT_END
12.95,13.199821774439421,,,,PENDING_AT_END
13.299999999999999,13.426537285495565,,,,PENDING_AT_END
13.649999999999999,13.762743666557043,,,,PENDING_AT_END
14.0,14.142096571205187,,,,PENDING_AT_END
14.35,14.64351940219987,,,,PENDING_AT_END
14.7,15.01589333891603,,,,PENDING_AT_END
15.049999999999999,15.393544992790092,,,,PENDING_AT_END
15.399999999999999,15.46493134653852,,,,PENDING_AT_END
15.749999999999998,15.85433003609924,,,,PENDING_AT_END
16.099999999999998,16.449385861167837,,,,PENDING_AT_END
16.45,16.82774572451812,,,,PENDING_AT_END
16.799999999999997,16.994777013160565,,,,PENDING_AT_END
17.15,17.52420512019927,,,,PENDING_AT_END
17.5,17.660576013624024,,,,PENDING_AT_END
17.849999999999998,18.146471143874432,,,,PENDING_AT_END
18.2,18.477493435938275,,,,PENDING_AT_END
18.549999999999997,18.92209377838156,,,,PENDING_AT_END
18.9,19.022487804294954,,,,PENDING_AT_END
19.25,19.41712882933932,,,,PENDING_AT_END
19.599999999999998,19.80710197971857,,,,PENDING_AT_END
19.95,20.18761588213326,,,,PENDING_AT_END
20.299999999999997,20.591061721145593,,,,PENDING_AT_END
20.65,20.709797347605424,,,,PENDING_AT_END
21.0,21.086708903794076,,,,PENDING_AT_END
21.349999999999998,21.55608098563201,,,,PENDING_AT_END
21.7,21.858754660433146,,,,PENDING_AT_END
22.049999999999997,22.14288469256593,,,,PENDING_AT_END
22.4,22.747339193897922,,,,PENDING_AT_END
22.75,23.129547782401197,,,,PENDING_AT_END
23.099999999999998,23.112038475493915,,,,PENDING_AT_END
23.45,23.489216919683347,,,,PENDING_AT_END
23.799999999999997,24.067423980938564,,,,PENDING_AT_END
24.15,24.366361047295783,,,,PENDING_AT_END
24.5,24.56994247768339,,,,PENDING_AT_END
24.849999999999998,25.110321072309592,,,,PENDING_AT_END
25.2,25.427087606619406,,,,PENDING_AT_END
25.549999999999997,25.84077047463981,,,,PENDING_AT_END
25.9,26.191542002609623,,,,PENDING_AT_END
26.25,26.618091157568756,,,,PENDING_AT_END
26.599999999999998,26.614317311926964,,,,PENDING_AT_END
26.95,26.961670106084053,,,,PENDING_AT_END
27.299999999999997,27.441547262568157,,,,PENDING_AT_END
27.65,27.82122079916931,,,,PENDING_AT_END
28.0,28.258703119580282,,,,PENDING_AT_END
28.349999999999998,28.528971272367766,,,,PENDING_AT_END
28.7,29.030443335069354,,,,PENDING_AT_END
29.049999999999997,29.31623871684952,,,,PENDING_AT_END
29.4,29.614766804661812,,,,PENDING_AT_END
29.749999999999996,30.016809273132946,,,,PENDING_AT_END
30.099999999999998,30.263197957675633,,,,PENDING_AT_END
30.45,30.469069296348753,,,,PENDING_AT_END
30.799999999999997,31.018029245202143,,,,PENDING_AT_END
31.15,31.321849382131894,,,,PENDING_AT_END
31.499999999999996,31.732629752481078,,,,PENDING_AT_END
31.849999999999998,32.20370382026543,,,,PENDING_AT_END
32.199999999999996,32.29756467325213,,,,PENDING_AT_END
32.55,32.881246759797264,,,,PENDING_AT_END
32.9,33.191322344323375,,,,PENDING_AT_END
33.25,33.58869964109583,,,,PENDING_AT_END
33.599999999999994,33.981642898892616,,,,PENDING_AT_END
33.949999999999996,34.28893484303709,,,,PENDING_AT_END
34.3,34.57088526270002,,,,PENDING_AT_END
34.65,35.04042091983322,,,,PENDING_AT_END
35.0,35.276101512948,,,,PENDING_AT_END
35.349999999999994,35.58705139855333,,,,PENDING_AT_END
35.699999999999996,36.07830289167456,,,,PENDING_AT_END
36.05,36.06282986337537,,,,PENDING_AT_END
36.4,36.786194662336264,,,,PENDING_AT_END
36.75,37.04803499851063,,,,PENDING_AT_END
37.099999999999994,37.130129234528724,,,,PENDING_AT_END
37.449999999999996,37.777615098090216,,,,PENDING_AT_END
37.8,37.818566090751574,,,,PENDING_AT_END
38.15,38.40762956289647,,,,PENDING_AT_END
38.5,38.86333080973567,,,,PENDING_AT_END
38.849999999999994,38.9465251307314,,,,PENDING_AT_END
39.199999999999996,39.21432781587706,,,,PENDING_AT_END
39.55,39.87299104666991,,,,PENDING_AT_END
39.9,40.10503708656167,,,,PENDING_AT_END
40.25,40.46156547159549,,,,PENDING_AT_END
40.599999999999994,40.834875787675315,,,,PENDING_AT_END
40.949999999999996,41.28257439521932,,,,PENDING_AT_END
41.3,41.325580401384286,,,,PENDING_AT_END
41.65,41.73948290998502,,,,PENDING_AT_END
42.0,42.066003596732386,,,,PENDING_AT_END
42.349999999999994,42.56055155489669,,,,PENDING_AT_END
42.699999999999996,42.841851727385524,,,,PENDING_AT_END
43.05,43.39290973819263,,,,PENDING_AT_END
43.4,43.76453201539386,,,,PENDING_AT_END
43.75,44.078607252110515,,,,PENDING_AT_END
44.099999999999994,44.19206498093122,,,,PENDING_AT_END
44.449999999999996,44.61305140800936,,,,PENDING_AT_END
44.8,45.139349046016505,,,,PENDING_AT_END
45.15,45.4154366314557,,,,PENDING_AT_END
45.5,45.88166651968183,,,,PENDING_AT_END
45.849999999999994,46.200659818004866,,,,PENDING_AT_END
46.199999999999996,46.289226780341885,,,,PENDING_AT_END
46.55,46.60872341654141,,,,PENDING_AT_END
46.9,47.259806429528034,,,,PENDING_AT_END
47.25,47.56504331556782,,,,PENDING_AT_END
47.599999999999994,47.79912773260665,,,,PENDING_AT_END
47.949999999999996,48.179492415957505,,,,PENDING_AT_END
48.3,48.3535321623079,,,,PENDING_AT_END
48.65,49.005997625308076,,,,PENDING_AT_END
49.0,49.04711908952335,,,,PENDING_AT_END
49.349999999999994,49.5732526694963,,,,PENDING_AT_END
49.699999999999996,50.08313714127116,,,,PENDING_AT_END
50.05,50.27957111021696,,,,PENDING_AT_END
50.4,50.4991508037667,,,,PENDING_AT_END
50.75,51.07507489532375,,,,PENDING_AT_END
51.099999999999994,51.22901329420267,,,,PENDING_AT_END
51.449999999999996,51.45811047600218,,,,PENDING_AT_END
51.8,51.98135013903939,,,,PENDING_AT_END
52.15,52.39417306190027,,,,PENDING_AT_END
52.5,52.6406496164214,,,,PENDING_AT_END
52.849999999999994,53.10642209506314,,,,PENDING_AT_END
53.199999999999996,53.235019279316795,,,,PENDING_AT_END
53.55,53.73390082418422,,,,PENDING_AT_END
53.9,54.246903758124056,,,,PENDING_AT_END
54.25,54.47995931929246,,,,PENDING_AT_END
54.599999999999994,54.86709536925339,,,,PENDING_AT_END
54.949999999999996,55.23326619366653,,,,PENDING_AT_END
55.3,55.450794503511744,,,,PENDING_AT_END
55.65,55.74728272848409,,,,PENDING_AT_END
56.0,56.36101677184382,,,,PENDING_AT_END
56.349999999999994,56.364082180234035,,,,PENDING_AT_END
56.699999999999996,56.80223382252067,,,,PENDING_AT_END
57.05,57.28067835194132,,,,PENDING_AT_END
57.4,57.76519269260111,,,,PENDING_AT_END
57.74999999999999,58.136583761722825,,,,PENDING_AT_END
58.099999999999994,58.26159036442394,,,,PENDING_AT_END
58.449999999999996,58.656099872370554,,,,PENDING_AT_END
58.8,58.934700255769854,,,,PENDING_AT_END
59.15,59.256367004506224,,,,PENDING_AT_END
59.49999999999999,59.60444189247817,,,,PENDING_AT_END
59.849999999999994,60.10727180059402,,,,PENDING_AT_END
60.199999999999996,60.51945989686104,,,,PENDING_AT_END
60.55,60.881392697315846,,,,PENDING_AT_END
60.9,61.02994136961102,,,,PENDING_AT_END
61.24999999999999,61.31223517540243,,,,PENDING_AT_END
61.599999999999994,61.729680527027526,,,,PENDING_AT_END
61.949999999999996,62.11116316568704,,,,PENDING_AT_END
62.3,62.382323822278096,,,,PENDING_AT_END
62.65,62.99618611588405,,,,PENDING_AT_END
62.99999999999999,63.1907396590941,,,,PENDING_AT_END
63.349999999999994,63.44931804901245,,,,PENDING_AT_END
63.699999999999996,64.07485242488939,,,,PENDING_AT_END
64.05,64.06673394806005,,,,PENDING_AT_END
64.39999999999999,64.69140921833186,,,,PENDING_AT_END
64.75,64.8589664055595,,,,PENDING_AT_END
65.1,65.1396377813254,,,,PENDING_AT_END
65.45,65.71704631866523,,,,PENDING_AT_END
65.8,66.12488683128801,,,,PENDING_AT_END
66.14999999999999,66.21063079904188,,,,PENDING_AT_END
66.5,66.6137700349019,,,,PENDING_AT_END
66.85,67.11087178938567,,,,PENDING_AT_END
67.19999999999999,67.34638856723143,,,,PENDING_AT_END
67.55,67.84794993294919,,,,PENDING_AT_END
67.89999999999999,68.23247536434745,,,,PENDING_AT_END
68.25,68.64271200037263,,,,PENDING_AT_END
68.6,68.9635323945455,,,,PENDING_AT_END
68.94999999999999,69.20336738385649,,,,PENDING_AT_END
69.3,69.62298097797957,,,,PENDING_AT_END
69.64999999999999,69.97150199737892,,,,PENDING_AT_END
70.0,70.23718960669078,,,,PENDING_AT_END
70.35,70.3547783188582,,,,PENDING_AT_END
70.69999999999999,70.70155855151594,,,,PENDING_AT_END
71.05,71.08590831201094,,,,PENDING_AT_END
71.39999999999999,71.63507008655058,,,,PENDING_AT_END
71.75,71.80368062273132,,,,PENDING_AT_END
72.1,72.29524086613591,,,,PENDING_AT_END
72.44999999999999,72.73899669797026,,,,PENDING_AT_END
72.8,72.84084400098139,,,,PENDING_AT_END
73.14999999999999,73.34801678578192,,,,PENDING_AT_END
73.5,73.76263589946046,,,,PENDING_AT_END
73.85,73.88908817858504,,,,PENDING_AT_END
74.19999999999999,74.35456765993817,,,,PENDING_AT_END
74.55,74.7164413685387,,,,PENDING_AT_END
74.89999999999999,75.0670417745451,,,,PENDING_AT_END
75.25,75.34456243053253,,,,PENDING_AT_END
75.6,75.61777100412127,,,,PENDING_AT_END
75.94999999999999,75.96488786528013,,,,PENDING_AT_END
76.3,76.40428520371673,,,,PENDING_AT_END
76.64999999999999,76.92610901068359,,,,PENDING_AT_END
77.0,77.2560970922101,,,,PENDING_AT_END
77.35,77.53993337212543,,,,PENDING_AT_END
77.69999999999999,78.00618675328869,,,,PENDING_AT_END
78.05,78.23237572820146,,,,PENDING_AT_END
78.39999999999999,78.54695123160205,,,,PENDING_AT_END
78.75,78.85209296714069,,,,PENDING_AT_END
79.1,79.24949531543419,,,,PENDING_AT_END
79.44999999999999,79.54575839000952,,,,PENDING_AT_END
79.8,79.92846789762832,,,,PENDING_AT_END
80.14999999999999,80.44684093970876,,,,PENDING_AT_END
80.5,80.67120596391106,,,,PENDING_AT_END
80.85,80.91614167131786,,,,PENDING_AT_END
81.19999999999999,81.26093973124335,,,,PENDING_AT_END
81.55,81.76417022313036,,,,PENDING_AT_END
81.89999999999999,82.18360000044264,,,,PENDING_AT_END
82.25,82.43327934373306,,,,PENDING_AT_END
82.6,82.96965837897224,,,,PENDING_AT_END
82.94999999999999,83.10480255495182,,,,PENDING_AT_END
83.3,83.32255703393018,,,,PENDING_AT_END
83.64999999999999,83.84478377493282,,,,PENDING_AT_END
84.0,84.31291228505034,,,,PENDING_AT_END
84.35,84.71079778902569,,,,PENDING_AT_END
84.69999999999999,84.93086443543865,,,,PENDING_AT_END
85.05,85.28021936103634,,,,PENDING_AT_END
85.39999999999999,85.76565432822058,,,,PENDING_AT_END
85.75,85.78649149431718,,,,PENDING_AT_END
86.1,86.16165338272035,,,,PENDING_AT_END
86.44999999999999,86.4931477445557,,,,PENDING_AT_END
86.8,86.89057461730694,,,,PENDING_AT_END
87.14999999999999,87.37195322542833,,,,PENDING_AT_END
87.5,87.64751698404916,,,,PENDING_AT_END
87.85,87.96901531248264,,,,PENDING_AT_END
88.19999999999999,88.41762733693787,,,,PENDING_AT_END
88.55,88.89733084252724,,,,PENDING_AT_END
88.89999999999999,89.14887009508898,,,,PENDING_AT_END
89.25,89.61741915731807,,,,PENDING_AT_END
89.6,89.62268711047679,,,,PENDING_AT_END
89.94999999999999,90.07433031783592,,,,PENDING_AT_END
90.3,90.50383627711928,,,,PENDING_AT_END
90.64999999999999,90.89217496753609,,,,PENDING_AT_END
91.0,91.1606453786348,,,,PENDING_AT_END
91.35,91.52389230134423,,,,PENDING_AT_END
91.69999999999999,91.92083099856978,,,,PENDING_AT_END
92.05,92.20465304423327,,,,PENDING_AT_END
92.39999999999999,92.54757947108398,,,,PENDING_AT_END
92.75,93.01813086948434,,,,PENDING_AT_END
93.1,93.33901250618288,,,,PENDING_AT_END
93.44999999999999,93.57555910320892,,,,PENDING_AT_END
93.8,93.95113363785838,,,,PENDING_AT_END
94.14999999999999,94.43041999311752,,,,PENDING_AT_END
94.5,94.7264260733858,,,,PENDING_AT_END
94.85,95.03672828661664,,,,PENDING_AT_END
95.19999999999999,95.3849533926265,,,,PENDING_AT_END
95.55,95.69742483922367,,,,PENDING_AT_END
95.89999999999999,96.26561416947202,,,,PENDING_AT_END
96.25,96.5552168639496,,,,PENDING_AT_END
96.6,96.66417596711491,,,,PENDING_AT_END
96.94999999999999,97.06669226889989,,,,PENDING_AT_END
97.3,97.31815994973068,,,,PENDING_AT_END
97.64999999999999,97.6827606283271,,,,PENDING_AT_END
98.0,98.27908147671181,,,,PENDING_AT_END
98.35,98.40340145283562,,,,PENDING_AT_END
98.69999999999999,98.94494791634767,,,,PENDING_AT_END
99.05,99.40292696146291,,,,PENDING_AT_END
99.39999999999999,99.41014218517812,,,,PENDING_AT_END
99.75,99.78580396579895,,,,PENDING_AT_END
100.1,100.11025018537856,,,,PENDING_AT_END
100.44999999999999,100.62218116571006,,,,PENDING_AT_END
100.8,101.03743030344911,,,,PENDING_AT_END
101.14999999999999,101.47413991770243,,,,PENDING_AT_END
101.5,101.56826522059217,,,,PENDING_AT_END
101.85,101.88929715796647,,,,PENDING_AT_END
102.19999999999999,102.49818172189362,,,,PENDING_AT_END
102.55,102.73360510509222,,,,PENDING_AT_END
102.89999999999999,103.2108072316213,,,,PENDING_AT_END
103.25,103.26685093817741,,,,PENDING_AT_END
103.6,103.72022379703066,,,,PENDING_AT_END
103.94999999999999,104.05230445615666,,,,PENDING_AT_END
104.3,104.37497185773982,,,,PENDING_AT_END
104.64999999999999,104.8571231541758,,,,PENDING_AT_END
105.0,105.05497192530964,,,,PENDING_AT_END
105.35,105.73597893972638,,,,PENDING_AT_END
105.69999999999999,106.09873311246821,,,,PENDING_AT_END
106.05,106.31928611278211,,,,PENDING_AT_END
106.39999999999999,106.61902039842029,,,,PENDING_AT_END
106.75,106.89378221173055,,,,PENDING_AT_END
107.1,107.28222467222051,,,,PENDING_AT_END
107.44999999999999,107.65482839487382,,,,PENDING_AT_END
107.8,107.88440233257059,,,,PENDING_AT_END
108.14999999999999,108.19415366849132,,,,PENDING_AT_END
108.5,108.78609649610357,,,,PENDING_AT_END
108.85,109.2340840859589,,,,PENDING_AT_END
109.19999999999999,109.25962029757477,,,,PENDING_AT_END
109.55,109.5657903126404,,,,PENDING_AT_END
109.89999999999999,110.1811509622841,,,,PENDING_AT_END
110.25,110.34035816286618,,,,PENDING_AT_END
110.6,110.7972092154609,,,,PENDING_AT_END
110.94999999999999,111.20500314894895,,,,PENDING_AT_END
111.3,111.45607782523486,,,,PENDING_AT_END
111.64999999999999,111.67747777849773,,,,PENDING_AT_END
112.0,112.17785500128969,,,,PENDING_AT_END
112.35,112.45162310474478,,,,PENDING_AT_END
112.69999999999999,112.89894955609441,,,,PENDING_AT_END
113.05,113.41395848049622,,,,PENDING_AT_END
113.39999999999999,113.63692742395348,,,,PENDING_AT_END
113.74999999999999,113.83354554398083,,,,PENDING_AT_END
114.1,114.44678877851169,,,,PENDING_AT_END
114.44999999999999,114.7230932842597,,,,PENDING_AT_END
114.8,115.16308625319574,,,,PENDING_AT_END
115.14999999999999,115.21522322392742,,,,PENDING_AT_END
115.49999999999999,115.71340500211353,,,,PENDING_AT_END
115.85,116.1973006732668,,,,PENDING_AT_END
116.19999999999999,116.52346992885583,,,,PENDING_AT_END
116.55,116.67944690476479,,,,PENDING_AT_END
116.89999999999999,117.19475122874489,,,,PENDING_AT_END
117.24999999999999,117.47821654480866,,,,PENDING_AT_END
117.6,117.64796939288055,,,,PENDING_AT_END
117.94999999999999,118.05810126395633,,,,PENDING_AT_END
118.3,118.68777037647818,,,,PENDING_AT_END
118.64999999999999,118.74925794428886,,,,PENDING_AT_END
118.99999999999999,119.37182961122404,,,,PENDING_AT_END
119.35,119.46557253074619,,,,PENDING_AT_END
119.69999999999999,119.91904139665684,,,,PENDING_AT_END
120.05,120.10086205270856,,,,PENDING_AT_END
120.39999999999999,120.51476429174924,,,,PENDING_AT_END
120.74999999999999,120.7509110450289,,,,PENDING_AT_END
121.1,121.31622754488188,,,,PENDING_AT_END
121.44999999999999,121.56766725348947,,,,PENDING_AT_END
121.8,122.10271443547124,,,,PENDING_AT_END
122.14999999999999,122.44224613318615,,,,PENDING_AT_END
122.49999999999999,122.6704746778342,,,,PENDING_AT_END
122.85,122.95525746837356,,,,PENDING_AT_END
123.19999999999999,123.247534483458,,,,PENDING_AT_END
123.55,123.92695001750711,,,,PENDING_AT_END
123.89999999999999,124.02010140937004,,,,PENDING_AT_END
124.24999999999999,124.31168323267336,,,,PENDING_AT_END
124.6,124.89858472290112,,,,PENDING_AT_END
124.94999999999999,125.30425547865136,,,,PENDING_AT_END
125.3,125.31992277374202,,,,PENDING_AT_END
125.64999999999999,125.99667193793458,,,,PENDING_AT_END
125.99999999999999,126.15268111401495,,,,PENDING_AT_END
126.35,126.42684202268191,,,,PENDING_AT_END
126.69999999999999,127.01247922926211,,,,PENDING_AT_END
127.05,127.18278322130301,,,,PENDING_AT_END
127.39999999999999,127.594311999005,,,,PENDING_AT_END
127.74999999999999,128.0231616260074,,,,PENDING_AT_END
128.1,128.14036511876108,,,,PENDING_AT_END
128.45,128.8325392882689,,,,PENDING_AT_END
128.79999999999998,129.182853579571,,,,PENDING_AT_END
129.15,129.36167242689672,,,,PENDING_AT_END
129.5,129.50039969345306,,,,PENDING_AT_END
129.85,130.02121118069314,,,,PENDING_AT_END
130.2,130.42912475567982,,,,PENDING_AT_END
130.54999999999998,130.75823278811063,,,,PENDING_AT_END
130.9,131.03292762420043,,,,PENDING_AT_END
131.25,131.38888334037887,,,,PENDING_AT_END
131.6,131.850976864459,,,,PENDING_AT_END
131.95,132.30880304487494,,,,PENDING_AT_END
132.29999999999998,132.56413034989035,,,,PENDING_AT_END
132.65,132.72235675146877,,,,PENDING_AT_END
133.0,133.36568108380754,,,,PENDING_AT_END
133.35,133.5055879454135,,,,PENDING_AT_END
133.7,133.79557298267673,,,,PENDING_AT_END
134.04999999999998,134.0683658625076,,,,PENDING_AT_END
134.39999999999998,134.74655942893168,,,,PENDING_AT_END
134.75,134.85169481180344,,,,PENDING_AT_END
135.1,135.26436451293674,,,,PENDING_AT_END
135.45,135.65094523992116,,,,PENDING_AT_END
135.79999999999998,135.82461464288306,,,,PENDING_AT_END
136.14999999999998,136.3711105744663,,,,PENDING_AT_END
136.5,136.8788711424471,,,,PENDING_AT_END
136.85,137.0085536883723,,,,PENDING_AT_END
137.2,137.29416547092745,,,,PENDING_AT_END
137.54999999999998,137.67513689414918,,,,PENDING_AT_END
137.89999999999998,138.04217573731472,,,,PENDING_AT_END
138.25,138.5796445683415,,,,PENDING_AT_END
138.6,138.69487283312216,,,,PENDING_AT_END
138.95,139.07318972348878,,,,PENDING_AT_END
139.29999999999998,139.31206435615493,,,,PENDING_AT_END
139.64999999999998,139.83311307836289,,,,PENDING_AT_END
140.0,140.14511483091667,,,,PENDING_AT_END
140.35,140.60378631499523,,,,PENDING_AT_END
140.7,140.97062106446293,,,,PENDING_AT_END
141.04999999999998,141.09979172918727,,,,PENDING_AT_END
141.39999999999998,141.51037241273343,,,,PENDING_AT_END
141.75,142.10414181327468,,,,PENDING_AT_END
142.1,142.33579140406718,,,,PENDING_AT_END
142.45,142.45822745037162,,,,PENDING_AT_END
142.79999999999998,143.05187702834965,,,,PENDING_AT_END
143.14999999999998,143.32112600080916,,,,PENDING_AT_END
143.5,143.59785489255432,,,,PENDING_AT_END
143.85,144.0675733930615,,,,PENDING_AT_END
144.2,144.3196588874921,,,,PENDING_AT_END
144.54999999999998,144.6118376787791,,,,PENDING_AT_END
144.89999999999998,144.94104724265105,,,,PENDING_AT_END
145.25,145.26153107961665,,,,PENDING_AT_END
145.6,145.73833067207957,,,,PENDING_AT_END
145.95,146.25093880167776,,,,PENDING_AT_END
146.29999999999998,146.5078210027253,,,,PENDING_AT_END
146.64999999999998,146.90122334547868,,,,PENDING_AT_END
147.0,147.33353137654973,,,,PENDING_AT_END
147.35,147.66150835046588,,,,PENDING_AT_END
147.7,147.81508564170883,,,,PENDING_AT_END
148.04999999999998,148.06052263794723,,,,PENDING_AT_END
148.39999999999998,148.54379479344954,,,,PENDING_AT_END
148.75,149.11271023841613,,,,PENDING_AT_END
149.1,149.35387759977462,,,,PENDING_AT_END
149.45,149.53518264895854,,,,PENDING_AT_END
149.79999999999998,150.0480915737837,,,,PENDING_AT_END
150.14999999999998,150.314323895773,,,,PENDING_AT_END
150.5,150.67480882975997,,,,PENDING_AT_END
150.85,151.2199103361289,,,,PENDING_AT_END
151.2,151.32395968319008,,,,PENDING_AT_END
151.54999999999998,151.59971405093447,,,,PENDING_AT_END
151.89999999999998,152.0503812279283,,,,PENDING_AT_END
152.25,152.2715453993493,,,,PENDING_AT_END
152.6,152.89697445727361,,,,PENDING_AT_END
152.95,153.14719019070156,,,,PENDING_AT_END
153.29999999999998,153.68533700165202,,,,PENDING_AT_END
153.64999999999998,153.9899107388302,,,,PENDING_AT_END
154.0,154.22999656212306,,,,PENDING_AT_END
154.35,154.4543784092629,,,,PENDING_AT_END
154.7,154.83457155715712,,,,PENDING_AT_END
155.04999999999998,155.16830981431022,,,,PENDING_AT_END
155.39999999999998,155.5665085375299,,,,PENDING_AT_END
155.75,155.82446829618647,,,,PENDING_AT_END
156.1,156.1888138001947,,,,PENDING_AT_END
156.45,156.48224889815015,,,,PENDING_AT_END
156.79999999999998,157.19500133582025,,,,PENDING_AT_END
157.14999999999998,157.54555701251059,,,,PENDING_AT_END
157.5,157.58464489601204,,,,PENDING_AT_END
157.85,158.1292232249842,,,,PENDING_AT_END
158.2,158.47444118581535,,,,PENDING_AT_END
158.54999999999998,158.83737137033594,,,,PENDING_AT_END
158.89999999999998,159.12212573326929,,,,PENDING_AT_END
159.25,159.29701690877067,,,,PENDING_AT_END
159.6,159.98568891882454,,,,PENDING_AT_END
159.95,159.96627688174516,,,,PENDING_AT_END
160.29999999999998,160.51708192375034,,,,PENDING_AT_END
160.64999999999998,160.8385149484609,,,,PENDING_AT_END
161.0,161.37145767130482,,,,PENDING_AT_END
161.35,161.7367322414124,,,,PENDING_AT_END
161.7,162.06618270739352,,,,PENDING_AT_END
162.04999999999998,162.06043806340747,,,,PENDING_AT_END
162.39999999999998,162.41344510003074,,,,PENDING_AT_END
162.75,162.9284559957407,,,,PENDING_AT_END
163.1,163.29978671009096,,,,PENDING_AT_END
163.45,163.83270323145098,,,,PENDING_AT_END
163.79999999999998,164.04055737490742,,,,PENDING_AT_END
164.14999999999998,164.47870832239545,,,,PENDING_AT_END
164.5,164.53762582796475,,,,PENDING_AT_END
164.85,165.07854642179998,,,,PENDING_AT_END
165.2,165.36117841765872,,,,PENDING_AT_END
165.54999999999998,165.8599723724237,,,,PENDING_AT_END
165.89999999999998,166.0811540034921,,,,PENDING_AT_END
166.25,166.2543433895516,,,,PENDING_AT_END
166.6,166.97003727381323,,,,PENDING_AT_END
166.95,167.2948837828206,,,,PENDING_AT_END
167.29999999999998,167.67657917866072,,,,PENDING_AT_END
167.64999999999998,167.85373573202133,,,,PENDING_AT_END
168.0,168.20282273977506,,,,PENDING_AT_END
168.35,168.72237649321536,,,,PENDING_AT_END
168.7,169.02913505493473,,,,PENDING_AT_END
169.04999999999998,169.4252546044839,,,,PENDING_AT_END
169.39999999999998,169.57341665721071,,,,PENDING_AT_END
169.75,169.76299154936493,,,,PENDING_AT_END
170.1,170.31717119876683,,,,PENDING_AT_END
170.45,170.54006261497386,,,,PENDING_AT_END
170.79999999999998,171.012966469127,,,,PENDING_AT_END
171.14999999999998,171.41553323024488,,,,PENDING_AT_END
171.5,171.69615207654317,,,,PENDING_AT_END
171.85,172.16539603261177,,,,PENDING_AT_END
172.2,172.44254565461318,,,,PENDING_AT_END
172.54999999999998,172.56783583792472,,,,PENDING_AT_END
172.89999999999998,173.23789235327462,,,,PENDING_AT_END
173.25,173.35777701751726,,,,PENDING_AT_END
173.6,173.743973652437,,,,PENDING_AT_END
173.95,174.02969624398878,,,,PENDING_AT_END
174.29999999999998,174.53837028214397,,,,PENDING_AT_END
174.64999999999998,174.76176186614214,,,,PENDING_AT_END
175.0,175.3852235872199,,,,PENDING_AT_END
175.35,175.55666539550222,,,,PENDING_AT_END
175.7,175.90846628029703,,,,PENDING_AT_END
176.04999999999998,176.24138151304842,,,,PENDING_AT_END
176.39999999999998,176.49808851634037,,,,PENDING_AT_END
176.75,177.10028056288326,,,,PENDING_AT_END
177.1,177.1992553967015,,,,PENDING_AT_END
177.45,177.57662368957938,,,,PENDING_AT_END
177.79999999999998,177.88586919563218,,,,PENDING_AT_END
178.14999999999998,178.34485835486032,,,,PENDING_AT_END
178.5,178.89184456577158,,,,PENDING_AT_END
178.85,179.13866346036568,,,,PENDING_AT_END
179.2,179.20507653084502,,,,PENDING_AT_END
179.54999999999998,179.8776633587892,,,,PENDING_AT_END
179.89999999999998,180.03450098863425,,,,PENDING_AT_END
180.25,180.34286930759595,,,,PENDING_AT_END
180.6,180.97449275663112,,,,PENDING_AT_END
180.95,181.15848226035035,,,,PENDING_AT_END
181.29999999999998,181.52842303935645,,,,PENDING_AT_END
181.64999999999998,181.71111645956432,,,,PENDING_AT_END
182.0,182.00708520124937,,,,PENDING_AT_END
182.35,182.43178837949782,,,,PENDING_AT_END
182.7,183.03597500093173,,,,PENDING_AT_END
183.04999999999998,183.06411758709666,,,,PENDING_AT_END
183.39999999999998,183.40436456534758,,,,PENDING_AT_END
183.75,184.11513743317278,,,,PENDING_AT_END
184.1,184.34332684020907,,,,PENDING_AT_END
184.45,184.6018502225172,,,,PENDING_AT_END
184.79999999999998,185.01437061417047,,,,PENDING_AT_END
185.14999999999998,185.51207826096442,,,,PENDING_AT_END
185.5,185.65945768374365,,,,PENDING_AT_END
185.85,186.1880627277806,,,,PENDING_AT_END
186.2,186.39648042389484,,,,PENDING_AT_END
186.54999999999998,186.75299808190718,,,,PENDING_AT_END
186.89999999999998,187.0293138613988,,,,PENDING_AT_END
187.25,187.3956795971497,,,,PENDING_AT_END
187.6,187.74156788900294,,,,PENDING_AT_END
187.95,188.0882450494026,,,,PENDING_AT_END
188.29999999999998,188.55037900967565,,,,PENDING_AT_END
188.64999999999998,188.68679059691857,,,,PENDING_AT_END
189.0,189.28162427524444,,,,PENDING_AT_END
189.35,189.7094981475665,,,,PENDING_AT_END
189.7,190.0393256326808,,,,PENDING_AT_END
190.04999999999998,190.4200117480066,,,,PENDING_AT_END
190.39999999999998,190.77425247392222,,,,PENDING_AT_END
190.75,190.78667412191885,,,,PENDING_AT_END
191.1,191.16368729289232,,,,PENDING_AT_END
191.45,191.76653479760677,,,,PENDING_AT_END
191.79999999999998,191.8554200896497,,,,PENDING_AT_END
192.14999999999998,192.272271344741,,,,PENDING_AT_END
192.5,192.6647595658734,,,,PENDING_AT_END
192.85,193.04099054265671,,,,PENDING_AT_END
193.2,193.48255656362505,,,,PENDING_AT_END
193.54999999999998,193.88089415805692,,,,PENDING_AT_END
193.89999999999998,194.15177030494016,,,,PENDING_AT_END
194.25,194.52962800291118,,,,PENDING_AT_END
194.6,194.6347288072582,,,,PENDING_AT_END
194.95,195.15050893735963,,,,PENDING_AT_END
195.29999999999998,195.32134330460926,,,,PENDING_AT_END
195.64999999999998,196.004911462005,,,,PENDING_AT_END
196.0,196.25769386549882,,,,PENDING_AT_END
196.35,196.5072114553855,,,,PENDING_AT_END
196.7,196.81021347528076,,,,PENDING_AT_END
197.04999999999998,197.09123885990053,,,,PENDING_AT_END
197.39999999999998,197.77082119381907,,,,PENDING_AT_END
197.75,198.01255073722905,,,,PENDING_AT_END
198.1,198.29062601404982,,,,PENDING_AT_END
198.45,198.7879122673076,,,,PENDING_AT_END
198.79999999999998,199.19894613482379,,,,PENDING_AT_END
199.14999999999998,199.38705614614224,,,,PENDING_AT_END
199.5,199.8775856208938,,,,PENDING_AT_END
199.85,199.95636496585504,,,,PENDING_AT_END
200.2,200.34875224873446,,,,PENDING_AT_END
200.54999999999998,200.74666271906725,,,,PENDING_AT_END
200.89999999999998,201.1978407925808,,,,PENDING_AT_END
201.25,201.2860903097485,,,,PENDING_AT_END
201.6,201.79533397482075,,,,PENDING_AT_END
201.95,202.18367081563133,,,,PENDING_AT_END
202.29999999999998,202.32807131113614,,,,PENDING_AT_END
202.64999999999998,202.7950966917756,,,,PENDING_AT_END
203.0,203.09235815835535,,,,PENDING_AT_END
203.35,203.4199637502177,,,,PENDING_AT_END
203.7,203.84324877682354,,,,PENDING_AT_END
204.04999999999998,204.18762569542199,,,,PENDING_AT_END
204.39999999999998,204.48959697155442,,,,PENDING_AT_END
204.75,204.8333486422797,,,,PENDING_AT_END
205.1,205.17916393266685,,,,PENDING_AT_END
205.45,205.5529377615198,,,,PENDING_AT_END
205.79999999999998,206.13925509246403,,,,PENDING_AT_END
206.14999999999998,206.36867054567722,,,,PENDING_AT_END
206.5,206.74315408490355,,,,PENDING_AT_END
206.85,207.09705921131527,,,,PENDING_AT_END
207.2,207.2100879125594,,,,PENDING_AT_END
207.54999999999998,207.88244376128054,,,,PENDING_AT_END
207.89999999999998,208.20117305228405,,,,PENDING_AT_END
208.25,208.61968468434958,,,,PENDING_AT_END
208.6,208.6673986561619,,,,PENDING_AT_END
208.95,209.0207875282233,,,,PENDING_AT_END
209.29999999999998,209.66548959550298,,,,PENDING_AT_END
209.64999999999998,209.678905265938,,,,PENDING_AT_END
210.0,210.05301826134098,,,,PENDING_AT_END
210.35,210.53487482778874,,,,PENDING_AT_END
210.7,211.0167696566226,,,,PENDING_AT_END
211.04999999999998,211.20564682770222,,,,PENDING_AT_END
211.39999999999998,211.55914705392934,,,,PENDING_AT_END
211.75,212.1021198127653,,,,PENDING_AT_END
212.1,212.2492951115066,,,,PENDING_AT_END
212.45,212.68287367335097,,,,PENDING_AT_END
212.79999999999998,213.19057882654326,,,,PENDING_AT_END
213.14999999999998,213.33834322555077,,,,PENDING_AT_END
213.5,213.6889382132764,,,,PENDING_AT_END
213.85,213.9693319234585,,,,PENDING_AT_END
214.2,214.238856557397,,,,PENDING_AT_END
214.54999999999998,214.84275431484858,,,,PENDING_AT_END
214.89999999999998,215.02425646633287,,,,PENDING_AT_END
215.25,215.3648153280456,,,,PENDING_AT_END
215.6,215.6373861029269,,,,PENDING_AT_END
215.95,216.33912522117708,,,,PENDING_AT_END
216.29999999999998,216.370166099059,,,,PENDING_AT_END
216.64999999999998,216.9657311006972,,,,PENDING_AT_END
217.0,217.10140058031493,,,,PENDING_AT_END
217.35,217.71011289953574,,,,PENDING_AT_END
217.7,217.95252122625277,,,,PENDING_AT_END
218.04999999999998,218.08111536497333,,,,PENDING_AT_END
218.39999999999998,218.6839199710547,,,,PENDING_AT_END
218.75,218.85248288230588,,,,PENDING_AT_END
219.1,219.36374842745542,,,,PENDING_AT_END
219.45,219.80461314108146,,,,PENDING_AT_END
219.79999999999998,220.1930432643296,,,,PENDING_AT_END
220.14999999999998,220.33913994597498,,,,PENDING_AT_END
220.5,220.78945814538991,,,,PENDING_AT_END
220.85,221.1897059171072,,,,PENDING_AT_END
221.2,221.46859797265006,,,,PENDING_AT_END
221.54999999999998,221.63103608915966,,,,PENDING_AT_END
221.89999999999998,222.09195190701098,,,,PENDING_AT_END
222.25,222.4246671052876,,,,PENDING_AT_END
222.6,222.85223325913412,,,,PENDING_AT_END
222.95,223.15998183778925,,,,PENDING_AT_END
223.29999999999998,223.41783888864356,,,,PENDING_AT_END
223.64999999999998,223.88527190288409,,,,PENDING_AT_END
224.0,224.3396509632579,,,,PENDING_AT_END
224.35,224.60140409692846,,,,PENDING_AT_END
224.7,225.0602821575602,,,,PENDING_AT_END
225.04999999999998,225.2897038836579,,,,PENDING_AT_END
225.39999999999998,225.43013867626433,,,,PENDING_AT_END
225.74999999999997,225.8111000519509,,,,PENDING_AT_END
226.1,226.4492152280674,,,,PENDING_AT_END
226.45,226.7259806976649,,,,PENDING_AT_END
226.79999999999998,227.0751411015145,,,,PENDING_AT_END
227.14999999999998,227.20076151624744,,,,PENDING_AT_END
227.49999999999997,227.85192864118343,,,,PENDING_AT_END
227.85,227.9734161826569,,,,PENDING_AT_END
228.2,228.32259013757226,,,,PENDING_AT_END
228.54999999999998,228.80813156937157,,,,PENDING_AT_END
228.89999999999998,229.21578573985147,,,,PENDING_AT_END
229.24999999999997,229.25127512690582,,,,PENDING_AT_END
229.6,229.786242429135,,,,PENDING_AT_END
229.95,230.29939404357975,,,,PENDING_AT_END
230.29999999999998,230.3844029044977,,,,PENDING_AT_END
230.64999999999998,231.0068040282904,,,,PENDING_AT_END
230.99999999999997,231.2413723079035,,,,PENDING_AT_END
231.35,231.5585519864458,,,,PENDING_AT_END
231.7,231.71857608920868,,,,PENDING_AT_END
232.04999999999998,232.39195446348512,,,,PENDING_AT_END
232.39999999999998,232.60558692861053,,,,PENDING_AT_END
232.74999999999997,233.031745270711,,,,PENDING_AT_END
233.1,233.43646377375703,,,,PENDING_AT_END
233.45,233.81416725096835,,,,PENDING_AT_END
233.79999999999998,234.01865341174684,,,,PENDING_AT_END
234.14999999999998,234.4497803215857,,,,PENDING_AT_END
234.49999999999997,234.6984866263255,,,,PENDING_AT_END
234.85,234.96686731760215,,,,PENDING_AT_END
235.2,235.37832055278716,,,,PENDING_AT_END
235.54999999999998,235.81609968910018,,,,PENDING_AT_END
235.89999999999998,236.0110766896787,,,,PENDING_AT_END
236.24999999999997,236.6138314941699,,,,PENDING_AT_END
236.6,236.97760396547991,,,,PENDING_AT_END
236.95,237.10595178866078,,,,PENDING_AT_END
237.29999999999998,237.38381515087465,,,,PENDING_AT_END
237.64999999999998,237.91355324177306,,,,PENDING_AT_END
237.99999999999997,238.1531766392615,,,,PENDING_AT_END
238.35,238.54238165991754,,,,PENDING_AT_END
238.7,238.92770921419122,,,,PENDING_AT_END
239.04999999999998,239.39053223531917,,,,PENDING_AT_END
239.39999999999998,239.62706294989948,,,,PENDING_AT_END
239.74999999999997,239.84976109891707,,,,PENDING_AT_END
240.1,240.13322924379847,,,,PENDING_AT_END
240.45,240.47813547536418,,,,PENDING_AT_END
240.79999999999998,241.11109871379236,,,,PENDING_AT_END
241.14999999999998,241.20084361087515,,,,PENDING_AT_END
241.49999999999997,241.56616336321613,,,,PENDING_AT_END
241.85,241.87960746579964,,,,PENDING_AT_END
242.2,242.54554846175023,,,,PENDING_AT_END
242.54999999999998,242.76245573488856,,,,PENDING_AT_END
242.89999999999998,243.04044754172327,,,,PENDING_AT_END
243.24999999999997,243.55221948499943,,,,PENDING_AT_END
243.6,243.74216059129733,,,,PENDING_AT_END
243.95,244.1662166909353,,,,PENDING_AT_END
244.29999999999998,244.3289056693433,,,,PENDING_AT_END
244.64999999999998,244.72816346712602,,,,PENDING_AT_END
244.99999999999997,245.31913222662982,,,,PENDING_AT_END
245.35,245.64127480554848,,,,PENDING_AT_END
245.7,245.9107120287769,,,,PENDING_AT_END
246.04999999999998,246.20368175516452,,,,PENDING_AT_END
246.39999999999998,246.60328651862494,,,,PENDING_AT_END
246.74999999999997,246.9710634588569,,,,PENDING_AT_END
247.1,247.16922789881286,,,,PENDING_AT_END
247.45,247.50925757657637,,,,PENDING_AT_END
247.79999999999998,248.1754973839862,,,,PENDING_AT_END
248.14999999999998,248.1904481979355,,,,PENDING_AT_END
248.49999999999997,248.59855970637975,,,,PENDING_AT_END
248.85,249.0842652122041,,,,PENDING_AT_END
249.2,249.4841252033861,,,,PENDING_AT_END
249.54999999999998,249.61906266010604,,,,PENDING_AT_END
249.89999999999998,250.18803459782754,,,,PENDING_AT_END
250.24999999999997,250.48015048707228,,,,PENDING_AT_END
250.6,250.91827384020738,,,,PENDING_AT_END
250.95,251.09463879302018,,,,PENDING_AT_END
251.29999999999998,251.30770854714225,,,,PENDING_AT_END
251.64999999999998,251.68198702773344,,,,PENDING_AT_END
251.99999999999997,252.1608513907964,,,,PENDING_AT_END
252.35,252.6136301103315,,,,PENDING_AT_END
252.7,252.72236947363194,,,,PENDING_AT_END
253.04999999999998,253.38326124495282,,,,PENDING_AT_END
253.39999999999998,253.43465123770773,,,,PENDING_AT_END
253.74999999999997,254.05243571297413,,,,PENDING_AT_END
254.1,254.18583708653043,,,,PENDING_AT_END
254.45,254.51333901071013,,,,PENDING_AT_END
254.79999999999998,254.98792962149932,,,,PENDING_AT_END
255.14999999999998,255.4898057117489,,,,PENDING_AT_END
255.49999999999997,255.57520839886857,,,,PENDING_AT_END
255.85,256.0544471684066,,,,PENDING_AT_END
256.2,256.31701412224396,,,,PENDING_AT_END
256.55,256.66095949763206,,,,PENDING_AT_END
256.9,257.2794578290666,,,,PENDING_AT_END
257.25,257.42557528125667,,,,PENDING_AT_END
257.59999999999997,257.7752925066649,,,,PENDING_AT_END
257.95,258.06028085562167,,,,PENDING_AT_END
258.3,258.43733065629186,,,,PENDING_AT_END
258.65,258.75955322978405,,,,PENDING_AT_END
259.0,259.33240899073644,,,,PENDING_AT_END
259.34999999999997,259.49963964481134,,,,PENDING_AT_END
259.7,259.96005644834776,,,,PENDING_AT_END
260.05,260.44952380936917,,,,PENDING_AT_END
260.4,260.5766366355409,,,,PENDING_AT_END
260.75,261.12886339793147,,,,PENDING_AT_END
261.09999999999997,261.40307003450783,,,,PENDING_AT_END
261.45,261.52751293779926,,,,PENDING_AT_END
261.8,261.82687328280946,,,,PENDING_AT_END
262.15,262.2854776909884,,,,PENDING_AT_END
262.5,262.89367361444897,,,,PENDING_AT_END
262.84999999999997,263.1864090934627,,,,PENDING_AT_END
263.2,263.3822230976585,,,,PENDING_AT_END
263.55,263.69754796459887,,,,PENDING_AT_END
263.9,264.1122748943876,,,,PENDING_AT_END
264.25,264.6333634610007,,,,PENDING_AT_END
264.59999999999997,264.74862562041477,,,,PENDING_AT_END
264.95,265.17537294946175,,,,PENDING_AT_END
265.3,265.46828149375614,,,,PENDING_AT_END
265.65,266.0226772396936,,,,PENDING_AT_END
266.0,266.3873288926269,,,,PENDING_AT_END
266.34999999999997,266.6625231753383,,,,PENDING_AT_END
266.7,266.83430512140984,,,,PENDING_AT_END
267.05,267.31912981846455,,,,PENDING_AT_END
267.4,267.43718411264024,,,,PENDING_AT_END
267.75,267.92542038305123,,,,PENDING_AT_END
268.09999999999997,268.41325431632316,,,,PENDING_AT_END
268.45,268.60475632622996,,,,PENDING_AT_END
268.79999999999995,268.8616684707299,,,,PENDING_AT_END
269.15,269.4573422199984,,,,PENDING_AT_END
269.5,269.6736689718157,,,,PENDING_AT_END
269.84999999999997,270.20625460181753,,,,PENDING_AT_END
270.2,270.39206781348065,,,,PENDING_AT_END
270.54999999999995,270.58721804113384,,,,PENDING_AT_END
270.9,271.275319026362,,,,PENDING_AT_END
271.25,271.6144699181343,,,,PENDING_AT_END
271.59999999999997,271.66405720376946,,,,PENDING_AT_END
271.95,272.33732550493943,,,,PENDING_AT_END
272.29999999999995,272.62625389002335,,,,PENDING_AT_END
272.65,272.70020520570074,,,,PENDING_AT_END
273.0,273.3851165145185,,,,PENDING_AT_END
273.34999999999997,273.6680149337379,,,,PENDING_AT_END
273.7,274.0196652748704,,,,PENDING_AT_END
274.04999999999995,274.1822546398653,,,,PENDING_AT_END
274.4,274.7785059395396,,,,PENDING_AT_END
274.75,274.9756941837235,,,,PENDING_AT_END
275.09999999999997,275.3824720168288,,,,PENDING_AT_END
275.45,275.576951310281,,,,PENDING_AT_END
275.79999999999995,275.95377349043497,,,,PENDING_AT_END
276.15,276.467023525508,,,,PENDING_AT_END
276.5,276.85151181169465,,,,PENDING_AT_END
276.84999999999997,276.88939352794654,,,,PENDING_AT_END
277.2,277.4647280365693,,,,PENDING_AT_END
277.54999999999995,277.86273294488603,,,,PENDING_AT_END
277.9,278.00723358051687,,,,PENDING_AT_END
278.25,278.2541926623222,,,,PENDING_AT_END
278.59999999999997,278.80760857261754,,,,PENDING_AT_END
278.95,279.2405367172501,,,,PENDING_AT_END
279.29999999999995,279.50709126214883,,,,PENDING_AT_END
279.65,279.97324089349684,,,,PENDING_AT_END
280.0,280.00542184014546,,,,PENDING_AT_END
280.34999999999997,280.61524251283817,,,,PENDING_AT_END
280.7,280.8092841081896,,,,PENDING_AT_END
281.04999999999995,281.1138015688032,,,,PENDING_AT_END
281.4,281.71247808332134,,,,PENDING_AT_END
281.75,282.10029143233953,,,,PENDING_AT_END
282.09999999999997,282.4043730277296,,,,PENDING_AT_END
282.45,282.60915029255517,,,,PENDING_AT_END
282.79999999999995,282.8428045114757,,,,PENDING_AT_END
283.15,283.3953236627316,,,,PENDING_AT_END
283.5,283.5149184908287,,,,PENDING_AT_END
283.84999999999997,284.1017770874964,,,,PENDING_AT_END
284.2,284.38521710214326,,,,PENDING_AT_END
284.54999999999995,284.766774561386,,,,PENDING_AT_END
284.9,285.1366234225808,,,,PENDING_AT_END
285.25,285.38165669065256,,,,PENDING_AT_END
285.59999999999997,285.83046212403605,,,,PENDING_AT_END
285.95,285.98190361328767,,,,PENDING_AT_END
286.29999999999995,286.34028123946575,,,,PENDING_AT_END
286.65,286.8723952319757,,,,PENDING_AT_END
287.0,287.1998294771374,,,,PENDING_AT_END
287.34999999999997,287.74058990432735,,,,PENDING_AT_END
287.7,287.9654162285423,,,,PENDING_AT_END
288.04999999999995,288.25935757893103,,,,PENDING_AT_END
288.4,288.6077286742362,,,,PENDING_AT_END
288.75,288.78059772054405,,,,PENDING_AT_END
289.09999999999997,289.2790637430796,,,,PENDING_AT_END
289.45,289.55436980633164,,,,PENDING_AT_END
289.79999999999995,290.0338203100281,,,,PENDING_AT_END
290.15,290.4224738720667,,,,PENDING_AT_END
290.5,290.6689085985648,,,,PENDING_AT_END
290.84999999999997,291.0443990470986,,,,PENDING_AT_END
291.2,291.3694425430335,,,,PENDING_AT_END
291.54999999999995,291.67822020183075,,,,PENDING_AT_END
291.9,292.0888488025937,,,,PENDING_AT_END
292.25,292.5202051269272,,,,PENDING_AT_END
292.59999999999997,292.81038490801865,,,,PENDING_AT_END
292.95,293.1220656884623,,,,PENDING_AT_END
293.29999999999995,293.49690466467155,,,,PENDING_AT_END
293.65,293.9820623145903,,,,PENDING_AT_END
294.0,294.2139848212297,,,,PENDING_AT_END
294.34999999999997,294.39729899386003,,,,PENDING_AT_END
294.7,294.8701841340971,,,,PENDING_AT_END
295.04999999999995,295.1211592555735,,,,PENDING_AT_END
295.4,295.4805227606455,,,,PENDING_AT_END
295.75,295.97266879377844,,,,PENDING_AT_END
296.09999999999997,296.4725479091093,,,,PENDING_AT_END
296.45,296.5970687453328,,,,PENDING_AT_END
296.79999999999995,297.06189796482283,,,,PENDING_AT_END
297.15,297.2963635518196,,,,PENDING_AT_END
297.5,297.7447847911683,,,,PENDING_AT_END
297.84999999999997,298.17332691568237,,,,PENDING_AT_END
298.2,298.22639500758015,,,,PENDING_AT_END
298.54999999999995,298.8945210288082,,,,PENDING_AT_END
298.9,299.279164105415,,,,PENDING_AT_END
299.25,299.36537999192944,,,,PENDING_AT_END
299.59999999999997,299.8798137250047,,,,PENDING_AT_END
299.95,300.21659126391324,,,,PENDING_AT_END
300.29999999999995,300.67606887822785,,,,PENDING_AT_END
300.65,300.8095862880772,,,,PENDING_AT_END
301.0,301.3140594112431,,,,PENDING_AT_END
301.34999999999997,301.5730238507387,,,,PENDING_AT_END
301.7,301.7357770595124,,,,PENDING_AT_END
302.04999999999995,302.2672866986784,,,,PENDING_AT_END
302.4,302.6564100774858,,,,PENDING_AT_END
302.75,302.78219157868784,,,,PENDING_AT_END
303.09999999999997,303.37136323983503,,,,PENDING_AT_END
303.45,303.7574942614064,,,,PENDING_AT_END
303.79999999999995,303.9960694938426,,,,PENDING_AT_END
304.15,304.48761896352494,,,,PENDING_AT_END
304.5,304.6959709411851,,,,PENDING_AT_END
304.84999999999997,304.95873430821695,,,,PENDING_AT_END
305.2,305.5953180523384,,,,PENDING_AT_END
305.54999999999995,305.77379840247227,,,,PENDING_AT_END
305.9,306.02815298770884,,,,PENDING_AT_END
306.25,306.5290745295655,,,,PENDING_AT_END
306.59999999999997,306.8459249582749,,,,PENDING_AT_END
306.95,307.111510812832,,,,PENDING_AT_END
307.29999999999995,307.46452926830295,,,,PENDING_AT_END
307.65,307.7998029782117,,,,PENDING_AT_END
308.0,308.2635408642892,,,,PENDING_AT_END
308.34999999999997,308.62833073124915,,,,PENDING_AT_END
308.7,308.85225744715734,,,,PENDING_AT_END
309.04999999999995,309.1765850463223,,,,PENDING_AT_END
309.4,309.4097146425861,,,,PENDING_AT_END
309.75,309.82680611638386,,,,PENDING_AT_END
310.09999999999997,310.49509503180315,,,,PENDING_AT_END
310.45,310.8394301182056,,,,PENDING_AT_END
310.79999999999995,311.10430372873554,,,,PENDING_AT_END
311.15,311.26489103425797,,,,PENDING_AT_END
311.5,311.5737401982735,,,,PENDING_AT_END
311.84999999999997,312.00399083662086,,,,PENDING_AT_END
312.2,312.27854953292916,,,,PENDING_AT_END
312.54999999999995,312.811634969053,,,,PENDING_AT_END
312.9,313.1684069615085,,,,PENDING_AT_END
313.25,313.48512440806223,,,,PENDING_AT_END
313.59999999999997,313.7376353992876,,,,PENDING_AT_END
313.95,313.98803567876115,,,,PENDING_AT_END
314.29999999999995,314.38794663492786,,,,PENDING_AT_END
314.65,315.00888686369376,,,,PENDING_AT_END
315.0,315.2537016111962,,,,PENDING_AT_END
315.34999999999997,315.67764844105596,,,,PENDING_AT_END
315.7,315.8855925501046,,,,PENDING_AT_END
316.04999999999995,316.0681746426412,,,,PENDING_AT_END
316.4,316.56897260411677,,,,PENDING_AT_END
316.75,317.1415738293298,,,,PENDING_AT_END
317.09999999999997,317.23905670066387,,,,PENDING_AT_END
317.45,317.70025756998615,,,,PENDING_AT_END
317.79999999999995,317.86734332958554,,,,PENDING_AT_END
318.15,318.2583623614446,,,,PENDING_AT_END
318.5,318.75205393714293,,,,PENDING_AT_END
318.84999999999997,318.874807319564,,,,PENDING_AT_END
319.2,319.2884712026094,,,,PENDING_AT_END
319.54999999999995,319.8541006995591,,,,PENDING_AT_END
319.9,320.2234211442893,,,,PENDING_AT_END
320.25,320.4644158143227,,,,PENDING_AT_END
320.59999999999997,320.8707594989416,,,,PENDING_AT_END
320.95,321.02563998116324,,,,PENDING_AT_END
321.29999999999995,321.3812014178551,,,,PENDING_AT_END
321.65,321.6961157617038,,,,PENDING_AT_END
322.0,322.1181976310327,,,,PENDING_AT_END
322.34999999999997,322.5361643594278,,,,PENDING_AT_END
322.7,323.07897304840213,,,,PENDING_AT_END
323.04999999999995,323.0705347397177,,,,PENDING_AT_END
323.4,323.40104603044324,,,,PENDING_AT_END
323.75,323.908451145513,,,,PENDING_AT_END
324.09999999999997,324.37964956425634,,,,PENDING_AT_END
324.45,324.52358792047943,,,,PENDING_AT_END
324.79999999999995,325.1654323322251,,,,PENDING_AT_END
325.15,325.2076846835146,,,,PENDING_AT_END
325.5,325.72530100632105,,,,PENDING_AT_END
325.84999999999997,325.91418793246334,,,,PENDING_AT_END
326.2,326.3398171209713,,,,PENDING_AT_END
326.54999999999995,326.92969617416804,,,,PENDING_AT_END
326.9,327.21354654430377,,,,PENDING_AT_END
327.25,327.5344065825848,,,,PENDING_AT_END
327.59999999999997,327.68121687007596,,,,PENDING_AT_END
327.95,328.1203338359837,,,,PENDING_AT_END
328.29999999999995,328.34751126723665,,,,PENDING_AT_END
328.65,328.6522173545487,,,,PENDING_AT_END
329.0,329.2261620865755,,,,PENDING_AT_END
329.34999999999997,329.6925837885131,,,,PENDING_AT_END
329.7,329.77971198016775,,,,PENDING_AT_END
330.04999999999995,330.3362905515578,,,,PENDING_AT_END
330.4,330.4517663104516,,,,PENDING_AT_END
330.75,331.07077319662517,,,,PENDING_AT_END
331.09999999999997,331.41893638363814,,,,PENDING_AT_END
331.45,331.4660713655724,,,,PENDING_AT_END
331.79999999999995,331.9587603255003,,,,PENDING_AT_END
332.15,332.29744071355503,,,,PENDING_AT_END
332.5,332.6096758868712,,,,PENDING_AT_END
332.84999999999997,333.08276805176587,,,,PENDING_AT_END
333.2,333.2059609811419,,,,PENDING_AT_END
333.54999999999995,333.9252435790818,,,,PENDING_AT_END
333.9,334.09910642568434,,,,PENDING_AT_END
334.25,334.63529879455734,,,,PENDING_AT_END
334.59999999999997,334.69620232122185,,,,PENDING_AT_END
334.95,335.07945975859803,,,,PENDING_AT_END
335.29999999999995,335.3966999455471,,,,PENDING_AT_END
335.65,335.9601132042867,,,,PENDING_AT_END
336.0,336.14979596132855,,,,PENDING_AT_END
336.34999999999997,336.66535069294576,,,,PENDING_AT_END
336.7,336.9755996552055,,,,PENDING_AT_END
337.04999999999995,337.0743031798248,,,,PENDING_AT_END
337.4,337.6026447468041,,,,PENDING_AT_END
337.75,338.03130966280855,,,,PENDING_AT_END
338.09999999999997,338.1814985007166,,,,PENDING_AT_END
338.45,338.7372091126462,,,,PENDING_AT_END
338.79999999999995,339.02428962832823,,,,PENDING_AT_END
339.15,339.20549884904517,,,,PENDING_AT_END
339.5,339.60414202367156,,,,PENDING_AT_END
339.84999999999997,339.8992066826084,,,,PENDING_AT_END
340.2,340.3768536625002,,,,PENDING_AT_END
340.54999999999995,340.9047501327144,,,,PENDING_AT_END
340.9,341.0113066045735,,,,PENDING_AT_END
341.25,341.4815735867295,,,,PENDING_AT_END
341.59999999999997,341.76789785172974,,,,PENDING_AT_END
341.95,342.0095859008546,,,,PENDING_AT_END
342.29999999999995,342.419425443219,,,,PENDING_AT_END
342.65,342.8283780357841,,,,PENDING_AT_END
343.0,343.24804221321597,,,,PENDING_AT_END
343.34999999999997,343.3837274697724,,,,PENDING_AT_END
343.7,343.9337355760841,,,,PENDING_AT_END
344.04999999999995,344.0781238211066,,,,PENDING_AT_END
344.4,344.7630765138488,,,,PENDING_AT_END
344.75,345.09834554779866,,,,PENDING_AT_END
345.09999999999997,345.18488828078495,,,,PENDING_AT_END
345.45,345.7275126028531,,,,PENDING_AT_END
345.79999999999995,346.0092111312763,,,,PENDING_AT_END
346.15,346.52574095436717,,,,PENDING_AT_END
346.5,346.51428599437895,,,,PENDING_AT_END
346.84999999999997,347.1520522561977,,,,PENDING_AT_END
347.2,347.378966916043,,,,PENDING_AT_END
347.54999999999995,347.55061422636084,,,,PENDING_AT_END
347.9,348.1771235845364,,,,PENDING_AT_END
348.25,348.46225912552245,,,,PENDING_AT_END
348.59999999999997,348.8150529580017,,,,PENDING_AT_END
348.95,349.2341654633545,,,,PENDING_AT_END
349.29999999999995,349.69563227061496,,,,PENDING_AT_END
349.65,349.8813187612375,,,,PENDING_AT_END
350.0,350.2250008997886,,,,PENDING_AT_END
350.34999999999997,350.6960499817032,,,,PENDING_AT_END
350.7,350.89528369904366,,,,PENDING_AT_END
351.04999999999995,351.3568285958812,,,,PENDING_AT_END
351.4,351.7765599694126,,,,PENDING_AT_END
351.75,351.92613451324723,,,,PENDING_AT_END
352.09999999999997,352.11560836989173,,,,PENDING_AT_END
352.45,352.477636800158,,,,PENDING_AT_END
352.79999999999995,353.0670252238756,,,,PENDING_AT_END
353.15,353.50735623760283,,,,PENDING_AT_END
353.5,353.62006655539903,,,,PENDING_AT_END
353.84999999999997,353.9191555827395,,,,PENDING_AT_END
354.2,354.30699458504813,,,,PENDING_AT_END
354.54999999999995,354.64948630656977,,,,PENDING_AT_END
354.9,354.91777178920347,,,,PENDING_AT_END
355.25,355.631996313114,,,,PENDING_AT_END
355.59999999999997,355.8482537405893,,,,PENDING_AT_END
355.95,356.03685193899645,,,,PENDING_AT_END
356.29999999999995,356.3570727410753,,,,PENDING_AT_END
356.65,356.6586579677323,,,,PENDING_AT_END
357.0,357.08591992257993,,,,PENDING_AT_END
357.34999999999997,357.51158487341326,,,,PENDING_AT_END
357.7,357.96125184253873,,,,PENDING_AT_END
358.04999999999995,358.15560802762764,,,,PENDING_AT_END
358.4,358.41408980797394,,,,PENDING_AT_END
358.75,358.9854716902506,,,,PENDING_AT_END
359.09999999999997,359.4995970986187,,,,PENDING_AT_END
359.45,359.58627017385646,,,,PENDING_AT_END
359.79999999999995,360.11035885413446,,,,PENDING_AT_END
360.15,360.4434244104132,,,,PENDING_AT_END
360.5,360.55880341677937,,,,PENDING_AT_END
360.84999999999997,360.8595824801725,,,,PENDING_AT_END
361.2,361.4356915936318,,,,PENDING_AT_END
361.54999999999995,361.63609723778916,,,,PENDING_AT_END
361.9,362.176729508825,,,,PENDING_AT_END
362.25,362.4556307996929,,,,PENDING_AT_END
362.59999999999997,362.6487803219081,,,,PENDING_AT_END
362.95,363.1680606009383,,,,PENDING_AT_END
363.29999999999995,363.39487074546923,,,,PENDING_AT_END
363.65,363.76142561491747,,,,PENDING_AT_END
364.0,364.01173431549864,,,,PENDING_AT_END
364.34999999999997,364.5327704730768,,,,PENDING_AT_END
364.7,364.82070727295553,,,,PENDING_AT_END
365.04999999999995,365.2664918326807,,,,PENDING_AT_END
365.4,365.6202900548046,,,,PENDING_AT_END
365.75,365.83689315879724,,,,PENDING_AT_END
366.09999999999997,366.1167620418442,,,,PENDING_AT_END
366.45,366.5822116039596,,,,PENDING_AT_END
366.79999999999995,367.19629803987493,,,,PENDING_AT_END
367.15,367.28810713000564,,,,PENDING_AT_END
367.5,367.8159373428342,,,,PENDING_AT_END
367.84999999999997,368.1662662760893,,,,PENDING_AT_END
368.2,368.25280776895414,,,,PENDING_AT_END
368.54999999999995,368.7476285327582,,,,PENDING_AT_END
368.9,369.04325191284875,,,,PENDING_AT_END
369.25,369.6053080368014,,,,PENDING_AT_END
369.59999999999997,369.8178453320541,,,,PENDING_AT_END
369.95,370.2339250159162,,,,PENDING_AT_END
370.29999999999995,370.50737765839324,,,,PENDING_AT_END
370.65,371.04970567689645,,,,PENDING_AT_END
371.0,371.0387264984695,,,,PENDING_AT_END
371.34999999999997,371.7339781567252,,,,PENDING_AT_END
371.7,371.81205681117257,,,,PENDING_AT_END
372.04999999999995,372.2706531157488,,,,PENDING_AT_END
372.4,372.68047639068834,,,,PENDING_AT_END
372.75,372.869545538474,,,,PENDING_AT_END
373.09999999999997,373.36219464373386,,,,PENDING_AT_END
373.45,373.5533101366364,,,,PENDING_AT_END
373.79999999999995,374.15202453481027,,,,PENDING_AT_END
374.15,374.2182900404631,,,,PENDING_AT_END
374.5,374.56839520868925,,,,PENDING_AT_END
374.84999999999997,375.0648964595752,,,,PENDING_AT_END
375.2,375.58819135425864,,,,PENDING_AT_END
375.54999999999995,375.65158720065676,,,,PENDING_AT_END
375.9,376.2266658316096,,,,PENDING_AT_END
376.25,376.25332773418063,,,,PENDING_AT_END
376.59999999999997,376.7630252965649,,,,PENDING_AT_END
376.95,377.33392506975457,,,,PENDING_AT_END
377.29999999999995,377.3374360887159,,,,PENDING_AT_END
377.65,377.92861871122204,,,,PENDING_AT_END
378.0,378.33733658116535,,,,PENDING_AT_END
378.34999999999997,378.6301575833018,,,,PENDING_AT_END
378.7,378.89415925530403,,,,PENDING_AT_END
379.04999999999995,379.1054771524275,,,,PENDING_AT_END
379.4,379.5447279209344,,,,PENDING_AT_END
379.75,380.0772824065215,,,,PENDING_AT_END
380.09999999999997,380.3179393586452,,,,PENDING_AT_END
380.45,380.77043177276386,,,,PENDING_AT_END
380.79999999999995,381.1658324869079,,,,PENDING_AT_END
381.15,381.53706997330505,,,,PENDING_AT_END
381.5,381.6628976179227,,,,PENDING_AT_END
381.84999999999997,382.1674582752134,,,,PENDING_AT_END
382.2,382.56492072984616,,,,PENDING_AT_END
382.54999999999995,382.6579558114556,,,,PENDING_AT_END
382.9,382.91019864107193,,,,PENDING_AT_END
383.25,383.278074835041,,,,PENDING_AT_END
383.59999999999997,383.86736961316404,,,,PENDING_AT_END
383.95,384.2741888704912,,,,PENDING_AT_END
384.29999999999995,384.3627876365198,,,,PENDING_AT_END
384.65,384.90472483119515,,,,PENDING_AT_END
385.0,385.2815421904621,,,,PENDING_AT_END
385.34999999999997,385.7465641323169,,,,PENDING_AT_END
385.7,386.0335561351614,,,,PENDING_AT_END
386.04999999999995,386.0920357140935,,,,PENDING_AT_END
386.4,386.67626386704876,,,,PENDING_AT_END
386.75,386.77111174302195,,,,PENDING_AT_END
387.09999999999997,387.25888977402025,,,,PENDING_AT_END
387.45,387.7460599455274,,,,PENDING_AT_END
387.79999999999995,387.80919011409424,,,,PENDING_AT_END
388.15,388.5251067901128,,,,PENDING_AT_END
388.5,388.65992324236163,,,,PENDING_AT_END
388.84999999999997,389.10972490284684,,,,PENDING_AT_END
389.2,389.4881508951276,,,,PENDING_AT_END
389.54999999999995,389.71348137180144,,,,PENDING_AT_END
389.9,389.97245967415677,,,,PENDING_AT_END
390.25,390.4006597625047,,,,PENDING_AT_END
390.59999999999997,390.70849853893804,,,,PENDING_AT_END
390.95,391.022241630349,,,,PENDING_AT_END
391.29999999999995,391.30742392586603,,,,PENDING_AT_END
391.65,391.6688626926532,,,,PENDING_AT_END
392.0,392.07796757837957,,,,PENDING_AT_END
392.34999999999997,392.66349175367355,,,,PENDING_AT_END
392.7,392.72710563482434,,,,PENDING_AT_END
393.04999999999995,393.06390963768354,,,,PENDING_AT_END
393.4,393.6365936193788,,,,PENDING_AT_END
393.75,393.8624948628451,,,,PENDING_AT_END
394.09999999999997,394.1857438867748,,,,PENDING_AT_END
394.45,394.68404546784546,,,,PENDING_AT_END
394.79999999999995,395.0988164600823,,,,PENDING_AT_END
395.15,395.5472722479615,,,,PENDING_AT_END
395.5,395.5016903271211,,,,PENDING_AT_END
395.84999999999997,395.98761487840824,,,,PENDING_AT_END
396.2,396.37422608691014,,,,PENDING_AT_END
396.54999999999995,396.76244057626116,,,,PENDING_AT_END
396.9,397.05622846271206,,,,PENDING_AT_END
397.25,397.30922820552985,,,,PENDING_AT_END
397.59999999999997,397.8292931461586,,,,PENDING_AT_END
397.95,398.107526134685,,,,PENDING_AT_END
398.29999999999995,398.34936237844215,,,,PENDING_AT_END
398.65,399.019961799656,,,,PENDING_AT_END
399.0,399.06915455987155,,,,PENDING_AT_END
399.34999999999997,399.4608313256244,,,,PENDING_AT_END
399.7,400.0996563814859,,,,PENDING_AT_END
400.04999999999995,400.2331780550105,,,,PENDING_AT_END
400.4,400.7125344578549,,,,PENDING_AT_END
400.75,401.07151124027996,,,,PENDING_AT_END
401.09999999999997,401.3699797129888,,,,PENDING_AT_END
401.45,401.4773155496263,,,,PENDING_AT_END
401.79999999999995,402.1445802347529,,,,PENDING_AT_END
402.15,402.37776101377847,,,,PENDING_AT_END
402.5,402.514832462174,,,,PENDING_AT_END
402.84999999999997,403.2157781632172,,,,PENDING_AT_END
403.2,403.3234788187361,,,,PENDING_AT_END
403.54999999999995,403.705721110529,,,,PENDING_AT_END
403.9,403.9069328642213,,,,PENDING_AT_END
404.25,404.42716530049336,,,,PENDING_AT_END
404.59999999999997,404.9724393346548,,,,PENDING_AT_END
404.95,405.24259785519195,,,,PENDING_AT_END
405.29999999999995,405.49021185360334,,,,PENDING_AT_END
405.65,405.88070599026867,,,,PENDING_AT_END
406.0,406.0304690082878,,,,PENDING_AT_END
406.34999999999997,406.5245365371696,,,,PENDING_AT_END
406.7,406.890752712488,,,,PENDING_AT_END
407.04999999999995,407.16262845307085,,,,PENDING_AT_END
407.4,407.4592660512119,,,,PENDING_AT_END
407.75,408.00077977202545,,,,PENDING_AT_END
408.09999999999997,408.20169936163603,,,,PENDING_AT_END
408.45,408.8308903637275,,,,PENDING_AT_END
408.79999999999995,408.8397045948458,,,,PENDING_AT_END
409.15,409.15989463467463,,,,PENDING_AT_END
409.5,409.76244532036276,,,,PENDING_AT_END
409.84999999999997,410.1593540909219,,,,PENDING_AT_END
410.2,410.5453817195624,,,,PENDING_AT_END
410.54999999999995,410.9362524552248,,,,PENDING_AT_END
410.9,411.1654228251589,,,,PENDING_AT_END
411.25,411.57853204105027,,,,PENDING_AT_END
411.59999999999997,411.83901334146225,,,,PENDING_AT_END
411.95,412.28035417375855,,,,PENDING_AT_END
412.29999999999995,412.3039979979235,,,,PENDING_AT_END
412.65,412.6729221141089,,,,PENDING_AT_END
413.0,413.2070461446416,,,,PENDING_AT_END
413.34999999999997,413.43867455079777,,,,PENDING_AT_END
413.7,413.9254878172039,,,,PENDING_AT_END
414.04999999999995,414.1191780789562,,,,PENDING_AT_END
414.4,414.44581153646266,,,,PENDING_AT_END
414.75,415.04867789214916,,,,PENDING_AT_END
415.09999999999997,415.3908845045119,,,,PENDING_AT_END
415.45,415.5071900257398,,,,PENDING_AT_END
415.79999999999995,415.99578648524505,,,,PENDING_AT_END
416.15,416.31643441220353,,,,PENDING_AT_END
416.5,416.8598745176116,,,,PENDING_AT_END
416.84999999999997,417.116191591823,,,,PENDING_AT_END
417.2,417.42755646745474,,,,PENDING_AT_END
417.54999999999995,417.60128050396145,,,,PENDING_AT_END
417.9,417.95112617705627,,,,PENDING_AT_END
418.25,418.5280892743024,,,,PENDING_AT_END
418.59999999999997,418.9193483645142,,,,PENDING_AT_END
418.95,419.2539018604078,,,,PENDING_AT_END
419.29999999999995,419.46846498466823,,,,PENDING_AT_END
419.65,420.0034314641082,,,,PENDING_AT_END
420.0,420.0198247247746,,,,PENDING_AT_END
420.34999999999997,420.36131251239823,,,,PENDING_AT_END
420.7,421.04010912627274,,,,PENDING_AT_END
421.04999999999995,421.41227813646526,,,,PENDING_AT_END
421.4,421.68232802322916,,,,PENDING_AT_END
421.75,421.8940193051768,,,,PENDING_AT_END
422.09999999999997,422.1652150877225,,,,PENDING_AT_END
422.45,422.49688041885526,,,,PENDING_AT_END
422.79999999999995,422.8888372619067,,,,PENDING_AT_END
423.15,423.26233698066085,,,,PENDING_AT_END
423.5,423.8329755750191,,,,PENDING_AT_END
423.84999999999997,424.13127473209516,,,,PENDING_AT_END
424.2,424.4774294893853,,,,PENDING_AT_END
424.54999999999995,424.7215699860684,,,,PENDING_AT_END
424.9,425.063296672453,,,,PENDING_AT_END
425.25,425.40783315664,,,,PENDING_AT_END
425.59999999999997,425.84140686834183,,,,PENDING_AT_END
425.95,425.98179938737695,,,,PENDING_AT_END
426.29999999999995,426.5002438159049,,,,PENDING_AT_END
426.65,426.98627745833994,,,,PENDING_AT_END
427.0,427.05578376570975,,,,PENDING_AT_END
427.34999999999997,427.7181503446241,,,,PENDING_AT_END
427.7,427.8542652672748,,,,PENDING_AT_END
428.04999999999995,428.1464021931704,,,,PENDING_AT_END
428.4,428.7736084370275,,,,PENDING_AT_END
428.75,428.9476348291537,,,,PENDING_AT_END
429.09999999999997,429.35466320388986,,,,PENDING_AT_END
429.45,429.69497393582,,,,PENDING_AT_END
429.79999999999995,429.990897418915,,,,PENDING_AT_END
430.15,430.25927406131507,,,,PENDING_AT_END
430.5,430.68703089748453,,,,PENDING_AT_END
430.84999999999997,431.20785441519246,,,,PENDING_AT_END
431.2,431.3842329393505,,,,PENDING_AT_END
431.54999999999995,431.7174310990581,,,,PENDING_AT_END
431.9,432.0514745672342,,,,PENDING_AT_END
432.25,432.4188300236941,,,,PENDING_AT_END
432.59999999999997,432.75085225223523,,,,PENDING_AT_END
432.95,433.32420241964206,,,,PENDING_AT_END
433.29999999999995,433.6217636235224,,,,PENDING_AT_END
433.65,434.0356861161441,,,,PENDING_AT_END
434.0,434.2857695582294,,,,PENDING_AT_END
434.34999999999997,434.4378962943038,,,,PENDING_AT_END
434.7,434.9810475603056,,,,PENDING_AT_END
435.04999999999995,435.0912757557421,,,,PENDING_AT_END
435.4,435.76675640518727,,,,PENDING_AT_END
435.75,436.05576308961383,,,,PENDING_AT_END
436.09999999999997,436.41382923342684,,,,PENDING_AT_END
436.45,436.83208760702115,,,,PENDING_AT_END
436.79999999999995,437.16381604675075,,,,PENDING_AT_END
437.15,437.23500222017174,,,,PENDING_AT_END
437.5,437.62070256107677,,,,PENDING_AT_END
437.84999999999997,437.9067254905743,,,,PENDING_AT_END
438.2,438.2442428422666,,,,PENDING_AT_END
438.54999999999995,438.9474797537972,,,,PENDING_AT_END
438.9,439.0023409388748,,,,PENDING_AT_END
439.25,439.39125719427943,,,,PENDING_AT_END
439.59999999999997,439.88069664280346,,,,PENDING_AT_END
439.95,440.29889810585854,,,,PENDING_AT_END
440.29999999999995,440.4134778133674,,,,PENDING_AT_END
440.65,441.0491960057226,,,,PENDING_AT_END
441.0,441.27647296975465,,,,PENDING_AT_END
441.34999999999997,441.40328235661974,,,,PENDING_AT_END
441.7,441.8224657040808,,,,PENDING_AT_END
442.04999999999995,442.08803403083436,,,,PENDING_AT_END
442.4,442.40652887905856,,,,PENDING_AT_END
442.75,442.9788776562026,,,,PENDING_AT_END
443.09999999999997,443.176659593926,,,,PENDING_AT_END
443.45,443.82773665970825,,,,PENDING_AT_END
443.79999999999995,443.8171610827345,,,,PENDING_AT_END
444.15,444.17111151318056,,,,PENDING_AT_END
444.5,444.8371151104635,,,,PENDING_AT_END
444.84999999999997,444.8900967799555,,,,PENDING_AT_END
445.2,445.4472596375842,,,,PENDING_AT_END
445.54999999999995,445.77421926019156,,,,PENDING_AT_END
445.9,446.06898737062727,,,,PENDING_AT_END
446.25,446.2802191608059,,,,PENDING_AT_END
446.59999999999997,446.7171309810886,,,,PENDING_AT_END
446.95,447.1825025232354,,,,PENDING_AT_END
447.29999999999995,447.4290731656413,,,,PENDING_AT_END
447.65,447.91644302334066,,,,PENDING_AT_END
448.0,448.2147719887098,,,,PENDING_AT_END
448.34999999999997,448.4407599254884,,,,PENDING_AT_END
448.7,448.8650952707333,,,,PENDING_AT_END
449.04999999999995,449.13180207198684,,,,PENDING_AT_END
449.4,449.5829130815764,,,,PENDING_AT_END
449.74999999999994,450.0506972582136,,,,PENDING_AT_END
450.09999999999997,450.114546559217,,,,PENDING_AT_END
450.45,450.63353101906324,,,,PENDING_AT_END
450.79999999999995,451.01556343202776,,,,PENDING_AT_END
451.15,451.45624289588784,,,,PENDING_AT_END
451.49999999999994,451.536495247534,,,,PENDING_AT_END
451.84999999999997,452.0671695382876,,,,PENDING_AT_END
452.2,452.39917520093303,,,,PENDING_AT_END
452.54999999999995,452.56435292055767,,,,PENDING_AT_END
452.9,453.26071353730674,,,,PENDING_AT_END
453.24999999999994,453.3827606202927,,,,PENDING_AT_END
453.59999999999997,453.86314990202567,,,,PENDING_AT_END
453.95,454.3331656611313,,,,PENDING_AT_END
454.29999999999995,454.6995799074275,,,,PENDING_AT_END
454.65,454.75895441741613,,,,PENDING_AT_END
454.99999999999994,455.3849363695752,,,,PENDING_AT_END
455.34999999999997,455.39490411940056,,,,PENDING_AT_END
455.7,456.064301894396,,,,PENDING_AT_END
456.04999999999995,456.4408461131907,,,,PENDING_AT_END
456.4,456.41494662799175,,,,PENDING_AT_END
456.74999999999994,457.0401099643065,,,,PENDING_AT_END
457.09999999999997,457.3430455234349,,,,PENDING_AT_END
457.45,457.56933543138285,,,,PENDING_AT_END
457.79999999999995,458.1874626807214,,,,PENDING_AT_END
458.15,458.209709282781,,,,PENDING_AT_END
458.49999999999994,458.8272048355447,,,,PENDING_AT_END
458.84999999999997,459.11610738538997,,,,PENDING_AT_END
459.2,459.4243753383535,,,,PENDING_AT_END
459.54999999999995,459.78428161836064,,,,PENDING_AT_END
459.9,459.9010318694801,,,,PENDING_AT_END
460.24999999999994,460.32648137208975,,,,PENDING_AT_END
460.59999999999997,460.9164304438222,,,,PENDING_AT_END
460.95,461.0079622053864,,,,PENDING_AT_END
461.29999999999995,461.60291576295526,,,,PENDING_AT_END
461.65,461.9845473471188,,,,PENDING_AT_END
461.99999999999994,462.1439506302383,,,,PENDING_AT_END
462.34999999999997,462.7141705291669,,,,PENDING_AT_END
462.7,462.84271434120734,,,,PENDING_AT_END
463.04999999999995,463.2956863249692,,,,PENDING_AT_END
463.4,463.76527168077394,,,,PENDING_AT_END
463.74999999999994,463.89735061100276,,,,PENDING_AT_END
464.09999999999997,464.41013860456,,,,PENDING_AT_END
464.45,464.8152041413426,,,,PENDING_AT_END
464.79999999999995,464.8280434328543,,,,PENDING_AT_END
465.15,465.4278017474395,,,,PENDING_AT_END
465.49999999999994,465.54448408017566,,,,PENDING_AT_END
465.84999999999997,466.0065688053908,,,,PENDING_AT_END
466.2,466.3290612456479,,,,PENDING_AT_END
466.54999999999995,466.87065531378005,,,,PENDING_AT_END
466.9,467.05163141730463,,,,PENDING_AT_END
467.24999999999994,467.26842792069334,,,,PENDING_AT_END
467.59999999999997,467.8183530839868,,,,PENDING_AT_END
467.95,467.99366990520326,,,,PENDING_AT_END
468.29999999999995,468.4881580107424,,,,PENDING_AT_END
468.65,468.65011524917077,,,,PENDING_AT_END
468.99999999999994,469.0519340859292,,,,PENDING_AT_END
469.34999999999997,469.36769195100834,,,,PENDING_AT_END
469.7,469.7995483313535,,,,PENDING_AT_END
470.04999999999995,470.3275477270935,,,,PENDING_AT_END
470.4,470.48043719094187,,,,PENDING_AT_END
470.74999999999994,470.82990759729415,,,,PENDING_AT_END
471.09999999999997,471.1283205833328,,,,PENDING_AT_END
471.45,471.5647779621706,,,,PENDING_AT_END
471.79999999999995,472.190136026819,,,,PENDING_AT_END
472.15,472.4281660220288,,,,PENDING_AT_END
472.49999999999994,472.7489308450254,,,,PENDING_AT_END
472.84999999999997,473.03789732926947,,,,PENDING_AT_END
473.2,473.2624242300487,,,,PENDING_AT_END
473.54999999999995,473.57823859648204,,,,PENDING_AT_END
473.9,474.06736798387146,,,,PENDING_AT_END
474.24999999999994,474.2793033787952,,,,PENDING_AT_END
474.59999999999997,474.9337442781305,,,,PENDING_AT_END
474.95,475.3448364482684,,,,PENDING_AT_END
475.29999999999995,475.3482625421127,,,,PENDING_AT_END
475.65,475.6752794030293,,,,PENDING_AT_END
475.99999999999994,476.34575386329954,,,,PENDING_AT_END
476.34999999999997,476.693832925839,,,,PENDING_AT_END
476.7,477.0590033828791,,,,PENDING_AT_END
477.04999999999995,477.21336792276213,,,,PENDING_AT_END
477.4,477.59945935294127,,,,PENDING_AT_END
477.74999999999994,477.82109489852,,,,PENDING_AT_END
478.09999999999997,478.1462022486872,,,,PENDING_AT_END
478.45,478.64744947026537,,,,PENDING_AT_END
478.79999999999995,478.99128533308044,,,,PENDING_AT_END
479.15,479.2192027602258,,,,PENDING_AT_END
479.49999999999994,479.64995581569957,,,,PENDING_AT_END
479.84999999999997,480.06802417288026,,,,PENDING_AT_END
480.2,480.50560173358036,,,,PENDING_AT_END
480.54999999999995,480.6529695700111,,,,PENDING_AT_END
480.9,480.9166316982055,,,,PENDING_AT_END
481.24999999999994,481.3316417436675,,,,PENDING_AT_END
481.59999999999997,481.73030535169556,,,,PENDING_AT_END
481.95,482.1836156892742,,,,PENDING_AT_END
482.29999999999995,482.458908954045,,,,PENDING_AT_END
482.65,482.83454672760854,,,,PENDING_AT_END
482.99999999999994,483.0352027034724,,,,PENDING_AT_END
483.34999999999997,483.61567588778513,,,,PENDING_AT_END
483.7,483.7607270303882,,,,PENDING_AT_END
484.04999999999995,484.131162496815,,,,PENDING_AT_END
484.4,484.74474866035143,,,,PENDING_AT_END
484.74999999999994,485.0613725128009,,,,PENDING_AT_END
485.09999999999997,485.4881030253244,,,,PENDING_AT_END
485.45,485.80901906150297,,,,PENDING_AT_END
485.79999999999995,485.8738626250931,,,,PENDING_AT_END
486.15,486.22914940492853,,,,PENDING_AT_END
486.49999999999994,486.7833692928146,,,,PENDING_AT_END
486.84999999999997,487.00247541779146,,,,PENDING_AT_END
487.2,487.4788554620391,,,,PENDING_AT_END
487.54999999999995,487.6012549782638,,,,PENDING_AT_END
487.9,488.1418592366912,,,,PENDING_AT_END
488.24999999999994,488.63400636971386,,,,PENDING_AT_END
488.59999999999997,488.9688318392469,,,,PENDING_AT_END
488.95,489.27218078487255,,,,PENDING_AT_END
489.29999999999995,489.6891612564872,,,,PENDING_AT_END
489.65,489.6813076982934,,,,PENDING_AT_END
489.99999999999994,490.0907967704309,,,,PENDING_AT_END
490.34999999999997,490.4603934167455,,,,PENDING_AT_END
490.7,491.0440216727789,,,,PENDING_AT_END
491.04999999999995,491.05578680265853,,,,PENDING_AT_END
491.4,491.55360969305696,,,,PENDING_AT_END
491.74999999999994,491.78075190138685,,,,PENDING_AT_END
492.09999999999997,492.47883324411936,,,,PENDING_AT_END
492.45,492.61763624765825,,,,PENDING_AT_END
492.79999999999995,492.84514034895756,,,,PENDING_AT_END
493.15,493.2024482399504,,,,PENDING_AT_END
493.49999999999994,493.6372838697393,,,,PENDING_AT_END
493.84999999999997,494.2441568480527,,,,PENDING_AT_END
494.2,494.3100894915937,,,,PENDING_AT_END
494.54999999999995,494.7731551715176,,,,PENDING_AT_END
494.9,495.0031146941602,,,,PENDING_AT_END
495.24999999999994,495.43069999030905,,,,PENDING_AT_END
495.59999999999997,495.6879459071727,,,,PENDING_AT_END
495.95,496.0300365401079,,,,PENDING_AT_END
496.29999999999995,496.66300912219776,,,,PENDING_AT_END
496.65,496.66113780283786,,,,PENDING_AT_END
496.99999999999994,497.118491758453,,,,PENDING_AT_END
497.34999999999997,497.393608972196,,,,PENDING_AT_END
497.7,497.78083145275804,,,,PENDING_AT_END
498.04999999999995,498.3240953153039,,,,PENDING_AT_END
498.4,498.5477884836065,,,,PENDING_AT_END
498.74999999999994,498.83444550621715,,,,PENDING_AT_END
499.09999999999997,499.37758104874064,,,,PENDING_AT_END
499.45,499.83086787291955,,,,PENDING_AT_END
499.79999999999995,500.1634011644777,,,,PENDING_AT_END
500.15,500.260127264449,,,,PENDING_AT_END
500.49999999999994,500.8484109921547,,,,PENDING_AT_END
500.84999999999997,500.99005717966276,,,,PENDING_AT_END
501.2,501.4005652219933,,,,PENDING_AT_END
501.54999999999995,501.8194547593689,,,,PENDING_AT_END
501.9,502.07934343118427,,,,PENDING_AT_END
502.24999999999994,502.3899345647887,,,,PENDING_AT_END
502.59999999999997,502.747008149431,,,,PENDING_AT_END
502.95,503.00678291122944,,,,PENDING_AT_END
503.29999999999995,503.6834406355855,,,,PENDING_AT_END
503.65,503.7543640241345,,,,PENDING_AT_END
503.99999999999994,504.29517935883626,,,,PENDING_AT_END
504.34999999999997,504.5525061083608,,,,PENDING_AT_END
504.7,504.9234318457425,,,,PENDING_AT_END
505.04999999999995,505.4382264969015,,,,PENDING_AT_END
505.4,505.76301721590323,,,,PENDING_AT_END
505.74999999999994,506.0737111639252,,,,PENDING_AT_END
506.09999999999997,506.13528783661394,,,,PENDING_AT_END
506.45,506.5294894245023,,,,PENDING_AT_END
506.79999999999995,507.1993881335252,,,,PENDING_AT_END
507.15,507.2861459009864,,,,PENDING_AT_END
507.49999999999994,507.7084724321558,,,,PENDING_AT_END
507.84999999999997,508.0939109355274,,,,PENDING_AT_END
508.2,508.5690036455931,,,,PENDING_AT_END
508.54999999999995,508.55181275748987,,,,PENDING_AT_END
508.9,509.2248031920366,,,,PENDING_AT_END
509.24999999999994,509.2667648306561,,,,PENDING_AT_END
509.59999999999997,509.8950573372733,,,,PENDING_AT_END
509.95,509.9747345640696,,,,PENDING_AT_END
510.29999999999995,510.64629092850475,,,,PENDING_AT_END
510.65,510.87624864652787,,,,PENDING_AT_END
510.99999999999994,511.38228806758735,,,,PENDING_AT_END
511.34999999999997,511.6191321299339,,,,PENDING_AT_END
511.7,511.82550355013126,,,,PENDING_AT_END
512.05,512.441313364491,,,,PENDING_AT_END
512.4,512.4993296932779,,,,PENDING_AT_END
512.75,512.9204316359871,,,,PENDING_AT_END
513.1,513.276792067867,,,,PENDING_AT_END
513.4499999999999,513.489129191377,,,,PENDING_AT_END
513.8,514.169011620324,,,,PENDING_AT_END
514.15,514.452551709419,,,,PENDING_AT_END
514.5,514.7961597603689,,,,PENDING_AT_END
514.85,515.1494467263775,,,,PENDING_AT_END
515.1999999999999,515.4759396717519,,,,PENDING_AT_END
515.55,515.7086106695147,,,,PENDING_AT_END
515.9,515.981702639296,,,,PENDING_AT_END
516.25,516.4809413148728,,,,PENDING_AT_END
516.6,516.7336108872524,,,,PENDING_AT_END
516.9499999999999,517.1457549155447,,,,PENDING_AT_END
517.3,517.3471744318861,,,,PENDING_AT_END
517.65,517.6817796831773,,,,PENDING_AT_END
518.0,518.0334030100325,,,,PENDING_AT_END
518.35,518.4287431652775,,,,PENDING_AT_END
518.6999999999999,518.9842591177181,,,,PENDING_AT_END
519.05,519.2931584919243,,,,PENDING_AT_END
519.4,519.7194273255542,,,,PENDING_AT_END
519.75,519.826323070811,,,,PENDING_AT_END
520.1,520.3471986240964,,,,PENDING_AT_END
520.4499999999999,520.6780141301737,,,,PENDING_AT_END
520.8,520.864473595914,,,,PENDING_AT_END
521.15,521.3279744147827,,,,PENDING_AT_END
521.5,521.5680726483813,,,,PENDING_AT_END
521.85,522.1806554786721,,,,PENDING_AT_END
522.1999999999999,522.5088928435715,,,,PENDING_AT_END
522.55,522.9143232279864,,,,PENDING_AT_END
522.9,523.1130375262704,,,,PENDING_AT_END
523.25,523.4544916722787,,,,PENDING_AT_END
523.6,523.9073813150859,,,,PENDING_AT_END
523.9499999999999,524.3037223738928,,,,PENDING_AT_END
524.3,524.4471803806518,,,,PENDING_AT_END
524.65,524.8999685280311,,,,PENDING_AT_END
525.0,525.3231501948296,,,,PENDING_AT_END
525.35,525.3554955491242,,,,PENDING_AT_END
525.6999999999999,525.7215040331354,,,,PENDING_AT_END
526.05,526.2721050699286,,,,PENDING_AT_END
526.4,526.5858626672076,,,,PENDING_AT_END
526.75,526.8720116241584,,,,PENDING_AT_END
527.1,527.2859146592449,,,,PENDING_AT_END
527.4499999999999,527.4574577372806,,,,PENDING_AT_END
527.8,527.9122323767631,,,,PENDING_AT_END
528.15,528.1814648515154,,,,PENDING_AT_END
528.5,528.5958979437864,,,,PENDING_AT_END
528.85,529.0498254672365,,,,PENDING_AT_END
529.1999999999999,529.5902530548996,,,,PENDING_AT_END
529.55,529.6133873540696,,,,PENDING_AT_END
529.9,530.238661019769,,,,PENDING_AT_END
530.25,530.5675784562684,,,,PENDING_AT_END
530.6,530.7072551216635,,,,PENDING_AT_END
530.9499999999999,531.2484277227042,,,,PENDING_AT_END
531.3,531.6718579504809,,,,PENDING_AT_END
531.65,531.7427155044387,,,,PENDING_AT_END
532.0,532.1300439529855,,,,PENDING_AT_END
532.35,532.3677652967154,,,,PENDING_AT_END
532.6999999999999,532.918520401469,,,,PENDING_AT_END
533.05,533.1749089485861,,,,PENDING_AT_END
533.4,533.7030848252533,,,,PENDING_AT_END
533.75,533.8491121190505,,,,PENDING_AT_END
534.1,534.4197698063341,,,,PENDING_AT_END
534.4499999999999,534.7165647740029,,,,PENDING_AT_END
534.8,535.1265485761653,,,,PENDING_AT_END
535.15,535.4690396595646,,,,PENDING_AT_END
535.5,535.6557510466173,,,,PENDING_AT_END
535.85,536.0068092605469,,,,PENDING_AT_END
536.1999999999999,536.2579875077967,,,,PENDING_AT_END
536.55,536.7189102625737,,,,PENDING_AT_END
536.9,537.1171164503797,,,,PENDING_AT_END
537.25,537.3090455568733,,,,PENDING_AT_END
537.5999999999999,537.8480744424749,,,,PENDING_AT_END
537.9499999999999,538.1898266826191,,,,PENDING_AT_END
538.3,538.5341087409724,,,,PENDING_AT_END
538.65,538.8381028918099,,,,PENDING_AT_END
539.0,539.2793228320629,,,,PENDING_AT_END
539.3499999999999,539.5509184679013,,,,PENDING_AT_END
539.6999999999999,539.9628966017684,,,,PENDING_AT_END
540.05,540.1614441226568,,,,PENDING_AT_END
540.4,540.7161269612801,,,,PENDING_AT_END
540.75,541.0718726943728,,,,PENDING_AT_END
541.0999999999999,541.2678513697285,,,,PENDING_AT_END
541.4499999999999,541.721949376791,,,,PENDING_AT_END
541.8,542.1222677588905,,,,PENDING_AT_END
542.15,542.4939793443444,,,,PENDING_AT_END
542.5,542.7655051175409,,,,PENDING_AT_END
542.8499999999999,543.109613643991,,,,PENDING_AT_END
543.1999999999999,543.5355519679916,,,,PENDING_AT_END
543.55,543.7669952583651,,,,PENDING_AT_END
543.9,544.1017559316655,,,,PENDING_AT_END
544.25,544.580187691407,,,,PENDING_AT_END
544.5999999999999,544.7442376481965,,,,PENDING_AT_END
544.9499999999999,545.0231893881404,,,,PENDING_AT_END
545.3,545.5389741624185,,,,PENDING_AT_END
545.65,545.8888498600633,,,,PENDING_AT_END
546.0,546.1242281345312,,,,PENDING_AT_END
546.3499999999999,546.5564920607624,,,,PENDING_AT_END
546.6999999999999,547.0278935093617,,,,PENDING_AT_END
547.05,547.1206329542581,,,,PENDING_AT_END
547.4,547.6562971991665,,,,PENDING_AT_END
547.75,547.8679357240264,,,,PENDING_AT_END
548.0999999999999,548.4884198394698,,,,PENDING_AT_END
548.4499999999999,548.5638466641893,,,,PENDING_AT_END
548.8,549.1336843818071,,,,PENDING_AT_END
549.15,549.5072338942585,,,,PENDING_AT_END
549.5,549.6842424347863,,,,PENDING_AT_END
549.8499999999999,549.8999741839348,,,,PENDING_AT_END
550.1999999999999,550.4932617596595,,,,PENDING_AT_END
550.55,550.689047541035,,,,PENDING_AT_END
550.9,550.9322633741846,,,,PENDING_AT_END
551.25,551.5036225948384,,,,PENDING_AT_END
551.5999999999999,551.8494904987483,,,,PENDING_AT_END
551.9499999999999,552.184941924403,,,,PENDING_AT_END
552.3,552.3442617292062,,,,PENDING_AT_END
552.65,552.939430726252,,,,PENDING_AT_END
553.0,553.1597054430767,,,,PENDING_AT_END
553.3499999999999,553.4740860720849,,,,PENDING_AT_END
553.6999999999999,553.8781690492352,,,,PENDING_AT_END
554.05,554.1143155353618,,,,PENDING_AT_END
554.4,554.43858620858,,,,PENDING_AT_END
554.75,554.9669522360041,,,,PENDING_AT_END
555.0999999999999,555.4989597686629,,,,PENDING_AT_END
555.4499999999999,555.7951370933964,,,,PENDING_AT_END
555.8,555.8173480353769,,,,PENDING_AT_END
556.15,556.4593656960614,,,,PENDING_AT_END
556.5,556.8189394809478,,,,PENDING_AT_END
556.8499999999999,557.0288729333263,,,,PENDING_AT_END
557.1999999999999,557.478770256048,,,,PENDING_AT_END
557.55,557.7726364588048,,,,PENDING_AT_END
557.9,558.2871703571053,,,,PENDING_AT_END
558.25,558.2852111926193,,,,PENDING_AT_END
558.5999999999999,558.8366091095977,,,,PENDING_AT_END
558.9499999999999,559.1008029911228,,,,PENDING_AT_END
559.3,559.4887123127257,,,,PENDING_AT_END
559.65,559.7072670202043,,,,PENDING_AT_END
560.0,560.2048009629723,,,,PENDING_AT_END
560.3499999999999,560.5684125338003,,,,PENDING_AT_END
560.6999999999999,560.9730805983023,,,,PENDING_AT_END
561.05,561.2564576424909,,,,PENDING_AT_END
561.4,561.6750405945253,,,,PENDING_AT_END
561.75,562.116055300037,,,,PENDING_AT_END
562.0999999999999,562.1682436405204,,,,PENDING_AT_END
562.4499999999999,562.6268682628062,,,,PENDING_AT_END
562.8,562.846899979231,,,,PENDING_AT_END
563.15,563.4726466492028,,,,PENDING_AT_END
563.5,563.8384622872743,,,,PENDING_AT_END
563.8499999999999,563.9558530192407,,,,PENDING_AT_END
564.1999999999999,564.3303877610321,,,,PENDING_AT_END
564.55,564.9240611138687,,,,PENDING_AT_END
564.9,565.2905440991393,,,,PENDING_AT_END
565.25,565.620507668086,,,,PENDING_AT_END
565.5999999999999,565.9468174842793,,,,PENDING_AT_END
565.9499999999999,566.1931397276086,,,,PENDING_AT_END
566.3,566.4490290794249,,,,PENDING_AT_END
566.65,566.7144718173421,,,,PENDING_AT_END
567.0,567.2543967897509,,,,PENDING_AT_END
567.3499999999999,567.6197197764852,,,,PENDING_AT_END
567.6999999999999,567.8909602579553,,,,PENDING_AT_END
568.05,568.1723208867065,,,,PENDING_AT_END
568.4,568.7651925106001,,,,PENDING_AT_END
568.75,569.114677376474,,,,PENDING_AT_END
569.0999999999999,569.4243188245403,,,,PENDING_AT_END
569.4499999999999,569.8218915533251,,,,PENDING_AT_END
569.8,570.1831576270572,,,,PENDING_AT_END
570.15,570.4501910499513,,,,PENDING_AT_END
570.5,570.7974709964667,,,,PENDING_AT_END
570.8499999999999,571.006614540046,,,,PENDING_AT_END
571.1999999999999,571.2496547873385,,,,PENDING_AT_END
571.55,571.7514828241399,,,,PENDING_AT_END
571.9,572.2134228282472,,,,PENDING_AT_END
572.25,572.4377196968305,,,,PENDING_AT_END
572.5999999999999,572.7212249113877,,,,PENDING_AT_END
572.9499999999999,572.9668896994266,,,,PENDING_AT_END
573.3,573.3656148558641,,,,PENDING_AT_END
573.65,573.995354290167,,,,PENDING_AT_END
574.0,574.3054660443161,,,,PENDING_AT_END
574.3499999999999,574.6123646071196,,,,PENDING_AT_END
574.6999999999999,574.765233490952,,,,PENDING_AT_END
575.05,575.0590486686729,,,,PENDING_AT_END
575.4,575.7144477263377,,,,PENDING_AT_END
575.75,575.8240839305847,,,,PENDING_AT_END
576.0999999999999,576.3930893837107,,,,PENDING_AT_END
576.4499999999999,576.5049202203969,,,,PENDING_AT_END
576.8,577.1711210427557,,,,PENDING_AT_END
577.15,577.2375981151416,,,,PENDING_AT_END
577.5,577.8428324132681,,,,PENDING_AT_END
577.8499999999999,577.997251550896,,,,PENDING_AT_END
578.1999999999999,578.2479288303272,,,,PENDING_AT_END
578.55,578.6460955887237,,,,PENDING_AT_END
578.9,579.2082183954932,,,,PENDING_AT_END
579.25,579.4968494523455,,,,PENDING_AT_END
579.5999999999999,579.8633860035077,,,,PENDING_AT_END
579.9499999999999,580.3446028887817,,,,PENDING_AT_END
580.3,580.5476588745732,,,,PENDING_AT_END
580.65,580.7824197622625,,,,PENDING_AT_END
581.0,581.2489786737967,,,,PENDING_AT_END
581.3499999999999,581.6929713964332,,,,PENDING_AT_END
581.6999999999999,582.0600959947172,,,,PENDING_AT_END
582.05,582.433478297092,,,,PENDING_AT_END
582.4,582.6535960262478,,,,PENDING_AT_END
582.75,583.0308596857308,,,,PENDING_AT_END
583.0999999999999,583.2497305308277,,,,PENDING_AT_END
583.4499999999999,583.5558538497427,,,,PENDING_AT_END
583.8,583.946410326249,,,,PENDING_AT_END
584.15,584.3525699066114,,,,PENDING_AT_END
584.5,584.68636023454,,,,PENDING_AT_END
584.8499999999999,584.9431860381976,,,,PENDING_AT_END
585.1999999999999,585.5061569790936,,,,PENDING_AT_END
585.55,585.7881408544283,,,,PENDING_AT_END
585.9,586.2160365728217,,,,PENDING_AT_END
586.25,586.4773211747042,,,,PENDING_AT_END
586.5999999999999,586.8666448790566,,,,PENDING_AT_END
586.9499999999999,587.1551316166018,,,,PENDING_AT_END
587.3,587.5069710760336,,,,PENDING_AT_END
587.65,587.7757464789614,,,,PENDING_AT_END
588.0,588.3723600487651,,,,PENDING_AT_END
588.3499999999999,588.412624179867,,,,PENDING_AT_END
588.6999999999999,588.7678000885256,,,,PENDING_AT_END
589.05,589.1123440224271,,,,PENDING_AT_END
589.4,589.5755505665619,,,,PENDING_AT_END
589.75,590.064683571557,,,,PENDING_AT_END
590.0999999999999,590.1728170077947,,,,PENDING_AT_END
590.4499999999999,590.7022788989105,,,,PENDING_AT_END
590.8,591.1172901974658,,,,PENDING_AT_END
591.15,591.2633890609596,,,,PENDING_AT_END
591.5,591.7241213464999,,,,PENDING_AT_END
591.8499999999999,591.9778656092681,,,,PENDING_AT_END
592.1999999999999,592.3257384086909,,,,PENDING_AT_END
592.55,592.6639538232566,,,,PENDING_AT_END
592.9,592.9630986983822,,,,PENDING_AT_END
593.25,593.2652159104389,,,,PENDING_AT_END
593.5999999999999,593.7177718035241,,,,PENDING_AT_END
593.9499999999999,594.3409068390785,,,,PENDING_AT_END
594.3,594.5900421884801,,,,PENDING_AT_END
594.65,594.8308704553048,,,,PENDING_AT_END
595.0,595.0711157972817,,,,PENDING_AT_END
595.3499999999999,595.6638252462992,,,,PENDING_AT_END
595.6999999999999,596.0186148720319,,,,PENDING_AT_END
596.05,596.0942542945916,,,,PENDING_AT_END
596.4,596.640161500883,,,,PENDING_AT_END
596.75,597.0127395143772,,,,PENDING_AT_END
597.0999999999999,597.4521497061332,,,,PENDING_AT_END
597.4499999999999,597.6752914708915,,,,PENDING_AT_END
597.8,597.9791729725548,,,,PENDING_AT_END
598.15,598.2493877132296,,,,PENDING_AT_END
598.5,598.6464250137692,,,,PENDING_AT_END
598.8499999999999,599.196075507065,,,,PENDING_AT_END
599.1999999999999,599.2942809446332,,,,PENDING_AT_END
599.55,599.5614403690213,,,,PENDING_AT_END
599.9,600.1527501923694,,,,PENDING_AT_END
600.25,600.5485492533908,,,,PENDING_AT_END
600.5999999999999,600.6584475374402,,,,PENDING_AT_END
600.9499999999999,600.9704644888744,,,,PENDING_AT_END
601.3,601.5505653651783,,,,PENDING_AT_END
601.65,601.8261738183663,,,,PENDING_AT_END
602.0,602.2433665960284,,,,PENDING_AT_END
602.3499999999999,602.6937989078008,,,,PENDING_AT_END
602.6999999999999,602.841539239783,,,,PENDING_AT_END
603.05,603.4463894318224,,,,PENDING_AT_END
603.4,603.7501193875952,,,,PENDING_AT_END
603.75,603.9407987350073,,,,PENDING_AT_END
604.0999999999999,604.272068504062,,,,PENDING_AT_END
604.4499999999999,604.5030278760058,,,,PENDING_AT_END
604.8,605.1535519938891,,,,PENDING_AT_END
605.15,605.40965225348,,,,PENDING_AT_END
605.5,605.547760025838,,,,PENDING_AT_END
605.8499999999999,606.1914650124727,,,,PENDING_AT_END
606.1999999999999,606.2505045207457,,,,PENDING_AT_END
606.55,606.9002415786622,,,,PENDING_AT_END
606.9,607.1762900603507,,,,PENDING_AT_END
607.25,607.5041226233463,,,,PENDING_AT_END
607.5999999999999,607.9351179077407,,,,PENDING_AT_END
607.9499999999999,608.0579795771715,,,,PENDING_AT_END
608.3,608.5230017177435,,,,PENDING_AT_END
608.65,608.8005750751648,,,,PENDING_AT_END
609.0,609.198728860267,,,,PENDING_AT_END
609.3499999999999,609.6766309723,,,,PENDING_AT_END
609.6999999999999,609.7203624404573,,,,PENDING_AT_END
610.05,610.3071793139466,,,,PENDING_AT_END
610.4,610.4850372654611,,,,PENDING_AT_END
610.75,610.9072692610125,,,,PENDING_AT_END
611.0999999999999,611.4823139037449,,,,PENDING_AT_END
611.4499999999999,611.6566057545764,,,,PENDING_AT_END
611.8,612.0671301117709,,,,PENDING_AT_END
612.15,612.1715613458379,,,,PENDING_AT_END
612.5,612.6543918240859,,,,PENDING_AT_END
612.8499999999999,613.0545438958852,,,,PENDING_AT_END
613.1999999999999,613.5311232004063,,,,PENDING_AT_END
613.55,613.8223339124213,,,,PENDING_AT_END
613.9,614.0334287790505,,,,PENDING_AT_END
614.25,614.4510573990876,,,,PENDING_AT_END
614.5999999999999,614.9631464510051,,,,PENDING_AT_END
614.9499999999999,614.9579437712838,,,,PENDING_AT_END
615.3,615.390551990173,,,,PENDING_AT_END
615.65,615.955965373119,,,,PENDING_AT_END
616.0,616.2125714350545,,,,PENDING_AT_END
616.3499999999999,616.570670805593,,,,PENDING_AT_END
616.6999999999999,616.8328001873082,,,,PENDING_AT_END
617.05,617.1803066855148,,,,PENDING_AT_END
617.4,617.4745555177534,,,,PENDING_AT_END
617.75,617.9556952495536,,,,PENDING_AT_END
618.0999999999999,618.287631009192,,,,PENDING_AT_END
618.4499999999999,618.7435283992385,,,,PENDING_AT_END
618.8,618.978447157612,,,,PENDING_AT_END
619.15,619.3348563083192,,,,PENDING_AT_END
619.5,619.8546539259473,,,,PENDING_AT_END
619.8499999999999,619.8731801957204,,,,PENDING_AT_END
620.1999999999999,620.2983622457908,,,,PENDING_AT_END
620.55,620.6676459374721,,,,PENDING_AT_END
620.9,620.9000213645774,,,,PENDING_AT_END
621.25,621.399473714428,,,,PENDING_AT_END
621.5999999999999,621.8243505505986,,,,PENDING_AT_END
621.9499999999999,622.2683940218598,,,,PENDING_AT_END
622.3,622.3690323287374,,,,PENDING_AT_END
622.65,622.8612551613181,,,,PENDING_AT_END
623.0,623.0112209464323,,,,PENDING_AT_END
623.3499999999999,623.4442415248543,,,,PENDING_AT_END
623.6999999999999,623.7354980065726,,,,PENDING_AT_END
624.05,624.0845655637647,,,,PENDING_AT_END
624.4,624.6353040345585,,,,PENDING_AT_END
624.75,625.0186104260363,,,,PENDING_AT_END
625.0999999999999,625.3770165966919,,,,PENDING_AT_END
625.4499999999999,625.627960259491,,,,PENDING_AT_END
625.8,625.9354781657908,,,,PENDING_AT_END
626.15,626.4879842906117,,,,PENDING_AT_END
626.5,626.895358228744,,,,PENDING_AT_END
626.8499999999999,627.0915296658179,,,,PENDING_AT_END
627.1999999999999,627.2198918891764,,,,PENDING_AT_END
627.55,627.6569398252623,,,,PENDING_AT_END
627.9,628.1643930137067,,,,PENDING_AT_END
628.25,628.3531584830594,,,,PENDING_AT_END
628.5999999999999,628.9207389294065,,,,PENDING_AT_END
628.9499999999999,629.2268622561477,,,,PENDING_AT_END
629.3,629.5640037208632,,,,PENDING_AT_END
629.65,629.67871622932,,,,PENDING_AT_END
630.0,630.0694521894472,,,,PENDING_AT_END
630.3499999999999,630.4781408763788,,,,PENDING_AT_END
630.6999999999999,631.0199263611074,,,,PENDING_AT_END
631.05,631.43725777691,,,,PENDING_AT_END
631.4,631.4425508502035,,,,PENDING_AT_END
631.75,631.879943108099,,,,PENDING_AT_END
632.0999999999999,632.4385592023391,,,,PENDING_AT_END
632.4499999999999,632.7003794888686,,,,PENDING_AT_END
632.8,632.8729529465272,,,,PENDING_AT_END
633.15,633.5019371785528,,,,PENDING_AT_END
633.5,633.7517874271575,,,,PENDING_AT_END
633.8499999999999,634.166433436088,,,,PENDING_AT_END
634.1999999999999,634.5790473653057,,,,PENDING_AT_END
634.55,634.774056276106,,,,PENDING_AT_END
634.9,635.1718269876457,,,,PENDING_AT_END
635.25,635.3238020868714,,,,PENDING_AT_END
635.5999999999999,635.6454189847764,,,,PENDING_AT_END
635.9499999999999,636.1709851803297,,,,PENDING_AT_END
636.3,636.3458086199435,,,,PENDING_AT_END
636.65,637.0198448688687,,,,PENDING_AT_END
637.0,637.3575187549411,,,,PENDING_AT_END
637.3499999999999,637.7397460897328,,,,PENDING_AT_END
637.6999999999999,638.0577249414574,,,,PENDING_AT_END
638.05,638.2878052364313,,,,PENDING_AT_END
638.4,638.4762285563685,,,,PENDING_AT_END
638.75,638.7798258506311,,,,PENDING_AT_END
639.0999999999999,639.2734441239763,,,,PENDING_AT_END
639.4499999999999,639.6982036957837,,,,PENDING_AT_END
639.8,640.0542171558361,,,,PENDING_AT_END
640.15,640.4856410765927,,,,PENDING_AT_END
640.5,640.5493546257983,,,,PENDING_AT_END
640.8499999999999,641.1715286109668,,,,PENDING_AT_END
641.1999999999999,641.2587534126191,,,,PENDING_AT_END
641.55,641.8522464900611,,,,PENDING_AT_END
641.9,642.2466591215285,,,,PENDING_AT_END
642.25,642.3551579276545,,,,PENDING_AT_END
642.5999999999999,642.9168542318646,,,,PENDING_AT_END
642.9499999999999,642.971909406279,,,,PENDING_AT_END
643.3,643.6258652405456,,,,PENDING_AT_END
643.65,643.8758995009142,,,,PENDING_AT_END
644.0,644.0116613438347,,,,PENDING_AT_END
644.3499999999999,644.6690452096859,,,,PENDING_AT_END
644.6999999999999,644.8920952820323,,,,PENDING_AT_END
645.05,645.0799836453918,,,,PENDING_AT_END
645.4,645.6967024083707,,,,PENDING_AT_END
645.75,645.836742030049,,,,PENDING_AT_END
646.0999999999999,646.4431427894601,,,,PENDING_AT_END
646.4499999999999,646.7569108527404,,,,PENDING_AT_END
646.8,646.9532554173702,,,,PENDING_AT_END
647.15,647.3370142519835,,,,PENDING_AT_END
647.5,647.7629106458255,,,,PENDING_AT_END
647.8499999999999,648.074269353971,,,,PENDING_AT_END
648.1999999999999,648.2246142100811,,,,PENDING_AT_END
648.55,648.8550506204663,,,,PENDING_AT_END
648.9,649.0711968393713,,,,PENDING_AT_END
649.25,649.6218261341555,,,,PENDING_AT_END
649.5999999999999,649.886761048067,,,,PENDING_AT_END
649.9499999999999,649.9739653638347,,,,PENDING_AT_END
650.3,650.4679106691174,,,,PENDING_AT_END
650.65,650.6611908178173,,,,PENDING_AT_END
651.0,651.0381963196041,,,,PENDING_AT_END
651.3499999999999,651.5661576426896,,,,PENDING_AT_END
651.6999999999999,651.7711982117643,,,,PENDING_AT_END
652.05,652.3420110800132,,,,PENDING_AT_END
652.4,652.4087985152831,,,,PENDING_AT_END
652.75,653.0290974818031,,,,PENDING_AT_END
653.0999999999999,653.1389022876601,,,,PENDING_AT_END
653.4499999999999,653.5675671718274,,,,PENDING_AT_END
653.8,653.9121805132647,,,,PENDING_AT_END
654.15,654.3317347008596,,,,PENDING_AT_END
654.5,654.5081120439572,,,,PENDING_AT_END
654.8499999999999,654.9308564868934,,,,PENDING_AT_END
655.1999999999999,655.4064629882354,,,,PENDING_AT_END
655.55,655.7760618713139,,,,PENDING_AT_END
655.9,656.2018840218105,,,,PENDING_AT_END
656.25,656.326735747818,,,,PENDING_AT_END
656.5999999999999,656.6900485399401,,,,PENDING_AT_END
656.9499999999999,657.1318063443606,,,,PENDING_AT_END
657.3,657.595470685203,,,,PENDING_AT_END
657.65,657.9956821629129,,,,PENDING_AT_END
658.0,658.1732988569413,,,,PENDING_AT_END
658.3499999999999,658.4903648939794,,,,PENDING_AT_END
658.6999999999999,658.9678195010373,,,,PENDING_AT_END
659.05,659.112521428332,,,,PENDING_AT_END
659.4,659.5161222656103,,,,PENDING_AT_END
659.75,660.0337482663401,,,,PENDING_AT_END
660.0999999999999,660.1266886480096,,,,PENDING_AT_END
660.4499999999999,660.8226187266722,,,,PENDING_AT_END
660.8,660.83156896023,,,,PENDING_AT_END
661.15,661.5013936178451,,,,PENDING_AT_END
661.5,661.829455807607,,,,PENDING_AT_END
661.8499999999999,661.8915935967514,,,,PENDING_AT_END
662.1999999999999,662.3659230373263,,,,PENDING_AT_END
662.55,662.7696657495687,,,,PENDING_AT_END
662.9,662.953297859052,,,,PENDING_AT_END
663.25,663.5787758183023,,,,PENDING_AT_END
663.5999999999999,663.7479671285735,,,,PENDING_AT_END
663.9499999999999,664.2282532191847,,,,PENDING_AT_END
664.3,664.431177168924,,,,PENDING_AT_END
664.65,664.9044169222549,,,,PENDING_AT_END
665.0,665.1886886752841,,,,PENDING_AT_END
665.3499999999999,665.5647169029851,,,,PENDING_AT_END
665.6999999999999,666.0398168741557,,,,PENDING_AT_END
666.05,666.340440686494,,,,PENDING_AT_END
666.4,666.7801804084073,,,,PENDING_AT_END
666.75,666.9139913642045,,,,PENDING_AT_END
667.0999999999999,667.3002407149856,,,,PENDING_AT_END
667.4499999999999,667.5795416307684,,,,PENDING_AT_END
667.8,667.8107593915338,,,,PENDING_AT_END
668.15,668.5203643632211,,,,PENDING_AT_END
668.5,668.8877086249206,,,,PENDING_AT_END
668.8499999999999,669.247292535337,,,,PENDING_AT_END
669.1999999999999,669.3073506573588,,,,PENDING_AT_END
669.55,669.8521634203364,,,,PENDING_AT_END
669.9,670.104291017739,,,,PENDING_AT_END
670.25,670.5891460426863,,,,PENDING_AT_END
670.5999999999999,670.7756305338489,,,,PENDING_AT_END
670.9499999999999,671.3343266028377,,,,PENDING_AT_END
671.3,671.6408281034685,,,,PENDING_AT_END
671.65,672.0012637975234,,,,PENDING_AT_END
672.0,672.2478036832058,,,,PENDING_AT_END
672.3499999999999,672.5466584818589,,,,PENDING_AT_END
672.6999999999999,672.966354798048,,,,PENDING_AT_END
673.05,673.2215810815405,,,,PENDING_AT_END
673.4,673.6260781470052,,,,PENDING_AT_END
673.75,673.8221709429197,,,,PENDING_AT_END
674.0999999999999,674.3528557814482,,,,PENDING_AT_END
674.4499999999999,674.6877509467225,,,,PENDING_AT_END
674.8,674.9011580075935,,,,PENDING_AT_END
675.15,675.252708687838,,,,PENDING_AT_END
675.5,675.8216771274197,,,,PENDING_AT_END
675.8499999999999,676.1093061738436,,,,PENDING_AT_END
676.1999999999999,676.590558420443,,,,PENDING_AT_END
676.55,676.6520005870366,,,,PENDING_AT_END
676.9,676.9870665460973,,,,PENDING_AT_END
677.25,677.4351580132609,,,,PENDING_AT_END
677.5999999999999,677.8779413925199,,,,PENDING_AT_END
677.9499999999999,678.073575309899,,,,PENDING_AT_END
678.3,678.4818285311983,,,,PENDING_AT_END
678.65,678.9823164895244,,,,PENDING_AT_END
679.0,679.1048927046372,,,,PENDING_AT_END
679.3499999999999,679.5884351570933,,,,PENDING_AT_END
679.6999999999999,679.9878009291348,,,,PENDING_AT_END
680.05,680.3440615499187,,,,PENDING_AT_END
680.4,680.4674545431407,,,,PENDING_AT_END
680.75,681.0501277930553,,,,PENDING_AT_END
681.0999999999999,681.1233405693779,,,,PENDING_AT_END
681.4499999999999,681.7766200330117,,,,PENDING_AT_END
681.8,681.9897176805571,,,,PENDING_AT_END
682.15,682.5013805150871,,,,PENDING_AT_END
682.5,682.8137356469322,,,,PENDING_AT_END
682.8499999999999,683.1122493248765,,,,PENDING_AT_END
683.1999999999999,683.5296712080534,,,,PENDING_AT_END
683.55,683.9182654669505,,,,PENDING_AT_END
683.9,683.9126470615078,,,,PENDING_AT_END
684.25,684.649547614679,,,,PENDING_AT_END
684.5999999999999,684.9721978043005,,,,PENDING_AT_END
684.9499999999999,685.1724636328873,,,,PENDING_AT_END
685.3,685.305237367271,,,,PENDING_AT_END
685.65,685.6800248175815,,,,PENDING_AT_END
686.0,686.0305024996628,,,,PENDING_AT_END
686.3499999999999,686.4499712212221,,,,PENDING_AT_END
686.6999999999999,686.8634352112862,,,,PENDING_AT_END
687.05,687.2964524656525,,,,PENDING_AT_END
687.4,687.4269331754195,,,,PENDING_AT_END
687.75,687.9542733641645,,,,PENDING_AT_END
688.0999999999999,688.4140366223455,,,,PENDING_AT_END
688.4499999999999,688.8080760256852,,,,PENDING_AT_END
688.8,689.0847380089774,,,,PENDING_AT_END
689.15,689.3658728542842,,,,PENDING_AT_END
689.5,689.7780292411089,,,,PENDING_AT_END
689.8499999999999,690.152284467873,,,,PENDING_AT_END
690.1999999999999,690.3891099766732,,,,PENDING_AT_END
690.55,690.5720099273697,,,,PENDING_AT_END
690.9,690.9443245650647,,,,PENDING_AT_END
691.25,691.3639542682738,,,,PENDING_AT_END
691.5999999999999,691.6013072565454,,,,PENDING_AT_END
691.9499999999999,692.2118562657935,,,,PENDING_AT_END
692.3,692.4070755221758,,,,PENDING_AT_END
692.65,692.9291903340439,,,,PENDING_AT_END
693.0,693.1012074269511,,,,PENDING_AT_END
693.3499999999999,693.4763700749195,,,,PENDING_AT_END
693.6999999999999,694.0508441812702,,,,PENDING_AT_END
694.05,694.3598723053672,,,,PENDING_AT_END
694.4,694.7372260590604,,,,PENDING_AT_END
694.75,694.8036577920589,,,,PENDING_AT_END
695.0999999999999,695.2623760952649,,,,PENDING_AT_END
695.4499999999999,695.5035492095034,,,,PENDING_AT_END
695.8,696.189294096313,,,,PENDING_AT_END
696.15,696.514151900096,,,,PENDING_AT_END
696.5,696.5257200049248,,,,PENDING_AT_END
696.8499999999999,697.122116487579,,,,PENDING_AT_END
697.1999999999999,697.3327268930549,,,,PENDING_AT_END
697.55,697.9332664933238,,,,PENDING_AT_END
697.9,697.9346014023052,,,,PENDING_AT_END
698.25,698.4773060836569,,,,PENDING_AT_END
698.5999999999999,698.7449059120609,,,,PENDING_AT_END
698.9499999999999,699.2245071580384,,,,PENDING_AT_END
699.3,699.6144783590194,,,,PENDING_AT_END
699.65,699.8108043383169,,,,PENDING_AT_END
700.0,700.3593570672165,,,,PENDING_AT_END
700.3499999999999,700.5601351965656,,,,PENDING_AT_END
700.6999999999999,701.0743435207984,,,,PENDING_AT_END
701.05,701.0783422720629,,,,PENDING_AT_END
701.4,701.5365728537937,,,,PENDING_AT_END
701.75,701.7854032406212,,,,PENDING_AT_END
702.0999999999999,702.4222121728469,,,,PENDING_AT_END
702.4499999999999,702.5190493097317,,,,PENDING_AT_END
702.8,703.1511793579655,,,,PENDING_AT_END
703.15,703.1543795223535,,,,PENDING_AT_END
703.5,703.5000631123987,,,,PENDING_AT_END
703.8499999999999,704.0632467329497,,,,PENDING_AT_END
704.1999999999999,704.4049537019197,,,,PENDING_AT_END
704.55,704.8494713709385,,,,PENDING_AT_END
704.9,705.1610980420527,,,,PENDING_AT_END
705.25,705.6175134523853,,,,PENDING_AT_END
705.5999999999999,705.8568611843029,,,,PENDING_AT_END
705.9499999999999,706.0693502597354,,,,PENDING_AT_END
706.3,706.6148927870595,,,,PENDING_AT_END
706.65,706.773320389509,,,,PENDING_AT_END
707.0,707.1831406292217,,,,PENDING_AT_END
707.3499999999999,707.5281194095776,,,,PENDING_AT_END
707.6999999999999,707.7640408521257,,,,PENDING_AT_END
708.05,708.2528290789387,,,,PENDING_AT_END
708.4,708.5303731946411,,,,PENDING_AT_END
708.75,709.1305642379214,,,,PENDING_AT_END
709.0999999999999,709.4156156527383,,,,PENDING_AT_END
709.4499999999999,709.8358456961065,,,,PENDING_AT_END
709.8,710.0739419078525,,,,PENDING_AT_END
710.15,710.1812731499689,,,,PENDING_AT_END
710.5,710.8021599718302,,,,PENDING_AT_END
710.8499999999999,711.0754760749089,,,,PENDING_AT_END
711.1999999999999,711.3420055457572,,,,PENDING_AT_END
711.55,711.7645169066147,,,,PENDING_AT_END
711.9,711.9287398896284,,,,PENDING_AT_END
712.25,712.2679618648324,,,,PENDING_AT_END
712.5999999999999,712.9725298687583,,,,PENDING_AT_END
712.9499999999999,713.030327830145,,,,PENDING_AT_END
713.3,713.4853758854156,,,,PENDING_AT_END
713.65,713.9946719346177,,,,PENDING_AT_END
714.0,714.3767972728951,,,,PENDING_AT_END
714.3499999999999,714.6904568376306,,,,PENDING_AT_END
714.6999999999999,714.9363463213302,,,,PENDING_AT_END
715.05,715.4423673200831,,,,PENDING_AT_END
715.4,715.6889040948175,,,,PENDING_AT_END
715.75,715.8447377963291,,,,PENDING_AT_END
716.0999999999999,716.4829716338861,,,,PENDING_AT_END
716.4499999999999,716.630522758505,,,,PENDING_AT_END
716.8,716.835361710481,,,,PENDING_AT_END
717.15,717.1537412667066,,,,PENDING_AT_END
717.5,717.5680006021801,,,,PENDING_AT_END
717.8499999999999,718.1833453456134,,,,PENDING_AT_END
718.1999999999999,718.4761402035075,,,,PENDING_AT_END
718.55,718.6272793495134,,,,PENDING_AT_END
718.9,719.0818385064118,,,,PENDING_AT_END
719.25,719.5137228975248,,,,PENDING_AT_END
719.5999999999999,719.9432173577334,,,,PENDING_AT_END
719.9499999999999,720.1822119123318,,,,PENDING_AT_END
720.3,720.3833689163034,,,,PENDING_AT_END
720.65,721.0257428602689,,,,PENDING_AT_END
721.0,721.1254741940329,,,,PENDING_AT_END
721.3499999999999,721.6278506606595,,,,PENDING_AT_END
721.6999999999999,721.8387803961849,,,,PENDING_AT_END
722.05,722.0772099126152,,,,PENDING_AT_END
722.4,722.518259109779,,,,PENDING_AT_END
722.75,722.8596328080873,,,,PENDING_AT_END
723.0999999999999,723.3657259554266,,,,PENDING_AT_END
723.4499999999999,723.6479522087121,,,,PENDING_AT_END
723.8,724.1691048199536,,,,PENDING_AT_END
724.15,724.3226323570935,,,,PENDING_AT_END
724.5,724.8402196808845,,,,PENDING_AT_END
724.8499999999999,724.9037394858219,,,,PENDING_AT_END
725.1999999999999,725.4350567890943,,,,PENDING_AT_END
725.55,725.8590339172565,,,,PENDING_AT_END
725.9,726.2250114286932,,,,PENDING_AT_END
726.25,726.6245154557387,,,,PENDING_AT_END
726.5999999999999,726.8086914674532,,,,PENDING_AT_END
726.9499999999999,727.3391185345694,,,,PENDING_AT_END
727.3,727.3416403428457,,,,PENDING_AT_END
727.65,728.0373592689779,,,,PENDING_AT_END
728.0,728.0577801617869,,,,PENDING_AT_END
728.3499999999999,728.6526220587846,,,,PENDING_AT_END
728.6999999999999,728.9993824623544,,,,PENDING_AT_END
729.05,729.0687883330561,,,,PENDING_AT_END
729.4,729.551112541125,,,,PENDING_AT_END
729.75,730.0590297155479,,,,PENDING_AT_END
730.0999999999999,730.372665712333,,,,PENDING_AT_END
730.4499999999999,730.5796646227421,,,,PENDING_AT_END
730.8,731.1918089978897,,,,PENDING_AT_END
731.15,731.3811677632349,,,,PENDING_AT_END
731.5,731.645392429507,,,,PENDING_AT_END
731.8499999999999,731.9772504703265,,,,PENDING_AT_END
732.1999999999999,732.4633123237894,,,,PENDING_AT_END
732.55,732.8247576674339,,,,PENDING_AT_END
732.9,733.0852627515618,,,,PENDING_AT_END
733.25,733.5581262947471,,,,PENDING_AT_END
733.5999999999999,733.7007008050205,,,,PENDING_AT_END
733.9499999999999,734.097418252299,,,,PENDING_AT_END
734.3,734.5769157452523,,,,PENDING_AT_END
734.65,735.0135744943276,,,,PENDING_AT_END
