timestamp,gen_time,sel_time,tx_time,rx_time,status
0.0,0.2074077719649491,157.25623026261707,157.25723026261707,157.42723026261706,TX
0.35,0.7297097770613675,159.94382133469236,159.94482133469236,160.11482133469235,TX
0.7,0.939038967516866,154.82162297974597,154.82262297974597,154.99262297974596,TX
1.0499999999999998,1.1890826168590674,154.20164875353024,154.20264875353024,154.37264875353023,TX
1.4,1.651165412967483,151.69785667225176,151.69885667225176,151.86885667225175,TX
1.75,1.885176001827066,157.68757599318351,157.68857599318352,157.8585759931835,TX
2.0999999999999996,2.1595231927575647,153.4453181541892,153.4463181541892,153.6163181541892,TX
2.4499999999999997,2.5616310683469465,162.1933294939999,162.1943294939999,162.3643294939999,TX
2.8,3.0757778478341384,157.6577612982866,157.6587612982866,157.8287612982866,TX
3.15,3.3063641915279693,156.70556811675908,156.7065681167591,156.87656811675907,TX
3.5,3.558744937374084,160.09086843189704,160.09186843189704,160.26186843189703,TX
3.8499999999999996,4.188200484971896,158.24033929546908,158.2413392954691,158.41133929546908,TX
4.199999999999999,4.398098618646335,156.5515968969314,156.5525968969314,156.72259689693138,TX
4.55,4.719875235131743,162.25400665474947,162.25500665474948,162.42500665474947,TX
4.8999999999999995,5.029900706375613,,,,PENDING_AT_END
5.25,5.554499938861822,,,,PENDING_AT_END
5.6,5.693448251779525,,,,PENDING_AT_END
5.949999999999999,6.328624732593163,,,,PENDING_AT_END
6.3,6.600825202066287,,,,PENDING_AT_END
6.6499999999999995,6.758134617151284,,,,PENDING_AT_END
7.0,7.317004222614983,,,,PENDING_AT_END
7.35,7.353819693416797,,,,PENDING_AT_END
7.699999999999999,7.713493090209745,,,,PENDING_AT_END
8.049999999999999,8.179431389706059,,,,PENDING_AT_END
8.399999999999999,8.72861098732946,,,,PENDING_AT_END
8.75,8.79136006562748,,,,PENDING_AT_END
9.1,9.376412126069221,,,,PENDING_AT_END
9.45,9.535277904497995,,,,PENDING_AT_END
9.799999999999999,10.192159897087246,,,,PENDING_AT_END
10.149999999999999,10.521379869142962,,,,PENDING_AT_END
10.5,10.54169030765101,,,,PENDING_AT_END
10.85,10.939506213789764,,,,PENDING_AT_END
11.2,11.469719044240119,,,,PENDING_AT_END
11.549999999999999,11.80630695052532,,,,PENDING_AT_END
11.899999999999999,12.197132020845405,,,,PENDING_AT_END
12.25,12.565902150398788,,,,PENDING_AT_END
12.6,12.853094578102786,,,,PENDING_AT_END
12.95,13.252765711199032,,,,PENDING_AT_END
13.299999999999999,13.304752713282342,,,,PENDING_AT_END
13.649999999999999,13.848546539376144,,,,PENDING_AT_END
14.0,14.239448636316745,,,,PENDING_AT_END
14.35,14.623576527969577,,,,PENDING_AT_END
14.7,14.955589775692015,,,,PENDING_AT_END
15.049999999999999,15.264211486066086,,,,PENDING_AT_END
15.399999999999999,15.630641051636964,,,,PENDING_AT_END
15.749999999999998,16.023800226299194,,,,PENDING_AT_END
16.099999999999998,16.22849188879987,,,,PENDING_AT_END
16.45,16.74907675497455,,,,PENDING_AT_END
16.799999999999997,16.821405214403498,,,,PENDING_AT_END
17.15,17.3729712539933,,,,PENDING_AT_END
17.5,17.806384734889534,,,,PENDING_AT_END
17.849999999999998,17.94096869821526,,,,PENDING_AT_END
18.2,18.205476311666633,,,,PENDING_AT_END
18.549999999999997,18.592591097043453,,,,PENDING_AT_END
18.9,19.1694719353995,,,,PENDING_AT_END
19.25,19.50359939890702,,,,PENDING_AT_END
19.599999999999998,19.98676379107925,,,,PENDING_AT_END
19.95,20.205490300904156,,,,PENDING_AT_END
20.299999999999997,20.495381490309363,,,,PENDING_AT_END
20.65,20.985125486547673,,,,PENDING_AT_END
21.0,21.096177975052946,,,,PENDING_AT_END
21.349999999999998,21.456985881036918,,,,PENDING_AT_END
21.7,21.789158601674796,,,,PENDING_AT_END
22.049999999999997,22.44429181115148,,,,PENDING_AT_END
22.4,22.731912123122896,,,,PENDING_AT_END
22.75,23.092620830561835,,,,PENDING_AT_END
23.099999999999998,23.287519023563295,,,,PENDING_AT_END
23.45,23.622807636138962,,,,PENDING_AT_END
23.799999999999997,24.041192649238752,,,,PENDING_AT_END
24.15,24.163771322649055,,,,PENDING_AT_END
24.5,24.765941460211785,,,,PENDING_AT_END
24.849999999999998,25.05078523985077,,,,PENDING_AT_END
25.2,25.344100350607146,,,,PENDING_AT_END
25.549999999999997,25.884440511319532,,,,PENDING_AT_END
25.9,26.04512485813106,,,,PENDING_AT_END
26.25,26.346567878355096,,,,PENDING_AT_END
26.599999999999998,26.866304394032507,,,,PENDING_AT_END
26.95,27.28669302672859,,,,PENDING_AT_END
27.299999999999997,27.493474906078035,,,,PENDING_AT_END
27.65,27.995038963317185,,,,PENDING_AT_END
28.0,28.01951256768141,,,,PENDING_AT_END
28.349999999999998,28.743395680201342,,,,PENDING_AT_END
28.7,29.018065108548132,,,,PENDING_AT_END
29.049999999999997,29.135706682425045,,,,PENDING_AT_END
29.4,29.407416495926995,,,,PENDING_AT_END
29.749999999999996,30.114774661504125,,,,PENDING_AT_END
30.099999999999998,30.14623014485341,,,,PENDING_AT_END
30.45,30.580989565316973,,,,PENDING_AT_END
30.799999999999997,30.959131251445434,,,,PENDING_AT_END
31.15,31.37891932039419,,,,PENDING_AT_END
31.499999999999996,31.67907543560465,,,,PENDING_AT_END
31.849999999999998,32.10770547395303,,,,PENDING_AT_END
32.199999999999996,32.49510064011857,,,,PENDING_AT_END
32.55,32.693387583402256,,,,PENDING_AT_END
32.9,33.12586374587192,,,,PENDING_AT_END
33.25,33.38102012790519,,,,PENDING_AT_END
33.599999999999994,33.9151369233644,,,,PENDING_AT_END
33.949999999999996,34.32523359463902,,,,PENDING_AT_END
34.3,34.31300372063804,,,,PENDING_AT_END
34.65,34.79004025603262,,,,PENDING_AT_END
35.0,35.36868028512751,,,,PENDING_AT_END
35.349999999999994,35.41126444787439,,,,PENDING_AT_END
35.699999999999996,35.7269683585484,,,,PENDING_AT_END
36.05,36.1567605151144,,,,PENDING_AT_END
36.4,36.69196859047806,,,,PENDING_AT_END
36.75,36.90622850775188,,,,PENDING_AT_END
37.099999999999994,37.30213058903702,,,,PENDING_AT_END
37.449999999999996,37.60869127495982,,,,PENDING_AT_END
37.8,37.88219589811864,,,,PENDING_AT_END
38.15,38.501505540628266,,,,PENDING_AT_END
38.5,38.7422414083335,,,,PENDING_AT_END
38.849999999999994,39.20669548562738,,,,PENDING_AT_END
39.199999999999996,39.315208044877544,,,,PENDING_AT_END
39.55,39.720408308326924,,,,PENDING_AT_END
39.9,40.154179048820886,,,,PENDING_AT_END
40.25,40.286154143800815,,,,PENDING_AT_END
40.599999999999994,40.738531732147436,,,,PENDING_AT_END
40.949999999999996,41.0577633858777,,,,PENDING_AT_END
41.3,41.62499916759133,,,,PENDING_AT_END
41.65,41.938423877130965,,,,PENDING_AT_END
42.0,42.36890025704696,,,,PENDING_AT_END
42.349999999999994,42.60450301119448,,,,PENDING_AT_END
42.699999999999996,43.07211777505052,,,,PENDING_AT_END
43.05,43.202491763763135,,,,PENDING_AT_END
43.4,43.69586941149225,,,,PENDING_AT_END
43.75,43.955119829315194,,,,PENDING_AT_END
44.099999999999994,44.45677584675687,,,,PENDING_AT_END
44.449999999999996,44.694565656858465,,,,PENDING_AT_END
44.8,45.00420899682365,,,,PENDING_AT_END
45.15,45.36309635936288,,,,PENDING_AT_END
45.5,45.79428289754726,,,,PENDING_AT_END
45.849999999999994,46.11245161012984,,,,PENDING_AT_END
46.199999999999996,46.35750108808964,,,,PENDING_AT_END
46.55,46.869623762969326,,,,PENDING_AT_END
46.9,46.93561196554344,,,,PENDING_AT_END
47.25,47.29909525558381,,,,PENDING_AT_END
47.599999999999994,47.98401066263837,,,,PENDING_AT_END
47.949999999999996,48.2786719713144,,,,PENDING_AT_END
48.3,48.48413997571632,,,,PENDING_AT_END
48.65,48.883027179039225,,,,PENDING_AT_END
49.0,49.24107030075653,,,,PENDING_AT_END
49.349999999999994,49.70127878652336,,,,PENDING_AT_END
49.699999999999996,49.75940802329334,,,,PENDING_AT_END
50.05,50.38039935791717,,,,PENDING_AT_END
50.4,50.46407621267338,,,,PENDING_AT_END
50.75,50.846566715704114,,,,PENDING_AT_END
51.099999999999994,51.132524321035675,,,,PENDING_AT_END
51.449999999999996,51.58172947284631,,,,PENDING_AT_END
51.8,51.994418288762475,,,,PENDING_AT_END
52.15,52.204801333982395,,,,PENDING_AT_END
52.5,52.50092366583516,,,,PENDING_AT_END
52.849999999999994,53.1260524860276,,,,PENDING_AT_END
53.199999999999996,53.53329208259043,,,,PENDING_AT_END
53.55,53.75764130607638,,,,PENDING_AT_END
53.9,54.03761360926293,,,,PENDING_AT_END
54.25,54.55266739395833,,,,PENDING_AT_END
54.599999999999994,54.77156751490618,,,,PENDING_AT_END
54.949999999999996,55.11984732799191,,,,PENDING_AT_END
55.3,55.575626717390094,,,,PENDING_AT_END
55.65,55.929721573341276,,,,PENDING_AT_END
56.0,56.38318937708415,,,,PENDING_AT_END
56.349999999999994,56.45448226360061,,,,PENDING_AT_END
56.699999999999996,56.775791821716034,,,,PENDING_AT_END
57.05,57.36646295241853,,,,PENDING_AT_END
57.4,57.598722021736826,,,,PENDING_AT_END
57.74999999999999,58.03335688261557,,,,PENDING_AT_END
58.099999999999994,58.17545158309929,,,,PENDING_AT_END
58.449999999999996,58.53062004839047,,,,PENDING_AT_END
58.8,59.06022324410647,,,,PENDING_AT_END
59.15,59.2430092623816,,,,PENDING_AT_END
59.49999999999999,59.696029889175044,,,,PENDING_AT_END
59.849999999999994,59.9517521058914,,,,PENDING_AT_END
60.199999999999996,60.56328076357948,,,,PENDING_AT_END
60.55,60.59049260221789,,,,PENDING_AT_END
60.9,61.2583565125153,,,,PENDING_AT_END
61.24999999999999,61.5389717225762,,,,PENDING_AT_END
61.599999999999994,61.60474617066741,,,,PENDING_AT_END
61.949999999999996,62.05105227585177,,,,PENDING_AT_END
62.3,62.313874451635144,,,,PENDING_AT_END
62.65,62.887567440386,,,,PENDING_AT_END
62.99999999999999,63.358553220275475,,,,PENDING_AT_END
63.349999999999994,63.45436160001735,,,,PENDING_AT_END
63.699999999999996,63.84784636989081,,,,PENDING_AT_END
64.05,64.25327398018642,,,,PENDING_AT_END
64.39999999999999,64.42620222156528,,,,PENDING_AT_END
64.75,65.03356364851129,,,,PENDING_AT_END
65.1,65.21499536378226,,,,PENDING_AT_END
65.45,65.58695178941015,,,,PENDING_AT_END
65.8,66.19101377683707,,,,PENDING_AT_END
66.14999999999999,66.4150045047083,,,,PENDING_AT_END
66.5,66.89854995479158,,,,PENDING_AT_END
66.85,66.90437663693157,,,,PENDING_AT_END
67.19999999999999,67.5837020482031,,,,PENDING_AT_END
67.55,67.86743521192672,,,,PENDING_AT_END
67.89999999999999,67.99049000725843,,,,PENDING_AT_END
68.25,68.59796126754227,,,,PENDING_AT_END
68.6,68.85639859380345,,,,PENDING_AT_END
68.94999999999999,69.31279202998334,,,,PENDING_AT_END
69.3,69.6454061650219,,,,PENDING_AT_END
69.64999999999999,69.8798711370353,,,,PENDING_AT_END
70.0,70.14355758633937,,,,PENDING_AT_END
70.35,70.68935447257516,,,,PENDING_AT_END
70.69999999999999,70.97354980870304,,,,PENDING_AT_END
71.05,71.24667856244555,,,,PENDING_AT_END
71.39999999999999,71.64311808586335,,,,PENDING_AT_END
71.75,72.13710399480502,,,,PENDING_AT_END
72.1,72.34275100595872,,,,PENDING_AT_END
72.44999999999999,72.60815247087294,,,,PENDING_AT_END
72.8,73.06856236691387,,,,PENDING_AT_END
73.14999999999999,73.22285398390461,,,,PENDING_AT_END
73.5,73.58434221583704,,,,PENDING_AT_END
73.85,74.08398846789669,,,,PENDING_AT_END
74.19999999999999,74.38153260990666,,,,PENDING_AT_END
74.55,74.63901080942323,,,,PENDING_AT_END
74.89999999999999,75.18866408952128,,,,PENDING_AT_END
75.25,75.28981799311123,,,,PENDING_AT_END
75.6,75.98435777926747,,,,PENDING_AT_END
75.94999999999999,76.26395016880178,,,,PENDING_AT_END
76.3,76.32857703306574,,,,PENDING_AT_END
76.64999999999999,76.88319813057358,,,,PENDING_AT_END
77.0,77.03402690958785,,,,PENDING_AT_END
77.35,77.47824781865975,,,,PENDING_AT_END
77.69999999999999,77.74079098004015,,,,PENDING_AT_END
78.05,78.40525850247336,,,,PENDING_AT_END
78.39999999999999,78.42946088087372,,,,PENDING_AT_END
78.75,79.01224111380421,,,,PENDING_AT_END
79.1,79.120289945921,,,,PENDING_AT_END
79.44999999999999,79.4617524220807,,,,PENDING_AT_END
79.8,79.93126930054343,,,,PENDING_AT_END
80.14999999999999,80.2991822747753,,,,PENDING_AT_END
80.5,80.80597726308227,,,,PENDING_AT_END
80.85,80.86774051838552,,,,PENDING_AT_END
81.19999999999999,81.54738231378832,,,,PENDING_AT_END
81.55,81.71200227431758,,,,PENDING_AT_END
81.89999999999999,82.13070887708342,,,,PENDING_AT_END
82.25,82.6318714723744,,,,PENDING_AT_END
82.6,82.93291420571862,,,,PENDING_AT_END
82.94999999999999,83.27500215556725,,,,PENDING_AT_END
83.3,83.58458639005333,,,,PENDING_AT_END
83.64999999999999,84.00074272782679,,,,PENDING_AT_END
84.0,84.06821224752406,,,,PENDING_AT_END
84.35,84.4057735586845,,,,PENDING_AT_END
84.69999999999999,84.99171391465097,,,,PENDING_AT_END
85.05,85.12254394956871,,,,PENDING_AT_END
85.39999999999999,85.74244083216824,,,,PENDING_AT_END
85.75,86.11253952691968,,,,PENDING_AT_END
86.1,86.32308635855941,,,,PENDING_AT_END
86.44999999999999,86.7641408570089,,,,PENDING_AT_END
86.8,87.0094890259284,,,,PENDING_AT_END
87.14999999999999,87.27870166267896,,,,PENDING_AT_END
87.5,87.78154881554875,,,,PENDING_AT_END
87.85,88.17213200770172,,,,PENDING_AT_END
88.19999999999999,88.22369379681683,,,,PENDING_AT_END
88.55,88.85725432859924,,,,PENDING_AT_END
88.89999999999999,89.20565184271199,,,,PENDING_AT_END
89.25,89.48020841868046,,,,PENDING_AT_END
89.6,89.68287982220878,,,,PENDING_AT_END
89.94999999999999,90.28238653491067,,,,PENDING_AT_END
90.3,90.34193070306942,,,,PENDING_AT_END
90.64999999999999,90.84201529625635,,,,PENDING_AT_END
91.0,91.39359233238338,,,,PENDING_AT_END
91.35,91.73997801349537,,,,PENDING_AT_END
91.69999999999999,91.9247427847325,,,,PENDING_AT_END
92.05,92.22584260391828,,,,PENDING_AT_END
92.39999999999999,92.60767178000539,,,,PENDING_AT_END
92.75,92.94188997929683,,,,PENDING_AT_END
93.1,93.16778239644734,,,,PENDING_AT_END
93.44999999999999,93.5400764583047,,,,PENDING_AT_END
93.8,94.19497512314202,,,,PENDING_AT_END
94.14999999999999,94.31970035676882,,,,PENDING_AT_END
94.5,94.87853000086724,,,,PENDING_AT_END
94.85,95.07155724819245,,,,PENDING_AT_END
95.19999999999999,95.25622353665764,,,,PENDING_AT_END
95.55,95.80980091409113,,,,PENDING_AT_END
95.89999999999999,96.10634575488127,,,,PENDING_AT_END
96.25,96.4969083785877,,,,PENDING_AT_END
96.6,96.92388326703326,,,,PENDING_AT_END
96.94999999999999,97.03365609182825,,,,PENDING_AT_END
97.3,97.32704250625484,,,,PENDING_AT_END
97.64999999999999,97.69268378801523,,,,PENDING_AT_END
98.0,98.09275404833113,,,,PENDING_AT_END
98.35,98.72016325726847,,,,PENDING_AT_END
98.69999999999999,99.03698002261953,,,,PENDING_AT_END
99.05,99.17063844284401,,,,PENDING_AT_END
99.39999999999999,99.68574768185188,,,,PENDING_AT_END
99.75,99.96778583097193,,,,PENDING_AT_END
100.1,100.41469556621493,,,,PENDING_AT_END
100.44999999999999,100.77163294329151,,,,PENDING_AT_END
100.8,101.01612491310571,,,,PENDING_AT_END
101.14999999999999,101.2289369328149,,,,PENDING_AT_END
101.5,101.75517976068946,,,,PENDING_AT_END
101.85,102.24384269014007,,,,PENDING_AT_END
102.19999999999999,102.37506839599578,,,,PENDING_AT_END
102.55,102.84617176295502,,,,PENDING_AT_END
102.89999999999999,102.9925239519588,,,,PENDING_AT_END
103.25,103.29932048051273,,,,PENDING_AT_END
103.6,103.68933282432846,,,,PENDING_AT_END
103.94999999999999,104.03354607655223,,,,PENDING_AT_END
104.3,104.32448003194075,,,,PENDING_AT_END
104.64999999999999,104.75008295051713,,,,PENDING_AT_END
105.0,105.10663305936959,,,,PENDING_AT_END
105.35,105.41762015910803,,,,PENDING_AT_END
105.69999999999999,106.03692559709026,,,,PENDING_AT_END
106.05,106.17526387962276,,,,PENDING_AT_END
106.39999999999999,106.41246940922623,,,,PENDING_AT_END
106.75,107.09252873506628,,,,PENDING_AT_END
107.1,107.45293277199178,,,,PENDING_AT_END
107.44999999999999,107.45610236530158,,,,PENDING_AT_END
107.8,107.92834921155504,,,,PENDING_AT_END
108.14999999999999,108.24305511986678,,,,PENDING_AT_END
108.5,108.64243076241584,,,,PENDING_AT_END
108.85,109.1100047199229,,,,PENDING_AT_END
109.19999999999999,109.40308218752975,,,,PENDING_AT_END
109.55,109.60206745819467,,,,PENDING_AT_END
109.89999999999999,109.98178567563657,,,,PENDING_AT_END
110.25,110.35552038118772,,,,PENDING_AT_END
110.6,110.88941723138427,,,,PENDING_AT_END
110.94999999999999,111.21685443855617,,,,PENDING_AT_END
111.3,111.61162186715357,,,,PENDING_AT_END
111.64999999999999,111.66097342570946,,,,PENDING_AT_END
112.0,112.22216241899469,,,,PENDING_AT_END
112.35,112.42167961169676,,,,PENDING_AT_END
112.69999999999999,112.96076388879428,,,,PENDING_AT_END
113.05,113.14293677663049,,,,PENDING_AT_END
113.39999999999999,113.79697296119336,,,,PENDING_AT_END
113.74999999999999,113.7731835657536,,,,PENDING_AT_END
114.1,114.47219205837334,,,,PENDING_AT_END
114.44999999999999,114.74166399809926,,,,PENDING_AT_END
114.8,115.01397692346673,,,,PENDING_AT_END
115.14999999999999,115.34686189735307,,,,PENDING_AT_END
115.49999999999999,115.73662375204349,,,,PENDING_AT_END
115.85,116.07133342255284,,,,PENDING_AT_END
116.19999999999999,116.26638806748844,,,,PENDING_AT_END
116.55,116.6862444714172,,,,PENDING_AT_END
116.89999999999999,117.0945310763607,,,,PENDING_AT_END
117.24999999999999,117.39164268439764,,,,PENDING_AT_END
117.6,117.78579864820881,,,,PENDING_AT_END
117.94999999999999,118.3468415688607,,,,PENDING_AT_END
118.3,118.47046744158907,,,,PENDING_AT_END
118.64999999999999,118.76791482299659,,,,PENDING_AT_END
118.99999999999999,119.12845091785267,,,,PENDING_AT_END
119.35,119.68993301632065,,,,PENDING_AT_END
119.69999999999999,120.07888560961143,,,,PENDING_AT_END
120.05,120.13654594046922,,,,PENDING_AT_END
120.39999999999999,120.41332830919696,,,,PENDING_AT_END
120.74999999999999,121.05872229640524,,,,PENDING_AT_END
121.1,121.25253024223733,,,,PENDING_AT_END
121.44999999999999,121.61643709743339,,,,PENDING_AT_END
121.8,122.1566807016534,,,,PENDING_AT_END
122.14999999999999,122.17434157921262,,,,PENDING_AT_END
122.49999999999999,122.85606673855334,,,,PENDING_AT_END
122.85,123.12924189389224,,,,PENDING_AT_END
123.19999999999999,123.2852657668756,,,,PENDING_AT_END
123.55,123.91216857502737,,,,PENDING_AT_END
123.89999999999999,123.93624428242406,,,,PENDING_AT_END
124.24999999999999,124.4792282962464,,,,PENDING_AT_END
124.6,124.99476655742254,,,,PENDING_AT_END
124.94999999999999,125.23745345303638,,,,PENDING_AT_END
125.3,125.57878473428873,,,,PENDING_AT_END
125.64999999999999,126.04955985279189,,,,PENDING_AT_END
125.99999999999999,126.39568340767336,,,,PENDING_AT_END
126.35,126.5861130575311,,,,PENDING_AT_END
126.69999999999999,126.83478375894893,,,,PENDING_AT_END
127.05,127.13808743067254,,,,PENDING_AT_END
127.39999999999999,127.6379880376008,,,,PENDING_AT_END
127.74999999999999,127.9460297888683,,,,PENDING_AT_END
128.1,128.39055891070987,,,,PENDING_AT_END
128.45,128.78640940842126,,,,PENDING_AT_END
128.79999999999998,128.9022534569656,,,,PENDING_AT_END
129.15,129.17282892236224,,,,PENDING_AT_END
129.5,129.69506642071275,,,,PENDING_AT_END
129.85,130.09910759352798,,,,PENDING_AT_END
130.2,130.58901195963176,,,,PENDING_AT_END
130.54999999999998,130.55336851708276,,,,PENDING_AT_END
130.9,131.27916604642544,,,,PENDING_AT_END
131.25,131.4442581670649,,,,PENDING_AT_END
131.6,131.85240982369223,,,,PENDING_AT_END
131.95,132.03448298581685,,,,PENDING_AT_END
132.29999999999998,132.46566746561982,,,,PENDING_AT_END
132.65,132.97430015068787,,,,PENDING_AT_END
133.0,133.23228394131996,,,,PENDING_AT_END
133.35,133.70164760366336,,,,PENDING_AT_END
133.7,134.05846246187258,,,,PENDING_AT_END
134.04999999999998,134.1647182881384,,,,PENDING_AT_END
134.39999999999998,134.76781671157795,,,,PENDING_AT_END
134.75,134.9569439117002,,,,PENDING_AT_END
135.1,135.11803350888735,,,,PENDING_AT_END
135.45,135.50755217315685,,,,PENDING_AT_END
135.79999999999998,135.83860014495596,,,,PENDING_AT_END
136.14999999999998,136.22300474294457,,,,PENDING_AT_END
136.5,136.6081205292009,,,,PENDING_AT_END
136.85,137.23950969485273,,,,PENDING_AT_END
137.2,137.31942752339535,,,,PENDING_AT_END
137.54999999999998,137.669421683048,,,,PENDING_AT_END
137.89999999999998,138.1235522218645,,,,PENDING_AT_END
138.25,138.62267105721884,,,,PENDING_AT_END
138.6,138.69753377183505,,,,PENDING_AT_END
138.95,139.0940742876502,,,,PENDING_AT_END
139.29999999999998,139.61573615348632,,,,PENDING_AT_END
139.64999999999998,139.77850725072807,,,,PENDING_AT_END
140.0,140.30710842735948,,,,PENDING_AT_END
140.35,140.72800994911333,,,,PENDING_AT_END
140.7,141.03379119972703,,,,PENDING_AT_END
141.04999999999998,141.28021335500645,,,,PENDING_AT_END
141.39999999999998,141.64236182577633,,,,PENDING_AT_END
141.75,141.88411545072944,,,,PENDING_AT_END
142.1,142.45644286936178,,,,PENDING_AT_END
142.45,142.60383599641045,,,,PENDING_AT_END
142.79999999999998,143.16607754510656,,,,PENDING_AT_END
143.14999999999998,143.32646292336068,,,,PENDING_AT_END
143.5,143.75429430341615,,,,PENDING_AT_END
143.85,143.90175424523423,,,,PENDING_AT_END
144.2,144.52577797308652,,,,PENDING_AT_END
144.54999999999998,144.9446446810928,,,,PENDING_AT_END
144.89999999999998,145.26261011927534,,,,PENDING_AT_END
145.25,145.5492151878126,,,,PENDING_AT_END
145.6,145.61368240899262,,,,PENDING_AT_END
145.95,146.0882334663769,,,,PENDING_AT_END
146.29999999999998,146.51949323061913,,,,PENDING_AT_END
146.64999999999998,146.91457315376306,,,,PENDING_AT_END
147.0,147.24213562316504,,,,PENDING_AT_END
147.35,147.68884243438887,,,,PENDING_AT_END
147.7,147.82551054863728,,,,PENDING_AT_END
148.04999999999998,148.44012145609176,,,,PENDING_AT_END
148.39999999999998,148.52832854393472,,,,PENDING_AT_END
148.75,149.1181572645262,,,,PENDING_AT_END
149.1,149.31484381287905,,,,PENDING_AT_END
149.45,149.67734808803942,,,,PENDING_AT_END
149.79999999999998,150.1014117652244,,,,PENDING_AT_END
150.14999999999998,150.4658505110956,,,,PENDING_AT_END
150.5,150.83993347708707,,,,PENDING_AT_END
150.85,151.0658427979341,,,,PENDING_AT_END
151.2,151.5202929077671,,,,PENDING_AT_END
151.54999999999998,151.92363621219235,,,,PENDING_AT_END
151.89999999999998,152.00522150480055,,,,PENDING_AT_END
152.25,152.37873334120343,,,,PENDING_AT_END
152.6,152.73065678462822,,,,PENDING_AT_END
152.95,153.23161755039303,,,,PENDING_AT_END
153.29999999999998,153.69955910741348,,,,PENDING_AT_END
153.64999999999998,153.94764691202943,,,,PENDING_AT_END
154.0,154.2877105550129,,,,PENDING_AT_END
154.35,154.66191634857486,,,,PENDING_AT_END
154.7,155.0297486684595,,,,PENDING_AT_END
155.04999999999998,155.2289050765739,,,,PENDING_AT_END
155.39999999999998,155.51776950954212,,,,PENDING_AT_END
155.75,155.82417992065433,,,,PENDING_AT_END
156.1,156.48789316211517,,,,PENDING_AT_END
156.45,156.5541199954019,,,,PENDING_AT_END
156.79999999999998,157.1706188766889,,,,PENDING_AT_END
157.14999999999998,157.4043369125174,,,,PENDING_AT_END
157.5,157.8616736235765,,,,PENDING_AT_END
157.85,158.2394979741977,,,,PENDING_AT_END
158.2,158.56848701348872,,,,PENDING_AT_END
158.54999999999998,158.91929630246906,,,,PENDING_AT_END
158.89999999999998,159.1663925121004,,,,PENDING_AT_END
159.25,159.41793089355332,,,,PENDING_AT_END
159.6,159.91902579661289,,,,PENDING_AT_END
159.95,160.0622432649422,,,,PENDING_AT_END
160.29999999999998,160.52559061583,,,,PENDING_AT_END
160.64999999999998,160.71971575036196,,,,PENDING_AT_END
161.0,161.04681730785768,,,,PENDING_AT_END
161.35,161.50742339684362,,,,PENDING_AT_END
161.7,161.89936580300002,,,,PENDING_AT_END
162.04999999999998,162.1763836222929,,,,PENDING_AT_END
162.39999999999998,162.6945288616322,,,,PENDING_AT_END
162.75,163.0218213952861,,,,PENDING_AT_END
163.1,163.1141740111254,,,,PENDING_AT_END
163.45,163.84238706834327,,,,PENDING_AT_END
163.79999999999998,163.82862172491573,,,,PENDING_AT_END
164.14999999999998,164.5037055529877,,,,PENDING_AT_END
164.5,164.84563809224267,,,,PENDING_AT_END
164.85,164.8813753166891,,,,PENDING_AT_END
165.2,165.54925078163524,,,,PENDING_AT_END
165.54999999999998,165.68964583795585,,,,PENDING_AT_END
165.89999999999998,166.15165862005603,,,,PENDING_AT_END
166.25,166.27086530443313,,,,PENDING_AT_END
166.6,166.85203133964168,,,,PENDING_AT_END
166.95,166.9576419430104,,,,PENDING_AT_END
167.29999999999998,167.32886436236768,,,,PENDING_AT_END
167.64999999999998,167.75193716223066,,,,PENDING_AT_END
168.0,168.31407884738377,,,,PENDING_AT_END
168.35,168.73137323985512,,,,PENDING_AT_END
168.7,168.84374021383917,,,,PENDING_AT_END
169.04999999999998,169.25765888171608,,,,PENDING_AT_END
169.39999999999998,169.40222295515616,,,,PENDING_AT_END
169.75,169.76960953478084,,,,PENDING_AT_END
170.1,170.1160801168962,,,,PENDING_AT_END
170.45,170.56751926254452,,,,PENDING_AT_END
170.79999999999998,170.80899943200612,,,,PENDING_AT_END
171.14999999999998,171.43528417769772,,,,PENDING_AT_END
171.5,171.601948007492,,,,PENDING_AT_END
171.85,171.99351404682372,,,,PENDING_AT_END
172.2,172.4493080450951,,,,PENDING_AT_END
172.54999999999998,172.70401758113033,,,,PENDING_AT_END
172.89999999999998,173.21677392784073,,,,PENDING_AT_END
173.25,173.36827633897008,,,,PENDING_AT_END
173.6,173.98710781197397,,,,PENDING_AT_END
173.95,174.2738914771101,,,,PENDING_AT_END
174.29999999999998,174.44040273478745,,,,PENDING_AT_END
174.64999999999998,174.7945126247593,,,,PENDING_AT_END
175.0,175.00757066989559,,,,PENDING_AT_END
175.35,175.7474092867827,,,,PENDING_AT_END
175.7,175.92063867920922,,,,PENDING_AT_END
176.04999999999998,176.29200461847174,,,,PENDING_AT_END
176.39999999999998,176.7438709654868,,,,PENDING_AT_END
176.75,176.90852615959943,,,,PENDING_AT_END
177.1,177.15382052754242,,,,PENDING_AT_END
177.45,177.62739325291528,,,,PENDING_AT_END
177.79999999999998,177.8242075266932,,,,PENDING_AT_END
178.14999999999998,178.5364757096541,,,,PENDING_AT_END
178.5,178.71213771414614,,,,PENDING_AT_END
178.85,179.1286721481994,,,,PENDING_AT_END
179.2,179.4409752557617,,,,PENDING_AT_END
179.54999999999998,179.8453916403029,,,,PENDING_AT_END
179.89999999999998,179.93567076023737,,,,PENDING_AT_END
180.25,180.45285710427794,,,,PENDING_AT_END
180.6,180.66825532218095,,,,PENDING_AT_END
180.95,181.30698052080498,,,,PENDING_AT_END
181.29999999999998,181.61704791430955,,,,PENDING_AT_END
181.64999999999998,181.8036228011635,,,,PENDING_AT_END
182.0,182.07075310254476,,,,PENDING_AT_END
182.35,182.61315009109038,,,,PENDING_AT_END
182.7,182.72395131753944,,,,PENDING_AT_END
183.04999999999998,183.32001485561577,,,,PENDING_AT_END
183.39999999999998,183.54725422729888,,,,PENDING_AT_END
183.75,183.88196044445533,,,,PENDING_AT_END
184.1,184.10899826380094,,,,PENDING_AT_END
184.45,184.5461058321859,,,,PENDING_AT_END
184.79999999999998,184.93527932745243,,,,PENDING_AT_END
185.14999999999998,185.1586137218451,,,,PENDING_AT_END
185.5,185.84720725368913,,,,PENDING_AT_END
185.85,186.2218717838833,,,,PENDING_AT_END
186.2,186.2282552742239,,,,PENDING_AT_END
186.54999999999998,186.74890363292909,,,,PENDING_AT_END
186.89999999999998,186.92846245954019,,,,PENDING_AT_END
187.25,187.423135053169,,,,PENDING_AT_END
187.6,187.70980911100216,,,,PENDING_AT_END
187.95,188.32976220489724,,,,PENDING_AT_END
188.29999999999998,188.49367715077622,,,,PENDING_AT_END
188.64999999999998,188.95649629226511,,,,PENDING_AT_END
189.0,189.28869186538844,,,,PENDING_AT_END
189.35,189.5049116816464,,,,PENDING_AT_END
189.7,189.77547638064192,,,,PENDING_AT_END
190.04999999999998,190.358128749827,,,,PENDING_AT_END
190.39999999999998,190.72588188082432,,,,PENDING_AT_END
190.75,191.00033738326988,,,,PENDING_AT_END
191.1,191.37631249416594,,,,PENDING_AT_END
191.45,191.80708541342227,,,,PENDING_AT_END
191.79999999999998,192.11075738019642,,,,PENDING_AT_END
192.14999999999998,192.21252391547137,,,,PENDING_AT_END
192.5,192.59900193250667,,,,PENDING_AT_END
192.85,193.08357535737323,,,,PENDING_AT_END
193.2,193.3608002259487,,,,PENDING_AT_END
193.54999999999998,193.5731642996137,,,,PENDING_AT_END
193.89999999999998,194.04488860460305,,,,PENDING_AT_END
194.25,194.6353635590546,,,,PENDING_AT_END
194.6,194.63985608045246,,,,PENDING_AT_END
194.95,195.15395830051295,,,,PENDING_AT_END
195.29999999999998,195.66825212923445,,,,PENDING_AT_END
195.64999999999998,195.76122547203215,,,,PENDING_AT_END
196.0,196.2374857378585,,,,PENDING_AT_END
196.35,196.46314255704127,,,,PENDING_AT_END
196.7,197.00443200453623,,,,PENDING_AT_END
197.04999999999998,197.30745303781353,,,,PENDING_AT_END
197.39999999999998,197.6427756664233,,,,PENDING_AT_END
197.75,198.0536425417066,,,,PENDING_AT_END
198.1,198.20051808858867,,,,PENDING_AT_END
198.45,198.57332432295084,,,,PENDING_AT_END
198.79999999999998,199.17658963103375,,,,PENDING_AT_END
199.14999999999998,199.36689694293716,,,,PENDING_AT_END
199.5,199.57408813985734,,,,PENDING_AT_END
199.85,200.20789277783823,,,,PENDING_AT_END
200.2,200.2269242163503,,,,PENDING_AT_END
200.54999999999998,200.58520731883098,,,,PENDING_AT_END
200.89999999999998,201.21961232362736,,,,PENDING_AT_END
201.25,201.34683153290734,,,,PENDING_AT_END
201.6,201.77757307777617,,,,PENDING_AT_END
201.95,202.00079808316184,,,,PENDING_AT_END
202.29999999999998,202.67669047041497,,,,PENDING_AT_END
202.64999999999998,202.92313955927102,,,,PENDING_AT_END
203.0,203.11161825587578,,,,PENDING_AT_END
203.35,203.54724562744357,,,,PENDING_AT_END
203.7,203.98495251415875,,,,PENDING_AT_END
204.04999999999998,204.37680829379033,,,,PENDING_AT_END
204.39999999999998,204.46284754211047,,,,PENDING_AT_END
204.75,204.9813105775641,,,,PENDING_AT_END
205.1,205.39926647161556,,,,PENDING_AT_END
205.45,205.5798459112022,,,,PENDING_AT_END
205.79999999999998,206.02987792519426,,,,PENDING_AT_END
206.14999999999998,206.43703406709193,,,,PENDING_AT_END
206.5,206.6064618853195,,,,PENDING_AT_END
206.85,207.18376909881633,,,,PENDING_AT_END
207.2,207.5885636434861,,,,PENDING_AT_END
207.54999999999998,207.9137955603624,,,,PENDING_AT_END
207.89999999999998,208.1301017194761,,,,PENDING_AT_END
208.25,208.3722997606397,,,,PENDING_AT_END
208.6,208.9556281566768,,,,PENDING_AT_END
208.95,209.17977299887104,,,,PENDING_AT_END
209.29999999999998,209.42381444091941,,,,PENDING_AT_END
209.64999999999998,209.78590280667163,,,,PENDING_AT_END
210.0,210.30429619510153,,,,PENDING_AT_END
210.35,210.56776582972728,,,,PENDING_AT_END
210.7,211.05881621362323,,,,PENDING_AT_END
211.04999999999998,211.14385101163973,,,,PENDING_AT_END
211.39999999999998,211.78819463192093,,,,PENDING_AT_END
211.75,211.98201577411493,,,,PENDING_AT_END
212.1,212.3577443055772,,,,PENDING_AT_END
212.45,212.565678475977,,,,PENDING_AT_END
212.79999999999998,213.0965803111881,,,,PENDING_AT_END
213.14999999999998,213.4702202871535,,,,PENDING_AT_END
213.5,213.6977325843577,,,,PENDING_AT_END
213.85,213.8573137272716,,,,PENDING_AT_END
214.2,214.58302751325544,,,,PENDING_AT_END
214.54999999999998,214.85077761782375,,,,PENDING_AT_END
214.89999999999998,215.09136742769863,,,,PENDING_AT_END
215.25,215.51643174182954,,,,PENDING_AT_END
215.6,215.86942932845815,,,,PENDING_AT_END
215.95,216.14093636994977,,,,PENDING_AT_END
216.29999999999998,216.62112243847443,,,,PENDING_AT_END
216.64999999999998,216.99148023001004,,,,PENDING_AT_END
217.0,217.18800850488316,,,,PENDING_AT_END
217.35,217.4323111368798,,,,PENDING_AT_END
217.7,217.91245236112263,,,,PENDING_AT_END
218.04999999999998,218.17865161671708,,,,PENDING_AT_END
218.39999999999998,218.50967438774245,,,,PENDING_AT_END
218.75,218.8092062483746,,,,PENDING_AT_END
219.1,219.14460594225793,,,,PENDING_AT_END
219.45,219.4898463244885,,,,PENDING_AT_END
219.79999999999998,220.01520788209015,,,,PENDING_AT_END
220.14999999999998,220.19904772467447,,,,PENDING_AT_END
220.5,220.55071866764627,,,,PENDING_AT_END
220.85,221.06529152861728,,,,PENDING_AT_END
221.2,221.37854677232087,,,,PENDING_AT_END
221.54999999999998,221.72661596368314,,,,PENDING_AT_END
221.89999999999998,222.22269253867188,,,,PENDING_AT_END
222.25,222.42301222808692,,,,PENDING_AT_END
222.6,222.8776799915743,,,,PENDING_AT_END
222.95,223.11011113450985,,,,PENDING_AT_END
223.29999999999998,223.32294871119282,,,,PENDING_AT_END
223.64999999999998,223.89424613440514,,,,PENDING_AT_END
224.0,224.23533098435547,,,,PENDING_AT_END
224.35,224.59055531081478,,,,PENDING_AT_END
224.7,225.05765117217533,,,,PENDING_AT_END
225.04999999999998,225.11547273510857,,,,PENDING_AT_END
225.39999999999998,225.73544149474236,,,,PENDING_AT_END
225.74999999999997,225.80047183138876,,,,PENDING_AT_END
226.1,226.33074632781094,,,,PENDING_AT_END
226.45,226.70945730391503,,,,PENDING_AT_END
226.79999999999998,226.88423791561488,,,,PENDING_AT_END
227.14999999999998,227.32932978104122,,,,PENDING_AT_END
227.49999999999997,227.84586850279382,,,,PENDING_AT_END
227.85,228.04848694755273,,,,PENDING_AT_END
228.2,228.57133976175436,,,,PENDING_AT_END
228.54999999999998,228.55619816938324,,,,PENDING_AT_END
228.89999999999998,229.21741992340992,,,,PENDING_AT_END
229.24999999999997,229.4181841097832,,,,PENDING_AT_END
229.6,229.94294075205178,,,,PENDING_AT_END
229.95,230.07742355339275,,,,PENDING_AT_END
230.29999999999998,230.34671038397002,,,,PENDING_AT_END
230.64999999999998,230.90134028606047,,,,PENDING_AT_END
230.99999999999997,231.3382860501188,,,,PENDING_AT_END
231.35,231.5244284890105,,,,PENDING_AT_END
231.7,232.01449376706051,,,,PENDING_AT_END
232.04999999999998,232.36860142317724,,,,PENDING_AT_END
232.39999999999998,232.69347413656476,,,,PENDING_AT_END
232.74999999999997,233.01084741851955,,,,PENDING_AT_END
233.1,233.42969614261474,,,,PENDING_AT_END
233.45,233.61626788820308,,,,PENDING_AT_END
233.79999999999998,233.81856326359977,,,,PENDING_AT_END
234.14999999999998,234.2712043787709,,,,PENDING_AT_END
234.49999999999997,234.6109890514168,,,,PENDING_AT_END
234.85,235.02813311659534,,,,PENDING_AT_END
235.2,235.58638900661862,,,,PENDING_AT_END
235.54999999999998,235.91668082721495,,,,PENDING_AT_END
235.89999999999998,236.2977431151598,,,,PENDING_AT_END
236.24999999999997,236.35867669592514,,,,PENDING_AT_END
236.6,236.7421750182061,,,,PENDING_AT_END
236.95,237.13011257006485,,,,PENDING_AT_END
237.29999999999998,237.63897969266193,,,,PENDING_AT_END
237.64999999999998,238.02785605169902,,,,PENDING_AT_END
237.99999999999997,238.02216204743016,,,,PENDING_AT_END
238.35,238.73770532716864,,,,PENDING_AT_END
238.7,239.09840882406127,,,,PENDING_AT_END
239.04999999999998,239.34994724398334,,,,PENDING_AT_END
239.39999999999998,239.67888484026656,,,,PENDING_AT_END
239.74999999999997,239.89399010350857,,,,PENDING_AT_END
240.1,240.48508444214494,,,,PENDING_AT_END
240.45,240.5524189818433,,,,PENDING_AT_END
240.79999999999998,240.912869712817,,,,PENDING_AT_END
241.14999999999998,241.4059598053417,,,,PENDING_AT_END
241.49999999999997,241.8136955696967,,,,PENDING_AT_END
241.85,242.12678861505682,,,,PENDING_AT_END
242.2,242.55122331243223,,,,PENDING_AT_END
242.54999999999998,242.67828350799763,,,,PENDING_AT_END
242.89999999999998,243.22489698923755,,,,PENDING_AT_END
243.24999999999997,243.30287417879757,,,,PENDING_AT_END
243.6,243.75577707884716,,,,PENDING_AT_END
243.95,244.20197213654654,,,,PENDING_AT_END
244.29999999999998,244.4962445892642,,,,PENDING_AT_END
244.64999999999998,245.02991104992162,,,,PENDING_AT_END
244.99999999999997,245.10684661845502,,,,PENDING_AT_END
245.35,245.6485264228272,,,,PENDING_AT_END
245.7,245.8076347093491,,,,PENDING_AT_END
246.04999999999998,246.18465285221507,,,,PENDING_AT_END
246.39999999999998,246.53473153027744,,,,PENDING_AT_END
246.74999999999997,247.0176415671542,,,,PENDING_AT_END
247.1,247.28935975548737,,,,PENDING_AT_END
247.45,247.82689328442052,,,,PENDING_AT_END
247.79999999999998,248.17581072078,,,,PENDING_AT_END
248.14999999999998,248.41924445751306,,,,PENDING_AT_END
248.49999999999997,248.58420867694028,,,,PENDING_AT_END
248.85,249.18123017650325,,,,PENDING_AT_END
249.2,249.47593928060377,,,,PENDING_AT_END
249.54999999999998,249.93862372691555,,,,PENDING_AT_END
249.89999999999998,249.90128963204796,,,,PENDING_AT_END
250.24999999999997,250.61187288756022,,,,PENDING_AT_END
250.6,250.73358585246322,,,,PENDING_AT_END
250.95,251.34987477530626,,,,PENDING_AT_END
251.29999999999998,251.6593988220139,,,,PENDING_AT_END
251.64999999999998,252.03080570464078,,,,PENDING_AT_END
251.99999999999997,252.31213878098086,,,,PENDING_AT_END
252.35,252.6243303222934,,,,PENDING_AT_END
252.7,252.7642194165898,,,,PENDING_AT_END
253.04999999999998,253.4214143745116,,,,PENDING_AT_END
253.39999999999998,253.5880596641622,,,,PENDING_AT_END
253.74999999999997,253.96118889339274,,,,PENDING_AT_END
254.1,254.3827099522815,,,,PENDING_AT_END
254.45,254.75985638541852,,,,PENDING_AT_END
254.79999999999998,254.9899210703047,,,,PENDING_AT_END
255.14999999999998,255.37871384122064,,,,PENDING_AT_END
255.49999999999997,255.76890056880566,,,,PENDING_AT_END
255.85,256.20229319797846,,,,PENDING_AT_END
256.2,256.3991918297416,,,,PENDING_AT_END
256.55,256.92870276188074,,,,PENDING_AT_END
256.9,257.1221290128859,,,,PENDING_AT_END
257.25,257.64639105878086,,,,PENDING_AT_END
257.59999999999997,257.93659829777,,,,PENDING_AT_END
257.95,258.2953405653166,,,,PENDING_AT_END
258.3,258.59415243232667,,,,PENDING_AT_END
258.65,258.90804560775314,,,,PENDING_AT_END
259.0,259.17055159454617,,,,PENDING_AT_END
259.34999999999997,259.51123318977005,,,,PENDING_AT_END
259.7,259.7939021063142,,,,PENDING_AT_END
260.05,260.4200500351896,,,,PENDING_AT_END
260.4,260.7243825841251,,,,PENDING_AT_END
260.75,260.96612247237897,,,,PENDING_AT_END
261.09999999999997,261.4151836533434,,,,PENDING_AT_END
261.45,261.5249601953562,,,,PENDING_AT_END
261.8,261.98587354551313,,,,PENDING_AT_END
262.15,262.42253754995807,,,,PENDING_AT_END
262.5,262.62249280293054,,,,PENDING_AT_END
262.84999999999997,263.0663829570188,,,,PENDING_AT_END
263.2,263.4565699485077,,,,PENDING_AT_END
263.55,263.85810960710074,,,,PENDING_AT_END
263.9,264.28496625966966,,,,PENDING_AT_END
264.25,264.5715904324894,,,,PENDING_AT_END
264.59999999999997,264.71418835877336,,,,PENDING_AT_END
264.95,265.2267855386745,,,,PENDING_AT_END
265.3,265.31847330646707,,,,PENDING_AT_END
265.65,266.0342022314129,,,,PENDING_AT_END
266.0,266.2412628794642,,,,PENDING_AT_END
266.34999999999997,266.5092412912904,,,,PENDING_AT_END
266.7,266.7410441918145,,,,PENDING_AT_END
267.05,267.19195484287724,,,,PENDING_AT_END
267.4,267.5912795916072,,,,PENDING_AT_END
267.75,268.0982679837374,,,,PENDING_AT_END
268.09999999999997,268.2868137767337,,,,PENDING_AT_END
268.45,268.66020120160596,,,,PENDING_AT_END
268.79999999999995,268.8558265932744,,,,PENDING_AT_END
269.15,269.34638901682547,,,,PENDING_AT_END
269.5,269.66803003249686,,,,PENDING_AT_END
269.84999999999997,269.96517065633606,,,,PENDING_AT_END
270.2,270.5979902954835,,,,PENDING_AT_END
270.54999999999995,270.7845675889006,,,,PENDING_AT_END
270.9,271.05583647249057,,,,PENDING_AT_END
271.25,271.62793762886633,,,,PENDING_AT_END
271.59999999999997,271.7713307874856,,,,PENDING_AT_END
271.95,272.0834691554955,,,,PENDING_AT_END
272.29999999999995,272.6418119485269,,,,PENDING_AT_END
272.65,272.9246375246963,,,,PENDING_AT_END
273.0,273.3211268698383,,,,PENDING_AT_END
273.34999999999997,273.4872429239969,,,,PENDING_AT_END
273.7,273.77037277622304,,,,PENDING_AT_END
274.04999999999995,274.06443001657453,,,,PENDING_AT_END
274.4,274.55527885140907,,,,PENDING_AT_END
274.75,274.7795831094643,,,,PENDING_AT_END
275.09999999999997,275.27083668891504,,,,PENDING_AT_END
275.45,275.64057278195065,,,,PENDING_AT_END
275.79999999999995,275.8247913643132,,,,PENDING_AT_END
276.15,276.39995295557264,,,,PENDING_AT_END
276.5,276.5567695176844,,,,PENDING_AT_END
276.84999999999997,276.8713883235402,,,,PENDING_AT_END
277.2,277.4679562778654,,,,PENDING_AT_END
277.54999999999995,277.55845391310413,,,,PENDING_AT_END
277.9,277.92532487868266,,,,PENDING_AT_END
278.25,278.3363035582131,,,,PENDING_AT_END
278.59999999999997,278.93998699709624,,,,PENDING_AT_END
278.95,279.0731495613599,,,,PENDING_AT_END
279.29999999999995,279.5947839784011,,,,PENDING_AT_END
279.65,279.65735308868113,,,,PENDING_AT_END
280.0,280.0834001152126,,,,PENDING_AT_END
280.34999999999997,280.6583149417648,,,,PENDING_AT_END
280.7,280.8198606885424,,,,PENDING_AT_END
281.04999999999995,281.1211399878001,,,,PENDING_AT_END
281.4,281.7948903692728,,,,PENDING_AT_END
281.75,281.9796872999086,,,,PENDING_AT_END
282.09999999999997,282.3864436482656,,,,PENDING_AT_END
282.45,282.75315753752005,,,,PENDING_AT_END
282.79999999999995,282.9114832926497,,,,PENDING_AT_END
283.15,283.2625626596739,,,,PENDING_AT_END
283.5,283.7208802789562,,,,PENDING_AT_END
283.84999999999997,283.8861147722503,,,,PENDING_AT_END
284.2,284.35173391006214,,,,PENDING_AT_END
284.54999999999995,284.78088733148184,,,,PENDING_AT_END
284.9,285.040983277284,,,,PENDING_AT_END
285.25,285.49431938711757,,,,PENDING_AT_END
285.59999999999997,285.64712918733943,,,,PENDING_AT_END
285.95,286.2079445561596,,,,PENDING_AT_END
286.29999999999995,286.36981772354943,,,,PENDING_AT_END
286.65,286.9888200381414,,,,PENDING_AT_END
287.0,287.1682119843397,,,,PENDING_AT_END
287.34999999999997,287.45513696980305,,,,PENDING_AT_END
287.7,287.7989109100943,,,,PENDING_AT_END
288.04999999999995,288.4463675144523,,,,PENDING_AT_END
288.4,288.61695983158256,,,,PENDING_AT_END
288.75,288.9713191582624,,,,PENDING_AT_END
289.09999999999997,289.4973986196505,,,,PENDING_AT_END
289.45,289.8122719916535,,,,PENDING_AT_END
289.79999999999995,289.90526706407854,,,,PENDING_AT_END
290.15,290.5159371327079,,,,PENDING_AT_END
290.5,290.73604939087886,,,,PENDING_AT_END
290.84999999999997,290.88835528784176,,,,PENDING_AT_END
291.2,291.2328435976909,,,,PENDING_AT_END
291.54999999999995,291.60803408034883,,,,PENDING_AT_END
291.9,292.2238882517473,,,,PENDING_AT_END
292.25,292.5805598742678,,,,PENDING_AT_END
292.59999999999997,292.8251529747652,,,,PENDING_AT_END
292.95,293.3123724453132,,,,PENDING_AT_END
293.29999999999995,293.6925498755561,,,,PENDING_AT_END
293.65,294.0471114318592,,,,PENDING_AT_END
294.0,294.24109503016484,,,,PENDING_AT_END
294.34999999999997,294.50390871460394,,,,PENDING_AT_END
294.7,294.8728885968923,,,,PENDING_AT_END
295.04999999999995,295.2230853189417,,,,PENDING_AT_END
295.4,295.6318657495194,,,,PENDING_AT_END
295.75,295.811673203757,,,,PENDING_AT_END
296.09999999999997,296.32958329006266,,,,PENDING_AT_END
296.45,296.82087281730793,,,,PENDING_AT_END
296.79999999999995,297.1308367854025,,,,PENDING_AT_END
297.15,297.3730497648587,,,,PENDING_AT_END
297.5,297.58312325990505,,,,PENDING_AT_END
297.84999999999997,298.04266846882473,,,,PENDING_AT_END
298.2,298.5522137786799,,,,PENDING_AT_END
298.54999999999995,298.82037427051614,,,,PENDING_AT_END
298.9,299.2540557384415,,,,PENDING_AT_END
299.25,299.36479684676715,,,,PENDING_AT_END
299.59999999999997,299.6636070356664,,,,PENDING_AT_END
299.95,300.1503636130688,,,,PENDING_AT_END
300.29999999999995,300.45396290791723,,,,PENDING_AT_END
300.65,300.8396179101452,,,,PENDING_AT_END
301.0,301.1917363561431,,,,PENDING_AT_END
301.34999999999997,301.47259645053083,,,,PENDING_AT_END
301.7,301.91995716878745,,,,PENDING_AT_END
302.04999999999995,302.3611933092012,,,,PENDING_AT_END
302.4,302.4214843146059,,,,PENDING_AT_END
302.75,302.8474561453155,,,,PENDING_AT_END
303.09999999999997,303.4265176951323,,,,PENDING_AT_END
303.45,303.74241203719174,,,,PENDING_AT_END
303.79999999999995,304.14968004956404,,,,PENDING_AT_END
304.15,304.3399592512558,,,,PENDING_AT_END
304.5,304.55465670431784,,,,PENDING_AT_END
304.84999999999997,305.16715599024093,,,,PENDING_AT_END
305.2,305.59817738966325,,,,PENDING_AT_END
305.54999999999995,305.78018195391996,,,,PENDING_AT_END
305.9,306.22560847721877,,,,PENDING_AT_END
306.25,306.4104124520969,,,,PENDING_AT_END
306.59999999999997,306.7430999995666,,,,PENDING_AT_END
306.95,307.32951589775513,,,,PENDING_AT_END
307.29999999999995,307.43200261995935,,,,PENDING_AT_END
307.65,307.7291471128402,,,,PENDING_AT_END
308.0,308.16980743540375,,,,PENDING_AT_END
308.34999999999997,308.59695568265414,,,,PENDING_AT_END
308.7,308.75827595078323,,,,PENDING_AT_END
309.04999999999995,309.3947660143432,,,,PENDING_AT_END
309.4,309.66185349116824,,,,PENDING_AT_END
309.75,309.8720930387842,,,,PENDING_AT_END
310.09999999999997,310.40961014837904,,,,PENDING_AT_END
310.45,310.65441065802,,,,PENDING_AT_END
310.79999999999995,311.0763894989068,,,,PENDING_AT_END
311.15,311.2074331950979,,,,PENDING_AT_END
311.5,311.8816676961135,,,,PENDING_AT_END
311.84999999999997,312.13747848409815,,,,PENDING_AT_END
312.2,312.5049184790474,,,,PENDING_AT_END
312.54999999999995,312.7449664699708,,,,PENDING_AT_END
312.9,313.2540211952942,,,,PENDING_AT_END
313.25,313.5435207262939,,,,PENDING_AT_END
313.59999999999997,313.95187474687697,,,,PENDING_AT_END
313.95,314.16059968641224,,,,PENDING_AT_END
314.29999999999995,314.6328457214486,,,,PENDING_AT_END
314.65,314.99424582896984,,,,PENDING_AT_END
315.0,315.0317032659094,,,,PENDING_AT_END
315.34999999999997,315.418586679861,,,,PENDING_AT_END
315.7,315.9106270520911,,,,PENDING_AT_END
316.04999999999995,316.2244799895359,,,,PENDING_AT_END
316.4,316.4662966564489,,,,PENDING_AT_END
316.75,316.9450371726755,,,,PENDING_AT_END
317.09999999999997,317.2028443738754,,,,PENDING_AT_END
317.45,317.76538107555615,,,,PENDING_AT_END
317.79999999999995,317.9534199533442,,,,PENDING_AT_END
318.15,318.39663060630403,,,,PENDING_AT_END
318.5,318.5208036789136,,,,PENDING_AT_END
318.84999999999997,318.85720480216474,,,,PENDING_AT_END
319.2,319.35175991864486,,,,PENDING_AT_END
319.54999999999995,319.89879462080273,,,,PENDING_AT_END
319.9,320.2137281571787,,,,PENDING_AT_END
320.25,320.48872332387316,,,,PENDING_AT_END
320.59999999999997,320.94648003167043,,,,PENDING_AT_END
320.95,321.3328790896963,,,,PENDING_AT_END
321.29999999999995,321.45235937629184,,,,PENDING_AT_END
321.65,321.7230564112509,,,,PENDING_AT_END
322.0,322.2997390964082,,,,PENDING_AT_END
322.34999999999997,322.39013277513874,,,,PENDING_AT_END
322.7,322.8266974255028,,,,PENDING_AT_END
323.04999999999995,323.13816067598555,,,,PENDING_AT_END
323.4,323.6662881598287,,,,PENDING_AT_END
323.75,323.7700782392643,,,,PENDING_AT_END
324.09999999999997,324.1072998293807,,,,PENDING_AT_END
324.45,324.45807508606873,,,,PENDING_AT_END
324.79999999999995,324.8309972038995,,,,PENDING_AT_END
325.15,325.50832676889877,,,,PENDING_AT_END
325.5,325.68407689573075,,,,PENDING_AT_END
325.84999999999997,325.89091381599536,,,,PENDING_AT_END
326.2,326.2276245210607,,,,PENDING_AT_END
326.54999999999995,326.78805671863427,,,,PENDING_AT_END
326.9,327.2217895098919,,,,PENDING_AT_END
327.25,327.34974086519094,,,,PENDING_AT_END
327.59999999999997,327.87539054527423,,,,PENDING_AT_END
327.95,328.1325563521869,,,,PENDING_AT_END
328.29999999999995,328.69535140969117,,,,PENDING_AT_END
328.65,328.7220129651497,,,,PENDING_AT_END
329.0,329.1457651926214,,,,PENDING_AT_END
329.34999999999997,329.56164356745234,,,,PENDING_AT_END
329.7,329.739876196656,,,,PENDING_AT_END
330.04999999999995,330.29812953888074,,,,PENDING_AT_END
330.4,330.48880700707537,,,,PENDING_AT_END
330.75,330.8930418113406,,,,PENDING_AT_END
331.09999999999997,331.11198568069614,,,,PENDING_AT_END
331.45,331.6829759246394,,,,PENDING_AT_END
331.79999999999995,331.94801262083354,,,,PENDING_AT_END
332.15,332.51105583030903,,,,PENDING_AT_END
332.5,332.7646888318046,,,,PENDING_AT_END
332.84999999999997,332.8621401962109,,,,PENDING_AT_END
333.2,333.24552098130965,,,,PENDING_AT_END
333.54999999999995,333.6793198362325,,,,PENDING_AT_END
333.9,334.0208571445029,,,,PENDING_AT_END
334.25,334.4082668287841,,,,PENDING_AT_END
334.59999999999997,334.9373377627887,,,,PENDING_AT_END
334.95,335.33175675235776,,,,PENDING_AT_END
335.29999999999995,335.3366514289754,,,,PENDING_AT_END
335.65,335.73755963288886,,,,PENDING_AT_END
336.0,336.02301472930435,,,,PENDING_AT_END
336.34999999999997,336.36852860070434,,,,PENDING_AT_END
336.7,336.9789412639016,,,,PENDING_AT_END
337.04999999999995,337.0762418210121,,,,PENDING_AT_END
337.4,337.66563250331,,,,PENDING_AT_END
337.75,337.93446931921017,,,,PENDING_AT_END
338.09999999999997,338.3268909042792,,,,PENDING_AT_END
338.45,338.48691020579696,,,,PENDING_AT_END
338.79999999999995,339.18043553367556,,,,PENDING_AT_END
339.15,339.29378423218384,,,,PENDING_AT_END
339.5,339.88062991210154,,,,PENDING_AT_END
339.84999999999997,340.1707638695826,,,,PENDING_AT_END
340.2,340.599570364455,,,,PENDING_AT_END
340.54999999999995,340.5527246987368,,,,PENDING_AT_END
340.9,341.2774879786481,,,,PENDING_AT_END
341.25,341.5322573004164,,,,PENDING_AT_END
341.59999999999997,341.88007927834457,,,,PENDING_AT_END
341.95,342.3490726496278,,,,PENDING_AT_END
342.29999999999995,342.6901460690656,,,,PENDING_AT_END
342.65,342.7352440042887,,,,PENDING_AT_END
343.0,343.08522982071656,,,,PENDING_AT_END
343.34999999999997,343.6835271763669,,,,PENDING_AT_END
343.7,343.8924296582082,,,,PENDING_AT_END
344.04999999999995,344.30344730812,,,,PENDING_AT_END
344.4,344.41771562422343,,,,PENDING_AT_END
344.75,345.0865838256051,,,,PENDING_AT_END
345.09999999999997,345.4499006062916,,,,PENDING_AT_END
345.45,345.4890826572792,,,,PENDING_AT_END
345.79999999999995,346.1524540512087,,,,PENDING_AT_END
346.15,346.2657698290517,,,,PENDING_AT_END
346.5,346.5687219095639,,,,PENDING_AT_END
346.84999999999997,346.9125938924454,,,,PENDING_AT_END
347.2,347.530834432837,,,,PENDING_AT_END
347.54999999999995,347.9417970494974,,,,PENDING_AT_END
347.9,348.1466322179223,,,,PENDING_AT_END
348.25,348.3132252958993,,,,PENDING_AT_END
348.59999999999997,348.9460308318117,,,,PENDING_AT_END
348.95,349.32971874691833,,,,PENDING_AT_END
349.29999999999995,349.57090688018934,,,,PENDING_AT_END
349.65,349.7544308364854,,,,PENDING_AT_END
350.0,350.393130207062,,,,PENDING_AT_END
350.34999999999997,350.51637137853305,,,,PENDING_AT_END
350.7,350.78348643637963,,,,PENDING_AT_END
351.04999999999995,351.20250720481465,,,,PENDING_AT_END
351.4,351.5079695130779,,,,PENDING_AT_END
351.75,352.0269845652389,,,,PENDING_AT_END
352.09999999999997,352.2705424366192,,,,PENDING_AT_END
352.45,352.6111439944893,,,,PENDING_AT_END
352.79999999999995,352.86842833434207,,,,PENDING_AT_END
353.15,353.4101312229427,,,,PENDING_AT_END
353.5,353.84206903006134,,,,PENDING_AT_END
353.84999999999997,354.2403398363295,,,,PENDING_AT_END
354.2,354.30833818688853,,,,PENDING_AT_END
354.54999999999995,354.6865565971806,,,,PENDING_AT_END
354.9,355.18874686372703,,,,PENDING_AT_END
355.25,355.58381579004754,,,,PENDING_AT_END
355.59999999999997,355.9314683719604,,,,PENDING_AT_END
355.95,355.98338416237874,,,,PENDING_AT_END
356.29999999999995,356.6320201204928,,,,PENDING_AT_END
356.65,356.93448809043593,,,,PENDING_AT_END
357.0,357.01237539051147,,,,PENDING_AT_END
357.34999999999997,357.66447047898924,,,,PENDING_AT_END
357.7,358.08274169952523,,,,PENDING_AT_END
358.04999999999995,358.1855847211259,,,,PENDING_AT_END
358.4,358.43316221503665,,,,PENDING_AT_END
358.75,358.8763323329281,,,,PENDING_AT_END
359.09999999999997,359.1969693360409,,,,PENDING_AT_END
359.45,359.4780211648576,,,,PENDING_AT_END
359.79999999999995,359.8450022178058,,,,PENDING_AT_END
360.15,360.52749125161165,,,,PENDING_AT_END
360.5,360.7444988279551,,,,PENDING_AT_END
360.84999999999997,361.21452490059806,,,,PENDING_AT_END
361.2,361.58483589566055,,,,PENDING_AT_END
361.54999999999995,361.87507993169766,,,,PENDING_AT_END
361.9,362.0625778050962,,,,PENDING_AT_END
362.25,362.58221136916916,,,,PENDING_AT_END
362.59999999999997,362.6604408844766,,,,PENDING_AT_END
362.95,363.11249380886676,,,,PENDING_AT_END
363.29999999999995,363.612183666797,,,,PENDING_AT_END
363.65,363.96953502562246,,,,PENDING_AT_END
364.0,364.28111314434534,,,,PENDING_AT_END
364.34999999999997,364.4596120440861,,,,PENDING_AT_END
364.7,365.07077594989886,,,,PENDING_AT_END
365.04999999999995,365.35263780204764,,,,PENDING_AT_END
365.4,365.7986759647272,,,,PENDING_AT_END
365.75,365.9927806152017,,,,PENDING_AT_END
366.09999999999997,366.26685570195224,,,,PENDING_AT_END
366.45,366.7889385471562,,,,PENDING_AT_END
366.79999999999995,366.90266740296113,,,,PENDING_AT_END
367.15,367.3509700174411,,,,PENDING_AT_END
367.5,367.85638052026115,,,,PENDING_AT_END
367.84999999999997,368.000409591644,,,,PENDING_AT_END
368.2,368.32672970137656,,,,PENDING_AT_END
368.54999999999995,368.68997501137324,,,,PENDING_AT_END
368.9,369.2349570729534,,,,PENDING_AT_END
369.25,369.3176563953741,,,,PENDING_AT_END
369.59999999999997,369.7238461148759,,,,PENDING_AT_END
369.95,370.295965672317,,,,PENDING_AT_END
370.29999999999995,370.6028487147596,,,,PENDING_AT_END
370.65,370.8047160076817,,,,PENDING_AT_END
371.0,371.35069094378787,,,,PENDING_AT_END
371.34999999999997,371.6151699297015,,,,PENDING_AT_END
371.7,371.9768994584686,,,,PENDING_AT_END
372.04999999999995,372.2160124533083,,,,PENDING_AT_END
372.4,372.4438516848694,,,,PENDING_AT_END
372.75,373.04156344163437,,,,PENDING_AT_END
373.09999999999997,373.29681060712784,,,,PENDING_AT_END
373.45,373.79109347241473,,,,PENDING_AT_END
373.79999999999995,374.15192398758495,,,,PENDING_AT_END
374.15,374.4454920366949,,,,PENDING_AT_END
374.5,374.56374407261205,,,,PENDING_AT_END
374.84999999999997,375.16087022274434,,,,PENDING_AT_END
375.2,375.24374808011447,,,,PENDING_AT_END
375.54999999999995,375.5963235715035,,,,PENDING_AT_END
375.9,376.1247027682008,,,,PENDING_AT_END
376.25,376.5809349232576,,,,PENDING_AT_END
376.59999999999997,376.63885492498474,,,,PENDING_AT_END
376.95,376.9722066592249,,,,PENDING_AT_END
377.29999999999995,377.68580383228164,,,,PENDING_AT_END
377.65,377.65842450245395,,,,PENDING_AT_END
378.0,378.03025545647006,,,,PENDING_AT_END
378.34999999999997,378.5496864458059,,,,PENDING_AT_END
378.7,379.0142699952805,,,,PENDING_AT_END
379.04999999999995,379.1821275334182,,,,PENDING_AT_END
379.4,379.7641952737871,,,,PENDING_AT_END
379.75,379.76681543754535,,,,PENDING_AT_END
380.09999999999997,380.1681615603015,,,,PENDING_AT_END
380.45,380.6467618189395,,,,PENDING_AT_END
380.79999999999995,381.0193607818526,,,,PENDING_AT_END
381.15,381.4901111333295,,,,PENDING_AT_END
381.5,381.6304396178948,,,,PENDING_AT_END
381.84999999999997,381.8686553366859,,,,PENDING_AT_END
382.2,382.3083326987449,,,,PENDING_AT_END
382.54999999999995,382.66587683287673,,,,PENDING_AT_END
382.9,383.2609234163135,,,,PENDING_AT_END
383.25,383.61245477194655,,,,PENDING_AT_END
383.59999999999997,383.7115972451764,,,,PENDING_AT_END
383.95,384.0049595583204,,,,PENDING_AT_END
384.29999999999995,384.6891688285003,,,,PENDING_AT_END
384.65,384.75423076082984,,,,PENDING_AT_END
385.0,385.0579802267215,,,,PENDING_AT_END
385.34999999999997,385.5117618247678,,,,PENDING_AT_END
385.7,386.01638953277217,,,,PENDING_AT_END
386.04999999999995,386.0575129256547,,,,PENDING_AT_END
386.4,386.6155273320096,,,,PENDING_AT_END
386.75,387.02999108537006,,,,PENDING_AT_END
387.09999999999997,387.43921960605263,,,,PENDING_AT_END
387.45,387.47591901817447,,,,PENDING_AT_END
387.79999999999995,388.1276557657833,,,,PENDING_AT_END
388.15,388.2409322543092,,,,PENDING_AT_END
388.5,388.767632661795,,,,PENDING_AT_END
388.84999999999997,389.11317044322203,,,,PENDING_AT_END
389.2,389.5917796545354,,,,PENDING_AT_END
389.54999999999995,389.90279454045526,,,,PENDING_AT_END
389.9,390.06428281518765,,,,PENDING_AT_END
390.25,390.35082657598787,,,,PENDING_AT_END
390.59999999999997,390.8469695387702,,,,PENDING_AT_END
390.95,391.3475807799227,,,,PENDING_AT_END
391.29999999999995,391.3172001519599,,,,PENDING_AT_END
391.65,391.70719181971185,,,,PENDING_AT_END
392.0,392.0251073760121,,,,PENDING_AT_END
392.34999999999997,392.640247644673,,,,PENDING_AT_END
392.7,392.9661135271338,,,,PENDING_AT_END
393.04999999999995,393.0965591737473,,,,PENDING_AT_END
393.4,393.4599470462623,,,,PENDING_AT_END
393.75,394.1126017329899,,,,PENDING_AT_END
394.09999999999997,394.1022311819949,,,,PENDING_AT_END
394.45,394.8403402667705,,,,PENDING_AT_END
394.79999999999995,395.0637861714928,,,,PENDING_AT_END
395.15,395.18143846225485,,,,PENDING_AT_END
395.5,395.76135249141043,,,,PENDING_AT_END
395.84999999999997,395.8676365209495,,,,PENDING_AT_END
396.2,396.4139499010974,,,,PENDING_AT_END
396.54999999999995,396.91066952426627,,,,PENDING_AT_END
396.9,396.98798526354415,,,,PENDING_AT_END
397.25,397.393978910377,,,,PENDING_AT_END
397.59999999999997,397.7889631156747,,,,PENDING_AT_END
397.95,398.21867737153735,,,,PENDING_AT_END
398.29999999999995,398.390252508509,,,,PENDING_AT_END
398.65,398.9492952425794,,,,PENDING_AT_END
399.0,399.31472414573295,,,,PENDING_AT_END
399.34999999999997,399.50657356205915,,,,PENDING_AT_END
399.7,399.9948794725679,,,,PENDING_AT_END
400.04999999999995,400.3232681752662,,,,PENDING_AT_END
400.4,400.52515558973425,,,,PENDING_AT_END
400.75,400.7985995676087,,,,PENDING_AT_END
401.09999999999997,401.2835959696276,,,,PENDING_AT_END
401.45,401.48341618276373,,,,PENDING_AT_END
401.79999999999995,401.81510348030713,,,,PENDING_AT_END
402.15,402.46861350385643,,,,PENDING_AT_END
402.5,402.6729678363022,,,,PENDING_AT_END
402.84999999999997,402.88213113453327,,,,PENDING_AT_END
403.2,403.5326851542911,,,,PENDING_AT_END
403.54999999999995,403.732861770236,,,,PENDING_AT_END
403.9,404.20310915101027,,,,PENDING_AT_END
404.25,404.29435277494895,,,,PENDING_AT_END
404.59999999999997,404.8970353589561,,,,PENDING_AT_END
404.95,405.3022310793578,,,,PENDING_AT_END
405.29999999999995,405.30217772394155,,,,PENDING_AT_END
405.65,405.8295110640305,,,,PENDING_AT_END
406.0,406.18930085764407,,,,PENDING_AT_END
406.34999999999997,406.4501685296863,,,,PENDING_AT_END
406.7,406.9027615049003,,,,PENDING_AT_END
407.04999999999995,407.4395674567452,,,,PENDING_AT_END
407.4,407.5450358374612,,,,PENDING_AT_END
407.75,407.9247203382929,,,,PENDING_AT_END
408.09999999999997,408.31178965158796,,,,PENDING_AT_END
408.45,408.6211576906472,,,,PENDING_AT_END
408.79999999999995,408.99327713394825,,,,PENDING_AT_END
409.15,409.46965873851104,,,,PENDING_AT_END
409.5,409.67338744827475,,,,PENDING_AT_END
409.84999999999997,410.04524161258706,,,,PENDING_AT_END
410.2,410.47522354153494,,,,PENDING_AT_END
410.54999999999995,410.7916448853198,,,,PENDING_AT_END
410.9,410.96372879087437,,,,PENDING_AT_END
411.25,411.58103427343633,,,,PENDING_AT_END
411.59999999999997,411.8212934874287,,,,PENDING_AT_END
411.95,412.04302259772834,,,,PENDING_AT_END
412.29999999999995,412.534477865291,,,,PENDING_AT_END
412.65,412.6969281085102,,,,PENDING_AT_END
413.0,413.082120656999,,,,PENDING_AT_END
413.34999999999997,413.7302720863673,,,,PENDING_AT_END
413.7,413.9367480033504,,,,PENDING_AT_END
414.04999999999995,414.1104179683648,,,,PENDING_AT_END
414.4,414.54495213377004,,,,PENDING_AT_END
414.75,414.9309900312187,,,,PENDING_AT_END
415.09999999999997,415.17068226559553,,,,PENDING_AT_END
415.45,415.59541748947544,,,,PENDING_AT_END
415.79999999999995,415.9941107020817,,,,PENDING_AT_END
416.15,416.2388191854843,,,,PENDING_AT_END
416.5,416.6691298662238,,,,PENDING_AT_END
416.84999999999997,417.18150105614615,,,,PENDING_AT_END
417.2,417.56463674298817,,,,PENDING_AT_END
417.54999999999995,417.6621552609954,,,,PENDING_AT_END
417.9,418.1752465517949,,,,PENDING_AT_END
418.25,418.60812288678846,,,,PENDING_AT_END
418.59999999999997,418.8711481171138,,,,PENDING_AT_END
418.95,418.99090324393086,,,,PENDING_AT_END
419.29999999999995,419.57478961876143,,,,PENDING_AT_END
419.65,419.6679755370178,,,,PENDING_AT_END
420.0,420.2372034388304,,,,PENDING_AT_END
420.34999999999997,420.6733634539473,,,,PENDING_AT_END
420.7,421.02325338210636,,,,PENDING_AT_END
421.04999999999995,421.3252295090714,,,,PENDING_AT_END
421.4,421.65122003519014,,,,PENDING_AT_END
421.75,422.05930112120836,,,,PENDING_AT_END
422.09999999999997,422.33635898451354,,,,PENDING_AT_END
422.45,422.7889466629428,,,,PENDING_AT_END
422.79999999999995,423.195585199775,,,,PENDING_AT_END
423.15,423.3657997996487,,,,PENDING_AT_END
423.5,423.5362416570674,,,,PENDING_AT_END
423.84999999999997,424.1184692048258,,,,PENDING_AT_END
424.2,424.2660687933631,,,,PENDING_AT_END
424.54999999999995,424.8521367919594,,,,PENDING_AT_END
424.9,425.2190389219792,,,,PENDING_AT_END
425.25,425.2743312523726,,,,PENDING_AT_END
425.59999999999997,425.68647140388174,,,,PENDING_AT_END
425.95,425.9884146176069,,,,PENDING_AT_END
426.29999999999995,426.30582299190667,,,,PENDING_AT_END
426.65,426.8737410293213,,,,PENDING_AT_END
427.0,427.0153207127712,,,,PENDING_AT_END
427.34999999999997,427.4930704697695,,,,PENDING_AT_END
427.7,428.0295210083073,,,,PENDING_AT_END
428.04999999999995,428.065393941975,,,,PENDING_AT_END
428.4,428.4279454018173,,,,PENDING_AT_END
428.75,428.9113727089017,,,,PENDING_AT_END
429.09999999999997,429.35957279553526,,,,PENDING_AT_END
429.45,429.73707340075754,,,,PENDING_AT_END
429.79999999999995,430.0940897484236,,,,PENDING_AT_END
430.15,430.3092868528314,,,,PENDING_AT_END
430.5,430.5963831021121,,,,PENDING_AT_END
430.84999999999997,430.874907491286,,,,PENDING_AT_END
431.2,431.56061143687856,,,,PENDING_AT_END
431.54999999999995,431.9208312223466,,,,PENDING_AT_END
431.9,432.1476219902985,,,,PENDING_AT_END
432.25,432.603999325284,,,,PENDING_AT_END
432.59999999999997,432.84909924598213,,,,PENDING_AT_END
432.95,433.07721588350313,,,,PENDING_AT_END
433.29999999999995,433.45657001566315,,,,PENDING_AT_END
433.65,434.00960430019734,,,,PENDING_AT_END
434.0,434.30131081961656,,,,PENDING_AT_END
434.34999999999997,434.5242371878185,,,,PENDING_AT_END
434.7,434.8653400753488,,,,PENDING_AT_END
435.04999999999995,435.4430253999607,,,,PENDING_AT_END
435.4,435.56234776936753,,,,PENDING_AT_END
435.75,436.0720792143592,,,,PENDING_AT_END
436.09999999999997,436.23888797921444,,,,PENDING_AT_END
436.45,436.7938607376712,,,,PENDING_AT_END
436.79999999999995,437.1694767858787,,,,PENDING_AT_END
437.15,437.4484841024663,,,,PENDING_AT_END
437.5,437.6543041552778,,,,PENDING_AT_END
437.84999999999997,438.24475001708964,,,,PENDING_AT_END
438.2,438.2531014823334,,,,PENDING_AT_END
438.54999999999995,438.6938980527027,,,,PENDING_AT_END
438.9,439.2923269446543,,,,PENDING_AT_END
439.25,439.4002866581483,,,,PENDING_AT_END
439.59999999999997,439.79527067002056,,,,PENDING_AT_END
439.95,440.32045157594763,,,,PENDING_AT_END
440.29999999999995,440.623753905477,,,,PENDING_AT_END
440.65,440.8975317572002,,,,PENDING_AT_END
441.0,441.07111556627217,,,,PENDING_AT_END
441.34999999999997,441.6992367067215,,,,PENDING_AT_END
441.7,441.8438347281396,,,,PENDING_AT_END
442.04999999999995,442.37202888890977,,,,PENDING_AT_END
442.4,442.79766800983316,,,,PENDING_AT_END
442.75,443.1154831410039,,,,PENDING_AT_END
443.09999999999997,443.25488413159377,,,,PENDING_AT_END
443.45,443.5572927743743,,,,PENDING_AT_END
443.79999999999995,444.0450127614712,,,,PENDING_AT_END
444.15,444.3736598455928,,,,PENDING_AT_END
444.5,444.87257937330924,,,,PENDING_AT_END
444.84999999999997,445.17775223018015,,,,PENDING_AT_END
445.2,445.52894274580063,,,,PENDING_AT_END
445.54999999999995,445.91240430369805,,,,PENDING_AT_END
445.9,446.24483735131867,,,,PENDING_AT_END
446.25,446.44920709404755,,,,PENDING_AT_END
446.59999999999997,446.6387603426493,,,,PENDING_AT_END
446.95,447.28605738143864,,,,PENDING_AT_END
447.29999999999995,447.665907031894,,,,PENDING_AT_END
447.65,447.90439971950286,,,,PENDING_AT_END
448.0,448.11500314739953,,,,PENDING_AT_END
448.34999999999997,448.39690536485506,,,,PENDING_AT_END
448.7,448.7223708152241,,,,PENDING_AT_END
449.04999999999995,449.0703574646702,,,,PENDING_AT_END
449.4,449.40178632866446,,,,PENDING_AT_END
449.74999999999994,449.9058039674837,,,,PENDING_AT_END
450.09999999999997,450.3159651258375,,,,PENDING_AT_END
450.45,450.65610966768025,,,,PENDING_AT_END
450.79999999999995,451.19692063319724,,,,PENDING_AT_END
451.15,451.53706356573787,,,,PENDING_AT_END
451.49999999999994,451.596338828956,,,,PENDING_AT_END
451.84999999999997,452.13460145221717,,,,PENDING_AT_END
452.2,452.52358440694235,,,,PENDING_AT_END
452.54999999999995,452.7754261142952,,,,PENDING_AT_END
452.9,453.2818622053484,,,,PENDING_AT_END
453.24999999999994,453.5525870114738,,,,PENDING_AT_END
453.59999999999997,453.71066129037916,,,,PENDING_AT_END
453.95,453.9747910536085,,,,PENDING_AT_END
454.29999999999995,454.580625134146,,,,PENDING_AT_END
454.65,454.7752720708744,,,,PENDING_AT_END
454.99999999999994,455.2600427648859,,,,PENDING_AT_END
455.34999999999997,455.51563550234226,,,,PENDING_AT_END
455.7,455.98356811861305,,,,PENDING_AT_END
456.04999999999995,456.29368814139457,,,,PENDING_AT_END
456.4,456.741035872554,,,,PENDING_AT_END
456.74999999999994,457.00148639528896,,,,PENDING_AT_END
457.09999999999997,457.45503365408825,,,,PENDING_AT_END
457.45,457.60352521918986,,,,PENDING_AT_END
457.79999999999995,458.02609297890126,,,,PENDING_AT_END
458.15,458.4896480044223,,,,PENDING_AT_END
458.49999999999994,458.59799045762503,,,,PENDING_AT_END
458.84999999999997,458.9991852033848,,,,PENDING_AT_END
459.2,459.51872087718635,,,,PENDING_AT_END
459.54999999999995,459.6638511874754,,,,PENDING_AT_END
459.9,460.0869914021598,,,,PENDING_AT_END
460.24999999999994,460.4942404448315,,,,PENDING_AT_END
460.59999999999997,460.620375551687,,,,PENDING_AT_END
460.95,461.2821367560244,,,,PENDING_AT_END
461.29999999999995,461.42595241888625,,,,PENDING_AT_END
461.65,461.8717802996082,,,,PENDING_AT_END
461.99999999999994,462.0970324279596,,,,PENDING_AT_END
462.34999999999997,462.4551218642886,,,,PENDING_AT_END
462.7,462.705902481456,,,,PENDING_AT_END
463.04999999999995,463.2454293479169,,,,PENDING_AT_END
463.4,463.6119070994167,,,,PENDING_AT_END
463.74999999999994,463.75944032418664,,,,PENDING_AT_END
464.09999999999997,464.4395049168332,,,,PENDING_AT_END
464.45,464.62018113512664,,,,PENDING_AT_END
464.79999999999995,464.94733135734066,,,,PENDING_AT_END
465.15,465.54911496993327,,,,PENDING_AT_END
465.49999999999994,465.50175322200545,,,,PENDING_AT_END
465.84999999999997,466.227619992995,,,,PENDING_AT_END
466.2,466.2191060314197,,,,PENDING_AT_END
466.54999999999995,466.9184529084878,,,,PENDING_AT_END
466.9,467.2180298627911,,,,PENDING_AT_END
467.24999999999994,467.60884222046803,,,,PENDING_AT_END
467.59999999999997,467.6473073658198,,,,PENDING_AT_END
467.95,468.19927358789863,,,,PENDING_AT_END
468.29999999999995,468.67104406044155,,,,PENDING_AT_END
468.65,468.78110890661344,,,,PENDING_AT_END
468.99999999999994,469.1963768760216,,,,PENDING_AT_END
469.34999999999997,469.4695129051274,,,,PENDING_AT_END
469.7,469.7839003798452,,,,PENDING_AT_END
470.04999999999995,470.2668463692305,,,,PENDING_AT_END
470.4,470.7099194675691,,,,PENDING_AT_END
470.74999999999994,470.96677570129253,,,,PENDING_AT_END
471.09999999999997,471.1719798519752,,,,PENDING_AT_END
471.45,471.57298274643523,,,,PENDING_AT_END
471.79999999999995,471.9531235699651,,,,PENDING_AT_END
472.15,472.3542084847826,,,,PENDING_AT_END
472.49999999999994,472.70054941572397,,,,PENDING_AT_END
472.84999999999997,473.1636228412469,,,,PENDING_AT_END
473.2,473.3777648930663,,,,PENDING_AT_END
473.54999999999995,473.68778974507666,,,,PENDING_AT_END
473.9,473.98947829658914,,,,PENDING_AT_END
474.24999999999994,474.2552590619636,,,,PENDING_AT_END
474.59999999999997,474.87738731247197,,,,PENDING_AT_END
474.95,475.33482247452804,,,,PENDING_AT_END
475.29999999999995,475.44429136834424,,,,PENDING_AT_END
475.65,475.7778411502903,,,,PENDING_AT_END
475.99999999999994,476.1479176160644,,,,PENDING_AT_END
476.34999999999997,476.37243440186097,,,,PENDING_AT_END
476.7,476.77541217306094,,,,PENDING_AT_END
477.04999999999995,477.1128004349854,,,,PENDING_AT_END
477.4,477.58724601292795,,,,PENDING_AT_END
477.74999999999994,477.78674841761875,,,,PENDING_AT_END
478.09999999999997,478.2750855939175,,,,PENDING_AT_END
478.45,478.65405790351025,,,,PENDING_AT_END
478.79999999999995,479.06899473297824,,,,PENDING_AT_END
479.15,479.54211828343466,,,,PENDING_AT_END
479.49999999999994,479.63821058873367,,,,PENDING_AT_END
479.84999999999997,480.13782156515543,,,,PENDING_AT_END
480.2,480.2488339281328,,,,PENDING_AT_END
480.54999999999995,480.94335438271,,,,PENDING_AT_END
480.9,481.14894477947405,,,,PENDING_AT_END
481.24999999999994,481.52665094769105,,,,PENDING_AT_END
481.59999999999997,481.95089623490156,,,,PENDING_AT_END
481.95,482.20404123147495,,,,PENDING_AT_END
482.29999999999995,482.3351173028733,,,,PENDING_AT_END
482.65,482.6598051469292,,,,PENDING_AT_END
482.99999999999994,483.29946301309036,,,,PENDING_AT_END
483.34999999999997,483.67868727531874,,,,PENDING_AT_END
483.7,483.7407314095711,,,,PENDING_AT_END
484.04999999999995,484.058826303386,,,,PENDING_AT_END
484.4,484.68527396898367,,,,PENDING_AT_END
484.74999999999994,485.07992600799565,,,,PENDING_AT_END
485.09999999999997,485.29704535978516,,,,PENDING_AT_END
485.45,485.7027801213414,,,,PENDING_AT_END
485.79999999999995,485.81668585830187,,,,PENDING_AT_END
486.15,486.2599393717496,,,,PENDING_AT_END
486.49999999999994,486.890966225784,,,,PENDING_AT_END
486.84999999999997,486.8770981947518,,,,PENDING_AT_END
487.2,487.3711282508984,,,,PENDING_AT_END
487.54999999999995,487.79148292813954,,,,PENDING_AT_END
487.9,488.23514344755654,,,,PENDING_AT_END
488.24999999999994,488.33650777877034,,,,PENDING_AT_END
488.59999999999997,488.90867480383514,,,,PENDING_AT_END
488.95,489.139128763697,,,,PENDING_AT_END
489.29999999999995,489.58006295748044,,,,PENDING_AT_END
489.65,489.7081596964139,,,,PENDING_AT_END
489.99999999999994,490.30972094053817,,,,PENDING_AT_END
490.34999999999997,490.57470216027417,,,,PENDING_AT_END
490.7,491.05731580828837,,,,PENDING_AT_END
491.04999999999995,491.28356626708864,,,,PENDING_AT_END
491.4,491.57922938831484,,,,PENDING_AT_END
491.74999999999994,491.9543713315292,,,,PENDING_AT_END
492.09999999999997,492.4349459785573,,,,PENDING_AT_END
492.45,492.5312259258092,,,,PENDING_AT_END
492.79999999999995,493.0269404230585,,,,PENDING_AT_END
493.15,493.21034147642365,,,,PENDING_AT_END
493.49999999999994,493.6478530233447,,,,PENDING_AT_END
493.84999999999997,494.1903084224571,,,,PENDING_AT_END
494.2,494.44109213664666,,,,PENDING_AT_END
494.54999999999995,494.7001895486675,,,,PENDING_AT_END
494.9,494.9204936098067,,,,PENDING_AT_END
495.24999999999994,495.41511043965426,,,,PENDING_AT_END
495.59999999999997,495.7645870739555,,,,PENDING_AT_END
495.95,495.96814675163904,,,,PENDING_AT_END
496.29999999999995,496.33238145455334,,,,PENDING_AT_END
496.65,496.77066779383847,,,,PENDING_AT_END
496.99999999999994,497.3252066756715,,,,PENDING_AT_END
497.34999999999997,497.3992393022882,,,,PENDING_AT_END
497.7,497.8908726608908,,,,PENDING_AT_END
498.04999999999995,498.2938975865999,,,,PENDING_AT_END
498.4,498.51883087341673,,,,PENDING_AT_END
498.74999999999994,498.784619424155,,,,PENDING_AT_END
499.09999999999997,499.35807218346866,,,,PENDING_AT_END
499.45,499.6640809028997,,,,PENDING_AT_END
499.79999999999995,500.12564060112686,,,,PENDING_AT_END
500.15,500.3769968873912,,,,PENDING_AT_END
500.49999999999994,500.85743461677504,,,,PENDING_AT_END
500.84999999999997,501.00574847930255,,,,PENDING_AT_END
501.2,501.3148658361126,,,,PENDING_AT_END
501.54999999999995,501.6258772743662,,,,PENDING_AT_END
501.9,502.0189921474682,,,,PENDING_AT_END
502.24999999999994,502.63716843255605,,,,PENDING_AT_END
502.59999999999997,502.7399777641236,,,,PENDING_AT_END
502.95,503.22733671723296,,,,PENDING_AT_END
503.29999999999995,503.33361523347423,,,,PENDING_AT_END
503.65,503.77249338299373,,,,PENDING_AT_END
503.99999999999994,504.29569487562395,,,,PENDING_AT_END
504.34999999999997,504.4760469189077,,,,PENDING_AT_END
504.7,505.0876205909138,,,,PENDING_AT_END
505.04999999999995,505.4399803930288,,,,PENDING_AT_END
505.4,505.5119793992425,,,,PENDING_AT_END
505.74999999999994,506.1309302491566,,,,PENDING_AT_END
506.09999999999997,506.32076933312595,,,,PENDING_AT_END
506.45,506.49693629851384,,,,PENDING_AT_END
506.79999999999995,506.81269104407465,,,,PENDING_AT_END
507.15,507.36721978361504,,,,PENDING_AT_END
507.49999999999994,507.62784582970204,,,,PENDING_AT_END
507.84999999999997,507.89354516242787,,,,PENDING_AT_END
508.2,508.3174184870168,,,,PENDING_AT_END
508.54999999999995,508.8304961390278,,,,PENDING_AT_END
508.9,509.2159094531926,,,,PENDING_AT_END
509.24999999999994,509.6216347187125,,,,PENDING_AT_END
509.59999999999997,509.64311561147605,,,,PENDING_AT_END
509.95,510.12909851258206,,,,PENDING_AT_END
510.29999999999995,510.5202365654079,,,,PENDING_AT_END
510.65,510.8415692444962,,,,PENDING_AT_END
510.99999999999994,511.1643405728967,,,,PENDING_AT_END
511.34999999999997,511.4413060016628,,,,PENDING_AT_END
511.7,512.0902923842483,,,,PENDING_AT_END
512.05,512.3538618864011,,,,PENDING_AT_END
512.4,512.4514911031678,,,,PENDING_AT_END
512.75,512.7531339236534,,,,PENDING_AT_END
513.1,513.1622618103339,,,,PENDING_AT_END
513.4499999999999,513.77987657252,,,,PENDING_AT_END
513.8,513.8962704414514,,,,PENDING_AT_END
514.15,514.2388074031218,,,,PENDING_AT_END
514.5,514.7072585628187,,,,PENDING_AT_END
514.85,515.1025419615474,,,,PENDING_AT_END
515.1999999999999,515.295726728748,,,,PENDING_AT_END
515.55,515.8145658718645,,,,PENDING_AT_END
515.9,516.0546340912703,,,,PENDING_AT_END
516.25,516.5574065123355,,,,PENDING_AT_END
516.6,516.7297583431813,,,,PENDING_AT_END
516.9499999999999,517.1942329338975,,,,PENDING_AT_END
517.3,517.5854828287927,,,,PENDING_AT_END
517.65,517.7114239230622,,,,PENDING_AT_END
518.0,518.0064618714407,,,,PENDING_AT_END
518.35,518.3523070961959,,,,PENDING_AT_END
518.6999999999999,519.0112848618934,,,,PENDING_AT_END
519.05,519.1480635517084,,,,PENDING_AT_END
519.4,519.7340167359897,,,,PENDING_AT_END
519.75,520.1167627377376,,,,PENDING_AT_END
520.1,520.4715508680925,,,,PENDING_AT_END
520.4499999999999,520.6214965507837,,,,PENDING_AT_END
520.8,520.9212849899152,,,,PENDING_AT_END
521.15,521.1660418177001,,,,PENDING_AT_END
521.5,521.6998578418861,,,,PENDING_AT_END
521.85,521.9111327689549,,,,PENDING_AT_END
522.1999999999999,522.2171297512597,,,,PENDING_AT_END
522.55,522.6140768959049,,,,PENDING_AT_END
522.9,523.0257912650007,,,,PENDING_AT_END
523.25,523.543476630766,,,,PENDING_AT_END
523.6,523.842390011008,,,,PENDING_AT_END
523.9499999999999,524.3309454751808,,,,PENDING_AT_END
524.3,524.3810148996511,,,,PENDING_AT_END
524.65,524.8513862282899,,,,PENDING_AT_END
525.0,525.1427693194305,,,,PENDING_AT_END
525.35,525.7383891850578,,,,PENDING_AT_END
525.6999999999999,525.89421252964,,,,PENDING_AT_END
526.05,526.2619663150842,,,,PENDING_AT_END
526.4,526.7372540877901,,,,PENDING_AT_END
526.75,527.0598517522988,,,,PENDING_AT_END
527.1,527.4904405324493,,,,PENDING_AT_END
527.4499999999999,527.5088935709035,,,,PENDING_AT_END
527.8,527.8759629097071,,,,PENDING_AT_END
528.15,528.4917778254841,,,,PENDING_AT_END
528.5,528.7256961061371,,,,PENDING_AT_END
528.85,528.8618170293968,,,,PENDING_AT_END
529.1999999999999,529.4434823268567,,,,PENDING_AT_END
529.55,529.9472681897305,,,,PENDING_AT_END
529.9,530.1168029820016,,,,PENDING_AT_END
530.25,530.3678419037585,,,,PENDING_AT_END
530.6,530.7999940724682,,,,PENDING_AT_END
530.9499999999999,531.2023618629199,,,,PENDING_AT_END
531.3,531.4866850178298,,,,PENDING_AT_END
531.65,531.6897102401364,,,,PENDING_AT_END
532.0,532.2769585070675,,,,PENDING_AT_END
532.35,532.5084694210847,,,,PENDING_AT_END
532.6999999999999,532.7417250484322,,,,PENDING_AT_END
533.05,533.2753773793786,,,,PENDING_AT_END
533.4,533.664091341571,,,,PENDING_AT_END
533.75,534.1005052262428,,,,PENDING_AT_END
534.1,534.362455817549,,,,PENDING_AT_END
534.4499999999999,534.8105008554877,,,,PENDING_AT_END
534.8,535.1357981598023,,,,PENDING_AT_END
535.15,535.3115060045135,,,,PENDING_AT_END
535.5,535.7109606830313,,,,PENDING_AT_END
535.85,536.2440783342289,,,,PENDING_AT_END
536.1999999999999,536.2695467844768,,,,PENDING_AT_END
536.55,536.8095665176218,,,,PENDING_AT_END
536.9,536.927208450077,,,,PENDING_AT_END
537.25,537.419447253777,,,,PENDING_AT_END
537.5999999999999,537.9789735781369,,,,PENDING_AT_END
537.9499999999999,538.1048828840591,,,,PENDING_AT_END
538.3,538.3055086504769,,,,PENDING_AT_END
538.65,538.9600137558108,,,,PENDING_AT_END
539.0,539.3594890725581,,,,PENDING_AT_END
539.3499999999999,539.6914077424785,,,,PENDING_AT_END
539.6999999999999,539.9016794582632,,,,PENDING_AT_END
540.05,540.4132291571009,,,,PENDING_AT_END
540.4,540.4253182347871,,,,PENDING_AT_END
540.75,541.1127514784325,,,,PENDING_AT_END
541.0999999999999,541.2945374506353,,,,PENDING_AT_END
541.4499999999999,541.4687798866975,,,,PENDING_AT_END
541.8,542.0907648648786,,,,PENDING_AT_END
542.15,542.2153722058816,,,,PENDING_AT_END
542.5,542.56874330206,,,,PENDING_AT_END
542.8499999999999,543.1187938429898,,,,PENDING_AT_END
543.1999999999999,543.3509730885104,,,,PENDING_AT_END
543.55,543.7514321891333,,,,PENDING_AT_END
543.9,543.9092949611612,,,,PENDING_AT_END
544.25,544.4683726244457,,,,PENDING_AT_END
544.5999999999999,544.630031438701,,,,PENDING_AT_END
544.9499999999999,545.1298347282312,,,,PENDING_AT_END
545.3,545.3536657844686,,,,PENDING_AT_END
545.65,545.9025183954403,,,,PENDING_AT_END
546.0,546.0403452148016,,,,PENDING_AT_END
546.3499999999999,546.5944585430909,,,,PENDING_AT_END
546.6999999999999,547.014472029973,,,,PENDING_AT_END
547.05,547.4473615634574,,,,PENDING_AT_END
547.4,547.5771463006985,,,,PENDING_AT_END
547.75,547.8367774996857,,,,PENDING_AT_END
548.0999999999999,548.1165150599409,,,,PENDING_AT_END
548.4499999999999,548.4749153302049,,,,PENDING_AT_END
548.8,548.8848511554729,,,,PENDING_AT_END
549.15,549.3735058657077,,,,PENDING_AT_END
549.5,549.5017538327509,,,,PENDING_AT_END
549.8499999999999,550.0684273508612,,,,PENDING_AT_END
550.1999999999999,550.5400901149086,,,,PENDING_AT_END
550.55,550.904012455718,,,,PENDING_AT_END
550.9,551.0033914067072,,,,PENDING_AT_END
551.25,551.613331459554,,,,PENDING_AT_END
551.5999999999999,551.994431386757,,,,PENDING_AT_END
551.9499999999999,552.1703921484158,,,,PENDING_AT_END
552.3,552.3178104279759,,,,PENDING_AT_END
552.65,552.97797025084,,,,PENDING_AT_END
553.0,553.3781999417297,,,,PENDING_AT_END
553.3499999999999,553.7089523790605,,,,PENDING_AT_END
553.6999999999999,553.9135936684808,,,,PENDING_AT_END
554.05,554.1269590117186,,,,PENDING_AT_END
554.4,554.5665908899906,,,,PENDING_AT_END
554.75,555.068366361613,,,,PENDING_AT_END
555.0999999999999,555.3156744580779,,,,PENDING_AT_END
555.4499999999999,555.8171751013161,,,,PENDING_AT_END
555.8,555.9831477937578,,,,PENDING_AT_END
556.15,556.444491820438,,,,PENDING_AT_END
556.5,556.5541989963856,,,,PENDING_AT_END
556.8499999999999,556.8739518588268,,,,PENDING_AT_END
557.1999999999999,557.2399835384384,,,,PENDING_AT_END
557.55,557.5780977030693,,,,PENDING_AT_END
557.9,558.2983299657832,,,,PENDING_AT_END
558.25,558.525097179501,,,,PENDING_AT_END
558.5999999999999,558.7689428052402,,,,PENDING_AT_END
558.9499999999999,559.1189989976516,,,,PENDING_AT_END
559.3,559.5908519906252,,,,PENDING_AT_END
559.65,559.769057801533,,,,PENDING_AT_END
560.0,560.1280705717859,,,,PENDING_AT_END
560.3499999999999,560.6059875357323,,,,PENDING_AT_END
560.6999999999999,561.0536569403945,,,,PENDING_AT_END
561.05,561.2406139750344,,,,PENDING_AT_END
561.4,561.67350069971,,,,PENDING_AT_END
561.75,561.8390281815539,,,,PENDING_AT_END
562.0999999999999,562.1097186253403,,,,PENDING_AT_END
562.4499999999999,562.6494799754761,,,,PENDING_AT_END
562.8,563.0223129242916,,,,PENDING_AT_END
563.15,563.4867456486901,,,,PENDING_AT_END
563.5,563.5846589310322,,,,PENDING_AT_END
563.8499999999999,564.0596151982932,,,,PENDING_AT_END
564.1999999999999,564.568938481735,,,,PENDING_AT_END
564.55,564.8069660537717,,,,PENDING_AT_END
564.9,565.0337712308943,,,,PENDING_AT_END
565.25,565.6187866534024,,,,PENDING_AT_END
565.5999999999999,565.6964842809402,,,,PENDING_AT_END
565.9499999999999,565.9927661482296,,,,PENDING_AT_END
566.3,566.467307292625,,,,PENDING_AT_END
566.65,567.0007424559429,,,,PENDING_AT_END
567.0,567.2103538171277,,,,PENDING_AT_END
567.3499999999999,567.5485966325493,,,,PENDING_AT_END
567.6999999999999,567.8149324476509,,,,PENDING_AT_END
568.05,568.4081336292036,,,,PENDING_AT_END
568.4,568.533453505595,,,,PENDING_AT_END
568.75,569.1318727115395,,,,PENDING_AT_END
569.0999999999999,569.2946444855347,,,,PENDING_AT_END
569.4499999999999,569.8301826227802,,,,PENDING_AT_END
569.8,569.8393722958413,,,,PENDING_AT_END
570.15,570.4026960364996,,,,PENDING_AT_END
570.5,570.6758435493716,,,,PENDING_AT_END
570.8499999999999,571.135762131446,,,,PENDING_AT_END
571.1999999999999,571.3134821290329,,,,PENDING_AT_END
571.55,571.6168353944213,,,,PENDING_AT_END
571.9,572.2881846520885,,,,PENDING_AT_END
572.25,572.5862925782144,,,,PENDING_AT_END
572.5999999999999,572.8674620757645,,,,PENDING_AT_END
572.9499999999999,573.1050790160363,,,,PENDING_AT_END
573.3,573.3550101556482,,,,PENDING_AT_END
573.65,573.8421895074672,,,,PENDING_AT_END
574.0,574.240915528761,,,,PENDING_AT_END
574.3499999999999,574.7361911556798,,,,PENDING_AT_END
574.6999999999999,574.8008124746269,,,,PENDING_AT_END
575.05,575.1285573149771,,,,PENDING_AT_END
575.4,575.4444844826959,,,,PENDING_AT_END
575.75,576.1404129193563,,,,PENDING_AT_END
576.0999999999999,576.1636199726152,,,,PENDING_AT_END
576.4499999999999,576.54041271425,,,,PENDING_AT_END
576.8,577.1228800655574,,,,PENDING_AT_END
577.15,577.2907427747526,,,,PENDING_AT_END
577.5,577.8456085789701,,,,PENDING_AT_END
577.8499999999999,578.0410370838895,,,,PENDING_AT_END
578.1999999999999,578.3738801572764,,,,PENDING_AT_END
578.55,578.5628104344842,,,,PENDING_AT_END
578.9,579.0235631371287,,,,PENDING_AT_END
579.25,579.2556136128949,,,,PENDING_AT_END
579.5999999999999,579.9641717774882,,,,PENDING_AT_END
579.9499999999999,580.1583414503165,,,,PENDING_AT_END
580.3,580.5859930780991,,,,PENDING_AT_END
580.65,580.8103894211444,,,,PENDING_AT_END
581.0,581.3587517470526,,,,PENDING_AT_END
581.3499999999999,581.6555894199457,,,,PENDING_AT_END
581.6999999999999,581.8328212214773,,,,PENDING_AT_END
582.05,582.2296083131262,,,,PENDING_AT_END
582.4,582.5625129609422,,,,PENDING_AT_END
582.75,582.9044780169097,,,,PENDING_AT_END
583.0999999999999,583.1467376786466,,,,PENDING_AT_END
583.4499999999999,583.6957836410342,,,,PENDING_AT_END
583.8,583.9943115845649,,,,PENDING_AT_END
584.15,584.4148816177743,,,,PENDING_AT_END
584.5,584.8369997335299,,,,PENDING_AT_END
584.8499999999999,584.9871778596375,,,,PENDING_AT_END
585.1999999999999,585.2500860253455,,,,PENDING_AT_END
585.55,585.9111835311162,,,,PENDING_AT_END
585.9,586.1655954505624,,,,PENDING_AT_END
586.25,586.3702794198682,,,,PENDING_AT_END
586.5999999999999,586.7052247057381,,,,PENDING_AT_END
586.9499999999999,587.1748866134532,,,,PENDING_AT_END
587.3,587.4687643420752,,,,PENDING_AT_END
587.65,587.8317668651774,,,,PENDING_AT_END
588.0,588.2440529590208,,,,PENDING_AT_END
588.3499999999999,588.5790215182515,,,,PENDING_AT_END
588.6999999999999,588.7219328522502,,,,PENDING_AT_END
589.05,589.2352895741521,,,,PENDING_AT_END
589.4,589.4541083216151,,,,PENDING_AT_END
589.75,590.0374467296006,,,,PENDING_AT_END
590.0999999999999,590.2888716149803,,,,PENDING_AT_END
590.4499999999999,590.5585232735981,,,,PENDING_AT_END
590.8,590.9733819087332,,,,PENDING_AT_END
591.15,591.1593883666363,,,,PENDING_AT_END
591.5,591.6257735013635,,,,PENDING_AT_END
591.8499999999999,592.1594065733545,,,,PENDING_AT_END
592.1999999999999,592.2416853881706,,,,PENDING_AT_END
592.55,592.7567056154121,,,,PENDING_AT_END
592.9,593.0753172061362,,,,PENDING_AT_END
593.25,593.6196622429127,,,,PENDING_AT_END
593.5999999999999,593.6933534012946,,,,PENDING_AT_END
593.9499999999999,594.1128618439164,,,,PENDING_AT_END
594.3,594.5150186464953,,,,PENDING_AT_END
594.65,594.7374524891048,,,,PENDING_AT_END
595.0,595.0946384686713,,,,PENDING_AT_END
595.3499999999999,595.4039834463699,,,,PENDING_AT_END
595.6999999999999,595.7811554695198,,,,PENDING_AT_END
596.05,596.2645564724994,,,,PENDING_AT_END
596.4,596.700249718445,,,,PENDING_AT_END
596.75,596.9598948460527,,,,PENDING_AT_END
597.0999999999999,597.155130672917,,,,PENDING_AT_END
597.4499999999999,597.5932606060709,,,,PENDING_AT_END
597.8,598.1524690874007,,,,PENDING_AT_END
598.15,598.3192822356497,,,,PENDING_AT_END
598.5,598.7003972254386,,,,PENDING_AT_END
598.8499999999999,599.0185071324906,,,,PENDING_AT_END
599.1999999999999,599.4251985949644,,,,PENDING_AT_END
599.55,599.9073759658061,,,,PENDING_AT_END
599.9,600.2931825729814,,,,PENDING_AT_END
600.25,600.2741582281192,,,,PENDING_AT_END
600.5999999999999,600.7441609334987,,,,PENDING_AT_END
600.9499999999999,601.0991701379336,,,,PENDING_AT_END
601.3,601.4074740667386,,,,PENDING_AT_END
601.65,601.8718566151016,,,,PENDING_AT_END
602.0,602.2238241312323,,,,PENDING_AT_END
602.3499999999999,602.4748625046036,,,,PENDING_AT_END
602.6999999999999,602.8962450076693,,,,PENDING_AT_END
603.05,603.4204221578811,,,,PENDING_AT_END
603.4,603.6824133405249,,,,PENDING_AT_END
603.75,604.0829731755614,,,,PENDING_AT_END
604.0999999999999,604.3318489615945,,,,PENDING_AT_END
604.4499999999999,604.6141674344111,,,,PENDING_AT_END
604.8,604.9924160099977,,,,PENDING_AT_END
605.15,605.4007586430479,,,,PENDING_AT_END
605.5,605.5016268391832,,,,PENDING_AT_END
605.8499999999999,606.0095154793007,,,,PENDING_AT_END
606.1999999999999,606.220914830952,,,,PENDING_AT_END
606.55,606.5808596645254,,,,PENDING_AT_END
606.9,607.2287690384029,,,,PENDING_AT_END
607.25,607.4150362755709,,,,PENDING_AT_END
607.5999999999999,607.7141474332075,,,,PENDING_AT_END
607.9499999999999,608.1061444212099,,,,PENDING_AT_END
608.3,608.6311824859272,,,,PENDING_AT_END
608.65,608.8841885292512,,,,PENDING_AT_END
609.0,609.1735758187635,,,,PENDING_AT_END
609.3499999999999,609.4638972389841,,,,PENDING_AT_END
609.6999999999999,610.0132753045447,,,,PENDING_AT_END
610.05,610.2766266074987,,,,PENDING_AT_END
610.4,610.7428583296645,,,,PENDING_AT_END
610.75,610.7525419445244,,,,PENDING_AT_END
611.0999999999999,611.3389167162966,,,,PENDING_AT_END
611.4499999999999,611.6218758237129,,,,PENDING_AT_END
611.8,611.9422471846178,,,,PENDING_AT_END
612.15,612.4164027231719,,,,PENDING_AT_END
612.5,612.8492023894878,,,,PENDING_AT_END
612.8499999999999,612.973562253534,,,,PENDING_AT_END
613.1999999999999,613.577107004258,,,,PENDING_AT_END
613.55,613.9241967937953,,,,PENDING_AT_END
613.9,613.9994472534619,,,,PENDING_AT_END
614.25,614.2718715044739,,,,PENDING_AT_END
614.5999999999999,614.7898281570824,,,,PENDING_AT_END
614.9499999999999,615.1575709458269,,,,PENDING_AT_END
615.3,615.4075063641494,,,,PENDING_AT_END
615.65,615.8100552175353,,,,PENDING_AT_END
616.0,616.2618098817325,,,,PENDING_AT_END
616.3499999999999,616.697673614296,,,,PENDING_AT_END
616.6999999999999,616.9908715167584,,,,PENDING_AT_END
617.05,617.3948782228217,,,,PENDING_AT_END
617.4,617.6603264233198,,,,PENDING_AT_END
617.75,617.8125083619486,,,,PENDING_AT_END
618.0999999999999,618.4289027989037,,,,PENDING_AT_END
618.4499999999999,618.8145335008106,,,,PENDING_AT_END
618.8,618.9259165262606,,,,PENDING_AT_END
619.15,619.4785377702536,,,,PENDING_AT_END
619.5,619.5522134731409,,,,PENDING_AT_END
619.8499999999999,620.1160856028639,,,,PENDING_AT_END
620.1999999999999,620.4199692564326,,,,PENDING_AT_END
620.55,620.7525787262139,,,,PENDING_AT_END
620.9,621.2571672214798,,,,PENDING_AT_END
621.25,621.5246073690971,,,,PENDING_AT_END
621.5999999999999,621.929812020652,,,,PENDING_AT_END
621.9499999999999,621.9725995317073,,,,PENDING_AT_END
622.3,622.6094917027899,,,,PENDING_AT_END
622.65,622.7293180261787,,,,PENDING_AT_END
623.0,623.0436028403392,,,,PENDING_AT_END
623.3499999999999,623.7467418652677,,,,PENDING_AT_END
623.6999999999999,623.8494065458207,,,,PENDING_AT_END
624.05,624.3596511390833,,,,PENDING_AT_END
624.4,624.5599454598711,,,,PENDING_AT_END
624.75,625.104651800114,,,,PENDING_AT_END
625.0999999999999,625.1183396004124,,,,PENDING_AT_END
625.4499999999999,625.6289737852188,,,,PENDING_AT_END
625.8,626.0508792863257,,,,PENDING_AT_END
626.15,626.4215022315617,,,,PENDING_AT_END
626.5,626.6616065375538,,,,PENDING_AT_END
626.8499999999999,627.2130706014207,,,,PENDING_AT_END
627.1999999999999,627.5458122256933,,,,PENDING_AT_END
627.55,627.8755058064899,,,,PENDING_AT_END
627.9,627.9372826135558,,,,PENDING_AT_END
628.25,628.5175782469298,,,,PENDING_AT_END
628.5999999999999,628.701130995157,,,,PENDING_AT_END
628.9499999999999,629.2057321284616,,,,PENDING_AT_END
629.3,629.4430398614213,,,,PENDING_AT_END
629.65,630.0301891864016,,,,PENDING_AT_END
630.0,630.1628582724027,,,,PENDING_AT_END
630.3499999999999,630.4204574768175,,,,PENDING_AT_END
630.6999999999999,631.0914982660364,,,,PENDING_AT_END
631.05,631.4475791764871,,,,PENDING_AT_END
631.4,631.7632623129756,,,,PENDING_AT_END
631.75,631.8528940595543,,,,PENDING_AT_END
632.0999999999999,632.2240445936679,,,,PENDING_AT_END
632.4499999999999,632.6801233817529,,,,PENDING_AT_END
632.8,632.922642236241,,,,PENDING_AT_END
633.15,633.4185887557682,,,,PENDING_AT_END
633.5,633.6353726212387,,,,PENDING_AT_END
633.8499999999999,634.2170454574557,,,,PENDING_AT_END
634.1999999999999,634.4694816758805,,,,PENDING_AT_END
634.55,634.9158161263349,,,,PENDING_AT_END
634.9,634.9243488962869,,,,PENDING_AT_END
635.25,635.3779523163234,,,,PENDING_AT_END
635.5999999999999,635.6769854792487,,,,PENDING_AT_END
635.9499999999999,636.1496349718831,,,,PENDING_AT_END
636.3,636.4961378922221,,,,PENDING_AT_END
636.65,636.9899090208511,,,,PENDING_AT_END
637.0,637.0318127664377,,,,PENDING_AT_END
637.3499999999999,637.7483873766996,,,,PENDING_AT_END
637.6999999999999,637.7059495274929,,,,PENDING_AT_END
638.05,638.2533382605732,,,,PENDING_AT_END
638.4,638.6804476665646,,,,PENDING_AT_END
638.75,639.1008866410027,,,,PENDING_AT_END
639.0999999999999,639.1768983653694,,,,PENDING_AT_END
639.4499999999999,639.7853945165344,,,,PENDING_AT_END
639.8,640.1612874506529,,,,PENDING_AT_END
640.15,640.3697737173362,,,,PENDING_AT_END
640.5,640.788471113141,,,,PENDING_AT_END
640.8499999999999,640.9873447160694,,,,PENDING_AT_END
641.1999999999999,641.4398022521713,,,,PENDING_AT_END
641.55,641.9101047085551,,,,PENDING_AT_END
641.9,642.0974175003856,,,,PENDING_AT_END
642.25,642.3765709923618,,,,PENDING_AT_END
642.5999999999999,642.9727973960005,,,,PENDING_AT_END
642.9499999999999,643.0249179484227,,,,PENDING_AT_END
643.3,643.4041317693102,,,,PENDING_AT_END
643.65,643.677901046494,,,,PENDING_AT_END
644.0,644.1377060022403,,,,PENDING_AT_END
644.3499999999999,644.4792590473999,,,,PENDING_AT_END
644.6999999999999,645.0849042647759,,,,PENDING_AT_END
645.05,645.4357713029665,,,,PENDING_AT_END
645.4,645.6951020979421,,,,PENDING_AT_END
645.75,646.0862101910022,,,,PENDING_AT_END
646.0999999999999,646.1658756845077,,,,PENDING_AT_END
646.4499999999999,646.5413655580572,,,,PENDING_AT_END
646.8,647.1223294075198,,,,PENDING_AT_END
647.15,647.1895879638176,,,,PENDING_AT_END
647.5,647.869452631299,,,,PENDING_AT_END
647.8499999999999,647.9595118931786,,,,PENDING_AT_END
648.1999999999999,648.2923967719688,,,,PENDING_AT_END
648.55,648.9141158421601,,,,PENDING_AT_END
648.9,648.9984390754317,,,,PENDING_AT_END
649.25,649.6364793687949,,,,PENDING_AT_END
649.5999999999999,649.6535595822425,,,,PENDING_AT_END
649.9499999999999,650.3338202878684,,,,PENDING_AT_END
650.3,650.4831938317564,,,,PENDING_AT_END
650.65,650.76170028536,,,,PENDING_AT_END
651.0,651.2573470675186,,,,PENDING_AT_END
651.3499999999999,651.4649065143681,,,,PENDING_AT_END
651.6999999999999,651.7911605232229,,,,PENDING_AT_END
652.05,652.3370243578411,,,,PENDING_AT_END
652.4,652.4581919121537,,,,PENDING_AT_END
652.75,653.0308893868598,,,,PENDING_AT_END
653.0999999999999,653.2380203833552,,,,PENDING_AT_END
653.4499999999999,653.6326196775593,,,,PENDING_AT_END
653.8,653.9714348791501,,,,PENDING_AT_END
654.15,654.5175732163046,,,,PENDING_AT_END
654.5,654.6995544960894,,,,PENDING_AT_END
654.8499999999999,655.1074213168961,,,,PENDING_AT_END
655.1999999999999,655.3129477497283,,,,PENDING_AT_END
655.55,655.832947161954,,,,PENDING_AT_END
655.9,656.0179740130815,,,,PENDING_AT_END
656.25,656.5927073296846,,,,PENDING_AT_END
656.5999999999999,656.788979160616,,,,PENDING_AT_END
656.9499999999999,657.1317675445363,,,,PENDING_AT_END
657.3,657.4047312368043,,,,PENDING_AT_END
657.65,657.9045830570593,,,,PENDING_AT_END
658.0,658.1573377660495,,,,PENDING_AT_END
658.3499999999999,658.4595790830656,,,,PENDING_AT_END
658.6999999999999,658.9481424018169,,,,PENDING_AT_END
659.05,659.1101359212014,,,,PENDING_AT_END
659.4,659.7471408748305,,,,PENDING_AT_END
659.75,660.0454986536665,,,,PENDING_AT_END
660.0999999999999,660.3039738035532,,,,PENDING_AT_END
660.4499999999999,660.7145985387966,,,,PENDING_AT_END
660.8,660.9183276417934,,,,PENDING_AT_END
661.15,661.3751681738946,,,,PENDING_AT_END
661.5,661.5040690076651,,,,PENDING_AT_END
661.8499999999999,662.0302729059094,,,,PENDING_AT_END
662.1999999999999,662.5591560089357,,,,PENDING_AT_END
662.55,662.8136421885201,,,,PENDING_AT_END
662.9,662.9297907114677,,,,PENDING_AT_END
663.25,663.2628766286266,,,,PENDING_AT_END
663.5999999999999,663.8289223028489,,,,PENDING_AT_END
663.9499999999999,664.1736145475255,,,,PENDING_AT_END
664.3,664.4166268825063,,,,PENDING_AT_END
664.65,664.719496570866,,,,PENDING_AT_END
665.0,665.2031448071152,,,,PENDING_AT_END
665.3499999999999,665.5815760510263,,,,PENDING_AT_END
665.6999999999999,665.7990521909772,,,,PENDING_AT_END
666.05,666.2017081071019,,,,PENDING_AT_END
666.4,666.5038693580958,,,,PENDING_AT_END
666.75,666.7984407369156,,,,PENDING_AT_END
667.0999999999999,667.301105192681,,,,PENDING_AT_END
667.4499999999999,667.6194684069022,,,,PENDING_AT_END
667.8,668.0023682038445,,,,PENDING_AT_END
668.15,668.5341626215114,,,,PENDING_AT_END
668.5,668.6879335253525,,,,PENDING_AT_END
668.8499999999999,669.1599267365048,,,,PENDING_AT_END
669.1999999999999,669.5870045242303,,,,PENDING_AT_END
669.55,669.896652569671,,,,PENDING_AT_END
669.9,669.9719737895851,,,,PENDING_AT_END
670.25,670.4562872397664,,,,PENDING_AT_END
670.5999999999999,670.6285755455547,,,,PENDING_AT_END
670.9499999999999,671.086954938302,,,,PENDING_AT_END
671.3,671.4454910262511,,,,PENDING_AT_END
671.65,671.8755014734655,,,,PENDING_AT_END
672.0,672.2271503510731,,,,PENDING_AT_END
672.3499999999999,672.4946642689913,,,,PENDING_AT_END
672.6999999999999,673.0394476319224,,,,PENDING_AT_END
673.05,673.2615166179637,,,,PENDING_AT_END
673.4,673.5044169164556,,,,PENDING_AT_END
673.75,673.8557996412471,,,,PENDING_AT_END
674.0999999999999,674.4951871316157,,,,PENDING_AT_END
674.4499999999999,674.8068951439228,,,,PENDING_AT_END
674.8,674.9401112287082,,,,PENDING_AT_END
675.15,675.1967905570585,,,,PENDING_AT_END
675.5,675.5589547902164,,,,PENDING_AT_END
675.8499999999999,676.1582331336228,,,,PENDING_AT_END
676.1999999999999,676.3147285795347,,,,PENDING_AT_END
676.55,676.9176500179328,,,,PENDING_AT_END
676.9,677.0100931646106,,,,PENDING_AT_END
677.25,677.5366886909878,,,,PENDING_AT_END
677.5999999999999,677.7869592508428,,,,PENDING_AT_END
677.9499999999999,677.9607305393043,,,,PENDING_AT_END
678.3,678.6088689774874,,,,PENDING_AT_END
678.65,678.8157615895667,,,,PENDING_AT_END
679.0,679.2609250969185,,,,PENDING_AT_END
679.3499999999999,679.378446262896,,,,PENDING_AT_END
679.6999999999999,679.9934993184785,,,,PENDING_AT_END
680.05,680.2863684783242,,,,PENDING_AT_END
680.4,680.644140477921,,,,PENDING_AT_END
680.75,680.8669837928969,,,,PENDING_AT_END
681.0999999999999,681.2290712443976,,,,PENDING_AT_END
681.4499999999999,681.6299199895258,,,,PENDING_AT_END
681.8,682.0998072289926,,,,PENDING_AT_END
682.15,682.4123288628947,,,,PENDING_AT_END
682.5,682.6077929015662,,,,PENDING_AT_END
682.8499999999999,682.9804586250166,,,,PENDING_AT_END
683.1999999999999,683.2082199178409,,,,PENDING_AT_END
683.55,683.7390335983314,,,,PENDING_AT_END
683.9,684.2987260570852,,,,PENDING_AT_END
684.25,684.5412938530228,,,,PENDING_AT_END
684.5999999999999,684.6494048212649,,,,PENDING_AT_END
684.9499999999999,685.1592188452588,,,,PENDING_AT_END
685.3,685.3293297041571,,,,PENDING_AT_END
685.65,685.6903017186943,,,,PENDING_AT_END
686.0,686.0285487865881,,,,PENDING_AT_END
686.3499999999999,686.5073799112693,,,,PENDING_AT_END
686.6999999999999,686.9549549166924,,,,PENDING_AT_END
687.05,687.087864434636,,,,PENDING_AT_END
687.4,687.6640027925695,,,,PENDING_AT_END
687.75,687.7814913967827,,,,PENDING_AT_END
688.0999999999999,688.2024110086636,,,,PENDING_AT_END
688.4499999999999,688.7572668984407,,,,PENDING_AT_END
688.8,689.1898709224272,,,,PENDING_AT_END
689.15,689.3520880805958,,,,PENDING_AT_END
689.5,689.5869637571789,,,,PENDING_AT_END
689.8499999999999,690.0357598204482,,,,PENDING_AT_END
690.1999999999999,690.588635085391,,,,PENDING_AT_END
690.55,690.5707397386061,,,,PENDING_AT_END
690.9,690.9232958536444,,,,PENDING_AT_END
691.25,691.5922935546287,,,,PENDING_AT_END
691.5999999999999,691.7775793910776,,,,PENDING_AT_END
691.9499999999999,692.1986864130826,,,,PENDING_AT_END
692.3,692.678800778524,,,,PENDING_AT_END
692.65,692.9386132389901,,,,PENDING_AT_END
693.0,693.255384356982,,,,PENDING_AT_END
693.3499999999999,693.7230571035448,,,,PENDING_AT_END
693.6999999999999,693.8539319982193,,,,PENDING_AT_END
694.05,694.1369251495166,,,,PENDING_AT_END
694.4,694.5775139045853,,,,PENDING_AT_END
694.75,694.8217221496452,,,,PENDING_AT_END
695.0999999999999,695.2021482697539,,,,PENDING_AT_END
695.4499999999999,695.7127087172076,,,,PENDING_AT_END
695.8,696.1051935520095,,,,PENDING_AT_END
696.15,696.5452599024837,,,,PENDING_AT_END
696.5,696.5520007623059,,,,PENDING_AT_END
696.8499999999999,696.9838840855746,,,,PENDING_AT_END
697.1999999999999,697.2611690402128,,,,PENDING_AT_END
697.55,697.9331126772433,,,,PENDING_AT_END
697.9,698.0984129387331,,,,PENDING_AT_END
698.25,698.4601103456396,,,,PENDING_AT_END
698.5999999999999,698.7021337352355,,,,PENDING_AT_END
698.9499999999999,699.1464354546073,,,,PENDING_AT_END
699.3,699.4925053850216,,,,PENDING_AT_END
699.65,699.8986047476493,,,,PENDING_AT_END
700.0,700.3164580069258,,,,PENDING_AT_END
700.3499999999999,700.6890852679037,,,,PENDING_AT_END
700.6999999999999,700.796646876457,,,,PENDING_AT_END
701.05,701.2917063323396,,,,PENDING_AT_END
701.4,701.60684522539,,,,PENDING_AT_END
701.75,701.9478527863728,,,,PENDING_AT_END
702.0999999999999,702.2315246557089,,,,PENDING_AT_END
702.4499999999999,702.7301475315406,,,,PENDING_AT_END
702.8,703.0607070541107,,,,PENDING_AT_END
703.15,703.398126642671,,,,PENDING_AT_END
703.5,703.748686216577,,,,PENDING_AT_END
703.8499999999999,704.1843211020062,,,,PENDING_AT_END
704.1999999999999,704.2780657481813,,,,PENDING_AT_END
704.55,704.7762849474118,,,,PENDING_AT_END
704.9,704.9435345971905,,,,PENDING_AT_END
705.25,705.4576715061085,,,,PENDING_AT_END
705.5999999999999,705.7447794535074,,,,PENDING_AT_END
705.9499999999999,706.0570823940863,,,,PENDING_AT_END
706.3,706.6465462824071,,,,PENDING_AT_END
706.65,706.9725995260065,,,,PENDING_AT_END
707.0,707.21813894413,,,,PENDING_AT_END
707.3499999999999,707.4398123681001,,,,PENDING_AT_END
707.6999999999999,707.9027767089441,,,,PENDING_AT_END
708.05,708.1949288322103,,,,PENDING_AT_END
708.4,708.7892375878042,,,,PENDING_AT_END
708.75,709.1061180876752,,,,PENDING_AT_END
709.0999999999999,709.1614448145845,,,,PENDING_AT_END
709.4499999999999,709.5162313920251,,,,PENDING_AT_END
709.8,710.1234293644034,,,,PENDING_AT_END
710.15,710.4469465810199,,,,PENDING_AT_END
710.5,710.5071419063229,,,,PENDING_AT_END
710.8499999999999,711.0177638375856,,,,PENDING_AT_END
711.1999999999999,711.567175672507,,,,PENDING_AT_END
711.55,711.5918639371266,,,,PENDING_AT_END
711.9,712.1413109324081,,,,PENDING_AT_END
712.25,712.4809158036519,,,,PENDING_AT_END
712.5999999999999,712.6663787736941,,,,PENDING_AT_END
712.9499999999999,713.3214073696257,,,,PENDING_AT_END
713.3,713.4785332645542,,,,PENDING_AT_END
713.65,713.9703827129107,,,,PENDING_AT_END
714.0,714.33246976656,,,,PENDING_AT_END
714.3499999999999,714.7475594237271,,,,PENDING_AT_END
714.6999999999999,715.0830966863001,,,,PENDING_AT_END
715.05,715.194446908363,,,,PENDING_AT_END
715.4,715.5325971118647,,,,PENDING_AT_END
715.75,715.839552417973,,,,PENDING_AT_END
716.0999999999999,716.4844739115379,,,,PENDING_AT_END
716.4499999999999,716.4782708048104,,,,PENDING_AT_END
716.8,717.0590396953999,,,,PENDING_AT_END
717.15,717.3796527950191,,,,PENDING_AT_END
717.5,717.8096251911752,,,,PENDING_AT_END
717.8499999999999,717.8784931623725,,,,PENDING_AT_END
718.1999999999999,718.4660568303262,,,,PENDING_AT_END
718.55,718.8064585128388,,,,PENDING_AT_END
718.9,719.2269130006285,,,,PENDING_AT_END
719.25,719.3817871537708,,,,PENDING_AT_END
719.5999999999999,719.7531691309209,,,,PENDING_AT_END
719.9499999999999,719.9754290092475,,,,PENDING_AT_END
720.3,720.6327384782523,,,,PENDING_AT_END
720.65,720.9497760477506,,,,PENDING_AT_END
721.0,721.3437481566214,,,,PENDING_AT_END
721.3499999999999,721.5017839502118,,,,PENDING_AT_END
721.6999999999999,721.9521791042404,,,,PENDING_AT_END
722.05,722.1069991711156,,,,PENDING_AT_END
722.4,722.7210512132061,,,,PENDING_AT_END
722.75,723.0707084745777,,,,PENDING_AT_END
723.0999999999999,723.4143583090404,,,,PENDING_AT_END
723.4499999999999,723.5186119481883,,,,PENDING_AT_END
723.8,724.0113375646595,,,,PENDING_AT_END
724.15,724.27307683427,,,,PENDING_AT_END
724.5,724.7443223827217,,,,PENDING_AT_END
724.8499999999999,725.0752204548023,,,,PENDING_AT_END
725.1999999999999,725.5551219726098,,,,PENDING_AT_END
725.55,725.878673876887,,,,PENDING_AT_END
725.9,726.1681300786591,,,,PENDING_AT_END
726.25,726.5521352913031,,,,PENDING_AT_END
726.5999999999999,726.9511550887348,,,,PENDING_AT_END
726.9499999999999,726.9725604497445,,,,PENDING_AT_END
727.3,727.3019994597166,,,,PENDING_AT_END
727.65,727.6982498307124,,,,PENDING_AT_END
728.0,728.0500945923993,,,,PENDING_AT_END
728.3499999999999,728.4802349097349,,,,PENDING_AT_END
728.6999999999999,728.9050943609997,,,,PENDING_AT_END
729.05,729.3107384325665,,,,PENDING_AT_END
729.4,729.7498348583271,,,,PENDING_AT_END
729.75,730.0642299336844,,,,PENDING_AT_END
730.0999999999999,730.1773124220833,,,,PENDING_AT_END
730.4499999999999,730.6956265947227,,,,PENDING_AT_END
730.8,730.8011185715523,,,,PENDING_AT_END
731.15,731.5101356751196,,,,PENDING_AT_END
731.5,731.8548490777491,,,,PENDING_AT_END
731.8499999999999,732.183873986892,,,,PENDING_AT_END
732.1999999999999,732.353230547864,,,,PENDING_AT_END
732.55,732.7892329222207,,,,PENDING_AT_END
732.9,732.9682418278759,,,,PENDING_AT_END
733.25,733.4725154503217,,,,PENDING_AT_END
733.5999999999999,733.8534787880644,,,,PENDING_AT_END
733.9499999999999,734.3127454275728,,,,PENDING_AT_END
734.3,734.5734657292596,,,,PENDING_AT_END
734.65,734.9335669901103,,,,PENDING_AT_END
