timestamp,gen_time,sel_time,tx_time,rx_time,status
0.0,0.032324159950740054,157.12194130551978,157.1229413055198,157.29294130551978,TX
0.35,0.38305182367506563,155.44484550635357,155.44584550635358,155.61584550635357,TX
0.7,0.9833236624090047,152.3186122203089,152.3196122203089,152.48961222030889,TX
1.0499999999999998,1.4392223890639215,156.45988694431804,156.46088694431805,156.63088694431804,TX
1.4,1.6926366582435386,160.11308628584908,160.11408628584908,160.28408628584907,TX
1.75,1.976170598544281,154.80924416732154,154.81024416732154,154.98024416732153,TX
2.0999999999999996,2.1083211705084475,158.4054637697518,158.4064637697518,158.5764637697518,TX
2.4499999999999997,2.5254709565644373,153.576314477738,153.577314477738,153.747314477738,TX
2.8,3.151601181210804,162.56565455855846,162.56665455855847,162.73665455855846,TX
3.15,3.3516749870675064,154.60722931740915,154.60822931740915,154.77822931740914,TX
3.5,3.5574631787033404,159.937610036015,159.938610036015,160.108610036015,TX
3.8499999999999996,3.9291587134638455,159.8492328099279,159.85023280992792,160.0202328099279,TX
4.199999999999999,4.418243701824336,157.86839834665327,157.86939834665327,158.03939834665326,TX
4.55,4.763762470464752,162.43727268194016,162.43827268194016,162.60827268194015,TX
4.8999999999999995,5.195912578584834,,,,PENDING_AT_END
5.25,5.447026022847366,,,,PENDING_AT_END
5.6,5.617292776312631,,,,PENDING_AT_END
5.949999999999999,6.069382900175185,,,,PENDING_AT_END
6.3,6.472229349809928,,,,PENDING_AT_END
6.6499999999999995,6.656346430465024,,,,PENDING_AT_END
7.0,7.0632589097716565,,,,PENDING_AT_END
7.35,7.591426917079403,,,,PENDING_AT_END
7.699999999999999,8.063778975318066,,,,PENDING_AT_END
8.049999999999999,8.268521816073195,,,,PENDING_AT_END
8.399999999999999,8.73888533433653,,,,PENDING_AT_END
8.75,8.946542118304421,,,,PENDING_AT_END
9.1,9.293032469856717,,,,PENDING_AT_END
9.45,9.721867395736073,,,,PENDING_AT_END
9.799999999999999,10.04404989577755,,,,PENDING_AT_END
10.149999999999999,10.545720045080486,,,,PENDING_AT_END
10.5,10.865269903173399,,,,PENDING_AT_END
10.85,11.143197989231405,,,,PENDING_AT_END
11.2,11.301095323840709,,,,PENDING_AT_END
11.549999999999999,11.743532388403183,,,,PENDING_AT_END
11.899999999999999,12.142450029221365,,,,PENDING_AT_END
12.25,12.58015637276041,,,,PENDING_AT_END
12.6,12.77811592526452,,,,PENDING_AT_END
12.95,13.251760176986991,,,,PENDING_AT_END
13.299999999999999,13.393207548175218,,,,PENDING_AT_END
13.649999999999999,13.80384352722433,,,,PENDING_AT_END
14.0,14.29233127657255,,,,PENDING_AT_END
14.35,14.368489376934319,,,,PENDING_AT_END
14.7,14.96039746182344,,,,PENDING_AT_END
15.049999999999999,15.431379076983541,,,,PENDING_AT_END
15.399999999999999,15.796773187105636,,,,PENDING_AT_END
15.749999999999998,15.793873395909364,,,,PENDING_AT_END
16.099999999999998,16.239927656100686,,,,PENDING_AT_END
16.45,16.621155581927948,,,,PENDING_AT_END
16.799999999999997,17.17025177668321,,,,PENDING_AT_END
17.15,17.540419782987613,,,,PENDING_AT_END
17.5,17.510085532949446,,,,PENDING_AT_END
17.849999999999998,18.097113734186184,,,,PENDING_AT_END
18.2,18.20924368344141,,,,PENDING_AT_END
18.549999999999997,18.79749469954308,,,,PENDING_AT_END
18.9,18.943100522059098,,,,PENDING_AT_END
19.25,19.37185030030343,,,,PENDING_AT_END
19.599999999999998,19.730590324799902,,,,PENDING_AT_END
19.95,20.31626116056447,,,,PENDING_AT_END
20.299999999999997,20.619257085043152,,,,PENDING_AT_END
20.65,20.949608307732774,,,,PENDING_AT_END
21.0,21.239870302195996,,,,PENDING_AT_END
21.349999999999998,21.395539253637605,,,,PENDING_AT_END
21.7,21.816589223147165,,,,PENDING_AT_END
22.049999999999997,22.22684080739902,,,,PENDING_AT_END
22.4,22.677468686457786,,,,PENDING_AT_END
22.75,22.94216756102673,,,,PENDING_AT_END
23.099999999999998,23.49683049660538,,,,PENDING_AT_END
23.45,23.687029888063815,,,,PENDING_AT_END
23.799999999999997,23.95224899076795,,,,PENDING_AT_END
24.15,24.24572346191286,,,,PENDING_AT_END
24.5,24.535714850541474,,,,PENDING_AT_END
24.849999999999998,25.04865031267099,,,,PENDING_AT_END
25.2,25.220606320412262,,,,PENDING_AT_END
25.549999999999997,25.777184962679357,,,,PENDING_AT_END
25.9,25.94769958834045,,,,PENDING_AT_END
26.25,26.273491662505734,,,,PENDING_AT_END
26.599999999999998,26.78945545948788,,,,PENDING_AT_END
26.95,27.10089587244939,,,,PENDING_AT_END
27.299999999999997,27.5541273866734,,,,PENDING_AT_END
27.65,27.75681198886675,,,,PENDING_AT_END
28.0,28.186854661543826,,,,PENDING_AT_END
28.349999999999998,28.364519626389022,,,,PENDING_AT_END
28.7,28.816479754385202,,,,PENDING_AT_END
29.049999999999997,29.287411379813847,,,,PENDING_AT_END
29.4,29.765524124475625,,,,PENDING_AT_END
29.749999999999996,29.964819605594055,,,,PENDING_AT_END
30.099999999999998,30.113423219772653,,,,PENDING_AT_END
30.45,30.451132567260895,,,,PENDING_AT_END
30.799999999999997,30.926030190376053,,,,PENDING_AT_END
31.15,31.400059591759813,,,,PENDING_AT_END
31.499999999999996,31.834622513891386,,,,PENDING_AT_END
31.849999999999998,31.902424280173403,,,,PENDING_AT_END
32.199999999999996,32.44025947218598,,,,PENDING_AT_END
32.55,32.65697715703914,,,,PENDING_AT_END
32.9,33.025770481443836,,,,PENDING_AT_END
33.25,33.584193133296864,,,,PENDING_AT_END
33.599999999999994,33.774375126696,,,,PENDING_AT_END
33.949999999999996,33.98262734757413,,,,PENDING_AT_END
34.3,34.66952877991693,,,,PENDING_AT_END
34.65,34.686080603020265,,,,PENDING_AT_END
35.0,35.14052803873062,,,,PENDING_AT_END
35.349999999999994,35.44344793978672,,,,PENDING_AT_END
35.699999999999996,35.78075381233858,,,,PENDING_AT_END
36.05,36.299091390772645,,,,PENDING_AT_END
36.4,36.596753127877385,,,,PENDING_AT_END
36.75,36.881844986248325,,,,PENDING_AT_END
37.099999999999994,37.41012319621568,,,,PENDING_AT_END
37.449999999999996,37.4907509095809,,,,PENDING_AT_END
37.8,38.00764240778342,,,,PENDING_AT_END
38.15,38.33837111602907,,,,PENDING_AT_END
38.5,38.58369545055562,,,,PENDING_AT_END
38.849999999999994,39.178228310694934,,,,PENDING_AT_END
39.199999999999996,39.47398087149663,,,,PENDING_AT_END
39.55,39.94728024792526,,,,PENDING_AT_END
39.9,40.2896536862821,,,,PENDING_AT_END
40.25,40.647140452955256,,,,PENDING_AT_END
40.599999999999994,40.823171266113675,,,,PENDING_AT_END
40.949999999999996,41.33846934705388,,,,PENDING_AT_END
41.3,41.58445959263392,,,,PENDING_AT_END
41.65,41.69997328444496,,,,PENDING_AT_END
42.0,42.0501138298943,,,,PENDING_AT_END
42.349999999999994,42.73866591971317,,,,PENDING_AT_END
42.699999999999996,42.73700861285217,,,,PENDING_AT_END
43.05,43.38766606752051,,,,PENDING_AT_END
43.4,43.51711616692466,,,,PENDING_AT_END
43.75,43.87414748672069,,,,PENDING_AT_END
44.099999999999994,44.19383232888083,,,,PENDING_AT_END
44.449999999999996,44.50076721502959,,,,PENDING_AT_END
44.8,45.12246382617485,,,,PENDING_AT_END
45.15,45.36808811328067,,,,PENDING_AT_END
45.5,45.81625598258401,,,,PENDING_AT_END
45.849999999999994,46.11988486350603,,,,PENDING_AT_END
46.199999999999996,46.221266693859484,,,,PENDING_AT_END
46.55,46.70879239960932,,,,PENDING_AT_END
46.9,46.974891071516474,,,,PENDING_AT_END
47.25,47.38853101356213,,,,PENDING_AT_END
47.599999999999994,47.76257809426389,,,,PENDING_AT_END
47.949999999999996,48.01258220083307,,,,PENDING_AT_END
48.3,48.69338047689139,,,,PENDING_AT_END
48.65,48.83780201439085,,,,PENDING_AT_END
49.0,49.323975641106315,,,,PENDING_AT_END
49.349999999999994,49.419836356646854,,,,PENDING_AT_END
49.699999999999996,49.976929444270176,,,,PENDING_AT_END
50.05,50.37081379728278,,,,PENDING_AT_END
50.4,50.78787809095103,,,,PENDING_AT_END
50.75,50.76121500112269,,,,PENDING_AT_END
51.099999999999994,51.465774012837414,,,,PENDING_AT_END
51.449999999999996,51.77530424818726,,,,PENDING_AT_END
51.8,51.93727734816993,,,,PENDING_AT_END
52.15,52.50569002730334,,,,PENDING_AT_END
52.5,52.667065397221194,,,,PENDING_AT_END
52.849999999999994,53.23886731983211,,,,PENDING_AT_END
53.199999999999996,53.567372466608724,,,,PENDING_AT_END
53.55,53.940131596375494,,,,PENDING_AT_END
53.9,54.26163992276073,,,,PENDING_AT_END
54.25,54.30457512788426,,,,PENDING_AT_END
54.599999999999994,54.969301508243234,,,,PENDING_AT_END
54.949999999999996,55.299259381677565,,,,PENDING_AT_END
55.3,55.65951567917325,,,,PENDING_AT_END
55.65,55.928489449123994,,,,PENDING_AT_END
56.0,56.130087065186714,,,,PENDING_AT_END
56.349999999999994,56.474080820387115,,,,PENDING_AT_END
56.699999999999996,56.82314651642661,,,,PENDING_AT_END
57.05,57.43290856797395,,,,PENDING_AT_END
57.4,57.75781601128633,,,,PENDING_AT_END
57.74999999999999,58.027390747173264,,,,PENDING_AT_END
58.099999999999994,58.10470054787382,,,,PENDING_AT_END
58.449999999999996,58.77742781111822,,,,PENDING_AT_END
58.8,58.89811158224083,,,,PENDING_AT_END
59.15,59.39259536971888,,,,PENDING_AT_END
59.49999999999999,59.8128230231082,,,,PENDING_AT_END
59.849999999999994,60.113960429836354,,,,PENDING_AT_END
60.199999999999996,60.261105187788495,,,,PENDING_AT_END
60.55,60.74937043654299,,,,PENDING_AT_END
60.9,61.17315953229397,,,,PENDING_AT_END
61.24999999999999,61.532591274721746,,,,PENDING_AT_END
61.599999999999994,61.848290226156635,,,,PENDING_AT_END
61.949999999999996,61.99951659841175,,,,PENDING_AT_END
62.3,62.42532376677917,,,,PENDING_AT_END
62.65,63.0353171545466,,,,PENDING_AT_END
62.99999999999999,63.05934825815391,,,,PENDING_AT_END
63.349999999999994,63.48819483534241,,,,PENDING_AT_END
63.699999999999996,64.03879202779999,,,,PENDING_AT_END
64.05,64.40058260221154,,,,PENDING_AT_END
64.39999999999999,64.7948936569809,,,,PENDING_AT_END
64.75,65.09761937289184,,,,PENDING_AT_END
65.1,65.29587199724483,,,,PENDING_AT_END
65.45,65.59469739917027,,,,PENDING_AT_END
65.8,65.97681123187122,,,,PENDING_AT_END
66.14999999999999,66.28051886884874,,,,PENDING_AT_END
66.5,66.67865925802107,,,,PENDING_AT_END
66.85,66.98965936186795,,,,PENDING_AT_END
67.19999999999999,67.26933956880623,,,,PENDING_AT_END
67.55,67.60458020081732,,,,PENDING_AT_END
67.89999999999999,68.08779319731595,,,,PENDING_AT_END
68.25,68.54688636725564,,,,PENDING_AT_END
68.6,68.94689361186042,,,,PENDING_AT_END
68.94999999999999,68.96242912426706,,,,PENDING_AT_END
69.3,69.54445971941853,,,,PENDING_AT_END
69.64999999999999,69.78012725335502,,,,PENDING_AT_END
70.0,70.01495449903737,,,,PENDING_AT_END
70.35,70.71952083950234,,,,PENDING_AT_END
70.69999999999999,70.9971564134755,,,,PENDING_AT_END
71.05,71.16492000702327,,,,PENDING_AT_END
71.39999999999999,71.40881896908677,,,,PENDING_AT_END
71.75,71.81329711825148,,,,PENDING_AT_END
72.1,72.10061374782379,,,,PENDING_AT_END
72.44999999999999,72.69259784613163,,,,PENDING_AT_END
72.8,72.96488444042613,,,,PENDING_AT_END
73.14999999999999,73.50011300433694,,,,PENDING_AT_END
73.5,73.58064873643323,,,,PENDING_AT_END
73.85,73.91147947209777,,,,PENDING_AT_END
74.19999999999999,74.37183395355717,,,,PENDING_AT_END
74.55,74.74122210768199,,,,PENDING_AT_END
74.89999999999999,75.15594459347385,,,,PENDING_AT_END
75.25,75.32676532887155,,,,PENDING_AT_END
75.6,75.88167582254164,,,,PENDING_AT_END
75.94999999999999,76.29962889478105,,,,PENDING_AT_END
76.3,76.67800492976302,,,,PENDING_AT_END
76.64999999999999,76.81914867647275,,,,PENDING_AT_END
77.0,77.15724459083881,,,,PENDING_AT_END
77.35,77.35874835964691,,,,PENDING_AT_END
77.69999999999999,77.80228995706563,,,,PENDING_AT_END
78.05,78.32070074356078,,,,PENDING_AT_END
78.39999999999999,78.75266007244095,,,,PENDING_AT_END
78.75,78.83248974208902,,,,PENDING_AT_END
79.1,79.49012882551767,,,,PENDING_AT_END
79.44999999999999,79.69761904678117,,,,PENDING_AT_END
79.8,80.07124513822704,,,,PENDING_AT_END
80.14999999999999,80.22308927974647,,,,PENDING_AT_END
80.5,80.69413103071193,,,,PENDING_AT_END
80.85,80.96405829553382,,,,PENDING_AT_END
81.19999999999999,81.34229563161048,,,,PENDING_AT_END
81.55,81.58098661257803,,,,PENDING_AT_END
81.89999999999999,82.23953304912284,,,,PENDING_AT_END
82.25,82.34334906235381,,,,PENDING_AT_END
82.6,82.86255513764786,,,,PENDING_AT_END
82.94999999999999,83.31078300347306,,,,PENDING_AT_END
83.3,83.30968008250342,,,,PENDING_AT_END
83.64999999999999,83.82020331369209,,,,PENDING_AT_END
84.0,84.10986459049568,,,,PENDING_AT_END
84.35,84.3500357027217,,,,PENDING_AT_END
84.69999999999999,85.05303638063742,,,,PENDING_AT_END
85.05,85.14464911712166,,,,PENDING_AT_END
85.39999999999999,85.58215098150471,,,,PENDING_AT_END
85.75,85.96561728446326,,,,PENDING_AT_END
86.1,86.29749093843867,,,,PENDING_AT_END
86.44999999999999,86.65544383896605,,,,PENDING_AT_END
86.8,86.98603709096706,,,,PENDING_AT_END
87.14999999999999,87.51967631114697,,,,PENDING_AT_END
87.5,87.75250180975434,,,,PENDING_AT_END
87.85,87.96428661131998,,,,PENDING_AT_END
88.19999999999999,88.39754349035533,,,,PENDING_AT_END
88.55,88.92699150636564,,,,PENDING_AT_END
88.89999999999999,89.28492478756449,,,,PENDING_AT_END
89.25,89.26102702242176,,,,PENDING_AT_END
89.6,89.63189868330693,,,,PENDING_AT_END
89.94999999999999,90.05807383842009,,,,PENDING_AT_END
90.3,90.38313871788561,,,,PENDING_AT_END
90.64999999999999,90.65502545542991,,,,PENDING_AT_END
91.0,91.2222018855301,,,,PENDING_AT_END
91.35,91.74656844080792,,,,PENDING_AT_END
91.69999999999999,91.70695399256468,,,,PENDING_AT_END
92.05,92.32672804869121,,,,PENDING_AT_END
92.39999999999999,92.5534210885079,,,,PENDING_AT_END
92.75,92.9148979961893,,,,PENDING_AT_END
93.1,93.4679808629528,,,,PENDING_AT_END
93.44999999999999,93.7775597314602,,,,PENDING_AT_END
93.8,94.13562387970795,,,,PENDING_AT_END
94.14999999999999,94.42297530178637,,,,PENDING_AT_END
94.5,94.7101945117895,,,,PENDING_AT_END
94.85,95.17143768147923,,,,PENDING_AT_END
95.19999999999999,95.2436713298959,,,,PENDING_AT_END
95.55,95.62720512642035,,,,PENDING_AT_END
95.89999999999999,96.2248486291689,,,,PENDING_AT_END
96.25,96.28922874347097,,,,PENDING_AT_END
96.6,96.74223230666317,,,,PENDING_AT_END
96.94999999999999,97.30528679386535,,,,PENDING_AT_END
97.3,97.61385300646292,,,,PENDING_AT_END
97.64999999999999,98.00088839539605,,,,PENDING_AT_END
98.0,98.05730865159006,,,,PENDING_AT_END
98.35,98.35901666924042,,,,PENDING_AT_END
98.69999999999999,99.08687977870159,,,,PENDING_AT_END
99.05,99.06568788617118,,,,PENDING_AT_END
99.39999999999999,99.63303737146047,,,,PENDING_AT_END
99.75,99.79881970680606,,,,PENDING_AT_END
100.1,100.30595796590643,,,,PENDING_AT_END
100.44999999999999,100.4970243054452,,,,PENDING_AT_END
100.8,100.91126960797128,,,,PENDING_AT_END
101.14999999999999,101.31528407177366,,,,PENDING_AT_END
101.5,101.72837371342342,,,,PENDING_AT_END
101.85,102.16685953831359,,,,PENDING_AT_END
102.19999999999999,102.22475334230097,,,,PENDING_AT_END
102.55,102.6334160282993,,,,PENDING_AT_END
102.89999999999999,103.19528697294807,,,,PENDING_AT_END
103.25,103.48602630599348,,,,PENDING_AT_END
103.6,103.923142056914,,,,PENDING_AT_END
103.94999999999999,104.2387141649697,,,,PENDING_AT_END
104.3,104.43364500741022,,,,PENDING_AT_END
104.64999999999999,104.9587870105578,,,,PENDING_AT_END
105.0,105.15500783502875,,,,PENDING_AT_END
105.35,105.70206686107946,,,,PENDING_AT_END
105.69999999999999,105.76286840082662,,,,PENDING_AT_END
106.05,106.08123559892361,,,,PENDING_AT_END
106.39999999999999,106.40765993414355,,,,PENDING_AT_END
106.75,107.01398462902387,,,,PENDING_AT_END
107.1,107.24995333039251,,,,PENDING_AT_END
107.44999999999999,107.54335311781273,,,,PENDING_AT_END
107.8,107.86962807463784,,,,PENDING_AT_END
108.14999999999999,108.45497837150963,,,,PENDING_AT_END
108.5,108.68931332886692,,,,PENDING_AT_END
108.85,108.9598618295002,,,,PENDING_AT_END
109.19999999999999,109.333376404727,,,,PENDING_AT_END
109.55,109.65480536786076,,,,PENDING_AT_END
109.89999999999999,109.94792675940458,,,,PENDING_AT_END
110.25,110.27368805776379,,,,PENDING_AT_END
110.6,110.6706822591652,,,,PENDING_AT_END
110.94999999999999,111.3456266915691,,,,PENDING_AT_END
111.3,111.4059608810576,,,,PENDING_AT_END
111.64999999999999,111.7054787213324,,,,PENDING_AT_END
112.0,112.2851395315698,,,,PENDING_AT_END
112.35,112.7488603407671,,,,PENDING_AT_END
112.69999999999999,112.78598900547323,,,,PENDING_AT_END
113.05,113.19473154744414,,,,PENDING_AT_END
113.39999999999999,113.66957472888406,,,,PENDING_AT_END
113.74999999999999,113.976041869663,,,,PENDING_AT_END
114.1,114.27232879267154,,,,PENDING_AT_END
114.44999999999999,114.6426869309955,,,,PENDING_AT_END
114.8,115.15644684334147,,,,PENDING_AT_END
115.14999999999999,115.54430486371685,,,,PENDING_AT_END
115.49999999999999,115.77621596449818,,,,PENDING_AT_END
115.85,115.86742582689823,,,,PENDING_AT_END
116.19999999999999,116.32592294144351,,,,PENDING_AT_END
116.55,116.75425714834658,,,,PENDING_AT_END
116.89999999999999,116.93288059032626,,,,PENDING_AT_END
117.24999999999999,117.39381832837184,,,,PENDING_AT_END
117.6,117.96761633396278,,,,PENDING_AT_END
117.94999999999999,118.08304107875978,,,,PENDING_AT_END
118.3,118.55985516115659,,,,PENDING_AT_END
118.64999999999999,119.0058652147956,,,,PENDING_AT_END
118.99999999999999,119.17817518841814,,,,PENDING_AT_END
119.35,119.38286622126216,,,,PENDING_AT_END
119.69999999999999,119.72280153417958,,,,PENDING_AT_END
120.05,120.16772874182136,,,,PENDING_AT_END
120.39999999999999,120.7264611124334,,,,PENDING_AT_END
120.74999999999999,120.93130835166296,,,,PENDING_AT_END
121.1,121.31477873275725,,,,PENDING_AT_END
121.44999999999999,121.5839545217764,,,,PENDING_AT_END
121.8,122.02596736146639,,,,PENDING_AT_END
122.14999999999999,122.20526647621959,,,,PENDING_AT_END
122.49999999999999,122.64014177545975,,,,PENDING_AT_END
122.85,123.1234156936055,,,,PENDING_AT_END
123.19999999999999,123.58723137489943,,,,PENDING_AT_END
123.55,123.69467598777679,,,,PENDING_AT_END
123.89999999999999,123.97839651741602,,,,PENDING_AT_END
124.24999999999999,124.47540080860479,,,,PENDING_AT_END
124.6,124.81749132480164,,,,PENDING_AT_END
124.94999999999999,125.17801314201378,,,,PENDING_AT_END
125.3,125.61613941476573,,,,PENDING_AT_END
125.64999999999999,125.91059384022664,,,,PENDING_AT_END
125.99999999999999,126.15239319617847,,,,PENDING_AT_END
126.35,126.59085357698186,,,,PENDING_AT_END
126.69999999999999,127.0290143282148,,,,PENDING_AT_END
127.05,127.35845125844618,,,,PENDING_AT_END
127.39999999999999,127.44955400574618,,,,PENDING_AT_END
127.74999999999999,127.88151910173771,,,,PENDING_AT_END
128.1,128.1284844456837,,,,PENDING_AT_END
128.45,128.62475074234675,,,,PENDING_AT_END
128.79999999999998,128.93002252541393,,,,PENDING_AT_END
129.15,129.29304679226172,,,,PENDING_AT_END
129.5,129.83156337399794,,,,PENDING_AT_END
129.85,129.95688107720142,,,,PENDING_AT_END
130.2,130.38551977953517,,,,PENDING_AT_END
130.54999999999998,130.70923110938142,,,,PENDING_AT_END
130.9,131.24617318611936,,,,PENDING_AT_END
131.25,131.59096146146095,,,,PENDING_AT_END
131.6,131.96730259517918,,,,PENDING_AT_END
131.95,132.16498533427858,,,,PENDING_AT_END
132.29999999999998,132.45375957922207,,,,PENDING_AT_END
132.65,132.99529455775152,,,,PENDING_AT_END
133.0,133.18548835667588,,,,PENDING_AT_END
133.35,133.53569178459517,,,,PENDING_AT_END
133.7,134.03721509871525,,,,PENDING_AT_END
134.04999999999998,134.19282310179253,,,,PENDING_AT_END
134.39999999999998,134.752056769111,,,,PENDING_AT_END
134.75,134.85728009219906,,,,PENDING_AT_END
135.1,135.44187573989373,,,,PENDING_AT_END
135.45,135.52113088382708,,,,PENDING_AT_END
135.79999999999998,136.04575978951883,,,,PENDING_AT_END
136.14999999999998,136.48000448499494,,,,PENDING_AT_END
136.5,136.55705961663324,,,,PENDING_AT_END
136.85,137.09929976675622,,,,PENDING_AT_END
137.2,137.2231342265103,,,,PENDING_AT_END
137.54999999999998,137.8281518554367,,,,PENDING_AT_END
137.89999999999998,138.01534896365956,,,,PENDING_AT_END
138.25,138.33311830556255,,,,PENDING_AT_END
138.6,138.90886876296977,,,,PENDING_AT_END
138.95,139.01912825158,,,,PENDING_AT_END
139.29999999999998,139.66215706330107,,,,PENDING_AT_END
139.64999999999998,139.6546813862854,,,,PENDING_AT_END
140.0,140.17058546024765,,,,PENDING_AT_END
140.35,140.38718759574672,,,,PENDING_AT_END
140.7,140.8674721746583,,,,PENDING_AT_END
141.04999999999998,141.14432147860273,,,,PENDING_AT_END
141.39999999999998,141.5800670349813,,,,PENDING_AT_END
141.75,141.83143938910416,,,,PENDING_AT_END
142.1,142.48663732673302,,,,PENDING_AT_END
142.45,142.62610469333418,,,,PENDING_AT_END
142.79999999999998,142.8795966754852,,,,PENDING_AT_END
143.14999999999998,143.46928764965867,,,,PENDING_AT_END
143.5,143.71774154776574,,,,PENDING_AT_END
143.85,143.94959311788526,,,,PENDING_AT_END
144.2,144.3955794424382,,,,PENDING_AT_END
144.54999999999998,144.9174596447264,,,,PENDING_AT_END
144.89999999999998,145.23822205665454,,,,PENDING_AT_END
145.25,145.580308251477,,,,PENDING_AT_END
145.6,145.60029166605906,,,,PENDING_AT_END
145.95,146.32376181417698,,,,PENDING_AT_END
146.29999999999998,146.42151675998142,,,,PENDING_AT_END
146.64999999999998,146.69654446593756,,,,PENDING_AT_END
147.0,147.10650695297915,,,,PENDING_AT_END
147.35,147.41175767671407,,,,PENDING_AT_END
147.7,147.90958552374656,,,,PENDING_AT_END
148.04999999999998,148.15834529656868,,,,PENDING_AT_END
148.39999999999998,148.6233478565652,,,,PENDING_AT_END
148.75,149.04638892588048,,,,PENDING_AT_END
149.1,149.2317117777051,,,,PENDING_AT_END
149.45,149.63735906339582,,,,PENDING_AT_END
149.79999999999998,150.1109228290504,,,,PENDING_AT_END
150.14999999999998,150.19905647752955,,,,PENDING_AT_END
150.5,150.73674075144834,,,,PENDING_AT_END
150.85,151.07914795825994,,,,PENDING_AT_END
151.2,151.51982137163606,,,,PENDING_AT_END
151.54999999999998,151.60422876229487,,,,PENDING_AT_END
151.89999999999998,151.9987603008899,,,,PENDING_AT_END
152.25,152.55786180644782,,,,PENDING_AT_END
152.6,152.73506951675753,,,,PENDING_AT_END
152.95,153.26825680266558,,,,PENDING_AT_END
153.29999999999998,153.4362724898469,,,,PENDING_AT_END
153.64999999999998,153.8528133724181,,,,PENDING_AT_END
154.0,154.29122583607727,,,,PENDING_AT_END
154.35,154.61218925869568,,,,PENDING_AT_END
154.7,154.71786848135662,,,,PENDING_AT_END
155.04999999999998,155.3324936726241,,,,PENDING_AT_END
155.39999999999998,155.7489265790179,,,,PENDING_AT_END
155.75,155.81415358490244,,,,PENDING_AT_END
156.1,156.22432569502425,,,,PENDING_AT_END
156.45,156.5267019249482,,,,PENDING_AT_END
156.79999999999998,157.1983238692005,,,,PENDING_AT_END
157.14999999999998,157.32362154102088,,,,PENDING_AT_END
157.5,157.56020680707763,,,,PENDING_AT_END
157.85,157.89085660361215,,,,PENDING_AT_END
158.2,158.44393503344202,,,,PENDING_AT_END
158.54999999999998,158.9244270557098,,,,PENDING_AT_END
158.89999999999998,159.1989230700953,,,,PENDING_AT_END
159.25,159.2649815184867,,,,PENDING_AT_END
159.6,159.8364239411044,,,,PENDING_AT_END
159.95,160.28010673789038,,,,PENDING_AT_END
160.29999999999998,160.50630319382137,,,,PENDING_AT_END
160.64999999999998,160.73995950325093,,,,PENDING_AT_END
161.0,161.05013808908728,,,,PENDING_AT_END
161.35,161.35959222818795,,,,PENDING_AT_END
161.7,162.05167370874318,,,,PENDING_AT_END
162.04999999999998,162.26817756545537,,,,PENDING_AT_END
162.39999999999998,162.55181088005685,,,,PENDING_AT_END
162.75,162.9430778259603,,,,PENDING_AT_END
163.1,163.40422936135442,,,,PENDING_AT_END
163.45,163.79253473828578,,,,PENDING_AT_END
163.79999999999998,163.81446765430528,,,,PENDING_AT_END
164.14999999999998,164.2170011965493,,,,PENDING_AT_END
164.5,164.82907967297814,,,,PENDING_AT_END
164.85,164.9621527011095,,,,PENDING_AT_END
165.2,165.29985674820142,,,,PENDING_AT_END
165.54999999999998,165.69418973514158,,,,PENDING_AT_END
165.89999999999998,166.0335774656362,,,,PENDING_AT_END
166.25,166.38737045847392,,,,PENDING_AT_END
166.6,166.84534575212544,,,,PENDING_AT_END
166.95,167.0042361173846,,,,PENDING_AT_END
167.29999999999998,167.32518115843928,,,,PENDING_AT_END
167.64999999999998,167.90250256783924,,,,PENDING_AT_END
168.0,168.35661958422793,,,,PENDING_AT_END
168.35,168.5499125802297,,,,PENDING_AT_END
168.7,168.7713074010769,,,,PENDING_AT_END
169.04999999999998,169.40634501038298,,,,PENDING_AT_END
169.39999999999998,169.7794902106101,,,,PENDING_AT_END
169.75,169.81023043627715,,,,PENDING_AT_END
170.1,170.2283759387058,,,,PENDING_AT_END
170.45,170.82370456811066,,,,PENDING_AT_END
170.79999999999998,170.86835004780514,,,,PENDING_AT_END
171.14999999999998,171.1601215973053,,,,PENDING_AT_END
171.5,171.5716052025271,,,,PENDING_AT_END
171.85,172.21519218530617,,,,PENDING_AT_END
172.2,172.22961015858203,,,,PENDING_AT_END
172.54999999999998,172.56378645230868,,,,PENDING_AT_END
172.89999999999998,173.13565277912636,,,,PENDING_AT_END
173.25,173.35246415685697,,,,PENDING_AT_END
173.6,173.9454793108088,,,,PENDING_AT_END
173.95,174.20991970839992,,,,PENDING_AT_END
174.29999999999998,174.53960661260137,,,,PENDING_AT_END
174.64999999999998,175.01252254153746,,,,PENDING_AT_END
175.0,175.2863477992641,,,,PENDING_AT_END
175.35,175.5465566811703,,,,PENDING_AT_END
175.7,175.93934044302375,,,,PENDING_AT_END
176.04999999999998,176.296446110419,,,,PENDING_AT_END
176.39999999999998,176.70632436617154,,,,PENDING_AT_END
176.75,177.08335156002988,,,,PENDING_AT_END
177.1,177.38581406432755,,,,PENDING_AT_END
177.45,177.76762925399277,,,,PENDING_AT_END
177.79999999999998,177.86660833456713,,,,PENDING_AT_END
178.14999999999998,178.31565369705731,,,,PENDING_AT_END
178.5,178.83596764326012,,,,PENDING_AT_END
178.85,178.9007164574496,,,,PENDING_AT_END
179.2,179.4874769800897,,,,PENDING_AT_END
179.54999999999998,179.72723677872702,,,,PENDING_AT_END
179.89999999999998,180.29277716623625,,,,PENDING_AT_END
180.25,180.6287537293922,,,,PENDING_AT_END
180.6,180.87015307061804,,,,PENDING_AT_END
180.95,181.28317933774855,,,,PENDING_AT_END
181.29999999999998,181.6235883811615,,,,PENDING_AT_END
181.64999999999998,181.8596528800809,,,,PENDING_AT_END
182.0,182.37575208693028,,,,PENDING_AT_END
182.35,182.46556067974078,,,,PENDING_AT_END
182.7,183.0332955029109,,,,PENDING_AT_END
183.04999999999998,183.3850419525928,,,,PENDING_AT_END
183.39999999999998,183.77231490693458,,,,PENDING_AT_END
183.75,184.1341684423017,,,,PENDING_AT_END
184.1,184.20419083272267,,,,PENDING_AT_END
184.45,184.6108802657302,,,,PENDING_AT_END
184.79999999999998,185.1920936271707,,,,PENDING_AT_END
185.14999999999998,185.30308262481265,,,,PENDING_AT_END
185.5,185.7932395139523,,,,PENDING_AT_END
185.85,185.95885666831114,,,,PENDING_AT_END
186.2,186.48837844875504,,,,PENDING_AT_END
186.54999999999998,186.84534476560597,,,,PENDING_AT_END
186.89999999999998,186.99911326819813,,,,PENDING_AT_END
187.25,187.4118533720727,,,,PENDING_AT_END
187.6,187.66801945644315,,,,PENDING_AT_END
187.95,188.19123466491578,,,,PENDING_AT_END
188.29999999999998,188.32539510221878,,,,PENDING_AT_END
188.64999999999998,189.03604652658822,,,,PENDING_AT_END
189.0,189.0768391074521,,,,PENDING_AT_END
189.35,189.38083904775104,,,,PENDING_AT_END
189.7,190.02753243503565,,,,PENDING_AT_END
190.04999999999998,190.2718679919665,,,,PENDING_AT_END
190.39999999999998,190.73929558222807,,,,PENDING_AT_END
190.75,190.83884023063297,,,,PENDING_AT_END
191.1,191.40705026507297,,,,PENDING_AT_END
191.45,191.78140202553288,,,,PENDING_AT_END
191.79999999999998,191.98369749313892,,,,PENDING_AT_END
192.14999999999998,192.27321857504347,,,,PENDING_AT_END
192.5,192.5961056643082,,,,PENDING_AT_END
192.85,193.07984283570286,,,,PENDING_AT_END
193.2,193.33234203008385,,,,PENDING_AT_END
193.54999999999998,193.67496977635395,,,,PENDING_AT_END
193.89999999999998,194.15065592909167,,,,PENDING_AT_END
194.25,194.38808793593398,,,,PENDING_AT_END
194.6,194.93527160774474,,,,PENDING_AT_END
194.95,195.23827790075075,,,,PENDING_AT_END
195.29999999999998,195.37652792836226,,,,PENDING_AT_END
195.64999999999998,195.73571537502846,,,,PENDING_AT_END
196.0,196.17425237207146,,,,PENDING_AT_END
196.35,196.4506631902959,,,,PENDING_AT_END
196.7,196.9615003524412,,,,PENDING_AT_END
197.04999999999998,197.0826779830194,,,,PENDING_AT_END
197.39999999999998,197.41511862160894,,,,PENDING_AT_END
197.75,197.83332606988233,,,,PENDING_AT_END
198.1,198.10142974331197,,,,PENDING_AT_END
198.45,198.45183671517663,,,,PENDING_AT_END
198.79999999999998,199.18028976920155,,,,PENDING_AT_END
199.14999999999998,199.18329234919173,,,,PENDING_AT_END
199.5,199.5160535156217,,,,PENDING_AT_END
199.85,200.00701526677184,,,,PENDING_AT_END
200.2,200.22896468072582,,,,PENDING_AT_END
200.54999999999998,200.62058427791365,,,,PENDING_AT_END
200.89999999999998,201.2592126456123,,,,PENDING_AT_END
201.25,201.64759496632274,,,,PENDING_AT_END
201.6,201.73343983290883,,,,PENDING_AT_END
201.95,201.98788932376146,,,,PENDING_AT_END
202.29999999999998,202.52863471755958,,,,PENDING_AT_END
202.64999999999998,202.83358231044195,,,,PENDING_AT_END
203.0,203.2889066281819,,,,PENDING_AT_END
203.35,203.5231681749472,,,,PENDING_AT_END
203.7,203.86562039041996,,,,PENDING_AT_END
204.04999999999998,204.23662886063155,,,,PENDING_AT_END
204.39999999999998,204.41848260729017,,,,PENDING_AT_END
204.75,204.96811941586947,,,,PENDING_AT_END
205.1,205.28341009600504,,,,PENDING_AT_END
205.45,205.50065340142174,,,,PENDING_AT_END
205.79999999999998,206.09973597874622,,,,PENDING_AT_END
206.14999999999998,206.53140454353758,,,,PENDING_AT_END
206.5,206.53698456396614,,,,PENDING_AT_END
206.85,207.14884950929277,,,,PENDING_AT_END
207.2,207.40701137736045,,,,PENDING_AT_END
207.54999999999998,207.73893703014548,,,,PENDING_AT_END
207.89999999999998,207.9505428916275,,,,PENDING_AT_END
208.25,208.5630144829616,,,,PENDING_AT_END
208.6,208.6554190204849,,,,PENDING_AT_END
208.95,208.99574204424607,,,,PENDING_AT_END
209.29999999999998,209.50922987517495,,,,PENDING_AT_END
209.64999999999998,209.96583892436115,,,,PENDING_AT_END
210.0,210.32786485404654,,,,PENDING_AT_END
210.35,210.45557086854066,,,,PENDING_AT_END
210.7,210.8259974418786,,,,PENDING_AT_END
211.04999999999998,211.20237994135678,,,,PENDING_AT_END
211.39999999999998,211.76429576744687,,,,PENDING_AT_END
211.75,212.1440259599999,,,,PENDING_AT_END
212.1,212.48418920285914,,,,PENDING_AT_END
212.45,212.56268767459238,,,,PENDING_AT_END
212.79999999999998,213.11196883132172,,,,PENDING_AT_END
213.14999999999998,213.4621173456472,,,,PENDING_AT_END
213.5,213.8907833641225,,,,PENDING_AT_END
213.85,213.90019172628328,,,,PENDING_AT_END
214.2,214.35146790536874,,,,PENDING_AT_END
214.54999999999998,214.79312039455024,,,,PENDING_AT_END
214.89999999999998,215.24216841963982,,,,PENDING_AT_END
215.25,215.52358387024066,,,,PENDING_AT_END
215.6,215.62981527404585,,,,PENDING_AT_END
215.95,216.32864323855244,,,,PENDING_AT_END
216.29999999999998,216.568946936709,,,,PENDING_AT_END
216.64999999999998,216.96591116429562,,,,PENDING_AT_END
217.0,217.36642942859675,,,,PENDING_AT_END
217.35,217.38277968257117,,,,PENDING_AT_END
217.7,217.77094266449183,,,,PENDING_AT_END
218.04999999999998,218.2370104331845,,,,PENDING_AT_END
218.39999999999998,218.44741325006743,,,,PENDING_AT_END
218.75,218.9552666474915,,,,PENDING_AT_END
219.1,219.1419136876389,,,,PENDING_AT_END
219.45,219.5950520847736,,,,PENDING_AT_END
219.79999999999998,219.8247831633685,,,,PENDING_AT_END
220.14999999999998,220.45655678988652,,,,PENDING_AT_END
220.5,220.6129331084308,,,,PENDING_AT_END
220.85,221.17478796448776,,,,PENDING_AT_END
221.2,221.42170230766607,,,,PENDING_AT_END
221.54999999999998,221.75532695130167,,,,PENDING_AT_END
221.89999999999998,222.0821024523824,,,,PENDING_AT_END
222.25,222.42017068011228,,,,PENDING_AT_END
222.6,222.64311898204446,,,,PENDING_AT_END
222.95,223.31449593016623,,,,PENDING_AT_END
223.29999999999998,223.38315399395682,,,,PENDING_AT_END
223.64999999999998,224.0353309249877,,,,PENDING_AT_END
224.0,224.02011945369992,,,,PENDING_AT_END
224.35,224.5674152439082,,,,PENDING_AT_END
224.7,224.84723749303782,,,,PENDING_AT_END
225.04999999999998,225.18626169859837,,,,PENDING_AT_END
225.39999999999998,225.49035415116185,,,,PENDING_AT_END
225.74999999999997,226.13819628487843,,,,PENDING_AT_END
226.1,226.23706917086864,,,,PENDING_AT_END
226.45,226.66846016804152,,,,PENDING_AT_END
226.79999999999998,227.12862897088436,,,,PENDING_AT_END
227.14999999999998,227.4133769540286,,,,PENDING_AT_END
227.49999999999997,227.65161827403304,,,,PENDING_AT_END
227.85,228.0151808945425,,,,PENDING_AT_END
228.2,228.47849504695017,,,,PENDING_AT_END
228.54999999999998,228.59460499761636,,,,PENDING_AT_END
228.89999999999998,228.9122730311338,,,,PENDING_AT_END
229.24999999999997,229.61863415565327,,,,PENDING_AT_END
229.6,229.64979839996747,,,,PENDING_AT_END
229.95,230.01438689078373,,,,PENDING_AT_END
230.29999999999998,230.41731159529238,,,,PENDING_AT_END
230.64999999999998,231.02360986356229,,,,PENDING_AT_END
230.99999999999997,231.2453963119212,,,,PENDING_AT_END
231.35,231.52488705515512,,,,PENDING_AT_END
231.7,231.79279087103504,,,,PENDING_AT_END
232.04999999999998,232.24489987014576,,,,PENDING_AT_END
232.39999999999998,232.68564700485234,,,,PENDING_AT_END
232.74999999999997,233.01302323553617,,,,PENDING_AT_END
233.1,233.17093074704982,,,,PENDING_AT_END
233.45,233.67761918369666,,,,PENDING_AT_END
233.79999999999998,234.0766542546768,,,,PENDING_AT_END
234.14999999999998,234.46452046828944,,,,PENDING_AT_END
234.49999999999997,234.55266258281463,,,,PENDING_AT_END
234.85,234.90913460243135,,,,PENDING_AT_END
235.2,235.40771378464962,,,,PENDING_AT_END
235.54999999999998,235.79862971025315,,,,PENDING_AT_END
235.89999999999998,236.24689927859498,,,,PENDING_AT_END
236.24999999999997,236.38593041148434,,,,PENDING_AT_END
236.6,236.97044180408827,,,,PENDING_AT_END
236.95,237.06155660512024,,,,PENDING_AT_END
237.29999999999998,237.3133337059178,,,,PENDING_AT_END
237.64999999999998,237.87972846355456,,,,PENDING_AT_END
237.99999999999997,238.14391078936674,,,,PENDING_AT_END
238.35,238.64284432941392,,,,PENDING_AT_END
238.7,239.014900928916,,,,PENDING_AT_END
239.04999999999998,239.2551512820759,,,,PENDING_AT_END
239.39999999999998,239.47063970664902,,,,PENDING_AT_END
239.74999999999997,239.9440897922805,,,,PENDING_AT_END
240.1,240.2436219063974,,,,PENDING_AT_END
240.45,240.8419488073268,,,,PENDING_AT_END
240.79999999999998,240.90558445230945,,,,PENDING_AT_END
241.14999999999998,241.46753707461897,,,,PENDING_AT_END
241.49999999999997,241.53338312698824,,,,PENDING_AT_END
241.85,241.8662775212591,,,,PENDING_AT_END
242.2,242.3069450165833,,,,PENDING_AT_END
242.54999999999998,242.90230771405518,,,,PENDING_AT_END
242.89999999999998,242.96955818195818,,,,PENDING_AT_END
243.24999999999997,243.64150087327837,,,,PENDING_AT_END
243.6,243.96663508706078,,,,PENDING_AT_END
243.95,244.00839127736702,,,,PENDING_AT_END
244.29999999999998,244.67780610479699,,,,PENDING_AT_END
244.64999999999998,244.7681339518952,,,,PENDING_AT_END
244.99999999999997,245.0472516404581,,,,PENDING_AT_END
245.35,245.4169342115903,,,,PENDING_AT_END
245.7,245.9979715358338,,,,PENDING_AT_END
246.04999999999998,246.31041078374633,,,,PENDING_AT_END
246.39999999999998,246.73098660362757,,,,PENDING_AT_END
246.74999999999997,246.86293303915292,,,,PENDING_AT_END
247.1,247.23374254771264,,,,PENDING_AT_END
247.45,247.7315055258834,,,,PENDING_AT_END
247.79999999999998,248.15337435523614,,,,PENDING_AT_END
248.14999999999998,248.42632250075462,,,,PENDING_AT_END
248.49999999999997,248.729742167733,,,,PENDING_AT_END
248.85,248.9211470598265,,,,PENDING_AT_END
249.2,249.4253340784888,,,,PENDING_AT_END
249.54999999999998,249.74308091832282,,,,PENDING_AT_END
249.89999999999998,250.28229235884152,,,,PENDING_AT_END
250.24999999999997,250.49408878051858,,,,PENDING_AT_END
250.6,250.74439285947003,,,,PENDING_AT_END
250.95,251.0654009942334,,,,PENDING_AT_END
251.29999999999998,251.31402259511836,,,,PENDING_AT_END
251.64999999999998,251.7972381048375,,,,PENDING_AT_END
251.99999999999997,252.22782940644586,,,,PENDING_AT_END
252.35,252.5947030495125,,,,PENDING_AT_END
252.7,252.8426079585152,,,,PENDING_AT_END
253.04999999999998,253.35196574378514,,,,PENDING_AT_END
253.39999999999998,253.4991847191991,,,,PENDING_AT_END
253.74999999999997,254.1094778726322,,,,PENDING_AT_END
254.1,254.24301369186995,,,,PENDING_AT_END
254.45,254.45017283157523,,,,PENDING_AT_END
254.79999999999998,255.03116567072394,,,,PENDING_AT_END
255.14999999999998,255.33642734688368,,,,PENDING_AT_END
255.49999999999997,255.58289167628445,,,,PENDING_AT_END
255.85,255.97206731061598,,,,PENDING_AT_END
256.2,256.5917169844078,,,,PENDING_AT_END
256.55,256.66802379427764,,,,PENDING_AT_END
256.9,257.223275800731,,,,PENDING_AT_END
257.25,257.5002221042553,,,,PENDING_AT_END
257.59999999999997,257.826627230499,,,,PENDING_AT_END
257.95,258.06746145406584,,,,PENDING_AT_END
258.3,258.6919129912306,,,,PENDING_AT_END
258.65,258.9559842288553,,,,PENDING_AT_END
259.0,259.2547865796164,,,,PENDING_AT_END
259.34999999999997,259.64308728701013,,,,PENDING_AT_END
259.7,259.7651902774739,,,,PENDING_AT_END
260.05,260.23659666430643,,,,PENDING_AT_END
260.4,260.7558797195495,,,,PENDING_AT_END
260.75,261.149723254537,,,,PENDING_AT_END
261.09999999999997,261.39585892333884,,,,PENDING_AT_END
261.45,261.58320226642405,,,,PENDING_AT_END
261.8,262.1452484672157,,,,PENDING_AT_END
262.15,262.25112948974856,,,,PENDING_AT_END
262.5,262.53201504411425,,,,PENDING_AT_END
262.84999999999997,263.1120673764828,,,,PENDING_AT_END
263.2,263.50482088353573,,,,PENDING_AT_END
263.55,263.8435090182466,,,,PENDING_AT_END
263.9,264.0467908131652,,,,PENDING_AT_END
264.25,264.5894061880002,,,,PENDING_AT_END
264.59999999999997,264.9223652970831,,,,PENDING_AT_END
264.95,265.1004524541401,,,,PENDING_AT_END
265.3,265.4756177611701,,,,PENDING_AT_END
265.65,265.824345173295,,,,PENDING_AT_END
266.0,266.0268535779925,,,,PENDING_AT_END
266.34999999999997,266.6512396095357,,,,PENDING_AT_END
266.7,266.86788208163983,,,,PENDING_AT_END
267.05,267.20915861188536,,,,PENDING_AT_END
267.4,267.6636399582021,,,,PENDING_AT_END
267.75,268.0804404347525,,,,PENDING_AT_END
268.09999999999997,268.1896813456222,,,,PENDING_AT_END
268.45,268.654407341805,,,,PENDING_AT_END
268.79999999999995,269.00168161601266,,,,PENDING_AT_END
269.15,269.3090031151596,,,,PENDING_AT_END
269.5,269.6413610354076,,,,PENDING_AT_END
269.84999999999997,269.97229864636694,,,,PENDING_AT_END
270.2,270.4645106613785,,,,PENDING_AT_END
270.54999999999995,270.8632992481496,,,,PENDING_AT_END
270.9,270.9757952399709,,,,PENDING_AT_END
271.25,271.3010142772416,,,,PENDING_AT_END
271.59999999999997,271.72382914375083,,,,PENDING_AT_END
271.95,272.07415099184817,,,,PENDING_AT_END
272.29999999999995,272.36441018195023,,,,PENDING_AT_END
272.65,272.88113152316396,,,,PENDING_AT_END
273.0,273.2411579909865,,,,PENDING_AT_END
273.34999999999997,273.71758539636795,,,,PENDING_AT_END
273.7,273.88244576491485,,,,PENDING_AT_END
274.04999999999995,274.16569977362974,,,,PENDING_AT_END
274.4,274.5151475609116,,,,PENDING_AT_END
274.75,274.77731982441276,,,,PENDING_AT_END
275.09999999999997,275.2071176644827,,,,PENDING_AT_END
275.45,275.7401890411939,,,,PENDING_AT_END
275.79999999999995,275.86008672310413,,,,PENDING_AT_END
276.15,276.2069887395678,,,,PENDING_AT_END
276.5,276.5545702397062,,,,PENDING_AT_END
276.84999999999997,276.92062804617404,,,,PENDING_AT_END
277.2,277.31920798083746,,,,PENDING_AT_END
277.54999999999995,277.7801384455621,,,,PENDING_AT_END
277.9,278.15206651394067,,,,PENDING_AT_END
278.25,278.37449993467544,,,,PENDING_AT_END
278.59999999999997,278.7281136977501,,,,PENDING_AT_END
278.95,279.2344640599193,,,,PENDING_AT_END
279.29999999999995,279.6039179298241,,,,PENDING_AT_END
279.65,279.8644014952607,,,,PENDING_AT_END
280.0,280.03789444675385,,,,PENDING_AT_END
280.34999999999997,280.37415986289244,,,,PENDING_AT_END
280.7,280.9969296285355,,,,PENDING_AT_END
281.04999999999995,281.31246976239265,,,,PENDING_AT_END
281.4,281.6369769497985,,,,PENDING_AT_END
281.75,282.0125299052369,,,,PENDING_AT_END
282.09999999999997,282.1380675829808,,,,PENDING_AT_END
282.45,282.557115856965,,,,PENDING_AT_END
282.79999999999995,283.1745120604461,,,,PENDING_AT_END
283.15,283.17861385805554,,,,PENDING_AT_END
283.5,283.6343599333852,,,,PENDING_AT_END
283.84999999999997,284.2333384845943,,,,PENDING_AT_END
284.2,284.54683320904957,,,,PENDING_AT_END
284.54999999999995,284.75909513807505,,,,PENDING_AT_END
284.9,285.07500445596474,,,,PENDING_AT_END
285.25,285.33773942477626,,,,PENDING_AT_END
285.59999999999997,285.8235443929254,,,,PENDING_AT_END
285.95,286.1345387388266,,,,PENDING_AT_END
286.29999999999995,286.5680766898338,,,,PENDING_AT_END
286.65,286.7620910738965,,,,PENDING_AT_END
287.0,287.31785042265335,,,,PENDING_AT_END
287.34999999999997,287.70266270884855,,,,PENDING_AT_END
287.7,288.0686831381723,,,,PENDING_AT_END
288.04999999999995,288.06105659333116,,,,PENDING_AT_END
288.4,288.56286451292635,,,,PENDING_AT_END
288.75,288.7967561076872,,,,PENDING_AT_END
289.09999999999997,289.33454029135675,,,,PENDING_AT_END
289.45,289.7564154866316,,,,PENDING_AT_END
289.79999999999995,290.083093133135,,,,PENDING_AT_END
290.15,290.1654267727222,,,,PENDING_AT_END
290.5,290.514563865695,,,,PENDING_AT_END
290.84999999999997,290.9931439942731,,,,PENDING_AT_END
291.2,291.4735477149458,,,,PENDING_AT_END
291.54999999999995,291.7650589170728,,,,PENDING_AT_END
291.9,292.05818807620415,,,,PENDING_AT_END
292.25,292.5146742668006,,,,PENDING_AT_END
292.59999999999997,292.7479083501874,,,,PENDING_AT_END
292.95,293.01410461230984,,,,PENDING_AT_END
293.29999999999995,293.6943196136358,,,,PENDING_AT_END
293.65,294.0469822659917,,,,PENDING_AT_END
294.0,294.1913708969115,,,,PENDING_AT_END
294.34999999999997,294.554407017285,,,,PENDING_AT_END
294.7,294.9757335283927,,,,PENDING_AT_END
295.04999999999995,295.19172894684993,,,,PENDING_AT_END
295.4,295.4062352390905,,,,PENDING_AT_END
295.75,295.9327753238632,,,,PENDING_AT_END
296.09999999999997,296.4376206466333,,,,PENDING_AT_END
296.45,296.8208735926391,,,,PENDING_AT_END
296.79999999999995,296.8390290182447,,,,PENDING_AT_END
297.15,297.45887858947856,,,,PENDING_AT_END
297.5,297.67683840080997,,,,PENDING_AT_END
297.84999999999997,298.1093593091169,,,,PENDING_AT_END
298.2,298.2765957572597,,,,PENDING_AT_END
298.54999999999995,298.8753373088367,,,,PENDING_AT_END
298.9,299.0142020586918,,,,PENDING_AT_END
299.25,299.53699587973404,,,,PENDING_AT_END
299.59999999999997,299.7831365222681,,,,PENDING_AT_END
299.95,300.17940254468107,,,,PENDING_AT_END
300.29999999999995,300.52574641012984,,,,PENDING_AT_END
300.65,300.9264357712078,,,,PENDING_AT_END
301.0,301.08689608774193,,,,PENDING_AT_END
301.34999999999997,301.5919383429395,,,,PENDING_AT_END
301.7,301.8425418553322,,,,PENDING_AT_END
302.04999999999995,302.21596748567003,,,,PENDING_AT_END
302.4,302.63064267455934,,,,PENDING_AT_END
302.75,302.94041838312523,,,,PENDING_AT_END
303.09999999999997,303.29529350796093,,,,PENDING_AT_END
303.45,303.79307143793443,,,,PENDING_AT_END
303.79999999999995,304.0446069112279,,,,PENDING_AT_END
304.15,304.2507798242159,,,,PENDING_AT_END
304.5,304.632581810784,,,,PENDING_AT_END
304.84999999999997,304.9314352936197,,,,PENDING_AT_END
305.2,305.47556447259325,,,,PENDING_AT_END
305.54999999999995,305.5572911697993,,,,PENDING_AT_END
305.9,306.22758627562666,,,,PENDING_AT_END
306.25,306.356894183818,,,,PENDING_AT_END
306.59999999999997,306.69290162949306,,,,PENDING_AT_END
306.95,307.16292133022426,,,,PENDING_AT_END
307.29999999999995,307.4858069757704,,,,PENDING_AT_END
307.65,307.73024925687946,,,,PENDING_AT_END
308.0,308.1889169663465,,,,PENDING_AT_END
308.34999999999997,308.41613659608157,,,,PENDING_AT_END
308.7,308.8642893774435,,,,PENDING_AT_END
309.04999999999995,309.2512291368429,,,,PENDING_AT_END
309.4,309.7716857200393,,,,PENDING_AT_END
309.75,309.86268521172076,,,,PENDING_AT_END
310.09999999999997,310.2040851002619,,,,PENDING_AT_END
310.45,310.57008666529777,,,,PENDING_AT_END
310.79999999999995,310.8062805404371,,,,PENDING_AT_END
311.15,311.53518272169117,,,,PENDING_AT_END
311.5,311.67560545578624,,,,PENDING_AT_END
311.84999999999997,312.1829717799275,,,,PENDING_AT_END
312.2,312.56901957128065,,,,PENDING_AT_END
312.54999999999995,312.91487256418134,,,,PENDING_AT_END
312.9,313.1442472527692,,,,PENDING_AT_END
313.25,313.6436817612464,,,,PENDING_AT_END
313.59999999999997,313.7728433459253,,,,PENDING_AT_END
313.95,314.209715964052,,,,PENDING_AT_END
314.29999999999995,314.62077905499245,,,,PENDING_AT_END
314.65,314.81772699074315,,,,PENDING_AT_END
315.0,315.03830586223273,,,,PENDING_AT_END
315.34999999999997,315.5345195369327,,,,PENDING_AT_END
315.7,315.83700516522487,,,,PENDING_AT_END
316.04999999999995,316.42616230217084,,,,PENDING_AT_END
316.4,316.59468170089644,,,,PENDING_AT_END
316.75,316.9487978913145,,,,PENDING_AT_END
317.09999999999997,317.1515797044919,,,,PENDING_AT_END
317.45,317.49960000613515,,,,PENDING_AT_END
317.79999999999995,318.1583556140106,,,,PENDING_AT_END
318.15,318.32286788655665,,,,PENDING_AT_END
318.5,318.5977986957125,,,,PENDING_AT_END
318.84999999999997,319.09777505561686,,,,PENDING_AT_END
319.2,319.34848744019854,,,,PENDING_AT_END
319.54999999999995,319.8524739858516,,,,PENDING_AT_END
319.9,320.2885938806271,,,,PENDING_AT_END
320.25,320.63472435180654,,,,PENDING_AT_END
320.59999999999997,320.81492545654606,,,,PENDING_AT_END
320.95,321.0316774845897,,,,PENDING_AT_END
321.29999999999995,321.5760994882912,,,,PENDING_AT_END
321.65,321.83814821929013,,,,PENDING_AT_END
322.0,322.29115842397573,,,,PENDING_AT_END
322.34999999999997,322.6481254223758,,,,PENDING_AT_END
322.7,322.94162562838625,,,,PENDING_AT_END
323.04999999999995,323.20177383202986,,,,PENDING_AT_END
323.4,323.40354764369044,,,,PENDING_AT_END
323.75,323.9087793353449,,,,PENDING_AT_END
324.09999999999997,324.2219998862832,,,,PENDING_AT_END
324.45,324.84314912298026,,,,PENDING_AT_END
324.79999999999995,325.1390851922587,,,,PENDING_AT_END
325.15,325.2095970008264,,,,PENDING_AT_END
325.5,325.80068520981285,,,,PENDING_AT_END
325.84999999999997,326.0119373155006,,,,PENDING_AT_END
326.2,326.34082653757656,,,,PENDING_AT_END
326.54999999999995,326.5894372695856,,,,PENDING_AT_END
326.9,327.1185223250617,,,,PENDING_AT_END
327.25,327.6245640093384,,,,PENDING_AT_END
327.59999999999997,327.81943190091096,,,,PENDING_AT_END
327.95,328.0080478659849,,,,PENDING_AT_END
328.29999999999995,328.35562823036184,,,,PENDING_AT_END
328.65,328.7171111010456,,,,PENDING_AT_END
329.0,329.0695705515881,,,,PENDING_AT_END
329.34999999999997,329.3781756322251,,,,PENDING_AT_END
329.7,329.95621610794916,,,,PENDING_AT_END
330.04999999999995,330.2319005472149,,,,PENDING_AT_END
330.4,330.6352691066396,,,,PENDING_AT_END
330.75,330.7607024648371,,,,PENDING_AT_END
331.09999999999997,331.3853559640415,,,,PENDING_AT_END
331.45,331.7538196760193,,,,PENDING_AT_END
331.79999999999995,332.17955527491927,,,,PENDING_AT_END
332.15,332.292756000538,,,,PENDING_AT_END
332.5,332.8773008053081,,,,PENDING_AT_END
332.84999999999997,332.98745236772794,,,,PENDING_AT_END
333.2,333.24212081570835,,,,PENDING_AT_END
333.54999999999995,333.8015864283698,,,,PENDING_AT_END
333.9,334.2819700944076,,,,PENDING_AT_END
334.25,334.56145629572575,,,,PENDING_AT_END
334.59999999999997,334.86784030286964,,,,PENDING_AT_END
334.95,335.2595861644007,,,,PENDING_AT_END
335.29999999999995,335.52393623071407,,,,PENDING_AT_END
335.65,335.72961007281765,,,,PENDING_AT_END
336.0,336.0577564872682,,,,PENDING_AT_END
336.34999999999997,336.6303512110714,,,,PENDING_AT_END
336.7,337.0841752955818,,,,PENDING_AT_END
337.04999999999995,337.1246761704971,,,,PENDING_AT_END
337.4,337.74242683255534,,,,PENDING_AT_END
337.75,338.00026352018915,,,,PENDING_AT_END
338.09999999999997,338.48025853563917,,,,PENDING_AT_END
338.45,338.80112709774613,,,,PENDING_AT_END
338.79999999999995,338.82866816403396,,,,PENDING_AT_END
339.15,339.2862032860302,,,,PENDING_AT_END
339.5,339.89584974407023,,,,PENDING_AT_END
339.84999999999997,340.22339837515364,,,,PENDING_AT_END
340.2,340.2421947527543,,,,PENDING_AT_END
340.54999999999995,340.9153716047665,,,,PENDING_AT_END
340.9,340.97025179795753,,,,PENDING_AT_END
341.25,341.2902881554187,,,,PENDING_AT_END
341.59999999999997,341.6153134388317,,,,PENDING_AT_END
341.95,342.174761513797,,,,PENDING_AT_END
342.29999999999995,342.3746247885417,,,,PENDING_AT_END
342.65,342.9229195458579,,,,PENDING_AT_END
343.0,343.1355598256032,,,,PENDING_AT_END
343.34999999999997,343.3799708744247,,,,PENDING_AT_END
343.7,344.04495205715665,,,,PENDING_AT_END
344.04999999999995,344.0973060810493,,,,PENDING_AT_END
344.4,344.65708812353967,,,,PENDING_AT_END
344.75,344.9417834742442,,,,PENDING_AT_END
345.09999999999997,345.33983993691476,,,,PENDING_AT_END
345.45,345.4669759910283,,,,PENDING_AT_END
345.79999999999995,346.07950789694337,,,,PENDING_AT_END
346.15,346.16811450499233,,,,PENDING_AT_END
346.5,346.86928183687917,,,,PENDING_AT_END
346.84999999999997,346.94271160341583,,,,PENDING_AT_END
347.2,347.2098652004957,,,,PENDING_AT_END
347.54999999999995,347.5604533173631,,,,PENDING_AT_END
347.9,347.9414289884345,,,,PENDING_AT_END
348.25,348.2927125232479,,,,PENDING_AT_END
348.59999999999997,348.8538479337913,,,,PENDING_AT_END
348.95,349.1247839796753,,,,PENDING_AT_END
349.29999999999995,349.43608207985517,,,,PENDING_AT_END
349.65,349.86096539504865,,,,PENDING_AT_END
350.0,350.1597080657606,,,,PENDING_AT_END
350.34999999999997,350.4095213604401,,,,PENDING_AT_END
350.7,350.87950670800075,,,,PENDING_AT_END
351.04999999999995,351.447405038974,,,,PENDING_AT_END
351.4,351.5967270043225,,,,PENDING_AT_END
351.75,351.9025799395123,,,,PENDING_AT_END
352.09999999999997,352.1826853004865,,,,PENDING_AT_END
352.45,352.7148587609052,,,,PENDING_AT_END
352.79999999999995,353.1918478319219,,,,PENDING_AT_END
353.15,353.1976417124056,,,,PENDING_AT_END
353.5,353.7886701636204,,,,PENDING_AT_END
353.84999999999997,354.0006775421885,,,,PENDING_AT_END
354.2,354.4822007282166,,,,PENDING_AT_END
354.54999999999995,354.60210883561354,,,,PENDING_AT_END
354.9,354.9138073863894,,,,PENDING_AT_END
355.25,355.43876260473144,,,,PENDING_AT_END
355.59999999999997,355.6086290820836,,,,PENDING_AT_END
355.95,356.29217594496737,,,,PENDING_AT_END
356.29999999999995,356.6127305013156,,,,PENDING_AT_END
356.65,356.9278480828757,,,,PENDING_AT_END
357.0,357.28182589446715,,,,PENDING_AT_END
357.34999999999997,357.66346993662484,,,,PENDING_AT_END
357.7,357.8768562737902,,,,PENDING_AT_END
358.04999999999995,358.1609759240696,,,,PENDING_AT_END
358.4,358.43366467070723,,,,PENDING_AT_END
358.75,359.1008792822581,,,,PENDING_AT_END
359.09999999999997,359.4322065255214,,,,PENDING_AT_END
359.45,359.65396448178814,,,,PENDING_AT_END
359.79999999999995,359.9650610870294,,,,PENDING_AT_END
360.15,360.16912521552547,,,,PENDING_AT_END
360.5,360.54022687444615,,,,PENDING_AT_END
360.84999999999997,360.95285578491456,,,,PENDING_AT_END
361.2,361.41548553161596,,,,PENDING_AT_END
361.54999999999995,361.8708950350667,,,,PENDING_AT_END
361.9,362.10780472423335,,,,PENDING_AT_END
362.25,362.2728899617315,,,,PENDING_AT_END
362.59999999999997,362.646462516776,,,,PENDING_AT_END
362.95,363.2053720473462,,,,PENDING_AT_END
363.29999999999995,363.4241117122093,,,,PENDING_AT_END
363.65,364.01081423287894,,,,PENDING_AT_END
364.0,364.28035969641815,,,,PENDING_AT_END
364.34999999999997,364.6167181042936,,,,PENDING_AT_END
364.7,364.85464633837904,,,,PENDING_AT_END
365.04999999999995,365.24252108595067,,,,PENDING_AT_END
365.4,365.7911966769336,,,,PENDING_AT_END
365.75,366.06911900316413,,,,PENDING_AT_END
366.09999999999997,366.48987873545883,,,,PENDING_AT_END
366.45,366.46687432340985,,,,PENDING_AT_END
366.79999999999995,367.05163317254585,,,,PENDING_AT_END
367.15,367.3863975798931,,,,PENDING_AT_END
367.5,367.84483502363446,,,,PENDING_AT_END
367.84999999999997,367.8597780708437,,,,PENDING_AT_END
368.2,368.2129306777659,,,,PENDING_AT_END
368.54999999999995,368.7045914652755,,,,PENDING_AT_END
368.9,369.0255649505938,,,,PENDING_AT_END
369.25,369.60282340323226,,,,PENDING_AT_END
369.59999999999997,369.75018306943906,,,,PENDING_AT_END
369.95,369.99011383081955,,,,PENDING_AT_END
370.29999999999995,370.6474351583023,,,,PENDING_AT_END
370.65,370.84039189467626,,,,PENDING_AT_END
371.0,371.1516856770112,,,,PENDING_AT_END
371.34999999999997,371.4524698836496,,,,PENDING_AT_END
371.7,371.78338437021495,,,,PENDING_AT_END
372.04999999999995,372.05534885903535,,,,PENDING_AT_END
372.4,372.5190502598896,,,,PENDING_AT_END
372.75,373.1243173685066,,,,PENDING_AT_END
373.09999999999997,373.35682926830617,,,,PENDING_AT_END
373.45,373.6732228868271,,,,PENDING_AT_END
373.79999999999995,373.91079899519025,,,,PENDING_AT_END
374.15,374.5079423541373,,,,PENDING_AT_END
374.5,374.509569797125,,,,PENDING_AT_END
374.84999999999997,374.8922960957487,,,,PENDING_AT_END
375.2,375.5000599260348,,,,PENDING_AT_END
375.54999999999995,375.8270633543075,,,,PENDING_AT_END
375.9,376.03734584527774,,,,PENDING_AT_END
376.25,376.4580208259422,,,,PENDING_AT_END
376.59999999999997,376.60893885385343,,,,PENDING_AT_END
376.95,377.20090574185025,,,,PENDING_AT_END
377.29999999999995,377.6026750862177,,,,PENDING_AT_END
377.65,377.9048918979007,,,,PENDING_AT_END
378.0,378.38175781346627,,,,PENDING_AT_END
378.34999999999997,378.3905347579171,,,,PENDING_AT_END
378.7,378.8331494371169,,,,PENDING_AT_END
379.04999999999995,379.229369767158,,,,PENDING_AT_END
379.4,379.4234469234465,,,,PENDING_AT_END
379.75,379.77416342255253,,,,PENDING_AT_END
380.09999999999997,380.1776052305261,,,,PENDING_AT_END
380.45,380.50965507187453,,,,PENDING_AT_END
380.79999999999995,380.81184372593066,,,,PENDING_AT_END
381.15,381.54097043251227,,,,PENDING_AT_END
381.5,381.85552258141536,,,,PENDING_AT_END
381.84999999999997,381.9698033286116,,,,PENDING_AT_END
382.2,382.34884284347714,,,,PENDING_AT_END
382.54999999999995,382.77236674954486,,,,PENDING_AT_END
382.9,383.05281469507736,,,,PENDING_AT_END
383.25,383.35667721856794,,,,PENDING_AT_END
383.59999999999997,383.8862930030286,,,,PENDING_AT_END
383.95,384.32999318720357,,,,PENDING_AT_END
384.29999999999995,384.4034865410996,,,,PENDING_AT_END
384.65,384.775956762349,,,,PENDING_AT_END
385.0,385.074442216138,,,,PENDING_AT_END
385.34999999999997,385.68865421342997,,,,PENDING_AT_END
385.7,385.9744627360937,,,,PENDING_AT_END
386.04999999999995,386.1670525771241,,,,PENDING_AT_END
386.4,386.6818526899324,,,,PENDING_AT_END
386.75,386.96336506759644,,,,PENDING_AT_END
387.09999999999997,387.4972339791671,,,,PENDING_AT_END
387.45,387.73541662137785,,,,PENDING_AT_END
387.79999999999995,387.93124704711397,,,,PENDING_AT_END
388.15,388.3087414606629,,,,PENDING_AT_END
388.5,388.8835454504034,,,,PENDING_AT_END
388.84999999999997,388.9322543406424,,,,PENDING_AT_END
389.2,389.56363951788234,,,,PENDING_AT_END
389.54999999999995,389.6743636844848,,,,PENDING_AT_END
389.9,390.2026599038652,,,,PENDING_AT_END
390.25,390.51283386622947,,,,PENDING_AT_END
390.59999999999997,390.8466334136081,,,,PENDING_AT_END
390.95,391.2830280720488,,,,PENDING_AT_END
391.29999999999995,391.5877389636315,,,,PENDING_AT_END
391.65,391.8507105708047,,,,PENDING_AT_END
392.0,392.3002699506095,,,,PENDING_AT_END
392.34999999999997,392.36338111183824,,,,PENDING_AT_END
392.7,392.79981285277466,,,,PENDING_AT_END
393.04999999999995,393.24482235103005,,,,PENDING_AT_END
393.4,393.7782085334237,,,,PENDING_AT_END
393.75,394.1438385333589,,,,PENDING_AT_END
394.09999999999997,394.3247375233274,,,,PENDING_AT_END
394.45,394.4707980039455,,,,PENDING_AT_END
394.79999999999995,395.19812169102227,,,,PENDING_AT_END
395.15,395.3606468845103,,,,PENDING_AT_END
395.5,395.7317912691419,,,,PENDING_AT_END
395.84999999999997,396.1839418186309,,,,PENDING_AT_END
396.2,396.2434031711925,,,,PENDING_AT_END
396.54999999999995,396.560628621105,,,,PENDING_AT_END
396.9,396.93829608732585,,,,PENDING_AT_END
397.25,397.4242066966798,,,,PENDING_AT_END
397.59999999999997,397.8736207637066,,,,PENDING_AT_END
397.95,398.327290869583,,,,PENDING_AT_END
398.29999999999995,398.3185966210357,,,,PENDING_AT_END
398.65,398.75450038582903,,,,PENDING_AT_END
399.0,399.345593594986,,,,PENDING_AT_END
399.34999999999997,399.44912658151867,,,,PENDING_AT_END
399.7,399.8158409297436,,,,PENDING_AT_END
400.04999999999995,400.1857519129545,,,,PENDING_AT_END
400.4,400.40393399730317,,,,PENDING_AT_END
400.75,401.03428590958595,,,,PENDING_AT_END
401.09999999999997,401.3957657133313,,,,PENDING_AT_END
401.45,401.69809990168307,,,,PENDING_AT_END
401.79999999999995,402.0708152309701,,,,PENDING_AT_END
402.15,402.5048004414541,,,,PENDING_AT_END
402.5,402.5492531761663,,,,PENDING_AT_END
402.84999999999997,403.0292834040616,,,,PENDING_AT_END
403.2,403.31813140468734,,,,PENDING_AT_END
403.54999999999995,403.58159783022734,,,,PENDING_AT_END
403.9,403.98560787774386,,,,PENDING_AT_END
404.25,404.3017605974135,,,,PENDING_AT_END
404.59999999999997,404.7187965012508,,,,PENDING_AT_END
404.95,405.1793862038282,,,,PENDING_AT_END
405.29999999999995,405.6225232300851,,,,PENDING_AT_END
405.65,405.9971830745336,,,,PENDING_AT_END
406.0,406.20274191234955,,,,PENDING_AT_END
406.34999999999997,406.6724035020075,,,,PENDING_AT_END
406.7,406.716854017706,,,,PENDING_AT_END
407.04999999999995,407.33861626699,,,,PENDING_AT_END
407.4,407.69229343626523,,,,PENDING_AT_END
407.75,407.7748217083987,,,,PENDING_AT_END
408.09999999999997,408.1130631435621,,,,PENDING_AT_END
408.45,408.64148951535,,,,PENDING_AT_END
408.79999999999995,408.8389418245878,,,,PENDING_AT_END
409.15,409.1769303017687,,,,PENDING_AT_END
409.5,409.5376079507687,,,,PENDING_AT_END
409.84999999999997,410.0702270880948,,,,PENDING_AT_END
410.2,410.32484822497014,,,,PENDING_AT_END
410.54999999999995,410.61583842712105,,,,PENDING_AT_END
410.9,411.05537705652023,,,,PENDING_AT_END
411.25,411.55809928352664,,,,PENDING_AT_END
411.59999999999997,411.61868107937534,,,,PENDING_AT_END
411.95,412.0299653472345,,,,PENDING_AT_END
412.29999999999995,412.382802589608,,,,PENDING_AT_END
412.65,412.72528036597964,,,,PENDING_AT_END
413.0,413.36223735904537,,,,PENDING_AT_END
413.34999999999997,413.6473932256295,,,,PENDING_AT_END
413.7,413.77916818947295,,,,PENDING_AT_END
414.04999999999995,414.0856119578249,,,,PENDING_AT_END
414.4,414.41872116623335,,,,PENDING_AT_END
414.75,415.13494250376687,,,,PENDING_AT_END
415.09999999999997,415.3854846789828,,,,PENDING_AT_END
415.45,415.5511603656815,,,,PENDING_AT_END
415.79999999999995,416.11955362885135,,,,PENDING_AT_END
416.15,416.2276420796153,,,,PENDING_AT_END
416.5,416.8743080907551,,,,PENDING_AT_END
416.84999999999997,417.2033616711081,,,,PENDING_AT_END
417.2,417.5845905307821,,,,PENDING_AT_END
417.54999999999995,417.75818709426846,,,,PENDING_AT_END
417.9,418.0065265742826,,,,PENDING_AT_END
418.25,418.3143285801476,,,,PENDING_AT_END
418.59999999999997,418.88690715594026,,,,PENDING_AT_END
418.95,419.22093974323406,,,,PENDING_AT_END
419.29999999999995,419.46681228652903,,,,PENDING_AT_END
419.65,419.70342734174085,,,,PENDING_AT_END
420.0,420.3350069344136,,,,PENDING_AT_END
420.34999999999997,420.58425057216124,,,,PENDING_AT_END
420.7,420.8429035965357,,,,PENDING_AT_END
421.04999999999995,421.2999055784426,,,,PENDING_AT_END
421.4,421.6416092302146,,,,PENDING_AT_END
421.75,421.80397677429403,,,,PENDING_AT_END
422.09999999999997,422.4958519351566,,,,PENDING_AT_END
422.45,422.68207358411536,,,,PENDING_AT_END
422.79999999999995,423.12755990069127,,,,PENDING_AT_END
423.15,423.4969809407744,,,,PENDING_AT_END
423.5,423.68803969419434,,,,PENDING_AT_END
423.84999999999997,423.94554926532356,,,,PENDING_AT_END
424.2,424.42216330502816,,,,PENDING_AT_END
424.54999999999995,424.63361937622767,,,,PENDING_AT_END
424.9,425.02032553178117,,,,PENDING_AT_END
425.25,425.25449425367776,,,,PENDING_AT_END
425.59999999999997,425.80422550975567,,,,PENDING_AT_END
425.95,426.08096582275635,,,,PENDING_AT_END
426.29999999999995,426.6179299749891,,,,PENDING_AT_END
426.65,426.94471024681786,,,,PENDING_AT_END
427.0,427.1397155101273,,,,PENDING_AT_END
427.34999999999997,427.63947209723625,,,,PENDING_AT_END
427.7,427.9694848154808,,,,PENDING_AT_END
428.04999999999995,428.1981343410433,,,,PENDING_AT_END
428.4,428.69799984236863,,,,PENDING_AT_END
428.75,428.7775356962434,,,,PENDING_AT_END
429.09999999999997,429.3937724602063,,,,PENDING_AT_END
429.45,429.7437342494042,,,,PENDING_AT_END
429.79999999999995,430.09899622507567,,,,PENDING_AT_END
430.15,430.18793396053013,,,,PENDING_AT_END
430.5,430.8888500490124,,,,PENDING_AT_END
430.84999999999997,431.00071058316934,,,,PENDING_AT_END
431.2,431.2264337965866,,,,PENDING_AT_END
431.54999999999995,431.66664449978134,,,,PENDING_AT_END
431.9,432.05002767948906,,,,PENDING_AT_END
432.25,432.48477117839275,,,,PENDING_AT_END
432.59999999999997,432.8344589858663,,,,PENDING_AT_END
432.95,432.97600501772826,,,,PENDING_AT_END
433.29999999999995,433.4343178413752,,,,PENDING_AT_END
433.65,433.901720915954,,,,PENDING_AT_END
434.0,434.29580854201197,,,,PENDING_AT_END
434.34999999999997,434.4645322044824,,,,PENDING_AT_END
434.7,434.70093160063635,,,,PENDING_AT_END
435.04999999999995,435.2866884494099,,,,PENDING_AT_END
435.4,435.69622736032545,,,,PENDING_AT_END
435.75,436.12742819779476,,,,PENDING_AT_END
436.09999999999997,436.3245120120003,,,,PENDING_AT_END
436.45,436.705853859981,,,,PENDING_AT_END
436.79999999999995,437.0733811008032,,,,PENDING_AT_END
437.15,437.2843305675649,,,,PENDING_AT_END
437.5,437.51613484341124,,,,PENDING_AT_END
437.84999999999997,438.00181348372,,,,PENDING_AT_END
438.2,438.34181518040344,,,,PENDING_AT_END
438.54999999999995,438.68750080506607,,,,PENDING_AT_END
438.9,439.04114217747997,,,,PENDING_AT_END
439.25,439.3422373177557,,,,PENDING_AT_END
439.59999999999997,439.6677659930762,,,,PENDING_AT_END
439.95,440.1666260219495,,,,PENDING_AT_END
440.29999999999995,440.6029427530701,,,,PENDING_AT_END
440.65,440.8816056687215,,,,PENDING_AT_END
441.0,441.36805705317784,,,,PENDING_AT_END
441.34999999999997,441.50767025726014,,,,PENDING_AT_END
441.7,441.7795179848861,,,,PENDING_AT_END
442.04999999999995,442.2378351645108,,,,PENDING_AT_END
442.4,442.61958738846215,,,,PENDING_AT_END
442.75,443.04618133250483,,,,PENDING_AT_END
443.09999999999997,443.43191586945767,,,,PENDING_AT_END
443.45,443.4838966523851,,,,PENDING_AT_END
443.79999999999995,444.00090688495004,,,,PENDING_AT_END
444.15,444.3009232747162,,,,PENDING_AT_END
444.5,444.7964518095166,,,,PENDING_AT_END
444.84999999999997,445.1904024745225,,,,PENDING_AT_END
445.2,445.5963168891098,,,,PENDING_AT_END
445.54999999999995,445.6726140718455,,,,PENDING_AT_END
445.9,446.0183209058655,,,,PENDING_AT_END
446.25,446.39982341471114,,,,PENDING_AT_END
446.59999999999997,446.842889045764,,,,PENDING_AT_END
446.95,447.0177358026912,,,,PENDING_AT_END
447.29999999999995,447.3050282434325,,,,PENDING_AT_END
447.65,447.8540543738578,,,,PENDING_AT_END
448.0,448.2210411871655,,,,PENDING_AT_END
448.34999999999997,448.4577347468749,,,,PENDING_AT_END
448.7,448.97713016766255,,,,PENDING_AT_END
449.04999999999995,449.2282655260577,,,,PENDING_AT_END
449.4,449.51872766407587,,,,PENDING_AT_END
449.74999999999994,449.97631363221893,,,,PENDING_AT_END
450.09999999999997,450.32305374712865,,,,PENDING_AT_END
450.45,450.7689261253134,,,,PENDING_AT_END
450.79999999999995,450.9260118502492,,,,PENDING_AT_END
451.15,451.36318880991405,,,,PENDING_AT_END
451.49999999999994,451.5495123922976,,,,PENDING_AT_END
451.84999999999997,452.0414253276388,,,,PENDING_AT_END
452.2,452.55435738728255,,,,PENDING_AT_END
452.54999999999995,452.71307134283677,,,,PENDING_AT_END
452.9,452.918449546464,,,,PENDING_AT_END
453.24999999999994,453.490185966979,,,,PENDING_AT_END
453.59999999999997,453.9520525706284,,,,PENDING_AT_END
453.95,454.16228592710985,,,,PENDING_AT_END
454.29999999999995,454.62734858078636,,,,PENDING_AT_END
454.65,454.8044262490722,,,,PENDING_AT_END
454.99999999999994,455.15033658941826,,,,PENDING_AT_END
455.34999999999997,455.5249594552038,,,,PENDING_AT_END
455.7,455.96115781136467,,,,PENDING_AT_END
456.04999999999995,456.4044109081183,,,,PENDING_AT_END
456.4,456.4163969528547,,,,PENDING_AT_END
456.74999999999994,456.905047504052,,,,PENDING_AT_END
457.09999999999997,457.3362297009084,,,,PENDING_AT_END
457.45,457.84624685280306,,,,PENDING_AT_END
457.79999999999995,457.960928575984,,,,PENDING_AT_END
458.15,458.456209116963,,,,PENDING_AT_END
458.49999999999994,458.50459963791565,,,,PENDING_AT_END
458.84999999999997,458.9965438683735,,,,PENDING_AT_END
459.2,459.26439951503454,,,,PENDING_AT_END
459.54999999999995,459.8849847892983,,,,PENDING_AT_END
459.9,459.9899568006465,,,,PENDING_AT_END
460.24999999999994,460.33625834398975,,,,PENDING_AT_END
460.59999999999997,460.9092887080937,,,,PENDING_AT_END
460.95,461.07631369341,,,,PENDING_AT_END
461.29999999999995,461.53050273542635,,,,PENDING_AT_END
461.65,462.04607105540435,,,,PENDING_AT_END
461.99999999999994,462.21856637001287,,,,PENDING_AT_END
462.34999999999997,462.50343994408144,,,,PENDING_AT_END
462.7,462.855871402486,,,,PENDING_AT_END
463.04999999999995,463.3331824411922,,,,PENDING_AT_END
463.4,463.65124638847806,,,,PENDING_AT_END
463.74999999999994,464.0787773890184,,,,PENDING_AT_END
464.09999999999997,464.49452724048484,,,,PENDING_AT_END
464.45,464.6901310569054,,,,PENDING_AT_END
464.79999999999995,464.95047001156433,,,,PENDING_AT_END
465.15,465.1864753237976,,,,PENDING_AT_END
465.49999999999994,465.85282836857203,,,,PENDING_AT_END
465.84999999999997,465.8597290036262,,,,PENDING_AT_END
466.2,466.23699893793065,,,,PENDING_AT_END
466.54999999999995,466.5775438550862,,,,PENDING_AT_END
466.9,467.0341231346396,,,,PENDING_AT_END
467.24999999999994,467.4011668395328,,,,PENDING_AT_END
467.59999999999997,467.88439540222356,,,,PENDING_AT_END
467.95,467.9520208254044,,,,PENDING_AT_END
468.29999999999995,468.3521635338724,,,,PENDING_AT_END
468.65,468.96891626261754,,,,PENDING_AT_END
468.99999999999994,469.1334923586663,,,,PENDING_AT_END
469.34999999999997,469.659497790035,,,,PENDING_AT_END
469.7,469.84059630321605,,,,PENDING_AT_END
470.04999999999995,470.1649485250409,,,,PENDING_AT_END
470.4,470.6204835212858,,,,PENDING_AT_END
470.74999999999994,471.02292804311224,,,,PENDING_AT_END
471.09999999999997,471.4125744105076,,,,PENDING_AT_END
471.45,471.57423147635217,,,,PENDING_AT_END
471.79999999999995,472.16250352619363,,,,PENDING_AT_END
472.15,472.3877391618993,,,,PENDING_AT_END
472.49999999999994,472.88370556794615,,,,PENDING_AT_END
472.84999999999997,472.962653242797,,,,PENDING_AT_END
473.2,473.48344746851564,,,,PENDING_AT_END
473.54999999999995,473.81784690712743,,,,PENDING_AT_END
473.9,474.2829670610273,,,,PENDING_AT_END
474.24999999999994,474.54821412187647,,,,PENDING_AT_END
474.59999999999997,474.707750305911,,,,PENDING_AT_END
474.95,475.08176511784205,,,,PENDING_AT_END
475.29999999999995,475.4562773375651,,,,PENDING_AT_END
475.65,475.7032657179375,,,,PENDING_AT_END
475.99999999999994,476.23555550291707,,,,PENDING_AT_END
476.34999999999997,476.73209443866,,,,PENDING_AT_END
476.7,476.79817555930623,,,,PENDING_AT_END
477.04999999999995,477.1718945656668,,,,PENDING_AT_END
477.4,477.70964822984104,,,,PENDING_AT_END
477.74999999999994,477.90532491409834,,,,PENDING_AT_END
478.09999999999997,478.1329951956438,,,,PENDING_AT_END
478.45,478.75045211092385,,,,PENDING_AT_END
478.79999999999995,479.0693478191506,,,,PENDING_AT_END
479.15,479.4954369241966,,,,PENDING_AT_END
479.49999999999994,479.6039136652053,,,,PENDING_AT_END
479.84999999999997,480.07395241410285,,,,PENDING_AT_END
480.2,480.26917591241425,,,,PENDING_AT_END
480.54999999999995,480.7124846003152,,,,PENDING_AT_END
480.9,481.1621581794976,,,,PENDING_AT_END
481.24999999999994,481.6330179191904,,,,PENDING_AT_END
481.59999999999997,481.6342224708828,,,,PENDING_AT_END
481.95,482.1315612187847,,,,PENDING_AT_END
482.29999999999995,482.4353034378137,,,,PENDING_AT_END
482.65,482.90469127175504,,,,PENDING_AT_END
482.99999999999994,483.27343028752324,,,,PENDING_AT_END
483.34999999999997,483.7186508525985,,,,PENDING_AT_END
483.7,484.07129322292457,,,,PENDING_AT_END
484.04999999999995,484.41802873882136,,,,PENDING_AT_END
484.4,484.6142133973036,,,,PENDING_AT_END
484.74999999999994,485.0769596457838,,,,PENDING_AT_END
485.09999999999997,485.1052239943504,,,,PENDING_AT_END
485.45,485.6094797463241,,,,PENDING_AT_END
485.79999999999995,485.80552482704263,,,,PENDING_AT_END
486.15,486.1643693388954,,,,PENDING_AT_END
486.49999999999994,486.75040221865635,,,,PENDING_AT_END
486.84999999999997,487.1281570328237,,,,PENDING_AT_END
487.2,487.4470012255021,,,,PENDING_AT_END
487.54999999999995,487.63188127352487,,,,PENDING_AT_END
487.9,487.93568686005335,,,,PENDING_AT_END
488.24999999999994,488.3241326695251,,,,PENDING_AT_END
488.59999999999997,488.9339816833489,,,,PENDING_AT_END
488.95,489.0856987353854,,,,PENDING_AT_END
489.29999999999995,489.43514812425747,,,,PENDING_AT_END
489.65,489.65739379797355,,,,PENDING_AT_END
489.99999999999994,490.2916470837112,,,,PENDING_AT_END
490.34999999999997,490.6852215419876,,,,PENDING_AT_END
490.7,491.0296905727583,,,,PENDING_AT_END
491.04999999999995,491.40743478406387,,,,PENDING_AT_END
491.4,491.7511240116871,,,,PENDING_AT_END
491.74999999999994,491.86776025550324,,,,PENDING_AT_END
492.09999999999997,492.36753917040375,,,,PENDING_AT_END
492.45,492.69832784170666,,,,PENDING_AT_END
492.79999999999995,492.92282740369046,,,,PENDING_AT_END
493.15,493.361034043459,,,,PENDING_AT_END
493.49999999999994,493.6364626953327,,,,PENDING_AT_END
493.84999999999997,494.0465539324413,,,,PENDING_AT_END
494.2,494.2690801610191,,,,PENDING_AT_END
494.54999999999995,494.9115976651324,,,,PENDING_AT_END
494.9,495.0584364721543,,,,PENDING_AT_END
495.24999999999994,495.36371161234587,,,,PENDING_AT_END
495.59999999999997,495.8067687531498,,,,PENDING_AT_END
495.95,496.0407651440999,,,,PENDING_AT_END
496.29999999999995,496.65783708067954,,,,PENDING_AT_END
496.65,496.7411659927667,,,,PENDING_AT_END
496.99999999999994,497.07774524158793,,,,PENDING_AT_END
497.34999999999997,497.506342676559,,,,PENDING_AT_END
497.7,498.0561648417992,,,,PENDING_AT_END
498.04999999999995,498.3352684492676,,,,PENDING_AT_END
498.4,498.63969130269834,,,,PENDING_AT_END
498.74999999999994,498.89000540995363,,,,PENDING_AT_END
499.09999999999997,499.47719088372884,,,,PENDING_AT_END
499.45,499.48925299491003,,,,PENDING_AT_END
499.79999999999995,499.92791182359304,,,,PENDING_AT_END
500.15,500.3096534736842,,,,PENDING_AT_END
500.49999999999994,500.770893458227,,,,PENDING_AT_END
500.84999999999997,501.23380285096226,,,,PENDING_AT_END
501.2,501.24119003940797,,,,PENDING_AT_END
501.54999999999995,501.71267504731,,,,PENDING_AT_END
501.9,502.14475036047793,,,,PENDING_AT_END
502.24999999999994,502.6049451307094,,,,PENDING_AT_END
502.59999999999997,502.6706414824965,,,,PENDING_AT_END
502.95,503.31109744169584,,,,PENDING_AT_END
503.29999999999995,503.5646115993094,,,,PENDING_AT_END
503.65,503.7625027352004,,,,PENDING_AT_END
503.99999999999994,504.35637133783615,,,,PENDING_AT_END
504.34999999999997,504.3610053503921,,,,PENDING_AT_END
504.7,505.0904109290893,,,,PENDING_AT_END
505.04999999999995,505.43701894743276,,,,PENDING_AT_END
505.4,505.489356748505,,,,PENDING_AT_END
505.74999999999994,506.0580032134009,,,,PENDING_AT_END
506.09999999999997,506.44561307496866,,,,PENDING_AT_END
506.45,506.69543696979014,,,,PENDING_AT_END
506.79999999999995,506.913559396231,,,,PENDING_AT_END
507.15,507.49862013250583,,,,PENDING_AT_END
507.49999999999994,507.728445333882,,,,PENDING_AT_END
507.84999999999997,508.149473544705,,,,PENDING_AT_END
508.2,508.29773157718824,,,,PENDING_AT_END
508.54999999999995,508.7953944680621,,,,PENDING_AT_END
508.9,508.987626407477,,,,PENDING_AT_END
509.24999999999994,509.48987593294584,,,,PENDING_AT_END
509.59999999999997,509.9877926950456,,,,PENDING_AT_END
509.95,510.27485812703554,,,,PENDING_AT_END
510.29999999999995,510.6216450772291,,,,PENDING_AT_END
510.65,510.86498159619146,,,,PENDING_AT_END
510.99999999999994,511.18342588456693,,,,PENDING_AT_END
511.34999999999997,511.62344011613624,,,,PENDING_AT_END
511.7,511.970961576756,,,,PENDING_AT_END
512.05,512.0969097741163,,,,PENDING_AT_END
512.4,512.4006329503219,,,,PENDING_AT_END
512.75,512.9353769518075,,,,PENDING_AT_END
513.1,513.3236944338752,,,,PENDING_AT_END
513.4499999999999,513.6304692052785,,,,PENDING_AT_END
513.8,514.0049223233862,,,,PENDING_AT_END
514.15,514.5495008287818,,,,PENDING_AT_END
514.5,514.5012591379264,,,,PENDING_AT_END
514.85,515.2287527106113,,,,PENDING_AT_END
515.1999999999999,515.5427396638405,,,,PENDING_AT_END
515.55,515.8637360068383,,,,PENDING_AT_END
515.9,515.9962583026132,,,,PENDING_AT_END
516.25,516.5751287280452,,,,PENDING_AT_END
516.6,516.6478589369398,,,,PENDING_AT_END
516.9499999999999,517.2787555106557,,,,PENDING_AT_END
517.3,517.4941547921153,,,,PENDING_AT_END
517.65,517.876016721351,,,,PENDING_AT_END
518.0,518.1232963696664,,,,PENDING_AT_END
518.35,518.5053047584628,,,,PENDING_AT_END
518.6999999999999,518.9439137024584,,,,PENDING_AT_END
519.05,519.0637166530564,,,,PENDING_AT_END
519.4,519.589866081103,,,,PENDING_AT_END
519.75,519.9842328606812,,,,PENDING_AT_END
520.1,520.2208109093118,,,,PENDING_AT_END
520.4499999999999,520.4894913776064,,,,PENDING_AT_END
520.8,521.1112503176907,,,,PENDING_AT_END
521.15,521.2120397950004,,,,PENDING_AT_END
521.5,521.8277748387375,,,,PENDING_AT_END
521.85,522.0974954065745,,,,PENDING_AT_END
522.1999999999999,522.4211909724528,,,,PENDING_AT_END
522.55,522.7828189191564,,,,PENDING_AT_END
522.9,523.2704408078033,,,,PENDING_AT_END
523.25,523.6077014249586,,,,PENDING_AT_END
523.6,523.7649260162435,,,,PENDING_AT_END
523.9499999999999,524.2155307104762,,,,PENDING_AT_END
524.3,524.5750438387943,,,,PENDING_AT_END
524.65,524.753518416229,,,,PENDING_AT_END
525.0,525.0450261109863,,,,PENDING_AT_END
525.35,525.6870403191027,,,,PENDING_AT_END
525.6999999999999,525.7689334612543,,,,PENDING_AT_END
526.05,526.3021219702116,,,,PENDING_AT_END
526.4,526.6663076677877,,,,PENDING_AT_END
526.75,526.8513766385452,,,,PENDING_AT_END
527.1,527.4896674400001,,,,PENDING_AT_END
527.4499999999999,527.7079456011771,,,,PENDING_AT_END
527.8,527.9681964384677,,,,PENDING_AT_END
528.15,528.504088448501,,,,PENDING_AT_END
528.5,528.6060297408499,,,,PENDING_AT_END
528.85,529.2140009864296,,,,PENDING_AT_END
529.1999999999999,529.2065177376456,,,,PENDING_AT_END
529.55,529.8648417715619,,,,PENDING_AT_END
529.9,530.1060822175269,,,,PENDING_AT_END
530.25,530.4348695513215,,,,PENDING_AT_END
530.6,530.7420293387614,,,,PENDING_AT_END
530.9499999999999,531.2098555848373,,,,PENDING_AT_END
531.3,531.6495294660424,,,,PENDING_AT_END
531.65,531.6703488174059,,,,PENDING_AT_END
532.0,532.1068062612674,,,,PENDING_AT_END
532.35,532.7361215433333,,,,PENDING_AT_END
532.6999999999999,532.9608798636945,,,,PENDING_AT_END
533.05,533.4284961325782,,,,PENDING_AT_END
533.4,533.4658065516618,,,,PENDING_AT_END
533.75,533.8200306691151,,,,PENDING_AT_END
534.1,534.3139899316808,,,,PENDING_AT_END
534.4499999999999,534.6809538728731,,,,PENDING_AT_END
534.8,534.9866806882658,,,,PENDING_AT_END
535.15,535.3038880448272,,,,PENDING_AT_END
535.5,535.5065985942485,,,,PENDING_AT_END
535.85,536.0577387357429,,,,PENDING_AT_END
536.1999999999999,536.3196564754559,,,,PENDING_AT_END
536.55,536.7593475939577,,,,PENDING_AT_END
536.9,537.2090258720115,,,,PENDING_AT_END
537.25,537.4980754510073,,,,PENDING_AT_END
537.5999999999999,537.7418471680303,,,,PENDING_AT_END
537.9499999999999,538.2535443235107,,,,PENDING_AT_END
538.3,538.4198652216876,,,,PENDING_AT_END
538.65,539.0224141347716,,,,PENDING_AT_END
539.0,539.3895032406795,,,,PENDING_AT_END
539.3499999999999,539.5933971126474,,,,PENDING_AT_END
539.6999999999999,539.7935353298504,,,,PENDING_AT_END
540.05,540.1887753474259,,,,PENDING_AT_END
540.4,540.5560872112154,,,,PENDING_AT_END
540.75,540.8129963295398,,,,PENDING_AT_END
541.0999999999999,541.236308641106,,,,PENDING_AT_END
541.4499999999999,541.4598862869647,,,,PENDING_AT_END
541.8,541.988665779066,,,,PENDING_AT_END
542.15,542.5233506058124,,,,PENDING_AT_END
542.5,542.8313136082602,,,,PENDING_AT_END
542.8499999999999,543.1070480433152,,,,PENDING_AT_END
543.1999999999999,543.2851107774874,,,,PENDING_AT_END
543.55,543.8497686591986,,,,PENDING_AT_END
543.9,544.0782047389524,,,,PENDING_AT_END
544.25,544.3313233663205,,,,PENDING_AT_END
544.5999999999999,544.9472895737008,,,,PENDING_AT_END
544.9499999999999,545.0781593619973,,,,PENDING_AT_END
545.3,545.6142193740206,,,,PENDING_AT_END
545.65,545.8268347627783,,,,PENDING_AT_END
546.0,546.2528907605538,,,,PENDING_AT_END
546.3499999999999,546.4303189761067,,,,PENDING_AT_END
546.6999999999999,547.0586186148988,,,,PENDING_AT_END
547.05,547.2438200432853,,,,PENDING_AT_END
547.4,547.6832714472524,,,,PENDING_AT_END
547.75,547.8978831183051,,,,PENDING_AT_END
548.0999999999999,548.257012518787,,,,PENDING_AT_END
548.4499999999999,548.7039720655565,,,,PENDING_AT_END
548.8,549.1048741638642,,,,PENDING_AT_END
549.15,549.4428194023495,,,,PENDING_AT_END
549.5,549.8104397386548,,,,PENDING_AT_END
549.8499999999999,549.9007505387137,,,,PENDING_AT_END
550.1999999999999,550.4125585198798,,,,PENDING_AT_END
550.55,550.6891811740368,,,,PENDING_AT_END
550.9,551.1102995664961,,,,PENDING_AT_END
551.25,551.630228394675,,,,PENDING_AT_END
551.5999999999999,551.8101933669104,,,,PENDING_AT_END
551.9499999999999,552.0321259506651,,,,PENDING_AT_END
552.3,552.4962612597853,,,,PENDING_AT_END
552.65,552.693998767286,,,,PENDING_AT_END
553.0,553.1065922895232,,,,PENDING_AT_END
553.3499999999999,553.4674459138048,,,,PENDING_AT_END
553.6999999999999,553.9434429111369,,,,PENDING_AT_END
554.05,554.3998017966653,,,,PENDING_AT_END
554.4,554.7789305870807,,,,PENDING_AT_END
554.75,555.0236728454975,,,,PENDING_AT_END
555.0999999999999,555.3016204993708,,,,PENDING_AT_END
555.4499999999999,555.462671459571,,,,PENDING_AT_END
555.8,556.1162552268759,,,,PENDING_AT_END
556.15,556.4967148328811,,,,PENDING_AT_END
556.5,556.6645865253286,,,,PENDING_AT_END
556.8499999999999,556.8857514367289,,,,PENDING_AT_END
557.1999999999999,557.412157905282,,,,PENDING_AT_END
557.55,557.6630048527311,,,,PENDING_AT_END
557.9,557.9485230191534,,,,PENDING_AT_END
558.25,558.5046716139484,,,,PENDING_AT_END
558.5999999999999,558.9421945345123,,,,PENDING_AT_END
558.9499999999999,558.9994148712123,,,,PENDING_AT_END
559.3,559.453803148677,,,,PENDING_AT_END
559.65,559.7399245819796,,,,PENDING_AT_END
560.0,560.2555739307097,,,,PENDING_AT_END
560.3499999999999,560.4534189380834,,,,PENDING_AT_END
560.6999999999999,560.7614809893017,,,,PENDING_AT_END
561.05,561.1775484851432,,,,PENDING_AT_END
561.4,561.5091471046948,,,,PENDING_AT_END
561.75,562.0569735432937,,,,PENDING_AT_END
562.0999999999999,562.4353973133368,,,,PENDING_AT_END
562.4499999999999,562.4697979338636,,,,PENDING_AT_END
562.8,562.8956576726675,,,,PENDING_AT_END
563.15,563.4571607454885,,,,PENDING_AT_END
563.5,563.7136767630175,,,,PENDING_AT_END
563.8499999999999,564.1300311409532,,,,PENDING_AT_END
564.1999999999999,564.2636617001591,,,,PENDING_AT_END
564.55,564.9252903277959,,,,PENDING_AT_END
564.9,564.9425018578553,,,,PENDING_AT_END
565.25,565.5735937310687,,,,PENDING_AT_END
565.5999999999999,565.9258410770499,,,,PENDING_AT_END
565.9499999999999,565.9854393973168,,,,PENDING_AT_END
566.3,566.5958599602027,,,,PENDING_AT_END
566.65,567.0164822015664,,,,PENDING_AT_END
567.0,567.236881661981,,,,PENDING_AT_END
567.3499999999999,567.3703598229295,,,,PENDING_AT_END
567.6999999999999,567.8440496700272,,,,PENDING_AT_END
568.05,568.4063075244696,,,,PENDING_AT_END
568.4,568.5619681709401,,,,PENDING_AT_END
568.75,568.9275874088748,,,,PENDING_AT_END
569.0999999999999,569.4863490401679,,,,PENDING_AT_END
569.4499999999999,569.6775852580967,,,,PENDING_AT_END
569.8,570.0542252829787,,,,PENDING_AT_END
570.15,570.206410069297,,,,PENDING_AT_END
570.5,570.7556219420626,,,,PENDING_AT_END
570.8499999999999,571.2002358913026,,,,PENDING_AT_END
571.1999999999999,571.523387382604,,,,PENDING_AT_END
571.55,571.910689975123,,,,PENDING_AT_END
571.9,572.0756101906114,,,,PENDING_AT_END
572.25,572.3325787910474,,,,PENDING_AT_END
572.5999999999999,572.9438018518035,,,,PENDING_AT_END
572.9499999999999,573.2282332271781,,,,PENDING_AT_END
573.3,573.5407939783054,,,,PENDING_AT_END
573.65,573.9528260822841,,,,PENDING_AT_END
574.0,574.0197027085894,,,,PENDING_AT_END
574.3499999999999,574.3575123288556,,,,PENDING_AT_END
574.6999999999999,575.0029391331747,,,,PENDING_AT_END
575.05,575.2479621487532,,,,PENDING_AT_END
575.4,575.5161134233816,,,,PENDING_AT_END
575.75,576.1040074040225,,,,PENDING_AT_END
576.0999999999999,576.1250452411011,,,,PENDING_AT_END
576.4499999999999,576.7153937577358,,,,PENDING_AT_END
576.8,577.0368186256248,,,,PENDING_AT_END
577.15,577.3034423912085,,,,PENDING_AT_END
577.5,577.849306157091,,,,PENDING_AT_END
577.8499999999999,578.0427604002123,,,,PENDING_AT_END
578.1999999999999,578.3814539031317,,,,PENDING_AT_END
578.55,578.5981731889406,,,,PENDING_AT_END
578.9,579.0896348131615,,,,PENDING_AT_END
579.25,579.4325518734847,,,,PENDING_AT_END
579.5999999999999,579.8428868821293,,,,PENDING_AT_END
579.9499999999999,580.2181568700254,,,,PENDING_AT_END
580.3,580.6309052331794,,,,PENDING_AT_END
580.65,581.0177134943739,,,,PENDING_AT_END
581.0,581.307335346426,,,,PENDING_AT_END
581.3499999999999,581.73081808817,,,,PENDING_AT_END
581.6999999999999,581.9701785881001,,,,PENDING_AT_END
582.05,582.2393320096483,,,,PENDING_AT_END
582.4,582.715191622095,,,,PENDING_AT_END
582.75,582.7918264288551,,,,PENDING_AT_END
583.0999999999999,583.2229982665231,,,,PENDING_AT_END
583.4499999999999,583.5263818812178,,,,PENDING_AT_END
583.8,584.1797756992107,,,,PENDING_AT_END
584.15,584.3309888638317,,,,PENDING_AT_END
584.5,584.8826141429877,,,,PENDING_AT_END
584.8499999999999,584.9481371915158,,,,PENDING_AT_END
585.1999999999999,585.2914145536337,,,,PENDING_AT_END
585.55,585.9206607231092,,,,PENDING_AT_END
585.9,585.9308657258738,,,,PENDING_AT_END
586.25,586.4661010907969,,,,PENDING_AT_END
586.5999999999999,586.6738985926622,,,,PENDING_AT_END
586.9499999999999,587.1928119840421,,,,PENDING_AT_END
587.3,587.4181238255721,,,,PENDING_AT_END
587.65,587.7677016523315,,,,PENDING_AT_END
588.0,588.2183922071617,,,,PENDING_AT_END
588.3499999999999,588.5910106551244,,,,PENDING_AT_END
588.6999999999999,588.849371819448,,,,PENDING_AT_END
589.05,589.2602248778906,,,,PENDING_AT_END
589.4,589.594148257714,,,,PENDING_AT_END
589.75,589.7874683335672,,,,PENDING_AT_END
590.0999999999999,590.4049241432467,,,,PENDING_AT_END
590.4499999999999,590.4717968761946,,,,PENDING_AT_END
590.8,590.8090627077995,,,,PENDING_AT_END
591.15,591.3270372743294,,,,PENDING_AT_END
591.5,591.6263216504683,,,,PENDING_AT_END
591.8499999999999,591.8896462284579,,,,PENDING_AT_END
592.1999999999999,592.503696172423,,,,PENDING_AT_END
592.55,592.9015547172501,,,,PENDING_AT_END
592.9,593.2966480061258,,,,PENDING_AT_END
593.25,593.3369578660547,,,,PENDING_AT_END
593.5999999999999,593.8137947092443,,,,PENDING_AT_END
593.9499999999999,594.097985835777,,,,PENDING_AT_END
594.3,594.5527450667582,,,,PENDING_AT_END
594.65,594.7525537965724,,,,PENDING_AT_END
595.0,595.3323171640598,,,,PENDING_AT_END
595.3499999999999,595.6236163628862,,,,PENDING_AT_END
595.6999999999999,596.0928880263804,,,,PENDING_AT_END
596.05,596.4301595907225,,,,PENDING_AT_END
596.4,596.7953010385273,,,,PENDING_AT_END
596.75,596.956940744476,,,,PENDING_AT_END
597.0999999999999,597.2447922918345,,,,PENDING_AT_END
597.4499999999999,597.5814057843749,,,,PENDING_AT_END
597.8,597.9146369631933,,,,PENDING_AT_END
598.15,598.1984730325399,,,,PENDING_AT_END
598.5,598.8395569132865,,,,PENDING_AT_END
598.8499999999999,598.9751339296527,,,,PENDING_AT_END
599.1999999999999,599.2261428354822,,,,PENDING_AT_END
599.55,599.9068327896669,,,,PENDING_AT_END
599.9,600.1602955650222,,,,PENDING_AT_END
600.25,600.5337087723576,,,,PENDING_AT_END
600.5999999999999,600.7855339168052,,,,PENDING_AT_END
600.9499999999999,601.0032472282647,,,,PENDING_AT_END
601.3,601.3321346842949,,,,PENDING_AT_END
601.65,601.7308997223503,,,,PENDING_AT_END
602.0,602.3703435368427,,,,PENDING_AT_END
602.3499999999999,602.3691032813508,,,,PENDING_AT_END
602.6999999999999,602.724131812803,,,,PENDING_AT_END
603.05,603.2287368923039,,,,PENDING_AT_END
603.4,603.4380487717627,,,,PENDING_AT_END
603.75,603.7910733140782,,,,PENDING_AT_END
604.0999999999999,604.1043856824351,,,,PENDING_AT_END
604.4499999999999,604.6779132255341,,,,PENDING_AT_END
604.8,604.9705306905742,,,,PENDING_AT_END
605.15,605.2162239980852,,,,PENDING_AT_END
605.5,605.8940812873989,,,,PENDING_AT_END
605.8499999999999,606.1111049843623,,,,PENDING_AT_END
606.1999999999999,606.5678433631634,,,,PENDING_AT_END
606.55,606.558074361436,,,,PENDING_AT_END
606.9,607.2196757339931,,,,PENDING_AT_END
607.25,607.302968996795,,,,PENDING_AT_END
607.5999999999999,607.6544347838544,,,,PENDING_AT_END
607.9499999999999,608.2763561312939,,,,PENDING_AT_END
608.3,608.4428112001017,,,,PENDING_AT_END
608.65,608.69543478292,,,,PENDING_AT_END
609.0,609.2720182795354,,,,PENDING_AT_END
609.3499999999999,609.3509178707375,,,,PENDING_AT_END
609.6999999999999,609.835067950498,,,,PENDING_AT_END
610.05,610.2959576188985,,,,PENDING_AT_END
610.4,610.6923184883025,,,,PENDING_AT_END
610.75,610.983347667606,,,,PENDING_AT_END
611.0999999999999,611.4974328077026,,,,PENDING_AT_END
611.4499999999999,611.7882413937849,,,,PENDING_AT_END
611.8,612.1111727574307,,,,PENDING_AT_END
612.15,612.4511075739337,,,,PENDING_AT_END
612.5,612.501918254489,,,,PENDING_AT_END
612.8499999999999,613.031548615437,,,,PENDING_AT_END
613.1999999999999,613.5036116219395,,,,PENDING_AT_END
613.55,613.859391359558,,,,PENDING_AT_END
613.9,613.9332677279186,,,,PENDING_AT_END
614.25,614.520014291737,,,,PENDING_AT_END
614.5999999999999,614.7833102596273,,,,PENDING_AT_END
614.9499999999999,615.2286295565551,,,,PENDING_AT_END
615.3,615.370690129711,,,,PENDING_AT_END
615.65,615.8162601656683,,,,PENDING_AT_END
616.0,616.1291852476174,,,,PENDING_AT_END
616.3499999999999,616.5161379744275,,,,PENDING_AT_END
616.6999999999999,616.7441410619887,,,,PENDING_AT_END
617.05,617.3577915081164,,,,PENDING_AT_END
617.4,617.6778432966847,,,,PENDING_AT_END
617.75,617.8923396270052,,,,PENDING_AT_END
618.0999999999999,618.2640188798764,,,,PENDING_AT_END
618.4499999999999,618.5647163442371,,,,PENDING_AT_END
618.8,619.0853743216944,,,,PENDING_AT_END
619.15,619.5118724530049,,,,PENDING_AT_END
619.5,619.7263865124564,,,,PENDING_AT_END
619.8499999999999,620.2130883967413,,,,PENDING_AT_END
620.1999999999999,620.4071813908266,,,,PENDING_AT_END
620.55,620.883391512159,,,,PENDING_AT_END
620.9,621.2541047523015,,,,PENDING_AT_END
621.25,621.6008211696287,,,,PENDING_AT_END
621.5999999999999,621.7399675678078,,,,PENDING_AT_END
621.9499999999999,622.0976988355334,,,,PENDING_AT_END
622.3,622.3992794033452,,,,PENDING_AT_END
622.65,622.7992552082318,,,,PENDING_AT_END
623.0,623.0795538234149,,,,PENDING_AT_END
623.3499999999999,623.5113424384872,,,,PENDING_AT_END
623.6999999999999,624.0421715426188,,,,PENDING_AT_END
624.05,624.4102883418768,,,,PENDING_AT_END
624.4,624.5815374031573,,,,PENDING_AT_END
624.75,624.8145967746736,,,,PENDING_AT_END
625.0999999999999,625.1996808951078,,,,PENDING_AT_END
625.4499999999999,625.7671300491576,,,,PENDING_AT_END
625.8,625.9553168782486,,,,PENDING_AT_END
626.15,626.1824441210541,,,,PENDING_AT_END
626.5,626.7682936015055,,,,PENDING_AT_END
626.8499999999999,627.054967957069,,,,PENDING_AT_END
627.1999999999999,627.2753761464136,,,,PENDING_AT_END
627.55,627.9217690773858,,,,PENDING_AT_END
627.9,628.2355607737592,,,,PENDING_AT_END
628.25,628.425356783873,,,,PENDING_AT_END
628.5999999999999,628.8752403379626,,,,PENDING_AT_END
628.9499999999999,629.3286898254379,,,,PENDING_AT_END
629.3,629.3106543157262,,,,PENDING_AT_END
629.65,630.0455535153293,,,,PENDING_AT_END
630.0,630.0780353563634,,,,PENDING_AT_END
630.3499999999999,630.4517961824613,,,,PENDING_AT_END
630.6999999999999,630.9591934008321,,,,PENDING_AT_END
631.05,631.2717071225763,,,,PENDING_AT_END
631.4,631.6906327242558,,,,PENDING_AT_END
631.75,632.1229414898569,,,,PENDING_AT_END
632.0999999999999,632.4180620353511,,,,PENDING_AT_END
632.4499999999999,632.7113108175109,,,,PENDING_AT_END
632.8,633.1117298645424,,,,PENDING_AT_END
633.15,633.4901679299797,,,,PENDING_AT_END
633.5,633.5196362286626,,,,PENDING_AT_END
633.8499999999999,634.1389772940609,,,,PENDING_AT_END
634.1999999999999,634.5640075470845,,,,PENDING_AT_END
634.55,634.7654614209434,,,,PENDING_AT_END
634.9,635.1477468934019,,,,PENDING_AT_END
635.25,635.6313422153066,,,,PENDING_AT_END
635.5999999999999,635.9634970998459,,,,PENDING_AT_END
635.9499999999999,636.1628550274366,,,,PENDING_AT_END
636.3,636.6133289558916,,,,PENDING_AT_END
636.65,636.7177775357226,,,,PENDING_AT_END
637.0,637.1244967495629,,,,PENDING_AT_END
637.3499999999999,637.7417818741296,,,,PENDING_AT_END
637.6999999999999,637.9086461779772,,,,PENDING_AT_END
638.05,638.3486332435509,,,,PENDING_AT_END
638.4,638.6784356483844,,,,PENDING_AT_END
638.75,638.7615329905614,,,,PENDING_AT_END
639.0999999999999,639.1244143661133,,,,PENDING_AT_END
639.4499999999999,639.6511240391943,,,,PENDING_AT_END
639.8,639.8104024890797,,,,PENDING_AT_END
640.15,640.3012167133526,,,,PENDING_AT_END
640.5,640.705513653088,,,,PENDING_AT_END
640.8499999999999,641.0414987404408,,,,PENDING_AT_END
641.1999999999999,641.35499701231,,,,PENDING_AT_END
641.55,641.6888860128881,,,,PENDING_AT_END
641.9,641.9177108807661,,,,PENDING_AT_END
642.25,642.3111682873146,,,,PENDING_AT_END
642.5999999999999,642.8014355267944,,,,PENDING_AT_END
642.9499999999999,643.194813969567,,,,PENDING_AT_END
643.3,643.6178199335754,,,,PENDING_AT_END
643.65,643.8415716895346,,,,PENDING_AT_END
644.0,644.307113855117,,,,PENDING_AT_END
644.3499999999999,644.6119463880796,,,,PENDING_AT_END
644.6999999999999,644.7011625417612,,,,PENDING_AT_END
645.05,645.3340111083246,,,,PENDING_AT_END
645.4,645.6356858483974,,,,PENDING_AT_END
645.75,645.9189702444314,,,,PENDING_AT_END
646.0999999999999,646.3240430273888,,,,PENDING_AT_END
646.4499999999999,646.7102049976135,,,,PENDING_AT_END
646.8,646.9847051681747,,,,PENDING_AT_END
647.15,647.236892590198,,,,PENDING_AT_END
647.5,647.5356845036949,,,,PENDING_AT_END
647.8499999999999,647.8905104822804,,,,PENDING_AT_END
648.1999999999999,648.5879928797773,,,,PENDING_AT_END
648.55,648.7957518090714,,,,PENDING_AT_END
648.9,649.2540209683935,,,,PENDING_AT_END
649.25,649.4702095427344,,,,PENDING_AT_END
649.5999999999999,649.9892930678732,,,,PENDING_AT_END
649.9499999999999,650.2460904698138,,,,PENDING_AT_END
650.3,650.3281279899888,,,,PENDING_AT_END
650.65,650.9229685598935,,,,PENDING_AT_END
651.0,651.0853251785227,,,,PENDING_AT_END
651.3499999999999,651.6155637737893,,,,PENDING_AT_END
651.6999999999999,651.933827131612,,,,PENDING_AT_END
652.05,652.0771566157518,,,,PENDING_AT_END
652.4,652.6738896335272,,,,PENDING_AT_END
652.75,652.9619146313021,,,,PENDING_AT_END
653.0999999999999,653.2606307137335,,,,PENDING_AT_END
653.4499999999999,653.51603781511,,,,PENDING_AT_END
653.8,654.0064076288922,,,,PENDING_AT_END
654.15,654.4785922687951,,,,PENDING_AT_END
654.5,654.8426007447824,,,,PENDING_AT_END
654.8499999999999,655.1145481638689,,,,PENDING_AT_END
655.1999999999999,655.5786158207646,,,,PENDING_AT_END
655.55,655.6519746195304,,,,PENDING_AT_END
655.9,655.9914852062931,,,,PENDING_AT_END
656.25,656.4905196191314,,,,PENDING_AT_END
656.5999999999999,656.9782760094413,,,,PENDING_AT_END
656.9499999999999,657.2937558707494,,,,PENDING_AT_END
657.3,657.5571653564855,,,,PENDING_AT_END
657.65,657.7840885513136,,,,PENDING_AT_END
658.0,658.3892273625183,,,,PENDING_AT_END
658.3499999999999,658.3719792344439,,,,PENDING_AT_END
658.6999999999999,658.758722413418,,,,PENDING_AT_END
659.05,659.4014776638057,,,,PENDING_AT_END
659.4,659.7372527253384,,,,PENDING_AT_END
659.75,659.7820200308806,,,,PENDING_AT_END
660.0999999999999,660.492634911998,,,,PENDING_AT_END
660.4499999999999,660.7232732698834,,,,PENDING_AT_END
660.8,660.8642323595438,,,,PENDING_AT_END
661.15,661.4143159022293,,,,PENDING_AT_END
661.5,661.7443784129769,,,,PENDING_AT_END
661.8499999999999,661.8652051871261,,,,PENDING_AT_END
662.1999999999999,662.3555345702717,,,,PENDING_AT_END
662.55,662.8809819920766,,,,PENDING_AT_END
662.9,663.0580707824944,,,,PENDING_AT_END
663.25,663.4205794058187,,,,PENDING_AT_END
663.5999999999999,663.8922822576919,,,,PENDING_AT_END
663.9499999999999,664.1350800846695,,,,PENDING_AT_END
664.3,664.6380870814487,,,,PENDING_AT_END
664.65,665.0389577364923,,,,PENDING_AT_END
665.0,665.1914936103294,,,,PENDING_AT_END
665.3499999999999,665.5330215208216,,,,PENDING_AT_END
665.6999999999999,666.0902366295983,,,,PENDING_AT_END
666.05,666.1599004771676,,,,PENDING_AT_END
666.4,666.6695787634843,,,,PENDING_AT_END
666.75,666.8267150078427,,,,PENDING_AT_END
667.0999999999999,667.288335717147,,,,PENDING_AT_END
667.4499999999999,667.6087501212911,,,,PENDING_AT_END
667.8,667.8059088224477,,,,PENDING_AT_END
668.15,668.1952927856304,,,,PENDING_AT_END
668.5,668.6454645145577,,,,PENDING_AT_END
668.8499999999999,669.1365101710289,,,,PENDING_AT_END
669.1999999999999,669.5057923512578,,,,PENDING_AT_END
669.55,669.9224537104458,,,,PENDING_AT_END
669.9,669.9665035218176,,,,PENDING_AT_END
670.25,670.539075041165,,,,PENDING_AT_END
670.5999999999999,670.6782390494491,,,,PENDING_AT_END
670.9499999999999,671.1150398785868,,,,PENDING_AT_END
671.3,671.4336486020584,,,,PENDING_AT_END
671.65,671.9527607546462,,,,PENDING_AT_END
672.0,672.2103000646568,,,,PENDING_AT_END
672.3499999999999,672.6090530236786,,,,PENDING_AT_END
672.6999999999999,672.8438440072329,,,,PENDING_AT_END
673.05,673.0769243141433,,,,PENDING_AT_END
673.4,673.5367167847679,,,,PENDING_AT_END
673.75,674.0118607331667,,,,PENDING_AT_END
674.0999999999999,674.2633396453994,,,,PENDING_AT_END
674.4499999999999,674.4679361269654,,,,PENDING_AT_END
674.8,675.033970461272,,,,PENDING_AT_END
675.15,675.3250079891517,,,,PENDING_AT_END
675.5,675.7211767836322,,,,PENDING_AT_END
675.8499999999999,675.8762853440251,,,,PENDING_AT_END
676.1999999999999,676.284897452016,,,,PENDING_AT_END
676.55,676.8308401744509,,,,PENDING_AT_END
676.9,677.166032828827,,,,PENDING_AT_END
677.25,677.6273355008168,,,,PENDING_AT_END
677.5999999999999,677.7316130469071,,,,PENDING_AT_END
677.9499999999999,678.2863200610003,,,,PENDING_AT_END
678.3,678.3060644968816,,,,PENDING_AT_END
678.65,678.6627139574365,,,,PENDING_AT_END
679.0,679.37538588947,,,,PENDING_AT_END
679.3499999999999,679.3591558535734,,,,PENDING_AT_END
679.6999999999999,680.0822957481115,,,,PENDING_AT_END
680.05,680.3751839179668,,,,PENDING_AT_END
680.4,680.5398293235293,,,,PENDING_AT_END
680.75,681.1149869488102,,,,PENDING_AT_END
681.0999999999999,681.4103454774977,,,,PENDING_AT_END
681.4499999999999,681.7297230066205,,,,PENDING_AT_END
681.8,682.0885963596161,,,,PENDING_AT_END
682.15,682.4629470369131,,,,PENDING_AT_END
682.5,682.5206379022347,,,,PENDING_AT_END
682.8499999999999,683.1263337224359,,,,PENDING_AT_END
683.1999999999999,683.3327941362303,,,,PENDING_AT_END
683.55,683.810682350957,,,,PENDING_AT_END
683.9,683.9624350708249,,,,PENDING_AT_END
684.25,684.3304277371121,,,,PENDING_AT_END
684.5999999999999,684.7592778214571,,,,PENDING_AT_END
684.9499999999999,685.2805526344713,,,,PENDING_AT_END
685.3,685.6470014044746,,,,PENDING_AT_END
685.65,686.0456749267529,,,,PENDING_AT_END
686.0,686.0767970973357,,,,PENDING_AT_END
686.3499999999999,686.5110997214597,,,,PENDING_AT_END
686.6999999999999,686.7447142632644,,,,PENDING_AT_END
687.05,687.4007011893507,,,,PENDING_AT_END
687.4,687.6418408386752,,,,PENDING_AT_END
687.75,688.1187613288976,,,,PENDING_AT_END
688.0999999999999,688.3743316444102,,,,PENDING_AT_END
688.4499999999999,688.5683079155536,,,,PENDING_AT_END
688.8,689.0184811470235,,,,PENDING_AT_END
689.15,689.4682106324427,,,,PENDING_AT_END
689.5,689.7089308290888,,,,PENDING_AT_END
689.8499999999999,689.8861143823017,,,,PENDING_AT_END
690.1999999999999,690.2620367177532,,,,PENDING_AT_END
690.55,690.6442174040794,,,,PENDING_AT_END
690.9,691.2035320552551,,,,PENDING_AT_END
691.25,691.3029139740795,,,,PENDING_AT_END
691.5999999999999,691.7304800084923,,,,PENDING_AT_END
691.9499999999999,692.0960545499767,,,,PENDING_AT_END
692.3,692.4818993638976,,,,PENDING_AT_END
692.65,692.8096064440311,,,,PENDING_AT_END
693.0,693.1756775936319,,,,PENDING_AT_END
693.3499999999999,693.6321441138141,,,,PENDING_AT_END
693.6999999999999,693.9332329816847,,,,PENDING_AT_END
694.05,694.3870161457103,,,,PENDING_AT_END
694.4,694.7665124504384,,,,PENDING_AT_END
694.75,695.0259500219909,,,,PENDING_AT_END
695.0999999999999,695.4643049445729,,,,PENDING_AT_END
695.4499999999999,695.7823067726259,,,,PENDING_AT_END
695.8,696.1453244459597,,,,PENDING_AT_END
696.15,696.4129033070668,,,,PENDING_AT_END
696.5,696.6721418562549,,,,PENDING_AT_END
696.8499999999999,696.9191270161341,,,,PENDING_AT_END
697.1999999999999,697.419841607568,,,,PENDING_AT_END
697.55,697.7275470542074,,,,PENDING_AT_END
697.9,698.1648871497997,,,,PENDING_AT_END
698.25,698.4253523073237,,,,PENDING_AT_END
698.5999999999999,698.889176805518,,,,PENDING_AT_END
698.9499999999999,699.1892722435638,,,,PENDING_AT_END
699.3,699.3784055835547,,,,PENDING_AT_END
699.65,699.8652435820128,,,,PENDING_AT_END
700.0,700.1025744973381,,,,PENDING_AT_END
700.3499999999999,700.4929192560185,,,,PENDING_AT_END
700.6999999999999,700.9773233521929,,,,PENDING_AT_END
701.05,701.3837832954182,,,,PENDING_AT_END
701.4,701.6724133808056,,,,PENDING_AT_END
701.75,701.9950310337888,,,,PENDING_AT_END
702.0999999999999,702.2301640967332,,,,PENDING_AT_END
702.4499999999999,702.7365525348933,,,,PENDING_AT_END
702.8,703.0384031666072,,,,PENDING_AT_END
703.15,703.2867427606553,,,,PENDING_AT_END
703.5,703.8327035866857,,,,PENDING_AT_END
703.8499999999999,703.8781619915223,,,,PENDING_AT_END
704.1999999999999,704.4258601286718,,,,PENDING_AT_END
704.55,704.8316843090483,,,,PENDING_AT_END
704.9,705.1862751000273,,,,PENDING_AT_END
705.25,705.6265994949226,,,,PENDING_AT_END
705.5999999999999,705.9036805645596,,,,PENDING_AT_END
705.9499999999999,705.9651760483686,,,,PENDING_AT_END
706.3,706.3356501996836,,,,PENDING_AT_END
706.65,706.7555803818426,,,,PENDING_AT_END
707.0,707.3481175823431,,,,PENDING_AT_END
707.3499999999999,707.4723669301507,,,,PENDING_AT_END
707.6999999999999,707.887032805375,,,,PENDING_AT_END
708.05,708.0809928077531,,,,PENDING_AT_END
708.4,708.7125835988655,,,,PENDING_AT_END
708.75,709.0102820980037,,,,PENDING_AT_END
709.0999999999999,709.1882056540562,,,,PENDING_AT_END
709.4499999999999,709.6504192149717,,,,PENDING_AT_END
709.8,710.1828647108821,,,,PENDING_AT_END
710.15,710.4164399788734,,,,PENDING_AT_END
710.5,710.5949452796174,,,,PENDING_AT_END
710.8499999999999,711.1821382627556,,,,PENDING_AT_END
711.1999999999999,711.4127186277241,,,,PENDING_AT_END
711.55,711.9199974046703,,,,PENDING_AT_END
711.9,712.2921613376724,,,,PENDING_AT_END
712.25,712.4053842283242,,,,PENDING_AT_END
712.5999999999999,712.9925818943948,,,,PENDING_AT_END
712.9499999999999,713.2053931439144,,,,PENDING_AT_END
713.3,713.5778181572039,,,,PENDING_AT_END
713.65,713.9611884111056,,,,PENDING_AT_END
714.0,714.2095907566461,,,,PENDING_AT_END
714.3499999999999,714.7497243808571,,,,PENDING_AT_END
714.6999999999999,714.907610628219,,,,PENDING_AT_END
715.05,715.1776297122374,,,,PENDING_AT_END
715.4,715.4816105766714,,,,PENDING_AT_END
715.75,716.0554810957306,,,,PENDING_AT_END
716.0999999999999,716.232825573484,,,,PENDING_AT_END
716.4499999999999,716.7614832507035,,,,PENDING_AT_END
716.8,716.928599436535,,,,PENDING_AT_END
717.15,717.2436174146866,,,,PENDING_AT_END
717.5,717.7116413322369,,,,PENDING_AT_END
717.8499999999999,718.1773437239722,,,,PENDING_AT_END
718.1999999999999,718.5782736610469,,,,PENDING_AT_END
718.55,718.66717083517,,,,PENDING_AT_END
718.9,718.9403643103034,,,,PENDING_AT_END
719.25,719.3956780458864,,,,PENDING_AT_END
719.5999999999999,719.7693797676764,,,,PENDING_AT_END
719.9499999999999,720.1249223304116,,,,PENDING_AT_END
720.3,720.363643787219,,,,PENDING_AT_END
720.65,721.0400369339167,,,,PENDING_AT_END
721.0,721.0587998662616,,,,PENDING_AT_END
721.3499999999999,721.7345265312833,,,,PENDING_AT_END
721.6999999999999,721.805911308728,,,,PENDING_AT_END
722.05,722.3841721881363,,,,PENDING_AT_END
722.4,722.5955807816969,,,,PENDING_AT_END
722.75,723.0260201310541,,,,PENDING_AT_END
723.0999999999999,723.1111027889356,,,,PENDING_AT_END
723.4499999999999,723.6670288445545,,,,PENDING_AT_END
723.8,724.0252600997674,,,,PENDING_AT_END
724.15,724.4327471850085,,,,PENDING_AT_END
724.5,724.5651677280634,,,,PENDING_AT_END
724.8499999999999,724.8591400673149,,,,PENDING_AT_END
725.1999999999999,725.3270718768152,,,,PENDING_AT_END
725.55,725.7544050090405,,,,PENDING_AT_END
725.9,726.0449645170755,,,,PENDING_AT_END
726.25,726.3071050827823,,,,PENDING_AT_END
726.5999999999999,726.994146821288,,,,PENDING_AT_END
726.9499999999999,727.0647652353749,,,,PENDING_AT_END
727.3,727.3701806734682,,,,PENDING_AT_END
727.65,727.6587387951605,,,,PENDING_AT_END
728.0,728.3218920071456,,,,PENDING_AT_END
728.3499999999999,728.7474704659633,,,,PENDING_AT_END
728.6999999999999,728.821946342648,,,,PENDING_AT_END
729.05,729.2636673792533,,,,PENDING_AT_END
729.4,729.5627611158319,,,,PENDING_AT_END
729.75,730.147096558481,,,,PENDING_AT_END
730.0999999999999,730.379524759091,,,,PENDING_AT_END
730.4499999999999,730.5133427206805,,,,PENDING_AT_END
730.8,731.0168304186441,,,,PENDING_AT_END
731.15,731.4623320589684,,,,PENDING_AT_END
731.5,731.5505707354546,,,,PENDING_AT_END
731.8499999999999,732.1707828918345,,,,PENDING_AT_END
732.1999999999999,732.5575396571038,,,,PENDING_AT_END
732.55,732.647048225595,,,,PENDING_AT_END
732.9,733.2039680891556,,,,PENDING_AT_END
733.25,733.5073321160326,,,,PENDING_AT_END
733.5999999999999,733.8161766067103,,,,PENDING_AT_END
733.9499999999999,734.3082079435272,,,,PENDING_AT_END
734.3,734.4774885552522,,,,PENDING_AT_END
734.65,734.9631786892793,,,,PENDING_AT_END
