timestamp,gen_time,sel_time,tx_time,rx_time,status
0.0,0.02006556168135254,152.4376039776747,152.43860397767472,152.6086039776747,TX
0.35,0.6094121277593316,157.87247919152136,157.87347919152137,158.04347919152136,TX
0.7,1.0540884166524511,157.81913113731702,157.82013113731702,157.990131137317,TX
1.0499999999999998,1.3961352059954475,160.40030945311682,160.40130945311682,160.5713094531168,TX
1.4,1.6598355225276156,156.82253830981728,156.82353830981728,156.99353830981727,TX
1.75,1.7969613491743752,160.89975716465653,160.90075716465654,161.07075716465653,TX
2.0999999999999996,2.475313654613241,153.3475513599444,153.3485513599444,153.51855135994438,TX
2.4499999999999997,2.577269190663231,160.25012463284645,160.25112463284646,160.42112463284644,TX
2.8,3.036143697231447,156.61767484478864,156.61867484478864,156.78867484478863,TX
3.15,3.467279594202402,155.54047588470266,155.54147588470266,155.71147588470265,TX
3.5,3.725900854118639,162.20233667960775,162.20333667960776,162.37333667960775,TX
3.8499999999999996,4.025953865511395,160.04319211234932,160.04419211234932,160.2141921123493,TX
4.199999999999999,4.542347709460271,162.8081716740903,162.8091716740903,162.97917167409028,TX
4.55,4.6711048207159935,159.03867164852142,159.03967164852142,159.2096716485214,TX
4.8999999999999995,4.921936259100879,,,,PENDING_AT_END
5.25,5.538965206901343,,,,PENDING_AT_END
5.6,5.962561753161406,,,,PENDING_AT_END
5.949999999999999,6.185777046937407,,,,PENDING_AT_END
6.3,6.543966259177831,,,,PENDING_AT_END
6.6499999999999995,7.036440295482742,,,,PENDING_AT_END
7.0,7.246814752342699,,,,PENDING_AT_END
7.35,7.5571421345587435,,,,PENDING_AT_END
7.699999999999999,8.086699143560335,,,,PENDING_AT_END
8.049999999999999,8.372345688892155,,,,PENDING_AT_END
8.399999999999999,8.497921714690271,,,,PENDING_AT_END
8.75,8.764969534533229,,,,PENDING_AT_END
9.1,9.480521691182071,,,,PENDING_AT_END
9.45,9.833630658039393,,,,PENDING_AT_END
9.799999999999999,10.185961649839735,,,,PENDING_AT_END
10.149999999999999,10.393535206013173,,,,PENDING_AT_END
10.5,10.508643725924742,,,,PENDING_AT_END
10.85,11.16307548716262,,,,PENDING_AT_END
11.2,11.597437617967557,,,,PENDING_AT_END
11.549999999999999,11.765504308432652,,,,PENDING_AT_END
11.899999999999999,12.170820622500887,,,,PENDING_AT_END
12.25,12.443101001883427,,,,PENDING_AT_END
12.6,12.65064346735124,,,,PENDING_AT_END
12.95,13.073576530509115,,,,PENDING_AT_END
13.299999999999999,13.383631704508351,,,,PENDING_AT_END
13.649999999999999,13.99362216918147,,,,PENDING_AT_END
14.0,14.378431130579298,,,,PENDING_AT_END
14.35,14.595175052829044,,,,PENDING_AT_END
14.7,14.873654306312947,,,,PENDING_AT_END
15.049999999999999,15.263135139997855,,,,PENDING_AT_END
15.399999999999999,15.750995340502111,,,,PENDING_AT_END
15.749999999999998,15.760343946240377,,,,PENDING_AT_END
16.099999999999998,16.33754384050133,,,,PENDING_AT_END
16.45,16.651056906136997,,,,PENDING_AT_END
16.799999999999997,16.89246293033581,,,,PENDING_AT_END
17.15,17.24766076474601,,,,PENDING_AT_END
17.5,17.510655306755297,,,,PENDING_AT_END
17.849999999999998,18.083868061228532,,,,PENDING_AT_END
18.2,18.409581616382834,,,,PENDING_AT_END
18.549999999999997,18.726947148247163,,,,PENDING_AT_END
18.9,19.284075399935496,,,,PENDING_AT_END
19.25,19.415888764948754,,,,PENDING_AT_END
19.599999999999998,19.654311599440316,,,,PENDING_AT_END
19.95,20.128458180544133,,,,PENDING_AT_END
20.299999999999997,20.575322409261673,,,,PENDING_AT_END
20.65,20.70191223600939,,,,PENDING_AT_END
21.0,21.367866269224606,,,,PENDING_AT_END
21.349999999999998,21.671329978294775,,,,PENDING_AT_END
21.7,21.776219502183817,,,,PENDING_AT_END
22.049999999999997,22.405360949254998,,,,PENDING_AT_END
22.4,22.721119152874515,,,,PENDING_AT_END
22.75,23.134135560608783,,,,PENDING_AT_END
23.099999999999998,23.170983794971153,,,,PENDING_AT_END
23.45,23.638788260950452,,,,PENDING_AT_END
23.799999999999997,23.894311618471427,,,,PENDING_AT_END
24.15,24.394480670316277,,,,PENDING_AT_END
24.5,24.591306763689857,,,,PENDING_AT_END
24.849999999999998,24.96584453174435,,,,PENDING_AT_END
25.2,25.266673001955457,,,,PENDING_AT_END
25.549999999999997,25.841887149706928,,,,PENDING_AT_END
25.9,25.92442547806003,,,,PENDING_AT_END
26.25,26.60908515140619,,,,PENDING_AT_END
26.599999999999998,26.663066315319707,,,,PENDING_AT_END
26.95,27.205857593770983,,,,PENDING_AT_END
27.299999999999997,27.64034796288079,,,,PENDING_AT_END
27.65,27.79044411234686,,,,PENDING_AT_END
28.0,28.20245517716001,,,,PENDING_AT_END
28.349999999999998,28.35818407566624,,,,PENDING_AT_END
28.7,29.012132888441162,,,,PENDING_AT_END
29.049999999999997,29.269646213007213,,,,PENDING_AT_END
29.4,29.450967849664757,,,,PENDING_AT_END
29.749999999999996,29.78252627462086,,,,PENDING_AT_END
30.099999999999998,30.12469957943021,,,,PENDING_AT_END
30.45,30.84455935566403,,,,PENDING_AT_END
30.799999999999997,30.809303864152383,,,,PENDING_AT_END
31.15,31.27654124719399,,,,PENDING_AT_END
31.499999999999996,31.635041691965835,,,,PENDING_AT_END
31.849999999999998,31.956780738483832,,,,PENDING_AT_END
32.199999999999996,32.46694261665194,,,,PENDING_AT_END
32.55,32.78542617297775,,,,PENDING_AT_END
32.9,33.00644336971664,,,,PENDING_AT_END
33.25,33.32507425159827,,,,PENDING_AT_END
33.599999999999994,33.789697300084214,,,,PENDING_AT_END
33.949999999999996,34.1571952915961,,,,PENDING_AT_END
34.3,34.483075381243495,,,,PENDING_AT_END
34.65,34.703450505304666,,,,PENDING_AT_END
35.0,35.249388560502894,,,,PENDING_AT_END
35.349999999999994,35.393792993810436,,,,PENDING_AT_END
35.699999999999996,35.78850898066147,,,,PENDING_AT_END
36.05,36.13825689789873,,,,PENDING_AT_END
36.4,36.52778044714338,,,,PENDING_AT_END
36.75,37.123380887337206,,,,PENDING_AT_END
37.099999999999994,37.124341521307755,,,,PENDING_AT_END
37.449999999999996,37.5362316795024,,,,PENDING_AT_END
37.8,38.04393941634365,,,,PENDING_AT_END
38.15,38.31989558273981,,,,PENDING_AT_END
38.5,38.674228358032124,,,,PENDING_AT_END
38.849999999999994,38.85671847078176,,,,PENDING_AT_END
39.199999999999996,39.59829583627995,,,,PENDING_AT_END
39.55,39.74489247312982,,,,PENDING_AT_END
39.9,40.05996854421111,,,,PENDING_AT_END
40.25,40.52274496608591,,,,PENDING_AT_END
40.599999999999994,40.733702832386015,,,,PENDING_AT_END
40.949999999999996,41.090494863486335,,,,PENDING_AT_END
41.3,41.67404929121038,,,,PENDING_AT_END
41.65,41.855882358592545,,,,PENDING_AT_END
42.0,42.05415369601022,,,,PENDING_AT_END
42.349999999999994,42.47933018669988,,,,PENDING_AT_END
42.699999999999996,43.01851503751646,,,,PENDING_AT_END
43.05,43.387298510168876,,,,PENDING_AT_END
43.4,43.78428564252693,,,,PENDING_AT_END
43.75,43.77447344740136,,,,PENDING_AT_END
44.099999999999994,44.46939391289824,,,,PENDING_AT_END
44.449999999999996,44.802347528217474,,,,PENDING_AT_END
44.8,45.03822007987986,,,,PENDING_AT_END
45.15,45.391618296964275,,,,PENDING_AT_END
45.5,45.7920280589958,,,,PENDING_AT_END
45.849999999999994,46.05173669640671,,,,PENDING_AT_END
46.199999999999996,46.29915513676986,,,,PENDING_AT_END
46.55,46.82049297589738,,,,PENDING_AT_END
46.9,47.249032848732476,,,,PENDING_AT_END
47.25,47.51722540420474,,,,PENDING_AT_END
47.599999999999994,47.68197369611778,,,,PENDING_AT_END
47.949999999999996,48.25317874372548,,,,PENDING_AT_END
48.3,48.63821166458503,,,,PENDING_AT_END
48.65,48.71830698508334,,,,PENDING_AT_END
49.0,49.26211321048444,,,,PENDING_AT_END
49.349999999999994,49.46499847401698,,,,PENDING_AT_END
49.699999999999996,50.06816411574281,,,,PENDING_AT_END
50.05,50.385289996431126,,,,PENDING_AT_END
50.4,50.69561908621967,,,,PENDING_AT_END
50.75,50.96184892501063,,,,PENDING_AT_END
51.099999999999994,51.209862494730245,,,,PENDING_AT_END
51.449999999999996,51.77700144671298,,,,PENDING_AT_END
51.8,51.82594299139974,,,,PENDING_AT_END
52.15,52.43342207518126,,,,PENDING_AT_END
52.5,52.73434305399563,,,,PENDING_AT_END
52.849999999999994,53.17197669862152,,,,PENDING_AT_END
53.199999999999996,53.34197376122531,,,,PENDING_AT_END
53.55,53.84769250543948,,,,PENDING_AT_END
53.9,54.28412818894896,,,,PENDING_AT_END
54.25,54.33092547863505,,,,PENDING_AT_END
54.599999999999994,54.673960698770344,,,,PENDING_AT_END
54.949999999999996,55.078774928591436,,,,PENDING_AT_END
55.3,55.406538697184956,,,,PENDING_AT_END
55.65,55.94537416900577,,,,PENDING_AT_END
56.0,56.08423926618458,,,,PENDING_AT_END
56.349999999999994,56.72988483250241,,,,PENDING_AT_END
56.699999999999996,56.86685151886498,,,,PENDING_AT_END
57.05,57.172706189838365,,,,PENDING_AT_END
57.4,57.744141468648856,,,,PENDING_AT_END
57.74999999999999,57.83521810851892,,,,PENDING_AT_END
58.099999999999994,58.1689496086893,,,,PENDING_AT_END
58.449999999999996,58.76812167017744,,,,PENDING_AT_END
58.8,59.1412804161686,,,,PENDING_AT_END
59.15,59.545368456004276,,,,PENDING_AT_END
59.49999999999999,59.57137644918861,,,,PENDING_AT_END
59.849999999999994,59.92411698339667,,,,PENDING_AT_END
60.199999999999996,60.26837875073995,,,,PENDING_AT_END
60.55,60.57620678275427,,,,PENDING_AT_END
60.9,60.952943006896284,,,,PENDING_AT_END
61.24999999999999,61.45249499461138,,,,PENDING_AT_END
61.599999999999994,61.8703680201034,,,,PENDING_AT_END
61.949999999999996,62.327810255941024,,,,PENDING_AT_END
62.3,62.66728759107551,,,,PENDING_AT_END
62.65,62.89515765486582,,,,PENDING_AT_END
62.99999999999999,63.27485715624967,,,,PENDING_AT_END
63.349999999999994,63.361355164883975,,,,PENDING_AT_END
63.699999999999996,63.788714470468015,,,,PENDING_AT_END
64.05,64.24459242598373,,,,PENDING_AT_END
64.39999999999999,64.57999165529235,,,,PENDING_AT_END
64.75,64.84864773503918,,,,PENDING_AT_END
65.1,65.20597395064544,,,,PENDING_AT_END
65.45,65.78803583183189,,,,PENDING_AT_END
65.8,65.86956676155911,,,,PENDING_AT_END
66.14999999999999,66.42662181470074,,,,PENDING_AT_END
66.5,66.59211697179373,,,,PENDING_AT_END
66.85,66.96021728139812,,,,PENDING_AT_END
67.19999999999999,67.5840999530055,,,,PENDING_AT_END
67.55,67.70924606974411,,,,PENDING_AT_END
67.89999999999999,68.27645370851532,,,,PENDING_AT_END
68.25,68.49613049558138,,,,PENDING_AT_END
68.6,68.89763216515473,,,,PENDING_AT_END
68.94999999999999,69.14485934670407,,,,PENDING_AT_END
69.3,69.37649558456668,,,,PENDING_AT_END
69.64999999999999,69.93882529818187,,,,PENDING_AT_END
70.0,70.17962556716535,,,,PENDING_AT_END
70.35,70.4666895675388,,,,PENDING_AT_END
70.69999999999999,71.00027261127596,,,,PENDING_AT_END
71.05,71.25776427979964,,,,PENDING_AT_END
71.39999999999999,71.54530734420523,,,,PENDING_AT_END
71.75,71.91621227623915,,,,PENDING_AT_END
72.1,72.27149058583299,,,,PENDING_AT_END
72.44999999999999,72.77899205500398,,,,PENDING_AT_END
72.8,73.12254637934198,,,,PENDING_AT_END
73.14999999999999,73.49870095920117,,,,PENDING_AT_END
73.5,73.72397923817107,,,,PENDING_AT_END
73.85,74.1788411082423,,,,PENDING_AT_END
74.19999999999999,74.33222671406455,,,,PENDING_AT_END
74.55,74.63562481159566,,,,PENDING_AT_END
74.89999999999999,74.95890893171985,,,,PENDING_AT_END
75.25,75.39280371634152,,,,PENDING_AT_END
75.6,75.91273719336561,,,,PENDING_AT_END
75.94999999999999,76.22419304385792,,,,PENDING_AT_END
76.3,76.4946423975817,,,,PENDING_AT_END
76.64999999999999,77.01093044997394,,,,PENDING_AT_END
77.0,77.38423092030791,,,,PENDING_AT_END
77.35,77.35365244290841,,,,PENDING_AT_END
77.69999999999999,78.08759524223717,,,,PENDING_AT_END
78.05,78.27700676835288,,,,PENDING_AT_END
78.39999999999999,78.77384354004984,,,,PENDING_AT_END
78.75,79.10608786421801,,,,PENDING_AT_END
79.1,79.40984796742097,,,,PENDING_AT_END
79.44999999999999,79.83606989217458,,,,PENDING_AT_END
79.8,80.19756526041483,,,,PENDING_AT_END
80.14999999999999,80.22920741694723,,,,PENDING_AT_END
80.5,80.82535023450336,,,,PENDING_AT_END
80.85,80.97104048610188,,,,PENDING_AT_END
81.19999999999999,81.26624039292119,,,,PENDING_AT_END
81.55,81.58849233304893,,,,PENDING_AT_END
81.89999999999999,81.98912902153766,,,,PENDING_AT_END
82.25,82.4537875223582,,,,PENDING_AT_END
82.6,82.92420848100534,,,,PENDING_AT_END
82.94999999999999,82.98114185203147,,,,PENDING_AT_END
83.3,83.53193061133398,,,,PENDING_AT_END
83.64999999999999,83.71127721237612,,,,PENDING_AT_END
84.0,84.2107436165096,,,,PENDING_AT_END
84.35,84.36185082244069,,,,PENDING_AT_END
84.69999999999999,84.97654385097661,,,,PENDING_AT_END
85.05,85.25045471608966,,,,PENDING_AT_END
85.39999999999999,85.71733610526532,,,,PENDING_AT_END
85.75,86.04226233167165,,,,PENDING_AT_END
86.1,86.24412278083238,,,,PENDING_AT_END
86.44999999999999,86.46593114022824,,,,PENDING_AT_END
86.8,87.14982899754018,,,,PENDING_AT_END
87.14999999999999,87.3429949173025,,,,PENDING_AT_END
87.5,87.78064474184379,,,,PENDING_AT_END
87.85,88.10594264151908,,,,PENDING_AT_END
88.19999999999999,88.35192336757808,,,,PENDING_AT_END
88.55,88.66582956504713,,,,PENDING_AT_END
88.89999999999999,88.9218987613413,,,,PENDING_AT_END
89.25,89.35170331406991,,,,PENDING_AT_END
89.6,89.61637754113613,,,,PENDING_AT_END
89.94999999999999,90.0493459418991,,,,PENDING_AT_END
90.3,90.48155652629818,,,,PENDING_AT_END
90.64999999999999,90.76804912524138,,,,PENDING_AT_END
91.0,91.14052585153158,,,,PENDING_AT_END
91.35,91.56121840332818,,,,PENDING_AT_END
91.69999999999999,91.94648302134641,,,,PENDING_AT_END
92.05,92.11878644137234,,,,PENDING_AT_END
92.39999999999999,92.41117614622387,,,,PENDING_AT_END
92.75,92.79507026045178,,,,PENDING_AT_END
93.1,93.41684042856707,,,,PENDING_AT_END
93.44999999999999,93.7807307621637,,,,PENDING_AT_END
93.8,93.94863377149794,,,,PENDING_AT_END
94.14999999999999,94.23883388384876,,,,PENDING_AT_END
94.5,94.61760241107515,,,,PENDING_AT_END
94.85,95.03054402861582,,,,PENDING_AT_END
95.19999999999999,95.28236002443205,,,,PENDING_AT_END
95.55,95.58378337299034,,,,PENDING_AT_END
95.89999999999999,96.03021775464153,,,,PENDING_AT_END
96.25,96.45248851862362,,,,PENDING_AT_END
96.6,96.74674432871439,,,,PENDING_AT_END
96.94999999999999,97.11974608393842,,,,PENDING_AT_END
97.3,97.46992551450019,,,,PENDING_AT_END
97.64999999999999,97.96919972142551,,,,PENDING_AT_END
98.0,98.33902036834806,,,,PENDING_AT_END
98.35,98.73154764497667,,,,PENDING_AT_END
98.69999999999999,98.99054268445315,,,,PENDING_AT_END
99.05,99.10865687246441,,,,PENDING_AT_END
99.39999999999999,99.6868019490801,,,,PENDING_AT_END
99.75,99.925922795431,,,,PENDING_AT_END
100.1,100.3129218444976,,,,PENDING_AT_END
100.44999999999999,100.64820641233439,,,,PENDING_AT_END
100.8,100.81298599662937,,,,PENDING_AT_END
101.14999999999999,101.4575537049971,,,,PENDING_AT_END
101.5,101.84039205544488,,,,PENDING_AT_END
101.85,102.03186423418316,,,,PENDING_AT_END
102.19999999999999,102.22323853901332,,,,PENDING_AT_END
102.55,102.7465573132145,,,,PENDING_AT_END
102.89999999999999,102.99166770811466,,,,PENDING_AT_END
103.25,103.54778193716876,,,,PENDING_AT_END
103.6,103.69295132771674,,,,PENDING_AT_END
103.94999999999999,104.12145156774736,,,,PENDING_AT_END
104.3,104.47148046838048,,,,PENDING_AT_END
104.64999999999999,104.94814222665052,,,,PENDING_AT_END
105.0,105.1825531371241,,,,PENDING_AT_END
105.35,105.70726540275535,,,,PENDING_AT_END
105.69999999999999,105.89786242072427,,,,PENDING_AT_END
106.05,106.2583474586934,,,,PENDING_AT_END
106.39999999999999,106.71676272594227,,,,PENDING_AT_END
106.75,106.86734604773307,,,,PENDING_AT_END
107.1,107.4921099277841,,,,PENDING_AT_END
107.44999999999999,107.7080768707898,,,,PENDING_AT_END
107.8,108.14875267060147,,,,PENDING_AT_END
108.14999999999999,108.15929790721817,,,,PENDING_AT_END
108.5,108.78942689228654,,,,PENDING_AT_END
108.85,109.18781235265612,,,,PENDING_AT_END
109.19999999999999,109.50975515255297,,,,PENDING_AT_END
109.55,109.77200756187379,,,,PENDING_AT_END
109.89999999999999,109.9339603072515,,,,PENDING_AT_END
110.25,110.57140076106384,,,,PENDING_AT_END
110.6,110.81042969893863,,,,PENDING_AT_END
110.94999999999999,111.03362699820144,,,,PENDING_AT_END
111.3,111.52852543391127,,,,PENDING_AT_END
111.64999999999999,111.8263506164045,,,,PENDING_AT_END
112.0,112.2097016507326,,,,PENDING_AT_END
112.35,112.41995158008899,,,,PENDING_AT_END
112.69999999999999,112.7134901559503,,,,PENDING_AT_END
113.05,113.07413053271013,,,,PENDING_AT_END
113.39999999999999,113.65115049103402,,,,PENDING_AT_END
113.74999999999999,113.84280728534601,,,,PENDING_AT_END
114.1,114.4408411895086,,,,PENDING_AT_END
114.44999999999999,114.80245112588412,,,,PENDING_AT_END
114.8,114.99525387752259,,,,PENDING_AT_END
115.14999999999999,115.44070836266177,,,,PENDING_AT_END
115.49999999999999,115.86838186769172,,,,PENDING_AT_END
115.85,115.8621761249756,,,,PENDING_AT_END
116.19999999999999,116.20668707830788,,,,PENDING_AT_END
116.55,116.70649278452295,,,,PENDING_AT_END
116.89999999999999,116.98980841501758,,,,PENDING_AT_END
117.24999999999999,117.50382222537787,,,,PENDING_AT_END
117.6,117.60276111996606,,,,PENDING_AT_END
117.94999999999999,118.21935648218937,,,,PENDING_AT_END
118.3,118.33434176217624,,,,PENDING_AT_END
118.64999999999999,118.84295187012937,,,,PENDING_AT_END
118.99999999999999,119.22401806128103,,,,PENDING_AT_END
119.35,119.54628819794686,,,,PENDING_AT_END
119.69999999999999,120.01360764377364,,,,PENDING_AT_END
120.05,120.30288265580951,,,,PENDING_AT_END
120.39999999999999,120.60748703798897,,,,PENDING_AT_END
120.74999999999999,120.9796237905256,,,,PENDING_AT_END
121.1,121.46603156577825,,,,PENDING_AT_END
121.44999999999999,121.81994653350691,,,,PENDING_AT_END
121.8,122.10180492886842,,,,PENDING_AT_END
122.14999999999999,122.5149644972556,,,,PENDING_AT_END
122.49999999999999,122.54552204398728,,,,PENDING_AT_END
122.85,122.91048230908766,,,,PENDING_AT_END
123.19999999999999,123.54681726075165,,,,PENDING_AT_END
123.55,123.89083634092874,,,,PENDING_AT_END
123.89999999999999,123.93708297139686,,,,PENDING_AT_END
124.24999999999999,124.33894625980854,,,,PENDING_AT_END
124.6,124.61958524155486,,,,PENDING_AT_END
124.94999999999999,125.17694295316915,,,,PENDING_AT_END
125.3,125.6549481414245,,,,PENDING_AT_END
125.64999999999999,125.69660843199618,,,,PENDING_AT_END
125.99999999999999,126.32471369052023,,,,PENDING_AT_END
126.35,126.45500512517643,,,,PENDING_AT_END
126.69999999999999,126.94797506293565,,,,PENDING_AT_END
127.05,127.34047565131048,,,,PENDING_AT_END
127.39999999999999,127.44786058218814,,,,PENDING_AT_END
127.74999999999999,127.89505126913802,,,,PENDING_AT_END
128.1,128.35089910113655,,,,PENDING_AT_END
128.45,128.70489249320724,,,,PENDING_AT_END
128.79999999999998,129.14300071455622,,,,PENDING_AT_END
129.15,129.20034744116575,,,,PENDING_AT_END
129.5,129.8235382857614,,,,PENDING_AT_END
129.85,129.9507082387257,,,,PENDING_AT_END
130.2,130.58127773484438,,,,PENDING_AT_END
130.54999999999998,130.83866637284544,,,,PENDING_AT_END
130.9,131.23780158995382,,,,PENDING_AT_END
131.25,131.53788114935912,,,,PENDING_AT_END
131.6,131.7043354990495,,,,PENDING_AT_END
131.95,132.00218509793848,,,,PENDING_AT_END
132.29999999999998,132.50571572189617,,,,PENDING_AT_END
132.65,132.76010493005182,,,,PENDING_AT_END
133.0,133.07276003281896,,,,PENDING_AT_END
133.35,133.52924592544807,,,,PENDING_AT_END
133.7,134.09574092605868,,,,PENDING_AT_END
134.04999999999998,134.06996823533328,,,,PENDING_AT_END
134.39999999999998,134.52518826428445,,,,PENDING_AT_END
134.75,135.0193323961634,,,,PENDING_AT_END
135.1,135.34943414570827,,,,PENDING_AT_END
135.45,135.48066329251395,,,,PENDING_AT_END
135.79999999999998,135.91081804300862,,,,PENDING_AT_END
136.14999999999998,136.20590095560385,,,,PENDING_AT_END
136.5,136.59038399882292,,,,PENDING_AT_END
136.85,137.21604179721615,,,,PENDING_AT_END
137.2,137.24131390862658,,,,PENDING_AT_END
137.54999999999998,137.91090545589716,,,,PENDING_AT_END
137.89999999999998,138.24500422244512,,,,PENDING_AT_END
138.25,138.4201004960533,,,,PENDING_AT_END
138.6,138.91350460423868,,,,PENDING_AT_END
138.95,139.07991615866104,,,,PENDING_AT_END
139.29999999999998,139.44846032334974,,,,PENDING_AT_END
139.64999999999998,139.81847268242421,,,,PENDING_AT_END
140.0,140.28916584523682,,,,PENDING_AT_END
140.35,140.58037215522907,,,,PENDING_AT_END
140.7,140.77312424801346,,,,PENDING_AT_END
141.04999999999998,141.0901488237814,,,,PENDING_AT_END
141.39999999999998,141.5272094872346,,,,PENDING_AT_END
141.75,142.06446805346968,,,,PENDING_AT_END
142.1,142.4399824131805,,,,PENDING_AT_END
142.45,142.4658214113133,,,,PENDING_AT_END
142.79999999999998,143.1867251947684,,,,PENDING_AT_END
143.14999999999998,143.40743303649896,,,,PENDING_AT_END
143.5,143.68419809918777,,,,PENDING_AT_END
143.85,143.9685038977611,,,,PENDING_AT_END
144.2,144.54823430632024,,,,PENDING_AT_END
144.54999999999998,144.58297213896262,,,,PENDING_AT_END
144.89999999999998,144.92413264894242,,,,PENDING_AT_END
145.25,145.36787974303752,,,,PENDING_AT_END
145.6,145.89138180535448,,,,PENDING_AT_END
145.95,145.95331094445766,,,,PENDING_AT_END
146.29999999999998,146.41843873404284,,,,PENDING_AT_END
146.64999999999998,146.85573637572827,,,,PENDING_AT_END
147.0,147.26721935084498,,,,PENDING_AT_END
147.35,147.38012736673116,,,,PENDING_AT_END
147.7,147.9367690429293,,,,PENDING_AT_END
148.04999999999998,148.15502585553966,,,,PENDING_AT_END
148.39999999999998,148.45448628166696,,,,PENDING_AT_END
148.75,149.10726113174968,,,,PENDING_AT_END
149.1,149.20769369822298,,,,PENDING_AT_END
149.45,149.5064769263825,,,,PENDING_AT_END
149.79999999999998,150.15586516698855,,,,PENDING_AT_END
150.14999999999998,150.53741000984024,,,,PENDING_AT_END
150.5,150.70430286262615,,,,PENDING_AT_END
150.85,151.1275701947882,,,,PENDING_AT_END
151.2,151.4403236660679,,,,PENDING_AT_END
151.54999999999998,151.5932108535737,,,,PENDING_AT_END
151.89999999999998,152.19888094928848,,,,PENDING_AT_END
152.25,152.28120468949612,,,,PENDING_AT_END
152.6,152.83230934032267,,,,PENDING_AT_END
152.95,153.1837121016594,,,,PENDING_AT_END
153.29999999999998,153.5096182480979,,,,PENDING_AT_END
153.64999999999998,153.85112054466595,,,,PENDING_AT_END
154.0,154.10947481390303,,,,PENDING_AT_END
154.35,154.68631406385944,,,,PENDING_AT_END
154.7,155.0144751930551,,,,PENDING_AT_END
155.04999999999998,155.21312614340084,,,,PENDING_AT_END
155.39999999999998,155.55928138564997,,,,PENDING_AT_END
155.75,155.9206947680604,,,,PENDING_AT_END
156.1,156.45348732371022,,,,PENDING_AT_END
156.45,156.6027433519762,,,,PENDING_AT_END
156.79999999999998,157.11574605466993,,,,PENDING_AT_END
157.14999999999998,157.3691189061014,,,,PENDING_AT_END
157.5,157.59387095246262,,,,PENDING_AT_END
157.85,158.10383851319475,,,,PENDING_AT_END
158.2,158.21704871941887,,,,PENDING_AT_END
158.54999999999998,158.61043082797514,,,,PENDING_AT_END
158.89999999999998,159.12135511483348,,,,PENDING_AT_END
159.25,159.59925800755656,,,,PENDING_AT_END
159.6,159.69621530914802,,,,PENDING_AT_END
159.95,160.11983026329523,,,,PENDING_AT_END
160.29999999999998,160.67227669754098,,,,PENDING_AT_END
160.64999999999998,160.65365802272453,,,,PENDING_AT_END
161.0,161.05173761024878,,,,PENDING_AT_END
161.35,161.52829962990583,,,,PENDING_AT_END
161.7,161.89837791259197,,,,PENDING_AT_END
162.04999999999998,162.30265223318796,,,,PENDING_AT_END
162.39999999999998,162.73901795015666,,,,PENDING_AT_END
162.75,162.81583635832993,,,,PENDING_AT_END
163.1,163.27804855491544,,,,PENDING_AT_END
163.45,163.5894222176301,,,,PENDING_AT_END
163.79999999999998,163.88326667190742,,,,PENDING_AT_END
164.14999999999998,164.1893408396076,,,,PENDING_AT_END
164.5,164.6426139540746,,,,PENDING_AT_END
164.85,164.92325804216395,,,,PENDING_AT_END
165.2,165.492972114039,,,,PENDING_AT_END
165.54999999999998,165.58544317888496,,,,PENDING_AT_END
165.89999999999998,166.11487048876472,,,,PENDING_AT_END
166.25,166.46546363559656,,,,PENDING_AT_END
166.6,166.717534183099,,,,PENDING_AT_END
166.95,167.32581808226303,,,,PENDING_AT_END
167.29999999999998,167.38295028261788,,,,PENDING_AT_END
167.64999999999998,167.67100109799935,,,,PENDING_AT_END
168.0,168.38063399963204,,,,PENDING_AT_END
168.35,168.72372981423243,,,,PENDING_AT_END
168.7,168.94568292042317,,,,PENDING_AT_END
169.04999999999998,169.25094997677226,,,,PENDING_AT_END
169.39999999999998,169.4709088099387,,,,PENDING_AT_END
169.75,169.75834260165936,,,,PENDING_AT_END
170.1,170.11457395670797,,,,PENDING_AT_END
170.45,170.5129397899039,,,,PENDING_AT_END
170.79999999999998,170.83745783225132,,,,PENDING_AT_END
171.14999999999998,171.47060007520628,,,,PENDING_AT_END
171.5,171.57848840859828,,,,PENDING_AT_END
171.85,172.229364455813,,,,PENDING_AT_END
172.2,172.5797808481575,,,,PENDING_AT_END
172.54999999999998,172.72845833995055,,,,PENDING_AT_END
172.89999999999998,172.92397735323527,,,,PENDING_AT_END
173.25,173.5221803042033,,,,PENDING_AT_END
173.6,173.75869577314958,,,,PENDING_AT_END
173.95,174.30890896869914,,,,PENDING_AT_END
174.29999999999998,174.53025439156923,,,,PENDING_AT_END
174.64999999999998,174.97000599328072,,,,PENDING_AT_END
175.0,175.23300043415827,,,,PENDING_AT_END
175.35,175.57996397532705,,,,PENDING_AT_END
175.7,175.9911668752918,,,,PENDING_AT_END
176.04999999999998,176.36537294945438,,,,PENDING_AT_END
176.39999999999998,176.55820584161881,,,,PENDING_AT_END
176.75,177.05857094923488,,,,PENDING_AT_END
177.1,177.4990799029467,,,,PENDING_AT_END
177.45,177.71147993853543,,,,PENDING_AT_END
177.79999999999998,177.88087190778023,,,,PENDING_AT_END
178.14999999999998,178.24984959862826,,,,PENDING_AT_END
178.5,178.5224019438436,,,,PENDING_AT_END
178.85,179.06767617993458,,,,PENDING_AT_END
179.2,179.38387855556988,,,,PENDING_AT_END
179.54999999999998,179.91384114875072,,,,PENDING_AT_END
179.89999999999998,180.204880700243,,,,PENDING_AT_END
180.25,180.28057758801776,,,,PENDING_AT_END
180.6,180.86121983865726,,,,PENDING_AT_END
180.95,181.15326876355874,,,,PENDING_AT_END
181.29999999999998,181.4874851678217,,,,PENDING_AT_END
181.64999999999998,181.9812480791801,,,,PENDING_AT_END
182.0,182.37804476942705,,,,PENDING_AT_END
182.35,182.65944567848234,,,,PENDING_AT_END
182.7,183.06831448803086,,,,PENDING_AT_END
183.04999999999998,183.4264295415309,,,,PENDING_AT_END
183.39999999999998,183.72006092361147,,,,PENDING_AT_END
183.75,183.84892085598335,,,,PENDING_AT_END
184.1,184.1196023700647,,,,PENDING_AT_END
184.45,184.51024031228349,,,,PENDING_AT_END
184.79999999999998,185.13937673146287,,,,PENDING_AT_END
185.14999999999998,185.33710402269844,,,,PENDING_AT_END
185.5,185.67165065854095,,,,PENDING_AT_END
185.85,185.88483215499738,,,,PENDING_AT_END
186.2,186.31320216866277,,,,PENDING_AT_END
186.54999999999998,186.6524075595693,,,,PENDING_AT_END
186.89999999999998,187.0245721180773,,,,PENDING_AT_END
187.25,187.5020239541716,,,,PENDING_AT_END
187.6,187.91833788946164,,,,PENDING_AT_END
187.95,188.22881892243657,,,,PENDING_AT_END
188.29999999999998,188.4440344095884,,,,PENDING_AT_END
188.64999999999998,188.92447854390326,,,,PENDING_AT_END
189.0,189.15999009906926,,,,PENDING_AT_END
189.35,189.3984936770856,,,,PENDING_AT_END
189.7,189.88918083016648,,,,PENDING_AT_END
190.04999999999998,190.1952716937133,,,,PENDING_AT_END
190.39999999999998,190.7226464147338,,,,PENDING_AT_END
190.75,191.00038792095359,,,,PENDING_AT_END
191.1,191.39240321641958,,,,PENDING_AT_END
191.45,191.79319756703165,,,,PENDING_AT_END
191.79999999999998,192.19092479348498,,,,PENDING_AT_END
192.14999999999998,192.4807174288291,,,,PENDING_AT_END
192.5,192.66117811165066,,,,PENDING_AT_END
192.85,193.05141813949004,,,,PENDING_AT_END
193.2,193.26594818980794,,,,PENDING_AT_END
193.54999999999998,193.83320691995598,,,,PENDING_AT_END
193.89999999999998,194.2899319006729,,,,PENDING_AT_END
194.25,194.26338065580944,,,,PENDING_AT_END
194.6,194.93267464453723,,,,PENDING_AT_END
194.95,195.3008642409614,,,,PENDING_AT_END
195.29999999999998,195.4678327232114,,,,PENDING_AT_END
195.64999999999998,195.92728785568318,,,,PENDING_AT_END
196.0,196.07846926420888,,,,PENDING_AT_END
196.35,196.49576150294124,,,,PENDING_AT_END
196.7,196.72132318048483,,,,PENDING_AT_END
197.04999999999998,197.38461528494233,,,,PENDING_AT_END
197.39999999999998,197.4058599488946,,,,PENDING_AT_END
197.75,198.03834592017012,,,,PENDING_AT_END
198.1,198.2735781350747,,,,PENDING_AT_END
198.45,198.83645497978483,,,,PENDING_AT_END
198.79999999999998,198.9802801327737,,,,PENDING_AT_END
199.14999999999998,199.42187169190925,,,,PENDING_AT_END
199.5,199.70506017051287,,,,PENDING_AT_END
199.85,199.96718277677573,,,,PENDING_AT_END
200.2,200.2563167669927,,,,PENDING_AT_END
200.54999999999998,200.61747579952575,,,,PENDING_AT_END
200.89999999999998,201.21747708672063,,,,PENDING_AT_END
201.25,201.39010797425868,,,,PENDING_AT_END
201.6,201.68883943335604,,,,PENDING_AT_END
201.95,202.15367867169272,,,,PENDING_AT_END
202.29999999999998,202.468970175921,,,,PENDING_AT_END
202.64999999999998,202.94087142224447,,,,PENDING_AT_END
203.0,203.25496944322583,,,,PENDING_AT_END
203.35,203.57024302805465,,,,PENDING_AT_END
203.7,204.0649825393926,,,,PENDING_AT_END
204.04999999999998,204.09232623742471,,,,PENDING_AT_END
204.39999999999998,204.59351538524675,,,,PENDING_AT_END
204.75,204.77186523838805,,,,PENDING_AT_END
205.1,205.14625017532782,,,,PENDING_AT_END
205.45,205.60967891952936,,,,PENDING_AT_END
205.79999999999998,205.9836155229746,,,,PENDING_AT_END
206.14999999999998,206.4688763099752,,,,PENDING_AT_END
206.5,206.76257793521427,,,,PENDING_AT_END
206.85,206.99162819115483,,,,PENDING_AT_END
207.2,207.55696759578768,,,,PENDING_AT_END
207.54999999999998,207.62781636469626,,,,PENDING_AT_END
207.89999999999998,208.0041794328863,,,,PENDING_AT_END
208.25,208.56371754688473,,,,PENDING_AT_END
208.6,208.73045233170748,,,,PENDING_AT_END
208.95,209.03501458948364,,,,PENDING_AT_END
209.29999999999998,209.65633390470876,,,,PENDING_AT_END
209.64999999999998,210.032373503823,,,,PENDING_AT_END
210.0,210.08050006879796,,,,PENDING_AT_END
210.35,210.43667471617945,,,,PENDING_AT_END
210.7,211.08634815264764,,,,PENDING_AT_END
211.04999999999998,211.086007202162,,,,PENDING_AT_END
211.39999999999998,211.64637482682127,,,,PENDING_AT_END
211.75,211.79624870609968,,,,PENDING_AT_END
212.1,212.3385251071135,,,,PENDING_AT_END
212.45,212.8056322895224,,,,PENDING_AT_END
212.79999999999998,213.03979704243167,,,,PENDING_AT_END
213.14999999999998,213.40120989111426,,,,PENDING_AT_END
213.5,213.81555312349565,,,,PENDING_AT_END
213.85,214.06626665991476,,,,PENDING_AT_END
214.2,214.25430483327403,,,,PENDING_AT_END
214.54999999999998,214.93640384044593,,,,PENDING_AT_END
214.89999999999998,215.04768394848884,,,,PENDING_AT_END
215.25,215.57216253896854,,,,PENDING_AT_END
215.6,215.92251532204332,,,,PENDING_AT_END
215.95,216.21984540131376,,,,PENDING_AT_END
216.29999999999998,216.31638733579652,,,,PENDING_AT_END
216.64999999999998,216.95902381454067,,,,PENDING_AT_END
217.0,217.16440077798023,,,,PENDING_AT_END
217.35,217.5413558008676,,,,PENDING_AT_END
217.7,217.87919016536824,,,,PENDING_AT_END
218.04999999999998,218.1440177325189,,,,PENDING_AT_END
218.39999999999998,218.7652792133278,,,,PENDING_AT_END
218.75,218.90849197201663,,,,PENDING_AT_END
219.1,219.30060608792277,,,,PENDING_AT_END
219.45,219.49439888811327,,,,PENDING_AT_END
219.79999999999998,219.9333881201915,,,,PENDING_AT_END
220.14999999999998,220.3151821294249,,,,PENDING_AT_END
220.5,220.8478286611916,,,,PENDING_AT_END
220.85,221.1185244266443,,,,PENDING_AT_END
221.2,221.20092636978507,,,,PENDING_AT_END
221.54999999999998,221.57041303299715,,,,PENDING_AT_END
221.89999999999998,222.14780758523113,,,,PENDING_AT_END
222.25,222.57852856158257,,,,PENDING_AT_END
222.6,222.64548506938073,,,,PENDING_AT_END
222.95,223.0070884289255,,,,PENDING_AT_END
223.29999999999998,223.32325399598423,,,,PENDING_AT_END
223.64999999999998,224.00637940845525,,,,PENDING_AT_END
224.0,224.19926506096414,,,,PENDING_AT_END
224.35,224.62546693844834,,,,PENDING_AT_END
224.7,225.06318086444998,,,,PENDING_AT_END
225.04999999999998,225.26037394802634,,,,PENDING_AT_END
225.39999999999998,225.68588920398855,,,,PENDING_AT_END
225.74999999999997,225.77144448752696,,,,PENDING_AT_END
226.1,226.4592668721908,,,,PENDING_AT_END
226.45,226.6783382566406,,,,PENDING_AT_END
226.79999999999998,227.03191131305724,,,,PENDING_AT_END
227.14999999999998,227.4321983135688,,,,PENDING_AT_END
227.49999999999997,227.590960639121,,,,PENDING_AT_END
227.85,228.15241603203762,,,,PENDING_AT_END
228.2,228.32178276519107,,,,PENDING_AT_END
228.54999999999998,228.74072886429016,,,,PENDING_AT_END
228.89999999999998,228.90848161388618,,,,PENDING_AT_END
229.24999999999997,229.26900482651635,,,,PENDING_AT_END
229.6,229.61724064312196,,,,PENDING_AT_END
229.95,230.16389114739343,,,,PENDING_AT_END
230.29999999999998,230.4751374933813,,,,PENDING_AT_END
230.64999999999998,230.83283300121883,,,,PENDING_AT_END
230.99999999999997,231.08120018440465,,,,PENDING_AT_END
231.35,231.48183917228428,,,,PENDING_AT_END
231.7,231.9841563423443,,,,PENDING_AT_END
232.04999999999998,232.109957875282,,,,PENDING_AT_END
232.39999999999998,232.5329701521868,,,,PENDING_AT_END
232.74999999999997,232.81407069936515,,,,PENDING_AT_END
233.1,233.3637482172392,,,,PENDING_AT_END
233.45,233.4793616649028,,,,PENDING_AT_END
233.79999999999998,234.10127178063945,,,,PENDING_AT_END
234.14999999999998,234.31147417798263,,,,PENDING_AT_END
234.49999999999997,234.5577613780732,,,,PENDING_AT_END
234.85,234.95431768815317,,,,PENDING_AT_END
235.2,235.5185577275069,,,,PENDING_AT_END
235.54999999999998,235.6635331368361,,,,PENDING_AT_END
235.89999999999998,236.15158175181978,,,,PENDING_AT_END
236.24999999999997,236.40375583877417,,,,PENDING_AT_END
236.6,236.6395072373663,,,,PENDING_AT_END
236.95,237.2064093088046,,,,PENDING_AT_END
237.29999999999998,237.39994575232916,,,,PENDING_AT_END
237.64999999999998,238.02359451787777,,,,PENDING_AT_END
237.99999999999997,238.01486547014056,,,,PENDING_AT_END
238.35,238.49236909662628,,,,PENDING_AT_END
238.7,238.71094525210708,,,,PENDING_AT_END
239.04999999999998,239.15135729974222,,,,PENDING_AT_END
239.39999999999998,239.51826833781587,,,,PENDING_AT_END
239.74999999999997,239.7626622212289,,,,PENDING_AT_END
240.1,240.28068258001994,,,,PENDING_AT_END
240.45,240.759879066832,,,,PENDING_AT_END
240.79999999999998,241.04761542933088,,,,PENDING_AT_END
241.14999999999998,241.46249531115598,,,,PENDING_AT_END
241.49999999999997,241.844250989149,,,,PENDING_AT_END
241.85,242.0726618404174,,,,PENDING_AT_END
242.2,242.32612487155905,,,,PENDING_AT_END
242.54999999999998,242.64760301275012,,,,PENDING_AT_END
242.89999999999998,243.17259007008084,,,,PENDING_AT_END
243.24999999999997,243.28710688541142,,,,PENDING_AT_END
243.6,243.62915483704361,,,,PENDING_AT_END
243.95,244.21529576287026,,,,PENDING_AT_END
244.29999999999998,244.60294832893547,,,,PENDING_AT_END
244.64999999999998,244.84059754994502,,,,PENDING_AT_END
244.99999999999997,245.29813753421516,,,,PENDING_AT_END
245.35,245.3662642650182,,,,PENDING_AT_END
245.7,245.93472656628813,,,,PENDING_AT_END
246.04999999999998,246.1507876518124,,,,PENDING_AT_END
246.39999999999998,246.6956203268715,,,,PENDING_AT_END
246.74999999999997,246.9839417440314,,,,PENDING_AT_END
247.1,247.2489391002931,,,,PENDING_AT_END
247.45,247.52703013097113,,,,PENDING_AT_END
247.79999999999998,247.96937471244368,,,,PENDING_AT_END
248.14999999999998,248.39250705056105,,,,PENDING_AT_END
248.49999999999997,248.5950726718212,,,,PENDING_AT_END
248.85,249.1121003368328,,,,PENDING_AT_END
249.2,249.37984300670223,,,,PENDING_AT_END
249.54999999999998,249.63823725769444,,,,PENDING_AT_END
249.89999999999998,249.9991055149573,,,,PENDING_AT_END
250.24999999999997,250.46518762205133,,,,PENDING_AT_END
250.6,250.8184272057862,,,,PENDING_AT_END
250.95,251.23103354947693,,,,PENDING_AT_END
251.29999999999998,251.30835994920315,,,,PENDING_AT_END
251.64999999999998,251.78194673770963,,,,PENDING_AT_END
251.99999999999997,252.30112158473392,,,,PENDING_AT_END
252.35,252.39572225167987,,,,PENDING_AT_END
252.7,252.79342273456035,,,,PENDING_AT_END
253.04999999999998,253.3558087518213,,,,PENDING_AT_END
253.39999999999998,253.43971461601615,,,,PENDING_AT_END
253.74999999999997,253.82506719670337,,,,PENDING_AT_END
254.1,254.30768740133695,,,,PENDING_AT_END
254.45,254.57171331416555,,,,PENDING_AT_END
254.79999999999998,254.87392274398988,,,,PENDING_AT_END
255.14999999999998,255.31193063572664,,,,PENDING_AT_END
255.49999999999997,255.52133859459346,,,,PENDING_AT_END
255.85,255.96138240986826,,,,PENDING_AT_END
256.2,256.255749701168,,,,PENDING_AT_END
256.55,256.6231812016345,,,,PENDING_AT_END
256.9,257.0563586028952,,,,PENDING_AT_END
257.25,257.3542320269129,,,,PENDING_AT_END
257.59999999999997,257.666537921366,,,,PENDING_AT_END
257.95,257.9786682565388,,,,PENDING_AT_END
258.3,258.669566157048,,,,PENDING_AT_END
258.65,258.96017566156445,,,,PENDING_AT_END
259.0,259.3826469312685,,,,PENDING_AT_END
259.34999999999997,259.41517405993824,,,,PENDING_AT_END
259.7,260.07886692149333,,,,PENDING_AT_END
260.05,260.2814085287801,,,,PENDING_AT_END
260.4,260.63493214368043,,,,PENDING_AT_END
260.75,260.7831753186017,,,,PENDING_AT_END
261.09999999999997,261.3558110818305,,,,PENDING_AT_END
261.45,261.8384175441236,,,,PENDING_AT_END
261.8,262.1671396117376,,,,PENDING_AT_END
262.15,262.43160236740573,,,,PENDING_AT_END
262.5,262.78065548557163,,,,PENDING_AT_END
262.84999999999997,262.922430686743,,,,PENDING_AT_END
263.2,263.5134930060746,,,,PENDING_AT_END
263.55,263.7272324920097,,,,PENDING_AT_END
263.9,263.97801479064356,,,,PENDING_AT_END
264.25,264.3312357421239,,,,PENDING_AT_END
264.59999999999997,264.90614795535254,,,,PENDING_AT_END
264.95,265.0373160702638,,,,PENDING_AT_END
265.3,265.38100985113084,,,,PENDING_AT_END
265.65,265.77770018918943,,,,PENDING_AT_END
266.0,266.2865447006384,,,,PENDING_AT_END
266.34999999999997,266.7285912256048,,,,PENDING_AT_END
266.7,267.060720956126,,,,PENDING_AT_END
267.05,267.2906972208107,,,,PENDING_AT_END
267.4,267.7660428477092,,,,PENDING_AT_END
267.75,267.99840084004177,,,,PENDING_AT_END
268.09999999999997,268.49454144666794,,,,PENDING_AT_END
268.45,268.4684387601705,,,,PENDING_AT_END
268.79999999999995,268.88022434647326,,,,PENDING_AT_END
269.15,269.1897631579833,,,,PENDING_AT_END
269.5,269.604136225724,,,,PENDING_AT_END
269.84999999999997,270.0911736755373,,,,PENDING_AT_END
270.2,270.4836560813788,,,,PENDING_AT_END
270.54999999999995,270.8477074234637,,,,PENDING_AT_END
270.9,271.15073283519587,,,,PENDING_AT_END
271.25,271.3584357638125,,,,PENDING_AT_END
271.59999999999997,271.71448013793923,,,,PENDING_AT_END
271.95,272.04611537868385,,,,PENDING_AT_END
272.29999999999995,272.5571908737836,,,,PENDING_AT_END
272.65,272.9166579559927,,,,PENDING_AT_END
273.0,273.11095554561086,,,,PENDING_AT_END
273.34999999999997,273.5763106440689,,,,PENDING_AT_END
273.7,273.7928041884191,,,,PENDING_AT_END
274.04999999999995,274.12887680691745,,,,PENDING_AT_END
274.4,274.539654336638,,,,PENDING_AT_END
274.75,275.0139937926443,,,,PENDING_AT_END
275.09999999999997,275.1967479135122,,,,PENDING_AT_END
275.45,275.71881175212314,,,,PENDING_AT_END
275.79999999999995,276.13249952803017,,,,PENDING_AT_END
276.15,276.4401388758588,,,,PENDING_AT_END
276.5,276.8890188111882,,,,PENDING_AT_END
276.84999999999997,276.9821137004538,,,,PENDING_AT_END
277.2,277.4526281093029,,,,PENDING_AT_END
277.54999999999995,277.67748130264056,,,,PENDING_AT_END
277.9,278.17493206925406,,,,PENDING_AT_END
278.25,278.4435991063639,,,,PENDING_AT_END
278.59999999999997,278.7969749522485,,,,PENDING_AT_END
278.95,279.29873985283683,,,,PENDING_AT_END
279.29999999999995,279.4328986422439,,,,PENDING_AT_END
279.65,279.7800565868838,,,,PENDING_AT_END
280.0,280.26141537495994,,,,PENDING_AT_END
280.34999999999997,280.4483786206711,,,,PENDING_AT_END
280.7,280.8688214254344,,,,PENDING_AT_END
281.04999999999995,281.1760897523362,,,,PENDING_AT_END
281.4,281.7127756283659,,,,PENDING_AT_END
281.75,282.1382020830723,,,,PENDING_AT_END
282.09999999999997,282.20996803126906,,,,PENDING_AT_END
282.45,282.524682172077,,,,PENDING_AT_END
282.79999999999995,283.1542150748493,,,,PENDING_AT_END
283.15,283.403925170392,,,,PENDING_AT_END
283.5,283.77815526765335,,,,PENDING_AT_END
283.84999999999997,284.11818701350586,,,,PENDING_AT_END
284.2,284.3355438469677,,,,PENDING_AT_END
284.54999999999995,284.6607238449077,,,,PENDING_AT_END
284.9,285.26490703987326,,,,PENDING_AT_END
285.25,285.383921713311,,,,PENDING_AT_END
285.59999999999997,285.6217202940822,,,,PENDING_AT_END
285.95,285.998590914919,,,,PENDING_AT_END
286.29999999999995,286.5707544460944,,,,PENDING_AT_END
286.65,286.99740816500446,,,,PENDING_AT_END
287.0,287.03057421481867,,,,PENDING_AT_END
287.34999999999997,287.65212632615004,,,,PENDING_AT_END
287.7,287.878157686326,,,,PENDING_AT_END
288.04999999999995,288.0696591084388,,,,PENDING_AT_END
288.4,288.4803299478609,,,,PENDING_AT_END
288.75,289.09860232062783,,,,PENDING_AT_END
289.09999999999997,289.17654656725966,,,,PENDING_AT_END
289.45,289.6857581427508,,,,PENDING_AT_END
289.79999999999995,289.86909953080806,,,,PENDING_AT_END
290.15,290.3701633493514,,,,PENDING_AT_END
290.5,290.5861964269616,,,,PENDING_AT_END
290.84999999999997,291.128678652323,,,,PENDING_AT_END
291.2,291.2154157258481,,,,PENDING_AT_END
291.54999999999995,291.55324698831816,,,,PENDING_AT_END
291.9,292.0191969718311,,,,PENDING_AT_END
292.25,292.31265052993945,,,,PENDING_AT_END
292.59999999999997,292.91680767587656,,,,PENDING_AT_END
292.95,293.2240877474473,,,,PENDING_AT_END
293.29999999999995,293.56665564705236,,,,PENDING_AT_END
293.65,293.71950791048425,,,,PENDING_AT_END
294.0,294.39010493608885,,,,PENDING_AT_END
294.34999999999997,294.35771188022267,,,,PENDING_AT_END
294.7,294.9512017321719,,,,PENDING_AT_END
295.04999999999995,295.3710322339275,,,,PENDING_AT_END
295.4,295.6121639958707,,,,PENDING_AT_END
295.75,296.08001533461993,,,,PENDING_AT_END
296.09999999999997,296.2987836508302,,,,PENDING_AT_END
296.45,296.5914600329765,,,,PENDING_AT_END
296.79999999999995,296.8756956086173,,,,PENDING_AT_END
297.15,297.47334829638646,,,,PENDING_AT_END
297.5,297.7462881807261,,,,PENDING_AT_END
297.84999999999997,298.00942680301586,,,,PENDING_AT_END
298.2,298.2733157365598,,,,PENDING_AT_END
298.54999999999995,298.68303974572484,,,,PENDING_AT_END
298.9,299.16955668609364,,,,PENDING_AT_END
299.25,299.3487770693134,,,,PENDING_AT_END
299.59999999999997,299.94804372010987,,,,PENDING_AT_END
299.95,300.3085697517823,,,,PENDING_AT_END
300.29999999999995,300.55925709646,,,,PENDING_AT_END
300.65,301.02553025021086,,,,PENDING_AT_END
301.0,301.15263620918927,,,,PENDING_AT_END
301.34999999999997,301.59215832425383,,,,PENDING_AT_END
301.7,302.0062103081187,,,,PENDING_AT_END
302.04999999999995,302.2504562165956,,,,PENDING_AT_END
302.4,302.7391868110053,,,,PENDING_AT_END
302.75,303.065948399935,,,,PENDING_AT_END
303.09999999999997,303.1904721805061,,,,PENDING_AT_END
303.45,303.6827604442536,,,,PENDING_AT_END
303.79999999999995,304.00011755620005,,,,PENDING_AT_END
304.15,304.46821005084166,,,,PENDING_AT_END
304.5,304.51596993021406,,,,PENDING_AT_END
304.84999999999997,305.0345068669081,,,,PENDING_AT_END
305.2,305.56272001396286,,,,PENDING_AT_END
305.54999999999995,305.6581087797398,,,,PENDING_AT_END
305.9,306.09242808661315,,,,PENDING_AT_END
306.25,306.5709722670447,,,,PENDING_AT_END
306.59999999999997,306.74090120800423,,,,PENDING_AT_END
306.95,307.0053075665235,,,,PENDING_AT_END
307.29999999999995,307.48035723036946,,,,PENDING_AT_END
307.65,307.71872706361376,,,,PENDING_AT_END
308.0,308.0604964946558,,,,PENDING_AT_END
308.34999999999997,308.4537107504422,,,,PENDING_AT_END
308.7,308.7188147327635,,,,PENDING_AT_END
309.04999999999995,309.2990917291463,,,,PENDING_AT_END
309.4,309.5150853316693,,,,PENDING_AT_END
309.75,309.9741152915948,,,,PENDING_AT_END
310.09999999999997,310.1065732710363,,,,PENDING_AT_END
310.45,310.8188427702948,,,,PENDING_AT_END
310.79999999999995,311.1995175326821,,,,PENDING_AT_END
311.15,311.2926091037855,,,,PENDING_AT_END
311.5,311.8620995130252,,,,PENDING_AT_END
311.84999999999997,312.05876999305116,,,,PENDING_AT_END
312.2,312.40510883982296,,,,PENDING_AT_END
312.54999999999995,312.8966961410117,,,,PENDING_AT_END
312.9,313.25421094398826,,,,PENDING_AT_END
313.25,313.34387212391005,,,,PENDING_AT_END
313.59999999999997,313.82568542738903,,,,PENDING_AT_END
313.95,314.1384834466342,,,,PENDING_AT_END
314.29999999999995,314.5029656854483,,,,PENDING_AT_END
314.65,314.8730475125993,,,,PENDING_AT_END
315.0,315.0431540099414,,,,PENDING_AT_END
315.34999999999997,315.57313569562706,,,,PENDING_AT_END
315.7,315.88153675959774,,,,PENDING_AT_END
316.04999999999995,316.40565790625294,,,,PENDING_AT_END
316.4,316.697756861421,,,,PENDING_AT_END
316.75,316.9813954241356,,,,PENDING_AT_END
317.09999999999997,317.45037064469403,,,,PENDING_AT_END
317.45,317.60220751332764,,,,PENDING_AT_END
317.79999999999995,318.09029660776525,,,,PENDING_AT_END
318.15,318.3532088733041,,,,PENDING_AT_END
318.5,318.8206286725879,,,,PENDING_AT_END
318.84999999999997,319.03127102383706,,,,PENDING_AT_END
319.2,319.26542900153146,,,,PENDING_AT_END
319.54999999999995,319.93622154422644,,,,PENDING_AT_END
319.9,320.2497903685952,,,,PENDING_AT_END
320.25,320.63654222980017,,,,PENDING_AT_END
320.59999999999997,320.62474665274095,,,,PENDING_AT_END
320.95,321.14946007253906,,,,PENDING_AT_END
321.29999999999995,321.40477712039024,,,,PENDING_AT_END
321.65,321.736345295863,,,,PENDING_AT_END
322.0,322.3341188832893,,,,PENDING_AT_END
322.34999999999997,322.67016105263093,,,,PENDING_AT_END
322.7,322.7619224779748,,,,PENDING_AT_END
323.04999999999995,323.37827996676697,,,,PENDING_AT_END
323.4,323.7926806922346,,,,PENDING_AT_END
323.75,323.98629561651956,,,,PENDING_AT_END
324.09999999999997,324.1243453507428,,,,PENDING_AT_END
324.45,324.78319613306536,,,,PENDING_AT_END
324.79999999999995,324.9914414316644,,,,PENDING_AT_END
325.15,325.54895030193677,,,,PENDING_AT_END
325.5,325.73374575948094,,,,PENDING_AT_END
325.84999999999997,326.12722825780526,,,,PENDING_AT_END
326.2,326.4091706869272,,,,PENDING_AT_END
326.54999999999995,326.89886421773485,,,,PENDING_AT_END
326.9,327.18322740010444,,,,PENDING_AT_END
327.25,327.5831628555932,,,,PENDING_AT_END
327.59999999999997,327.7198523929456,,,,PENDING_AT_END
327.95,328.23505435990586,,,,PENDING_AT_END
328.29999999999995,328.591807688064,,,,PENDING_AT_END
328.65,328.9968762102974,,,,PENDING_AT_END
329.0,329.10538650635954,,,,PENDING_AT_END
329.34999999999997,329.3931920144009,,,,PENDING_AT_END
329.7,329.8607155367918,,,,PENDING_AT_END
330.04999999999995,330.28746332756066,,,,PENDING_AT_END
330.4,330.5952625049074,,,,PENDING_AT_END
330.75,331.1141390100921,,,,PENDING_AT_END
331.09999999999997,331.38505981627037,,,,PENDING_AT_END
331.45,331.46794067696163,,,,PENDING_AT_END
331.79999999999995,331.8009814180813,,,,PENDING_AT_END
332.15,332.4055924731964,,,,PENDING_AT_END
332.5,332.64096659945926,,,,PENDING_AT_END
332.84999999999997,333.138187996583,,,,PENDING_AT_END
333.2,333.5401294665134,,,,PENDING_AT_END
333.54999999999995,333.63136820753346,,,,PENDING_AT_END
333.9,333.94687789250804,,,,PENDING_AT_END
334.25,334.6103413734709,,,,PENDING_AT_END
334.59999999999997,334.8276882771847,,,,PENDING_AT_END
334.95,335.1312549167878,,,,PENDING_AT_END
335.29999999999995,335.6775044507157,,,,PENDING_AT_END
335.65,335.6621906130149,,,,PENDING_AT_END
336.0,336.05795759141176,,,,PENDING_AT_END
336.34999999999997,336.46104870242556,,,,PENDING_AT_END
336.7,336.8970132724833,,,,PENDING_AT_END
337.04999999999995,337.4369152644009,,,,PENDING_AT_END
337.4,337.6456336624657,,,,PENDING_AT_END
337.75,337.7664741268935,,,,PENDING_AT_END
338.09999999999997,338.49362769312614,,,,PENDING_AT_END
338.45,338.56002270541654,,,,PENDING_AT_END
338.79999999999995,338.86439650906664,,,,PENDING_AT_END
339.15,339.17539538362064,,,,PENDING_AT_END
339.5,339.6561115364666,,,,PENDING_AT_END
339.84999999999997,340.07886761186984,,,,PENDING_AT_END
340.2,340.2413320701243,,,,PENDING_AT_END
340.54999999999995,340.90976179429515,,,,PENDING_AT_END
340.9,341.20381988062115,,,,PENDING_AT_END
341.25,341.488252349527,,,,PENDING_AT_END
341.59999999999997,341.6075561375373,,,,PENDING_AT_END
341.95,341.9566368068461,,,,PENDING_AT_END
342.29999999999995,342.5527013142922,,,,PENDING_AT_END
342.65,342.86956391005197,,,,PENDING_AT_END
343.0,343.28981261874367,,,,PENDING_AT_END
343.34999999999997,343.7178264770068,,,,PENDING_AT_END
343.7,343.97212990398833,,,,PENDING_AT_END
344.04999999999995,344.3458335622221,,,,PENDING_AT_END
344.4,344.57917704245153,,,,PENDING_AT_END
344.75,344.90466129883987,,,,PENDING_AT_END
345.09999999999997,345.11829078626323,,,,PENDING_AT_END
345.45,345.49530238123924,,,,PENDING_AT_END
345.79999999999995,346.0491297087317,,,,PENDING_AT_END
346.15,346.33698078772034,,,,PENDING_AT_END
346.5,346.86774740347187,,,,PENDING_AT_END
346.84999999999997,347.180378525397,,,,PENDING_AT_END
347.2,347.2644695398371,,,,PENDING_AT_END
347.54999999999995,347.87729389913784,,,,PENDING_AT_END
347.9,348.13705569883723,,,,PENDING_AT_END
348.25,348.3028154992478,,,,PENDING_AT_END
348.59999999999997,348.8255471740038,,,,PENDING_AT_END
348.95,348.9834455661964,,,,PENDING_AT_END
349.29999999999995,349.6976587786497,,,,PENDING_AT_END
349.65,349.77581798967833,,,,PENDING_AT_END
350.0,350.2383812905647,,,,PENDING_AT_END
350.34999999999997,350.43260884195973,,,,PENDING_AT_END
350.7,350.946392956205,,,,PENDING_AT_END
351.04999999999995,351.39371101868767,,,,PENDING_AT_END
351.4,351.4494061834131,,,,PENDING_AT_END
351.75,352.1141792939219,,,,PENDING_AT_END
352.09999999999997,352.4234899457902,,,,PENDING_AT_END
352.45,352.7991511412485,,,,PENDING_AT_END
352.79999999999995,353.11815164280154,,,,PENDING_AT_END
353.15,353.17751526876725,,,,PENDING_AT_END
353.5,353.7030390939219,,,,PENDING_AT_END
353.84999999999997,354.17481847491143,,,,PENDING_AT_END
354.2,354.49807035897794,,,,PENDING_AT_END
354.54999999999995,354.8430824944978,,,,PENDING_AT_END
354.9,355.23307218474736,,,,PENDING_AT_END
355.25,355.3373060545466,,,,PENDING_AT_END
355.59999999999997,355.87250308829977,,,,PENDING_AT_END
355.95,356.04782980278793,,,,PENDING_AT_END
356.29999999999995,356.35428023759346,,,,PENDING_AT_END
356.65,356.730945415734,,,,PENDING_AT_END
357.0,357.34947908508695,,,,PENDING_AT_END
357.34999999999997,357.54743395513407,,,,PENDING_AT_END
357.7,357.8098428941959,,,,PENDING_AT_END
358.04999999999995,358.06740014188983,,,,PENDING_AT_END
358.4,358.72800617574524,,,,PENDING_AT_END
358.75,359.10698427360273,,,,PENDING_AT_END
359.09999999999997,359.2167969384106,,,,PENDING_AT_END
359.45,359.8188890986651,,,,PENDING_AT_END
359.79999999999995,360.1917415388116,,,,PENDING_AT_END
360.15,360.5469292467915,,,,PENDING_AT_END
360.5,360.6969471648167,,,,PENDING_AT_END
360.84999999999997,361.18827196902436,,,,PENDING_AT_END
361.2,361.3374992213176,,,,PENDING_AT_END
361.54999999999995,361.8806338241966,,,,PENDING_AT_END
361.9,362.2104903172275,,,,PENDING_AT_END
362.25,362.36289990742307,,,,PENDING_AT_END
362.59999999999997,362.6793938472636,,,,PENDING_AT_END
362.95,362.9568569046152,,,,PENDING_AT_END
363.29999999999995,363.52902417110727,,,,PENDING_AT_END
363.65,363.79525744508203,,,,PENDING_AT_END
364.0,364.33952406140736,,,,PENDING_AT_END
364.34999999999997,364.49047228656565,,,,PENDING_AT_END
364.7,364.93667127106875,,,,PENDING_AT_END
365.04999999999995,365.18732432900117,,,,PENDING_AT_END
365.4,365.5747154764297,,,,PENDING_AT_END
365.75,365.7759588245116,,,,PENDING_AT_END
366.09999999999997,366.2056865119832,,,,PENDING_AT_END
366.45,366.7706797089308,,,,PENDING_AT_END
366.79999999999995,366.9219799775608,,,,PENDING_AT_END
367.15,367.52657360402065,,,,PENDING_AT_END
367.5,367.8868715424977,,,,PENDING_AT_END
367.84999999999997,368.0891101698972,,,,PENDING_AT_END
368.2,368.20461971463345,,,,PENDING_AT_END
368.54999999999995,368.70753995478833,,,,PENDING_AT_END
368.9,368.9211128465628,,,,PENDING_AT_END
369.25,369.26476274993684,,,,PENDING_AT_END
369.59999999999997,369.6669941786715,,,,PENDING_AT_END
369.95,370.0981436209474,,,,PENDING_AT_END
370.29999999999995,370.4374551486503,,,,PENDING_AT_END
370.65,370.9999459934902,,,,PENDING_AT_END
371.0,371.1063928272116,,,,PENDING_AT_END
371.34999999999997,371.5144671887728,,,,PENDING_AT_END
371.7,372.04914082643853,,,,PENDING_AT_END
372.04999999999995,372.10937302574325,,,,PENDING_AT_END
372.4,372.5829636767229,,,,PENDING_AT_END
372.75,372.75331308937064,,,,PENDING_AT_END
373.09999999999997,373.375110734747,,,,PENDING_AT_END
373.45,373.7051388619082,,,,PENDING_AT_END
373.79999999999995,373.91465147634915,,,,PENDING_AT_END
374.15,374.2977377418821,,,,PENDING_AT_END
374.5,374.747866447858,,,,PENDING_AT_END
374.84999999999997,375.00001613100386,,,,PENDING_AT_END
375.2,375.37906232688925,,,,PENDING_AT_END
375.54999999999995,375.7618468309197,,,,PENDING_AT_END
375.9,376.2134252969937,,,,PENDING_AT_END
376.25,376.3648540426034,,,,PENDING_AT_END
376.59999999999997,376.9190203004378,,,,PENDING_AT_END
376.95,377.3266276174457,,,,PENDING_AT_END
377.29999999999995,377.5157533405518,,,,PENDING_AT_END
377.65,377.75745986300706,,,,PENDING_AT_END
378.0,378.09715475230223,,,,PENDING_AT_END
378.34999999999997,378.5642443950272,,,,PENDING_AT_END
378.7,378.9161227616235,,,,PENDING_AT_END
379.04999999999995,379.3870926272757,,,,PENDING_AT_END
379.4,379.525430742283,,,,PENDING_AT_END
379.75,380.07734205880877,,,,PENDING_AT_END
380.09999999999997,380.1216291709558,,,,PENDING_AT_END
380.45,380.6287405110782,,,,PENDING_AT_END
380.79999999999995,381.11109665723177,,,,PENDING_AT_END
381.15,381.5123482415719,,,,PENDING_AT_END
381.5,381.79507042444664,,,,PENDING_AT_END
381.84999999999997,381.88849898351503,,,,PENDING_AT_END
382.2,382.2117660377267,,,,PENDING_AT_END
382.54999999999995,382.68066176893603,,,,PENDING_AT_END
382.9,382.95569268882286,,,,PENDING_AT_END
383.25,383.6348401779478,,,,PENDING_AT_END
383.59999999999997,383.61720569291634,,,,PENDING_AT_END
383.95,384.042889636565,,,,PENDING_AT_END
384.29999999999995,384.4418363112892,,,,PENDING_AT_END
384.65,384.7358984073737,,,,PENDING_AT_END
385.0,385.24742372810704,,,,PENDING_AT_END
385.34999999999997,385.45921788179334,,,,PENDING_AT_END
385.7,385.9951519347995,,,,PENDING_AT_END
386.04999999999995,386.0652253586053,,,,PENDING_AT_END
386.4,386.5904980693541,,,,PENDING_AT_END
386.75,386.94293381151044,,,,PENDING_AT_END
387.09999999999997,387.2016578329229,,,,PENDING_AT_END
387.45,387.8242152714236,,,,PENDING_AT_END
387.79999999999995,388.0205199530426,,,,PENDING_AT_END
388.15,388.51704112080347,,,,PENDING_AT_END
388.5,388.7445141713072,,,,PENDING_AT_END
388.84999999999997,388.9485295881943,,,,PENDING_AT_END
389.2,389.2751062573844,,,,PENDING_AT_END
389.54999999999995,389.91478201680286,,,,PENDING_AT_END
389.9,389.9193085084071,,,,PENDING_AT_END
390.25,390.2580069823142,,,,PENDING_AT_END
390.59999999999997,390.8199128384269,,,,PENDING_AT_END
390.95,391.01142629502436,,,,PENDING_AT_END
391.29999999999995,391.6471767637613,,,,PENDING_AT_END
391.65,391.80994928251425,,,,PENDING_AT_END
392.0,392.1397988158682,,,,PENDING_AT_END
392.34999999999997,392.44849232473626,,,,PENDING_AT_END
392.7,393.01559497768943,,,,PENDING_AT_END
393.04999999999995,393.24869434979666,,,,PENDING_AT_END
393.4,393.7771200887066,,,,PENDING_AT_END
393.75,393.94982558625566,,,,PENDING_AT_END
394.09999999999997,394.22906088372514,,,,PENDING_AT_END
394.45,394.6119117103013,,,,PENDING_AT_END
394.79999999999995,394.88852328177165,,,,PENDING_AT_END
395.15,395.40129010381236,,,,PENDING_AT_END
395.5,395.52695767438195,,,,PENDING_AT_END
395.84999999999997,396.0429918730999,,,,PENDING_AT_END
396.2,396.254557438763,,,,PENDING_AT_END
396.54999999999995,396.88592356897993,,,,PENDING_AT_END
396.9,396.93713191196764,,,,PENDING_AT_END
397.25,397.4848028271722,,,,PENDING_AT_END
397.59999999999997,397.9720796251268,,,,PENDING_AT_END
397.95,398.3151532554786,,,,PENDING_AT_END
398.29999999999995,398.4647982600409,,,,PENDING_AT_END
398.65,398.74377225606975,,,,PENDING_AT_END
399.0,399.27778422038057,,,,PENDING_AT_END
399.34999999999997,399.5366432630091,,,,PENDING_AT_END
399.7,399.972037981748,,,,PENDING_AT_END
400.04999999999995,400.3331995922854,,,,PENDING_AT_END
400.4,400.55404660785086,,,,PENDING_AT_END
400.75,400.7534562017198,,,,PENDING_AT_END
401.09999999999997,401.36027959800384,,,,PENDING_AT_END
401.45,401.461449159383,,,,PENDING_AT_END
401.79999999999995,401.8944890016852,,,,PENDING_AT_END
402.15,402.24014334489243,,,,PENDING_AT_END
402.5,402.64914959505893,,,,PENDING_AT_END
402.84999999999997,403.06927387823026,,,,PENDING_AT_END
403.2,403.2035661037582,,,,PENDING_AT_END
403.54999999999995,403.64181451729223,,,,PENDING_AT_END
403.9,404.1240461903134,,,,PENDING_AT_END
404.25,404.3709687837428,,,,PENDING_AT_END
404.59999999999997,404.8972553072318,,,,PENDING_AT_END
404.95,405.1786624810131,,,,PENDING_AT_END
405.29999999999995,405.52867054634487,,,,PENDING_AT_END
405.65,405.6971581673075,,,,PENDING_AT_END
406.0,406.17225294993,,,,PENDING_AT_END
406.34999999999997,406.38457891019874,,,,PENDING_AT_END
406.7,407.0745637090483,,,,PENDING_AT_END
407.04999999999995,407.10915166548193,,,,PENDING_AT_END
407.4,407.7357745357557,,,,PENDING_AT_END
407.75,407.96518768569035,,,,PENDING_AT_END
408.09999999999997,408.3096936981863,,,,PENDING_AT_END
408.45,408.6362677657258,,,,PENDING_AT_END
408.79999999999995,408.9291954074814,,,,PENDING_AT_END
409.15,409.45375272971296,,,,PENDING_AT_END
409.5,409.6812048586768,,,,PENDING_AT_END
409.84999999999997,410.0639092157733,,,,PENDING_AT_END
410.2,410.52489753399465,,,,PENDING_AT_END
410.54999999999995,410.82598805320833,,,,PENDING_AT_END
410.9,411.1099996935959,,,,PENDING_AT_END
411.25,411.53124750881227,,,,PENDING_AT_END
411.59999999999997,411.83620448393486,,,,PENDING_AT_END
411.95,412.0998913402853,,,,PENDING_AT_END
412.29999999999995,412.5538038394833,,,,PENDING_AT_END
412.65,412.8461298494824,,,,PENDING_AT_END
413.0,413.3977772264353,,,,PENDING_AT_END
413.34999999999997,413.39406022712905,,,,PENDING_AT_END
413.7,414.0218163182977,,,,PENDING_AT_END
414.04999999999995,414.1545320126836,,,,PENDING_AT_END
414.4,414.7604328552035,,,,PENDING_AT_END
414.75,414.9360890375988,,,,PENDING_AT_END
415.09999999999997,415.41694431083766,,,,PENDING_AT_END
415.45,415.57632153405854,,,,PENDING_AT_END
415.79999999999995,415.9206426418675,,,,PENDING_AT_END
416.15,416.53006649641486,,,,PENDING_AT_END
416.5,416.8908646080781,,,,PENDING_AT_END
416.84999999999997,416.9286446363214,,,,PENDING_AT_END
417.2,417.5925227605498,,,,PENDING_AT_END
417.54999999999995,417.6048164337012,,,,PENDING_AT_END
417.9,417.9576340022945,,,,PENDING_AT_END
418.25,418.3975561021624,,,,PENDING_AT_END
418.59999999999997,418.9366728011203,,,,PENDING_AT_END
418.95,419.3031781746657,,,,PENDING_AT_END
419.29999999999995,419.6842858950771,,,,PENDING_AT_END
419.65,420.0149165240018,,,,PENDING_AT_END
420.0,420.046750021702,,,,PENDING_AT_END
420.34999999999997,420.4978083478888,,,,PENDING_AT_END
420.7,420.7544033338267,,,,PENDING_AT_END
421.04999999999995,421.4049642244104,,,,PENDING_AT_END
421.4,421.5618584865316,,,,PENDING_AT_END
421.75,422.08485202653026,,,,PENDING_AT_END
422.09999999999997,422.14143294664694,,,,PENDING_AT_END
422.45,422.5102810769451,,,,PENDING_AT_END
422.79999999999995,422.8232426094378,,,,PENDING_AT_END
423.15,423.27939964823565,,,,PENDING_AT_END
423.5,423.550146523189,,,,PENDING_AT_END
423.84999999999997,423.9817442375078,,,,PENDING_AT_END
424.2,424.47385097089676,,,,PENDING_AT_END
424.54999999999995,424.843955001504,,,,PENDING_AT_END
424.9,425.15625151028587,,,,PENDING_AT_END
425.25,425.4298291936542,,,,PENDING_AT_END
425.59999999999997,425.97692115094304,,,,PENDING_AT_END
425.95,426.0208463089363,,,,PENDING_AT_END
426.29999999999995,426.65660219077324,,,,PENDING_AT_END
426.65,426.98430681449406,,,,PENDING_AT_END
427.0,427.2617290265863,,,,PENDING_AT_END
427.34999999999997,427.55139382925216,,,,PENDING_AT_END
427.7,427.93157484660065,,,,PENDING_AT_END
428.04999999999995,428.4119821305261,,,,PENDING_AT_END
428.4,428.5265109240886,,,,PENDING_AT_END
428.75,428.878989396616,,,,PENDING_AT_END
429.09999999999997,429.32472467510564,,,,PENDING_AT_END
429.45,429.82524041680034,,,,PENDING_AT_END
429.79999999999995,429.84689419339884,,,,PENDING_AT_END
430.15,430.2497116160057,,,,PENDING_AT_END
430.5,430.54419584042523,,,,PENDING_AT_END
430.84999999999997,431.09971795362054,,,,PENDING_AT_END
431.2,431.47444999156875,,,,PENDING_AT_END
431.54999999999995,431.88486826924657,,,,PENDING_AT_END
431.9,431.93618039806404,,,,PENDING_AT_END
432.25,432.62307257461885,,,,PENDING_AT_END
432.59999999999997,432.7477617754826,,,,PENDING_AT_END
432.95,433.3203706293746,,,,PENDING_AT_END
433.29999999999995,433.45211471979246,,,,PENDING_AT_END
433.65,433.6534839343541,,,,PENDING_AT_END
434.0,434.13448232948815,,,,PENDING_AT_END
434.34999999999997,434.5357638448791,,,,PENDING_AT_END
434.7,434.7836770927477,,,,PENDING_AT_END
435.04999999999995,435.313381542779,,,,PENDING_AT_END
435.4,435.5717286202047,,,,PENDING_AT_END
435.75,436.1149827377974,,,,PENDING_AT_END
436.09999999999997,436.3011627334209,,,,PENDING_AT_END
436.45,436.46672278760826,,,,PENDING_AT_END
436.79999999999995,436.9780445195223,,,,PENDING_AT_END
437.15,437.35165758618064,,,,PENDING_AT_END
437.5,437.86744663070965,,,,PENDING_AT_END
437.84999999999997,438.1260639837107,,,,PENDING_AT_END
438.2,438.3515773203878,,,,PENDING_AT_END
438.54999999999995,438.70428337032104,,,,PENDING_AT_END
438.9,439.29461684591047,,,,PENDING_AT_END
439.25,439.32198579731937,,,,PENDING_AT_END
439.59999999999997,439.9945858853998,,,,PENDING_AT_END
439.95,440.27882695107013,,,,PENDING_AT_END
440.29999999999995,440.35183442756875,,,,PENDING_AT_END
440.65,440.86047750720206,,,,PENDING_AT_END
441.0,441.1991391747574,,,,PENDING_AT_END
441.34999999999997,441.40734241655815,,,,PENDING_AT_END
441.7,441.7568682361205,,,,PENDING_AT_END
442.04999999999995,442.27422110926045,,,,PENDING_AT_END
442.4,442.4457220550614,,,,PENDING_AT_END
442.75,442.8139803736084,,,,PENDING_AT_END
443.09999999999997,443.37877912757455,,,,PENDING_AT_END
443.45,443.5632536253548,,,,PENDING_AT_END
443.79999999999995,444.18221771119386,,,,PENDING_AT_END
444.15,444.4276045348695,,,,PENDING_AT_END
444.5,444.75553529416845,,,,PENDING_AT_END
444.84999999999997,445.09040276988657,,,,PENDING_AT_END
445.2,445.31775253803136,,,,PENDING_AT_END
445.54999999999995,445.5668533336344,,,,PENDING_AT_END
445.9,445.99073781042887,,,,PENDING_AT_END
446.25,446.38440902212164,,,,PENDING_AT_END
446.59999999999997,446.69732461773407,,,,PENDING_AT_END
446.95,447.11898828760087,,,,PENDING_AT_END
447.29999999999995,447.4006928552817,,,,PENDING_AT_END
447.65,448.01565091310806,,,,PENDING_AT_END
448.0,448.20540333078054,,,,PENDING_AT_END
448.34999999999997,448.4828416162596,,,,PENDING_AT_END
448.7,448.83757933034354,,,,PENDING_AT_END
449.04999999999995,449.21358157540953,,,,PENDING_AT_END
449.4,449.75717481746165,,,,PENDING_AT_END
449.74999999999994,449.9896121929925,,,,PENDING_AT_END
450.09999999999997,450.19007473456674,,,,PENDING_AT_END
450.45,450.63099427600906,,,,PENDING_AT_END
450.79999999999995,451.1026167922048,,,,PENDING_AT_END
451.15,451.5044603725431,,,,PENDING_AT_END
451.49999999999994,451.8681758325694,,,,PENDING_AT_END
451.84999999999997,451.9509162106045,,,,PENDING_AT_END
452.2,452.59701303560695,,,,PENDING_AT_END
452.54999999999995,452.8578706773121,,,,PENDING_AT_END
452.9,452.977591045963,,,,PENDING_AT_END
453.24999999999994,453.5648788837888,,,,PENDING_AT_END
453.59999999999997,453.67593584242655,,,,PENDING_AT_END
453.95,454.246074963942,,,,PENDING_AT_END
454.29999999999995,454.37883711885104,,,,PENDING_AT_END
454.65,454.8822159948104,,,,PENDING_AT_END
454.99999999999994,455.3979744854698,,,,PENDING_AT_END
455.34999999999997,455.61962506610445,,,,PENDING_AT_END
455.7,455.9507945459231,,,,PENDING_AT_END
456.04999999999995,456.19752862592156,,,,PENDING_AT_END
456.4,456.67278916459804,,,,PENDING_AT_END
456.74999999999994,456.85473016240434,,,,PENDING_AT_END
457.09999999999997,457.4911150815121,,,,PENDING_AT_END
457.45,457.6314015305716,,,,PENDING_AT_END
457.79999999999995,458.0533290357429,,,,PENDING_AT_END
458.15,458.46166995033013,,,,PENDING_AT_END
458.49999999999994,458.50076761966506,,,,PENDING_AT_END
458.84999999999997,459.0600107771565,,,,PENDING_AT_END
459.2,459.3127443433844,,,,PENDING_AT_END
459.54999999999995,459.86869543863963,,,,PENDING_AT_END
459.9,460.0303601992657,,,,PENDING_AT_END
460.24999999999994,460.52966345748524,,,,PENDING_AT_END
460.59999999999997,460.6827913404831,,,,PENDING_AT_END
460.95,461.2011523171646,,,,PENDING_AT_END
461.29999999999995,461.49774960863147,,,,PENDING_AT_END
461.65,461.72547957245695,,,,PENDING_AT_END
461.99999999999994,462.23032349392616,,,,PENDING_AT_END
462.34999999999997,462.71405646169734,,,,PENDING_AT_END
462.7,463.01585101278926,,,,PENDING_AT_END
463.04999999999995,463.35456527728604,,,,PENDING_AT_END
463.4,463.74197277558176,,,,PENDING_AT_END
463.74999999999994,464.1147412729427,,,,PENDING_AT_END
464.09999999999997,464.249475268003,,,,PENDING_AT_END
464.45,464.73649590241286,,,,PENDING_AT_END
464.79999999999995,465.19722536897655,,,,PENDING_AT_END
465.15,465.22555003422076,,,,PENDING_AT_END
465.49999999999994,465.7024613316366,,,,PENDING_AT_END
465.84999999999997,466.24706737227876,,,,PENDING_AT_END
466.2,466.55920663694366,,,,PENDING_AT_END
466.54999999999995,466.9116857132818,,,,PENDING_AT_END
466.9,466.9780513967214,,,,PENDING_AT_END
467.24999999999994,467.25688649240914,,,,PENDING_AT_END
467.59999999999997,467.685392817223,,,,PENDING_AT_END
467.95,467.98319463541617,,,,PENDING_AT_END
468.29999999999995,468.3918093044538,,,,PENDING_AT_END
468.65,469.02948185149967,,,,PENDING_AT_END
468.99999999999994,469.2311650626612,,,,PENDING_AT_END
469.34999999999997,469.40160778650505,,,,PENDING_AT_END
469.7,469.74707981355454,,,,PENDING_AT_END
470.04999999999995,470.36541534991613,,,,PENDING_AT_END
470.4,470.6447718339339,,,,PENDING_AT_END
470.74999999999994,470.9342789597786,,,,PENDING_AT_END
471.09999999999997,471.41700021262517,,,,PENDING_AT_END
471.45,471.7913844160253,,,,PENDING_AT_END
471.79999999999995,471.9859494196704,,,,PENDING_AT_END
472.15,472.1956456016727,,,,PENDING_AT_END
472.49999999999994,472.7676121278393,,,,PENDING_AT_END
472.84999999999997,473.1626396932822,,,,PENDING_AT_END
473.2,473.5225765840133,,,,PENDING_AT_END
473.54999999999995,473.91449824167273,,,,PENDING_AT_END
473.9,474.242831732397,,,,PENDING_AT_END
474.24999999999994,474.5278250927059,,,,PENDING_AT_END
474.59999999999997,474.9291522678662,,,,PENDING_AT_END
474.95,475.0071764866157,,,,PENDING_AT_END
475.29999999999995,475.5740535128655,,,,PENDING_AT_END
475.65,476.0164885557821,,,,PENDING_AT_END
475.99999999999994,476.32939747254085,,,,PENDING_AT_END
476.34999999999997,476.509568822145,,,,PENDING_AT_END
476.7,476.9842499500625,,,,PENDING_AT_END
477.04999999999995,477.11928007553786,,,,PENDING_AT_END
477.4,477.77791725564623,,,,PENDING_AT_END
477.74999999999994,477.7550240259549,,,,PENDING_AT_END
478.09999999999997,478.3680034492956,,,,PENDING_AT_END
478.45,478.58860033142156,,,,PENDING_AT_END
478.79999999999995,479.0558351380869,,,,PENDING_AT_END
479.15,479.20947615779323,,,,PENDING_AT_END
479.49999999999994,479.56871400534686,,,,PENDING_AT_END
479.84999999999997,480.0527517268444,,,,PENDING_AT_END
480.2,480.24628527096587,,,,PENDING_AT_END
480.54999999999995,480.64999183704504,,,,PENDING_AT_END
480.9,481.2263989691355,,,,PENDING_AT_END
481.24999999999994,481.4651613496986,,,,PENDING_AT_END
481.59999999999997,481.84323347684204,,,,PENDING_AT_END
481.95,482.07449667104464,,,,PENDING_AT_END
482.29999999999995,482.6009285650048,,,,PENDING_AT_END
482.65,483.00906635892795,,,,PENDING_AT_END
482.99999999999994,483.32160490221355,,,,PENDING_AT_END
483.34999999999997,483.52759359350244,,,,PENDING_AT_END
483.7,484.0170418065157,,,,PENDING_AT_END
484.04999999999995,484.1005487993457,,,,PENDING_AT_END
484.4,484.5954556598133,,,,PENDING_AT_END
484.74999999999994,485.03073317739774,,,,PENDING_AT_END
485.09999999999997,485.16782842175877,,,,PENDING_AT_END
485.45,485.73586283171045,,,,PENDING_AT_END
485.79999999999995,486.0613522425282,,,,PENDING_AT_END
486.15,486.4606973289542,,,,PENDING_AT_END
486.49999999999994,486.7744952168027,,,,PENDING_AT_END
486.84999999999997,486.90834684952614,,,,PENDING_AT_END
487.2,487.2791460906055,,,,PENDING_AT_END
487.54999999999995,487.85465585508155,,,,PENDING_AT_END
487.9,487.97865999094836,,,,PENDING_AT_END
488.24999999999994,488.29183461949816,,,,PENDING_AT_END
488.59999999999997,488.7527047030499,,,,PENDING_AT_END
488.95,489.1433096752747,,,,PENDING_AT_END
489.29999999999995,489.6961114242373,,,,PENDING_AT_END
489.65,489.9511669541928,,,,PENDING_AT_END
489.99999999999994,490.30228294869465,,,,PENDING_AT_END
490.34999999999997,490.5110929060316,,,,PENDING_AT_END
490.7,490.9320943971914,,,,PENDING_AT_END
491.04999999999995,491.35553627923935,,,,PENDING_AT_END
491.4,491.4666261369355,,,,PENDING_AT_END
491.74999999999994,491.77635832029586,,,,PENDING_AT_END
492.09999999999997,492.1041299685448,,,,PENDING_AT_END
492.45,492.5574805555298,,,,PENDING_AT_END
492.79999999999995,493.1108554074701,,,,PENDING_AT_END
493.15,493.26551583699893,,,,PENDING_AT_END
493.49999999999994,493.5379508623193,,,,PENDING_AT_END
493.84999999999997,493.9485612359376,,,,PENDING_AT_END
494.2,494.4256233554218,,,,PENDING_AT_END
494.54999999999995,494.8904882184303,,,,PENDING_AT_END
494.9,495.22511048353726,,,,PENDING_AT_END
495.24999999999994,495.5284319115945,,,,PENDING_AT_END
495.59999999999997,495.87705208039876,,,,PENDING_AT_END
495.95,496.0675266695943,,,,PENDING_AT_END
496.29999999999995,496.3859419515427,,,,PENDING_AT_END
496.65,496.8422275815378,,,,PENDING_AT_END
496.99999999999994,497.2438069135682,,,,PENDING_AT_END
497.34999999999997,497.71694944975803,,,,PENDING_AT_END
497.7,497.96490427130783,,,,PENDING_AT_END
498.04999999999995,498.38497698867604,,,,PENDING_AT_END
498.4,498.4666598042328,,,,PENDING_AT_END
498.74999999999994,499.0373537005834,,,,PENDING_AT_END
499.09999999999997,499.3608658703611,,,,PENDING_AT_END
499.45,499.6118491690282,,,,PENDING_AT_END
499.79999999999995,500.0016847037456,,,,PENDING_AT_END
500.15,500.54793575374595,,,,PENDING_AT_END
500.49999999999994,500.57118853281935,,,,PENDING_AT_END
500.84999999999997,501.0025990935479,,,,PENDING_AT_END
501.2,501.49147132259935,,,,PENDING_AT_END
501.54999999999995,501.8635835648007,,,,PENDING_AT_END
501.9,502.02988956775926,,,,PENDING_AT_END
502.24999999999994,502.51976639605283,,,,PENDING_AT_END
502.59999999999997,502.76093251225615,,,,PENDING_AT_END
502.95,503.01141363914127,,,,PENDING_AT_END
503.29999999999995,503.6831327365379,,,,PENDING_AT_END
503.65,503.7481307954373,,,,PENDING_AT_END
503.99999999999994,504.1794029957484,,,,PENDING_AT_END
504.34999999999997,504.44165980969666,,,,PENDING_AT_END
504.7,505.0069354303518,,,,PENDING_AT_END
505.04999999999995,505.2357357464588,,,,PENDING_AT_END
505.4,505.54837588227895,,,,PENDING_AT_END
505.74999999999994,505.8549012471088,,,,PENDING_AT_END
506.09999999999997,506.37158006443616,,,,PENDING_AT_END
506.45,506.6180242361975,,,,PENDING_AT_END
506.79999999999995,507.1405372248081,,,,PENDING_AT_END
507.15,507.2014176230199,,,,PENDING_AT_END
507.49999999999994,507.5557564543271,,,,PENDING_AT_END
507.84999999999997,508.21559259938175,,,,PENDING_AT_END
508.2,508.4718142589123,,,,PENDING_AT_END
508.54999999999995,508.60075998288244,,,,PENDING_AT_END
508.9,509.03026080958875,,,,PENDING_AT_END
509.24999999999994,509.6351206778838,,,,PENDING_AT_END
509.59999999999997,509.67147357318134,,,,PENDING_AT_END
509.95,510.01105248915525,,,,PENDING_AT_END
510.29999999999995,510.5515227142603,,,,PENDING_AT_END
510.65,510.78124190602625,,,,PENDING_AT_END
510.99999999999994,511.3150085078476,,,,PENDING_AT_END
511.34999999999997,511.681572639476,,,,PENDING_AT_END
511.7,511.77601939118443,,,,PENDING_AT_END
512.05,512.3302521440467,,,,PENDING_AT_END
512.4,512.713740128387,,,,PENDING_AT_END
512.75,513.1480070704777,,,,PENDING_AT_END
513.1,513.2042431411263,,,,PENDING_AT_END
513.4499999999999,513.5740280115341,,,,PENDING_AT_END
513.8,513.860988969326,,,,PENDING_AT_END
514.15,514.5295984595028,,,,PENDING_AT_END
514.5,514.7229616563106,,,,PENDING_AT_END
514.85,515.0897633261092,,,,PENDING_AT_END
515.1999999999999,515.5732047256816,,,,PENDING_AT_END
515.55,515.5918218292902,,,,PENDING_AT_END
515.9,516.106228620586,,,,PENDING_AT_END
516.25,516.2643774494006,,,,PENDING_AT_END
516.6,516.7332760179173,,,,PENDING_AT_END
516.9499999999999,517.2702437419872,,,,PENDING_AT_END
517.3,517.5380886525882,,,,PENDING_AT_END
517.65,517.9513721233656,,,,PENDING_AT_END
518.0,518.3834039561391,,,,PENDING_AT_END
518.35,518.6917427488046,,,,PENDING_AT_END
518.6999999999999,518.8130909078687,,,,PENDING_AT_END
519.05,519.3803225142758,,,,PENDING_AT_END
519.4,519.7877890034093,,,,PENDING_AT_END
519.75,520.1136467759841,,,,PENDING_AT_END
520.1,520.1272761871472,,,,PENDING_AT_END
520.4499999999999,520.5208903428619,,,,PENDING_AT_END
520.8,520.9207643822876,,,,PENDING_AT_END
521.15,521.4943559457496,,,,PENDING_AT_END
521.5,521.7307656512517,,,,PENDING_AT_END
521.85,522.0359029906148,,,,PENDING_AT_END
522.1999999999999,522.2004799428606,,,,PENDING_AT_END
522.55,522.7489760426724,,,,PENDING_AT_END
522.9,523.2133313927135,,,,PENDING_AT_END
523.25,523.3659223165707,,,,PENDING_AT_END
523.6,523.6771999911635,,,,PENDING_AT_END
523.9499999999999,524.0877259957794,,,,PENDING_AT_END
524.3,524.4991464259392,,,,PENDING_AT_END
524.65,524.7909472584457,,,,PENDING_AT_END
525.0,525.2047075201876,,,,PENDING_AT_END
525.35,525.5024477796875,,,,PENDING_AT_END
525.6999999999999,525.9134927073275,,,,PENDING_AT_END
526.05,526.3477945376624,,,,PENDING_AT_END
526.4,526.515834852076,,,,PENDING_AT_END
526.75,526.9643479434585,,,,PENDING_AT_END
527.1,527.1463676218447,,,,PENDING_AT_END
527.4499999999999,527.7905150920791,,,,PENDING_AT_END
527.8,527.9229496425462,,,,PENDING_AT_END
528.15,528.1850788849871,,,,PENDING_AT_END
528.5,528.8217121716943,,,,PENDING_AT_END
528.85,529.1378807948612,,,,PENDING_AT_END
529.1999999999999,529.2070785427726,,,,PENDING_AT_END
529.55,529.783105175449,,,,PENDING_AT_END
529.9,529.9970868482375,,,,PENDING_AT_END
530.25,530.3991354968127,,,,PENDING_AT_END
530.6,530.8648970173061,,,,PENDING_AT_END
530.9499999999999,531.1578232477058,,,,PENDING_AT_END
531.3,531.44408635836,,,,PENDING_AT_END
531.65,531.7443204698533,,,,PENDING_AT_END
532.0,532.3560260583736,,,,PENDING_AT_END
532.35,532.6582689549865,,,,PENDING_AT_END
532.6999999999999,533.0379203790491,,,,PENDING_AT_END
533.05,533.2362488885315,,,,PENDING_AT_END
533.4,533.7909869819642,,,,PENDING_AT_END
533.75,533.8309497201162,,,,PENDING_AT_END
534.1,534.2562812323546,,,,PENDING_AT_END
534.4499999999999,534.4962982792762,,,,PENDING_AT_END
534.8,535.186706270428,,,,PENDING_AT_END
535.15,535.1715540204729,,,,PENDING_AT_END
535.5,535.7617927261617,,,,PENDING_AT_END
535.85,536.2449755809706,,,,PENDING_AT_END
536.1999999999999,536.2558609533145,,,,PENDING_AT_END
536.55,536.7917369628328,,,,PENDING_AT_END
536.9,537.2063461124936,,,,PENDING_AT_END
537.25,537.3358530595517,,,,PENDING_AT_END
537.5999999999999,537.6731677896541,,,,PENDING_AT_END
537.9499999999999,538.2835530338144,,,,PENDING_AT_END
538.3,538.3718769285201,,,,PENDING_AT_END
538.65,538.6670686757926,,,,PENDING_AT_END
539.0,539.267472183092,,,,PENDING_AT_END
539.3499999999999,539.3873827360726,,,,PENDING_AT_END
539.6999999999999,539.7488100640104,,,,PENDING_AT_END
540.05,540.4356946235719,,,,PENDING_AT_END
540.4,540.7947268960421,,,,PENDING_AT_END
540.75,540.985010766578,,,,PENDING_AT_END
541.0999999999999,541.3365841965699,,,,PENDING_AT_END
541.4499999999999,541.595408097326,,,,PENDING_AT_END
541.8,542.0623286210655,,,,PENDING_AT_END
542.15,542.4872403723415,,,,PENDING_AT_END
542.5,542.6442880355694,,,,PENDING_AT_END
542.8499999999999,542.9184270005014,,,,PENDING_AT_END
543.1999999999999,543.5917111019013,,,,PENDING_AT_END
543.55,543.574883560892,,,,PENDING_AT_END
543.9,544.0775562276814,,,,PENDING_AT_END
544.25,544.308437935985,,,,PENDING_AT_END
544.5999999999999,544.6986887770831,,,,PENDING_AT_END
544.9499999999999,545.2474421731391,,,,PENDING_AT_END
545.3,545.4169458868171,,,,PENDING_AT_END
545.65,545.8031936017481,,,,PENDING_AT_END
546.0,546.2029724443726,,,,PENDING_AT_END
546.3499999999999,546.6456460161558,,,,PENDING_AT_END
546.6999999999999,547.0968443578587,,,,PENDING_AT_END
547.05,547.0657754266556,,,,PENDING_AT_END
547.4,547.4513497414545,,,,PENDING_AT_END
547.75,547.8165416031195,,,,PENDING_AT_END
548.0999999999999,548.4036201981107,,,,PENDING_AT_END
548.4499999999999,548.5031407820624,,,,PENDING_AT_END
548.8,548.859140253586,,,,PENDING_AT_END
549.15,549.4318672318451,,,,PENDING_AT_END
549.5,549.6429050318538,,,,PENDING_AT_END
549.8499999999999,550.0474683235643,,,,PENDING_AT_END
550.1999999999999,550.5202354828051,,,,PENDING_AT_END
550.55,550.6978732315185,,,,PENDING_AT_END
550.9,551.1552630429118,,,,PENDING_AT_END
551.25,551.2940982006655,,,,PENDING_AT_END
551.5999999999999,551.7477269824983,,,,PENDING_AT_END
551.9499999999999,552.3432286786382,,,,PENDING_AT_END
552.3,552.4812015399873,,,,PENDING_AT_END
552.65,552.9826246596518,,,,PENDING_AT_END
553.0,553.2228288154245,,,,PENDING_AT_END
553.3499999999999,553.4760478745247,,,,PENDING_AT_END
553.6999999999999,553.7008537815658,,,,PENDING_AT_END
554.05,554.2065661168631,,,,PENDING_AT_END
554.4,554.5753449135954,,,,PENDING_AT_END
554.75,554.9103664679628,,,,PENDING_AT_END
555.0999999999999,555.3479719173556,,,,PENDING_AT_END
555.4499999999999,555.6968817911783,,,,PENDING_AT_END
555.8,556.1161008843399,,,,PENDING_AT_END
556.15,556.1759710016282,,,,PENDING_AT_END
556.5,556.8435145205469,,,,PENDING_AT_END
556.8499999999999,557.0886276745339,,,,PENDING_AT_END
557.1999999999999,557.2896549487467,,,,PENDING_AT_END
557.55,557.8953090237862,,,,PENDING_AT_END
557.9,558.2994024252704,,,,PENDING_AT_END
558.25,558.4564311805209,,,,PENDING_AT_END
558.5999999999999,558.8734130656862,,,,PENDING_AT_END
558.9499999999999,559.1616187900887,,,,PENDING_AT_END
559.3,559.3744076128542,,,,PENDING_AT_END
559.65,559.7141633272446,,,,PENDING_AT_END
560.0,560.1838163250864,,,,PENDING_AT_END
560.3499999999999,560.631941748479,,,,PENDING_AT_END
560.6999999999999,561.0133944141138,,,,PENDING_AT_END
561.05,561.4220194544682,,,,PENDING_AT_END
561.4,561.7652161323527,,,,PENDING_AT_END
561.75,561.8297439043224,,,,PENDING_AT_END
562.0999999999999,562.4062283717328,,,,PENDING_AT_END
562.4499999999999,562.4674122602272,,,,PENDING_AT_END
562.8,562.9411074764755,,,,PENDING_AT_END
563.15,563.4211213628154,,,,PENDING_AT_END
563.5,563.5342998990454,,,,PENDING_AT_END
563.8499999999999,564.0902136848592,,,,PENDING_AT_END
564.1999999999999,564.3003495817396,,,,PENDING_AT_END
564.55,564.9117389832584,,,,PENDING_AT_END
564.9,565.261867477106,,,,PENDING_AT_END
565.25,565.4833866479341,,,,PENDING_AT_END
565.5999999999999,565.646529646853,,,,PENDING_AT_END
565.9499999999999,566.1812243942057,,,,PENDING_AT_END
566.3,566.3604435673583,,,,PENDING_AT_END
566.65,566.9344276302744,,,,PENDING_AT_END
567.0,567.0552207768853,,,,PENDING_AT_END
567.3499999999999,567.5427029960401,,,,PENDING_AT_END
567.6999999999999,567.9298512399126,,,,PENDING_AT_END
568.05,568.0722686602792,,,,PENDING_AT_END
568.4,568.7760851738511,,,,PENDING_AT_END
568.75,568.9530435806726,,,,PENDING_AT_END
569.0999999999999,569.2073952341284,,,,PENDING_AT_END
569.4499999999999,569.641503141,,,,PENDING_AT_END
569.8,569.964443394143,,,,PENDING_AT_END
570.15,570.4857497163711,,,,PENDING_AT_END
570.5,570.6641663436217,,,,PENDING_AT_END
570.8499999999999,570.9898955454539,,,,PENDING_AT_END
571.1999999999999,571.5959344759357,,,,PENDING_AT_END
571.55,571.7066563862261,,,,PENDING_AT_END
571.9,572.2692504204466,,,,PENDING_AT_END
572.25,572.523602271636,,,,PENDING_AT_END
572.5999999999999,572.6510146830976,,,,PENDING_AT_END
572.9499999999999,573.274446304259,,,,PENDING_AT_END
573.3,573.305026362656,,,,PENDING_AT_END
573.65,573.7606581689566,,,,PENDING_AT_END
574.0,574.3346603518214,,,,PENDING_AT_END
574.3499999999999,574.6103534167605,,,,PENDING_AT_END
574.6999999999999,574.8111490841308,,,,PENDING_AT_END
575.05,575.3329459661268,,,,PENDING_AT_END
575.4,575.5652386705534,,,,PENDING_AT_END
575.75,576.0326210085962,,,,PENDING_AT_END
576.0999999999999,576.2645378516443,,,,PENDING_AT_END
576.4499999999999,576.4975557542153,,,,PENDING_AT_END
576.8,577.1259532635997,,,,PENDING_AT_END
577.15,577.2552691739139,,,,PENDING_AT_END
577.5,577.7269378944968,,,,PENDING_AT_END
577.8499999999999,578.1271533528022,,,,PENDING_AT_END
578.1999999999999,578.4170099955137,,,,PENDING_AT_END
578.55,578.9376097843083,,,,PENDING_AT_END
578.9,579.2215527526345,,,,PENDING_AT_END
579.25,579.5292046108198,,,,PENDING_AT_END
579.5999999999999,579.9349020640373,,,,PENDING_AT_END
579.9499999999999,580.0508923071187,,,,PENDING_AT_END
580.3,580.502965459011,,,,PENDING_AT_END
580.65,580.7445123539804,,,,PENDING_AT_END
581.0,581.1021936701636,,,,PENDING_AT_END
581.3499999999999,581.5252217316479,,,,PENDING_AT_END
581.6999999999999,581.7213429838813,,,,PENDING_AT_END
582.05,582.1048682074354,,,,PENDING_AT_END
582.4,582.6328494284679,,,,PENDING_AT_END
582.75,582.9226659310982,,,,PENDING_AT_END
583.0999999999999,583.228283273304,,,,PENDING_AT_END
583.4499999999999,583.6313397265561,,,,PENDING_AT_END
583.8,583.8312488591523,,,,PENDING_AT_END
584.15,584.408930248707,,,,PENDING_AT_END
584.5,584.6337672212533,,,,PENDING_AT_END
584.8499999999999,585.1442459452842,,,,PENDING_AT_END
585.1999999999999,585.4849493209623,,,,PENDING_AT_END
585.55,585.9210076971037,,,,PENDING_AT_END
585.9,586.2687793674598,,,,PENDING_AT_END
586.25,586.5858153889919,,,,PENDING_AT_END
586.5999999999999,586.6522697426087,,,,PENDING_AT_END
586.9499999999999,587.3137899689208,,,,PENDING_AT_END
587.3,587.694060360484,,,,PENDING_AT_END
587.65,587.7274929416825,,,,PENDING_AT_END
588.0,588.3425878140404,,,,PENDING_AT_END
588.3499999999999,588.5879299498026,,,,PENDING_AT_END
588.6999999999999,588.8658466891737,,,,PENDING_AT_END
589.05,589.3888128280323,,,,PENDING_AT_END
589.4,589.4283376702443,,,,PENDING_AT_END
589.75,590.0616709748497,,,,PENDING_AT_END
590.0999999999999,590.4264489509735,,,,PENDING_AT_END
590.4499999999999,590.7063758849473,,,,PENDING_AT_END
590.8,591.1507013734906,,,,PENDING_AT_END
591.15,591.38045457632,,,,PENDING_AT_END
591.5,591.5525458580048,,,,PENDING_AT_END
591.8499999999999,591.9604741580572,,,,PENDING_AT_END
592.1999999999999,592.2980260740181,,,,PENDING_AT_END
592.55,592.8127265764788,,,,PENDING_AT_END
592.9,593.2754848651695,,,,PENDING_AT_END
593.25,593.4751854819028,,,,PENDING_AT_END
593.5999999999999,593.6312405396384,,,,PENDING_AT_END
593.9499999999999,594.2946694260103,,,,PENDING_AT_END
594.3,594.3691230638972,,,,PENDING_AT_END
594.65,594.9460864603421,,,,PENDING_AT_END
595.0,595.1458949091082,,,,PENDING_AT_END
595.3499999999999,595.4398929023043,,,,PENDING_AT_END
595.6999999999999,595.9911372044011,,,,PENDING_AT_END
596.05,596.177125749613,,,,PENDING_AT_END
596.4,596.6844182460264,,,,PENDING_AT_END
596.75,596.8685773992854,,,,PENDING_AT_END
597.0999999999999,597.3619295776675,,,,PENDING_AT_END
597.4499999999999,597.5687270221023,,,,PENDING_AT_END
597.8,598.0013981823643,,,,PENDING_AT_END
598.15,598.2009643101118,,,,PENDING_AT_END
598.5,598.6503051938903,,,,PENDING_AT_END
598.8499999999999,599.1280980836511,,,,PENDING_AT_END
599.1999999999999,599.3446062952247,,,,PENDING_AT_END
599.55,599.5535978602484,,,,PENDING_AT_END
599.9,600.2185241332926,,,,PENDING_AT_END
600.25,600.4490792494889,,,,PENDING_AT_END
600.5999999999999,600.8579524247048,,,,PENDING_AT_END
600.9499999999999,600.9930872406859,,,,PENDING_AT_END
601.3,601.3694977633602,,,,PENDING_AT_END
601.65,601.9320769456784,,,,PENDING_AT_END
602.0,602.2170218314552,,,,PENDING_AT_END
602.3499999999999,602.6672680892775,,,,PENDING_AT_END
602.6999999999999,603.0661128159851,,,,PENDING_AT_END
603.05,603.1497243787926,,,,PENDING_AT_END
603.4,603.5947372711277,,,,PENDING_AT_END
603.75,603.8057800624072,,,,PENDING_AT_END
604.0999999999999,604.4053698042496,,,,PENDING_AT_END
604.4499999999999,604.6408232925138,,,,PENDING_AT_END
604.8,604.8254044336375,,,,PENDING_AT_END
605.15,605.2022931609293,,,,PENDING_AT_END
605.5,605.6713181750956,,,,PENDING_AT_END
605.8499999999999,606.0957482269121,,,,PENDING_AT_END
606.1999999999999,606.4101900614261,,,,PENDING_AT_END
606.55,606.6444216395771,,,,PENDING_AT_END
606.9,607.2684840699338,,,,PENDING_AT_END
607.25,607.4197515868952,,,,PENDING_AT_END
607.5999999999999,607.9407414914572,,,,PENDING_AT_END
607.9499999999999,608.1560056475788,,,,PENDING_AT_END
608.3,608.6731888350421,,,,PENDING_AT_END
608.65,608.7537462582965,,,,PENDING_AT_END
609.0,609.2872720682585,,,,PENDING_AT_END
609.3499999999999,609.6928305632553,,,,PENDING_AT_END
609.6999999999999,609.7420202895879,,,,PENDING_AT_END
610.05,610.3337648751051,,,,PENDING_AT_END
610.4,610.4930607417415,,,,PENDING_AT_END
610.75,610.9035266947094,,,,PENDING_AT_END
611.0999999999999,611.2280770173766,,,,PENDING_AT_END
611.4499999999999,611.5037243304627,,,,PENDING_AT_END
611.8,612.1688298016843,,,,PENDING_AT_END
612.15,612.2236538278536,,,,PENDING_AT_END
612.5,612.6591805271394,,,,PENDING_AT_END
612.8499999999999,612.8870167031027,,,,PENDING_AT_END
613.1999999999999,613.4356471990678,,,,PENDING_AT_END
613.55,613.8256721421174,,,,PENDING_AT_END
613.9,613.9787332411678,,,,PENDING_AT_END
614.25,614.4369759413612,,,,PENDING_AT_END
614.5999999999999,614.8845498909959,,,,PENDING_AT_END
614.9499999999999,615.0114139994715,,,,PENDING_AT_END
615.3,615.6150592708095,,,,PENDING_AT_END
615.65,615.7444058295961,,,,PENDING_AT_END
616.0,616.2428348448157,,,,PENDING_AT_END
616.3499999999999,616.3977354308788,,,,PENDING_AT_END
616.6999999999999,616.780513522125,,,,PENDING_AT_END
617.05,617.1631745047673,,,,PENDING_AT_END
617.4,617.4299381366765,,,,PENDING_AT_END
617.75,617.7795754014553,,,,PENDING_AT_END
618.0999999999999,618.4291465792862,,,,PENDING_AT_END
618.4499999999999,618.5130258489747,,,,PENDING_AT_END
618.8,619.1064908611309,,,,PENDING_AT_END
619.15,619.1994232890244,,,,PENDING_AT_END
619.5,619.7875248387486,,,,PENDING_AT_END
619.8499999999999,619.9750755974676,,,,PENDING_AT_END
620.1999999999999,620.3705543119726,,,,PENDING_AT_END
620.55,620.7655382780026,,,,PENDING_AT_END
620.9,620.9992981476815,,,,PENDING_AT_END
621.25,621.5859567309806,,,,PENDING_AT_END
621.5999999999999,621.7433067971838,,,,PENDING_AT_END
621.9499999999999,621.9983736971793,,,,PENDING_AT_END
622.3,622.5949940879923,,,,PENDING_AT_END
622.65,622.7420858725033,,,,PENDING_AT_END
623.0,623.1764946921508,,,,PENDING_AT_END
623.3499999999999,623.3760090258636,,,,PENDING_AT_END
623.6999999999999,623.9126731491009,,,,PENDING_AT_END
624.05,624.4163201055387,,,,PENDING_AT_END
624.4,624.4326969784239,,,,PENDING_AT_END
624.75,625.0457957335498,,,,PENDING_AT_END
625.0999999999999,625.1146804799321,,,,PENDING_AT_END
625.4499999999999,625.6450584730893,,,,PENDING_AT_END
625.8,626.1268257447484,,,,PENDING_AT_END
626.15,626.2702653487896,,,,PENDING_AT_END
626.5,626.7143311705333,,,,PENDING_AT_END
626.8499999999999,627.0135113618971,,,,PENDING_AT_END
627.1999999999999,627.2594502500032,,,,PENDING_AT_END
627.55,627.8334754346649,,,,PENDING_AT_END
627.9,628.0927107811134,,,,PENDING_AT_END
628.25,628.6308333866798,,,,PENDING_AT_END
628.5999999999999,628.9988805649323,,,,PENDING_AT_END
628.9499999999999,629.3150372114311,,,,PENDING_AT_END
629.3,629.6361755313922,,,,PENDING_AT_END
629.65,629.903002095651,,,,PENDING_AT_END
630.0,630.1717393986667,,,,PENDING_AT_END
630.3499999999999,630.704728722357,,,,PENDING_AT_END
630.6999999999999,630.9857137785933,,,,PENDING_AT_END
631.05,631.3010331393446,,,,PENDING_AT_END
631.4,631.5594824913322,,,,PENDING_AT_END
631.75,631.8453294313742,,,,PENDING_AT_END
632.0999999999999,632.2574902023446,,,,PENDING_AT_END
632.4499999999999,632.8059800524337,,,,PENDING_AT_END
632.8,633.1503595065055,,,,PENDING_AT_END
633.15,633.4108185361491,,,,PENDING_AT_END
633.5,633.5160365297868,,,,PENDING_AT_END
633.8499999999999,633.9918840314979,,,,PENDING_AT_END
634.1999999999999,634.2254973490834,,,,PENDING_AT_END
634.55,634.7157064281362,,,,PENDING_AT_END
634.9,635.2092138824258,,,,PENDING_AT_END
635.25,635.2710932339464,,,,PENDING_AT_END
635.5999999999999,635.7175696908346,,,,PENDING_AT_END
635.9499999999999,636.0408683818151,,,,PENDING_AT_END
636.3,636.3586797753453,,,,PENDING_AT_END
636.65,636.7370871120564,,,,PENDING_AT_END
637.0,637.3967714016981,,,,PENDING_AT_END
637.3499999999999,637.5524873113818,,,,PENDING_AT_END
637.6999999999999,637.7584197293871,,,,PENDING_AT_END
638.05,638.2321162193505,,,,PENDING_AT_END
638.4,638.7413570346131,,,,PENDING_AT_END
638.75,638.8075574672159,,,,PENDING_AT_END
639.0999999999999,639.4263121386118,,,,PENDING_AT_END
639.4499999999999,639.8412486059234,,,,PENDING_AT_END
639.8,640.0360418078862,,,,PENDING_AT_END
640.15,640.4317296837831,,,,PENDING_AT_END
640.5,640.5770651696876,,,,PENDING_AT_END
640.8499999999999,641.0690540919397,,,,PENDING_AT_END
641.1999999999999,641.4353985386853,,,,PENDING_AT_END
641.55,641.5816787791564,,,,PENDING_AT_END
641.9,642.086819303484,,,,PENDING_AT_END
642.25,642.4778311515201,,,,PENDING_AT_END
642.5999999999999,642.838273089917,,,,PENDING_AT_END
642.9499999999999,643.1549119340901,,,,PENDING_AT_END
643.3,643.5074083040283,,,,PENDING_AT_END
643.65,643.9596349892573,,,,PENDING_AT_END
644.0,644.1836998991332,,,,PENDING_AT_END
644.3499999999999,644.493463807821,,,,PENDING_AT_END
644.6999999999999,644.8501449797315,,,,PENDING_AT_END
645.05,645.2888224367689,,,,PENDING_AT_END
645.4,645.5928522680409,,,,PENDING_AT_END
645.75,645.798939869017,,,,PENDING_AT_END
646.0999999999999,646.127464220616,,,,PENDING_AT_END
646.4499999999999,646.4753169603947,,,,PENDING_AT_END
646.8,646.921636002812,,,,PENDING_AT_END
647.15,647.3604766598447,,,,PENDING_AT_END
647.5,647.5179226436289,,,,PENDING_AT_END
647.8499999999999,648.1477207993489,,,,PENDING_AT_END
648.1999999999999,648.3608090944023,,,,PENDING_AT_END
648.55,648.6598946148349,,,,PENDING_AT_END
648.9,649.1230942603828,,,,PENDING_AT_END
649.25,649.280765170759,,,,PENDING_AT_END
649.5999999999999,649.9750827912465,,,,PENDING_AT_END
649.9499999999999,649.9895520925137,,,,PENDING_AT_END
650.3,650.3427655364426,,,,PENDING_AT_END
650.65,650.7498294778828,,,,PENDING_AT_END
651.0,651.2007540918148,,,,PENDING_AT_END
651.3499999999999,651.4439530628947,,,,PENDING_AT_END
651.6999999999999,651.8108259522108,,,,PENDING_AT_END
652.05,652.2032122699134,,,,PENDING_AT_END
652.4,652.4389653553031,,,,PENDING_AT_END
652.75,652.9954454033416,,,,PENDING_AT_END
653.0999999999999,653.1287916476774,,,,PENDING_AT_END
653.4499999999999,653.5021477536337,,,,PENDING_AT_END
653.8,654.089514049834,,,,PENDING_AT_END
654.15,654.4850565372127,,,,PENDING_AT_END
654.5,654.8259197521654,,,,PENDING_AT_END
654.8499999999999,655.1082441465612,,,,PENDING_AT_END
655.1999999999999,655.5088488299328,,,,PENDING_AT_END
655.55,655.5793102015841,,,,PENDING_AT_END
655.9,656.1658171261082,,,,PENDING_AT_END
656.25,656.4769605928732,,,,PENDING_AT_END
656.5999999999999,656.9285984915273,,,,PENDING_AT_END
656.9499999999999,657.0745299330032,,,,PENDING_AT_END
657.3,657.566611283032,,,,PENDING_AT_END
657.65,658.0398353085496,,,,PENDING_AT_END
658.0,658.0301393514471,,,,PENDING_AT_END
658.3499999999999,658.3508329899848,,,,PENDING_AT_END
658.6999999999999,658.7001584434428,,,,PENDING_AT_END
659.05,659.1274022228006,,,,PENDING_AT_END
659.4,659.618275363949,,,,PENDING_AT_END
659.75,659.8405082871948,,,,PENDING_AT_END
660.0999999999999,660.1580513985139,,,,PENDING_AT_END
660.4499999999999,660.6119475783272,,,,PENDING_AT_END
660.8,661.1422275827213,,,,PENDING_AT_END
661.15,661.4911801859004,,,,PENDING_AT_END
661.5,661.8174721340336,,,,PENDING_AT_END
661.8499999999999,662.1785104905787,,,,PENDING_AT_END
662.1999999999999,662.2877972460591,,,,PENDING_AT_END
662.55,662.5966314370344,,,,PENDING_AT_END
662.9,663.0225836814747,,,,PENDING_AT_END
663.25,663.4550448809064,,,,PENDING_AT_END
663.5999999999999,663.8304686750023,,,,PENDING_AT_END
663.9499999999999,663.971653565993,,,,PENDING_AT_END
664.3,664.5303339002517,,,,PENDING_AT_END
664.65,664.9543745711659,,,,PENDING_AT_END
665.0,665.2670406843504,,,,PENDING_AT_END
665.3499999999999,665.3949453913715,,,,PENDING_AT_END
665.6999999999999,665.8127325291958,,,,PENDING_AT_END
666.05,666.2114888538674,,,,PENDING_AT_END
666.4,666.7369930129847,,,,PENDING_AT_END
666.75,667.0252349267143,,,,PENDING_AT_END
667.0999999999999,667.2172893956986,,,,PENDING_AT_END
667.4499999999999,667.4846300027785,,,,PENDING_AT_END
667.8,668.0358531429956,,,,PENDING_AT_END
668.15,668.4027347545929,,,,PENDING_AT_END
668.5,668.730816831986,,,,PENDING_AT_END
668.8499999999999,669.0948948866685,,,,PENDING_AT_END
669.1999999999999,669.4082464227748,,,,PENDING_AT_END
669.55,669.849269306527,,,,PENDING_AT_END
669.9,670.2841645768916,,,,PENDING_AT_END
670.25,670.6191284474764,,,,PENDING_AT_END
670.5999999999999,670.6403301192056,,,,PENDING_AT_END
670.9499999999999,671.0201806948047,,,,PENDING_AT_END
671.3,671.6854693261328,,,,PENDING_AT_END
671.65,671.8023198429163,,,,PENDING_AT_END
672.0,672.3293923924261,,,,PENDING_AT_END
672.3499999999999,672.7229051348745,,,,PENDING_AT_END
672.6999999999999,673.0066139573993,,,,PENDING_AT_END
673.05,673.0923382791564,,,,PENDING_AT_END
673.4,673.7077373151234,,,,PENDING_AT_END
673.75,674.0354899845247,,,,PENDING_AT_END
674.0999999999999,674.1661249826843,,,,PENDING_AT_END
674.4499999999999,674.490663388479,,,,PENDING_AT_END
674.8,675.1014971653472,,,,PENDING_AT_END
675.15,675.2998767243258,,,,PENDING_AT_END
675.5,675.8642151734493,,,,PENDING_AT_END
675.8499999999999,675.9827343389688,,,,PENDING_AT_END
676.1999999999999,676.3953850464419,,,,PENDING_AT_END
676.55,676.645488650274,,,,PENDING_AT_END
676.9,677.0434965605237,,,,PENDING_AT_END
677.25,677.5917756115209,,,,PENDING_AT_END
677.5999999999999,677.8101260358335,,,,PENDING_AT_END
677.9499999999999,677.9527071841602,,,,PENDING_AT_END
678.3,678.6634492676721,,,,PENDING_AT_END
678.65,678.7968210032694,,,,PENDING_AT_END
679.0,679.2666345431219,,,,PENDING_AT_END
679.3499999999999,679.4930593524962,,,,PENDING_AT_END
679.6999999999999,679.745883714373,,,,PENDING_AT_END
680.05,680.2947289785282,,,,PENDING_AT_END
680.4,680.7635731840877,,,,PENDING_AT_END
680.75,681.0262536186626,,,,PENDING_AT_END
681.0999999999999,681.2883980995725,,,,PENDING_AT_END
681.4499999999999,681.7899229274236,,,,PENDING_AT_END
681.8,681.9070836786093,,,,PENDING_AT_END
682.15,682.2483370546137,,,,PENDING_AT_END
682.5,682.7320200277536,,,,PENDING_AT_END
682.8499999999999,682.9998018865685,,,,PENDING_AT_END
683.1999999999999,683.4470620207327,,,,PENDING_AT_END
683.55,683.5718397689845,,,,PENDING_AT_END
683.9,684.0878892378418,,,,PENDING_AT_END
684.25,684.4486908338886,,,,PENDING_AT_END
684.5999999999999,684.9568595916762,,,,PENDING_AT_END
684.9499999999999,684.9948604613263,,,,PENDING_AT_END
685.3,685.5091380360423,,,,PENDING_AT_END
685.65,686.0152387465631,,,,PENDING_AT_END
686.0,686.3897340827637,,,,PENDING_AT_END
686.3499999999999,686.7498895283518,,,,PENDING_AT_END
686.6999999999999,687.0594064618596,,,,PENDING_AT_END
687.05,687.3594621702732,,,,PENDING_AT_END
687.4,687.7023829237538,,,,PENDING_AT_END
687.75,687.9650144725481,,,,PENDING_AT_END
688.0999999999999,688.3346227954962,,,,PENDING_AT_END
688.4499999999999,688.7875074273321,,,,PENDING_AT_END
688.8,688.8157648943302,,,,PENDING_AT_END
689.15,689.5331816643978,,,,PENDING_AT_END
689.5,689.8020905063413,,,,PENDING_AT_END
689.8499999999999,689.8801664409109,,,,PENDING_AT_END
690.1999999999999,690.3212000837374,,,,PENDING_AT_END
690.55,690.8678768663112,,,,PENDING_AT_END
690.9,691.2626549524188,,,,PENDING_AT_END
691.25,691.6272988563969,,,,PENDING_AT_END
691.5999999999999,691.7596525948479,,,,PENDING_AT_END
691.9499999999999,692.084637524356,,,,PENDING_AT_END
692.3,692.5417668741129,,,,PENDING_AT_END
692.65,692.6633444390792,,,,PENDING_AT_END
693.0,693.1858664874594,,,,PENDING_AT_END
693.3499999999999,693.4705186855442,,,,PENDING_AT_END
693.6999999999999,693.8662911361879,,,,PENDING_AT_END
694.05,694.1496811047882,,,,PENDING_AT_END
694.4,694.6914691227067,,,,PENDING_AT_END
694.75,695.1146085476964,,,,PENDING_AT_END
695.0999999999999,695.2720109291365,,,,PENDING_AT_END
695.4499999999999,695.5429443678428,,,,PENDING_AT_END
695.8,695.8938423374655,,,,PENDING_AT_END
696.15,696.5407121964314,,,,PENDING_AT_END
696.5,696.890127418075,,,,PENDING_AT_END
696.8499999999999,697.2221585171219,,,,PENDING_AT_END
697.1999999999999,697.339124065266,,,,PENDING_AT_END
697.55,697.6719101717258,,,,PENDING_AT_END
697.9,698.2466179898312,,,,PENDING_AT_END
698.25,698.3285203086184,,,,PENDING_AT_END
698.5999999999999,698.8499988920908,,,,PENDING_AT_END
698.9499999999999,699.258554385763,,,,PENDING_AT_END
699.3,699.682662054834,,,,PENDING_AT_END
699.65,699.7557743634135,,,,PENDING_AT_END
700.0,700.1221894348562,,,,PENDING_AT_END
700.3499999999999,700.5727044437847,,,,PENDING_AT_END
700.6999999999999,700.9757140851337,,,,PENDING_AT_END
701.05,701.1946414453851,,,,PENDING_AT_END
701.4,701.735131932384,,,,PENDING_AT_END
701.75,701.9170836781316,,,,PENDING_AT_END
702.0999999999999,702.2359401205395,,,,PENDING_AT_END
702.4499999999999,702.7765734127651,,,,PENDING_AT_END
702.8,702.8847294756004,,,,PENDING_AT_END
703.15,703.45423466573,,,,PENDING_AT_END
703.5,703.5182048192542,,,,PENDING_AT_END
703.8499999999999,703.8522642266423,,,,PENDING_AT_END
704.1999999999999,704.4001484785277,,,,PENDING_AT_END
704.55,704.8710281768581,,,,PENDING_AT_END
704.9,705.1577955661604,,,,PENDING_AT_END
705.25,705.6036341448837,,,,PENDING_AT_END
705.5999999999999,705.6150098899764,,,,PENDING_AT_END
705.9499999999999,706.1901656719748,,,,PENDING_AT_END
706.3,706.3719463746029,,,,PENDING_AT_END
706.65,706.9404677922279,,,,PENDING_AT_END
707.0,707.3756967474073,,,,PENDING_AT_END
707.3499999999999,707.5519208490186,,,,PENDING_AT_END
707.6999999999999,707.7310337515149,,,,PENDING_AT_END
708.05,708.2383156321571,,,,PENDING_AT_END
708.4,708.4219379496752,,,,PENDING_AT_END
708.75,708.8025408341023,,,,PENDING_AT_END
709.0999999999999,709.3637835881846,,,,PENDING_AT_END
709.4499999999999,709.5807395003068,,,,PENDING_AT_END
709.8,710.0791222061521,,,,PENDING_AT_END
710.15,710.5327495014275,,,,PENDING_AT_END
710.5,710.6110203618805,,,,PENDING_AT_END
710.8499999999999,711.1650909878381,,,,PENDING_AT_END
711.1999999999999,711.4941784855806,,,,PENDING_AT_END
711.55,711.9287804455489,,,,PENDING_AT_END
711.9,712.2162070572427,,,,PENDING_AT_END
712.25,712.4447561344045,,,,PENDING_AT_END
712.5999999999999,712.8272286548888,,,,PENDING_AT_END
712.9499999999999,713.3042789897705,,,,PENDING_AT_END
713.3,713.5275739330766,,,,PENDING_AT_END
713.65,714.0305603318815,,,,PENDING_AT_END
714.0,714.3420181843699,,,,PENDING_AT_END
714.3499999999999,714.4127782168309,,,,PENDING_AT_END
714.6999999999999,714.8492301231648,,,,PENDING_AT_END
715.05,715.1642258082582,,,,PENDING_AT_END
715.4,715.7310739788076,,,,PENDING_AT_END
715.75,715.8831251265894,,,,PENDING_AT_END
716.0999999999999,716.3349399257384,,,,PENDING_AT_END
716.4499999999999,716.7643890304049,,,,PENDING_AT_END
716.8,716.873797275578,,,,PENDING_AT_END
717.15,717.263288322975,,,,PENDING_AT_END
717.5,717.6615030084279,,,,PENDING_AT_END
717.8499999999999,718.0062670017835,,,,PENDING_AT_END
718.1999999999999,718.5712184224766,,,,PENDING_AT_END
718.55,718.7497570990115,,,,PENDING_AT_END
718.9,719.0925484443713,,,,PENDING_AT_END
719.25,719.5008009155854,,,,PENDING_AT_END
719.5999999999999,719.7092338429543,,,,PENDING_AT_END
719.9499999999999,720.0622150756304,,,,PENDING_AT_END
720.3,720.6564036469149,,,,PENDING_AT_END
720.65,720.6501882575545,,,,PENDING_AT_END
721.0,721.3924174330803,,,,PENDING_AT_END
721.3499999999999,721.5915284190089,,,,PENDING_AT_END
721.6999999999999,721.769810986489,,,,PENDING_AT_END
722.05,722.3624144149571,,,,PENDING_AT_END
722.4,722.7774702218838,,,,PENDING_AT_END
722.75,722.7908324588195,,,,PENDING_AT_END
723.0999999999999,723.1251088430593,,,,PENDING_AT_END
723.4499999999999,723.4850726455901,,,,PENDING_AT_END
723.8,724.0197081564927,,,,PENDING_AT_END
724.15,724.5262653883818,,,,PENDING_AT_END
724.5,724.6726840302972,,,,PENDING_AT_END
724.8499999999999,725.2465266526606,,,,PENDING_AT_END
725.1999999999999,725.5079299678417,,,,PENDING_AT_END
725.55,725.9229545248077,,,,PENDING_AT_END
725.9,726.0834035831418,,,,PENDING_AT_END
726.25,726.3360723428718,,,,PENDING_AT_END
726.5999999999999,726.6714503572223,,,,PENDING_AT_END
726.9499999999999,727.1856231095347,,,,PENDING_AT_END
727.3,727.5710452055921,,,,PENDING_AT_END
727.65,727.8057844953597,,,,PENDING_AT_END
728.0,728.2806822991231,,,,PENDING_AT_END
728.3499999999999,728.6787724961341,,,,PENDING_AT_END
728.6999999999999,728.7131630893856,,,,PENDING_AT_END
729.05,729.2020300919787,,,,PENDING_AT_END
729.4,729.673760294925,,,,PENDING_AT_END
729.75,729.8377010805434,,,,PENDING_AT_END
730.0999999999999,730.215218945016,,,,PENDING_AT_END
730.4499999999999,730.5394541317606,,,,PENDING_AT_END
730.8,731.1303002138059,,,,PENDING_AT_END
731.15,731.3153785905255,,,,PENDING_AT_END
731.5,731.6644469575313,,,,PENDING_AT_END
731.8499999999999,731.990640505195,,,,PENDING_AT_END
732.1999999999999,732.4885088932575,,,,PENDING_AT_END
732.55,732.6115319732924,,,,PENDING_AT_END
732.9,733.167257133253,,,,PENDING_AT_END
733.25,733.5962478712249,,,,PENDING_AT_END
733.5999999999999,733.8715984677103,,,,PENDING_AT_END
733.9499999999999,733.9633286888608,,,,PENDING_AT_END
734.3,734.6128028625847,,,,PENDING_AT_END
734.65,734.8869608159354,,,,PENDING_AT_END
