timestamp,gen_time,sel_time,tx_time,rx_time,status
0.0,0.076333695505812,153.05055680514528,153.05155680514528,153.22155680514527,TX
0.35,0.3569535279576618,158.78161906728062,158.78261906728062,158.9526190672806,TX
0.7,0.7602080448843882,158.46258119495585,158.46358119495585,158.63358119495584,TX
1.0499999999999998,1.328517043335074,157.33193640721828,157.33293640721828,157.50293640721827,TX
1.4,1.5451020289721171,153.3199934619643,153.3209934619643,153.49099346196428,TX
1.75,1.9631435528304984,156.7542587659534,156.7552587659534,156.9252587659534,TX
2.0999999999999996,2.3348747797506864,153.4991581162336,153.5001581162336,153.67015811623358,TX
2.4499999999999997,2.8055604999996944,159.6321850110807,159.6331850110807,159.8031850110807,TX
2.8,3.151675280900143,152.84022170682897,152.84122170682897,153.01122170682896,TX
3.15,3.2071574292839524,154.09832957306892,154.09932957306893,154.26932957306892,TX
3.5,3.504213098758367,159.82221493023826,159.82321493023827,159.99321493023825,TX
3.8499999999999996,3.868568059892496,161.48877161804148,161.4897716180415,161.65977161804147,TX
4.199999999999999,4.585148045536602,157.27356213456324,157.27456213456324,157.44456213456323,TX
4.55,4.8615440630008075,163.2539995124643,163.2549995124643,163.4249995124643,TX
4.8999999999999995,5.137660791847941,,,,PENDING_AT_END
5.25,5.516184816559557,,,,PENDING_AT_END
5.6,5.868007672481921,,,,PENDING_AT_END
5.949999999999999,6.105804992723495,,,,PENDING_AT_END
6.3,6.5390027655012135,,,,PENDING_AT_END
6.6499999999999995,6.947711351519664,,,,PENDING_AT_END
7.0,7.3256172564183295,,,,PENDING_AT_END
7.35,7.545601431540597,,,,PENDING_AT_END
7.699999999999999,7.811560746386338,,,,PENDING_AT_END
8.049999999999999,8.377798839739592,,,,PENDING_AT_END
8.399999999999999,8.538013035844596,,,,PENDING_AT_END
8.75,9.035826029427831,,,,PENDING_AT_END
9.1,9.17473807684698,,,,PENDING_AT_END
9.45,9.53457475665802,,,,PENDING_AT_END
9.799999999999999,10.14401749800824,,,,PENDING_AT_END
10.149999999999999,10.153407160689177,,,,PENDING_AT_END
10.5,10.897157838245104,,,,PENDING_AT_END
10.85,11.129718698836742,,,,PENDING_AT_END
11.2,11.300173777915571,,,,PENDING_AT_END
11.549999999999999,11.860568461709276,,,,PENDING_AT_END
11.899999999999999,12.077365294497863,,,,PENDING_AT_END
12.25,12.483939432133646,,,,PENDING_AT_END
12.6,12.770780329642884,,,,PENDING_AT_END
12.95,13.225068404263457,,,,PENDING_AT_END
13.299999999999999,13.387504688374522,,,,PENDING_AT_END
13.649999999999999,14.021999898861942,,,,PENDING_AT_END
14.0,14.34599101045751,,,,PENDING_AT_END
14.35,14.40194781891728,,,,PENDING_AT_END
14.7,14.98097458654211,,,,PENDING_AT_END
15.049999999999999,15.194314567963941,,,,PENDING_AT_END
15.399999999999999,15.747820703376522,,,,PENDING_AT_END
15.749999999999998,15.781589814257808,,,,PENDING_AT_END
16.099999999999998,16.420355881606273,,,,PENDING_AT_END
16.45,16.70050496171468,,,,PENDING_AT_END
16.799999999999997,17.176727278555965,,,,PENDING_AT_END
17.15,17.359491993064943,,,,PENDING_AT_END
17.5,17.825806454622352,,,,PENDING_AT_END
17.849999999999998,18.06736215274169,,,,PENDING_AT_END
18.2,18.484448892214164,,,,PENDING_AT_END
18.549999999999997,18.773906539412998,,,,PENDING_AT_END
18.9,18.955384884572467,,,,PENDING_AT_END
19.25,19.356676428329116,,,,PENDING_AT_END
19.599999999999998,19.919936924162766,,,,PENDING_AT_END
19.95,20.242851229401406,,,,PENDING_AT_END
20.299999999999997,20.623588740868563,,,,PENDING_AT_END
20.65,21.01941276394914,,,,PENDING_AT_END
21.0,21.235858163984496,,,,PENDING_AT_END
21.349999999999998,21.383692964026533,,,,PENDING_AT_END
21.7,21.773411507520233,,,,PENDING_AT_END
22.049999999999997,22.40553512366784,,,,PENDING_AT_END
22.4,22.593500137743085,,,,PENDING_AT_END
22.75,22.86922689803024,,,,PENDING_AT_END
23.099999999999998,23.181623781365314,,,,PENDING_AT_END
23.45,23.463407965776508,,,,PENDING_AT_END
23.799999999999997,23.87886143416913,,,,PENDING_AT_END
24.15,24.285793133194616,,,,PENDING_AT_END
24.5,24.77724812545989,,,,PENDING_AT_END
24.849999999999998,24.964135437702385,,,,PENDING_AT_END
25.2,25.20170376177725,,,,PENDING_AT_END
25.549999999999997,25.813140406424267,,,,PENDING_AT_END
25.9,26.271306068525305,,,,PENDING_AT_END
26.25,26.326597187047767,,,,PENDING_AT_END
26.599999999999998,26.8025411950663,,,,PENDING_AT_END
26.95,27.32227248935924,,,,PENDING_AT_END
27.299999999999997,27.398755334734325,,,,PENDING_AT_END
27.65,27.94925801287757,,,,PENDING_AT_END
28.0,28.345377827915563,,,,PENDING_AT_END
28.349999999999998,28.518075870602974,,,,PENDING_AT_END
28.7,28.818490810671523,,,,PENDING_AT_END
29.049999999999997,29.394318058110514,,,,PENDING_AT_END
29.4,29.415583966173934,,,,PENDING_AT_END
29.749999999999996,29.873839374440568,,,,PENDING_AT_END
30.099999999999998,30.289153129152364,,,,PENDING_AT_END
30.45,30.76746245906372,,,,PENDING_AT_END
30.799999999999997,31.031885509404773,,,,PENDING_AT_END
31.15,31.30965869461842,,,,PENDING_AT_END
31.499999999999996,31.589957159013412,,,,PENDING_AT_END
31.849999999999998,32.126459398489565,,,,PENDING_AT_END
32.199999999999996,32.472245495537,,,,PENDING_AT_END
32.55,32.886084794474186,,,,PENDING_AT_END
32.9,32.918508778323705,,,,PENDING_AT_END
33.25,33.48849313068577,,,,PENDING_AT_END
33.599999999999994,33.792331542650885,,,,PENDING_AT_END
33.949999999999996,33.97038965961729,,,,PENDING_AT_END
34.3,34.34949794776111,,,,PENDING_AT_END
34.65,34.65758170409806,,,,PENDING_AT_END
35.0,35.20114004620686,,,,PENDING_AT_END
35.349999999999994,35.70169204221564,,,,PENDING_AT_END
35.699999999999996,35.96358210341379,,,,PENDING_AT_END
36.05,36.253381584521165,,,,PENDING_AT_END
36.4,36.612428433657065,,,,PENDING_AT_END
36.75,36.81383673695683,,,,PENDING_AT_END
37.099999999999994,37.37758806983649,,,,PENDING_AT_END
37.449999999999996,37.73958957870871,,,,PENDING_AT_END
37.8,37.92424839126565,,,,PENDING_AT_END
38.15,38.162494256615396,,,,PENDING_AT_END
38.5,38.666597746503385,,,,PENDING_AT_END
38.849999999999994,38.985016704176786,,,,PENDING_AT_END
39.199999999999996,39.55013510993427,,,,PENDING_AT_END
39.55,39.91126886221947,,,,PENDING_AT_END
39.9,39.92932881265333,,,,PENDING_AT_END
40.25,40.28210070569867,,,,PENDING_AT_END
40.599999999999994,40.64986969192664,,,,PENDING_AT_END
40.949999999999996,40.99834496544016,,,,PENDING_AT_END
41.3,41.50374387242674,,,,PENDING_AT_END
41.65,41.707194692127565,,,,PENDING_AT_END
42.0,42.373983231925536,,,,PENDING_AT_END
42.349999999999994,42.7357100187816,,,,PENDING_AT_END
42.699999999999996,42.74796536697085,,,,PENDING_AT_END
43.05,43.108105791305036,,,,PENDING_AT_END
43.4,43.5501778802951,,,,PENDING_AT_END
43.75,43.778107086432556,,,,PENDING_AT_END
44.099999999999994,44.15027769472748,,,,PENDING_AT_END
44.449999999999996,44.78109083666666,,,,PENDING_AT_END
44.8,45.10939054416093,,,,PENDING_AT_END
45.15,45.36777665611401,,,,PENDING_AT_END
45.5,45.83296773444968,,,,PENDING_AT_END
45.849999999999994,45.85849931253708,,,,PENDING_AT_END
46.199999999999996,46.50560514958169,,,,PENDING_AT_END
46.55,46.79001584748654,,,,PENDING_AT_END
46.9,47.14317086004983,,,,PENDING_AT_END
47.25,47.63385981410458,,,,PENDING_AT_END
47.599999999999994,47.9702769488223,,,,PENDING_AT_END
47.949999999999996,48.15876856636523,,,,PENDING_AT_END
48.3,48.57645564067292,,,,PENDING_AT_END
48.65,48.83950429634064,,,,PENDING_AT_END
49.0,49.24835725234341,,,,PENDING_AT_END
49.349999999999994,49.3622233665522,,,,PENDING_AT_END
49.699999999999996,49.78138061241554,,,,PENDING_AT_END
50.05,50.215088890325504,,,,PENDING_AT_END
50.4,50.41164464464111,,,,PENDING_AT_END
50.75,50.933486142420705,,,,PENDING_AT_END
51.099999999999994,51.27952769160727,,,,PENDING_AT_END
51.449999999999996,51.60722027620677,,,,PENDING_AT_END
51.8,51.90667103562549,,,,PENDING_AT_END
52.15,52.536212367662706,,,,PENDING_AT_END
52.5,52.524071064433244,,,,PENDING_AT_END
52.849999999999994,52.9200638746715,,,,PENDING_AT_END
53.199999999999996,53.355151181233104,,,,PENDING_AT_END
53.55,53.68932273216352,,,,PENDING_AT_END
53.9,54.222356217955245,,,,PENDING_AT_END
54.25,54.32026157600977,,,,PENDING_AT_END
54.599999999999994,54.60191677100832,,,,PENDING_AT_END
54.949999999999996,55.05865968167536,,,,PENDING_AT_END
55.3,55.50389998804397,,,,PENDING_AT_END
55.65,55.76381627829321,,,,PENDING_AT_END
56.0,56.25632008729089,,,,PENDING_AT_END
56.349999999999994,56.38198999097581,,,,PENDING_AT_END
56.699999999999996,56.99175798761079,,,,PENDING_AT_END
57.05,57.07244986041948,,,,PENDING_AT_END
57.4,57.610477854342285,,,,PENDING_AT_END
57.74999999999999,57.809517433640885,,,,PENDING_AT_END
58.099999999999994,58.18699322808692,,,,PENDING_AT_END
58.449999999999996,58.650722606596766,,,,PENDING_AT_END
58.8,59.10560987380779,,,,PENDING_AT_END
59.15,59.22731978736896,,,,PENDING_AT_END
59.49999999999999,59.687768140009915,,,,PENDING_AT_END
59.849999999999994,59.900175681591165,,,,PENDING_AT_END
60.199999999999996,60.2415397497225,,,,PENDING_AT_END
60.55,60.75455730320343,,,,PENDING_AT_END
60.9,61.15279360389848,,,,PENDING_AT_END
61.24999999999999,61.5082089515628,,,,PENDING_AT_END
61.599999999999994,61.821951797521166,,,,PENDING_AT_END
61.949999999999996,62.227379248569214,,,,PENDING_AT_END
62.3,62.65609542156871,,,,PENDING_AT_END
62.65,62.93117967689488,,,,PENDING_AT_END
62.99999999999999,63.125285895627165,,,,PENDING_AT_END
63.349999999999994,63.44635597179334,,,,PENDING_AT_END
63.699999999999996,64.08820564140603,,,,PENDING_AT_END
64.05,64.29847416771109,,,,PENDING_AT_END
64.39999999999999,64.59153404583203,,,,PENDING_AT_END
64.75,65.12557301817085,,,,PENDING_AT_END
65.1,65.37411565189959,,,,PENDING_AT_END
65.45,65.55350552052344,,,,PENDING_AT_END
65.8,66.08293752916232,,,,PENDING_AT_END
66.14999999999999,66.31208829220837,,,,PENDING_AT_END
66.5,66.83519504908813,,,,PENDING_AT_END
66.85,67.06539628236916,,,,PENDING_AT_END
67.19999999999999,67.41915239735974,,,,PENDING_AT_END
67.55,67.57138018538562,,,,PENDING_AT_END
67.89999999999999,68.01245906922223,,,,PENDING_AT_END
68.25,68.2783433113247,,,,PENDING_AT_END
68.6,68.98719718981332,,,,PENDING_AT_END
68.94999999999999,69.18839434306634,,,,PENDING_AT_END
69.3,69.6308063600621,,,,PENDING_AT_END
69.64999999999999,69.78209408235692,,,,PENDING_AT_END
70.0,70.38585157220078,,,,PENDING_AT_END
70.35,70.68967342343984,,,,PENDING_AT_END
70.69999999999999,70.93462095724286,,,,PENDING_AT_END
71.05,71.30796210125017,,,,PENDING_AT_END
71.39999999999999,71.4949819808535,,,,PENDING_AT_END
71.75,71.77557741976779,,,,PENDING_AT_END
72.1,72.45175176802374,,,,PENDING_AT_END
72.44999999999999,72.55224590510821,,,,PENDING_AT_END
72.8,73.05785717873626,,,,PENDING_AT_END
73.14999999999999,73.26016039063133,,,,PENDING_AT_END
73.5,73.89466916519646,,,,PENDING_AT_END
73.85,74.10142824476847,,,,PENDING_AT_END
74.19999999999999,74.54123283575865,,,,PENDING_AT_END
74.55,74.93527907321031,,,,PENDING_AT_END
74.89999999999999,75.12334140432138,,,,PENDING_AT_END
75.25,75.55612957603321,,,,PENDING_AT_END
75.6,75.95380689864007,,,,PENDING_AT_END
75.94999999999999,75.9829952457832,,,,PENDING_AT_END
76.3,76.46381014869054,,,,PENDING_AT_END
76.64999999999999,76.87190471843276,,,,PENDING_AT_END
77.0,77.19515424369911,,,,PENDING_AT_END
77.35,77.65667170288003,,,,PENDING_AT_END
77.69999999999999,77.8104042224358,,,,PENDING_AT_END
78.05,78.39887984385369,,,,PENDING_AT_END
78.39999999999999,78.43128533008134,,,,PENDING_AT_END
78.75,78.78898134935918,,,,PENDING_AT_END
79.1,79.14834729557975,,,,PENDING_AT_END
79.44999999999999,79.7323893589344,,,,PENDING_AT_END
79.8,80.03351139228972,,,,PENDING_AT_END
80.14999999999999,80.27546876728287,,,,PENDING_AT_END
80.5,80.74395855705694,,,,PENDING_AT_END
80.85,81.1575749101813,,,,PENDING_AT_END
81.19999999999999,81.4141204896529,,,,PENDING_AT_END
81.55,81.88877295759617,,,,PENDING_AT_END
81.89999999999999,81.94319198930033,,,,PENDING_AT_END
82.25,82.30406956364524,,,,PENDING_AT_END
82.6,82.71511207470812,,,,PENDING_AT_END
82.94999999999999,83.10722081139832,,,,PENDING_AT_END
83.3,83.56279637969386,,,,PENDING_AT_END
83.64999999999999,84.03083088594458,,,,PENDING_AT_END
84.0,84.22227014019282,,,,PENDING_AT_END
84.35,84.53003678022816,,,,PENDING_AT_END
84.69999999999999,84.91546478530634,,,,PENDING_AT_END
85.05,85.26494938611874,,,,PENDING_AT_END
85.39999999999999,85.64964548066253,,,,PENDING_AT_END
85.75,85.94978504494867,,,,PENDING_AT_END
86.1,86.41764813799975,,,,PENDING_AT_END
86.44999999999999,86.64700960288874,,,,PENDING_AT_END
86.8,86.80875773602055,,,,PENDING_AT_END
87.14999999999999,87.37462559919258,,,,PENDING_AT_END
87.5,87.59506482666336,,,,PENDING_AT_END
87.85,87.91659761347779,,,,PENDING_AT_END
88.19999999999999,88.59901214890951,,,,PENDING_AT_END
88.55,88.62208070613882,,,,PENDING_AT_END
88.89999999999999,88.95818650162472,,,,PENDING_AT_END
89.25,89.50409435617033,,,,PENDING_AT_END
89.6,89.98687325717913,,,,PENDING_AT_END
89.94999999999999,90.00523535942287,,,,PENDING_AT_END
90.3,90.64455956515302,,,,PENDING_AT_END
90.64999999999999,90.79013679602609,,,,PENDING_AT_END
91.0,91.06007872580267,,,,PENDING_AT_END
91.35,91.45768310930109,,,,PENDING_AT_END
91.69999999999999,92.03016643680937,,,,PENDING_AT_END
92.05,92.17188558839594,,,,PENDING_AT_END
92.39999999999999,92.44884323018114,,,,PENDING_AT_END
92.75,93.03403008491873,,,,PENDING_AT_END
93.1,93.48874552878434,,,,PENDING_AT_END
93.44999999999999,93.67649056981793,,,,PENDING_AT_END
93.8,93.8500659998693,,,,PENDING_AT_END
94.14999999999999,94.49515324283517,,,,PENDING_AT_END
94.5,94.63245481386079,,,,PENDING_AT_END
94.85,95.24866597679406,,,,PENDING_AT_END
95.19999999999999,95.37566298083388,,,,PENDING_AT_END
95.55,95.78998652724273,,,,PENDING_AT_END
95.89999999999999,96.10595717833915,,,,PENDING_AT_END
96.25,96.26706683158812,,,,PENDING_AT_END
96.6,96.72249155375155,,,,PENDING_AT_END
96.94999999999999,97.18765308855095,,,,PENDING_AT_END
97.3,97.48196790723766,,,,PENDING_AT_END
97.64999999999999,97.84903554983494,,,,PENDING_AT_END
98.0,98.05218386955295,,,,PENDING_AT_END
98.35,98.43681100724675,,,,PENDING_AT_END
98.69999999999999,98.70506611432049,,,,PENDING_AT_END
99.05,99.24182277590607,,,,PENDING_AT_END
99.39999999999999,99.76091516648877,,,,PENDING_AT_END
99.75,100.0821909406506,,,,PENDING_AT_END
100.1,100.3312904379018,,,,PENDING_AT_END
100.44999999999999,100.83488277352708,,,,PENDING_AT_END
100.8,100.98154923331062,,,,PENDING_AT_END
101.14999999999999,101.48303985656311,,,,PENDING_AT_END
101.5,101.68097060022143,,,,PENDING_AT_END
101.85,102.18354616146993,,,,PENDING_AT_END
102.19999999999999,102.41174695705968,,,,PENDING_AT_END
102.55,102.6556941562208,,,,PENDING_AT_END
102.89999999999999,103.01115448884231,,,,PENDING_AT_END
103.25,103.4395561356445,,,,PENDING_AT_END
103.6,103.88817490911373,,,,PENDING_AT_END
103.94999999999999,104.34596966175761,,,,PENDING_AT_END
104.3,104.46266482372424,,,,PENDING_AT_END
104.64999999999999,104.83646382080862,,,,PENDING_AT_END
105.0,105.38228634725169,,,,PENDING_AT_END
105.35,105.62084676389333,,,,PENDING_AT_END
105.69999999999999,105.74743879362464,,,,PENDING_AT_END
106.05,106.16296702063183,,,,PENDING_AT_END
106.39999999999999,106.68117921414559,,,,PENDING_AT_END
106.75,107.01976286500818,,,,PENDING_AT_END
107.1,107.38503126683781,,,,PENDING_AT_END
107.44999999999999,107.82701916447957,,,,PENDING_AT_END
107.8,108.04687523426075,,,,PENDING_AT_END
108.14999999999999,108.46564119222667,,,,PENDING_AT_END
108.5,108.57450348787759,,,,PENDING_AT_END
108.85,109.14250116714089,,,,PENDING_AT_END
109.19999999999999,109.43405059665372,,,,PENDING_AT_END
109.55,109.84952508357829,,,,PENDING_AT_END
109.89999999999999,110.21169080932707,,,,PENDING_AT_END
110.25,110.46349782060386,,,,PENDING_AT_END
110.6,110.92949715789612,,,,PENDING_AT_END
110.94999999999999,110.96643025293764,,,,PENDING_AT_END
111.3,111.44097056695882,,,,PENDING_AT_END
111.64999999999999,112.01613725652054,,,,PENDING_AT_END
112.0,112.17116500865691,,,,PENDING_AT_END
112.35,112.39602556932243,,,,PENDING_AT_END
112.69999999999999,113.0324758183227,,,,PENDING_AT_END
113.05,113.31333893062019,,,,PENDING_AT_END
113.39999999999999,113.48405040021116,,,,PENDING_AT_END
113.74999999999999,113.96302904694339,,,,PENDING_AT_END
114.1,114.23059170374384,,,,PENDING_AT_END
114.44999999999999,114.65694638349473,,,,PENDING_AT_END
114.8,115.06574049908384,,,,PENDING_AT_END
115.14999999999999,115.46732403356773,,,,PENDING_AT_END
115.49999999999999,115.51415954702729,,,,PENDING_AT_END
115.85,116.10236058489383,,,,PENDING_AT_END
116.19999999999999,116.55425017358775,,,,PENDING_AT_END
116.55,116.88916465915769,,,,PENDING_AT_END
116.89999999999999,117.13933831003872,,,,PENDING_AT_END
117.24999999999999,117.5602926618016,,,,PENDING_AT_END
117.6,117.70528543452679,,,,PENDING_AT_END
117.94999999999999,118.22009038384425,,,,PENDING_AT_END
118.3,118.5477537633402,,,,PENDING_AT_END
118.64999999999999,119.04115373872854,,,,PENDING_AT_END
118.99999999999999,119.14414199593865,,,,PENDING_AT_END
119.35,119.70425312626523,,,,PENDING_AT_END
119.69999999999999,119.89687605861133,,,,PENDING_AT_END
120.05,120.10107997279856,,,,PENDING_AT_END
120.39999999999999,120.56356013904146,,,,PENDING_AT_END
120.74999999999999,120.90856901168375,,,,PENDING_AT_END
121.1,121.12344112801085,,,,PENDING_AT_END
121.44999999999999,121.61629020915038,,,,PENDING_AT_END
121.8,122.07396216200779,,,,PENDING_AT_END
122.14999999999999,122.44986274121185,,,,PENDING_AT_END
122.49999999999999,122.6770632956857,,,,PENDING_AT_END
122.85,122.90188436166972,,,,PENDING_AT_END
123.19999999999999,123.57304502786357,,,,PENDING_AT_END
123.55,123.74082533128349,,,,PENDING_AT_END
123.89999999999999,124.13203932577015,,,,PENDING_AT_END
124.24999999999999,124.28763650044955,,,,PENDING_AT_END
124.6,124.70777433309203,,,,PENDING_AT_END
124.94999999999999,125.01394531030661,,,,PENDING_AT_END
125.3,125.56007940333082,,,,PENDING_AT_END
125.64999999999999,125.85636127367862,,,,PENDING_AT_END
125.99999999999999,126.38957645993374,,,,PENDING_AT_END
126.35,126.68017243308208,,,,PENDING_AT_END
126.69999999999999,127.05800082746515,,,,PENDING_AT_END
127.05,127.08735245155096,,,,PENDING_AT_END
127.39999999999999,127.67375692356451,,,,PENDING_AT_END
127.74999999999999,127.92146854998857,,,,PENDING_AT_END
128.1,128.215509943959,,,,PENDING_AT_END
128.45,128.6051512681252,,,,PENDING_AT_END
128.79999999999998,129.15812533992673,,,,PENDING_AT_END
129.15,129.54441175089656,,,,PENDING_AT_END
129.5,129.5159299600847,,,,PENDING_AT_END
129.85,129.8933777695526,,,,PENDING_AT_END
130.2,130.2816671133291,,,,PENDING_AT_END
130.54999999999998,130.90489201809677,,,,PENDING_AT_END
130.9,131.09791067678432,,,,PENDING_AT_END
131.25,131.31850798689152,,,,PENDING_AT_END
131.6,131.75628020386338,,,,PENDING_AT_END
131.95,132.00507654129166,,,,PENDING_AT_END
132.29999999999998,132.3587556347409,,,,PENDING_AT_END
132.65,132.8327134589799,,,,PENDING_AT_END
133.0,133.0218499092049,,,,PENDING_AT_END
133.35,133.4683020274579,,,,PENDING_AT_END
133.7,133.79306196509663,,,,PENDING_AT_END
134.04999999999998,134.35589309544744,,,,PENDING_AT_END
134.39999999999998,134.72235402166098,,,,PENDING_AT_END
134.75,135.02429527385982,,,,PENDING_AT_END
135.1,135.45863716275014,,,,PENDING_AT_END
135.45,135.7275663600251,,,,PENDING_AT_END
135.79999999999998,135.8562023306658,,,,PENDING_AT_END
136.14999999999998,136.48120139927374,,,,PENDING_AT_END
136.5,136.8609898702564,,,,PENDING_AT_END
136.85,136.99838271679866,,,,PENDING_AT_END
137.2,137.47045790766202,,,,PENDING_AT_END
137.54999999999998,137.75472308969344,,,,PENDING_AT_END
137.89999999999998,137.92467278283698,,,,PENDING_AT_END
138.25,138.53665838338998,,,,PENDING_AT_END
138.6,138.7837163430585,,,,PENDING_AT_END
138.95,139.19945098037175,,,,PENDING_AT_END
139.29999999999998,139.57760957942608,,,,PENDING_AT_END
139.64999999999998,139.7998853370924,,,,PENDING_AT_END
140.0,140.23406093475916,,,,PENDING_AT_END
140.35,140.59110238244037,,,,PENDING_AT_END
140.7,140.8906478469218,,,,PENDING_AT_END
141.04999999999998,141.1884832713079,,,,PENDING_AT_END
141.39999999999998,141.7034095705423,,,,PENDING_AT_END
141.75,141.96433373569852,,,,PENDING_AT_END
142.1,142.26838279794876,,,,PENDING_AT_END
142.45,142.5689101132332,,,,PENDING_AT_END
142.79999999999998,142.98569975545948,,,,PENDING_AT_END
143.14999999999998,143.36851980893852,,,,PENDING_AT_END
143.5,143.8874503181828,,,,PENDING_AT_END
143.85,143.9790607174787,,,,PENDING_AT_END
144.2,144.34774612755945,,,,PENDING_AT_END
144.54999999999998,144.58660839477696,,,,PENDING_AT_END
144.89999999999998,145.11364711210285,,,,PENDING_AT_END
145.25,145.4757866959792,,,,PENDING_AT_END
145.6,145.86137883164653,,,,PENDING_AT_END
145.95,146.04213658749455,,,,PENDING_AT_END
146.29999999999998,146.62918499067612,,,,PENDING_AT_END
146.64999999999998,146.76213029726256,,,,PENDING_AT_END
147.0,147.0811947324181,,,,PENDING_AT_END
147.35,147.4885189776666,,,,PENDING_AT_END
147.7,147.78294270582848,,,,PENDING_AT_END
148.04999999999998,148.40177885450393,,,,PENDING_AT_END
148.39999999999998,148.69622526277777,,,,PENDING_AT_END
148.75,148.8176962200102,,,,PENDING_AT_END
149.1,149.21722438457815,,,,PENDING_AT_END
149.45,149.79775933064326,,,,PENDING_AT_END
149.79999999999998,149.83083697234954,,,,PENDING_AT_END
150.14999999999998,150.43590981686106,,,,PENDING_AT_END
150.5,150.5232021718395,,,,PENDING_AT_END
150.85,151.13849762489954,,,,PENDING_AT_END
151.2,151.33875974295955,,,,PENDING_AT_END
151.54999999999998,151.8367195202779,,,,PENDING_AT_END
151.89999999999998,152.19449094405286,,,,PENDING_AT_END
152.25,152.54807647679377,,,,PENDING_AT_END
152.6,152.71248824651465,,,,PENDING_AT_END
152.95,153.01839981947575,,,,PENDING_AT_END
153.29999999999998,153.68004130348558,,,,PENDING_AT_END
153.64999999999998,153.7485479259156,,,,PENDING_AT_END
154.0,154.11037651331515,,,,PENDING_AT_END
154.35,154.4483617697537,,,,PENDING_AT_END
154.7,154.8224369888349,,,,PENDING_AT_END
155.04999999999998,155.2155401399465,,,,PENDING_AT_END
155.39999999999998,155.76405919541196,,,,PENDING_AT_END
155.75,155.95329142098052,,,,PENDING_AT_END
156.1,156.39356008034488,,,,PENDING_AT_END
156.45,156.69115843398515,,,,PENDING_AT_END
156.79999999999998,156.88494304828603,,,,PENDING_AT_END
157.14999999999998,157.27701104913655,,,,PENDING_AT_END
157.5,157.74609390303254,,,,PENDING_AT_END
157.85,158.01495973564042,,,,PENDING_AT_END
158.2,158.48671728753192,,,,PENDING_AT_END
158.54999999999998,158.69292471018915,,,,PENDING_AT_END
158.89999999999998,159.2020642858963,,,,PENDING_AT_END
159.25,159.63749818803979,,,,PENDING_AT_END
159.6,159.69040083095226,,,,PENDING_AT_END
159.95,160.1115786325396,,,,PENDING_AT_END
160.29999999999998,160.3489830870071,,,,PENDING_AT_END
160.64999999999998,160.84715612886288,,,,PENDING_AT_END
161.0,161.2303598872702,,,,PENDING_AT_END
161.35,161.59904998653022,,,,PENDING_AT_END
161.7,162.02318890381417,,,,PENDING_AT_END
162.04999999999998,162.15433194656467,,,,PENDING_AT_END
162.39999999999998,162.59142546336994,,,,PENDING_AT_END
162.75,163.0892746649738,,,,PENDING_AT_END
163.1,163.2580592085628,,,,PENDING_AT_END
163.45,163.70041277626927,,,,PENDING_AT_END
163.79999999999998,164.06582482856172,,,,PENDING_AT_END
164.14999999999998,164.3369762121713,,,,PENDING_AT_END
164.5,164.50157537008414,,,,PENDING_AT_END
164.85,165.02964011718066,,,,PENDING_AT_END
165.2,165.5904031175205,,,,PENDING_AT_END
165.54999999999998,165.65622379953217,,,,PENDING_AT_END
165.89999999999998,165.93854191056488,,,,PENDING_AT_END
166.25,166.2510180594022,,,,PENDING_AT_END
166.6,166.67609863021946,,,,PENDING_AT_END
166.95,167.09713748362248,,,,PENDING_AT_END
167.29999999999998,167.50489247039965,,,,PENDING_AT_END
167.64999999999998,167.8022008489857,,,,PENDING_AT_END
168.0,168.0777742847318,,,,PENDING_AT_END
168.35,168.36242962234232,,,,PENDING_AT_END
168.7,168.73175958517817,,,,PENDING_AT_END
169.04999999999998,169.35765947271992,,,,PENDING_AT_END
169.39999999999998,169.68748225724227,,,,PENDING_AT_END
169.75,169.94060766109095,,,,PENDING_AT_END
170.1,170.32517447193075,,,,PENDING_AT_END
170.45,170.84437072546763,,,,PENDING_AT_END
170.79999999999998,170.86022588309245,,,,PENDING_AT_END
171.14999999999998,171.51103567691194,,,,PENDING_AT_END
171.5,171.67418148344012,,,,PENDING_AT_END
171.85,172.1298846914257,,,,PENDING_AT_END
172.2,172.24387841500675,,,,PENDING_AT_END
172.54999999999998,172.92623429141636,,,,PENDING_AT_END
172.89999999999998,172.98689933286158,,,,PENDING_AT_END
173.25,173.30445710782686,,,,PENDING_AT_END
173.6,173.6820429726575,,,,PENDING_AT_END
173.95,174.19172284153325,,,,PENDING_AT_END
174.29999999999998,174.33847393755215,,,,PENDING_AT_END
174.64999999999998,174.99892616263674,,,,PENDING_AT_END
175.0,175.00961453849885,,,,PENDING_AT_END
175.35,175.7185092234528,,,,PENDING_AT_END
175.7,175.76384971330458,,,,PENDING_AT_END
176.04999999999998,176.44005669201132,,,,PENDING_AT_END
176.39999999999998,176.42832855184537,,,,PENDING_AT_END
176.75,176.8914228382357,,,,PENDING_AT_END
177.1,177.18656810186658,,,,PENDING_AT_END
177.45,177.83006560477185,,,,PENDING_AT_END
177.79999999999998,177.8871505801254,,,,PENDING_AT_END
178.14999999999998,178.322726063686,,,,PENDING_AT_END
178.5,178.51600208310043,,,,PENDING_AT_END
178.85,179.06727161553212,,,,PENDING_AT_END
179.2,179.56872238703818,,,,PENDING_AT_END
179.54999999999998,179.62622041637357,,,,PENDING_AT_END
179.89999999999998,180.06813740207423,,,,PENDING_AT_END
180.25,180.44914605729292,,,,PENDING_AT_END
180.6,180.93131530338152,,,,PENDING_AT_END
180.95,181.14270941248037,,,,PENDING_AT_END
181.29999999999998,181.41938829171872,,,,PENDING_AT_END
181.64999999999998,181.6689710573546,,,,PENDING_AT_END
182.0,182.29627102434625,,,,PENDING_AT_END
182.35,182.36922698032126,,,,PENDING_AT_END
182.7,182.7713934513974,,,,PENDING_AT_END
183.04999999999998,183.29921819004662,,,,PENDING_AT_END
183.39999999999998,183.7666502092831,,,,PENDING_AT_END
183.75,184.02301086872865,,,,PENDING_AT_END
184.1,184.42981168325568,,,,PENDING_AT_END
184.45,184.48099348963558,,,,PENDING_AT_END
184.79999999999998,185.05746232952023,,,,PENDING_AT_END
185.14999999999998,185.5460038133594,,,,PENDING_AT_END
185.5,185.89144860400688,,,,PENDING_AT_END
185.85,186.03240044599337,,,,PENDING_AT_END
186.2,186.576022295381,,,,PENDING_AT_END
186.54999999999998,186.8961236790437,,,,PENDING_AT_END
186.89999999999998,187.11503008054808,,,,PENDING_AT_END
187.25,187.35237547917745,,,,PENDING_AT_END
187.6,187.84008191895745,,,,PENDING_AT_END
187.95,188.00303288160814,,,,PENDING_AT_END
188.29999999999998,188.55317603672026,,,,PENDING_AT_END
188.64999999999998,188.82893417470478,,,,PENDING_AT_END
189.0,189.25142706114195,,,,PENDING_AT_END
189.35,189.68460421424905,,,,PENDING_AT_END
189.7,189.9825100669308,,,,PENDING_AT_END
190.04999999999998,190.3231041893503,,,,PENDING_AT_END
190.39999999999998,190.58824997759132,,,,PENDING_AT_END
190.75,190.8553250852608,,,,PENDING_AT_END
191.1,191.24992499096155,,,,PENDING_AT_END
191.45,191.77448296550835,,,,PENDING_AT_END
191.79999999999998,192.11153653326207,,,,PENDING_AT_END
192.14999999999998,192.18854408558406,,,,PENDING_AT_END
192.5,192.61962277729697,,,,PENDING_AT_END
192.85,192.99960777453796,,,,PENDING_AT_END
193.2,193.32357127272445,,,,PENDING_AT_END
193.54999999999998,193.75693313470967,,,,PENDING_AT_END
193.89999999999998,194.1982306436384,,,,PENDING_AT_END
194.25,194.25985076664233,,,,PENDING_AT_END
194.6,194.75173679019585,,,,PENDING_AT_END
194.95,195.34735168808885,,,,PENDING_AT_END
195.29999999999998,195.67661817512206,,,,PENDING_AT_END
195.64999999999998,195.7717506691493,,,,PENDING_AT_END
196.0,196.09820642922654,,,,PENDING_AT_END
196.35,196.4455412081979,,,,PENDING_AT_END
196.7,196.85790811414716,,,,PENDING_AT_END
197.04999999999998,197.21980024464304,,,,PENDING_AT_END
197.39999999999998,197.513856182957,,,,PENDING_AT_END
197.75,197.79510345612118,,,,PENDING_AT_END
198.1,198.4230840838231,,,,PENDING_AT_END
198.45,198.8125020542281,,,,PENDING_AT_END
198.79999999999998,198.91235086207334,,,,PENDING_AT_END
199.14999999999998,199.3947664008425,,,,PENDING_AT_END
199.5,199.64128798062376,,,,PENDING_AT_END
199.85,200.20069630829724,,,,PENDING_AT_END
200.2,200.38543428228644,,,,PENDING_AT_END
200.54999999999998,200.6918427627298,,,,PENDING_AT_END
200.89999999999998,200.9985313147186,,,,PENDING_AT_END
201.25,201.57680506625218,,,,PENDING_AT_END
201.6,201.76972516571274,,,,PENDING_AT_END
201.95,202.22359232818593,,,,PENDING_AT_END
202.29999999999998,202.6212353433896,,,,PENDING_AT_END
202.64999999999998,202.923943198825,,,,PENDING_AT_END
203.0,203.12560906526704,,,,PENDING_AT_END
203.35,203.35216039970263,,,,PENDING_AT_END
203.7,203.8363177775965,,,,PENDING_AT_END
204.04999999999998,204.28479883001475,,,,PENDING_AT_END
204.39999999999998,204.47102201339447,,,,PENDING_AT_END
204.75,204.83062960659777,,,,PENDING_AT_END
205.1,205.4956914799819,,,,PENDING_AT_END
205.45,205.7444889817781,,,,PENDING_AT_END
205.79999999999998,205.92799025806025,,,,PENDING_AT_END
206.14999999999998,206.31782441706702,,,,PENDING_AT_END
206.5,206.80516262526635,,,,PENDING_AT_END
206.85,206.89902246554786,,,,PENDING_AT_END
207.2,207.29101763875434,,,,PENDING_AT_END
207.54999999999998,207.80179294292358,,,,PENDING_AT_END
207.89999999999998,208.26970177002227,,,,PENDING_AT_END
208.25,208.4164889172984,,,,PENDING_AT_END
208.6,208.99127397226826,,,,PENDING_AT_END
208.95,209.04027664692052,,,,PENDING_AT_END
209.29999999999998,209.5872401470356,,,,PENDING_AT_END
209.64999999999998,209.90286625082013,,,,PENDING_AT_END
210.0,210.2377313022023,,,,PENDING_AT_END
210.35,210.71416831470984,,,,PENDING_AT_END
210.7,210.83701245199023,,,,PENDING_AT_END
211.04999999999998,211.14548814670903,,,,PENDING_AT_END
211.39999999999998,211.7263474794796,,,,PENDING_AT_END
211.75,211.82711163131876,,,,PENDING_AT_END
212.1,212.23137770180463,,,,PENDING_AT_END
212.45,212.46465658396403,,,,PENDING_AT_END
212.79999999999998,213.09841596199638,,,,PENDING_AT_END
213.14999999999998,213.4944345128269,,,,PENDING_AT_END
213.5,213.68597549523884,,,,PENDING_AT_END
213.85,213.99256628479762,,,,PENDING_AT_END
214.2,214.32766353535038,,,,PENDING_AT_END
214.54999999999998,214.89428263415456,,,,PENDING_AT_END
214.89999999999998,215.21737475645273,,,,PENDING_AT_END
215.25,215.5313658616256,,,,PENDING_AT_END
215.6,215.906543587296,,,,PENDING_AT_END
215.95,216.24310152645285,,,,PENDING_AT_END
216.29999999999998,216.37273352477902,,,,PENDING_AT_END
216.64999999999998,216.9971805140051,,,,PENDING_AT_END
217.0,217.3651257540268,,,,PENDING_AT_END
217.35,217.72625387322492,,,,PENDING_AT_END
217.7,217.7059389308264,,,,PENDING_AT_END
218.04999999999998,218.2376884964854,,,,PENDING_AT_END
218.39999999999998,218.7083835944743,,,,PENDING_AT_END
218.75,218.7770577198093,,,,PENDING_AT_END
219.1,219.39507209710698,,,,PENDING_AT_END
219.45,219.6948329346945,,,,PENDING_AT_END
219.79999999999998,220.15989191257776,,,,PENDING_AT_END
220.14999999999998,220.18757677627485,,,,PENDING_AT_END
220.5,220.54388803491707,,,,PENDING_AT_END
220.85,220.89516434603283,,,,PENDING_AT_END
221.2,221.41401548648423,,,,PENDING_AT_END
221.54999999999998,221.8275049602349,,,,PENDING_AT_END
221.89999999999998,222.28520814073624,,,,PENDING_AT_END
222.25,222.5664034469744,,,,PENDING_AT_END
222.6,222.8423218445312,,,,PENDING_AT_END
222.95,223.23685479850735,,,,PENDING_AT_END
223.29999999999998,223.32451320101998,,,,PENDING_AT_END
223.64999999999998,223.90885827231733,,,,PENDING_AT_END
224.0,224.20056339246014,,,,PENDING_AT_END
224.35,224.5468022323674,,,,PENDING_AT_END
224.7,224.8118811272413,,,,PENDING_AT_END
225.04999999999998,225.1967817682095,,,,PENDING_AT_END
225.39999999999998,225.6440219967496,,,,PENDING_AT_END
225.74999999999997,226.10626191056767,,,,PENDING_AT_END
226.1,226.2537830571969,,,,PENDING_AT_END
226.45,226.73356330580015,,,,PENDING_AT_END
226.79999999999998,227.0195265191313,,,,PENDING_AT_END
227.14999999999998,227.54060753146956,,,,PENDING_AT_END
227.49999999999997,227.79869705061097,,,,PENDING_AT_END
227.85,228.18639043489847,,,,PENDING_AT_END
228.2,228.43341648556338,,,,PENDING_AT_END
228.54999999999998,228.90414406710246,,,,PENDING_AT_END
228.89999999999998,229.1688110025463,,,,PENDING_AT_END
229.24999999999997,229.4690271984222,,,,PENDING_AT_END
229.6,229.80968377230752,,,,PENDING_AT_END
229.95,230.02231158098027,,,,PENDING_AT_END
230.29999999999998,230.6044149396993,,,,PENDING_AT_END
230.64999999999998,230.77702037929748,,,,PENDING_AT_END
230.99999999999997,231.13295163782826,,,,PENDING_AT_END
231.35,231.6666735500527,,,,PENDING_AT_END
231.7,232.06553369518645,,,,PENDING_AT_END
232.04999999999998,232.3005353304579,,,,PENDING_AT_END
232.39999999999998,232.57258276579694,,,,PENDING_AT_END
232.74999999999997,232.8447049493428,,,,PENDING_AT_END
233.1,233.1177292480589,,,,PENDING_AT_END
233.45,233.82893698430047,,,,PENDING_AT_END
233.79999999999998,234.13287429582235,,,,PENDING_AT_END
234.14999999999998,234.2330079893655,,,,PENDING_AT_END
234.49999999999997,234.73759211225658,,,,PENDING_AT_END
234.85,235.0849158064713,,,,PENDING_AT_END
235.2,235.3294341369097,,,,PENDING_AT_END
235.54999999999998,235.91865204461115,,,,PENDING_AT_END
235.89999999999998,236.23732822640562,,,,PENDING_AT_END
236.24999999999997,236.2789220575461,,,,PENDING_AT_END
236.6,236.94801713790983,,,,PENDING_AT_END
236.95,237.2373918227408,,,,PENDING_AT_END
237.29999999999998,237.37069325363657,,,,PENDING_AT_END
237.64999999999998,238.03871158167453,,,,PENDING_AT_END
237.99999999999997,238.32960111559166,,,,PENDING_AT_END
238.35,238.54773523336357,,,,PENDING_AT_END
238.7,238.9569142210077,,,,PENDING_AT_END
239.04999999999998,239.40182754253115,,,,PENDING_AT_END
239.39999999999998,239.52399307049006,,,,PENDING_AT_END
239.74999999999997,239.8071599152428,,,,PENDING_AT_END
240.1,240.38557351395454,,,,PENDING_AT_END
240.45,240.5081272771119,,,,PENDING_AT_END
240.79999999999998,240.9042872931328,,,,PENDING_AT_END
241.14999999999998,241.18626199316998,,,,PENDING_AT_END
241.49999999999997,241.52478503196303,,,,PENDING_AT_END
241.85,241.95921997981984,,,,PENDING_AT_END
242.2,242.25245181028976,,,,PENDING_AT_END
242.54999999999998,242.81369976534543,,,,PENDING_AT_END
242.89999999999998,242.93674754450404,,,,PENDING_AT_END
243.24999999999997,243.50853224706375,,,,PENDING_AT_END
243.6,243.63511543863424,,,,PENDING_AT_END
243.95,244.24887893386614,,,,PENDING_AT_END
244.29999999999998,244.43858382826718,,,,PENDING_AT_END
244.64999999999998,244.73866463667707,,,,PENDING_AT_END
244.99999999999997,245.23230173915218,,,,PENDING_AT_END
245.35,245.55922727805537,,,,PENDING_AT_END
245.7,245.71649180838932,,,,PENDING_AT_END
246.04999999999998,246.3596830441733,,,,PENDING_AT_END
246.39999999999998,246.53921154946357,,,,PENDING_AT_END
246.74999999999997,247.00044073610772,,,,PENDING_AT_END
247.1,247.48465534860358,,,,PENDING_AT_END
247.45,247.70746001087986,,,,PENDING_AT_END
247.79999999999998,247.91510773486087,,,,PENDING_AT_END
248.14999999999998,248.23167748052782,,,,PENDING_AT_END
248.49999999999997,248.5691182498518,,,,PENDING_AT_END
248.85,249.19362946324523,,,,PENDING_AT_END
249.2,249.52070480941546,,,,PENDING_AT_END
249.54999999999998,249.62524021277713,,,,PENDING_AT_END
249.89999999999998,250.16618803120303,,,,PENDING_AT_END
250.24999999999997,250.44983368463946,,,,PENDING_AT_END
250.6,250.72367830920953,,,,PENDING_AT_END
250.95,251.30672491547767,,,,PENDING_AT_END
251.29999999999998,251.35958557292625,,,,PENDING_AT_END
251.64999999999998,251.89186168087832,,,,PENDING_AT_END
251.99999999999997,252.03564420870921,,,,PENDING_AT_END
252.35,252.62904409181832,,,,PENDING_AT_END
252.7,252.82423777453317,,,,PENDING_AT_END
253.04999999999998,253.35534188725856,,,,PENDING_AT_END
253.39999999999998,253.6244174377361,,,,PENDING_AT_END
253.74999999999997,253.77110478108918,,,,PENDING_AT_END
254.1,254.32578797131308,,,,PENDING_AT_END
254.45,254.55821034919342,,,,PENDING_AT_END
254.79999999999998,254.9629179178484,,,,PENDING_AT_END
255.14999999999998,255.23064407073787,,,,PENDING_AT_END
255.49999999999997,255.68440271955225,,,,PENDING_AT_END
255.85,255.88095549613948,,,,PENDING_AT_END
256.2,256.4651325291731,,,,PENDING_AT_END
256.55,256.72289308735816,,,,PENDING_AT_END
256.9,257.2050211361402,,,,PENDING_AT_END
257.25,257.6492973498117,,,,PENDING_AT_END
257.59999999999997,257.884795123689,,,,PENDING_AT_END
257.95,258.2452859859814,,,,PENDING_AT_END
258.3,258.54227197221945,,,,PENDING_AT_END
258.65,258.9439292328427,,,,PENDING_AT_END
259.0,259.064978045765,,,,PENDING_AT_END
259.34999999999997,259.4584394114875,,,,PENDING_AT_END
259.7,259.8733073301482,,,,PENDING_AT_END
260.05,260.2587412362155,,,,PENDING_AT_END
260.4,260.54671595338516,,,,PENDING_AT_END
260.75,260.9009548741576,,,,PENDING_AT_END
261.09999999999997,261.27642819015745,,,,PENDING_AT_END
261.45,261.61708802163804,,,,PENDING_AT_END
261.8,262.04221965992036,,,,PENDING_AT_END
262.15,262.3313921716431,,,,PENDING_AT_END
262.5,262.627238280676,,,,PENDING_AT_END
262.84999999999997,263.11806407657724,,,,PENDING_AT_END
263.2,263.52601276364834,,,,PENDING_AT_END
263.55,263.64696790938495,,,,PENDING_AT_END
263.9,263.9127732918099,,,,PENDING_AT_END
264.25,264.29328345468366,,,,PENDING_AT_END
264.59999999999997,264.870473164521,,,,PENDING_AT_END
264.95,264.9776857216613,,,,PENDING_AT_END
265.3,265.3911165864195,,,,PENDING_AT_END
265.65,265.66533117914264,,,,PENDING_AT_END
266.0,266.0160946605364,,,,PENDING_AT_END
266.34999999999997,266.6471332619571,,,,PENDING_AT_END
266.7,266.9207507062826,,,,PENDING_AT_END
267.05,267.28494998732214,,,,PENDING_AT_END
267.4,267.6396843664061,,,,PENDING_AT_END
267.75,267.79496867390776,,,,PENDING_AT_END
268.09999999999997,268.4422478401604,,,,PENDING_AT_END
268.45,268.5514392697965,,,,PENDING_AT_END
268.79999999999995,268.90227177974486,,,,PENDING_AT_END
269.15,269.23812340289123,,,,PENDING_AT_END
269.5,269.80261596975583,,,,PENDING_AT_END
269.84999999999997,270.10613692915837,,,,PENDING_AT_END
270.2,270.5834961358824,,,,PENDING_AT_END
270.54999999999995,270.6504089730249,,,,PENDING_AT_END
270.9,271.16523189029544,,,,PENDING_AT_END
271.25,271.27710718494393,,,,PENDING_AT_END
271.59999999999997,271.7349134079712,,,,PENDING_AT_END
271.95,272.10485563613,,,,PENDING_AT_END
272.29999999999995,272.3773041036542,,,,PENDING_AT_END
272.65,272.7945247407631,,,,PENDING_AT_END
273.0,273.1233514720933,,,,PENDING_AT_END
273.34999999999997,273.5037143450283,,,,PENDING_AT_END
273.7,273.7788072900848,,,,PENDING_AT_END
274.04999999999995,274.0564865959916,,,,PENDING_AT_END
274.4,274.47807858829003,,,,PENDING_AT_END
274.75,274.9534648610951,,,,PENDING_AT_END
275.09999999999997,275.234531433688,,,,PENDING_AT_END
275.45,275.57544709049563,,,,PENDING_AT_END
275.79999999999995,275.96755508816534,,,,PENDING_AT_END
276.15,276.4835075820173,,,,PENDING_AT_END
276.5,276.8463728265888,,,,PENDING_AT_END
276.84999999999997,276.8789258922338,,,,PENDING_AT_END
277.2,277.23726366395164,,,,PENDING_AT_END
277.54999999999995,277.6189179628726,,,,PENDING_AT_END
277.9,278.142686293407,,,,PENDING_AT_END
278.25,278.5092182833888,,,,PENDING_AT_END
278.59999999999997,278.8852669286038,,,,PENDING_AT_END
278.95,278.9519874849802,,,,PENDING_AT_END
279.29999999999995,279.5993461759151,,,,PENDING_AT_END
279.65,279.6787166450738,,,,PENDING_AT_END
280.0,280.19154022972964,,,,PENDING_AT_END
280.34999999999997,280.7336686338934,,,,PENDING_AT_END
280.7,280.82233764137453,,,,PENDING_AT_END
281.04999999999995,281.0949030328195,,,,PENDING_AT_END
281.4,281.78393363933685,,,,PENDING_AT_END
281.75,282.0970735990328,,,,PENDING_AT_END
282.09999999999997,282.4363821580825,,,,PENDING_AT_END
282.45,282.5912612826517,,,,PENDING_AT_END
282.79999999999995,282.86068594011306,,,,PENDING_AT_END
283.15,283.3725889947582,,,,PENDING_AT_END
283.5,283.769509620838,,,,PENDING_AT_END
283.84999999999997,283.9292141981245,,,,PENDING_AT_END
284.2,284.4214649858042,,,,PENDING_AT_END
284.54999999999995,284.72777664739476,,,,PENDING_AT_END
284.9,285.0398061880592,,,,PENDING_AT_END
285.25,285.4966566638245,,,,PENDING_AT_END
285.59999999999997,285.9971483549495,,,,PENDING_AT_END
285.95,286.09159079913303,,,,PENDING_AT_END
286.29999999999995,286.3722299693669,,,,PENDING_AT_END
286.65,286.8373325477745,,,,PENDING_AT_END
287.0,287.17620867632104,,,,PENDING_AT_END
287.34999999999997,287.7384153707355,,,,PENDING_AT_END
287.7,287.96642435033294,,,,PENDING_AT_END
288.04999999999995,288.27122121679736,,,,PENDING_AT_END
288.4,288.7926532035963,,,,PENDING_AT_END
288.75,288.8172045322426,,,,PENDING_AT_END
289.09999999999997,289.35534177045855,,,,PENDING_AT_END
289.45,289.7975647852633,,,,PENDING_AT_END
289.79999999999995,290.09759520705416,,,,PENDING_AT_END
290.15,290.3311330076691,,,,PENDING_AT_END
290.5,290.58149560453023,,,,PENDING_AT_END
290.84999999999997,291.1325094593878,,,,PENDING_AT_END
291.2,291.25935554915594,,,,PENDING_AT_END
291.54999999999995,291.6764182594385,,,,PENDING_AT_END
291.9,292.0727726241465,,,,PENDING_AT_END
292.25,292.460605139137,,,,PENDING_AT_END
292.59999999999997,292.78066115131907,,,,PENDING_AT_END
292.95,293.29529036597734,,,,PENDING_AT_END
293.29999999999995,293.3243507125643,,,,PENDING_AT_END
293.65,293.77584399302293,,,,PENDING_AT_END
294.0,294.32148251352817,,,,PENDING_AT_END
294.34999999999997,294.6605322103772,,,,PENDING_AT_END
294.7,294.8425989145716,,,,PENDING_AT_END
295.04999999999995,295.4349766779285,,,,PENDING_AT_END
295.4,295.4256101379631,,,,PENDING_AT_END
295.75,295.77772841891294,,,,PENDING_AT_END
296.09999999999997,296.4787750711409,,,,PENDING_AT_END
296.45,296.6666554086319,,,,PENDING_AT_END
296.79999999999995,297.08860821469375,,,,PENDING_AT_END
297.15,297.32587488362753,,,,PENDING_AT_END
297.5,297.58750162330557,,,,PENDING_AT_END
297.84999999999997,298.17060217539614,,,,PENDING_AT_END
298.2,298.55814152630893,,,,PENDING_AT_END
298.54999999999995,298.68564394430325,,,,PENDING_AT_END
298.9,298.97498665783894,,,,PENDING_AT_END
299.25,299.3724893127787,,,,PENDING_AT_END
299.59999999999997,299.63989699031225,,,,PENDING_AT_END
299.95,300.00377768304196,,,,PENDING_AT_END
300.29999999999995,300.5466515856813,,,,PENDING_AT_END
300.65,300.85884170803627,,,,PENDING_AT_END
301.0,301.23936121719555,,,,PENDING_AT_END
301.34999999999997,301.5588890943829,,,,PENDING_AT_END
301.7,301.7879115483052,,,,PENDING_AT_END
302.04999999999995,302.38440330756475,,,,PENDING_AT_END
302.4,302.4547497366426,,,,PENDING_AT_END
302.75,302.8524142448074,,,,PENDING_AT_END
303.09999999999997,303.3043368254367,,,,PENDING_AT_END
303.45,303.52863491771035,,,,PENDING_AT_END
303.79999999999995,303.91724787133023,,,,PENDING_AT_END
304.15,304.44537008942643,,,,PENDING_AT_END
304.5,304.55699242240803,,,,PENDING_AT_END
304.84999999999997,305.12232629971805,,,,PENDING_AT_END
305.2,305.5628272248476,,,,PENDING_AT_END
305.54999999999995,305.59829001180617,,,,PENDING_AT_END
305.9,306.2921681080611,,,,PENDING_AT_END
306.25,306.63096591153817,,,,PENDING_AT_END
306.59999999999997,306.69538826951606,,,,PENDING_AT_END
306.95,307.0128444784297,,,,PENDING_AT_END
307.29999999999995,307.43531792525664,,,,PENDING_AT_END
307.65,307.91762931350456,,,,PENDING_AT_END
308.0,308.37365438045197,,,,PENDING_AT_END
308.34999999999997,308.67059382792223,,,,PENDING_AT_END
308.7,308.88771712474505,,,,PENDING_AT_END
309.04999999999995,309.1109566546228,,,,PENDING_AT_END
309.4,309.7219484989264,,,,PENDING_AT_END
309.75,309.8639063592349,,,,PENDING_AT_END
310.09999999999997,310.3186783392419,,,,PENDING_AT_END
310.45,310.8474893160872,,,,PENDING_AT_END
310.79999999999995,310.90764261747256,,,,PENDING_AT_END
311.15,311.2530990579072,,,,PENDING_AT_END
311.5,311.52409976991896,,,,PENDING_AT_END
311.84999999999997,311.9856801274464,,,,PENDING_AT_END
312.2,312.27913978595194,,,,PENDING_AT_END
312.54999999999995,312.88248586788154,,,,PENDING_AT_END
312.9,313.24807034814773,,,,PENDING_AT_END
313.25,313.50304344160554,,,,PENDING_AT_END
313.59999999999997,313.8155424548625,,,,PENDING_AT_END
313.95,313.9723519216706,,,,PENDING_AT_END
314.29999999999995,314.435067374274,,,,PENDING_AT_END
314.65,314.9685596970138,,,,PENDING_AT_END
315.0,315.21143125895264,,,,PENDING_AT_END
315.34999999999997,315.3681671957897,,,,PENDING_AT_END
315.7,315.88728876036856,,,,PENDING_AT_END
316.04999999999995,316.1219111498182,,,,PENDING_AT_END
316.4,316.5316386722492,,,,PENDING_AT_END
316.75,316.81137374883053,,,,PENDING_AT_END
317.09999999999997,317.32970601215624,,,,PENDING_AT_END
317.45,317.78936215416724,,,,PENDING_AT_END
317.79999999999995,317.9225382942433,,,,PENDING_AT_END
318.15,318.2419205369133,,,,PENDING_AT_END
318.5,318.8802103089438,,,,PENDING_AT_END
318.84999999999997,319.1308193462182,,,,PENDING_AT_END
319.2,319.4075951537571,,,,PENDING_AT_END
319.54999999999995,319.6147012734275,,,,PENDING_AT_END
319.9,319.9796560263542,,,,PENDING_AT_END
320.25,320.58431189051817,,,,PENDING_AT_END
320.59999999999997,320.91727684953884,,,,PENDING_AT_END
320.95,321.0061411079467,,,,PENDING_AT_END
321.29999999999995,321.33511290058334,,,,PENDING_AT_END
321.65,321.73249249430614,,,,PENDING_AT_END
322.0,322.2663297479377,,,,PENDING_AT_END
322.34999999999997,322.557196136923,,,,PENDING_AT_END
322.7,323.04740838462993,,,,PENDING_AT_END
323.04999999999995,323.3601853215207,,,,PENDING_AT_END
323.4,323.4863394714696,,,,PENDING_AT_END
323.75,323.81083101863237,,,,PENDING_AT_END
324.09999999999997,324.11948656166913,,,,PENDING_AT_END
324.45,324.6521394980413,,,,PENDING_AT_END
324.79999999999995,325.08494089874,,,,PENDING_AT_END
325.15,325.54348473831067,,,,PENDING_AT_END
325.5,325.80160571578233,,,,PENDING_AT_END
325.84999999999997,326.00004260889244,,,,PENDING_AT_END
326.2,326.3582881767714,,,,PENDING_AT_END
326.54999999999995,326.66465251550403,,,,PENDING_AT_END
326.9,327.29772317822744,,,,PENDING_AT_END
327.25,327.271719111759,,,,PENDING_AT_END
327.59999999999997,327.8057963908986,,,,PENDING_AT_END
327.95,328.13309483087454,,,,PENDING_AT_END
328.29999999999995,328.4764718804564,,,,PENDING_AT_END
328.65,328.91047637787017,,,,PENDING_AT_END
329.0,329.37895529289233,,,,PENDING_AT_END
329.34999999999997,329.4393827279086,,,,PENDING_AT_END
329.7,330.0173706346031,,,,PENDING_AT_END
330.04999999999995,330.2716684876973,,,,PENDING_AT_END
330.4,330.52105907942735,,,,PENDING_AT_END
330.75,331.00378484678413,,,,PENDING_AT_END
331.09999999999997,331.1245726415727,,,,PENDING_AT_END
331.45,331.4717443441809,,,,PENDING_AT_END
331.79999999999995,332.1286573106014,,,,PENDING_AT_END
332.15,332.21703811731356,,,,PENDING_AT_END
332.5,332.60472600427204,,,,PENDING_AT_END
332.84999999999997,333.0977654105333,,,,PENDING_AT_END
333.2,333.2036819508191,,,,PENDING_AT_END
333.54999999999995,333.8897576778347,,,,PENDING_AT_END
333.9,333.9211875761597,,,,PENDING_AT_END
334.25,334.5495654782304,,,,PENDING_AT_END
334.59999999999997,334.6916214540999,,,,PENDING_AT_END
334.95,335.2157712375037,,,,PENDING_AT_END
335.29999999999995,335.6177329089004,,,,PENDING_AT_END
335.65,335.896706527343,,,,PENDING_AT_END
336.0,336.39601936933866,,,,PENDING_AT_END
336.34999999999997,336.6377798285477,,,,PENDING_AT_END
336.7,336.8475735809928,,,,PENDING_AT_END
337.04999999999995,337.1972529239249,,,,PENDING_AT_END
337.4,337.55270835355145,,,,PENDING_AT_END
337.75,337.84020808660864,,,,PENDING_AT_END
338.09999999999997,338.23895927355596,,,,PENDING_AT_END
338.45,338.73952185153365,,,,PENDING_AT_END
338.79999999999995,339.11408311862476,,,,PENDING_AT_END
339.15,339.40679459841556,,,,PENDING_AT_END
339.5,339.59427136318664,,,,PENDING_AT_END
339.84999999999997,340.22931499494103,,,,PENDING_AT_END
340.2,340.57949367827956,,,,PENDING_AT_END
340.54999999999995,340.77233958159115,,,,PENDING_AT_END
340.9,341.114257160839,,,,PENDING_AT_END
341.25,341.43033827674844,,,,PENDING_AT_END
341.59999999999997,341.651392378376,,,,PENDING_AT_END
341.95,342.33902490561064,,,,PENDING_AT_END
342.29999999999995,342.301560693291,,,,PENDING_AT_END
342.65,342.7316631859982,,,,PENDING_AT_END
343.0,343.0754689002449,,,,PENDING_AT_END
343.34999999999997,343.5006705190522,,,,PENDING_AT_END
343.7,344.0119287551252,,,,PENDING_AT_END
344.04999999999995,344.2191679841096,,,,PENDING_AT_END
344.4,344.5379218833973,,,,PENDING_AT_END
344.75,344.9757386077267,,,,PENDING_AT_END
345.09999999999997,345.33707888008706,,,,PENDING_AT_END
345.45,345.4609843992702,,,,PENDING_AT_END
345.79999999999995,345.95314773451764,,,,PENDING_AT_END
346.15,346.4056368883231,,,,PENDING_AT_END
346.5,346.50572631101795,,,,PENDING_AT_END
346.84999999999997,346.9382482789437,,,,PENDING_AT_END
347.2,347.24052856230577,,,,PENDING_AT_END
347.54999999999995,347.73297254672104,,,,PENDING_AT_END
347.9,348.0322648914007,,,,PENDING_AT_END
348.25,348.601809926412,,,,PENDING_AT_END
348.59999999999997,348.63959213500135,,,,PENDING_AT_END
348.95,349.07822591139126,,,,PENDING_AT_END
349.29999999999995,349.43218151967324,,,,PENDING_AT_END
349.65,349.9969872865189,,,,PENDING_AT_END
350.0,350.17371515927687,,,,PENDING_AT_END
350.34999999999997,350.7343287585729,,,,PENDING_AT_END
350.7,350.771016678596,,,,PENDING_AT_END
351.04999999999995,351.4297860878004,,,,PENDING_AT_END
351.4,351.5631728063744,,,,PENDING_AT_END
351.75,351.80279397068387,,,,PENDING_AT_END
352.09999999999997,352.16305099756704,,,,PENDING_AT_END
352.45,352.7672964397363,,,,PENDING_AT_END
352.79999999999995,353.18118628434524,,,,PENDING_AT_END
353.15,353.36111405707504,,,,PENDING_AT_END
353.5,353.66719882581367,,,,PENDING_AT_END
353.84999999999997,354.1439185716851,,,,PENDING_AT_END
354.2,354.3899293097365,,,,PENDING_AT_END
354.54999999999995,354.62734905176706,,,,PENDING_AT_END
354.9,354.9913546063832,,,,PENDING_AT_END
355.25,355.28392980849594,,,,PENDING_AT_END
355.59999999999997,355.64362113225235,,,,PENDING_AT_END
355.95,356.18987367480696,,,,PENDING_AT_END
356.29999999999995,356.5801932894784,,,,PENDING_AT_END
356.65,356.9318644654038,,,,PENDING_AT_END
357.0,357.30359322292065,,,,PENDING_AT_END
357.34999999999997,357.7337648284486,,,,PENDING_AT_END
357.7,358.057459250244,,,,PENDING_AT_END
358.04999999999995,358.44847266786803,,,,PENDING_AT_END
358.4,358.4723872611677,,,,PENDING_AT_END
358.75,359.08911458913656,,,,PENDING_AT_END
359.09999999999997,359.49779517476867,,,,PENDING_AT_END
359.45,359.76867807426737,,,,PENDING_AT_END
359.79999999999995,359.8285898859634,,,,PENDING_AT_END
360.15,360.232508115957,,,,PENDING_AT_END
360.5,360.70766161708775,,,,PENDING_AT_END
360.84999999999997,361.2242154831575,,,,PENDING_AT_END
361.2,361.4075380363175,,,,PENDING_AT_END
361.54999999999995,361.75559979812124,,,,PENDING_AT_END
361.9,362.1102620059215,,,,PENDING_AT_END
362.25,362.5813614856595,,,,PENDING_AT_END
362.59999999999997,362.7997695202794,,,,PENDING_AT_END
362.95,363.1380749954721,,,,PENDING_AT_END
363.29999999999995,363.3294589104486,,,,PENDING_AT_END
363.65,363.662084370467,,,,PENDING_AT_END
364.0,364.2325362916582,,,,PENDING_AT_END
364.34999999999997,364.36791018152365,,,,PENDING_AT_END
364.7,364.9342208273486,,,,PENDING_AT_END
365.04999999999995,365.4305113530114,,,,PENDING_AT_END
365.4,365.66116304918444,,,,PENDING_AT_END
365.75,366.0525117074302,,,,PENDING_AT_END
366.09999999999997,366.10424510820627,,,,PENDING_AT_END
366.45,366.82018914953784,,,,PENDING_AT_END
366.79999999999995,367.05089403509453,,,,PENDING_AT_END
367.15,367.54747581833703,,,,PENDING_AT_END
367.5,367.6456718797981,,,,PENDING_AT_END
367.84999999999997,368.0425794011739,,,,PENDING_AT_END
368.2,368.2345719974816,,,,PENDING_AT_END
368.54999999999995,368.7915144216141,,,,PENDING_AT_END
368.9,369.071949305934,,,,PENDING_AT_END
369.25,369.6012553249317,,,,PENDING_AT_END
369.59999999999997,369.8215249667216,,,,PENDING_AT_END
369.95,370.1751160849938,,,,PENDING_AT_END
370.29999999999995,370.57823329592895,,,,PENDING_AT_END
370.65,371.01066973926413,,,,PENDING_AT_END
371.0,371.3977500456965,,,,PENDING_AT_END
371.34999999999997,371.3777078371002,,,,PENDING_AT_END
371.7,371.9174718697514,,,,PENDING_AT_END
372.04999999999995,372.1103138082892,,,,PENDING_AT_END
372.4,372.4106857705725,,,,PENDING_AT_END
372.75,372.78672856693515,,,,PENDING_AT_END
373.09999999999997,373.4612517744636,,,,PENDING_AT_END
373.45,373.5441779458567,,,,PENDING_AT_END
373.79999999999995,374.1782674921401,,,,PENDING_AT_END
374.15,374.32279563089503,,,,PENDING_AT_END
374.5,374.8178758750181,,,,PENDING_AT_END
374.84999999999997,375.22968643765586,,,,PENDING_AT_END
375.2,375.21624483655154,,,,PENDING_AT_END
375.54999999999995,375.7669180160191,,,,PENDING_AT_END
375.9,376.2731801047262,,,,PENDING_AT_END
376.25,376.34188576704196,,,,PENDING_AT_END
376.59999999999997,376.7958259983524,,,,PENDING_AT_END
376.95,377.188140111001,,,,PENDING_AT_END
377.29999999999995,377.61042358216343,,,,PENDING_AT_END
377.65,377.83012874954443,,,,PENDING_AT_END
378.0,378.27387248258094,,,,PENDING_AT_END
378.34999999999997,378.60586188703365,,,,PENDING_AT_END
378.7,378.94682519069823,,,,PENDING_AT_END
379.04999999999995,379.34753432036723,,,,PENDING_AT_END
379.4,379.42818113775104,,,,PENDING_AT_END
379.75,379.88866924013905,,,,PENDING_AT_END
380.09999999999997,380.30821714362884,,,,PENDING_AT_END
380.45,380.6965311667946,,,,PENDING_AT_END
380.79999999999995,380.8759673220094,,,,PENDING_AT_END
381.15,381.27976073167474,,,,PENDING_AT_END
381.5,381.6139093924819,,,,PENDING_AT_END
381.84999999999997,382.0568230788005,,,,PENDING_AT_END
382.2,382.40507810534353,,,,PENDING_AT_END
382.54999999999995,382.7584265689243,,,,PENDING_AT_END
382.9,383.1163114574118,,,,PENDING_AT_END
383.25,383.4384506365665,,,,PENDING_AT_END
383.59999999999997,383.69124996261274,,,,PENDING_AT_END
383.95,384.0240468721549,,,,PENDING_AT_END
384.29999999999995,384.49044421701194,,,,PENDING_AT_END
384.65,385.0008802274169,,,,PENDING_AT_END
385.0,385.092029378481,,,,PENDING_AT_END
385.34999999999997,385.5649852210299,,,,PENDING_AT_END
385.7,385.88715188413113,,,,PENDING_AT_END
386.04999999999995,386.3974236939994,,,,PENDING_AT_END
386.4,386.7838641432362,,,,PENDING_AT_END
386.75,386.8258980132696,,,,PENDING_AT_END
387.09999999999997,387.40190488726734,,,,PENDING_AT_END
387.45,387.75338497535387,,,,PENDING_AT_END
387.79999999999995,387.8587944316671,,,,PENDING_AT_END
388.15,388.2362973838459,,,,PENDING_AT_END
388.5,388.8920189457449,,,,PENDING_AT_END
388.84999999999997,389.095480604976,,,,PENDING_AT_END
389.2,389.5704697900682,,,,PENDING_AT_END
389.54999999999995,389.59358278536786,,,,PENDING_AT_END
389.9,390.12893515144094,,,,PENDING_AT_END
390.25,390.4185481957501,,,,PENDING_AT_END
390.59999999999997,390.9121296550988,,,,PENDING_AT_END
390.95,391.29388167253427,,,,PENDING_AT_END
391.29999999999995,391.50067564835456,,,,PENDING_AT_END
391.65,391.93589233582713,,,,PENDING_AT_END
392.0,392.07457395755625,,,,PENDING_AT_END
392.34999999999997,392.3951193216338,,,,PENDING_AT_END
392.7,393.04459788174626,,,,PENDING_AT_END
393.04999999999995,393.145282612709,,,,PENDING_AT_END
393.4,393.54566545964474,,,,PENDING_AT_END
393.75,393.92138963723767,,,,PENDING_AT_END
394.09999999999997,394.3002240316262,,,,PENDING_AT_END
394.45,394.63085380419756,,,,PENDING_AT_END
394.79999999999995,394.8699796707442,,,,PENDING_AT_END
395.15,395.300860540558,,,,PENDING_AT_END
395.5,395.74271536731203,,,,PENDING_AT_END
395.84999999999997,396.0362228592027,,,,PENDING_AT_END
396.2,396.2670834606874,,,,PENDING_AT_END
396.54999999999995,396.77474146271186,,,,PENDING_AT_END
396.9,396.96095495972736,,,,PENDING_AT_END
397.25,397.55806465471153,,,,PENDING_AT_END
397.59999999999997,397.80537758819213,,,,PENDING_AT_END
397.95,398.1088392077625,,,,PENDING_AT_END
398.29999999999995,398.5739452349827,,,,PENDING_AT_END
398.65,398.90870690454346,,,,PENDING_AT_END
399.0,399.2691022047072,,,,PENDING_AT_END
399.34999999999997,399.58237372324305,,,,PENDING_AT_END
399.7,399.7077653380056,,,,PENDING_AT_END
400.04999999999995,400.07977978284976,,,,PENDING_AT_END
400.4,400.69667521127633,,,,PENDING_AT_END
400.75,401.1090669688116,,,,PENDING_AT_END
401.09999999999997,401.1901411470997,,,,PENDING_AT_END
401.45,401.65974792510264,,,,PENDING_AT_END
401.79999999999995,401.80555806189784,,,,PENDING_AT_END
402.15,402.2217887821654,,,,PENDING_AT_END
402.5,402.88323314725903,,,,PENDING_AT_END
402.84999999999997,403.07530436257997,,,,PENDING_AT_END
403.2,403.55839212911457,,,,PENDING_AT_END
403.54999999999995,403.8028588114097,,,,PENDING_AT_END
403.9,404.0159508657557,,,,PENDING_AT_END
404.25,404.54940277102264,,,,PENDING_AT_END
404.59999999999997,404.6796875627609,,,,PENDING_AT_END
404.95,405.01787592939166,,,,PENDING_AT_END
405.29999999999995,405.4783430732125,,,,PENDING_AT_END
405.65,405.98212293258916,,,,PENDING_AT_END
406.0,406.31769074672695,,,,PENDING_AT_END
406.34999999999997,406.486340387423,,,,PENDING_AT_END
406.7,406.9303521532658,,,,PENDING_AT_END
407.04999999999995,407.33089207754665,,,,PENDING_AT_END
407.4,407.717915700346,,,,PENDING_AT_END
407.75,408.0495929458882,,,,PENDING_AT_END
408.09999999999997,408.11867750260507,,,,PENDING_AT_END
408.45,408.53041143783145,,,,PENDING_AT_END
408.79999999999995,409.1198780435524,,,,PENDING_AT_END
409.15,409.2136237376243,,,,PENDING_AT_END
409.5,409.52890804479455,,,,PENDING_AT_END
409.84999999999997,409.9106095210531,,,,PENDING_AT_END
410.2,410.28322831343354,,,,PENDING_AT_END
410.54999999999995,410.79308573564117,,,,PENDING_AT_END
410.9,411.1695546236324,,,,PENDING_AT_END
411.25,411.58966080178584,,,,PENDING_AT_END
411.59999999999997,411.61688172641465,,,,PENDING_AT_END
411.95,412.2294290177335,,,,PENDING_AT_END
412.29999999999995,412.61789577857064,,,,PENDING_AT_END
412.65,412.8626588620581,,,,PENDING_AT_END
413.0,413.32633293878825,,,,PENDING_AT_END
413.34999999999997,413.74137508588086,,,,PENDING_AT_END
413.7,414.00000699257424,,,,PENDING_AT_END
414.04999999999995,414.08657541074354,,,,PENDING_AT_END
414.4,414.5540271049879,,,,PENDING_AT_END
414.75,414.97844541734275,,,,PENDING_AT_END
415.09999999999997,415.2464249018555,,,,PENDING_AT_END
415.45,415.7769566304581,,,,PENDING_AT_END
415.79999999999995,416.1908963710107,,,,PENDING_AT_END
416.15,416.24331329944243,,,,PENDING_AT_END
416.5,416.7412160197093,,,,PENDING_AT_END
416.84999999999997,417.1810510443739,,,,PENDING_AT_END
417.2,417.2554963223167,,,,PENDING_AT_END
417.54999999999995,417.56705609172707,,,,PENDING_AT_END
417.9,418.29293273111375,,,,PENDING_AT_END
418.25,418.32578265031214,,,,PENDING_AT_END
418.59999999999997,418.9077685123331,,,,PENDING_AT_END
418.95,419.21150875106474,,,,PENDING_AT_END
419.29999999999995,419.3818582379697,,,,PENDING_AT_END
419.65,420.0280921379025,,,,PENDING_AT_END
420.0,420.0598003541521,,,,PENDING_AT_END
420.34999999999997,420.5671093302181,,,,PENDING_AT_END
420.7,420.9300018588743,,,,PENDING_AT_END
421.04999999999995,421.33053831145014,,,,PENDING_AT_END
421.4,421.43784531221786,,,,PENDING_AT_END
421.75,422.01467199846115,,,,PENDING_AT_END
422.09999999999997,422.16534958727385,,,,PENDING_AT_END
422.45,422.56582830317194,,,,PENDING_AT_END
422.79999999999995,422.85036817899277,,,,PENDING_AT_END
423.15,423.52091063520277,,,,PENDING_AT_END
423.5,423.88578351552553,,,,PENDING_AT_END
423.84999999999997,423.9857023209784,,,,PENDING_AT_END
424.2,424.48401693574914,,,,PENDING_AT_END
424.54999999999995,424.66407072753486,,,,PENDING_AT_END
424.9,425.11967135159364,,,,PENDING_AT_END
425.25,425.41375841408956,,,,PENDING_AT_END
425.59999999999997,425.8667690226253,,,,PENDING_AT_END
425.95,426.2676677998251,,,,PENDING_AT_END
426.29999999999995,426.6067998675378,,,,PENDING_AT_END
426.65,426.95169244217834,,,,PENDING_AT_END
427.0,427.1442740482728,,,,PENDING_AT_END
427.34999999999997,427.5872689741587,,,,PENDING_AT_END
427.7,427.98553566934737,,,,PENDING_AT_END
428.04999999999995,428.13562619060895,,,,PENDING_AT_END
428.4,428.47794256329155,,,,PENDING_AT_END
428.75,429.0905056934091,,,,PENDING_AT_END
429.09999999999997,429.21191217695997,,,,PENDING_AT_END
429.45,429.5480536285774,,,,PENDING_AT_END
429.79999999999995,430.05490332049624,,,,PENDING_AT_END
430.15,430.3412076184362,,,,PENDING_AT_END
430.5,430.5983005294223,,,,PENDING_AT_END
430.84999999999997,431.0373885589585,,,,PENDING_AT_END
431.2,431.391902844222,,,,PENDING_AT_END
431.54999999999995,431.7175905713266,,,,PENDING_AT_END
431.9,432.15433269812434,,,,PENDING_AT_END
432.25,432.3119045927367,,,,PENDING_AT_END
432.59999999999997,432.68135550378923,,,,PENDING_AT_END
432.95,433.0116758341,,,,PENDING_AT_END
433.29999999999995,433.5335688639192,,,,PENDING_AT_END
433.65,433.8890678881397,,,,PENDING_AT_END
434.0,434.15169926302065,,,,PENDING_AT_END
434.34999999999997,434.4611323233192,,,,PENDING_AT_END
434.7,434.79617481581164,,,,PENDING_AT_END
435.04999999999995,435.07413122548974,,,,PENDING_AT_END
435.4,435.56943391894686,,,,PENDING_AT_END
435.75,436.0678167941883,,,,PENDING_AT_END
436.09999999999997,436.1614774916181,,,,PENDING_AT_END
436.45,436.83460096950006,,,,PENDING_AT_END
436.79999999999995,436.9819435260266,,,,PENDING_AT_END
437.15,437.1536231436452,,,,PENDING_AT_END
437.5,437.80486365918284,,,,PENDING_AT_END
437.84999999999997,438.03952948026057,,,,PENDING_AT_END
438.2,438.36837162900787,,,,PENDING_AT_END
438.54999999999995,438.69000305541067,,,,PENDING_AT_END
438.9,439.27852693479326,,,,PENDING_AT_END
439.25,439.47336633289444,,,,PENDING_AT_END
439.59999999999997,439.6800730532082,,,,PENDING_AT_END
439.95,440.2587394817535,,,,PENDING_AT_END
440.29999999999995,440.6745712522612,,,,PENDING_AT_END
440.65,440.7501857787313,,,,PENDING_AT_END
441.0,441.042961334138,,,,PENDING_AT_END
441.34999999999997,441.67248585656665,,,,PENDING_AT_END
441.7,441.82302346404816,,,,PENDING_AT_END
442.04999999999995,442.067512293498,,,,PENDING_AT_END
442.4,442.73390570860715,,,,PENDING_AT_END
442.75,442.9265391574802,,,,PENDING_AT_END
443.09999999999997,443.16506826127846,,,,PENDING_AT_END
443.45,443.61472304048374,,,,PENDING_AT_END
443.79999999999995,444.0175870838747,,,,PENDING_AT_END
444.15,444.5234467848561,,,,PENDING_AT_END
444.5,444.7748622953068,,,,PENDING_AT_END
444.84999999999997,444.8946733732724,,,,PENDING_AT_END
445.2,445.3673257299874,,,,PENDING_AT_END
445.54999999999995,445.60801083759725,,,,PENDING_AT_END
445.9,446.16186571634717,,,,PENDING_AT_END
446.25,446.54728717448836,,,,PENDING_AT_END
446.59999999999997,446.79428535179096,,,,PENDING_AT_END
446.95,447.34793543286895,,,,PENDING_AT_END
447.29999999999995,447.6969502194777,,,,PENDING_AT_END
447.65,447.7762251099398,,,,PENDING_AT_END
448.0,448.0290784498185,,,,PENDING_AT_END
448.34999999999997,448.5341241920216,,,,PENDING_AT_END
448.7,449.0243235661837,,,,PENDING_AT_END
449.04999999999995,449.2463143036049,,,,PENDING_AT_END
449.4,449.7914213636707,,,,PENDING_AT_END
449.74999999999994,450.12931450303125,,,,PENDING_AT_END
450.09999999999997,450.1530177127293,,,,PENDING_AT_END
450.45,450.4970475764399,,,,PENDING_AT_END
450.79999999999995,451.0799216853354,,,,PENDING_AT_END
451.15,451.185487414696,,,,PENDING_AT_END
451.49999999999994,451.6357986499393,,,,PENDING_AT_END
451.84999999999997,452.0512938694554,,,,PENDING_AT_END
452.2,452.39323944318045,,,,PENDING_AT_END
452.54999999999995,452.727891838779,,,,PENDING_AT_END
452.9,452.92688114813336,,,,PENDING_AT_END
453.24999999999994,453.4075921889468,,,,PENDING_AT_END
453.59999999999997,453.95246194248915,,,,PENDING_AT_END
453.95,454.1407884486313,,,,PENDING_AT_END
454.29999999999995,454.5660627439378,,,,PENDING_AT_END
454.65,454.99356474274066,,,,PENDING_AT_END
454.99999999999994,455.1816250781447,,,,PENDING_AT_END
455.34999999999997,455.6843722796937,,,,PENDING_AT_END
455.7,456.05314704799315,,,,PENDING_AT_END
456.04999999999995,456.20315319045676,,,,PENDING_AT_END
456.4,456.66556558589764,,,,PENDING_AT_END
456.74999999999994,457.06257474561727,,,,PENDING_AT_END
457.09999999999997,457.3453424527657,,,,PENDING_AT_END
457.45,457.4670895023076,,,,PENDING_AT_END
457.79999999999995,458.0978652279964,,,,PENDING_AT_END
458.15,458.492787666827,,,,PENDING_AT_END
458.49999999999994,458.74638926862445,,,,PENDING_AT_END
458.84999999999997,459.139627770691,,,,PENDING_AT_END
459.2,459.34041801120037,,,,PENDING_AT_END
459.54999999999995,459.68483892913207,,,,PENDING_AT_END
459.9,460.0142882974733,,,,PENDING_AT_END
460.24999999999994,460.3489872866623,,,,PENDING_AT_END
460.59999999999997,460.97058045909165,,,,PENDING_AT_END
460.95,461.1703962284915,,,,PENDING_AT_END
461.29999999999995,461.35957581067817,,,,PENDING_AT_END
461.65,461.82388228818695,,,,PENDING_AT_END
461.99999999999994,462.11646687523654,,,,PENDING_AT_END
462.34999999999997,462.48302233290946,,,,PENDING_AT_END
462.7,463.0170276624154,,,,PENDING_AT_END
463.04999999999995,463.42746807161143,,,,PENDING_AT_END
463.4,463.7205649060188,,,,PENDING_AT_END
463.74999999999994,463.97411509954253,,,,PENDING_AT_END
464.09999999999997,464.4827909291026,,,,PENDING_AT_END
464.45,464.5151093439957,,,,PENDING_AT_END
464.79999999999995,465.1762981284319,,,,PENDING_AT_END
465.15,465.2726565701055,,,,PENDING_AT_END
465.49999999999994,465.54032815007287,,,,PENDING_AT_END
465.84999999999997,465.9651619637361,,,,PENDING_AT_END
466.2,466.3465986976532,,,,PENDING_AT_END
466.54999999999995,466.6590817581747,,,,PENDING_AT_END
466.9,467.24196223936565,,,,PENDING_AT_END
467.24999999999994,467.5950566831596,,,,PENDING_AT_END
467.59999999999997,467.92301402608683,,,,PENDING_AT_END
467.95,468.1446309082739,,,,PENDING_AT_END
468.29999999999995,468.4373034874144,,,,PENDING_AT_END
468.65,468.9617817955673,,,,PENDING_AT_END
468.99999999999994,469.14718128596354,,,,PENDING_AT_END
469.34999999999997,469.43665292855275,,,,PENDING_AT_END
469.7,469.92894862790666,,,,PENDING_AT_END
470.04999999999995,470.4126245752798,,,,PENDING_AT_END
470.4,470.46067510573073,,,,PENDING_AT_END
470.74999999999994,471.13800433978093,,,,PENDING_AT_END
471.09999999999997,471.27609493737197,,,,PENDING_AT_END
471.45,471.68693984420605,,,,PENDING_AT_END
471.79999999999995,471.9444119532068,,,,PENDING_AT_END
472.15,472.31844347806725,,,,PENDING_AT_END
472.49999999999994,472.65278784602975,,,,PENDING_AT_END
472.84999999999997,472.90526148887085,,,,PENDING_AT_END
473.2,473.4426342795935,,,,PENDING_AT_END
473.54999999999995,473.9383777004567,,,,PENDING_AT_END
473.9,474.07572002167785,,,,PENDING_AT_END
474.24999999999994,474.3358381718236,,,,PENDING_AT_END
474.59999999999997,474.6013587638933,,,,PENDING_AT_END
474.95,475.08105612492994,,,,PENDING_AT_END
475.29999999999995,475.41030861927993,,,,PENDING_AT_END
475.65,476.0365538874107,,,,PENDING_AT_END
475.99999999999994,476.0881173930589,,,,PENDING_AT_END
476.34999999999997,476.51464048854615,,,,PENDING_AT_END
476.7,477.00228782683547,,,,PENDING_AT_END
477.04999999999995,477.4360294290799,,,,PENDING_AT_END
477.4,477.63326496847276,,,,PENDING_AT_END
477.74999999999994,477.9408598849347,,,,PENDING_AT_END
478.09999999999997,478.49399762380637,,,,PENDING_AT_END
478.45,478.7655349995504,,,,PENDING_AT_END
478.79999999999995,478.9937188851194,,,,PENDING_AT_END
479.15,479.15492811111574,,,,PENDING_AT_END
479.49999999999994,479.72272711248723,,,,PENDING_AT_END
479.84999999999997,480.20666516266425,,,,PENDING_AT_END
480.2,480.49731186899027,,,,PENDING_AT_END
480.54999999999995,480.92245735793995,,,,PENDING_AT_END
480.9,481.293299811222,,,,PENDING_AT_END
481.24999999999994,481.42186743480244,,,,PENDING_AT_END
481.59999999999997,481.81919078761433,,,,PENDING_AT_END
481.95,482.03126211617445,,,,PENDING_AT_END
482.29999999999995,482.6030681668552,,,,PENDING_AT_END
482.65,482.9184750614803,,,,PENDING_AT_END
482.99999999999994,483.2889185488097,,,,PENDING_AT_END
483.34999999999997,483.45819450569167,,,,PENDING_AT_END
483.7,483.9327026578732,,,,PENDING_AT_END
484.04999999999995,484.2216059016612,,,,PENDING_AT_END
484.4,484.5941696617625,,,,PENDING_AT_END
484.74999999999994,485.0470559578112,,,,PENDING_AT_END
485.09999999999997,485.27500552446287,,,,PENDING_AT_END
485.45,485.7895851087474,,,,PENDING_AT_END
485.79999999999995,486.0980287125726,,,,PENDING_AT_END
486.15,486.48405917031835,,,,PENDING_AT_END
486.49999999999994,486.8567365424664,,,,PENDING_AT_END
486.84999999999997,487.247800390691,,,,PENDING_AT_END
487.2,487.32093891667324,,,,PENDING_AT_END
487.54999999999995,487.5617824447096,,,,PENDING_AT_END
487.9,488.20274583473713,,,,PENDING_AT_END
488.24999999999994,488.53686126534984,,,,PENDING_AT_END
488.59999999999997,488.734630262038,,,,PENDING_AT_END
488.95,489.3453556385335,,,,PENDING_AT_END
489.29999999999995,489.57452163722667,,,,PENDING_AT_END
489.65,489.97126525019394,,,,PENDING_AT_END
489.99999999999994,490.31064811803475,,,,PENDING_AT_END
490.34999999999997,490.5183234457409,,,,PENDING_AT_END
490.7,490.9857404333491,,,,PENDING_AT_END
491.04999999999995,491.3639047093949,,,,PENDING_AT_END
491.4,491.58732090832393,,,,PENDING_AT_END
491.74999999999994,491.9459275001705,,,,PENDING_AT_END
492.09999999999997,492.3239571152324,,,,PENDING_AT_END
492.45,492.6696394564306,,,,PENDING_AT_END
492.79999999999995,493.0297579375457,,,,PENDING_AT_END
493.15,493.2320677510228,,,,PENDING_AT_END
493.49999999999994,493.83267461617385,,,,PENDING_AT_END
493.84999999999997,494.02420970737836,,,,PENDING_AT_END
494.2,494.3822139930193,,,,PENDING_AT_END
494.54999999999995,494.7171779605868,,,,PENDING_AT_END
494.9,495.08287005560646,,,,PENDING_AT_END
495.24999999999994,495.31959707457037,,,,PENDING_AT_END
495.59999999999997,495.8516767669831,,,,PENDING_AT_END
495.95,495.95947772612107,,,,PENDING_AT_END
496.29999999999995,496.3908096930104,,,,PENDING_AT_END
496.65,496.9924146231117,,,,PENDING_AT_END
496.99999999999994,497.0447739112903,,,,PENDING_AT_END
497.34999999999997,497.4443683195238,,,,PENDING_AT_END
497.7,497.71810760844056,,,,PENDING_AT_END
498.04999999999995,498.0699164063391,,,,PENDING_AT_END
498.4,498.78049660352167,,,,PENDING_AT_END
498.74999999999994,499.06852242281315,,,,PENDING_AT_END
499.09999999999997,499.44540515326963,,,,PENDING_AT_END
499.45,499.5765217603186,,,,PENDING_AT_END
499.79999999999995,499.83107714600453,,,,PENDING_AT_END
500.15,500.4540294302484,,,,PENDING_AT_END
500.49999999999994,500.5541724392244,,,,PENDING_AT_END
500.84999999999997,501.21685343771304,,,,PENDING_AT_END
501.2,501.53915054780674,,,,PENDING_AT_END
501.54999999999995,501.67331833839444,,,,PENDING_AT_END
501.9,502.29446802973143,,,,PENDING_AT_END
502.24999999999994,502.2607355583228,,,,PENDING_AT_END
502.59999999999997,502.61268847950686,,,,PENDING_AT_END
502.95,503.1371525917288,,,,PENDING_AT_END
503.29999999999995,503.6509249542057,,,,PENDING_AT_END
503.65,503.7712972803663,,,,PENDING_AT_END
503.99999999999994,504.0644825795368,,,,PENDING_AT_END
504.34999999999997,504.4101242179085,,,,PENDING_AT_END
504.7,504.82139509685175,,,,PENDING_AT_END
505.04999999999995,505.0713353763583,,,,PENDING_AT_END
505.4,505.5600199159735,,,,PENDING_AT_END
505.74999999999994,505.9846247715271,,,,PENDING_AT_END
506.09999999999997,506.4778409322666,,,,PENDING_AT_END
506.45,506.71331902687774,,,,PENDING_AT_END
506.79999999999995,506.8078884760105,,,,PENDING_AT_END
507.15,507.4082747982094,,,,PENDING_AT_END
507.49999999999994,507.52471859622443,,,,PENDING_AT_END
507.84999999999997,507.9070264005956,,,,PENDING_AT_END
508.2,508.2807004926464,,,,PENDING_AT_END
508.54999999999995,508.5733716816575,,,,PENDING_AT_END
508.9,509.0593859328786,,,,PENDING_AT_END
509.24999999999994,509.4773278462961,,,,PENDING_AT_END
509.59999999999997,509.6690927406599,,,,PENDING_AT_END
509.95,510.1510495522178,,,,PENDING_AT_END
510.29999999999995,510.45710370600375,,,,PENDING_AT_END
510.65,510.881749552197,,,,PENDING_AT_END
510.99999999999994,511.1321980355055,,,,PENDING_AT_END
511.34999999999997,511.4846284578487,,,,PENDING_AT_END
511.7,511.8530287273324,,,,PENDING_AT_END
512.05,512.3802536999353,,,,PENDING_AT_END
512.4,512.4579917442535,,,,PENDING_AT_END
512.75,512.7505530266269,,,,PENDING_AT_END
513.1,513.4419057567976,,,,PENDING_AT_END
513.4499999999999,513.6629573080387,,,,PENDING_AT_END
513.8,514.172887017947,,,,PENDING_AT_END
514.15,514.3289534145841,,,,PENDING_AT_END
514.5,514.6483951359455,,,,PENDING_AT_END
514.85,515.0904374583421,,,,PENDING_AT_END
515.1999999999999,515.4811160683743,,,,PENDING_AT_END
515.55,515.9357944641029,,,,PENDING_AT_END
515.9,516.2291935910497,,,,PENDING_AT_END
516.25,516.5720253351094,,,,PENDING_AT_END
516.6,516.9800126450431,,,,PENDING_AT_END
516.9499999999999,516.9516453847447,,,,PENDING_AT_END
517.3,517.3168574060171,,,,PENDING_AT_END
517.65,517.9951894787217,,,,PENDING_AT_END
518.0,518.1120846509009,,,,PENDING_AT_END
518.35,518.5329070913789,,,,PENDING_AT_END
518.6999999999999,518.9929060754374,,,,PENDING_AT_END
519.05,519.1696065472979,,,,PENDING_AT_END
519.4,519.7067397136747,,,,PENDING_AT_END
519.75,519.767471064195,,,,PENDING_AT_END
520.1,520.1348638385253,,,,PENDING_AT_END
520.4499999999999,520.5990972117194,,,,PENDING_AT_END
520.8,520.9128989711912,,,,PENDING_AT_END
521.15,521.5128356263721,,,,PENDING_AT_END
521.5,521.7029048029481,,,,PENDING_AT_END
521.85,522.207130311051,,,,PENDING_AT_END
522.1999999999999,522.4026294047986,,,,PENDING_AT_END
522.55,522.8999955287629,,,,PENDING_AT_END
522.9,522.9275575574887,,,,PENDING_AT_END
523.25,523.3239757203089,,,,PENDING_AT_END
523.6,523.8985302569189,,,,PENDING_AT_END
523.9499999999999,524.2519623954621,,,,PENDING_AT_END
524.3,524.5639509816597,,,,PENDING_AT_END
524.65,524.7246346293451,,,,PENDING_AT_END
525.0,525.186894044768,,,,PENDING_AT_END
525.35,525.4808266723356,,,,PENDING_AT_END
525.6999999999999,526.0000843718857,,,,PENDING_AT_END
526.05,526.4122267816135,,,,PENDING_AT_END
526.4,526.6575849892876,,,,PENDING_AT_END
526.75,526.8605839583456,,,,PENDING_AT_END
527.1,527.2719204500746,,,,PENDING_AT_END
527.4499999999999,527.6765127996802,,,,PENDING_AT_END
527.8,527.8148614131424,,,,PENDING_AT_END
528.15,528.5487485957243,,,,PENDING_AT_END
528.5,528.6399893459532,,,,PENDING_AT_END
528.85,529.0271057277479,,,,PENDING_AT_END
529.1999999999999,529.2757927384095,,,,PENDING_AT_END
529.55,529.5931051469729,,,,PENDING_AT_END
529.9,529.9694374100501,,,,PENDING_AT_END
530.25,530.3859174462809,,,,PENDING_AT_END
530.6,530.7315603177989,,,,PENDING_AT_END
530.9499999999999,531.0053507583267,,,,PENDING_AT_END
531.3,531.4861677445915,,,,PENDING_AT_END
531.65,531.9003444377528,,,,PENDING_AT_END
532.0,532.208147956107,,,,PENDING_AT_END
532.35,532.514460681305,,,,PENDING_AT_END
532.6999999999999,532.8872696224352,,,,PENDING_AT_END
533.05,533.3077450203998,,,,PENDING_AT_END
533.4,533.748558658495,,,,PENDING_AT_END
533.75,533.8194831019457,,,,PENDING_AT_END
534.1,534.4900210892803,,,,PENDING_AT_END
534.4499999999999,534.7888923999184,,,,PENDING_AT_END
534.8,535.0820650231205,,,,PENDING_AT_END
535.15,535.3741916571524,,,,PENDING_AT_END
535.5,535.7208931350165,,,,PENDING_AT_END
535.85,536.1296930445623,,,,PENDING_AT_END
536.1999999999999,536.4121486775047,,,,PENDING_AT_END
536.55,536.8628696294484,,,,PENDING_AT_END
536.9,537.11887530001,,,,PENDING_AT_END
537.25,537.6290506565126,,,,PENDING_AT_END
537.5999999999999,537.930929251218,,,,PENDING_AT_END
537.9499999999999,538.1339764446763,,,,PENDING_AT_END
538.3,538.4991213310861,,,,PENDING_AT_END
538.65,538.8830663064397,,,,PENDING_AT_END
539.0,539.1965274755873,,,,PENDING_AT_END
539.3499999999999,539.7127028347668,,,,PENDING_AT_END
539.6999999999999,539.837208118745,,,,PENDING_AT_END
540.05,540.4236296717311,,,,PENDING_AT_END
540.4,540.6374169143716,,,,PENDING_AT_END
540.75,541.0431142046878,,,,PENDING_AT_END
541.0999999999999,541.2854821483852,,,,PENDING_AT_END
541.4499999999999,541.7062846959644,,,,PENDING_AT_END
541.8,542.0156792324365,,,,PENDING_AT_END
542.15,542.2420324916465,,,,PENDING_AT_END
542.5,542.7478816483735,,,,PENDING_AT_END
542.8499999999999,543.0489657028229,,,,PENDING_AT_END
543.1999999999999,543.4860299748126,,,,PENDING_AT_END
543.55,543.7860882276043,,,,PENDING_AT_END
543.9,544.225021516199,,,,PENDING_AT_END
544.25,544.4749731369375,,,,PENDING_AT_END
544.5999999999999,544.9183810702625,,,,PENDING_AT_END
544.9499999999999,545.0252575192573,,,,PENDING_AT_END
545.3,545.3435007547307,,,,PENDING_AT_END
545.65,545.7648120898972,,,,PENDING_AT_END
546.0,546.0184548962459,,,,PENDING_AT_END
546.3499999999999,546.612730517141,,,,PENDING_AT_END
546.6999999999999,547.0261555845603,,,,PENDING_AT_END
547.05,547.3993152127946,,,,PENDING_AT_END
547.4,547.7974958531357,,,,PENDING_AT_END
547.75,548.0930525463427,,,,PENDING_AT_END
548.0999999999999,548.4239934737288,,,,PENDING_AT_END
548.4499999999999,548.718465316313,,,,PENDING_AT_END
548.8,549.0609595961901,,,,PENDING_AT_END
549.15,549.248209555146,,,,PENDING_AT_END
549.5,549.6663951561757,,,,PENDING_AT_END
549.8499999999999,550.0886914627656,,,,PENDING_AT_END
550.1999999999999,550.3296566471266,,,,PENDING_AT_END
550.55,550.5577785172582,,,,PENDING_AT_END
550.9,550.9466033402247,,,,PENDING_AT_END
551.25,551.4565620165108,,,,PENDING_AT_END
551.5999999999999,551.6908736655903,,,,PENDING_AT_END
551.9499999999999,552.1195166207859,,,,PENDING_AT_END
552.3,552.3502547926555,,,,PENDING_AT_END
552.65,552.6789189427883,,,,PENDING_AT_END
553.0,553.3339871120274,,,,PENDING_AT_END
553.3499999999999,553.6994768172256,,,,PENDING_AT_END
553.6999999999999,553.8027478372359,,,,PENDING_AT_END
554.05,554.3250170313461,,,,PENDING_AT_END
554.4,554.448893921424,,,,PENDING_AT_END
554.75,555.0831916464447,,,,PENDING_AT_END
555.0999999999999,555.1970547043354,,,,PENDING_AT_END
555.4499999999999,555.5724459183156,,,,PENDING_AT_END
555.8,556.0728896103731,,,,PENDING_AT_END
556.15,556.18159154283,,,,PENDING_AT_END
556.5,556.5038635214457,,,,PENDING_AT_END
556.8499999999999,557.1171125785856,,,,PENDING_AT_END
557.1999999999999,557.5347784919942,,,,PENDING_AT_END
557.55,557.677759583848,,,,PENDING_AT_END
557.9,558.126541058782,,,,PENDING_AT_END
558.25,558.4077708960299,,,,PENDING_AT_END
558.5999999999999,558.77816592913,,,,PENDING_AT_END
558.9499999999999,559.2631662694495,,,,PENDING_AT_END
559.3,559.4666309891193,,,,PENDING_AT_END
559.65,559.7447202146051,,,,PENDING_AT_END
560.0,560.2170718127661,,,,PENDING_AT_END
560.3499999999999,560.3840801899626,,,,PENDING_AT_END
560.6999999999999,560.8132888288359,,,,PENDING_AT_END
561.05,561.1781385942695,,,,PENDING_AT_END
561.4,561.6852613740158,,,,PENDING_AT_END
561.75,562.0885673781413,,,,PENDING_AT_END
562.0999999999999,562.4684031086726,,,,PENDING_AT_END
562.4499999999999,562.8286217217243,,,,PENDING_AT_END
562.8,563.1476921957301,,,,PENDING_AT_END
563.15,563.37047642511,,,,PENDING_AT_END
563.5,563.7762095717017,,,,PENDING_AT_END
563.8499999999999,564.1521704723516,,,,PENDING_AT_END
564.1999999999999,564.5875632396722,,,,PENDING_AT_END
564.55,564.6576715007684,,,,PENDING_AT_END
564.9,564.9947891309035,,,,PENDING_AT_END
565.25,565.5655380437793,,,,PENDING_AT_END
565.5999999999999,565.6349586558272,,,,PENDING_AT_END
565.9499999999999,565.9708786022499,,,,PENDING_AT_END
566.3,566.5825755806736,,,,PENDING_AT_END
566.65,566.9959668625696,,,,PENDING_AT_END
567.0,567.2502638467738,,,,PENDING_AT_END
567.3499999999999,567.3685223307307,,,,PENDING_AT_END
567.6999999999999,568.0887469192081,,,,PENDING_AT_END
568.05,568.1349061186938,,,,PENDING_AT_END
568.4,568.7745154211751,,,,PENDING_AT_END
568.75,568.7827581035708,,,,PENDING_AT_END
569.0999999999999,569.3732682238533,,,,PENDING_AT_END
569.4499999999999,569.630310920542,,,,PENDING_AT_END
569.8,569.8150725066689,,,,PENDING_AT_END
570.15,570.3974238946249,,,,PENDING_AT_END
570.5,570.6170176250096,,,,PENDING_AT_END
570.8499999999999,571.166087284658,,,,PENDING_AT_END
571.1999999999999,571.3454068962714,,,,PENDING_AT_END
571.55,571.6614896104345,,,,PENDING_AT_END
571.9,571.9927793422318,,,,PENDING_AT_END
572.25,572.4664719587329,,,,PENDING_AT_END
572.5999999999999,572.9599011977209,,,,PENDING_AT_END
572.9499999999999,572.9841637554197,,,,PENDING_AT_END
573.3,573.654957277505,,,,PENDING_AT_END
573.65,573.7982819170255,,,,PENDING_AT_END
574.0,574.3905622822067,,,,PENDING_AT_END
574.3499999999999,574.4738913813685,,,,PENDING_AT_END
574.6999999999999,574.7933424240738,,,,PENDING_AT_END
575.05,575.1698103359477,,,,PENDING_AT_END
575.4,575.798589559978,,,,PENDING_AT_END
575.75,576.0872980254726,,,,PENDING_AT_END
576.0999999999999,576.3878343847728,,,,PENDING_AT_END
576.4499999999999,576.5811090243088,,,,PENDING_AT_END
576.8,577.035286426523,,,,PENDING_AT_END
577.15,577.2108958451291,,,,PENDING_AT_END
577.5,577.6104071617508,,,,PENDING_AT_END
577.8499999999999,577.8911263383193,,,,PENDING_AT_END
578.1999999999999,578.4068077771718,,,,PENDING_AT_END
578.55,578.9372156735401,,,,PENDING_AT_END
578.9,579.1763838539708,,,,PENDING_AT_END
579.25,579.4899919326076,,,,PENDING_AT_END
579.5999999999999,579.972871379731,,,,PENDING_AT_END
579.9499999999999,580.332508446077,,,,PENDING_AT_END
580.3,580.6637284155584,,,,PENDING_AT_END
580.65,580.9696571685753,,,,PENDING_AT_END
581.0,581.1680952922338,,,,PENDING_AT_END
581.3499999999999,581.708792489452,,,,PENDING_AT_END
581.6999999999999,581.8144791499402,,,,PENDING_AT_END
582.05,582.4024301671539,,,,PENDING_AT_END
582.4,582.4051561644727,,,,PENDING_AT_END
582.75,582.9530515007257,,,,PENDING_AT_END
583.0999999999999,583.3832540284357,,,,PENDING_AT_END
583.4499999999999,583.8130450387731,,,,PENDING_AT_END
583.8,583.8548241553644,,,,PENDING_AT_END
584.15,584.4812551383799,,,,PENDING_AT_END
584.5,584.7175709155863,,,,PENDING_AT_END
584.8499999999999,584.9162789264358,,,,PENDING_AT_END
585.1999999999999,585.4056468679929,,,,PENDING_AT_END
585.55,585.6672039319158,,,,PENDING_AT_END
585.9,586.2174903955762,,,,PENDING_AT_END
586.25,586.3258207027382,,,,PENDING_AT_END
586.5999999999999,586.6896478188403,,,,PENDING_AT_END
586.9499999999999,587.2996403281844,,,,PENDING_AT_END
587.3,587.6769546319613,,,,PENDING_AT_END
587.65,587.8995280221317,,,,PENDING_AT_END
588.0,588.2574651216426,,,,PENDING_AT_END
588.3499999999999,588.4753349918012,,,,PENDING_AT_END
588.6999999999999,588.9495360026687,,,,PENDING_AT_END
589.05,589.3079271505146,,,,PENDING_AT_END
589.4,589.4336057457218,,,,PENDING_AT_END
589.75,590.1314484171908,,,,PENDING_AT_END
590.0999999999999,590.2103902927258,,,,PENDING_AT_END
590.4499999999999,590.8073720956894,,,,PENDING_AT_END
590.8,590.8128029268271,,,,PENDING_AT_END
591.15,591.3588599345841,,,,PENDING_AT_END
591.5,591.8773684319344,,,,PENDING_AT_END
591.8499999999999,592.1997612097045,,,,PENDING_AT_END
592.1999999999999,592.5008673394556,,,,PENDING_AT_END
592.55,592.5710133105927,,,,PENDING_AT_END
592.9,593.2039069255569,,,,PENDING_AT_END
593.25,593.2518788617565,,,,PENDING_AT_END
593.5999999999999,593.7895662683172,,,,PENDING_AT_END
593.9499999999999,594.0638839675986,,,,PENDING_AT_END
594.3,594.5789713798015,,,,PENDING_AT_END
594.65,594.9822072329988,,,,PENDING_AT_END
595.0,595.2291926461764,,,,PENDING_AT_END
595.3499999999999,595.3781745611209,,,,PENDING_AT_END
595.6999999999999,596.0886868540966,,,,PENDING_AT_END
596.05,596.0640571767879,,,,PENDING_AT_END
596.4,596.665527152965,,,,PENDING_AT_END
596.75,596.7931690903513,,,,PENDING_AT_END
597.0999999999999,597.4017914209005,,,,PENDING_AT_END
597.4499999999999,597.7905064685204,,,,PENDING_AT_END
597.8,598.0745604840129,,,,PENDING_AT_END
598.15,598.4471840139596,,,,PENDING_AT_END
598.5,598.5585554684071,,,,PENDING_AT_END
598.8499999999999,599.0588647639361,,,,PENDING_AT_END
599.1999999999999,599.5482618352504,,,,PENDING_AT_END
599.55,599.5687680743201,,,,PENDING_AT_END
599.9,600.0392800491192,,,,PENDING_AT_END
600.25,600.5455725234485,,,,PENDING_AT_END
600.5999999999999,600.7123133901234,,,,PENDING_AT_END
600.9499999999999,601.2998238044794,,,,PENDING_AT_END
601.3,601.5830811488145,,,,PENDING_AT_END
601.65,601.912470224515,,,,PENDING_AT_END
602.0,602.2607246866887,,,,PENDING_AT_END
602.3499999999999,602.6447762824043,,,,PENDING_AT_END
602.6999999999999,602.9328008979534,,,,PENDING_AT_END
603.05,603.3121301347392,,,,PENDING_AT_END
603.4,603.7791754861959,,,,PENDING_AT_END
603.75,604.0208074791894,,,,PENDING_AT_END
604.0999999999999,604.103845905483,,,,PENDING_AT_END
604.4499999999999,604.7479939995759,,,,PENDING_AT_END
604.8,605.0456467702345,,,,PENDING_AT_END
605.15,605.4479698087185,,,,PENDING_AT_END
605.5,605.8234778516476,,,,PENDING_AT_END
605.8499999999999,605.8651834725063,,,,PENDING_AT_END
606.1999999999999,606.319607301389,,,,PENDING_AT_END
606.55,606.6064847653317,,,,PENDING_AT_END
606.9,606.9377186090184,,,,PENDING_AT_END
607.25,607.5911522652846,,,,PENDING_AT_END
607.5999999999999,607.9722386741228,,,,PENDING_AT_END
607.9499999999999,608.0814696771284,,,,PENDING_AT_END
608.3,608.3265954245812,,,,PENDING_AT_END
608.65,608.71445005566,,,,PENDING_AT_END
609.0,609.2386695136752,,,,PENDING_AT_END
609.3499999999999,609.6041790561762,,,,PENDING_AT_END
609.6999999999999,609.931264720799,,,,PENDING_AT_END
610.05,610.3276329199934,,,,PENDING_AT_END
610.4,610.7661322241012,,,,PENDING_AT_END
610.75,610.8952699120866,,,,PENDING_AT_END
611.0999999999999,611.200280962838,,,,PENDING_AT_END
611.4499999999999,611.7185980351597,,,,PENDING_AT_END
611.8,611.9762017206367,,,,PENDING_AT_END
612.15,612.3662720179879,,,,PENDING_AT_END
612.5,612.6456564713171,,,,PENDING_AT_END
612.8499999999999,613.2122224239074,,,,PENDING_AT_END
613.1999999999999,613.4368791037797,,,,PENDING_AT_END
613.55,613.8878023871471,,,,PENDING_AT_END
613.9,614.0088693989948,,,,PENDING_AT_END
614.25,614.3010759194667,,,,PENDING_AT_END
614.5999999999999,614.7490072551323,,,,PENDING_AT_END
614.9499999999999,615.3150592778069,,,,PENDING_AT_END
615.3,615.5791086314805,,,,PENDING_AT_END
615.65,615.698407300882,,,,PENDING_AT_END
616.0,616.0530923456558,,,,PENDING_AT_END
616.3499999999999,616.570120346508,,,,PENDING_AT_END
616.6999999999999,616.8626855302681,,,,PENDING_AT_END
617.05,617.3647208463005,,,,PENDING_AT_END
617.4,617.680069344873,,,,PENDING_AT_END
617.75,617.8781740129157,,,,PENDING_AT_END
618.0999999999999,618.3328129487315,,,,PENDING_AT_END
618.4499999999999,618.4554917588192,,,,PENDING_AT_END
618.8,618.8153895977266,,,,PENDING_AT_END
619.15,619.3966088900037,,,,PENDING_AT_END
619.5,619.5845753044002,,,,PENDING_AT_END
619.8499999999999,619.9969328839431,,,,PENDING_AT_END
620.1999999999999,620.5784800366836,,,,PENDING_AT_END
620.55,620.671230025426,,,,PENDING_AT_END
620.9,620.9336008560671,,,,PENDING_AT_END
621.25,621.3354107048665,,,,PENDING_AT_END
621.5999999999999,621.7109823532651,,,,PENDING_AT_END
621.9499999999999,621.9980837205602,,,,PENDING_AT_END
622.3,622.3427935565853,,,,PENDING_AT_END
622.65,622.7420783458684,,,,PENDING_AT_END
623.0,623.1553582215315,,,,PENDING_AT_END
623.3499999999999,623.3887528443622,,,,PENDING_AT_END
623.6999999999999,623.9776034478981,,,,PENDING_AT_END
624.05,624.3387241333676,,,,PENDING_AT_END
624.4,624.5229760403043,,,,PENDING_AT_END
624.75,624.7632571017812,,,,PENDING_AT_END
625.0999999999999,625.2701377717478,,,,PENDING_AT_END
625.4499999999999,625.8348700941386,,,,PENDING_AT_END
625.8,625.8493691800791,,,,PENDING_AT_END
626.15,626.2246269865922,,,,PENDING_AT_END
626.5,626.7592525388116,,,,PENDING_AT_END
626.8499999999999,627.0608551984467,,,,PENDING_AT_END
627.1999999999999,627.3832433700724,,,,PENDING_AT_END
627.55,627.7892045048839,,,,PENDING_AT_END
627.9,627.9410414859382,,,,PENDING_AT_END
628.25,628.4203973890699,,,,PENDING_AT_END
628.5999999999999,628.665793642155,,,,PENDING_AT_END
628.9499999999999,629.3223123093961,,,,PENDING_AT_END
629.3,629.6316094882807,,,,PENDING_AT_END
629.65,629.6537052486275,,,,PENDING_AT_END
630.0,630.2754206788622,,,,PENDING_AT_END
630.3499999999999,630.4444807528387,,,,PENDING_AT_END
630.6999999999999,631.0257315507305,,,,PENDING_AT_END
631.05,631.1792810284178,,,,PENDING_AT_END
631.4,631.5690394864945,,,,PENDING_AT_END
631.75,632.1413442925921,,,,PENDING_AT_END
632.0999999999999,632.2838203596796,,,,PENDING_AT_END
632.4499999999999,632.8209632390418,,,,PENDING_AT_END
632.8,632.9496287266641,,,,PENDING_AT_END
633.15,633.2134239839739,,,,PENDING_AT_END
633.5,633.734574851675,,,,PENDING_AT_END
633.8499999999999,633.8631929995324,,,,PENDING_AT_END
634.1999999999999,634.527610797886,,,,PENDING_AT_END
634.55,634.60451123355,,,,PENDING_AT_END
634.9,635.1390391200733,,,,PENDING_AT_END
635.25,635.2767973078007,,,,PENDING_AT_END
635.5999999999999,635.8400407608881,,,,PENDING_AT_END
635.9499999999999,636.1220454260132,,,,PENDING_AT_END
636.3,636.6583263547473,,,,PENDING_AT_END
636.65,636.8626703595941,,,,PENDING_AT_END
637.0,637.0568070441154,,,,PENDING_AT_END
637.3499999999999,637.4421490476814,,,,PENDING_AT_END
637.6999999999999,637.8830967979239,,,,PENDING_AT_END
638.05,638.4304649923229,,,,PENDING_AT_END
638.4,638.7370431374135,,,,PENDING_AT_END
638.75,638.752692477547,,,,PENDING_AT_END
639.0999999999999,639.1773309400048,,,,PENDING_AT_END
639.4499999999999,639.568439403274,,,,PENDING_AT_END
639.8,640.1097227239575,,,,PENDING_AT_END
640.15,640.1688937785772,,,,PENDING_AT_END
640.5,640.8394292189746,,,,PENDING_AT_END
640.8499999999999,640.8687076399015,,,,PENDING_AT_END
641.1999999999999,641.3793012779983,,,,PENDING_AT_END
641.55,641.6647806794704,,,,PENDING_AT_END
641.9,641.9048603929551,,,,PENDING_AT_END
642.25,642.5943018515429,,,,PENDING_AT_END
642.5999999999999,642.8242160829686,,,,PENDING_AT_END
642.9499999999999,643.1002240689055,,,,PENDING_AT_END
643.3,643.4503337801282,,,,PENDING_AT_END
643.65,643.726964703624,,,,PENDING_AT_END
644.0,644.163860145484,,,,PENDING_AT_END
644.3499999999999,644.6938354318954,,,,PENDING_AT_END
644.6999999999999,644.8014019884489,,,,PENDING_AT_END
645.05,645.1278461015931,,,,PENDING_AT_END
645.4,645.7777643574763,,,,PENDING_AT_END
645.75,646.1365746984131,,,,PENDING_AT_END
646.0999999999999,646.4371506737755,,,,PENDING_AT_END
646.4499999999999,646.8235319910576,,,,PENDING_AT_END
646.8,646.9384503704896,,,,PENDING_AT_END
647.15,647.3524959817979,,,,PENDING_AT_END
647.5,647.8202950703198,,,,PENDING_AT_END
647.8499999999999,648.0227013854235,,,,PENDING_AT_END
648.1999999999999,648.4024088536652,,,,PENDING_AT_END
648.55,648.7424927975583,,,,PENDING_AT_END
648.9,648.9904497383726,,,,PENDING_AT_END
649.25,649.6371954299636,,,,PENDING_AT_END
649.5999999999999,649.7930619539111,,,,PENDING_AT_END
649.9499999999999,650.1273702387192,,,,PENDING_AT_END
650.3,650.6429621636325,,,,PENDING_AT_END
650.65,650.7626445425543,,,,PENDING_AT_END
651.0,651.0729956954169,,,,PENDING_AT_END
651.3499999999999,651.4825700480401,,,,PENDING_AT_END
651.6999999999999,651.9407225954006,,,,PENDING_AT_END
652.05,652.2468679058093,,,,PENDING_AT_END
652.4,652.606989605919,,,,PENDING_AT_END
652.75,652.9207581297371,,,,PENDING_AT_END
653.0999999999999,653.4148804170491,,,,PENDING_AT_END
653.4499999999999,653.5025348927232,,,,PENDING_AT_END
653.8,653.8236424068716,,,,PENDING_AT_END
654.15,654.4852541794211,,,,PENDING_AT_END
654.5,654.6336361111141,,,,PENDING_AT_END
654.8499999999999,655.0013328656066,,,,PENDING_AT_END
655.1999999999999,655.2560083285281,,,,PENDING_AT_END
655.55,655.6025558955396,,,,PENDING_AT_END
655.9,656.0554434150694,,,,PENDING_AT_END
656.25,656.4590168691759,,,,PENDING_AT_END
656.5999999999999,656.9986517499005,,,,PENDING_AT_END
656.9499999999999,657.332364026223,,,,PENDING_AT_END
657.3,657.3760689374253,,,,PENDING_AT_END
657.65,657.7344056743185,,,,PENDING_AT_END
658.0,658.0327554452251,,,,PENDING_AT_END
658.3499999999999,658.7473013299832,,,,PENDING_AT_END
658.6999999999999,659.0276214776912,,,,PENDING_AT_END
659.05,659.369606225242,,,,PENDING_AT_END
659.4,659.7946316715419,,,,PENDING_AT_END
659.75,659.9172209177566,,,,PENDING_AT_END
660.0999999999999,660.4648309498116,,,,PENDING_AT_END
660.4499999999999,660.7106143763166,,,,PENDING_AT_END
660.8,661.1773119493728,,,,PENDING_AT_END
661.15,661.432907141685,,,,PENDING_AT_END
661.5,661.8122142842813,,,,PENDING_AT_END
661.8499999999999,662.2102200360023,,,,PENDING_AT_END
662.1999999999999,662.2551525162338,,,,PENDING_AT_END
662.55,662.7480585791309,,,,PENDING_AT_END
662.9,663.2884084728779,,,,PENDING_AT_END
663.25,663.6081018583432,,,,PENDING_AT_END
663.5999999999999,663.9071721251869,,,,PENDING_AT_END
663.9499999999999,664.2703877853911,,,,PENDING_AT_END
664.3,664.6056670746163,,,,PENDING_AT_END
664.65,664.7195214257805,,,,PENDING_AT_END
665.0,665.2832789694855,,,,PENDING_AT_END
665.3499999999999,665.4470827811056,,,,PENDING_AT_END
665.6999999999999,665.7417572760256,,,,PENDING_AT_END
666.05,666.1263702067113,,,,PENDING_AT_END
666.4,666.7948501159996,,,,PENDING_AT_END
666.75,667.0708903568507,,,,PENDING_AT_END
667.0999999999999,667.4629265202843,,,,PENDING_AT_END
667.4499999999999,667.8003744261483,,,,PENDING_AT_END
667.8,668.0444467386519,,,,PENDING_AT_END
668.15,668.4674510541405,,,,PENDING_AT_END
668.5,668.5550426073087,,,,PENDING_AT_END
668.8499999999999,668.8748497409665,,,,PENDING_AT_END
669.1999999999999,669.4519823591417,,,,PENDING_AT_END
669.55,669.8361475150216,,,,PENDING_AT_END
669.9,670.24458266554,,,,PENDING_AT_END
670.25,670.3290185700444,,,,PENDING_AT_END
670.5999999999999,670.6420886380927,,,,PENDING_AT_END
670.9499999999999,671.3045471604593,,,,PENDING_AT_END
671.3,671.4197579133022,,,,PENDING_AT_END
671.65,671.8009423753491,,,,PENDING_AT_END
672.0,672.1180275375566,,,,PENDING_AT_END
672.3499999999999,672.5058504090964,,,,PENDING_AT_END
672.6999999999999,672.8236845631274,,,,PENDING_AT_END
673.05,673.2219119593235,,,,PENDING_AT_END
673.4,673.441870846575,,,,PENDING_AT_END
673.75,673.9912248739151,,,,PENDING_AT_END
674.0999999999999,674.282120462901,,,,PENDING_AT_END
674.4499999999999,674.4914676138873,,,,PENDING_AT_END
674.8,675.1730100572072,,,,PENDING_AT_END
675.15,675.2406825502488,,,,PENDING_AT_END
675.5,675.7643691002722,,,,PENDING_AT_END
675.8499999999999,676.2019849556982,,,,PENDING_AT_END
676.1999999999999,676.3488912316885,,,,PENDING_AT_END
676.55,676.8138050194082,,,,PENDING_AT_END
676.9,677.2556975257911,,,,PENDING_AT_END
677.25,677.296391974834,,,,PENDING_AT_END
677.5999999999999,677.9713957890556,,,,PENDING_AT_END
677.9499999999999,678.0174286582063,,,,PENDING_AT_END
678.3,678.6085278034343,,,,PENDING_AT_END
678.65,678.7763959742912,,,,PENDING_AT_END
679.0,679.2308255650155,,,,PENDING_AT_END
679.3499999999999,679.5328725649424,,,,PENDING_AT_END
679.6999999999999,679.7582337279233,,,,PENDING_AT_END
680.05,680.1273900861727,,,,PENDING_AT_END
680.4,680.4251877702069,,,,PENDING_AT_END
680.75,680.8407553790428,,,,PENDING_AT_END
681.0999999999999,681.3859471999792,,,,PENDING_AT_END
681.4499999999999,681.5306551586849,,,,PENDING_AT_END
681.8,681.8395372488606,,,,PENDING_AT_END
682.15,682.5307055420163,,,,PENDING_AT_END
682.5,682.6158914793809,,,,PENDING_AT_END
682.8499999999999,682.9770556045462,,,,PENDING_AT_END
683.1999999999999,683.561917493645,,,,PENDING_AT_END
683.55,683.7629800967486,,,,PENDING_AT_END
683.9,684.2626303386177,,,,PENDING_AT_END
684.25,684.4478424760002,,,,PENDING_AT_END
684.5999999999999,684.8587901531434,,,,PENDING_AT_END
684.9499999999999,684.9874290983092,,,,PENDING_AT_END
685.3,685.3750348615381,,,,PENDING_AT_END
685.65,685.799056049336,,,,PENDING_AT_END
686.0,686.1920546739002,,,,PENDING_AT_END
686.3499999999999,686.4400511524116,,,,PENDING_AT_END
686.6999999999999,686.7057271479526,,,,PENDING_AT_END
687.05,687.13172593477,,,,PENDING_AT_END
687.4,687.5026961234083,,,,PENDING_AT_END
687.75,688.1363845201272,,,,PENDING_AT_END
688.0999999999999,688.252323156629,,,,PENDING_AT_END
688.4499999999999,688.5713388438727,,,,PENDING_AT_END
688.8,689.1085373621777,,,,PENDING_AT_END
689.15,689.2168380844086,,,,PENDING_AT_END
689.5,689.5202518481929,,,,PENDING_AT_END
689.8499999999999,690.0427180201816,,,,PENDING_AT_END
690.1999999999999,690.4416144291787,,,,PENDING_AT_END
690.55,690.8902853847685,,,,PENDING_AT_END
690.9,690.9305646919116,,,,PENDING_AT_END
691.25,691.3611507539138,,,,PENDING_AT_END
691.5999999999999,691.7907307962062,,,,PENDING_AT_END
691.9499999999999,692.0955853868774,,,,PENDING_AT_END
692.3,692.6884687952088,,,,PENDING_AT_END
692.65,692.9817987447087,,,,PENDING_AT_END
693.0,693.1617841876578,,,,PENDING_AT_END
693.3499999999999,693.4966314502385,,,,PENDING_AT_END
693.6999999999999,693.7216439478901,,,,PENDING_AT_END
694.05,694.3851180742154,,,,PENDING_AT_END
694.4,694.5991872095977,,,,PENDING_AT_END
694.75,694.7615717860522,,,,PENDING_AT_END
695.0999999999999,695.3905099056435,,,,PENDING_AT_END
695.4499999999999,695.793056257845,,,,PENDING_AT_END
695.8,696.1119771279343,,,,PENDING_AT_END
696.15,696.3143530555025,,,,PENDING_AT_END
696.5,696.5681668728341,,,,PENDING_AT_END
696.8499999999999,696.9533223915107,,,,PENDING_AT_END
697.1999999999999,697.2905687418914,,,,PENDING_AT_END
697.55,697.7659453380941,,,,PENDING_AT_END
697.9,698.1628964833639,,,,PENDING_AT_END
698.25,698.3591727277685,,,,PENDING_AT_END
698.5999999999999,698.9802102591834,,,,PENDING_AT_END
698.9499999999999,699.0820197208594,,,,PENDING_AT_END
699.3,699.334616191303,,,,PENDING_AT_END
699.65,699.8831312102808,,,,PENDING_AT_END
700.0,700.3029101980069,,,,PENDING_AT_END
700.3499999999999,700.6258555637846,,,,PENDING_AT_END
700.6999999999999,700.940664199232,,,,PENDING_AT_END
701.05,701.3817624905455,,,,PENDING_AT_END
701.4,701.6347098784121,,,,PENDING_AT_END
701.75,701.802841247146,,,,PENDING_AT_END
702.0999999999999,702.1230128772895,,,,PENDING_AT_END
702.4499999999999,702.6127033534038,,,,PENDING_AT_END
702.8,703.1977787417195,,,,PENDING_AT_END
703.15,703.1924092366647,,,,PENDING_AT_END
703.5,703.5307876772154,,,,PENDING_AT_END
703.8499999999999,703.9231320753458,,,,PENDING_AT_END
704.1999999999999,704.549576935509,,,,PENDING_AT_END
704.55,704.9151948043027,,,,PENDING_AT_END
704.9,705.2181440888777,,,,PENDING_AT_END
705.25,705.604162479912,,,,PENDING_AT_END
705.5999999999999,705.6431943657551,,,,PENDING_AT_END
705.9499999999999,706.1677664885518,,,,PENDING_AT_END
706.3,706.4556912667772,,,,PENDING_AT_END
706.65,707.0354050806992,,,,PENDING_AT_END
707.0,707.0059842062572,,,,PENDING_AT_END
707.3499999999999,707.5750408737308,,,,PENDING_AT_END
707.6999999999999,707.7199394834273,,,,PENDING_AT_END
708.05,708.319713857283,,,,PENDING_AT_END
708.4,708.7512554219239,,,,PENDING_AT_END
708.75,708.9239467401624,,,,PENDING_AT_END
709.0999999999999,709.1337513542016,,,,PENDING_AT_END
709.4499999999999,709.4885433202411,,,,PENDING_AT_END
709.8,709.845761554848,,,,PENDING_AT_END
710.15,710.201479464365,,,,PENDING_AT_END
710.5,710.7323776053081,,,,PENDING_AT_END
710.8499999999999,711.166664944642,,,,PENDING_AT_END
711.1999999999999,711.3831087796231,,,,PENDING_AT_END
711.55,711.6518501294192,,,,PENDING_AT_END
711.9,712.1548898499578,,,,PENDING_AT_END
712.25,712.58923901772,,,,PENDING_AT_END
712.5999999999999,712.6947960386356,,,,PENDING_AT_END
712.9499999999999,712.9908829621735,,,,PENDING_AT_END
713.3,713.4519146981224,,,,PENDING_AT_END
713.65,713.7034689716314,,,,PENDING_AT_END
714.0,714.3016102667118,,,,PENDING_AT_END
714.3499999999999,714.4260960438335,,,,PENDING_AT_END
714.6999999999999,715.0256379690492,,,,PENDING_AT_END
715.05,715.2208991250786,,,,PENDING_AT_END
715.4,715.4463499160946,,,,PENDING_AT_END
715.75,715.980021879483,,,,PENDING_AT_END
716.0999999999999,716.2571078992023,,,,PENDING_AT_END
716.4499999999999,716.5322840469895,,,,PENDING_AT_END
716.8,717.1036082303287,,,,PENDING_AT_END
717.15,717.1651465016045,,,,PENDING_AT_END
717.5,717.5154912471176,,,,PENDING_AT_END
717.8499999999999,718.0231392589335,,,,PENDING_AT_END
718.1999999999999,718.4616322855574,,,,PENDING_AT_END
718.55,718.9386059716953,,,,PENDING_AT_END
718.9,719.158654633586,,,,PENDING_AT_END
719.25,719.3107260363145,,,,PENDING_AT_END
719.5999999999999,719.6917587931705,,,,PENDING_AT_END
719.9499999999999,720.2655148655305,,,,PENDING_AT_END
720.3,720.302569128801,,,,PENDING_AT_END
720.65,720.9703093447373,,,,PENDING_AT_END
721.0,721.154417187639,,,,PENDING_AT_END
721.3499999999999,721.4710932967437,,,,PENDING_AT_END
721.6999999999999,721.9123454871225,,,,PENDING_AT_END
722.05,722.2713805687929,,,,PENDING_AT_END
722.4,722.7776576417174,,,,PENDING_AT_END
722.75,722.8935556242393,,,,PENDING_AT_END
723.0999999999999,723.3326903541349,,,,PENDING_AT_END
723.4499999999999,723.7153189671691,,,,PENDING_AT_END
723.8,724.1722751434797,,,,PENDING_AT_END
724.15,724.1849072780991,,,,PENDING_AT_END
724.5,724.6747560223289,,,,PENDING_AT_END
724.8499999999999,725.1862208299556,,,,PENDING_AT_END
725.1999999999999,725.4207417240294,,,,PENDING_AT_END
725.55,725.7862226117638,,,,PENDING_AT_END
725.9,725.9323124476258,,,,PENDING_AT_END
726.25,726.541497793085,,,,PENDING_AT_END
726.5999999999999,726.8280770034855,,,,PENDING_AT_END
726.9499999999999,727.2272647695216,,,,PENDING_AT_END
727.3,727.5214864301622,,,,PENDING_AT_END
727.65,727.8992763607488,,,,PENDING_AT_END
728.0,728.375998597661,,,,PENDING_AT_END
728.3499999999999,728.4005996229141,,,,PENDING_AT_END
728.6999999999999,728.7685518140851,,,,PENDING_AT_END
729.05,729.0608598238271,,,,PENDING_AT_END
729.4,729.6974019158705,,,,PENDING_AT_END
729.75,729.755017675622,,,,PENDING_AT_END
730.0999999999999,730.3818794523906,,,,PENDING_AT_END
730.4499999999999,730.7241057797061,,,,PENDING_AT_END
730.8,730.8871077261215,,,,PENDING_AT_END
731.15,731.5381031347205,,,,PENDING_AT_END
731.5,731.8268362908568,,,,PENDING_AT_END
731.8499999999999,731.9300851185801,,,,PENDING_AT_END
732.1999999999999,732.5966327350787,,,,PENDING_AT_END
732.55,732.6852948528926,,,,PENDING_AT_END
732.9,733.0885454643857,,,,PENDING_AT_END
733.25,733.3995916169965,,,,PENDING_AT_END
733.5999999999999,733.8350199651211,,,,PENDING_AT_END
733.9499999999999,734.0911740653863,,,,PENDING_AT_END
734.3,734.4029239093659,,,,PENDING_AT_END
734.65,734.662623240329,,,,PENDING_AT_END
