timestamp,gen_time,sel_time,tx_time,rx_time,status
0.0,0.3550031865270918,156.2226627592134,156.2236627592134,156.39366275921338,TX
0.35,0.3590655676659599,158.73652045396628,158.73752045396628,158.90752045396627,TX
0.7,1.0179707277333592,157.62728674215572,157.62828674215572,157.7982867421557,TX
1.0499999999999998,1.3126764682439562,159.1041076858321,159.1051076858321,159.2751076858321,TX
1.4,1.7465865342797962,153.33319938138496,153.33419938138496,153.50419938138495,TX
1.75,2.0874840161804418,152.68613068030305,152.68713068030306,152.85713068030304,TX
2.0999999999999996,2.329143460483178,158.59392497054822,158.59492497054822,158.7649249705482,TX
2.4499999999999997,2.7883692627159475,161.44294790299912,161.44394790299913,161.61394790299912,TX
2.8,3.1333578053276723,160.19834658610168,160.19934658610168,160.36934658610167,TX
3.15,3.328117956125767,155.51793844170606,155.51893844170607,155.68893844170606,TX
3.5,3.730836877366883,157.54172394014395,157.54272394014396,157.71272394014395,TX
3.8499999999999996,3.9981626102793895,155.452911975991,155.453911975991,155.62391197599098,TX
4.199999999999999,4.2591227846153785,154.9667651315391,154.9677651315391,155.13776513153908,TX
4.55,4.894577224329786,159.24518991358715,159.24618991358716,159.41618991358715,TX
4.8999999999999995,5.269844667383905,,,,PENDING_AT_END
5.25,5.484080446385521,,,,PENDING_AT_END
5.6,5.688404464194514,,,,PENDING_AT_END
5.949999999999999,6.265727455537524,,,,PENDING_AT_END
6.3,6.3357721079230425,,,,PENDING_AT_END
6.6499999999999995,6.981623565128424,,,,PENDING_AT_END
7.0,7.1252323888078735,,,,PENDING_AT_END
7.35,7.551837025697413,,,,PENDING_AT_END
7.699999999999999,8.000343191685282,,,,PENDING_AT_END
8.049999999999999,8.351817666655515,,,,PENDING_AT_END
8.399999999999999,8.58587177980299,,,,PENDING_AT_END
8.75,9.049600902235177,,,,PENDING_AT_END
9.1,9.407520880806848,,,,PENDING_AT_END
9.45,9.717574382777265,,,,PENDING_AT_END
9.799999999999999,9.878063547988345,,,,PENDING_AT_END
10.149999999999999,10.41933381973077,,,,PENDING_AT_END
10.5,10.50799007638135,,,,PENDING_AT_END
10.85,11.147765282158668,,,,PENDING_AT_END
11.2,11.248744215296725,,,,PENDING_AT_END
11.549999999999999,11.646452447138026,,,,PENDING_AT_END
11.899999999999999,12.133797210692823,,,,PENDING_AT_END
12.25,12.25417409315294,,,,PENDING_AT_END
12.6,12.98341037886634,,,,PENDING_AT_END
12.95,13.163055304067285,,,,PENDING_AT_END
13.299999999999999,13.641132511417583,,,,PENDING_AT_END
13.649999999999999,14.04390354893896,,,,PENDING_AT_END
14.0,14.122949508233074,,,,PENDING_AT_END
14.35,14.608527323204695,,,,PENDING_AT_END
14.7,14.826059646456127,,,,PENDING_AT_END
15.049999999999999,15.098505032787768,,,,PENDING_AT_END
15.399999999999999,15.689402778227901,,,,PENDING_AT_END
15.749999999999998,15.76690501443734,,,,PENDING_AT_END
16.099999999999998,16.123628323346626,,,,PENDING_AT_END
16.45,16.66244751610783,,,,PENDING_AT_END
16.799999999999997,17.13054071228209,,,,PENDING_AT_END
17.15,17.46904043883402,,,,PENDING_AT_END
17.5,17.842234103388456,,,,PENDING_AT_END
17.849999999999998,18.136871543893267,,,,PENDING_AT_END
18.2,18.21708659912171,,,,PENDING_AT_END
18.549999999999997,18.68109610992967,,,,PENDING_AT_END
18.9,19.251727843688812,,,,PENDING_AT_END
19.25,19.369734743869834,,,,PENDING_AT_END
19.599999999999998,19.885853458824865,,,,PENDING_AT_END
19.95,20.032633630634724,,,,PENDING_AT_END
20.299999999999997,20.327871519046354,,,,PENDING_AT_END
20.65,20.787300410666063,,,,PENDING_AT_END
21.0,21.27886399863683,,,,PENDING_AT_END
21.349999999999998,21.664807118567612,,,,PENDING_AT_END
21.7,21.898475739972714,,,,PENDING_AT_END
22.049999999999997,22.20164585935332,,,,PENDING_AT_END
22.4,22.56082279425818,,,,PENDING_AT_END
22.75,23.116005043506235,,,,PENDING_AT_END
23.099999999999998,23.131546357920865,,,,PENDING_AT_END
23.45,23.726082847561475,,,,PENDING_AT_END
23.799999999999997,24.00386280036158,,,,PENDING_AT_END
24.15,24.389833540919255,,,,PENDING_AT_END
24.5,24.72733997477694,,,,PENDING_AT_END
24.849999999999998,24.933594317296834,,,,PENDING_AT_END
25.2,25.296797796483272,,,,PENDING_AT_END
25.549999999999997,25.797472781122785,,,,PENDING_AT_END
25.9,26.181725803038816,,,,PENDING_AT_END
26.25,26.500652531784368,,,,PENDING_AT_END
26.599999999999998,26.817821068530552,,,,PENDING_AT_END
26.95,27.34017109535281,,,,PENDING_AT_END
27.299999999999997,27.690628876540885,,,,PENDING_AT_END
27.65,27.986621662887913,,,,PENDING_AT_END
28.0,28.172080722720466,,,,PENDING_AT_END
28.349999999999998,28.496687220432964,,,,PENDING_AT_END
28.7,29.082250551259218,,,,PENDING_AT_END
29.049999999999997,29.23014510472315,,,,PENDING_AT_END
29.4,29.498524102824767,,,,PENDING_AT_END
29.749999999999996,30.010264609260293,,,,PENDING_AT_END
30.099999999999998,30.44430967088292,,,,PENDING_AT_END
30.45,30.77816454284064,,,,PENDING_AT_END
30.799999999999997,30.89576351518864,,,,PENDING_AT_END
31.15,31.34493736496001,,,,PENDING_AT_END
31.499999999999996,31.574374956956706,,,,PENDING_AT_END
31.849999999999998,31.988686942427915,,,,PENDING_AT_END
32.199999999999996,32.550888297306564,,,,PENDING_AT_END
32.55,32.59050479644486,,,,PENDING_AT_END
32.9,33.01607092692286,,,,PENDING_AT_END
33.25,33.40715495335019,,,,PENDING_AT_END
33.599999999999994,33.87153706733419,,,,PENDING_AT_END
33.949999999999996,33.96703493493802,,,,PENDING_AT_END
34.3,34.35360957037901,,,,PENDING_AT_END
34.65,34.85322324011032,,,,PENDING_AT_END
35.0,35.09599367818694,,,,PENDING_AT_END
35.349999999999994,35.54446362013134,,,,PENDING_AT_END
35.699999999999996,35.882774293506664,,,,PENDING_AT_END
36.05,36.39210412549498,,,,PENDING_AT_END
36.4,36.61788090942651,,,,PENDING_AT_END
36.75,36.9187296837472,,,,PENDING_AT_END
37.099999999999994,37.40628372922586,,,,PENDING_AT_END
37.449999999999996,37.60128412666875,,,,PENDING_AT_END
37.8,37.80187439424728,,,,PENDING_AT_END
38.15,38.51564503684454,,,,PENDING_AT_END
38.5,38.61799410634366,,,,PENDING_AT_END
38.849999999999994,39.05849600458802,,,,PENDING_AT_END
39.199999999999996,39.351084395668614,,,,PENDING_AT_END
39.55,39.651954967547724,,,,PENDING_AT_END
39.9,39.92747520153821,,,,PENDING_AT_END
40.25,40.531918152221905,,,,PENDING_AT_END
40.599999999999994,40.76488346480292,,,,PENDING_AT_END
40.949999999999996,40.96398476926476,,,,PENDING_AT_END
41.3,41.34193724281624,,,,PENDING_AT_END
41.65,42.04967039137056,,,,PENDING_AT_END
42.0,42.18473087536961,,,,PENDING_AT_END
42.349999999999994,42.72951587534942,,,,PENDING_AT_END
42.699999999999996,42.95384239820135,,,,PENDING_AT_END
43.05,43.13189508418668,,,,PENDING_AT_END
43.4,43.61416528484879,,,,PENDING_AT_END
43.75,44.07725411246662,,,,PENDING_AT_END
44.099999999999994,44.467618445454875,,,,PENDING_AT_END
44.449999999999996,44.61383789726566,,,,PENDING_AT_END
44.8,44.90624039185897,,,,PENDING_AT_END
45.15,45.54012515954168,,,,PENDING_AT_END
45.5,45.88533382452857,,,,PENDING_AT_END
45.849999999999994,45.86498936471017,,,,PENDING_AT_END
46.199999999999996,46.46771152782504,,,,PENDING_AT_END
46.55,46.76874517500765,,,,PENDING_AT_END
46.9,46.954147566826386,,,,PENDING_AT_END
47.25,47.64205168549417,,,,PENDING_AT_END
47.599999999999994,47.60330902416723,,,,PENDING_AT_END
47.949999999999996,48.00708396877827,,,,PENDING_AT_END
48.3,48.467879370476396,,,,PENDING_AT_END
48.65,48.818888271255254,,,,PENDING_AT_END
49.0,49.37345077054863,,,,PENDING_AT_END
49.349999999999994,49.55364405176746,,,,PENDING_AT_END
49.699999999999996,49.74097943682461,,,,PENDING_AT_END
50.05,50.30350400286663,,,,PENDING_AT_END
50.4,50.67057288369711,,,,PENDING_AT_END
50.75,50.93131505583543,,,,PENDING_AT_END
51.099999999999994,51.311547418698595,,,,PENDING_AT_END
51.449999999999996,51.68160464534139,,,,PENDING_AT_END
51.8,52.036791069260204,,,,PENDING_AT_END
52.15,52.46769877139155,,,,PENDING_AT_END
52.5,52.870626002614515,,,,PENDING_AT_END
52.849999999999994,53.08013778749633,,,,PENDING_AT_END
53.199999999999996,53.43005308150436,,,,PENDING_AT_END
53.55,53.56796144073721,,,,PENDING_AT_END
53.9,54.09811884284655,,,,PENDING_AT_END
54.25,54.354051091358585,,,,PENDING_AT_END
54.599999999999994,54.902468585552455,,,,PENDING_AT_END
54.949999999999996,55.31697709160827,,,,PENDING_AT_END
55.3,55.64410682501439,,,,PENDING_AT_END
55.65,55.900678470627035,,,,PENDING_AT_END
56.0,56.27682216441592,,,,PENDING_AT_END
56.349999999999994,56.35143751373788,,,,PENDING_AT_END
56.699999999999996,56.7694801603947,,,,PENDING_AT_END
57.05,57.25226252536946,,,,PENDING_AT_END
57.4,57.705412548357835,,,,PENDING_AT_END
57.74999999999999,57.86128784697795,,,,PENDING_AT_END
58.099999999999994,58.345466436472975,,,,PENDING_AT_END
58.449999999999996,58.6317378990807,,,,PENDING_AT_END
58.8,58.90784896871796,,,,PENDING_AT_END
59.15,59.277960421903124,,,,PENDING_AT_END
59.49999999999999,59.88436653122485,,,,PENDING_AT_END
59.849999999999994,59.894754331873884,,,,PENDING_AT_END
60.199999999999996,60.482764745465296,,,,PENDING_AT_END
60.55,60.88246326098273,,,,PENDING_AT_END
60.9,61.206767694141426,,,,PENDING_AT_END
61.24999999999999,61.46505502983515,,,,PENDING_AT_END
61.599999999999994,61.95710266069672,,,,PENDING_AT_END
61.949999999999996,62.004313912528325,,,,PENDING_AT_END
62.3,62.496383992204926,,,,PENDING_AT_END
62.65,62.831405101018795,,,,PENDING_AT_END
62.99999999999999,63.35530639349384,,,,PENDING_AT_END
63.349999999999994,63.358509193783405,,,,PENDING_AT_END
63.699999999999996,64.087134091332,,,,PENDING_AT_END
64.05,64.37241763935326,,,,PENDING_AT_END
64.39999999999999,64.78394221532328,,,,PENDING_AT_END
64.75,65.14404772257751,,,,PENDING_AT_END
65.1,65.4155344727804,,,,PENDING_AT_END
65.45,65.75302358384057,,,,PENDING_AT_END
65.8,66.1356574887994,,,,PENDING_AT_END
66.14999999999999,66.47830437204534,,,,PENDING_AT_END
66.5,66.81026386535419,,,,PENDING_AT_END
66.85,67.15626664408742,,,,PENDING_AT_END
67.19999999999999,67.21404591561284,,,,PENDING_AT_END
67.55,67.67202675028774,,,,PENDING_AT_END
67.89999999999999,67.9833058345039,,,,PENDING_AT_END
68.25,68.45155071842672,,,,PENDING_AT_END
68.6,68.80908698112114,,,,PENDING_AT_END
68.94999999999999,68.9760023072578,,,,PENDING_AT_END
69.3,69.49736706675752,,,,PENDING_AT_END
69.64999999999999,69.86935068508949,,,,PENDING_AT_END
70.0,70.17727498606413,,,,PENDING_AT_END
70.35,70.64896515714867,,,,PENDING_AT_END
70.69999999999999,71.08472023162832,,,,PENDING_AT_END
71.05,71.138977878488,,,,PENDING_AT_END
71.39999999999999,71.49361456994548,,,,PENDING_AT_END
71.75,71.91188119138468,,,,PENDING_AT_END
72.1,72.40439237497716,,,,PENDING_AT_END
72.44999999999999,72.62980284993029,,,,PENDING_AT_END
72.8,73.13176003769358,,,,PENDING_AT_END
73.14999999999999,73.18771723578139,,,,PENDING_AT_END
73.5,73.78698405029903,,,,PENDING_AT_END
73.85,74.09201714102164,,,,PENDING_AT_END
74.19999999999999,74.44907546315534,,,,PENDING_AT_END
74.55,74.59508683366202,,,,PENDING_AT_END
74.89999999999999,75.28060556456178,,,,PENDING_AT_END
75.25,75.32720055434899,,,,PENDING_AT_END
75.6,75.93036186288867,,,,PENDING_AT_END
75.94999999999999,76.29933906322458,,,,PENDING_AT_END
76.3,76.68772985048052,,,,PENDING_AT_END
76.64999999999999,76.72451588375851,,,,PENDING_AT_END
77.0,77.05108651636809,,,,PENDING_AT_END
77.35,77.40329610511267,,,,PENDING_AT_END
77.69999999999999,77.8058029496298,,,,PENDING_AT_END
78.05,78.11674349895087,,,,PENDING_AT_END
78.39999999999999,78.41580769098947,,,,PENDING_AT_END
78.75,78.85478642901128,,,,PENDING_AT_END
79.1,79.36208351208978,,,,PENDING_AT_END
79.44999999999999,79.5181542750071,,,,PENDING_AT_END
79.8,80.1479562885542,,,,PENDING_AT_END
80.14999999999999,80.50777547086771,,,,PENDING_AT_END
80.5,80.74448524127857,,,,PENDING_AT_END
80.85,81.13966447011342,,,,PENDING_AT_END
81.19999999999999,81.3424397929019,,,,PENDING_AT_END
81.55,81.73473011593207,,,,PENDING_AT_END
81.89999999999999,81.90292912205616,,,,PENDING_AT_END
82.25,82.55318476641028,,,,PENDING_AT_END
82.6,82.62651390141153,,,,PENDING_AT_END
82.94999999999999,82.9726388415911,,,,PENDING_AT_END
83.3,83.57605651168448,,,,PENDING_AT_END
83.64999999999999,83.92578681883681,,,,PENDING_AT_END
84.0,84.3355462631707,,,,PENDING_AT_END
84.35,84.45884455770167,,,,PENDING_AT_END
84.69999999999999,84.9260104603025,,,,PENDING_AT_END
85.05,85.1138244130335,,,,PENDING_AT_END
85.39999999999999,85.54849256574461,,,,PENDING_AT_END
85.75,86.06231324446262,,,,PENDING_AT_END
86.1,86.43607547745358,,,,PENDING_AT_END
86.44999999999999,86.70729861877942,,,,PENDING_AT_END
86.8,86.82379889375385,,,,PENDING_AT_END
87.14999999999999,87.34308847401913,,,,PENDING_AT_END
87.5,87.74645025524367,,,,PENDING_AT_END
87.85,87.88951627300605,,,,PENDING_AT_END
88.19999999999999,88.45371671296238,,,,PENDING_AT_END
88.55,88.60777714295445,,,,PENDING_AT_END
88.89999999999999,89.20026114069536,,,,PENDING_AT_END
89.25,89.46759445652998,,,,PENDING_AT_END
89.6,89.78624643691825,,,,PENDING_AT_END
89.94999999999999,90.18495268443283,,,,PENDING_AT_END
90.3,90.59415148364907,,,,PENDING_AT_END
90.64999999999999,90.83986777708238,,,,PENDING_AT_END
91.0,91.29776352164083,,,,PENDING_AT_END
91.35,91.74318543152737,,,,PENDING_AT_END
91.69999999999999,92.04622006098418,,,,PENDING_AT_END
92.05,92.27973450245521,,,,PENDING_AT_END
92.39999999999999,92.48187443966667,,,,PENDING_AT_END
92.75,92.82098242751715,,,,PENDING_AT_END
93.1,93.1312514483686,,,,PENDING_AT_END
93.44999999999999,93.6484035666048,,,,PENDING_AT_END
93.8,93.91941892443135,,,,PENDING_AT_END
94.14999999999999,94.20766122992491,,,,PENDING_AT_END
94.5,94.6158450425088,,,,PENDING_AT_END
94.85,94.95600589165801,,,,PENDING_AT_END
95.19999999999999,95.55602956024973,,,,PENDING_AT_END
95.55,95.8082744707866,,,,PENDING_AT_END
95.89999999999999,95.98559396914361,,,,PENDING_AT_END
96.25,96.417686406075,,,,PENDING_AT_END
96.6,96.64315291802157,,,,PENDING_AT_END
96.94999999999999,97.28137488848523,,,,PENDING_AT_END
97.3,97.32064707885816,,,,PENDING_AT_END
97.64999999999999,97.72696756215537,,,,PENDING_AT_END
98.0,98.15302876390768,,,,PENDING_AT_END
98.35,98.52264846294884,,,,PENDING_AT_END
98.69999999999999,98.97501690799439,,,,PENDING_AT_END
99.05,99.1360448928185,,,,PENDING_AT_END
99.39999999999999,99.58995645645855,,,,PENDING_AT_END
99.75,99.80972371562169,,,,PENDING_AT_END
100.1,100.2597425176163,,,,PENDING_AT_END
100.44999999999999,100.72778342858788,,,,PENDING_AT_END
100.8,100.867934087086,,,,PENDING_AT_END
101.14999999999999,101.52370004633057,,,,PENDING_AT_END
101.5,101.56057857209157,,,,PENDING_AT_END
101.85,101.86405916521488,,,,PENDING_AT_END
102.19999999999999,102.43782272736792,,,,PENDING_AT_END
102.55,102.86177311775809,,,,PENDING_AT_END
102.89999999999999,102.99457827922977,,,,PENDING_AT_END
103.25,103.60730500460443,,,,PENDING_AT_END
103.6,103.76564183152152,,,,PENDING_AT_END
103.94999999999999,104.00421678146742,,,,PENDING_AT_END
104.3,104.5284964959633,,,,PENDING_AT_END
104.64999999999999,104.72863755050084,,,,PENDING_AT_END
105.0,105.3833744720927,,,,PENDING_AT_END
105.35,105.58335695574038,,,,PENDING_AT_END
105.69999999999999,105.70399055879997,,,,PENDING_AT_END
106.05,106.23593853555856,,,,PENDING_AT_END
106.39999999999999,106.64196607861813,,,,PENDING_AT_END
106.75,106.7620100261567,,,,PENDING_AT_END
107.1,107.1383118763415,,,,PENDING_AT_END
107.44999999999999,107.54735800366569,,,,PENDING_AT_END
107.8,107.93341534124407,,,,PENDING_AT_END
108.14999999999999,108.46917653251613,,,,PENDING_AT_END
108.5,108.88627873960829,,,,PENDING_AT_END
108.85,108.86039874493636,,,,PENDING_AT_END
109.19999999999999,109.38455794816073,,,,PENDING_AT_END
109.55,109.79613437492095,,,,PENDING_AT_END
109.89999999999999,109.935790095298,,,,PENDING_AT_END
110.25,110.55105409556236,,,,PENDING_AT_END
110.6,110.61384291545852,,,,PENDING_AT_END
110.94999999999999,111.13058840087552,,,,PENDING_AT_END
111.3,111.36409908262947,,,,PENDING_AT_END
111.64999999999999,111.69366283179578,,,,PENDING_AT_END
112.0,112.21621434632837,,,,PENDING_AT_END
112.35,112.50226989855281,,,,PENDING_AT_END
112.69999999999999,112.71650257928144,,,,PENDING_AT_END
113.05,113.25372643611614,,,,PENDING_AT_END
113.39999999999999,113.75383979998698,,,,PENDING_AT_END
113.74999999999999,114.01203439053846,,,,PENDING_AT_END
114.1,114.29824570459883,,,,PENDING_AT_END
114.44999999999999,114.52425514793379,,,,PENDING_AT_END
114.8,114.80998068989594,,,,PENDING_AT_END
115.14999999999999,115.47945096866452,,,,PENDING_AT_END
115.49999999999999,115.62648534140031,,,,PENDING_AT_END
115.85,116.21881973060948,,,,PENDING_AT_END
116.19999999999999,116.5093895920495,,,,PENDING_AT_END
116.55,116.84739260496947,,,,PENDING_AT_END
116.89999999999999,117.21693887147866,,,,PENDING_AT_END
117.24999999999999,117.64951744525423,,,,PENDING_AT_END
117.6,117.64438373616181,,,,PENDING_AT_END
117.94999999999999,118.01687354906545,,,,PENDING_AT_END
118.3,118.62309723196272,,,,PENDING_AT_END
118.64999999999999,119.03576521595836,,,,PENDING_AT_END
118.99999999999999,119.18958439777562,,,,PENDING_AT_END
119.35,119.3525154663765,,,,PENDING_AT_END
119.69999999999999,119.80273412855382,,,,PENDING_AT_END
120.05,120.1479513627501,,,,PENDING_AT_END
120.39999999999999,120.42151743168607,,,,PENDING_AT_END
120.74999999999999,121.14134830875604,,,,PENDING_AT_END
121.1,121.43002102442259,,,,PENDING_AT_END
121.44999999999999,121.75383050829629,,,,PENDING_AT_END
121.8,121.91725430445918,,,,PENDING_AT_END
122.14999999999999,122.46460739055475,,,,PENDING_AT_END
122.49999999999999,122.8609565887801,,,,PENDING_AT_END
122.85,122.92346685040158,,,,PENDING_AT_END
123.19999999999999,123.25768987564098,,,,PENDING_AT_END
123.55,123.80917831777724,,,,PENDING_AT_END
123.89999999999999,123.90615870101472,,,,PENDING_AT_END
124.24999999999999,124.3869284873637,,,,PENDING_AT_END
124.6,124.68586953255942,,,,PENDING_AT_END
124.94999999999999,125.18508526167236,,,,PENDING_AT_END
125.3,125.60213152492726,,,,PENDING_AT_END
125.64999999999999,125.70676642940744,,,,PENDING_AT_END
125.99999999999999,126.29302735303001,,,,PENDING_AT_END
126.35,126.72460768718813,,,,PENDING_AT_END
126.69999999999999,126.99217014615837,,,,PENDING_AT_END
127.05,127.28333641669629,,,,PENDING_AT_END
127.39999999999999,127.52203636390537,,,,PENDING_AT_END
127.74999999999999,128.07931713594817,,,,PENDING_AT_END
128.1,128.4191345210152,,,,PENDING_AT_END
128.45,128.63978413904698,,,,PENDING_AT_END
128.79999999999998,128.87211780958123,,,,PENDING_AT_END
129.15,129.3968096286732,,,,PENDING_AT_END
129.5,129.58329765103582,,,,PENDING_AT_END
129.85,129.92305262214146,,,,PENDING_AT_END
130.2,130.4566211182639,,,,PENDING_AT_END
130.54999999999998,130.69124889765916,,,,PENDING_AT_END
130.9,130.93774935074046,,,,PENDING_AT_END
131.25,131.61917970219417,,,,PENDING_AT_END
131.6,131.78812990310482,,,,PENDING_AT_END
131.95,131.98156112328633,,,,PENDING_AT_END
132.29999999999998,132.48624747575124,,,,PENDING_AT_END
132.65,132.97733647316727,,,,PENDING_AT_END
133.0,133.28808003830073,,,,PENDING_AT_END
133.35,133.35964257708346,,,,PENDING_AT_END
133.7,134.0882698347483,,,,PENDING_AT_END
134.04999999999998,134.10357461056216,,,,PENDING_AT_END
134.39999999999998,134.77920743925853,,,,PENDING_AT_END
134.75,135.08086449710146,,,,PENDING_AT_END
135.1,135.24363611812694,,,,PENDING_AT_END
135.45,135.66601995930301,,,,PENDING_AT_END
135.79999999999998,135.84477870280224,,,,PENDING_AT_END
136.14999999999998,136.16482215264858,,,,PENDING_AT_END
136.5,136.54230747850625,,,,PENDING_AT_END
136.85,137.07998898526253,,,,PENDING_AT_END
137.2,137.2441760430326,,,,PENDING_AT_END
137.54999999999998,137.93203304985204,,,,PENDING_AT_END
137.89999999999998,138.11480962807366,,,,PENDING_AT_END
138.25,138.61887493980407,,,,PENDING_AT_END
138.6,138.63636751821852,,,,PENDING_AT_END
138.95,139.27216927835303,,,,PENDING_AT_END
139.29999999999998,139.51619704032194,,,,PENDING_AT_END
139.64999999999998,139.8118413656752,,,,PENDING_AT_END
140.0,140.30297922403548,,,,PENDING_AT_END
140.35,140.4642143092528,,,,PENDING_AT_END
140.7,140.9426601225207,,,,PENDING_AT_END
141.04999999999998,141.2643442508128,,,,PENDING_AT_END
141.39999999999998,141.56544955150872,,,,PENDING_AT_END
141.75,141.9415877984643,,,,PENDING_AT_END
142.1,142.27118395206676,,,,PENDING_AT_END
142.45,142.80152327092975,,,,PENDING_AT_END
142.79999999999998,143.1922658995202,,,,PENDING_AT_END
143.14999999999998,143.41978580481202,,,,PENDING_AT_END
143.5,143.55076068405475,,,,PENDING_AT_END
143.85,144.03544358724164,,,,PENDING_AT_END
144.2,144.59965090769168,,,,PENDING_AT_END
144.54999999999998,144.91314184072516,,,,PENDING_AT_END
144.89999999999998,145.10007995523665,,,,PENDING_AT_END
145.25,145.3576937118529,,,,PENDING_AT_END
145.6,145.78247460502033,,,,PENDING_AT_END
145.95,145.9594542429184,,,,PENDING_AT_END
146.29999999999998,146.5996805734358,,,,PENDING_AT_END
146.64999999999998,146.82532879954834,,,,PENDING_AT_END
147.0,147.2629396783039,,,,PENDING_AT_END
147.35,147.74056865003277,,,,PENDING_AT_END
147.7,148.09068827499317,,,,PENDING_AT_END
148.04999999999998,148.0938141839858,,,,PENDING_AT_END
148.39999999999998,148.4130116000494,,,,PENDING_AT_END
148.75,148.86663036829145,,,,PENDING_AT_END
149.1,149.43854831030146,,,,PENDING_AT_END
149.45,149.50225179817005,,,,PENDING_AT_END
149.79999999999998,149.97487328738205,,,,PENDING_AT_END
150.14999999999998,150.1674448372434,,,,PENDING_AT_END
150.5,150.66146556905295,,,,PENDING_AT_END
150.85,151.14479082145127,,,,PENDING_AT_END
151.2,151.5056365177902,,,,PENDING_AT_END
151.54999999999998,151.923315986466,,,,PENDING_AT_END
151.89999999999998,152.20741397408761,,,,PENDING_AT_END
152.25,152.6269550620749,,,,PENDING_AT_END
152.6,152.6806400042565,,,,PENDING_AT_END
152.95,153.19317178118808,,,,PENDING_AT_END
153.29999999999998,153.592144902424,,,,PENDING_AT_END
153.64999999999998,153.70114301989554,,,,PENDING_AT_END
154.0,154.0789521985812,,,,PENDING_AT_END
154.35,154.48041414314403,,,,PENDING_AT_END
154.7,154.7921844907957,,,,PENDING_AT_END
155.04999999999998,155.26613297542636,,,,PENDING_AT_END
155.39999999999998,155.60394460391115,,,,PENDING_AT_END
155.75,155.85816760793045,,,,PENDING_AT_END
156.1,156.47781956479125,,,,PENDING_AT_END
156.45,156.4656290784602,,,,PENDING_AT_END
156.79999999999998,156.86308813428062,,,,PENDING_AT_END
157.14999999999998,157.23960057668114,,,,PENDING_AT_END
157.5,157.8861856804126,,,,PENDING_AT_END
157.85,158.01408737098743,,,,PENDING_AT_END
158.2,158.3097284210673,,,,PENDING_AT_END
158.54999999999998,158.62499666258103,,,,PENDING_AT_END
158.89999999999998,159.18576635973358,,,,PENDING_AT_END
159.25,159.25389133741908,,,,PENDING_AT_END
159.6,159.62636722623668,,,,PENDING_AT_END
159.95,160.01659988224299,,,,PENDING_AT_END
160.29999999999998,160.59739212610376,,,,PENDING_AT_END
160.64999999999998,160.84666719045134,,,,PENDING_AT_END
161.0,161.37552016896768,,,,PENDING_AT_END
161.35,161.40935375948615,,,,PENDING_AT_END
161.7,161.70581792700074,,,,PENDING_AT_END
162.04999999999998,162.41106495061175,,,,PENDING_AT_END
162.39999999999998,162.40059603714536,,,,PENDING_AT_END
162.75,162.83325492966583,,,,PENDING_AT_END
163.1,163.18712160289877,,,,PENDING_AT_END
163.45,163.4743838012833,,,,PENDING_AT_END
163.79999999999998,163.80726948245925,,,,PENDING_AT_END
164.14999999999998,164.35759886019497,,,,PENDING_AT_END
164.5,164.59946672854807,,,,PENDING_AT_END
164.85,164.96667632384234,,,,PENDING_AT_END
165.2,165.4857269048514,,,,PENDING_AT_END
165.54999999999998,165.71132244900892,,,,PENDING_AT_END
165.89999999999998,165.99570907829326,,,,PENDING_AT_END
166.25,166.2944919574624,,,,PENDING_AT_END
166.6,166.60193170012045,,,,PENDING_AT_END
166.95,167.15646318948592,,,,PENDING_AT_END
167.29999999999998,167.52869491508042,,,,PENDING_AT_END
167.64999999999998,167.96125796904602,,,,PENDING_AT_END
168.0,168.39970892992608,,,,PENDING_AT_END
168.35,168.39852723256385,,,,PENDING_AT_END
168.7,168.74764438094553,,,,PENDING_AT_END
169.04999999999998,169.3693284869273,,,,PENDING_AT_END
169.39999999999998,169.40925706201682,,,,PENDING_AT_END
169.75,170.13197798984015,,,,PENDING_AT_END
170.1,170.44015789059503,,,,PENDING_AT_END
170.45,170.60379323830517,,,,PENDING_AT_END
170.79999999999998,171.1011874280613,,,,PENDING_AT_END
171.14999999999998,171.40111023829058,,,,PENDING_AT_END
171.5,171.82815999160738,,,,PENDING_AT_END
171.85,171.90554548706265,,,,PENDING_AT_END
172.2,172.3977888470934,,,,PENDING_AT_END
172.54999999999998,172.9235275222562,,,,PENDING_AT_END
172.89999999999998,173.19686582336323,,,,PENDING_AT_END
173.25,173.48278890750782,,,,PENDING_AT_END
173.6,173.81277301593147,,,,PENDING_AT_END
173.95,174.25933374934544,,,,PENDING_AT_END
174.29999999999998,174.5907022758121,,,,PENDING_AT_END
174.64999999999998,174.946005054463,,,,PENDING_AT_END
175.0,175.2471103669546,,,,PENDING_AT_END
175.35,175.50528183284078,,,,PENDING_AT_END
175.7,175.91671080826268,,,,PENDING_AT_END
176.04999999999998,176.3432221035267,,,,PENDING_AT_END
176.39999999999998,176.52008062763014,,,,PENDING_AT_END
176.75,177.14559678984477,,,,PENDING_AT_END
177.1,177.480381950981,,,,PENDING_AT_END
177.45,177.82712109939627,,,,PENDING_AT_END
177.79999999999998,178.14664031240264,,,,PENDING_AT_END
178.14999999999998,178.36904526777641,,,,PENDING_AT_END
178.5,178.69201156198972,,,,PENDING_AT_END
178.85,178.95320528861433,,,,PENDING_AT_END
179.2,179.29797754001805,,,,PENDING_AT_END
179.54999999999998,179.57026487893776,,,,PENDING_AT_END
179.89999999999998,180.26854374288536,,,,PENDING_AT_END
180.25,180.5763742591177,,,,PENDING_AT_END
180.6,180.98897633430207,,,,PENDING_AT_END
180.95,181.156019995443,,,,PENDING_AT_END
181.29999999999998,181.5737187690112,,,,PENDING_AT_END
181.64999999999998,181.74961646924783,,,,PENDING_AT_END
182.0,182.04749627974724,,,,PENDING_AT_END
182.35,182.38871242917483,,,,PENDING_AT_END
182.7,183.0340130574832,,,,PENDING_AT_END
183.04999999999998,183.43123690320752,,,,PENDING_AT_END
183.39999999999998,183.4329927740382,,,,PENDING_AT_END
183.75,183.78844851709425,,,,PENDING_AT_END
184.1,184.45295218850723,,,,PENDING_AT_END
184.45,184.57733630565542,,,,PENDING_AT_END
184.79999999999998,185.06486112059392,,,,PENDING_AT_END
185.14999999999998,185.3721183855705,,,,PENDING_AT_END
185.5,185.64775200991124,,,,PENDING_AT_END
185.85,185.95365516045607,,,,PENDING_AT_END
186.2,186.40049940091825,,,,PENDING_AT_END
186.54999999999998,186.85369183293975,,,,PENDING_AT_END
186.89999999999998,187.28514110089793,,,,PENDING_AT_END
187.25,187.3736183677616,,,,PENDING_AT_END
187.6,187.9891113609617,,,,PENDING_AT_END
187.95,188.0256450284598,,,,PENDING_AT_END
188.29999999999998,188.4039096945671,,,,PENDING_AT_END
188.64999999999998,188.9891457696698,,,,PENDING_AT_END
189.0,189.00481531640412,,,,PENDING_AT_END
189.35,189.49520753384664,,,,PENDING_AT_END
189.7,189.82957677472422,,,,PENDING_AT_END
190.04999999999998,190.1456694044999,,,,PENDING_AT_END
190.39999999999998,190.56514917734597,,,,PENDING_AT_END
190.75,190.76198853089357,,,,PENDING_AT_END
191.1,191.22866065613945,,,,PENDING_AT_END
191.45,191.82737985722645,,,,PENDING_AT_END
191.79999999999998,192.04288382410178,,,,PENDING_AT_END
192.14999999999998,192.25015314305836,,,,PENDING_AT_END
192.5,192.73280186620525,,,,PENDING_AT_END
192.85,193.1316214539806,,,,PENDING_AT_END
193.2,193.54529207469352,,,,PENDING_AT_END
193.54999999999998,193.72277697456363,,,,PENDING_AT_END
193.89999999999998,193.9593079379681,,,,PENDING_AT_END
194.25,194.2714674058422,,,,PENDING_AT_END
194.6,194.6234240756945,,,,PENDING_AT_END
194.95,195.00517927189765,,,,PENDING_AT_END
195.29999999999998,195.65249383045423,,,,PENDING_AT_END
195.64999999999998,195.93840709333426,,,,PENDING_AT_END
196.0,196.32404532474067,,,,PENDING_AT_END
196.35,196.63253598740695,,,,PENDING_AT_END
196.7,196.91562994691805,,,,PENDING_AT_END
197.04999999999998,197.08664086368296,,,,PENDING_AT_END
197.39999999999998,197.60279825077117,,,,PENDING_AT_END
197.75,198.1182602052026,,,,PENDING_AT_END
198.1,198.36104730433968,,,,PENDING_AT_END
198.45,198.65533557071308,,,,PENDING_AT_END
198.79999999999998,199.03858540333042,,,,PENDING_AT_END
199.14999999999998,199.45682316508584,,,,PENDING_AT_END
199.5,199.88725839257575,,,,PENDING_AT_END
199.85,199.9097167252331,,,,PENDING_AT_END
200.2,200.55627316651072,,,,PENDING_AT_END
200.54999999999998,200.6062953651955,,,,PENDING_AT_END
200.89999999999998,201.11235137983158,,,,PENDING_AT_END
201.25,201.45031884577048,,,,PENDING_AT_END
201.6,201.6280111178663,,,,PENDING_AT_END
201.95,202.05483198073154,,,,PENDING_AT_END
202.29999999999998,202.42990466923962,,,,PENDING_AT_END
202.64999999999998,202.7043772711383,,,,PENDING_AT_END
203.0,203.09096060630583,,,,PENDING_AT_END
203.35,203.71509708272967,,,,PENDING_AT_END
203.7,203.9548693924276,,,,PENDING_AT_END
204.04999999999998,204.1270613563406,,,,PENDING_AT_END
204.39999999999998,204.52462921488217,,,,PENDING_AT_END
204.75,205.13041398802562,,,,PENDING_AT_END
205.1,205.18890767200125,,,,PENDING_AT_END
205.45,205.84829830960757,,,,PENDING_AT_END
205.79999999999998,205.8069587379945,,,,PENDING_AT_END
206.14999999999998,206.26786369707338,,,,PENDING_AT_END
206.5,206.56378814464733,,,,PENDING_AT_END
206.85,206.88788049814846,,,,PENDING_AT_END
207.2,207.50863581168653,,,,PENDING_AT_END
207.54999999999998,207.93016710620967,,,,PENDING_AT_END
207.89999999999998,208.12066418737533,,,,PENDING_AT_END
208.25,208.38280622395035,,,,PENDING_AT_END
208.6,208.81958082054913,,,,PENDING_AT_END
208.95,209.22464745467505,,,,PENDING_AT_END
209.29999999999998,209.67530724426936,,,,PENDING_AT_END
209.64999999999998,209.9013367151519,,,,PENDING_AT_END
210.0,210.3145207125889,,,,PENDING_AT_END
210.35,210.73982113399316,,,,PENDING_AT_END
210.7,210.8383806275262,,,,PENDING_AT_END
211.04999999999998,211.0571595677342,,,,PENDING_AT_END
211.39999999999998,211.66622345109664,,,,PENDING_AT_END
211.75,212.1069017034697,,,,PENDING_AT_END
212.1,212.14576890433838,,,,PENDING_AT_END
212.45,212.46268285829075,,,,PENDING_AT_END
212.79999999999998,212.98585930645945,,,,PENDING_AT_END
213.14999999999998,213.2191572166057,,,,PENDING_AT_END
213.5,213.5221525587574,,,,PENDING_AT_END
213.85,214.02058821740266,,,,PENDING_AT_END
214.2,214.20941265241436,,,,PENDING_AT_END
214.54999999999998,214.584101218366,,,,PENDING_AT_END
214.89999999999998,215.12462304008693,,,,PENDING_AT_END
215.25,215.45894863648215,,,,PENDING_AT_END
215.6,215.783312493821,,,,PENDING_AT_END
215.95,215.96184988644637,,,,PENDING_AT_END
216.29999999999998,216.5893625136583,,,,PENDING_AT_END
216.64999999999998,216.94825504394584,,,,PENDING_AT_END
217.0,217.07031241417081,,,,PENDING_AT_END
217.35,217.74344367654348,,,,PENDING_AT_END
217.7,217.75086090733942,,,,PENDING_AT_END
218.04999999999998,218.3440032392448,,,,PENDING_AT_END
218.39999999999998,218.77009210177403,,,,PENDING_AT_END
218.75,218.92088627835705,,,,PENDING_AT_END
219.1,219.24033899333946,,,,PENDING_AT_END
219.45,219.50003737816024,,,,PENDING_AT_END
219.79999999999998,220.06194558413162,,,,PENDING_AT_END
220.14999999999998,220.25579678400305,,,,PENDING_AT_END
220.5,220.7129406413893,,,,PENDING_AT_END
220.85,220.9997045040474,,,,PENDING_AT_END
221.2,221.39910339634247,,,,PENDING_AT_END
221.54999999999998,221.7217532886124,,,,PENDING_AT_END
221.89999999999998,222.2005720386657,,,,PENDING_AT_END
222.25,222.3397553442589,,,,PENDING_AT_END
222.6,222.92595869234773,,,,PENDING_AT_END
222.95,223.30648219505105,,,,PENDING_AT_END
223.29999999999998,223.6653785615371,,,,PENDING_AT_END
223.64999999999998,223.95156776088044,,,,PENDING_AT_END
224.0,224.12482262367558,,,,PENDING_AT_END
224.35,224.6401624382913,,,,PENDING_AT_END
224.7,225.08825801871814,,,,PENDING_AT_END
225.04999999999998,225.1721846003982,,,,PENDING_AT_END
225.39999999999998,225.4710817423279,,,,PENDING_AT_END
225.74999999999997,225.80773062699572,,,,PENDING_AT_END
226.1,226.27592240100788,,,,PENDING_AT_END
226.45,226.84503029948104,,,,PENDING_AT_END
226.79999999999998,227.14085209260585,,,,PENDING_AT_END
227.14999999999998,227.269938303181,,,,PENDING_AT_END
227.49999999999997,227.83008697022908,,,,PENDING_AT_END
227.85,227.8600612852188,,,,PENDING_AT_END
228.2,228.44881569173367,,,,PENDING_AT_END
228.54999999999998,228.68315851758896,,,,PENDING_AT_END
228.89999999999998,228.90273743082867,,,,PENDING_AT_END
229.24999999999997,229.4496882340883,,,,PENDING_AT_END
229.6,229.8974086755471,,,,PENDING_AT_END
229.95,230.2003686099739,,,,PENDING_AT_END
230.29999999999998,230.38198312808285,,,,PENDING_AT_END
230.64999999999998,230.9427555987511,,,,PENDING_AT_END
230.99999999999997,231.19672723664442,,,,PENDING_AT_END
231.35,231.4095603056534,,,,PENDING_AT_END
231.7,231.79395137831483,,,,PENDING_AT_END
232.04999999999998,232.27333370733587,,,,PENDING_AT_END
232.39999999999998,232.56874229932743,,,,PENDING_AT_END
232.74999999999997,232.94646761417138,,,,PENDING_AT_END
233.1,233.26393292407622,,,,PENDING_AT_END
233.45,233.5176307712888,,,,PENDING_AT_END
233.79999999999998,234.1760805020268,,,,PENDING_AT_END
234.14999999999998,234.4527449193643,,,,PENDING_AT_END
234.49999999999997,234.7997813006621,,,,PENDING_AT_END
234.85,234.90048704095497,,,,PENDING_AT_END
235.2,235.38353892167856,,,,PENDING_AT_END
235.54999999999998,235.93108562285684,,,,PENDING_AT_END
235.89999999999998,236.05769643620567,,,,PENDING_AT_END
236.24999999999997,236.64474625290566,,,,PENDING_AT_END
236.6,236.80375517723556,,,,PENDING_AT_END
236.95,237.28892160480706,,,,PENDING_AT_END
237.29999999999998,237.58143694939983,,,,PENDING_AT_END
237.64999999999998,237.80497074107808,,,,PENDING_AT_END
237.99999999999997,238.1404329566117,,,,PENDING_AT_END
238.35,238.62951598996867,,,,PENDING_AT_END
238.7,238.86007574484557,,,,PENDING_AT_END
239.04999999999998,239.11105710225084,,,,PENDING_AT_END
239.39999999999998,239.45200880550163,,,,PENDING_AT_END
239.74999999999997,240.14342603110245,,,,PENDING_AT_END
240.1,240.48255706705626,,,,PENDING_AT_END
240.45,240.69856046402253,,,,PENDING_AT_END
240.79999999999998,240.97677191759308,,,,PENDING_AT_END
241.14999999999998,241.5491159153246,,,,PENDING_AT_END
241.49999999999997,241.8409204946332,,,,PENDING_AT_END
241.85,242.0267991349418,,,,PENDING_AT_END
242.2,242.54250370217653,,,,PENDING_AT_END
242.54999999999998,242.65782499846844,,,,PENDING_AT_END
242.89999999999998,243.14941812543105,,,,PENDING_AT_END
243.24999999999997,243.43932199319326,,,,PENDING_AT_END
243.6,243.93194773221168,,,,PENDING_AT_END
243.95,244.21495658504858,,,,PENDING_AT_END
244.29999999999998,244.5312724383476,,,,PENDING_AT_END
244.64999999999998,244.90564477803616,,,,PENDING_AT_END
244.99999999999997,245.14464224879455,,,,PENDING_AT_END
245.35,245.36459977153774,,,,PENDING_AT_END
245.7,246.0899868903537,,,,PENDING_AT_END
246.04999999999998,246.09354124011477,,,,PENDING_AT_END
246.39999999999998,246.60410395653037,,,,PENDING_AT_END
246.74999999999997,246.95023941864255,,,,PENDING_AT_END
247.1,247.29334905145592,,,,PENDING_AT_END
247.45,247.5705348729299,,,,PENDING_AT_END
247.79999999999998,247.85822976865038,,,,PENDING_AT_END
248.14999999999998,248.24411739204288,,,,PENDING_AT_END
248.49999999999997,248.84563776633698,,,,PENDING_AT_END
248.85,249.17467801037273,,,,PENDING_AT_END
249.2,249.32303981200948,,,,PENDING_AT_END
249.54999999999998,249.67289542474165,,,,PENDING_AT_END
249.89999999999998,250.06771045589056,,,,PENDING_AT_END
250.24999999999997,250.54556828067868,,,,PENDING_AT_END
250.6,250.75136147900727,,,,PENDING_AT_END
250.95,251.0109441517218,,,,PENDING_AT_END
251.29999999999998,251.34418513819818,,,,PENDING_AT_END
251.64999999999998,251.68475225966057,,,,PENDING_AT_END
251.99999999999997,252.31625196229575,,,,PENDING_AT_END
252.35,252.52312945378864,,,,PENDING_AT_END
252.7,252.8011111277479,,,,PENDING_AT_END
253.04999999999998,253.34530191645385,,,,PENDING_AT_END
253.39999999999998,253.54251213122495,,,,PENDING_AT_END
253.74999999999997,253.89276688175428,,,,PENDING_AT_END
254.1,254.32993282015818,,,,PENDING_AT_END
254.45,254.51882701521276,,,,PENDING_AT_END
254.79999999999998,255.18795862316986,,,,PENDING_AT_END
255.14999999999998,255.4139699241249,,,,PENDING_AT_END
255.49999999999997,255.61056491077252,,,,PENDING_AT_END
255.85,255.96322196317558,,,,PENDING_AT_END
256.2,256.5273441317318,,,,PENDING_AT_END
256.55,256.8565659735314,,,,PENDING_AT_END
256.9,256.9404301395135,,,,PENDING_AT_END
257.25,257.5341029811277,,,,PENDING_AT_END
257.59999999999997,257.797223048729,,,,PENDING_AT_END
257.95,258.02822591229284,,,,PENDING_AT_END
258.3,258.5201724948892,,,,PENDING_AT_END
258.65,258.862478566607,,,,PENDING_AT_END
259.0,259.1854397244724,,,,PENDING_AT_END
259.34999999999997,259.35100858168954,,,,PENDING_AT_END
259.7,259.9674760414035,,,,PENDING_AT_END
260.05,260.14340069087365,,,,PENDING_AT_END
260.4,260.490138922147,,,,PENDING_AT_END
260.75,261.02086728688107,,,,PENDING_AT_END
261.09999999999997,261.41558200802655,,,,PENDING_AT_END
261.45,261.6501771178079,,,,PENDING_AT_END
261.8,262.14560003132436,,,,PENDING_AT_END
262.15,262.47251662069186,,,,PENDING_AT_END
262.5,262.78960626144635,,,,PENDING_AT_END
262.84999999999997,263.0612940356636,,,,PENDING_AT_END
263.2,263.3108909773429,,,,PENDING_AT_END
263.55,263.87054830020605,,,,PENDING_AT_END
263.9,264.11473613686326,,,,PENDING_AT_END
264.25,264.64722896935086,,,,PENDING_AT_END
264.59999999999997,264.76206064301624,,,,PENDING_AT_END
264.95,265.29646853737273,,,,PENDING_AT_END
265.3,265.30731461747683,,,,PENDING_AT_END
265.65,265.98869689732294,,,,PENDING_AT_END
266.0,266.3266234698914,,,,PENDING_AT_END
266.34999999999997,266.7471853227726,,,,PENDING_AT_END
266.7,266.77269793477984,,,,PENDING_AT_END
267.05,267.11439914648287,,,,PENDING_AT_END
267.4,267.7512650620075,,,,PENDING_AT_END
267.75,267.8744008338334,,,,PENDING_AT_END
268.09999999999997,268.362604608386,,,,PENDING_AT_END
268.45,268.5615863564082,,,,PENDING_AT_END
268.79999999999995,269.1208588919824,,,,PENDING_AT_END
269.15,269.22459524347516,,,,PENDING_AT_END
269.5,269.8452759415785,,,,PENDING_AT_END
269.84999999999997,269.8973855456955,,,,PENDING_AT_END
270.2,270.3605794312088,,,,PENDING_AT_END
270.54999999999995,270.67438214305423,,,,PENDING_AT_END
270.9,271.19758967146595,,,,PENDING_AT_END
271.25,271.46115703411067,,,,PENDING_AT_END
271.59999999999997,271.6016765142196,,,,PENDING_AT_END
271.95,272.32838723432934,,,,PENDING_AT_END
272.29999999999995,272.4986685041853,,,,PENDING_AT_END
272.65,272.6901920459078,,,,PENDING_AT_END
273.0,273.29199231458267,,,,PENDING_AT_END
273.34999999999997,273.6989180222309,,,,PENDING_AT_END
273.7,273.854020223179,,,,PENDING_AT_END
274.04999999999995,274.4449817152573,,,,PENDING_AT_END
274.4,274.4810543035362,,,,PENDING_AT_END
274.75,274.7749927908168,,,,PENDING_AT_END
275.09999999999997,275.3795469439079,,,,PENDING_AT_END
275.45,275.4920138287385,,,,PENDING_AT_END
275.79999999999995,275.9786887244902,,,,PENDING_AT_END
276.15,276.4812287854917,,,,PENDING_AT_END
276.5,276.74915905774947,,,,PENDING_AT_END
276.84999999999997,277.21496765303,,,,PENDING_AT_END
277.2,277.2197994592195,,,,PENDING_AT_END
277.54999999999995,277.58578617813464,,,,PENDING_AT_END
277.9,278.01040899167185,,,,PENDING_AT_END
278.25,278.62534335855605,,,,PENDING_AT_END
278.59999999999997,278.6839426407152,,,,PENDING_AT_END
278.95,279.31759343426467,,,,PENDING_AT_END
279.29999999999995,279.489937549273,,,,PENDING_AT_END
279.65,279.6967105783244,,,,PENDING_AT_END
280.0,280.0427751295275,,,,PENDING_AT_END
280.34999999999997,280.62594354002584,,,,PENDING_AT_END
280.7,280.9990154150095,,,,PENDING_AT_END
281.04999999999995,281.2858776027639,,,,PENDING_AT_END
281.4,281.5866539083777,,,,PENDING_AT_END
281.75,282.0108926223361,,,,PENDING_AT_END
282.09999999999997,282.2659763516354,,,,PENDING_AT_END
282.45,282.7622697137272,,,,PENDING_AT_END
282.79999999999995,282.8419849153895,,,,PENDING_AT_END
283.15,283.4021363817384,,,,PENDING_AT_END
283.5,283.65518150295054,,,,PENDING_AT_END
283.84999999999997,284.2209251408445,,,,PENDING_AT_END
284.2,284.50422384735253,,,,PENDING_AT_END
284.54999999999995,284.92596269951696,,,,PENDING_AT_END
284.9,285.17349716340084,,,,PENDING_AT_END
285.25,285.4967356055313,,,,PENDING_AT_END
285.59999999999997,285.90050234195775,,,,PENDING_AT_END
285.95,285.97037141538186,,,,PENDING_AT_END
286.29999999999995,286.50293069856866,,,,PENDING_AT_END
286.65,286.6894088702852,,,,PENDING_AT_END
287.0,287.25920567001367,,,,PENDING_AT_END
287.34999999999997,287.6881604015177,,,,PENDING_AT_END
287.7,287.9544530167182,,,,PENDING_AT_END
288.04999999999995,288.3785902426358,,,,PENDING_AT_END
288.4,288.53146270175966,,,,PENDING_AT_END
288.75,288.8958634314574,,,,PENDING_AT_END
289.09999999999997,289.10377023407426,,,,PENDING_AT_END
289.45,289.4981921317489,,,,PENDING_AT_END
289.79999999999995,289.88241321134024,,,,PENDING_AT_END
290.15,290.3250198046586,,,,PENDING_AT_END
290.5,290.5893827508023,,,,PENDING_AT_END
290.84999999999997,291.0620436554123,,,,PENDING_AT_END
291.2,291.4824675205927,,,,PENDING_AT_END
291.54999999999995,291.5590535267369,,,,PENDING_AT_END
291.9,292.2690495913221,,,,PENDING_AT_END
292.25,292.4732446835294,,,,PENDING_AT_END
292.59999999999997,292.87039828558926,,,,PENDING_AT_END
292.95,293.28484839035167,,,,PENDING_AT_END
293.29999999999995,293.5090344957848,,,,PENDING_AT_END
293.65,293.6513852461328,,,,PENDING_AT_END
294.0,294.05504072838835,,,,PENDING_AT_END
294.34999999999997,294.5371928024254,,,,PENDING_AT_END
294.7,295.004181116987,,,,PENDING_AT_END
295.04999999999995,295.33602354892105,,,,PENDING_AT_END
295.4,295.5871793035029,,,,PENDING_AT_END
295.75,296.1281973642573,,,,PENDING_AT_END
296.09999999999997,296.14231344886645,,,,PENDING_AT_END
296.45,296.46099614963686,,,,PENDING_AT_END
296.79999999999995,297.07610376629816,,,,PENDING_AT_END
297.15,297.1944272779798,,,,PENDING_AT_END
297.5,297.7462277843654,,,,PENDING_AT_END
297.84999999999997,298.24037918399205,,,,PENDING_AT_END
298.2,298.2618514899306,,,,PENDING_AT_END
298.54999999999995,298.9075029110992,,,,PENDING_AT_END
298.9,299.1707384425274,,,,PENDING_AT_END
299.25,299.6016461067145,,,,PENDING_AT_END
299.59999999999997,299.83523145804924,,,,PENDING_AT_END
299.95,300.3451376538998,,,,PENDING_AT_END
300.29999999999995,300.4005256845984,,,,PENDING_AT_END
300.65,300.8461640023437,,,,PENDING_AT_END
301.0,301.0482457862362,,,,PENDING_AT_END
301.34999999999997,301.42918619360074,,,,PENDING_AT_END
301.7,301.8355392004177,,,,PENDING_AT_END
302.04999999999995,302.1406740130195,,,,PENDING_AT_END
302.4,302.57896347903693,,,,PENDING_AT_END
302.75,302.9176901297559,,,,PENDING_AT_END
303.09999999999997,303.44531646402487,,,,PENDING_AT_END
303.45,303.80986812085786,,,,PENDING_AT_END
303.79999999999995,303.8027896439494,,,,PENDING_AT_END
304.15,304.4693075576031,,,,PENDING_AT_END
304.5,304.7188119531122,,,,PENDING_AT_END
304.84999999999997,305.11949456549524,,,,PENDING_AT_END
305.2,305.4865272121103,,,,PENDING_AT_END
305.54999999999995,305.6965345614683,,,,PENDING_AT_END
305.9,306.04075919528464,,,,PENDING_AT_END
306.25,306.59685263326844,,,,PENDING_AT_END
306.59999999999997,306.8002005190595,,,,PENDING_AT_END
306.95,306.9558921908429,,,,PENDING_AT_END
307.29999999999995,307.5605327375438,,,,PENDING_AT_END
307.65,307.9176518704537,,,,PENDING_AT_END
308.0,308.1172640895669,,,,PENDING_AT_END
308.34999999999997,308.6693610214234,,,,PENDING_AT_END
308.7,308.75398137632993,,,,PENDING_AT_END
309.04999999999995,309.400535584674,,,,PENDING_AT_END
309.4,309.78560350592795,,,,PENDING_AT_END
309.75,309.8149077056953,,,,PENDING_AT_END
310.09999999999997,310.4296962026403,,,,PENDING_AT_END
310.45,310.6062812286171,,,,PENDING_AT_END
310.79999999999995,310.8152205758969,,,,PENDING_AT_END
311.15,311.54732567782537,,,,PENDING_AT_END
311.5,311.74098592897917,,,,PENDING_AT_END
311.84999999999997,312.1553673427773,,,,PENDING_AT_END
312.2,312.42059441313864,,,,PENDING_AT_END
312.54999999999995,312.8887663735625,,,,PENDING_AT_END
312.9,313.00383263945105,,,,PENDING_AT_END
313.25,313.5165527179007,,,,PENDING_AT_END
313.59999999999997,313.6079692405132,,,,PENDING_AT_END
313.95,314.27033880782864,,,,PENDING_AT_END
314.29999999999995,314.5728961041052,,,,PENDING_AT_END
314.65,314.79260292371,,,,PENDING_AT_END
315.0,315.1747722644202,,,,PENDING_AT_END
315.34999999999997,315.62603741621484,,,,PENDING_AT_END
315.7,315.798363127047,,,,PENDING_AT_END
316.04999999999995,316.38988178665204,,,,PENDING_AT_END
316.4,316.76575627306556,,,,PENDING_AT_END
316.75,316.89587084858715,,,,PENDING_AT_END
317.09999999999997,317.39942712467786,,,,PENDING_AT_END
317.45,317.80098875148093,,,,PENDING_AT_END
317.79999999999995,317.8568150224967,,,,PENDING_AT_END
318.15,318.278741625115,,,,PENDING_AT_END
318.5,318.79431995187826,,,,PENDING_AT_END
318.84999999999997,319.1854918253617,,,,PENDING_AT_END
319.2,319.5578596481627,,,,PENDING_AT_END
319.54999999999995,319.87938057227484,,,,PENDING_AT_END
319.9,320.05535807631225,,,,PENDING_AT_END
320.25,320.25176472807027,,,,PENDING_AT_END
320.59999999999997,320.97109745743757,,,,PENDING_AT_END
320.95,321.0370342469144,,,,PENDING_AT_END
321.29999999999995,321.44559147073744,,,,PENDING_AT_END
321.65,322.0416900513799,,,,PENDING_AT_END
322.0,322.3819964671534,,,,PENDING_AT_END
322.34999999999997,322.60951109386286,,,,PENDING_AT_END
322.7,323.0067375011981,,,,PENDING_AT_END
323.04999999999995,323.40711521441267,,,,PENDING_AT_END
323.4,323.4626162984432,,,,PENDING_AT_END
323.75,324.0894138491508,,,,PENDING_AT_END
324.09999999999997,324.38112651034606,,,,PENDING_AT_END
324.45,324.7279352578893,,,,PENDING_AT_END
324.79999999999995,325.04800111215764,,,,PENDING_AT_END
325.15,325.4962810135547,,,,PENDING_AT_END
325.5,325.7311549220591,,,,PENDING_AT_END
325.84999999999997,325.9654233591015,,,,PENDING_AT_END
326.2,326.54211178211216,,,,PENDING_AT_END
326.54999999999995,326.75135568698033,,,,PENDING_AT_END
326.9,326.98815625913016,,,,PENDING_AT_END
327.25,327.2540875592871,,,,PENDING_AT_END
327.59999999999997,327.96514988871553,,,,PENDING_AT_END
327.95,328.2454360825571,,,,PENDING_AT_END
328.29999999999995,328.54027480724267,,,,PENDING_AT_END
328.65,328.97379582546523,,,,PENDING_AT_END
329.0,329.32561897044025,,,,PENDING_AT_END
329.34999999999997,329.47655712919874,,,,PENDING_AT_END
329.7,329.79145326330314,,,,PENDING_AT_END
330.04999999999995,330.1089440408376,,,,PENDING_AT_END
330.4,330.5473203835237,,,,PENDING_AT_END
330.75,330.77850730233513,,,,PENDING_AT_END
331.09999999999997,331.2905084691038,,,,PENDING_AT_END
331.45,331.5958913647045,,,,PENDING_AT_END
331.79999999999995,332.1230171016284,,,,PENDING_AT_END
332.15,332.3700198024188,,,,PENDING_AT_END
332.5,332.6552539011785,,,,PENDING_AT_END
332.84999999999997,332.9663206589349,,,,PENDING_AT_END
333.2,333.4851660543507,,,,PENDING_AT_END
333.54999999999995,333.6480272121163,,,,PENDING_AT_END
333.9,334.1670986410014,,,,PENDING_AT_END
334.25,334.62428725246923,,,,PENDING_AT_END
334.59999999999997,334.9450007061063,,,,PENDING_AT_END
334.95,335.0430690178569,,,,PENDING_AT_END
335.29999999999995,335.51998024609895,,,,PENDING_AT_END
335.65,335.6873889595364,,,,PENDING_AT_END
336.0,336.1303406537088,,,,PENDING_AT_END
336.34999999999997,336.6780741516306,,,,PENDING_AT_END
336.7,337.0521857820781,,,,PENDING_AT_END
337.04999999999995,337.16045491371176,,,,PENDING_AT_END
337.4,337.5994675678629,,,,PENDING_AT_END
337.75,337.85383067062116,,,,PENDING_AT_END
338.09999999999997,338.49745003925403,,,,PENDING_AT_END
338.45,338.64623358996374,,,,PENDING_AT_END
338.79999999999995,339.1281051570427,,,,PENDING_AT_END
339.15,339.38408312138085,,,,PENDING_AT_END
339.5,339.66979451434474,,,,PENDING_AT_END
339.84999999999997,340.2336624834605,,,,PENDING_AT_END
340.2,340.3280229195131,,,,PENDING_AT_END
340.54999999999995,340.64871276185454,,,,PENDING_AT_END
340.9,341.03478401398945,,,,PENDING_AT_END
341.25,341.5477839999345,,,,PENDING_AT_END
341.59999999999997,341.96575763483116,,,,PENDING_AT_END
341.95,341.9944668356681,,,,PENDING_AT_END
342.29999999999995,342.51840346387155,,,,PENDING_AT_END
342.65,342.68054400952406,,,,PENDING_AT_END
343.0,343.17961604269624,,,,PENDING_AT_END
343.34999999999997,343.5470717171714,,,,PENDING_AT_END
343.7,344.0228720012262,,,,PENDING_AT_END
344.04999999999995,344.10359456310925,,,,PENDING_AT_END
344.4,344.6369101326826,,,,PENDING_AT_END
344.75,345.0560307430112,,,,PENDING_AT_END
345.09999999999997,345.29910021575296,,,,PENDING_AT_END
345.45,345.48938495022463,,,,PENDING_AT_END
345.79999999999995,345.9449122347223,,,,PENDING_AT_END
346.15,346.211905790497,,,,PENDING_AT_END
346.5,346.84163277130983,,,,PENDING_AT_END
346.84999999999997,347.1057967246938,,,,PENDING_AT_END
347.2,347.5049708922847,,,,PENDING_AT_END
347.54999999999995,347.87483927189874,,,,PENDING_AT_END
347.9,348.0847439115071,,,,PENDING_AT_END
348.25,348.3408330998849,,,,PENDING_AT_END
348.59999999999997,348.75334095662487,,,,PENDING_AT_END
348.95,349.0114033141602,,,,PENDING_AT_END
349.29999999999995,349.61470715490793,,,,PENDING_AT_END
349.65,349.8240526728581,,,,PENDING_AT_END
350.0,350.29525830996806,,,,PENDING_AT_END
350.34999999999997,350.7463101040417,,,,PENDING_AT_END
350.7,351.00868074977456,,,,PENDING_AT_END
351.04999999999995,351.2191406004821,,,,PENDING_AT_END
351.4,351.58503039320874,,,,PENDING_AT_END
351.75,351.80653857003654,,,,PENDING_AT_END
352.09999999999997,352.2432412179251,,,,PENDING_AT_END
352.45,352.62661717862414,,,,PENDING_AT_END
352.79999999999995,352.8109265877624,,,,PENDING_AT_END
353.15,353.23142968136415,,,,PENDING_AT_END
353.5,353.83076402693996,,,,PENDING_AT_END
353.84999999999997,354.03553810752186,,,,PENDING_AT_END
354.2,354.3446615200766,,,,PENDING_AT_END
354.54999999999995,354.872203586291,,,,PENDING_AT_END
354.9,355.201879479445,,,,PENDING_AT_END
355.25,355.4422737375842,,,,PENDING_AT_END
355.59999999999997,355.9979631711281,,,,PENDING_AT_END
355.95,356.25105539330804,,,,PENDING_AT_END
356.29999999999995,356.4924617757338,,,,PENDING_AT_END
356.65,356.93906403798223,,,,PENDING_AT_END
357.0,357.0866052123836,,,,PENDING_AT_END
357.34999999999997,357.5446703920306,,,,PENDING_AT_END
357.7,357.8227582483849,,,,PENDING_AT_END
358.04999999999995,358.14130836585184,,,,PENDING_AT_END
358.4,358.4063782983312,,,,PENDING_AT_END
358.75,358.82428495850763,,,,PENDING_AT_END
359.09999999999997,359.27692019729767,,,,PENDING_AT_END
359.45,359.77853517852094,,,,PENDING_AT_END
359.79999999999995,360.13621465057645,,,,PENDING_AT_END
360.15,360.35130194677913,,,,PENDING_AT_END
360.5,360.62972704978495,,,,PENDING_AT_END
360.84999999999997,361.0336074998132,,,,PENDING_AT_END
361.2,361.27242715770996,,,,PENDING_AT_END
361.54999999999995,361.569924214965,,,,PENDING_AT_END
361.9,362.1250489955329,,,,PENDING_AT_END
362.25,362.3829323150502,,,,PENDING_AT_END
362.59999999999997,362.90823112652225,,,,PENDING_AT_END
362.95,363.1077708950199,,,,PENDING_AT_END
363.29999999999995,363.51123092294574,,,,PENDING_AT_END
363.65,364.04250606938444,,,,PENDING_AT_END
364.0,364.35740117863077,,,,PENDING_AT_END
364.34999999999997,364.42437459693843,,,,PENDING_AT_END
364.7,364.9064777667341,,,,PENDING_AT_END
365.04999999999995,365.17010295390196,,,,PENDING_AT_END
365.4,365.41827729776105,,,,PENDING_AT_END
365.75,365.9166477841992,,,,PENDING_AT_END
366.09999999999997,366.20026866834195,,,,PENDING_AT_END
366.45,366.4541142387548,,,,PENDING_AT_END
366.79999999999995,367.0610810604463,,,,PENDING_AT_END
367.15,367.30089878047465,,,,PENDING_AT_END
367.5,367.5827497695202,,,,PENDING_AT_END
367.84999999999997,368.0412939189243,,,,PENDING_AT_END
368.2,368.22703911918296,,,,PENDING_AT_END
368.54999999999995,368.88393393667457,,,,PENDING_AT_END
368.9,368.9826108930798,,,,PENDING_AT_END
369.25,369.38530292275027,,,,PENDING_AT_END
369.59999999999997,369.89065165385153,,,,PENDING_AT_END
369.95,370.33675805306683,,,,PENDING_AT_END
370.29999999999995,370.4603546931621,,,,PENDING_AT_END
370.65,370.81702758279926,,,,PENDING_AT_END
371.0,371.0553452621642,,,,PENDING_AT_END
371.34999999999997,371.59149682261165,,,,PENDING_AT_END
371.7,371.78715524343585,,,,PENDING_AT_END
372.04999999999995,372.2616055292822,,,,PENDING_AT_END
372.4,372.68881422431457,,,,PENDING_AT_END
372.75,373.08435823760976,,,,PENDING_AT_END
373.09999999999997,373.3429525853756,,,,PENDING_AT_END
373.45,373.6125747886178,,,,PENDING_AT_END
373.79999999999995,374.06872877089404,,,,PENDING_AT_END
374.15,374.16208381890453,,,,PENDING_AT_END
374.5,374.6052984968335,,,,PENDING_AT_END
374.84999999999997,375.21740901749166,,,,PENDING_AT_END
375.2,375.40932621953976,,,,PENDING_AT_END
375.54999999999995,375.70735373077184,,,,PENDING_AT_END
375.9,376.1717693842463,,,,PENDING_AT_END
376.25,376.32054596262435,,,,PENDING_AT_END
376.59999999999997,376.87756868402545,,,,PENDING_AT_END
376.95,377.2620688389853,,,,PENDING_AT_END
377.29999999999995,377.6109683103422,,,,PENDING_AT_END
377.65,377.75388329626924,,,,PENDING_AT_END
378.0,378.13874125417533,,,,PENDING_AT_END
378.34999999999997,378.36015973892,,,,PENDING_AT_END
378.7,378.90993052108166,,,,PENDING_AT_END
379.04999999999995,379.3836975532888,,,,PENDING_AT_END
379.4,379.7088011418127,,,,PENDING_AT_END
379.75,379.93970614731313,,,,PENDING_AT_END
380.09999999999997,380.3310842019859,,,,PENDING_AT_END
380.45,380.7468814822549,,,,PENDING_AT_END
380.79999999999995,381.18279723794694,,,,PENDING_AT_END
381.15,381.28094875394163,,,,PENDING_AT_END
381.5,381.84150176778246,,,,PENDING_AT_END
381.84999999999997,382.02162572131016,,,,PENDING_AT_END
382.2,382.30294895105516,,,,PENDING_AT_END
382.54999999999995,382.5535338262148,,,,PENDING_AT_END
382.9,382.97674082124774,,,,PENDING_AT_END
383.25,383.5124950490531,,,,PENDING_AT_END
383.59999999999997,383.72866761211,,,,PENDING_AT_END
383.95,384.1300927372508,,,,PENDING_AT_END
384.29999999999995,384.59469815335774,,,,PENDING_AT_END
384.65,384.8500766503673,,,,PENDING_AT_END
385.0,385.3527343525391,,,,PENDING_AT_END
385.34999999999997,385.5499245813807,,,,PENDING_AT_END
385.7,385.83560037119463,,,,PENDING_AT_END
386.04999999999995,386.1518764202558,,,,PENDING_AT_END
386.4,386.57453367665573,,,,PENDING_AT_END
386.75,386.78078977640473,,,,PENDING_AT_END
387.09999999999997,387.38178548175887,,,,PENDING_AT_END
387.45,387.46104849946863,,,,PENDING_AT_END
387.79999999999995,388.13246942693365,,,,PENDING_AT_END
388.15,388.3607874967446,,,,PENDING_AT_END
388.5,388.55886503113834,,,,PENDING_AT_END
388.84999999999997,388.92237107001796,,,,PENDING_AT_END
389.2,389.28402315634577,,,,PENDING_AT_END
389.54999999999995,389.71097648069133,,,,PENDING_AT_END
389.9,390.23491734007075,,,,PENDING_AT_END
390.25,390.43217666664316,,,,PENDING_AT_END
390.59999999999997,390.6824968194373,,,,PENDING_AT_END
390.95,390.97385452004124,,,,PENDING_AT_END
391.29999999999995,391.37042548708746,,,,PENDING_AT_END
391.65,392.027477176915,,,,PENDING_AT_END
392.0,392.05889001632374,,,,PENDING_AT_END
392.34999999999997,392.39131497772456,,,,PENDING_AT_END
392.7,393.00463069103665,,,,PENDING_AT_END
393.04999999999995,393.3843666448139,,,,PENDING_AT_END
393.4,393.73205291739396,,,,PENDING_AT_END
393.75,394.0104995306939,,,,PENDING_AT_END
394.09999999999997,394.29603830106834,,,,PENDING_AT_END
394.45,394.69269891417235,,,,PENDING_AT_END
394.79999999999995,395.18748480228123,,,,PENDING_AT_END
395.15,395.19264318175,,,,PENDING_AT_END
395.5,395.5657526703394,,,,PENDING_AT_END
395.84999999999997,396.1617751249508,,,,PENDING_AT_END
396.2,396.26304584925407,,,,PENDING_AT_END
396.54999999999995,396.90321635169744,,,,PENDING_AT_END
396.9,397.04877956543567,,,,PENDING_AT_END
397.25,397.3655800469762,,,,PENDING_AT_END
397.59999999999997,397.93485988543176,,,,PENDING_AT_END
397.95,398.1116593258891,,,,PENDING_AT_END
398.29999999999995,398.52138358423906,,,,PENDING_AT_END
398.65,398.66295277588006,,,,PENDING_AT_END
399.0,399.0702885685563,,,,PENDING_AT_END
399.34999999999997,399.3914261425601,,,,PENDING_AT_END
399.7,399.8699324934344,,,,PENDING_AT_END
400.04999999999995,400.2814339369769,,,,PENDING_AT_END
400.4,400.48293213720467,,,,PENDING_AT_END
400.75,401.09259115697887,,,,PENDING_AT_END
401.09999999999997,401.17166847642414,,,,PENDING_AT_END
401.45,401.4618351903512,,,,PENDING_AT_END
401.79999999999995,401.8720731370057,,,,PENDING_AT_END
402.15,402.31528346835046,,,,PENDING_AT_END
402.5,402.88443244094833,,,,PENDING_AT_END
402.84999999999997,403.0774555587611,,,,PENDING_AT_END
403.2,403.4198372185645,,,,PENDING_AT_END
403.54999999999995,403.58826214372175,,,,PENDING_AT_END
403.9,404.2917193290307,,,,PENDING_AT_END
404.25,404.3564564293158,,,,PENDING_AT_END
404.59999999999997,404.87144330560415,,,,PENDING_AT_END
404.95,405.05745504944156,,,,PENDING_AT_END
405.29999999999995,405.63153010331814,,,,PENDING_AT_END
405.65,405.67422000891656,,,,PENDING_AT_END
406.0,406.21854687340635,,,,PENDING_AT_END
406.34999999999997,406.6973406138165,,,,PENDING_AT_END
406.7,406.88023077984025,,,,PENDING_AT_END
407.04999999999995,407.40341522958,,,,PENDING_AT_END
407.4,407.7037892848829,,,,PENDING_AT_END
407.75,408.118636459756,,,,PENDING_AT_END
408.09999999999997,408.4224893718892,,,,PENDING_AT_END
408.45,408.48215402781983,,,,PENDING_AT_END
408.79999999999995,409.16954036114817,,,,PENDING_AT_END
409.15,409.32825928892817,,,,PENDING_AT_END
409.5,409.81141295146745,,,,PENDING_AT_END
409.84999999999997,410.205268902607,,,,PENDING_AT_END
410.2,410.4741003543459,,,,PENDING_AT_END
410.54999999999995,410.926544919708,,,,PENDING_AT_END
410.9,411.01648211951044,,,,PENDING_AT_END
411.25,411.32931380334105,,,,PENDING_AT_END
411.59999999999997,411.6738998604216,,,,PENDING_AT_END
411.95,412.28405229287995,,,,PENDING_AT_END
412.29999999999995,412.373415923875,,,,PENDING_AT_END
412.65,413.0167281367768,,,,PENDING_AT_END
413.0,413.15069404714575,,,,PENDING_AT_END
413.34999999999997,413.4395507033253,,,,PENDING_AT_END
413.7,413.74525298435395,,,,PENDING_AT_END
414.04999999999995,414.3733359648006,,,,PENDING_AT_END
414.4,414.4639638738728,,,,PENDING_AT_END
414.75,414.861454822965,,,,PENDING_AT_END
415.09999999999997,415.2774405045307,,,,PENDING_AT_END
415.45,415.8415551669647,,,,PENDING_AT_END
415.79999999999995,416.1663519160604,,,,PENDING_AT_END
416.15,416.1521317498085,,,,PENDING_AT_END
416.5,416.5889169602332,,,,PENDING_AT_END
416.84999999999997,417.0751286567226,,,,PENDING_AT_END
417.2,417.496573175185,,,,PENDING_AT_END
417.54999999999995,417.85249283292774,,,,PENDING_AT_END
417.9,418.0300385572317,,,,PENDING_AT_END
418.25,418.2743462298997,,,,PENDING_AT_END
418.59999999999997,418.9523905615502,,,,PENDING_AT_END
418.95,419.1963128916279,,,,PENDING_AT_END
419.29999999999995,419.54509926682,,,,PENDING_AT_END
419.65,420.04465627238164,,,,PENDING_AT_END
420.0,420.13001999589426,,,,PENDING_AT_END
420.34999999999997,420.6295523274053,,,,PENDING_AT_END
420.7,420.78759353082825,,,,PENDING_AT_END
421.04999999999995,421.2918845093991,,,,PENDING_AT_END
421.4,421.45088822383286,,,,PENDING_AT_END
421.75,422.03028573440906,,,,PENDING_AT_END
422.09999999999997,422.49652259277735,,,,PENDING_AT_END
422.45,422.6473025148517,,,,PENDING_AT_END
422.79999999999995,423.01636725622757,,,,PENDING_AT_END
423.15,423.18480265486255,,,,PENDING_AT_END
423.5,423.8579230713027,,,,PENDING_AT_END
423.84999999999997,423.89714917785597,,,,PENDING_AT_END
424.2,424.35504667825165,,,,PENDING_AT_END
424.54999999999995,424.68922467128095,,,,PENDING_AT_END
424.9,424.919103200133,,,,PENDING_AT_END
425.25,425.6399760835541,,,,PENDING_AT_END
425.59999999999997,425.825284897736,,,,PENDING_AT_END
425.95,426.1216951848849,,,,PENDING_AT_END
426.29999999999995,426.35017545768744,,,,PENDING_AT_END
426.65,426.8221788338378,,,,PENDING_AT_END
427.0,427.1679125203268,,,,PENDING_AT_END
427.34999999999997,427.508053140777,,,,PENDING_AT_END
427.7,427.8324510747911,,,,PENDING_AT_END
428.04999999999995,428.1186581893372,,,,PENDING_AT_END
428.4,428.7452050541824,,,,PENDING_AT_END
428.75,428.9711859066621,,,,PENDING_AT_END
429.09999999999997,429.22148895965785,,,,PENDING_AT_END
429.45,429.84089219631375,,,,PENDING_AT_END
429.79999999999995,430.0352448418415,,,,PENDING_AT_END
430.15,430.25590999610256,,,,PENDING_AT_END
430.5,430.7995674271184,,,,PENDING_AT_END
430.84999999999997,431.0845536511351,,,,PENDING_AT_END
431.2,431.20935796932173,,,,PENDING_AT_END
431.54999999999995,431.83911438286475,,,,PENDING_AT_END
431.9,432.102266197977,,,,PENDING_AT_END
432.25,432.46845263074295,,,,PENDING_AT_END
432.59999999999997,432.7205410504819,,,,PENDING_AT_END
432.95,432.9511156869492,,,,PENDING_AT_END
433.29999999999995,433.5992734745,,,,PENDING_AT_END
433.65,434.0474869232279,,,,PENDING_AT_END
434.0,434.3014149409913,,,,PENDING_AT_END
434.34999999999997,434.688595011446,,,,PENDING_AT_END
434.7,434.70868015935906,,,,PENDING_AT_END
435.04999999999995,435.0678379402924,,,,PENDING_AT_END
435.4,435.40409182508324,,,,PENDING_AT_END
435.75,436.0359473643373,,,,PENDING_AT_END
436.09999999999997,436.1413130955846,,,,PENDING_AT_END
436.45,436.83393221152545,,,,PENDING_AT_END
436.79999999999995,437.137776956474,,,,PENDING_AT_END
437.15,437.388008743663,,,,PENDING_AT_END
437.5,437.56636157985383,,,,PENDING_AT_END
437.84999999999997,438.1586588921479,,,,PENDING_AT_END
438.2,438.56164734176224,,,,PENDING_AT_END
438.54999999999995,438.8606518024959,,,,PENDING_AT_END
438.9,439.27779859095597,,,,PENDING_AT_END
439.25,439.6028466844972,,,,PENDING_AT_END
439.59999999999997,439.69527864342837,,,,PENDING_AT_END
439.95,439.96302977287615,,,,PENDING_AT_END
440.29999999999995,440.403619225449,,,,PENDING_AT_END
440.65,440.87896892700746,,,,PENDING_AT_END
441.0,441.0138379144215,,,,PENDING_AT_END
441.34999999999997,441.4400682216088,,,,PENDING_AT_END
441.7,442.0595009033587,,,,PENDING_AT_END
442.04999999999995,442.1893983631047,,,,PENDING_AT_END
442.4,442.47697140350124,,,,PENDING_AT_END
442.75,442.8325159882704,,,,PENDING_AT_END
443.09999999999997,443.1026242165488,,,,PENDING_AT_END
443.45,443.51710908485853,,,,PENDING_AT_END
443.79999999999995,443.94300835450656,,,,PENDING_AT_END
444.15,444.166294801694,,,,PENDING_AT_END
444.5,444.82383499853086,,,,PENDING_AT_END
444.84999999999997,445.212347279942,,,,PENDING_AT_END
445.2,445.52214426199015,,,,PENDING_AT_END
445.54999999999995,445.68762098507136,,,,PENDING_AT_END
445.9,446.28937017637304,,,,PENDING_AT_END
446.25,446.29540884082974,,,,PENDING_AT_END
446.59999999999997,446.9538944951575,,,,PENDING_AT_END
446.95,447.04049683508066,,,,PENDING_AT_END
447.29999999999995,447.4350578495373,,,,PENDING_AT_END
447.65,447.7814243191367,,,,PENDING_AT_END
448.0,448.2871654054014,,,,PENDING_AT_END
448.34999999999997,448.7089848459762,,,,PENDING_AT_END
448.7,448.79041452960763,,,,PENDING_AT_END
449.04999999999995,449.2119280504611,,,,PENDING_AT_END
449.4,449.6017174566184,,,,PENDING_AT_END
449.74999999999994,449.97175359966906,,,,PENDING_AT_END
450.09999999999997,450.32410485531335,,,,PENDING_AT_END
450.45,450.7280570411187,,,,PENDING_AT_END
450.79999999999995,450.8832604993098,,,,PENDING_AT_END
451.15,451.22745641694974,,,,PENDING_AT_END
451.49999999999994,451.81030593587633,,,,PENDING_AT_END
451.84999999999997,451.9270992424343,,,,PENDING_AT_END
452.2,452.26488048224013,,,,PENDING_AT_END
452.54999999999995,452.8899207539746,,,,PENDING_AT_END
452.9,453.05764569914083,,,,PENDING_AT_END
453.24999999999994,453.31528455195445,,,,PENDING_AT_END
453.59999999999997,453.7707018945583,,,,PENDING_AT_END
453.95,453.95289698485084,,,,PENDING_AT_END
454.29999999999995,454.5149614543517,,,,PENDING_AT_END
454.65,454.7887278484235,,,,PENDING_AT_END
454.99999999999994,455.2986484281433,,,,PENDING_AT_END
455.34999999999997,455.56534632742347,,,,PENDING_AT_END
455.7,455.95804379055045,,,,PENDING_AT_END
456.04999999999995,456.09897953905556,,,,PENDING_AT_END
456.4,456.7326613156972,,,,PENDING_AT_END
456.74999999999994,457.0654640563412,,,,PENDING_AT_END
457.09999999999997,457.40106343409485,,,,PENDING_AT_END
457.45,457.4861863468936,,,,PENDING_AT_END
457.79999999999995,458.15188152962855,,,,PENDING_AT_END
458.15,458.1730128837953,,,,PENDING_AT_END
458.49999999999994,458.81203029851116,,,,PENDING_AT_END
458.84999999999997,459.15054273783693,,,,PENDING_AT_END
459.2,459.3571287194283,,,,PENDING_AT_END
459.54999999999995,459.91306940875813,,,,PENDING_AT_END
459.9,460.1446914124523,,,,PENDING_AT_END
460.24999999999994,460.4959152285274,,,,PENDING_AT_END
460.59999999999997,460.9805515380395,,,,PENDING_AT_END
460.95,460.9971617583711,,,,PENDING_AT_END
461.29999999999995,461.3970907448738,,,,PENDING_AT_END
461.65,461.84856518924676,,,,PENDING_AT_END
461.99999999999994,462.0792351665355,,,,PENDING_AT_END
462.34999999999997,462.54244884687597,,,,PENDING_AT_END
462.7,462.8235960024237,,,,PENDING_AT_END
463.04999999999995,463.19867810391736,,,,PENDING_AT_END
463.4,463.4640212448405,,,,PENDING_AT_END
463.74999999999994,464.11256577675005,,,,PENDING_AT_END
464.09999999999997,464.2535723125405,,,,PENDING_AT_END
464.45,464.6881190233674,,,,PENDING_AT_END
464.79999999999995,465.14678568919953,,,,PENDING_AT_END
465.15,465.4063668939259,,,,PENDING_AT_END
465.49999999999994,465.7265428847168,,,,PENDING_AT_END
465.84999999999997,466.2106748177055,,,,PENDING_AT_END
466.2,466.33675913102064,,,,PENDING_AT_END
466.54999999999995,466.9443934702779,,,,PENDING_AT_END
466.9,466.93911556478133,,,,PENDING_AT_END
467.24999999999994,467.3029756342792,,,,PENDING_AT_END
467.59999999999997,467.75820928647016,,,,PENDING_AT_END
467.95,467.98040541023903,,,,PENDING_AT_END
468.29999999999995,468.39163200288965,,,,PENDING_AT_END
468.65,468.8426470320593,,,,PENDING_AT_END
468.99999999999994,469.0928476533965,,,,PENDING_AT_END
469.34999999999997,469.51031290926966,,,,PENDING_AT_END
469.7,470.0776616466747,,,,PENDING_AT_END
470.04999999999995,470.3919883607351,,,,PENDING_AT_END
470.4,470.5096277906699,,,,PENDING_AT_END
470.74999999999994,470.8774007682536,,,,PENDING_AT_END
471.09999999999997,471.36711191789226,,,,PENDING_AT_END
471.45,471.6534783769535,,,,PENDING_AT_END
471.79999999999995,472.16712381660534,,,,PENDING_AT_END
472.15,472.2507498067114,,,,PENDING_AT_END
472.49999999999994,472.5411542472162,,,,PENDING_AT_END
472.84999999999997,473.21228249711356,,,,PENDING_AT_END
473.2,473.4804878086608,,,,PENDING_AT_END
473.54999999999995,473.9061424929523,,,,PENDING_AT_END
473.9,474.07028937673704,,,,PENDING_AT_END
474.24999999999994,474.42942754867266,,,,PENDING_AT_END
474.59999999999997,474.9065810180561,,,,PENDING_AT_END
474.95,474.9605798810855,,,,PENDING_AT_END
475.29999999999995,475.52843275842986,,,,PENDING_AT_END
475.65,475.71333567696763,,,,PENDING_AT_END
475.99999999999994,476.296730678914,,,,PENDING_AT_END
476.34999999999997,476.56321844131463,,,,PENDING_AT_END
476.7,476.8074318775994,,,,PENDING_AT_END
477.04999999999995,477.3998239700121,,,,PENDING_AT_END
477.4,477.508192846361,,,,PENDING_AT_END
477.74999999999994,477.82642074574886,,,,PENDING_AT_END
478.09999999999997,478.38206021519267,,,,PENDING_AT_END
478.45,478.47511783943725,,,,PENDING_AT_END
478.79999999999995,479.0764332956977,,,,PENDING_AT_END
479.15,479.49402393797595,,,,PENDING_AT_END
479.49999999999994,479.64185029271215,,,,PENDING_AT_END
479.84999999999997,479.9771180215301,,,,PENDING_AT_END
480.2,480.3083623117503,,,,PENDING_AT_END
480.54999999999995,480.8379181378242,,,,PENDING_AT_END
480.9,480.9558296057593,,,,PENDING_AT_END
481.24999999999994,481.48275467646073,,,,PENDING_AT_END
481.59999999999997,481.6420269855842,,,,PENDING_AT_END
481.95,482.0451051135844,,,,PENDING_AT_END
482.29999999999995,482.6365264864247,,,,PENDING_AT_END
482.65,482.85696988955544,,,,PENDING_AT_END
482.99999999999994,483.1766466393622,,,,PENDING_AT_END
483.34999999999997,483.7169301587083,,,,PENDING_AT_END
483.7,483.88439819406784,,,,PENDING_AT_END
484.04999999999995,484.10586302358183,,,,PENDING_AT_END
484.4,484.58645510555937,,,,PENDING_AT_END
484.74999999999994,485.13952990212096,,,,PENDING_AT_END
485.09999999999997,485.24974469450837,,,,PENDING_AT_END
485.45,485.7464995987753,,,,PENDING_AT_END
485.79999999999995,486.14398781696343,,,,PENDING_AT_END
486.15,486.2113301693521,,,,PENDING_AT_END
486.49999999999994,486.53736972660334,,,,PENDING_AT_END
486.84999999999997,487.06810247670484,,,,PENDING_AT_END
487.2,487.4832783932049,,,,PENDING_AT_END
487.54999999999995,487.65174893626056,,,,PENDING_AT_END
487.9,488.219158004747,,,,PENDING_AT_END
488.24999999999994,488.37853443235275,,,,PENDING_AT_END
488.59999999999997,488.9727083460679,,,,PENDING_AT_END
488.95,489.2664867702409,,,,PENDING_AT_END
489.29999999999995,489.5362803047309,,,,PENDING_AT_END
489.65,489.94438150801557,,,,PENDING_AT_END
489.99999999999994,490.38765086831864,,,,PENDING_AT_END
490.34999999999997,490.4710044466604,,,,PENDING_AT_END
490.7,490.91709261680575,,,,PENDING_AT_END
491.04999999999995,491.24705526841115,,,,PENDING_AT_END
491.4,491.5725688233754,,,,PENDING_AT_END
491.74999999999994,492.00361894185,,,,PENDING_AT_END
492.09999999999997,492.4318059252934,,,,PENDING_AT_END
492.45,492.52930970776566,,,,PENDING_AT_END
492.79999999999995,492.8835878398437,,,,PENDING_AT_END
493.15,493.24379126357303,,,,PENDING_AT_END
493.49999999999994,493.568062211838,,,,PENDING_AT_END
493.84999999999997,494.08582711215666,,,,PENDING_AT_END
494.2,494.423276008457,,,,PENDING_AT_END
494.54999999999995,494.69171606032626,,,,PENDING_AT_END
494.9,495.04318737647714,,,,PENDING_AT_END
495.24999999999994,495.49700448793993,,,,PENDING_AT_END
495.59999999999997,495.62286391903734,,,,PENDING_AT_END
495.95,496.0861173226454,,,,PENDING_AT_END
496.29999999999995,496.58656465871,,,,PENDING_AT_END
496.65,496.91620486763065,,,,PENDING_AT_END
496.99999999999994,497.3840140027799,,,,PENDING_AT_END
497.34999999999997,497.4599748464147,,,,PENDING_AT_END
497.7,498.0533681646578,,,,PENDING_AT_END
498.04999999999995,498.1834174145357,,,,PENDING_AT_END
498.4,498.6013824724722,,,,PENDING_AT_END
498.74999999999994,499.06375518846295,,,,PENDING_AT_END
499.09999999999997,499.3940963552215,,,,PENDING_AT_END
499.45,499.6621619230273,,,,PENDING_AT_END
499.79999999999995,500.1318169317806,,,,PENDING_AT_END
500.15,500.36659434786975,,,,PENDING_AT_END
500.49999999999994,500.8890642099822,,,,PENDING_AT_END
500.84999999999997,500.978255604802,,,,PENDING_AT_END
501.2,501.3748972466904,,,,PENDING_AT_END
501.54999999999995,501.86749388419935,,,,PENDING_AT_END
501.9,501.95399027289307,,,,PENDING_AT_END
502.24999999999994,502.5654144441243,,,,PENDING_AT_END
502.59999999999997,502.6071957848657,,,,PENDING_AT_END
502.95,503.1531661518399,,,,PENDING_AT_END
503.29999999999995,503.45915943229863,,,,PENDING_AT_END
503.65,503.7001317163064,,,,PENDING_AT_END
503.99999999999994,504.23380042546654,,,,PENDING_AT_END
504.34999999999997,504.4173127006364,,,,PENDING_AT_END
504.7,504.8220574257493,,,,PENDING_AT_END
505.04999999999995,505.13668258745145,,,,PENDING_AT_END
505.4,505.712055783384,,,,PENDING_AT_END
505.74999999999994,506.0999583611454,,,,PENDING_AT_END
506.09999999999997,506.3948455285228,,,,PENDING_AT_END
506.45,506.48206123943845,,,,PENDING_AT_END
506.79999999999995,507.0342408936971,,,,PENDING_AT_END
507.15,507.2175092028243,,,,PENDING_AT_END
507.49999999999994,507.56360959164084,,,,PENDING_AT_END
507.84999999999997,507.9234267618345,,,,PENDING_AT_END
508.2,508.34014522435854,,,,PENDING_AT_END
508.54999999999995,508.85199279518804,,,,PENDING_AT_END
508.9,509.113313454936,,,,PENDING_AT_END
509.24999999999994,509.39106750109585,,,,PENDING_AT_END
509.59999999999997,509.9183257659187,,,,PENDING_AT_END
509.95,510.3235304851401,,,,PENDING_AT_END
510.29999999999995,510.4622940008878,,,,PENDING_AT_END
510.65,510.9527731832353,,,,PENDING_AT_END
510.99999999999994,511.39554282814225,,,,PENDING_AT_END
511.34999999999997,511.5288888519171,,,,PENDING_AT_END
511.7,511.9209882539844,,,,PENDING_AT_END
512.05,512.1254811781316,,,,PENDING_AT_END
512.4,512.7041916169284,,,,PENDING_AT_END
512.75,513.102324754537,,,,PENDING_AT_END
513.1,513.3584476322316,,,,PENDING_AT_END
513.4499999999999,513.4862558688254,,,,PENDING_AT_END
513.8,514.1783055995986,,,,PENDING_AT_END
514.15,514.467167568691,,,,PENDING_AT_END
514.5,514.5982735512318,,,,PENDING_AT_END
514.85,514.9594107868885,,,,PENDING_AT_END
515.1999999999999,515.3149894045881,,,,PENDING_AT_END
515.55,515.779359069988,,,,PENDING_AT_END
515.9,516.1376086593015,,,,PENDING_AT_END
516.25,516.565224403183,,,,PENDING_AT_END
516.6,516.8421938142245,,,,PENDING_AT_END
516.9499999999999,517.212049703054,,,,PENDING_AT_END
517.3,517.4577675973483,,,,PENDING_AT_END
517.65,517.982590111177,,,,PENDING_AT_END
518.0,518.1773536087267,,,,PENDING_AT_END
518.35,518.4037515503463,,,,PENDING_AT_END
518.6999999999999,518.8594007670887,,,,PENDING_AT_END
519.05,519.1549104807334,,,,PENDING_AT_END
519.4,519.7324176606293,,,,PENDING_AT_END
519.75,519.8870764578223,,,,PENDING_AT_END
520.1,520.4356573851484,,,,PENDING_AT_END
520.4499999999999,520.8351492213627,,,,PENDING_AT_END
520.8,520.9445226026485,,,,PENDING_AT_END
521.15,521.2276821231397,,,,PENDING_AT_END
521.5,521.52670132362,,,,PENDING_AT_END
521.85,522.1843815484198,,,,PENDING_AT_END
522.1999999999999,522.4588063628654,,,,PENDING_AT_END
522.55,522.5575052223121,,,,PENDING_AT_END
522.9,522.9926397282317,,,,PENDING_AT_END
523.25,523.2799484701452,,,,PENDING_AT_END
523.6,523.8949295334825,,,,PENDING_AT_END
523.9499999999999,523.9837608771769,,,,PENDING_AT_END
524.3,524.3878424085544,,,,PENDING_AT_END
524.65,524.7982942156881,,,,PENDING_AT_END
525.0,525.0803168789707,,,,PENDING_AT_END
525.35,525.5976747816136,,,,PENDING_AT_END
525.6999999999999,525.7537875120648,,,,PENDING_AT_END
526.05,526.169151451696,,,,PENDING_AT_END
526.4,526.5854721429754,,,,PENDING_AT_END
526.75,526.7847373990703,,,,PENDING_AT_END
527.1,527.3367544955678,,,,PENDING_AT_END
527.4499999999999,527.6029285992746,,,,PENDING_AT_END
527.8,527.8023156097377,,,,PENDING_AT_END
528.15,528.1687107635136,,,,PENDING_AT_END
528.5,528.8860362172761,,,,PENDING_AT_END
528.85,529.2227056936291,,,,PENDING_AT_END
529.1999999999999,529.2574264659328,,,,PENDING_AT_END
529.55,529.7443414141508,,,,PENDING_AT_END
529.9,529.9149087468396,,,,PENDING_AT_END
530.25,530.4099897005588,,,,PENDING_AT_END
530.6,530.7600933108059,,,,PENDING_AT_END
530.9499999999999,531.3193875512035,,,,PENDING_AT_END
531.3,531.5993449193775,,,,PENDING_AT_END
531.65,531.9823813821093,,,,PENDING_AT_END
532.0,532.021957160455,,,,PENDING_AT_END
532.35,532.7402465833305,,,,PENDING_AT_END
532.6999999999999,533.0481233570866,,,,PENDING_AT_END
533.05,533.206368927006,,,,PENDING_AT_END
533.4,533.487355454888,,,,PENDING_AT_END
533.75,533.9602886310613,,,,PENDING_AT_END
534.1,534.4757571797192,,,,PENDING_AT_END
534.4499999999999,534.454129347249,,,,PENDING_AT_END
534.8,535.028977162616,,,,PENDING_AT_END
535.15,535.2413076682777,,,,PENDING_AT_END
535.5,535.5693856602904,,,,PENDING_AT_END
535.85,535.9585507614125,,,,PENDING_AT_END
536.1999999999999,536.2360526873011,,,,PENDING_AT_END
536.55,536.8804649425315,,,,PENDING_AT_END
536.9,537.1636139129001,,,,PENDING_AT_END
537.25,537.5929558760611,,,,PENDING_AT_END
537.5999999999999,537.869318670366,,,,PENDING_AT_END
537.9499999999999,538.0322344004602,,,,PENDING_AT_END
538.3,538.6469386723222,,,,PENDING_AT_END
538.65,538.7292909556226,,,,PENDING_AT_END
539.0,539.1641466382582,,,,PENDING_AT_END
539.3499999999999,539.3549723227111,,,,PENDING_AT_END
539.6999999999999,540.0747426384465,,,,PENDING_AT_END
540.05,540.2968872644274,,,,PENDING_AT_END
540.4,540.5132457158344,,,,PENDING_AT_END
540.75,540.787261393562,,,,PENDING_AT_END
541.0999999999999,541.2741091319908,,,,PENDING_AT_END
541.4499999999999,541.5048867581446,,,,PENDING_AT_END
541.8,541.8800198546512,,,,PENDING_AT_END
542.15,542.1896567117843,,,,PENDING_AT_END
542.5,542.6395864196897,,,,PENDING_AT_END
542.8499999999999,543.2099712753804,,,,PENDING_AT_END
543.1999999999999,543.3150821719058,,,,PENDING_AT_END
543.55,543.9161572746898,,,,PENDING_AT_END
543.9,543.9786509587162,,,,PENDING_AT_END
544.25,544.3214708461282,,,,PENDING_AT_END
544.5999999999999,544.7879473437622,,,,PENDING_AT_END
544.9499999999999,545.3079038720977,,,,PENDING_AT_END
545.3,545.5093435596286,,,,PENDING_AT_END
545.65,545.840643516037,,,,PENDING_AT_END
546.0,546.1680893060395,,,,PENDING_AT_END
546.3499999999999,546.7174345664739,,,,PENDING_AT_END
546.6999999999999,546.7126584304034,,,,PENDING_AT_END
547.05,547.3934612235205,,,,PENDING_AT_END
547.4,547.4833712958992,,,,PENDING_AT_END
547.75,547.8504031437767,,,,PENDING_AT_END
548.0999999999999,548.2169269954563,,,,PENDING_AT_END
548.4499999999999,548.699470275565,,,,PENDING_AT_END
548.8,548.8180011594854,,,,PENDING_AT_END
549.15,549.2609772827626,,,,PENDING_AT_END
549.5,549.67142675164,,,,PENDING_AT_END
549.8499999999999,549.8777845754425,,,,PENDING_AT_END
550.1999999999999,550.331117519314,,,,PENDING_AT_END
550.55,550.6860723498467,,,,PENDING_AT_END
550.9,551.1046388225271,,,,PENDING_AT_END
551.25,551.42655211991,,,,PENDING_AT_END
551.5999999999999,551.9992021622852,,,,PENDING_AT_END
551.9499999999999,552.2843573774284,,,,PENDING_AT_END
552.3,552.497765703856,,,,PENDING_AT_END
552.65,552.8961983131309,,,,PENDING_AT_END
553.0,553.0755142544879,,,,PENDING_AT_END
553.3499999999999,553.4699118933002,,,,PENDING_AT_END
553.6999999999999,553.7731008471286,,,,PENDING_AT_END
554.05,554.4028819238206,,,,PENDING_AT_END
554.4,554.514812453271,,,,PENDING_AT_END
554.75,554.8376770718255,,,,PENDING_AT_END
555.0999999999999,555.2230609812336,,,,PENDING_AT_END
555.4499999999999,555.7585982509473,,,,PENDING_AT_END
555.8,555.8311077647465,,,,PENDING_AT_END
556.15,556.3484841023927,,,,PENDING_AT_END
556.5,556.5876097180505,,,,PENDING_AT_END
556.8499999999999,556.9881401819837,,,,PENDING_AT_END
557.1999999999999,557.5123619178986,,,,PENDING_AT_END
557.55,557.8684522277008,,,,PENDING_AT_END
557.9,558.1003932649609,,,,PENDING_AT_END
558.25,558.4054884719033,,,,PENDING_AT_END
558.5999999999999,558.7022113694209,,,,PENDING_AT_END
558.9499999999999,559.1781090431238,,,,PENDING_AT_END
559.3,559.6989732921445,,,,PENDING_AT_END
559.65,559.7162031184404,,,,PENDING_AT_END
560.0,560.3496585884495,,,,PENDING_AT_END
560.3499999999999,560.659084348488,,,,PENDING_AT_END
560.6999999999999,560.8478892497579,,,,PENDING_AT_END
561.05,561.1401577990605,,,,PENDING_AT_END
561.4,561.7368266783984,,,,PENDING_AT_END
561.75,561.8047261906206,,,,PENDING_AT_END
562.0999999999999,562.3237647639746,,,,PENDING_AT_END
562.4499999999999,562.4665849753643,,,,PENDING_AT_END
562.8,563.075285763942,,,,PENDING_AT_END
563.15,563.2191826409038,,,,PENDING_AT_END
563.5,563.7062870783623,,,,PENDING_AT_END
563.8499999999999,564.1435768833937,,,,PENDING_AT_END
564.1999999999999,564.3064881654476,,,,PENDING_AT_END
564.55,564.8111347824695,,,,PENDING_AT_END
564.9,565.2917011408725,,,,PENDING_AT_END
565.25,565.2512851613631,,,,PENDING_AT_END
565.5999999999999,565.7355614192102,,,,PENDING_AT_END
565.9499999999999,566.1503439243864,,,,PENDING_AT_END
566.3,566.4348864633614,,,,PENDING_AT_END
566.65,567.0042545536547,,,,PENDING_AT_END
567.0,567.1926835171637,,,,PENDING_AT_END
567.3499999999999,567.7274425991413,,,,PENDING_AT_END
567.6999999999999,567.7697524311881,,,,PENDING_AT_END
568.05,568.2063259325209,,,,PENDING_AT_END
568.4,568.5114108509853,,,,PENDING_AT_END
568.75,568.8785148345835,,,,PENDING_AT_END
569.0999999999999,569.3359865504603,,,,PENDING_AT_END
569.4499999999999,569.4564013774253,,,,PENDING_AT_END
569.8,570.119233265616,,,,PENDING_AT_END
570.15,570.3826204203993,,,,PENDING_AT_END
570.5,570.5881498023182,,,,PENDING_AT_END
570.8499999999999,571.0634522082735,,,,PENDING_AT_END
571.1999999999999,571.304740097141,,,,PENDING_AT_END
571.55,571.7209364207085,,,,PENDING_AT_END
571.9,572.021889881756,,,,PENDING_AT_END
572.25,572.5885719884859,,,,PENDING_AT_END
572.5999999999999,572.8540364039259,,,,PENDING_AT_END
572.9499999999999,573.2448156806644,,,,PENDING_AT_END
573.3,573.4174400067989,,,,PENDING_AT_END
573.65,573.832244278506,,,,PENDING_AT_END
574.0,574.382474019845,,,,PENDING_AT_END
574.3499999999999,574.5590201147254,,,,PENDING_AT_END
574.6999999999999,574.8103229469426,,,,PENDING_AT_END
575.05,575.2328145714141,,,,PENDING_AT_END
575.4,575.558471717619,,,,PENDING_AT_END
575.75,575.9000705930064,,,,PENDING_AT_END
576.0999999999999,576.3168928824437,,,,PENDING_AT_END
576.4499999999999,576.630548905859,,,,PENDING_AT_END
576.8,577.0607300787062,,,,PENDING_AT_END
577.15,577.4924556385023,,,,PENDING_AT_END
577.5,577.8513881069887,,,,PENDING_AT_END
577.8499999999999,577.9525628861668,,,,PENDING_AT_END
578.1999999999999,578.3656375373872,,,,PENDING_AT_END
578.55,578.7369415316921,,,,PENDING_AT_END
578.9,579.1717746373321,,,,PENDING_AT_END
579.25,579.4050797782988,,,,PENDING_AT_END
579.5999999999999,579.6935360205296,,,,PENDING_AT_END
579.9499999999999,580.1713810769457,,,,PENDING_AT_END
580.3,580.6236540791431,,,,PENDING_AT_END
580.65,581.035870274252,,,,PENDING_AT_END
581.0,581.0268574248782,,,,PENDING_AT_END
581.3499999999999,581.6136486270932,,,,PENDING_AT_END
581.6999999999999,582.0529072186172,,,,PENDING_AT_END
582.05,582.084851168154,,,,PENDING_AT_END
582.4,582.5491068029895,,,,PENDING_AT_END
582.75,582.9570116780596,,,,PENDING_AT_END
583.0999999999999,583.343571506653,,,,PENDING_AT_END
583.4499999999999,583.4634232280802,,,,PENDING_AT_END
583.8,583.8239241872702,,,,PENDING_AT_END
584.15,584.3311245872836,,,,PENDING_AT_END
584.5,584.8698011240238,,,,PENDING_AT_END
584.8499999999999,584.9167748647237,,,,PENDING_AT_END
585.1999999999999,585.5372493180929,,,,PENDING_AT_END
585.55,585.5544371896299,,,,PENDING_AT_END
585.9,586.1068092772604,,,,PENDING_AT_END
586.25,586.3838086010248,,,,PENDING_AT_END
586.5999999999999,586.879001723094,,,,PENDING_AT_END
586.9499999999999,587.2099248315134,,,,PENDING_AT_END
587.3,587.6350511716666,,,,PENDING_AT_END
587.65,587.8040234983577,,,,PENDING_AT_END
588.0,588.1160223751554,,,,PENDING_AT_END
588.3499999999999,588.4444751571516,,,,PENDING_AT_END
588.6999999999999,588.8647589795377,,,,PENDING_AT_END
589.05,589.4029209745777,,,,PENDING_AT_END
589.4,589.4133064786716,,,,PENDING_AT_END
589.75,590.1097701103583,,,,PENDING_AT_END
590.0999999999999,590.1911574474152,,,,PENDING_AT_END
590.4499999999999,590.5491914613373,,,,PENDING_AT_END
590.8,590.9068036255683,,,,PENDING_AT_END
591.15,591.3199223118785,,,,PENDING_AT_END
591.5,591.7036784209181,,,,PENDING_AT_END
591.8499999999999,591.9345096112104,,,,PENDING_AT_END
592.1999999999999,592.3585432186218,,,,PENDING_AT_END
592.55,592.8078448457718,,,,PENDING_AT_END
592.9,593.1663487619488,,,,PENDING_AT_END
593.25,593.2589012676997,,,,PENDING_AT_END
593.5999999999999,593.7618206068009,,,,PENDING_AT_END
593.9499999999999,594.2303372168286,,,,PENDING_AT_END
594.3,594.6550656077407,,,,PENDING_AT_END
594.65,594.6980971084475,,,,PENDING_AT_END
595.0,595.3732063833941,,,,PENDING_AT_END
595.3499999999999,595.4232145569767,,,,PENDING_AT_END
595.6999999999999,595.7733640087264,,,,PENDING_AT_END
596.05,596.2141250457996,,,,PENDING_AT_END
596.4,596.7430486723046,,,,PENDING_AT_END
596.75,597.1144898223122,,,,PENDING_AT_END
597.0999999999999,597.3569492318666,,,,PENDING_AT_END
597.4499999999999,597.7604406091012,,,,PENDING_AT_END
597.8,598.0457233459238,,,,PENDING_AT_END
598.15,598.458438943362,,,,PENDING_AT_END
598.5,598.6808487847688,,,,PENDING_AT_END
598.8499999999999,599.108817090115,,,,PENDING_AT_END
599.1999999999999,599.3723631630215,,,,PENDING_AT_END
599.55,599.6372119948339,,,,PENDING_AT_END
599.9,600.2039710024877,,,,PENDING_AT_END
600.25,600.5205011117393,,,,PENDING_AT_END
600.5999999999999,600.923335265596,,,,PENDING_AT_END
600.9499999999999,600.9686763327933,,,,PENDING_AT_END
601.3,601.4882912777407,,,,PENDING_AT_END
601.65,601.7320984797853,,,,PENDING_AT_END
602.0,602.165884015573,,,,PENDING_AT_END
602.3499999999999,602.4718719711295,,,,PENDING_AT_END
602.6999999999999,603.0252825920853,,,,PENDING_AT_END
603.05,603.3285502329916,,,,PENDING_AT_END
603.4,603.6774398047265,,,,PENDING_AT_END
603.75,604.0973831857675,,,,PENDING_AT_END
604.0999999999999,604.301486011612,,,,PENDING_AT_END
604.4499999999999,604.6426311462741,,,,PENDING_AT_END
604.8,604.9599219740153,,,,PENDING_AT_END
605.15,605.4467563952322,,,,PENDING_AT_END
605.5,605.6259650433028,,,,PENDING_AT_END
605.8499999999999,606.2477027494838,,,,PENDING_AT_END
606.1999999999999,606.3290611381773,,,,PENDING_AT_END
606.55,606.5587629194374,,,,PENDING_AT_END
606.9,607.168298270216,,,,PENDING_AT_END
607.25,607.3710733251899,,,,PENDING_AT_END
607.5999999999999,607.6552201394409,,,,PENDING_AT_END
607.9499999999999,608.28137432968,,,,PENDING_AT_END
608.3,608.5777877254945,,,,PENDING_AT_END
608.65,608.6734730817747,,,,PENDING_AT_END
609.0,609.2591646786227,,,,PENDING_AT_END
609.3499999999999,609.5744137716965,,,,PENDING_AT_END
609.6999999999999,610.0059976956253,,,,PENDING_AT_END
610.05,610.3559369327954,,,,PENDING_AT_END
610.4,610.6180260177383,,,,PENDING_AT_END
610.75,610.9105890890444,,,,PENDING_AT_END
611.0999999999999,611.3893153978668,,,,PENDING_AT_END
611.4499999999999,611.4618958187315,,,,PENDING_AT_END
611.8,611.9563016629395,,,,PENDING_AT_END
612.15,612.2247276092736,,,,PENDING_AT_END
612.5,612.5244768999892,,,,PENDING_AT_END
612.8499999999999,612.8778912556236,,,,PENDING_AT_END
613.1999999999999,613.50520240713,,,,PENDING_AT_END
613.55,613.781152173671,,,,PENDING_AT_END
613.9,614.2848629286174,,,,PENDING_AT_END
614.25,614.6085254158963,,,,PENDING_AT_END
614.5999999999999,614.6059320136146,,,,PENDING_AT_END
614.9499999999999,615.0266631422743,,,,PENDING_AT_END
615.3,615.6238338010912,,,,PENDING_AT_END
615.65,615.8825417285481,,,,PENDING_AT_END
616.0,616.3066950763373,,,,PENDING_AT_END
616.3499999999999,616.5535880739667,,,,PENDING_AT_END
616.6999999999999,616.9462838741543,,,,PENDING_AT_END
617.05,617.3191615611172,,,,PENDING_AT_END
617.4,617.6266601408016,,,,PENDING_AT_END
617.75,617.9646031139209,,,,PENDING_AT_END
618.0999999999999,618.1638953014926,,,,PENDING_AT_END
618.4499999999999,618.4979992138202,,,,PENDING_AT_END
618.8,618.8615673822721,,,,PENDING_AT_END
619.15,619.430971170434,,,,PENDING_AT_END
619.5,619.8863102015364,,,,PENDING_AT_END
619.8499999999999,620.1577857560039,,,,PENDING_AT_END
620.1999999999999,620.5090460056193,,,,PENDING_AT_END
620.55,620.6433521672,,,,PENDING_AT_END
620.9,620.936174808316,,,,PENDING_AT_END
621.25,621.5450150934291,,,,PENDING_AT_END
621.5999999999999,621.9688219905079,,,,PENDING_AT_END
621.9499999999999,622.1635573846783,,,,PENDING_AT_END
622.3,622.6289434129908,,,,PENDING_AT_END
622.65,622.7731843906962,,,,PENDING_AT_END
623.0,623.1049658094992,,,,PENDING_AT_END
623.3499999999999,623.5120900559045,,,,PENDING_AT_END
623.6999999999999,623.8167746906212,,,,PENDING_AT_END
624.05,624.0620828098245,,,,PENDING_AT_END
624.4,624.6871853193505,,,,PENDING_AT_END
624.75,624.9865433619486,,,,PENDING_AT_END
625.0999999999999,625.3747852979709,,,,PENDING_AT_END
625.4499999999999,625.7159473992418,,,,PENDING_AT_END
625.8,626.1889904585012,,,,PENDING_AT_END
626.15,626.1848392149049,,,,PENDING_AT_END
626.5,626.8084330863876,,,,PENDING_AT_END
626.8499999999999,627.2330565104687,,,,PENDING_AT_END
627.1999999999999,627.3209947576732,,,,PENDING_AT_END
627.55,627.9458268393271,,,,PENDING_AT_END
627.9,628.1406016221414,,,,PENDING_AT_END
628.25,628.2577110740929,,,,PENDING_AT_END
628.5999999999999,628.7129107933008,,,,PENDING_AT_END
628.9499999999999,629.2600349681544,,,,PENDING_AT_END
629.3,629.5441983162711,,,,PENDING_AT_END
629.65,629.8174187166977,,,,PENDING_AT_END
630.0,630.0107136219558,,,,PENDING_AT_END
630.3499999999999,630.5021525430643,,,,PENDING_AT_END
630.6999999999999,630.7718528898462,,,,PENDING_AT_END
631.05,631.2967720906138,,,,PENDING_AT_END
631.4,631.7278104112703,,,,PENDING_AT_END
631.75,631.9256756817992,,,,PENDING_AT_END
632.0999999999999,632.1007967036003,,,,PENDING_AT_END
632.4499999999999,632.5533854186423,,,,PENDING_AT_END
632.8,633.0429032699183,,,,PENDING_AT_END
633.15,633.214962431665,,,,PENDING_AT_END
633.5,633.8997356780517,,,,PENDING_AT_END
633.8499999999999,633.9428001033109,,,,PENDING_AT_END
634.1999999999999,634.5649851128834,,,,PENDING_AT_END
634.55,634.8469996594661,,,,PENDING_AT_END
634.9,635.0111744274458,,,,PENDING_AT_END
635.25,635.5645398773115,,,,PENDING_AT_END
635.5999999999999,635.9246892245242,,,,PENDING_AT_END
635.9499999999999,636.228949892958,,,,PENDING_AT_END
636.3,636.6131240006434,,,,PENDING_AT_END
636.65,636.9274951329181,,,,PENDING_AT_END
637.0,637.3288104168785,,,,PENDING_AT_END
637.3499999999999,637.3801378740843,,,,PENDING_AT_END
637.6999999999999,637.9898716734014,,,,PENDING_AT_END
638.05,638.0946584177443,,,,PENDING_AT_END
638.4,638.5885903909863,,,,PENDING_AT_END
638.75,639.0940129575952,,,,PENDING_AT_END
639.0999999999999,639.1022321533749,,,,PENDING_AT_END
639.4499999999999,639.7036070745495,,,,PENDING_AT_END
639.8,640.1815392632511,,,,PENDING_AT_END
640.15,640.2584317227105,,,,PENDING_AT_END
640.5,640.588717599743,,,,PENDING_AT_END
640.8499999999999,640.8955591122619,,,,PENDING_AT_END
641.1999999999999,641.5532112766658,,,,PENDING_AT_END
641.55,641.7610815750952,,,,PENDING_AT_END
641.9,642.2454789780246,,,,PENDING_AT_END
642.25,642.5534493890493,,,,PENDING_AT_END
642.5999999999999,642.9684554310195,,,,PENDING_AT_END
642.9499999999999,642.9911824595321,,,,PENDING_AT_END
643.3,643.5601965542164,,,,PENDING_AT_END
643.65,643.7510390993431,,,,PENDING_AT_END
644.0,644.3089595186141,,,,PENDING_AT_END
644.3499999999999,644.718403228291,,,,PENDING_AT_END
644.6999999999999,644.9632679109035,,,,PENDING_AT_END
645.05,645.4105010028181,,,,PENDING_AT_END
645.4,645.6616195783346,,,,PENDING_AT_END
645.75,645.7872614482897,,,,PENDING_AT_END
646.0999999999999,646.1005890792599,,,,PENDING_AT_END
646.4499999999999,646.8257929547093,,,,PENDING_AT_END
646.8,647.1098842681836,,,,PENDING_AT_END
647.15,647.1957750573036,,,,PENDING_AT_END
647.5,647.521759685686,,,,PENDING_AT_END
647.8499999999999,648.08963082724,,,,PENDING_AT_END
648.1999999999999,648.2624303681024,,,,PENDING_AT_END
648.55,648.8023243048738,,,,PENDING_AT_END
648.9,648.9170125140139,,,,PENDING_AT_END
649.25,649.6019342006682,,,,PENDING_AT_END
649.5999999999999,649.6814348340961,,,,PENDING_AT_END
649.9499999999999,650.1552709926042,,,,PENDING_AT_END
650.3,650.5157684923156,,,,PENDING_AT_END
650.65,650.8570325542706,,,,PENDING_AT_END
651.0,651.3593016799275,,,,PENDING_AT_END
651.3499999999999,651.7343759204714,,,,PENDING_AT_END
651.6999999999999,651.7262359960504,,,,PENDING_AT_END
652.05,652.1137336117092,,,,PENDING_AT_END
652.4,652.4600890562793,,,,PENDING_AT_END
652.75,652.8162417608519,,,,PENDING_AT_END
653.0999999999999,653.4783476722675,,,,PENDING_AT_END
653.4499999999999,653.6701071148331,,,,PENDING_AT_END
653.8,654.0605127956571,,,,PENDING_AT_END
654.15,654.4581576862812,,,,PENDING_AT_END
654.5,654.8331694313858,,,,PENDING_AT_END
654.8499999999999,655.1869789228635,,,,PENDING_AT_END
655.1999999999999,655.330499591685,,,,PENDING_AT_END
655.55,655.9286105574076,,,,PENDING_AT_END
655.9,656.1642053480465,,,,PENDING_AT_END
656.25,656.2576962216426,,,,PENDING_AT_END
656.5999999999999,656.6589220658432,,,,PENDING_AT_END
656.9499999999999,657.1530569424025,,,,PENDING_AT_END
657.3,657.5317814498123,,,,PENDING_AT_END
657.65,657.7855516253454,,,,PENDING_AT_END
658.0,658.2259787594792,,,,PENDING_AT_END
658.3499999999999,658.6066343744005,,,,PENDING_AT_END
658.6999999999999,658.8867706705074,,,,PENDING_AT_END
659.05,659.1602440330053,,,,PENDING_AT_END
659.4,659.4301047874061,,,,PENDING_AT_END
659.75,659.9659347593849,,,,PENDING_AT_END
660.0999999999999,660.269192939809,,,,PENDING_AT_END
660.4499999999999,660.6869345268173,,,,PENDING_AT_END
660.8,660.8449333093142,,,,PENDING_AT_END
661.15,661.3899363186496,,,,PENDING_AT_END
661.5,661.8577385019805,,,,PENDING_AT_END
661.8499999999999,662.193431824774,,,,PENDING_AT_END
662.1999999999999,662.2685962015383,,,,PENDING_AT_END
662.55,662.7388991427604,,,,PENDING_AT_END
662.9,663.0567652497663,,,,PENDING_AT_END
663.25,663.2562223957702,,,,PENDING_AT_END
663.5999999999999,663.613237445147,,,,PENDING_AT_END
663.9499999999999,664.003387552025,,,,PENDING_AT_END
664.3,664.3066972322467,,,,PENDING_AT_END
664.65,664.8999601755144,,,,PENDING_AT_END
665.0,665.1825157912278,,,,PENDING_AT_END
665.3499999999999,665.604241051547,,,,PENDING_AT_END
665.6999999999999,666.0217858647562,,,,PENDING_AT_END
666.05,666.4477061597192,,,,PENDING_AT_END
666.4,666.5685116922695,,,,PENDING_AT_END
666.75,667.0190071341435,,,,PENDING_AT_END
667.0999999999999,667.452945262982,,,,PENDING_AT_END
667.4499999999999,667.5622444131055,,,,PENDING_AT_END
667.8,667.887336812395,,,,PENDING_AT_END
668.15,668.4712274479713,,,,PENDING_AT_END
668.5,668.652594076485,,,,PENDING_AT_END
668.8499999999999,669.1103842949385,,,,PENDING_AT_END
669.1999999999999,669.4567700095566,,,,PENDING_AT_END
669.55,669.6836031526277,,,,PENDING_AT_END
669.9,670.1087682684673,,,,PENDING_AT_END
670.25,670.57852810286,,,,PENDING_AT_END
670.5999999999999,670.7938211885094,,,,PENDING_AT_END
670.9499999999999,670.9523478719033,,,,PENDING_AT_END
671.3,671.3714570820657,,,,PENDING_AT_END
671.65,671.9443138800453,,,,PENDING_AT_END
672.0,672.1180940383986,,,,PENDING_AT_END
672.3499999999999,672.6147695777727,,,,PENDING_AT_END
672.6999999999999,672.9630998734909,,,,PENDING_AT_END
673.05,673.1693026368687,,,,PENDING_AT_END
673.4,673.6630517777113,,,,PENDING_AT_END
673.75,673.8995739973036,,,,PENDING_AT_END
674.0999999999999,674.2631287413735,,,,PENDING_AT_END
674.4499999999999,674.4574269431399,,,,PENDING_AT_END
674.8,674.8360099105203,,,,PENDING_AT_END
675.15,675.52041342305,,,,PENDING_AT_END
675.5,675.8827297664368,,,,PENDING_AT_END
675.8499999999999,676.0334117393618,,,,PENDING_AT_END
676.1999999999999,676.2994576066998,,,,PENDING_AT_END
676.55,676.6230558441619,,,,PENDING_AT_END
676.9,677.2637890734262,,,,PENDING_AT_END
677.25,677.4779504849057,,,,PENDING_AT_END
677.5999999999999,677.7620276207415,,,,PENDING_AT_END
677.9499999999999,678.2765449581349,,,,PENDING_AT_END
678.3,678.581686383661,,,,PENDING_AT_END
678.65,678.7499702352585,,,,PENDING_AT_END
679.0,679.1506890107662,,,,PENDING_AT_END
679.3499999999999,679.6544180257583,,,,PENDING_AT_END
679.6999999999999,679.700307664668,,,,PENDING_AT_END
680.05,680.4173163227863,,,,PENDING_AT_END
680.4,680.5174575902291,,,,PENDING_AT_END
680.75,680.9001730511136,,,,PENDING_AT_END
681.0999999999999,681.1531830455197,,,,PENDING_AT_END
681.4499999999999,681.7559420463186,,,,PENDING_AT_END
681.8,682.0758823165545,,,,PENDING_AT_END
682.15,682.1668114553448,,,,PENDING_AT_END
682.5,682.6419439233014,,,,PENDING_AT_END
682.8499999999999,683.1293604813936,,,,PENDING_AT_END
683.1999999999999,683.3699657090182,,,,PENDING_AT_END
683.55,683.7504928641138,,,,PENDING_AT_END
683.9,683.931663676202,,,,PENDING_AT_END
684.25,684.4631153876041,,,,PENDING_AT_END
684.5999999999999,684.7758461707524,,,,PENDING_AT_END
684.9499999999999,685.0968866937723,,,,PENDING_AT_END
685.3,685.676652167077,,,,PENDING_AT_END
685.65,685.9218678683527,,,,PENDING_AT_END
686.0,686.3883589185568,,,,PENDING_AT_END
686.3499999999999,686.6994815838339,,,,PENDING_AT_END
686.6999999999999,687.0308276197364,,,,PENDING_AT_END
687.05,687.158790906788,,,,PENDING_AT_END
687.4,687.7508724388446,,,,PENDING_AT_END
687.75,687.9540083186232,,,,PENDING_AT_END
688.0999999999999,688.1587480787005,,,,PENDING_AT_END
688.4499999999999,688.5909112688131,,,,PENDING_AT_END
688.8,689.0867398457824,,,,PENDING_AT_END
689.15,689.3307077765406,,,,PENDING_AT_END
689.5,689.6993651874327,,,,PENDING_AT_END
689.8499999999999,690.0571083050054,,,,PENDING_AT_END
690.1999999999999,690.3105780927511,,,,PENDING_AT_END
690.55,690.8349200767279,,,,PENDING_AT_END
690.9,691.0644455497035,,,,PENDING_AT_END
691.25,691.6496250933337,,,,PENDING_AT_END
691.5999999999999,691.9842920843575,,,,PENDING_AT_END
691.9499999999999,692.0423284334776,,,,PENDING_AT_END
692.3,692.3153761487638,,,,PENDING_AT_END
692.65,692.8112928623162,,,,PENDING_AT_END
693.0,693.1854370850454,,,,PENDING_AT_END
693.3499999999999,693.660185133293,,,,PENDING_AT_END
693.6999999999999,694.0880624012021,,,,PENDING_AT_END
694.05,694.2131010511032,,,,PENDING_AT_END
694.4,694.634122869592,,,,PENDING_AT_END
694.75,694.8017391066933,,,,PENDING_AT_END
695.0999999999999,695.3325907299231,,,,PENDING_AT_END
695.4499999999999,695.676779046108,,,,PENDING_AT_END
695.8,695.9938407479756,,,,PENDING_AT_END
696.15,696.5145484115341,,,,PENDING_AT_END
696.5,696.8549861301976,,,,PENDING_AT_END
696.8499999999999,697.2120317851727,,,,PENDING_AT_END
697.1999999999999,697.2539553783789,,,,PENDING_AT_END
697.55,697.5701990871171,,,,PENDING_AT_END
697.9,698.0026289170563,,,,PENDING_AT_END
698.25,698.491932879461,,,,PENDING_AT_END
698.5999999999999,698.7547806357875,,,,PENDING_AT_END
698.9499999999999,699.0163142262733,,,,PENDING_AT_END
699.3,699.4642915861716,,,,PENDING_AT_END
699.65,699.8979530397916,,,,PENDING_AT_END
700.0,700.0044318538423,,,,PENDING_AT_END
700.3499999999999,700.5167811524811,,,,PENDING_AT_END
700.6999999999999,700.72906858315,,,,PENDING_AT_END
701.05,701.2314819602627,,,,PENDING_AT_END
701.4,701.7725664871012,,,,PENDING_AT_END
701.75,701.9833627534156,,,,PENDING_AT_END
702.0999999999999,702.1707682853612,,,,PENDING_AT_END
702.4499999999999,702.8070161293291,,,,PENDING_AT_END
702.8,702.9507821369477,,,,PENDING_AT_END
703.15,703.5441066908539,,,,PENDING_AT_END
703.5,703.8634724554113,,,,PENDING_AT_END
703.8499999999999,704.2291932123924,,,,PENDING_AT_END
704.1999999999999,704.4629217142495,,,,PENDING_AT_END
704.55,704.6117279725909,,,,PENDING_AT_END
704.9,705.2659252605953,,,,PENDING_AT_END
705.25,705.4912809902164,,,,PENDING_AT_END
705.5999999999999,705.9805396936356,,,,PENDING_AT_END
705.9499999999999,706.1692646391629,,,,PENDING_AT_END
706.3,706.3861344972868,,,,PENDING_AT_END
706.65,706.9505982564475,,,,PENDING_AT_END
707.0,707.2939215406104,,,,PENDING_AT_END
707.3499999999999,707.6960645257607,,,,PENDING_AT_END
707.6999999999999,707.8599268989443,,,,PENDING_AT_END
708.05,708.2559071524859,,,,PENDING_AT_END
708.4,708.6840462252361,,,,PENDING_AT_END
708.75,708.930375923547,,,,PENDING_AT_END
709.0999999999999,709.1749164234761,,,,PENDING_AT_END
709.4499999999999,709.8165458136231,,,,PENDING_AT_END
709.8,709.9735313356291,,,,PENDING_AT_END
710.15,710.2704431507628,,,,PENDING_AT_END
710.5,710.5988236226285,,,,PENDING_AT_END
710.8499999999999,711.0600767468591,,,,PENDING_AT_END
711.1999999999999,711.2195422933197,,,,PENDING_AT_END
711.55,711.9290108468142,,,,PENDING_AT_END
711.9,712.2229917652948,,,,PENDING_AT_END
712.25,712.6080851215363,,,,PENDING_AT_END
712.5999999999999,712.9252393878908,,,,PENDING_AT_END
712.9499999999999,712.9882582584838,,,,PENDING_AT_END
713.3,713.3800568270776,,,,PENDING_AT_END
713.65,713.8611520789444,,,,PENDING_AT_END
714.0,714.0758397578479,,,,PENDING_AT_END
714.3499999999999,714.6557743269188,,,,PENDING_AT_END
714.6999999999999,714.7338551168285,,,,PENDING_AT_END
715.05,715.4464168492736,,,,PENDING_AT_END
715.4,715.5609803736503,,,,PENDING_AT_END
715.75,715.7617323845757,,,,PENDING_AT_END
716.0999999999999,716.4587219270065,,,,PENDING_AT_END
716.4499999999999,716.5658371457381,,,,PENDING_AT_END
716.8,716.8198681373965,,,,PENDING_AT_END
717.15,717.5415554930515,,,,PENDING_AT_END
717.5,717.7793580605578,,,,PENDING_AT_END
717.8499999999999,718.2219784986939,,,,PENDING_AT_END
718.1999999999999,718.2587176407577,,,,PENDING_AT_END
718.55,718.7967758796344,,,,PENDING_AT_END
718.9,719.1987971840616,,,,PENDING_AT_END
719.25,719.2769355116982,,,,PENDING_AT_END
719.5999999999999,719.9169637778548,,,,PENDING_AT_END
719.9499999999999,720.2464764942289,,,,PENDING_AT_END
720.3,720.5645339912976,,,,PENDING_AT_END
720.65,720.9911628277115,,,,PENDING_AT_END
721.0,721.3482860782274,,,,PENDING_AT_END
721.3499999999999,721.6424356756679,,,,PENDING_AT_END
721.6999999999999,721.9256091984233,,,,PENDING_AT_END
722.05,722.137090862693,,,,PENDING_AT_END
722.4,722.4472835094233,,,,PENDING_AT_END
722.75,722.8316500977176,,,,PENDING_AT_END
723.0999999999999,723.4246109592166,,,,PENDING_AT_END
723.4499999999999,723.6482824573558,,,,PENDING_AT_END
723.8,723.8609222975406,,,,PENDING_AT_END
724.15,724.4042271132577,,,,PENDING_AT_END
724.5,724.7174256189767,,,,PENDING_AT_END
724.8499999999999,724.9029581041132,,,,PENDING_AT_END
725.1999999999999,725.4365746903803,,,,PENDING_AT_END
725.55,725.7660584760749,,,,PENDING_AT_END
725.9,726.1577709505774,,,,PENDING_AT_END
726.25,726.5831293006877,,,,PENDING_AT_END
726.5999999999999,726.7534977742944,,,,PENDING_AT_END
726.9499999999999,727.013907559938,,,,PENDING_AT_END
727.3,727.6143617232653,,,,PENDING_AT_END
727.65,728.0259286603251,,,,PENDING_AT_END
728.0,728.0541729280258,,,,PENDING_AT_END
728.3499999999999,728.713436284695,,,,PENDING_AT_END
728.6999999999999,728.8318026084336,,,,PENDING_AT_END
729.05,729.4378483972234,,,,PENDING_AT_END
729.4,729.6595858071784,,,,PENDING_AT_END
729.75,729.7722444817978,,,,PENDING_AT_END
730.0999999999999,730.1730605817841,,,,PENDING_AT_END
730.4499999999999,730.5847334469307,,,,PENDING_AT_END
730.8,730.8928510011165,,,,PENDING_AT_END
731.15,731.3780910817758,,,,PENDING_AT_END
731.5,731.6937917053501,,,,PENDING_AT_END
731.8499999999999,732.0206504596117,,,,PENDING_AT_END
732.1999999999999,732.443452483244,,,,PENDING_AT_END
732.55,732.8701598438688,,,,PENDING_AT_END
732.9,733.148954102228,,,,PENDING_AT_END
733.25,733.3544075118264,,,,PENDING_AT_END
733.5999999999999,733.9622976291787,,,,PENDING_AT_END
733.9499999999999,734.1102715078745,,,,PENDING_AT_END
734.3,734.666149478965,,,,PENDING_AT_END
734.65,734.8773540137414,,,,PENDING_AT_END
