timestamp,gen_time,sel_time,tx_time,rx_time,status
0.0,0.06518200015885345,157.08745159067587,157.08845159067587,157.25845159067586,TX
0.35,0.5739960033030108,159.2762498491602,159.2772498491602,159.4472498491602,TX
0.7,0.8312393423540119,156.28174234482486,156.28274234482487,156.45274234482486,TX
1.0499999999999998,1.3384477999373638,158.0932742962914,158.09427429629142,158.2642742962914,TX
1.4,1.715018985509868,151.92798169972986,151.92898169972986,152.09898169972985,TX
1.75,1.7520227463794074,153.6675119704372,153.6685119704372,153.8385119704372,TX
2.0999999999999996,2.1355837627812466,152.14041193055934,152.14141193055934,152.31141193055933,TX
2.4499999999999997,2.6580682595132274,159.11793882802286,159.11893882802286,159.28893882802285,TX
2.8,3.178127947188657,162.1744107770445,162.1754107770445,162.3454107770445,TX
3.15,3.476730833997459,154.30126555332453,154.30226555332453,154.47226555332452,TX
3.5,3.573107287767284,153.92712038984618,153.92812038984619,154.09812038984617,TX
3.8499999999999996,4.125538922136478,157.59731542538069,157.5983154253807,157.76831542538068,TX
4.199999999999999,4.4868307037729735,160.655992345067,160.656992345067,160.826992345067,TX
4.55,4.646148190170792,159.7894975407621,159.79049754076212,159.9604975407621,TX
4.8999999999999995,4.954499888401286,,,,PENDING_AT_END
5.25,5.417874118901754,,,,PENDING_AT_END
5.6,5.7557944296049985,,,,PENDING_AT_END
5.949999999999999,6.323584155864253,,,,PENDING_AT_END
6.3,6.669678392801381,,,,PENDING_AT_END
6.6499999999999995,6.967936521090356,,,,PENDING_AT_END
7.0,7.149256649631997,,,,PENDING_AT_END
7.35,7.542588129836055,,,,PENDING_AT_END
7.699999999999999,7.723566981513205,,,,PENDING_AT_END
8.049999999999999,8.19057290835074,,,,PENDING_AT_END
8.399999999999999,8.624983306650758,,,,PENDING_AT_END
8.75,9.029205980161006,,,,PENDING_AT_END
9.1,9.479516548094159,,,,PENDING_AT_END
9.45,9.486586729038265,,,,PENDING_AT_END
9.799999999999999,10.02974437884033,,,,PENDING_AT_END
10.149999999999999,10.539889827373699,,,,PENDING_AT_END
10.5,10.744167364174128,,,,PENDING_AT_END
10.85,11.187536202263301,,,,PENDING_AT_END
11.2,11.554363431952186,,,,PENDING_AT_END
11.549999999999999,11.593682920876306,,,,PENDING_AT_END
11.899999999999999,12.2265126456527,,,,PENDING_AT_END
12.25,12.284469459399531,,,,PENDING_AT_END
12.6,12.674371911368977,,,,PENDING_AT_END
12.95,12.982348331056627,,,,PENDING_AT_END
13.299999999999999,13.652044776212035,,,,PENDING_AT_END
13.649999999999999,13.947547269948505,,,,PENDING_AT_END
14.0,14.090965106925381,,,,PENDING_AT_END
14.35,14.67677618522106,,,,PENDING_AT_END
14.7,15.017578036906091,,,,PENDING_AT_END
15.049999999999999,15.071296044650124,,,,PENDING_AT_END
15.399999999999999,15.627804750609886,,,,PENDING_AT_END
15.749999999999998,15.829843828212768,,,,PENDING_AT_END
16.099999999999998,16.113131217546385,,,,PENDING_AT_END
16.45,16.478352069287485,,,,PENDING_AT_END
16.799999999999997,16.97207518694892,,,,PENDING_AT_END
17.15,17.27556404078151,,,,PENDING_AT_END
17.5,17.505882334722884,,,,PENDING_AT_END
17.849999999999998,18.232792441498834,,,,PENDING_AT_END
18.2,18.302570274192245,,,,PENDING_AT_END
18.549999999999997,18.830264424771002,,,,PENDING_AT_END
18.9,19.29518970445885,,,,PENDING_AT_END
19.25,19.284649482003616,,,,PENDING_AT_END
19.599999999999998,19.801672004383807,,,,PENDING_AT_END
19.95,20.264083034730728,,,,PENDING_AT_END
20.299999999999997,20.524709751341867,,,,PENDING_AT_END
20.65,20.780891521868483,,,,PENDING_AT_END
21.0,21.117214227399238,,,,PENDING_AT_END
21.349999999999998,21.674291266935644,,,,PENDING_AT_END
21.7,21.75633969842627,,,,PENDING_AT_END
22.049999999999997,22.27699479020209,,,,PENDING_AT_END
22.4,22.587330086270583,,,,PENDING_AT_END
22.75,22.98723923133413,,,,PENDING_AT_END
23.099999999999998,23.329233739415816,,,,PENDING_AT_END
23.45,23.79608180480439,,,,PENDING_AT_END
23.799999999999997,23.964850006534498,,,,PENDING_AT_END
24.15,24.202602024660045,,,,PENDING_AT_END
24.5,24.60283633553692,,,,PENDING_AT_END
24.849999999999998,25.232619954562832,,,,PENDING_AT_END
25.2,25.506396442996166,,,,PENDING_AT_END
25.549999999999997,25.715367841232812,,,,PENDING_AT_END
25.9,26.193080982828413,,,,PENDING_AT_END
26.25,26.63373446650626,,,,PENDING_AT_END
26.599999999999998,26.91721261358544,,,,PENDING_AT_END
26.95,27.155868160503193,,,,PENDING_AT_END
27.299999999999997,27.356500270895374,,,,PENDING_AT_END
27.65,27.83965396941359,,,,PENDING_AT_END
28.0,28.321909392806454,,,,PENDING_AT_END
28.349999999999998,28.674374716098367,,,,PENDING_AT_END
28.7,28.733056983987144,,,,PENDING_AT_END
29.049999999999997,29.410678612501954,,,,PENDING_AT_END
29.4,29.690141143719693,,,,PENDING_AT_END
29.749999999999996,29.77828929434872,,,,PENDING_AT_END
30.099999999999998,30.203126771248247,,,,PENDING_AT_END
30.45,30.46816157446423,,,,PENDING_AT_END
30.799999999999997,30.940718003435975,,,,PENDING_AT_END
31.15,31.374592136335337,,,,PENDING_AT_END
31.499999999999996,31.744309548745395,,,,PENDING_AT_END
31.849999999999998,31.938711615456942,,,,PENDING_AT_END
32.199999999999996,32.27327035387969,,,,PENDING_AT_END
32.55,32.737308826721915,,,,PENDING_AT_END
32.9,33.0187079674403,,,,PENDING_AT_END
33.25,33.63832808101668,,,,PENDING_AT_END
33.599999999999994,33.91346862253745,,,,PENDING_AT_END
33.949999999999996,34.24134881305677,,,,PENDING_AT_END
34.3,34.47514015810499,,,,PENDING_AT_END
34.65,34.85960716534836,,,,PENDING_AT_END
35.0,35.35252357966857,,,,PENDING_AT_END
35.349999999999994,35.4467826316875,,,,PENDING_AT_END
35.699999999999996,36.048542845005976,,,,PENDING_AT_END
36.05,36.110553572835556,,,,PENDING_AT_END
36.4,36.61197587269687,,,,PENDING_AT_END
36.75,36.91225262839211,,,,PENDING_AT_END
37.099999999999994,37.209203398165144,,,,PENDING_AT_END
37.449999999999996,37.668268008337684,,,,PENDING_AT_END
37.8,37.81556711717049,,,,PENDING_AT_END
38.15,38.32170677020492,,,,PENDING_AT_END
38.5,38.577502455080406,,,,PENDING_AT_END
38.849999999999994,39.069181475696055,,,,PENDING_AT_END
39.199999999999996,39.59589057480617,,,,PENDING_AT_END
39.55,39.94858234897664,,,,PENDING_AT_END
39.9,40.25639830022924,,,,PENDING_AT_END
40.25,40.62237957579477,,,,PENDING_AT_END
40.599999999999994,40.801351929292764,,,,PENDING_AT_END
40.949999999999996,41.168864987205374,,,,PENDING_AT_END
41.3,41.68706920199655,,,,PENDING_AT_END
41.65,41.77716779649318,,,,PENDING_AT_END
42.0,42.09114060217924,,,,PENDING_AT_END
42.349999999999994,42.71845493609129,,,,PENDING_AT_END
42.699999999999996,43.01911745043919,,,,PENDING_AT_END
43.05,43.30224879076793,,,,PENDING_AT_END
43.4,43.73992386251067,,,,PENDING_AT_END
43.75,43.91235687707366,,,,PENDING_AT_END
44.099999999999994,44.15515989822205,,,,PENDING_AT_END
44.449999999999996,44.46897313693419,,,,PENDING_AT_END
44.8,44.93359699861131,,,,PENDING_AT_END
45.15,45.32820643131823,,,,PENDING_AT_END
45.5,45.67773340024654,,,,PENDING_AT_END
45.849999999999994,45.96068008752074,,,,PENDING_AT_END
46.199999999999996,46.220048381070704,,,,PENDING_AT_END
46.55,46.694042433646274,,,,PENDING_AT_END
46.9,47.1479498515593,,,,PENDING_AT_END
47.25,47.390975687146366,,,,PENDING_AT_END
47.599999999999994,47.74568883168972,,,,PENDING_AT_END
47.949999999999996,48.10882635760145,,,,PENDING_AT_END
48.3,48.38239599336556,,,,PENDING_AT_END
48.65,48.72310890474673,,,,PENDING_AT_END
49.0,49.32986077967206,,,,PENDING_AT_END
49.349999999999994,49.58762664805059,,,,PENDING_AT_END
49.699999999999996,49.916336861064785,,,,PENDING_AT_END
50.05,50.18332259923909,,,,PENDING_AT_END
50.4,50.706263909711105,,,,PENDING_AT_END
50.75,50.79285605264457,,,,PENDING_AT_END
51.099999999999994,51.29735380300565,,,,PENDING_AT_END
51.449999999999996,51.72993486913881,,,,PENDING_AT_END
51.8,52.09224794813262,,,,PENDING_AT_END
52.15,52.41643296477232,,,,PENDING_AT_END
52.5,52.74003536433493,,,,PENDING_AT_END
52.849999999999994,53.20579328606597,,,,PENDING_AT_END
53.199999999999996,53.239891949150085,,,,PENDING_AT_END
53.55,53.58333386479849,,,,PENDING_AT_END
53.9,53.9400468244037,,,,PENDING_AT_END
54.25,54.56156367214773,,,,PENDING_AT_END
54.599999999999994,54.976561514699156,,,,PENDING_AT_END
54.949999999999996,54.987901889088825,,,,PENDING_AT_END
55.3,55.694512086172935,,,,PENDING_AT_END
55.65,55.65763864261604,,,,PENDING_AT_END
56.0,56.13141358436775,,,,PENDING_AT_END
56.349999999999994,56.46797277541208,,,,PENDING_AT_END
56.699999999999996,57.07697179152127,,,,PENDING_AT_END
57.05,57.322790865269496,,,,PENDING_AT_END
57.4,57.4215933641396,,,,PENDING_AT_END
57.74999999999999,58.03107887559279,,,,PENDING_AT_END
58.099999999999994,58.167276035648115,,,,PENDING_AT_END
58.449999999999996,58.45951720299161,,,,PENDING_AT_END
58.8,59.086834703746376,,,,PENDING_AT_END
59.15,59.298379614708956,,,,PENDING_AT_END
59.49999999999999,59.59352313672043,,,,PENDING_AT_END
59.849999999999994,60.17702905511831,,,,PENDING_AT_END
60.199999999999996,60.572867012822776,,,,PENDING_AT_END
60.55,60.82945303899197,,,,PENDING_AT_END
60.9,60.93326313103017,,,,PENDING_AT_END
61.24999999999999,61.320850592846305,,,,PENDING_AT_END
61.599999999999994,61.60026001302292,,,,PENDING_AT_END
61.949999999999996,61.98307720025438,,,,PENDING_AT_END
62.3,62.35409326607656,,,,PENDING_AT_END
62.65,62.82509495288466,,,,PENDING_AT_END
62.99999999999999,63.12549880380908,,,,PENDING_AT_END
63.349999999999994,63.66755450040131,,,,PENDING_AT_END
63.699999999999996,63.926356122962666,,,,PENDING_AT_END
64.05,64.39876917589301,,,,PENDING_AT_END
64.39999999999999,64.42380841377549,,,,PENDING_AT_END
64.75,64.81316347080448,,,,PENDING_AT_END
65.1,65.26707230436665,,,,PENDING_AT_END
65.45,65.77498240977418,,,,PENDING_AT_END
65.8,66.16758914306989,,,,PENDING_AT_END
66.14999999999999,66.18157596385332,,,,PENDING_AT_END
66.5,66.54439751904386,,,,PENDING_AT_END
66.85,66.93583951253541,,,,PENDING_AT_END
67.19999999999999,67.48778970220835,,,,PENDING_AT_END
67.55,67.62323711188587,,,,PENDING_AT_END
67.89999999999999,68.25140311523386,,,,PENDING_AT_END
68.25,68.63664496480806,,,,PENDING_AT_END
68.6,68.86187054421421,,,,PENDING_AT_END
68.94999999999999,69.22455744322596,,,,PENDING_AT_END
69.3,69.40385186803387,,,,PENDING_AT_END
69.64999999999999,69.90348660615264,,,,PENDING_AT_END
70.0,70.24705408316785,,,,PENDING_AT_END
70.35,70.36279624831099,,,,PENDING_AT_END
70.69999999999999,70.81300781978317,,,,PENDING_AT_END
71.05,71.4323446566902,,,,PENDING_AT_END
71.39999999999999,71.59692507714,,,,PENDING_AT_END
71.75,72.05599398744982,,,,PENDING_AT_END
72.1,72.38167378959434,,,,PENDING_AT_END
72.44999999999999,72.78780992367604,,,,PENDING_AT_END
72.8,72.9854782360642,,,,PENDING_AT_END
73.14999999999999,73.37029781356308,,,,PENDING_AT_END
73.5,73.87230013118347,,,,PENDING_AT_END
73.85,74.13331879598846,,,,PENDING_AT_END
74.19999999999999,74.43595487676282,,,,PENDING_AT_END
74.55,74.69646299077247,,,,PENDING_AT_END
74.89999999999999,74.91122013304665,,,,PENDING_AT_END
75.25,75.34223984678516,,,,PENDING_AT_END
75.6,75.90039844462046,,,,PENDING_AT_END
75.94999999999999,75.9763051421885,,,,PENDING_AT_END
76.3,76.30388909871151,,,,PENDING_AT_END
76.64999999999999,76.80706816699457,,,,PENDING_AT_END
77.0,77.38295704924326,,,,PENDING_AT_END
77.35,77.59881627922127,,,,PENDING_AT_END
77.69999999999999,78.08793388993757,,,,PENDING_AT_END
78.05,78.35914454079081,,,,PENDING_AT_END
78.39999999999999,78.4048819279768,,,,PENDING_AT_END
78.75,79.02601174979586,,,,PENDING_AT_END
79.1,79.33159128462825,,,,PENDING_AT_END
79.44999999999999,79.4512016781492,,,,PENDING_AT_END
79.8,79.93928392269031,,,,PENDING_AT_END
80.14999999999999,80.52507507214376,,,,PENDING_AT_END
80.5,80.85131475095307,,,,PENDING_AT_END
80.85,81.02136329724075,,,,PENDING_AT_END
81.19999999999999,81.40259291413895,,,,PENDING_AT_END
81.55,81.8294918774733,,,,PENDING_AT_END
81.89999999999999,82.20412683273615,,,,PENDING_AT_END
82.25,82.27576378605369,,,,PENDING_AT_END
82.6,82.81710442692008,,,,PENDING_AT_END
82.94999999999999,83.2007443982763,,,,PENDING_AT_END
83.3,83.66394291250047,,,,PENDING_AT_END
83.64999999999999,84.0321647024792,,,,PENDING_AT_END
84.0,84.39619426028116,,,,PENDING_AT_END
84.35,84.48472429478318,,,,PENDING_AT_END
84.69999999999999,84.94614944939792,,,,PENDING_AT_END
85.05,85.40676275543647,,,,PENDING_AT_END
85.39999999999999,85.78393774195148,,,,PENDING_AT_END
85.75,85.8936696688715,,,,PENDING_AT_END
86.1,86.4039860777558,,,,PENDING_AT_END
86.44999999999999,86.54745239290386,,,,PENDING_AT_END
86.8,86.94951992835409,,,,PENDING_AT_END
87.14999999999999,87.37683288258454,,,,PENDING_AT_END
87.5,87.55860317065031,,,,PENDING_AT_END
87.85,87.99453839477277,,,,PENDING_AT_END
88.19999999999999,88.2282646716632,,,,PENDING_AT_END
88.55,88.57372995140419,,,,PENDING_AT_END
88.89999999999999,89.28550164248612,,,,PENDING_AT_END
89.25,89.47775779348783,,,,PENDING_AT_END
89.6,89.83104361299587,,,,PENDING_AT_END
89.94999999999999,90.20765012806422,,,,PENDING_AT_END
90.3,90.45911338499543,,,,PENDING_AT_END
90.64999999999999,90.8213892666784,,,,PENDING_AT_END
91.0,91.3656028685237,,,,PENDING_AT_END
91.35,91.67969912155718,,,,PENDING_AT_END
91.69999999999999,91.72351592503097,,,,PENDING_AT_END
92.05,92.2686941277589,,,,PENDING_AT_END
92.39999999999999,92.68685152959593,,,,PENDING_AT_END
92.75,92.94100025970567,,,,PENDING_AT_END
93.1,93.11763553255287,,,,PENDING_AT_END
93.44999999999999,93.72818073897193,,,,PENDING_AT_END
93.8,93.8966543644551,,,,PENDING_AT_END
94.14999999999999,94.34159279316948,,,,PENDING_AT_END
94.5,94.60682235269067,,,,PENDING_AT_END
94.85,95.12208723165185,,,,PENDING_AT_END
95.19999999999999,95.48666257825423,,,,PENDING_AT_END
95.55,95.93256666129172,,,,PENDING_AT_END
95.89999999999999,96.1648849433477,,,,PENDING_AT_END
96.25,96.47811039939009,,,,PENDING_AT_END
96.6,96.71559041233883,,,,PENDING_AT_END
96.94999999999999,97.18242126613524,,,,PENDING_AT_END
97.3,97.68527206178472,,,,PENDING_AT_END
97.64999999999999,97.79998745579088,,,,PENDING_AT_END
98.0,98.09001131957922,,,,PENDING_AT_END
98.35,98.35111163375564,,,,PENDING_AT_END
98.69999999999999,98.89631060498499,,,,PENDING_AT_END
99.05,99.20079078006374,,,,PENDING_AT_END
99.39999999999999,99.73922649874244,,,,PENDING_AT_END
99.75,99.81287021438533,,,,PENDING_AT_END
100.1,100.23123669328703,,,,PENDING_AT_END
100.44999999999999,100.53718648302757,,,,PENDING_AT_END
100.8,101.05315324171762,,,,PENDING_AT_END
101.14999999999999,101.48137690726237,,,,PENDING_AT_END
101.5,101.52915141431461,,,,PENDING_AT_END
101.85,101.93500662739683,,,,PENDING_AT_END
102.19999999999999,102.35179317686885,,,,PENDING_AT_END
102.55,102.65204154887799,,,,PENDING_AT_END
102.89999999999999,103.25953757879485,,,,PENDING_AT_END
103.25,103.32345795716606,,,,PENDING_AT_END
103.6,103.64230714577252,,,,PENDING_AT_END
103.94999999999999,104.16489556507696,,,,PENDING_AT_END
104.3,104.37350810045633,,,,PENDING_AT_END
104.64999999999999,104.67445932217758,,,,PENDING_AT_END
105.0,105.07470806438175,,,,PENDING_AT_END
105.35,105.7288099812647,,,,PENDING_AT_END
105.69999999999999,105.98098258012263,,,,PENDING_AT_END
106.05,106.10978065198312,,,,PENDING_AT_END
106.39999999999999,106.71571073002018,,,,PENDING_AT_END
106.75,106.87308610776373,,,,PENDING_AT_END
107.1,107.4424045863606,,,,PENDING_AT_END
107.44999999999999,107.47789760236512,,,,PENDING_AT_END
107.8,108.0948915087803,,,,PENDING_AT_END
108.14999999999999,108.16277931800876,,,,PENDING_AT_END
108.5,108.51593352747904,,,,PENDING_AT_END
108.85,109.2080120858322,,,,PENDING_AT_END
109.19999999999999,109.36870193731465,,,,PENDING_AT_END
109.55,109.82070675804137,,,,PENDING_AT_END
109.89999999999999,110.04246779753053,,,,PENDING_AT_END
110.25,110.25224743973376,,,,PENDING_AT_END
110.6,110.90572217094623,,,,PENDING_AT_END
110.94999999999999,111.16640554534132,,,,PENDING_AT_END
111.3,111.66540979866387,,,,PENDING_AT_END
111.64999999999999,111.85417469815395,,,,PENDING_AT_END
112.0,112.0971902877508,,,,PENDING_AT_END
112.35,112.41058672334671,,,,PENDING_AT_END
112.69999999999999,113.0611411664386,,,,PENDING_AT_END
113.05,113.08535449917325,,,,PENDING_AT_END
113.39999999999999,113.55703283084652,,,,PENDING_AT_END
113.74999999999999,113.83797762034708,,,,PENDING_AT_END
114.1,114.15443243269999,,,,PENDING_AT_END
114.44999999999999,114.82100735606699,,,,PENDING_AT_END
114.8,114.9126359549057,,,,PENDING_AT_END
115.14999999999999,115.42133531372103,,,,PENDING_AT_END
115.49999999999999,115.8830751090505,,,,PENDING_AT_END
115.85,116.21941184673338,,,,PENDING_AT_END
116.19999999999999,116.38261541823769,,,,PENDING_AT_END
116.55,116.85169483684437,,,,PENDING_AT_END
116.89999999999999,117.29840899873547,,,,PENDING_AT_END
117.24999999999999,117.47259342011795,,,,PENDING_AT_END
117.6,117.99280862374016,,,,PENDING_AT_END
117.94999999999999,118.13045904434702,,,,PENDING_AT_END
118.3,118.64288394619702,,,,PENDING_AT_END
118.64999999999999,118.99428150113245,,,,PENDING_AT_END
118.99999999999999,119.03509073606428,,,,PENDING_AT_END
119.35,119.58736763518138,,,,PENDING_AT_END
119.69999999999999,119.93743867805918,,,,PENDING_AT_END
120.05,120.21939909253025,,,,PENDING_AT_END
120.39999999999999,120.46699483810436,,,,PENDING_AT_END
120.74999999999999,120.76857048341911,,,,PENDING_AT_END
121.1,121.4813005025481,,,,PENDING_AT_END
121.44999999999999,121.54610775536023,,,,PENDING_AT_END
121.8,122.06841458619864,,,,PENDING_AT_END
122.14999999999999,122.50292213016503,,,,PENDING_AT_END
122.49999999999999,122.81893580260414,,,,PENDING_AT_END
122.85,123.2038977166838,,,,PENDING_AT_END
123.19999999999999,123.25658612089626,,,,PENDING_AT_END
123.55,123.69801759825266,,,,PENDING_AT_END
123.89999999999999,124.10826430078309,,,,PENDING_AT_END
124.24999999999999,124.2810950733895,,,,PENDING_AT_END
124.6,124.78477749819547,,,,PENDING_AT_END
124.94999999999999,125.13534691897013,,,,PENDING_AT_END
125.3,125.3098656436649,,,,PENDING_AT_END
125.64999999999999,125.8883350942316,,,,PENDING_AT_END
125.99999999999999,126.00043894918956,,,,PENDING_AT_END
126.35,126.52796706591408,,,,PENDING_AT_END
126.69999999999999,126.73633364379748,,,,PENDING_AT_END
127.05,127.18770089996413,,,,PENDING_AT_END
127.39999999999999,127.46484105654254,,,,PENDING_AT_END
127.74999999999999,128.03547770307043,,,,PENDING_AT_END
128.1,128.32029230596456,,,,PENDING_AT_END
128.45,128.5223730182321,,,,PENDING_AT_END
128.79999999999998,128.97257963329676,,,,PENDING_AT_END
129.15,129.53297408571316,,,,PENDING_AT_END
129.5,129.53958986296368,,,,PENDING_AT_END
129.85,130.16810467722414,,,,PENDING_AT_END
130.2,130.49022286135033,,,,PENDING_AT_END
130.54999999999998,130.61836671551325,,,,PENDING_AT_END
130.9,131.04102865727813,,,,PENDING_AT_END
131.25,131.61415430761707,,,,PENDING_AT_END
131.6,131.91427053846266,,,,PENDING_AT_END
131.95,132.15890158883587,,,,PENDING_AT_END
132.29999999999998,132.6639443292881,,,,PENDING_AT_END
132.65,132.9391157597431,,,,PENDING_AT_END
133.0,133.27455818166152,,,,PENDING_AT_END
133.35,133.57621735660572,,,,PENDING_AT_END
133.7,133.87349393995527,,,,PENDING_AT_END
134.04999999999998,134.35912102196235,,,,PENDING_AT_END
134.39999999999998,134.60125315617478,,,,PENDING_AT_END
134.75,134.83457439999438,,,,PENDING_AT_END
135.1,135.2485713521609,,,,PENDING_AT_END
135.45,135.6700952307898,,,,PENDING_AT_END
135.79999999999998,135.83262121299006,,,,PENDING_AT_END
136.14999999999998,136.3854165043852,,,,PENDING_AT_END
136.5,136.62517894079974,,,,PENDING_AT_END
136.85,137.14984986324234,,,,PENDING_AT_END
137.2,137.4761069535399,,,,PENDING_AT_END
137.54999999999998,137.73817807187876,,,,PENDING_AT_END
137.89999999999998,138.1815910836778,,,,PENDING_AT_END
138.25,138.2876785498313,,,,PENDING_AT_END
138.6,138.82240518783559,,,,PENDING_AT_END
138.95,138.96778282734402,,,,PENDING_AT_END
139.29999999999998,139.32013757154468,,,,PENDING_AT_END
139.64999999999998,140.0469661169443,,,,PENDING_AT_END
140.0,140.13586775039784,,,,PENDING_AT_END
140.35,140.44453327202424,,,,PENDING_AT_END
140.7,140.91399120022533,,,,PENDING_AT_END
141.04999999999998,141.37331833451796,,,,PENDING_AT_END
141.39999999999998,141.64154955404422,,,,PENDING_AT_END
141.75,141.8363788904761,,,,PENDING_AT_END
142.1,142.3189955591532,,,,PENDING_AT_END
142.45,142.6001750844975,,,,PENDING_AT_END
142.79999999999998,143.17704193638136,,,,PENDING_AT_END
143.14999999999998,143.35340812775075,,,,PENDING_AT_END
143.5,143.7327537848937,,,,PENDING_AT_END
143.85,144.209685874499,,,,PENDING_AT_END
144.2,144.52148232909758,,,,PENDING_AT_END
144.54999999999998,144.66044438878205,,,,PENDING_AT_END
144.89999999999998,145.28457797134536,,,,PENDING_AT_END
145.25,145.3743966962881,,,,PENDING_AT_END
145.6,145.62136817770406,,,,PENDING_AT_END
145.95,145.98838979302474,,,,PENDING_AT_END
146.29999999999998,146.50556545298727,,,,PENDING_AT_END
146.64999999999998,146.71724854326953,,,,PENDING_AT_END
147.0,147.3015971019172,,,,PENDING_AT_END
147.35,147.4150054305828,,,,PENDING_AT_END
147.7,147.7215897356797,,,,PENDING_AT_END
148.04999999999998,148.27047993604467,,,,PENDING_AT_END
148.39999999999998,148.64601676253835,,,,PENDING_AT_END
148.75,148.96466183104354,,,,PENDING_AT_END
149.1,149.35010882296152,,,,PENDING_AT_END
149.45,149.7854730635267,,,,PENDING_AT_END
149.79999999999998,149.89145538549204,,,,PENDING_AT_END
150.14999999999998,150.41499414427727,,,,PENDING_AT_END
150.5,150.56219482439508,,,,PENDING_AT_END
150.85,150.95078480866155,,,,PENDING_AT_END
151.2,151.31096972310166,,,,PENDING_AT_END
151.54999999999998,151.74490987654744,,,,PENDING_AT_END
151.89999999999998,152.0115044494117,,,,PENDING_AT_END
152.25,152.33456900635701,,,,PENDING_AT_END
152.6,152.6526716379063,,,,PENDING_AT_END
152.95,153.24972242969346,,,,PENDING_AT_END
153.29999999999998,153.50996025129487,,,,PENDING_AT_END
153.64999999999998,153.69388249536166,,,,PENDING_AT_END
154.0,154.1685840725122,,,,PENDING_AT_END
154.35,154.73139452623295,,,,PENDING_AT_END
154.7,154.84396061771292,,,,PENDING_AT_END
155.04999999999998,155.2909773877577,,,,PENDING_AT_END
155.39999999999998,155.47851323396293,,,,PENDING_AT_END
155.75,155.75408315263132,,,,PENDING_AT_END
156.1,156.15061319689667,,,,PENDING_AT_END
156.45,156.70092111150853,,,,PENDING_AT_END
156.79999999999998,156.805218306564,,,,PENDING_AT_END
157.14999999999998,157.1644462723554,,,,PENDING_AT_END
157.5,157.5831430583557,,,,PENDING_AT_END
157.85,157.87028306805192,,,,PENDING_AT_END
158.2,158.57484184716458,,,,PENDING_AT_END
158.54999999999998,158.82835142060893,,,,PENDING_AT_END
158.89999999999998,158.98760700777876,,,,PENDING_AT_END
159.25,159.30248021820364,,,,PENDING_AT_END
159.6,159.88677580785426,,,,PENDING_AT_END
159.95,160.1492108087515,,,,PENDING_AT_END
160.29999999999998,160.6401945946525,,,,PENDING_AT_END
160.64999999999998,160.7008768460019,,,,PENDING_AT_END
161.0,161.350324207852,,,,PENDING_AT_END
161.35,161.44747970215357,,,,PENDING_AT_END
161.7,161.9871409332572,,,,PENDING_AT_END
162.04999999999998,162.06657153337747,,,,PENDING_AT_END
162.39999999999998,162.7107384376505,,,,PENDING_AT_END
162.75,162.8022571101884,,,,PENDING_AT_END
163.1,163.13741482024764,,,,PENDING_AT_END
163.45,163.58418605889779,,,,PENDING_AT_END
163.79999999999998,163.81881393315538,,,,PENDING_AT_END
164.14999999999998,164.25138626216608,,,,PENDING_AT_END
164.5,164.578816580781,,,,PENDING_AT_END
164.85,165.12287277276621,,,,PENDING_AT_END
165.2,165.52995138185452,,,,PENDING_AT_END
165.54999999999998,165.68777373944297,,,,PENDING_AT_END
165.89999999999998,166.21721887765784,,,,PENDING_AT_END
166.25,166.3423236487356,,,,PENDING_AT_END
166.6,166.93127072286595,,,,PENDING_AT_END
166.95,167.13276722270132,,,,PENDING_AT_END
167.29999999999998,167.44234356998763,,,,PENDING_AT_END
167.64999999999998,168.01123734588788,,,,PENDING_AT_END
168.0,168.0383815217349,,,,PENDING_AT_END
168.35,168.5649076289661,,,,PENDING_AT_END
168.7,168.75280766715974,,,,PENDING_AT_END
169.04999999999998,169.07841506506142,,,,PENDING_AT_END
169.39999999999998,169.40916710392162,,,,PENDING_AT_END
169.75,169.81475965079863,,,,PENDING_AT_END
170.1,170.3392859819223,,,,PENDING_AT_END
170.45,170.6162842294056,,,,PENDING_AT_END
170.79999999999998,171.1533841574578,,,,PENDING_AT_END
171.14999999999998,171.42431508892258,,,,PENDING_AT_END
171.5,171.79691854141362,,,,PENDING_AT_END
171.85,172.03787058382792,,,,PENDING_AT_END
172.2,172.3512480433738,,,,PENDING_AT_END
172.54999999999998,172.79324738395476,,,,PENDING_AT_END
172.89999999999998,173.24424024207855,,,,PENDING_AT_END
173.25,173.31364854151616,,,,PENDING_AT_END
173.6,173.89962967323,,,,PENDING_AT_END
173.95,174.16235437160185,,,,PENDING_AT_END
174.29999999999998,174.34773265404735,,,,PENDING_AT_END
174.64999999999998,174.96406327792755,,,,PENDING_AT_END
175.0,175.1054682590006,,,,PENDING_AT_END
175.35,175.68685874332593,,,,PENDING_AT_END
175.7,175.9967496202624,,,,PENDING_AT_END
176.04999999999998,176.37847118459908,,,,PENDING_AT_END
176.39999999999998,176.4267523337009,,,,PENDING_AT_END
176.75,176.90483974931203,,,,PENDING_AT_END
177.1,177.16488094374787,,,,PENDING_AT_END
177.45,177.67699563527452,,,,PENDING_AT_END
177.79999999999998,178.12058337589687,,,,PENDING_AT_END
178.14999999999998,178.23120962363146,,,,PENDING_AT_END
178.5,178.5474061769837,,,,PENDING_AT_END
178.85,179.04473915104265,,,,PENDING_AT_END
179.2,179.40043488459548,,,,PENDING_AT_END
179.54999999999998,179.69675699593384,,,,PENDING_AT_END
179.89999999999998,180.12287201847073,,,,PENDING_AT_END
180.25,180.39742976119766,,,,PENDING_AT_END
180.6,180.93649542456174,,,,PENDING_AT_END
180.95,181.2865738420776,,,,PENDING_AT_END
181.29999999999998,181.6629644703664,,,,PENDING_AT_END
181.64999999999998,181.83420183048855,,,,PENDING_AT_END
182.0,182.30125716888017,,,,PENDING_AT_END
182.35,182.7063698948639,,,,PENDING_AT_END
182.7,182.8532658852156,,,,PENDING_AT_END
183.04999999999998,183.33017048357127,,,,PENDING_AT_END
183.39999999999998,183.7719446216612,,,,PENDING_AT_END
183.75,183.7836450683186,,,,PENDING_AT_END
184.1,184.30485799552255,,,,PENDING_AT_END
184.45,184.60748655605926,,,,PENDING_AT_END
184.79999999999998,184.94466820079217,,,,PENDING_AT_END
185.14999999999998,185.27127867812277,,,,PENDING_AT_END
185.5,185.6147758894527,,,,PENDING_AT_END
185.85,186.15522682602173,,,,PENDING_AT_END
186.2,186.30189428717046,,,,PENDING_AT_END
186.54999999999998,186.81241083453946,,,,PENDING_AT_END
186.89999999999998,187.07639010836277,,,,PENDING_AT_END
187.25,187.4225940716014,,,,PENDING_AT_END
187.6,187.9918786263357,,,,PENDING_AT_END
187.95,188.22394312413383,,,,PENDING_AT_END
188.29999999999998,188.54186366429988,,,,PENDING_AT_END
188.64999999999998,188.72542580579898,,,,PENDING_AT_END
189.0,189.08988789191113,,,,PENDING_AT_END
189.35,189.51673290533958,,,,PENDING_AT_END
189.7,189.7034144559571,,,,PENDING_AT_END
190.04999999999998,190.308889292492,,,,PENDING_AT_END
190.39999999999998,190.5507715260007,,,,PENDING_AT_END
190.75,190.9314461356097,,,,PENDING_AT_END
191.1,191.1517903084949,,,,PENDING_AT_END
191.45,191.5175773214857,,,,PENDING_AT_END
191.79999999999998,191.85387585292412,,,,PENDING_AT_END
192.14999999999998,192.5028256798804,,,,PENDING_AT_END
192.5,192.54698845770497,,,,PENDING_AT_END
192.85,192.9682070850392,,,,PENDING_AT_END
193.2,193.25874322132984,,,,PENDING_AT_END
193.54999999999998,193.6365768575246,,,,PENDING_AT_END
193.89999999999998,194.06437426407774,,,,PENDING_AT_END
194.25,194.30497817373168,,,,PENDING_AT_END
194.6,194.93149945956125,,,,PENDING_AT_END
194.95,195.0874090669776,,,,PENDING_AT_END
195.29999999999998,195.5618184106195,,,,PENDING_AT_END
195.64999999999998,195.9281705359237,,,,PENDING_AT_END
196.0,196.10662202141737,,,,PENDING_AT_END
196.35,196.41052223176186,,,,PENDING_AT_END
196.7,196.97167112086618,,,,PENDING_AT_END
197.04999999999998,197.3900601432122,,,,PENDING_AT_END
197.39999999999998,197.65449288751563,,,,PENDING_AT_END
197.75,198.13198391210824,,,,PENDING_AT_END
198.1,198.31352037708447,,,,PENDING_AT_END
198.45,198.64719692453485,,,,PENDING_AT_END
198.79999999999998,199.19453147230777,,,,PENDING_AT_END
199.14999999999998,199.53014840390455,,,,PENDING_AT_END
199.5,199.7470797005239,,,,PENDING_AT_END
199.85,200.14596211797826,,,,PENDING_AT_END
200.2,200.5721220624672,,,,PENDING_AT_END
200.54999999999998,200.60900756311256,,,,PENDING_AT_END
200.89999999999998,200.99604083217486,,,,PENDING_AT_END
201.25,201.37445396157335,,,,PENDING_AT_END
201.6,201.92826424453025,,,,PENDING_AT_END
201.95,201.98385415571335,,,,PENDING_AT_END
202.29999999999998,202.54031405321027,,,,PENDING_AT_END
202.64999999999998,202.92307931298097,,,,PENDING_AT_END
203.0,203.1054678863901,,,,PENDING_AT_END
203.35,203.43040527868183,,,,PENDING_AT_END
203.7,203.83553419055045,,,,PENDING_AT_END
204.04999999999998,204.1457687762003,,,,PENDING_AT_END
204.39999999999998,204.45359116113235,,,,PENDING_AT_END
204.75,205.13627750266318,,,,PENDING_AT_END
205.1,205.4957295604996,,,,PENDING_AT_END
205.45,205.82889388042963,,,,PENDING_AT_END
205.79999999999998,206.18964332627652,,,,PENDING_AT_END
206.14999999999998,206.2246635970144,,,,PENDING_AT_END
206.5,206.6462533195815,,,,PENDING_AT_END
206.85,206.8730412762304,,,,PENDING_AT_END
207.2,207.41265150080875,,,,PENDING_AT_END
207.54999999999998,207.639965138571,,,,PENDING_AT_END
207.89999999999998,208.00429681822425,,,,PENDING_AT_END
208.25,208.33092275246787,,,,PENDING_AT_END
208.6,208.92609460960247,,,,PENDING_AT_END
208.95,209.27356672492482,,,,PENDING_AT_END
209.29999999999998,209.39635425233107,,,,PENDING_AT_END
209.64999999999998,209.68147423179863,,,,PENDING_AT_END
210.0,210.3337815325434,,,,PENDING_AT_END
210.35,210.68933579524892,,,,PENDING_AT_END
210.7,210.91160079985707,,,,PENDING_AT_END
211.04999999999998,211.21226711579558,,,,PENDING_AT_END
211.39999999999998,211.54954482013028,,,,PENDING_AT_END
211.75,212.03750718911613,,,,PENDING_AT_END
212.1,212.2479179735886,,,,PENDING_AT_END
212.45,212.63676179283368,,,,PENDING_AT_END
212.79999999999998,213.09110568282128,,,,PENDING_AT_END
213.14999999999998,213.51645504143784,,,,PENDING_AT_END
213.5,213.7254861941193,,,,PENDING_AT_END
213.85,213.95742519646697,,,,PENDING_AT_END
214.2,214.33233006833808,,,,PENDING_AT_END
214.54999999999998,214.73141256392412,,,,PENDING_AT_END
214.89999999999998,215.1347306064132,,,,PENDING_AT_END
215.25,215.60796579635308,,,,PENDING_AT_END
215.6,215.91899505254733,,,,PENDING_AT_END
215.95,216.05730046546978,,,,PENDING_AT_END
216.29999999999998,216.60883547348598,,,,PENDING_AT_END
216.64999999999998,217.0105951127892,,,,PENDING_AT_END
217.0,217.25429113309235,,,,PENDING_AT_END
217.35,217.72879577636527,,,,PENDING_AT_END
217.7,217.84419704367832,,,,PENDING_AT_END
218.04999999999998,218.14597166608743,,,,PENDING_AT_END
218.39999999999998,218.54828753043506,,,,PENDING_AT_END
218.75,218.93887525496223,,,,PENDING_AT_END
219.1,219.44289853951588,,,,PENDING_AT_END
219.45,219.60721098597838,,,,PENDING_AT_END
219.79999999999998,220.17247732200659,,,,PENDING_AT_END
220.14999999999998,220.3878588938025,,,,PENDING_AT_END
220.5,220.70111590141744,,,,PENDING_AT_END
220.85,221.23491005243923,,,,PENDING_AT_END
221.2,221.22543285617502,,,,PENDING_AT_END
221.54999999999998,221.63344869585617,,,,PENDING_AT_END
221.89999999999998,222.01214287914775,,,,PENDING_AT_END
222.25,222.28163146131362,,,,PENDING_AT_END
222.6,222.73730301942092,,,,PENDING_AT_END
222.95,223.09797563559448,,,,PENDING_AT_END
223.29999999999998,223.5141945710711,,,,PENDING_AT_END
223.64999999999998,224.0133034914968,,,,PENDING_AT_END
224.0,224.2290746102692,,,,PENDING_AT_END
224.35,224.72011721384158,,,,PENDING_AT_END
224.7,225.0747385997126,,,,PENDING_AT_END
225.04999999999998,225.41682601255147,,,,PENDING_AT_END
225.39999999999998,225.52253979893936,,,,PENDING_AT_END
225.74999999999997,225.78501534406766,,,,PENDING_AT_END
226.1,226.23667619581627,,,,PENDING_AT_END
226.45,226.75416712879866,,,,PENDING_AT_END
226.79999999999998,227.0383778188902,,,,PENDING_AT_END
227.14999999999998,227.2792386018828,,,,PENDING_AT_END
227.49999999999997,227.87598055413727,,,,PENDING_AT_END
227.85,228.08028663212443,,,,PENDING_AT_END
228.2,228.3588299551668,,,,PENDING_AT_END
228.54999999999998,228.88769579960908,,,,PENDING_AT_END
228.89999999999998,228.97268954251064,,,,PENDING_AT_END
229.24999999999997,229.59137942469906,,,,PENDING_AT_END
229.6,229.69581165019733,,,,PENDING_AT_END
229.95,230.1312801327411,,,,PENDING_AT_END
230.29999999999998,230.69233496271423,,,,PENDING_AT_END
230.64999999999998,230.70468354594584,,,,PENDING_AT_END
230.99999999999997,231.14717709057604,,,,PENDING_AT_END
231.35,231.6369617867127,,,,PENDING_AT_END
231.7,232.09491965210037,,,,PENDING_AT_END
232.04999999999998,232.1562780355858,,,,PENDING_AT_END
232.39999999999998,232.5539223853425,,,,PENDING_AT_END
232.74999999999997,233.12325007263908,,,,PENDING_AT_END
233.1,233.21436609045455,,,,PENDING_AT_END
233.45,233.8490784992805,,,,PENDING_AT_END
233.79999999999998,234.18146277744998,,,,PENDING_AT_END
234.14999999999998,234.41026606125968,,,,PENDING_AT_END
234.49999999999997,234.73340848444522,,,,PENDING_AT_END
234.85,234.9491249495525,,,,PENDING_AT_END
235.2,235.55890424894517,,,,PENDING_AT_END
235.54999999999998,235.9263834548457,,,,PENDING_AT_END
235.89999999999998,236.22663120662077,,,,PENDING_AT_END
236.24999999999997,236.37039897077304,,,,PENDING_AT_END
236.6,236.72669395472448,,,,PENDING_AT_END
236.95,237.0735785073444,,,,PENDING_AT_END
237.29999999999998,237.5873577291059,,,,PENDING_AT_END
237.64999999999998,237.6723346157455,,,,PENDING_AT_END
237.99999999999997,238.2266284984727,,,,PENDING_AT_END
238.35,238.43800428705745,,,,PENDING_AT_END
238.7,239.00812795596687,,,,PENDING_AT_END
239.04999999999998,239.14040218920778,,,,PENDING_AT_END
239.39999999999998,239.7844202217682,,,,PENDING_AT_END
239.74999999999997,240.0222678479661,,,,PENDING_AT_END
240.1,240.10722878882282,,,,PENDING_AT_END
240.45,240.66366316272502,,,,PENDING_AT_END
240.79999999999998,241.07450337627787,,,,PENDING_AT_END
241.14999999999998,241.19879276900195,,,,PENDING_AT_END
241.49999999999997,241.8760586724604,,,,PENDING_AT_END
241.85,242.1787806551345,,,,PENDING_AT_END
242.2,242.56790101875964,,,,PENDING_AT_END
242.54999999999998,242.60683549920296,,,,PENDING_AT_END
242.89999999999998,242.9480989011508,,,,PENDING_AT_END
243.24999999999997,243.3973441354331,,,,PENDING_AT_END
243.6,243.81959311797212,,,,PENDING_AT_END
243.95,243.98695123468679,,,,PENDING_AT_END
244.29999999999998,244.67301280068452,,,,PENDING_AT_END
244.64999999999998,244.7623405287216,,,,PENDING_AT_END
244.99999999999997,245.06256736579272,,,,PENDING_AT_END
245.35,245.49509924297226,,,,PENDING_AT_END
245.7,246.08778440552334,,,,PENDING_AT_END
246.04999999999998,246.16174406033494,,,,PENDING_AT_END
246.39999999999998,246.75850446574754,,,,PENDING_AT_END
246.74999999999997,246.92317822840565,,,,PENDING_AT_END
247.1,247.46233742387736,,,,PENDING_AT_END
247.45,247.76900419134097,,,,PENDING_AT_END
247.79999999999998,247.90390463551003,,,,PENDING_AT_END
248.14999999999998,248.48765661323148,,,,PENDING_AT_END
248.49999999999997,248.7601947393724,,,,PENDING_AT_END
248.85,249.12148504405636,,,,PENDING_AT_END
249.2,249.21944377157814,,,,PENDING_AT_END
249.54999999999998,249.7488880342066,,,,PENDING_AT_END
249.89999999999998,250.1571263252642,,,,PENDING_AT_END
250.24999999999997,250.3154402579954,,,,PENDING_AT_END
250.6,250.85924189965058,,,,PENDING_AT_END
250.95,251.27634715341537,,,,PENDING_AT_END
251.29999999999998,251.31012602952566,,,,PENDING_AT_END
251.64999999999998,251.86161470535671,,,,PENDING_AT_END
251.99999999999997,252.31865305406282,,,,PENDING_AT_END
252.35,252.7001248322188,,,,PENDING_AT_END
252.7,253.02814231558915,,,,PENDING_AT_END
253.04999999999998,253.1390257594136,,,,PENDING_AT_END
253.39999999999998,253.5778838290655,,,,PENDING_AT_END
253.74999999999997,253.93118653932825,,,,PENDING_AT_END
254.1,254.33092188665265,,,,PENDING_AT_END
254.45,254.61012200022327,,,,PENDING_AT_END
254.79999999999998,254.92956552030662,,,,PENDING_AT_END
255.14999999999998,255.2253201103061,,,,PENDING_AT_END
255.49999999999997,255.68721223176536,,,,PENDING_AT_END
255.85,255.89459004783228,,,,PENDING_AT_END
256.2,256.56441069561816,,,,PENDING_AT_END
256.55,256.8082821989877,,,,PENDING_AT_END
256.9,256.91865653671323,,,,PENDING_AT_END
257.25,257.5552768487612,,,,PENDING_AT_END
257.59999999999997,257.88010638462634,,,,PENDING_AT_END
257.95,258.2761164371744,,,,PENDING_AT_END
258.3,258.62546855938234,,,,PENDING_AT_END
258.65,259.02297161083516,,,,PENDING_AT_END
259.0,259.0251527220744,,,,PENDING_AT_END
259.34999999999997,259.7210286287547,,,,PENDING_AT_END
259.7,259.84699505664554,,,,PENDING_AT_END
260.05,260.3096308634255,,,,PENDING_AT_END
260.4,260.66331411893395,,,,PENDING_AT_END
260.75,260.76825211356993,,,,PENDING_AT_END
261.09999999999997,261.1101268974565,,,,PENDING_AT_END
261.45,261.51079322541904,,,,PENDING_AT_END
261.8,262.14253394509086,,,,PENDING_AT_END
262.15,262.2212725601479,,,,PENDING_AT_END
262.5,262.551209426122,,,,PENDING_AT_END
262.84999999999997,262.9736755078623,,,,PENDING_AT_END
263.2,263.32791544337005,,,,PENDING_AT_END
263.55,263.81502722754084,,,,PENDING_AT_END
263.9,264.278145215496,,,,PENDING_AT_END
264.25,264.2979660374684,,,,PENDING_AT_END
264.59999999999997,264.61058790267765,,,,PENDING_AT_END
264.95,265.07044956751673,,,,PENDING_AT_END
265.3,265.6870638208797,,,,PENDING_AT_END
265.65,265.9269198858492,,,,PENDING_AT_END
266.0,266.04936715891733,,,,PENDING_AT_END
266.34999999999997,266.71738921468733,,,,PENDING_AT_END
266.7,267.0052255314528,,,,PENDING_AT_END
267.05,267.26163463832773,,,,PENDING_AT_END
267.4,267.651018609685,,,,PENDING_AT_END
267.75,267.7847378387879,,,,PENDING_AT_END
268.09999999999997,268.49738183964627,,,,PENDING_AT_END
268.45,268.8133732468935,,,,PENDING_AT_END
268.79999999999995,268.8793837938357,,,,PENDING_AT_END
269.15,269.22924624198106,,,,PENDING_AT_END
269.5,269.7489737491186,,,,PENDING_AT_END
269.84999999999997,269.99042577060817,,,,PENDING_AT_END
270.2,270.2616698787155,,,,PENDING_AT_END
270.54999999999995,270.8602261793337,,,,PENDING_AT_END
270.9,270.97040410311956,,,,PENDING_AT_END
271.25,271.5383383364284,,,,PENDING_AT_END
271.59999999999997,271.84037321998136,,,,PENDING_AT_END
271.95,272.02459481232046,,,,PENDING_AT_END
272.29999999999995,272.5905017394756,,,,PENDING_AT_END
272.65,272.9923780783553,,,,PENDING_AT_END
273.0,273.31363721265234,,,,PENDING_AT_END
273.34999999999997,273.4875877592796,,,,PENDING_AT_END
273.7,273.9876545976803,,,,PENDING_AT_END
274.04999999999995,274.4365440834026,,,,PENDING_AT_END
274.4,274.5408995563604,,,,PENDING_AT_END
274.75,275.1073005254859,,,,PENDING_AT_END
275.09999999999997,275.36370955313106,,,,PENDING_AT_END
275.45,275.5352834609435,,,,PENDING_AT_END
275.79999999999995,275.8938525144706,,,,PENDING_AT_END
276.15,276.2175903831445,,,,PENDING_AT_END
276.5,276.7559746524489,,,,PENDING_AT_END
276.84999999999997,277.15834312979774,,,,PENDING_AT_END
277.2,277.37707757719403,,,,PENDING_AT_END
277.54999999999995,277.8297242063759,,,,PENDING_AT_END
277.9,277.97604164449456,,,,PENDING_AT_END
278.25,278.45888498605314,,,,PENDING_AT_END
278.59999999999997,278.8431694870421,,,,PENDING_AT_END
278.95,278.95056966926853,,,,PENDING_AT_END
279.29999999999995,279.4454362298633,,,,PENDING_AT_END
279.65,279.83947256711474,,,,PENDING_AT_END
280.0,280.27739709564537,,,,PENDING_AT_END
280.34999999999997,280.70776078039916,,,,PENDING_AT_END
280.7,281.032638660735,,,,PENDING_AT_END
281.04999999999995,281.3627434800685,,,,PENDING_AT_END
281.4,281.49020073750376,,,,PENDING_AT_END
281.75,281.8406548691488,,,,PENDING_AT_END
282.09999999999997,282.27072859134404,,,,PENDING_AT_END
282.45,282.65291036173704,,,,PENDING_AT_END
282.79999999999995,283.1887971491657,,,,PENDING_AT_END
283.15,283.3378169727239,,,,PENDING_AT_END
283.5,283.5366552141529,,,,PENDING_AT_END
283.84999999999997,283.86958197221526,,,,PENDING_AT_END
284.2,284.59044926899406,,,,PENDING_AT_END
284.54999999999995,284.568224670027,,,,PENDING_AT_END
284.9,284.974975020853,,,,PENDING_AT_END
285.25,285.49285371749943,,,,PENDING_AT_END
285.59999999999997,285.915164878844,,,,PENDING_AT_END
285.95,285.9983172677889,,,,PENDING_AT_END
286.29999999999995,286.50226655544907,,,,PENDING_AT_END
286.65,286.71335796961114,,,,PENDING_AT_END
287.0,287.34141605854006,,,,PENDING_AT_END
287.34999999999997,287.5024531931834,,,,PENDING_AT_END
287.7,287.73946811561035,,,,PENDING_AT_END
288.04999999999995,288.24655687846143,,,,PENDING_AT_END
288.4,288.46238836764223,,,,PENDING_AT_END
288.75,288.78991067217055,,,,PENDING_AT_END
289.09999999999997,289.3579224641481,,,,PENDING_AT_END
289.45,289.83086008078936,,,,PENDING_AT_END
289.79999999999995,290.19219362304693,,,,PENDING_AT_END
290.15,290.2389045503526,,,,PENDING_AT_END
290.5,290.88509833979094,,,,PENDING_AT_END
290.84999999999997,291.1211083637482,,,,PENDING_AT_END
291.2,291.45284800518124,,,,PENDING_AT_END
291.54999999999995,291.62315400155205,,,,PENDING_AT_END
291.9,291.93585622597834,,,,PENDING_AT_END
292.25,292.5936120584398,,,,PENDING_AT_END
292.59999999999997,292.86648825643584,,,,PENDING_AT_END
292.95,293.286725806088,,,,PENDING_AT_END
293.29999999999995,293.473896720776,,,,PENDING_AT_END
293.65,293.93298058736934,,,,PENDING_AT_END
294.0,294.1048553482715,,,,PENDING_AT_END
294.34999999999997,294.6938117154189,,,,PENDING_AT_END
294.7,295.0117402803973,,,,PENDING_AT_END
295.04999999999995,295.2413905477532,,,,PENDING_AT_END
295.4,295.52972473932095,,,,PENDING_AT_END
295.75,296.0515006609638,,,,PENDING_AT_END
296.09999999999997,296.152409652308,,,,PENDING_AT_END
296.45,296.5339280753722,,,,PENDING_AT_END
296.79999999999995,297.1879458277349,,,,PENDING_AT_END
297.15,297.23667637700487,,,,PENDING_AT_END
297.5,297.77634066934127,,,,PENDING_AT_END
297.84999999999997,297.91110650641207,,,,PENDING_AT_END
298.2,298.58091361570774,,,,PENDING_AT_END
298.54999999999995,298.91785705897826,,,,PENDING_AT_END
298.9,299.1033433080222,,,,PENDING_AT_END
299.25,299.5038961741511,,,,PENDING_AT_END
299.59999999999997,299.9017525273783,,,,PENDING_AT_END
299.95,300.0668147690706,,,,PENDING_AT_END
300.29999999999995,300.6988553111373,,,,PENDING_AT_END
300.65,300.78844244647087,,,,PENDING_AT_END
301.0,301.396155812354,,,,PENDING_AT_END
301.34999999999997,301.6932257346528,,,,PENDING_AT_END
301.7,301.92642940924844,,,,PENDING_AT_END
302.04999999999995,302.3369419628849,,,,PENDING_AT_END
302.4,302.66600162086127,,,,PENDING_AT_END
302.75,303.0241312314014,,,,PENDING_AT_END
303.09999999999997,303.4440929477934,,,,PENDING_AT_END
303.45,303.52145528416116,,,,PENDING_AT_END
303.79999999999995,304.18334172473465,,,,PENDING_AT_END
304.15,304.3120109500204,,,,PENDING_AT_END
304.5,304.6508107757063,,,,PENDING_AT_END
304.84999999999997,305.1784211542857,,,,PENDING_AT_END
305.2,305.4471729725388,,,,PENDING_AT_END
305.54999999999995,305.9472232322023,,,,PENDING_AT_END
305.9,305.98442541471593,,,,PENDING_AT_END
306.25,306.5124358864108,,,,PENDING_AT_END
306.59999999999997,306.96008727070574,,,,PENDING_AT_END
306.95,307.0468972677979,,,,PENDING_AT_END
307.29999999999995,307.65883553515494,,,,PENDING_AT_END
307.65,307.9661423168244,,,,PENDING_AT_END
308.0,308.19151538272047,,,,PENDING_AT_END
308.34999999999997,308.66949521376085,,,,PENDING_AT_END
308.7,308.72666763918124,,,,PENDING_AT_END
309.04999999999995,309.3091017160258,,,,PENDING_AT_END
309.4,309.61262905614205,,,,PENDING_AT_END
309.75,309.8586224090958,,,,PENDING_AT_END
310.09999999999997,310.373469682911,,,,PENDING_AT_END
310.45,310.64671052180466,,,,PENDING_AT_END
310.79999999999995,310.8418165559401,,,,PENDING_AT_END
311.15,311.2445259034821,,,,PENDING_AT_END
311.5,311.69422673186364,,,,PENDING_AT_END
311.84999999999997,311.9761021233473,,,,PENDING_AT_END
312.2,312.5427087413039,,,,PENDING_AT_END
312.54999999999995,312.92991115839743,,,,PENDING_AT_END
312.9,313.2088680837214,,,,PENDING_AT_END
313.25,313.51128046381973,,,,PENDING_AT_END
313.59999999999997,313.7295835469618,,,,PENDING_AT_END
313.95,313.9554208215728,,,,PENDING_AT_END
314.29999999999995,314.5639965357534,,,,PENDING_AT_END
314.65,314.73790061704744,,,,PENDING_AT_END
315.0,315.15414671353847,,,,PENDING_AT_END
315.34999999999997,315.51051705378615,,,,PENDING_AT_END
315.7,315.72293276938416,,,,PENDING_AT_END
316.04999999999995,316.3638180324042,,,,PENDING_AT_END
316.4,316.6655880790928,,,,PENDING_AT_END
316.75,316.841695441517,,,,PENDING_AT_END
317.09999999999997,317.4312687746289,,,,PENDING_AT_END
317.45,317.6394106348063,,,,PENDING_AT_END
317.79999999999995,317.94615000601436,,,,PENDING_AT_END
318.15,318.1753030190283,,,,PENDING_AT_END
318.5,318.79219902836337,,,,PENDING_AT_END
318.84999999999997,319.1663016631488,,,,PENDING_AT_END
319.2,319.21801317143894,,,,PENDING_AT_END
319.54999999999995,319.67736817673267,,,,PENDING_AT_END
319.9,320.1274707885764,,,,PENDING_AT_END
320.25,320.569712865872,,,,PENDING_AT_END
320.59999999999997,320.97471339591203,,,,PENDING_AT_END
320.95,321.2138752939322,,,,PENDING_AT_END
321.29999999999995,321.4473149749233,,,,PENDING_AT_END
321.65,321.8212476252835,,,,PENDING_AT_END
322.0,322.288151953422,,,,PENDING_AT_END
322.34999999999997,322.3788083525821,,,,PENDING_AT_END
322.7,322.926490574379,,,,PENDING_AT_END
323.04999999999995,323.41732479832535,,,,PENDING_AT_END
323.4,323.53688836494075,,,,PENDING_AT_END
323.75,323.92130608341586,,,,PENDING_AT_END
324.09999999999997,324.1067627953576,,,,PENDING_AT_END
324.45,324.8233380874113,,,,PENDING_AT_END
324.79999999999995,324.8365295933968,,,,PENDING_AT_END
325.15,325.4383586090087,,,,PENDING_AT_END
325.5,325.73697002823576,,,,PENDING_AT_END
325.84999999999997,325.93460798439656,,,,PENDING_AT_END
326.2,326.3284162206973,,,,PENDING_AT_END
326.54999999999995,326.7688487008114,,,,PENDING_AT_END
326.9,327.04310108067045,,,,PENDING_AT_END
327.25,327.32394510525523,,,,PENDING_AT_END
327.59999999999997,327.7908641511304,,,,PENDING_AT_END
327.95,327.9502111757135,,,,PENDING_AT_END
328.29999999999995,328.35483514373936,,,,PENDING_AT_END
328.65,328.7514483754894,,,,PENDING_AT_END
329.0,329.17383871667505,,,,PENDING_AT_END
329.34999999999997,329.41331828435256,,,,PENDING_AT_END
329.7,329.70596357307176,,,,PENDING_AT_END
330.04999999999995,330.2990997429695,,,,PENDING_AT_END
330.4,330.66081158964676,,,,PENDING_AT_END
330.75,330.7884375933884,,,,PENDING_AT_END
331.09999999999997,331.39158565599206,,,,PENDING_AT_END
331.45,331.4859221552303,,,,PENDING_AT_END
331.79999999999995,331.9229923995533,,,,PENDING_AT_END
332.15,332.526320306068,,,,PENDING_AT_END
332.5,332.728629449736,,,,PENDING_AT_END
332.84999999999997,333.1507591060294,,,,PENDING_AT_END
333.2,333.3719985869704,,,,PENDING_AT_END
333.54999999999995,333.92865396624893,,,,PENDING_AT_END
333.9,334.0614134683095,,,,PENDING_AT_END
334.25,334.4627921210722,,,,PENDING_AT_END
334.59999999999997,334.85890651182496,,,,PENDING_AT_END
334.95,335.1123933763395,,,,PENDING_AT_END
335.29999999999995,335.5265578775253,,,,PENDING_AT_END
335.65,335.8592879369097,,,,PENDING_AT_END
336.0,336.0862477751797,,,,PENDING_AT_END
336.34999999999997,336.4159894747327,,,,PENDING_AT_END
336.7,336.89621979860425,,,,PENDING_AT_END
337.04999999999995,337.2435490913132,,,,PENDING_AT_END
337.4,337.4319611692365,,,,PENDING_AT_END
337.75,337.9907768487486,,,,PENDING_AT_END
338.09999999999997,338.40819649453573,,,,PENDING_AT_END
338.45,338.50274064373326,,,,PENDING_AT_END
338.79999999999995,339.0608137261552,,,,PENDING_AT_END
339.15,339.4199800335307,,,,PENDING_AT_END
339.5,339.5113273485314,,,,PENDING_AT_END
339.84999999999997,340.2336575309608,,,,PENDING_AT_END
340.2,340.47818114929424,,,,PENDING_AT_END
340.54999999999995,340.9355338917088,,,,PENDING_AT_END
340.9,341.1139060635019,,,,PENDING_AT_END
341.25,341.4400617290996,,,,PENDING_AT_END
341.59999999999997,341.8178786498915,,,,PENDING_AT_END
341.95,342.0909667498983,,,,PENDING_AT_END
342.29999999999995,342.6362640280646,,,,PENDING_AT_END
342.65,343.02438775362964,,,,PENDING_AT_END
343.0,343.37628184745006,,,,PENDING_AT_END
343.34999999999997,343.6239751177181,,,,PENDING_AT_END
343.7,344.06004368935777,,,,PENDING_AT_END
344.04999999999995,344.32931343523546,,,,PENDING_AT_END
344.4,344.52350695491737,,,,PENDING_AT_END
344.75,344.7961152541716,,,,PENDING_AT_END
345.09999999999997,345.13667820581776,,,,PENDING_AT_END
345.45,345.75798535758923,,,,PENDING_AT_END
345.79999999999995,345.9315262684487,,,,PENDING_AT_END
346.15,346.22535043964047,,,,PENDING_AT_END
346.5,346.8815251693502,,,,PENDING_AT_END
346.84999999999997,347.11884539641466,,,,PENDING_AT_END
347.2,347.5142550843305,,,,PENDING_AT_END
347.54999999999995,347.8047736773933,,,,PENDING_AT_END
347.9,347.97267560134287,,,,PENDING_AT_END
348.25,348.29987568600393,,,,PENDING_AT_END
348.59999999999997,348.618272275205,,,,PENDING_AT_END
348.95,348.9984205531659,,,,PENDING_AT_END
349.29999999999995,349.32770123288617,,,,PENDING_AT_END
349.65,349.9868659616218,,,,PENDING_AT_END
350.0,350.3098382960234,,,,PENDING_AT_END
350.34999999999997,350.54451598169663,,,,PENDING_AT_END
350.7,350.8512543716201,,,,PENDING_AT_END
351.04999999999995,351.44727492714753,,,,PENDING_AT_END
351.4,351.62521614325067,,,,PENDING_AT_END
351.75,351.9324379229532,,,,PENDING_AT_END
352.09999999999997,352.4686643281105,,,,PENDING_AT_END
352.45,352.64197517635495,,,,PENDING_AT_END
352.79999999999995,353.0843865783511,,,,PENDING_AT_END
353.15,353.15047624451006,,,,PENDING_AT_END
353.5,353.66834595789965,,,,PENDING_AT_END
353.84999999999997,354.07450496096686,,,,PENDING_AT_END
354.2,354.3582572886532,,,,PENDING_AT_END
354.54999999999995,354.67367473108993,,,,PENDING_AT_END
354.9,355.1661525123194,,,,PENDING_AT_END
355.25,355.4241033747685,,,,PENDING_AT_END
355.59999999999997,355.7603654780916,,,,PENDING_AT_END
355.95,356.1789583428139,,,,PENDING_AT_END
356.29999999999995,356.53723434343976,,,,PENDING_AT_END
356.65,357.01934289726466,,,,PENDING_AT_END
357.0,357.35392540675696,,,,PENDING_AT_END
357.34999999999997,357.38561075454885,,,,PENDING_AT_END
357.7,358.0264862960616,,,,PENDING_AT_END
358.04999999999995,358.204262768896,,,,PENDING_AT_END
358.4,358.53902349301165,,,,PENDING_AT_END
358.75,359.02625048455775,,,,PENDING_AT_END
359.09999999999997,359.1135098882226,,,,PENDING_AT_END
359.45,359.79316037991833,,,,PENDING_AT_END
359.79999999999995,359.81321049935536,,,,PENDING_AT_END
360.15,360.3126824177631,,,,PENDING_AT_END
360.5,360.6412013301692,,,,PENDING_AT_END
360.84999999999997,361.1296126372235,,,,PENDING_AT_END
361.2,361.38810390889404,,,,PENDING_AT_END
361.54999999999995,361.5650540220405,,,,PENDING_AT_END
361.9,362.19564591165215,,,,PENDING_AT_END
362.25,362.64002059779284,,,,PENDING_AT_END
362.59999999999997,362.8260185224611,,,,PENDING_AT_END
362.95,363.1965834801986,,,,PENDING_AT_END
363.29999999999995,363.68515442152136,,,,PENDING_AT_END
363.65,363.82655177139964,,,,PENDING_AT_END
364.0,364.0439639833055,,,,PENDING_AT_END
364.34999999999997,364.6039958940906,,,,PENDING_AT_END
364.7,364.9600295435134,,,,PENDING_AT_END
365.04999999999995,365.10494127443224,,,,PENDING_AT_END
365.4,365.6783781748419,,,,PENDING_AT_END
365.75,365.83909606433247,,,,PENDING_AT_END
366.09999999999997,366.1823554606722,,,,PENDING_AT_END
366.45,366.7278885971635,,,,PENDING_AT_END
366.79999999999995,367.0374257816849,,,,PENDING_AT_END
367.15,367.4376063376902,,,,PENDING_AT_END
367.5,367.57169850280286,,,,PENDING_AT_END
367.84999999999997,367.98990582856567,,,,PENDING_AT_END
368.2,368.2646047995359,,,,PENDING_AT_END
368.54999999999995,368.61444091040687,,,,PENDING_AT_END
368.9,369.06541018687017,,,,PENDING_AT_END
369.25,369.33254802652175,,,,PENDING_AT_END
369.59999999999997,369.7198838658176,,,,PENDING_AT_END
369.95,370.3449792566251,,,,PENDING_AT_END
370.29999999999995,370.6413301477253,,,,PENDING_AT_END
370.65,370.89563260760895,,,,PENDING_AT_END
371.0,371.3664660558835,,,,PENDING_AT_END
371.34999999999997,371.5983059699831,,,,PENDING_AT_END
371.7,371.92383644533305,,,,PENDING_AT_END
372.04999999999995,372.2779667102201,,,,PENDING_AT_END
372.4,372.5341596770636,,,,PENDING_AT_END
372.75,372.9073883692881,,,,PENDING_AT_END
373.09999999999997,373.4690412976792,,,,PENDING_AT_END
373.45,373.61557900207475,,,,PENDING_AT_END
373.79999999999995,373.97384981288906,,,,PENDING_AT_END
374.15,374.26941484204644,,,,PENDING_AT_END
374.5,374.6321630321554,,,,PENDING_AT_END
374.84999999999997,374.9546900894482,,,,PENDING_AT_END
375.2,375.5604506282272,,,,PENDING_AT_END
375.54999999999995,375.9193383046751,,,,PENDING_AT_END
375.9,376.1981316155833,,,,PENDING_AT_END
376.25,376.37295662077975,,,,PENDING_AT_END
376.59999999999997,376.70295914645664,,,,PENDING_AT_END
376.95,376.97919757304106,,,,PENDING_AT_END
377.29999999999995,377.6586751410524,,,,PENDING_AT_END
377.65,377.8947946850101,,,,PENDING_AT_END
378.0,378.1582087712568,,,,PENDING_AT_END
378.34999999999997,378.72120121301253,,,,PENDING_AT_END
378.7,378.9356353051799,,,,PENDING_AT_END
379.04999999999995,379.35119259836506,,,,PENDING_AT_END
379.4,379.49698322365816,,,,PENDING_AT_END
379.75,380.03227488084065,,,,PENDING_AT_END
380.09999999999997,380.44308993893407,,,,PENDING_AT_END
380.45,380.56031517856815,,,,PENDING_AT_END
380.79999999999995,380.9803561606558,,,,PENDING_AT_END
381.15,381.2405659811941,,,,PENDING_AT_END
381.5,381.8523670115162,,,,PENDING_AT_END
381.84999999999997,382.2008293700514,,,,PENDING_AT_END
382.2,382.30551774208897,,,,PENDING_AT_END
382.54999999999995,382.76032981502726,,,,PENDING_AT_END
382.9,383.17040865372644,,,,PENDING_AT_END
383.25,383.5129530659307,,,,PENDING_AT_END
383.59999999999997,383.8245428954701,,,,PENDING_AT_END
383.95,384.00844165749703,,,,PENDING_AT_END
384.29999999999995,384.3190976935425,,,,PENDING_AT_END
384.65,384.78127520233545,,,,PENDING_AT_END
385.0,385.16805129685497,,,,PENDING_AT_END
385.34999999999997,385.5921755007593,,,,PENDING_AT_END
385.7,385.8908112160073,,,,PENDING_AT_END
386.04999999999995,386.4240717030124,,,,PENDING_AT_END
386.4,386.7953308688867,,,,PENDING_AT_END
386.75,387.017603143506,,,,PENDING_AT_END
387.09999999999997,387.3132714409904,,,,PENDING_AT_END
387.45,387.7582148101399,,,,PENDING_AT_END
387.79999999999995,388.00895398432795,,,,PENDING_AT_END
388.15,388.4932534364872,,,,PENDING_AT_END
388.5,388.6078434887521,,,,PENDING_AT_END
388.84999999999997,388.94967088746336,,,,PENDING_AT_END
389.2,389.2414445369462,,,,PENDING_AT_END
389.54999999999995,389.55319043993256,,,,PENDING_AT_END
389.9,390.25768648910594,,,,PENDING_AT_END
390.25,390.47840277983414,,,,PENDING_AT_END
390.59999999999997,390.65163550395124,,,,PENDING_AT_END
390.95,391.22650877885025,,,,PENDING_AT_END
391.29999999999995,391.34605741161226,,,,PENDING_AT_END
391.65,391.84149487841626,,,,PENDING_AT_END
392.0,392.0173406913249,,,,PENDING_AT_END
392.34999999999997,392.480729393069,,,,PENDING_AT_END
392.7,393.059695112263,,,,PENDING_AT_END
393.04999999999995,393.2574288467995,,,,PENDING_AT_END
393.4,393.47708655681333,,,,PENDING_AT_END
393.75,394.00211890253354,,,,PENDING_AT_END
394.09999999999997,394.4137476039314,,,,PENDING_AT_END
394.45,394.59821761052814,,,,PENDING_AT_END
394.79999999999995,394.9890470528612,,,,PENDING_AT_END
395.15,395.38424204627245,,,,PENDING_AT_END
395.5,395.843657403522,,,,PENDING_AT_END
395.84999999999997,395.900264376513,,,,PENDING_AT_END
396.2,396.2977735400503,,,,PENDING_AT_END
396.54999999999995,396.56716429383084,,,,PENDING_AT_END
396.9,397.01125506629546,,,,PENDING_AT_END
397.25,397.423134922529,,,,PENDING_AT_END
397.59999999999997,397.72175466829987,,,,PENDING_AT_END
397.95,398.32156015653635,,,,PENDING_AT_END
398.29999999999995,398.35935268021683,,,,PENDING_AT_END
398.65,398.8943753666384,,,,PENDING_AT_END
399.0,399.22662941233693,,,,PENDING_AT_END
399.34999999999997,399.6791842044216,,,,PENDING_AT_END
399.7,399.7565740582265,,,,PENDING_AT_END
400.04999999999995,400.3449186857779,,,,PENDING_AT_END
400.4,400.54230859907454,,,,PENDING_AT_END
400.75,400.8045441680514,,,,PENDING_AT_END
401.09999999999997,401.14591949642903,,,,PENDING_AT_END
401.45,401.74353554506234,,,,PENDING_AT_END
401.79999999999995,401.9845883737007,,,,PENDING_AT_END
402.15,402.49338867185554,,,,PENDING_AT_END
402.5,402.8457276593334,,,,PENDING_AT_END
402.84999999999997,403.0615060052483,,,,PENDING_AT_END
403.2,403.4379622381676,,,,PENDING_AT_END
403.54999999999995,403.62612583437783,,,,PENDING_AT_END
403.9,404.1329401115697,,,,PENDING_AT_END
404.25,404.5012017776893,,,,PENDING_AT_END
404.59999999999997,404.9358331545333,,,,PENDING_AT_END
404.95,405.3355369448731,,,,PENDING_AT_END
405.29999999999995,405.52215089482036,,,,PENDING_AT_END
405.65,405.8220976471032,,,,PENDING_AT_END
406.0,406.3224657716718,,,,PENDING_AT_END
406.34999999999997,406.719079150479,,,,PENDING_AT_END
406.7,406.94379357760664,,,,PENDING_AT_END
407.04999999999995,407.42775273343557,,,,PENDING_AT_END
407.4,407.5044365844303,,,,PENDING_AT_END
407.75,407.89419848487546,,,,PENDING_AT_END
408.09999999999997,408.219337854353,,,,PENDING_AT_END
408.45,408.55374996273446,,,,PENDING_AT_END
408.79999999999995,408.9309024315969,,,,PENDING_AT_END
409.15,409.3051545179525,,,,PENDING_AT_END
409.5,409.5338568272366,,,,PENDING_AT_END
409.84999999999997,409.9391289142804,,,,PENDING_AT_END
410.2,410.41681590244394,,,,PENDING_AT_END
410.54999999999995,410.6983946444036,,,,PENDING_AT_END
410.9,411.25400720299695,,,,PENDING_AT_END
411.25,411.3686493631907,,,,PENDING_AT_END
411.59999999999997,411.67342687007925,,,,PENDING_AT_END
411.95,412.28152542831714,,,,PENDING_AT_END
412.29999999999995,412.3630285320662,,,,PENDING_AT_END
412.65,412.9182994030143,,,,PENDING_AT_END
413.0,413.05429274449796,,,,PENDING_AT_END
413.34999999999997,413.69319010451034,,,,PENDING_AT_END
413.7,413.7779611209334,,,,PENDING_AT_END
414.04999999999995,414.23300771800496,,,,PENDING_AT_END
414.4,414.473244638041,,,,PENDING_AT_END
414.75,414.912630987787,,,,PENDING_AT_END
415.09999999999997,415.36240931185415,,,,PENDING_AT_END
415.45,415.4574866274036,,,,PENDING_AT_END
415.79999999999995,415.89279627997655,,,,PENDING_AT_END
416.15,416.33030489896,,,,PENDING_AT_END
416.5,416.73177822654156,,,,PENDING_AT_END
416.84999999999997,417.05177387816144,,,,PENDING_AT_END
417.2,417.4772585739934,,,,PENDING_AT_END
417.54999999999995,417.8703984995425,,,,PENDING_AT_END
417.9,418.05849802428907,,,,PENDING_AT_END
418.25,418.57862176162087,,,,PENDING_AT_END
418.59999999999997,418.93247804352046,,,,PENDING_AT_END
418.95,418.9630678163533,,,,PENDING_AT_END
419.29999999999995,419.6165878918814,,,,PENDING_AT_END
419.65,420.04543063327526,,,,PENDING_AT_END
420.0,420.2604500422293,,,,PENDING_AT_END
420.34999999999997,420.63430224868006,,,,PENDING_AT_END
420.7,421.058874556842,,,,PENDING_AT_END
421.04999999999995,421.2776323463331,,,,PENDING_AT_END
421.4,421.51223191136546,,,,PENDING_AT_END
421.75,422.0513052957731,,,,PENDING_AT_END
422.09999999999997,422.48370531812344,,,,PENDING_AT_END
422.45,422.5111962553445,,,,PENDING_AT_END
422.79999999999995,423.1218870689088,,,,PENDING_AT_END
423.15,423.1858682323892,,,,PENDING_AT_END
423.5,423.7650656699308,,,,PENDING_AT_END
423.84999999999997,424.04491821956077,,,,PENDING_AT_END
424.2,424.55570742871174,,,,PENDING_AT_END
424.54999999999995,424.5757645173842,,,,PENDING_AT_END
424.9,425.0053983842978,,,,PENDING_AT_END
425.25,425.647418797128,,,,PENDING_AT_END
425.59999999999997,425.72083922984547,,,,PENDING_AT_END
425.95,426.28658895587483,,,,PENDING_AT_END
426.29999999999995,426.3233781401966,,,,PENDING_AT_END
426.65,426.7413523570792,,,,PENDING_AT_END
427.0,427.31757568654825,,,,PENDING_AT_END
427.34999999999997,427.6838860731322,,,,PENDING_AT_END
427.7,428.07889967276725,,,,PENDING_AT_END
428.04999999999995,428.1153478090822,,,,PENDING_AT_END
428.4,428.72602669465266,,,,PENDING_AT_END
428.75,428.99380078001116,,,,PENDING_AT_END
429.09999999999997,429.2121323687497,,,,PENDING_AT_END
429.45,429.60633737843733,,,,PENDING_AT_END
429.79999999999995,429.8724696113122,,,,PENDING_AT_END
430.15,430.45064258079753,,,,PENDING_AT_END
430.5,430.79193308613344,,,,PENDING_AT_END
430.84999999999997,431.1515566793748,,,,PENDING_AT_END
431.2,431.5035103892073,,,,PENDING_AT_END
431.54999999999995,431.62958813071555,,,,PENDING_AT_END
431.9,431.95339062666983,,,,PENDING_AT_END
432.25,432.6476065133611,,,,PENDING_AT_END
432.59999999999997,432.8494433933294,,,,PENDING_AT_END
432.95,433.0435092479268,,,,PENDING_AT_END
433.29999999999995,433.35451686983174,,,,PENDING_AT_END
433.65,433.7037768194979,,,,PENDING_AT_END
434.0,434.1605090665031,,,,PENDING_AT_END
434.34999999999997,434.74660260411434,,,,PENDING_AT_END
434.7,434.7862104958427,,,,PENDING_AT_END
435.04999999999995,435.401125887066,,,,PENDING_AT_END
435.4,435.49188872880325,,,,PENDING_AT_END
435.75,435.8377838349261,,,,PENDING_AT_END
436.09999999999997,436.20145555558287,,,,PENDING_AT_END
436.45,436.63737841081905,,,,PENDING_AT_END
436.79999999999995,436.8270883254231,,,,PENDING_AT_END
437.15,437.42690320349584,,,,PENDING_AT_END
437.5,437.7681310084489,,,,PENDING_AT_END
437.84999999999997,438.0211105131605,,,,PENDING_AT_END
438.2,438.3825176994955,,,,PENDING_AT_END
438.54999999999995,438.92312587146694,,,,PENDING_AT_END
438.9,438.9042824668811,,,,PENDING_AT_END
439.25,439.59236111172095,,,,PENDING_AT_END
439.59999999999997,439.6567977809188,,,,PENDING_AT_END
439.95,440.14135524812247,,,,PENDING_AT_END
440.29999999999995,440.5439844618659,,,,PENDING_AT_END
440.65,440.9503615045959,,,,PENDING_AT_END
441.0,441.1260754801307,,,,PENDING_AT_END
441.34999999999997,441.70945800169824,,,,PENDING_AT_END
441.7,441.72266621343357,,,,PENDING_AT_END
442.04999999999995,442.1611976046614,,,,PENDING_AT_END
442.4,442.54807804289635,,,,PENDING_AT_END
442.75,442.77242001616435,,,,PENDING_AT_END
443.09999999999997,443.47662485213135,,,,PENDING_AT_END
443.45,443.5192166236348,,,,PENDING_AT_END
443.79999999999995,443.8923321388206,,,,PENDING_AT_END
444.15,444.382688482273,,,,PENDING_AT_END
444.5,444.8078329898665,,,,PENDING_AT_END
444.84999999999997,445.1764258935679,,,,PENDING_AT_END
445.2,445.2682509280293,,,,PENDING_AT_END
445.54999999999995,445.5616173542046,,,,PENDING_AT_END
445.9,446.00834129368286,,,,PENDING_AT_END
446.25,446.61715992078416,,,,PENDING_AT_END
446.59999999999997,446.91696150342165,,,,PENDING_AT_END
446.95,446.9686666850062,,,,PENDING_AT_END
447.29999999999995,447.5160735049724,,,,PENDING_AT_END
447.65,447.8333810659292,,,,PENDING_AT_END
448.0,448.37861920586886,,,,PENDING_AT_END
448.34999999999997,448.6698219674275,,,,PENDING_AT_END
448.7,449.02379977029983,,,,PENDING_AT_END
449.04999999999995,449.3688653081638,,,,PENDING_AT_END
449.4,449.76690853169725,,,,PENDING_AT_END
449.74999999999994,449.75655420747654,,,,PENDING_AT_END
450.09999999999997,450.28168755387566,,,,PENDING_AT_END
450.45,450.5152177064347,,,,PENDING_AT_END
450.79999999999995,450.8653626342473,,,,PENDING_AT_END
451.15,451.46882747451184,,,,PENDING_AT_END
451.49999999999994,451.6170696319702,,,,PENDING_AT_END
451.84999999999997,452.2024320166507,,,,PENDING_AT_END
452.2,452.2233958764056,,,,PENDING_AT_END
452.54999999999995,452.87572968268,,,,PENDING_AT_END
452.9,453.1888849360156,,,,PENDING_AT_END
453.24999999999994,453.61651672968657,,,,PENDING_AT_END
453.59999999999997,453.7035774012224,,,,PENDING_AT_END
453.95,454.3032391296221,,,,PENDING_AT_END
454.29999999999995,454.4850279799987,,,,PENDING_AT_END
454.65,454.960475164528,,,,PENDING_AT_END
454.99999999999994,455.0406361157646,,,,PENDING_AT_END
455.34999999999997,455.71693771027407,,,,PENDING_AT_END
455.7,455.95687724541443,,,,PENDING_AT_END
456.04999999999995,456.3263935282682,,,,PENDING_AT_END
456.4,456.5284459704901,,,,PENDING_AT_END
456.74999999999994,456.85418004218906,,,,PENDING_AT_END
457.09999999999997,457.14234833902805,,,,PENDING_AT_END
457.45,457.76466389546516,,,,PENDING_AT_END
457.79999999999995,458.0402880845538,,,,PENDING_AT_END
458.15,458.49490620846416,,,,PENDING_AT_END
458.49999999999994,458.87026372332485,,,,PENDING_AT_END
458.84999999999997,458.87001857574677,,,,PENDING_AT_END
459.2,459.343904303431,,,,PENDING_AT_END
459.54999999999995,459.7666495955806,,,,PENDING_AT_END
459.9,460.1147291745913,,,,PENDING_AT_END
460.24999999999994,460.61819927823746,,,,PENDING_AT_END
460.59999999999997,460.6616344654221,,,,PENDING_AT_END
460.95,461.22105530342213,,,,PENDING_AT_END
461.29999999999995,461.55156892284253,,,,PENDING_AT_END
461.65,461.7857913598591,,,,PENDING_AT_END
461.99999999999994,462.34888393858404,,,,PENDING_AT_END
462.34999999999997,462.3756356036063,,,,PENDING_AT_END
462.7,462.7622207353016,,,,PENDING_AT_END
463.04999999999995,463.28951888096356,,,,PENDING_AT_END
463.4,463.7210657803887,,,,PENDING_AT_END
463.74999999999994,463.983973311728,,,,PENDING_AT_END
464.09999999999997,464.3752370367742,,,,PENDING_AT_END
464.45,464.6041109543866,,,,PENDING_AT_END
464.79999999999995,465.1032997802906,,,,PENDING_AT_END
465.15,465.26269896838846,,,,PENDING_AT_END
465.49999999999994,465.60188898418795,,,,PENDING_AT_END
465.84999999999997,466.0528532943866,,,,PENDING_AT_END
466.2,466.49579903825355,,,,PENDING_AT_END
466.54999999999995,466.9288617260677,,,,PENDING_AT_END
466.9,467.094187114385,,,,PENDING_AT_END
467.24999999999994,467.50088042076715,,,,PENDING_AT_END
467.59999999999997,467.78054780534916,,,,PENDING_AT_END
467.95,468.25776838940527,,,,PENDING_AT_END
468.29999999999995,468.33052365718606,,,,PENDING_AT_END
468.65,468.7245227459065,,,,PENDING_AT_END
468.99999999999994,469.0519962909356,,,,PENDING_AT_END
469.34999999999997,469.3843810706714,,,,PENDING_AT_END
469.7,469.71885851061114,,,,PENDING_AT_END
470.04999999999995,470.2623663409289,,,,PENDING_AT_END
470.4,470.78640410457103,,,,PENDING_AT_END
470.74999999999994,470.7667854524722,,,,PENDING_AT_END
471.09999999999997,471.3787556300958,,,,PENDING_AT_END
471.45,471.84300808515655,,,,PENDING_AT_END
471.79999999999995,472.0211195660112,,,,PENDING_AT_END
472.15,472.4729369667715,,,,PENDING_AT_END
472.49999999999994,472.7970989126389,,,,PENDING_AT_END
472.84999999999997,472.869998647778,,,,PENDING_AT_END
473.2,473.5665323134984,,,,PENDING_AT_END
473.54999999999995,473.9403991875016,,,,PENDING_AT_END
473.9,473.92957356409556,,,,PENDING_AT_END
474.24999999999994,474.59202309861615,,,,PENDING_AT_END
474.59999999999997,474.94518154509177,,,,PENDING_AT_END
474.95,475.14389250365303,,,,PENDING_AT_END
475.29999999999995,475.57743438195007,,,,PENDING_AT_END
475.65,475.96917509922173,,,,PENDING_AT_END
475.99999999999994,476.3730129606292,,,,PENDING_AT_END
476.34999999999997,476.58930569336127,,,,PENDING_AT_END
476.7,476.8410087111699,,,,PENDING_AT_END
477.04999999999995,477.28510278156875,,,,PENDING_AT_END
477.4,477.6477705437459,,,,PENDING_AT_END
477.74999999999994,477.8507276615334,,,,PENDING_AT_END
478.09999999999997,478.2419838582819,,,,PENDING_AT_END
478.45,478.68927104866003,,,,PENDING_AT_END
478.79999999999995,479.0940874602966,,,,PENDING_AT_END
479.15,479.5089599542746,,,,PENDING_AT_END
479.49999999999994,479.54375678746095,,,,PENDING_AT_END
479.84999999999997,479.8908094649692,,,,PENDING_AT_END
480.2,480.27020115596684,,,,PENDING_AT_END
480.54999999999995,480.91212641445463,,,,PENDING_AT_END
480.9,481.2781385790938,,,,PENDING_AT_END
481.24999999999994,481.54937531725915,,,,PENDING_AT_END
481.59999999999997,481.69990933603134,,,,PENDING_AT_END
481.95,482.17302252487656,,,,PENDING_AT_END
482.29999999999995,482.37271516073804,,,,PENDING_AT_END
482.65,482.65858560610025,,,,PENDING_AT_END
482.99999999999994,483.3428620049037,,,,PENDING_AT_END
483.34999999999997,483.4098614071141,,,,PENDING_AT_END
483.7,483.74519474916366,,,,PENDING_AT_END
484.04999999999995,484.1204590272214,,,,PENDING_AT_END
484.4,484.67165088153035,,,,PENDING_AT_END
484.74999999999994,485.02403968516256,,,,PENDING_AT_END
485.09999999999997,485.2042692321274,,,,PENDING_AT_END
485.45,485.80162802829165,,,,PENDING_AT_END
485.79999999999995,485.95300005629656,,,,PENDING_AT_END
486.15,486.5332456087838,,,,PENDING_AT_END
486.49999999999994,486.8635086512425,,,,PENDING_AT_END
486.84999999999997,487.14601516346914,,,,PENDING_AT_END
487.2,487.2006030907999,,,,PENDING_AT_END
487.54999999999995,487.76583138649596,,,,PENDING_AT_END
487.9,487.97820080579027,,,,PENDING_AT_END
488.24999999999994,488.6404647895392,,,,PENDING_AT_END
488.59999999999997,488.7177710571945,,,,PENDING_AT_END
488.95,489.1271274473584,,,,PENDING_AT_END
489.29999999999995,489.66193742702455,,,,PENDING_AT_END
489.65,489.6574086734794,,,,PENDING_AT_END
489.99999999999994,490.2008813406247,,,,PENDING_AT_END
490.34999999999997,490.5574259743067,,,,PENDING_AT_END
490.7,490.90342982887984,,,,PENDING_AT_END
491.04999999999995,491.28204424358137,,,,PENDING_AT_END
491.4,491.53223744932336,,,,PENDING_AT_END
491.74999999999994,491.85838484902564,,,,PENDING_AT_END
492.09999999999997,492.1083238238228,,,,PENDING_AT_END
492.45,492.5164840430329,,,,PENDING_AT_END
492.79999999999995,493.144072560591,,,,PENDING_AT_END
493.15,493.3955398669335,,,,PENDING_AT_END
493.49999999999994,493.6510092638908,,,,PENDING_AT_END
493.84999999999997,494.05299473608835,,,,PENDING_AT_END
494.2,494.3397443475466,,,,PENDING_AT_END
494.54999999999995,494.7948309742393,,,,PENDING_AT_END
494.9,495.24998238776095,,,,PENDING_AT_END
495.24999999999994,495.32578659590484,,,,PENDING_AT_END
495.59999999999997,495.87274840011656,,,,PENDING_AT_END
495.95,496.14873407857823,,,,PENDING_AT_END
496.29999999999995,496.54956561834206,,,,PENDING_AT_END
496.65,497.0115094994952,,,,PENDING_AT_END
496.99999999999994,497.15890438087916,,,,PENDING_AT_END
497.34999999999997,497.6038643349943,,,,PENDING_AT_END
497.7,497.78368122923365,,,,PENDING_AT_END
498.04999999999995,498.4290514584709,,,,PENDING_AT_END
498.4,498.6390930644902,,,,PENDING_AT_END
498.74999999999994,498.8766129625264,,,,PENDING_AT_END
499.09999999999997,499.19326858302355,,,,PENDING_AT_END
499.45,499.5239946110616,,,,PENDING_AT_END
499.79999999999995,500.16851276009675,,,,PENDING_AT_END
500.15,500.3396661201683,,,,PENDING_AT_END
500.49999999999994,500.81791616132995,,,,PENDING_AT_END
500.84999999999997,500.91400718960773,,,,PENDING_AT_END
501.2,501.3434770899035,,,,PENDING_AT_END
501.54999999999995,501.6114443839118,,,,PENDING_AT_END
501.9,502.0673443439023,,,,PENDING_AT_END
502.24999999999994,502.60432890176577,,,,PENDING_AT_END
502.59999999999997,502.7397158728323,,,,PENDING_AT_END
502.95,502.98348598224453,,,,PENDING_AT_END
503.29999999999995,503.6238084840911,,,,PENDING_AT_END
503.65,503.7035284907454,,,,PENDING_AT_END
503.99999999999994,504.2616479318406,,,,PENDING_AT_END
504.34999999999997,504.57908184744457,,,,PENDING_AT_END
504.7,505.070978579395,,,,PENDING_AT_END
505.04999999999995,505.11036375043545,,,,PENDING_AT_END
505.4,505.5143350127846,,,,PENDING_AT_END
505.74999999999994,505.7785343477802,,,,PENDING_AT_END
506.09999999999997,506.4696242209216,,,,PENDING_AT_END
506.45,506.8320200977592,,,,PENDING_AT_END
506.79999999999995,507.10744197192935,,,,PENDING_AT_END
507.15,507.23734652114524,,,,PENDING_AT_END
507.49999999999994,507.5606539058429,,,,PENDING_AT_END
507.84999999999997,507.9770984450453,,,,PENDING_AT_END
508.2,508.502980335548,,,,PENDING_AT_END
508.54999999999995,508.8304525690721,,,,PENDING_AT_END
508.9,509.06088927755525,,,,PENDING_AT_END
509.24999999999994,509.4243566579948,,,,PENDING_AT_END
509.59999999999997,509.7853089412104,,,,PENDING_AT_END
509.95,510.2380806202065,,,,PENDING_AT_END
510.29999999999995,510.3616677303485,,,,PENDING_AT_END
510.65,510.8134422188174,,,,PENDING_AT_END
510.99999999999994,511.33066725618363,,,,PENDING_AT_END
511.34999999999997,511.63908794610694,,,,PENDING_AT_END
511.7,511.96563212205155,,,,PENDING_AT_END
512.05,512.4315821414586,,,,PENDING_AT_END
512.4,512.4170981598837,,,,PENDING_AT_END
512.75,512.9007932844042,,,,PENDING_AT_END
513.1,513.2340897997118,,,,PENDING_AT_END
513.4499999999999,513.5536835778458,,,,PENDING_AT_END
513.8,514.0057488233658,,,,PENDING_AT_END
514.15,514.4085228522682,,,,PENDING_AT_END
514.5,514.7204899350991,,,,PENDING_AT_END
514.85,514.8888384169178,,,,PENDING_AT_END
515.1999999999999,515.2819050870056,,,,PENDING_AT_END
515.55,515.592787659833,,,,PENDING_AT_END
515.9,516.1618805126496,,,,PENDING_AT_END
516.25,516.5541132475475,,,,PENDING_AT_END
516.6,516.6161789984811,,,,PENDING_AT_END
516.9499999999999,517.0590445416386,,,,PENDING_AT_END
517.3,517.5137730772842,,,,PENDING_AT_END
517.65,517.990396580769,,,,PENDING_AT_END
518.0,518.2817489917741,,,,PENDING_AT_END
518.35,518.4128135683067,,,,PENDING_AT_END
518.6999999999999,519.027568819053,,,,PENDING_AT_END
519.05,519.0834831839106,,,,PENDING_AT_END
519.4,519.74020149157,,,,PENDING_AT_END
519.75,519.7877444861822,,,,PENDING_AT_END
520.1,520.4315342759279,,,,PENDING_AT_END
520.4499999999999,520.762844386924,,,,PENDING_AT_END
520.8,520.9488452784692,,,,PENDING_AT_END
521.15,521.2684290096503,,,,PENDING_AT_END
521.5,521.7650985119096,,,,PENDING_AT_END
521.85,522.2033743116637,,,,PENDING_AT_END
522.1999999999999,522.4844915192499,,,,PENDING_AT_END
522.55,522.7653305624533,,,,PENDING_AT_END
522.9,523.2478920800551,,,,PENDING_AT_END
523.25,523.4673759472882,,,,PENDING_AT_END
523.6,523.8143141850813,,,,PENDING_AT_END
523.9499999999999,524.3465735775275,,,,PENDING_AT_END
524.3,524.4191817012238,,,,PENDING_AT_END
524.65,524.6533744397879,,,,PENDING_AT_END
525.0,525.3054303663457,,,,PENDING_AT_END
525.35,525.393894110712,,,,PENDING_AT_END
525.6999999999999,525.830686647481,,,,PENDING_AT_END
526.05,526.2725088075913,,,,PENDING_AT_END
526.4,526.423395056693,,,,PENDING_AT_END
526.75,526.873721554842,,,,PENDING_AT_END
527.1,527.2222378812734,,,,PENDING_AT_END
527.4499999999999,527.5034260864173,,,,PENDING_AT_END
527.8,528.1347280671409,,,,PENDING_AT_END
528.15,528.1503839970904,,,,PENDING_AT_END
528.5,528.8178449850925,,,,PENDING_AT_END
528.85,528.9210645454228,,,,PENDING_AT_END
529.1999999999999,529.5712274596168,,,,PENDING_AT_END
529.55,529.9162265119924,,,,PENDING_AT_END
529.9,530.099131206996,,,,PENDING_AT_END
530.25,530.5053123787773,,,,PENDING_AT_END
530.6,530.7921766169208,,,,PENDING_AT_END
530.9499999999999,531.2827633211424,,,,PENDING_AT_END
531.3,531.50831239023,,,,PENDING_AT_END
531.65,531.9603753529094,,,,PENDING_AT_END
532.0,532.3839050900569,,,,PENDING_AT_END
532.35,532.6051223528438,,,,PENDING_AT_END
532.6999999999999,532.812707590895,,,,PENDING_AT_END
533.05,533.3980865132787,,,,PENDING_AT_END
533.4,533.6995737323485,,,,PENDING_AT_END
533.75,534.0600283168119,,,,PENDING_AT_END
534.1,534.1475007820005,,,,PENDING_AT_END
534.4499999999999,534.6241377643472,,,,PENDING_AT_END
534.8,534.8517204708389,,,,PENDING_AT_END
535.15,535.2684777190044,,,,PENDING_AT_END
535.5,535.5721170398945,,,,PENDING_AT_END
535.85,536.0942060027745,,,,PENDING_AT_END
536.1999999999999,536.4859436062876,,,,PENDING_AT_END
536.55,536.7244474852344,,,,PENDING_AT_END
536.9,536.9579322283836,,,,PENDING_AT_END
537.25,537.280041486601,,,,PENDING_AT_END
537.5999999999999,537.6732086927207,,,,PENDING_AT_END
537.9499999999999,538.0722553094928,,,,PENDING_AT_END
538.3,538.3255855382843,,,,PENDING_AT_END
538.65,538.7637288426253,,,,PENDING_AT_END
539.0,539.2446936942724,,,,PENDING_AT_END
539.3499999999999,539.5627590156107,,,,PENDING_AT_END
539.6999999999999,540.0183350741046,,,,PENDING_AT_END
540.05,540.0951071598572,,,,PENDING_AT_END
540.4,540.6930955692695,,,,PENDING_AT_END
540.75,541.1250643626186,,,,PENDING_AT_END
541.0999999999999,541.4668146308659,,,,PENDING_AT_END
541.4499999999999,541.6773407839909,,,,PENDING_AT_END
541.8,542.1447489282489,,,,PENDING_AT_END
542.15,542.4963364395854,,,,PENDING_AT_END
542.5,542.5360190405579,,,,PENDING_AT_END
542.8499999999999,543.1950803417412,,,,PENDING_AT_END
543.1999999999999,543.3786054019732,,,,PENDING_AT_END
543.55,543.8801529400359,,,,PENDING_AT_END
543.9,544.0625005083922,,,,PENDING_AT_END
544.25,544.4937641459526,,,,PENDING_AT_END
544.5999999999999,544.9907056916145,,,,PENDING_AT_END
544.9499999999999,545.0610740321139,,,,PENDING_AT_END
545.3,545.5762618766034,,,,PENDING_AT_END
545.65,545.6886140306343,,,,PENDING_AT_END
546.0,546.064353458624,,,,PENDING_AT_END
546.3499999999999,546.629323587415,,,,PENDING_AT_END
546.6999999999999,546.7443574659088,,,,PENDING_AT_END
547.05,547.2698210985061,,,,PENDING_AT_END
547.4,547.4228052235227,,,,PENDING_AT_END
547.75,548.1000733537435,,,,PENDING_AT_END
548.0999999999999,548.2688993346983,,,,PENDING_AT_END
548.4499999999999,548.4583747081086,,,,PENDING_AT_END
548.8,549.0752755574736,,,,PENDING_AT_END
549.15,549.217236601431,,,,PENDING_AT_END
549.5,549.5008523793888,,,,PENDING_AT_END
549.8499999999999,549.8521530578964,,,,PENDING_AT_END
550.1999999999999,550.5744984781644,,,,PENDING_AT_END
550.55,550.8491982971468,,,,PENDING_AT_END
550.9,551.1156965474387,,,,PENDING_AT_END
551.25,551.3273567156314,,,,PENDING_AT_END
551.5999999999999,551.7584118669884,,,,PENDING_AT_END
551.9499999999999,552.299187270094,,,,PENDING_AT_END
552.3,552.3015395382695,,,,PENDING_AT_END
552.65,552.9027233214568,,,,PENDING_AT_END
553.0,553.1306549841452,,,,PENDING_AT_END
553.3499999999999,553.421784172267,,,,PENDING_AT_END
553.6999999999999,553.7977087166497,,,,PENDING_AT_END
554.05,554.2617840644691,,,,PENDING_AT_END
554.4,554.493977324813,,,,PENDING_AT_END
554.75,555.033913749462,,,,PENDING_AT_END
555.0999999999999,555.4741270224906,,,,PENDING_AT_END
555.4499999999999,555.6712602904114,,,,PENDING_AT_END
555.8,555.864735528603,,,,PENDING_AT_END
556.15,556.3171719397379,,,,PENDING_AT_END
556.5,556.8241266865014,,,,PENDING_AT_END
556.8499999999999,556.9183664371369,,,,PENDING_AT_END
557.1999999999999,557.511341364874,,,,PENDING_AT_END
557.55,557.8569225478514,,,,PENDING_AT_END
557.9,557.9249791057695,,,,PENDING_AT_END
558.25,558.430440745944,,,,PENDING_AT_END
558.5999999999999,558.8135927489325,,,,PENDING_AT_END
558.9499999999999,559.122878218186,,,,PENDING_AT_END
559.3,559.6290539814752,,,,PENDING_AT_END
559.65,559.9525146050338,,,,PENDING_AT_END
560.0,560.3734249539496,,,,PENDING_AT_END
560.3499999999999,560.6931178278539,,,,PENDING_AT_END
560.6999999999999,560.7709241623992,,,,PENDING_AT_END
561.05,561.2723240017681,,,,PENDING_AT_END
561.4,561.7558141565524,,,,PENDING_AT_END
561.75,562.1028056528332,,,,PENDING_AT_END
562.0999999999999,562.3006406653208,,,,PENDING_AT_END
562.4499999999999,562.8071827333728,,,,PENDING_AT_END
562.8,563.0692699783731,,,,PENDING_AT_END
563.15,563.5031055806868,,,,PENDING_AT_END
563.5,563.581538654013,,,,PENDING_AT_END
563.8499999999999,564.1758229448903,,,,PENDING_AT_END
564.1999999999999,564.3630036172275,,,,PENDING_AT_END
564.55,564.8487935307123,,,,PENDING_AT_END
564.9,565.1022632728105,,,,PENDING_AT_END
565.25,565.5039998951972,,,,PENDING_AT_END
565.5999999999999,565.9533091295691,,,,PENDING_AT_END
565.9499999999999,566.3353900299736,,,,PENDING_AT_END
566.3,566.6652203822473,,,,PENDING_AT_END
566.65,566.9500170136306,,,,PENDING_AT_END
567.0,567.3071854543759,,,,PENDING_AT_END
567.3499999999999,567.4208132517267,,,,PENDING_AT_END
567.6999999999999,567.8819503191254,,,,PENDING_AT_END
568.05,568.1491328639806,,,,PENDING_AT_END
568.4,568.620859990432,,,,PENDING_AT_END
568.75,569.1360528969078,,,,PENDING_AT_END
569.0999999999999,569.1434640646005,,,,PENDING_AT_END
569.4499999999999,569.839258998854,,,,PENDING_AT_END
569.8,569.875948766336,,,,PENDING_AT_END
570.15,570.4155296042735,,,,PENDING_AT_END
570.5,570.816440776458,,,,PENDING_AT_END
570.8499999999999,570.9304500338437,,,,PENDING_AT_END
571.1999999999999,571.2902435324098,,,,PENDING_AT_END
571.55,571.7935095195542,,,,PENDING_AT_END
571.9,571.9396597405463,,,,PENDING_AT_END
572.25,572.4662257041011,,,,PENDING_AT_END
572.5999999999999,572.8032407245967,,,,PENDING_AT_END
572.9499999999999,573.3383265829794,,,,PENDING_AT_END
573.3,573.4397310462525,,,,PENDING_AT_END
573.65,573.7247339858444,,,,PENDING_AT_END
574.0,574.2948692488674,,,,PENDING_AT_END
574.3499999999999,574.6413291628842,,,,PENDING_AT_END
574.6999999999999,574.7253202752123,,,,PENDING_AT_END
575.05,575.2407482872168,,,,PENDING_AT_END
575.4,575.6832988290129,,,,PENDING_AT_END
575.75,576.0557015381344,,,,PENDING_AT_END
576.0999999999999,576.4763898155102,,,,PENDING_AT_END
576.4499999999999,576.4579139393749,,,,PENDING_AT_END
576.8,577.1810670342911,,,,PENDING_AT_END
577.15,577.3429113939195,,,,PENDING_AT_END
577.5,577.6542570981233,,,,PENDING_AT_END
577.8499999999999,578.1102570475441,,,,PENDING_AT_END
578.1999999999999,578.3689967744216,,,,PENDING_AT_END
578.55,578.801659866343,,,,PENDING_AT_END
578.9,579.0480936283633,,,,PENDING_AT_END
579.25,579.4828004693004,,,,PENDING_AT_END
579.5999999999999,579.6025095779739,,,,PENDING_AT_END
579.9499999999999,580.3095415828653,,,,PENDING_AT_END
580.3,580.5152905062516,,,,PENDING_AT_END
580.65,580.6901804621706,,,,PENDING_AT_END
581.0,581.2616756761468,,,,PENDING_AT_END
581.3499999999999,581.4565604157667,,,,PENDING_AT_END
581.6999999999999,582.0081298115105,,,,PENDING_AT_END
582.05,582.2984679643137,,,,PENDING_AT_END
582.4,582.58683555307,,,,PENDING_AT_END
582.75,582.9278378723757,,,,PENDING_AT_END
583.0999999999999,583.2639006230734,,,,PENDING_AT_END
583.4499999999999,583.6342577246375,,,,PENDING_AT_END
583.8,584.001267190858,,,,PENDING_AT_END
584.15,584.1942675988445,,,,PENDING_AT_END
584.5,584.8879747944875,,,,PENDING_AT_END
584.8499999999999,585.0175997006284,,,,PENDING_AT_END
585.1999999999999,585.5412915186083,,,,PENDING_AT_END
585.55,585.8073006011455,,,,PENDING_AT_END
585.9,586.1164071133518,,,,PENDING_AT_END
586.25,586.3695634315907,,,,PENDING_AT_END
586.5999999999999,586.8642964616342,,,,PENDING_AT_END
586.9499999999999,587.021278031869,,,,PENDING_AT_END
587.3,587.5702227741974,,,,PENDING_AT_END
587.65,588.0462703010922,,,,PENDING_AT_END
588.0,588.3287634573337,,,,PENDING_AT_END
588.3499999999999,588.4102701178238,,,,PENDING_AT_END
588.6999999999999,588.8563156943823,,,,PENDING_AT_END
589.05,589.1974557807921,,,,PENDING_AT_END
589.4,589.7813364113032,,,,PENDING_AT_END
589.75,589.9097015098746,,,,PENDING_AT_END
590.0999999999999,590.2537888847698,,,,PENDING_AT_END
590.4499999999999,590.5183259713996,,,,PENDING_AT_END
590.8,591.1479510437068,,,,PENDING_AT_END
591.15,591.379898458211,,,,PENDING_AT_END
591.5,591.5376803163838,,,,PENDING_AT_END
591.8499999999999,591.9794691128975,,,,PENDING_AT_END
592.1999999999999,592.2816560068965,,,,PENDING_AT_END
592.55,592.7966970637656,,,,PENDING_AT_END
592.9,593.1372706459925,,,,PENDING_AT_END
593.25,593.6064436523689,,,,PENDING_AT_END
593.5999999999999,593.6650030593378,,,,PENDING_AT_END
593.9499999999999,594.0804601169333,,,,PENDING_AT_END
594.3,594.5409375884319,,,,PENDING_AT_END
594.65,594.9184649897669,,,,PENDING_AT_END
595.0,595.251309831847,,,,PENDING_AT_END
595.3499999999999,595.3536129855036,,,,PENDING_AT_END
595.6999999999999,595.877735059673,,,,PENDING_AT_END
596.05,596.1691446092325,,,,PENDING_AT_END
596.4,596.4546014743427,,,,PENDING_AT_END
596.75,597.0946612704033,,,,PENDING_AT_END
597.0999999999999,597.1089899255187,,,,PENDING_AT_END
597.4499999999999,597.5572468299489,,,,PENDING_AT_END
597.8,597.990071806737,,,,PENDING_AT_END
598.15,598.455932872347,,,,PENDING_AT_END
598.5,598.6648022932502,,,,PENDING_AT_END
598.8499999999999,599.0861062675369,,,,PENDING_AT_END
599.1999999999999,599.5988063493504,,,,PENDING_AT_END
599.55,599.5751716547145,,,,PENDING_AT_END
599.9,600.0751491027298,,,,PENDING_AT_END
600.25,600.4974943560253,,,,PENDING_AT_END
600.5999999999999,600.7937724859164,,,,PENDING_AT_END
600.9499999999999,601.1749743461722,,,,PENDING_AT_END
601.3,601.521298318451,,,,PENDING_AT_END
601.65,601.888115598134,,,,PENDING_AT_END
602.0,602.1227974107444,,,,PENDING_AT_END
602.3499999999999,602.621886266762,,,,PENDING_AT_END
602.6999999999999,602.8019640402769,,,,PENDING_AT_END
603.05,603.1907773336338,,,,PENDING_AT_END
603.4,603.6471227730827,,,,PENDING_AT_END
603.75,603.978391430629,,,,PENDING_AT_END
604.0999999999999,604.2622512408368,,,,PENDING_AT_END
604.4499999999999,604.4801071880864,,,,PENDING_AT_END
604.8,605.003623575549,,,,PENDING_AT_END
605.15,605.4710910815246,,,,PENDING_AT_END
605.5,605.8207930639508,,,,PENDING_AT_END
605.8499999999999,606.1887919554181,,,,PENDING_AT_END
606.1999999999999,606.2450178248015,,,,PENDING_AT_END
606.55,606.7348173327521,,,,PENDING_AT_END
606.9,607.0155901039806,,,,PENDING_AT_END
607.25,607.4333342180221,,,,PENDING_AT_END
607.5999999999999,607.9774895567593,,,,PENDING_AT_END
607.9499999999999,608.0873450732416,,,,PENDING_AT_END
608.3,608.4594671986492,,,,PENDING_AT_END
608.65,608.8826099888576,,,,PENDING_AT_END
609.0,609.3233709053195,,,,PENDING_AT_END
609.3499999999999,609.3927271366035,,,,PENDING_AT_END
609.6999999999999,609.8523282566456,,,,PENDING_AT_END
610.05,610.3605622934826,,,,PENDING_AT_END
610.4,610.6134816766618,,,,PENDING_AT_END
610.75,610.8560884394944,,,,PENDING_AT_END
611.0999999999999,611.2264148384627,,,,PENDING_AT_END
611.4499999999999,611.7669340956357,,,,PENDING_AT_END
611.8,611.8666661163059,,,,PENDING_AT_END
612.15,612.4060038939559,,,,PENDING_AT_END
612.5,612.8224814158514,,,,PENDING_AT_END
612.8499999999999,613.2003353119192,,,,PENDING_AT_END
613.1999999999999,613.330666807189,,,,PENDING_AT_END
613.55,613.6183605406231,,,,PENDING_AT_END
613.9,614.2342777070033,,,,PENDING_AT_END
614.25,614.6446340681059,,,,PENDING_AT_END
614.5999999999999,614.665610558982,,,,PENDING_AT_END
614.9499999999999,615.0058163969551,,,,PENDING_AT_END
615.3,615.4834723712179,,,,PENDING_AT_END
615.65,615.8086830478913,,,,PENDING_AT_END
616.0,616.1159511940266,,,,PENDING_AT_END
616.3499999999999,616.5907317248038,,,,PENDING_AT_END
616.6999999999999,616.7244826198163,,,,PENDING_AT_END
617.05,617.3859469131958,,,,PENDING_AT_END
617.4,617.4716565974669,,,,PENDING_AT_END
617.75,617.9638565147923,,,,PENDING_AT_END
618.0999999999999,618.2010650675254,,,,PENDING_AT_END
618.4499999999999,618.6580333832036,,,,PENDING_AT_END
618.8,619.108068976466,,,,PENDING_AT_END
619.15,619.1502179072985,,,,PENDING_AT_END
619.5,619.8509039298881,,,,PENDING_AT_END
619.8499999999999,620.0792537586556,,,,PENDING_AT_END
620.1999999999999,620.2759815569965,,,,PENDING_AT_END
620.55,620.8162901574508,,,,PENDING_AT_END
620.9,620.9164596031006,,,,PENDING_AT_END
621.25,621.4429870435747,,,,PENDING_AT_END
621.5999999999999,621.8667029166661,,,,PENDING_AT_END
621.9499999999999,622.1663428412409,,,,PENDING_AT_END
622.3,622.3947844762172,,,,PENDING_AT_END
622.65,622.888001757076,,,,PENDING_AT_END
623.0,623.1894907273706,,,,PENDING_AT_END
623.3499999999999,623.6833630229669,,,,PENDING_AT_END
623.6999999999999,623.9974051326359,,,,PENDING_AT_END
624.05,624.0923945234815,,,,PENDING_AT_END
624.4,624.5390531939744,,,,PENDING_AT_END
624.75,625.1436991985604,,,,PENDING_AT_END
625.0999999999999,625.194624960466,,,,PENDING_AT_END
625.4499999999999,625.5097509292526,,,,PENDING_AT_END
625.8,626.1840525372238,,,,PENDING_AT_END
626.15,626.4653211157637,,,,PENDING_AT_END
626.5,626.8660794288298,,,,PENDING_AT_END
626.8499999999999,626.8688973188418,,,,PENDING_AT_END
627.1999999999999,627.2851416261373,,,,PENDING_AT_END
627.55,627.8218628178386,,,,PENDING_AT_END
627.9,628.1880815398407,,,,PENDING_AT_END
628.25,628.5539089163506,,,,PENDING_AT_END
628.5999999999999,628.7613188239986,,,,PENDING_AT_END
628.9499999999999,629.1868695494192,,,,PENDING_AT_END
629.3,629.6477755033329,,,,PENDING_AT_END
629.65,629.8885760884162,,,,PENDING_AT_END
630.0,630.2580197250941,,,,PENDING_AT_END
630.3499999999999,630.3569149580931,,,,PENDING_AT_END
630.6999999999999,631.0872963754842,,,,PENDING_AT_END
631.05,631.192974556647,,,,PENDING_AT_END
631.4,631.5171135368856,,,,PENDING_AT_END
631.75,631.973183260146,,,,PENDING_AT_END
632.0999999999999,632.4069016473452,,,,PENDING_AT_END
632.4499999999999,632.5266327584549,,,,PENDING_AT_END
632.8,632.9753099679313,,,,PENDING_AT_END
633.15,633.3665449221877,,,,PENDING_AT_END
633.5,633.8378682938135,,,,PENDING_AT_END
633.8499999999999,634.2462109723513,,,,PENDING_AT_END
634.1999999999999,634.3727972818875,,,,PENDING_AT_END
634.55,634.7777928890341,,,,PENDING_AT_END
634.9,635.1010614447629,,,,PENDING_AT_END
635.25,635.4419409481109,,,,PENDING_AT_END
635.5999999999999,635.888405349589,,,,PENDING_AT_END
635.9499999999999,635.9578022708107,,,,PENDING_AT_END
636.3,636.3473260627115,,,,PENDING_AT_END
636.65,636.8388416354716,,,,PENDING_AT_END
637.0,637.1657781567519,,,,PENDING_AT_END
637.3499999999999,637.6070956224312,,,,PENDING_AT_END
637.6999999999999,637.7139677883125,,,,PENDING_AT_END
638.05,638.0951994318693,,,,PENDING_AT_END
638.4,638.7000480926157,,,,PENDING_AT_END
638.75,638.9210907172333,,,,PENDING_AT_END
639.0999999999999,639.4554222395655,,,,PENDING_AT_END
639.4499999999999,639.4991500975119,,,,PENDING_AT_END
639.8,639.8923704781275,,,,PENDING_AT_END
640.15,640.517573595928,,,,PENDING_AT_END
640.5,640.6212064383915,,,,PENDING_AT_END
640.8499999999999,641.2375715769888,,,,PENDING_AT_END
641.1999999999999,641.2526106822532,,,,PENDING_AT_END
641.55,641.7881224034372,,,,PENDING_AT_END
641.9,641.9173063438933,,,,PENDING_AT_END
642.25,642.4435791858264,,,,PENDING_AT_END
642.5999999999999,642.8661060611691,,,,PENDING_AT_END
642.9499999999999,643.331876857346,,,,PENDING_AT_END
643.3,643.5234504368973,,,,PENDING_AT_END
643.65,644.0216502499605,,,,PENDING_AT_END
644.0,644.3274000821011,,,,PENDING_AT_END
644.3499999999999,644.4996900980616,,,,PENDING_AT_END
644.6999999999999,644.8203533915877,,,,PENDING_AT_END
645.05,645.0654477458531,,,,PENDING_AT_END
645.4,645.4567053520303,,,,PENDING_AT_END
645.75,646.0612475041332,,,,PENDING_AT_END
646.0999999999999,646.1467316607343,,,,PENDING_AT_END
646.4499999999999,646.8140644769197,,,,PENDING_AT_END
646.8,647.044512732617,,,,PENDING_AT_END
647.15,647.3244751837022,,,,PENDING_AT_END
647.5,647.6910747174529,,,,PENDING_AT_END
647.8499999999999,647.9761705515755,,,,PENDING_AT_END
648.1999999999999,648.3701880835537,,,,PENDING_AT_END
648.55,648.6213041728265,,,,PENDING_AT_END
648.9,649.275576284096,,,,PENDING_AT_END
649.25,649.3223200146106,,,,PENDING_AT_END
649.5999999999999,649.8435953647133,,,,PENDING_AT_END
649.9499999999999,650.0827140874741,,,,PENDING_AT_END
650.3,650.3861819414253,,,,PENDING_AT_END
650.65,650.90408090844,,,,PENDING_AT_END
651.0,651.2639626064745,,,,PENDING_AT_END
651.3499999999999,651.5258307301792,,,,PENDING_AT_END
651.6999999999999,651.7117598243314,,,,PENDING_AT_END
652.05,652.2495615759708,,,,PENDING_AT_END
652.4,652.5921601262711,,,,PENDING_AT_END
652.75,652.9055190542447,,,,PENDING_AT_END
653.0999999999999,653.3164735415237,,,,PENDING_AT_END
653.4499999999999,653.723893719272,,,,PENDING_AT_END
653.8,653.9302721213471,,,,PENDING_AT_END
654.15,654.3889150894369,,,,PENDING_AT_END
654.5,654.7403129084023,,,,PENDING_AT_END
654.8499999999999,654.9805030351004,,,,PENDING_AT_END
655.1999999999999,655.2385555620434,,,,PENDING_AT_END
655.55,655.8796357924275,,,,PENDING_AT_END
655.9,655.9927041039895,,,,PENDING_AT_END
656.25,656.3400896677749,,,,PENDING_AT_END
656.5999999999999,656.602442656425,,,,PENDING_AT_END
656.9499999999999,657.2821746798808,,,,PENDING_AT_END
657.3,657.6877796624219,,,,PENDING_AT_END
657.65,657.7649879435688,,,,PENDING_AT_END
658.0,658.2914616624942,,,,PENDING_AT_END
658.3499999999999,658.4372645440744,,,,PENDING_AT_END
658.6999999999999,658.76648965687,,,,PENDING_AT_END
659.05,659.381559788769,,,,PENDING_AT_END
659.4,659.759788327205,,,,PENDING_AT_END
659.75,659.7725426405768,,,,PENDING_AT_END
660.0999999999999,660.3964089281831,,,,PENDING_AT_END
660.4499999999999,660.6077545795671,,,,PENDING_AT_END
660.8,661.0633648132825,,,,PENDING_AT_END
661.15,661.5286019417387,,,,PENDING_AT_END
661.5,661.8722073104052,,,,PENDING_AT_END
661.8499999999999,661.8771957842387,,,,PENDING_AT_END
662.1999999999999,662.4868524604414,,,,PENDING_AT_END
662.55,662.7389205701256,,,,PENDING_AT_END
662.9,663.2692542844378,,,,PENDING_AT_END
663.25,663.5060370032286,,,,PENDING_AT_END
663.5999999999999,663.8533229320344,,,,PENDING_AT_END
663.9499999999999,664.1353257730444,,,,PENDING_AT_END
664.3,664.3628211749362,,,,PENDING_AT_END
664.65,664.9589603581152,,,,PENDING_AT_END
665.0,665.2144286830501,,,,PENDING_AT_END
665.3499999999999,665.5682311228857,,,,PENDING_AT_END
665.6999999999999,665.7985523093267,,,,PENDING_AT_END
666.05,666.1886020200122,,,,PENDING_AT_END
666.4,666.5283940068256,,,,PENDING_AT_END
666.75,667.0200427064933,,,,PENDING_AT_END
667.0999999999999,667.3216575393817,,,,PENDING_AT_END
667.4499999999999,667.5183876758246,,,,PENDING_AT_END
667.8,668.0337823738712,,,,PENDING_AT_END
668.15,668.2721095358442,,,,PENDING_AT_END
668.5,668.7725071395687,,,,PENDING_AT_END
668.8499999999999,668.9885101352331,,,,PENDING_AT_END
669.1999999999999,669.4851210619782,,,,PENDING_AT_END
669.55,669.6750511261862,,,,PENDING_AT_END
669.9,670.0624320868125,,,,PENDING_AT_END
670.25,670.6409993454884,,,,PENDING_AT_END
670.5999999999999,670.7310766949929,,,,PENDING_AT_END
670.9499999999999,671.0972973573652,,,,PENDING_AT_END
671.3,671.3336133582848,,,,PENDING_AT_END
671.65,671.6766240449391,,,,PENDING_AT_END
672.0,672.1343952981122,,,,PENDING_AT_END
672.3499999999999,672.3708901748928,,,,PENDING_AT_END
672.6999999999999,673.0406717915438,,,,PENDING_AT_END
673.05,673.0688654433586,,,,PENDING_AT_END
673.4,673.5234055298546,,,,PENDING_AT_END
673.75,673.7870984561989,,,,PENDING_AT_END
674.0999999999999,674.2792947425069,,,,PENDING_AT_END
674.4499999999999,674.5729025252737,,,,PENDING_AT_END
674.8,674.9886463708588,,,,PENDING_AT_END
675.15,675.4558743070546,,,,PENDING_AT_END
675.5,675.7554514295305,,,,PENDING_AT_END
675.8499999999999,675.9926488035094,,,,PENDING_AT_END
676.1999999999999,676.2564584293888,,,,PENDING_AT_END
676.55,676.7253441628034,,,,PENDING_AT_END
676.9,677.1115697584504,,,,PENDING_AT_END
677.25,677.5473399604953,,,,PENDING_AT_END
677.5999999999999,677.8928994694227,,,,PENDING_AT_END
677.9499999999999,677.9948539937533,,,,PENDING_AT_END
678.3,678.6157882864597,,,,PENDING_AT_END
678.65,678.8344976398918,,,,PENDING_AT_END
679.0,679.1425628470795,,,,PENDING_AT_END
679.3499999999999,679.4701121023365,,,,PENDING_AT_END
679.6999999999999,680.022311061561,,,,PENDING_AT_END
680.05,680.2784304274901,,,,PENDING_AT_END
680.4,680.4797755189537,,,,PENDING_AT_END
680.75,680.8657539839965,,,,PENDING_AT_END
681.0999999999999,681.4605208057255,,,,PENDING_AT_END
681.4499999999999,681.531269812693,,,,PENDING_AT_END
681.8,681.9333480156401,,,,PENDING_AT_END
682.15,682.3453321561532,,,,PENDING_AT_END
682.5,682.7137262375065,,,,PENDING_AT_END
682.8499999999999,682.9388982152796,,,,PENDING_AT_END
683.1999999999999,683.2499247060115,,,,PENDING_AT_END
683.55,683.6371092957893,,,,PENDING_AT_END
683.9,683.9332583542879,,,,PENDING_AT_END
684.25,684.5650061221977,,,,PENDING_AT_END
684.5999999999999,684.8753523355751,,,,PENDING_AT_END
684.9499999999999,685.0458583707376,,,,PENDING_AT_END
685.3,685.5577238992487,,,,PENDING_AT_END
685.65,686.0173776674297,,,,PENDING_AT_END
686.0,686.3921612148947,,,,PENDING_AT_END
686.3499999999999,686.520849606205,,,,PENDING_AT_END
686.6999999999999,686.714973826745,,,,PENDING_AT_END
687.05,687.2397737071096,,,,PENDING_AT_END
687.4,687.6139791574764,,,,PENDING_AT_END
687.75,687.820033031142,,,,PENDING_AT_END
688.0999999999999,688.4654434757138,,,,PENDING_AT_END
688.4499999999999,688.4773269514818,,,,PENDING_AT_END
688.8,689.1177615558329,,,,PENDING_AT_END
689.15,689.3419676081636,,,,PENDING_AT_END
689.5,689.6900871342311,,,,PENDING_AT_END
689.8499999999999,689.8538570710575,,,,PENDING_AT_END
690.1999999999999,690.53088396953,,,,PENDING_AT_END
690.55,690.7239179735898,,,,PENDING_AT_END
690.9,691.0263878783115,,,,PENDING_AT_END
691.25,691.2750379512115,,,,PENDING_AT_END
691.5999999999999,691.6726157102651,,,,PENDING_AT_END
691.9499999999999,692.1280681362495,,,,PENDING_AT_END
692.3,692.4222918254393,,,,PENDING_AT_END
692.65,692.7806858921996,,,,PENDING_AT_END
693.0,693.2643575317047,,,,PENDING_AT_END
693.3499999999999,693.720632869981,,,,PENDING_AT_END
693.6999999999999,693.9915754175973,,,,PENDING_AT_END
694.05,694.2430523687963,,,,PENDING_AT_END
694.4,694.7223108016975,,,,PENDING_AT_END
694.75,694.9547431500257,,,,PENDING_AT_END
695.0999999999999,695.1406108662839,,,,PENDING_AT_END
695.4499999999999,695.6758100237354,,,,PENDING_AT_END
695.8,695.8429519723541,,,,PENDING_AT_END
696.15,696.3199423124955,,,,PENDING_AT_END
696.5,696.6913464700817,,,,PENDING_AT_END
696.8499999999999,696.9670149453855,,,,PENDING_AT_END
697.1999999999999,697.5477426123067,,,,PENDING_AT_END
697.55,697.7486256095397,,,,PENDING_AT_END
697.9,698.1940882667278,,,,PENDING_AT_END
698.25,698.4270772330233,,,,PENDING_AT_END
698.5999999999999,698.7515599606438,,,,PENDING_AT_END
698.9499999999999,699.0150341111197,,,,PENDING_AT_END
699.3,699.6236288678572,,,,PENDING_AT_END
699.65,699.8855401335123,,,,PENDING_AT_END
700.0,700.0261217623561,,,,PENDING_AT_END
700.3499999999999,700.4741566545499,,,,PENDING_AT_END
700.6999999999999,700.7839600587296,,,,PENDING_AT_END
701.05,701.2084215108648,,,,PENDING_AT_END
701.4,701.635064308657,,,,PENDING_AT_END
701.75,701.9802367039233,,,,PENDING_AT_END
702.0999999999999,702.4554635237932,,,,PENDING_AT_END
702.4499999999999,702.7016419941004,,,,PENDING_AT_END
702.8,702.9720046498239,,,,PENDING_AT_END
703.15,703.5386675146402,,,,PENDING_AT_END
703.5,703.636582020082,,,,PENDING_AT_END
703.8499999999999,704.0938365536556,,,,PENDING_AT_END
704.1999999999999,704.4300462263399,,,,PENDING_AT_END
704.55,704.8661186457543,,,,PENDING_AT_END
704.9,705.1757974923756,,,,PENDING_AT_END
705.25,705.2948662133463,,,,PENDING_AT_END
705.5999999999999,705.8129063922033,,,,PENDING_AT_END
705.9499999999999,706.171641434253,,,,PENDING_AT_END
706.3,706.4918762243624,,,,PENDING_AT_END
706.65,706.8809757769612,,,,PENDING_AT_END
707.0,707.2125166860399,,,,PENDING_AT_END
707.3499999999999,707.4435810173529,,,,PENDING_AT_END
707.6999999999999,708.0724494865052,,,,PENDING_AT_END
708.05,708.3335480968367,,,,PENDING_AT_END
708.4,708.4654903325296,,,,PENDING_AT_END
708.75,709.031708696738,,,,PENDING_AT_END
709.0999999999999,709.3161210316252,,,,PENDING_AT_END
709.4499999999999,709.6138395001398,,,,PENDING_AT_END
709.8,710.0088268884733,,,,PENDING_AT_END
710.15,710.5118408420309,,,,PENDING_AT_END
710.5,710.5680804748849,,,,PENDING_AT_END
710.8499999999999,710.9679236185248,,,,PENDING_AT_END
711.1999999999999,711.3107741407636,,,,PENDING_AT_END
711.55,711.925153203352,,,,PENDING_AT_END
711.9,712.2105915949247,,,,PENDING_AT_END
712.25,712.3690163213589,,,,PENDING_AT_END
712.5999999999999,712.9004330305431,,,,PENDING_AT_END
712.9499999999999,713.3103776032905,,,,PENDING_AT_END
713.3,713.567996777937,,,,PENDING_AT_END
713.65,713.9396788580949,,,,PENDING_AT_END
714.0,714.2331355702004,,,,PENDING_AT_END
714.3499999999999,714.5252161686738,,,,PENDING_AT_END
714.6999999999999,714.9244160023653,,,,PENDING_AT_END
715.05,715.4007366847125,,,,PENDING_AT_END
715.4,715.7295540862534,,,,PENDING_AT_END
715.75,716.105933175952,,,,PENDING_AT_END
716.0999999999999,716.2314373661134,,,,PENDING_AT_END
716.4499999999999,716.7339915024369,,,,PENDING_AT_END
716.8,716.9394117914267,,,,PENDING_AT_END
717.15,717.3579597149086,,,,PENDING_AT_END
717.5,717.8781791434237,,,,PENDING_AT_END
717.8499999999999,718.1467589024041,,,,PENDING_AT_END
718.1999999999999,718.5370348083744,,,,PENDING_AT_END
718.55,718.5705368524168,,,,PENDING_AT_END
718.9,718.9573836894973,,,,PENDING_AT_END
719.25,719.4264429531847,,,,PENDING_AT_END
719.5999999999999,719.8335227950297,,,,PENDING_AT_END
719.9499999999999,720.2424512312972,,,,PENDING_AT_END
720.3,720.5436810840974,,,,PENDING_AT_END
720.65,721.0088776101546,,,,PENDING_AT_END
721.0,721.3382913399673,,,,PENDING_AT_END
721.3499999999999,721.6854366572916,,,,PENDING_AT_END
721.6999999999999,722.0280006740619,,,,PENDING_AT_END
722.05,722.1696958915259,,,,PENDING_AT_END
722.4,722.6161791628227,,,,PENDING_AT_END
722.75,723.005719100262,,,,PENDING_AT_END
723.0999999999999,723.4629215653533,,,,PENDING_AT_END
723.4499999999999,723.6307412859759,,,,PENDING_AT_END
723.8,723.8327797158424,,,,PENDING_AT_END
724.15,724.1557554838843,,,,PENDING_AT_END
724.5,724.6312664799411,,,,PENDING_AT_END
724.8499999999999,725.0822397992881,,,,PENDING_AT_END
725.1999999999999,725.319699480879,,,,PENDING_AT_END
725.55,725.9361945011099,,,,PENDING_AT_END
725.9,726.2701762149594,,,,PENDING_AT_END
726.25,726.5743540736999,,,,PENDING_AT_END
726.5999999999999,726.9159630246932,,,,PENDING_AT_END
726.9499999999999,727.2679220137774,,,,PENDING_AT_END
727.3,727.3824442727132,,,,PENDING_AT_END
727.65,727.8485358976142,,,,PENDING_AT_END
728.0,728.3495394532677,,,,PENDING_AT_END
728.3499999999999,728.5592289149608,,,,PENDING_AT_END
728.6999999999999,728.8564874439895,,,,PENDING_AT_END
729.05,729.2593480262303,,,,PENDING_AT_END
729.4,729.4332000708049,,,,PENDING_AT_END
729.75,730.0404477811385,,,,PENDING_AT_END
730.0999999999999,730.3552781284739,,,,PENDING_AT_END
730.4499999999999,730.5339680180792,,,,PENDING_AT_END
730.8,731.0011109958341,,,,PENDING_AT_END
731.15,731.4507942004037,,,,PENDING_AT_END
731.5,731.83956851225,,,,PENDING_AT_END
731.8499999999999,731.8956307762126,,,,PENDING_AT_END
732.1999999999999,732.2327664124313,,,,PENDING_AT_END
732.55,732.6483046758465,,,,PENDING_AT_END
732.9,733.2944285988386,,,,PENDING_AT_END
733.25,733.4466736430952,,,,PENDING_AT_END
733.5999999999999,733.8155082347387,,,,PENDING_AT_END
733.9499999999999,734.0600408969677,,,,PENDING_AT_END
734.3,734.6665742377536,,,,PENDING_AT_END
734.65,734.8805750966411,,,,PENDING_AT_END
