timestamp,gen_time,sel_time,tx_time,rx_time,status
0.0,0.0920015070501278,151.3224108970312,151.3234108970312,151.4934108970312,TX
0.35,0.4540545540246238,156.4943802281726,156.4953802281726,156.66538022817258,TX
0.7,0.9387132134418972,151.74319274440077,151.74419274440078,151.91419274440076,TX
1.0499999999999998,1.1973308864127725,154.09922067004425,154.10022067004425,154.27022067004424,TX
1.4,1.6814283950961912,155.49095837034582,155.49195837034583,155.66195837034581,TX
1.75,1.94014436709111,158.75744476102707,158.75844476102708,158.92844476102707,TX
2.0999999999999996,2.4821500500804543,160.163316515424,160.164316515424,160.33431651542398,TX
2.4499999999999997,2.6049590585229585,157.99207415311184,157.99307415311185,158.16307415311184,TX
2.8,2.9495736970701065,161.7811368017485,161.7821368017485,161.95213680174848,TX
3.15,3.4367809593351395,154.84376645732164,154.84476645732164,155.01476645732163,TX
3.5,3.511538097636282,154.00887132755557,154.00987132755557,154.17987132755556,TX
3.8499999999999996,3.945464787135852,157.35974161561109,157.3607416156111,157.53074161561108,TX
4.199999999999999,4.35894500064089,159.178641410037,159.179641410037,159.34964141003698,TX
4.55,4.766119602982301,157.4878886118737,157.4888886118737,157.6588886118737,TX
4.8999999999999995,5.16972178574374,,,,PENDING_AT_END
5.25,5.498898328941987,,,,PENDING_AT_END
5.6,5.862604091251223,,,,PENDING_AT_END
5.949999999999999,5.992946818467441,,,,PENDING_AT_END
6.3,6.579400322361342,,,,PENDING_AT_END
6.6499999999999995,6.98924338890751,,,,PENDING_AT_END
7.0,7.1350239389375325,,,,PENDING_AT_END
7.35,7.570661603458877,,,,PENDING_AT_END
7.699999999999999,8.058350191584958,,,,PENDING_AT_END
8.049999999999999,8.10438683857261,,,,PENDING_AT_END
8.399999999999999,8.70405842080281,,,,PENDING_AT_END
8.75,9.09531999988143,,,,PENDING_AT_END
9.1,9.36494481881815,,,,PENDING_AT_END
9.45,9.477677353005618,,,,PENDING_AT_END
9.799999999999999,9.984622045201393,,,,PENDING_AT_END
10.149999999999999,10.340142762081257,,,,PENDING_AT_END
10.5,10.635530099340556,,,,PENDING_AT_END
10.85,11.046141832368617,,,,PENDING_AT_END
11.2,11.327591805308806,,,,PENDING_AT_END
11.549999999999999,11.860247206745226,,,,PENDING_AT_END
11.899999999999999,12.102904449009053,,,,PENDING_AT_END
12.25,12.491806693926321,,,,PENDING_AT_END
12.6,12.837712137354211,,,,PENDING_AT_END
12.95,13.338382508799352,,,,PENDING_AT_END
13.299999999999999,13.394212655326955,,,,PENDING_AT_END
13.649999999999999,13.98020326180404,,,,PENDING_AT_END
14.0,14.223562093141407,,,,PENDING_AT_END
14.35,14.68510923655605,,,,PENDING_AT_END
14.7,15.078151201211345,,,,PENDING_AT_END
15.049999999999999,15.105654754354704,,,,PENDING_AT_END
15.399999999999999,15.51106218290392,,,,PENDING_AT_END
15.749999999999998,15.867814337148557,,,,PENDING_AT_END
16.099999999999998,16.14327054451339,,,,PENDING_AT_END
16.45,16.641592734295028,,,,PENDING_AT_END
16.799999999999997,16.853105376929292,,,,PENDING_AT_END
17.15,17.4066612389256,,,,PENDING_AT_END
17.5,17.701352258587782,,,,PENDING_AT_END
17.849999999999998,17.877244541724917,,,,PENDING_AT_END
18.2,18.490784450620016,,,,PENDING_AT_END
18.549999999999997,18.90194590276179,,,,PENDING_AT_END
18.9,19.007674580927485,,,,PENDING_AT_END
19.25,19.616189850372727,,,,PENDING_AT_END
19.599999999999998,19.690918819166438,,,,PENDING_AT_END
19.95,20.32112373401667,,,,PENDING_AT_END
20.299999999999997,20.48504659885632,,,,PENDING_AT_END
20.65,20.70053999520225,,,,PENDING_AT_END
21.0,21.1795808190055,,,,PENDING_AT_END
21.349999999999998,21.464933749772076,,,,PENDING_AT_END
21.7,21.757807931899567,,,,PENDING_AT_END
22.049999999999997,22.206523977054196,,,,PENDING_AT_END
22.4,22.545967831618327,,,,PENDING_AT_END
22.75,23.062125902448223,,,,PENDING_AT_END
23.099999999999998,23.42249704514929,,,,PENDING_AT_END
23.45,23.84772393689914,,,,PENDING_AT_END
23.799999999999997,24.002630430084807,,,,PENDING_AT_END
24.15,24.412538474857655,,,,PENDING_AT_END
24.5,24.641848556160497,,,,PENDING_AT_END
24.849999999999998,25.203080085421643,,,,PENDING_AT_END
25.2,25.214152904298164,,,,PENDING_AT_END
25.549999999999997,25.82274308778645,,,,PENDING_AT_END
25.9,26.241165987416153,,,,PENDING_AT_END
26.25,26.54515722009404,,,,PENDING_AT_END
26.599999999999998,26.91828510193842,,,,PENDING_AT_END
26.95,27.274795972054665,,,,PENDING_AT_END
27.299999999999997,27.61475215987823,,,,PENDING_AT_END
27.65,28.04043679410256,,,,PENDING_AT_END
28.0,28.30530590563528,,,,PENDING_AT_END
28.349999999999998,28.476707783145695,,,,PENDING_AT_END
28.7,28.8868398023204,,,,PENDING_AT_END
29.049999999999997,29.446612483207502,,,,PENDING_AT_END
29.4,29.405302828452974,,,,PENDING_AT_END
29.749999999999996,29.794277087075454,,,,PENDING_AT_END
30.099999999999998,30.3614829093486,,,,PENDING_AT_END
30.45,30.837217533316572,,,,PENDING_AT_END
30.799999999999997,31.172573475547466,,,,PENDING_AT_END
31.15,31.296421081275177,,,,PENDING_AT_END
31.499999999999996,31.865418736766504,,,,PENDING_AT_END
31.849999999999998,31.877460228121475,,,,PENDING_AT_END
32.199999999999996,32.49395832357262,,,,PENDING_AT_END
32.55,32.664616222336434,,,,PENDING_AT_END
32.9,33.154612846124046,,,,PENDING_AT_END
33.25,33.49056522341971,,,,PENDING_AT_END
33.599999999999994,33.602240028852805,,,,PENDING_AT_END
33.949999999999996,34.30901200217742,,,,PENDING_AT_END
34.3,34.59342189450831,,,,PENDING_AT_END
34.65,34.96545891083513,,,,PENDING_AT_END
35.0,35.15183578980549,,,,PENDING_AT_END
35.349999999999994,35.37861048661411,,,,PENDING_AT_END
35.699999999999996,35.95005708407188,,,,PENDING_AT_END
36.05,36.37872978717181,,,,PENDING_AT_END
36.4,36.68551534852811,,,,PENDING_AT_END
36.75,37.0720456720086,,,,PENDING_AT_END
37.099999999999994,37.47569665782727,,,,PENDING_AT_END
37.449999999999996,37.84695653050853,,,,PENDING_AT_END
37.8,38.17970659488972,,,,PENDING_AT_END
38.15,38.298201848226135,,,,PENDING_AT_END
38.5,38.73737023368416,,,,PENDING_AT_END
38.849999999999994,38.997232655128556,,,,PENDING_AT_END
39.199999999999996,39.54183377121155,,,,PENDING_AT_END
39.55,39.79994619615674,,,,PENDING_AT_END
39.9,39.985244797691855,,,,PENDING_AT_END
40.25,40.28130408076666,,,,PENDING_AT_END
40.599999999999994,40.76498594616557,,,,PENDING_AT_END
40.949999999999996,41.26561393558172,,,,PENDING_AT_END
41.3,41.497078249778625,,,,PENDING_AT_END
41.65,42.015689763692826,,,,PENDING_AT_END
42.0,42.299951676325534,,,,PENDING_AT_END
42.349999999999994,42.55756314670762,,,,PENDING_AT_END
42.699999999999996,42.79307087391471,,,,PENDING_AT_END
43.05,43.183739389360596,,,,PENDING_AT_END
43.4,43.73560397179306,,,,PENDING_AT_END
43.75,43.7836870694894,,,,PENDING_AT_END
44.099999999999994,44.38641377198144,,,,PENDING_AT_END
44.449999999999996,44.743693995381896,,,,PENDING_AT_END
44.8,44.85480224018268,,,,PENDING_AT_END
45.15,45.173625987261055,,,,PENDING_AT_END
45.5,45.6582188019522,,,,PENDING_AT_END
45.849999999999994,45.951043890741204,,,,PENDING_AT_END
46.199999999999996,46.21371298744331,,,,PENDING_AT_END
46.55,46.63952053722831,,,,PENDING_AT_END
46.9,47.120246039667386,,,,PENDING_AT_END
47.25,47.295001173144385,,,,PENDING_AT_END
47.599999999999994,47.77978016026027,,,,PENDING_AT_END
47.949999999999996,48.266375681238536,,,,PENDING_AT_END
48.3,48.41439619737811,,,,PENDING_AT_END
48.65,48.80052513911334,,,,PENDING_AT_END
49.0,49.246826845077834,,,,PENDING_AT_END
49.349999999999994,49.70019562948927,,,,PENDING_AT_END
49.699999999999996,49.97788145724898,,,,PENDING_AT_END
50.05,50.224438574842935,,,,PENDING_AT_END
50.4,50.762023991275306,,,,PENDING_AT_END
50.75,50.78245016725241,,,,PENDING_AT_END
51.099999999999994,51.425685013806756,,,,PENDING_AT_END
51.449999999999996,51.819287161919185,,,,PENDING_AT_END
51.8,51.9868838713778,,,,PENDING_AT_END
52.15,52.49628066098803,,,,PENDING_AT_END
52.5,52.535578544912426,,,,PENDING_AT_END
52.849999999999994,52.9693958009708,,,,PENDING_AT_END
53.199999999999996,53.37311264506585,,,,PENDING_AT_END
53.55,53.843286143472014,,,,PENDING_AT_END
53.9,54.1613541930945,,,,PENDING_AT_END
54.25,54.3117195345431,,,,PENDING_AT_END
54.599999999999994,54.69918215575727,,,,PENDING_AT_END
54.949999999999996,55.3209830491269,,,,PENDING_AT_END
55.3,55.43797337760651,,,,PENDING_AT_END
55.65,55.681262873061776,,,,PENDING_AT_END
56.0,56.22506118945617,,,,PENDING_AT_END
56.349999999999994,56.72609474469547,,,,PENDING_AT_END
56.699999999999996,56.95360249443403,,,,PENDING_AT_END
57.05,57.13290969113254,,,,PENDING_AT_END
57.4,57.68768180654512,,,,PENDING_AT_END
57.74999999999999,57.80576306584884,,,,PENDING_AT_END
58.099999999999994,58.28644659113682,,,,PENDING_AT_END
58.449999999999996,58.796890060552066,,,,PENDING_AT_END
58.8,59.1201573057503,,,,PENDING_AT_END
59.15,59.44283610071725,,,,PENDING_AT_END
59.49999999999999,59.804187436443534,,,,PENDING_AT_END
59.849999999999994,60.11423860528039,,,,PENDING_AT_END
60.199999999999996,60.228692888255615,,,,PENDING_AT_END
60.55,60.60357946865099,,,,PENDING_AT_END
60.9,61.097303979818925,,,,PENDING_AT_END
61.24999999999999,61.26394050963223,,,,PENDING_AT_END
61.599999999999994,61.66252664442854,,,,PENDING_AT_END
61.949999999999996,62.29738811658114,,,,PENDING_AT_END
62.3,62.523463472787995,,,,PENDING_AT_END
62.65,62.912667109627854,,,,PENDING_AT_END
62.99999999999999,63.041610531370644,,,,PENDING_AT_END
63.349999999999994,63.47402540344454,,,,PENDING_AT_END
63.699999999999996,63.921504907040365,,,,PENDING_AT_END
64.05,64.13299506460969,,,,PENDING_AT_END
64.39999999999999,64.7613161964433,,,,PENDING_AT_END
64.75,64.9599967728218,,,,PENDING_AT_END
65.1,65.4495238905798,,,,PENDING_AT_END
65.45,65.69057224985316,,,,PENDING_AT_END
65.8,66.01614101715971,,,,PENDING_AT_END
66.14999999999999,66.16860025940939,,,,PENDING_AT_END
66.5,66.68581442524535,,,,PENDING_AT_END
66.85,67.2050323391961,,,,PENDING_AT_END
67.19999999999999,67.56365489236319,,,,PENDING_AT_END
67.55,67.60339926417824,,,,PENDING_AT_END
67.89999999999999,68.23321445659776,,,,PENDING_AT_END
68.25,68.55104925197313,,,,PENDING_AT_END
68.6,68.64650754811751,,,,PENDING_AT_END
68.94999999999999,69.11783732894227,,,,PENDING_AT_END
69.3,69.51256674619223,,,,PENDING_AT_END
69.64999999999999,69.9368256811892,,,,PENDING_AT_END
70.0,70.23924701486806,,,,PENDING_AT_END
70.35,70.40846428048411,,,,PENDING_AT_END
70.69999999999999,70.92511915793037,,,,PENDING_AT_END
71.05,71.08051193302795,,,,PENDING_AT_END
71.39999999999999,71.46926207295088,,,,PENDING_AT_END
71.75,71.8252858161674,,,,PENDING_AT_END
72.1,72.23150899829332,,,,PENDING_AT_END
72.44999999999999,72.53562382115868,,,,PENDING_AT_END
72.8,72.82270398325072,,,,PENDING_AT_END
73.14999999999999,73.33849563705171,,,,PENDING_AT_END
73.5,73.76584328996441,,,,PENDING_AT_END
73.85,73.99435341536267,,,,PENDING_AT_END
74.19999999999999,74.52763907160073,,,,PENDING_AT_END
74.55,74.78738985964783,,,,PENDING_AT_END
74.89999999999999,75.05711424888248,,,,PENDING_AT_END
75.25,75.3336722001691,,,,PENDING_AT_END
75.6,75.8979800762011,,,,PENDING_AT_END
75.94999999999999,76.24199741602692,,,,PENDING_AT_END
76.3,76.59935165069963,,,,PENDING_AT_END
76.64999999999999,76.82834325501436,,,,PENDING_AT_END
77.0,77.08191723779262,,,,PENDING_AT_END
77.35,77.71687385908552,,,,PENDING_AT_END
77.69999999999999,77.73742313419879,,,,PENDING_AT_END
78.05,78.37650693043072,,,,PENDING_AT_END
78.39999999999999,78.62815893445936,,,,PENDING_AT_END
78.75,79.01681062203329,,,,PENDING_AT_END
79.1,79.17822667725372,,,,PENDING_AT_END
79.44999999999999,79.83002503495291,,,,PENDING_AT_END
79.8,79.87087074906624,,,,PENDING_AT_END
80.14999999999999,80.44045791221718,,,,PENDING_AT_END
80.5,80.84904593384138,,,,PENDING_AT_END
80.85,81.13535455154948,,,,PENDING_AT_END
81.19999999999999,81.459557015136,,,,PENDING_AT_END
81.55,81.63906495104727,,,,PENDING_AT_END
81.89999999999999,82.20152551994526,,,,PENDING_AT_END
82.25,82.45878640647979,,,,PENDING_AT_END
82.6,82.9999969607783,,,,PENDING_AT_END
82.94999999999999,82.977526793322,,,,PENDING_AT_END
83.3,83.50318191202031,,,,PENDING_AT_END
83.64999999999999,83.72151579757691,,,,PENDING_AT_END
84.0,84.29094703995167,,,,PENDING_AT_END
84.35,84.58348993008536,,,,PENDING_AT_END
84.69999999999999,85.04983380295548,,,,PENDING_AT_END
85.05,85.14804537798561,,,,PENDING_AT_END
85.39999999999999,85.4563690543542,,,,PENDING_AT_END
85.75,85.85756581205618,,,,PENDING_AT_END
86.1,86.45005595673831,,,,PENDING_AT_END
86.44999999999999,86.4628404304851,,,,PENDING_AT_END
86.8,87.12801526784746,,,,PENDING_AT_END
87.14999999999999,87.51797501506279,,,,PENDING_AT_END
87.5,87.84096891969236,,,,PENDING_AT_END
87.85,87.97230061139581,,,,PENDING_AT_END
88.19999999999999,88.31512986795963,,,,PENDING_AT_END
88.55,88.76263854335649,,,,PENDING_AT_END
88.89999999999999,89.11527606728667,,,,PENDING_AT_END
89.25,89.51085577733113,,,,PENDING_AT_END
89.6,89.82133796282235,,,,PENDING_AT_END
89.94999999999999,90.33583790320384,,,,PENDING_AT_END
90.3,90.62320392908138,,,,PENDING_AT_END
90.64999999999999,91.01883347600737,,,,PENDING_AT_END
91.0,91.06860305241653,,,,PENDING_AT_END
91.35,91.66290760083314,,,,PENDING_AT_END
91.69999999999999,91.85597853868697,,,,PENDING_AT_END
92.05,92.40491090563587,,,,PENDING_AT_END
92.39999999999999,92.44820179554567,,,,PENDING_AT_END
92.75,92.82702388116016,,,,PENDING_AT_END
93.1,93.46379715425883,,,,PENDING_AT_END
93.44999999999999,93.55447599849114,,,,PENDING_AT_END
93.8,94.00253327356093,,,,PENDING_AT_END
94.14999999999999,94.19094246860526,,,,PENDING_AT_END
94.5,94.79071258100743,,,,PENDING_AT_END
94.85,95.1618805791262,,,,PENDING_AT_END
95.19999999999999,95.40861125799825,,,,PENDING_AT_END
95.55,95.86010413556177,,,,PENDING_AT_END
95.89999999999999,96.00967810206124,,,,PENDING_AT_END
96.25,96.60943608823803,,,,PENDING_AT_END
96.6,96.68527498621913,,,,PENDING_AT_END
96.94999999999999,97.22453996588658,,,,PENDING_AT_END
97.3,97.69875687702763,,,,PENDING_AT_END
97.64999999999999,98.02104254605204,,,,PENDING_AT_END
98.0,98.29688526157992,,,,PENDING_AT_END
98.35,98.56308524486388,,,,PENDING_AT_END
98.69999999999999,98.78076245908181,,,,PENDING_AT_END
99.05,99.39988168026242,,,,PENDING_AT_END
99.39999999999999,99.4245674514976,,,,PENDING_AT_END
99.75,99.75153060911683,,,,PENDING_AT_END
100.1,100.26596605351824,,,,PENDING_AT_END
100.44999999999999,100.4583475120435,,,,PENDING_AT_END
100.8,101.17989270901249,,,,PENDING_AT_END
101.14999999999999,101.21759660356942,,,,PENDING_AT_END
101.5,101.52265274622647,,,,PENDING_AT_END
101.85,101.8649162839859,,,,PENDING_AT_END
102.19999999999999,102.38788712670134,,,,PENDING_AT_END
102.55,102.6818425926093,,,,PENDING_AT_END
102.89999999999999,103.21568769934204,,,,PENDING_AT_END
103.25,103.45061837218248,,,,PENDING_AT_END
103.6,103.70327214232017,,,,PENDING_AT_END
103.94999999999999,104.1314758350191,,,,PENDING_AT_END
104.3,104.39994725309394,,,,PENDING_AT_END
104.64999999999999,105.04774591904412,,,,PENDING_AT_END
105.0,105.10011409783473,,,,PENDING_AT_END
105.35,105.51844199558104,,,,PENDING_AT_END
105.69999999999999,106.04561967121737,,,,PENDING_AT_END
106.05,106.40181041409697,,,,PENDING_AT_END
106.39999999999999,106.708327711665,,,,PENDING_AT_END
106.75,106.94964312547415,,,,PENDING_AT_END
107.1,107.37341455833274,,,,PENDING_AT_END
107.44999999999999,107.62182538605032,,,,PENDING_AT_END
107.8,107.9678543068275,,,,PENDING_AT_END
108.14999999999999,108.21955219516478,,,,PENDING_AT_END
108.5,108.5099053836368,,,,PENDING_AT_END
108.85,109.03148701576373,,,,PENDING_AT_END
109.19999999999999,109.55747685995235,,,,PENDING_AT_END
109.55,109.69173546774222,,,,PENDING_AT_END
109.89999999999999,110.21232539433525,,,,PENDING_AT_END
110.25,110.5248603332767,,,,PENDING_AT_END
110.6,110.85351483172212,,,,PENDING_AT_END
110.94999999999999,110.99007721473731,,,,PENDING_AT_END
111.3,111.41121482399616,,,,PENDING_AT_END
111.64999999999999,111.88637777798216,,,,PENDING_AT_END
112.0,112.0199360744819,,,,PENDING_AT_END
112.35,112.38193971021616,,,,PENDING_AT_END
112.69999999999999,112.90342512357216,,,,PENDING_AT_END
113.05,113.30262941003586,,,,PENDING_AT_END
113.39999999999999,113.70869571631052,,,,PENDING_AT_END
113.74999999999999,114.07074021864982,,,,PENDING_AT_END
114.1,114.15616508924856,,,,PENDING_AT_END
114.44999999999999,114.46274455482413,,,,PENDING_AT_END
114.8,115.04042358746851,,,,PENDING_AT_END
115.14999999999999,115.5461343740305,,,,PENDING_AT_END
115.49999999999999,115.79766190266251,,,,PENDING_AT_END
115.85,116.0336681427988,,,,PENDING_AT_END
116.19999999999999,116.37583199789759,,,,PENDING_AT_END
116.55,116.67177728490604,,,,PENDING_AT_END
116.89999999999999,116.96128399412505,,,,PENDING_AT_END
117.24999999999999,117.3451584939014,,,,PENDING_AT_END
117.6,117.86428119758821,,,,PENDING_AT_END
117.94999999999999,118.04733932724261,,,,PENDING_AT_END
118.3,118.63125602552218,,,,PENDING_AT_END
118.64999999999999,118.9026368129921,,,,PENDING_AT_END
118.99999999999999,119.06784911587157,,,,PENDING_AT_END
119.35,119.5791261317319,,,,PENDING_AT_END
119.69999999999999,120.06318035240545,,,,PENDING_AT_END
120.05,120.06417928651281,,,,PENDING_AT_END
120.39999999999999,120.53810329112424,,,,PENDING_AT_END
120.74999999999999,120.83505472001623,,,,PENDING_AT_END
121.1,121.12275198918692,,,,PENDING_AT_END
121.44999999999999,121.4570389758442,,,,PENDING_AT_END
121.8,121.93744317540738,,,,PENDING_AT_END
122.14999999999999,122.41300633668716,,,,PENDING_AT_END
122.49999999999999,122.59362072847155,,,,PENDING_AT_END
122.85,122.87248311990768,,,,PENDING_AT_END
123.19999999999999,123.2754918948664,,,,PENDING_AT_END
123.55,123.85702744073238,,,,PENDING_AT_END
123.89999999999999,124.25940365404209,,,,PENDING_AT_END
124.24999999999999,124.55370176827576,,,,PENDING_AT_END
124.6,124.8638112933414,,,,PENDING_AT_END
124.94999999999999,125.18476399356973,,,,PENDING_AT_END
125.3,125.35358696244027,,,,PENDING_AT_END
125.64999999999999,125.88119298769713,,,,PENDING_AT_END
125.99999999999999,126.00180864653301,,,,PENDING_AT_END
126.35,126.35035577327687,,,,PENDING_AT_END
126.69999999999999,127.01419088045611,,,,PENDING_AT_END
127.05,127.28331590265431,,,,PENDING_AT_END
127.39999999999999,127.73759773064803,,,,PENDING_AT_END
127.74999999999999,127.92419565524715,,,,PENDING_AT_END
128.1,128.36272759068586,,,,PENDING_AT_END
128.45,128.75232509076068,,,,PENDING_AT_END
128.79999999999998,129.1963875260512,,,,PENDING_AT_END
129.15,129.33270439963158,,,,PENDING_AT_END
129.5,129.72387494459468,,,,PENDING_AT_END
129.85,130.0232518915656,,,,PENDING_AT_END
130.2,130.55848695729338,,,,PENDING_AT_END
130.54999999999998,130.89958890728659,,,,PENDING_AT_END
130.9,131.12758073833473,,,,PENDING_AT_END
131.25,131.45295124186202,,,,PENDING_AT_END
131.6,131.87885563504673,,,,PENDING_AT_END
131.95,132.03423682232045,,,,PENDING_AT_END
132.29999999999998,132.36348263567865,,,,PENDING_AT_END
132.65,132.70638383866034,,,,PENDING_AT_END
133.0,133.01995306675553,,,,PENDING_AT_END
133.35,133.54183723477732,,,,PENDING_AT_END
133.7,134.00737785111875,,,,PENDING_AT_END
134.04999999999998,134.14958508058336,,,,PENDING_AT_END
134.39999999999998,134.62929757940225,,,,PENDING_AT_END
134.75,134.78551822446548,,,,PENDING_AT_END
135.1,135.44241895380785,,,,PENDING_AT_END
135.45,135.7353593303979,,,,PENDING_AT_END
135.79999999999998,136.06682202044428,,,,PENDING_AT_END
136.14999999999998,136.32662661650187,,,,PENDING_AT_END
136.5,136.88847257408327,,,,PENDING_AT_END
136.85,137.23034778672204,,,,PENDING_AT_END
137.2,137.34024207166794,,,,PENDING_AT_END
137.54999999999998,137.69703489988794,,,,PENDING_AT_END
137.89999999999998,138.08592310846223,,,,PENDING_AT_END
138.25,138.37474574007393,,,,PENDING_AT_END
138.6,138.86642500532028,,,,PENDING_AT_END
138.95,139.31319398334296,,,,PENDING_AT_END
139.29999999999998,139.3378379623994,,,,PENDING_AT_END
139.64999999999998,139.90284139342475,,,,PENDING_AT_END
140.0,140.07645769458816,,,,PENDING_AT_END
140.35,140.71222496543353,,,,PENDING_AT_END
140.7,140.7999020874007,,,,PENDING_AT_END
141.04999999999998,141.22804979754537,,,,PENDING_AT_END
141.39999999999998,141.6686501372272,,,,PENDING_AT_END
141.75,141.7765548562279,,,,PENDING_AT_END
142.1,142.3905289675623,,,,PENDING_AT_END
142.45,142.6123362418848,,,,PENDING_AT_END
142.79999999999998,142.97456047281483,,,,PENDING_AT_END
143.14999999999998,143.30516298900488,,,,PENDING_AT_END
143.5,143.83697708128324,,,,PENDING_AT_END
143.85,143.8658253386108,,,,PENDING_AT_END
144.2,144.55425584366344,,,,PENDING_AT_END
144.54999999999998,144.7003534071964,,,,PENDING_AT_END
144.89999999999998,144.97580568150318,,,,PENDING_AT_END
145.25,145.62423163686765,,,,PENDING_AT_END
145.6,145.98744062202874,,,,PENDING_AT_END
145.95,146.20534907109453,,,,PENDING_AT_END
146.29999999999998,146.5007156345978,,,,PENDING_AT_END
146.64999999999998,146.91250071622125,,,,PENDING_AT_END
147.0,147.39156085177052,,,,PENDING_AT_END
147.35,147.47431509444257,,,,PENDING_AT_END
147.7,147.8001678814478,,,,PENDING_AT_END
148.04999999999998,148.16443342166573,,,,PENDING_AT_END
148.39999999999998,148.71012690150752,,,,PENDING_AT_END
148.75,149.04446532416887,,,,PENDING_AT_END
149.1,149.20627573330214,,,,PENDING_AT_END
149.45,149.5901995589109,,,,PENDING_AT_END
149.79999999999998,149.8571338650967,,,,PENDING_AT_END
150.14999999999998,150.4111027080594,,,,PENDING_AT_END
150.5,150.81002088112763,,,,PENDING_AT_END
150.85,151.18645201222378,,,,PENDING_AT_END
151.2,151.49785314259918,,,,PENDING_AT_END
151.54999999999998,151.72625777370453,,,,PENDING_AT_END
151.89999999999998,152.15096880921607,,,,PENDING_AT_END
152.25,152.60628367157528,,,,PENDING_AT_END
152.6,152.9951215890488,,,,PENDING_AT_END
152.95,153.10651745067446,,,,PENDING_AT_END
153.29999999999998,153.39081770511436,,,,PENDING_AT_END
153.64999999999998,153.8739889669149,,,,PENDING_AT_END
154.0,154.19827510153806,,,,PENDING_AT_END
154.35,154.4065054218453,,,,PENDING_AT_END
154.7,155.02148155900306,,,,PENDING_AT_END
155.04999999999998,155.20707403369917,,,,PENDING_AT_END
155.39999999999998,155.75194952003648,,,,PENDING_AT_END
155.75,156.07093679005328,,,,PENDING_AT_END
156.1,156.49596196837902,,,,PENDING_AT_END
156.45,156.58928724297556,,,,PENDING_AT_END
156.79999999999998,156.9210642212876,,,,PENDING_AT_END
157.14999999999998,157.44976275340082,,,,PENDING_AT_END
157.5,157.60506716328752,,,,PENDING_AT_END
157.85,157.86775850827328,,,,PENDING_AT_END
158.2,158.26068747277782,,,,PENDING_AT_END
158.54999999999998,158.63326586488202,,,,PENDING_AT_END
158.89999999999998,159.25050590073266,,,,PENDING_AT_END
159.25,159.56012787886908,,,,PENDING_AT_END
159.6,159.95531454731426,,,,PENDING_AT_END
159.95,160.2316176076764,,,,PENDING_AT_END
160.29999999999998,160.58523346629576,,,,PENDING_AT_END
160.64999999999998,161.02758663598524,,,,PENDING_AT_END
161.0,161.20058627643868,,,,PENDING_AT_END
161.35,161.58218042767461,,,,PENDING_AT_END
161.7,161.9538835472335,,,,PENDING_AT_END
162.04999999999998,162.06455120099415,,,,PENDING_AT_END
162.39999999999998,162.79693779632254,,,,PENDING_AT_END
162.75,163.0893001377296,,,,PENDING_AT_END
163.1,163.43447685755856,,,,PENDING_AT_END
163.45,163.468293826123,,,,PENDING_AT_END
163.79999999999998,163.83230814721813,,,,PENDING_AT_END
164.14999999999998,164.20934413461595,,,,PENDING_AT_END
164.5,164.62238669328804,,,,PENDING_AT_END
164.85,165.21377111869853,,,,PENDING_AT_END
165.2,165.38266702568023,,,,PENDING_AT_END
165.54999999999998,165.70692054658528,,,,PENDING_AT_END
165.89999999999998,166.08318497799115,,,,PENDING_AT_END
166.25,166.43622615343838,,,,PENDING_AT_END
166.6,166.88782906310527,,,,PENDING_AT_END
166.95,167.0778919861703,,,,PENDING_AT_END
167.29999999999998,167.67586165195607,,,,PENDING_AT_END
167.64999999999998,167.79804194456977,,,,PENDING_AT_END
168.0,168.25423788947217,,,,PENDING_AT_END
168.35,168.42101292388853,,,,PENDING_AT_END
168.7,168.95253793374422,,,,PENDING_AT_END
169.04999999999998,169.39331901486585,,,,PENDING_AT_END
169.39999999999998,169.42158527416836,,,,PENDING_AT_END
169.75,169.91099357017407,,,,PENDING_AT_END
170.1,170.33536739602405,,,,PENDING_AT_END
170.45,170.754704680621,,,,PENDING_AT_END
170.79999999999998,171.18543767990596,,,,PENDING_AT_END
171.14999999999998,171.15301104566362,,,,PENDING_AT_END
171.5,171.71067430951956,,,,PENDING_AT_END
171.85,171.9170272889351,,,,PENDING_AT_END
172.2,172.57004534293378,,,,PENDING_AT_END
172.54999999999998,172.6270874744774,,,,PENDING_AT_END
172.89999999999998,173.00020051739943,,,,PENDING_AT_END
173.25,173.2517814056381,,,,PENDING_AT_END
173.6,173.71313276855298,,,,PENDING_AT_END
173.95,174.14132753097448,,,,PENDING_AT_END
174.29999999999998,174.67402069437506,,,,PENDING_AT_END
174.64999999999998,174.95393999887187,,,,PENDING_AT_END
175.0,175.39639939756245,,,,PENDING_AT_END
175.35,175.5772979352275,,,,PENDING_AT_END
175.7,176.07511592063008,,,,PENDING_AT_END
176.04999999999998,176.27189224205208,,,,PENDING_AT_END
176.39999999999998,176.50228288687816,,,,PENDING_AT_END
176.75,176.9295333870523,,,,PENDING_AT_END
177.1,177.412207527351,,,,PENDING_AT_END
177.45,177.55639032966286,,,,PENDING_AT_END
177.79999999999998,178.0303212707423,,,,PENDING_AT_END
178.14999999999998,178.32412853747093,,,,PENDING_AT_END
178.5,178.68045860264,,,,PENDING_AT_END
178.85,179.10653445116637,,,,PENDING_AT_END
179.2,179.2970805858946,,,,PENDING_AT_END
179.54999999999998,179.7997805567039,,,,PENDING_AT_END
179.89999999999998,180.11021266155564,,,,PENDING_AT_END
180.25,180.58122579372798,,,,PENDING_AT_END
180.6,180.81868873156932,,,,PENDING_AT_END
180.95,181.0539308551517,,,,PENDING_AT_END
181.29999999999998,181.63577757773484,,,,PENDING_AT_END
181.64999999999998,181.99039288270495,,,,PENDING_AT_END
182.0,182.1907320740097,,,,PENDING_AT_END
182.35,182.6403978198479,,,,PENDING_AT_END
182.7,182.90568399667455,,,,PENDING_AT_END
183.04999999999998,183.13843141289598,,,,PENDING_AT_END
183.39999999999998,183.4675709048061,,,,PENDING_AT_END
183.75,183.78568443080417,,,,PENDING_AT_END
184.1,184.1181592875253,,,,PENDING_AT_END
184.45,184.76088387779578,,,,PENDING_AT_END
184.79999999999998,185.0196907178496,,,,PENDING_AT_END
185.14999999999998,185.3671201407908,,,,PENDING_AT_END
185.5,185.71427260094197,,,,PENDING_AT_END
185.85,186.1948523894242,,,,PENDING_AT_END
186.2,186.53610668346636,,,,PENDING_AT_END
186.54999999999998,186.8638786896261,,,,PENDING_AT_END
186.89999999999998,186.9564969249343,,,,PENDING_AT_END
187.25,187.47493843143462,,,,PENDING_AT_END
187.6,187.93000457407945,,,,PENDING_AT_END
187.95,188.3062177707771,,,,PENDING_AT_END
188.29999999999998,188.65699591441793,,,,PENDING_AT_END
188.64999999999998,188.9738793354985,,,,PENDING_AT_END
189.0,189.26446071090544,,,,PENDING_AT_END
189.35,189.54506986090902,,,,PENDING_AT_END
189.7,189.86307086512352,,,,PENDING_AT_END
190.04999999999998,190.4299515762677,,,,PENDING_AT_END
190.39999999999998,190.67348871238897,,,,PENDING_AT_END
190.75,190.97763607567316,,,,PENDING_AT_END
191.1,191.3166043311796,,,,PENDING_AT_END
191.45,191.47915416561892,,,,PENDING_AT_END
191.79999999999998,192.09240013415032,,,,PENDING_AT_END
192.14999999999998,192.32311829151723,,,,PENDING_AT_END
192.5,192.50608725472898,,,,PENDING_AT_END
192.85,192.8941880971137,,,,PENDING_AT_END
193.2,193.493045659379,,,,PENDING_AT_END
193.54999999999998,193.6345436968272,,,,PENDING_AT_END
193.89999999999998,194.2849713206142,,,,PENDING_AT_END
194.25,194.37119280117497,,,,PENDING_AT_END
194.6,194.8460379985377,,,,PENDING_AT_END
194.95,195.28127679884892,,,,PENDING_AT_END
195.29999999999998,195.36478117096883,,,,PENDING_AT_END
195.64999999999998,195.79191746136382,,,,PENDING_AT_END
196.0,196.11351155151192,,,,PENDING_AT_END
196.35,196.61038683566196,,,,PENDING_AT_END
196.7,196.71158341805506,,,,PENDING_AT_END
197.04999999999998,197.0727860140814,,,,PENDING_AT_END
197.39999999999998,197.41216438910993,,,,PENDING_AT_END
197.75,197.8967367538276,,,,PENDING_AT_END
198.1,198.17257466689838,,,,PENDING_AT_END
198.45,198.5450902942223,,,,PENDING_AT_END
198.79999999999998,198.80567143993952,,,,PENDING_AT_END
199.14999999999998,199.17420795844566,,,,PENDING_AT_END
199.5,199.54215106744482,,,,PENDING_AT_END
199.85,200.1410435471261,,,,PENDING_AT_END
200.2,200.25240643814573,,,,PENDING_AT_END
200.54999999999998,200.72965454609985,,,,PENDING_AT_END
200.89999999999998,200.91043723149954,,,,PENDING_AT_END
201.25,201.62838720253887,,,,PENDING_AT_END
201.6,201.93889823102208,,,,PENDING_AT_END
201.95,202.0145530924595,,,,PENDING_AT_END
202.29999999999998,202.34014208327082,,,,PENDING_AT_END
202.64999999999998,202.8929814995942,,,,PENDING_AT_END
203.0,203.3105194639869,,,,PENDING_AT_END
203.35,203.7203162496685,,,,PENDING_AT_END
203.7,203.70082630588843,,,,PENDING_AT_END
204.04999999999998,204.4002255463503,,,,PENDING_AT_END
204.39999999999998,204.46285565041507,,,,PENDING_AT_END
204.75,204.83447656944537,,,,PENDING_AT_END
205.1,205.49287238250977,,,,PENDING_AT_END
205.45,205.54594807700005,,,,PENDING_AT_END
205.79999999999998,206.10963162564175,,,,PENDING_AT_END
206.14999999999998,206.24751675256,,,,PENDING_AT_END
206.5,206.8058619682481,,,,PENDING_AT_END
206.85,207.07707423741832,,,,PENDING_AT_END
207.2,207.2170586525791,,,,PENDING_AT_END
207.54999999999998,207.62608582896362,,,,PENDING_AT_END
207.89999999999998,208.1338703790159,,,,PENDING_AT_END
208.25,208.4665054354561,,,,PENDING_AT_END
208.6,208.63891689079676,,,,PENDING_AT_END
208.95,208.9839880530768,,,,PENDING_AT_END
209.29999999999998,209.69828599862538,,,,PENDING_AT_END
209.64999999999998,209.84241497471476,,,,PENDING_AT_END
210.0,210.16885340885239,,,,PENDING_AT_END
210.35,210.35303863233295,,,,PENDING_AT_END
210.7,210.88606461027064,,,,PENDING_AT_END
211.04999999999998,211.39956367326752,,,,PENDING_AT_END
211.39999999999998,211.6605918119489,,,,PENDING_AT_END
211.75,211.793547651114,,,,PENDING_AT_END
212.1,212.23256825964123,,,,PENDING_AT_END
212.45,212.59715278216993,,,,PENDING_AT_END
212.79999999999998,212.8855800147335,,,,PENDING_AT_END
213.14999999999998,213.17558354103085,,,,PENDING_AT_END
213.5,213.77068521176994,,,,PENDING_AT_END
213.85,213.96473662493943,,,,PENDING_AT_END
214.2,214.2345631020283,,,,PENDING_AT_END
214.54999999999998,214.65131244936916,,,,PENDING_AT_END
214.89999999999998,215.0150299740082,,,,PENDING_AT_END
215.25,215.6168982343342,,,,PENDING_AT_END
215.6,215.90078729363788,,,,PENDING_AT_END
215.95,216.16720450460053,,,,PENDING_AT_END
216.29999999999998,216.3335113382254,,,,PENDING_AT_END
216.64999999999998,216.99676139365414,,,,PENDING_AT_END
217.0,217.0411007464184,,,,PENDING_AT_END
217.35,217.3680106872915,,,,PENDING_AT_END
217.7,217.91001289851624,,,,PENDING_AT_END
218.04999999999998,218.07127290959878,,,,PENDING_AT_END
218.39999999999998,218.6116082667363,,,,PENDING_AT_END
218.75,218.91788771313873,,,,PENDING_AT_END
219.1,219.3395475735305,,,,PENDING_AT_END
219.45,219.67596260027653,,,,PENDING_AT_END
219.79999999999998,220.1541854150179,,,,PENDING_AT_END
220.14999999999998,220.31364850462558,,,,PENDING_AT_END
220.5,220.75476275665523,,,,PENDING_AT_END
220.85,221.03388877817346,,,,PENDING_AT_END
221.2,221.5976046658074,,,,PENDING_AT_END
221.54999999999998,221.8517828008095,,,,PENDING_AT_END
221.89999999999998,222.20798154894118,,,,PENDING_AT_END
222.25,222.5627206949012,,,,PENDING_AT_END
222.6,222.63600582310502,,,,PENDING_AT_END
222.95,223.0116801057506,,,,PENDING_AT_END
223.29999999999998,223.39207995831438,,,,PENDING_AT_END
223.64999999999998,223.78524918728095,,,,PENDING_AT_END
224.0,224.09827572236458,,,,PENDING_AT_END
224.35,224.669393071038,,,,PENDING_AT_END
224.7,224.85717347310737,,,,PENDING_AT_END
225.04999999999998,225.27927145721642,,,,PENDING_AT_END
225.39999999999998,225.62814001118028,,,,PENDING_AT_END
225.74999999999997,225.99487758265215,,,,PENDING_AT_END
226.1,226.3686965007336,,,,PENDING_AT_END
226.45,226.66984403876683,,,,PENDING_AT_END
226.79999999999998,226.90658611618247,,,,PENDING_AT_END
227.14999999999998,227.1537671376363,,,,PENDING_AT_END
227.49999999999997,227.8746040300479,,,,PENDING_AT_END
227.85,227.85809358396799,,,,PENDING_AT_END
228.2,228.5225052556671,,,,PENDING_AT_END
228.54999999999998,228.90002912535542,,,,PENDING_AT_END
228.89999999999998,229.2028611206493,,,,PENDING_AT_END
229.24999999999997,229.26804599019422,,,,PENDING_AT_END
229.6,229.9422081241864,,,,PENDING_AT_END
229.95,230.33942092553406,,,,PENDING_AT_END
230.29999999999998,230.370340089118,,,,PENDING_AT_END
230.64999999999998,230.76825431083194,,,,PENDING_AT_END
230.99999999999997,231.34030191726575,,,,PENDING_AT_END
231.35,231.68501636543246,,,,PENDING_AT_END
231.7,231.81734165388247,,,,PENDING_AT_END
232.04999999999998,232.28756506140954,,,,PENDING_AT_END
232.39999999999998,232.64013970157777,,,,PENDING_AT_END
232.74999999999997,232.78753096980776,,,,PENDING_AT_END
233.1,233.29259143222023,,,,PENDING_AT_END
233.45,233.63565805522165,,,,PENDING_AT_END
233.79999999999998,234.08463776265532,,,,PENDING_AT_END
234.14999999999998,234.43206978746292,,,,PENDING_AT_END
234.49999999999997,234.5711744301876,,,,PENDING_AT_END
234.85,235.12264444764256,,,,PENDING_AT_END
235.2,235.38166001678968,,,,PENDING_AT_END
235.54999999999998,235.6156796492709,,,,PENDING_AT_END
235.89999999999998,235.93001031810212,,,,PENDING_AT_END
236.24999999999997,236.4829746768623,,,,PENDING_AT_END
236.6,236.94186433841568,,,,PENDING_AT_END
236.95,237.22764745788515,,,,PENDING_AT_END
237.29999999999998,237.44714031034025,,,,PENDING_AT_END
237.64999999999998,237.70764064126251,,,,PENDING_AT_END
237.99999999999997,238.06111708552956,,,,PENDING_AT_END
238.35,238.74913608831,,,,PENDING_AT_END
238.7,238.8744047953893,,,,PENDING_AT_END
239.04999999999998,239.38178313446988,,,,PENDING_AT_END
239.39999999999998,239.522268274839,,,,PENDING_AT_END
239.74999999999997,239.782133666489,,,,PENDING_AT_END
240.1,240.1622425045401,,,,PENDING_AT_END
240.45,240.60412692569787,,,,PENDING_AT_END
240.79999999999998,240.9984521546502,,,,PENDING_AT_END
241.14999999999998,241.4324155376138,,,,PENDING_AT_END
241.49999999999997,241.76451867651517,,,,PENDING_AT_END
241.85,241.89107893071284,,,,PENDING_AT_END
242.2,242.57776435840492,,,,PENDING_AT_END
242.54999999999998,242.57922413248642,,,,PENDING_AT_END
242.89999999999998,242.91049903426511,,,,PENDING_AT_END
243.24999999999997,243.4421107484131,,,,PENDING_AT_END
243.6,243.69582053428596,,,,PENDING_AT_END
243.95,244.24000157101017,,,,PENDING_AT_END
244.29999999999998,244.62367482931026,,,,PENDING_AT_END
244.64999999999998,244.90650882703784,,,,PENDING_AT_END
244.99999999999997,245.3917130795319,,,,PENDING_AT_END
245.35,245.4965051458726,,,,PENDING_AT_END
245.7,245.76569421073242,,,,PENDING_AT_END
246.04999999999998,246.36795334882353,,,,PENDING_AT_END
246.39999999999998,246.41821087692597,,,,PENDING_AT_END
246.74999999999997,246.8966902186901,,,,PENDING_AT_END
247.1,247.48163542111664,,,,PENDING_AT_END
247.45,247.6512750117543,,,,PENDING_AT_END
247.79999999999998,248.1701171460176,,,,PENDING_AT_END
248.14999999999998,248.35668527898633,,,,PENDING_AT_END
248.49999999999997,248.57707049699061,,,,PENDING_AT_END
248.85,248.90188798717756,,,,PENDING_AT_END
249.2,249.31263498723683,,,,PENDING_AT_END
249.54999999999998,249.70819039303726,,,,PENDING_AT_END
249.89999999999998,250.04075157921028,,,,PENDING_AT_END
250.24999999999997,250.47786635601582,,,,PENDING_AT_END
250.6,250.74740694794613,,,,PENDING_AT_END
250.95,250.9520139708435,,,,PENDING_AT_END
251.29999999999998,251.44734556194257,,,,PENDING_AT_END
251.64999999999998,251.7032034885773,,,,PENDING_AT_END
251.99999999999997,252.2448432778401,,,,PENDING_AT_END
252.35,252.40228902514988,,,,PENDING_AT_END
252.7,253.06021729576457,,,,PENDING_AT_END
253.04999999999998,253.38482478949626,,,,PENDING_AT_END
253.39999999999998,253.4617655903881,,,,PENDING_AT_END
253.74999999999997,253.98771734192425,,,,PENDING_AT_END
254.1,254.1573128675706,,,,PENDING_AT_END
254.45,254.77113472809714,,,,PENDING_AT_END
254.79999999999998,255.05869659808027,,,,PENDING_AT_END
255.14999999999998,255.24151963421133,,,,PENDING_AT_END
255.49999999999997,255.52225640814643,,,,PENDING_AT_END
255.85,256.04040408631647,,,,PENDING_AT_END
256.2,256.44505119757156,,,,PENDING_AT_END
256.55,256.7946222444901,,,,PENDING_AT_END
256.9,256.9647361262997,,,,PENDING_AT_END
257.25,257.2697091374739,,,,PENDING_AT_END
257.59999999999997,257.69275336115135,,,,PENDING_AT_END
257.95,258.20278834442337,,,,PENDING_AT_END
258.3,258.5497602323514,,,,PENDING_AT_END
258.65,258.72840710658454,,,,PENDING_AT_END
259.0,259.33172171385274,,,,PENDING_AT_END
259.34999999999997,259.43644454413294,,,,PENDING_AT_END
259.7,260.0752131423231,,,,PENDING_AT_END
260.05,260.1142585639457,,,,PENDING_AT_END
260.4,260.6948817581663,,,,PENDING_AT_END
260.75,260.8536826594699,,,,PENDING_AT_END
261.09999999999997,261.4688738775537,,,,PENDING_AT_END
261.45,261.53826654139533,,,,PENDING_AT_END
261.8,261.90977725469537,,,,PENDING_AT_END
262.15,262.2990867985935,,,,PENDING_AT_END
262.5,262.5596982652338,,,,PENDING_AT_END
262.84999999999997,263.0735215579221,,,,PENDING_AT_END
263.2,263.3552210924349,,,,PENDING_AT_END
263.55,263.59560009530304,,,,PENDING_AT_END
263.9,264.1031001431079,,,,PENDING_AT_END
264.25,264.4395842778231,,,,PENDING_AT_END
264.59999999999997,264.76170568315393,,,,PENDING_AT_END
264.95,265.199450126798,,,,PENDING_AT_END
265.3,265.49643783011817,,,,PENDING_AT_END
265.65,265.7876562552733,,,,PENDING_AT_END
266.0,266.22616804794495,,,,PENDING_AT_END
266.34999999999997,266.5529629000526,,,,PENDING_AT_END
266.7,266.94083190426676,,,,PENDING_AT_END
267.05,267.2020881354916,,,,PENDING_AT_END
267.4,267.4323045536871,,,,PENDING_AT_END
267.75,267.93981956347943,,,,PENDING_AT_END
268.09999999999997,268.36218358205264,,,,PENDING_AT_END
268.45,268.78046981009817,,,,PENDING_AT_END
268.79999999999995,269.12975105453734,,,,PENDING_AT_END
269.15,269.32396616980543,,,,PENDING_AT_END
269.5,269.5649027727121,,,,PENDING_AT_END
269.84999999999997,269.8995606353913,,,,PENDING_AT_END
270.2,270.3781288745128,,,,PENDING_AT_END
270.54999999999995,270.66836414463626,,,,PENDING_AT_END
270.9,271.0987680234392,,,,PENDING_AT_END
271.25,271.51057079396026,,,,PENDING_AT_END
271.59999999999997,271.6481841103435,,,,PENDING_AT_END
271.95,272.16630660302445,,,,PENDING_AT_END
272.29999999999995,272.42542184302044,,,,PENDING_AT_END
272.65,272.7859581814141,,,,PENDING_AT_END
273.0,273.0793780384188,,,,PENDING_AT_END
273.34999999999997,273.5657828855554,,,,PENDING_AT_END
273.7,274.09973773694156,,,,PENDING_AT_END
274.04999999999995,274.16044894875574,,,,PENDING_AT_END
274.4,274.46335197418,,,,PENDING_AT_END
274.75,275.0120534405394,,,,PENDING_AT_END
275.09999999999997,275.48671441560595,,,,PENDING_AT_END
275.45,275.564946600483,,,,PENDING_AT_END
275.79999999999995,276.1599551919054,,,,PENDING_AT_END
276.15,276.3416810410249,,,,PENDING_AT_END
276.5,276.639768184716,,,,PENDING_AT_END
276.84999999999997,276.99838220633336,,,,PENDING_AT_END
277.2,277.23555782031923,,,,PENDING_AT_END
277.54999999999995,277.5912033008043,,,,PENDING_AT_END
277.9,278.05892890757946,,,,PENDING_AT_END
278.25,278.42180609088246,,,,PENDING_AT_END
278.59999999999997,278.84128483730416,,,,PENDING_AT_END
278.95,279.2963545561452,,,,PENDING_AT_END
279.29999999999995,279.48352039575,,,,PENDING_AT_END
279.65,279.81367982221286,,,,PENDING_AT_END
280.0,280.22690422121184,,,,PENDING_AT_END
280.34999999999997,280.4293018867559,,,,PENDING_AT_END
280.7,280.873871517095,,,,PENDING_AT_END
281.04999999999995,281.09419377080417,,,,PENDING_AT_END
281.4,281.5838543407052,,,,PENDING_AT_END
281.75,282.09390114307723,,,,PENDING_AT_END
282.09999999999997,282.1588593087849,,,,PENDING_AT_END
282.45,282.70399077674875,,,,PENDING_AT_END
282.79999999999995,282.84050516874413,,,,PENDING_AT_END
283.15,283.29296152752954,,,,PENDING_AT_END
283.5,283.8148237905226,,,,PENDING_AT_END
283.84999999999997,283.9344100373042,,,,PENDING_AT_END
284.2,284.52535557175594,,,,PENDING_AT_END
284.54999999999995,284.7662359563261,,,,PENDING_AT_END
284.9,285.16555241291746,,,,PENDING_AT_END
285.25,285.5860492362423,,,,PENDING_AT_END
285.59999999999997,285.69288957760267,,,,PENDING_AT_END
285.95,286.2724414090058,,,,PENDING_AT_END
286.29999999999995,286.3286382534184,,,,PENDING_AT_END
286.65,286.7782854106889,,,,PENDING_AT_END
287.0,287.11402090018237,,,,PENDING_AT_END
287.34999999999997,287.7068569928944,,,,PENDING_AT_END
287.7,287.8717425127847,,,,PENDING_AT_END
288.04999999999995,288.0688074110178,,,,PENDING_AT_END
288.4,288.58643735880116,,,,PENDING_AT_END
288.75,288.9225400127924,,,,PENDING_AT_END
289.09999999999997,289.46923798889935,,,,PENDING_AT_END
289.45,289.82607839104486,,,,PENDING_AT_END
289.79999999999995,290.05691292765755,,,,PENDING_AT_END
290.15,290.159955251877,,,,PENDING_AT_END
290.5,290.7812036362893,,,,PENDING_AT_END
290.84999999999997,291.03904638459227,,,,PENDING_AT_END
291.2,291.52667476556206,,,,PENDING_AT_END
291.54999999999995,291.7569242495532,,,,PENDING_AT_END
291.9,292.02482682854884,,,,PENDING_AT_END
292.25,292.49002247934504,,,,PENDING_AT_END
292.59999999999997,292.7981123716747,,,,PENDING_AT_END
292.95,293.13357249804,,,,PENDING_AT_END
293.29999999999995,293.42375375857534,,,,PENDING_AT_END
293.65,293.78499934349406,,,,PENDING_AT_END
294.0,294.39198062332696,,,,PENDING_AT_END
294.34999999999997,294.4603254305085,,,,PENDING_AT_END
294.7,295.01642141874873,,,,PENDING_AT_END
295.04999999999995,295.12016800380513,,,,PENDING_AT_END
295.4,295.49408298232026,,,,PENDING_AT_END
295.75,296.12089893122766,,,,PENDING_AT_END
296.09999999999997,296.21315854396113,,,,PENDING_AT_END
296.45,296.82925709063005,,,,PENDING_AT_END
296.79999999999995,297.19425893709956,,,,PENDING_AT_END
297.15,297.3402392947089,,,,PENDING_AT_END
297.5,297.7835626035803,,,,PENDING_AT_END
297.84999999999997,297.9920596318365,,,,PENDING_AT_END
298.2,298.4831276642706,,,,PENDING_AT_END
298.54999999999995,298.8792498951884,,,,PENDING_AT_END
298.9,299.04902257978256,,,,PENDING_AT_END
299.25,299.4501449713339,,,,PENDING_AT_END
299.59999999999997,299.8253058101779,,,,PENDING_AT_END
299.95,300.1179465256873,,,,PENDING_AT_END
300.29999999999995,300.3333417241995,,,,PENDING_AT_END
300.65,300.9579237033081,,,,PENDING_AT_END
301.0,301.33542464583104,,,,PENDING_AT_END
301.34999999999997,301.64633735073954,,,,PENDING_AT_END
301.7,301.83733534612605,,,,PENDING_AT_END
302.04999999999995,302.18646550375377,,,,PENDING_AT_END
302.4,302.6424190576389,,,,PENDING_AT_END
302.75,302.82153838034355,,,,PENDING_AT_END
303.09999999999997,303.1294348648092,,,,PENDING_AT_END
303.45,303.57041934251407,,,,PENDING_AT_END
303.79999999999995,303.8794378299767,,,,PENDING_AT_END
304.15,304.5169382058282,,,,PENDING_AT_END
304.5,304.78273088673495,,,,PENDING_AT_END
304.84999999999997,305.1759789910399,,,,PENDING_AT_END
305.2,305.56923448305184,,,,PENDING_AT_END
305.54999999999995,305.7377936506665,,,,PENDING_AT_END
305.9,306.1182620128843,,,,PENDING_AT_END
306.25,306.5986362513672,,,,PENDING_AT_END
306.59999999999997,306.6493395952197,,,,PENDING_AT_END
306.95,306.9799030733804,,,,PENDING_AT_END
307.29999999999995,307.35195156730356,,,,PENDING_AT_END
307.65,307.9046028013976,,,,PENDING_AT_END
308.0,308.2407116289901,,,,PENDING_AT_END
308.34999999999997,308.56666851832875,,,,PENDING_AT_END
308.7,308.79249480560776,,,,PENDING_AT_END
309.04999999999995,309.3557270789495,,,,PENDING_AT_END
309.4,309.6304734590749,,,,PENDING_AT_END
309.75,309.83733973010874,,,,PENDING_AT_END
310.09999999999997,310.1229519739888,,,,PENDING_AT_END
310.45,310.79359453600915,,,,PENDING_AT_END
310.79999999999995,310.8970842366118,,,,PENDING_AT_END
311.15,311.5147419561191,,,,PENDING_AT_END
311.5,311.5800509178124,,,,PENDING_AT_END
311.84999999999997,311.90845846601684,,,,PENDING_AT_END
312.2,312.4698012957834,,,,PENDING_AT_END
312.54999999999995,312.7865653427808,,,,PENDING_AT_END
312.9,313.1918542427147,,,,PENDING_AT_END
313.25,313.50437882061544,,,,PENDING_AT_END
313.59999999999997,313.86384319924656,,,,PENDING_AT_END
313.95,314.2889248314588,,,,PENDING_AT_END
314.29999999999995,314.321893049678,,,,PENDING_AT_END
314.65,315.03006486855725,,,,PENDING_AT_END
315.0,315.11424320454284,,,,PENDING_AT_END
315.34999999999997,315.4657926164644,,,,PENDING_AT_END
315.7,315.8010152435634,,,,PENDING_AT_END
316.04999999999995,316.29546957548484,,,,PENDING_AT_END
316.4,316.6490704887418,,,,PENDING_AT_END
316.75,316.8055382669281,,,,PENDING_AT_END
317.09999999999997,317.4371963733823,,,,PENDING_AT_END
317.45,317.6209287825881,,,,PENDING_AT_END
317.79999999999995,318.11835338791366,,,,PENDING_AT_END
318.15,318.5451245875829,,,,PENDING_AT_END
318.5,318.60755768999763,,,,PENDING_AT_END
318.84999999999997,319.15203522343205,,,,PENDING_AT_END
319.2,319.4775673674073,,,,PENDING_AT_END
319.54999999999995,319.7122123370234,,,,PENDING_AT_END
319.9,320.0982335404623,,,,PENDING_AT_END
320.25,320.3216078657497,,,,PENDING_AT_END
320.59999999999997,320.97114793862994,,,,PENDING_AT_END
320.95,321.075752489139,,,,PENDING_AT_END
321.29999999999995,321.5125330474466,,,,PENDING_AT_END
321.65,321.9868055864763,,,,PENDING_AT_END
322.0,322.1917376408936,,,,PENDING_AT_END
322.34999999999997,322.4805096090044,,,,PENDING_AT_END
322.7,322.8825322720559,,,,PENDING_AT_END
323.04999999999995,323.2558724316275,,,,PENDING_AT_END
323.4,323.6705623358945,,,,PENDING_AT_END
323.75,323.82110475115155,,,,PENDING_AT_END
324.09999999999997,324.2366265524859,,,,PENDING_AT_END
324.45,324.7365697236044,,,,PENDING_AT_END
324.79999999999995,325.01691260129235,,,,PENDING_AT_END
325.15,325.4529922008436,,,,PENDING_AT_END
325.5,325.5910335217824,,,,PENDING_AT_END
325.84999999999997,325.92919912126905,,,,PENDING_AT_END
326.2,326.30883735412493,,,,PENDING_AT_END
326.54999999999995,326.78160142441186,,,,PENDING_AT_END
326.9,327.21319501446703,,,,PENDING_AT_END
327.25,327.4463261807565,,,,PENDING_AT_END
327.59999999999997,327.7405518968231,,,,PENDING_AT_END
327.95,328.31529241611855,,,,PENDING_AT_END
328.29999999999995,328.43011531957893,,,,PENDING_AT_END
328.65,328.8311991865028,,,,PENDING_AT_END
329.0,329.26936201366823,,,,PENDING_AT_END
329.34999999999997,329.3745878174406,,,,PENDING_AT_END
329.7,330.02092922646267,,,,PENDING_AT_END
330.04999999999995,330.284663960589,,,,PENDING_AT_END
330.4,330.6847752739293,,,,PENDING_AT_END
330.75,330.91661535524145,,,,PENDING_AT_END
331.09999999999997,331.29285833251805,,,,PENDING_AT_END
331.45,331.82128562924225,,,,PENDING_AT_END
331.79999999999995,332.11329322914185,,,,PENDING_AT_END
332.15,332.47412023221284,,,,PENDING_AT_END
332.5,332.8409416702053,,,,PENDING_AT_END
332.84999999999997,333.14738617919824,,,,PENDING_AT_END
333.2,333.58366060204895,,,,PENDING_AT_END
333.54999999999995,333.9402798054599,,,,PENDING_AT_END
333.9,334.07421331116586,,,,PENDING_AT_END
334.25,334.4933292665969,,,,PENDING_AT_END
334.59999999999997,334.9859485172528,,,,PENDING_AT_END
334.95,335.08876343189314,,,,PENDING_AT_END
335.29999999999995,335.4942026327991,,,,PENDING_AT_END
335.65,335.87250695532543,,,,PENDING_AT_END
336.0,336.3206815351441,,,,PENDING_AT_END
336.34999999999997,336.5827642492898,,,,PENDING_AT_END
336.7,336.82469780711307,,,,PENDING_AT_END
337.04999999999995,337.2683995849429,,,,PENDING_AT_END
337.4,337.6735706568453,,,,PENDING_AT_END
337.75,338.1139524461812,,,,PENDING_AT_END
338.09999999999997,338.18068644464194,,,,PENDING_AT_END
338.45,338.6892175133592,,,,PENDING_AT_END
338.79999999999995,338.9355607863822,,,,PENDING_AT_END
339.15,339.379155594233,,,,PENDING_AT_END
339.5,339.68627221190116,,,,PENDING_AT_END
339.84999999999997,339.9845763364313,,,,PENDING_AT_END
340.2,340.5941059585601,,,,PENDING_AT_END
340.54999999999995,340.94187912254927,,,,PENDING_AT_END
340.9,341.19077160682025,,,,PENDING_AT_END
341.25,341.279281651662,,,,PENDING_AT_END
341.59999999999997,341.82368983559076,,,,PENDING_AT_END
341.95,342.02617565737404,,,,PENDING_AT_END
342.29999999999995,342.413524759157,,,,PENDING_AT_END
342.65,342.65807664969384,,,,PENDING_AT_END
343.0,343.2833390329215,,,,PENDING_AT_END
343.34999999999997,343.6535767980603,,,,PENDING_AT_END
343.7,343.8690722921297,,,,PENDING_AT_END
344.04999999999995,344.05405610316416,,,,PENDING_AT_END
344.4,344.48967940000216,,,,PENDING_AT_END
344.75,345.14369500760085,,,,PENDING_AT_END
345.09999999999997,345.3096587086255,,,,PENDING_AT_END
345.45,345.782923897016,,,,PENDING_AT_END
345.79999999999995,346.0546655553725,,,,PENDING_AT_END
346.15,346.1706716825033,,,,PENDING_AT_END
346.5,346.60013221480506,,,,PENDING_AT_END
346.84999999999997,346.8755280184973,,,,PENDING_AT_END
347.2,347.21625857270107,,,,PENDING_AT_END
347.54999999999995,347.60611105371186,,,,PENDING_AT_END
347.9,347.93690588802053,,,,PENDING_AT_END
348.25,348.4770666331423,,,,PENDING_AT_END
348.59999999999997,348.6563378521674,,,,PENDING_AT_END
348.95,349.3215621777728,,,,PENDING_AT_END
349.29999999999995,349.6305146095067,,,,PENDING_AT_END
349.65,349.98946183017074,,,,PENDING_AT_END
350.0,350.0318824475672,,,,PENDING_AT_END
350.34999999999997,350.74570910153835,,,,PENDING_AT_END
350.7,350.9823750647333,,,,PENDING_AT_END
351.04999999999995,351.21848704954425,,,,PENDING_AT_END
351.4,351.45494329889755,,,,PENDING_AT_END
351.75,351.92260853804214,,,,PENDING_AT_END
352.09999999999997,352.36142747675325,,,,PENDING_AT_END
352.45,352.6407749249643,,,,PENDING_AT_END
352.79999999999995,353.1409503846746,,,,PENDING_AT_END
353.15,353.4871974890889,,,,PENDING_AT_END
353.5,353.84767957329836,,,,PENDING_AT_END
353.84999999999997,354.15107088284816,,,,PENDING_AT_END
354.2,354.3982148853,,,,PENDING_AT_END
354.54999999999995,354.83601442497877,,,,PENDING_AT_END
354.9,355.12424759207136,,,,PENDING_AT_END
355.25,355.3493086595297,,,,PENDING_AT_END
355.59999999999997,355.6512957820018,,,,PENDING_AT_END
355.95,356.3146870211961,,,,PENDING_AT_END
356.29999999999995,356.38711229966634,,,,PENDING_AT_END
356.65,356.81349645796024,,,,PENDING_AT_END
357.0,357.04536004990416,,,,PENDING_AT_END
357.34999999999997,357.72770297345033,,,,PENDING_AT_END
357.7,357.9897460451445,,,,PENDING_AT_END
358.04999999999995,358.30102042294027,,,,PENDING_AT_END
358.4,358.57991411454,,,,PENDING_AT_END
358.75,358.8431018282422,,,,PENDING_AT_END
359.09999999999997,359.30514376302875,,,,PENDING_AT_END
359.45,359.8260103574126,,,,PENDING_AT_END
359.79999999999995,359.83619220425066,,,,PENDING_AT_END
360.15,360.1984351650367,,,,PENDING_AT_END
360.5,360.8777786933367,,,,PENDING_AT_END
360.84999999999997,360.94595646413,,,,PENDING_AT_END
361.2,361.59356982250773,,,,PENDING_AT_END
361.54999999999995,361.7702448196478,,,,PENDING_AT_END
361.9,361.97504753819453,,,,PENDING_AT_END
362.25,362.42452867779286,,,,PENDING_AT_END
362.59999999999997,362.79011532878854,,,,PENDING_AT_END
362.95,363.34499338987285,,,,PENDING_AT_END
363.29999999999995,363.6209889001043,,,,PENDING_AT_END
363.65,363.8301221384568,,,,PENDING_AT_END
364.0,364.0958704234894,,,,PENDING_AT_END
364.34999999999997,364.509246727919,,,,PENDING_AT_END
364.7,364.99472261427076,,,,PENDING_AT_END
365.04999999999995,365.2085441410304,,,,PENDING_AT_END
365.4,365.67895609473806,,,,PENDING_AT_END
365.75,365.9432580915128,,,,PENDING_AT_END
366.09999999999997,366.3251541320463,,,,PENDING_AT_END
366.45,366.65746334320824,,,,PENDING_AT_END
366.79999999999995,366.80344914750106,,,,PENDING_AT_END
367.15,367.50541359158876,,,,PENDING_AT_END
367.5,367.7728718933587,,,,PENDING_AT_END
367.84999999999997,367.97340276672327,,,,PENDING_AT_END
368.2,368.38658867743897,,,,PENDING_AT_END
368.54999999999995,368.94399617981253,,,,PENDING_AT_END
368.9,369.2645409230265,,,,PENDING_AT_END
369.25,369.44381711174424,,,,PENDING_AT_END
369.59999999999997,369.88307591781285,,,,PENDING_AT_END
369.95,370.02203645564424,,,,PENDING_AT_END
370.29999999999995,370.5528769723429,,,,PENDING_AT_END
370.65,370.8566529308406,,,,PENDING_AT_END
371.0,371.3089279771158,,,,PENDING_AT_END
371.34999999999997,371.5873834918306,,,,PENDING_AT_END
371.7,371.7218578386916,,,,PENDING_AT_END
372.04999999999995,372.4152054115103,,,,PENDING_AT_END
372.4,372.7806861767368,,,,PENDING_AT_END
372.75,373.08519289074195,,,,PENDING_AT_END
373.09999999999997,373.4674605059907,,,,PENDING_AT_END
373.45,373.7288820649687,,,,PENDING_AT_END
373.79999999999995,373.80166092017316,,,,PENDING_AT_END
374.15,374.35273520363114,,,,PENDING_AT_END
374.5,374.726944597238,,,,PENDING_AT_END
374.84999999999997,375.1012383683597,,,,PENDING_AT_END
375.2,375.2237486113193,,,,PENDING_AT_END
375.54999999999995,375.73449695341094,,,,PENDING_AT_END
375.9,376.2064275917205,,,,PENDING_AT_END
376.25,376.4880979058702,,,,PENDING_AT_END
376.59999999999997,376.6276221540007,,,,PENDING_AT_END
376.95,377.3462330865855,,,,PENDING_AT_END
377.29999999999995,377.6055861654586,,,,PENDING_AT_END
377.65,377.95532863327446,,,,PENDING_AT_END
378.0,378.14288574978605,,,,PENDING_AT_END
378.34999999999997,378.5606538908294,,,,PENDING_AT_END
378.7,378.7869722361467,,,,PENDING_AT_END
379.04999999999995,379.4384783305346,,,,PENDING_AT_END
379.4,379.5431216275183,,,,PENDING_AT_END
379.75,379.85416396807534,,,,PENDING_AT_END
380.09999999999997,380.22516332351273,,,,PENDING_AT_END
380.45,380.6128986521514,,,,PENDING_AT_END
380.79999999999995,381.075526691934,,,,PENDING_AT_END
381.15,381.28438226243327,,,,PENDING_AT_END
381.5,381.5599124255557,,,,PENDING_AT_END
381.84999999999997,381.8559942946759,,,,PENDING_AT_END
382.2,382.2726098739908,,,,PENDING_AT_END
382.54999999999995,382.5912287282639,,,,PENDING_AT_END
382.9,382.94126350553006,,,,PENDING_AT_END
383.25,383.6376247414421,,,,PENDING_AT_END
383.59999999999997,383.68587785896005,,,,PENDING_AT_END
383.95,384.221636529406,,,,PENDING_AT_END
384.29999999999995,384.5564449161873,,,,PENDING_AT_END
384.65,384.72007675774466,,,,PENDING_AT_END
385.0,385.38326725820207,,,,PENDING_AT_END
385.34999999999997,385.59615326752834,,,,PENDING_AT_END
385.7,385.86530598545716,,,,PENDING_AT_END
386.04999999999995,386.3669977221306,,,,PENDING_AT_END
386.4,386.72764446025326,,,,PENDING_AT_END
386.75,386.7884689443475,,,,PENDING_AT_END
387.09999999999997,387.3926059323289,,,,PENDING_AT_END
387.45,387.7550406488958,,,,PENDING_AT_END
387.79999999999995,387.96307437732685,,,,PENDING_AT_END
388.15,388.51017667231054,,,,PENDING_AT_END
388.5,388.54639305706587,,,,PENDING_AT_END
388.84999999999997,388.9040809762118,,,,PENDING_AT_END
389.2,389.4228431092948,,,,PENDING_AT_END
389.54999999999995,389.7250917339095,,,,PENDING_AT_END
389.9,390.22222077649633,,,,PENDING_AT_END
390.25,390.3462815302071,,,,PENDING_AT_END
390.59999999999997,390.8930802370034,,,,PENDING_AT_END
390.95,391.21994364358267,,,,PENDING_AT_END
391.29999999999995,391.3869702164278,,,,PENDING_AT_END
391.65,391.9895346459248,,,,PENDING_AT_END
392.0,392.3730514740038,,,,PENDING_AT_END
392.34999999999997,392.7326375677688,,,,PENDING_AT_END
392.7,392.7100367061142,,,,PENDING_AT_END
393.04999999999995,393.2699815792838,,,,PENDING_AT_END
393.4,393.73023527665293,,,,PENDING_AT_END
393.75,393.9525740777575,,,,PENDING_AT_END
394.09999999999997,394.2870443465741,,,,PENDING_AT_END
394.45,394.7394208646097,,,,PENDING_AT_END
394.79999999999995,395.0858886338376,,,,PENDING_AT_END
395.15,395.5499355762271,,,,PENDING_AT_END
395.5,395.66553165162077,,,,PENDING_AT_END
395.84999999999997,396.0223340654771,,,,PENDING_AT_END
396.2,396.43435535837494,,,,PENDING_AT_END
396.54999999999995,396.9148642752318,,,,PENDING_AT_END
396.9,397.1363967129612,,,,PENDING_AT_END
397.25,397.4969235508988,,,,PENDING_AT_END
397.59999999999997,397.6491045027148,,,,PENDING_AT_END
397.95,398.1794249678242,,,,PENDING_AT_END
398.29999999999995,398.52546478993895,,,,PENDING_AT_END
398.65,398.818070509119,,,,PENDING_AT_END
399.0,399.11802548062235,,,,PENDING_AT_END
399.34999999999997,399.55867675236533,,,,PENDING_AT_END
399.7,400.08133691287713,,,,PENDING_AT_END
400.04999999999995,400.36216798607427,,,,PENDING_AT_END
400.4,400.44722261915797,,,,PENDING_AT_END
400.75,401.06606881116954,,,,PENDING_AT_END
401.09999999999997,401.34111076856203,,,,PENDING_AT_END
401.45,401.64690390377604,,,,PENDING_AT_END
401.79999999999995,402.1898329362682,,,,PENDING_AT_END
402.15,402.18240972142394,,,,PENDING_AT_END
402.5,402.78980366960934,,,,PENDING_AT_END
402.84999999999997,403.0083635311499,,,,PENDING_AT_END
403.2,403.5009130922859,,,,PENDING_AT_END
403.54999999999995,403.77307471518793,,,,PENDING_AT_END
403.9,404.08284819353173,,,,PENDING_AT_END
404.25,404.33362408416156,,,,PENDING_AT_END
404.59999999999997,404.74367941263057,,,,PENDING_AT_END
404.95,404.9682753725596,,,,PENDING_AT_END
405.29999999999995,405.30784628640424,,,,PENDING_AT_END
405.65,405.65159769201875,,,,PENDING_AT_END
406.0,406.28171498036886,,,,PENDING_AT_END
406.34999999999997,406.4194119290109,,,,PENDING_AT_END
406.7,406.7453878241452,,,,PENDING_AT_END
407.04999999999995,407.34106280952005,,,,PENDING_AT_END
407.4,407.533033751253,,,,PENDING_AT_END
407.75,407.98350074926066,,,,PENDING_AT_END
408.09999999999997,408.3537726676173,,,,PENDING_AT_END
408.45,408.7419788808026,,,,PENDING_AT_END
408.79999999999995,408.9000748438026,,,,PENDING_AT_END
409.15,409.28747028378393,,,,PENDING_AT_END
409.5,409.7976418402425,,,,PENDING_AT_END
409.84999999999997,410.0629342094215,,,,PENDING_AT_END
410.2,410.37203307514636,,,,PENDING_AT_END
410.54999999999995,410.7804145671347,,,,PENDING_AT_END
410.9,410.93616567606057,,,,PENDING_AT_END
411.25,411.5846314856577,,,,PENDING_AT_END
411.59999999999997,411.8161954028789,,,,PENDING_AT_END
411.95,412.21512644231717,,,,PENDING_AT_END
412.29999999999995,412.3108367673051,,,,PENDING_AT_END
412.65,412.898789057042,,,,PENDING_AT_END
413.0,413.18852857273123,,,,PENDING_AT_END
413.34999999999997,413.4229333398942,,,,PENDING_AT_END
413.7,413.7140506409647,,,,PENDING_AT_END
414.04999999999995,414.21080683121556,,,,PENDING_AT_END
414.4,414.61024235050115,,,,PENDING_AT_END
414.75,415.04832903422766,,,,PENDING_AT_END
415.09999999999997,415.12512156268946,,,,PENDING_AT_END
415.45,415.8399711647501,,,,PENDING_AT_END
415.79999999999995,415.9853479611884,,,,PENDING_AT_END
416.15,416.49486176650316,,,,PENDING_AT_END
416.5,416.7025445857332,,,,PENDING_AT_END
416.84999999999997,417.1615388697066,,,,PENDING_AT_END
417.2,417.53039352241836,,,,PENDING_AT_END
417.54999999999995,417.5936775614434,,,,PENDING_AT_END
417.9,417.9715525233181,,,,PENDING_AT_END
418.25,418.4087634710929,,,,PENDING_AT_END
418.59999999999997,418.716646395567,,,,PENDING_AT_END
418.95,419.2781063742862,,,,PENDING_AT_END
419.29999999999995,419.52267897124716,,,,PENDING_AT_END
419.65,419.91933136826253,,,,PENDING_AT_END
420.0,420.3785636914855,,,,PENDING_AT_END
420.34999999999997,420.73243241585027,,,,PENDING_AT_END
420.7,421.0525280652499,,,,PENDING_AT_END
421.04999999999995,421.25936055336376,,,,PENDING_AT_END
421.4,421.40226878691,,,,PENDING_AT_END
421.75,421.79141991175925,,,,PENDING_AT_END
422.09999999999997,422.2635279767115,,,,PENDING_AT_END
422.45,422.7201052459762,,,,PENDING_AT_END
422.79999999999995,423.0077590012986,,,,PENDING_AT_END
423.15,423.41738837660375,,,,PENDING_AT_END
423.5,423.6840805547388,,,,PENDING_AT_END
423.84999999999997,423.8648470874427,,,,PENDING_AT_END
424.2,424.2181916577844,,,,PENDING_AT_END
424.54999999999995,424.7270417718602,,,,PENDING_AT_END
424.9,425.01941274261026,,,,PENDING_AT_END
425.25,425.389504880029,,,,PENDING_AT_END
425.59999999999997,425.92481732860534,,,,PENDING_AT_END
425.95,425.96256249867866,,,,PENDING_AT_END
426.29999999999995,426.48118945562646,,,,PENDING_AT_END
426.65,427.0101513812564,,,,PENDING_AT_END
427.0,427.0429174154941,,,,PENDING_AT_END
427.34999999999997,427.5237761552822,,,,PENDING_AT_END
427.7,427.88265765721604,,,,PENDING_AT_END
428.04999999999995,428.3631454159546,,,,PENDING_AT_END
428.4,428.61940169706156,,,,PENDING_AT_END
428.75,428.8673925750536,,,,PENDING_AT_END
429.09999999999997,429.15154873090916,,,,PENDING_AT_END
429.45,429.8251066606634,,,,PENDING_AT_END
429.79999999999995,430.1746125239598,,,,PENDING_AT_END
430.15,430.4395103657656,,,,PENDING_AT_END
430.5,430.84835486706254,,,,PENDING_AT_END
430.84999999999997,431.136665886648,,,,PENDING_AT_END
431.2,431.29763510931963,,,,PENDING_AT_END
431.54999999999995,431.77916937495615,,,,PENDING_AT_END
431.9,431.9302939803988,,,,PENDING_AT_END
432.25,432.2866156725521,,,,PENDING_AT_END
432.59999999999997,432.7121130375744,,,,PENDING_AT_END
432.95,433.3383236470493,,,,PENDING_AT_END
433.29999999999995,433.42870610406817,,,,PENDING_AT_END
433.65,433.6529916282301,,,,PENDING_AT_END
434.0,434.09040438983243,,,,PENDING_AT_END
434.34999999999997,434.55167483135864,,,,PENDING_AT_END
434.7,434.9278795180791,,,,PENDING_AT_END
435.04999999999995,435.11393374028853,,,,PENDING_AT_END
435.4,435.53194133473255,,,,PENDING_AT_END
435.75,436.08780756926797,,,,PENDING_AT_END
436.09999999999997,436.46899833501,,,,PENDING_AT_END
436.45,436.80799025340303,,,,PENDING_AT_END
436.79999999999995,436.8310868746455,,,,PENDING_AT_END
437.15,437.1546037622138,,,,PENDING_AT_END
437.5,437.8033878944857,,,,PENDING_AT_END
437.84999999999997,437.9642807897853,,,,PENDING_AT_END
438.2,438.2227344193565,,,,PENDING_AT_END
438.54999999999995,438.7559577481552,,,,PENDING_AT_END
438.9,439.2819644440408,,,,PENDING_AT_END
439.25,439.42589272538646,,,,PENDING_AT_END
439.59999999999997,439.7161261033776,,,,PENDING_AT_END
439.95,440.18806260058983,,,,PENDING_AT_END
440.29999999999995,440.33907174998865,,,,PENDING_AT_END
440.65,440.65310687616284,,,,PENDING_AT_END
441.0,441.1286999779637,,,,PENDING_AT_END
441.34999999999997,441.5982872070859,,,,PENDING_AT_END
441.7,441.7693147666552,,,,PENDING_AT_END
442.04999999999995,442.4092058941459,,,,PENDING_AT_END
442.4,442.56452246746244,,,,PENDING_AT_END
442.75,442.9400307867994,,,,PENDING_AT_END
443.09999999999997,443.2993973962028,,,,PENDING_AT_END
443.45,443.4630762765574,,,,PENDING_AT_END
443.79999999999995,443.98150694306753,,,,PENDING_AT_END
444.15,444.35756265739826,,,,PENDING_AT_END
444.5,444.6746541063362,,,,PENDING_AT_END
444.84999999999997,444.9867286319322,,,,PENDING_AT_END
445.2,445.47670644761484,,,,PENDING_AT_END
445.54999999999995,445.61162053347925,,,,PENDING_AT_END
445.9,446.03055672427854,,,,PENDING_AT_END
446.25,446.61350248919916,,,,PENDING_AT_END
446.59999999999997,446.68675072628054,,,,PENDING_AT_END
446.95,447.27227566176254,,,,PENDING_AT_END
447.29999999999995,447.64679264220194,,,,PENDING_AT_END
447.65,447.8100461629467,,,,PENDING_AT_END
448.0,448.2425301096347,,,,PENDING_AT_END
448.34999999999997,448.6212755025737,,,,PENDING_AT_END
448.7,448.8700079046367,,,,PENDING_AT_END
449.04999999999995,449.17045332639555,,,,PENDING_AT_END
449.4,449.7098129880835,,,,PENDING_AT_END
449.74999999999994,449.85073193329646,,,,PENDING_AT_END
450.09999999999997,450.2491900104787,,,,PENDING_AT_END
450.45,450.45036864512264,,,,PENDING_AT_END
450.79999999999995,451.05511751678534,,,,PENDING_AT_END
451.15,451.2643537857057,,,,PENDING_AT_END
451.49999999999994,451.5052288791588,,,,PENDING_AT_END
451.84999999999997,452.0705629283488,,,,PENDING_AT_END
452.2,452.29963774439244,,,,PENDING_AT_END
452.54999999999995,452.8439237974163,,,,PENDING_AT_END
452.9,453.0559216308145,,,,PENDING_AT_END
453.24999999999994,453.6262178544644,,,,PENDING_AT_END
453.59999999999997,453.62985672453755,,,,PENDING_AT_END
453.95,454.28574181699156,,,,PENDING_AT_END
454.29999999999995,454.35494329455184,,,,PENDING_AT_END
454.65,454.66631455379206,,,,PENDING_AT_END
454.99999999999994,455.26016773701,,,,PENDING_AT_END
455.34999999999997,455.6689992406919,,,,PENDING_AT_END
455.7,455.82323745093055,,,,PENDING_AT_END
456.04999999999995,456.0901111853824,,,,PENDING_AT_END
456.4,456.4557672059093,,,,PENDING_AT_END
456.74999999999994,456.7543887203752,,,,PENDING_AT_END
457.09999999999997,457.2045088987805,,,,PENDING_AT_END
457.45,457.66558416080517,,,,PENDING_AT_END
457.79999999999995,457.9135195142916,,,,PENDING_AT_END
458.15,458.48160588102076,,,,PENDING_AT_END
458.49999999999994,458.70927642859164,,,,PENDING_AT_END
458.84999999999997,459.2160580565597,,,,PENDING_AT_END
459.2,459.5397455322491,,,,PENDING_AT_END
459.54999999999995,459.6851653762212,,,,PENDING_AT_END
459.9,460.099029545328,,,,PENDING_AT_END
460.24999999999994,460.53883507871006,,,,PENDING_AT_END
460.59999999999997,460.85782057338014,,,,PENDING_AT_END
460.95,461.10407318764095,,,,PENDING_AT_END
461.29999999999995,461.6899501227549,,,,PENDING_AT_END
461.65,461.6629786529023,,,,PENDING_AT_END
461.99999999999994,462.210810291859,,,,PENDING_AT_END
462.34999999999997,462.4969127370961,,,,PENDING_AT_END
462.7,463.03836919337544,,,,PENDING_AT_END
463.04999999999995,463.40586116598286,,,,PENDING_AT_END
463.4,463.49407560922884,,,,PENDING_AT_END
463.74999999999994,463.96769660264357,,,,PENDING_AT_END
464.09999999999997,464.20470977206486,,,,PENDING_AT_END
464.45,464.58787440140503,,,,PENDING_AT_END
464.79999999999995,465.022471425306,,,,PENDING_AT_END
465.15,465.20040367338515,,,,PENDING_AT_END
465.49999999999994,465.662029367966,,,,PENDING_AT_END
465.84999999999997,466.1185332560896,,,,PENDING_AT_END
466.2,466.5126276770981,,,,PENDING_AT_END
466.54999999999995,466.73365269912824,,,,PENDING_AT_END
466.9,467.13406085232896,,,,PENDING_AT_END
467.24999999999994,467.30262321673666,,,,PENDING_AT_END
467.59999999999997,467.65269063284285,,,,PENDING_AT_END
467.95,467.95278714158104,,,,PENDING_AT_END
468.29999999999995,468.52711163511935,,,,PENDING_AT_END
468.65,468.8852221847476,,,,PENDING_AT_END
468.99999999999994,469.0844003084887,,,,PENDING_AT_END
469.34999999999997,469.6516356991206,,,,PENDING_AT_END
469.7,469.9144721064161,,,,PENDING_AT_END
470.04999999999995,470.1250167261377,,,,PENDING_AT_END
470.4,470.54583673110403,,,,PENDING_AT_END
470.74999999999994,471.0554352311694,,,,PENDING_AT_END
471.09999999999997,471.31705309645025,,,,PENDING_AT_END
471.45,471.78657931713695,,,,PENDING_AT_END
471.79999999999995,471.80805250610626,,,,PENDING_AT_END
472.15,472.4203147375821,,,,PENDING_AT_END
472.49999999999994,472.5895237289896,,,,PENDING_AT_END
472.84999999999997,473.0773851634728,,,,PENDING_AT_END
473.2,473.54514807711047,,,,PENDING_AT_END
473.54999999999995,473.90859045557465,,,,PENDING_AT_END
473.9,474.11427189865526,,,,PENDING_AT_END
474.24999999999994,474.2515158078524,,,,PENDING_AT_END
474.59999999999997,474.6925316875301,,,,PENDING_AT_END
474.95,475.2640646983378,,,,PENDING_AT_END
475.29999999999995,475.44363657798874,,,,PENDING_AT_END
475.65,475.7681473790276,,,,PENDING_AT_END
475.99999999999994,476.0661606922884,,,,PENDING_AT_END
476.34999999999997,476.5212625943472,,,,PENDING_AT_END
476.7,476.99783137828007,,,,PENDING_AT_END
477.04999999999995,477.30558460260033,,,,PENDING_AT_END
477.4,477.7499932416232,,,,PENDING_AT_END
477.74999999999994,477.8523202236319,,,,PENDING_AT_END
478.09999999999997,478.44630291047537,,,,PENDING_AT_END
478.45,478.77067234196915,,,,PENDING_AT_END
478.79999999999995,479.13164387135305,,,,PENDING_AT_END
479.15,479.5024911179629,,,,PENDING_AT_END
479.49999999999994,479.81130611719124,,,,PENDING_AT_END
479.84999999999997,480.1143640723869,,,,PENDING_AT_END
480.2,480.467649232277,,,,PENDING_AT_END
480.54999999999995,480.72206179993213,,,,PENDING_AT_END
480.9,480.9358477052821,,,,PENDING_AT_END
481.24999999999994,481.6051933476228,,,,PENDING_AT_END
481.59999999999997,481.6729051778664,,,,PENDING_AT_END
481.95,482.16220443347646,,,,PENDING_AT_END
482.29999999999995,482.4941122788582,,,,PENDING_AT_END
482.65,483.0053505331174,,,,PENDING_AT_END
482.99999999999994,483.09649067611355,,,,PENDING_AT_END
483.34999999999997,483.53389916733744,,,,PENDING_AT_END
483.7,483.9305490119604,,,,PENDING_AT_END
484.04999999999995,484.18982796100534,,,,PENDING_AT_END
484.4,484.7966400389131,,,,PENDING_AT_END
484.74999999999994,484.85217888973267,,,,PENDING_AT_END
485.09999999999997,485.3579527134934,,,,PENDING_AT_END
485.45,485.626611106967,,,,PENDING_AT_END
485.79999999999995,486.1021703291134,,,,PENDING_AT_END
486.15,486.2735738014495,,,,PENDING_AT_END
486.49999999999994,486.82847686197573,,,,PENDING_AT_END
486.84999999999997,486.9829019905332,,,,PENDING_AT_END
487.2,487.4354442421771,,,,PENDING_AT_END
487.54999999999995,487.5686222441185,,,,PENDING_AT_END
487.9,487.9245299516608,,,,PENDING_AT_END
488.24999999999994,488.2845271195336,,,,PENDING_AT_END
488.59999999999997,488.8496181558084,,,,PENDING_AT_END
488.95,489.0178225034204,,,,PENDING_AT_END
489.29999999999995,489.69757556062416,,,,PENDING_AT_END
489.65,489.86595829106943,,,,PENDING_AT_END
489.99999999999994,490.13671115636777,,,,PENDING_AT_END
490.34999999999997,490.3502682618227,,,,PENDING_AT_END
490.7,490.97703601761606,,,,PENDING_AT_END
491.04999999999995,491.36375047356046,,,,PENDING_AT_END
491.4,491.5833852979565,,,,PENDING_AT_END
491.74999999999994,491.8951427732923,,,,PENDING_AT_END
492.09999999999997,492.29803928710277,,,,PENDING_AT_END
492.45,492.7693039875539,,,,PENDING_AT_END
492.79999999999995,492.8977663418907,,,,PENDING_AT_END
493.15,493.3044117730244,,,,PENDING_AT_END
493.49999999999994,493.8762668069118,,,,PENDING_AT_END
493.84999999999997,494.0599554384277,,,,PENDING_AT_END
494.2,494.3931219667929,,,,PENDING_AT_END
494.54999999999995,494.7843622879759,,,,PENDING_AT_END
494.9,495.1337926864944,,,,PENDING_AT_END
495.24999999999994,495.364102191792,,,,PENDING_AT_END
495.59999999999997,495.6167477027788,,,,PENDING_AT_END
495.95,496.02841910365674,,,,PENDING_AT_END
496.29999999999995,496.69224171227324,,,,PENDING_AT_END
496.65,497.03039644733474,,,,PENDING_AT_END
496.99999999999994,497.3307494892842,,,,PENDING_AT_END
497.34999999999997,497.4221821332587,,,,PENDING_AT_END
497.7,497.72159149486725,,,,PENDING_AT_END
498.04999999999995,498.21821998529174,,,,PENDING_AT_END
498.4,498.54589630334806,,,,PENDING_AT_END
498.74999999999994,499.08886698755197,,,,PENDING_AT_END
499.09999999999997,499.17990462722236,,,,PENDING_AT_END
499.45,499.7959874314026,,,,PENDING_AT_END
499.79999999999995,500.01693913575275,,,,PENDING_AT_END
500.15,500.39607115730917,,,,PENDING_AT_END
500.49999999999994,500.57459545780904,,,,PENDING_AT_END
500.84999999999997,501.0611303644493,,,,PENDING_AT_END
501.2,501.4748665496916,,,,PENDING_AT_END
501.54999999999995,501.73705062723957,,,,PENDING_AT_END
501.9,501.97667144770776,,,,PENDING_AT_END
502.24999999999994,502.32252243113925,,,,PENDING_AT_END
502.59999999999997,502.75348576302684,,,,PENDING_AT_END
502.95,503.18161422753457,,,,PENDING_AT_END
503.29999999999995,503.3176135636003,,,,PENDING_AT_END
503.65,503.9640159768045,,,,PENDING_AT_END
503.99999999999994,504.1865550767089,,,,PENDING_AT_END
504.34999999999997,504.6077844187659,,,,PENDING_AT_END
504.7,504.9097320767169,,,,PENDING_AT_END
505.04999999999995,505.1350843875168,,,,PENDING_AT_END
505.4,505.5456877385751,,,,PENDING_AT_END
505.74999999999994,506.07685057684665,,,,PENDING_AT_END
506.09999999999997,506.3701424298412,,,,PENDING_AT_END
506.45,506.5904442716222,,,,PENDING_AT_END
506.79999999999995,506.8118883994956,,,,PENDING_AT_END
507.15,507.3430317086503,,,,PENDING_AT_END
507.49999999999994,507.6423415410421,,,,PENDING_AT_END
507.84999999999997,508.1539838371587,,,,PENDING_AT_END
508.2,508.556820477117,,,,PENDING_AT_END
508.54999999999995,508.67675873333417,,,,PENDING_AT_END
508.9,509.12600807862646,,,,PENDING_AT_END
509.24999999999994,509.2726943510526,,,,PENDING_AT_END
509.59999999999997,509.7414932942816,,,,PENDING_AT_END
509.95,510.1814839264993,,,,PENDING_AT_END
510.29999999999995,510.5036856630262,,,,PENDING_AT_END
510.65,510.90701666355653,,,,PENDING_AT_END
510.99999999999994,511.32053654635087,,,,PENDING_AT_END
511.34999999999997,511.3534067192548,,,,PENDING_AT_END
511.7,512.091733789323,,,,PENDING_AT_END
512.05,512.2390965131469,,,,PENDING_AT_END
512.4,512.4248367032852,,,,PENDING_AT_END
512.75,512.838543613911,,,,PENDING_AT_END
513.1,513.2127467393933,,,,PENDING_AT_END
513.4499999999999,513.5837172124817,,,,PENDING_AT_END
513.8,514.0740202932764,,,,PENDING_AT_END
514.15,514.3825648629341,,,,PENDING_AT_END
514.5,514.6064979555283,,,,PENDING_AT_END
514.85,515.0825025800201,,,,PENDING_AT_END
515.1999999999999,515.5224734331711,,,,PENDING_AT_END
515.55,515.934625849969,,,,PENDING_AT_END
515.9,516.2723486135411,,,,PENDING_AT_END
516.25,516.6251420454262,,,,PENDING_AT_END
516.6,516.9225326258517,,,,PENDING_AT_END
516.9499999999999,517.0198321748518,,,,PENDING_AT_END
517.3,517.4810498238501,,,,PENDING_AT_END
517.65,517.9073467807137,,,,PENDING_AT_END
518.0,518.3382022582994,,,,PENDING_AT_END
518.35,518.4174703140351,,,,PENDING_AT_END
518.6999999999999,519.0705456695074,,,,PENDING_AT_END
519.05,519.063079386571,,,,PENDING_AT_END
519.4,519.5627193265613,,,,PENDING_AT_END
519.75,520.1278381334603,,,,PENDING_AT_END
520.1,520.1139247164684,,,,PENDING_AT_END
520.4499999999999,520.8371093505642,,,,PENDING_AT_END
520.8,520.9621902220606,,,,PENDING_AT_END
521.15,521.5348119801671,,,,PENDING_AT_END
521.5,521.6562946049446,,,,PENDING_AT_END
521.85,522.0208346610001,,,,PENDING_AT_END
522.1999999999999,522.484755088825,,,,PENDING_AT_END
522.55,522.5984735674581,,,,PENDING_AT_END
522.9,523.1824421106431,,,,PENDING_AT_END
523.25,523.2931721872994,,,,PENDING_AT_END
523.6,523.6161172552596,,,,PENDING_AT_END
523.9499999999999,523.9810400091031,,,,PENDING_AT_END
524.3,524.4628370362368,,,,PENDING_AT_END
524.65,524.7925862168141,,,,PENDING_AT_END
525.0,525.0281412671607,,,,PENDING_AT_END
525.35,525.5091144612023,,,,PENDING_AT_END
525.6999999999999,525.7100267705097,,,,PENDING_AT_END
526.05,526.4155505757069,,,,PENDING_AT_END
526.4,526.5526396679248,,,,PENDING_AT_END
526.75,526.9637650056814,,,,PENDING_AT_END
527.1,527.1920973161813,,,,PENDING_AT_END
527.4499999999999,527.7161944572262,,,,PENDING_AT_END
527.8,527.96373050679,,,,PENDING_AT_END
528.15,528.5438033016391,,,,PENDING_AT_END
528.5,528.7264329489306,,,,PENDING_AT_END
528.85,528.8664287539408,,,,PENDING_AT_END
529.1999999999999,529.3214018926159,,,,PENDING_AT_END
529.55,529.7976916610965,,,,PENDING_AT_END
529.9,530.1537946238751,,,,PENDING_AT_END
530.25,530.5981123756196,,,,PENDING_AT_END
530.6,530.718622244906,,,,PENDING_AT_END
530.9499999999999,531.0609673800569,,,,PENDING_AT_END
531.3,531.3435205268454,,,,PENDING_AT_END
531.65,531.8787207254328,,,,PENDING_AT_END
532.0,532.3254531614843,,,,PENDING_AT_END
532.35,532.5460591028126,,,,PENDING_AT_END
532.6999999999999,533.0166924757858,,,,PENDING_AT_END
533.05,533.4108809477982,,,,PENDING_AT_END
533.4,533.6841583069275,,,,PENDING_AT_END
533.75,533.8452495620104,,,,PENDING_AT_END
534.1,534.4681564268473,,,,PENDING_AT_END
534.4499999999999,534.6273996460092,,,,PENDING_AT_END
534.8,534.8907632792609,,,,PENDING_AT_END
535.15,535.236393601247,,,,PENDING_AT_END
535.5,535.5901790241803,,,,PENDING_AT_END
535.85,536.0120879102211,,,,PENDING_AT_END
536.1999999999999,536.4325206841901,,,,PENDING_AT_END
536.55,536.5876122705108,,,,PENDING_AT_END
536.9,537.2022311390989,,,,PENDING_AT_END
537.25,537.4318993631146,,,,PENDING_AT_END
537.5999999999999,537.6148429229756,,,,PENDING_AT_END
537.9499999999999,538.0105262596259,,,,PENDING_AT_END
538.3,538.4638096250671,,,,PENDING_AT_END
538.65,538.799726245934,,,,PENDING_AT_END
539.0,539.3775885468287,,,,PENDING_AT_END
539.3499999999999,539.5881542210789,,,,PENDING_AT_END
539.6999999999999,540.0023537156559,,,,PENDING_AT_END
540.05,540.0885403513862,,,,PENDING_AT_END
540.4,540.454851600938,,,,PENDING_AT_END
540.75,540.782800901108,,,,PENDING_AT_END
541.0999999999999,541.257168388332,,,,PENDING_AT_END
541.4499999999999,541.6969652333747,,,,PENDING_AT_END
541.8,541.8822608752905,,,,PENDING_AT_END
542.15,542.3951634106305,,,,PENDING_AT_END
542.5,542.8406750380088,,,,PENDING_AT_END
542.8499999999999,543.1576634131857,,,,PENDING_AT_END
543.1999999999999,543.3521628622403,,,,PENDING_AT_END
543.55,543.7251148642654,,,,PENDING_AT_END
543.9,544.0003262651268,,,,PENDING_AT_END
544.25,544.3579908039849,,,,PENDING_AT_END
544.5999999999999,544.8080578758986,,,,PENDING_AT_END
544.9499999999999,545.1566066915042,,,,PENDING_AT_END
545.3,545.3559710426896,,,,PENDING_AT_END
545.65,545.911944454844,,,,PENDING_AT_END
546.0,546.2048414750266,,,,PENDING_AT_END
546.3499999999999,546.4424950251646,,,,PENDING_AT_END
546.6999999999999,547.0305862868121,,,,PENDING_AT_END
547.05,547.2669570406692,,,,PENDING_AT_END
547.4,547.5681040823316,,,,PENDING_AT_END
547.75,548.1318352382061,,,,PENDING_AT_END
548.0999999999999,548.3793823914316,,,,PENDING_AT_END
548.4499999999999,548.8217479883664,,,,PENDING_AT_END
548.8,548.872153109937,,,,PENDING_AT_END
549.15,549.4267943095452,,,,PENDING_AT_END
549.5,549.8760742759439,,,,PENDING_AT_END
549.8499999999999,550.1773598847274,,,,PENDING_AT_END
550.1999999999999,550.213333391915,,,,PENDING_AT_END
550.55,550.8961840910197,,,,PENDING_AT_END
550.9,550.9523175908697,,,,PENDING_AT_END
551.25,551.4320077104971,,,,PENDING_AT_END
551.5999999999999,551.9432728458378,,,,PENDING_AT_END
551.9499999999999,552.284603880371,,,,PENDING_AT_END
552.3,552.539810345118,,,,PENDING_AT_END
552.65,552.8692488825196,,,,PENDING_AT_END
553.0,553.2248484568036,,,,PENDING_AT_END
553.3499999999999,553.3894220505754,,,,PENDING_AT_END
553.6999999999999,553.9375128374555,,,,PENDING_AT_END
554.05,554.3982196191412,,,,PENDING_AT_END
554.4,554.5550484214399,,,,PENDING_AT_END
554.75,554.8457743290041,,,,PENDING_AT_END
555.0999999999999,555.3927648695767,,,,PENDING_AT_END
555.4499999999999,555.600318906822,,,,PENDING_AT_END
555.8,556.1514829082216,,,,PENDING_AT_END
556.15,556.4852723109624,,,,PENDING_AT_END
556.5,556.6471026958689,,,,PENDING_AT_END
556.8499999999999,556.9010224197195,,,,PENDING_AT_END
557.1999999999999,557.5294656795462,,,,PENDING_AT_END
557.55,557.7446856306924,,,,PENDING_AT_END
557.9,558.061011969421,,,,PENDING_AT_END
558.25,558.501482116139,,,,PENDING_AT_END
558.5999999999999,558.8348248200691,,,,PENDING_AT_END
558.9499999999999,559.265424964036,,,,PENDING_AT_END
559.3,559.4799280123912,,,,PENDING_AT_END
559.65,559.6788498037494,,,,PENDING_AT_END
560.0,560.1540872029448,,,,PENDING_AT_END
560.3499999999999,560.7449222304297,,,,PENDING_AT_END
560.6999999999999,561.0952004428626,,,,PENDING_AT_END
561.05,561.2111437904884,,,,PENDING_AT_END
561.4,561.5165555940201,,,,PENDING_AT_END
561.75,561.943752798004,,,,PENDING_AT_END
562.0999999999999,562.1378570350641,,,,PENDING_AT_END
562.4499999999999,562.5208620051268,,,,PENDING_AT_END
562.8,562.9602199697547,,,,PENDING_AT_END
563.15,563.3294956273922,,,,PENDING_AT_END
563.5,563.7586844669111,,,,PENDING_AT_END
563.8499999999999,564.0003279242794,,,,PENDING_AT_END
564.1999999999999,564.3834046586884,,,,PENDING_AT_END
564.55,564.668982774584,,,,PENDING_AT_END
564.9,565.0397861625062,,,,PENDING_AT_END
565.25,565.4315238935778,,,,PENDING_AT_END
565.5999999999999,565.7370515394691,,,,PENDING_AT_END
565.9499999999999,566.0385584937573,,,,PENDING_AT_END
566.3,566.6541042735348,,,,PENDING_AT_END
566.65,566.9034798574761,,,,PENDING_AT_END
567.0,567.0607938381424,,,,PENDING_AT_END
567.3499999999999,567.694682000614,,,,PENDING_AT_END
567.6999999999999,567.7905070225628,,,,PENDING_AT_END
568.05,568.2911016225453,,,,PENDING_AT_END
568.4,568.7749467668508,,,,PENDING_AT_END
568.75,569.0900516782531,,,,PENDING_AT_END
569.0999999999999,569.3959624715569,,,,PENDING_AT_END
569.4499999999999,569.6814637931474,,,,PENDING_AT_END
569.8,569.9519454559293,,,,PENDING_AT_END
570.15,570.1919951539818,,,,PENDING_AT_END
570.5,570.5361571183803,,,,PENDING_AT_END
570.8499999999999,570.9244742805363,,,,PENDING_AT_END
571.1999999999999,571.5251222264657,,,,PENDING_AT_END
571.55,571.7163860873018,,,,PENDING_AT_END
571.9,571.9346537098776,,,,PENDING_AT_END
572.25,572.3019530392385,,,,PENDING_AT_END
572.5999999999999,572.8438785260125,,,,PENDING_AT_END
572.9499999999999,573.313600022367,,,,PENDING_AT_END
573.3,573.4415820344184,,,,PENDING_AT_END
573.65,573.8124527344056,,,,PENDING_AT_END
574.0,574.3094665276517,,,,PENDING_AT_END
574.3499999999999,574.4164407421372,,,,PENDING_AT_END
574.6999999999999,574.9596189249427,,,,PENDING_AT_END
575.05,575.4156126534428,,,,PENDING_AT_END
575.4,575.6426935677911,,,,PENDING_AT_END
575.75,575.7671274151439,,,,PENDING_AT_END
576.0999999999999,576.4637983095201,,,,PENDING_AT_END
576.4499999999999,576.6273381490183,,,,PENDING_AT_END
576.8,577.1292466215989,,,,PENDING_AT_END
577.15,577.4645712949238,,,,PENDING_AT_END
577.5,577.8444772647213,,,,PENDING_AT_END
577.8499999999999,577.9970521345679,,,,PENDING_AT_END
578.1999999999999,578.278742913485,,,,PENDING_AT_END
578.55,578.850365637546,,,,PENDING_AT_END
578.9,579.1612301461449,,,,PENDING_AT_END
579.25,579.3692243457874,,,,PENDING_AT_END
579.5999999999999,579.7271993196662,,,,PENDING_AT_END
579.9499999999999,580.1751169319363,,,,PENDING_AT_END
580.3,580.5210890700118,,,,PENDING_AT_END
580.65,581.0128689190543,,,,PENDING_AT_END
581.0,581.1710493170422,,,,PENDING_AT_END
581.3499999999999,581.4823588799177,,,,PENDING_AT_END
581.6999999999999,581.8348359737346,,,,PENDING_AT_END
582.05,582.3962797254744,,,,PENDING_AT_END
582.4,582.7799545329607,,,,PENDING_AT_END
582.75,582.7882691296122,,,,PENDING_AT_END
583.0999999999999,583.2733254260943,,,,PENDING_AT_END
583.4499999999999,583.6748964654577,,,,PENDING_AT_END
583.8,584.1973735549641,,,,PENDING_AT_END
584.15,584.4792923053584,,,,PENDING_AT_END
584.5,584.6077366220302,,,,PENDING_AT_END
584.8499999999999,585.168540959977,,,,PENDING_AT_END
585.1999999999999,585.5015248158815,,,,PENDING_AT_END
585.55,585.5964606650032,,,,PENDING_AT_END
585.9,586.1601411521484,,,,PENDING_AT_END
586.25,586.5919788187055,,,,PENDING_AT_END
586.5999999999999,586.7151816691412,,,,PENDING_AT_END
586.9499999999999,587.1908513364584,,,,PENDING_AT_END
587.3,587.3815548135681,,,,PENDING_AT_END
587.65,587.9271727148767,,,,PENDING_AT_END
588.0,588.3552130399792,,,,PENDING_AT_END
588.3499999999999,588.7337791942687,,,,PENDING_AT_END
588.6999999999999,588.8697309884366,,,,PENDING_AT_END
589.05,589.124470113647,,,,PENDING_AT_END
589.4,589.6230112484649,,,,PENDING_AT_END
589.75,590.0162605062933,,,,PENDING_AT_END
590.0999999999999,590.1557216082886,,,,PENDING_AT_END
590.4499999999999,590.6433394872626,,,,PENDING_AT_END
590.8,590.929381812251,,,,PENDING_AT_END
591.15,591.2158365628358,,,,PENDING_AT_END
591.5,591.7663661058377,,,,PENDING_AT_END
591.8499999999999,592.0154659113468,,,,PENDING_AT_END
592.1999999999999,592.2645491492557,,,,PENDING_AT_END
592.55,592.8969543190706,,,,PENDING_AT_END
592.9,593.2602289735015,,,,PENDING_AT_END
593.25,593.3249550045475,,,,PENDING_AT_END
593.5999999999999,593.9155324647593,,,,PENDING_AT_END
593.9499999999999,594.1239530908452,,,,PENDING_AT_END
594.3,594.318885769643,,,,PENDING_AT_END
594.65,594.9428645355839,,,,PENDING_AT_END
595.0,595.1591219881163,,,,PENDING_AT_END
595.3499999999999,595.535450370277,,,,PENDING_AT_END
595.6999999999999,596.0746252713353,,,,PENDING_AT_END
596.05,596.3148648409785,,,,PENDING_AT_END
596.4,596.5802896920828,,,,PENDING_AT_END
596.75,597.0995569098961,,,,PENDING_AT_END
597.0999999999999,597.4726083074738,,,,PENDING_AT_END
597.4499999999999,597.572228829103,,,,PENDING_AT_END
597.8,597.9193852171927,,,,PENDING_AT_END
598.15,598.2746808570524,,,,PENDING_AT_END
598.5,598.6702038711067,,,,PENDING_AT_END
598.8499999999999,598.8586378799089,,,,PENDING_AT_END
599.1999999999999,599.3220875933793,,,,PENDING_AT_END
599.55,599.6397565336199,,,,PENDING_AT_END
599.9,600.1690152487066,,,,PENDING_AT_END
600.25,600.2864769524226,,,,PENDING_AT_END
600.5999999999999,600.6586553009693,,,,PENDING_AT_END
600.9499999999999,601.0574719463172,,,,PENDING_AT_END
601.3,601.5674782430799,,,,PENDING_AT_END
601.65,601.744648421599,,,,PENDING_AT_END
602.0,602.3206892887852,,,,PENDING_AT_END
602.3499999999999,602.6180343442677,,,,PENDING_AT_END
602.6999999999999,602.7971748283409,,,,PENDING_AT_END
603.05,603.2437683695359,,,,PENDING_AT_END
603.4,603.7933705340791,,,,PENDING_AT_END
603.75,603.755427960007,,,,PENDING_AT_END
604.0999999999999,604.3872593730357,,,,PENDING_AT_END
604.4499999999999,604.4905986423763,,,,PENDING_AT_END
604.8,605.049032837155,,,,PENDING_AT_END
605.15,605.2438154046171,,,,PENDING_AT_END
605.5,605.6060731676082,,,,PENDING_AT_END
605.8499999999999,605.950013366629,,,,PENDING_AT_END
606.1999999999999,606.5677478576835,,,,PENDING_AT_END
606.55,606.6448664910486,,,,PENDING_AT_END
606.9,606.9591499054258,,,,PENDING_AT_END
607.25,607.503030580817,,,,PENDING_AT_END
607.5999999999999,607.7046876154943,,,,PENDING_AT_END
607.9499999999999,608.3491360926658,,,,PENDING_AT_END
608.3,608.5783945540409,,,,PENDING_AT_END
608.65,608.8383707180104,,,,PENDING_AT_END
609.0,609.394115491378,,,,PENDING_AT_END
609.3499999999999,609.4351158058989,,,,PENDING_AT_END
609.6999999999999,610.0661008938706,,,,PENDING_AT_END
610.05,610.2867253966556,,,,PENDING_AT_END
610.4,610.591231936227,,,,PENDING_AT_END
610.75,610.9633868378326,,,,PENDING_AT_END
611.0999999999999,611.1791490301853,,,,PENDING_AT_END
611.4499999999999,611.7466251615909,,,,PENDING_AT_END
611.8,612.0342151368702,,,,PENDING_AT_END
612.15,612.3668972776699,,,,PENDING_AT_END
612.5,612.8847673128548,,,,PENDING_AT_END
612.8499999999999,613.2260257665309,,,,PENDING_AT_END
613.1999999999999,613.5595648435154,,,,PENDING_AT_END
613.55,613.6625408728339,,,,PENDING_AT_END
613.9,614.1292435463855,,,,PENDING_AT_END
614.25,614.409215253092,,,,PENDING_AT_END
614.5999999999999,614.7815469948143,,,,PENDING_AT_END
614.9499999999999,615.2423066859745,,,,PENDING_AT_END
615.3,615.3353065403753,,,,PENDING_AT_END
615.65,615.6877353465644,,,,PENDING_AT_END
616.0,616.3791650836906,,,,PENDING_AT_END
616.3499999999999,616.3506286190461,,,,PENDING_AT_END
616.6999999999999,616.7420188902914,,,,PENDING_AT_END
617.05,617.1795411594289,,,,PENDING_AT_END
617.4,617.4612743389633,,,,PENDING_AT_END
617.75,617.9815701566783,,,,PENDING_AT_END
618.0999999999999,618.2417178959238,,,,PENDING_AT_END
618.4499999999999,618.4561223352993,,,,PENDING_AT_END
618.8,618.829476412536,,,,PENDING_AT_END
619.15,619.3994003912516,,,,PENDING_AT_END
619.5,619.6719788566647,,,,PENDING_AT_END
619.8499999999999,619.971441387723,,,,PENDING_AT_END
620.1999999999999,620.3709156857145,,,,PENDING_AT_END
620.55,620.9303212507891,,,,PENDING_AT_END
620.9,620.9933272076904,,,,PENDING_AT_END
621.25,621.550444726151,,,,PENDING_AT_END
621.5999999999999,621.7716799134791,,,,PENDING_AT_END
621.9499999999999,621.9854412925807,,,,PENDING_AT_END
622.3,622.6947548773128,,,,PENDING_AT_END
622.65,622.8728452496304,,,,PENDING_AT_END
623.0,623.0484652319822,,,,PENDING_AT_END
623.3499999999999,623.7228787323825,,,,PENDING_AT_END
623.6999999999999,623.7780600479724,,,,PENDING_AT_END
624.05,624.3034665926234,,,,PENDING_AT_END
624.4,624.6615884403831,,,,PENDING_AT_END
624.75,624.8511420898449,,,,PENDING_AT_END
625.0999999999999,625.2854872890557,,,,PENDING_AT_END
625.4499999999999,625.452145537672,,,,PENDING_AT_END
625.8,625.8494101664692,,,,PENDING_AT_END
626.15,626.2720424653552,,,,PENDING_AT_END
626.5,626.6488551308146,,,,PENDING_AT_END
626.8499999999999,627.1222307805251,,,,PENDING_AT_END
627.1999999999999,627.5589562992401,,,,PENDING_AT_END
627.55,627.6552247143434,,,,PENDING_AT_END
627.9,627.9618805777835,,,,PENDING_AT_END
628.25,628.3433283518712,,,,PENDING_AT_END
628.5999999999999,628.9393721427484,,,,PENDING_AT_END
628.9499999999999,628.9709176268574,,,,PENDING_AT_END
629.3,629.6008784759383,,,,PENDING_AT_END
629.65,629.7193563086722,,,,PENDING_AT_END
630.0,630.0824365210608,,,,PENDING_AT_END
630.3499999999999,630.5867083074431,,,,PENDING_AT_END
630.6999999999999,631.035508254883,,,,PENDING_AT_END
631.05,631.4244532834884,,,,PENDING_AT_END
631.4,631.618948027064,,,,PENDING_AT_END
631.75,631.7689217263317,,,,PENDING_AT_END
632.0999999999999,632.2822157575988,,,,PENDING_AT_END
632.4499999999999,632.785915660117,,,,PENDING_AT_END
632.8,633.1011188488721,,,,PENDING_AT_END
633.15,633.244380867562,,,,PENDING_AT_END
633.5,633.8056176742841,,,,PENDING_AT_END
633.8499999999999,633.9404108946826,,,,PENDING_AT_END
634.1999999999999,634.3974636915847,,,,PENDING_AT_END
634.55,634.7598153165131,,,,PENDING_AT_END
634.9,635.0010793781654,,,,PENDING_AT_END
635.25,635.4673924110066,,,,PENDING_AT_END
635.5999999999999,635.697136924118,,,,PENDING_AT_END
635.9499999999999,636.3454692585937,,,,PENDING_AT_END
636.3,636.4383422603987,,,,PENDING_AT_END
636.65,636.6533072223784,,,,PENDING_AT_END
637.0,637.1770124305795,,,,PENDING_AT_END
637.3499999999999,637.3665634976314,,,,PENDING_AT_END
637.6999999999999,638.0238250744698,,,,PENDING_AT_END
638.05,638.0565960892734,,,,PENDING_AT_END
638.4,638.5143004237674,,,,PENDING_AT_END
638.75,638.8157067645263,,,,PENDING_AT_END
639.0999999999999,639.2845409345705,,,,PENDING_AT_END
639.4499999999999,639.4521046577842,,,,PENDING_AT_END
639.8,639.8854776926457,,,,PENDING_AT_END
640.15,640.318864798846,,,,PENDING_AT_END
640.5,640.764518010833,,,,PENDING_AT_END
640.8499999999999,641.0499414854903,,,,PENDING_AT_END
641.1999999999999,641.2970675901867,,,,PENDING_AT_END
641.55,641.710457462683,,,,PENDING_AT_END
641.9,642.1870017043481,,,,PENDING_AT_END
642.25,642.3901887026684,,,,PENDING_AT_END
642.5999999999999,642.7345086862167,,,,PENDING_AT_END
642.9499999999999,643.1173373696007,,,,PENDING_AT_END
643.3,643.6847550547211,,,,PENDING_AT_END
643.65,643.6882218031875,,,,PENDING_AT_END
644.0,644.1416042754547,,,,PENDING_AT_END
644.3499999999999,644.6910595257043,,,,PENDING_AT_END
644.6999999999999,644.9450115468936,,,,PENDING_AT_END
645.05,645.4244389718494,,,,PENDING_AT_END
645.4,645.4106427350633,,,,PENDING_AT_END
645.75,645.7810478919148,,,,PENDING_AT_END
646.0999999999999,646.3083834421159,,,,PENDING_AT_END
646.4499999999999,646.4861774437928,,,,PENDING_AT_END
646.8,646.8109460109893,,,,PENDING_AT_END
647.15,647.3427539465184,,,,PENDING_AT_END
647.5,647.7621436981897,,,,PENDING_AT_END
647.8499999999999,648.1074171834405,,,,PENDING_AT_END
648.1999999999999,648.5710846673829,,,,PENDING_AT_END
648.55,648.734885117947,,,,PENDING_AT_END
648.9,649.103458389823,,,,PENDING_AT_END
649.25,649.4952461381115,,,,PENDING_AT_END
649.5999999999999,649.945775133064,,,,PENDING_AT_END
649.9499999999999,650.0842539252309,,,,PENDING_AT_END
650.3,650.6699365534819,,,,PENDING_AT_END
650.65,650.9698112903146,,,,PENDING_AT_END
651.0,651.327670034364,,,,PENDING_AT_END
651.3499999999999,651.5721760474278,,,,PENDING_AT_END
651.6999999999999,651.7916054888129,,,,PENDING_AT_END
652.05,652.0778448941414,,,,PENDING_AT_END
652.4,652.6716120843474,,,,PENDING_AT_END
652.75,652.9873615504293,,,,PENDING_AT_END
653.0999999999999,653.3824788536281,,,,PENDING_AT_END
653.4499999999999,653.6002004809269,,,,PENDING_AT_END
653.8,653.8494866528083,,,,PENDING_AT_END
654.15,654.4064424677468,,,,PENDING_AT_END
654.5,654.8469482259936,,,,PENDING_AT_END
654.8499999999999,654.8770190575995,,,,PENDING_AT_END
655.1999999999999,655.2921382772294,,,,PENDING_AT_END
655.55,655.6547766421543,,,,PENDING_AT_END
655.9,656.0333337269318,,,,PENDING_AT_END
656.25,656.6498224570857,,,,PENDING_AT_END
656.5999999999999,656.7985559155188,,,,PENDING_AT_END
656.9499999999999,657.0899253780761,,,,PENDING_AT_END
657.3,657.334538749508,,,,PENDING_AT_END
657.65,657.8580161269828,,,,PENDING_AT_END
658.0,658.3961466152675,,,,PENDING_AT_END
658.3499999999999,658.6370026176514,,,,PENDING_AT_END
658.6999999999999,659.0316056301423,,,,PENDING_AT_END
659.05,659.3941294216845,,,,PENDING_AT_END
659.4,659.5149338343339,,,,PENDING_AT_END
659.75,659.8703775732438,,,,PENDING_AT_END
660.0999999999999,660.1645209658886,,,,PENDING_AT_END
660.4499999999999,660.8479467339329,,,,PENDING_AT_END
660.8,660.9002692842603,,,,PENDING_AT_END
661.15,661.475307620538,,,,PENDING_AT_END
661.5,661.6047107839497,,,,PENDING_AT_END
661.8499999999999,662.0130976234777,,,,PENDING_AT_END
662.1999999999999,662.5996013396046,,,,PENDING_AT_END
662.55,662.7161981572985,,,,PENDING_AT_END
662.9,663.2060179618449,,,,PENDING_AT_END
663.25,663.6113222432361,,,,PENDING_AT_END
663.5999999999999,663.9857876341678,,,,PENDING_AT_END
663.9499999999999,664.3273018238743,,,,PENDING_AT_END
664.3,664.6162677659659,,,,PENDING_AT_END
664.65,664.7766289421457,,,,PENDING_AT_END
665.0,665.0045287760831,,,,PENDING_AT_END
665.3499999999999,665.5358399775243,,,,PENDING_AT_END
665.6999999999999,665.7662937970275,,,,PENDING_AT_END
666.05,666.2929427305135,,,,PENDING_AT_END
666.4,666.5139682263269,,,,PENDING_AT_END
666.75,666.8440926642656,,,,PENDING_AT_END
667.0999999999999,667.1597813213775,,,,PENDING_AT_END
667.4499999999999,667.4587725082703,,,,PENDING_AT_END
667.8,668.1949220865149,,,,PENDING_AT_END
668.15,668.29179797054,,,,PENDING_AT_END
668.5,668.6137021419488,,,,PENDING_AT_END
668.8499999999999,668.9050085034828,,,,PENDING_AT_END
669.1999999999999,669.243971834515,,,,PENDING_AT_END
669.55,669.5923529416639,,,,PENDING_AT_END
669.9,670.0659651800112,,,,PENDING_AT_END
670.25,670.524281021151,,,,PENDING_AT_END
670.5999999999999,670.8321189202591,,,,PENDING_AT_END
670.9499999999999,671.3365107394053,,,,PENDING_AT_END
671.3,671.3765948418827,,,,PENDING_AT_END
671.65,671.673049142879,,,,PENDING_AT_END
672.0,672.0889477763242,,,,PENDING_AT_END
672.3499999999999,672.6009448796788,,,,PENDING_AT_END
672.6999999999999,673.0123580158235,,,,PENDING_AT_END
673.05,673.3409037676231,,,,PENDING_AT_END
673.4,673.5570420045934,,,,PENDING_AT_END
673.75,673.88093546973,,,,PENDING_AT_END
674.0999999999999,674.4306111877936,,,,PENDING_AT_END
674.4499999999999,674.5109602244648,,,,PENDING_AT_END
674.8,674.8383278913175,,,,PENDING_AT_END
675.15,675.2150441504924,,,,PENDING_AT_END
675.5,675.8994395733303,,,,PENDING_AT_END
675.8499999999999,675.9638542853008,,,,PENDING_AT_END
676.1999999999999,676.5779718821235,,,,PENDING_AT_END
676.55,676.6724161365873,,,,PENDING_AT_END
676.9,677.1877132328476,,,,PENDING_AT_END
677.25,677.3614785598907,,,,PENDING_AT_END
677.5999999999999,677.6410209758665,,,,PENDING_AT_END
677.9499999999999,677.9946450844287,,,,PENDING_AT_END
678.3,678.5328102474984,,,,PENDING_AT_END
678.65,678.9026055461251,,,,PENDING_AT_END
679.0,679.0963373442016,,,,PENDING_AT_END
679.3499999999999,679.5882764181922,,,,PENDING_AT_END
679.6999999999999,679.7904856372326,,,,PENDING_AT_END
680.05,680.2844342831713,,,,PENDING_AT_END
680.4,680.6880785697462,,,,PENDING_AT_END
680.75,680.898271343711,,,,PENDING_AT_END
681.0999999999999,681.2474974481111,,,,PENDING_AT_END
681.4499999999999,681.7526487307226,,,,PENDING_AT_END
681.8,681.8420691352883,,,,PENDING_AT_END
682.15,682.5281280550286,,,,PENDING_AT_END
682.5,682.8259367006681,,,,PENDING_AT_END
682.8499999999999,683.1571542297822,,,,PENDING_AT_END
683.1999999999999,683.5367778718943,,,,PENDING_AT_END
683.55,683.8669610535883,,,,PENDING_AT_END
683.9,684.0676188151855,,,,PENDING_AT_END
684.25,684.4730879633016,,,,PENDING_AT_END
684.5999999999999,684.7095753375122,,,,PENDING_AT_END
684.9499999999999,685.2461946129216,,,,PENDING_AT_END
685.3,685.3225557145915,,,,PENDING_AT_END
685.65,685.8335710089115,,,,PENDING_AT_END
686.0,686.0521957413016,,,,PENDING_AT_END
686.3499999999999,686.5996390941232,,,,PENDING_AT_END
686.6999999999999,686.993606327958,,,,PENDING_AT_END
687.05,687.3817824931907,,,,PENDING_AT_END
687.4,687.6569053632933,,,,PENDING_AT_END
687.75,688.061164587456,,,,PENDING_AT_END
688.0999999999999,688.405471170387,,,,PENDING_AT_END
688.4499999999999,688.6115613851351,,,,PENDING_AT_END
688.8,689.1256869200197,,,,PENDING_AT_END
689.15,689.3428292426055,,,,PENDING_AT_END
689.5,689.7687385178215,,,,PENDING_AT_END
689.8499999999999,689.9060160334977,,,,PENDING_AT_END
690.1999999999999,690.2656798026131,,,,PENDING_AT_END
690.55,690.6277123427444,,,,PENDING_AT_END
690.9,691.186986670136,,,,PENDING_AT_END
691.25,691.4204403027975,,,,PENDING_AT_END
691.5999999999999,691.8173932329473,,,,PENDING_AT_END
691.9499999999999,692.0968181077236,,,,PENDING_AT_END
692.3,692.5704254243406,,,,PENDING_AT_END
692.65,692.8105491644191,,,,PENDING_AT_END
693.0,693.0589400305303,,,,PENDING_AT_END
693.3499999999999,693.3897292326892,,,,PENDING_AT_END
693.6999999999999,693.8212010612273,,,,PENDING_AT_END
694.05,694.2984294031116,,,,PENDING_AT_END
694.4,694.7314202322876,,,,PENDING_AT_END
694.75,694.9130167055896,,,,PENDING_AT_END
695.0999999999999,695.2252913627447,,,,PENDING_AT_END
695.4499999999999,695.6067258500296,,,,PENDING_AT_END
695.8,695.81614498559,,,,PENDING_AT_END
696.15,696.2927934170585,,,,PENDING_AT_END
696.5,696.5228035644118,,,,PENDING_AT_END
696.8499999999999,697.1517025134103,,,,PENDING_AT_END
697.1999999999999,697.5338772802805,,,,PENDING_AT_END
697.55,697.7104330944342,,,,PENDING_AT_END
697.9,698.0904866883326,,,,PENDING_AT_END
698.25,698.3690696461063,,,,PENDING_AT_END
698.5999999999999,698.654425556573,,,,PENDING_AT_END
698.9499999999999,699.1240189085194,,,,PENDING_AT_END
699.3,699.3765520785264,,,,PENDING_AT_END
699.65,699.9310826779355,,,,PENDING_AT_END
700.0,700.0873186812282,,,,PENDING_AT_END
700.3499999999999,700.4622464864863,,,,PENDING_AT_END
700.6999999999999,701.0820142603383,,,,PENDING_AT_END
701.05,701.3161375163993,,,,PENDING_AT_END
701.4,701.5372202761995,,,,PENDING_AT_END
701.75,701.7577795999202,,,,PENDING_AT_END
702.0999999999999,702.2763937690033,,,,PENDING_AT_END
702.4499999999999,702.7763678498114,,,,PENDING_AT_END
702.8,702.9136883983124,,,,PENDING_AT_END
703.15,703.1856256051666,,,,PENDING_AT_END
703.5,703.8878896439992,,,,PENDING_AT_END
703.8499999999999,704.0682715460846,,,,PENDING_AT_END
704.1999999999999,704.499113395381,,,,PENDING_AT_END
704.55,704.8097328633498,,,,PENDING_AT_END
704.9,704.919159942392,,,,PENDING_AT_END
705.25,705.4440768065156,,,,PENDING_AT_END
705.5999999999999,705.9508393912236,,,,PENDING_AT_END
705.9499999999999,706.3172393164706,,,,PENDING_AT_END
706.3,706.5437450435747,,,,PENDING_AT_END
706.65,707.0387001400699,,,,PENDING_AT_END
707.0,707.0279331237737,,,,PENDING_AT_END
707.3499999999999,707.6876042901056,,,,PENDING_AT_END
707.6999999999999,707.8805639180611,,,,PENDING_AT_END
708.05,708.1510497177735,,,,PENDING_AT_END
708.4,708.6485302212126,,,,PENDING_AT_END
708.75,709.0551883128644,,,,PENDING_AT_END
709.0999999999999,709.399050089459,,,,PENDING_AT_END
709.4499999999999,709.6672010843444,,,,PENDING_AT_END
709.8,710.087596330663,,,,PENDING_AT_END
710.15,710.5173192248755,,,,PENDING_AT_END
710.5,710.6656335969506,,,,PENDING_AT_END
710.8499999999999,710.8658174185582,,,,PENDING_AT_END
711.1999999999999,711.4897000249156,,,,PENDING_AT_END
711.55,711.6551656191207,,,,PENDING_AT_END
711.9,712.1723185898567,,,,PENDING_AT_END
712.25,712.6076173516201,,,,PENDING_AT_END
712.5999999999999,712.9668737880006,,,,PENDING_AT_END
712.9499999999999,713.1784226776757,,,,PENDING_AT_END
713.3,713.6630305380311,,,,PENDING_AT_END
713.65,713.8162617354557,,,,PENDING_AT_END
714.0,714.3105127476765,,,,PENDING_AT_END
714.3499999999999,714.5937180409533,,,,PENDING_AT_END
714.6999999999999,714.9989626911764,,,,PENDING_AT_END
715.05,715.1709184959361,,,,PENDING_AT_END
715.4,715.7139539235676,,,,PENDING_AT_END
715.75,716.0695458389375,,,,PENDING_AT_END
716.0999999999999,716.3386425146648,,,,PENDING_AT_END
716.4499999999999,716.8281520751085,,,,PENDING_AT_END
716.8,716.8238033633834,,,,PENDING_AT_END
717.15,717.1851168436823,,,,PENDING_AT_END
717.5,717.6204077467971,,,,PENDING_AT_END
717.8499999999999,718.2273258003947,,,,PENDING_AT_END
718.1999999999999,718.5372823730469,,,,PENDING_AT_END
718.55,718.7539468276022,,,,PENDING_AT_END
718.9,719.1005832992345,,,,PENDING_AT_END
719.25,719.4330763079929,,,,PENDING_AT_END
719.5999999999999,719.6900748881792,,,,PENDING_AT_END
719.9499999999999,720.0750746919852,,,,PENDING_AT_END
720.3,720.4818204064973,,,,PENDING_AT_END
720.65,720.9053872292021,,,,PENDING_AT_END
721.0,721.0811796830671,,,,PENDING_AT_END
721.3499999999999,721.4935289084369,,,,PENDING_AT_END
721.6999999999999,721.7559500269678,,,,PENDING_AT_END
722.05,722.0830440050318,,,,PENDING_AT_END
722.4,722.4703953850311,,,,PENDING_AT_END
722.75,722.7778737307722,,,,PENDING_AT_END
723.0999999999999,723.4432479691629,,,,PENDING_AT_END
723.4499999999999,723.8204058599468,,,,PENDING_AT_END
723.8,724.0457042354171,,,,PENDING_AT_END
724.15,724.2704685806158,,,,PENDING_AT_END
724.5,724.690055374306,,,,PENDING_AT_END
724.8499999999999,725.0985608137971,,,,PENDING_AT_END
725.1999999999999,725.4939178817234,,,,PENDING_AT_END
725.55,725.8730765551304,,,,PENDING_AT_END
725.9,726.2658146424657,,,,PENDING_AT_END
726.25,726.4383678515244,,,,PENDING_AT_END
726.5999999999999,726.7884724925373,,,,PENDING_AT_END
726.9499999999999,727.1326736068442,,,,PENDING_AT_END
727.3,727.3230759631479,,,,PENDING_AT_END
727.65,727.88172681447,,,,PENDING_AT_END
728.0,728.3083158229024,,,,PENDING_AT_END
728.3499999999999,728.7143491836646,,,,PENDING_AT_END
728.6999999999999,729.0906848570404,,,,PENDING_AT_END
729.05,729.3515130605051,,,,PENDING_AT_END
729.4,729.4039625343049,,,,PENDING_AT_END
729.75,729.8514429196189,,,,PENDING_AT_END
730.0999999999999,730.4719988628601,,,,PENDING_AT_END
730.4499999999999,730.4919940961269,,,,PENDING_AT_END
730.8,731.1914590408662,,,,PENDING_AT_END
731.15,731.4875046487072,,,,PENDING_AT_END
731.5,731.6945350524584,,,,PENDING_AT_END
731.8499999999999,731.916836881632,,,,PENDING_AT_END
732.1999999999999,732.3636702737898,,,,PENDING_AT_END
732.55,732.6421725339947,,,,PENDING_AT_END
732.9,733.2896125879946,,,,PENDING_AT_END
733.25,733.3050318681449,,,,PENDING_AT_END
733.5999999999999,733.9739784235787,,,,PENDING_AT_END
733.9499999999999,734.0700329081482,,,,PENDING_AT_END
734.3,734.3644899680748,,,,PENDING_AT_END
734.65,734.7022265139809,,,,PENDING_AT_END
