session,run,seq,policy,robot,t_gen_ns,t_selected_ns,t_tx_ns,t_rx_ns,deferral_ns,channel,rssi_dbm,snr_db,payload_hex,payload_bytes,freq_mhz,sf,bw_khz,cr,sent
HWS-003-BACS,1,0,BACS,limo01,1784110421407946269,1784110549121689658,0,0,127713743389,0,-92.22,-1.65,0x8ee9437a8d223e961245a6578df47f0d2e508e533f515ef4dd3acf3f49148581e2cee9203fe0f6596cbcf918d3b744c31ea186b6,52,868,7,125,4/5,0
HWS-003-BACS,1,1,BACS,limo01,1784110423804136293,1784110629913857786,0,0,206109721493,10,-80.79,13.23,0x57b80378069f49f109d5b18736c123bb688c7ce96a307db0dc9e943b1915650e0de4403c7c8f25db6eea9366d757812ccb37b168,52,868,7,125,4/5,0
HWS-003-BACS,1,2,BACS,limo02,1784110430935252375,1784110495006266439,0,0,64071014064,9,-105.37,14.41,0x26e2e7d17ea2bb7f0a3f746a10bc27da1475c10845885c5e4ac716f001ffb4725b49fa24ae7d04744ea3bd66bc75a310f688e64c,52,868,7,125,4/5,0
HWS-003-BACS,1,3,BACS,limo02,1784110431641997305,1784110656341312882,0,0,224699315577,0,-91.87,7.29,0x0bbf3e96ac2acb79b5a22c2aa1382660bc2b9f6d0b88b248e1f628b8f83d1d4b427d0b0399ae3dc06a26361dc25b3ef05aff99ca,52,868,7,125,4/5,0
HWS-003-BACS,1,4,BACS,limo02,1784110435798889329,1784110767792944779,0,0,331994055450,2,-87.08,5.54,0x24b760fcd50db30d7223d09999701e3ae2abaf4d52740b9c90f00e1215f4f88a4b39bb974bcc98546db5d51e33e2261dbd51bad3,52,868,7,125,4/5,0
HWS-003-BACS,1,5,BACS,limo02,1784110440356922040,1784110618807526980,0,0,178450604940,7,-82.10,13.53,0xb68124bd8fb001947c6c2559efb2a4d5e1b4232b10972dfca956e189f9ddc7c64d08a7216bda2532e32b6308fdf9fd2234f119f4,52,868,7,125,4/5,0
HWS-003-BACS,1,6,BACS,limo02,1784110444875461560,1784110606674520496,0,0,161799058936,7,-81.53,4.32,0x36744c28527755dd454bd80d2f8216f5cff3cf36be5c3ffbf0832d3104441387f8e1fe5a11211433ebb1053e09446357f728144d,52,868,7,125,4/5,0
HWS-003-BACS,1,7,BACS,limo01,1784110445472415771,1784110555790969832,0,0,110318554061,8,-84.15,1.90,0x4d853c164a0763234917351209a07611ab5292a9c2a8a193790912c2de7e1c8d52045d5cc075d4cf4bf112c6691015d76d2df29b,52,868,7,125,4/5,0
HWS-003-BACS,1,8,BACS,limo01,1784110451888394559,1784110570284038678,0,0,118395644119,0,-106.20,-2.02,0x323a53a34e373c48000bcad684ba1db11e0a21f735eff134ede4a150fbc3cef9418cdc849f46e530535fbae04bf5edd094f7e9bc,52,868,7,125,4/5,0
HWS-003-BACS,1,9,BACS,limo01,1784110455510806603,1784110511005125843,0,0,55494319240,4,-103.43,11.38,0x3c1c022aca42c4832eb9fea6e317d16a638c7f185674eb48bb74b4dd0d20adcb8abef2ff177f837cda3edc9733bc7edbde62c7a9,52,868,7,125,4/5,0
HWS-003-BACS,1,10,BACS,limo02,1784110455401719837,1784110580681188269,0,0,125279468432,6,-87.37,-2.80,0x9a25c5db386e71bd196b0ac2d6fc2edb9aac8f28820e35f7437b67e70ec0d3674c990a97a33d6d247335d4c851aac057a807636e,52,868,7,125,4/5,0
HWS-003-BACS,1,11,BACS,limo01,1784110460217881478,1784110662722669604,0,0,202504788126,5,-88.45,7.11,0x02239cfa1c6ea2613bd778bfe974a5581af9acc20ae10b5d45317fad7769d56ce76da00b7b4f239ee2f48d47c687117906c11bde,52,868,7,125,4/5,0
HWS-003-BACS,1,12,BACS,limo01,1784110464816502315,1784110654119425316,0,0,189302923001,6,-102.26,1.49,0x6a4d5a6b2efbfc8b3a4d77df62fcfe49862a20ebd8bd1bfd9d850f3d7da681887cf694aa3e3f73b5a4a5f7e855e8a86839cce9c9,52,868,7,125,4/5,0
HWS-003-BACS,1,13,BACS,limo02,1784110468050014913,1784110640489302230,0,0,172439287317,7,-91.92,-4.47,0xad2071e61d5dd3fea02b4f10d0a4128fb35139e19a27a13ef8cdd6fefdbbac414441a336768c04a937a9314ef7038a8abb2b8977,52,868,7,125,4/5,0
HWS-003-BACS,1,14,BACS,limo01,1784110471789851164,1784110622961257915,0,0,151171406751,1,-90.07,1.00,0x9c093aa058a67ee94626f6e06ef5cd6e890d3f883cf7cd2517c8700ceba26cd257d27596fb23f391fccb329c74369b77e287b7a1,52,868,7,125,4/5,0
HWS-003-BACS,1,15,BACS,limo01,1784110473826658829,1784110670740082170,0,0,196913423341,1,-95.78,5.49,0x54601aac3ec2ad359e274fe007a98dcb8b5f846a75c9a471179a6d24569948e0af8b502b33f060b10fd331381ecd381d23c51254,52,868,7,125,4/5,0
HWS-003-BACS,1,16,BACS,limo01,1784110478178358338,1784110595944535577,0,0,117766177239,0,-81.56,-4.21,0x847b9bc54af37789d0f75fb05235473c91f91043314aa2529b43587270c58f200e50282dfa41a556edcde5f345220d1eae72f86d,52,868,7,125,4/5,0
HWS-003-BACS,1,17,BACS,limo02,1784110480735904836,1784110617626318085,0,0,136890413249,7,-89.95,12.68,0x1e23eee7741f1959fa17530b305432962f3c5498537c8d6f7c23541ca081e7f7e8fd1c50bec18345614606f525d3e6ea7a1c1e0b,52,868,7,125,4/5,0
HWS-003-BACS,1,18,BACS,limo01,1784110483885943079,1784110675586690057,0,0,191700746978,6,-84.17,-1.58,0x062a465343e0c559e8bbda033671ebd67c9ba183dc05d450d1bf48597326e3545d20f89209c9e1a89f1e3c569e2b0a5ac391738e,52,868,7,125,4/5,0
HWS-003-BACS,1,19,BACS,limo01,1784110490256219344,1784110669619044817,0,0,179362825473,8,-98.19,-1.24,0x306c2cd7fd0644c34d172cb0980ccd3a9d405725303e70543a76de086bc51ad3007d8a2246feb846be72e10f2aca879ed14c67f4,52,868,7,125,4/5,0
HWS-003-BACS,1,20,BACS,limo01,1784110491556372523,1784110739459807328,0,0,247903434805,8,-105.13,1.23,0x5e2ef4044620ec6e7c394c1156e1b9d1c29003d7efd284be28afc1456d10d24b7d7b7b93f2699e049536f992eafacfe4d3bd094b,52,868,7,125,4/5,0
HWS-003-BACS,1,21,BACS,limo02,1784110495749676884,1784110678400739388,0,0,182651062504,7,-88.97,11.04,0x2e6b7a8cebbad1cecbb2196ab5f8fbe40bd3348103fc31ee7bb684a03fb7309bf3211d282500a0138816c6f0b51157f6b6a2e20e,52,868,7,125,4/5,0
HWS-003-BACS,1,22,BACS,limo01,1784110499014091329,1784110640282605073,0,0,141268513744,6,-107.71,-4.00,0xba3821b3f6eed315675e0644007014cd0397a466450373db2ce5a59faffbc3208dbad3793e755485352bb69017b44666b7b6a2d2,52,868,7,125,4/5,0
HWS-003-BACS,1,23,BACS,limo02,1784110503150088118,1784110638038779046,0,0,134888690928,8,-102.31,11.41,0x2c2dd76b7e11645b3672bccb2971b9625648d9092a0471454a711dfdc06e1abaa30e8a79dcba85a7b10febaa8ed4f468aba05e80,52,868,7,125,4/5,0
HWS-003-BACS,1,24,BACS,limo01,1784110507878518774,1784110748658014874,0,0,240779496100,5,-108.01,5.25,0x7091ccffd69f60841c5623e1d905485ac6d7fa923011c6f27ba4acb7e57d9deb99f26edef5baacd3a748ab442314f9c2cf20e5cc,52,868,7,125,4/5,0
HWS-003-BACS,1,25,BACS,limo01,1784110508314848821,1784110602729184071,0,0,94414335250,2,-95.38,-1.19,0x9242ec8e6ed371de6b126eb9fb4b650afa8823d0d9bf58e26c0acfdd70abcbe5e25c8d34bd7d652ea3c9f4eb2e885f2da673da25,52,868,7,125,4/5,0
HWS-003-BACS,1,26,BACS,limo02,1784110513073577775,1784110716360088511,0,0,203286510736,0,-83.80,0.05,0x5d7da10591ee8c0bf02699027416104696c82b71c172ddd53cf4da350e00db954e1911e0df599df2695f40c653029ea7be2f2f33,52,868,7,125,4/5,0
HWS-003-BACS,1,27,BACS,limo01,1784110518013950105,1784110603925786471,0,0,85911836366,7,-97.41,11.46,0xcb8bb5c412ec67c4459378ff2ad3102f487724e674cf6f3ed9971876591a93b8533502599e2204baa70f8532ff8da44048b9c9cf,52,868,7,125,4/5,0
HWS-003-BACS,1,28,BACS,limo02,1784110518860166116,1784110644217440683,0,0,125357274567,10,-108.10,4.60,0x6c7c3bd36ba6264720efa5a37745c14b2478d31caa9ae6c57456a79486db4785f038afda584cb2464d724bc4eb6d19a0f0a15aa8,52,868,7,125,4/5,0
HWS-003-BACS,1,29,BACS,limo01,1784110524649807094,1784110651267535822,0,0,126617728728,5,-108.57,13.09,0x6766d8f77729c74e8e59dc6fbb48b2891c2d7beb7a1ac62b38162f9cb3ad0731ca9717adc7482186443e92b16b8ca228deb14255,52,868,7,125,4/5,0
HWS-003-BACS,1,30,BACS,limo01,1784110528127706796,1784110754345655853,0,0,226217949057,2,-108.94,14.45,0x1d4339fc3fece795bb765eb13d08990fa9767efca6292c7542adabf8db41acc9eff95ebc3401e74477c28bb19249729cfa6eae12,52,868,7,125,4/5,0
HWS-003-BACS,1,31,BACS,limo02,1784110529857063595,1784110616344072124,0,0,86487008529,6,-104.76,7.91,0x8d8893016aa5ba91171ed723610407e87371d94516a162eda1ce63276d4b069306133444f7ced255ac8a8f952068cd99b5174575,52,868,7,125,4/5,0
HWS-003-BACS,1,32,BACS,limo01,1784110534796880719,1784110657035381493,0,0,122238500774,10,-106.69,14.82,0x2db42b36364c268c9d8e7c979c642999d77c0b62a301ada032443f54e242261199a424dc0eb5c7718f368bcbdece1330e0b4eee6,52,868,7,125,4/5,0
HWS-003-BACS,1,33,BACS,limo01,1784110538462244991,1784110712941417643,1784110712941421032,1784110713111042497,174479172652,2,-94.09,13.87,0xc5a30b47ae73748f67ee855774a114c0918cf69aa59724e911cc35b35dde19c731269e5839041787e82e6dede3201344eefb089e,52,868,7,125,4/5,1
HWS-003-BACS,1,34,BACS,limo01,1784110542479541129,1784110711324398532,0,0,168844857403,2,-84.00,2.27,0x464ae62c54d2408db2c3effacd1d788abbeefd42d4d9562c58207eecd255ee3ebb1103adc1b24e998c034f99cceaee90f1223c48,52,868,7,125,4/5,0
HWS-003-BACS,1,35,BACS,limo02,1784110543841718387,1784110696661558815,0,0,152819840428,1,-107.29,-1.06,0x472b2c5d038aec584f340e3b1c8bdb0b3d4c0d970ecd8c36d77ff8e21d672669cfb1c9b43fd9c5eaf0929c6b1dc4bb507c316677,52,868,7,125,4/5,0
HWS-003-BACS,1,36,BACS,limo01,1784110548322926856,1784110980114944542,0,0,431792017686,7,-101.10,2.54,0xaca657f868aac3dc2a538dfbbbc0a2a25b3f72182fb8bd681e89a5b6297023d75893412797940630289cd7c4c98a3e24d0782981,52,868,7,125,4/5,0
HWS-003-BACS,1,37,BACS,limo02,1784110553158718333,1784110878288551066,0,0,325129832733,4,-84.69,3.01,0x8abbb289adaa624487215c722ac222ec0023d47ab397eb3256a150dc2cecfd1128010aba93c0f27976d096975650dff1c6f898f9,52,868,7,125,4/5,0
HWS-003-BACS,1,38,BACS,limo01,1784110557673071517,1784110653609519230,0,0,95936447713,0,-106.75,13.56,0x9e1092ade20e4c5e641f78a8f2c46ab5caa94483b01e3adca117bdcbef65d90cd997528683e9ed25a1f032ffba17710128dbe9c1,52,868,7,125,4/5,0
HWS-003-BACS,1,39,BACS,limo02,1784110559487403658,1784110744767516783,0,0,185280113125,6,-105.30,-0.04,0x121c6dd271ac60dd0ee5dd7cd01ac8e36c85ebf0ac98e076ed50ce789cbb824d186cf6c6c67aab5aba4602b3e7b43ea3a72457e7,52,868,7,125,4/5,0
HWS-003-BACS,1,40,BACS,limo02,1784110564768610973,1784110976998581084,0,0,412229970111,8,-92.21,-1.19,0x5c1465a086d274eee6f244e5e345596bec97ccfd0c1f0a7e5e39c57a1ade526cce0a26e397357990ee7ea51afb5181affeaf9507,52,868,7,125,4/5,0
HWS-003-BACS,1,41,BACS,limo01,1784110567583620990,1784110767131018267,0,0,199547397277,9,-92.39,1.40,0xcb46217046ccb8b41e596eed549b3062f600e3f30bd2af8a4536710cb1dffacc1893af6cde9c2bf7bc46189bb35bc878801c13ea,52,868,7,125,4/5,0
HWS-003-BACS,1,42,BACS,limo01,1784110569048364716,1784110699064224004,0,0,130015859288,6,-90.12,7.25,0x47b27fcca07df25b4a9bb8a9c79d9858d50cad7097cab35940042310e37d2935cf0bca91eb667b3d43c6b2b317c39b8bf23a6438,52,868,7,125,4/5,0
HWS-003-BACS,1,43,BACS,limo01,1784110573564834373,1784110891913564254,0,0,318348729881,7,-87.51,5.79,0xbfad859e43e97392fa9781851169bee7d4ba22392785ac32ec473760b4baf704b8d7fb290245e6d44044f0f6ab56507d3b5bf15c,52,868,7,125,4/5,0
HWS-003-BACS,1,44,BACS,limo02,1784110577515187237,1784110724170437092,0,0,146655249855,9,-103.67,7.60,0x0e9f2bb853a137e9ad2d572c6065fae49c009d3efb6d473db73672c8b05ccc69bcea76f1df25a5b801677af1033d6f9dc1afe184,52,868,7,125,4/5,0
HWS-003-BACS,1,45,BACS,limo02,1784110581862389501,1784110653845225222,0,0,71982835721,2,-81.31,1.32,0x8b4b8689aff2a32dad4d350cb0340f65d41a266ad74158a096b0778cf5c60fb317ce12b3ac6b5a2d97e2b8588dc8a5c8c9feb6e9,52,868,7,125,4/5,0
HWS-003-BACS,1,46,BACS,limo02,1784110584988282517,1784110746586984512,0,0,161598701995,6,-104.63,11.94,0xeb8e0ad2fe34248e8601a13e78fea27acf40e761b4b8e52c000de464a90205e682292b8eb967e8ca98aecd362e1b874d15319c54,52,868,7,125,4/5,0
HWS-003-BACS,1,47,BACS,limo02,1784110587919876237,1784110682049536060,0,0,94129659823,3,-83.53,8.73,0x7e0db7a2c3afbdff6eb6b20f83579baf1b1df44fbbe6b019f37b2fa3c6c25bb9bfbc9a0dc58d745405f174e266a20681abc550d6,52,868,7,125,4/5,0
HWS-003-BACS,1,48,BACS,limo01,1784110590930545953,1784110778129452071,0,0,187198906118,4,-92.27,-4.55,0x7a8595bfd1ff956752ec74d92070c5d9757bd7a557872257b68fbdec54e30e233b60a8855bbbe5ab789cdf427255d474ab948ffb,52,868,7,125,4/5,0
HWS-003-BACS,1,49,BACS,limo01,1784110595758078538,1784110691510413906,0,0,95752335368,5,-88.42,-0.57,0x297070f7ddb96e5981a0220cc97005be3bc45c7c3c016d161d6db3d5690469e0b8b43fe4febc4570c4bda7abf6e45de2edf7f66b,52,868,7,125,4/5,0
HWS-003-BACS,1,50,BACS,limo02,1784110597309991983,1784110851792719680,0,0,254482727697,10,-96.51,11.60,0xc6b1cf448618f63a42824af12e3296b099c077638ae3effc6d7a4671728874f4e8cabd4849b25cade0533dab9e88f42dac5934c9,52,868,7,125,4/5,0
HWS-003-BACS,1,51,BACS,limo01,1784110603145655617,1784110688575734369,0,0,85430078752,7,-104.86,6.02,0x5f0a2b99c127da0ab0b8c1c95cd4d5bb2e9e67590dea0c74c2fce4148840cd7c77403b87f6b5e75d854f9f811bd8587d068a773c,52,868,7,125,4/5,0
HWS-003-BACS,1,52,BACS,limo01,1784110605684359797,1784110780894399668,0,0,175210039871,0,-81.59,7.24,0x45024972a5b50f089b9cbded4cacac567c5eaa375e6ee7c98b909f3fa380dbe63e4396e3004d60416039b2f9de31dc5564f19188,52,868,7,125,4/5,0
HWS-003-BACS,1,53,BACS,limo02,1784110610890098483,1784110742966080387,0,0,132075981904,9,-91.70,6.59,0x46ed5cbd5dd55bd95f5c32419e9ccd473e5cc17d4b4141791633452503b3f54f3a486a6402919284cb245b3690eff613dbbdffa7,52,868,7,125,4/5,0
HWS-003-BACS,1,54,BACS,limo02,1784110611127080901,1784110749499230211,0,0,138372149310,2,-92.17,13.46,0xf4b06b8831e7daed75e3e5cdbd1a1a657d2b395657dbb919c2275d06d79836e5dad424b5ebe3313f19f7da0084c59e821190c433,52,868,7,125,4/5,0
HWS-003-BACS,1,55,BACS,limo01,1784110614981502435,1784110698508683276,0,0,83527180841,7,-81.84,6.96,0x0b93980012401dfff8af293a5a8a0d17259f239981198a469592e36450ca5a8babe086f43d7df5df1fbdf62a8b6c7e8675490772,52,868,7,125,4/5,0
HWS-003-BACS,1,56,BACS,limo01,1784110621004911942,1784110751680577908,0,0,130675665966,8,-89.98,10.99,0xc430777bec4e7555fb094012b4487403585454e64d61b3ac52deffb2ee1726eae8f4bb98ee2de5e3d8c98c18692a155921d97ba0,52,868,7,125,4/5,0
HWS-003-BACS,1,57,BACS,limo02,1784110623624075054,1784110780174206997,0,0,156550131943,1,-107.47,7.23,0x5636a651964eb69bc8f80d14a6d464bb474c42f00b18f54c706e594436e3eb930f479936d8f905b86baafb6d38409d94a251762a,52,868,7,125,4/5,0
HWS-003-BACS,1,58,BACS,limo02,1784110625609291147,1784110814908559092,0,0,189299267945,10,-92.65,-1.69,0xc3cca6aeb83de6fc37b5613491c5ecb328d508d08aa0d5b67364fe3c44de0ee9377abaebb8f67fbc425ec55b3d29df3d103d2f5c,52,868,7,125,4/5,0
HWS-003-BACS,1,59,BACS,limo02,1784110628252043931,1784110870214985852,0,0,241962941921,7,-82.29,0.94,0xdb5258a07abc252b1b0ba5892702337869032da863d17d99c49004d67b597a536b09d5b21d452bc11c7fa7bda207d716cc8ee8e7,52,868,7,125,4/5,0
HWS-003-BACS,1,60,BACS,limo02,1784110633814330352,1784110766948134193,0,0,133133803841,9,-87.57,10.56,0x82ddf675a57c57aad6928ea5e09cd4b645f167967c74b30388c7b41ff69311636a6720671fdcf31f3060231fa6bdf11c262ddd9f,52,868,7,125,4/5,0
HWS-003-BACS,1,61,BACS,limo01,1784110639055294208,1784110702596632502,0,0,63541338294,3,-105.06,14.54,0xccbd9162a0362dbb7a6bc536b92b3494254f3ccfc387f44d8b7c8fe1f145836f9d2edc30fc6a78422a54e9f1a433c9cbfe390e13,52,868,7,125,4/5,0
HWS-003-BACS,1,62,BACS,limo01,1784110641236104749,1784110881037089334,0,0,239800984585,10,-107.68,2.87,0x8e857e6a4b7cb22d259eff0744f82b3a630d02b9280aa4e271f1d192476ba12b752a882be78ead177d0450e07d75e5540a9dfefa,52,868,7,125,4/5,0
HWS-003-BACS,1,63,BACS,limo02,1784110645203389599,1784110771633568536,1784110771633571522,1784110771805640834,126430178937,5,-99.93,3.33,0x76a32e3a6bb9429554c184bf1f6fde94a7cf23f14960fcfe1b263aebb85c9468aa3c8f8a33dba238d66412bc93a70053605a31cd,52,868,7,125,4/5,1
HWS-003-BACS,1,64,BACS,limo01,1784110647129070322,1784110755402851373,0,0,108273781051,7,-81.73,-3.88,0xd4e7f77b98558d9e4b09972ff0362333540440aae25ad76d39d6436dffd5c8a4942d6dab7feebe291bf2a1897ea5329939960344,52,868,7,125,4/5,0
HWS-003-BACS,1,65,BACS,limo01,1784110649971679977,1784110788585156796,0,0,138613476819,4,-89.78,7.96,0xd4842e0b8bcb75cc02963522b910c8ef4a3eb9480d88941e807f01e6b66e374bf4207fe2d949a20a81f3ad108f651eacdbe8722a,52,868,7,125,4/5,0
HWS-003-BACS,1,66,BACS,limo01,1784110653726377533,1784110727900422034,0,0,74174044501,4,-82.68,7.95,0x91db01287aafedfe1d5592c706fff1f23023407517722ac77fe8e03289d584ddad4544113a24e267d0d3ce8d67dc6f58640d5216,52,868,7,125,4/5,0
HWS-003-BACS,1,67,BACS,limo01,1784110658648628748,1784110816605297152,0,0,157956668404,0,-105.77,-3.11,0xc6fdbdc885ca758a902d5d3e0f4d789be70728c57c747e1d2462ab1d329e0c5b7e7155867698460c754b905f64291e5735fca5d7,52,868,7,125,4/5,0
HWS-003-BACS,1,68,BACS,limo01,1784110660498098814,1784110946912753393,0,0,286414654579,8,-84.58,10.34,0x75d1e66ff1a1241e1cff9ff3c87a783f803344e0c1034e8a3710c6a36ebff375438c30d47b863583ad677cd9e4f1b56a1bec2e8f,52,868,7,125,4/5,0
HWS-003-BACS,1,69,BACS,limo02,1784110665784366155,1784110991662567475,0,0,325878201320,0,-97.20,13.27,0x86782daf62c6943ec1bdfbf29b5aecf4b3f00f475a4b0ba9e151616fd6a0670618cc92a57cfe5f999c5df25e5ba1ffc1207e99ab,52,868,7,125,4/5,0
HWS-003-BACS,1,70,BACS,limo02,1784110667175449462,1784110852643038997,0,0,185467589535,0,-109.09,12.51,0xd011b194906659769309e35709469005254efa04c4afd5ccd49ae5fb2d90b3b3c72d6442c5596ae457a455533ee7f70768bcd238,52,868,7,125,4/5,0
HWS-003-BACS,1,71,BACS,limo01,1784110671409827698,1784110878667217353,0,0,207257389655,4,-93.62,10.53,0x6f266eeabe00f285ad5094d5f7e13e15540abb84515ece7ba8ff3f47118e6393413823885978380e7593d8f659020e0574f1aafe,52,868,7,125,4/5,0
HWS-003-BACS,1,72,BACS,limo01,1784110677645838549,1784110848030671821,0,0,170384833272,4,-102.16,7.04,0x5beeea09d455f5bb082a9c4c00a722b3b0eb9a49e7f006d18f7d9c66acdaf333101eb292e881701e10d07a451cca9749c7e2a0b0,52,868,7,125,4/5,0
HWS-003-BACS,1,73,BACS,limo01,1784110678415477785,1784110870701715089,0,0,192286237304,10,-93.91,5.76,0xb16dcebbe7cef25ed7135a1df5709a6ad95596d6594a45472fefbdf7a5801b343ba8ad9fd2a9dc655820ad5e767a317676896b33,52,868,7,125,4/5,0
HWS-003-BACS,1,74,BACS,limo02,1784110685159474520,1784110772317360042,0,0,87157885522,7,-93.04,-1.47,0xa74e194fff640382e636099fb6ddae4260e03db5a3dc0a4ac6f905ad15729796f6d079255663e3561a0329e1a7c4a34116563028,52,868,7,125,4/5,0
HWS-003-BACS,1,75,BACS,limo01,1784110685718775258,1784110771847257165,0,0,86128481907,9,-100.54,11.12,0xad140fc9af4993031ccc16863a89c917fe5f033084312021009440421e4b7c9c1f777a4e586b2cab91fcdaa7ba728297af71bb17,52,868,7,125,4/5,0
HWS-003-BACS,1,76,BACS,limo02,1784110690531373368,1784110868411209118,0,0,177879835750,5,-96.42,8.30,0xc841ce4be0e2da575cbf739231e7661337f94cdb26c2cdb8f9d89b93d981f7d0bf10eb17521f241fd68d86f17e7bc4bb8476751b,52,868,7,125,4/5,0
HWS-003-BACS,1,77,BACS,limo02,1784110692960525969,1784110810284335923,0,0,117323809954,2,-84.54,-1.81,0x6a3f5a30ef97e209b22edc193ed11eb881a6c22f00768c9246c9f7746b5a9f62fb01f071e568e642bff34b996e36c548de01e2ee,52,868,7,125,4/5,0
HWS-003-BACS,1,78,BACS,limo01,1784110696921153720,1784110777708963902,0,0,80787810182,7,-96.32,13.96,0xbb02d9bae3f26a57835acb3695e4ba0c89311b6201d82bfaa73537ead7a0419942e0a5efa3b76b2b354507c432af323357b209ff,52,868,7,125,4/5,0
HWS-003-BACS,1,79,BACS,limo01,1784110702766944480,1784110822298818819,0,0,119531874339,9,-109.49,4.33,0x79ab02a69e5882f9ce95cfca38fc5196220f04a08f04de2a88f58927bb6442cbe270690fbe3f78b3bc5f432a7256f72aa9f625a2,52,868,7,125,4/5,0
HWS-003-BACS,1,80,BACS,limo01,1784110703762868473,1784110751174163245,0,0,47411294772,1,-100.83,-0.23,0x862a3978f3b1e3da591b0f4bab5e0ad93e49fc08e1cf27435d9df0e3cb872fd51e1e44952773627489fa15d7daea32523511942a,52,868,7,125,4/5,0
HWS-003-BACS,1,81,BACS,limo01,1784110708163579760,1784110816114277307,0,0,107950697547,2,-102.09,10.13,0x93ed81184b73fd5a015f96cfef4f09cfb91cb86e1070c6ffc8f0d2e8d2ec124bde2ab67eb1fd145740ba2be577f6a96fa49d2350,52,868,7,125,4/5,0
HWS-003-BACS,1,82,BACS,limo01,1784110713262736427,1784110810082787113,0,0,96820050686,9,-87.93,2.74,0xad1b46ce79790ece6956755cc0dc3ba160127552de67020f463a3a4d822e3cee9fe40abd6366c8b674e283640c3bf56c377316e0,52,868,7,125,4/5,0
HWS-003-BACS,1,83,BACS,limo01,1784110713303588858,1784110927721224312,0,0,214417635454,3,-97.33,10.24,0xd851f94ab39b7309c6dd841896ff572215497233be7cc1ef0be97da463a02facce85dad8b6a98dff7f18cdd5d611562d224e2226,52,868,7,125,4/5,0
HWS-003-BACS,1,84,BACS,limo01,1784110718347295034,1784110826118696308,0,0,107771401274,0,-101.22,0.97,0x65da7d2278f98bd28a043fdb1c2e6bf13aaa20abf4bee1fff953c9b8cb9a0f1ee898c665c176a2d75d43cfbd9aedf490aacc10a8,52,868,7,125,4/5,0
HWS-003-BACS,1,85,BACS,limo01,1784110720482407822,1784110835525310222,0,0,115042902400,5,-98.72,4.81,0x6d3c73d9c80fcd9d4aa9cffe9b3dab2a8f3c66347e0b0e989e4a951ed2a639c0fe814b445b0c302875469a820b3c5bd481adc4e1,52,868,7,125,4/5,0
HWS-003-BACS,1,86,BACS,limo01,1784110725857498177,1784110818536275370,0,0,92678777193,4,-105.69,14.53,0x91fa50789b52dad93ac5b2d82940898ead474b6a4bf8e6b6b3444ee1ab9a3b7aa0a9f05120263315c765444693bfed4aedb7369d,52,868,7,125,4/5,0
HWS-003-BACS,1,87,BACS,limo02,1784110730605495630,1784110918779661666,1784110918779665066,1784110918945019800,188174166036,7,-86.27,9.00,0xd0a35291c63303d4b33cf4efc94b8049fd2980e684d8322358b4ddd5a1890364518833ccc94949bd194576c8fe9a58236430f6c9,52,868,7,125,4/5,1
HWS-003-BACS,1,88,BACS,limo02,1784110732095753162,1784110866062266496,0,0,133966513334,7,-98.36,9.85,0x0f145fd675c8f5cfae91a858a9ceb4749a2f0a2c9d4a941e55aad5ea95ee05c491b98e9f49cab2d52080a103f0c8af7a9b2b864a,52,868,7,125,4/5,0
HWS-003-BACS,1,89,BACS,limo01,1784110737279217201,1784110909387956112,1784110909387960560,1784110909557785148,172108738911,0,-102.61,10.43,0xe0da80aae0f813351a57f845abed32ab8023ed236ffd6d1b20ac3ebccb04a92cb32a98d356f8ce3b838b159258e1d6c12a2790b4,52,868,7,125,4/5,1
HWS-003-BACS,1,90,BACS,limo02,1784110738798768663,1784110957747155566,0,0,218948386903,9,-81.42,-0.19,0xd8bcb9ae64bd0526a25ba896990760cf321c712815d8922a86ec26a7dfc6af4e37193e5e4ac8ecb044165f4f6fc4beb4f7ceca3d,52,868,7,125,4/5,0
HWS-003-BACS,1,91,BACS,limo02,1784110743610311222,1784110845955365490,0,0,102345054268,9,-86.43,-0.23,0x48a9da2a13ecf73dca946e24aa552b87088409bb112a701a1839a50983fddf82534079dfe6f61c272cf34ebf6c4b6ab7fdd7c4dc,52,868,7,125,4/5,0
HWS-003-BACS,1,92,BACS,limo01,1784110748016940297,1784110962756979322,0,0,214740039025,4,-106.41,13.40,0x1899b9057c8793f750c96b09c26512bae6227fb5b4e3285fad0466da23cbb7d52b7d43a53c7626e2379b91385a8290a43776af10,52,868,7,125,4/5,0
HWS-003-BACS,1,93,BACS,limo02,1784110749326797164,1784110875110770974,0,0,125783973810,4,-89.78,-0.38,0xa9f14fb1c1f09cea59223dbc6fdfbf20ab984f89f1f7268da9b79ccc6a2a89f00a47f7a229a8f81250fef8918a98d8b683f00174,52,868,7,125,4/5,0
HWS-003-BACS,1,94,BACS,limo02,1784110755216669524,1784110825957355769,0,0,70740686245,3,-89.45,3.07,0x2521f363a6bf1cb9b9cffd9a1f4957f937cb7af5c97f6a28e3cd23b02ab12e4df5ba21618b887df547e8f27f8eac225e39dfb230,52,868,7,125,4/5,0
HWS-003-BACS,1,95,BACS,limo01,1784110758448791099,1784111002906891175,1784111002906893142,1784111003081438695,244458100076,10,-83.95,0.12,0x26cfd54d2ab3908122775fa4c92fbcb46ab41c3cc86365d29738f74369f2271e9ee1a8625edbdcef6af823030ec26ef251e7e25b,52,868,7,125,4/5,1
HWS-003-BACS,1,96,BACS,limo01,1784110759368176313,1784110959340716568,0,0,199972540255,2,-80.21,13.89,0x537b062a4121b552b3fd558f5a56fc647b2462c98de10e690770bc8b516a3ff294cd67cfd187f6a8477972649e2ee21c237c9c3b,52,868,7,125,4/5,0
HWS-003-BACS,1,97,BACS,limo02,1784110765961384652,1784110902601033528,0,0,136639648876,3,-103.15,9.94,0x7c25c2fbbc44df759887b9337b54acfb92a42b2fe3bf1a81c0497629a4443755cd678a95ad190d73c4cef98f01de41addcaede48,52,868,7,125,4/5,0
HWS-003-BACS,1,98,BACS,limo02,1784110769368107260,1784110966546451167,0,0,197178343907,0,-85.19,8.99,0x19e98354bcc752478be649d09780a286b5bcb2907b64f4b9cd824896fce6dd7c053af6e7df5598982f55fc2aea7dd4e5520379a2,52,868,7,125,4/5,0
HWS-003-BACS,1,99,BACS,limo01,1784110772102272658,1784110941193105838,0,0,169090833180,7,-107.87,-2.32,0xbb53ce952fe9293f07af92473ad3f8e7a5db7b8174baa2c4d4aede1cd69cf59f3678b6318576ca5ef4c60b21f82692bf20543da8,52,868,7,125,4/5,0
HWS-003-BACS,1,100,BACS,limo02,1784110773875788283,1784111004677447242,0,0,230801658959,5,-95.11,5.97,0xc13a5e912f0778a15e540b99a11fbf409f53df2a683f780b96f6d39843246eee46a2f6658057c5864d51d5b84e15b198920aff26,52,868,7,125,4/5,0
HWS-003-BACS,1,101,BACS,limo01,1784110777384910878,1784110882769301284,0,0,105384390406,3,-96.16,0.99,0x2b4cdb2c6144c38338e3c40f539f344c2b1395a8928feadc4e07cf1eb37e5863c06f860e8a2357a0854a34f50792a5af2041ad38,52,868,7,125,4/5,0
HWS-003-BACS,1,102,BACS,limo01,1784110780186145990,1784110871631534495,1784110871631539315,1784110871803973300,91445388505,6,-92.96,3.70,0x3b28cd2d77d03f49ee30475faf1ac5a1409d06cc8f9b7e7e87eed8c3a175af83a5def7767842a3be39ced343a147f1d340f37470,52,868,7,125,4/5,1
HWS-003-BACS,1,103,BACS,limo01,1784110785116535190,1784110949399837145,1784110949399840407,1784110949567285037,164283301955,7,-102.27,-4.33,0x54eb1a7f0b9deb12006e723b6679f3de82d161fa300c57e4b86f781192902cbb301ec8b136591ddc84e1aafd4785dd276e6982a7,52,868,7,125,4/5,1
HWS-003-BACS,1,104,BACS,limo02,1784110788864848179,1784110915519703467,0,0,126654855288,0,-85.16,11.49,0x3e419d23aa489fda1436a43b456dd25da200bc1ccfecfc80b6a2e057cdd8c2ac01e403fba732b045106c974cb7c29cb8be581485,52,868,7,125,4/5,0
HWS-003-BACS,1,105,BACS,limo02,1784110791691457575,1784111115454849514,1784111115454853558,1784111115624152592,323763391939,5,-102.37,-3.90,0xda7878700a3260d1d078956de52eea07ab3ce831422c60ed2ba1bcc5a8fc5083add599891ee14b9dd1cd039bec84fd2b51063636,52,868,7,125,4/5,1
HWS-003-BACS,1,106,BACS,limo02,1784110794557505867,1784110917539334953,1784110917539339184,1784110917704523626,122981829086,0,-98.84,-3.89,0x91dbd84c8a9ac9567b96523854c480cb072a99e8b34d24bfae1098398441f23cc7fd142b46f2eb42cf63cad04e65b5a7051b06c4,52,868,7,125,4/5,1
HWS-003-BACS,1,107,BACS,limo02,1784110800410899149,1784110907826490226,0,0,107415591077,4,-101.47,1.00,0x6f42491708a1dc814736db56606d8955ce4360cdc0d56fbdc32427b4e9d6effc61d2ea74365d38b3fb312c733ca7f611aef6ffdc,52,868,7,125,4/5,0
HWS-003-BACS,1,108,BACS,limo01,1784110802767120590,1784110902906673238,0,0,100139552648,9,-96.38,14.16,0xe9187b228d36ddbaf140a19986a4fe0384dd20f275dbc63d20fe31ab4ce60ce12f7c6821f8bf446de2890b185b68de639b2c0d26,52,868,7,125,4/5,0
HWS-003-BACS,1,109,BACS,limo02,1784110806484661995,1784110964521937381,0,0,158037275386,0,-106.21,1.95,0x97d78b5c71c9bdf362d4f954c03272b36184876daf8d7e0b704438e5e76811321220200e090e1690993ec2e042b59107e55c8fa6,52,868,7,125,4/5,0
HWS-003-BACS,1,110,BACS,limo02,1784110810144802496,1784110969178259721,0,0,159033457225,0,-95.93,13.09,0xdf7cb837f948d7627f151afd36240ff224310cc3b109c7617e4d47a6480c09f84e446bfdc14f9c298a3f5af56cde967d31f1b427,52,868,7,125,4/5,0
HWS-003-BACS,1,111,BACS,limo01,1784110814278276239,1784111128854998489,0,0,314576722250,6,-80.15,9.04,0x26cc98f42c722d067fb2d65a7cb09552c43ec13cda690c80a9d4da4056cf900fa5f745874a5452e6d13ec197654fd0aad0bcfedd,52,868,7,125,4/5,0
HWS-003-BACS,1,112,BACS,limo01,1784110818779626001,1784110956682218509,0,0,137902592508,2,-90.03,12.85,0x7e915cfad1a67c1ff4543c592808f6e281419b16314fa5f08d8a9abfcfa3006b9bf507cd65746e4a0f33530e77cbd5a4dd2bd35f,52,868,7,125,4/5,0
HWS-003-BACS,1,113,BACS,limo02,1784110820865776387,1784110934495233360,0,0,113629456973,3,-82.30,-1.50,0x0c3674f8f976037800b3ab00999659f82c43374a013b91b62cd0512b4945a5cc7cb87da54f122b50f6469a78d98ef0f532150d52,52,868,7,125,4/5,0
HWS-003-BACS,1,114,BACS,limo01,1784110823298355763,1784110953380581424,0,0,130082225661,0,-103.48,10.46,0xdfdd28bfc41dd21f782caf554065e75598f40c3f22647a1fda695da412a69a6855ab9fdd6f7191cb1ab89f8f7e474e963f551a4e,52,868,7,125,4/5,0
HWS-003-BACS,1,115,BACS,limo02,1784110829854862463,1784111174348559046,0,0,344493696583,5,-92.02,12.01,0xb04864b62dba006dacaf3c62f628b8ace4ecb55bfe9c7be65e27e0a23eb51e22702fbfeb09c82d8f926773f24cf2974346661ba0,52,868,7,125,4/5,0
HWS-003-BACS,1,116,BACS,limo01,1784110832053807573,1784110999683397916,0,0,167629590343,6,-94.39,5.23,0x454f52ceedea3f1a6912cce824bf264729181a8eda0d738a4f8377515f7708416e95493a7246ae7d3a0effeaf12e00b122c97987,52,868,7,125,4/5,0
HWS-003-BACS,1,117,BACS,limo02,1784110835438612228,1784111035999616661,0,0,200561004433,10,-106.34,-1.36,0x8b3fa9e6fc3fc5213cb9992dd960ff85a3077bf9b6086450d4253c867242941791f31baf149b7d45bcc72fe07737fba1d10afb4a,52,868,7,125,4/5,0
HWS-003-BACS,1,118,BACS,limo01,1784110840325971663,1784110994833501282,0,0,154507529619,10,-105.30,9.33,0xf013e301a3090b9c7ab39f83f4f99c7d534f08120c913401b78d720e87883a2b6cf092c369f075979b164f13288b0b6a80bfb02b,52,868,7,125,4/5,0
HWS-003-BACS,1,119,BACS,limo01,1784110841536626980,1784111177905624625,0,0,336368997645,10,-96.27,10.42,0x90cbc650e238bb3974c99a57f4f74e37f80033eb2de4eb1c8f5822c654664232c56264d210e16c714cb60496af827267753f577e,52,868,7,125,4/5,0
HWS-003-BACS,1,120,BACS,limo02,1784110844015178030,1784111013906170784,1784111013906175237,1784111014072761933,169890992754,0,-103.69,12.30,0xc3644f7eb7f2dbe84deecedaa8143b16528881a18030c9845e90b566bb4d67b0ddd2c8c5017a8ebba53ffacd22d68e5a47087713,52,868,7,125,4/5,1
HWS-003-BACS,1,121,BACS,limo01,1784110849123852007,1784111042819172731,0,0,193695320724,2,-108.19,-4.94,0x58e14a07e9433d07dcb03dca2ba0a18cf79354eff620dbea7e23ab5d59c42e8e1752d1a1ec7d67e48885ebe9ce3b5e4c62a0516a,52,868,7,125,4/5,0
HWS-003-BACS,1,122,BACS,limo01,1784110850905234304,1784111111269144253,0,0,260363909949,0,-80.23,14.20,0x7b7cb1cdd4850ff1ef4d8429cf8fe098811b267d72256644c53c52a44cf52af040b8d4a14804292eddc6ff807cbd525b72899b60,52,868,7,125,4/5,0
HWS-003-BACS,1,123,BACS,limo01,1784110857535130239,1784110908029140847,0,0,50494010608,8,-86.06,1.85,0x6caf305769a735e90e44775a933b151d36fbbf30e709fd7c3c9a77b788142c55e8f3c10c5507f312503e97d2ded0d7d99adf18ea,52,868,7,125,4/5,0
HWS-003-BACS,1,124,BACS,limo02,1784110857818792677,1784111457818792677,0,0,600000000000,6,-83.69,-2.76,0x9177475d465b00cda88de2ae2e1d4b5d74ad3ec333e232537d309a9ca70cf15807185bc5ee166537ba0b24988bbaac1040dba8b8,52,868,7,125,4/5,0
HWS-003-BACS,1,125,BACS,limo02,1784110862826435989,1784111006788900647,0,0,143962464658,6,-95.26,1.31,0xd9e5eb32ac5d40342810cf474b853a6bc8e95f6387d0c71b3c4c3770eb2db7c2f3688d31b453c83ff47f0d3f04f030ac1e1d47c1,52,868,7,125,4/5,0
HWS-003-BACS,1,126,BACS,limo02,1784110867696409814,1784110995676072411,0,0,127979662597,3,-105.37,13.46,0x4d2f9ef7b766821c1fca82def6e4be4c7ac41bd9132c0a4a3fc00c4ecf21cc9899d3db4b151d46df997493d90e577ceada83e205,52,868,7,125,4/5,0
HWS-003-BACS,1,127,BACS,limo01,1784110870216925179,1784111006925338353,0,0,136708413174,7,-106.52,4.20,0xb54afdaf217c2ab82e1714ceee76cf8c2d237a4e71c728d002bc52f69981b857bcb455e61d92a66e8653347e7032ffceafe86ade,52,868,7,125,4/5,0
HWS-003-BACS,1,128,BACS,limo01,1784110874463246214,1784110946390175332,0,0,71926929118,10,-105.63,5.34,0xb70b075f4067b9d040400b79c4a62dd3c1baa0a5c6724cceccc5a799931fc32dc28e8dea9f46bd7ea8fcc7efa676e5a566fd8edd,52,868,7,125,4/5,0
HWS-003-BACS,1,129,BACS,limo01,1784110875812583364,1784111009876670784,0,0,134064087420,5,-104.52,3.65,0x0cb5e48edb4b0bce30171a5f25105f0191ae0a883bc5d57907d828d387f560388ffcd2b2757f09c2e08985cdb9757d60771a844a,52,868,7,125,4/5,0
HWS-003-BACS,1,130,BACS,limo02,1784110879473651048,1784110988927821129,0,0,109454170081,4,-87.88,0.71,0x42675af92370beadb002c846672001a2e1b6d5d9308c13db16158924f4b3859ef2c91dd44042a2d2bfb69235810406591b08847b,52,868,7,125,4/5,0
HWS-003-BACS,1,131,BACS,limo01,1784110882900152392,1784111004164349762,0,0,121264197370,10,-90.85,-1.27,0xd27f82844dd52e6c569cb3a1f807331e1b5de58febc97f370c58021ba2a940448fd26a62a63d58cfee8b9ad4e2ad4e2167c33311,52,868,7,125,4/5,0
HWS-003-BACS,1,132,BACS,limo01,1784110889347284089,1784111212690610707,0,0,323343326618,9,-82.19,0.77,0xda0895e159777c00d623b10891ceb4b83dc83c5717af79430397b2b4d86d2d3357acb63773e6605d547af460f3b1a9696614494b,52,868,7,125,4/5,0
HWS-003-BACS,1,133,BACS,limo02,1784110889668402419,1784111130842965941,0,0,241174563522,2,-105.41,3.84,0xa23228fe85043c9a3dcc1b1a6464b75784522dd801523086a40acfb64fd1160cd11c5eba019e20a5a3fb73a5959bf5da5ee1603e,52,868,7,125,4/5,0
HWS-003-BACS,1,134,BACS,limo01,1784110896250508720,1784111096391300774,0,0,200140792054,5,-106.95,5.58,0x20b136705876def21af62f87663142f8d3d53128bd33f8b0ae5c35c2a44c59ee761651cd96f094363697adeb91a417442761bd12,52,868,7,125,4/5,0
HWS-003-BACS,1,135,BACS,limo01,1784110899982765025,1784111111164000604,0,0,211181235579,10,-98.55,-0.26,0xb6c2a9d115ee6b70f5c4940cd02564d9f897cb7238921751de15650ddc8e84608bef0fcba6a7a78cfc0e6bebf86a9289805b4006,52,868,7,125,4/5,0
HWS-003-BACS,1,136,BACS,limo01,1784110903330840958,1784111157137848629,0,0,253807007671,0,-102.86,5.91,0x3116f0e8763ffc48063c4fb2a095d420668e12d6694cdeeb1e78dc88fa324ce8c0cd59c457c835af96b5aa63b8888a4d6939c535,52,868,7,125,4/5,0
HWS-003-BACS,1,137,BACS,limo01,1784110904863416164,1784111008913410840,0,0,104049994676,0,-107.62,1.32,0x7a2200107bdddbb3353fabc32cdb3037a817deafb204a5199cf0bf76e152d326340c8245abb891134ff6c6fe32a517b98f54fac6,52,868,7,125,4/5,0
HWS-003-BACS,1,138,BACS,limo02,1784110908751342586,1784111000151275990,0,0,91399933404,5,-87.20,7.15,0xd92c47a0ce20f76bb5dbdb685530bcd018b988e5f7f19d198c876a7666dbcc43e9071ff56c3f43277d5417677a8b9a933a41860b,52,868,7,125,4/5,0
HWS-003-BACS,1,139,BACS,limo02,1784110912874046627,1784111147295057042,0,0,234421010415,9,-89.46,10.20,0x509046cc59b261728b8a5e29d21e8154a1a70125d8cb84f56b3c47f5575c6741b0da008d5b1f9162ce4a79c73c4604cbd34ff4ba,52,868,7,125,4/5,0
HWS-003-BACS,1,140,BACS,limo01,1784110915490708255,1784110993771851828,1784110993771854503,1784110993944253634,78281143573,9,-104.63,-3.24,0x29756268b382faf76ae0822aeed128ac0cc332e61e197a53ef88d086fee4175659c6395fd49636f0aa7cb28f35bce88f92f5d34b,52,868,7,125,4/5,1
HWS-003-BACS,1,141,BACS,limo01,1784110921057299796,1784111020626310918,0,0,99569011122,3,-80.70,7.84,0x26d8c3ac1a19b336ce0566848715d811a111b7cc736edf493cba3efc94fd6cadee48c8e302e949bcc64deb4840c3e79c62cadf18,52,868,7,125,4/5,0
HWS-003-BACS,1,142,BACS,limo01,1784110923070729730,1784111100952177456,0,0,177881447726,4,-105.36,-1.62,0x8f014cb7b62822a2e07a4a11c33e503e93ae93de365b5d4ecd020649aeb39f556757dbdd2681cdc45085dba66e0f9db4d37e8944,52,868,7,125,4/5,0
HWS-003-BACS,1,143,BACS,limo02,1784110926963301936,1784111074886403944,0,0,147923102008,3,-98.55,4.29,0x9e1af6663e78f565e9f9ba8ab0b766bcc7a74e00a31db61ba44528aa75c7cbb0c174fa20a2fa186f625597d0ae11fd41109901fd,52,868,7,125,4/5,0
HWS-003-BACS,1,144,BACS,limo02,1784110930319357548,1784111064438470299,0,0,134119112751,0,-83.44,6.79,0xe0e987d76921ecde80d5404cbf3fb4e3309963fe55dba0bb268517b5b34065da017ab0f6cd949e3fa31d0573c563bdd135cc7e71,52,868,7,125,4/5,0
HWS-003-BACS,1,145,BACS,limo01,1784110932331281981,1784111156603808161,0,0,224272526180,7,-90.14,-0.15,0x7942c53988a99bc7330c1a0dcef5c7ca7031e96c82696d4254fc5cc21f6b77235c5dfb19e683258dbcc60e7fab0c4ab5c4c4990b,52,868,7,125,4/5,0
HWS-003-BACS,1,146,BACS,limo01,1784110937167227016,1784111128376037290,0,0,191208810274,8,-83.02,14.15,0xc36f19b1a4fcb3d5ec1494e4324fff43879bb8e1c24b8c7fa16ccf5871062cc3f1f2f6ca69f6d37f84cc072de46c5f6d2645b391,52,868,7,125,4/5,0
HWS-003-BACS,1,147,BACS,limo01,1784110940370857040,1784111193042836262,0,0,252671979222,2,-82.63,-1.91,0x262d42f775bf9a96be73ff40331e6c4bc44d409d49ecee297e1eb92e0ee4345bfb094c1e28a4a097f44bef6e152aed101ab5085b,52,868,7,125,4/5,0
HWS-003-BACS,1,148,BACS,limo01,1784110944679337145,1784111067540003225,0,0,122860666080,1,-98.07,5.32,0x6f8d032ab1cd44beead7dae5f47d5c58e2332544ef30c0fdadc6bf7bc79becb7f8d201ede94a5aef903015d57987438a44f4675d,52,868,7,125,4/5,0
HWS-003-BACS,1,149,BACS,limo02,1784110947891439583,1784111071836351200,0,0,123944911617,7,-89.18,9.39,0x7a059fab4017367340d130c5209af1dc294f1e62d1276b1a9bf3be642706415d22e878111b08f411d93a21345846f8ac0bdded21,52,868,7,125,4/5,0
HWS-003-BACS,1,150,BACS,limo02,1784110953186113222,1784111197923714282,0,0,244737601060,8,-108.03,-1.36,0x90448606d8f01cd78e32e11a29c7d4c1fb19d3b72ac21d05bd848a0c1a5af539bc1aadcaad35f676bb87f5f4cc75a1726b3527b7,52,868,7,125,4/5,0
HWS-003-BACS,1,151,BACS,limo01,1784110956338389563,1784111108110479991,0,0,151772090428,3,-94.18,6.50,0xdee4092a3a97f771621ff9c8b5ea9ba150c7a161809fce487b53be4b5709e83847ba6cc6d80bd8a1b72d63b1dd1867770e57498a,52,868,7,125,4/5,0
HWS-003-BACS,1,152,BACS,limo02,1784110957789054563,1784111090600416041,0,0,132811361478,0,-105.69,2.85,0x10175c59c2ce8d9edbbb71c49f2f85e9cc0aad9b367cd069d3b5c9f1def7e7456fe6bd039b292bca1fb58924a5ab477332f5fa90,52,868,7,125,4/5,0
HWS-003-BACS,1,153,BACS,limo01,1784110961550685292,1784111430522710117,0,0,468972024825,8,-105.76,0.66,0xf3a0201d34979caaa8535ba3a7e79f2cb15620dd4f7344a240db488c417c45dcea21f170d51f142bcbcd5d713317c6cd292724d7,52,868,7,125,4/5,0
HWS-003-BACS,1,154,BACS,limo01,1784110963959879277,1784111071795160174,0,0,107835280897,0,-80.24,14.68,0x4d5a932f35b4d5c435606d6a054568dc651dd7e45f89b8f3f477d3fa3ac7095d67f52b0db501637fd247dcf27da544ca4cef7529,52,868,7,125,4/5,0
HWS-003-BACS,1,155,BACS,limo02,1784110968387175286,1784111288471021302,0,0,320083846016,5,-109.59,8.14,0xcfa116da1ba02453127be24412ff821dad58f1e9c33508ab08e82e5750eed75ef62bd0a5c81713184fc4d0efdc58dfad6d23f634,52,868,7,125,4/5,0
HWS-003-BACS,1,156,BACS,limo01,1784110971928904115,1784111118535977789,0,0,146607073674,9,-94.63,-2.40,0x0e1e6a43fba91db6a41b6b8d1b4547c8d4e42df757f9aeae50a14665e8bcd74f8bdea28636e26128199e450e25eacfce3471841c,52,868,7,125,4/5,0
HWS-003-BACS,1,157,BACS,limo02,1784110975875460268,1784111285086281556,0,0,309210821288,0,-82.96,-4.24,0x733d9c6c99ced8ee8590ca2a9e698dce8b2d1ae6cf599cb1d5c9d0a60a810dedce6ddd2b65962565c0de279e0299eb9e77ee7cbc,52,868,7,125,4/5,0
HWS-003-BACS,1,158,BACS,limo02,1784110980442778427,1784111100601993127,0,0,120159214700,7,-80.58,2.62,0xef92e470447547b15aa2250fa218a3cf627ea01e9515a8e3ac640ae4a5aa4aa861d0f6e9977c3929cc6a809954e82f166f0ded27,52,868,7,125,4/5,0
HWS-003-BACS,1,159,BACS,limo01,1784110984373512810,1784111175171775375,0,0,190798262565,2,-106.57,3.30,0x1237c3f238a57d3b83dedeb7cac8c3c254d29bcbf7f528f41e7f04ff04cfed0e42a81565f7784eb9f920ad3063249b78a35a2d01,52,868,7,125,4/5,0
HWS-003-BACS,1,160,BACS,limo01,1784110986342195225,1784111174915618061,0,0,188573422836,9,-103.09,-0.05,0x2e543ff9eb35eca67f66ff1bf6964138cab2ca6f3722d977906d46e036dd10be220d0d515680e9d12c359fd4560d087c482d3a30,52,868,7,125,4/5,0
HWS-003-BACS,1,161,BACS,limo01,1784110988381476719,1784111148365524353,0,0,159984047634,9,-89.71,4.08,0xad08e6d53570cfa64d0940de825800dfe763018a648be7b3dd52fd2ab4dc0dd242ce17c6b4eb360266c40fa6d6be035c6a9df8e2,52,868,7,125,4/5,0
HWS-003-BACS,1,162,BACS,limo02,1784110992100614036,1784111171882965101,0,0,179782351065,3,-90.09,-2.45,0xf43b0c489404040bd9a85d146a607c9c0cbc05c206b014f0a01cfa4f78f945b4f02b095c00a467263d545ae073423c7cb18d0856,52,868,7,125,4/5,0
HWS-003-BACS,1,163,BACS,limo01,1784110998530504530,1784111262838912873,0,0,264308408343,0,-92.74,7.23,0xde0a09d55ff9ca32414cecf40c572edde3039952fd656e2b663431190168fed62605fb294c529376358f3a2a98dd8cc7505638ec,52,868,7,125,4/5,0
HWS-003-BACS,1,164,BACS,limo02,1784111002687585573,1784111104121311609,0,0,101433726036,6,-81.58,1.09,0xeb59420ecbcb1bd6b5324a9b7368ea97f1d57797d9c7aa3b24981ebf0eb2bdbaa9ab10ba52b105aaf79722f7e8ac5e0648c83174,52,868,7,125,4/5,0
HWS-003-BACS,1,165,BACS,limo01,1784111004280918907,1784111147585148072,0,0,143304229165,7,-80.05,4.92,0xd94ef71221dc005d9d87e46d5f4aa4469dda3b618f50e7398c16a60eaefe1452f2b24c0caae2af3e39ee0ad1a59f2b1aa38a9121,52,868,7,125,4/5,0
HWS-003-BACS,1,166,BACS,limo02,1784111007998512160,1784111228502454699,0,0,220503942539,8,-96.61,6.24,0x3fd78fe56782a62bde013ac8f368e21338eaddfb137c2a1d65d80f7639052ed94070bbc7cf8cca8ba2b1e11a912cd18d3c67704a,52,868,7,125,4/5,0
HWS-003-BACS,1,167,BACS,limo02,1784111011820421529,1784111451238313119,0,0,439417891590,8,-82.76,-0.03,0x9a7d294bb9da9260d8d952b8022feed42e91026cb94dec478679720dec423012fa3eeda44a28cdd98ae6688c416a95196d71d60d,52,868,7,125,4/5,0
HWS-003-BACS,1,168,BACS,limo02,1784111015025647053,1784111161977231625,0,0,146951584572,9,-109.16,14.30,0xb909c1a65e47aca488fb010bb33fc0f786cc3ee3bba1d5bb24014446ba633f3bee8d13a2ae6bf71e2101057e4f47e163ddc48fee,52,868,7,125,4/5,0
HWS-003-BACS,1,169,BACS,limo01,1784111018822374236,1784111197551488369,0,0,178729114133,10,-104.35,-4.77,0xdfaf237b030490df4fdb462c303877a642d925c69326bdd2a3f18077a7939f6d5a3035734ed4090205abf6837aa1c9f021988039,52,868,7,125,4/5,0
HWS-003-BACS,1,170,BACS,limo01,1784111022680968630,1784111142780456787,0,0,120099488157,1,-106.43,0.49,0x99f5956ec656b326580c044cbfcb5c10d2fa76f7c5a4de869aa7e0ef5976317809f49f9b3130912de32fbe2877d7be1f4fca0f8c,52,868,7,125,4/5,0
HWS-003-BACS,1,171,BACS,limo02,1784111024756369225,1784111160958573118,0,0,136202203893,10,-85.91,2.20,0x911151de3f34ad752416ce5705c7d1e27cbb319a54d2e6ad9590ac0dc7034e0cdccbd77c89e38b469267f03df7527ac99e82fa10,52,868,7,125,4/5,0
HWS-003-BACS,1,172,BACS,limo02,1784111027711064063,1784111251256019691,0,0,223544955628,8,-103.91,11.14,0x99ec9aadc1249cbe51599b72016cc8721abe873b3b6a1b8e1834ab00bce4046a14f48510aa17d365aa61763cd324eee931c3fbda,52,868,7,125,4/5,0
HWS-003-BACS,1,173,BACS,limo01,1784111030649619104,1784111245276521576,0,0,214626902472,7,-108.05,2.47,0xcc2e8539b309090c28ddc220b2d4561b1fc7d929cb558ea542155546da49a2a9d774d1b63dacf497c11d2ee132840e6b8bc638d3,52,868,7,125,4/5,0
HWS-003-BACS,1,174,BACS,limo02,1784111035680812180,1784111200680714034,0,0,164999901854,7,-100.09,3.76,0x49b8f02e525b13d5850adf4ea8128bf00d564d559b6403556885a23d2dd237c5a5e045ff8069fe812afb050283ab5635aa21a5d0,52,868,7,125,4/5,0
HWS-003-BACS,1,175,BACS,limo01,1784111039138255316,1784111193340297928,0,0,154202042612,9,-82.69,11.70,0x878843774f09799c2d18ed2c922f07c0d28d0bea4da7d62fdc0524749da1c90d937d788ab14bd1d2526e78e41ac3b92eb7a5c97f,52,868,7,125,4/5,0
HWS-003-BACS,1,176,BACS,limo02,1784111044819005573,1784111220055578576,0,0,175236573003,5,-90.09,14.20,0x8a467d1c3c62504eb1d4271987825685141cc4b6fc84b473a80f04e68527b12281e54308ab74cc89d45504ade5aafab542620bcd,52,868,7,125,4/5,0
HWS-003-BACS,1,177,BACS,limo02,1784111048145803714,1784111153274201573,0,0,105128397859,4,-102.02,-3.78,0x249f630d0c4706a83cf329e4aad5041444eb69b6aec21ae5d7b71c228f8485218ff678a4fe57d177198a7123f015f3683841ea86,52,868,7,125,4/5,0
HWS-003-BACS,1,178,BACS,limo01,1784111048628884248,1784111235416623355,1784111235416627274,1784111235590605956,186787739107,4,-94.81,4.31,0x746f21614b40592e06339a394e875f7f132937d79ddf61e0e34f1ccc2a5f71081389839ace74dff3bde19c6c26b70ba3c13be0ab,52,868,7,125,4/5,1
HWS-003-BACS,1,179,BACS,limo01,1784111054812737232,1784111135523250082,0,0,80710512850,0,-82.04,-0.28,0x018d00172903ff9587d2f10b77c653eb23709796299d444d2977bac24145ea983b182b9e023884f14167b490b09b09969f7f8a0c,52,868,7,125,4/5,0
HWS-003-BACS,1,180,BACS,limo02,1784111058020466587,1784111294046225262,0,0,236025758675,1,-100.85,-1.56,0xfa74b988a3f5f365635fc43851b526d422823bddcf7a5587ca333eb4fb46971e2e7fa08306c82265d764f5c50f5a1d5545454043,52,868,7,125,4/5,0
HWS-003-BACS,1,181,BACS,limo01,1784111060408524013,1784111214933100457,0,0,154524576444,2,-106.16,2.41,0xf4607b1b3ad8e556be5a6a8940f0bf11deed4d009f9885f77393da64dc02731a9f4a37b4f271784065be66484fcfbd39698725ac,52,868,7,125,4/5,0
HWS-003-BACS,1,182,BACS,limo02,1784111064725777936,1784111175375516122,1784111175375518495,1784111175542466203,110649738186,10,-81.23,8.49,0xaa99160761aeda674f570ab39fe8dd783f8313d0ce65170e21bd6d07f90c895c347443f3648ed41f6f3d95f2c2d510233d5a3e49,52,868,7,125,4/5,1
HWS-003-BACS,1,183,BACS,limo01,1784111069358235102,1784111324337124175,0,0,254978889073,2,-109.28,-3.61,0x13df5317c795b48d37c5213d5ec5c8ddfa4c957ee933c67d2d8315092fe01dcff2f15161792930d70d910d6cc11c4409a8b11f2f,52,868,7,125,4/5,0
HWS-003-BACS,1,184,BACS,limo01,1784111072565884146,1784111157267993721,0,0,84702109575,0,-94.63,0.36,0x45a6d2c8b8d2494f94d2c9ad0b3456091c01600c64acf0a308714a91b303d3ad2fa3704c4b3e82ed586d8e22f51edb75837841b5,52,868,7,125,4/5,0
HWS-003-BACS,1,185,BACS,limo01,1784111076329821922,1784111138227567188,0,0,61897745266,8,-97.68,10.06,0x8be0b32346c7e98c92fe0fec22d09e9eebbd4194a93f56fa1b86b2c31b396825de0d7306a2780ef78c390296289107b6e0221cbf,52,868,7,125,4/5,0
HWS-003-BACS,1,186,BACS,limo01,1784111079136225034,1784111173916481957,0,0,94780256923,1,-95.03,7.87,0xaeeeeb54e289ffdad0e6fac819ee3e9b20358b3e3f616dc71dc2ee404ab2955446ef200a5f357185c10162364036b6839ee048a0,52,868,7,125,4/5,0
HWS-003-BACS,1,187,BACS,limo01,1784111082315635822,1784111216283735942,0,0,133968100120,5,-87.99,12.81,0xebbd74caf01f674d4a4d69abd171ba7287c580133618ac246f9fb32338420293014940de32e365af96d2b595e4eaa90df57e42ee,52,868,7,125,4/5,0
HWS-003-BACS,1,188,BACS,limo02,1784111086210003113,1784111155141996473,0,0,68931993360,0,-93.75,9.23,0xf3be9dbca356938dd4f85a355ffa5e49c2f16437d9b050cc4a99ed6a969545748d08ef06c81ec801786c1794cdb39aa815d26329,52,868,7,125,4/5,0
HWS-003-BACS,1,189,BACS,limo02,1784111089108281399,1784111133266656176,0,0,44158374777,6,-86.76,13.11,0x43cffced3af05830f1228ca7476a74d64a3c71df8d68a9429c24268eea70c910b9ff1718691b70f9ede380256b27f1d2ecaf5fe0,52,868,7,125,4/5,0
HWS-003-BACS,1,190,BACS,limo01,1784111093227045457,1784111220125421886,0,0,126898376429,2,-98.80,-3.18,0xbb3d0aff4bc5492707cc4787bb29ae3f74b3ecf401a9e76e39b27b5977c3fcce8f4bac797c684615d939f5b9c3756cf7f4bd5897,52,868,7,125,4/5,0
HWS-003-BACS,1,191,BACS,limo01,1784111095146027754,1784111184603607100,0,0,89457579346,8,-87.52,-0.58,0x9e7526e4588684885f18a49bf0479a397eecccc29b185a7fa69303cf08320acea7d2491e115354a7ffc1863192d32a43876e5bf2,52,868,7,125,4/5,0
HWS-003-BACS,1,192,BACS,limo02,1784111097658761367,1784111225884662660,0,0,128225901293,1,-100.04,-0.68,0x05ecadc0f8504f31ddaafc677a32e2a3cae0e8c26539493728cd2d20e154199995440d05db85fcb8ea455f76e0d7d504c8ec085c,52,868,7,125,4/5,0
HWS-003-BACS,1,193,BACS,limo02,1784111101998754112,1784111328651924662,0,0,226653170550,4,-102.90,3.58,0x3ce952acd0311fddcd6cbb971790a9151d0856c12d12b0759fc8f79826263745921583e6df45aafb88e45d27ca447388ebade9fe,52,868,7,125,4/5,0
HWS-003-BACS,1,194,BACS,limo01,1784111105923899821,1784111213202767784,0,0,107278867963,0,-88.45,-1.82,0xeecf74715f5a19778e07a7cb02a70b5fea0a21e486e79be804eae4bd5efb6fd2ee9f4d8548d76acef3d5143ae97a19bd4d379ecc,52,868,7,125,4/5,0
HWS-003-BACS,1,195,BACS,limo01,1784111110305028553,1784111264123249924,0,0,153818221371,9,-90.33,3.79,0x31d365d7870a01f1de5686d52dffe45b3f044db5479dce57eb1b126eed5d7dd22c4bae2a558dda7b95a2253255a45c7e6248501d,52,868,7,125,4/5,0
HWS-003-BACS,1,196,BACS,limo01,1784111114126904998,1784111164220068289,0,0,50093163291,10,-89.82,8.47,0xc0482ad6636ea024b5ac9964ec76dfeee2fafb29ed6a3c55af6688fdc4a7ced2ca7ecfd80ec9dda4d8c6760b803c6793758e2acd,52,868,7,125,4/5,0
HWS-003-BACS,1,197,BACS,limo02,1784111119178203781,1784111389974497559,0,0,270796293778,1,-106.33,13.29,0xf64d3bf70c3b312f37c9007fb810e2571ed01c1318c7339b6cf51bf2f111533ccd0ae147e332425d8c20d6c0297b7920a0ac77d2,52,868,7,125,4/5,0
HWS-003-BACS,1,198,BACS,limo01,1784111122675187980,1784111295812528626,0,0,173137340646,0,-102.28,10.31,0xba9d6225570e0a48b42160d45a562922a893fa3c08070666a5b9d53c33f41acd32789c5ebca58eb4dbff23ad2768a7b664a35030,52,868,7,125,4/5,0
HWS-003-BACS,1,199,BACS,limo02,1784111123082333597,1784111536054413923,0,0,412972080326,0,-85.53,-3.90,0x42c435aec13cc82ece524bb5702e708f7d0f1d005b2807b836f126cb5f7231c49c0206baa0a607a8ee7f18736f644da8d16f4bfb,52,868,7,125,4/5,0
HWS-003-BACS,1,200,BACS,limo02,1784111125889190073,1784111211502433205,0,0,85613243132,2,-97.29,12.73,0x3135d797c5608cb4d42d54f77784948f2bb368f7364ff10efbe78cbfdbd5f80b529299cb557cddcb12b94c6347f8474045ee25b2,52,868,7,125,4/5,0
HWS-003-BACS,1,201,BACS,limo02,1784111132795270800,1784111213872767331,0,0,81077496531,5,-101.46,-2.55,0x0e96877d8aeb820f6010c6a9199a4d4325d110a00c0fc300d3ad49f306ea7f92e235a0ee0ec26aa8e6c2b2359feb4cd3d4bdfd75,52,868,7,125,4/5,0
HWS-003-BACS,1,202,BACS,limo01,1784111136432697113,1784111238259136089,0,0,101826438976,8,-99.49,-4.73,0xbe0fc38a1838948aee69bc909e1bf1a2e8b5865e303f3a07f220589136c42d2b51d08f29d4f8565231738cedd35ea9a254189653,52,868,7,125,4/5,0
HWS-003-BACS,1,203,BACS,limo01,1784111136916548597,1784111479887780070,1784111479887782824,1784111480053258646,342971231473,8,-100.87,1.67,0x665d34e119103c819d9f482224712c6f1dfffb7048d4c5b7c5581a3ea168b70eecd3845c4d69a240d34ae4f60bbbec09084794a9,52,868,7,125,4/5,1
HWS-003-BACS,2,0,BACS,limo01,1784111140026817666,1784111215669820730,0,0,75643003064,0,-89.42,5.30,0xa85ef7fac4e00ae28677d5597d79ec180dec03794ea5f08d75440eada4261e774ba216e946396fbc6948c474c7efaf4b6ded509e,52,868,7,125,4/5,0
HWS-003-BACS,2,1,BACS,limo01,1784111146097149761,1784111311129534367,0,0,165032384606,1,-95.19,12.69,0x1b5761ad017d5e133d8047dc147fd4cd3c692f624de858939060676e7791b0910b88cc3d8d80e2c7c8a32fc4f201ae26c201a64a,52,868,7,125,4/5,0
HWS-003-BACS,2,2,BACS,limo01,1784111150338407507,1784111407031115938,0,0,256692708431,8,-89.97,-4.24,0x93d59b1e56b40afbf39df7349c64bb6ea69dc6aa90009d340fb11989db44a64ce5d29cfecd6df1e16d0cdaededaec9b25f6e7bd6,52,868,7,125,4/5,0
HWS-003-BACS,2,3,BACS,limo02,1784111153987170102,1784111603928646008,0,0,449941475906,6,-103.40,-3.59,0x7345dced58d4b02782bbf946120305008f8a6f22d8e8fe8224b3f810a5f20028046fd9c6a9cb0dc93750cd02dd35228b85da1667,52,868,7,125,4/5,0
HWS-003-BACS,2,4,BACS,limo01,1784111158279980810,1784111401197170769,0,0,242917189959,5,-85.76,1.41,0xf205c8d528ff88fb75236937d40724537a579a9887bd9eda41feeed4e7a72c476ed3949c7309be58c0ff2ba39dc0c22a02e1f91a,52,868,7,125,4/5,0
HWS-003-BACS,2,5,BACS,limo01,1784111160181323366,1784111242547295703,0,0,82365972337,10,-107.73,2.00,0x5c5726d2066a0d6cc0270e41d899bca018fab0eec56a59299aa82381ccb3364697d134d4ceca780dfa52e4b2264e335188ffdb44,52,868,7,125,4/5,0
HWS-003-BACS,2,6,BACS,limo01,1784111161895775309,1784111369858174432,0,0,207962399123,10,-82.23,7.38,0x170b8a3f6a5bd656d446e7ce1adf0b0275d6920f3629f281f05d365031af2d2d05564f3868f54f21dc2288480c498c46c926f53c,52,868,7,125,4/5,0
HWS-003-BACS,2,7,BACS,limo01,1784111167675584251,1784111325834018717,0,0,158158434466,7,-83.59,-3.91,0x698ee0bc2d027c0bc6ac0a00de3a2d6eea727880e2b923b73c373b8094424a11a24f30bd27089647c31a48e4c3ffe9b6636f8fa8,52,868,7,125,4/5,0
HWS-003-BACS,2,8,BACS,limo01,1784111171944332510,1784111245935662790,1784111245935666183,1784111246107192605,73991330280,3,-86.32,7.91,0x28f052101eb617f17352df82d8b36aa3103b39605314cb6208d1736143fb7022e69d123e77e5837ca9407e8d31fca0969ae27162,52,868,7,125,4/5,1
HWS-003-BACS,2,9,BACS,limo02,1784111174930382844,1784111637066309646,0,0,462135926802,7,-95.17,4.63,0xebad184bc96ae363e05665d6e8e8782e6e22cc960b07d4858de09b6a5a43516e8e0de8272719f13ad9445b40145d7df77c397057,52,868,7,125,4/5,0
HWS-003-BACS,2,10,BACS,limo01,1784111177786948874,1784111296617059157,0,0,118830110283,5,-93.66,1.63,0xfe7bb1b8d3c245b53dfada764875bf838e74042b9d8013c2af003d074b351dde8c4e91dd2c4d9c4a899dbc17a2a08a3f419cab0d,52,868,7,125,4/5,0
HWS-003-BACS,2,11,BACS,limo01,1784111180452817481,1784111260988564997,0,0,80535747516,10,-91.19,-3.08,0x97dd49300e2792818aeadd3a18672bce7e0014788283cbb614487293d5f80f7b4c20c01efe1785aa5a3fe6347876e13cfbfbd65d,52,868,7,125,4/5,0
HWS-003-BACS,2,12,BACS,limo01,1784111184257034033,1784111568774452367,0,0,384517418334,3,-94.06,11.00,0x0a960ac8cb36e66867008f441690f6c6e6ded738b17b6e2f5e77579eb8007a8bc3a686709a6d7598994325c42201e3a642f0a4c7,52,868,7,125,4/5,0
HWS-003-BACS,2,13,BACS,limo02,1784111186605386753,1784111531108563109,0,0,344503176356,6,-96.56,1.65,0x9dd3971667e0d378479b97320a04527f0b959e0faff9aa9189fdb10b96c0d30f85d811b686d27d0e774a5aa85f81a096c8564685,52,868,7,125,4/5,0
HWS-003-BACS,2,14,BACS,limo01,1784111192517155685,1784111318118291977,0,0,125601136292,5,-90.60,-4.35,0xb180ff0043ae21adce2310512393709cc03a86182dbd209f59fecb26eec72947fedfce59c9b36efc7562fcf273b2a2a2832a57a7,52,868,7,125,4/5,0
HWS-003-BACS,2,15,BACS,limo02,1784111197546645685,1784111423054923738,0,0,225508278053,4,-106.54,7.48,0x766204642568a957d19712ce350561191d4fe5e0766225ef1e7508115f74aa56a7947b43c85f85bff16a86d9716f089e3fbe96b9,52,868,7,125,4/5,0
HWS-003-BACS,2,16,BACS,limo01,1784111201125596063,1784111292856093117,0,0,91730497054,3,-105.61,0.16,0xce7864d037fdf075a969b45484ae6756424842a68f9f2fb6a26f39821ffea7a07640d89f9f14153f53806c305eba0eb2d86450bd,52,868,7,125,4/5,0
HWS-003-BACS,2,17,BACS,limo01,1784111204736890638,1784111409157331778,0,0,204420441140,9,-102.47,5.72,0x0f107200efa16167b96a8a950e1012610ffbb0cb0035c7b51f360e6c2d43d21ee84d503a5b15b303acccebc3795a0fe1e689b9b3,52,868,7,125,4/5,0
HWS-003-BACS,2,18,BACS,limo01,1784111205864101849,1784111558027544955,0,0,352163443106,0,-106.90,9.69,0xd79bc9608b83f06f7b36c22938b75826d322015748efcf536a202e9a0bacb3102e71df02b909e2dac35c539845314e49abf19323,52,868,7,125,4/5,0
HWS-003-BACS,2,19,BACS,limo01,1784111211444163059,1784111328054936208,0,0,116610773149,4,-83.07,-2.51,0xdb3430d553cf29b330153a69a9093b347936e97a1ea70927ed0d36301d96a10dc8d37d38acf166b97b31976dfdc908afda0181e3,52,868,7,125,4/5,0
HWS-003-BACS,2,20,BACS,limo02,1784111213229782585,1784111394980663071,1784111394980667972,1784111395147651026,181750880486,6,-81.76,-1.04,0x135c87b2658216ff7811c3c1e9089302981207e67ea90f295cbc8a44c8492b129ffb34d3b7e80f356b9756a758748b84beb989fb,52,868,7,125,4/5,1
HWS-003-BACS,2,21,BACS,limo01,1784111216986471548,1784111355527279501,1784111355527282859,1784111355700943575,138540807953,4,-107.20,14.80,0x20e2351592925ef80069a6ab6328b470cf700334a62dde4cf36de3dc934f11a7f30f50675d4411c2f1a234e5ace8e7a1e7112e24,52,868,7,125,4/5,1
HWS-003-BACS,2,22,BACS,limo02,1784111222139884025,1784111572578894555,0,0,350439010530,1,-93.60,9.68,0xaacea14eccab0a9f618d45cfe0824e49eb0c8cf18b09e1d0c8b53679eb21938a2bc9c13cd8ebc89ac1765e5ef7a76ea0cc5c09ce,52,868,7,125,4/5,0
HWS-003-BACS,2,23,BACS,limo02,1784111223806724662,1784111442719305448,0,0,218912580786,4,-86.08,0.48,0xd8300556b1eaf23e44bc37bdff3a857b8934547ef1f68c1e835f0a46dec3b22c143c0c4f374d00a8a86f747f9c8ce7e40390df86,52,868,7,125,4/5,0
HWS-003-BACS,2,24,BACS,limo02,1784111227940020665,1784111612701075546,0,0,384761054881,9,-104.73,12.13,0x2d016153721ade30c02c4882012ee845feaa4f2437a4331712b3bb2e755210e06c8c3c8248c2bc4f046564891ef15668cc3fe3ff,52,868,7,125,4/5,0
HWS-003-BACS,2,25,BACS,limo01,1784111230636264541,1784111504897460064,0,0,274261195523,6,-99.93,1.04,0x9e42a6a54402c076f97f540e1c3622613e3ee96c402ac6886f595165a1b38debfcb428b18649810a23dade9528da8ce05a03eda8,52,868,7,125,4/5,0
HWS-003-BACS,2,26,BACS,limo01,1784111233997208163,1784111281183396916,0,0,47186188753,6,-105.97,0.41,0x28cf1e079d9e2f65fd7585eb320bee357be1cb151a57b2f4382052a6d5e55cdb739914d52d8e18066e3b2799d37ae5fb26a7848c,52,868,7,125,4/5,0
HWS-003-BACS,2,27,BACS,limo01,1784111240310823801,1784111367602327765,0,0,127291503964,3,-100.04,5.13,0xc5adffa8a62cca8cc4927b196ed8b67c5570e306a354a7f898179d9f51aae9a839d1226bf54320b7e9bf29a9309e2997e1ff4bea,52,868,7,125,4/5,0
HWS-003-BACS,2,28,BACS,limo02,1784111243813566579,1784111472231293492,0,0,228417726913,8,-99.99,7.86,0xd5560de59f3e1393d6cf185df2dfa984212988b018e3cac8ec7063a7ed8934eccf6e3a3b15ce4619f4648ad2439059dfc3c2cc9b,52,868,7,125,4/5,0
HWS-003-BACS,2,29,BACS,limo01,1784111244127421680,1784111442150694780,0,0,198023273100,1,-109.27,-4.84,0x2c6dc203e07a7f33bfcfe69a95b81178ab1c9f8a7b7fa72e12abfe55e4f121dd78087176ac89097f4adaeaf8ca877d6cc03aac13,52,868,7,125,4/5,0
HWS-003-BACS,2,30,BACS,limo02,1784111250299772979,1784111401307388225,0,0,151007615246,0,-89.60,7.77,0x856f821f0929a1c8cf02dca46792fdfdcb226cae94cbfc43a87f88f77685657d0aa0ca648eac7392835824dfc2acee239105499c,52,868,7,125,4/5,0
HWS-003-BACS,2,31,BACS,limo02,1784111251735465280,1784111319625316574,0,0,67889851294,10,-98.11,2.01,0x51ac782614e636739ecb2a198f6593de7da3cd48074e53616f07cfe2562224f211aeeb3578cf1634b169288544876672e391eb33,52,868,7,125,4/5,0
HWS-003-BACS,2,32,BACS,limo02,1784111258223566916,1784111447521441305,0,0,189297874389,0,-81.38,14.53,0x6dd76b9df83c9ef4dbfa4daf68560afa6ec7c0525597db7eed6546a18b304f10278ca7f69bae7141057e087a80403e3f98ec3f6e,52,868,7,125,4/5,0
HWS-003-BACS,2,33,BACS,limo01,1784111258299561749,1784111490370116984,0,0,232070555235,1,-102.07,13.15,0x5286a9693ea52cb1219e5b38cadf6e1df985227c2281b27e21523cdeb0bf47e1d0aa35d5d848be27ac948594a22703cd63f0043b,52,868,7,125,4/5,0
HWS-003-BACS,2,34,BACS,limo01,1784111263727533091,1784111406652240502,0,0,142924707411,0,-103.28,-2.76,0xa204483b1df6e1846178932b594e496fa1be8c813609af355296b429e668acd9635be8409bec2db06169f7d2c4593a6a44e1eefa,52,868,7,125,4/5,0
HWS-003-BACS,2,35,BACS,limo02,1784111266624996505,1784111383697638530,0,0,117072642025,8,-83.77,-0.60,0x81ab9d17e93e168b4ee7179e0e5d99dbd31b5cda89fc60fae87c4c531fa2c95e65de56938cefe9227e1f7fcdd48881edb4e3f9cb,52,868,7,125,4/5,0
HWS-003-BACS,2,36,BACS,limo02,1784111269219922570,1784111408772042441,0,0,139552119871,7,-84.45,14.02,0x271a9cef47f62b0eab03a75b14eaa9c1ead4f2ca4314681d0c191095c661c98c0da807ca868bdb9c567b0da7e82c522a20f85874,52,868,7,125,4/5,0
HWS-003-BACS,2,37,BACS,limo02,1784111275681544793,1784111417516355557,0,0,141834810764,7,-81.83,2.53,0x56cc97dbdbdef622b3a34da1ea685e58951fa769f94af9d22a5716d2f16d0cf5971622e6279e2f959c951c5d4f6d0b31c4644216,52,868,7,125,4/5,0
HWS-003-BACS,2,38,BACS,limo01,1784111278802375708,1784111464440341468,0,0,185637965760,10,-100.90,-1.74,0xcb77a4ff1957d57b09c8f591c81544108d8d03495b9d214d12255aeffd15875c0abf35b3ab036df7a23f701c4bf2e2f378f0d04e,52,868,7,125,4/5,0
HWS-003-BACS,2,39,BACS,limo01,1784111283262973812,1784111432456594930,1784111432456598983,1784111432627805801,149193621118,7,-108.65,3.18,0x7d4ce0596619ab7a338b78b68fe5afa7a3cfe1a480a5124437366f55ee25600b5d446391c9273169cc50b2953dc39359c505bf19,52,868,7,125,4/5,1
HWS-003-BACS,2,40,BACS,limo01,1784111286483532989,1784111485863436085,0,0,199379903096,7,-103.25,13.43,0xf75b2a79e7c7755d9dbd1b46e195d37833b3679603a9dc6c9e58a36dfcc12358f7c4f96ffd1bdffbbdb02736cf898e1abe8dbefc,52,868,7,125,4/5,0
HWS-003-BACS,2,41,BACS,limo02,1784111290389182167,1784111478637018220,0,0,188247836053,5,-84.49,6.87,0x7c0868f16fc2b1eddf783628d928e4c583e163148fe36ad068c53c2472348ade5265ad306e69f3c8094a32f914d27631a132e2d7,52,868,7,125,4/5,0
HWS-003-BACS,2,42,BACS,limo02,1784111292017489703,1784111354769635314,0,0,62752145611,5,-107.54,1.50,0xbaa9b199179be55e319c39036a08ea131ad7fbc87571ab7ce6b7822df4ab940880cdfa674ec289b67efdd9fe7e8fd533157b6f04,52,868,7,125,4/5,0
HWS-003-BACS,2,43,BACS,limo02,1784111295044356977,1784111625925113204,0,0,330880756227,8,-101.00,13.67,0xf4ad45154cdd33d1f43f7146251fe78a37422d00206d2434a25885d441f0064a3eab90b07616eef41a4d73c2671d730800a31a16,52,868,7,125,4/5,0
HWS-003-BACS,2,44,BACS,limo02,1784111298588007370,1784111474537715400,0,0,175949708030,1,-95.13,5.16,0x56d745bfc457cfe4f76d91bf0d0dd44deb8c5e09aabe446798f392f3b23c15bb64ea2a232212f95df64363e492f2ed026987153e,52,868,7,125,4/5,0
HWS-003-BACS,2,45,BACS,limo02,1784111304149814668,1784111438209633989,0,0,134059819321,5,-91.64,4.95,0xf82b7f7c82a077f5d6f203aaf7d24bf8778bba63ae4588edbe471525b0698e505735a3d4daf1a1da11cd04a4c76ff6bf560e22c5,52,868,7,125,4/5,0
HWS-003-BACS,2,46,BACS,limo02,1784111305548099858,1784111527639319759,0,0,222091219901,1,-94.71,9.07,0x5974ccfa1946ea449b681932969bb50d1db9f12fbddf0b177e67120e95ebc654468cb9fea9434d3f5587a0259f3f40021ed3b4b7,52,868,7,125,4/5,0
HWS-003-BACS,2,47,BACS,limo02,1784111310944926612,1784111454772636559,0,0,143827709947,1,-86.93,1.38,0x9b70b58652664ae5eedefc4a04ec9741ac6fb01e573a157645da69611e923108d5dca12a176138aba84b2f266253a486627cf424,52,868,7,125,4/5,0
HWS-003-BACS,2,48,BACS,limo01,1784111312412715568,1784111391252830038,0,0,78840114470,10,-81.80,-4.51,0xf28c33873dfd6fa1c8c7da3144fe87c51d82387c6c049929c899eaf7988b7dd34348196bf290fa686bfd11369d60a075577358e4,52,868,7,125,4/5,0
HWS-003-BACS,2,49,BACS,limo01,1784111317721554537,1784111544573428966,0,0,226851874429,9,-97.42,1.90,0x2039cd638da307f993754d768032f29120034268d2dd189492da54e957a8aa3f79f5d27cd5b045f3ce978d70370e4b6eb77454c7,52,868,7,125,4/5,0
HWS-003-BACS,2,50,BACS,limo02,1784111322208964995,1784111540901793399,0,0,218692828404,7,-105.13,10.71,0xc7c7c40211c98fcfc008add19582c63f98420c647abd98110e0f5852007a92ed89706e0fbbed7b787adaef3d4b0660ef39afef92,52,868,7,125,4/5,0
HWS-003-BACS,2,51,BACS,limo02,1784111324183379963,1784111459681962927,0,0,135498582964,8,-103.33,3.57,0x700dcbfe97854063f87698ecde019fec90d09614dbe058817e40d93ff13b6a1ff50b234a5f39e92b365a335e8ee77a61b0c30a99,52,868,7,125,4/5,0
HWS-003-BACS,2,52,BACS,limo02,1784111326994575589,1784111393982556705,0,0,66987981116,10,-99.74,6.78,0x7d4edef6a605aeb23e72a3a7e8b555f29a6bf7e4f63d78c023cd9ddf2c9239908cc10f90ee0c70906f004e6d27a657e98ddb7eee,52,868,7,125,4/5,0
HWS-003-BACS,2,53,BACS,limo02,1784111331860332620,1784111410340889625,0,0,78480557005,2,-106.12,9.79,0x6dbb56393f450c508487db45c8fff749637f91a5c7fcc4ff8919d9140b651a642589486730b551054d360dc5cc96498e118ce5e6,52,868,7,125,4/5,0
HWS-003-BACS,2,54,BACS,limo02,1784111336065532784,1784111580906538946,0,0,244841006162,7,-101.74,-0.18,0xc0122f76b52349f3e5ad22be78a7c5e8d8c97288c7823ec6b3b31df950340575da60edd251311d3736e6012250249376f58bd1ae,52,868,7,125,4/5,0
HWS-003-BACS,2,55,BACS,limo01,1784111339099557035,1784111537217251734,0,0,198117694699,8,-80.74,13.35,0x153844e0b67f61927c4850abc7733960f68310ed8f18ebb54ed9e159553d203da8ebbc31302fe02d1204e130b5d97af85bebff3c,52,868,7,125,4/5,0
HWS-003-BACS,2,56,BACS,limo02,1784111343124907643,1784111579645623707,0,0,236520716064,9,-103.73,13.62,0x7d146c7787edafa28b354a4ccda371764f6ea9bfa44c0b346d6a6fb9cae19fe2e39ebdc4d2ddb4d8fd5ef240a6d7bca67e675750,52,868,7,125,4/5,0
HWS-003-BACS,2,57,BACS,limo01,1784111347467833460,1784111409054182781,0,0,61586349321,3,-93.85,-4.80,0x4ff54e09c8736d12bfdd9907e86f6a30eaa130f0828493070ed6519441d775cc69a03e37430cc908686a0283f865dea0767f95bd,52,868,7,125,4/5,0
HWS-003-BACS,2,58,BACS,limo01,1784111350455493831,1784111509229612995,0,0,158774119164,5,-80.81,-4.84,0x5369cbe7dfac8bd56769b8559af41d7023ec5d219f87f33930739bc87186612b52c73c1de1dc2953fc0de24ccc897cf4a24bd19c,52,868,7,125,4/5,0
HWS-003-BACS,2,59,BACS,limo01,1784111355307889008,1784111712616099770,0,0,357308210762,9,-102.97,7.14,0x8ae6c7f05b3f72dfcc4a77ab5016133b34814aa765d09eddc2c289c26f2d7405cbd1c894207042793e9f481f6f2c28e547dd4c30,52,868,7,125,4/5,0
HWS-003-BACS,2,60,BACS,limo02,1784111358456323277,1784111834988258033,0,0,476531934756,8,-84.03,14.57,0xf85b037cd7ee88a4719744e6ea6c61900ef61af0a6ea35416380f439042e10e5bab3dd6d3ccea3877e13aee3a85408e47ac0f2e0,52,868,7,125,4/5,0
HWS-003-BACS,2,61,BACS,limo01,1784111359222494535,1784111529596795321,0,0,170374300786,6,-90.17,8.21,0x0f01a42a9e1ee675ded5eebffbf49c6fb29767b59491a708b29c5bdccc0ead83689bde281d768df8ade9b7bb8aa1048025e10bcb,52,868,7,125,4/5,0
HWS-003-BACS,2,62,BACS,limo02,1784111363883123754,1784111565143972940,0,0,201260849186,8,-95.30,5.77,0x74a441fea1798ba26d93833a251172b360a67fdb57165a7992230ff216fcd4ae1cadb6d10479da819062b9e442358ddd2fcd99b6,52,868,7,125,4/5,0
HWS-003-BACS,2,63,BACS,limo01,1784111367604191759,1784111648973520468,0,0,281369328709,8,-109.11,-4.28,0x4b2d10ca03dc1bad8ca74bd0e5c4bf60ede063d38cabcbe6cf61376912ba6a85f93fd771cf5cd61069debf5783878b645105ceaf,52,868,7,125,4/5,0
HWS-003-BACS,2,64,BACS,limo01,1784111372027063665,1784111465006062100,0,0,92978998435,5,-89.18,9.79,0x717f60abf865fdc1543c4e19f0c962eae76b3d8a690cae45f79060711e1095906b65e534125418687935f9f42990268d77f3e929,52,868,7,125,4/5,0
HWS-003-BACS,2,65,BACS,limo02,1784111373899215085,1784111536686284332,0,0,162787069247,8,-103.53,-2.49,0x08deb0009a4d1befec6005123b37182e9cc8bdf8498e68c0ee5365b1ce2435b1c348180adfbf3564bfbf592723702c1947d79cad,52,868,7,125,4/5,0
HWS-003-BACS,2,66,BACS,limo01,1784111378908530244,1784111564663779849,0,0,185755249605,0,-80.59,9.89,0x1ee15cb26821e2771aa2ce8104fc8a6c5bf8e7ea990fa99921a828007ace80a39115231538eda91fc7debef454207d24e2d51053,52,868,7,125,4/5,0
HWS-003-BACS,2,67,BACS,limo02,1784111383439666258,1784111623549755194,0,0,240110088936,10,-92.70,1.56,0x644a75022db2e77f0f046e7bd0f3a9ec6e25b571792c57294788f17369ab216da59ed96a744553605e02ae40e015f819c90fa9ef,52,868,7,125,4/5,0
HWS-003-BACS,2,68,BACS,limo02,1784111386801374475,1784111440140156827,0,0,53338782352,3,-97.94,9.78,0x6ac9ebb443e2b5226cbad56c71dc6ca0d488ae0b8cb0cd43925d44d1be632b70ae9f835df26f928b6a331a3bcc987ed17ef4579f,52,868,7,125,4/5,0
HWS-003-BACS,2,69,BACS,limo01,1784111389356310042,1784111538639793038,0,0,149283482996,2,-94.41,5.39,0x4436699f1940a2fd05e749ef37e289d89b6a88055e1d7e1f3a0b43e504819711d2f0cb5790fa650cacbe5097b7b557fee808e19e,52,868,7,125,4/5,0
HWS-003-BACS,2,70,BACS,limo01,1784111394138000998,1784111515670431542,0,0,121532430544,4,-106.06,6.99,0x9f4f41db2e72053d6fabc4d46175f2ee02f697b9dbaf4b397bfd45c8d18d434b3ae4b6af74679f84394061484a40ddcb061bc26b,52,868,7,125,4/5,0
HWS-003-BACS,2,71,BACS,limo01,1784111397299008194,1784111728043154680,1784111728043158858,1784111728217929813,330744146486,2,-93.61,13.84,0x562eb09d619d0971e7ddc95588e6cf58c2b1265c6645e7dd256131a974154877603020b18572d38382f60da8698432c8899dedc8,52,868,7,125,4/5,1
HWS-003-BACS,2,72,BACS,limo01,1784111400613271807,1784111548298116689,0,0,147684844882,7,-95.04,-3.93,0x058c8950bab4c3a2e1a0ac0c6b3ef942cb6869a2b55b62286966138f8beca58b505e6acd43ed295b7043f8f98fc977022dc7edbe,52,868,7,125,4/5,0
HWS-003-BACS,2,73,BACS,limo01,1784111402967612259,1784111686582342705,0,0,283614730446,6,-87.37,9.43,0x1af22d135842c013aea97c636cc985dad1f7251f16e1a8853306f3f07281aca02bc8313fc706b4353c7425933a6abbe2fb0a345c,52,868,7,125,4/5,0
HWS-003-BACS,2,74,BACS,limo01,1784111408589061720,1784111853895284143,0,0,445306222423,2,-85.24,8.58,0x483a0af4a494c49616773a174947dcf4a7e808681d08aa763e74be6d83f94f278c012abaa136f9fd8fa92a7287647a6390f3e3a4,52,868,7,125,4/5,0
HWS-003-BACS,2,75,BACS,limo01,1784111412622355697,1784111598159630599,0,0,185537274902,8,-80.01,12.57,0x7cfa696ca538682f79abd8f61caeb3b0887831c7289574c00376d029b0dc59e8480c150e037b5fd589cdaaea3daf714652efca85,52,868,7,125,4/5,0
HWS-003-BACS,2,76,BACS,limo02,1784111414090272214,1784111716847215085,0,0,302756942871,0,-93.26,9.32,0xa54a4350c7f0865fef41db27a937ce6939814d732e08c7e0f6c0575cffe82a0e6fb92c1c3e24939879565a6ff44acc0313675fb1,52,868,7,125,4/5,0
HWS-003-BACS,2,77,BACS,limo02,1784111419762135638,1784111646878708381,0,0,227116572743,10,-108.12,3.19,0xa3aa595d274cc93d268128491439e5afa3479187f3bb661f34ef1ead9d73833f1f3aefb11e0a13043f96934aefcd8d59f7e99633,52,868,7,125,4/5,0
HWS-003-BACS,2,78,BACS,limo01,1784111421344185914,1784111506461719457,0,0,85117533543,8,-86.06,13.11,0xd6e2ca7659f10b5161e39fc59a8a1c7463801fbda695cf6c5cb36eec5abcc62502dd766efe3b7dad350ec6408a1a2c610eedf002,52,868,7,125,4/5,0
HWS-003-BACS,2,79,BACS,limo02,1784111426455350955,1784111579256223444,0,0,152800872489,5,-102.64,-1.89,0x8918b48fe333c9f5d36458352393cf6e56f811f1f8393b7fd256fef2c5414479dd55384ff128b801616e7912341e19e0b2538365,52,868,7,125,4/5,0
HWS-003-BACS,2,80,BACS,limo02,1784111428691516944,1784111534050902384,1784111534050904387,1784111534220874570,105359385440,7,-86.05,8.89,0x316cabd519a4f20bd941b223aeca3778eca02d2d8d63ef74eb71f932fb1e2b01007ff0b75e1b6de6a27bfd2f4145b692e989b25a,52,868,7,125,4/5,1
HWS-003-BACS,2,81,BACS,limo02,1784111432380968115,1784111661708381908,1784111661708385762,1784111661878818002,229327413793,7,-99.54,3.06,0x826caefb65908ad757e949c616df61d8a25667548edbfb32d81c14098f7727e3999e3ed6753b093fde00ab905098a4b562aef81d,52,868,7,125,4/5,1
HWS-003-BACS,2,82,BACS,limo01,1784111436465423210,1784111549797538229,0,0,113332115019,1,-108.24,13.22,0x7a985a82cc1335affbc47cc6febccbdf391b42b00ba5aac5acb2742c39752bad6f991e2677b80289ffb0c2864a7f0d069d5e3e8f,52,868,7,125,4/5,0
HWS-003-BACS,2,83,BACS,limo02,1784111439545630807,1784111629399947829,0,0,189854317022,10,-85.81,2.93,0xb7729c8e582be06687a4a6f7519c21a614dd15351b179b7e70d2441272a951d0e13c4c8e20239f1521b3d0b3fdbef0beae6060e5,52,868,7,125,4/5,0
HWS-003-BACS,2,84,BACS,limo02,1784111443941255066,1784111673693269141,0,0,229752014075,4,-83.80,6.62,0xd46cc056753fe854b38a1bcdd6e334ade24b590b026e3fde39fbe9981175ca40c7e3f959ea6ff2f5ae83611fef46808098df4ce6,52,868,7,125,4/5,0
HWS-003-BACS,2,85,BACS,limo02,1784111448393463897,1784111615184424333,0,0,166790960436,0,-101.36,11.73,0x04add4fd7661a169672a0d04d68e363edc2c8f1f9ca2f02af914356ad4bae8b0724eb1089fcd848f05139ec1224fd621e4b71e9d,52,868,7,125,4/5,0
HWS-003-BACS,2,86,BACS,limo01,1784111451441313364,1784111563083990235,0,0,111642676871,3,-96.42,3.76,0x556be73d979418662ea360e83a66ec900fa36df101aa74ea9d2268972584d6d34615688f8c64c185da1659dda26f302d45ba9284,52,868,7,125,4/5,0
HWS-003-BACS,2,87,BACS,limo01,1784111452067717872,1784111567595824083,1784111567595828745,1784111567763898015,115528106211,3,-106.34,4.40,0xd0e49975c531e9f7b04d389546bb175c1f4fa65705d3f3ca8424b3445a97c43b02dbc992265f3e84e24868c566f60d6844aa7f29,52,868,7,125,4/5,1
HWS-003-BACS,2,88,BACS,limo01,1784111458033237717,1784111591263965936,0,0,133230728219,4,-97.47,11.90,0xad0fbd31d0a7d213bc4c80962bdf127a71e09f476aae8649fc990af7ec48efa4194c47c8f5737cba3342723c0feba83572b8c816,52,868,7,125,4/5,0
HWS-003-BACS,2,89,BACS,limo02,1784111461829633437,1784111737285538956,0,0,275455905519,0,-99.96,2.72,0x96ededc443bd1d434bef76f7b1b59f3ecc7696bed262cc2b2e461b462f202bae69df9f5454265c12fdbf3e8328f6339d94ae2210,52,868,7,125,4/5,0
HWS-003-BACS,2,90,BACS,limo02,1784111462767000553,1784111655480283059,0,0,192713282506,8,-89.87,6.69,0x71e1b11ca602cbb954db9a1c3ef6923efaa49f63b8856d1fbbacd52f4dd17363a497795abc34b4880e98724003a1e2c028e4dd03,52,868,7,125,4/5,0
HWS-003-BACS,2,91,BACS,limo01,1784111468175824376,1784111687626175549,0,0,219450351173,3,-107.39,-0.07,0x0e84ddc30d16f7e2fe654d5c6a9051e607bb886bccfb2f44ab2a9a68e520e20afe3602903d2665e7e24d78fab39293d292915b20,52,868,7,125,4/5,0
HWS-003-BACS,2,92,BACS,limo01,1784111473359613718,1784111616069625537,0,0,142710011819,9,-104.66,10.70,0xe48fb5e726d0f5ef7dd0d24fcfc729fb3d35fcfca22fc6b60d308e49b8cbfe9119cecd618de3872cb5796f6b09b0b8db33860420,52,868,7,125,4/5,0
HWS-003-BACS,2,93,BACS,limo01,1784111474414615389,1784111680120476421,0,0,205705861032,4,-85.23,2.58,0xa9ee444d8cde126b6776f7c43a99e04f896f55f1284006690f3326b380601495aa9d9e6fce22f7d68c3b6396cf294a2f5262fa82,52,868,7,125,4/5,0
HWS-003-BACS,2,94,BACS,limo02,1784111476773628801,1784111557324791608,0,0,80551162807,1,-99.94,10.93,0x5495713f564954b136b1dd26be49d766ba277162cf276e468c85ddd128b511346226c70a6eb325c831fb6dba5752bfe014d09364,52,868,7,125,4/5,0
HWS-003-BACS,2,95,BACS,limo01,1784111480993954898,1784111571756670538,0,0,90762715640,6,-104.59,-1.63,0x5f31c427c603f4005fed74afa715f0c81372bb46250e1d836c54772dc1c382d66149d6791effffab20aba3dc2fbce8750e798240,52,868,7,125,4/5,0
HWS-003-BACS,2,96,BACS,limo01,1784111484810677825,1784111590576884595,0,0,105766206770,3,-85.21,0.21,0x1b3243ad0be259b1c1b9c6abfef9353c902fdea6bdda87494107394bdcd2b468acbd3f1883ceff305064126643a75c3575b6b5f5,52,868,7,125,4/5,0
HWS-003-BACS,2,97,BACS,limo02,1784111490219598726,1784111721779238901,0,0,231559640175,0,-83.77,14.61,0xd57d1d9bce18b6609abbbdf27e6c88cb5055503c7dbb3b1297dc1d67e36a51c21b6917f3e9f66a979d50031bdf76ea3b0944a489,52,868,7,125,4/5,0
HWS-003-BACS,2,98,BACS,limo02,1784111491671283381,1784111609746269092,1784111609746271162,1784111609919249091,118074985711,4,-83.66,-1.79,0x14b68fcaf5af5c1cbb953d163385fe5234bc7b10644d92189bf7486d8800a4d5721d79f03db3fcc73bfabf66746c9dad7bf46662,52,868,7,125,4/5,1
HWS-003-BACS,2,99,BACS,limo01,1784111496048670593,1784111842159151393,0,0,346110480800,6,-92.99,5.78,0xbd2f603e443b8c9bc13ac8970de646fad4ea17e7d6049fb49e9589325c51c986e9a9935e98c7865f8a7cb63b43b2846483f538c8,52,868,7,125,4/5,0
HWS-003-BACS,2,100,BACS,limo02,1784111500910653842,1784111618856695206,0,0,117946041364,5,-93.63,-3.57,0x4df99bdeb75eac4dcf00de66dfd07c48ade1ee954c022107be4717c576b49b59434fccddc80b961e59ed406c85cb6e1f4e1533af,52,868,7,125,4/5,0
HWS-003-BACS,2,101,BACS,limo01,1784111503741492143,1784111767636064287,0,0,263894572144,10,-99.07,4.91,0x44dea430da75c706a56e2260a0bbe6afcfa8070d75478d5b2a53f0e74cfed441aeba067dc4d991dfd839192753f7fe981c79cfd5,52,868,7,125,4/5,0
HWS-003-BACS,2,102,BACS,limo02,1784111505993904474,1784111745635574041,0,0,239641669567,4,-82.44,2.35,0x63dcfcdc676d7c5e9bc59c1248812103689e8ff75439adf989c3ef58f4ddf5022f3505b0b07fbd18989e6fb6898d85a36b4c96ea,52,868,7,125,4/5,0
HWS-003-BACS,2,103,BACS,limo02,1784111509557659700,1784111616797893798,0,0,107240234098,3,-94.11,-1.69,0xd7688ccf403f447b065acd584b8d611fce73019c33615fac41ada46e16f50fa269ddba4f166619c4e10d694703e35885f0044047,52,868,7,125,4/5,0
HWS-003-BACS,2,104,BACS,limo01,1784111516186091958,1784111677487791601,0,0,161301699643,5,-90.19,11.78,0xdbd3e4f0fd8f8c6a8ccab7c68afa72e46f449ca6db86fd0154078cf1c00cfc2ae63d56048157302d47e6d52b9357bd8bb8c57fda,52,868,7,125,4/5,0
HWS-003-BACS,2,105,BACS,limo01,1784111516213662171,1784111659133283393,0,0,142919621222,9,-81.05,3.98,0x87790244211697204d1acde11380c3e4294dc4aa50a3e5e7b0d5571c01e4a52af56685dff92c6128cdccc98b5e5d6a1ddc26c43d,52,868,7,125,4/5,0
HWS-003-BACS,2,106,BACS,limo01,1784111523402726235,1784111862028542553,0,0,338625816318,6,-93.40,7.50,0x887c57a1a6526faf986ec6ac047b40177423e6beae22293a17cf37eead2082ea268c3415dd3503b4122ecb0e086dfb820dfe5453,52,868,7,125,4/5,0
HWS-003-BACS,2,107,BACS,limo02,1784111525072651239,1784111794983177802,0,0,269910526563,1,-88.38,-2.75,0x2600574df33e840235afebce1e1db648c1da19d25a6b8d3a212504282494b47ecf915ea1d58885d38af396ac2de0886fd93a138d,52,868,7,125,4/5,0
HWS-003-BACS,2,108,BACS,limo02,1784111529248266840,1784111840388867294,0,0,311140600454,8,-97.56,0.42,0x224e86475f947130a1a1a11247536384681bdd3c058fa885a6b3e61ab7959db2aabb1723f4b82b2f9af4bc4b59265b59281f8ea2,52,868,7,125,4/5,0
HWS-003-BACS,2,109,BACS,limo01,1784111531789021412,1784111672610838207,0,0,140821816795,0,-99.63,8.86,0xed936b6e653bb7525c0c23342ff4597accc2d33b52f7a606ee8d136af266642f59618bae2bdba856d17e2a7ce0d73a5e2364e0fc,52,868,7,125,4/5,0
HWS-003-BACS,2,110,BACS,limo01,1784111535409409155,1784111622284680299,1784111622284683676,1784111622450284202,86875271144,3,-91.72,10.54,0x499529d4b46c34c4ddc47868d2e1ba3a5a2d2c8bcab709bd6e0bb60d243cd6e7f5b26b59ac72c5ce0c2122c7a1dbf21d7ca1c186,52,868,7,125,4/5,1
HWS-003-BACS,2,111,BACS,limo01,1784111538098627527,1784111686558155202,0,0,148459527675,6,-81.79,1.48,0xd863a5d2ca60f59153c79c700ce364c0be1d3a6f26e68dce6bd943be10b1666f73170b2beec4a98a5b35ccf380a1e89b3a62296e,52,868,7,125,4/5,0
HWS-003-BACS,2,112,BACS,limo02,1784111541714583115,1784111713395316472,0,0,171680733357,10,-99.56,6.87,0xe3c0536832b1e223698a997c6680f9fcd3877fd891170568f28d125055d780168c8422aca579e9d0379291d0f3a0310250a56643,52,868,7,125,4/5,0
HWS-003-BACS,2,113,BACS,limo01,1784111547571126664,1784111804114781045,0,0,256543654381,0,-80.84,7.51,0x59cb735e7e0087b5f768d24a3605a451041a08c8759a6cd2e04cf636324214f6e65a34b56c0dd87ba42fa1ded19e3e93be66ebd3,52,868,7,125,4/5,0
HWS-003-BACS,2,114,BACS,limo02,1784111549050399790,1784111724588660843,0,0,175538261053,0,-96.67,6.66,0xac68d2b3026168c3296acf9bfcc840ef7f57666781ee5f6fcc1aba28f59c2fcbced0babc9438212ce76c38f1ea941191c29b78f0,52,868,7,125,4/5,0
HWS-003-BACS,2,115,BACS,limo01,1784111554641556914,1784111721988614221,0,0,167347057307,2,-108.56,-4.98,0xbd9722f4595455f75c15c8255489744db635496da083aa8c0a2cddb152f7f3b8fae79197196818a827c293e05797413e4a923577,52,868,7,125,4/5,0
HWS-003-BACS,2,116,BACS,limo02,1784111557223493958,1784111755827722840,0,0,198604228882,3,-85.71,4.23,0x3bca1ae7ac539b7a4f6adcf6ef4da981f4a4ff4341ec1a5f6f94aa4d7356687a4259accbe902e6c0cb3ee1d0479020bdc5f0ea70,52,868,7,125,4/5,0
HWS-003-BACS,2,117,BACS,limo02,1784111560582455566,1784111942518858199,0,0,381936402633,1,-94.57,12.87,0xa786ac189e66d628499c3529ee21166c7dc81d121b71a125f0c9f5bce4aac5aa62619f25a0cbdd54d248dc6933e255717b01499b,52,868,7,125,4/5,0
HWS-003-BACS,2,118,BACS,limo01,1784111563878974356,1784111857797501217,0,0,293918526861,10,-107.92,-4.84,0xa11f840355d133d94fc703a08a4bff419e14cbdc382f420f4a88822d6f6ac60bc8b861f12ba4793ff933e8a75f53b611fb0cfa93,52,868,7,125,4/5,0
HWS-003-BACS,2,119,BACS,limo01,1784111568943220466,1784111689797132995,0,0,120853912529,5,-87.83,3.06,0xab3387752a0560d0a6f62d3b994e32ae47ab6265e15bd770473f8f6300adce9129ae91b753e20c98934976bea9a2909434a17fe3,52,868,7,125,4/5,0
HWS-003-BACS,2,120,BACS,limo02,1784111570017897538,1784111695443622746,0,0,125425725208,3,-90.30,-1.31,0x6a663cebf09665a6dee5908d7bb942cc8e74982068448232ab57b0e47244c46ef270c6e24e432bd7c95446f139d6f3c46bd75fca,52,868,7,125,4/5,0
HWS-003-BACS,2,121,BACS,limo01,1784111577147604728,1784111697527717325,0,0,120380112597,9,-96.94,13.77,0xf919ddf9f887b106a791df13263bb39ce36174cf3507c26b08a8dd37ed4f3734a061f7877a8feda0e543823ff1a9a37eb158e3df,52,868,7,125,4/5,0
HWS-003-BACS,2,122,BACS,limo01,1784111579311226574,1784111763475551361,0,0,184164324787,1,-109.35,9.30,0x09a267e6544991ef91a3f308437313d3feba29fb027c3eec03d111348333847dbe1b607d60636c28d8d0cd50b8d6cb3cc08997a6,52,868,7,125,4/5,0
HWS-003-BACS,2,123,BACS,limo01,1784111582047513655,1784111706138681425,0,0,124091167770,1,-94.44,12.80,0xd943afe95a90bd1bbd70f1e4749d7c4ea6662b0306176f06095eb2c07ac376179f4e378c793c65f374ec394e45f59757e30c5906,52,868,7,125,4/5,0
HWS-003-BACS,2,124,BACS,limo01,1784111587906031047,1784111725853725888,0,0,137947694841,2,-101.52,13.37,0x37f9d3f67875d8fcdb9b6a6b8e2f269fa8741a0ac2d5dab0922c6a41a3ce0b2d71da66169053b8241e65f0419d5d690166e2223c,52,868,7,125,4/5,0
HWS-003-BACS,2,125,BACS,limo02,1784111589635192707,1784111711913461729,1784111711913465501,1784111712078570701,122278269022,6,-87.26,5.54,0x2835182a6f5174f001a6380b09ca8e0ccb3bc735bcbedd6dd3dea651cd440cfa4ebc7f61c7a5e4801fc15d3c8fb385194dddfeed,52,868,7,125,4/5,1
HWS-003-BACS,2,126,BACS,limo01,1784111594376351553,1784111662639142689,0,0,68262791136,1,-98.87,-3.58,0xe57430d5a9911b4efb5ab3cbc2c117f07ae73ad81e3e9e1ab9e8f5d9a9581638204f9f103ddd32e707e9a322e10d03a5985ca6da,52,868,7,125,4/5,0
HWS-003-BACS,2,127,BACS,limo01,1784111596865456175,1784111718858396464,0,0,121992940289,9,-83.64,1.22,0x0b8d58a97af43bfc068ab5d50e988001ae266d3a681c0aed9cf1efe7656111dd170b1110fd9aa9203ff43bd35c0ac7f5d28f22dd,52,868,7,125,4/5,0
HWS-003-BACS,2,128,BACS,limo01,1784111598682093826,1784111779662512693,0,0,180980418867,4,-99.45,2.71,0x6c7a3cbefba544ea96ffe866469c17067d05c902ea156e802fe0f47b1cd95a2092c51635c68020947a03e8cb9a2877016ba06da4,52,868,7,125,4/5,0
HWS-003-BACS,2,129,BACS,limo02,1784111603864843253,1784111862994099608,0,0,259129256355,4,-103.96,3.06,0x0b0575eeb94d5949e8445ec89a9d0c739f1c907f45d061dd4d76fd4073e1cd38068731f2eb0b555e95b04f0b6c900ac9071c8823,52,868,7,125,4/5,0
HWS-003-BACS,2,130,BACS,limo02,1784111609503186471,1784111777513930159,0,0,168010743688,5,-98.58,6.48,0x63b6e5351b09ad0902c7cbb85a42def9921e336af3f6927f4be33e46d172e77e52dfd20f4e02c2083e635b2cc5728715c70c8b43,52,868,7,125,4/5,0
HWS-003-BACS,2,131,BACS,limo02,1784111612794149510,1784111772843169040,0,0,160049019530,0,-91.21,-3.76,0x9bbea60246102881c2046c95185f510f01a2ad5979ba5fdd0e5eb1e8ffd147b9bbe7609c1c545d6b1b8a63560ef7aa8770e772af,52,868,7,125,4/5,0
HWS-003-BACS,2,132,BACS,limo01,1784111616489094240,1784111693118199322,1784111693118204044,1784111693292275232,76629105082,9,-91.94,-2.21,0xe4c1619909e5c24414806a4822bd19702baa395049c822adecf9325e10d0391c93c00764b87e937567aef68285f7f1ab17a2af19,52,868,7,125,4/5,1
HWS-003-BACS,2,133,BACS,limo02,1784111617154081645,1784111773403203740,0,0,156249122095,3,-100.45,3.53,0x185b141c8262668be41e80165a76a9053bf671f2f9d6e966cc5cf8a08fda841dfbb53937c079cdac0db743e9b832c8c3151c24f3,52,868,7,125,4/5,0
HWS-003-BACS,2,134,BACS,limo02,1784111620283917362,1784111761262761914,0,0,140978844552,10,-93.63,9.19,0x06a23f6cdec8e8d9e9065e836dc3ad3e1498be3c042d0786e16a34ed3e845780c00c324c27e4f027da5ede167a8194dfd723b7f6,52,868,7,125,4/5,0
HWS-003-BACS,2,135,BACS,limo01,1784111625638045318,1784111700865444551,0,0,75227399233,3,-105.34,-1.04,0x2c83c881323223af8165a303f4d2cff0a7bc6283a3885fb3c02c5b1bcd3662afcb1d0b06d3434ff445487206283a175098e07b84,52,868,7,125,4/5,0
HWS-003-BACS,2,136,BACS,limo01,1784111629128100963,1784111844586710976,0,0,215458610013,7,-99.11,1.94,0xb155b5e035879ed61873f0a36562c4ca6f7fa5d5285f81c5294db0acc5d0eab5b9f82c85dbafc0fd308f62b44453b40b9da13991,52,868,7,125,4/5,0
HWS-003-BACS,2,137,BACS,limo02,1784111632477731304,1784111779051641840,0,0,146573910536,7,-83.96,14.95,0xc3e128149176bc408a7655b633c0893f181702b243b11a9eeaf6c77f9d3a2446cf03a8e52d41f75da1b12b1c5a4d77141237544c,52,868,7,125,4/5,0
HWS-003-BACS,2,138,BACS,limo02,1784111636612565842,1784111853405630097,0,0,216793064255,3,-87.77,14.36,0x55ca14cdfdf6354b6b018969e3de6b378f471815ade2ce2dbd305daa3b5b2905d09e8c7269b929487508e1dac31c24fde5ea301d,52,868,7,125,4/5,0
HWS-003-BACS,2,139,BACS,limo02,1784111641658600097,1784111750162277556,0,0,108503677459,3,-101.25,-1.57,0xa4ebbad99bfd9d6b4801668f986b867bca79b5eb3d4928eab5b7a550ea4da440a985b7913eb37664da1a37d34590468211360470,52,868,7,125,4/5,0
HWS-003-BACS,2,140,BACS,limo02,1784111641944981215,1784112060999486529,0,0,419054505314,2,-85.50,-1.50,0x3e8a67590fc2bc0b258a67e0be33cc1ceadcbff027a7add31e95d7c2012aee0f4b95e66ec3d9093336be5808ecbe30661ddeeedd,52,868,7,125,4/5,0
HWS-003-BACS,2,141,BACS,limo01,1784111647134070454,1784111787201535375,0,0,140067464921,1,-102.91,4.52,0x4950ed842cbba2e1a35e768cb0fdb12e1b0583de2ff509b0ea4d2c5d4a9843ce067e3b7a7a4b77a5e4aa9fc28603a6f099bca526,52,868,7,125,4/5,0
HWS-003-BACS,2,142,BACS,limo01,1784111649284393122,1784111738675603123,0,0,89391210001,10,-103.64,10.93,0x18d9b91440d083f356fd09f08cc8a667aa207b191bb217cd65d2dbf68b4bebefb9167cef7e65fc5afd7b4cac5a72bf65969e2e2f,52,868,7,125,4/5,0
HWS-003-BACS,2,143,BACS,limo02,1784111654710743741,1784111823713979942,0,0,169003236201,7,-99.58,2.19,0x6ae5633e6d9de73f951c20caaa8af3fef5814c53e79c48383b6e1c8983ba86d956a3e36b0fa34b89f1bfe5715fabdd3e2d493451,52,868,7,125,4/5,0
HWS-003-BACS,2,144,BACS,limo02,1784111656715646973,1784111808766389729,0,0,152050742756,2,-85.59,0.14,0xb00aab0b7a806ed33a74f4545707a0fddad185f2869216ad16026798fa2c245d97fc332a947ca51ed4054b84d841916d6630433c,52,868,7,125,4/5,0
HWS-003-BACS,2,145,BACS,limo01,1784111661207624375,1784111862405639803,0,0,201198015428,6,-92.88,5.92,0x3678b9bb6df069b59c6a7ec152d25ffadb9eeb8ebbdf4c31826aaccc62679b43909e6221441c052c11a3c48c1c12764a0deeb9f6,52,868,7,125,4/5,0
HWS-003-BACS,2,146,BACS,limo01,1784111665759333001,1784111771642510267,0,0,105883177266,6,-88.41,10.22,0x591fce2e1c2be54ce341b6a47a8f13c46dce879b05afce68dc7f7056a6d443489325eb442ef9849b8edad3e4be7f75512c66998e,52,868,7,125,4/5,0
HWS-003-BACS,2,147,BACS,limo02,1784111669715125094,1784111750315163812,0,0,80600038718,2,-104.05,7.73,0x62fc43005451c3b69aac1116f8181cffa83e733038a1ea019f3a7c184ce6a0e7d76e4f24b3b8d1be7684ac94893ebd23a50563be,52,868,7,125,4/5,0
HWS-003-BACS,2,148,BACS,limo01,1784111671101503299,1784111889563329269,0,0,218461825970,6,-94.06,7.73,0xb8487bd05f1471460cfa36d08caa3f5d8e3758de82c71aff3352439da5b9d33ea1a72295016794685d271956b29ed3b82a7c8de4,52,868,7,125,4/5,0
HWS-003-BACS,2,149,BACS,limo01,1784111674518596503,1784111744323776921,0,0,69805180418,6,-100.84,9.43,0x2bf3e086aa9b8d9029087fc2bf391e16e76cea9144bf977da993c0d4cc9f92c75404c651c7ef9294be8f6754f8c16f3158ddbace,52,868,7,125,4/5,0
HWS-003-BACS,2,150,BACS,limo02,1784111680448064859,1784111848495162583,0,0,168047097724,0,-97.61,1.63,0x3869455609efcb8fa360fc3077477102dd876d8897f48af4a1f9b5eea3dfcd5df9795d50054fcc6bf0c68ba98c2c8b8018fc75a9,52,868,7,125,4/5,0
HWS-003-BACS,2,151,BACS,limo01,1784111683590522454,1784111850731073980,0,0,167140551526,0,-108.91,11.83,0x5f4fde85e01c4edc1f4ec7047ffe9484c57549aae69833bd295362d9c207d7e2ee912c45f8bf04790ffd1e8fd43a04ae6900df39,52,868,7,125,4/5,0
HWS-003-BACS,2,152,BACS,limo02,1784111685818288621,1784111785001051846,0,0,99182763225,0,-105.15,13.90,0x6247fc03d5c3773077a750f31fa98c029f953ec49cc08bdbe8143e4c63d426b52362463a0eaed7fba2570dca1ae63a33fdc3676e,52,868,7,125,4/5,0
HWS-003-BACS,2,153,BACS,limo02,1784111691489153711,1784111822261958927,0,0,130772805216,10,-89.79,11.98,0xf84a064002ded5aba55ad66be142867aefb813526cfc0e187f9bdcb2f198b0b94ad25606302ec8da1b1600156424e1516a8390cf,52,868,7,125,4/5,0
HWS-003-BACS,2,154,BACS,limo01,1784111695011708104,1784111859849452698,0,0,164837744594,9,-104.69,-0.58,0xeb3fa26701fc81e64528257bc7bd21d71f118d0c9ca242245b5896cc8a332c89312826cc7edb38d95d7834b795398403f9d6609a,52,868,7,125,4/5,0
HWS-003-BACS,2,155,BACS,limo01,1784111698495809859,1784111815652645637,0,0,117156835778,6,-92.48,4.03,0xd0a70056d98497d34e8935ec45f86f6d5105f8baa8aa294e3ff6ed180583d4ce9a0b2c4070285dd1a8947afe658b240c2a434b68,52,868,7,125,4/5,0
HWS-003-BACS,2,156,BACS,limo02,1784111701225933031,1784111776347213065,1784111776347215285,1784111776515682315,75121280034,4,-102.22,12.16,0x9f03a449a4a176978afac6cc2d0189a8021a0583a5b4efe56953118adf56f79a25bb8f99fe7211c38b57a01afd9441c15e6bb02b,52,868,7,125,4/5,1
HWS-003-BACS,2,157,BACS,limo02,1784111706133186429,1784111888478750815,0,0,182345564386,0,-100.13,0.43,0x09e94138309ba7b7def8ce3174022aeb63240b423594f95b25afc9917874f6743606988265ae2723c05283be092ba192f3510e06,52,868,7,125,4/5,0
HWS-003-BACS,2,158,BACS,limo02,1784111708456187343,1784111818859213264,0,0,110403025921,0,-97.16,6.86,0x05d44081d774bd47fa8f52269c0fac972558c719e1def7cfc31ffb4225680b9df51398594d8c544524a805657ac592f4965a6326,52,868,7,125,4/5,0
HWS-003-BACS,2,159,BACS,limo02,1784111711103020812,1784111853882114572,0,0,142779093760,10,-98.66,14.95,0x52ad56351402082399304df9d9090abba264e90d42f11192d01e28a4503eaaa16454605f7ab32ff9632a70b938e09e2b945ded8c,52,868,7,125,4/5,0
HWS-003-BACS,2,160,BACS,limo01,1784111713494196187,1784111842727747074,0,0,129233550887,10,-91.16,7.65,0x36a29cb7676cbe95ccc3dc8c73c77c02ab4f733d0f677c60a79e1e6630076171046f66f6e17f1f22381cc79dbacafc2668fc2cc5,52,868,7,125,4/5,0
HWS-003-BACS,2,161,BACS,limo02,1784111718136508001,1784111832134440816,0,0,113997932815,10,-95.05,5.68,0x245d942eaef07de205baf62fc593df052ef02f290a4d6f2a07e73f3e476fd710e0ec826bf50697447768cfa02793d40d8fcc77c4,52,868,7,125,4/5,0
HWS-003-BACS,2,162,BACS,limo01,1784111723847535772,1784112017208734862,0,0,293361199090,3,-81.29,13.02,0x41589564e6fce5696346a12c7e72f87e34582ae5ab9e993f5ba9f7d1f1725474c401a1395f3fcf7f39c68bac82b5a9460310d01c,52,868,7,125,4/5,0
HWS-003-BACS,2,163,BACS,limo01,1784111725448111137,1784111811619543750,0,0,86171432613,4,-95.03,3.81,0xcd7a73e9c6401bd84b302139dd7e5b458bb3ab06b3820840b68e892c24ef192cca7c984780f199ab5cb43762c958fc3fb411251b,52,868,7,125,4/5,0
HWS-003-BACS,2,164,BACS,limo02,1784111727854054317,1784111847922697564,0,0,120068643247,4,-95.09,6.03,0x825e5b2122bf021598b507fcda600a5466d0d883b6929d53c7109008b62d7f3e892d7bbddbf25ef64e56a0f1cfff8bdd44f60d7c,52,868,7,125,4/5,0
HWS-003-BACS,2,165,BACS,limo01,1784111733029092508,1784111823838015891,0,0,90808923383,5,-106.63,7.35,0xee85d227d3f0d83cd56e2cb4b157943adb8f56c1267015f9b612d6ecc4d6553c83322d57a710e8942c1e9a21b6859a495a5b1666,52,868,7,125,4/5,0
HWS-003-BACS,2,166,BACS,limo01,1784111738145843753,1784111897919186088,0,0,159773342335,8,-96.94,-2.57,0x75751927aeba0db1ab5a6f0457a35f9719d22ea3419066dedbdda221d04f1c7cdfccfefc59047c7a9cb31220f068dc42c066754b,52,868,7,125,4/5,0
HWS-003-BACS,2,167,BACS,limo01,1784111738281821035,1784111848459032835,0,0,110177211800,2,-80.96,5.05,0x43549f8dda36f0499bcd8f57d95a549bf7b0e090185c7368584d75f2eb2af4bc4b3f7a744c236c5a853bcdf0c85dd6a0251e1786,52,868,7,125,4/5,0
HWS-003-BACS,2,168,BACS,limo02,1784111741792839190,1784111833081397671,0,0,91288558481,1,-104.28,4.81,0x7c856e17cbdafd4010f1d14d3dbc772a7c5b7f43dc65c734c77b248b7834de765cb87f3302e6599e779784805f449d7859512da3,52,868,7,125,4/5,0
HWS-003-BACS,2,169,BACS,limo01,1784111748605003464,1784111824238571071,0,0,75633567607,4,-81.37,-1.82,0x3d4a6256a82362b9beb2611ada600c483082db339492ee7b5bdf62030e4ff7d80d44be4f8d64efed95c9c088b10ae899a49d40b6,52,868,7,125,4/5,0
HWS-003-BACS,2,170,BACS,limo01,1784111749700338888,1784111905739433667,0,0,156039094779,2,-99.99,1.02,0xc15863f7f10b63feffe7d1d41631a89191178d7fb147a2c6faba209d457f184c35ab2f6ff5569c76b9b4800160cc3a73630e99a7,52,868,7,125,4/5,0
HWS-003-BACS,2,171,BACS,limo01,1784111754862869722,1784112003063858467,0,0,248200988745,6,-80.94,3.83,0x3df0ce1568d4ce17da10840b626b28f000ae26d554f359aacc8bced19933204004378b3047a3f4d42b22a59c2e474810382353d9,52,868,7,125,4/5,0
HWS-003-BACS,2,172,BACS,limo01,1784111758092777633,1784111870254211211,0,0,112161433578,9,-101.98,3.71,0x6d879776fedcaef7d0e81eeddbd2a0eeb19b1e6105746ec79f23187798080dee6edfa999ca050f3c327f1523df877c0b24259889,52,868,7,125,4/5,0
HWS-003-BACS,2,173,BACS,limo01,1784111763367069156,1784112013841735915,0,0,250474666759,0,-105.28,9.95,0x51130645e64082269cd901f08c1baa7d05fcfa7686c2c6bc145c2a3ee1d019b3106c6e38e744afb8ce32525fb99a30d3ee275414,52,868,7,125,4/5,0
HWS-003-BACS,2,174,BACS,limo01,1784111764214723750,1784111975171666643,0,0,210956942893,5,-92.14,7.03,0xc8b6817f45f5c17225968320cfccba0b852c0e01e6d8e995265817e7acefe761fd6c0fd5579da8e0e75573a6d02e68eff32bb7fd,52,868,7,125,4/5,0
HWS-003-BACS,2,175,BACS,limo01,1784111769394456687,1784111961369457065,0,0,191975000378,9,-90.67,-4.86,0xa4718c1bb7238ad78440b9d501b28fa0ce1e2a55dd77b5e41cdf35d3afea4fe1fc153ae3a49005e48b82dac96dada478e889e00d,52,868,7,125,4/5,0
HWS-003-BACS,2,176,BACS,limo02,1784111774397047642,1784111883513384308,0,0,109116336666,6,-91.96,12.83,0x3866001388ab88d1ae7ff72d56ea5862c336388498173abe1fb1253a9a9510a4ad5bab3449410e27a8d6de3597d2bac6a494920a,52,868,7,125,4/5,0
HWS-003-BACS,2,177,BACS,limo02,1784111777268940658,1784111924924640920,0,0,147655700262,0,-91.92,-2.59,0xb8dfc881e73586ff20e3e79e445638e0763dffccdd88e045d3f03b20a95678532d5f788eb46107973aae5be9be0a51b6528bd8bd,52,868,7,125,4/5,0
HWS-003-BACS,2,178,BACS,limo02,1784111779935690491,1784111952728765836,0,0,172793075345,9,-82.90,0.26,0x8e0e7189e2d3e60439b1c161ea3acb8c5e45668ee33290e9c26ed5a454d937f9ae35d5e86ef68975738225a83fa0cfe0274f7dc6,52,868,7,125,4/5,0
HWS-003-BACS,2,179,BACS,limo02,1784111781448518421,1784111936800879272,0,0,155352360851,9,-84.51,-2.86,0x33ded93ca42beb758cc24cee02646ecfa6adde58439a2e8a432db9ae38fb1e7c6ac4e82f70c89bda9f10af38215b236ddad44a2e,52,868,7,125,4/5,0
HWS-003-BACS,2,180,BACS,limo01,1784111785961199918,1784112021490733194,0,0,235529533276,1,-102.48,13.29,0x0f246db88c2dabcd1f493dcd1b72c424d37e885a3185f4b9e7f36ae739f28349628ae6fc5e4bf601be718d3b41ff319386e912c5,52,868,7,125,4/5,0
HWS-003-BACS,2,181,BACS,limo02,1784111789061245340,1784111866995448835,0,0,77934203495,9,-90.92,11.57,0x11fa95198b3f826bd5a04788a964bc35284a565defcd436168f36f8f3e35114b3ce7cc8d620849bc3d08c0a13e2e0140b6bae292,52,868,7,125,4/5,0
HWS-003-BACS,2,182,BACS,limo02,1784111795900045532,1784111919671402315,0,0,123771356783,5,-99.48,-2.23,0x220082cbf682e0ff1334ce7ea33d5d1b158ac201434e00e0067ba2c5bc31f2b9ed3230602669c52b22e6223a06e94e16026d5404,52,868,7,125,4/5,0
HWS-003-BACS,2,183,BACS,limo02,1784111798505319243,1784111909665943053,0,0,111160623810,1,-88.81,0.69,0x0ef475e7b0a33b982d664e091fa52ebfae25915471a9459aaa61ade10b263a23ac74ecff338bef25ec62ace57518fd6c6217da2b,52,868,7,125,4/5,0
HWS-003-BACS,2,184,BACS,limo02,1784111802725529682,1784111921852165274,0,0,119126635592,6,-94.93,3.27,0x17a47dc9c913ac7ac54d5bb6b06e10c8d62bc1076b56707b2fbb2d7b590c3e4e0a21c46a830606cc6d24857f3619a4c00df92437,52,868,7,125,4/5,0
HWS-003-BACS,2,185,BACS,limo02,1784111802940586085,1784111971646952219,0,0,168706366134,2,-82.06,-1.20,0xb6ce21c54fd2495591606e1eb9f8a76127379667b492dfb949cf85bfb9730b232096d76b66931d613ff7fc88409d22b6122abe82,52,868,7,125,4/5,0
HWS-003-BACS,2,186,BACS,limo01,1784111807913863310,1784111964774295480,0,0,156860432170,0,-100.67,6.89,0x212126fdd4953506c75b81880c9010b16a9c9738c5a876b739a73cfb321c0fd642a4d5ecf9ec53e46f70ce4fcd46a9235fe8f674,52,868,7,125,4/5,0
HWS-003-BACS,2,187,BACS,limo02,1784111812015148877,1784111887264138780,0,0,75248989903,2,-95.18,11.98,0xd5772ea2b83f937a65e7575065434e0b58ebfdd56174ce61a24892faf3dc78baf3fed18b96b04beef66082e87963cf04d3fc0806,52,868,7,125,4/5,0
HWS-003-BACS,2,188,BACS,limo02,1784111815714635420,1784111939910226359,0,0,124195590939,0,-81.57,-2.46,0xf50b8de81f46fce387520f5bb473c0207a10d0db5250a55113bd89d520de98bba0a38ab6176cee50348448e8b02f134e149e5123,52,868,7,125,4/5,0
HWS-003-BACS,2,189,BACS,limo01,1784111819104262447,1784111884181733407,0,0,65077470960,6,-97.25,0.38,0x6043e9bc37c8eeb184644f9f86ee43c35253538a79e64ea2a06700331d2058b08455a946adcab50b1f0a5939755361503da9e0dc,52,868,7,125,4/5,0
HWS-003-BACS,2,190,BACS,limo02,1784111820793376054,1784111939435069822,0,0,118641693768,3,-97.23,-2.01,0x6db3346ef1bedc781b05fc0ab281e60f8bd704843bbccdca0b5adffcffc5ed1df0136323463e46423a4f8f998b3de6555b0e9a36,52,868,7,125,4/5,0
HWS-003-BACS,2,191,BACS,limo02,1784111826098961525,1784112031117073699,0,0,205018112174,6,-107.23,8.53,0x3134a5ec20dc351a20fe369432c637e5b38e85de8edaef31b53ad3e2a3655180eaa200a36a207e6eca7a2a654098c0ff7374d80f,52,868,7,125,4/5,0
HWS-003-BACS,2,192,BACS,limo02,1784111828652898879,1784111952682741332,0,0,124029842453,10,-82.61,14.32,0x4311eb23952ee5acb6bb38dd39152bf444eb2c34a60e42ead7ca8524d704a6aede96179e55c3db584bc6da8c95fce5967e434621,52,868,7,125,4/5,0
HWS-003-BACS,2,193,BACS,limo02,1784111833218195655,1784111977069888005,0,0,143851692350,4,-80.14,-2.85,0x4865308ff3d7dc45d6ee2fe4e5d588b422f5ee73bb117bba8a1bc5320f21e7803afc62c42df73418ce54e9b80c5c3e9da53ac6e6,52,868,7,125,4/5,0
HWS-003-BACS,2,194,BACS,limo02,1784111838465072616,1784111918336798655,0,0,79871726039,1,-94.69,-2.33,0x8678974c06b4c51ed82c878ba46c5533508f6bce1df9c4447fbc91b396b2b814968775e913b0e2e89efab577e0ac7a5f4141b2a5,52,868,7,125,4/5,0
HWS-003-BACS,2,195,BACS,limo02,1784111838750500017,1784111929010546698,1784111929010550301,1784111929179138966,90260046681,2,-92.55,8.15,0xdd5ea6fcd3f07046c0cd6c9e7a9b869e5574b2de747b9f8dbc8a0510588b2b77da3e4e763b9cc93a68fbbe88ac48e00d5d17a5b6,52,868,7,125,4/5,1
HWS-003-BACS,2,196,BACS,limo01,1784111843236838987,1784112032123717761,0,0,188886878774,4,-85.79,-1.48,0x4a0634c90f615813c5d7b535b0c53f22d77c2960aa1e1c812654340ff7aeb1633da12e52ca69f478e820351d82bb8c499c9c785c,52,868,7,125,4/5,0
HWS-003-BACS,2,197,BACS,limo02,1784111847240438769,1784112073503478527,0,0,226263039758,1,-84.43,-1.35,0xca661a70f6c7df6151de978ade667472302116dd912d8c6b023a42631a087734f1eda2977152c58690596620129020dff61e7d27,52,868,7,125,4/5,0
HWS-003-BACS,2,198,BACS,limo01,1784111851081848577,1784112110458338294,0,0,259376489717,10,-91.69,7.58,0xb6ff38857c123c8ded1ad6776e7a2eb2a72fb580954f94d40f65b528bb3e9b81701f2ecca0ddec1c018937c150462e85ccc04f1b,52,868,7,125,4/5,0
HWS-003-BACS,2,199,BACS,limo02,1784111856532773097,1784112044945142686,0,0,188412369589,3,-86.22,12.22,0xfaccf7842f545011f9807564c8b7922b62ae9df52bcee5cf349316bfcd97663d1a11385a877bf9a3a944addee57ead54e4e4d2d8,52,868,7,125,4/5,0
HWS-003-BACS,2,200,BACS,limo02,1784111857296214525,1784111933396788902,0,0,76100574377,4,-103.66,0.32,0xff1d5ebe77339a07c2fca4fdab4daeb304398f8fb77ca2720d772b516a19cce8b48894c7cb0e2fe782235b38079ff5f5ce8e3e73,52,868,7,125,4/5,0
HWS-003-BACS,3,0,BACS,limo01,1784111861171516971,1784112070238668498,0,0,209067151527,10,-81.57,1.66,0xdcb2de6aad405b7c160ac398ae4de2b3a8d738b081eb998e017c0be0259193075d87fb7d23ae9db4f59f53e48839c974ded768d6,52,868,7,125,4/5,0
HWS-003-BACS,3,1,BACS,limo02,1784111864301561388,1784112077281215094,0,0,212979653706,3,-100.80,0.35,0x8acef8f638e7f7b2dba1a679d8fcf52c2b89d4fdc8b9d75413c6a4c25c533dedce6743077e6d658116d6553fd6fd7d63cd1e89e3,52,868,7,125,4/5,0
HWS-003-BACS,3,2,BACS,limo01,1784111869878154644,1784111965177414079,0,0,95299259435,5,-89.15,5.13,0x90c26306cb9c0a847da035c719f207b20eb4c52b2f378c902ad446c285bdc7293703239e3a8aa0901ad4b9c6943206b8426db15c,52,868,7,125,4/5,0
HWS-003-BACS,3,3,BACS,limo02,1784111871117036170,1784111991338913779,0,0,120221877609,5,-83.44,-0.03,0x49b3b17490a858f4d4d755286f42d6d91f01f9089d4d84d0ec9b416ca1d16c38f91407a22767dbf0b3ce811e8312383ae5fc99cc,52,868,7,125,4/5,0
HWS-003-BACS,3,4,BACS,limo02,1784111876611411470,1784112038009939027,0,0,161398527557,9,-85.55,9.06,0xb25cc8df013a15ac4b9af9404b1485563a45229f5bc1257c9ffabf7a820afe0721702677ead1c76bc6d91addea31c0ca02d01eba,52,868,7,125,4/5,0
HWS-003-BACS,3,5,BACS,limo01,1784111878524381800,1784112073264803377,0,0,194740421577,2,-91.65,-4.32,0x765bff29c4774ea6fc03da2f8397f7aa425ec45acadf2e117d3c533a2939bd8d4d8719c79ea483cfa60213ba4985406ffb533615,52,868,7,125,4/5,0
HWS-003-BACS,3,6,BACS,limo02,1784111885020587431,1784112314163327729,0,0,429142740298,7,-97.08,0.39,0x4b204f4a6318bc5574c4142dbdee041d94f2dfbdfa1b4c6fdd9236a6feb690d08a88825164ee4fc30eb4bcb7738022d6e1faf928,52,868,7,125,4/5,0
HWS-003-BACS,3,7,BACS,limo01,1784111888431542365,1784112010875953128,0,0,122444410763,9,-81.69,14.24,0x0c8b36ee0147263015a1f130e06590747cc9e1691ec2980fd960f3c2105fbe4aa794642278b9fba16970abc21592fe4771243678,52,868,7,125,4/5,0
HWS-003-BACS,3,8,BACS,limo01,1784111889928141284,1784112052998771593,0,0,163070630309,6,-106.08,12.90,0x893ce148011e8902012b65875d67a3e662a1a577d05ddc589aa2c4e597e1bf796613da0088dc9493a95bb95258bd9c4d0967fcc9,52,868,7,125,4/5,0
HWS-003-BACS,3,9,BACS,limo01,1784111896105096537,1784112075795826370,0,0,179690729833,6,-88.74,9.42,0x65a999886f8f6b922d3f28563c2338af9072cf1a3e637985803e0f2f83b80ed344ceb1a035b8940cf39df5e248e351df15a676ef,52,868,7,125,4/5,0
HWS-003-BACS,3,10,BACS,limo02,1784111898665643402,1784112054376613860,0,0,155710970458,8,-96.73,9.68,0x96a2be79a7a1ee18ffe1988115721c5d64bf03b7b560aaa28ae10ea3885853167e8f72e0f28d5f2826aa4815bc2cb4b22690cb6b,52,868,7,125,4/5,0
HWS-003-BACS,3,11,BACS,limo02,1784111901771901130,1784112045470032510,0,0,143698131380,0,-90.58,-3.98,0x7f4a682836e57dc076a9e41279a0dec9d773ab5455d658dbaa83c9860642a34b2ccc1f5c37a9a68f9ccc07f683569beca9584761,52,868,7,125,4/5,0
HWS-003-BACS,3,12,BACS,limo01,1784111904978019111,1784112001399322481,0,0,96421303370,4,-101.03,9.26,0x1cb66016184a0f472eb09a0d85aa409559a831044657ba73561800f3801939c69a25ab0954ab4596e88b2a7968580d613aa97719,52,868,7,125,4/5,0
HWS-003-BACS,3,13,BACS,limo01,1784111909381534537,1784111990321092350,0,0,80939557813,6,-80.69,11.17,0x73de71cab9d6081cbb32f4281199b804a4fcd1f7c71151af49764c82917aae3358a87d459abb01271f04cc16d932b9dcc05a25ad,52,868,7,125,4/5,0
HWS-003-BACS,3,14,BACS,limo02,1784111913615512216,1784111995385587036,0,0,81770074820,7,-89.21,2.51,0x1b9e6af36ffc64f25a62146a3830046e6bd44e7044219a8dd05d035fa3d388fdc5ffd0359808e43b103d0cc7fc6186dba2d0e72d,52,868,7,125,4/5,0
HWS-003-BACS,3,15,BACS,limo01,1784111914525768133,1784112099159199301,0,0,184633431168,3,-91.67,6.07,0x1a3ece9462b717917545b3e65b452e9e31b327475844a137db8ad6ded673ce61dbca4a2c9df9371d9b6283d4c10867aebff52281,52,868,7,125,4/5,0
HWS-003-BACS,3,16,BACS,limo01,1784111920719533168,1784111989440206824,0,0,68720673656,4,-94.63,-4.01,0x9ee31f8b651258998e432a37287eb13150f8f94bc55ec76eb431dbccd9ddc5a3d005e4f0cb147b2a64f198cabdf9850fc62a09d1,52,868,7,125,4/5,0
HWS-003-BACS,3,17,BACS,limo02,1784111925133346221,1784112020967753796,1784112020967756912,1784112021135134585,95834407575,10,-85.13,6.04,0x872027a193166bc6858f329f507bc22a4424efee7820aea46c792f4265b2b80cabd4a14df0313c47eb329761fce8ec6e2c3d9e92,52,868,7,125,4/5,1
HWS-003-BACS,3,18,BACS,limo01,1784111925420067532,1784112157102607282,0,0,231682539750,9,-91.67,3.10,0x315594ab43d4bfe53a6c09dc9b5b1ff6941ebb8074d0c9b3432a9e8946406982d5854838f22ba546e4f282f57ab8901899b738fd,52,868,7,125,4/5,0
HWS-003-BACS,3,19,BACS,limo02,1784111929702726895,1784112029802146487,0,0,100099419592,5,-83.78,-4.67,0x47c31990ec861f314669d0ebc1daf63b5c4c2bed6e8d32fcaa3226d31d2987393ab83972a6cd4f8d3c79b0f4d2dfc3e0b9e9e6e7,52,868,7,125,4/5,0
HWS-003-BACS,3,20,BACS,limo02,1784111933294202014,1784112521487069084,0,0,588192867070,0,-102.43,-2.10,0xd8634e164f376ba28b70787d977fd7df4045b053ba2ae2aa46ecf0444367317d7ee05d76c5532e58d2f59cab69f2ac339641b171,52,868,7,125,4/5,0
HWS-003-BACS,3,21,BACS,limo02,1784111937438601590,1784112484329130555,0,0,546890528965,3,-98.25,10.69,0x11bf5a037567a2e7f30030554bf8681eddd3f05c439534bf5a8c1623b10158577d18ecaf750010e70fcc46cefced04423ad2694e,52,868,7,125,4/5,0
HWS-003-BACS,3,22,BACS,limo01,1784111939415691197,1784112077024196877,0,0,137608505680,7,-104.10,14.39,0x1d46522a7cdff9b4e5107097ebc5f1e15c25420758e33ca8e226315aa4a8ce3f98ebc991176daab8042d278b0d07eb4ce4e21e9c,52,868,7,125,4/5,0
HWS-003-BACS,3,23,BACS,limo02,1784111945508210237,1784112044471078644,0,0,98962868407,7,-102.17,11.19,0x52b2938670fe5c123d4d3bc81ef39f7709a6ce177d0b93624b2f612d92466175089c53043c5e1a8cf5c7161d49c0b8072076e77a,52,868,7,125,4/5,0
HWS-003-BACS,3,24,BACS,limo01,1784111947745298883,1784112083898405389,0,0,136153106506,7,-85.08,-3.69,0x3cb774d2e98d2e8e6ce80ded8c3470521c5276f498c5b87196c94913de3300534f888c98b83a79f9d81eb1ac2133029609337791,52,868,7,125,4/5,0
HWS-003-BACS,3,25,BACS,limo02,1784111950496223473,1784112129574071639,0,0,179077848166,6,-83.43,5.62,0x0a9daac3b666c34716945b85299c47735d516cd14d153e30d22680719c92fb84f72e11978f940a16fa24465235b531bae0aaf785,52,868,7,125,4/5,0
HWS-003-BACS,3,26,BACS,limo02,1784111956737906721,1784112169187243478,0,0,212449336757,10,-102.14,14.48,0x38595fa89eaae6673060ada5741fbe8b7abae4dca8ae38f6b0f736eb61a94aa2b589a12615e2844976c41fce95ad60f5c0695c4d,52,868,7,125,4/5,0
HWS-003-BACS,3,27,BACS,limo01,1784111957946580905,1784112085546556610,0,0,127599975705,8,-80.76,2.01,0x5b94a46a62589a3bf8fc5cc1031a8be742a9a0fad0ff0cac15ebf05387ca1333c590255deee865eef99357ec1d425f4b1a4749f1,52,868,7,125,4/5,0
HWS-003-BACS,3,28,BACS,limo01,1784111963412731859,1784112295203446341,0,0,331790714482,2,-88.74,4.34,0xc7364b601f73b252deb2169c244d777ee1f793f0c01107109c299a1bcea42df82a42fcd43d22544ef3dd758cf5cf98eadb4a9c5e,52,868,7,125,4/5,0
HWS-003-BACS,3,29,BACS,limo01,1784111966359346356,1784112099441106604,0,0,133081760248,4,-101.22,1.68,0x22f24f044cab54cc0b62b657efdc24a4e9edb69db130d9d9cfee6600a2695a78a38a65f0a9f6bf3c3d79bf79baa561d659c73339,52,868,7,125,4/5,0
HWS-003-BACS,3,30,BACS,limo02,1784111971427826273,1784112153687728976,0,0,182259902703,3,-90.82,6.81,0xb1ae178e450c2ba30316dfcde4a44962b61bfefaa5748f96239f2fe34cdb89cad8505c75c49c157e3e144e52e73bec9e8088b597,52,868,7,125,4/5,0
HWS-003-BACS,3,31,BACS,limo01,1784111973403073934,1784112573403073934,0,0,600000000000,3,-98.46,12.19,0x87033feff2ae8bd9e1f87e24cc6265851525eb22f38fb80846ea4861622ceec279aee7de062dece525a30554290d1f55c6af3fe0,52,868,7,125,4/5,0
HWS-003-BACS,3,32,BACS,limo01,1784111975285979159,1784112148657925321,0,0,173371946162,7,-82.92,-2.67,0x2213d344f1b8b75c284a11d1e1a2f8bfa9284862aea15cf39419e8594c5c30073fe6fd40264425d62d4513e6e52953ca9a772c57,52,868,7,125,4/5,0
HWS-003-BACS,3,33,BACS,limo01,1784111979182672706,1784112182149365175,0,0,202966692469,8,-102.55,14.21,0x5b33c7110002b62d57c57d139ce1007c7c420883b3e9488a19553599c729556c247173fc6219b6a8e8ae03e01eebc8c0c3a435e9,52,868,7,125,4/5,0
HWS-003-BACS,3,34,BACS,limo01,1784111983551077719,1784112096901672179,0,0,113350594460,1,-96.01,12.89,0x0e5b6912ebc641943b353f1722f0e5e3cf547b01c4987119521362ee0d00ba9e2756f3afdce0a5f6b6398034a9202dc4b5dbc538,52,868,7,125,4/5,0
HWS-003-BACS,3,35,BACS,limo01,1784111989272403166,1784112109485374810,0,0,120212971644,4,-84.97,9.44,0x0439702f5eafe406933dcaa568e002d1f0c5bd951966a77abcd351c480429bc7270b7f6d1f5c67d5ec5375849d09e08dc6086f14,52,868,7,125,4/5,0
HWS-003-BACS,3,36,BACS,limo01,1784111993037833473,1784112132920326246,0,0,139882492773,5,-102.46,10.04,0x02f86ff4e95b5e94584e60163dd9a920caddcccc5f79be399ab22382b1f4ced0572a0dcfd6b71e2a913cc935e429f9544328752f,52,868,7,125,4/5,0
HWS-003-BACS,3,37,BACS,limo02,1784111997043580768,1784112134084191175,0,0,137040610407,9,-80.66,14.45,0x3a6493dda52cd6d3e0c60f7895dc5eb388fe3ffec9fcbac7ac7a251d067b2d0d2b7e123c003da4bfbfed862f1b7c18bd27eb2511,52,868,7,125,4/5,0
HWS-003-BACS,3,38,BACS,limo02,1784111999890386526,1784112037181238770,0,0,37290852244,8,-105.26,13.10,0xbd5177fa8dc7d8fcc075819cfe9b509b9a11e9e1ca2d8a709918dd08d6e03d7ac1d20802bac0710bc9ec1a40562c3bb969b8c0f6,52,868,7,125,4/5,0
HWS-003-BACS,3,39,BACS,limo01,1784112000600941639,1784112295122217201,0,0,294521275562,2,-80.11,2.18,0x3e88b889cf412b5f08d3d9a5abc19b928cfee4c0957af1ebc7ed28912c21556825572f7d483666bd700e285666ce77eda3b9a6f6,52,868,7,125,4/5,0
HWS-003-BACS,3,40,BACS,limo02,1784112005131492230,1784112118852393840,0,0,113720901610,8,-80.08,4.08,0x89495a48cab2d38161996053a98dde65fa60a0325cbadc351ffc8bc68ee89fa4cb2504885cb518dcd600b4c3ace8d9fb6e0e1aee,52,868,7,125,4/5,0
HWS-003-BACS,3,41,BACS,limo02,1784112009074471750,1784112214552517845,0,0,205478046095,4,-81.94,2.41,0xcc3c8f1a2d71f4df8fe4221f485fa62cab1ad483fcbb383c46c45679154e0162bf67557c1ada804a3ec3a179c67f2b41465e64b0,52,868,7,125,4/5,0
HWS-003-BACS,3,42,BACS,limo01,1784112014777231599,1784112073075138843,0,0,58297907244,4,-80.51,7.90,0x12b6859120744fb99fa27731e44714e8d6f1beb82c8c03f8f469ef836b9ced9a749d04ecb49b008a439c472d0725b70681746244,52,868,7,125,4/5,0
HWS-003-BACS,3,43,BACS,limo01,1784112015595643166,1784112129628800947,0,0,114033157781,7,-106.84,6.45,0xfdf676cd18edae67cd3ac5c9ec8114e10afed0ba88849decb231f7b86e8d3e9a2e2346512814008972a191d493806beef665b0c0,52,868,7,125,4/5,0
HWS-003-BACS,3,44,BACS,limo01,1784112020078702689,1784112184664480776,0,0,164585778087,1,-85.94,12.47,0x1eb313ca02033d16b1b873e3f8dad8cb690e9892a06cb5c36eb1229ac7e388a5fae65ade1fc6e2c0f583f111d6b4cbb40e15b83a,52,868,7,125,4/5,0
HWS-003-BACS,3,45,BACS,limo02,1784112025697970090,1784112175235214203,0,0,149537244113,2,-80.47,4.47,0xbe8e9573dd1068da291575c065f70ef950ac4db5664408377ca3cb3ffecf747491b3863e5fd70f453f2236b10acffc4dadb4cdd1,52,868,7,125,4/5,0
HWS-003-BACS,3,46,BACS,limo01,1784112026021902752,1784112224436688727,1784112224436690771,1784112224606003829,198414785975,10,-80.83,8.27,0xae778c4f1bf611fcd1dd7b3cfef122075a873314103c93f9a5cd6f6346009e3d97a9d39ef1217692d9268468e7ccc0a6c76ac2c9,52,868,7,125,4/5,1
HWS-003-BACS,3,47,BACS,limo01,1784112032264497618,1784112277173200543,0,0,244908702925,7,-91.30,9.79,0xf00d448724f396bd466f492fbf6b3c20ebc6b84393d291e60c7914dc027cd32b4feccd63b10577d7f11a27e6bbcffc44b0c48ee8,52,868,7,125,4/5,0
HWS-003-BACS,3,48,BACS,limo01,1784112036311509473,1784112281587516977,0,0,245276007504,9,-90.47,6.05,0x9c2026b00731d73560bd00ea9b2e12d758a0ea89bc9b3e3d2489e8bce9c4da1a196f39b123698c88763d3715d837ba10b5dcfa3b,52,868,7,125,4/5,0
HWS-003-BACS,3,49,BACS,limo01,1784112037887091448,1784112258139120731,0,0,220252029283,7,-105.37,14.35,0xb672caaead5e6da0f5798b6423a6d77615e14690ac408dc824e01a2a38ab15eac95b75473c485210b1734385a8607c31d3a40975,52,868,7,125,4/5,0
HWS-003-BACS,3,50,BACS,limo01,1784112041529661340,1784112136777824288,0,0,95248162948,0,-81.80,1.32,0xc3c75fecb1218b964b376ce4e2a44a3783c8bf2f2513130eb6f88203c9d922e0a16b8754a5c2a8e727ad99d9b3b246a97c1e2c81,52,868,7,125,4/5,0
HWS-003-BACS,3,51,BACS,limo01,1784112044747008113,1784112250048821705,0,0,205301813592,1,-89.86,13.50,0xc79b19416f4cb7d10e2d1428e0d41d4d2268b9985f4880627559c40d0ab48d11b7139a401ce83b469df633190c6c42c2b1ac1c04,52,868,7,125,4/5,0
HWS-003-BACS,3,52,BACS,limo02,1784112049302478567,1784112164335203921,0,0,115032725354,7,-93.46,4.67,0x929ab869099d7a68d9721105fdc7eac00d54fec15092d948188c14989802210bdb984e383aee162967925aedcf639be4c035480a,52,868,7,125,4/5,0
HWS-003-BACS,3,53,BACS,limo01,1784112051050822748,1784112141934032441,0,0,90883209693,2,-86.83,11.22,0xf39e1e20f574381bd6a65378d96313603fa4033fb9313f2368fd55192753bde98c231776b2d95f2cc816b2a5ca8ca1be2ffccc88,52,868,7,125,4/5,0
HWS-003-BACS,3,54,BACS,limo02,1784112056076127822,1784112202393625885,0,0,146317498063,3,-94.18,8.84,0x8edb586ddf0f1c8128124dc76b72206d82b16f13281d365c2129d111b62c37d20e2b524cb53ab7ed1a067acd72305af8981fec17,52,868,7,125,4/5,0
HWS-003-BACS,3,55,BACS,limo02,1784112060657097105,1784112208989069928,0,0,148331972823,0,-109.46,5.82,0x42cde5faa616ac52596a11b2b09c93bad211ed32c68f69d01c3ca95015e8fcb219557f2f753e3aea1efa38d27eaedc377deb4334,52,868,7,125,4/5,0
HWS-003-BACS,3,56,BACS,limo02,1784112062891760616,1784112209016557569,0,0,146124796953,0,-86.02,-0.57,0x9604cf4f3bdf65d723d83ae3946e0ec0e07f29f21e80eb59aa629a19190d58097be33f0dfb22384f1c1a70dd37b89d63c42fe920,52,868,7,125,4/5,0
HWS-003-BACS,3,57,BACS,limo02,1784112065606437756,1784112665606437756,0,0,600000000000,1,-84.56,10.34,0xc7205e228659cb47c2ccc8fb2a7124dec521a887e7b10353972ec62ea75e5ea73c481a848f203f10e86079211a467ec21764fce5,52,868,7,125,4/5,0
HWS-003-BACS,3,58,BACS,limo02,1784112072788257827,1784112177862422164,1784112177862425275,1784112178027997630,105074164337,10,-108.67,9.01,0x944f808a4fa92abc633a6e8fda153700931fb9cd9ce3bfb45fb54174feb80ff3f2348715cc026acb1fc5a14332c4eda8dafd8fd7,52,868,7,125,4/5,1
HWS-003-BACS,3,59,BACS,limo01,1784112074069689906,1784112198941487515,0,0,124871797609,4,-103.23,8.05,0xa7a6c118f376c54bbe2a84e144d4e8ade3c42fc65823775b4db34360daf54a81a4091e023b4419b702c057bb27907cd0299df092,52,868,7,125,4/5,0
HWS-003-BACS,3,60,BACS,limo02,1784112079845358535,1784112144640084605,0,0,64794726070,8,-100.82,7.75,0x79ed692fbbe82ea00e1c30e435e115d46669e415cf78312a0ec0dfc75900c2469edfd0d45f2094c91300cc4c10c54aeb6324949d,52,868,7,125,4/5,0
HWS-003-BACS,3,61,BACS,limo02,1784112082576218708,1784112350660858994,0,0,268084640286,0,-101.71,5.14,0xf75ff7ab53f5b55e9d74fa831eebd31eb4470a8a66c5d0b736978c9fb03512f2720cf705eb455491eadfbc97629a6f4cfbba8586,52,868,7,125,4/5,0
HWS-003-BACS,3,62,BACS,limo02,1784112083530386509,1784112285274929464,0,0,201744542955,10,-84.42,0.67,0x3a57dd2dec544eb2f23379db61d63586ea239983de04c2c9e03f8f56ab9685e9de02d92cc7f4fe73db2f0fbaca90bae361a6ff03,52,868,7,125,4/5,0
HWS-003-BACS,3,63,BACS,limo02,1784112087286011534,1784112201612926528,0,0,114326914994,2,-90.80,-3.62,0x2a12a0038810f326e1de091df2a28666ee82087592d03030c5c7940ad8be5c57a97519696702e72aad5590432a7aca0695cd4c16,52,868,7,125,4/5,0
HWS-003-BACS,3,64,BACS,limo02,1784112093298818007,1784112173312534956,0,0,80013716949,8,-97.16,3.01,0x03717e9edc7568fe2ffc4c606cf11eb73ce32ff4578678db49a30caf5f1588825c9ecda11cc6c1e8ec9c33c5e8308fd9dc5a3f4e,52,868,7,125,4/5,0
HWS-003-BACS,3,65,BACS,limo02,1784112096867414307,1784112259594704697,0,0,162727290390,7,-97.82,9.49,0x264020252cbec1a1ca4470031d535282c3aa33e120e415208735ad98a52f19592345ead01cc5844bc4e4a314e12d02d219724802,52,868,7,125,4/5,0
HWS-003-BACS,3,66,BACS,limo02,1784112099315966753,1784112188201314582,0,0,88885347829,1,-107.21,9.43,0x883e3db60f728e3b2f3c2e28ee7d8ddd8199dd76caa3825cba808ea0ce8ace034a0d441007e8f99c052500ca35edfab6ea56037f,52,868,7,125,4/5,0
HWS-003-BACS,3,67,BACS,limo01,1784112101217910819,1784112258111159433,0,0,156893248614,9,-95.05,5.00,0x5e9cf08e6282631c409f3774c269bc787f2484f71662c5712ef9de28e7629491952d22cc1851ceccae01fe8094fa6084e5030d98,52,868,7,125,4/5,0
HWS-003-BACS,3,68,BACS,limo01,1784112106366765541,1784112307203676748,0,0,200836911207,0,-107.76,9.50,0xd9b8f849ad0e175c414eb5066e1837665a8e73125581b40c2d1f8b70bfd872474d9092d041e053721978f4ea47bd9ce16d4ddad9,52,868,7,125,4/5,0
HWS-003-BACS,3,69,BACS,limo02,1784112108808232823,1784112377647557428,0,0,268839324605,3,-103.05,7.70,0x78ecc240817a0b5b15f8fdfe227aade50257ac8ad7675c3252412e6df344d584c5737808b9dfde47c7450d440fdf27128a030a51,52,868,7,125,4/5,0
HWS-003-BACS,3,70,BACS,limo02,1784112114406896198,1784112261540351285,0,0,147133455087,7,-84.03,-1.35,0xa8686e88d2e97476c78859e1bb511b8b5bf58cb1cd4d3edb252a190394534380f8d815c58e63a1ddae3e4664f2cedfb30f90748a,52,868,7,125,4/5,0
HWS-003-BACS,3,71,BACS,limo01,1784112117283005564,1784112208891542040,0,0,91608536476,5,-109.14,-4.46,0x99d92562caf3a8dbbc22d8ecf6baf7feadf2b2e734d78d7fb6974034e59b89476b19d88f91eb4a9b019832c8021c1e820c79fe48,52,868,7,125,4/5,0
HWS-003-BACS,3,72,BACS,limo01,1784112121876933008,1784112318119783719,0,0,196242850711,7,-99.32,9.45,0x62b5b58903458d81489bb947121bd105def5743d7ea8d3523ee68f9f9ff8cc8dc81822812c8a3607c658ad87b9d841f7ce687d1a,52,868,7,125,4/5,0
HWS-003-BACS,3,73,BACS,limo02,1784112126543724524,1784112296305483751,0,0,169761759227,2,-105.14,8.75,0x8785b489593df980ea65e7f20654d36092dbfda19004a2b37ff61e6c275b37baa1089f51e0eb6d69bd77cdfe185c20690d692ae2,52,868,7,125,4/5,0
HWS-003-BACS,3,74,BACS,limo01,1784112128668195333,1784112232984998218,0,0,104316802885,2,-104.91,-1.48,0x5acab648639129d5a0c82bda6dc56fc077e6ea6529ce6cc9dacfceb0d5169dc3e0a2cb7b93593a452a65586f76f7493c21c7dd77,52,868,7,125,4/5,0
HWS-003-BACS,3,75,BACS,limo01,1784112133112377910,1784112357036172602,0,0,223923794692,8,-98.67,11.20,0x3c44a249ffc7988c8e02c7fbf81a1447a8b415c3fcfdf4131392cb779a85e5689197e2631d6ec83c419218d1815ff420af14a896,52,868,7,125,4/5,0
HWS-003-BACS,3,76,BACS,limo01,1784112136921558189,1784112219046837802,0,0,82125279613,5,-84.64,14.96,0x57b975007209df2c28ebcf9917ded1e79a08b8940ce013976fe3252eab9eb849cea155e2ed9e4bf2cc784a7a50f1a5394f38050d,52,868,7,125,4/5,0
HWS-003-BACS,3,77,BACS,limo01,1784112138444386747,1784112244777618304,0,0,106333231557,10,-100.53,1.35,0x1d24d9f26e99ace72866d3f32c3f78e0836900b79937ff882aa46d6443ecdfc76d1a959b9320afd1e09d892ac4be446c2ced20e9,52,868,7,125,4/5,0
HWS-003-BACS,3,78,BACS,limo01,1784112142116147138,1784112304827871031,1784112304827874584,1784112304994356928,162711723893,10,-107.11,-4.15,0x622b3341d88be1deb2be6f8eab6f14ea3e8b69dde56ba7bc7f3cbdadf6ab77e26bfc2beab4c81802cddfb5d942f3b66c53ae7fb1,52,868,7,125,4/5,1
HWS-003-BACS,3,79,BACS,limo01,1784112146891015270,1784112258900065301,0,0,112009050031,3,-81.38,12.24,0x2789b91f18b6dd9336357720fc1ad44db05b8780e13dea9ec38d115796c17242f118e173c65e03f24770d2c895aa9ad6297b8356,52,868,7,125,4/5,0
HWS-003-BACS,3,80,BACS,limo01,1784112148657493903,1784112392100994614,0,0,243443500711,6,-99.01,13.86,0x75236daa7c08bc4074c31ac4ff5bfd12ebfdebf649177f0f343cf08c5566676ed92fa43e7ef5fcea2453918024750dbcdcbd2f31,52,868,7,125,4/5,0
HWS-003-BACS,3,81,BACS,limo02,1784112152318734297,1784112481602829744,0,0,329284095447,1,-81.65,-0.87,0x36306195e773e45ff1000390c5b588a3d211a7734d35e198be4f1d725d6e424ed084202b2e1e15f30cb25fe56ad3174661d961f9,52,868,7,125,4/5,0
HWS-003-BACS,3,82,BACS,limo01,1784112156724795513,1784112283991977650,0,0,127267182137,6,-105.39,2.71,0x1f8211d2b6ebf83da92ed2807c933140b364e582b3ae7ccfa80b9a73d81cae6f237a49212b5ebb32abb3fadb51a72ee4c131eb82,52,868,7,125,4/5,0
HWS-003-BACS,3,83,BACS,limo02,1784112161482275511,1784112561684768050,0,0,400202492539,10,-91.57,6.73,0x9e16a66919ef36d7c10404ea93cadf7afb8b52bde25eddb124df20142b63f016cd053a36f4bf20152d4661f01cbf6946dd438108,52,868,7,125,4/5,0
HWS-003-BACS,3,84,BACS,limo01,1784112163128857776,1784112327468514724,1784112327468517490,1784112327642767340,164339656948,4,-107.59,12.14,0xead2917e5fe5f3fde53f5317572d724c3cc1244a319afc8e6de5d700e894786357d3f490f5e2660363a46d2ff096acb299b6274f,52,868,7,125,4/5,1
HWS-003-BACS,3,85,BACS,limo02,1784112168303840746,1784112523172070574,0,0,354868229828,4,-80.43,-1.47,0xcb620c414968f90b5b264a388e6866587fc5b2a3104897cc9bdd3b36a5d345f73e5af245f6d777d5df690d4ebed1713761e7072d,52,868,7,125,4/5,0
HWS-003-BACS,3,86,BACS,limo02,1784112173227518111,1784112219007451175,0,0,45779933064,6,-108.00,14.07,0x3c11a494c17e18eda3bd48d425174e7e4971b3ab19c67d5d17480ed9f6ce1da0d5c8019d99a9227de73a4d995aa47f0f7c09da6c,52,868,7,125,4/5,0
HWS-003-BACS,3,87,BACS,limo02,1784112173278635628,1784112285740258665,0,0,112461623037,0,-81.32,4.14,0xd88d6e8bed00a5fabd280ff96110576c5643d3222a25b39cf3ba4a1f0369db5e148c5c95f04d5a48f64719c929de73febeb9312f,52,868,7,125,4/5,0
HWS-003-BACS,3,88,BACS,limo01,1784112178595860361,1784112296750387076,0,0,118154526715,9,-104.06,14.65,0x3675ef2ded4449d634798844e6047f63310e756291d556c1e8ab6af6aaf197aae198267e35dac228cc40cd32c835fa8c2e3a3448,52,868,7,125,4/5,0
HWS-003-BACS,3,89,BACS,limo02,1784112183697236493,1784112417857375730,0,0,234160139237,0,-98.15,8.66,0xf54cab492b59bd71eab382c582b4dc59e9440b02f302e0d6d2b95e0ea3f819c83bf63c81545a65e94046594e22aca849825225cf,52,868,7,125,4/5,0
HWS-003-BACS,3,90,BACS,limo01,1784112185196933316,1784112254074214861,0,0,68877281545,8,-94.50,3.86,0xf6d8f42a09ef8a79f2cdc80ec72d5d0f1feeb623a55534ebc635ef120e8531c174d2b7056da427aa49635e759ed089233c0b33d1,52,868,7,125,4/5,0
HWS-003-BACS,3,91,BACS,limo02,1784112189127515090,1784112403803283133,0,0,214675768043,6,-85.67,12.02,0x5adb427053f2b7952324b5c41dc2e2a4471a194938632caa270fc954a519df9df261cb9945423f7ab09b2d60b4ad465d4c0d3853,52,868,7,125,4/5,0
HWS-003-BACS,3,92,BACS,limo01,1784112192185149997,1784112449347549046,0,0,257162399049,8,-103.49,0.15,0xf21a3270012f2f5b84de0c5628d82cd44557440b6dc8f918a0ff25458c59151cc4fb68ec1dc0544f3e4a6cd7ccb2be81a36a237a,52,868,7,125,4/5,0
HWS-003-BACS,3,93,BACS,limo02,1784112196356865718,1784112371787093193,0,0,175430227475,9,-106.60,11.38,0x9710d83d7593ee0b9a497a1d7c63a5e1e2b13becb4db2821b5f55407ced280f454936738a097dfe6defd15a31092b9875b3ffbfb,52,868,7,125,4/5,0
HWS-003-BACS,3,94,BACS,limo01,1784112199371142865,1784112458588588933,0,0,259217446068,2,-109.53,-4.64,0x192f538fb35fe0c5f440ab46f68cf03c4128d0c346606a97009e6dc350a4bfe69dbc5852dcc67f3f8b56a38938194f2cc9b63ddf,52,868,7,125,4/5,0
HWS-003-BACS,3,95,BACS,limo02,1784112203325265807,1784112297369216647,1784112297369219995,1784112297543004087,94043950840,9,-100.04,13.03,0x3f6444291923612d8229826b910c19a6d187888452ba6e6161d91a53cb24dbee3c25d8aca3eff719b175d1aa702f1c35c3bd1f81,52,868,7,125,4/5,1
HWS-003-BACS,3,96,BACS,limo01,1784112207165263720,1784112342464715284,0,0,135299451564,3,-83.05,4.27,0x64d7d6fc3d31df2874decbb6e60d879cda1fdb8cd98cd2495c3098ae4488e042010c4611853ad9962ac7bb45e526994ece19b58c,52,868,7,125,4/5,0
HWS-003-BACS,3,97,BACS,limo02,1784112212645971308,1784112385309369224,0,0,172663397916,5,-80.86,0.15,0xd8c1ba2f09b4519f129fb2bc8084388dbd4a0f67f434bf4279e27b98225f0ef1981329c00f846a0d7b90fe743faae7744adc87f7,52,868,7,125,4/5,0
HWS-003-BACS,3,98,BACS,limo01,1784112214046620645,1784112333269029844,0,0,119222409199,8,-90.82,-3.60,0x6a5cb7df66e892dd8102757c958bf2836c6f59f761a0919ef8c302da5c52fc09fc596961ca6af2afac733af9b5259c1a8872484a,52,868,7,125,4/5,0
HWS-003-BACS,3,99,BACS,limo02,1784112219185899110,1784112269375565070,0,0,50189665960,6,-104.06,8.45,0xb74eb1f8d651805e161663166028e49c8aa28a1f9c0a599b01a7e25161457154b4d55ba31e41849ae3b748996dfa69cfeb68d24b,52,868,7,125,4/5,0
HWS-003-BACS,3,100,BACS,limo02,1784112223059750073,1784112289674434678,0,0,66614684605,2,-95.63,5.99,0x2c4b1f9ea3bc777ddbc3c631b6a2b79159cd71ca3d03046fd26b8ffb600a44ee046b72683093b88cf5b54eca3c376de4a4c29646,52,868,7,125,4/5,0
HWS-003-BACS,3,101,BACS,limo01,1784112224610135305,1784112360232968084,0,0,135622832779,10,-105.10,12.55,0xfd4bfb59e90e16942f3cc7281ec171db84e112bc08b1e279f74449661663da365fa06a681d3a6e8bfd0897c5a352398cc178a4f9,52,868,7,125,4/5,0
HWS-003-BACS,3,102,BACS,limo01,1784112229260612474,1784112371025921096,0,0,141765308622,2,-81.79,13.22,0x11a5a01f00047aca55987e0978f0456693a6781ea71cf5d9860759ac8534ca00caafdfd8fb813c145a485fc919e0c3c0e219f17d,52,868,7,125,4/5,0
HWS-003-BACS,3,103,BACS,limo02,1784112234633764702,1784112491056656505,0,0,256422891803,3,-108.33,0.52,0x86e194ab4787a6e9c8d47fdce92898f703a8179c08819730224b0821012fc660298756d2f5ef9c137cb850e2f0a082e81617eae7,52,868,7,125,4/5,0
HWS-003-BACS,3,104,BACS,limo01,1784112238118532727,1784112415705079073,0,0,177586546346,4,-107.00,8.83,0x5d869dde01be19a54a7297fb2a3561f0b23f3ffea2805a7f69641de7584832963b131eea33de2b499c82d7fea2e09a9c3d8b56d5,52,868,7,125,4/5,0
HWS-003-BACS,3,105,BACS,limo01,1784112239904796594,1784112401297494412,0,0,161392697818,2,-94.34,-0.38,0x4d79fca99c45cdca17a8c4be9ce7b30b024c06740a812c69cbd77c5e1a3391d2c761a702fb00b1231294f8ff9e36278e0f127169,52,868,7,125,4/5,0
HWS-003-BACS,3,106,BACS,limo02,1784112245100337124,1784112322647630842,0,0,77547293718,7,-92.58,6.20,0x2be3b4765d1ff3b57cc81d9e98747dc8cbba6460dfbb1c43fb88ccd3ae5115a8557b4e00698b1eead4251c2a15bbd5bd140e203a,52,868,7,125,4/5,0
HWS-003-BACS,3,107,BACS,limo02,1784112248320449118,1784112400803616737,0,0,152483167619,8,-90.55,2.37,0x6b4d212b702e89998b22cee070d925395685f891c6dda6aa6e34e34fee525a30093e6a8e7513ca7d2aa518a218510493a22101ca,52,868,7,125,4/5,0
HWS-003-BACS,3,108,BACS,limo01,1784112251491403634,1784112739388865000,0,0,487897461366,4,-87.95,1.28,0x78eb60c8aa54f26665c52452b992f71526b84f1612c2b02322d7099a31ecf49d91a9e30f8eae87453a6a451d84aa4cb8deb4618a,52,868,7,125,4/5,0
HWS-003-BACS,3,109,BACS,limo01,1784112255832937696,1784112554133516520,0,0,298300578824,10,-87.59,-0.23,0x190c32d8b996562729b122f368438ea195a174d5bf5f3b1906060954ddfdd5befc523163fdad967e9bed0bc8c1b43308edfe5551,52,868,7,125,4/5,0
HWS-003-BACS,3,110,BACS,limo02,1784112259718719460,1784112465526021774,0,0,205807302314,10,-103.20,4.85,0xfddbd5e7bd82bf3f39f6a364f03ec66850ca6988bd867049ed2bd09eeb20aa424c54cebd782af25feae949a9152c46666f9c3ab2,52,868,7,125,4/5,0
HWS-003-BACS,3,111,BACS,limo02,1784112260222390873,1784112425969023241,0,0,165746632368,5,-82.14,4.55,0xc6351377053b322b43042bc3de3a7375a0c0cf5a36e48fb615da2b1ee1ba4608316abbd56245523311e24c093f8b0416ded25725,52,868,7,125,4/5,0
HWS-003-BACS,3,112,BACS,limo01,1784112264803240583,1784112497011260271,0,0,232208019688,9,-91.66,14.30,0xc4421ac071b38c4bd8e227b615646ae301ccea4cc8ca17c7c6e98f338a4fd773a8f53dd398d4cafe71451aa1cafc87e8656d3722,52,868,7,125,4/5,0
HWS-003-BACS,3,113,BACS,limo02,1784112270405573191,1784112645868899078,0,0,375463325887,8,-103.85,8.24,0x923273f96261c968c454f05c78122a158ad5d112646a9bbfd366c587a18a2f0e4d45cc829c43cb8b7f8602e330db8656c74bb312,52,868,7,125,4/5,0
HWS-003-BACS,3,114,BACS,limo02,1784112274205635415,1784112338397467957,0,0,64191832542,0,-98.06,-2.36,0x7791a01b297f5e4fa2e3536caf3be17595389a68c5b9ab87e1041253ae580605f86835b8ab9111d04cfddac78a00d09b9ab0f69b,52,868,7,125,4/5,0
HWS-003-BACS,3,115,BACS,limo02,1784112277030413143,1784112401450953861,0,0,124420540718,0,-101.55,3.96,0x719e5627622db51de0460f848ee6763443a7ef3d5b74ce0965843b6f11ad603df70c4d2efd3c6a38ffffbdc792eef846f84a0a17,52,868,7,125,4/5,0
HWS-003-BACS,3,116,BACS,limo01,1784112279393645600,1784112388374230288,0,0,108980584688,1,-90.09,11.65,0x83f5e0131c78d4a5ca1cede3fea1e5db8dacd9120142aa55d19c09e1e8ef16e3687f73c1104b63668ba51fa44c91fe35ac7b1bab,52,868,7,125,4/5,0
HWS-003-BACS,3,117,BACS,limo01,1784112284475872424,1784112384236753810,0,0,99760881386,8,-94.70,5.30,0xe77f7623fc2accdc23f99404a4d5b848b15eb8be890e40af8ad41f730e63e9947c065eb489e95aa131a3641f49dea1f0aeefac26,52,868,7,125,4/5,0
HWS-003-BACS,3,118,BACS,limo01,1784112286068243979,1784112480250046906,0,0,194181802927,9,-93.48,1.67,0xf0c18cbc89320b4e4afd6d5f5b4fecc918bdc2abc0cef1cdd3420db0b17ee9fa362c2d46bf8462e2ec5319e4c735cc4e185f68b0,52,868,7,125,4/5,0
HWS-003-BACS,3,119,BACS,limo02,1784112291678662061,1784112487412487283,1784112487412492125,1784112487578244749,195733825222,2,-98.68,0.91,0x2db679a3e24366e848522ae1976beace6b0183e009124558921e51cac01ccd91d37ca14a70fa32be3ee083279d70d0435e6ebac5,52,868,7,125,4/5,1
HWS-003-BACS,3,120,BACS,limo01,1784112294641252035,1784112440260035875,0,0,145618783840,9,-98.57,5.02,0x4143d9e8f975bf48aa8c7cbd9012231e961f9d415b6be1d654e7b54df95e9600f97425c3da0dbd1d90beefb3fa8f75a471c8df35,52,868,7,125,4/5,0
HWS-003-BACS,3,121,BACS,limo01,1784112297038939986,1784112400524424770,0,0,103485484784,2,-107.98,10.77,0x498fec5c78d291e947f0a4b27bad4ba784892a4b78ac91581d44c56b1e9ee15e1fe7c7128b6ac812c326a8df0d1903e5e63e0715,52,868,7,125,4/5,0
HWS-003-BACS,3,122,BACS,limo01,1784112299794270066,1784112364888038057,0,0,65093767991,10,-87.41,7.78,0xaa938349b17a9d2ac9c63aeec0c8d8cf3e22b8adcea82d07a030430620edc37b63e9c10e68cb37fe7871c042d1b31649abf0697a,52,868,7,125,4/5,0
HWS-003-BACS,3,123,BACS,limo01,1784112304529558099,1784112620369477651,0,0,315839919552,9,-86.34,-2.80,0x98970449bc9bdc17db1997947cb9c4f86ccc6d361c51bf250fa3a7180d81ea85c57a32703dc70e14e8d7e21b416105f2798a0500,52,868,7,125,4/5,0
HWS-003-BACS,3,124,BACS,limo01,1784112308854717971,1784112473219653298,0,0,164364935327,10,-91.39,-1.36,0xc7adb573a930611767194764953746e88cbe545e6caaf6434c40c15c291aba19c2fd33b00689c345ece0c39cc054eb8cf62b0d65,52,868,7,125,4/5,0
HWS-003-BACS,3,125,BACS,limo01,1784112310691151494,1784112497206194181,1784112497206198496,1784112497380166969,186515042687,3,-83.54,-2.70,0xc02a9d23aaf1fdfa71c9014b222c6bdcc042c2e74ab3cec6e3f737f904439de2225e968af4cc7d33d657aeba9cd3e476857c0124,52,868,7,125,4/5,1
HWS-003-BACS,3,126,BACS,limo02,1784112316945246809,1784112610980230968,0,0,294034984159,9,-98.89,5.57,0x9362fb4741c7635d84c1027df07034914b177ff83c77ee04468f251cae6e30cba15f40d497077e7928fabe9fac97a82418b09ce2,52,868,7,125,4/5,0
HWS-003-BACS,3,127,BACS,limo02,1784112320456089853,1784112672551277117,0,0,352095187264,4,-95.92,7.53,0xb1caca5172e63b0a50224c5ddae2f81774df6e2a334870effa3832b5710623d472eaf39612fd395ba5843f78950b99a3c8bef972,52,868,7,125,4/5,0
HWS-003-BACS,3,128,BACS,limo01,1784112324338402441,1784112496522920317,0,0,172184517876,8,-93.31,-0.16,0xfa0d619fcfa0ef035681fe2db5e82b10b0491f835ee2a425a96891dfecbf1c6ae094245ce34734d8bb01b26a67bd1387b1b244da,52,868,7,125,4/5,0
HWS-003-BACS,3,129,BACS,limo01,1784112324632253801,1784112423646163112,0,0,99013909311,6,-100.54,0.82,0x3b160e2574af797220e5ffcd85b9ad17ff973731f07b4f7391d9bd57c359df8607a6dba7d895a0dcc77149fdb3f5c3c83bf29ebd,52,868,7,125,4/5,0
HWS-003-BACS,3,130,BACS,limo02,1784112328669291276,1784112387570908319,0,0,58901617043,7,-104.35,12.96,0x9ade94e4f12aa3b99f3a508aed1be51b969beb23070becd1bdacbd6bbb97a0269b8fc54ea21d35fb11454a7067e4e3c9026a20e2,52,868,7,125,4/5,0
HWS-003-BACS,3,131,BACS,limo01,1784112334817361543,1784112553885013560,0,0,219067652017,6,-101.73,14.49,0x3e21d827949b35b54ceffe001e70d6dd0c2b7bf2df27ad7f608a2ccb1fc4ce8b3f1057ca54e12382c256265d960336f362bd8032,52,868,7,125,4/5,0
HWS-003-BACS,3,132,BACS,limo01,1784112336587154734,1784112558619972953,0,0,222032818219,6,-85.43,6.58,0x20ed1ae8ad37caa5a602c696fa666504d980cb0a63bfd4598e75a75bfe3387d28ca3b788ac050e2a65a35ce105cbdc70eec4aae0,52,868,7,125,4/5,0
HWS-003-BACS,3,133,BACS,limo02,1784112339292212761,1784112462368335610,0,0,123076122849,6,-85.55,-0.60,0x6d60eaefa356c9a98de11cc15b85c6408ea6042d8e81b397053544b206ad10e721e5ce04367ee4338c288ad9271d4383d5d37ac7,52,868,7,125,4/5,0
HWS-003-BACS,3,134,BACS,limo01,1784112345482116700,1784112491413429496,0,0,145931312796,5,-87.60,5.35,0x816d26cf256a57c7402ca0cad6934ee33f9b1d889ad559d375f2b8f921db6220cd9736c597508fb982f4ce2e563279445725ca8f,52,868,7,125,4/5,0
HWS-003-BACS,3,135,BACS,limo01,1784112347809627739,1784112406419974124,0,0,58610346385,7,-81.78,-4.51,0x27aba554b344a2ce12e46c5fab3f632aeb5a920294581f592021406118f4872d2a69146920f24360583953a23a1636185cb277b8,52,868,7,125,4/5,0
HWS-003-BACS,3,136,BACS,limo02,1784112353490384046,1784112445454975596,0,0,91964591550,8,-90.77,-3.56,0x666871acb1fc4b9761df59f4021a37e37dab98f9320d127460772c3e5863b41c030fdf85ef7169261971d0835a5ebfbe7e283604,52,868,7,125,4/5,0
HWS-003-BACS,3,137,BACS,limo01,1784112354440885521,1784112420727575043,0,0,66286689522,3,-82.33,13.37,0xc3a914d6ba94456739c1522b53d4b2584f016674f353c73de124400d2cd4e98b03748a6a25c993d12ee62d474d68420a9e6a258b,52,868,7,125,4/5,0
HWS-003-BACS,3,138,BACS,limo02,1784112356862266288,1784112618236439288,0,0,261374173000,1,-90.36,6.10,0xd30f7baff545f0e783fd7d503fdaf77bf5b3ee1cbd5411ea8ea8a68ab72a06beea1cd32808c3f3443e51000bad61e6a824334ef1,52,868,7,125,4/5,0
HWS-003-BACS,3,139,BACS,limo02,1784112360907855060,1784112535198491493,0,0,174290636433,7,-82.41,2.53,0x6318cf7c3d5099d718f721b989e02b1cc205297b000e9493d1bb294cd4d0e1de401c5244299d9b8a603918be571fb1f78622d6ae,52,868,7,125,4/5,0
HWS-003-BACS,3,140,BACS,limo02,1784112367873144633,1784112532373101695,0,0,164499957062,1,-87.14,4.41,0xa6df9689c94488981fdb2ee49c3b198f39e0eb82c17c3417c2b64ef699283c0d3f8da7966831492086d3c397a2813bc089756219,52,868,7,125,4/5,0
HWS-003-BACS,3,141,BACS,limo02,1784112367779406231,1784112444037276808,0,0,76257870577,1,-98.92,-0.23,0x7d692486c8be3477d9fc28fb77e50f704dca33574b5292da71357aa62f03b9f18db31ebdd823af8e32c69e68432d772a7093166b,52,868,7,125,4/5,0
HWS-003-BACS,3,142,BACS,limo01,1784112371464432849,1784112539766354254,0,0,168301921405,10,-108.58,9.55,0x0d17c17354e2773c904bc6c5ba9f59c598a07971ec4592807f7f292466ef873a09b1114ac639946a14347bcda1df5a967d3fa386,52,868,7,125,4/5,0
HWS-003-BACS,3,143,BACS,limo01,1784112375113796888,1784112521656268086,0,0,146542471198,5,-98.41,11.60,0x5befcdca180e480e1524b8d939bdc30c7197a02b5340f6496dcd1564e68681007961ec37779f87bfd69d53f790c1c5227fdaa0f6,52,868,7,125,4/5,0
HWS-003-BACS,3,144,BACS,limo01,1784112380078686572,1784112529612326421,0,0,149533639849,7,-104.69,11.16,0x5eadb7a62da55c95ec56753d803e1c8e555626676e1a04e4eb43f16e1195ba24888fa1c13812de98cb2b48455dbf20a5280dce2a,52,868,7,125,4/5,0
HWS-003-BACS,3,145,BACS,limo02,1784112383263081110,1784112423686794310,0,0,40423713200,3,-81.72,13.23,0x54962b5c3bf932d7730d0c4c37df4dbe103af08536c2951ace35f45215ce690873120ba0727bbd4bad29a0855374af82354e7a20,52,868,7,125,4/5,0
HWS-003-BACS,3,146,BACS,limo01,1784112386087376046,1784112542178057588,0,0,156090681542,5,-106.18,5.46,0x36d19d57f0947713729bf11fc65503a20bebc43009444d42c0b4663a6c7fb17768bec0a904f130f9d48afa6b5272fae6252e00f7,52,868,7,125,4/5,0
HWS-003-BACS,3,147,BACS,limo01,1784112390912758278,1784112510025622525,0,0,119112864247,0,-102.49,12.09,0x1dd835ee506eb23b9e704ae653c6e00489cc3fc59d7db726455b94aad965b6f0061b1db4de12501375596f13f99f44f9cdec11a4,52,868,7,125,4/5,0
HWS-003-BACS,3,148,BACS,limo02,1784112396190301143,1784112658966189359,0,0,262775888216,10,-99.92,12.75,0x5128248dd5c9692406f195eff4b12c77f8a8d7ce8f83e12a7b964854a6a44757f48b40cf1312d606404b4db84de519ae6e3e6b0d,52,868,7,125,4/5,0
HWS-003-BACS,3,149,BACS,limo01,1784112396970764793,1784112520304553288,0,0,123333788495,9,-80.37,10.81,0x2fd69f006644543d026f37d63e0fb49712ae19b3a129a2bb7c7dca27b21e3eaa1e7070cc27561e453ca2ef6e46f8c159471902c5,52,868,7,125,4/5,0
HWS-003-BACS,3,150,BACS,limo01,1784112401478288276,1784112592999005445,0,0,191520717169,9,-98.25,-2.53,0x13991375e3eb14bb10db7782ba43638783f49831d0638208231c1c394f0eca106c90a7e014ee31fc9ac2a68fdfa01054b2cbf449,52,868,7,125,4/5,0
HWS-003-BACS,3,151,BACS,limo02,1784112405258869782,1784112607485545147,0,0,202226675365,5,-84.02,5.61,0x51b2122a6a823e9edbacf9089e10c2f88c50dedde7e23aad7df57128befa820362cc4c4b691c5084312b8f07cbfe5f5c4945904a,52,868,7,125,4/5,0
HWS-003-BACS,3,152,BACS,limo02,1784112411161838890,1784112615067087337,0,0,203905248447,1,-85.75,-2.31,0xfd177c439592d774fc69ea303cf8fd0a09b5b7c41c3a2a13163e2d36e6b8af8525eb4761743cf7c5fd3b095885d6424e709a8e77,52,868,7,125,4/5,0
HWS-003-BACS,3,153,BACS,limo02,1784112411178306662,1784112769120316111,0,0,357942009449,6,-86.47,1.10,0xdd59b36d3ab6b9dcd2483dba8e3178fbe2542d9677e999586beaa78afb58778eaca3b18498aea6d87f1d852e70e1142d954499bc,52,868,7,125,4/5,0
HWS-003-BACS,3,154,BACS,limo02,1784112417852842766,1784112597825150491,0,0,179972307725,8,-88.96,1.17,0x0223e9f2f8b100a2bf0cb28b9c2614c583c4c34c9f48b01a822c314fa92055eae5fa914fdbd680c27c32ecd6e8483bfd93704803,52,868,7,125,4/5,0
HWS-003-BACS,3,155,BACS,limo01,1784112418014645029,1784112575687048031,0,0,157672403002,3,-83.84,-2.69,0x2706107abb7f4e86d2ad84b08cc0c837ac33fe88eff471694c67f1148d4240f0f914692daa3532222967940b5eed78be3561dba9,52,868,7,125,4/5,0
HWS-003-BACS,3,156,BACS,limo01,1784112425576337797,1784112617669045805,0,0,192092708008,9,-95.53,2.39,0x9ed2a588edfe11d7808cc1ce5f9d886b2f42e18f7ad22d0a6f37df0f4c434a9f0d85de04a16465260e74dec12017227ca5287e13,52,868,7,125,4/5,0
HWS-003-BACS,3,157,BACS,limo02,1784112427861150756,1784112477782261792,0,0,49921111036,0,-97.88,0.81,0x2ddc035f15c1d78282c2733fdaaf4a9d589e25ae1529a429fd13bd1f1f1712c62b7a1a8d92af4f6716ff9518c26b5a054d601166,52,868,7,125,4/5,0
HWS-003-BACS,3,158,BACS,limo02,1784112429715068076,1784112486766564400,0,0,57051496324,6,-92.47,8.94,0x09e37359feb7b9e3408fb541d9e3b20705a4a365e06dd85b90f2b587611fb62f5d3dd6be266219fed04c1936ff15c0a7995b1d44,52,868,7,125,4/5,0
HWS-003-BACS,3,159,BACS,limo01,1784112433481501318,1784112572261054863,0,0,138779553545,3,-102.54,-3.69,0x04cb4f3533d22ecc79a6dcec3ff893e32244dd72f6ffe8b55bb7e43b52b4445982826733a1e586658630b008c62d793b6d292a98,52,868,7,125,4/5,0
HWS-003-BACS,3,160,BACS,limo01,1784112439352643521,1784112581776451059,0,0,142423807538,0,-104.18,-3.56,0x0771996969313b73ea271e87ddf4bc0a88e8f1216581c948a4984efca02ee58d7af397a8cdeb112c10c4bc2c191065a9424eefe7,52,868,7,125,4/5,0
HWS-003-BACS,3,161,BACS,limo02,1784112442558290579,1784112609836012098,0,0,167277721519,0,-98.94,2.00,0x6f01a8ff2254b8e0385bcd3471778577143d7c1f1b74cb0d4c69ca3788f92ea842127b0b7147870fe350ff7c5d22e1a23301210c,52,868,7,125,4/5,0
HWS-003-BACS,3,162,BACS,limo02,1784112445411917935,1784112540105438874,0,0,94693520939,8,-87.81,14.77,0x786692c5cc66122085fb8957fad25208aa01065bea1b99aa1d1acdd9b77547fd96376c165e4f4becff48dea6cd68b3ed3b547dc6,52,868,7,125,4/5,0
HWS-003-BACS,3,163,BACS,limo01,1784112447068059671,1784112568623623909,1784112568623626356,1784112568791395945,121555564238,4,-98.16,10.19,0x0856937c457a78cb3698b49aa009f289b09e4de81d020a4f101ecae366bdbc2ffc758f960f2d42bdd82e25476e609ac43d3b3a50,52,868,7,125,4/5,1
HWS-003-BACS,3,164,BACS,limo01,1784112452207715792,1784112680434978563,0,0,228227262771,9,-87.48,7.66,0x320888933167646ba5d561412b89dfd9d4918042a07d4c571ebc573339f503cb676ba19cf5966ada57a51779480a20513f5f77e3,52,868,7,125,4/5,0
HWS-003-BACS,3,165,BACS,limo02,1784112454660014290,1784112566859732090,0,0,112199717800,5,-108.27,13.23,0xe7af414db105715b9701b1b9063fc4c681dc1cd205e5e31434dac7a133dfddc9d806ee04898e2e573b0f74b858294c839d8ca0da,52,868,7,125,4/5,0
HWS-003-BACS,3,166,BACS,limo02,1784112458340013998,1784112585375698888,0,0,127035684890,2,-99.25,-4.35,0x6d0f28212a26fdc05f1ce5a03c39d415130b8a26ad2becb44bbcb8ac2be1a5f3add069c69596b1c5d5d3a8c238edd4a6061c9263,52,868,7,125,4/5,0
HWS-003-BACS,3,167,BACS,limo01,1784112462194104167,1784112571153652221,0,0,108959548054,7,-104.64,0.85,0x28aa093417458c3717d46a2d351ff00a58ffff3ebb9b438f8b9aee9ded5fe45a9046b85d704db600769a154d7bc091a54b2d9dc0,52,868,7,125,4/5,0
HWS-003-BACS,3,168,BACS,limo02,1784112468020888056,1784112673808014503,0,0,205787126447,4,-104.83,-2.43,0xd2b717aef1794e04139264fea2ec87a35b3255eefd1f9340cc2f6922105eb66cd4d998e8bdae804338b01fd3328893c88b3c47df,52,868,7,125,4/5,0
HWS-003-BACS,3,169,BACS,limo02,1784112470641500436,1784112597326801701,0,0,126685301265,2,-108.36,11.42,0x076ccac88ce501912dc0f21bdccab6a84a456531bdff94ae6b8ae43e2cff0be7ff0ac3b34057650f613ef7704ba934529e8644fb,52,868,7,125,4/5,0
HWS-003-BACS,3,170,BACS,limo01,1784112475549397912,1784112617433774132,0,0,141884376220,7,-88.03,-3.14,0x5d925ea9d95103757674ad9553c671bcaa54f01ef6bc010e1ac16db3c097ebfa431395da5d7d7eb21ba657f72558132c4652e29b,52,868,7,125,4/5,0
HWS-003-BACS,3,171,BACS,limo02,1784112477493737029,1784112575946328065,0,0,98452591036,1,-103.11,14.41,0x659f0da9fc45e55974172c7a1d354b601a5783d21cb9b48a2a8f304adcfa196fd325bd53dc2e84108c59ac1c6bc946876019c148,52,868,7,125,4/5,0
HWS-003-BACS,3,172,BACS,limo02,1784112479272129193,1784112758256077646,0,0,278983948453,10,-82.83,-4.06,0xbf7858280bafd38a6391d7b1082a659fda0750a3ed96777185144a5ab7a20719eec8eadc1418cc84866bbed3bbe4dce8301e65e8,52,868,7,125,4/5,0
HWS-003-BACS,3,173,BACS,limo01,1784112482801742475,1784112562258622970,0,0,79456880495,4,-100.35,11.78,0xc304e7b17a46c3748a6a182c2dd4078a2797b6a0f345652a0d3c16fd6f5d995ca2d3d1637d3b0d0fbf08ace9146dd28fb9ed100d,52,868,7,125,4/5,0
HWS-003-BACS,3,174,BACS,limo02,1784112489861700416,1784112596714412857,0,0,106852712441,8,-93.42,-3.92,0x5252e510c0a0a17d09f02855925696673dd65542f280ea75e2553aae48aeb60c2715c74736210e23dfea16cede525cdaa5c1f528,52,868,7,125,4/5,0
HWS-003-BACS,3,175,BACS,limo02,1784112492909389856,1784112687525385570,0,0,194615995714,7,-106.15,11.18,0xef1219051be7a1ed6fe8b0fea84c57797d857acdccc2ae4faf1ca6139a44d21e2924d50db906d3e99596738b85fa07a674197987,52,868,7,125,4/5,0
HWS-003-BACS,3,176,BACS,limo01,1784112494889798734,1784112608416688252,0,0,113526889518,6,-108.19,-2.52,0xc8b201585dcf082817757446b178cfd2e1c21a218606918004bc51fda4ac8caaf5cef2ede0f8e705b60fb7447a7ef10a845758a6,52,868,7,125,4/5,0
HWS-003-BACS,3,177,BACS,limo02,1784112500452298397,1784112763307822742,0,0,262855524345,0,-102.85,12.57,0x2f15ddf96c2843b5601d484249614375a6ebd308d96859b1b99b3730528e11857df5793383b481ad647169cd844924fedf04c1f4,52,868,7,125,4/5,0
HWS-003-BACS,3,178,BACS,limo01,1784112504180935673,1784112755253210459,0,0,251072274786,2,-95.27,1.69,0x9d02d839d2b5924a162b5eba36b50feb14958e35d7f116f36d33cdb101202b176b00f851cfd9ec1d5a5e7b403bcd9fd3424c2058,52,868,7,125,4/5,0
HWS-003-BACS,3,179,BACS,limo02,1784112505102649915,1784112780313023529,0,0,275210373614,9,-109.68,6.20,0x4e1da856b350f1474f64d227d9b1a0bd28dd514e68b500dd7fc924ffde8cf6d13afedbfdd4052bf1e403631e900633664f0c5767,52,868,7,125,4/5,0
HWS-003-BACS,3,180,BACS,limo02,1784112509284991452,1784112700681816721,0,0,191396825269,7,-100.46,8.21,0xe11965ddbba56b1007d416a956004f3e00d0a213bd816f960d24fe556b06180340ccecc2f7e85178ddea0fa7066dce141eadf39f,52,868,7,125,4/5,0
HWS-003-BACS,3,181,BACS,limo02,1784112512480045124,1784112724117267511,0,0,211637222387,1,-97.82,8.88,0x4d2e2562a8602c36a83e1841fa76769ae32aee95946b07a9b3cea03b5060c1ca1a93de67a550bb3c4f33d3a32958a59e1c29c63e,52,868,7,125,4/5,0
HWS-003-BACS,3,182,BACS,limo01,1784112518638413137,1784112749236169716,0,0,230597756579,3,-93.39,-2.10,0x11889398a3f8ba016a08d38c79c36f6a05f4aab4c698b28687b71517ffeb9f951289484b9f3b1f5705ba29a1d3213934e67edb47,52,868,7,125,4/5,0
HWS-003-BACS,3,183,BACS,limo02,1784112522601235383,1784112737330400500,0,0,214729165117,10,-81.56,13.51,0x601778c5ad44c2f5cb3acfa7a5e60aa177c4fada3ddec27be5e3d0ffb02e9926e685d458777274ea774633b767f4d067d213bc32,52,868,7,125,4/5,0
HWS-003-BACS,3,184,BACS,limo01,1784112523852563585,1784112770387461717,0,0,246534898132,8,-106.71,12.10,0x1b13f6924757da3d3873653ab9cc4d0ea36d7e85098debe113c7a5b51ea6b198a809e292d585d318ab0a0f2938abf4171399dbdd,52,868,7,125,4/5,0
HWS-003-BACS,3,185,BACS,limo02,1784112529989792774,1784112762395456710,0,0,232405663936,5,-85.41,4.44,0x0e24b1ec1779328dd5679ba3a37efe8fc850d8fb0a93ffb08543fcd95989cce9ad529fe89de8e5cc4bcfae30e2b391f29ef7cb19,52,868,7,125,4/5,0
HWS-003-BACS,3,186,BACS,limo01,1784112533568367221,1784112627138413820,0,0,93570046599,2,-81.29,-1.14,0xa5aed35489a0fd26d8b93a9c9fec08d950fd151ce05c460c52300d3bddcbe7884e9c89431bb325d1b46a2b0136d3d504ed8b31b6,52,868,7,125,4/5,0
HWS-003-BACS,3,187,BACS,limo02,1784112533636261957,1784112880697745189,0,0,347061483232,8,-93.34,1.79,0x4fb48874bdcb0144d4439df3505deba1786e0fe9629fa0ee0afcd4492f5391b8de1fab1c6d695fb2a9fc1d07a1577850471f6fe3,52,868,7,125,4/5,0
HWS-003-BACS,3,188,BACS,limo01,1784112537927123318,1784112618858489896,1784112618858494386,1784112619029667353,80931366578,4,-107.50,2.99,0x2acb16efe5945e93089e762521e505c6f80e9f4f524f460a097e27db4e7a3e7cd281392e7cf30beb8231a93dab16f97a00952ee5,52,868,7,125,4/5,1
HWS-003-BACS,3,189,BACS,limo01,1784112543889974048,1784112617356838925,0,0,73466864877,5,-81.79,-3.65,0xbdc7b9f72ae37c843fb86c90a337465d203c8329f081d866a173b65c90ad7b79ebac81ec128c8e95fc981736d3110cb4b660c0f9,52,868,7,125,4/5,0
HWS-003-BACS,3,190,BACS,limo01,1784112544237736159,1784112856870937289,0,0,312633201130,3,-83.50,-0.65,0x6ca7c18b0527e50113973d51abea0286de71f9b6fb797293c080095d2b5eac11381d13110245a6da68f5efd89b34082e54d3f09d,52,868,7,125,4/5,0
HWS-003-BACS,3,191,BACS,limo02,1784112548764094947,1784112640877486488,1784112640877488245,1784112641043859873,92113391541,7,-85.33,9.22,0x2be2a651b917960137ec441d8d70a6e346060dd9f04b2dddf5cb19f214e946717cc43658d6ce6029b40fd762395076b8c70640d8,52,868,7,125,4/5,1
HWS-003-BACS,3,192,BACS,limo01,1784112555039993041,1784112670663192599,0,0,115623199558,1,-91.91,12.05,0x357b7e974798cb0a85042537aa81c3ac32787ad1c86b169445a7256b1e94eff5d832729270e7d2c13a074713e7643d3f5a25221b,52,868,7,125,4/5,0
HWS-003-BACS,3,193,BACS,limo02,1784112556201357502,1784112679110063250,0,0,122908705748,10,-80.73,2.26,0xf659fe174fc510358a76d81a319e73c380307e149ce26f26c0ceb21c67b693313469b23ec14420bbdf38836019ad19bc83bf2e11,52,868,7,125,4/5,0
HWS-003-BACS,3,194,BACS,limo01,1784112559496531127,1784112749635448636,0,0,190138917509,2,-105.95,2.79,0xfe0698523b02a2f9618cbe07ca1ec7e4bded03964cc08ec0be110b684e5599196f395d7dbfd5ea4dbad514da8b67e5f46b9c3dbc,52,868,7,125,4/5,0
HWS-003-BACS,3,195,BACS,limo02,1784112564234670875,1784112706303542013,0,0,142068871138,10,-89.41,7.81,0x3e0dd34815b14d5b14585a873e86d054dc40f39730c41cb9aa0811940cb8095d533cd14af536af8b7f84ac83841ab462ab3739ce,52,868,7,125,4/5,0
HWS-003-BACS,3,196,BACS,limo02,1784112568155169264,1784112717723416485,0,0,149568247221,5,-89.23,13.82,0x33239528c69b76ee0e7c2fdf8cab00613c8f1c0ef4c4fe7552cbc379a12495e3309cfbb513c444a48bf01e066602a641ca147e56,52,868,7,125,4/5,0
HWS-003-BACS,3,197,BACS,limo02,1784112571065917099,1784112701276123842,0,0,130210206743,1,-98.46,2.80,0x49d7b23401dfcdc158750f6f85cb8380050783b26ace3f8fea33ce8b0b556a6bfd3f50db2171f65dcd1909740ece3cff8dc3acfe,52,868,7,125,4/5,0
HWS-003-BACS,3,198,BACS,limo02,1784112575829364917,1784112652443982140,0,0,76614617223,0,-85.94,11.71,0x2fd232a98f9ebaef61c51992193cf2e944ad0a3a7c44c8c9e878f11b42a7230321d2b20602f5ff68aeffeb88a48103a2faa9f9e8,52,868,7,125,4/5,0
HWS-003-BACS,3,199,BACS,limo02,1784112578397190431,1784112733972029605,1784112733972030626,1784112734143858629,155574839174,10,-97.86,7.82,0x15dcc1371fb78d169ed5318d424d2ac81527c0522890698be049222b86c99abfdcbc24e0041c7d6b527a20e4d001013ac4165f87,52,868,7,125,4/5,1
HWS-003-BACS,4,0,BACS,limo02,1784112582833500721,1784112749617415959,0,0,166783915238,3,-101.21,5.87,0x94857b68754f49e39e273729db5474f4a16a16ea883f18600ee11470373c31f2a5feb1eff4455b683e47863aaaac930d90b5f61e,52,868,7,125,4/5,0
HWS-003-BACS,4,1,BACS,limo01,1784112585823075381,1784112726740377432,0,0,140917302051,10,-103.15,5.29,0x4382b3d4f93f5cba29394688b0cb82d8ee3fcc098a4d66bcefe5168a5296b238060b32140201373b3b35760c72e274561b7eac2b,52,868,7,125,4/5,0
HWS-003-BACS,4,2,BACS,limo02,1784112587409164698,1784112695494469928,0,0,108085305230,4,-96.57,2.08,0xb473b693cb4fb7a10989d525b442b69ee293823999ed46d0be98d2a916c8fa06ca88aa8c63f97a325ee8c315129f0dd48103e6ad,52,868,7,125,4/5,0
HWS-003-BACS,4,3,BACS,limo01,1784112593289517492,1784112741602971592,0,0,148313454100,8,-86.79,13.95,0xde37bcf2e87e9e524031dd0378cfa3a97f1eae4cb8b5e18dd0e74ab51d42a0d89912c072bcb8e348aafafa2a4f367c0a96cd6ec2,52,868,7,125,4/5,0
HWS-003-BACS,4,4,BACS,limo01,1784112596820190352,1784112747867004060,0,0,151046813708,2,-87.93,1.36,0x3fa4741fd8eaf4ff16dfc72b767653ce4050589efec04675d5f9724d5ee1afbefa2e31ece438bce2bd17c5dbcee3c899ecbb9734,52,868,7,125,4/5,0
HWS-003-BACS,4,5,BACS,limo01,1784112601725576673,1784112685911620774,0,0,84186044101,6,-103.16,2.47,0xbfe77eed178171bae1c6eda083305a0350cc8fd6ed998a4e5617f93f4d1ddde71bf40447257de296dd6f0388615ac4b7ca548c4d,52,868,7,125,4/5,0
HWS-003-BACS,4,6,BACS,limo01,1784112603876522493,1784112690471895611,0,0,86595373118,10,-102.39,9.03,0x2e755d49a7fef49f560202bfbd88ced689ddcbf4fe94bc0c070924af8d5aed29d2fb0509bedb30067a5ab4a9d2bff1c857292203,52,868,7,125,4/5,0
HWS-003-BACS,4,7,BACS,limo01,1784112607172018591,1784112661800327612,0,0,54628309021,4,-83.19,-2.59,0xdb63b5bbf6fbaa7c470615348a39a4e3cde75f5fa6d8b33cf5d0b80c3a4a64cb7847cac5e22bd521b0c6b973f105f5056130f935,52,868,7,125,4/5,0
HWS-003-BACS,4,8,BACS,limo02,1784112610862007765,1784112712520018302,0,0,101658010537,2,-105.32,-2.61,0x75b093559c09719bf0e33324102fb29531f540d9ff5b51694be53edf6086a9f5eb136841404b26388758c5dc6a989cb7c23c57e8,52,868,7,125,4/5,0
HWS-003-BACS,4,9,BACS,limo01,1784112613711801810,1784112726720277168,0,0,113008475358,6,-92.77,5.38,0xaafd62da5ce8c51b3d024d77a06b10f13c6810db2eb13f3cbae706601c35e19a7c447f43a91e69db0f6ff145efd139e4c3293afe,52,868,7,125,4/5,0
HWS-003-BACS,4,10,BACS,limo01,1784112618704645139,1784112702638960665,0,0,83934315526,7,-99.45,13.52,0xca0f732b463d9ca66fbf614b5d8dcb92bd3127ee3e20171aa77c442ac1d776aa38446271b2cc32130c09ffb28f8c4cae5b6acd56,52,868,7,125,4/5,0
HWS-003-BACS,4,11,BACS,limo01,1784112620685968404,1784112906636967631,1784112906636968807,1784112906806206272,285950999227,10,-105.36,14.51,0xbda7e8f47e2ec4f5b0f9a97f4567e601d69857507bac65a5ec636bacb535f8e9c7c729aff4ea181569584cc798b639a6f0f1d4c6,52,868,7,125,4/5,1
HWS-003-BACS,4,12,BACS,limo01,1784112625603170852,1784112771733569398,0,0,146130398546,1,-94.05,5.07,0xffda536e557d053d21bff1b0028ec1b5bcabacc35376a2cc9af1b97d3375606f5a71fec1fd07ee9192cb4b7b0f3026de168f9f8e,52,868,7,125,4/5,0
HWS-003-BACS,4,13,BACS,limo01,1784112627773221611,1784112692646414619,0,0,64873193008,8,-88.51,7.09,0x68e6154920ec7dbc6ac320d6ec6facdc5c1d72420681e85aa0edb1b7569d6c6af90a7dc71d7475d43ccec7015d465f6fa588de9d,52,868,7,125,4/5,0
HWS-003-BACS,4,14,BACS,limo01,1784112631920726112,1784112698109216023,0,0,66188489911,9,-105.77,5.11,0x4f11fb3aa705abe7f2e3f5f11ed4a9662b289367562307b2cff7a66e9b3708c6bfe7577a95a256c8edf4fe89c6c06591c775dc18,52,868,7,125,4/5,0
HWS-003-BACS,4,15,BACS,limo02,1784112636933283181,1784112766199679809,0,0,129266396628,1,-109.19,3.69,0x53d5872391a4009375c82f5a3eaf0baaaa8a209283d6f3a15793657fd300a6f598fbaa0f80afabeaeb869a1754784957cf7fd46c,52,868,7,125,4/5,0
HWS-003-BACS,4,16,BACS,limo01,1784112640399342933,1784113063347289170,0,0,422947946237,6,-96.69,14.31,0x43ef1320d7621a13bd7520c3ba07a5500e2b4de96b416799d4de0c2005c462c39d98684be2ac6e55e9b4ef478d00492b02a62c62,52,868,7,125,4/5,0
HWS-003-BACS,4,17,BACS,limo01,1784112641619448644,1784112748888723313,0,0,107269274669,10,-101.74,11.69,0x828a9e2acdb1368d272e8e8f9edeb21ac9e0ad9da8f2fb3638a266c9cd523a880f25a69c19b798b29eaa1286c9de24867630f04b,52,868,7,125,4/5,0
HWS-003-BACS,4,18,BACS,limo01,1784112644971460547,1784112926229582662,0,0,281258122115,0,-89.47,1.48,0x32719ac123992456e2ff874c959bbd0b2b41f6e3a20431147911d23c6b79e3cc89a2b36680909aada1f6da5cb24337a741276c22,52,868,7,125,4/5,0
HWS-003-BACS,4,19,BACS,limo01,1784112649214583658,1784112796327820281,0,0,147113236623,4,-97.31,-2.92,0xd09724593335c81e61151740bac40a4fc65f1313e36ccd29c994ccaa0bb4bb06c6fbe65707c32a733ec98fdde722205d5da20a68,52,868,7,125,4/5,0
HWS-003-BACS,4,20,BACS,limo01,1784112650985883204,1784112741238809903,0,0,90252926699,1,-105.92,8.93,0xafdcaae362ee9b26ee0d32517cc8610fa5b3d38226579ba7735290f425d3f278ff9d4ae00e1d4d9cbea2b8555ad17a0d1248aaf7,52,868,7,125,4/5,0
HWS-003-BACS,4,21,BACS,limo01,1784112657856383382,1784112865368340858,0,0,207511957476,8,-84.33,11.52,0x46356a326ede517aa6e709fe98c52d3ed36955aa2e7ddb11852baca295efaf2cc9312ed313118e90c1db8c4519e4b981d3af3d88,52,868,7,125,4/5,0
HWS-003-BACS,4,22,BACS,limo02,1784112658302427652,1784112813742501557,1784112813742505439,1784112813914750931,155440073905,5,-91.47,-3.44,0x50e6843ac31eb6a1cbe8d7b3e9dbbb102eb47a7c94c36d6673b119c9d02ff05d6370d4cac5774ee788146c0e12681bfa3db40f8b,52,868,7,125,4/5,1
HWS-003-BACS,4,23,BACS,limo02,1784112662156522764,1784113040368764469,0,0,378212241705,2,-105.19,3.75,0xce4238918981cf8ea8423d81112c0b022eee767f8fd238332080df560621d377fc5cede73e22ca43c917a423b515960e1cbdd0c2,52,868,7,125,4/5,0
HWS-003-BACS,4,24,BACS,limo01,1784112667744984404,1784112891096574870,0,0,223351590466,2,-100.66,9.79,0xca08add453b854e31ad35c6c69f56f07413baf23574244734898740290ac3cb31ad120c8d88427befb064d15aecdec0c10d8c85a,52,868,7,125,4/5,0
HWS-003-BACS,4,25,BACS,limo02,1784112669680272572,1784112872875993227,0,0,203195720655,4,-104.58,-4.36,0x5404b826d698c823a12266df84c362a0ad39f6b8b2e7bcf0cc72873ff8981af8fcabbe07cb8d241e6f2a1d95e1deb7735cfa98ea,52,868,7,125,4/5,0
HWS-003-BACS,4,26,BACS,limo02,1784112675986543761,1784112798113551095,0,0,122127007334,9,-84.31,14.60,0x78ec97a255c825673657bd58bae30109687b1f17fb48ec1c698e27531a1989488832bd9bcc648ecd4cf8bc90cf0f3fe275c35795,52,868,7,125,4/5,0
HWS-003-BACS,4,27,BACS,limo02,1784112679525421573,1784112764612233535,0,0,85086811962,9,-85.71,5.28,0x45c0b1d722eeabd43431b2887133aab548d1f859b7840173cfe1bb6c94b5ec38578f33f2f395de245d24becc7f5d9b74ebada110,52,868,7,125,4/5,0
HWS-003-BACS,4,28,BACS,limo02,1784112682716764983,1784112871536630453,0,0,188819865470,0,-88.26,4.54,0xc319777ae9faec86cd0dc2832ef7299aac812f61a37563c9e4d624c24c7e45d9fb38d25f3b6b542d13ce01462c1841f390296ebc,52,868,7,125,4/5,0
HWS-003-BACS,4,29,BACS,limo02,1784112684038960638,1784113111233499907,0,0,427194539269,3,-96.97,13.58,0x53e6894049ea05b6a95c72fce6a2eedb94b207b3fbda06c2efd5e4bf5af0f89840191e534880b2feec01559c0c811df7bc99ab2d,52,868,7,125,4/5,0
HWS-003-BACS,4,30,BACS,limo01,1784112686424368516,1784112974723895591,1784112974723898553,1784112974890323822,288299527075,0,-85.33,0.90,0x5dc3b5e711a31f70459f2ef9e284db48593a86416c1e7695c08798ae89e0c7297f27032e5439c10a830e1cd078ea125ef8888e40,52,868,7,125,4/5,1
HWS-003-BACS,4,31,BACS,limo01,1784112691092593318,1784112799493802177,0,0,108401208859,8,-96.94,-1.02,0x01d0b51bb2a5c7e82882823dcfcf48950a38acce907ba37714cb32220f9144a3c0b714c677ff327c26d1b89dc0b39d5b080b2d52,52,868,7,125,4/5,0
HWS-003-BACS,4,32,BACS,limo01,1784112696970099462,1784113281011004652,0,0,584040905190,3,-101.47,8.10,0xcdc7e97191b61f11611e1b5d081ac242d0c93b418adc4507fe9d9d62fcce8355cbf2987189255bbafcea1761bdd09344cd90ba3b,52,868,7,125,4/5,0
HWS-003-BACS,4,33,BACS,limo02,1784112697187065252,1784112933128848772,0,0,235941783520,1,-96.43,-4.28,0xa3c2ae8de4bb98b4e74a678761aac7babf6a4c56767d7c3665d2e13d1ca891d8d5ac7340b96de2a81c49cfb94aaa3a58c42620fd,52,868,7,125,4/5,0
HWS-003-BACS,4,34,BACS,limo02,1784112704105834619,1784112974135543124,0,0,270029708505,7,-89.81,5.66,0x156bd0937c835440c247ce8d133bf14fca23408707c8b699c8172b185ab72d244778f667aad13b54572749b3eeccb5c14b3d37af,52,868,7,125,4/5,0
HWS-003-BACS,4,35,BACS,limo02,1784112704177265099,1784112860608760955,0,0,156431495856,3,-106.69,9.67,0xbe24858abb4ba9d169a9b839a7d094df41bee210ec701e671a10599a96c36d36fcd9de8b09de9944ced6ba29907fcfc68bbd608e,52,868,7,125,4/5,0
HWS-003-BACS,4,36,BACS,limo01,1784112710229046714,1784112995745365090,0,0,285516318376,3,-87.68,8.66,0x952cf2ee77cce63a0203e661ca8de92543a5147c66427c71f1bbfbdd62dc4ccc8a4b1d6ac65d6cc5c72d9ea871e9efec352c2398,52,868,7,125,4/5,0
HWS-003-BACS,4,37,BACS,limo02,1784112713216070671,1784112846099335433,0,0,132883264762,3,-87.72,-0.97,0xe128369e9e83ee62a12007c7c73ce2140ba683c55886acb1232ba7cefb5e276cfc7a09707d9b2c93852dbfa22cee63d669fcea16,52,868,7,125,4/5,0
HWS-003-BACS,4,38,BACS,limo01,1784112717746504343,1784112874811967821,0,0,157065463478,5,-101.72,1.71,0xeba8e8d646b86f765304f0020e506dcbd592bd997457cca616e010a3256cf55bc00cdf2e077d5aedd4c774533e19acc781667a3c,52,868,7,125,4/5,0
HWS-003-BACS,4,39,BACS,limo01,1784112718922953350,1784113318922953350,0,0,600000000000,8,-94.43,4.40,0x97aede5fd36ebc748c7c0daf0f54b2a0e17452abe45d254509e27dca8e55a13afa4a7a43905bb071ff5b612b5c8d74958daa7562,52,868,7,125,4/5,0
HWS-003-BACS,4,40,BACS,limo02,1784112724482511832,1784112816596560176,0,0,92114048344,6,-80.13,-2.65,0x145274463c2517824e4b8f7c3f7bee9583c852f32782af0dbb499eb6232e7eb429654e53a71120450834730a5647618a37b5d3cf,52,868,7,125,4/5,0
HWS-003-BACS,4,41,BACS,limo02,1784112728894910409,1784112903336148891,0,0,174441238482,2,-108.70,6.74,0x823e26a87f01f4df264e55ae6b368227a1a32293e9e2829f52a57814689b1b9a49d9aa7d63fb5d116d15f4bdb15bfd4465060db3,52,868,7,125,4/5,0
HWS-003-BACS,4,42,BACS,limo02,1784112730290622246,1784112858624626594,0,0,128334004348,6,-98.02,10.69,0x40117e7a148837f41d20b8d0ea7f1a17cfed14f55b7aff52f510d8c80fca799ced3fe750f748c64866b908f4a8e47a0efe578d1e,52,868,7,125,4/5,0
HWS-003-BACS,4,43,BACS,limo01,1784112733418689716,1784112848958551156,0,0,115539861440,5,-99.87,12.94,0xa63173f48d9668c0fb2841403ccb61addc19d106db8fd9d472893014b46a2882ed8691c502c8c5e037d0897ce6552bd475c275d4,52,868,7,125,4/5,0
HWS-003-BACS,4,44,BACS,limo02,1784112738311972165,1784112904971950565,0,0,166659978400,4,-96.61,14.25,0x9c51743e0d832c0a55d1a269406895749908fe30d4fc37eb12faa9e4bc0a13c75caba17fd575d6ec9e422c6e53f22c3e7504ae5d,52,868,7,125,4/5,0
HWS-003-BACS,4,45,BACS,limo02,1784112740809545877,1784112832035888507,0,0,91226342630,9,-88.09,1.35,0xd05e576f86e98bdbcbcb2385c0573d8a911e77539bfb9639c40b93d12f60d395017fa7ee82cddb65d1b979abc12a16fd68eb1000,52,868,7,125,4/5,0
HWS-003-BACS,4,46,BACS,limo01,1784112746152887513,1784112910342581795,0,0,164189694282,3,-83.19,-1.41,0x9c0603e1693697e5e608fd9479141c80f3feb87b77a05f73c43432d1df52ed97444f6afebba45b7f37f27273ec90a20140f56777,52,868,7,125,4/5,0
HWS-003-BACS,4,47,BACS,limo02,1784112747632816972,1784112954939958541,1784112954939961879,1784112955113973691,207307141569,7,-87.32,14.31,0xcdfca074902b46c59c6ea24b8e4d027194bc6b0847a2929c658980c34187ea0235d7e7de2220168e3eb1733515907a743e5747b3,52,868,7,125,4/5,1
HWS-003-BACS,4,48,BACS,limo01,1784112753828801326,1784113040242584672,0,0,286413783346,2,-92.21,-4.96,0xf7535ae314606b52a295b0abfc8745199e12e1d10f8622207392eec586a6d5f41d4c4f8b30f0038c2ae1456788f440ae37839ae2,52,868,7,125,4/5,0
HWS-003-BACS,4,49,BACS,limo01,1784112757534169054,1784112914510157558,0,0,156975988504,9,-108.82,1.15,0xc82e9a9856860a8abb7fb678832167aba405ad4ed1fe9230c5e18de6f6ff2dc38c92249f62c3ffaffc8ab3a6d333c19d611b8b46,52,868,7,125,4/5,0
HWS-003-BACS,4,50,BACS,limo01,1784112759628405448,1784112828754838957,0,0,69126433509,2,-92.08,-4.43,0xc345e09414d7e940b3718fbca324aad45495b45540824cfa0427fec31965295630375b99270925c089525cf69f546ac0c72a4760,52,868,7,125,4/5,0
HWS-003-BACS,4,51,BACS,limo02,1784112763225995176,1784112946456331761,0,0,183230336585,9,-87.71,6.41,0xabd6508df13d08db6073d84722d81176735366359b4ac69abfe84ef8b9000a9f2b23334644aea3ac1a3488668c203a9e4f330320,52,868,7,125,4/5,0
HWS-003-BACS,4,52,BACS,limo01,1784112766032787688,1784112891508654352,0,0,125475866664,1,-83.21,5.60,0xc33683f13bf2829f1a14f19db99857c1848e6e0d5ff8a833c28fbad604f391d6b1bfac381796c799b234c1d7f2db1c38afab750c,52,868,7,125,4/5,0
HWS-003-BACS,4,53,BACS,limo01,1784112768677425301,1784112866005327670,1784112866005330367,1784112866172052983,97327902369,4,-98.70,8.58,0x788741ea9be3109dbb81339db0fcb5664c5691346d5ad6c448fa9b684ce87d72a3b0d27bc17cd4727045360d2055d0ab3b02bb4c,52,868,7,125,4/5,1
HWS-003-BACS,4,54,BACS,limo02,1784112774165262323,1784112900146185436,0,0,125980923113,4,-86.51,5.65,0x364e6930914f782b497888861e4ac19b1a6f511dd85d784a2c332f5627e56545e2beaa16f8103ecf976f5f144f00f94f8715bc98,52,868,7,125,4/5,0
HWS-003-BACS,4,55,BACS,limo01,1784112778050360468,1784112949760519609,0,0,171710159141,4,-89.70,-1.57,0x32ed1d3b1facfd141b95b1c39f6da495ba3b0233fdd0b34940df4a5fad2420504de66154262dc491f8bac3ba24f6b1e098ad5cc6,52,868,7,125,4/5,0
HWS-003-BACS,4,56,BACS,limo02,1784112780858695224,1784112885706770371,0,0,104848075147,2,-108.05,11.66,0x4f91bcd85a0887e53490d1552c98fd0b6f6583b1782d0c4f250638128dfdb94e9ba1ad468ae9fc9968ec322c96245b13c85282db,52,868,7,125,4/5,0
HWS-003-BACS,4,57,BACS,limo02,1784112785198842688,1784112899487115581,1784112899487117506,1784112899652406027,114288272893,5,-90.56,14.66,0x15598b4a0dd439e7a3b87388b78ccf76b81530abf2e54d5b17a6a7c98390d37e3b0278ecaf67bb8603d0e6fbf473c2a9cd6a7357,52,868,7,125,4/5,1
HWS-003-BACS,4,58,BACS,limo02,1784112789177751596,1784112991910571367,0,0,202732819771,10,-105.57,14.69,0x043366f49c083bb2eff2fcd452e97584c6052a2099edeb1b7f8334cf4096ccc84f6954ed33b3869979f560af637441909d425bce,52,868,7,125,4/5,0
HWS-003-BACS,4,59,BACS,limo01,1784112791342570772,1784112844628508237,0,0,53285937465,4,-103.79,12.81,0x2d9dfb87016f63afa7ec84f05903e88e6ad8b7fe1e31040aa775efb4fae33512f234300e3121ba40d566f9877adcd81466c64ff2,52,868,7,125,4/5,0
HWS-003-BACS,4,60,BACS,limo02,1784112796259309942,1784112932321367669,0,0,136062057727,10,-96.07,-1.21,0x3bc3200fe9eefe297adb4f264022f3952faba43576f7e7173e7ec39e6e27c66e77fbaae780c98beabaa6a49b935c18a7b37ebeb0,52,868,7,125,4/5,0
HWS-003-BACS,4,61,BACS,limo01,1784112799744191671,1784113008064616879,0,0,208320425208,9,-86.80,10.88,0x9855c6cfbeee01e9a7a5cf1a19547c7083c051f9bd4a5d8bc2a8cf67e6457e6b20476e9f86983e172f56e659e59922f6a7a250f7,52,868,7,125,4/5,0
HWS-003-BACS,4,62,BACS,limo01,1784112803335606206,1784112919163602281,0,0,115827996075,5,-94.85,9.23,0x978375dd88973c5d0f2c52e8fa71cecf5c6b981ceb673d68292d5273d9547876bc2ffa0f8712e3b563c3307781fafaab7f2c6cf2,52,868,7,125,4/5,0
HWS-003-BACS,4,63,BACS,limo02,1784112804787340941,1784113179487018151,0,0,374699677210,6,-94.44,14.81,0x5987af1cd16a6b1a36642b99726d80f51d8d8ae19eca8bd0a7c5507b9dac8e75a19557512281a0db0b229f70f043e17b00df2c46,52,868,7,125,4/5,0
HWS-003-BACS,4,64,BACS,limo01,1784112807978121912,1784113074459859069,0,0,266481737157,1,-82.54,1.78,0xb5c5f7d874e79dc3184bced82019ab093e9ed79dbb9fe4563b1391be5cfebb7a30b7d0693d9b2038b67c79e2c482d0d96bc729c4,52,868,7,125,4/5,0
HWS-003-BACS,4,65,BACS,limo01,1784112810683142798,1784113057227226891,0,0,246544084093,8,-102.76,6.18,0xded9b4786d7ee1a62736c6ad6340e9a3ae573839c3d5921be0dd65ada7f1809688b91c1ad1de10fff3bf9e3e1ca6864a160ec1a7,52,868,7,125,4/5,0
HWS-003-BACS,4,66,BACS,limo02,1784112814681816483,1784113159742866334,0,0,345061049851,0,-86.92,7.77,0x8215e043d22eec543c8436e296570f3004d7b6772da84b1956fc550ffa710930a8482d472fe73f7cf90703286485445e38e38c84,52,868,7,125,4/5,0
HWS-003-BACS,4,67,BACS,limo01,1784112818051103281,1784113018110736460,0,0,200059633179,5,-81.47,3.17,0xc9528ac6acd20c2a334ffe7f07f53415e5bcd495e0cd9bf07a3d03d4285f02eb8a356ab7007d496445c50f013367a0af4fe205fc,52,868,7,125,4/5,0
HWS-003-BACS,4,68,BACS,limo01,1784112823795685845,1784112922163195541,0,0,98367509696,0,-104.96,8.71,0xfa4991f719f7c18bdb0b0a97c9202211742bfa2becc445c33d8a03035ee861c0c6f28e7108d2adf18a940fc95389246678ba5bb2,52,868,7,125,4/5,0
HWS-003-BACS,4,69,BACS,limo02,1784112828286467135,1784112969328887661,0,0,141042420526,6,-91.85,8.40,0x950957ab13dcb93729510a2fcf3a364b54bacc826580e6fc81724442ca9b04d09ec89436e3bf1d3fe86ec9c3553f8e8cc46d260c,52,868,7,125,4/5,0
HWS-003-BACS,4,70,BACS,limo02,1784112830285027623,1784113124449036676,0,0,294164009053,3,-106.28,8.49,0xd49c038ca397bcf781150176b951d863959120e1d2f3e591c8d86f0a5bf9d2c035ead2118690a3141796b31c24775acebd765db8,52,868,7,125,4/5,0
HWS-003-BACS,4,71,BACS,limo01,1784112832975509729,1784113033411192238,0,0,200435682509,4,-105.27,-2.06,0xc29471d8231c2f2010820262616f24f123a9012731362b7d9a4c1042962ddf017b163fd58b35c68efba0bf71548c7e758b9876c6,52,868,7,125,4/5,0
HWS-003-BACS,4,72,BACS,limo01,1784112839047060162,1784112931989992621,0,0,92942932459,7,-103.51,5.43,0x0bf95ee4a3b553b58c119b5172049f6bfed38a8ab58b2803859f3fba6fe4bda1e623f979f526a704ebc25e45688aaa04a1d4f171,52,868,7,125,4/5,0
HWS-003-BACS,4,73,BACS,limo01,1784112840933446053,1784112939226486177,0,0,98293040124,10,-96.36,3.10,0xb638c80fd35eda09ffbf5dd07caa2c2144c8a2d41d228615d86b03c25558739ca2dcf633d7513276299a678b6caa1ec60f374760,52,868,7,125,4/5,0
HWS-003-BACS,4,74,BACS,limo02,1784112844781928881,1784112933660411191,0,0,88878482310,9,-104.20,-2.49,0xb2587bbd3e5dcc69cbf92054382acef6c1e2bf5c0996444cb22a5398a5d4b9ba8709a7e8571aa298192d057f3e0ac28664b8e55f,52,868,7,125,4/5,0
HWS-003-BACS,4,75,BACS,limo01,1784112847073221555,1784113081481248499,0,0,234408026944,9,-97.59,9.87,0x775f753fd69441cefdc88e919798d6cb9216528bb94ed187c953a8f5c0dc4f7ac32eb3084fd94fd1495564ef0ab9dcdce71dccd9,52,868,7,125,4/5,0
HWS-003-BACS,4,76,BACS,limo02,1784112851349698906,1784113268530354730,0,0,417180655824,6,-94.78,10.32,0xf5604b2ce8b94778005148a67e11f0d5ba31201d2b6188cf9ca498a0f5fddd93270f83995487035d5f2837376d3631106935eddb,52,868,7,125,4/5,0
HWS-003-BACS,4,77,BACS,limo01,1784112854877859948,1784113108865568782,0,0,253987708834,6,-95.16,13.31,0x342e5cdc2ea8af54c9b9376c85c506ad5f8213bfcd2807be98e2af4e2be1bceb23c6cbaedd6f72319f45e6065ad700422666fc42,52,868,7,125,4/5,0
HWS-003-BACS,4,78,BACS,limo02,1784112859072610534,1784112987641858031,0,0,128569247497,5,-85.31,2.73,0xdae49c808cfe2448157982cd1bc475e91645b9432a06ea416c31491029475396bc2332b74b5a721de9084cc0f741e3a2b700412b,52,868,7,125,4/5,0
HWS-003-BACS,4,79,BACS,limo01,1784112862173732732,1784113081971500100,0,0,219797767368,5,-101.02,6.55,0x3610eabae27cefc914401e6c212c7927e8a842e1906e56a3569125dbab016dd7a37a6b82a81d68ce0e619893cf0423cb806d0504,52,868,7,125,4/5,0
HWS-003-BACS,4,80,BACS,limo01,1784112866052212968,1784112955921327565,0,0,89869114597,4,-103.10,3.00,0xe4437b3f7333f7e596df80c529ff476f6c8b098ace0424450ec0f8786a7de431554c1f2ed46e3667c60a0a1bc86ab308db21548a,52,868,7,125,4/5,0
HWS-003-BACS,4,81,BACS,limo01,1784112868955170954,1784113022434886956,0,0,153479716002,4,-98.17,0.85,0x2ae7fdde2ceab84156f8dc960068ca01295d77eb55555fa76bb2173a25b5d20f7f2b6c58f82eeffec7c3c07deb9b0aeca13efaee,52,868,7,125,4/5,0
HWS-003-BACS,4,82,BACS,limo02,1784112873921347741,1784112974186826195,0,0,100265478454,10,-85.83,-1.25,0xe6e1c0845d36070340b3cfeb2babb1fd66e8c7fe3cd4baa01bf4e6630fd2cddbaa41a3da73778c6807dc39aed081a2e086ca0526,52,868,7,125,4/5,0
HWS-003-BACS,4,83,BACS,limo01,1784112876792466325,1784112957192738571,0,0,80400272246,8,-95.45,14.81,0x683f8b91a9256f582067c05eb90d4603013835762b72c9fc5954f6a3dce08746a7b029b777cd975f163d6b4d9cc12ab1da409f12,52,868,7,125,4/5,0
HWS-003-BACS,4,84,BACS,limo02,1784112878042014132,1784112930942566064,0,0,52900551932,3,-100.76,-3.96,0xfb245ffe02abe01c6b31b1a2bc09c5e4ad29600d467e22b0cb31c131dfb885451d0f9c733621bb58a377a2f11e02d4a32dbf3ce1,52,868,7,125,4/5,0
HWS-003-BACS,4,85,BACS,limo02,1784112885042010989,1784113194506525193,0,0,309464514204,4,-108.00,1.44,0x0e758f4abfc032be1bd667ddd11766917e706942ce0a8af50cefb3e37c6d66f593c1c206557b0d8e993362b5b18aa94a85c5b174,52,868,7,125,4/5,0
HWS-003-BACS,4,86,BACS,limo01,1784112887507556464,1784113002313799742,0,0,114806243278,8,-81.15,8.66,0x7914d0b37f32a0d4b2348833b44a881b944dd50d6e54c20ca52209f5fd29a59cff653f4c03a300fa574104551d30d2d720918353,52,868,7,125,4/5,0
HWS-003-BACS,4,87,BACS,limo01,1784112890623923822,1784113047870211576,0,0,157246287754,5,-88.44,-4.17,0x049d7f8786bc97ad8b58f688eb244e440e5a720c5c7a9fc191b7055a69b75c674a6975b5f15f0dbc992dac8961d1ce2153c885ff,52,868,7,125,4/5,0
HWS-003-BACS,4,88,BACS,limo01,1784112893805553418,1784113004567847767,0,0,110762294349,10,-88.68,12.88,0x3bfd5896ea24b3fa8b03e89003ba8285b9d479c5f0bf85d8f6569e39c833e17a30c73ae060df33aad57945e6758600b5276a2e58,52,868,7,125,4/5,0
HWS-003-BACS,4,89,BACS,limo01,1784112897429585879,1784113009988721092,0,0,112559135213,8,-100.39,2.52,0x95bf0a26acb5c1d1a877ed6f2c4d596e977db7d4cc564a51cd92fd17bf34d43a75d24d2329d761f34446d9a657a18ce75517d5e7,52,868,7,125,4/5,0
HWS-003-BACS,4,90,BACS,limo02,1784112900539292535,1784113061944727267,0,0,161405434732,9,-87.59,-4.23,0xaf5596a509894429211d07ebbf1968e9bcbd4dc49587a2fb1b4e32f28042dba711df7bc87f59e5c267db396f956ae69875d6c4d6,52,868,7,125,4/5,0
HWS-003-BACS,4,91,BACS,limo01,1784112903910341673,1784113094961590037,0,0,191051248364,2,-89.34,1.79,0xa1a996260dd8ba4b03ee5fdfd71154aa7e2933345d567b417d04a2287d3bc78f58a98b97c4a40cea98fb4da7ec0c70a2135dcf6a,52,868,7,125,4/5,0
HWS-003-BACS,4,92,BACS,limo01,1784112906773082288,1784113060641225018,0,0,153868142730,2,-92.11,9.55,0x422539c9621332a124edf198383a90f83f6b0386cf1c2bf191e67638359611114d723eda8ff46a5f403cf99dc5aeda1a132d385c,52,868,7,125,4/5,0
HWS-003-BACS,4,93,BACS,limo02,1784112910692937135,1784113297321131233,0,0,386628194098,8,-83.89,5.97,0xafb3c8dec850bc58b1e269c0d62e22c7a411f41d0ff0b5a91230cd04c6417be9225f0c96a7af64395e20a06dea4470adc7f073e5,52,868,7,125,4/5,0
HWS-003-BACS,4,94,BACS,limo02,1784112914451490907,1784113095312811178,0,0,180861320271,5,-102.54,4.78,0xca0186932b341f24bc18f926aa6e1d8d7873ef58ba3997c4ca3c2b4f40c812514c0714907b61117f8a0f7d3f29e0f07a266376c5,52,868,7,125,4/5,0
HWS-003-BACS,4,95,BACS,limo02,1784112920736001205,1784113094064475017,0,0,173328473812,9,-84.02,4.19,0x5f36e2c1a10738f64da592f76878f69ee574a99944b1433e952262a1c1e07afd2c8201f38a1ac3c46cfbd8cf44676720d609cf6d,52,868,7,125,4/5,0
HWS-003-BACS,4,96,BACS,limo02,1784112923096774709,1784113096871143805,0,0,173774369096,0,-89.00,4.49,0xa09bbd905670d1afeb9562394943c8be225ecc9790fac9eb979a6a8c335c9325e0bf50d45635b56266f82887fb985a7159b6edaa,52,868,7,125,4/5,0
HWS-003-BACS,4,97,BACS,limo01,1784112924921846979,1784113088607926514,0,0,163686079535,6,-81.69,7.68,0x91fcd6eb607a80f7b2ad977950b0d2eb162f48009f78767d5f9e26278328a0b67c13c5128c57b424428229b467520361f23e785d,52,868,7,125,4/5,0
HWS-003-BACS,4,98,BACS,limo01,1784112928086606357,1784113335995996046,0,0,407909389689,0,-84.30,-0.05,0x7b629d11a09cc8593bd19fe5e07761119d850c33ed7b917cf3191f18513fa35c831297bb439e02e91c57c9a0860801e38b64ae65,52,868,7,125,4/5,0
HWS-003-BACS,4,99,BACS,limo01,1784112932428147008,1784113319314052993,0,0,386885905985,2,-97.62,9.05,0x839908630899747ed8c2f2207448cb3f6c2850a6ab7a56fb8613325ea9fd187bbe2c40c43f24d4c5c939b159f449176f808244b4,52,868,7,125,4/5,0
HWS-003-BACS,4,100,BACS,limo01,1784112938190931786,1784113074332703033,0,0,136141771247,4,-105.08,12.17,0xf5f692c40e0e8a71fd6ce545853bbe1e7e2e43fff8b5114e43ba4bd7b861ccd6455612378c0e3c023c11ab89faad45fd4b8b7eb7,52,868,7,125,4/5,0
HWS-003-BACS,4,101,BACS,limo02,1784112941260865206,1784113098483005290,0,0,157222140084,4,-100.88,1.99,0xd02ca55bf1269a3192f3ce4806a66f4a68e5ae73254724675c6430a8c880f36fa97d2a5fb31dff250ed0fd49171e78a3a0b70356,52,868,7,125,4/5,0
HWS-003-BACS,4,102,BACS,limo01,1784112942538639408,1784113060467118914,0,0,117928479506,0,-107.76,4.16,0x982d61580dbb36807abd1bc565c89c9b31871877a615dea71d28c2acdf45d9a109fc20ff50418d426c350a701ee788148ccbea0b,52,868,7,125,4/5,0
HWS-003-BACS,4,103,BACS,limo01,1784112947373169130,1784113126071273015,1784113126071275455,1784113126244784703,178698103885,7,-81.12,11.45,0xb082e23515cb59b333adee45683043f78f93879ef964e03fb9227a1c9e16f16ad41c77d0e40a6d2ac5b1ce8a993d0c44d7bd1043,52,868,7,125,4/5,1
HWS-003-BACS,4,104,BACS,limo02,1784112952286696226,1784113044546922013,0,0,92260225787,0,-90.92,7.49,0xec00c07344af8ae10d577293530c0d9583187445a4531294e5a81ec1d85e337a3d13c5f410904b71d37bb73432be2dcbdfd90fda,52,868,7,125,4/5,0
HWS-003-BACS,4,105,BACS,limo01,1784112952711887470,1784113046988392660,0,0,94276505190,8,-101.28,1.57,0x2600f2d73586d61f4ab9b37e13112fb759c562aa07dc8376596ef8f858b67c8f6e2a88ebd19334ed8db4134ec313099317df5851,52,868,7,125,4/5,0
HWS-003-BACS,4,106,BACS,limo02,1784112959256712685,1784113117128349647,0,0,157871636962,2,-85.25,13.31,0x122ea294e0f261063d302af648e7cc065528df0704f6258ac12bae385a747f590208416eec955283c30c268c58747b90f9c49b66,52,868,7,125,4/5,0
HWS-003-BACS,4,107,BACS,limo01,1784112960611033709,1784113178035929129,0,0,217424895420,1,-98.70,11.99,0xfb10eb33af1267413bbd88ed653eecd056995bf92a5cbbbe9a46a7e1e9db376528d16176cf9f8a037727082715a48628833b2bdd,52,868,7,125,4/5,0
HWS-003-BACS,4,108,BACS,limo02,1784112965834697574,1784113096939190332,0,0,131104492758,4,-109.99,10.97,0x3a28e8d9a8c89c95be87f54be5be436fec359e6acfd9191bddec2bd03baa3531d4c537898a0d757ed85977c3b70d188538d2d752,52,868,7,125,4/5,0
HWS-003-BACS,4,109,BACS,limo01,1784112970321594626,1784113193569063053,0,0,223247468427,8,-81.97,8.33,0x6634d85d945a510d590a5321dc5e0169c852dd9741574e9f13c72010892192d67c899729c4b4b9156b099a717390cbebbb95d1c0,52,868,7,125,4/5,0
HWS-003-BACS,4,110,BACS,limo02,1784112970749308238,1784113037623737736,0,0,66874429498,4,-86.77,6.16,0xa035090af13b48cc944af9f6bf6f14e3d003558668053274b8968d5a714316667e2a47f503404b09b3f56deaec2e27a81800ea1a,52,868,7,125,4/5,0
HWS-003-BACS,4,111,BACS,limo02,1784112977415358407,1784113159641736036,1784113159641740332,1784113159811924190,182226377629,6,-105.22,10.14,0x085e2d4893b2bde589d1c28df4f2522c84c3da87585c19abe2e86003510998a11882e9e446df8b553f44b43f06db0402f7ca3975,52,868,7,125,4/5,1
HWS-003-BACS,4,112,BACS,limo02,1784112977592627077,1784113073370349993,0,0,95777722916,3,-81.65,14.03,0xcee07de19404944771c09076b56fc84b0b3beb9e56863fe57b29e07ede24bb95fdb737ba74f9d79ea6e1b2b4ad1d07abd658c175,52,868,7,125,4/5,0
HWS-003-BACS,4,113,BACS,limo02,1784112984137807901,1784113171712789607,0,0,187574981706,5,-103.74,0.45,0xe9c05555c895593e7e13190ae7db8ceda04ed2fa53d272c7aa7d7203f873f9660f0d6e29a402b2bc8ff53c203d34b91ac6f2b6ab,52,868,7,125,4/5,0
HWS-003-BACS,4,114,BACS,limo01,1784112985044133604,1784113080985155216,0,0,95941021612,9,-100.25,4.84,0x814339144dde378e30313251fbe04a0f1db40406e1709fda07b36399c16108520cdd8037c1527e8d4d7f7d77cefdb8d5cea1e90c,52,868,7,125,4/5,0
HWS-003-BACS,4,115,BACS,limo01,1784112991232080726,1784113100493074663,0,0,109260993937,4,-82.33,6.65,0xfa929a43f204599bd6bcc3121c16d489a5ee60fc719bc5549e60798f2618d30b55b58f07b24d6a25891039f0976eba7984885745,52,868,7,125,4/5,0
HWS-003-BACS,4,116,BACS,limo01,1784112993752700260,1784113118889213260,0,0,125136513000,4,-104.28,-4.08,0x6ce35d6461b2f1aaf12cd7ecd9003a97765fb441ceff63c0843455b151058e9953a84cf2b039df5eb1332de1e4d3d336a758a978,52,868,7,125,4/5,0
HWS-003-BACS,4,117,BACS,limo02,1784112996037666422,1784113324175697496,0,0,328138031074,9,-104.20,-4.49,0x5b1cf97a28d78ce80a6a1579bb737b60eb39631f1ef0dabd2f5efa2e4a7022d4a2dbf884703793017c3ff31c0fbfc9cb6822f945,52,868,7,125,4/5,0
HWS-003-BACS,4,118,BACS,limo01,1784113000447907765,1784113600447907765,0,0,600000000000,0,-89.60,14.00,0xa58262b074b25b2f092252b39b0e62d0e693088ba13d09ceefbc3bbc44a5100219007cfd05c07ade6935a5ceba4f3962a76033c1,52,868,7,125,4/5,0
HWS-003-BACS,4,119,BACS,limo02,1784113002500168497,1784113244096109259,0,0,241595940762,0,-95.98,5.57,0x537725bc9d5999b8537a9139d7da3da08b6997f5e37b088d687899aa4776c5dc5d8c8181ef91cd946f1fe848aaf4c4f74025684f,52,868,7,125,4/5,0
HWS-003-BACS,4,120,BACS,limo01,1784113009240164101,1784113331924953277,0,0,322684789176,0,-86.19,13.50,0xf29b0dbd4c7b5042dd8f2c4b6d8fd8a81f68b97d9f02c9bdbb74a82159ad74d75c805d305d69352377f1fb1fa85acfbe188a874c,52,868,7,125,4/5,0
HWS-003-BACS,4,121,BACS,limo01,1784113010146931299,1784113206211218055,0,0,196064286756,7,-109.86,7.62,0x2684565b21bf97e0a17ad7747429400a645a1d1eefd45f5d7f822e4ae6e2183f9a7ed56abe23a56eebc5d33bcbc5a05e06f4cada,52,868,7,125,4/5,0
HWS-003-BACS,4,122,BACS,limo01,1784113016395195513,1784113174653221869,1784113174653223323,1784113174825937856,158258026356,6,-107.90,2.46,0x9683c348fc7cd48d58efaf7af2f78b95680ded862b7f87826c56e25d7d92b1970f66b46c4c0be228a471ceeccf3e6b47c154ae2f,52,868,7,125,4/5,1
HWS-003-BACS,4,123,BACS,limo01,1784113017381137379,1784113129075650861,0,0,111694513482,4,-88.29,-1.26,0x29de33a323d7d344f022a9d6bbdb3b59bc1b8423e975fd9ac9a7a918e3f32ace46f2263c3f3e6139a55dd7b80e297b81fefd1a86,52,868,7,125,4/5,0
HWS-003-BACS,4,124,BACS,limo01,1784113022875022151,1784113471306325674,0,0,448431303523,5,-101.79,10.02,0xcb57fe95563e00c264a438b16546ec5b1af559e3a1c870eed4f383b663fadce40cb73945043b9d50ceb5be315547326856cfbbeb,52,868,7,125,4/5,0
HWS-003-BACS,4,125,BACS,limo01,1784113023624610670,1784113113210596549,0,0,89585985879,8,-105.26,7.34,0xa266cd665a963b206c821ddf40cd587afce8a5669ec9a25ea0e28857ba039a21c89efbda8a413838e0c36bb7869e112549a6a63a,52,868,7,125,4/5,0
HWS-003-BACS,4,126,BACS,limo01,1784113028173063776,1784113294611802751,0,0,266438738975,1,-86.70,6.30,0x797d5b240c8fec97dd4f51de3990080fffe1f8aa228b4274281c54de0492b73ab0ff7331298197710dcf09b6c493b07ec55b0193,52,868,7,125,4/5,0
HWS-003-BACS,4,127,BACS,limo02,1784113034144054987,1784113140593669190,0,0,106449614203,2,-82.04,4.85,0x1fd5dae4b8f31e83682506191eed1842dd572154790e62bacaeb5544f97335e10ec4c6b913dccba9ed25bb48e8158906ec31b88c,52,868,7,125,4/5,0
HWS-003-BACS,4,128,BACS,limo01,1784113037886997492,1784113251918951239,0,0,214031953747,0,-96.24,14.55,0x0da276f51e636950e3570321c17b458dde4b48402fe43908903d8346252241ae0942da62c55fed34a1c78e0d3fd4e70cd7634128,52,868,7,125,4/5,0
HWS-003-BACS,4,129,BACS,limo01,1784113037558545165,1784113212422037082,0,0,174863491917,9,-105.07,9.07,0x391311e2aff91a8d9d53fa47bd8658309d570251c2e8501bc80c0ea924eb2be5ee1c95f5e993812dc86b66fa1c281dd2a91b8622,52,868,7,125,4/5,0
HWS-003-BACS,4,130,BACS,limo01,1784113042010045289,1784113242931005755,0,0,200920960466,3,-100.78,8.44,0x03e398102d3ee5f42dd358900c2c6aa9540df82f1f53764129686afcf11e50281178a20f5d64f8bd60c26c80b3bd70b5b9ef8a25,52,868,7,125,4/5,0
HWS-003-BACS,4,131,BACS,limo02,1784113047969367192,1784113229628672756,0,0,181659305564,0,-95.77,-0.03,0xad094ad2ba2d594690ce7fe56543703a01fa54450db9aa0cb6c2a4e102bb322dd2259467d4beee7e53a6ca885f6c8ef928380020,52,868,7,125,4/5,0
HWS-003-BACS,4,132,BACS,limo01,1784113049228145883,1784113229380685350,0,0,180152539467,1,-94.02,10.32,0xd1c83df09eaef61695e12a8848552f0dfd0ea23c7a0e98571cf292032f95d9ff44619791d41edfd6e5e2be9b2e711c275f704345,52,868,7,125,4/5,0
HWS-003-BACS,4,133,BACS,limo02,1784113053730624476,1784113301310375411,0,0,247579750935,3,-85.97,12.69,0x90000c4ee77bf876cff4c47cc4a358e05a01d5f6ad46cbc4c0829968598b1030e4166169b3e68227e26812d8d1705849942fea92,52,868,7,125,4/5,0
HWS-003-BACS,4,134,BACS,limo01,1784113057446206343,1784113291839039807,0,0,234392833464,3,-92.16,4.35,0x61e6c43c149828d50a307abb653f608fde03b054761609ef2a71700c22ee8f30d4f08c7de463a2a958d1d471dfee845aa8d52dc8,52,868,7,125,4/5,0
HWS-003-BACS,4,135,BACS,limo02,1784113058830267577,1784113460528660029,0,0,401698392452,8,-80.30,1.95,0x7b9250e72f3ab5677d3908d951583d36766fc911e49c265ad30c7652951ec69a4f7b95ec92cee2a1169402c2323d814016aa43ef,52,868,7,125,4/5,0
HWS-003-BACS,4,136,BACS,limo01,1784113065203203397,1784113144425112546,0,0,79221909149,0,-91.40,8.15,0x7e82646d1e312f955f051b3ef22373dadb5f9f6d54768fd5d3294687aaed5ddd5a3ac1180198ed0d639dc39010eac6649d5c2aad,52,868,7,125,4/5,0
HWS-003-BACS,4,137,BACS,limo01,1784113066373182868,1784113181324662101,0,0,114951479233,7,-91.96,5.12,0xc8aac0d8d7f196d40ed6c72ef3c34d46fadece15b7d5748feb37bddf7c9989282badf5fc4dbfda4b6a61db9059bcec4482d61398,52,868,7,125,4/5,0
HWS-003-BACS,4,138,BACS,limo01,1784113071053060213,1784113317656053093,0,0,246602992880,8,-84.21,12.45,0x1094eee6f8fb345657792c594a1ee42b6712f13bae9b067df88c30b4f48128406b03f1d797caaf2d0ef0ce0879ef712df2da341d,52,868,7,125,4/5,0
HWS-003-BACS,4,139,BACS,limo01,1784113075214391050,1784113255980927498,0,0,180766536448,0,-98.75,0.77,0xc8652ea5cd98f4856e0c08adc334f1a7b7833b7044423da8741eab1c0fefabd86a5cc21b0e78f1f50cc9ab23a4405cabbab2c749,52,868,7,125,4/5,0
HWS-003-BACS,4,140,BACS,limo01,1784113077385808480,1784113205776351282,0,0,128390542802,9,-85.44,9.72,0x48d7ebc222eaa80df6817daf4edfdb47ccc06552f63a359ab24ad0f071cf6c076274889648debefeb01781ada4232009af582100,52,868,7,125,4/5,0
HWS-003-BACS,4,141,BACS,limo02,1784113083532474086,1784113309894650128,0,0,226362176042,6,-80.05,-3.63,0x60138156aa7ed3bc30c1785566f567ff728bf7fa1964a32cc3ebcadd902eb24b1722b08a49789234cc4f9407511d6334b2620d4a,52,868,7,125,4/5,0
HWS-003-BACS,4,142,BACS,limo01,1784113084527816016,1784113168351998877,0,0,83824182861,9,-87.17,3.13,0xbba1c5ffb60804a4052d217772a120922dbf4caa21824be2211adf1f4ab88f1ec90c4e5b141afca9a046d1ba193f7e4dff27db83,52,868,7,125,4/5,0
HWS-003-BACS,4,143,BACS,limo02,1784113088481727344,1784113346778250751,0,0,258296523407,4,-82.61,-4.06,0x3511150f408bce3474fe3c04f8b6466d49c453cf82c43c94899f0dd81638243dac4529a15f85137369dfc1fcb8e25865a0e054b0,52,868,7,125,4/5,0
HWS-003-BACS,4,144,BACS,limo02,1784113091381422814,1784113168943637254,0,0,77562214440,3,-92.21,11.85,0x31021c32b10680d17c284ecb71f3b3ab1e390759373559986f0b686518e0686561721bd9eb7960944da9e196c907c19117cba961,52,868,7,125,4/5,0
HWS-003-BACS,4,145,BACS,limo02,1784113095334965443,1784113220715226061,0,0,125380260618,7,-84.68,1.93,0x56720803a4bbb73f7a641f8a13df1e3e7bea921ac9afa750858e36aa14f04e15e814c479c8e62fb166557e08f9c90bd2b1568369,52,868,7,125,4/5,0
HWS-003-BACS,4,146,BACS,limo02,1784113099009341011,1784113246692914717,0,0,147683573706,1,-97.41,-2.66,0x4ee3ef2ca0afdeb9c23b58c520a88b5d115c6d909c7cdc296aac718dd24588ff7843d6e250d1555bc14e6e65ee4dce25ccaae45f,52,868,7,125,4/5,0
HWS-003-BACS,4,147,BACS,limo01,1784113105163394375,1784113172787927261,0,0,67624532886,1,-98.35,-1.15,0x92f0d0d346636e3f50f3854a677513005650f7fc295edaa99c4af0c36df2ae4493b59c2680ec21f65aaf45bf9b6c2d00ec67c520,52,868,7,125,4/5,0
HWS-003-BACS,4,148,BACS,limo01,1784113107758046621,1784113390308745427,0,0,282550698806,5,-105.12,10.32,0x89e6875b319ac1f464d3e33136b8ae27c96d474f459f9faa36909e97c08c2f194176d725d170982e0e8cbb3070736c7f8f5794c1,52,868,7,125,4/5,0
HWS-003-BACS,4,149,BACS,limo02,1784113110400905240,1784113632101863524,0,0,521700958284,8,-96.69,8.37,0xb8d6c0e969953401fa0ff0900388fe8d90c3b3f0a0532c38ab5eea56ef1f54619513ba98b3ea8608402f8c73ae055861fc7e9d7d,52,868,7,125,4/5,0
HWS-003-BACS,4,150,BACS,limo01,1784113113597999840,1784113188194286480,0,0,74596286640,7,-91.69,-0.29,0xd6bc34b37b7932c06f5aa86876432eefc84a059d90b077024b270172d09585d75ca45454fba03a0e656e45ef97f80a66757afcc0,52,868,7,125,4/5,0
HWS-003-BACS,4,151,BACS,limo02,1784113117752014290,1784113263314268022,0,0,145562253732,4,-99.79,11.83,0xf44240c488ec164580f73751ce9455d8245f4122b38df8c2b953a356325d41cd7f19d3bb46536222ab42867c45e17d6bda28a494,52,868,7,125,4/5,0
HWS-003-BACS,4,152,BACS,limo02,1784113119414039224,1784113246886343663,0,0,127472304439,6,-84.14,1.39,0xaea5f86af38f8ba65e4020c390da55acb60537a73389b870d3eaf3b168e996e3a453cd57eb7df212797130cafc0c8bf1260f14a7,52,868,7,125,4/5,0
HWS-003-BACS,4,153,BACS,limo01,1784113126118117647,1784113403900526758,0,0,277782409111,4,-104.60,9.08,0x9bc482a5a77891d94866ac24b539792e562b8469a5522645e4a1aa2767c7273e3e96e8a5a753ef6f3e6b3234fe1b1e2d6db089c9,52,868,7,125,4/5,0
HWS-003-BACS,4,154,BACS,limo02,1784113126599826374,1784113256241402840,0,0,129641576466,5,-92.09,5.41,0x1f0308b876b147d5d4d9e23bfab034ae70a1eda6a5370ecda3b8dc866caa6cc32009e65ac42f86a9798d25f0b9b92707e0b5561e,52,868,7,125,4/5,0
HWS-003-BACS,4,155,BACS,limo01,1784113131568531982,1784113263978146816,0,0,132409614834,7,-105.29,-3.28,0x34ac47a3039be2f98e2e5e8a7d084663288684d7e22c114f00a1e28d15debe4d6c64d86266e9d25496968a19d5fc1248c27b5686,52,868,7,125,4/5,0
HWS-003-BACS,4,156,BACS,limo02,1784113136435438744,1784113279703556932,0,0,143268118188,1,-99.77,14.44,0x10bdcfd0467cb7f4f7e63e25d2f338c2ed8a33409f149bfe48e9af80573f24d74f932d9634d8d901163ce6ebc2d60726b9609e96,52,868,7,125,4/5,0
HWS-003-BACS,4,157,BACS,limo01,1784113139599518741,1784113460807200425,0,0,321207681684,4,-90.44,5.13,0x3d657023282ff082171a1f4a5ae6f419058028c02a1e6f3786c5d2e817ea0efd1faad16a76fa9c5fc41486a247f1bcbddd7246d8,52,868,7,125,4/5,0
HWS-003-BACS,4,158,BACS,limo02,1784113141395205427,1784113349020316030,0,0,207625110603,8,-105.88,-1.54,0x64d2dc6ce02b2b20a7ab8c02f5fe042e790ae19dd689d891c6e38b460b57a51a9979d796dc0aedc8c73ba44e460a8edeab130556,52,868,7,125,4/5,0
HWS-003-BACS,4,159,BACS,limo02,1784113146225520145,1784113250449562637,0,0,104224042492,6,-88.40,14.07,0xe357171ebd6d919db45f7c451afbe3b606f09e001e459860d45c6901edfa8ff9def74cad7c8748c48c895b19b67d22517ccf6f87,52,868,7,125,4/5,0
HWS-003-BACS,4,160,BACS,limo02,1784113149560616650,1784113213447046385,0,0,63886429735,6,-81.20,1.01,0x53677e0bc13ed06d249015f64f0dd373af1ecd9fd32f17ba6772a450b581491c59e1c8e615593611c47311a42877b1af128e3af6,52,868,7,125,4/5,0
HWS-003-BACS,4,161,BACS,limo02,1784113152823637988,1784113344902436088,0,0,192078798100,4,-82.02,-4.73,0x406e44c899cc5c01a7b3510f2a8c065db2183dceff2fe0c7f7c4ffd33ea9c8a3991fb79c464b65b0c862e7847dc9172231b58ed2,52,868,7,125,4/5,0
HWS-003-BACS,4,162,BACS,limo02,1784113158471322065,1784113307980369042,0,0,149509046977,4,-101.20,2.44,0x5971ab8bc639247cf69ad1aac55e10a00518f8d383b9c48fbab3ddd28337dd32c7396e4d5fc8565b39605ed1c3169971d124945b,52,868,7,125,4/5,0
HWS-003-BACS,4,163,BACS,limo02,1784113158972614406,1784113213040510704,0,0,54067896298,1,-103.01,1.77,0xdf88fbc7e57daf790b1eee992e8a2c480b6aa4cf11f9c088f1aadac0f8594974ee418b4f0b81b221ee6bb4c05870d582603240c1,52,868,7,125,4/5,0
HWS-003-BACS,4,164,BACS,limo02,1784113163128873186,1784113276854234767,0,0,113725361581,1,-104.82,7.64,0x7cca56416a841eddeabad4905ddaababee79e6f3413fe2e943ec494184ff2111805e49413f8d1502d2c17419e401db6cbd7585f3,52,868,7,125,4/5,0
HWS-003-BACS,4,165,BACS,limo01,1784113165408785708,1784113270940680044,0,0,105531894336,1,-100.46,3.50,0xdf314fd7fb9ebd5448a96c832e45b981e6f7996cf7eaf9532f3ca6773d51091e16c45792f617d40f6bf2298e647088f0d212985f,52,868,7,125,4/5,0
HWS-003-BACS,4,166,BACS,limo02,1784113171627762007,1784113307714279576,0,0,136086517569,0,-83.51,4.52,0x7ee14d48b52966f7efcc634f40839c31ab980b6bc900d68f19a8a3017b79ef7098c65bf061a6c1bea7f24a73836255076c3fcd05,52,868,7,125,4/5,0
HWS-003-BACS,4,167,BACS,limo02,1784113172984417238,1784113326604258327,0,0,153619841089,8,-100.90,11.77,0xf72bf21fc5b4737742f929fe4899f879caff4ffadbd4f26196efd105baf6b1af3879715b5353ce2f6abf2ad6bef3d8f2f82b31f9,52,868,7,125,4/5,0
HWS-003-BACS,4,168,BACS,limo02,1784113178744917680,1784113310373993249,0,0,131629075569,9,-84.62,10.01,0x4166472949b2db383da8e44b39b2e501fdd16c4af3cfa0e15f73e548b8b77e17b5e90073ab8d3c2696ca74f15cfd1ec3a1036d8e,52,868,7,125,4/5,0
HWS-003-BACS,4,169,BACS,limo02,1784113179693268812,1784113238680316164,0,0,58987047352,7,-94.29,2.79,0x9bdbb2823c3b1eb454c430e643a25e89b914c42af20a7a13cff802af3a48b6c31f457692bb948985a1955e03a788e9d7e0648c92,52,868,7,125,4/5,0
HWS-003-BACS,4,170,BACS,limo01,1784113186082662330,1784113326875336909,1784113326875341075,1784113327046248646,140792674579,10,-95.21,4.86,0xb570751d2e648747d3801ba7e7ff2f0c274f61becf22ff608e748b9ad02910e3107a32f3f2ee6d047ba1bf7c2f4ddecc73331a58,52,868,7,125,4/5,1
HWS-003-BACS,4,171,BACS,limo02,1784113189452157882,1784113373251897607,0,0,183799739725,4,-96.00,9.58,0x29fc1355045529cf33f691c58a85513804efd9f3ba1dfbdb644a55a0dcdfc6276b5567ca1cdf343be93abf60c71eef4e1016fe84,52,868,7,125,4/5,0
HWS-003-BACS,4,172,BACS,limo01,1784113192498078418,1784113441622201899,0,0,249124123481,8,-92.17,-0.82,0x8ef9f4675646bf73d9dd1e047e9c1aa7b673fad70242938ec74ea51c98299c42fa93f0f96702769c63aff244445ce425a294bb5a,52,868,7,125,4/5,0
HWS-003-BACS,4,173,BACS,limo02,1784113194107534133,1784113236205128120,0,0,42097593987,5,-91.17,-1.68,0xde1ad0ccabc0f003dd0b6ced43776bc24c0d014d7348a66943992c1b9fdbae7fd2d9d646022a29ef47f3230ebf32f52ae702c9d9,52,868,7,125,4/5,0
HWS-003-BACS,4,174,BACS,limo01,1784113198054453217,1784113482399077901,0,0,284344624684,1,-100.66,3.60,0x507fded7e5ac4b56ffc0e083eadfa616699affeb6c19ab565d64af7256e9c6f72855e45ffa8789b9c79507c0ce8859fe666ec866,52,868,7,125,4/5,0
HWS-003-BACS,4,175,BACS,limo01,1784113201288888585,1784113362283561739,0,0,160994673154,5,-94.53,11.40,0x5fc8f7d508abe9f10749d9236ac775b3a86e2a21e811674c4dd7452fc005ab300f2ab80701d5cf8f6040f43d529f3b970c9b40fc,52,868,7,125,4/5,0
HWS-003-BACS,4,176,BACS,limo01,1784113204459770904,1784113269789474578,0,0,65329703674,8,-92.87,2.34,0x29c334a84f7a10fc87ca4ad322eb9ba447c3a3e829acd62aef2324a25e96907439db536057ff37bf60893bf2e7ec032b913aa383,52,868,7,125,4/5,0
HWS-003-BACS,4,177,BACS,limo02,1784113210013930763,1784113276087287901,0,0,66073357138,3,-95.98,1.80,0xe26042d719dd332e3d7f887c78b290a9a66e131dd190643290429b70e4d2dc33b17f84945d1aa63d965afed1bc796e0a674352e1,52,868,7,125,4/5,0
HWS-003-BACS,4,178,BACS,limo02,1784113214381137671,1784113485065949533,0,0,270684811862,10,-87.66,13.42,0xf08f8a0f00b12207ad8574292bd4c8840d7cd15c59699f94c7941d07059566a46249c554f22f025e6109618e0109fcfd7f1fda10,52,868,7,125,4/5,0
HWS-003-BACS,4,179,BACS,limo01,1784113218228308639,1784113459191489864,0,0,240963181225,2,-106.02,6.68,0x25e7fef2b6d6f4569460b3f793c24085b3ae67a54633ffbf0da2eef8419c360442cdafaed6ddff6e5e26b87c1b3ed73fbea693b6,52,868,7,125,4/5,0
HWS-003-BACS,4,180,BACS,limo01,1784113220845203869,1784113368627805376,0,0,147782601507,4,-83.87,4.44,0x95d2d9622e77db0a2990b700099239ccd77e13c0aa5635ff789f02ef9c2a56b56f7ba31f4224803df6f3940296312c1b8a88b905,52,868,7,125,4/5,0
HWS-003-BACS,4,181,BACS,limo01,1784113224862349010,1784113358105269699,0,0,133242920689,5,-86.25,6.69,0x23f1af3a5090e9da5d83481731fc70f6203c52e52f519f33fb8eb012f37ca4d4ba099777af0c9fd5b1af9092562a475d419ae6b8,52,868,7,125,4/5,0
HWS-003-BACS,4,182,BACS,limo02,1784113225999592246,1784113341307072879,1784113341307075339,1784113341475580134,115307480633,3,-105.93,-1.50,0xed9989f8534d9d63ec7d82b67c29810a31320e95f1cb2a4554c2cd6a053176cc8653e30b7753eb183ca65aa32b5c615bbba3b669,52,868,7,125,4/5,1
HWS-003-BACS,4,183,BACS,limo01,1784113231603873230,1784113282971719803,0,0,51367846573,6,-102.19,5.26,0x3d75634f8deb13de3db81f62a9d85752008e6a9cdde00c84783f1fd4b6fb3d92644534a152ea8a6a0f3bde2c103cb40e2f1989c5,52,868,7,125,4/5,0
HWS-003-BACS,4,184,BACS,limo02,1784113234669693870,1784113383671144505,0,0,149001450635,3,-93.00,5.69,0x0dc644d40c484efbba65fe217065e49a672ce1a138cf52fe8e109d2f5bc072ae9921b977086c6dbe0afd8e75d4116af3a5a2162f,52,868,7,125,4/5,0
HWS-003-BACS,4,185,BACS,limo01,1784113239960761796,1784113604755479630,0,0,364794717834,3,-103.12,-4.54,0xc89a2f201cf42d44fe12ca2001a95a83e0770b5e152eb1096d144a24295d2864939650d28c82dfae9c0759a9af8a9b3024c19fbb,52,868,7,125,4/5,0
HWS-003-BACS,4,186,BACS,limo01,1784113241491824698,1784113390151533662,1784113390151535266,1784113390317909544,148659708964,2,-101.55,4.97,0xaaecaafe61ea46e394aa7af3aea9be06f884861993e26a5d7fc45a1165f0e40f18f9047ce8a0d9907d44627161393b9c13dd11ad,52,868,7,125,4/5,1
HWS-003-BACS,4,187,BACS,limo02,1784113244023033290,1784113504124512159,0,0,260101478869,8,-97.75,4.49,0xb934a9a2eff1ca351799129d8242a05da28eb75c22c388b6dd3c4d4d4d0316d0e11f22245f1bfb67462b46d0a412843b5d3fc491,52,868,7,125,4/5,0
HWS-003-BACS,4,188,BACS,limo02,1784113250303208531,1784113392535103892,1784113392535108758,1784113392708469027,142231895361,6,-106.08,-3.33,0xe571e5be0b715ca733da18e843b612fd47af47d29a6eb0017a8638ee962281762253cee957cdf542f358a915b501e2abda87eac5,52,868,7,125,4/5,1
HWS-003-BACS,4,189,BACS,limo02,1784113251182599510,1784113370944669849,0,0,119762070339,2,-81.61,2.28,0x08d66f915c0f7d54bf5341db16a40ffe436eb70346b173ff7fde92b1ce14502a2706d96e3db51c3f9a9715e0912ed17770d8dc9b,52,868,7,125,4/5,0
HWS-003-BACS,4,190,BACS,limo02,1784113256039710176,1784113427277278778,0,0,171237568602,7,-88.46,6.37,0xf1a4ad76b3e3f649d6a04aebcc35b11625b4ffb65365aaa7e949b5d9c6d9f9f887db3ed3e6e7501fd41c6d62e66a9c8d53941fdb,52,868,7,125,4/5,0
HWS-003-BACS,4,191,BACS,limo01,1784113259335899744,1784113351298199660,0,0,91962299916,3,-109.22,12.36,0xc28d307bc756db1ac3590c56d6a8ec0597fcde2c3ed6981fece18562e7734013ac273f99e93ff9ac3f0abbf0580ac3e3f0f71403,52,868,7,125,4/5,0
HWS-003-BACS,4,192,BACS,limo01,1784113264858753357,1784113490532817383,0,0,225674064026,9,-91.14,3.13,0xf5895e69ebac3fe3f7b9bf895ab27f4fcd604a37ac031fbdecd210e5efec4a0c3ae3524a8a406078e4b7150d7520ff88a77afe60,52,868,7,125,4/5,0
HWS-003-BACS,4,193,BACS,limo01,1784113267961004653,1784113416217602651,0,0,148256597998,4,-92.97,13.44,0xdb89499b48e38e297ffb01364dfc6345e76076319984401738782a443822ff14771bdfb42ddc6430e3409df4f921fbfc4c6e210b,52,868,7,125,4/5,0
HWS-003-BACS,4,194,BACS,limo02,1784113268516810992,1784113550453794858,0,0,281936983866,3,-109.31,9.23,0x2df8d988bdcb43dd74db24c86da18a0eca1e2b99acf4987b8143acdfa5132eedf35a95fd99a3fe7463a3c7e2c484c7a4912fc99a,52,868,7,125,4/5,0
HWS-003-BACS,4,195,BACS,limo01,1784113274130447612,1784113332350493828,0,0,58220046216,7,-91.19,6.05,0x759978b38b8f3e654c5d1ac4b1c498194320724ccc77d98ca220dca88feac387a85235dc642bee91e5775fe739e48eea7cf0ad43,52,868,7,125,4/5,0
HWS-003-BACS,4,196,BACS,limo01,1784113278220669547,1784113456115934650,0,0,177895265103,10,-80.10,2.91,0xf46afe00ebfc6007acde4991f6e12a10fab6b2edf053f67dc24fead11f752d53b53d64d4de2708d28549d61faaccfe20acb4fe6b,52,868,7,125,4/5,0
HWS-003-BACS,4,197,BACS,limo01,1784113282276836578,1784113374970669263,0,0,92693832685,1,-83.31,-4.49,0xbb73367185921bcd9a368435129a6ef66b83b27f53b0d0688b1138110c6d7da4881094e1ad8fac6d1fbebae5573ad750b14f61c4,52,868,7,125,4/5,0
HWS-003-BACS,4,198,BACS,limo02,1784113283928801377,1784113351398221490,0,0,67469420113,6,-95.02,0.73,0x8d21e22e072f18ee036ba7a30c607cfa1e78f1c1bcd7bb57ffa1d65396a69fd9972b87d612470e066ad83e92f2dd12d101e884ef,52,868,7,125,4/5,0
HWS-003-BACS,4,199,BACS,limo01,1784113287963951618,1784113622658253210,0,0,334694301592,1,-108.88,9.46,0x9cae0662519dbe502c087a9fe6a1a0febcd59ed4b23dc7294a37662f5d2a725917b7176cd39034b1e5fe7ab8091f1b0822b3473a,52,868,7,125,4/5,0
HWS-003-BACS,4,200,BACS,limo02,1784113291408111621,1784113359423491412,0,0,68015379791,1,-80.87,14.78,0xf1357f664ac45b4bbb4b8f16c09f4a30288822c3a7e1016850f20053d48ccfcd701539ee0165b8095da1f61576efea68e4fdd7b5,52,868,7,125,4/5,0
HWS-003-BACS,4,201,BACS,limo01,1784113293633082733,1784113543782044975,0,0,250148962242,0,-98.99,4.83,0xb8c83feec93a59990e93b6db021bef8e42230c7ef09d99bb43ace889a7d06b5f42b542eceab763fc02e21bc10c4492e048e7def1,52,868,7,125,4/5,0
HWS-003-BACS,4,202,BACS,limo02,1784113299639205785,1784113445029159830,0,0,145389954045,4,-87.35,7.51,0x5553bc2b447fd199f7964642020c642c348c6122e971e638db5afdd6ecb4dade86693f7c4ee408bea0cbd48f93965f75ee704b00,52,868,7,125,4/5,0
HWS-003-BACS,5,0,BACS,limo01,1784113302509578567,1784113430252260818,0,0,127742682251,3,-109.33,3.69,0xfdb1a8915b102f5cd93c0c13805c9437945870b602a4d9396ed68e75f42aa4d81cc45107978e0f2a57ef17cc52b2dce35bc6644b,52,868,7,125,4/5,0
HWS-003-BACS,5,1,BACS,limo02,1784113305677627676,1784113722985297378,0,0,417307669702,7,-89.65,0.28,0x9d1aee46be74d880bad693e992d6c33c4c27d2b4cb461fc14540d425db4456c402c42ddfaa1174b00241d1c0d94ae1f855431a34,52,868,7,125,4/5,0
HWS-003-BACS,5,2,BACS,limo01,1784113307523294530,1784113610393301449,0,0,302870006919,6,-83.56,-2.38,0x51063066df35a0d0973cdfae9ad2bf9ffb1b2d37f5e7e6ee9db73c7bcb58b7cebe40027ea6455d0d1dedfedc7dc391bd4a0888c8,52,868,7,125,4/5,0
HWS-003-BACS,5,3,BACS,limo01,1784113312957126787,1784113438119510696,0,0,125162383909,4,-94.13,-3.11,0x5405d41f506a5a16cf991b48ac4be77dee6af039ef82d5f38866347f64575c9a037b3760634a1c9236ee8796878fd45cd0d9d162,52,868,7,125,4/5,0
HWS-003-BACS,5,4,BACS,limo02,1784113316824715885,1784113472477185132,0,0,155652469247,9,-99.49,5.18,0x9f3e4483fbb2d23edebc6cf308b9cab6e49ed533262c769f2357025a93181bd196f6f5260b26dbf77267a62992cbd695d5c3bded,52,868,7,125,4/5,0
HWS-003-BACS,5,5,BACS,limo02,1784113318777400312,1784113588182271946,1784113588182273156,1784113588348325906,269404871634,6,-97.09,-3.75,0xb47c69b87bea043b0c0d51987a6c1891fb23e629d275e3b0181f8916afb442b123aa35f0c3621db0ed43b92bfbb524273bc61987,52,868,7,125,4/5,1
HWS-003-BACS,5,6,BACS,limo01,1784113323218006735,1784113450615146836,0,0,127397140101,1,-96.73,7.80,0xa94de5f21fa189c1e0f2f7b1f13e381ece2b96e35767451049f016a11ea050ff7b63bd4f63ecd0225a30768d313cb5e97202242f,52,868,7,125,4/5,0
HWS-003-BACS,5,7,BACS,limo01,1784113325316340068,1784113402300454847,0,0,76984114779,4,-80.80,9.32,0x0f67c5103e0dee4324783a65d4f1939efda56f9367f953299bf9abe6a8cc1863059fe25a0b44db7cf218990e20f1182f6f96108e,52,868,7,125,4/5,0
HWS-003-BACS,5,8,BACS,limo01,1784113332324971912,1784113389769648162,0,0,57444676250,2,-98.70,-4.91,0xfdfa9a44a082d2946aea8b0837f310b18111f36a0da4f16cd8eb6b39ba4a2746d9802b1b8b1694f942940cded6403aac4f4ec4c4,52,868,7,125,4/5,0
HWS-003-BACS,5,9,BACS,limo02,1784113334078319385,1784113450130181119,0,0,116051861734,10,-96.33,8.95,0x3a7b42c329ac52af998427b8720d61ffb6a97a1a8ceff1aad44794828f91a070a08596ad75ea1d1c09d8021c6d4fe25fcf3d77d6,52,868,7,125,4/5,0
HWS-003-BACS,5,10,BACS,limo01,1784113336684431506,1784113501944367962,0,0,165259936456,10,-90.27,13.61,0x08d01d4447da618c0cbe44c0f3387e6b5ee2debd8c4347730005996f884e745369bf17f94a176e54eb3a4a3e8f2a3236ef4dbc4d,52,868,7,125,4/5,0
HWS-003-BACS,5,11,BACS,limo01,1784113340407214478,1784113817720861098,0,0,477313646620,2,-99.06,-2.02,0xda367d1c82798afd6ae32f6c9bbe8408e11de8901ef7f65b58a4284b3522cfd301c77e398e8698e68cfc1d94c532a067a9635fcb,52,868,7,125,4/5,0
HWS-003-BACS,5,12,BACS,limo02,1784113344784683046,1784113451584021664,0,0,106799338618,5,-91.98,12.23,0x5d0985a94008a30b3162406035c7d70c390e3ce61ad80aaab74d48f98e73c20003b6b6989c5620aa42bc50ac12ad79eb558eea23,52,868,7,125,4/5,0
HWS-003-BACS,5,13,BACS,limo02,1784113347793137196,1784113520943664468,0,0,173150527272,3,-80.43,4.04,0x72892a5624ff279128525683cd2c81a4c92b200cfa6157747cd43be086d08407642a6267d932abd940f66433f28db3065e65a197,52,868,7,125,4/5,0
HWS-003-BACS,5,14,BACS,limo01,1784113353308678357,1784113476944008949,0,0,123635330592,9,-107.02,1.49,0x0fc67fa0a40e40e1955dc6c0d637111edfe9981ef8f9d1d9c70757ff8248638ca2080de437aaee3a0278fde09ff6bf16f8bc87dd,52,868,7,125,4/5,0
HWS-003-BACS,5,15,BACS,limo01,1784113357120823108,1784113403044284266,0,0,45923461158,3,-96.04,13.33,0x75dd5a5e6a8ffdaa6ef91c23a75182a8b618eb69152eb1ae6b92a78f50fe4235b7e8de1ab8a1b85c1fe797e6803c16782684b4a2,52,868,7,125,4/5,0
HWS-003-BACS,5,16,BACS,limo01,1784113359035537834,1784113488172989770,0,0,129137451936,1,-99.50,10.21,0x84a86de368180967ccf9502661d3e096526ea89f87c1c22eea6e07e0dc644f871f5dd81b9ed17e0dd378fc4e3a189db2efd002a6,52,868,7,125,4/5,0
HWS-003-BACS,5,17,BACS,limo01,1784113364567787070,1784113446930389786,0,0,82362602716,4,-108.16,13.32,0xf77578e03069dcdab3292691044147ed7a8b17ce5a0ae9a8c765510033b6694be3f55a3577d6fe7f6d11c23d0681f63d2137a0e3,52,868,7,125,4/5,0
HWS-003-BACS,5,18,BACS,limo01,1784113366690785985,1784113463407341965,0,0,96716555980,3,-92.07,3.25,0xe432f611b9c956c6c0f70859b20c83151bf4e3d50245e7bb99e0bfda984c48aaab105a6fa3b924c3bfc2f430c0378504f8f1d1ea,52,868,7,125,4/5,0
HWS-003-BACS,5,19,BACS,limo02,1784113370407558247,1784113586736444948,0,0,216328886701,10,-93.95,-4.01,0x97a0d28025caa0b128b4c6b80a0fc36816334155034cb0564153022e3ccea85fe43ff0035b8fef27b4f394138c5fc613c542a356,52,868,7,125,4/5,0
HWS-003-BACS,5,20,BACS,limo01,1784113371936024509,1784113609084151892,0,0,237148127383,10,-101.68,3.29,0x3f102f0402e362f16000aaac1650bbc25054e1f0ad78440a7dbc7ff912630676bf2a695663395e08eedda24605aa7d7d7f508319,52,868,7,125,4/5,0
HWS-003-BACS,5,21,BACS,limo01,1784113377984958609,1784113470080067257,0,0,92095108648,1,-98.23,5.09,0x013f9061a402093f8d6595fb0890315fd9bb1e32f1f7cf1722766b37d86296d5e85b850bc9dd2dc7ddc85e3d766b1d4fc0e62cb2,52,868,7,125,4/5,0
HWS-003-BACS,5,22,BACS,limo01,1784113382677255216,1784113509757833719,0,0,127080578503,7,-107.44,5.49,0x028c52fcfc1748f3b617b6f054f9fdee950fdde63e24b7838c29b2e87e743e109b5c613bc8dc7d4efb58480f60902c07dd96250c,52,868,7,125,4/5,0
HWS-003-BACS,5,23,BACS,limo01,1784113383026148977,1784113605800492926,0,0,222774343949,4,-88.10,6.14,0x648e7b7c371c931106a7d6dd382263dc1b290fff140507e8eaa04d57e16dc67ec473404bdca4aa870f5bee35efac84f539f35845,52,868,7,125,4/5,0
HWS-003-BACS,5,24,BACS,limo01,1784113387908960100,1784113492959767615,0,0,105050807515,7,-101.34,2.98,0xaf71fc55a4354babfa49574c83bc50b327e8fe84f4c6abd3cf3f021965a82ac38bf7d77523c5e7cb639d8e8c50059b303d9370f7,52,868,7,125,4/5,0
HWS-003-BACS,5,25,BACS,limo01,1784113391763174462,1784113651306924842,0,0,259543750380,8,-108.54,8.98,0x8e0c390619c3bd541b1c60ae4655ee600dda464137c0a46b57d6fb0649ea4798aa3fa1c499a4d1766cf54618383f4bd00f0dbed5,52,868,7,125,4/5,0
HWS-003-BACS,5,26,BACS,limo02,1784113393642357020,1784113573970500274,0,0,180328143254,6,-104.51,3.29,0x95d52d0f99ef505af6e7ea60c5fe5d1e8e7dec92a4c452bbb6681f981c06f77caa438997adaaf209afcd35df1a5db219cfc5636f,52,868,7,125,4/5,0
HWS-003-BACS,5,27,BACS,limo02,1784113397660745411,1784113728697610062,0,0,331036864651,8,-104.99,-3.84,0xf09ccac4c29d6f33556d44a33d6ea2f8838944a8333fb8ca71ae4410121bdf36e991fa57c39fb93c85ee8ba699b2ff78c5f7006f,52,868,7,125,4/5,0
HWS-003-BACS,5,28,BACS,limo02,1784113404000286896,1784113560634713972,0,0,156634427076,7,-92.21,2.14,0x0a18994ef68e2ba25db6f7e1f2b401baede49fab27361c7c7df6d1c17d214fbe622f99948c5f901ac76824c9ee92a50a7a701dbd,52,868,7,125,4/5,0
HWS-003-BACS,5,29,BACS,limo01,1784113404052956317,1784113489261689018,0,0,85208732701,2,-103.58,-3.07,0x76ea845be83e6d2aced133d69012630e8b06beb49bc4b01911d74bcb91dc53fa13de30cf1556c6c2b377e18f38dc86e04634b505,52,868,7,125,4/5,0
HWS-003-BACS,5,30,BACS,limo02,1784113407980561698,1784113504898673538,0,0,96918111840,10,-108.98,9.43,0x646634a98d3a638b7c102db0b9a3e962d3359d2d23db26eff14b167a2c3f0e96789d9af6c32c5880a13e399d5ba40be1e6e37019,52,868,7,125,4/5,0
HWS-003-BACS,5,31,BACS,limo01,1784113413585511613,1784113642299092850,0,0,228713581237,8,-81.71,4.64,0x3a430842ab57221087c17bc4494249d17d129d970cd2233c2ec4a578690a0cc8b6371b82ebab67988a9c62b241be7b3993577968,52,868,7,125,4/5,0
HWS-003-BACS,5,32,BACS,limo02,1784113417009515903,1784113542159245505,0,0,125149729602,9,-102.08,1.16,0xc2ba2e1f7e229f3deba98bd2ef7cf19c34785f8fea3539901b9715d9cfa6002db5efeb4f169bb937228b8891bd701f6c68c250ae,52,868,7,125,4/5,0
HWS-003-BACS,5,33,BACS,limo02,1784113418601073877,1784113541444909103,0,0,122843835226,6,-97.65,9.98,0x1aded94046f86a86e02decc36285deec8c27fb829299ceee025f740cc93fed6e7d5b93e96d1b4070f9ba6b877062e4b551863ea2,52,868,7,125,4/5,0
HWS-003-BACS,5,34,BACS,limo02,1784113423304017733,1784113570030236424,0,0,146726218691,1,-83.87,2.96,0x13d4a90185d0ff7c3ca41116785444af27920f7ef6f7db5283d8b20db50f3681b5e56d361e52b9db06517a3142ad74e2ca4fd7a6,52,868,7,125,4/5,0
HWS-003-BACS,5,35,BACS,limo01,1784113425836033246,1784113634883109125,1784113634883110395,1784113635048783263,209047075879,10,-82.32,-0.47,0x18346cf424e7e47f3d94faf0a35a6b940bd2b5b3207447aab4e5802f54a370ffa6305d8b1ce2fd0da11fef90cbba2d819d807da1,52,868,7,125,4/5,1
HWS-003-BACS,5,36,BACS,limo02,1784113430097357651,1784113511314076122,0,0,81216718471,9,-102.02,-3.37,0xb5859a11969aa61b9f08df6db19cf1033d3da93c66b13d45e5ffce81e3979077cb192e6f584d11d5d11db7c3108be4aa7a9388fc,52,868,7,125,4/5,0
HWS-003-BACS,5,37,BACS,limo02,1784113435506100474,1784113532505334151,0,0,96999233677,6,-88.36,14.18,0xece29366c576a62179a9981b87410b80521e01da9873df195b272258de30fa928ff2481d0b5eaeeb56cab2cd609361464f07fe5d,52,868,7,125,4/5,0
HWS-003-BACS,5,38,BACS,limo01,1784113438896634146,1784113681869986569,0,0,242973352423,4,-104.46,14.15,0x0203a5e51411d4a376172de5a345de8d09244cf94439cfc25e9b8c600efbf599b621d3be6e952fc1d3838529a99b398ec73faaea,52,868,7,125,4/5,0
HWS-003-BACS,5,39,BACS,limo01,1784113442068250638,1784113610304457598,0,0,168236206960,8,-103.59,-0.57,0xd9b7e1c3ea5c0b856bd3acb8588e3203c119964179d3546ecea3a557f0d045f31492e6c0a93364a0d747f79169b0c839558b702f,52,868,7,125,4/5,0
HWS-003-BACS,5,40,BACS,limo02,1784113445671064982,1784113694879771215,0,0,249208706233,3,-92.87,0.82,0x3200724f8587f8bd02792513ef38f42b2ac480148f4bef6956bb1c39e31bd6e46c5f910dee8a4c8863eb369bf76637af26b8b1a0,52,868,7,125,4/5,0
HWS-003-BACS,5,41,BACS,limo01,1784113449298237295,1784113574742248825,0,0,125444011530,0,-80.82,6.68,0x09cfc370883560d1d25af4c7e7c51788fbf7d6aabddc182033714fb37fced90ede4d51c540048471c008309c0d24d42a1169fce6,52,868,7,125,4/5,0
HWS-003-BACS,5,42,BACS,limo02,1784113453610637095,1784113562215474429,0,0,108604837334,0,-86.12,-4.98,0x6f6c90ac15aa4c0847cfbcab46b90b1a968f23ff54a1a369a22feb2c735371d1b899338f7e964c4eb4e14033e02459f5bab5bfa8,52,868,7,125,4/5,0
HWS-003-BACS,5,43,BACS,limo01,1784113454475816047,1784113570021513806,0,0,115545697759,7,-86.81,8.98,0xd93382bf07687499002d82f4c65de64a495593b91b5c9f35f01ea2be2db81fd810b6a4e6e96bd3684650408b96b2f1f55220800d,52,868,7,125,4/5,0
HWS-003-BACS,5,44,BACS,limo02,1784113459178759622,1784113560698741342,0,0,101519981720,1,-106.49,5.69,0xdfcf4e06f0d0a3757ee11e1f7eb8e118c4ffac28024335183e0980d0ee02d22582f5b49044ba0b96e5bdb6360de3e4ffa87c2bd0,52,868,7,125,4/5,0
HWS-003-BACS,5,45,BACS,limo02,1784113463407873536,1784113662336253787,0,0,198928380251,3,-82.61,-1.19,0xe7b0845cb0a4746777354d2ff4e6aff3a91009b4fd8942ff221c59f5115c41ba8d255ddee6889b19b029225f2961a836671af7e6,52,868,7,125,4/5,0
HWS-003-BACS,5,46,BACS,limo01,1784113467966228072,1784113632930730298,1784113632930732925,1784113633102063621,164964502226,10,-86.47,1.59,0xd5a2baec36824b06ffbcd9410d67c3347eb4a71767bc22aa3e44459e39f5fda31f94cf8db92bb6f5a8977f1a96e2c0615f12a5a5,52,868,7,125,4/5,1
HWS-003-BACS,5,47,BACS,limo01,1784113469249565198,1784113515669095151,0,0,46419529953,1,-101.93,10.18,0x3d8ab6b329ad79618c8e48cfbe45dd539182918402c464638474aa08aa4abf635b2a4f622f1080c7f2cd6c29b45ba3897548bf76,52,868,7,125,4/5,0
HWS-003-BACS,5,48,BACS,limo02,1784113473491991326,1784113567376080785,0,0,93884089459,9,-100.46,4.90,0x60aa2d2f4020c1e19e0e4d9012e6889af79cfbf7b227e261a0e314994eebe681e8bdafed5586a4805463aecf4c8be6494c9e0bb6,52,868,7,125,4/5,0
HWS-003-BACS,5,49,BACS,limo02,1784113477224953898,1784113810548925738,0,0,333323971840,6,-95.16,4.71,0x5c8ee5eb7080c59b0fbcf5fdcc6718dab6cbeac659b5be83f4bf58ac7bc5247eb9cd31a61018caf83d31e8cf36f40f7899f98a3c,52,868,7,125,4/5,0
HWS-003-BACS,5,50,BACS,limo02,1784113480990126194,1784113673277488546,0,0,192287362352,9,-84.99,10.05,0xf6d7854c40bd47667ee746bc20a51a40cf7ba3bbf8efec81337465b3c307cc03c84f5256a42dd8c6dfc1a10ecadb4e81b5531750,52,868,7,125,4/5,0
HWS-003-BACS,5,51,BACS,limo02,1784113485435297561,1784113811445426620,0,0,326010129059,10,-105.85,5.07,0xfb481624ea06e300cafccecd9e3a2547436e99a89a6932b14c275a8d3c1d8cf66f8d72884fc60106dfd049fa0048137885600ced,52,868,7,125,4/5,0
HWS-003-BACS,5,52,BACS,limo02,1784113489704477003,1784113619888153059,0,0,130183676056,2,-101.15,11.99,0x251c3ad78bfc1c0d4540752c7d2fb6544eb2637d71df6f6198fe790fdbb2b693472c50d4ea96963e9a7907d2a526e3af10c158b6,52,868,7,125,4/5,0
HWS-003-BACS,5,53,BACS,limo02,1784113490900971847,1784113787581212896,0,0,296680241049,4,-101.55,14.20,0x55bcb239ffb5bfe94d52d51be221e3a6c0d458d25994f739d26f8457d552b3c581bbb19c691984a5aa530564026e6e74868df85e,52,868,7,125,4/5,0
HWS-003-BACS,5,54,BACS,limo02,1784113497395476225,1784113661851271541,0,0,164455795316,0,-97.37,-0.36,0xcf800d2e4817b2836edd1dd45cac930d6d3021edba37c306d0d9a36319248de820803616901e7da22157f7acd3e92f249c12ed08,52,868,7,125,4/5,0
HWS-003-BACS,5,55,BACS,limo02,1784113497902674986,1784113639027575477,0,0,141124900491,10,-89.82,5.40,0x017465b942e2ee073032e568151500bceed37b116391c8d9092b132cf47077c63ee0bec15ec53a059b134d9dfa652f961559c03d,52,868,7,125,4/5,0
HWS-003-BACS,5,56,BACS,limo02,1784113501202407851,1784113692724735417,0,0,191522327566,8,-95.03,14.94,0xa94403b3dbbf968add8848401387293699a09c8c646a275e5b6cbe4896e6e450f2cfc95c0c4eab34d1912c34295a1bf9344679de,52,868,7,125,4/5,0
HWS-003-BACS,5,57,BACS,limo01,1784113507260132125,1784113907821563283,0,0,400561431158,5,-96.10,9.50,0x3b2d0ad3c1da70881f87fdd89f6f13fed88342f6ca8bb5a3064d452e4b0b115c2ac50bafd49b42eef8bfdbbe4164d2890c5efd5a,52,868,7,125,4/5,0
HWS-003-BACS,5,58,BACS,limo01,1784113509863088860,1784113637096117085,1784113637096119387,1784113637263277704,127233028225,2,-83.45,14.30,0x2e5d7dee34af3af5ef349fef256fb8859f7483a99557f9f394a8befaeca08217cf77efde195e34066e42c72fcb5282483e667877,52,868,7,125,4/5,1
HWS-003-BACS,5,59,BACS,limo01,1784113511483796891,1784113703162965997,0,0,191679169106,10,-100.23,1.86,0x04ed9b261c1a5cb55220b3c2105f02278d74a45f56e0df0e4d2c9de030bb4587e0ce85eff5faee75802cd979aa9e356c9ea67b35,52,868,7,125,4/5,0
HWS-003-BACS,5,60,BACS,limo02,1784113518498333007,1784113611653538840,0,0,93155205833,4,-101.51,-3.72,0xf89d5a2372699e4cba2a675242309301a92c6fccc4f7b68859cd5216ec3ccd7d0e818df370ccf4020c4ca57e121e90225656e346,52,868,7,125,4/5,0
HWS-003-BACS,5,61,BACS,limo02,1784113519855205519,1784113887421875826,0,0,367566670307,9,-107.39,14.77,0xb32e80792a474e84557356be899ee7bdb568baf918dd97d7717c2c5c1cf106620e97a086bce7271f8a05ace3236d39f83d8cc01f,52,868,7,125,4/5,0
HWS-003-BACS,5,62,BACS,limo01,1784113525674614009,1784113847968812736,0,0,322294198727,6,-96.91,12.45,0x8dd649a7ef3db0426459f0e1050288cb7294559bab60faeab25ab90b14e3c04956030fb29a5f3611499be0e2f80b0907e8e4ef6c,52,868,7,125,4/5,0
HWS-003-BACS,5,63,BACS,limo02,1784113526810878187,1784113640121410679,0,0,113310532492,3,-96.55,13.12,0xc2153ab233e51ff12f0599f59a54f389a893221333cad4b9242aab78d4015bd8f4f818de5b75dbef5b3d38a88940c3813a0e04aa,52,868,7,125,4/5,0
HWS-003-BACS,5,64,BACS,limo02,1784113532723692482,1784113616864903165,0,0,84141210683,7,-109.53,2.97,0x0ba6bfcc847818050074b5fb1ee6b5639565dfb34e816d14fd3f939e320359d14d4caaf0624aff31b13e306c59714c7d9fdc1f94,52,868,7,125,4/5,0
HWS-003-BACS,5,65,BACS,limo01,1784113535096816858,1784113591614891234,0,0,56518074376,3,-92.00,10.00,0x03b71337501c6b46519e847a5b785c98f9120503b51e252199c12128ce5c7c99d887f005bc0fe97d1d568a5198ddfba1f456fceb,52,868,7,125,4/5,0
HWS-003-BACS,5,66,BACS,limo02,1784113538891429014,1784113642610965893,1784113642610968557,1784113642783374443,103719536879,9,-97.63,12.32,0x42981ca94b950292de2d0f73655d3b3d91ee5d390d46bf7d60452d87f78d53641b1e71b93bfbc659b4d4925dd69d6a180dcd6e60,52,868,7,125,4/5,1
HWS-003-BACS,5,67,BACS,limo01,1784113543395245094,1784113756100761605,0,0,212705516511,0,-88.66,6.89,0x791737903ef24f9099afbba43df2f06a39313247aa61ba7e218aa5287fef3a733416c754efebb6df7a63cedce2ca6732e6f87c2b,52,868,7,125,4/5,0
HWS-003-BACS,5,68,BACS,limo01,1784113545064790175,1784113924313926037,0,0,379249135862,2,-82.99,7.54,0xbb329b131c922fd9c5a979f060e26f58331a31225ca803df6fa2770eae7789e397887479ddb7068d07baf58b9cb3498040b8f4ec,52,868,7,125,4/5,0
HWS-003-BACS,5,69,BACS,limo02,1784113549780126625,1784113778621003832,0,0,228840877207,9,-92.59,4.27,0x22e9d64fbb7ed3e5cce260bf3197ed121832be3b86110832cd1c903b5abc6c4aa1e101c882086919974c544b18b337c8d8085fb2,52,868,7,125,4/5,0
HWS-003-BACS,5,70,BACS,limo02,1784113553844061128,1784113843835394193,0,0,289991333065,10,-101.50,0.75,0x754ba235958d19685e8a530e6c17767b10e29d62efed972cab08fce9943dfb9a78a4f251565a7329d6187555933a8456846e8b2f,52,868,7,125,4/5,0
HWS-003-BACS,5,71,BACS,limo01,1784113555322334168,1784113852481256831,0,0,297158922663,5,-102.58,-2.77,0x671587e9b6465dc5373447ee59c27f9df3233ec9c93fa9e88cae5106ead948fd0f5e44bb6dfce1bb88a77db0a64c3b3b0f89266e,52,868,7,125,4/5,0
HWS-003-BACS,5,72,BACS,limo01,1784113561835202148,1784113778830571512,0,0,216995369364,1,-86.32,-0.07,0x86b6c197a9812fce48036a4544aab7922c3c1cd38555395c136cb99e6f76e8274f05252c134c214e1939e809fe667ca7d51afc53,52,868,7,125,4/5,0
HWS-003-BACS,5,73,BACS,limo02,1784113565178440019,1784113763548686110,1784113763548689533,1784113763722020928,198370246091,2,-93.63,2.16,0x3ff553fa787c4b1b09a3ffa2f41641cd9b7bfd529dd184b9c78d3b952afa846b9d8c542062e8c6287dfbd2c333cd8650ca9dfa50,52,868,7,125,4/5,1
HWS-003-BACS,5,74,BACS,limo01,1784113568484476193,1784113656340916268,0,0,87856440075,1,-105.89,0.81,0x1d31b6429373aeb9e4afcd27c04326a350e52196db931152936bbff752c09356a3231a310a64e5fe5f1df5ccdea2a828d481f78f,52,868,7,125,4/5,0
HWS-003-BACS,5,75,BACS,limo02,1784113572232777142,1784113787884121042,1784113787884125029,1784113788058234743,215651343900,8,-107.41,-3.44,0x4ef3232c8a03cf29e4b28b4917b3fc77af195ad305a4141c37171752bf4d0b014698177aab253b35a53bc7564d339eb896c5f49b,52,868,7,125,4/5,1
HWS-003-BACS,5,76,BACS,limo02,1784113573717734683,1784113664573016340,0,0,90855281657,8,-84.95,-3.76,0x1037dc8153a33bed46373803a570b7dfa5c1a371316b808f69cea70498b1bb148cb141cfe3f9474c1b260a029095f004d94ac154,52,868,7,125,4/5,0
HWS-003-BACS,5,77,BACS,limo01,1784113578211065896,1784113702601396307,0,0,124390330411,2,-97.95,6.57,0x2bd8134adc5ce2166251d02357eaca09c4706b6b09efb8d6430ecfcaec538fe516363c39289e2f3dfc627082c25ba13178e52a5c,52,868,7,125,4/5,0
HWS-003-BACS,5,78,BACS,limo02,1784113581435093448,1784113729121552246,0,0,147686458798,5,-102.41,5.07,0x61980ed3ef7f00fc978e4ed06dac76724a6d150fac1544d0492d6b5bd92aafe23a57d1fce20366ea577177c2d0cb9fa62bbba679,52,868,7,125,4/5,0
HWS-003-BACS,5,79,BACS,limo01,1784113585418251003,1784113769104380085,0,0,183686129082,1,-84.72,-1.46,0xe2e285605d2bf41a5e796a5aa52bf87fa257785dfa609de89ae36e2c2ea2e1369959b7adbfb19a18d73c8dea80d0228ec20df3b1,52,868,7,125,4/5,0
HWS-003-BACS,5,80,BACS,limo01,1784113588195797344,1784113723175460520,0,0,134979663176,9,-88.64,-0.24,0x23bacfb341820ca23322d7d315934b35f2e7fd6666f039a518a9370fbff33840e4440ff8bf23fcc68ca778ace81950357e75465c,52,868,7,125,4/5,0
HWS-003-BACS,5,81,BACS,limo01,1784113592732165885,1784113703767527786,0,0,111035361901,10,-103.35,7.55,0x7f5425e6ada5240c7c45325d430761885d6c265232f6c5b5960122dea3608ba97c5690c55082b6053becb27c618a7a4bf9016de9,52,868,7,125,4/5,0
HWS-003-BACS,5,82,BACS,limo02,1784113596483881952,1784113698576220379,0,0,102092338427,1,-86.18,10.60,0x3d18b65ee923cca1d0728dc45e4b2416564a2ba5832401252aa69d1354898c93e6e7bf15efac6b7962b148849527e187902f73a8,52,868,7,125,4/5,0
HWS-003-BACS,5,83,BACS,limo02,1784113597879786598,1784113874663477058,0,0,276783690460,9,-94.81,7.05,0x5533c32ec0e530b99a66fed3195a2c415add851ee1149031e334169b468266df8ae30c9fc387edb0a20ccff69144c2e4947c5a2d,52,868,7,125,4/5,0
HWS-003-BACS,5,84,BACS,limo01,1784113603072685372,1784113717278213232,0,0,114205527860,6,-94.04,11.96,0x01eade172aed7290768d4b4dfd7c422d7766417a8323e7cb120db02d384188b5ae2bdfd24b7bae33778a80b836b59f5aa0fe2c1f,52,868,7,125,4/5,0
HWS-003-BACS,5,85,BACS,limo02,1784113606824106791,1784113687843751736,1784113687843755919,1784113688015409165,81019644945,8,-105.22,4.67,0xc15d436bf0e423e97c6b1c736bc3ea99dbe99e93a15531c19485b602c0183caab541f72c5827c9f29bb2c274b9370755ecc70c72,52,868,7,125,4/5,1
HWS-003-BACS,5,86,BACS,limo02,1784113608945011225,1784113730220032531,0,0,121275021306,10,-80.87,6.47,0xf0259440b939ed10f35de022f34642438e5676e7f5e73c1bbc800ffa99fb074156e4ca8c30449cf8274f391efe7a23a080ab7fd7,52,868,7,125,4/5,0
HWS-003-BACS,5,87,BACS,limo01,1784113614055316448,1784113665914125638,0,0,51858809190,10,-101.45,8.55,0xa8d78ede7dc032968ef4da4988d819323efbbead078b9be0636e8e19abf615d6643703edc237bb7d7eaa31c577c184f149e64918,52,868,7,125,4/5,0
HWS-003-BACS,5,88,BACS,limo02,1784113615826137401,1784113718983944108,0,0,103157806707,4,-94.45,-3.54,0x920e0719b28aab83b360c842ce962fa0c07788365203558da13e532aee265a33166962e01d4d651cef388b5d2a8853a758f3a036,52,868,7,125,4/5,0
HWS-003-BACS,5,89,BACS,limo02,1784113620256870784,1784113695124598128,0,0,74867727344,5,-108.05,-2.20,0xbda83aa42927b290bc2d8590f7f1c43bd6d38548689926df2aec215cf2a9a91a8586dc87546642ebe0a8b3f849e5c20aeea11bcd,52,868,7,125,4/5,0
HWS-003-BACS,5,90,BACS,limo02,1784113625125781826,1784113690159429752,0,0,65033647926,6,-101.81,4.24,0xe377ddb33fa8eab6fb1f19987c6bfec01da0f2eb546d45a0454052358690a935ac3c29bd824700bb683e098afbdc3c0fab0127b1,52,868,7,125,4/5,0
HWS-003-BACS,5,91,BACS,limo01,1784113626568347729,1784113750566564926,0,0,123998217197,8,-103.83,12.04,0x29bc7e9f38dcea19617e7b195504f7144af5e6730cfe62bb41b9d5839f360786154c5185c9d3ea53e98f33dc7ef1062c81244548,52,868,7,125,4/5,0
HWS-003-BACS,5,92,BACS,limo02,1784113633202736581,1784113739975349170,0,0,106772612589,3,-86.92,-1.13,0xe7cba5c76192a65c3bf511a57efd467ff0373d80687477a99b16585afe74e6d0d12cc23fa1db0ed6f19f49a5e112080083828a0a,52,868,7,125,4/5,0
HWS-003-BACS,5,93,BACS,limo02,1784113635975599243,1784113784529359394,0,0,148553760151,1,-100.33,-4.52,0x2311193ce9a5e6ad3fa212086546e9a35555555c91eafc6b27ce9ddbd780894ad3ffb37bccc5c6c91cc9cf1d5fda394639077ac3,52,868,7,125,4/5,0
HWS-003-BACS,5,94,BACS,limo02,1784113637951340629,1784113730430573173,0,0,92479232544,5,-82.89,8.43,0x9cb9d4ba8fcb8815f4368ea0bde7d17ddae76c82ec39484f4a6b0e1bb813cb69e917f9be5d579cbc71b969e8747d806b79f34780,52,868,7,125,4/5,0
HWS-003-BACS,5,95,BACS,limo02,1784113643888131281,1784113814582741777,0,0,170694610496,7,-90.97,-3.28,0xba1ac2e08fa359d4071f6137cb521f49fb0c922bb45f77a90f2153a309d8a31debb6f3a3eecf5160ac08970378247a8cf61b1431,52,868,7,125,4/5,0
HWS-003-BACS,5,96,BACS,limo02,1784113647513423874,1784113749026206754,0,0,101512782880,3,-99.80,14.59,0x86592a66b0a503e7a68037058aa9b0cf1ba2e187ced9377acb63b20222daf7f97c0017105c9856d7d478963b788b363a9de7ce2b,52,868,7,125,4/5,0
HWS-003-BACS,5,97,BACS,limo02,1784113651227287735,1784114201301088002,0,0,550073800267,4,-101.96,6.58,0x1afcbde2be730d67438d155714fd9655cf1e704142c88855ed5cf379a88049684db66c4860868ee6be36b444997c708e13cacd2d,52,868,7,125,4/5,0
HWS-003-BACS,5,98,BACS,limo02,1784113653652535007,1784113737563733930,0,0,83911198923,8,-99.31,9.58,0x21427f522f4a886362a316fac77f4bcad3af47a12b30d0e3c18672067f871b1cfc80e5d5490734a9c937c7b5362cb8cba6e94049,52,868,7,125,4/5,0
HWS-003-BACS,5,99,BACS,limo02,1784113657462715752,1784113809089627914,0,0,151626912162,7,-92.57,5.36,0xc091dfce1a11f6f819bef9a2fb6ea75f4d9c05fc3ba1987223ab027308df71ccd47885de8059667caa2cb2b7b6c5cf63039997f0,52,868,7,125,4/5,0
HWS-003-BACS,5,100,BACS,limo02,1784113661161763124,1784113858138184408,0,0,196976421284,0,-107.14,1.64,0x767616753f3013b563f5ca521fb35f4425df8a6c7483786a76d76d0428c4c55edb89fad7bd13a58c2523ba74877e953e1adb3d8f,52,868,7,125,4/5,0
HWS-003-BACS,5,101,BACS,limo02,1784113662648963212,1784113766141203450,0,0,103492240238,7,-105.73,11.92,0xcc048ea8fe29e034d4004b5d2ce24e0f2f0a0e3c3eefe071a2969c2fd90d30ae56828bb551f037651fd97d4e069ffd21c10fa433,52,868,7,125,4/5,0
HWS-003-BACS,5,102,BACS,limo01,1784113666108930729,1784113832785788488,1784113832785791136,1784113832955293364,166676857759,6,-81.92,-1.03,0xafe5aa3f472f5307fd73a27c491cddcc0bf850308aebc89a1e43245c802107f73c0b877a80f08cc5532d3adb4e0c497394b234a5,52,868,7,125,4/5,1
HWS-003-BACS,5,103,BACS,limo01,1784113672094236559,1784113906600144940,0,0,234505908381,9,-83.34,-2.47,0x93fc0eaa157f25f59b38444e63e1abf99236ee8ab7515060fb77ffb606064a1c21c808f2fa6677dd96d30bfd49acd76476673b14,52,868,7,125,4/5,0
HWS-003-BACS,5,104,BACS,limo02,1784113675041216167,1784113756002608660,0,0,80961392493,1,-91.29,9.68,0x8e72f86e70aa0bdc4332a222bdc399930c0af0a5556d80b7f6d31f34ade30e694d9680a3dc09b020025e766f655c4f81b9cc64bd,52,868,7,125,4/5,0
HWS-003-BACS,5,105,BACS,limo01,1784113677235359270,1784113721037903343,1784113721037907062,1784113721210963848,43802544073,3,-103.40,-4.60,0xcde00dc7e83b59fd709d1276876de308d0e47a2f7503960367e05608a3dddd4496d6a7a829939dfa271087030e9040c16bfd18bf,52,868,7,125,4/5,1
HWS-003-BACS,5,106,BACS,limo01,1784113682798074709,1784113735003047273,0,0,52204972564,2,-94.54,12.76,0x95e2b72738bb6958ac19bde2180e8e593ad435119b0f9b41e7a7c21da6d99378da732d8f6981e81384ba3851e31dcf7a043f23bc,52,868,7,125,4/5,0
HWS-003-BACS,5,107,BACS,limo01,1784113687249965963,1784113808847846533,0,0,121597880570,3,-101.99,8.06,0xfdaf7829199447cae23c513e659deb3fdbdc2393afe111895b6a641f6106dbe2423c691eadf3ecd175f3e4c18622be26fffae6c3,52,868,7,125,4/5,0
HWS-003-BACS,5,108,BACS,limo01,1784113687570906809,1784113858485712934,0,0,170914806125,9,-97.06,3.42,0x34d120dc4db785120bd792b91c6d1a62ddb3c9cd9d84858e49a5f25b705fcbd022be08ab3ef93080914bdd419904f39b14a0f799,52,868,7,125,4/5,0
HWS-003-BACS,5,109,BACS,limo02,1784113690719164480,1784113948797763854,0,0,258078599374,5,-80.99,3.38,0xc4bdb3418b4e453dcf946b9ac1ef3383b94ac5c90b1ef68ba6ab8e02a8d392b455ce590db6ae8f579da9930500aad2029945431b,52,868,7,125,4/5,0
HWS-003-BACS,5,110,BACS,limo01,1784113697271179531,1784113827104984939,0,0,129833805408,1,-83.96,3.96,0x4c34b2af0daae2f6b08b6b80500d4b4a7ff3d4b8715791d966df3a7cd30cdd5622541eb6e76f2d9b58b9eb8b21748feb99d99cde,52,868,7,125,4/5,0
HWS-003-BACS,5,111,BACS,limo02,1784113700407823905,1784113782803733501,0,0,82395909596,6,-101.58,-0.95,0xfc89c133fbf7470ad4678bb1bfbd3c23f4db31fec817f08af0477e8368d57725b14a4dc6df288fed795cdbcfca5e5345c3bbb05e,52,868,7,125,4/5,0
HWS-003-BACS,5,112,BACS,limo02,1784113704019123053,1784113772837606214,0,0,68818483161,1,-106.49,-4.42,0x89c99bb9a63c65b9dcdb17973c8fc11298ce374f69505e92b7cde685e539467c75cf2ed9d477aa3b49e9acaf84e93ed4a402eaf9,52,868,7,125,4/5,0
HWS-003-BACS,5,113,BACS,limo02,1784113706340502066,1784113928277666775,0,0,221937164709,1,-100.43,6.20,0xd209fc49f69465921c729c6d92c1a2d4754e32be091a558dd82fbb459bb199d8b190a2379eac37fb908c48e92e90482cb21d7e12,52,868,7,125,4/5,0
HWS-003-BACS,5,114,BACS,limo01,1784113708643555342,1784113876815268363,0,0,168171713021,5,-84.06,1.21,0xf6fd2a9b3207e17b14f150be30c66a6ce1569e144f94a59ff7b263394fd6386a7749ddfc4f3f209a14b7cd1e43855d88d8fae0d1,52,868,7,125,4/5,0
HWS-003-BACS,5,115,BACS,limo01,1784113712007903023,1784113884797558071,0,0,172789655048,1,-95.95,9.45,0xa712fa9ce329354e6cf08d0af40d281a61058894d5ac52a8c411da96547ea7de95f564e0eaa171fc124a492d114c19b760425851,52,868,7,125,4/5,0
HWS-003-BACS,5,116,BACS,limo01,1784113716753151874,1784113867746382993,0,0,150993231119,4,-96.02,9.68,0x8b7c2483d54860ac24657f0a2fb95b0f9b47d56072d09184eb47e7c96b4ec257d7c7258afba371a6ce59a679fb984ffb3b4a12d6,52,868,7,125,4/5,0
HWS-003-BACS,5,117,BACS,limo01,1784113719981805492,1784113906027466577,0,0,186045661085,9,-109.13,11.99,0x3a25a12807809c23f7dcc16e4c63a3f306b8fbcb8a76046539f8a521c133b08a524500743c10e36e7850afe62dc0ff9e5cb68fd9,52,868,7,125,4/5,0
HWS-003-BACS,5,118,BACS,limo01,1784113724312823128,1784113825350340394,0,0,101037517266,9,-108.87,-4.98,0x33c2acc8f39299d6842b549219de4d64c4220c667ab3c8999102f88219f390c395f2b974b9d4a119b130a6fb968b9970a390fc50,52,868,7,125,4/5,0
HWS-003-BACS,5,119,BACS,limo02,1784113727670149650,1784113881841051778,0,0,154170902128,2,-103.05,-1.82,0x9988e039005dcf595d063cdf6905f0ccb7045f8ce4fd6d8e8e6d497345e7e2514cb3a821aa4e8644a20a1c3d20101be89793a2de,52,868,7,125,4/5,0
HWS-003-BACS,5,120,BACS,limo02,1784113732360649346,1784113817867484499,0,0,85506835153,8,-101.72,8.18,0x7f0b6a1cf16df8042b48aec9c2c2845fa9711e9e9dd22b0846e35b07900cd6f6ad9c3dbad5dc6cf49ef4dddb818b19c81ce8316f,52,868,7,125,4/5,0
HWS-003-BACS,5,121,BACS,limo01,1784113736583065257,1784113796647246586,0,0,60064181329,7,-103.48,11.27,0x8c4551c715f6619b90e8dfb7a082e235bbaa4e9485e1f3578420af7195da063082ccddf89059c1cef74fdf24382e0302594411c1,52,868,7,125,4/5,0
HWS-003-BACS,5,122,BACS,limo01,1784113740651686183,1784113821526183086,0,0,80874496903,4,-96.42,0.87,0xd5135dba32c33ab6c2b179e96e2dc340b9615ddfe9b52044af162f0321c0eee9872169100a3197013bdc196986f570d03043bac7,52,868,7,125,4/5,0
HWS-003-BACS,5,123,BACS,limo02,1784113744551238118,1784113857682712323,0,0,113131474205,9,-92.31,13.79,0x470881713c4ccfc3935e54ed77119260b0b0bff604844db1cd04db1971f56f981d0e863cefe7c2a4299c20a9c31b9fd0d6f23556,52,868,7,125,4/5,0
HWS-003-BACS,5,124,BACS,limo01,1784113744525119314,1784113838104495574,0,0,93579376260,0,-92.87,5.15,0x2595da3770d725bf779eafdb6431d7a07377d6f5a33a98ae375c5c4ff94ac120093a85f616ce158e71887df15556a9349a908c1e,52,868,7,125,4/5,0
HWS-003-BACS,5,125,BACS,limo02,1784113751121288150,1784113977916121652,0,0,226794833502,1,-108.51,0.87,0xa90cb914a58b923040844062048cb3ade634d519d45df5a8c18016a800cc8dace30a0691a6b88049db7d864969768e3a5b4d9529,52,868,7,125,4/5,0
HWS-003-BACS,5,126,BACS,limo01,1784113752990531933,1784113811860766971,0,0,58870235038,6,-84.29,4.67,0xf5a92d187bcdc99a4a86d8b5098d119121afd18c98decee1125acfb1b1124e6d4481239c9208d5fad557324704a45f53e80e730f,52,868,7,125,4/5,0
HWS-003-BACS,5,127,BACS,limo01,1784113755779843997,1784113882015772005,0,0,126235928008,2,-104.77,2.67,0xff417aa5c668ee262d0ab82888f413a192d0bd903ad5af5af508eabd8af5e02a77716108a8d5e40b7459e07d11609ad6d905c596,52,868,7,125,4/5,0
HWS-003-BACS,5,128,BACS,limo01,1784113761096779699,1784113912720208354,0,0,151623428655,1,-97.38,0.56,0x278def98c842008de0d246492ecde01737e826e27a89fcdf6aea6092a161485e1cb079144559aef4d5473c6207efea4c4bc07a3d,52,868,7,125,4/5,0
HWS-003-BACS,5,129,BACS,limo02,1784113765321784813,1784113981099151577,0,0,215777366764,2,-102.26,-2.81,0xb331453db438c2a6e0a8df1ac07813bb3c3fbe990572b44fbe1f90b4d9fde0a8f63ceffa969ac8ab46c930fd06cb8d11606f8904,52,868,7,125,4/5,0
HWS-003-BACS,5,130,BACS,limo02,1784113766596591775,1784113868154530641,0,0,101557938866,8,-96.50,-2.00,0xce2316d5fee5c33c198a7436e143cd1236ad8a84c5995a78bece7c5b85320a42ffd710a548614f12aad427a7a3e4901f573b5db1,52,868,7,125,4/5,0
HWS-003-BACS,5,131,BACS,limo02,1784113769880968097,1784113957828476543,0,0,187947508446,6,-95.00,-2.80,0xfb2f4e40e11d96551da30600c69977632979cb0156d7fac0953c986f475004f06b92a9b9aa2cb3e8d9db5065c6223dc97f4731ce,52,868,7,125,4/5,0
HWS-003-BACS,5,132,BACS,limo01,1784113772887094475,1784113875442258822,1784113875442263682,1784113875613550096,102555164347,4,-83.39,6.56,0xa4ab7f1a7187179a14a06c2d7200234a11c9449f1a57a9be48d3888af5337e51b7a88143ce1aaab8e61836165a5fdaa47b9617ef,52,868,7,125,4/5,1
HWS-003-BACS,5,133,BACS,limo02,1784113779777272664,1784114014174881337,0,0,234397608673,3,-97.52,2.47,0x035ac5b9e132eb4f3591fc8140944df7d96107b0a710fa9f05c73a9526d63c0366d7da3cd970b31e79c086384d5b3f638d2b4309,52,868,7,125,4/5,0
HWS-003-BACS,5,134,BACS,limo02,1784113780462698316,1784113977618937933,0,0,197156239617,1,-93.68,-3.36,0x18fe0deb06487ec3a76a0c59efad848289a4c0b226b04bb6827f13cf656db11cd23077a5c5bf5f62f1b61b8ce29e6ad1cc1043f4,52,868,7,125,4/5,0
HWS-003-BACS,5,135,BACS,limo01,1784113785757954151,1784113950076232657,0,0,164318278506,1,-96.13,11.03,0xb0b8eecab365294d8080974a1c634d850612499e4c2d150748d4c0dfdc51c1cfebc5e2a3b5fa0c6327323b4484d8269969d32032,52,868,7,125,4/5,0
HWS-003-BACS,5,136,BACS,limo01,1784113791008453436,1784113912636861587,0,0,121628408151,8,-90.16,0.68,0x449e34d80a0cf448a3b563ad37996445e3e09a9e87f187b619d4a2f369f496f8de28954b32399514461f3ad076d528883f3697e8,52,868,7,125,4/5,0
HWS-003-BACS,5,137,BACS,limo02,1784113794578344226,1784113911456224745,0,0,116877880519,4,-93.59,4.55,0x328f1772deabf1791ffce953eeeadce6876caac8c0bcb355aa7e44d45900cf79e14d40c083dff52982b73665103dc33312f7ad23,52,868,7,125,4/5,0
HWS-003-BACS,5,138,BACS,limo01,1784113794938801807,1784113964806861933,0,0,169868060126,8,-92.02,2.33,0xee08e58cc32c5a3ce83e574f7eea28e79f5cac59841427d615b4be2fabbfc945cdfd8dd05e2a3b80a140d61cb19c2bccf036e17c,52,868,7,125,4/5,0
HWS-003-BACS,5,139,BACS,limo02,1784113798084413489,1784114072219517635,0,0,274135104146,6,-92.25,7.72,0x70cfcc677f81971856b1948fa92c365018921bbe29b13bed9f6e2fda1834f2dcc641e2a878e44ffdf75187673a3af141e4dd7783,52,868,7,125,4/5,0
HWS-003-BACS,5,140,BACS,limo01,1784113801990797949,1784113923594106148,1784113923594107896,1784113923767197783,121603308199,4,-91.53,10.37,0xe986ecd614c7575a0af6c0d651f44ae2f6a153fe76bb0fdd26b1e8b03b12981159a2ee5adfe2c057793e25ef7df1e254387b949d,52,868,7,125,4/5,1
HWS-003-BACS,5,141,BACS,limo01,1784113806009709843,1784113905028526032,0,0,99018816189,3,-86.61,11.69,0x911d3648b88168b2dd58ab8e1ae9af84a719425498f0f303b0ac16edae014e29135c356699dd92dd8e151334ea275eea5d9231d3,52,868,7,125,4/5,0
HWS-003-BACS,5,142,BACS,limo02,1784113811265407486,1784113972962167935,0,0,161696760449,3,-82.26,10.80,0xfbf9c898e379eb98365a16dd61d30114c8f57f965fd00b424677c67ffac1f63b710de7a63e9efb3f9644cb9c7e75e539972ce8ef,52,868,7,125,4/5,0
HWS-003-BACS,5,143,BACS,limo02,1784113815730409293,1784114015809607821,0,0,200079198528,0,-96.31,13.63,0xc869c6e7b5deb3109e96bfd76e82540311dae4b1b275a4f9385f96ab7a46d2f18ec6558f7f7b79279a41bc69a5b5cfaf6057c22c,52,868,7,125,4/5,0
HWS-003-BACS,5,144,BACS,limo01,1784113819020103212,1784114007527204139,0,0,188507100927,7,-82.73,9.70,0x1fd7ec6729de8e9ebe9a807888d14b6f42a861365f3efd4071f26db9d43fb926c33a13c6626ac37fdc9a6ab4d6d656ecf1a70125,52,868,7,125,4/5,0
HWS-003-BACS,5,145,BACS,limo02,1784113822787169610,1784113930309198239,0,0,107522028629,0,-91.67,14.03,0x6fea6624378e14ddc5b0df83e4c2be2617f4876281dcb8ba0a14d0840fcee036bc303c9ee690b062d85183a14a5672c5b568b875,52,868,7,125,4/5,0
HWS-003-BACS,5,146,BACS,limo02,1784113823489199073,1784113956129080917,0,0,132639881844,2,-89.98,5.60,0x8b3e8dd073c7a82b0c07453b78b93e1f9c8d63772ff24f4554ac37db00ba44d5a4f2ee6904d5ff9ad000edbc5e9764ec04f1c404,52,868,7,125,4/5,0
HWS-003-BACS,5,147,BACS,limo01,1784113829169047182,1784114003137795922,1784114003137797505,1784114003312601786,173968748740,9,-107.11,-0.60,0x897925be349b61ce183c40ff209e3f2d0c0e4462809412f8c63722f8dd69d9cbb82773a7f583c5a17f1f7f901848065e637fa661,52,868,7,125,4/5,1
HWS-003-BACS,5,148,BACS,limo02,1784113832768127930,1784114148966805936,0,0,316198678006,5,-87.09,6.65,0xc657a74c3e286e2fb27299b42822a98d0cf2540d6981119e700f1afa04b2a266231473abc0395a36d29fab0398c1e899d2f82e8d,52,868,7,125,4/5,0
HWS-003-BACS,5,149,BACS,limo02,1784113835631099198,1784114067377007348,0,0,231745908150,4,-96.79,-3.04,0x9cf4cff44272c7ec2d55e4abb58c474f4c7157fa153c813cabf71311125c6542db2238a615e458210f7c813e4ee6e4e317ed149e,52,868,7,125,4/5,0
HWS-003-BACS,5,150,BACS,limo02,1784113839874080333,1784113984397789256,0,0,144523708923,7,-90.48,13.79,0x8b5258a4f3c668e3e57ae01bfbe8d0ae54d24718455f0da59d732c2f76e81658123ee9cd80b5956fe37e18a9dfcd6a7d73110e56,52,868,7,125,4/5,0
HWS-003-BACS,5,151,BACS,limo02,1784113840940253894,1784113994541491440,0,0,153601237546,0,-96.66,10.95,0xc836dd62c306edc041094e0fc58ac698000ae2de25a6f503953a20be768845ce56a275ac77c9c87b0a98b2dee0f1e50ab2030382,52,868,7,125,4/5,0
HWS-003-BACS,5,152,BACS,limo01,1784113848329786136,1784113938613369242,0,0,90283583106,4,-103.83,3.45,0x689966f30058e46661133c6282c5ac013efa5e53b55052a6dba2314202dae267141716d2ca6106af23d9db133b7054322c8338c3,52,868,7,125,4/5,0
HWS-003-BACS,5,153,BACS,limo01,1784113848420465859,1784114229984651229,0,0,381564185370,5,-88.71,1.98,0x769f29126421860e8ee9f87c8103467f4c95475c34a089351b4ea1deb243818a864e3fc69ddff2e01ec346287a298717ba5db4ef,52,868,7,125,4/5,0
HWS-003-BACS,5,154,BACS,limo02,1784113854162544533,1784114020932806755,0,0,166770262222,8,-82.69,-4.82,0x1d8bf9ecd45593d6a8f102435ceabf3cabffa4d79493c2a9b2ae28b13f518747dacffac71e47cf547e4404f56e2dd5cda9d3db8d,52,868,7,125,4/5,0
HWS-003-BACS,5,155,BACS,limo01,1784113857113019568,1784114046117826544,0,0,189004806976,2,-105.08,-3.50,0xe65a4c0b14b932307ce51e40b32f962f0be1fd2c778b9415d02316f6354190bfa35139f770180737b9471decefcf3bc36261c647,52,868,7,125,4/5,0
HWS-003-BACS,5,156,BACS,limo02,1784113861179785774,1784113969931393463,0,0,108751607689,4,-105.29,6.62,0x13808bfcbc61ee62d2ac4da28899f5158101bd45123fce9e3fec4a16259f005884169d029429891f9e7db62b2e0b8710fb442253,52,868,7,125,4/5,0
HWS-003-BACS,5,157,BACS,limo02,1784113864428923208,1784114005735586286,0,0,141306663078,3,-81.78,8.21,0x66d210fc53c139d16ca2544e2bb1d7d845c6cd6baedd8535401dd2bf859ee71702c1fef95c25713afe1923091cec136fcee90f74,52,868,7,125,4/5,0
HWS-003-BACS,5,158,BACS,limo01,1784113866661519778,1784113971075199767,0,0,104413679989,8,-90.43,5.78,0x670da229972aebeb39205522a6f61c34ef930d1bf1699b3457d7e118f301aba2019170431f7a5a71675a0ce2b3735ff23d8ae40f,52,868,7,125,4/5,0
HWS-003-BACS,5,159,BACS,limo01,1784113872392756274,1784114008705030022,0,0,136312273748,10,-86.08,5.60,0x4310a4491a982e0732fbfc33dff9ca9437b10bce60ac4a89da15a0516c14a9dfb2ebc04e6c0fb685802f5c0ad028f26db3e98b6d,52,868,7,125,4/5,0
HWS-003-BACS,5,160,BACS,limo02,1784113873414874560,1784114063473637797,0,0,190058763237,9,-80.88,-3.80,0x82e51f3945f6faa8d0113397b1862b700839506bf54ba915e3fbc20cc5cd5e90113a51b7343c5e8efb0a354e96af08d6d41c2aa4,52,868,7,125,4/5,0
HWS-003-BACS,5,161,BACS,limo02,1784113877090882336,1784113966920108180,0,0,89829225844,6,-94.26,5.87,0x0b959c0f709b2c1523c4f98083418f11770d9aa2f485a73b7a69efa9756f0bfd94f8065a6401b7e51746325f35fdf25d86b7f4ee,52,868,7,125,4/5,0
HWS-003-BACS,5,162,BACS,limo01,1784113881765372731,1784114094354313949,0,0,212588941218,0,-87.93,-0.89,0x3256e5b4e84a2e6a5b8b7a889ebfc902443d40c00e3e194bd1da43a84ba873dde38318ed9e55132180b9904293be60ca98456b90,52,868,7,125,4/5,0
HWS-003-BACS,5,163,BACS,limo01,1784113885533079112,1784114028928778472,0,0,143395699360,1,-89.09,4.94,0x5a35a2ae7f78f19217b9b3fa436cbb9348e53c2c88f5efaa25f3f7a68b83fcc14a99207a80154224405193adf53bee0943eb53fc,52,868,7,125,4/5,0
HWS-003-BACS,5,164,BACS,limo02,1784113889746658487,1784114123597446462,0,0,233850787975,10,-80.47,-1.99,0x092c62918668ad8215e2c2aeded216fee9f8cfef3992a6d3f0414c2019c9de6463d7179de22c78f916657b69c0c47d0f7caac12d,52,868,7,125,4/5,0
HWS-003-BACS,5,165,BACS,limo02,1784113892413934391,1784114036397688908,0,0,143983754517,7,-82.11,9.14,0x4901cc7d5acc631afc0c0edba54338a01918024ea07f934be877b2f4fd0e3ba116a58d8839f6bc1b7cd547a1cb08953a5ba637ca,52,868,7,125,4/5,0
HWS-003-BACS,5,166,BACS,limo02,1784113898281328165,1784113996077413092,0,0,97796084927,1,-98.96,3.48,0x04e5ad0dc015015c52d322ba6f306d93452316f9cf6ddc8ba56f1228da98d728d3f2b9b488149bd1b6ab511416de8fc64d8bbc84,52,868,7,125,4/5,0
HWS-003-BACS,5,167,BACS,limo02,1784113899569100259,1784114107359325677,0,0,207790225418,1,-107.25,14.96,0xb288206a7d295c9bdedf519ea295c6f390059e1d8d3a5ac9685def0aceb606fa6809a3cf5cb8777378dc2322239c4eac9b98bed0,52,868,7,125,4/5,0
HWS-003-BACS,5,168,BACS,limo02,1784113903763761487,1784113990525826496,0,0,86762065009,10,-89.64,-4.17,0x5bfa9ca4dacf7740b070243aa8e7df2841b6875641bec9d2783662daa114f0442e9f968ed53ee6bad19079268decc88510bbada6,52,868,7,125,4/5,0
HWS-003-BACS,5,169,BACS,limo02,1784113907720909869,1784114028236101473,0,0,120515191604,0,-94.50,4.70,0x9dfc3d1ac224c6c33c0425a6764ef9a8aafff1bedd81e5348237550b25b3209aadec08395566c8e19114609bdcf86b9785e87a64,52,868,7,125,4/5,0
HWS-003-BACS,5,170,BACS,limo02,1784113909748630282,1784114092607514548,0,0,182858884266,2,-84.22,7.61,0x357e1deec0c2f9685ac4d54f2821b4c340b4e88551ae28c36d924247615d42ed892798bc4e1fec3e39878b0ab47aeb4e78af7b51,52,868,7,125,4/5,0
HWS-003-BACS,5,171,BACS,limo01,1784113914239692968,1784114162431991923,0,0,248192298955,10,-81.45,3.78,0xe48dfbd0afbc1051a88dfb53162adc9ab9c0b1fda1417618efd05571a04d4df35478d2921748835c6e6496c2e3023259979c6ff2,52,868,7,125,4/5,0
HWS-003-BACS,5,172,BACS,limo01,1784113918831239718,1784114041873199688,0,0,123041959970,2,-86.15,5.37,0x139b758db112b8295c034146ddab9186387e5ea48175e81928009ab4fa1450e8dbef6dce7621a8fb35587afdc48a7906610f46a2,52,868,7,125,4/5,0
HWS-003-BACS,5,173,BACS,limo01,1784113923491440610,1784114261645851879,0,0,338154411269,7,-83.61,-2.83,0xa82c93e4c2e81fc3d8171f5fd57c7dbc15aad893eef14c7c2f9f8523a457a5c3220ab4c307ed18b3b7367c4ed9519f93af9815aa,52,868,7,125,4/5,0
HWS-003-BACS,5,174,BACS,limo02,1784113924787659433,1784114007820421799,0,0,83032762366,7,-89.07,4.63,0xe571fdc9d23fb75f65c9a485c139934225091593ed50598dbf9c9ca51b25786efcc560429490d8e733fb91f8b72b7c02d996e16a,52,868,7,125,4/5,0
HWS-003-BACS,5,175,BACS,limo02,1784113929122116674,1784114143298162588,0,0,214176045914,3,-80.43,6.14,0xf0ea64bea4f6144169dbf58f94d42d2c07bd41cce6bdf390c3afe4cd825e70138565db0b7a0a7c4c15885472420b399de684160f,52,868,7,125,4/5,0
HWS-003-BACS,5,176,BACS,limo01,1784113931870105260,1784114017086706419,0,0,85216601159,2,-108.95,14.86,0x919904a18b632cad596b7c067e7d011f49d01c41da121844815a726cbafa0f870ec37c96c26a06159a546157f7c709bed426d18c,52,868,7,125,4/5,0
HWS-003-BACS,5,177,BACS,limo01,1784113935949050346,1784114078534311721,0,0,142585261375,10,-92.50,-1.04,0x701c22768af8f2cc3ce2039da63ec91f79cc297786d35192f41f64b89ad5d260dbe7f8a8ef1a276bac085144d20003e89e986e88,52,868,7,125,4/5,0
HWS-003-BACS,5,178,BACS,limo01,1784113940500061689,1784114031862151219,0,0,91362089530,1,-88.98,7.67,0x7ec0d6926d74a25e810bdd9f55017219d0d894c64a8cd694bf41d6912a6c567c07ab3b704903a69b8c66ba325111ef58675ef5ab,52,868,7,125,4/5,0
HWS-003-BACS,5,179,BACS,limo01,1784113943916264336,1784114121266232375,0,0,177349968039,10,-108.95,13.53,0x97d3eff1b7a835268bb3c732817e588b0997f7f8e6eab9d218f68c4eac589742671d31089469d272a12b6393222a61609a9ac891,52,868,7,125,4/5,0
HWS-003-BACS,5,180,BACS,limo02,1784113946401599505,1784114227305747732,0,0,280904148227,4,-88.86,-1.50,0xc275f6f6f969e2b836eace93458103eeec51eef622d206dd1c7f4d009de394c476268e4899d362261fcfced9219215d901fc6a46,52,868,7,125,4/5,0
HWS-003-BACS,5,181,BACS,limo02,1784113949471864235,1784114056902731893,0,0,107430867658,3,-94.99,11.46,0x5e445aa5ece9be3c82ecfde20bff205392bf178cce93e9ebfe15c32c9af0fa986b6d482c3af276bd7b94d23ede8b0cd0ab110570,52,868,7,125,4/5,0
HWS-003-BACS,5,182,BACS,limo01,1784113954198065090,1784114016243668335,0,0,62045603245,10,-101.83,13.10,0x8ed1a29fec944f959e3def07afe743e5185b33d0cd2a68b6a822885f428120e1442688c19e09f8a04150ebc57db9e43f49b981f7,52,868,7,125,4/5,0
HWS-003-BACS,5,183,BACS,limo02,1784113956296055645,1784114094927953082,0,0,138631897437,7,-100.77,-0.66,0xb6d16cf9b04a0068c1908adacd614e1328b15e4570c38f187e56b38941db2945535384b7171c20a875bd5537478d300cf72256ac,52,868,7,125,4/5,0
HWS-003-BACS,5,184,BACS,limo02,1784113960598642297,1784114008704563465,0,0,48105921168,4,-83.11,14.30,0x34afacadb9cc9df0489c65458e41da7a9bf6af53269d5e640571802d2215d994b92ac1324c3f171936720b50b6f14e7443a5504c,52,868,7,125,4/5,0
HWS-003-BACS,5,185,BACS,limo01,1784113964662530489,1784114265196752472,0,0,300534221983,9,-109.19,-2.28,0x7b788fd7b0e53f8ac53c5e62674f653472df105291bcac2a1fafb40c95af1bdf356f44b164959f95576f200c20a61fcb2ffea396,52,868,7,125,4/5,0
HWS-003-BACS,5,186,BACS,limo02,1784113968324060654,1784114420932680294,0,0,452608619640,3,-106.30,7.94,0x707249170c8edc8a14a4746e061c50857f42c9cc3c0c110229daeb6d9721b64093e9f2078fc11f014d12e2be8d09f226b89ad948,52,868,7,125,4/5,0
HWS-003-BACS,5,187,BACS,limo01,1784113970956407932,1784114078603281068,0,0,107646873136,8,-82.48,2.59,0x274dcc511b12918f8376eecf2dfb48836a6bf77e0121a81c22028867a9a55197fa642ad029bae760ee68cf3b121c2e228e6c3f65,52,868,7,125,4/5,0
HWS-003-BACS,5,188,BACS,limo01,1784113976645864758,1784114334916151482,1784114334916154625,1784114335081440568,358270286724,9,-80.09,2.23,0xb41b3c2a34da954870a732aa899e68501383edfe37777ef116a5323ea009c10e11a5b538d3ab2096de06500acaae30663b88026a,52,868,7,125,4/5,1
HWS-003-BACS,5,189,BACS,limo01,1784113977524188201,1784114086726268338,0,0,109202080137,8,-103.63,-2.47,0xccce9bb9ec9457a8c636d4708aab997087e7a4f49dd6ca90181ca721bf2dbc81546f26261df8ade67985ea7a18d49a324f92837b,52,868,7,125,4/5,0
HWS-003-BACS,5,190,BACS,limo02,1784113984027640614,1784114094657348540,0,0,110629707926,8,-98.98,10.41,0x3df0d69e5f12aae5291f8cd2ef3b65e9066028c10a5720e0b70bcc76473a692c9dc627918c9f8506f7c359909f65112fa11c8f8e,52,868,7,125,4/5,0
HWS-003-BACS,5,191,BACS,limo01,1784113984836298906,1784114119213062875,0,0,134376763969,0,-82.60,14.24,0xb4fabb62f696804085981fd743a619c739deb031c450152312acbd737a475d308bced691f802e55b81724a31e0e5d3b16d0aaea8,52,868,7,125,4/5,0
HWS-003-BACS,5,192,BACS,limo02,1784113989590314403,1784114272294082258,0,0,282703767855,5,-94.52,2.56,0x5913ddad26609257671f21e932060029dd8e7efd6f3ed3be07f7a68c083ab44b36befd31fa732f5a53b437c7ecb8e5ee2a48b561,52,868,7,125,4/5,0
HWS-003-BACS,5,193,BACS,limo02,1784113992625534804,1784114146398738535,0,0,153773203731,8,-97.46,5.87,0x81df5f2a28c87528f6af07876d6bd7ccd74ae2dc3be129a5af73aaa3a90f4fcd53943a52f213dae3626c861b61c64b016ef77daf,52,868,7,125,4/5,0
HWS-003-BACS,5,194,BACS,limo01,1784113997523569804,1784114175812089536,0,0,178288519732,8,-88.57,-1.71,0x9151fe22c0d333363ef41776b76392bf9bf7bf9b5db0fc11d28002bd9634df661a934b884addfa507b428993dc140eaf758c957a,52,868,7,125,4/5,0
HWS-003-BACS,5,195,BACS,limo01,1784113999927433190,1784114191656622739,0,0,191729189549,5,-102.45,13.27,0x422926a05bccd32fd26c8874ace317a56967ef378479f44e611a7a45ec3727749540fa0f05983417acd13f8b5fff7de25d6dbe4e,52,868,7,125,4/5,0
HWS-003-BACS,5,196,BACS,limo01,1784114003970748917,1784114088188895089,0,0,84218146172,5,-101.08,14.27,0xe1e1e3adc98a0e43bd95a537cbe0f0bbb564fcf9307669dafb25f09ae315b8b02abaf170e08f0fec5fad148f91d6aa1225fc538a,52,868,7,125,4/5,0
HWS-003-BACS,5,197,BACS,limo02,1784114007211505361,1784114184592256801,0,0,177380751440,10,-91.55,-4.98,0xa2f74f886b71463eff3f9666bbe87335b2f3ddf9855e66fbdca67b2bed908234b1622a88adb0f976103d324283d250c8fd556b8e,52,868,7,125,4/5,0
HWS-003-BACS,5,198,BACS,limo02,1784114009702086308,1784114165980245221,0,0,156278158913,8,-105.73,13.27,0xbee41d8da31662e56e3a91a90488c7c387fbe4bfde5a20b94cfee8e98045c62e70afd92785e7a077a16ddf3b25b7c68e69fda6f6,52,868,7,125,4/5,0
HWS-003-BACS,5,199,BACS,limo02,1784114015372450379,1784114095684422210,0,0,80311971831,4,-85.04,2.84,0x338d7af8b8bf532be7f5e2a52504d4772fc6565795128454d45cf532b19b03c86e7dc063bf8a6faa4b9705e1da60f5cfcd901bed,52,868,7,125,4/5,0
HWS-003-BACS,5,200,BACS,limo01,1784114017201688472,1784114160730920124,0,0,143529231652,3,-102.82,11.03,0x63ba6554fe79e981cb9fa802a6d87c72fbe00dbc7fda834602b10e2f62e1aa406e7d35a70c838d4c0ab99720b2db4e4bdbdfd72e,52,868,7,125,4/5,0
HWS-003-BACS,6,0,BACS,limo01,1784114020684195253,1784114194060179979,1784114194060181992,1784114194227669827,173375984726,2,-95.31,1.66,0x0c10cebb2ca3c037b4a8126261eda8ce64f7c85e4dfdefaa30ec7dde8e14923339aaedd347b9676512bcb0400ad3a1bb745a29a7,52,868,7,125,4/5,1
HWS-003-BACS,6,1,BACS,limo02,1784114025031601835,1784114204543268804,0,0,179511666969,7,-86.76,0.72,0x67147aafd6750d928fcbaf3c8c233f3f701e9f5aa5ba4cc8c58855c22451f651f9de82fa8a548e6a7d25f3eb4bd4156ddda9d248,52,868,7,125,4/5,0
HWS-003-BACS,6,2,BACS,limo02,1784114030874059545,1784114184875935595,0,0,154001876050,0,-93.69,6.62,0xdcab625dfa446ef0a39b5693cd00a2b0726b6eac42e5f1c106113292589800c1648336e940cb6f5605e64fd9f9559ea33df3ac7e,52,868,7,125,4/5,0
HWS-003-BACS,6,3,BACS,limo02,1784114031154435001,1784114177925644733,0,0,146771209732,4,-108.96,-4.54,0xeedbea42df252cd13278b6be4ee1474dac981d23881579be896046bd726134f8828b7ac3d087a1bf352350421b73af40f10ce1ee,52,868,7,125,4/5,0
HWS-003-BACS,6,4,BACS,limo01,1784114035660310223,1784114199076728798,0,0,163416418575,2,-106.87,5.85,0xc4e90cca022634cb97a822248c9b366128e7ebc2206b91740cdd47c1b122622a66b82c8c0c2525847e368c2f9c4ff8a0371bb392,52,868,7,125,4/5,0
HWS-003-BACS,6,5,BACS,limo02,1784114041203217842,1784114196478125468,0,0,155274907626,1,-108.99,6.65,0xe90c0ebed956b7850c0c5cd1f8a88cfb83f60484dea7a067c267dc75202b700e9434bf144ef3b8cbb2935e889f0aa0df6540ae7d,52,868,7,125,4/5,0
HWS-003-BACS,6,6,BACS,limo02,1784114042479361799,1784114133629746273,0,0,91150384474,9,-94.33,-3.52,0xba179393a582f94498467431e6ea6f2eb33a1f5f05ab8b88886df33ffc97ead4945c5c470d244f2ed1c171db39d2418d8a69802b,52,868,7,125,4/5,0
HWS-003-BACS,6,7,BACS,limo01,1784114048359650104,1784114321354766765,0,0,272995116661,2,-96.77,11.13,0x4e7f0f64a6d9fe55714cc033309049032be162400ec8e65789127a41dbc56487ba37789e437490bec495370a22e27293f0254e2c,52,868,7,125,4/5,0
HWS-003-BACS,6,8,BACS,limo02,1784114050507384493,1784114129476834714,0,0,78969450221,4,-91.22,0.35,0xf7140e0ee8acfc810cc038c97559ffbfc06c90c982fdd64c5721553c7fb4051a415c152c0d3129269ffa2bf73240b106351a997f,52,868,7,125,4/5,0
HWS-003-BACS,6,9,BACS,limo02,1784114054589052864,1784114230655423503,0,0,176066370639,1,-99.98,-4.99,0x65d91c7af1ef55cf490f6ef3be77474a45b7059a8fcf5066c0127bfbe29d043fa50d41e3f0bf6fe2e4e5e914b7066ed4e4139138,52,868,7,125,4/5,0
HWS-003-BACS,6,10,BACS,limo01,1784114057730417799,1784114199459940596,0,0,141729522797,7,-93.60,3.25,0x863cbaf88fad7eb4c737d130f6cf2f83a837aaa39d0acc87cf08c2eac49d103d553335a75c29a9c65312054e3c869afabccb300f,52,868,7,125,4/5,0
HWS-003-BACS,6,11,BACS,limo02,1784114061844521462,1784114225433193204,0,0,163588671742,10,-98.07,3.79,0x2525695b1c8c9981d898e44037b50702f4aa5cb8cc6d6b7a85fa1bcfbff17211e7a60350500f099540e95d2d90dce8adb625f9c2,52,868,7,125,4/5,0
HWS-003-BACS,6,12,BACS,limo02,1784114065868693004,1784114250371967980,0,0,184503274976,0,-90.91,-4.91,0x2dba2abb208e56b4dc4c4dd7195398ee600375460983294adfbace07ce5be3c5ad4b5837489c7c851ee2afd9cc4954cd3115645f,52,868,7,125,4/5,0
HWS-003-BACS,6,13,BACS,limo01,1784114068446100013,1784114200796708474,0,0,132350608461,9,-97.12,9.81,0xb4690b06899e669dafc2e1c39b19d3bc70f94a932f01029a9b5750da48364ee48768bade73334e96e9e409b98ffbb3b62ef5290d,52,868,7,125,4/5,0
HWS-003-BACS,6,14,BACS,limo02,1784114073004494262,1784114159292956258,0,0,86288461996,2,-103.65,1.39,0x3783405b6e4861e3bf59a0b39ed95e619a7e2744d26bc8a2ab1d1495250c9f28fcef1ada93e7bf9936031b42987f9eb854636fbc,52,868,7,125,4/5,0
HWS-003-BACS,6,15,BACS,limo02,1784114075697909116,1784114225414658030,0,0,149716748914,8,-81.49,11.71,0x3b563379f84d6defcf6170ee117a13231ed74aef687b73095d15ac39d4ec4d64f526e70855664059fe5cc1ac5fb0b1dfa4334765,52,868,7,125,4/5,0
HWS-003-BACS,6,16,BACS,limo02,1784114079638978566,1784114155699220703,0,0,76060242137,3,-100.26,-1.45,0x850ce05989844a35cc14a84750944bf4a57a145436d86193e4419876f512a77c7c2cfa418862a0694005b898b39ab9a3f8bf8c98,52,868,7,125,4/5,0
HWS-003-BACS,6,17,BACS,limo02,1784114082388966598,1784114431487681862,0,0,349098715264,6,-98.67,3.70,0x8d8ae65226a172d2d11f7ee44e67b29595984795476da80f446b4435944d56bca200bfc90df0cd11e586f328ef45d826b1acae51,52,868,7,125,4/5,0
HWS-003-BACS,6,18,BACS,limo02,1784114085988684124,1784114169993510016,0,0,84004825892,8,-97.29,4.80,0xf829b6bb625950d38916667145a2c3cab92183c8f792715192ef63e728b77759e31a51705a6a6f6c31d1b98bd19d5f7a1fd4a08a,52,868,7,125,4/5,0
HWS-003-BACS,6,19,BACS,limo02,1784114090008082576,1784114250799870135,0,0,160791787559,0,-95.60,11.83,0xd8271b4602ecd360a0ecf53efa8cbf57c349a539bb0e47f68aabead645895af1f74aa7190aa429323ffd894722e7ca2e741e2d32,52,868,7,125,4/5,0
HWS-003-BACS,6,20,BACS,limo01,1784114091439714540,1784114276047707503,0,0,184607992963,4,-84.89,6.36,0x6a02a4180ad67a76269cd9f1642342f5eddb3fc2fa8ddad8b34cd70c97c14b6643d5f26c4f2100b71c2557e67e4679b85ca38579,52,868,7,125,4/5,0
HWS-003-BACS,6,21,BACS,limo01,1784114097362878168,1784114179554457000,0,0,82191578832,2,-95.60,9.40,0x59a0f6edc8291e0af6a008bd464fa2908af0a63ddbeb31871ce8a8ce6d747bf6707b13506498af25d8d0b0176178afa628ec92f4,52,868,7,125,4/5,0
HWS-003-BACS,6,22,BACS,limo01,1784114098544445975,1784114187399148541,0,0,88854702566,4,-109.85,-1.90,0x9afa6fe64e76ebd732d9cbd5b7f04c537cb38e94cf3687ae3fcf780ac97f2e1dcf33e2fbe2ba66803bea01872f22dfec82ec4712,52,868,7,125,4/5,0
HWS-003-BACS,6,23,BACS,limo02,1784114104969909082,1784114241680498654,0,0,136710589572,7,-84.88,-2.30,0xf0a624984dcfa1ccf46df99fe67bcd9a60d31fff61df2085985ad0043d698277e8b6dc78f36bec1921a8f4d01a4dc11ae3d3981c,52,868,7,125,4/5,0
HWS-003-BACS,6,24,BACS,limo01,1784114108295810763,1784114193942799790,0,0,85646989027,7,-82.78,14.64,0x8d4f78d6b226468fec23ec5d0ff74affddf21851c27575d288ab3b08ebaa01cb851d422ed51f2dca036a47e749aa2622ae234c22,52,868,7,125,4/5,0
HWS-003-BACS,6,25,BACS,limo01,1784114110476377149,1784114187986158881,0,0,77509781732,4,-100.26,12.54,0x98c8530362a7f700cebe66c5b4fdbf97239fd6960f865448626390b0cbed625c6c882ddebf52e31101ec36a903c4291f1943464e,52,868,7,125,4/5,0
HWS-003-BACS,6,26,BACS,limo01,1784114112242478407,1784114323416427838,0,0,211173949431,3,-83.33,14.69,0x92bece657127fc76035be5c5a535baa39c0fce453172dc843ee7bebdef1d6cbf9de0e32fc3de8339f54649f3316730ba86f1ca66,52,868,7,125,4/5,0
HWS-003-BACS,6,27,BACS,limo02,1784114116186184678,1784114403299280287,0,0,287113095609,3,-84.44,-0.04,0x889194cbd1b448f5bd0b2a678dac4f97c309caf45ec074466086ccda0f8342ab0841751bed95d745c0adc66659964779e8eda1d6,52,868,7,125,4/5,0
HWS-003-BACS,6,28,BACS,limo02,1784114121795434543,1784114233574621743,0,0,111779187200,2,-92.21,1.36,0xfa2b4d8cfdaa2c4f0ce00fff1290093e7e677e306b64d511ed402bfe196fb46775c28ea629faf427459db98a4d5e8ba0a27a4576,52,868,7,125,4/5,0
HWS-003-BACS,6,29,BACS,limo02,1784114125783138556,1784114322619209081,0,0,196836070525,7,-94.15,6.56,0x271f02f9698a0baf320229ad1ec581941cd39e3a2ebb670583432b7fa5fbef6fd1577f8ccd82d8aff9e126eeb16f6cdaf9abfd97,52,868,7,125,4/5,0
HWS-003-BACS,6,30,BACS,limo01,1784114129748423564,1784114191167477029,0,0,61419053465,2,-87.85,9.78,0x93c9f859828afe816f4876d80090aeeb0474dfabc74b5f63793652e4e55f67e55e53c4c2d48a898299dd776d34c30dbbd1582b71,52,868,7,125,4/5,0
HWS-003-BACS,6,31,BACS,limo01,1784114129817238729,1784114217336786338,0,0,87519547609,3,-91.36,-1.73,0xdd26050e6d51e3af26a46fab4930f508f703a098718307cd8fbbcf78562d60ec7add5fe404604692995fe2b20337dccf6ae818e8,52,868,7,125,4/5,0
HWS-003-BACS,6,32,BACS,limo02,1784114136656993516,1784114378347245627,0,0,241690252111,3,-105.91,3.15,0x09e387d96682a1c63cf921a2a71b4805d101a76c9d43b598d55b88664b621a42e879d08f174d1ce7e823c679c8309316ec7d5b54,52,868,7,125,4/5,0
HWS-003-BACS,6,33,BACS,limo02,1784114139091154259,1784114289781138074,1784114289781142514,1784114289955217661,150689983815,9,-82.54,-0.56,0xdce4f56e30a5fa594bcd99b7fe4b24dcf40694210598fa1e32a8fc02320357672cf7b8fb4b12d7dd37b7567818be575479694ff8,52,868,7,125,4/5,1
HWS-003-BACS,6,34,BACS,limo01,1784114143348186162,1784114328398745160,0,0,185050558998,5,-101.42,5.92,0xe517abd00b1b6224829711144e60e09f2b590635e42875373132cb86e4399fc764b685edc528a01c02c0b91dc6d2767eb798cc5e,52,868,7,125,4/5,0
HWS-003-BACS,6,35,BACS,limo02,1784114147396588127,1784114403552903699,0,0,256156315572,8,-108.20,12.09,0xcd2293619492f901637507b15b19825ea24a056b6232ec22311abef506abace3cd4bcbb0cc1d74e6e9795b4ec67d05466a532ad0,52,868,7,125,4/5,0
HWS-003-BACS,6,36,BACS,limo02,1784114150897928901,1784114220677444932,0,0,69779516031,2,-87.87,6.36,0x93396e76806de2ca8c7613ff4ec9fd8ff254eb254b0567f6f9ddfaf77cc18ffc603ea3f397bcce28fb64e4f8d0d77069a6af0c9a,52,868,7,125,4/5,0
HWS-003-BACS,6,37,BACS,limo01,1784114151118835664,1784114388377398684,0,0,237258563020,8,-87.77,-1.54,0x43ef6533298957e57e342806bc62eb0f44be6be57b3fcb0220b9f8a886bbb43197de5341cb9bc0f7345899ec9b4b29993a9f4f1b,52,868,7,125,4/5,0
HWS-003-BACS,6,38,BACS,limo02,1784114154780971995,1784114381633708104,0,0,226852736109,4,-89.99,-2.86,0x53caffdb4b0a95c78e41a89c30e039215975baebc77dcdf7023fd62c3c681dc2ef38d8469b5f1fc7bb8dd624f0913aabd2d42f9a,52,868,7,125,4/5,0
HWS-003-BACS,6,39,BACS,limo02,1784114159229708450,1784114268032198304,0,0,108802489854,7,-80.88,-1.99,0x843d51287c7e31af6422c01573d1bcef240a6df2797dc099b0052a1da79c99b0d4d3de9a299b594de3d529b4dec2c6b4dbf32e85,52,868,7,125,4/5,0
HWS-003-BACS,6,40,BACS,limo01,1784114162392197038,1784114278867159247,0,0,116474962209,1,-81.14,2.51,0xd7f50ab1523d0c32d2b0c16a46c361f2e09f37c7762ecdd624e55c0ae3f31a7df680ac5a9984e977883eded48dfc365154c2ff08,52,868,7,125,4/5,0
HWS-003-BACS,6,41,BACS,limo01,1784114168542374003,1784114320576105593,0,0,152033731590,8,-104.65,-2.29,0xa231f16bb40b1d52ea2e280f865990a28d5e645163999a59c0c1a7eb409a6f0e68d8cf883348f9d8fcef26d212ed5b68eaa9b992,52,868,7,125,4/5,0
HWS-003-BACS,6,42,BACS,limo01,1784114170036468209,1784114247604177451,0,0,77567709242,6,-83.87,-1.21,0x5ebac571da8941f4a031f4a9e7f4cb885ed952426b2512ff972e7c991ad400d9beba1039e1a270a6fbff2deac6eeee1052784d09,52,868,7,125,4/5,0
HWS-003-BACS,6,43,BACS,limo02,1784114173963620790,1784114329108069290,0,0,155144448500,6,-87.47,-4.76,0x29c44e4f0d7cd73aca7eaec5461f78374cd301a76130cc55a71888671bbb6e1e60ccd0665827533f466fa9f2cb94a76a11b1a15c,52,868,7,125,4/5,0
HWS-003-BACS,6,44,BACS,limo01,1784114177346661847,1784114281222284769,1784114281222289587,1784114281391944993,103875622922,4,-85.37,12.76,0xf6eef76e8da19de9be830f7e9f151825cf1746e4e237b77cae0a58d33a04341db0057e9ca8573ee47c2f23abf836cec6d62bf09d,52,868,7,125,4/5,1
HWS-003-BACS,6,45,BACS,limo02,1784114180635558557,1784114327860129131,0,0,147224570574,0,-97.73,6.74,0x34def50e45232b7a119937a4395ededb10e3bc6c67257c46d0d177fbb0c6d7a770d4fe90e6aabf4262667ab0527ab79cc44c4246,52,868,7,125,4/5,0
HWS-003-BACS,6,46,BACS,limo02,1784114185553152595,1784114529041685043,0,0,343488532448,8,-91.83,10.93,0x61d9b65b6e45fbadfb9be3ee4064bca60e515efe191d42093644a171c76e49b6d84cabbf5e26187c586b90ed66c27b2a07beac9a,52,868,7,125,4/5,0
HWS-003-BACS,6,47,BACS,limo01,1784114185958186836,1784114338617042513,1784114338617046310,1784114338785300959,152658855677,5,-84.29,6.74,0xb75a266a07040379bb5430d88b621be647c6c4813545e9066b7de457daf14a83a585f7dee36339cf3b6d0b6e353fa984fea23eb4,52,868,7,125,4/5,1
HWS-003-BACS,6,48,BACS,limo02,1784114192925218612,1784114269570016619,0,0,76644798007,4,-105.99,2.04,0xa16b01d7a2a3a86f392e25981007338f2e7588bf4a6ef7f46a452f437f06776e828bab8e682f7fa2755435a1db6da0cb34760caf,52,868,7,125,4/5,0
HWS-003-BACS,6,49,BACS,limo02,1784114193415922636,1784114273343177389,0,0,79927254753,8,-83.64,-3.34,0xe737af9f181d427d8781fb15105bc9c881782fbb3a9d22990a0c96e916323d52f804fde7418db2e9dc7e60f16c220d4a83bd5306,52,868,7,125,4/5,0
HWS-003-BACS,6,50,BACS,limo02,1784114198167605406,1784114434119816700,0,0,235952211294,3,-88.71,11.04,0x9a65f18671f0b136516abc27a786c830369be785764b49c06cf4af3fca23bc5151bbc52a4f0f8ae73acf6b96336d995b239d7797,52,868,7,125,4/5,0
HWS-003-BACS,6,51,BACS,limo01,1784114202237402711,1784114340627021072,0,0,138389618361,8,-102.87,14.92,0xad61b50b7f4422099a2d8128c0c6bd0d0ced0068a07caddc31ce3d4be8b82d61a137523fb3b145cfa3794f27843034793376a94e,52,868,7,125,4/5,0
HWS-003-BACS,6,52,BACS,limo02,1784114205618175632,1784114364335482717,0,0,158717307085,0,-81.43,14.03,0x7dd164e1b8a98a1882c904ade8ee24af33368548a9c074ae3c9c0990bc1e2f26c33729ea38e9dea65748ea99f8d7e7ffef1b42f8,52,868,7,125,4/5,0
HWS-003-BACS,6,53,BACS,limo02,1784114209299664634,1784114300775453206,0,0,91475788572,9,-80.41,10.43,0xa19f7ef5d05f227395a520997e1b974bfd23eaac7504d6833b52a417cba1485c99433605ee128fbd033a557ff483569fa8c20b02,52,868,7,125,4/5,0
HWS-003-BACS,6,54,BACS,limo01,1784114210983719231,1784114489943376315,0,0,278959657084,7,-105.08,14.64,0xc80709e6bde690dca1d7504c7636739e7b1d27ce197c6aff6d67ebf14895fa8eb5a9a156e2e2c67bf0d8ea397909bbd3bc67bb1a,52,868,7,125,4/5,0
HWS-003-BACS,6,55,BACS,limo02,1784114216746525916,1784114356219260275,0,0,139472734359,8,-101.76,9.15,0x0a1957aec1fc015af495fc7c061fe21f7e49c43ffdc5d49abc16ea01a03f5238b1ffad9fa17b9b030895fd17309ed2a8a91eef85,52,868,7,125,4/5,0
HWS-003-BACS,6,56,BACS,limo01,1784114219663139677,1784114481466356391,0,0,261803216714,4,-82.81,6.14,0x7812bb63d23c1161d587de351b229c586640aa740b48d5d84a173cb23d21b75bfe1f91db9131db310bb9813c8b64dc3de52bf122,52,868,7,125,4/5,0
HWS-003-BACS,6,57,BACS,limo01,1784114224602769200,1784114289826892062,0,0,65224122862,3,-82.51,9.46,0x32861a2b8f24584d611216f9255cb96042e8a7f0289f59abf3a866fa3d0411f49ff03ad4cda2465c7254fc235003f9eb9877e524,52,868,7,125,4/5,0
HWS-003-BACS,6,58,BACS,limo01,1784114227382105766,1784114360385887827,0,0,133003782061,5,-102.24,3.39,0x34f9a07ff875a63d87c010ebddfa6a5ee89e376b5abb3a543b491a93cd93acd73cf4819003d97f6910e483035448b3a7db090061,52,868,7,125,4/5,0
HWS-003-BACS,6,59,BACS,limo02,1784114229123268536,1784114295444661080,0,0,66321392544,7,-103.52,9.85,0x01aeb0c9c6c0b7f9e26b5fbd412a2bc2b2c555c3454504f91b1197480f955c69f8d14be215486eb11f6dd60ead7e3c8f8c44af8c,52,868,7,125,4/5,0
HWS-003-BACS,6,60,BACS,limo01,1784114233789215178,1784114362565683904,1784114362565687245,1784114362740330141,128776468726,4,-93.74,2.79,0x90b16a0c86c86eba5d7f7f676e1eca65f3b8ab6ead3f71554ab72aa66080c8658a10e5a70a5e59f07c615802bc7dc7446242b099,52,868,7,125,4/5,1
HWS-003-BACS,6,61,BACS,limo01,1784114235959231218,1784114334401811857,0,0,98442580639,7,-84.84,11.73,0x0251336859c846471eb8b122196d656185518a373f3ba700d0a8048c55f30bd4bc4d82d6f07b9449a2aab0bfb590721e1030898b,52,868,7,125,4/5,0
HWS-003-BACS,6,62,BACS,limo01,1784114240172373909,1784114489403494726,0,0,249231120817,6,-109.82,6.54,0xeb4afa8b9c6d6df653b19f4545bca786c485dba19656f53410d74dde6027e2da3ef3e13b5943b579a171b689edb1f0e3c219e24b,52,868,7,125,4/5,0
HWS-003-BACS,6,63,BACS,limo01,1784114245255371326,1784114575607862325,0,0,330352490999,8,-96.95,7.84,0x44c93c339214e8f049bf7a9544d5af3f17d4a1444dc85dd4987b8b20f9f23ab3388ac3b55d97d69f6302cc618b1433eb4190d2df,52,868,7,125,4/5,0
HWS-003-BACS,6,64,BACS,limo01,1784114247375119430,1784114321374298222,0,0,73999178792,0,-94.20,-1.26,0x25b2d1d65c883dd7b83a5dce7f4a170b1181f6c6d8e9e345ad4ffd280b65fd82bf58d065d287fe55c209b4276661b2e00580d1f5,52,868,7,125,4/5,0
HWS-003-BACS,6,65,BACS,limo02,1784114250207922341,1784114354919926970,0,0,104712004629,2,-101.19,13.34,0x18a036324f1b17567b70c21ba89103c55c02d5ba78a385015aa146d277cf71a79e77627eed20a7c14fca0b3d65a6e6af865a2e78,52,868,7,125,4/5,0
HWS-003-BACS,6,66,BACS,limo01,1784114256777351840,1784114472540810124,0,0,215763458284,4,-101.31,7.15,0x1eab86bbb344990fa2aff20564e7f433ec50614a9a19d472ff092ae073cb487ca762f2696d46737cddc672242e3a144ce9660195,52,868,7,125,4/5,0
HWS-003-BACS,6,67,BACS,limo02,1784114256853953845,1784114511603569904,0,0,254749616059,4,-80.04,-3.50,0x89888ee4a687eaaf51861e70397c0abe794a7f624b0cf1e94b50efcdc50b1869227f468256e7a51dda1dab975d7a073f42643bae,52,868,7,125,4/5,0
HWS-003-BACS,6,68,BACS,limo02,1784114262507309252,1784114316475652757,0,0,53968343505,2,-106.81,-3.15,0xcc13019b0c1aac1a19d8f251746a5e4ff95f73f715380c1cb954969d1737d72d6e26e6bd230d33bc005c3cd8973a27992b1960b6,52,868,7,125,4/5,0
HWS-003-BACS,6,69,BACS,limo02,1784114266944250144,1784114360519520332,0,0,93575270188,10,-109.98,7.31,0xf2c04868920b19a7aedaa9cf0dc4c84eca50d43af0b375fb5ab724bfa9d6b0b720ab4cdd3d0a334bbebd3be17393dd74e34c8925,52,868,7,125,4/5,0
HWS-003-BACS,6,70,BACS,limo02,1784114270481447215,1784114389808235612,0,0,119326788397,8,-90.97,6.26,0x6050d9aeccf52f53f393f89718a233333ce446ed41e1b5a2b3011661ec12cec6acb2f959c3bcefd8fedae32c50b29665bcdaf318,52,868,7,125,4/5,0
HWS-003-BACS,6,71,BACS,limo02,1784114272829576575,1784114422042596278,0,0,149213019703,9,-100.82,7.58,0x6a89f7f8e197108bc6b793d79905f19d319c6de0eb05b48486f4d60213a404c72b3eb37b43a3f98dfbdd89638ed5cf02eeabd1aa,52,868,7,125,4/5,0
HWS-003-BACS,6,72,BACS,limo01,1784114274627275464,1784114381609505702,0,0,106982230238,1,-80.12,-2.27,0x5b08fe251e171b4ec31179bbde60b831090e29a6b1786bc37d6933a3713ae72a9a7271b98b57d3a5d16355ec23b409863caf0b29,52,868,7,125,4/5,0
HWS-003-BACS,6,73,BACS,limo02,1784114281052626938,1784114611535624958,0,0,330482998020,1,-92.01,10.69,0x42d9c995b7748660dd66e5f611b82714e3a7a6b9a30fce222b87b2ab98c968fe3d47516f2bb4d1a4eec51f81904d26d76a4cbced,52,868,7,125,4/5,0
HWS-003-BACS,6,74,BACS,limo02,1784114283856307282,1784114419385749724,0,0,135529442442,3,-109.90,-0.71,0x0a68fc99f14dfdae4a6f8a2cb39b6a54c8a8c7df4bdb6732576d40cc20aa40fbb51a78ea8b0703d063dc5cfac79471a2800896f4,52,868,7,125,4/5,0
HWS-003-BACS,6,75,BACS,limo01,1784114285413407384,1784114460183989479,0,0,174770582095,10,-93.68,12.82,0x0c599506f518db48462829577d9fd1a6e8f68a4a8c17fedaac0308b1847c67ac7529888c8fe648032fbc1f33efff2bd2686bce15,52,868,7,125,4/5,0
HWS-003-BACS,6,76,BACS,limo01,1784114288427354962,1784114581782714271,1784114581782718376,1784114581949267834,293355359309,3,-109.07,7.20,0x0f18b2c3ddf764c3d90f3ee2285c7692de17b26b2bd390e2c5a225091cae6a05eadd9edec3ac48cc4d71e3b5e77208195c79a13a,52,868,7,125,4/5,1
HWS-003-BACS,6,77,BACS,limo02,1784114295548266832,1784114390502987054,1784114390502989646,1784114390676209096,94954720222,0,-103.76,-0.31,0x4e8c105d314bb3284370dcc6fa64a43154b86ad1fb8d5d77e99f5e3315adc9cb9a65e32ed3cb2194fb47baecf37b7de2527d6e4a,52,868,7,125,4/5,1
HWS-003-BACS,6,78,BACS,limo01,1784114296698456661,1784114549766811032,0,0,253068354371,6,-82.00,5.31,0x1dff9fd0af4f8e5d1922edfadc9c80cf8bf4f32c439bc75b6f19076e080625bc7bae3b424395babb6935eac9238d770afcbe7dab,52,868,7,125,4/5,0
HWS-003-BACS,6,79,BACS,limo02,1784114301817117577,1784114369096066311,0,0,67278948734,10,-102.80,14.95,0x0d0343ff602e81f299485949efb1d8b14e888b3ac190bb5373f98ebe7e2ea304009052712004074d916bb9605632565b9f45326b,52,868,7,125,4/5,0
HWS-003-BACS,6,80,BACS,limo01,1784114305130478467,1784114742593396352,0,0,437462917885,3,-92.02,-1.11,0x3e51c7d6b4bdef75201a8c74ba20a7f97a95e6773990f4f5b18b3853691a5aa1211de7df1e9e04da4acaa4347e69e42fe61d4432,52,868,7,125,4/5,0
HWS-003-BACS,6,81,BACS,limo01,1784114307811946390,1784114597729631290,0,0,289917684900,6,-86.40,-4.07,0xcdf95ef49ab3891c751dd7814818a77f11fec0655114efd7dc90b98cffe9a8208de0d31e4031e1d0bc21ae431d72092540c12450,52,868,7,125,4/5,0
HWS-003-BACS,6,82,BACS,limo02,1784114309819493870,1784114557336632626,0,0,247517138756,0,-82.12,-0.61,0x7dac0dd0670bb3a11de6a4ae254af9752dfb9b2ba7caa2cbfec34f87ce25dfdb8a86e5a58dd5797199e2c820737d0e1747538795,52,868,7,125,4/5,0
HWS-003-BACS,6,83,BACS,limo01,1784114315363313941,1784114425758406832,0,0,110395092891,4,-87.01,5.38,0xc77eb77f41c4386da3797310667abbb755b2f3b0ef81fe32774479b0c4e80b70fd7fe26d8a2f92e779041fedc51b75ea1ab9f2f4,52,868,7,125,4/5,0
HWS-003-BACS,6,84,BACS,limo02,1784114318542924028,1784114744992849491,0,0,426449925463,3,-106.14,13.86,0xd6cc750c848924c911d90c3ca21873377a7277a5df17be7f49cc3ed127b0c38e5f5150a6b1a509d2df32864551246edb0eca6e96,52,868,7,125,4/5,0
HWS-003-BACS,6,85,BACS,limo01,1784114323836874035,1784114402909382665,0,0,79072508630,4,-96.44,4.72,0x51d1cc7b03b21fd15dd650cd72705714ef43043ed4f26f35d063f32f2fa9bed480d7d434b0f97523d28403931d8311575473adde,52,868,7,125,4/5,0
HWS-003-BACS,6,86,BACS,limo01,1784114326855881115,1784114470438112410,0,0,143582231295,0,-93.90,13.48,0xdbaf3454d0d1aecc4f752be26464d858c3b8a548b124f65910a795bc58091c495192f1942db5b44f2fbec1acc22b95763930ffa2,52,868,7,125,4/5,0
HWS-003-BACS,6,87,BACS,limo01,1784114329908764775,1784114476604925489,0,0,146696160714,8,-80.55,-1.06,0x8e1d863bf49989c34751dadf46c981ddcce41761f97422499afedad081168363ca75ee8d77dd18d453c1e4743a53690218ed1ad8,52,868,7,125,4/5,0
HWS-003-BACS,6,88,BACS,limo01,1784114330683338595,1784114430006592038,0,0,99323253443,2,-106.05,8.03,0x1c35912448670b27ea183af8324b5e3a6fc81d81db1727ff5fc38df17a0e5b908cccf9f7b13acdcc177c2fc0288b8a29ac463858,52,868,7,125,4/5,0
HWS-003-BACS,6,89,BACS,limo01,1784114335700541704,1784114437845430350,0,0,102144888646,6,-86.10,6.39,0x962802a321bf165e4600237ee9e2e5de3868c34a99c27df50f135df61e9902a49d10fb78b9bed36b6593c6619b7478897e2d56d8,52,868,7,125,4/5,0
HWS-003-BACS,6,90,BACS,limo01,1784114340394231286,1784114741277391941,1784114741277396521,1784114741449182126,400883160655,8,-105.66,-0.24,0xfb9746e0f276709058a839e969380532070263e2c37f11880b7116b32e5c9662139cb1fe7ea9f1beb2cf2cd81d653359caa04e4c,52,868,7,125,4/5,1
HWS-003-BACS,6,91,BACS,limo01,1784114344275975294,1784114482910338009,0,0,138634362715,0,-99.85,1.44,0x43a902cf426388f9c2a1ab6c8411f488cf1089619d512acd3de13c74ec1fe12ef784d9cb5a996df5ee7db3d5dd9070a34b5de176,52,868,7,125,4/5,0
HWS-003-BACS,6,92,BACS,limo01,1784114345288408290,1784114587665480035,0,0,242377071745,6,-91.87,7.29,0x6f250be2f5fc1f48019564606ca9c3d32389d0cf21261f1074339d07d4cfb7b148e66fad6644a7231a46e206f1b04fa663a1a9db,52,868,7,125,4/5,0
HWS-003-BACS,6,93,BACS,limo02,1784114350545091703,1784114453741127383,0,0,103196035680,10,-83.63,8.39,0x3fb583dd8678d4faf1e9c832d68e0b897000c9e3dc8df38abf81bb190c3c54f62c8381674d7b53329efa0bc7b51250457ee78570,52,868,7,125,4/5,0
HWS-003-BACS,6,94,BACS,limo01,1784114355160740568,1784114566918654647,0,0,211757914079,2,-94.09,9.18,0xbc47ae1f4c6c409394d1386d0e5d09e8fa480868b0be63dcdab91688b6939d063ee18c795f4acc836e792ee0305a6b408780ae69,52,868,7,125,4/5,0
HWS-003-BACS,6,95,BACS,limo02,1784114357050082446,1784114465344387218,0,0,108294304772,2,-83.79,14.16,0xd6d31dc462ac69646c578e1c6450f0ab10b62b16b0fe7c5289e4d8a41e2f56c323683ea6596ecddf3fd556720b70f277cee5972d,52,868,7,125,4/5,0
HWS-003-BACS,6,96,BACS,limo01,1784114360547333983,1784114610389235738,0,0,249841901755,9,-86.13,-3.40,0x90f64222dd50b4c573a1537d5205a35262232f355997b39822432e817b54c99340067f6445ebcfb0c7d0b47985f2b768a384e772,52,868,7,125,4/5,0
HWS-003-BACS,6,97,BACS,limo01,1784114365869937605,1784114449409511713,0,0,83539574108,4,-101.20,-0.17,0x1c7cb6fc68132c3e68c117e5cd7aab0a74d0b7a8b6fd985ec74ada1207eb933e2710a5aaed4b04425b47d62e2a99bc3d8a74ccab,52,868,7,125,4/5,0
HWS-003-BACS,6,98,BACS,limo01,1784114368784645344,1784114438987850869,1784114438987852558,1784114439159001099,70203205525,7,-102.42,-1.85,0x4b099d26958e5e6bbacece04e0621f22c882e405fa999c51e9a4022b10626af58513adf124aba2a1d61369385e01fc4dcfb14ba1,52,868,7,125,4/5,1
HWS-003-BACS,6,99,BACS,limo02,1784114373116183838,1784114588075838396,0,0,214959654558,0,-83.01,11.11,0x41a9ce61c03c3011b1e755b060b283622b452b49ed466fbce27350f4357e103d1c9c0fb721f8ffe662461c41f7c6f752946d14d0,52,868,7,125,4/5,0
HWS-003-BACS,6,100,BACS,limo02,1784114374350823204,1784114520943604156,0,0,146592780952,0,-86.20,-2.28,0x009849e56e6a945a84f4ef9bf5c40c915c2ac3f432bae51549381405d4cf5d4781294481e54f2ba26de21c97bb3eefe435eec2e3,52,868,7,125,4/5,0
HWS-003-BACS,6,101,BACS,limo01,1784114378708513042,1784114509321024055,0,0,130612511013,5,-105.70,0.76,0xd29633e2a1261434f7853536cb5bf8c78b2baafb3687958f8008c75636ff14aac3655ab311fb176f69fa2ab700ead820019adbca,52,868,7,125,4/5,0
HWS-003-BACS,6,102,BACS,limo01,1784114382670231142,1784114495702243188,0,0,113032012046,2,-86.99,-3.16,0xd14fa6b8be1cf73889e359c70f45cc3af256610072937aa4cde961fe8096db14eed376f3a82ee4e11bde9a10af4e63b4fcb95f2b,52,868,7,125,4/5,0
HWS-003-BACS,6,103,BACS,limo01,1784114386619817160,1784114462242748826,0,0,75622931666,9,-98.00,1.69,0x6ef0a82519b20fcfbb07759a2beb270513c5224c696417550d7bfbb81b544a9797c9b1820b2bc0bf6d14a2f94533b0e259db3f0a,52,868,7,125,4/5,0
HWS-003-BACS,6,104,BACS,limo02,1784114390178799459,1784114657494774016,0,0,267315974557,6,-93.80,12.52,0xeb839d9dfb39a30d75b12b3112aed3580601e08935d9ba5e5b42d93f07a1d00b587b6b0e4280f77d31618a0d035514a95ea87301,52,868,7,125,4/5,0
HWS-003-BACS,6,105,BACS,limo02,1784114390882392529,1784114582676798622,0,0,191794406093,3,-83.60,3.13,0x8a537d45484bda6ce347170a1a062481c9a36196f62c8e30e95d864c8f6f0107837d574736acea66bf22e4649a00b4968817818f,52,868,7,125,4/5,0
HWS-003-BACS,6,106,BACS,limo02,1784114396053094495,1784114567894128545,0,0,171841034050,3,-83.76,8.73,0xcccb21a216e82eef8a4071ec3b0c76e22d07c484f34bccc7112d56056444530298425fa98978f3c2364c11612964b9efec8cb499,52,868,7,125,4/5,0
HWS-003-BACS,6,107,BACS,limo02,1784114399071851796,1784114565126479823,0,0,166054628027,9,-106.36,13.98,0x805ef94089602608fb14a2a20fd94a23d6400b2a5dd6a053b2959528680c988e08ec2fe8079bf8d8e9facb725844241bced2301d,52,868,7,125,4/5,0
HWS-003-BACS,6,108,BACS,limo02,1784114401391864079,1784114589931922041,0,0,188540057962,6,-109.44,5.35,0x13cfbb9cbc4d17ddaac263378f6e06703195d5f95775ee90ab97e7443a8793afd8871e0f2497e57c47db7bc5e5cf200f783c8840,52,868,7,125,4/5,0
HWS-003-BACS,6,109,BACS,limo01,1784114406924231579,1784114702962276530,0,0,296038044951,4,-92.94,6.80,0x3eceabd3adfb7c40de738bccfa52e813a5d2d1bc5a46d8a58c15b1b022204b06bc6ed36b71acdd73ecbf06f102decc2bef11c943,52,868,7,125,4/5,0
HWS-003-BACS,6,110,BACS,limo01,1784114408847635997,1784114721533844647,0,0,312686208650,5,-99.82,2.30,0x301e8310e053a0652319d2976491f8652fd779a653aca7c59352b3480b011089794f14e8c9b62f9271f93848e5a298e290ba16b5,52,868,7,125,4/5,0
HWS-003-BACS,6,111,BACS,limo01,1784114412224918385,1784114481643785976,0,0,69418867591,3,-98.80,14.91,0x8c160a67266407f177c19e1d59ed6776a96f9383baa8056f068ac820d8ea0138f0d39937498a11cd99ff4de42f76d5b2c03ea61b,52,868,7,125,4/5,0
HWS-003-BACS,6,112,BACS,limo02,1784114417328516425,1784114512651279116,1784114512651280237,1784114512817777107,95322762691,7,-86.45,-3.22,0x6d5bec7f7afddfd61e74969818d48982cf5e21a3428f3dbfa10dbb672366af5294321f2a53394bf8524bd3b4eaf604e133ec2893,52,868,7,125,4/5,1
HWS-003-BACS,6,113,BACS,limo01,1784114420926295213,1784114794696687971,0,0,373770392758,0,-82.46,-2.46,0x5f209afd2e07ab2f417cc55c21cdbbd29edc1373b3f82bfff522ce77b8ec03114603fa7e0b270850426de42dc57bec2211168b30,52,868,7,125,4/5,0
HWS-003-BACS,6,114,BACS,limo01,1784114423207188730,1784114661060468111,0,0,237853279381,1,-88.06,10.86,0x126f2a11ce89e5c62a848d9f3b8344e0cd1aaff9c0400ba447461f281a7c68515ee5469da7f8b0a91d07a6da1b8a94a7e17f0b34,52,868,7,125,4/5,0
HWS-003-BACS,6,115,BACS,limo02,1784114427681659097,1784114530614012152,1784114530614016068,1784114530788545323,102932353055,3,-103.44,10.09,0xed5441d1bfb7909a42587ff5f48c30c7a29a90b66a12b6c44ce2177ad586750a37fd11ee3be1798569725a2dcaeefbeed7015e21,52,868,7,125,4/5,1
HWS-003-BACS,6,116,BACS,limo02,1784114433253658920,1784114592386784334,0,0,159133125414,4,-82.58,-3.20,0x6279bb4d579d36a6f6cdeb7fb7c1f10d18f57100f1a61ff0064b166b630dd62471663fe8d59dc64c940feb51cc1131cfbfe68410,52,868,7,125,4/5,0
HWS-003-BACS,6,117,BACS,limo02,1784114435734509868,1784114626442127067,0,0,190707617199,0,-90.24,13.06,0xdcd772b821c067655c9d38fdedb16a6eda4661df8a41511e97ab720332d0009b62c86d488c7005d7c2fb200ab549c318fe72d57e,52,868,7,125,4/5,0
HWS-003-BACS,6,118,BACS,limo02,1784114439260754875,1784114562307395452,0,0,123046640577,8,-88.01,-3.81,0xe05d061eb0eaf996b7842f1f954fbfa78d55e9afe7e99772c3404717e289b72947bde3805cc1fe4ef29dc42167455010cd562cea,52,868,7,125,4/5,0
HWS-003-BACS,6,119,BACS,limo01,1784114442334511072,1784114610711441783,0,0,168376930711,4,-89.95,10.22,0x0deed70cecc48d9115e08b3330cf3e4de604edd08448d763b7cddf110ce0b2c3298f43bcdcf04b81f8802e88e341d02518db70fe,52,868,7,125,4/5,0
HWS-003-BACS,6,120,BACS,limo01,1784114446004702939,1784114522114090309,0,0,76109387370,3,-103.07,-0.91,0xb4b0da7c24c5c3b28149b24415a0a1d11c5eaf6d3d88e9499186732abf6b1daad2980da9dbc8a408c391f6d79da9229e8f849749,52,868,7,125,4/5,0
HWS-003-BACS,6,121,BACS,limo01,1784114449111643654,1784114625406744670,0,0,176295101016,2,-106.11,3.66,0x0b7ed7dd25c2adcf0c09b2c8a5529f7d10bdf106133ce95b808e0676ba77d8c88d869fae483bbfce8212ef0872b759c828b5f965,52,868,7,125,4/5,0
HWS-003-BACS,6,122,BACS,limo02,1784114454204095647,1784114700317251874,0,0,246113156227,7,-98.96,7.07,0x45c9704b6bf0ab0a640325194aa48ab7138a017b00d91077d3a3164fec84fd616857ab5abb66a3281eb28d2c3ca8d9fd49cb86d1,52,868,7,125,4/5,0
HWS-003-BACS,6,123,BACS,limo01,1784114457239699598,1784114622944478673,0,0,165704779075,10,-101.58,6.13,0x807874c981fe460d9b466736650a8c4f3eae3bb58c3c23e3f3409fd85b0973cd0841300f758bd2f27f3997f1499fc01c31d01dde,52,868,7,125,4/5,0
HWS-003-BACS,6,124,BACS,limo02,1784114460415756555,1784114628529443670,0,0,168113687115,3,-106.09,-4.14,0xa9b0a8519bc9ef9e3a634d402bd588069b3822f2eb07188a9d234bd1ed8ce431959b14cd6f8ab900d91f7f56cda8b3b5983b941e,52,868,7,125,4/5,0
HWS-003-BACS,6,125,BACS,limo01,1784114463163059874,1784114774814664889,0,0,311651605015,4,-94.51,7.76,0x88f2a0c5b428abb47a6547f399a019af4c36258426dc9bce6ce54fb365129beee887cf551cdc13d15aa3fe267ca426c1a266f4ae,52,868,7,125,4/5,0
HWS-003-BACS,6,126,BACS,limo01,1784114466497718117,1784114725362581923,0,0,258864863806,9,-89.90,10.07,0xf163940fa45aaf2c9725f1113cee0ff47212b6abf3174e1969f298116b5f9ad25b16ae8af43d9532cc06ad5b2a94286bc6b58784,52,868,7,125,4/5,0
HWS-003-BACS,6,127,BACS,limo01,1784114469524796122,1784114634321296302,0,0,164796500180,2,-82.99,5.96,0xce012d1a1c1bc2ff3bda4dc99baf2be4ab946a7339fcc473604adb4c487f0908b0d2445ba6a85f2b5f3ba53153f5d55662988ac2,52,868,7,125,4/5,0
HWS-003-BACS,6,128,BACS,limo02,1784114474014642090,1784114658372155464,1784114658372160064,1784114658543753869,184357513374,8,-100.51,2.15,0x4e28c6e60b582ede926f47b76b283b0d444cf804a5692d6c49cdde13322eb631e7ca12d8e8e322f5a3040cdd835aa7b5c3881c0f,52,868,7,125,4/5,1
HWS-003-BACS,6,129,BACS,limo01,1784114476292246399,1784114692498756347,0,0,216206509948,3,-92.08,-3.43,0xfdc36a5a7e12904bdf6535bbc5c041b9d2219976d038f2fe9f438ccce24e115e765b22ee7321a50275fdca62cc38fbe501d91eec,52,868,7,125,4/5,0
HWS-003-BACS,6,130,BACS,limo02,1784114480691940091,1784114629723338649,0,0,149031398558,7,-109.35,13.38,0x01a27d2abb6983837a641e2d484398ebbe0bf1e5f220250cc1df62f1d81b25de27531e4c8e4d35d59e9281c9924a2c715a5e6663,52,868,7,125,4/5,0
HWS-003-BACS,6,131,BACS,limo01,1784114484019526525,1784114564310653736,0,0,80291127211,4,-93.28,0.96,0x9a1c360ef87986c82ec73913dd95be310118ff9a8b4c0d68e45f8472558c4ca7f503406d21ed4333e84796cbf863fb0a0bfbf95b,52,868,7,125,4/5,0
HWS-003-BACS,6,132,BACS,limo02,1784114488221199929,1784114693649260484,0,0,205428060555,10,-96.46,1.30,0x2661b408115805ab43a53dbe0e94516e54849f0049eebcff59d8f278a55d8c14ec193e4a0773b26ab99ee39a58808ab792ed3c5f,52,868,7,125,4/5,0
HWS-003-BACS,6,133,BACS,limo01,1784114490998559735,1784114729743261986,1784114729743264748,1784114729910952189,238744702251,0,-92.80,6.54,0x105b72a1177ceaaf023685efb584739f8a218c4f6c87597997b59f4d35c729892bbe49de0f050162322d3a1b76413aee952cf5b5,52,868,7,125,4/5,1
HWS-003-BACS,6,134,BACS,limo02,1784114494040490084,1784114635743503456,0,0,141703013372,3,-100.63,3.09,0xb86ef97b1a414e91b32469b0cd0818757b4e3e363e027fc75792cd7918de1fc831c7d1cf62340a0d1240a660dd90ec8089b80a6b,52,868,7,125,4/5,0
HWS-003-BACS,6,135,BACS,limo02,1784114499595695780,1784114703965843288,0,0,204370147508,9,-109.48,-2.86,0x9c1f4e1c84957d0e9d6e315a134982b5a16f556c95851f72c98f8b9dc8a70776c3a238495e77e137a662783756b18ab3fb0b7c18,52,868,7,125,4/5,0
HWS-003-BACS,6,136,BACS,limo02,1784114501912529035,1784114611175847969,0,0,109263318934,9,-99.61,11.35,0xfa530db26f04cd67fac14b548fd0e038771a32c4e3a8314262a01b55e8eb18a82529cb9bb4b2d0a113439933ef0cc677f9fa1b3b,52,868,7,125,4/5,0
HWS-003-BACS,6,137,BACS,limo01,1784114505457221165,1784114697614748485,0,0,192157527320,9,-102.04,6.46,0x6a235c96648f55cfa88f8fadb707eb42477a97a70ab8512feb05c483e1c4def80fb7e24eb99fa06085b203786d7921c283be632a,52,868,7,125,4/5,0
HWS-003-BACS,6,138,BACS,limo01,1784114508318603205,1784114749750249300,1784114749750252032,1784114749918409456,241431646095,8,-85.00,14.79,0x80ba2a68cd29f9dce708d9a892cdd4303c52cdcb546585ebaf00f24a8d6cfce8ce84a07716961c59b9bb0673db19cbbce05eb183,52,868,7,125,4/5,1
HWS-003-BACS,6,139,BACS,limo02,1784114514155784292,1784114644764386388,0,0,130608602096,0,-105.17,10.84,0x0000171f1c90dcafb76cd758248a3f57fe0e16497b13b31d2301bb5454956cc143d9b5027566b6629b278a7bf49cdf465c943b3e,52,868,7,125,4/5,0
HWS-003-BACS,6,140,BACS,limo02,1784114515932969003,1784114657867469372,0,0,141934500369,4,-95.20,-3.15,0x6dc5b22d5800de0ae8f6023de73ba7cbc05396e3ce11b336c7e8a002b9b6f0db3ed6bd3417b8c662f951d6f48cbdec896c9d27e9,52,868,7,125,4/5,0
HWS-003-BACS,6,141,BACS,limo01,1784114521580079178,1784114776355569754,0,0,254775490576,5,-100.31,0.24,0x77ceb76927797830cace0da6b732cd55ebfe36a125828b6690b2c0d4a63a27cbd61ced69eb6634028ea86337e61d4e77b45a9861,52,868,7,125,4/5,0
HWS-003-BACS,6,142,BACS,limo01,1784114523952064990,1784114798810715526,0,0,274858650536,7,-108.15,3.87,0x3a6241e7f2644a7ed31b0271ba177611bf716691baf34fdfd805acba2b672318f3ac9dcdec26900eaf15215d25b8c92a12d1d468,52,868,7,125,4/5,0
HWS-003-BACS,6,143,BACS,limo02,1784114525706704744,1784114636459759032,0,0,110753054288,7,-95.54,9.78,0x0f81377d2bf28cd300c1a4d2aeac71e07cf5328a8aa8941cf4396d2e92caf4e68e351ed98d9d2c4c603eae844bae12ca383e0628,52,868,7,125,4/5,0
HWS-003-BACS,6,144,BACS,limo02,1784114530251568743,1784114728118221054,0,0,197866652311,5,-88.69,12.61,0x6675d53066e988c3f6c1bf2e406169af2be8a4aa9cdece912868a1385b984d24df3f3e5082e6b463bd23ad0aaa037de6c45f7067,52,868,7,125,4/5,0
HWS-003-BACS,6,145,BACS,limo01,1784114533709233046,1784114680499603107,0,0,146790370061,0,-84.45,-0.43,0xce1ff4189d4208dfb8971ddf610f4672f5565432d145426b7e230233131dd71f5146d4649eb0c0e90c63a8bce86cd08d4085467b,52,868,7,125,4/5,0
HWS-003-BACS,6,146,BACS,limo01,1784114538407001252,1784114702661862087,0,0,164254860835,5,-102.15,9.92,0x582e8b7b2b890a08e47ce223fd52a501af61935cc2be1a2efe3164f30aefb14110a8f881f25a81432140d6b7722b2a0f7e85ab60,52,868,7,125,4/5,0
HWS-003-BACS,6,147,BACS,limo02,1784114542121531816,1784114645146388815,0,0,103024856999,6,-94.03,10.15,0x8af132267ec474d3c451f9fa821ecadfadd9b88834d7a1e473c5df344abd9dbf997a6967cb81e7db8061ef0eb031f9b9426db907,52,868,7,125,4/5,0
HWS-003-BACS,6,148,BACS,limo02,1784114546245518201,1784114695435900582,0,0,149190382381,1,-87.15,-3.11,0xc4cae2a231e3e5cf298988c8e7b34b47404a2ccd5bc43589da49fe4b146127e5a814a33c0ad16db90b7dcbd7febe5b046d521820,52,868,7,125,4/5,0
HWS-003-BACS,6,149,BACS,limo02,1784114546982332696,1784114664998668635,0,0,118016335939,4,-82.40,2.43,0xad79bf802ca32222df502aa71b12aad4f8e4425b3f7038b7bc9b335c334569cab6fdf22f471e254dca8947b5cba5252e5f125b2d,52,868,7,125,4/5,0
HWS-003-BACS,6,150,BACS,limo01,1784114551639873037,1784114655780092503,0,0,104140219466,8,-90.48,-2.31,0xf2b25b90b9da68d7f10eb35fb43ff24e3ee02a94f0a1847e3f1e32e1a33329a0f1bbe20d19983c9035b2744ba7517467c6afdad0,52,868,7,125,4/5,0
HWS-003-BACS,6,151,BACS,limo02,1784114554240094220,1784114654141327510,0,0,99901233290,6,-98.90,7.99,0x5e844b417a583545269f2095d5031e1d131cc3f814a074d9b977233aa873c9361394f233668c5f99034c86a07f6b58fd0fd36a65,52,868,7,125,4/5,0
HWS-003-BACS,6,152,BACS,limo02,1784114556942945490,1784114842424895665,0,0,285481950175,8,-94.59,10.59,0x6c92d39b25434ad763f3a958fe3d0eaec448c47080d8f437d11953425a04cbb6ec769a4d0192e539c58dce12963e5e8c698efc44,52,868,7,125,4/5,0
HWS-003-BACS,6,153,BACS,limo01,1784114562416291814,1784114965075880625,0,0,402659588811,7,-84.72,-3.39,0x4be654f623ced43bee6dc4b9d359e2ca987f8f48bbd496ff9edeb906b76b165a67a58c2049fc37d863402bb1c61b8f7fd2960058,52,868,7,125,4/5,0
HWS-003-BACS,6,154,BACS,limo02,1784114566173559925,1784114742126244036,0,0,175952684111,3,-107.59,0.97,0x36a3b09c6088706fadf4e5912e4e4849c02fd16c90173ee8358e5dd7d84f8d349e6cd0d6b1f363413c4099eca4bb31cb8b9f92eb,52,868,7,125,4/5,0
HWS-003-BACS,6,155,BACS,limo02,1784114570075114213,1784114812236479792,0,0,242161365579,5,-102.22,3.54,0x22967c2d7ef02e1c6658ab890f9a10d0d2841447c833434afdf3cfff1a9d963b1083d4b7fa24ed33b13011438b4af8eafc85c8e8,52,868,7,125,4/5,0
HWS-003-BACS,6,156,BACS,limo01,1784114573554684954,1784114704538031991,0,0,130983347037,8,-108.72,-1.70,0xaa22a06f3558552b59dbd8b899863a1cd71c95b9f9c6bf3af8cd8ada6162bdd2f27fe2c1a040b39824f71ad4e8ede924fcf6cccb,52,868,7,125,4/5,0
HWS-003-BACS,6,157,BACS,limo01,1784114578016379134,1784114744554243566,0,0,166537864432,7,-96.84,-2.47,0x43b370a30d17df34dd3389e484de2bb4a2f56b803eff5dcd3f61bbc9e1b1b8de4c53a82002b74624c5a28a4635e043e990d6fe07,52,868,7,125,4/5,0
HWS-003-BACS,6,158,BACS,limo01,1784114578280374529,1784114815439249713,0,0,237158875184,3,-100.28,12.61,0x32cdc5ab07ebf130142d25255653bd338b2513eccdf2d1920c86462a3d2ee70498aa68d4346ef84d87c093701915bbe476708762,52,868,7,125,4/5,0
HWS-003-BACS,6,159,BACS,limo01,1784114581928044846,1784114749400669958,0,0,167472625112,8,-85.80,6.24,0xf24fa685d78689ba7287a1da2a88682d30ede24ee0f3cf25d0b95fe5cd9a8c9a17d812527aeae4784aaae99c93984f51a5437255,52,868,7,125,4/5,0
HWS-003-BACS,6,160,BACS,limo02,1784114584924585296,1784114707366377723,0,0,122441792427,1,-84.38,9.46,0xfa02d9c0d22adc6310fd16527d13574015f39f74fb2429a1114353591dae3197093150d8124b878f645d7a0cf7cd31c99d659513,52,868,7,125,4/5,0
HWS-003-BACS,6,161,BACS,limo01,1784114589216268882,1784114646820377052,0,0,57604108170,7,-99.82,-4.36,0x41fbe5014a17e515afdcf399f9c6517ef86ce89f60a884ce14d423a2dd11f8bb2ea9c5898f249bb9062d5de3491ae0fb88541236,52,868,7,125,4/5,0
HWS-003-BACS,6,162,BACS,limo02,1784114592092154157,1784114711189933613,0,0,119097779456,1,-99.15,6.29,0x9da204625d10009d88f3bf030d32ad5f0d6ff84186537864fd13f235736e22f9822dd552e3726172bacc1041735e3d5278da61bf,52,868,7,125,4/5,0
HWS-003-BACS,6,163,BACS,limo02,1784114598377799406,1784114722127986535,0,0,123750187129,1,-101.79,0.36,0xda9cc7db0827fc67596fe50a4972e46d2bf4d07b981198b5628136d1ddd03793253ab427f921f46bc5e5f605dfaaaa4667f77aaa,52,868,7,125,4/5,0
HWS-003-BACS,6,164,BACS,limo02,1784114602735201022,1784114759036189528,0,0,156300988506,4,-83.50,7.40,0xd0ee69ac54d33ac64f3e0b1d85f23ced3e683d1e5b7d534be17e6d8ea31fb869b2398eacc8487edee5bd6f99a0c0e5ee651ae7f9,52,868,7,125,4/5,0
HWS-003-BACS,6,165,BACS,limo01,1784114605940076472,1784114819939204393,0,0,213999127921,2,-108.53,0.08,0x0ea30fd6b142a7f7376196cefc5d11349380768be60757ec5d662e4dc19ef5bae066b327ec33c4e4da4218c5fa8529f5c5800df5,52,868,7,125,4/5,0
HWS-003-BACS,6,166,BACS,limo02,1784114607656691310,1784114736587595451,0,0,128930904141,0,-98.30,3.38,0xb5b45121fe589cc3cb41f4eb0868f34b10ad0438a5cc3f5ceb8e26d7ad267dd1246f7339883f1f3aa4d9fcb3e4ac2b8272790a10,52,868,7,125,4/5,0
HWS-003-BACS,6,167,BACS,limo01,1784114612188772329,1784114783891210900,0,0,171702438571,8,-85.32,1.69,0x6b69d4824b99aacec01ba4e37be89d0a16131345a00bec35ef280df3971f7bd154a3e9589686188560ef297de82c65b396c74c86,52,868,7,125,4/5,0
HWS-003-BACS,6,168,BACS,limo01,1784114616108035732,1784114872551318465,0,0,256443282733,1,-90.39,2.06,0x1504abf53dedcb739880211ef38160321529d584f20e4f545d9dac0bebe2811fd6cd74c94f0d619baf96ada5b7ce1af07c2306da,52,868,7,125,4/5,0
HWS-003-BACS,6,169,BACS,limo01,1784114619697871333,1784114694392760185,0,0,74694888852,1,-98.86,9.34,0x9694894ea2b883abe960be7b9bf388676f230c758491813ed273abf4369592c37f7bc97ab3ce48417dd8a238c47c2d5e2d9f2baf,52,868,7,125,4/5,0
HWS-003-BACS,6,170,BACS,limo01,1784114621740504495,1784114672342754713,0,0,50602250218,4,-104.77,11.11,0x832f2bea8b9af9414165ead069a7b23819c074513f1872824a32e7ae29fd384a03343b8e2e4315c25ae42f39fe2cf4412c4b3ffe,52,868,7,125,4/5,0
HWS-003-BACS,6,171,BACS,limo02,1784114626124046595,1784114742645410019,0,0,116521363424,3,-91.31,10.68,0x5ef3018aded3a6aae02593b0c56b4d82461dbcf69980b7176a5d3cf8da19fed0c280d3a1e6b137fdc992b4a8ae110a548f873e1b,52,868,7,125,4/5,0
HWS-003-BACS,6,172,BACS,limo01,1784114628399989575,1784114895707891483,0,0,267307901908,5,-93.00,5.43,0x774100224004a9925bfd5dc14e114f80abf2009472a0de0008689ec2c2811f4fe78a59f1ca90483335d04f80db6dea6d12ff2dc5,52,868,7,125,4/5,0
HWS-003-BACS,6,173,BACS,limo01,1784114630801922749,1784114937122997074,0,0,306321074325,1,-97.00,13.33,0x6f4ac21cc3ea949656971591c83344151651280d7d2aa81a5d3c6eace715eabe15870a2ee2b744145b4883a8b5107ed17428efad,52,868,7,125,4/5,0
HWS-003-BACS,6,174,BACS,limo02,1784114636499254617,1784114914427497575,0,0,277928242958,0,-88.99,-0.12,0x58e589688d51f8e367f20a812fa3288c1a9c1e6f04a6814df77b59ab1e87c571d2f4c9905df830fb36773f03dcbb009863e0dcaa,52,868,7,125,4/5,0
HWS-003-BACS,6,175,BACS,limo01,1784114639108190120,1784114767472522577,0,0,128364332457,5,-92.41,-4.48,0x27a617704260e8d6da07f4fc6d5cc2963392220f0b1a1d05d51c7a00377442ceab17001cb9ba6a390ee269ddf7d8027b42db776d,52,868,7,125,4/5,0
HWS-003-BACS,6,176,BACS,limo01,1784114641794139935,1784114715935212546,0,0,74141072611,5,-93.00,11.74,0xa46782da573932fb296377a718f8d59a2bb287bf8030293c964a7e705ec895b515336c1a3689db257c1258f91b6ff7b9ea4f3e4c,52,868,7,125,4/5,0
HWS-003-BACS,6,177,BACS,limo02,1784114646474345999,1784114845959549823,0,0,199485203824,3,-108.85,9.27,0x1d16cf15ea800af8724d5c0cd5ec5c7a18ac4503ec8c11bb0b9586e0681f2520f9b8cadc854b6002715ec77818cbb95db7e8c519,52,868,7,125,4/5,0
HWS-003-BACS,6,178,BACS,limo02,1784114652053261501,1784115102654751161,1784115102654752260,1784115102829579444,450601489660,9,-107.69,1.65,0x64c5a9af4c3090d8f4464c3b9fef0d279e820ce0763b7df8872cd15a5251c0df9f9debb414a3747a1a16e91129d1c465b85c9eb4,52,868,7,125,4/5,1
HWS-003-BACS,6,179,BACS,limo01,1784114653466540601,1784114753614317672,0,0,100147777071,9,-87.35,11.46,0x5acfb37c050238df6053ee07ab10a7111e082ba089bf47bf0d913aabe2d4efa0b5c76756ea576482090b3d8ac1914dd931f5586e,52,868,7,125,4/5,0
HWS-003-BACS,6,180,BACS,limo02,1784114657416066406,1784114794143048259,0,0,136726981853,5,-104.48,13.57,0x1451e2ce3a44f1f97b6516d566a59b07e2770a5458d33159ab0f3a94a7057c0a45e75a491b562de869e5fcdb018893e613b59a3f,52,868,7,125,4/5,0
HWS-003-BACS,6,181,BACS,limo01,1784114659202669455,1784114814342432274,0,0,155139762819,1,-86.83,9.02,0x18f237b38d052edac62608f5cef4d6e10a90b65b1e26e5256750f66b7bc53f3050a9bdb29a4c08d5ea6fbc2b3731eca8a36f0776,52,868,7,125,4/5,0
HWS-003-BACS,6,182,BACS,limo02,1784114665530161569,1784114965432311392,0,0,299902149823,9,-106.74,6.16,0x84f96606cd21838f8d24138eb862225905d7b0b85d1add2341b267f752b101f70b832e4dcec10974a7db8f47d351bf4df880d1e8,52,868,7,125,4/5,0
HWS-003-BACS,6,183,BACS,limo02,1784114666577915058,1784114763756477633,0,0,97178562575,1,-80.40,0.79,0x5eb2f39f10cf4f28c8fb65ba214b98528c63ff3e9417ceb912352ab666a9fa83479cd1159b545570a169a19bf0081c499ead942e,52,868,7,125,4/5,0
HWS-003-BACS,6,184,BACS,limo02,1784114671813911916,1784114991796380939,0,0,319982469023,10,-93.60,14.08,0xd399fb6097aeaf0ac9cd1b46ac164063a706798c924c463a91ff1a0ce5fb816752629e30e750c8bb64b6b64a4fe3e62d4541cc40,52,868,7,125,4/5,0
HWS-003-BACS,6,185,BACS,limo02,1784114675816897218,1784114869812624755,0,0,193995727537,5,-88.23,0.65,0x5eaca4f00b774e8bb24c811a54a846868cddf98a4efef1a039ac156cb14dad3be5a4bb5cced79585edc760d1059cbca128ac5349,52,868,7,125,4/5,0
HWS-003-BACS,6,186,BACS,limo02,1784114678543578053,1784114840586778318,0,0,162043200265,4,-85.11,1.59,0xc7487d330cca0dc7f72030f1f6d0a8b30d215b10dd7313b57a6e0ea9ab5e08d86d0e4e4341628fd13509af89b11aa7d5cdd8f468,52,868,7,125,4/5,0
HWS-003-BACS,6,187,BACS,limo02,1784114680716199027,1784114809388767074,0,0,128672568047,3,-80.58,-2.58,0xafba588fed4bacdb34ab335178aa02b8c917af1939d37279da84efd17e783526092ca43577761d7b9c53696c1ca7217d1dcde797,52,868,7,125,4/5,0
HWS-003-BACS,6,188,BACS,limo01,1784114684537413771,1784114760745685348,0,0,76208271577,3,-86.18,7.45,0x0d9241c68c15700fb6135ab48413c7fa5017848785938a5c606d852af46f251c6cd793e8326f739b29209e841b3f5681cbe294b4,52,868,7,125,4/5,0
HWS-003-BACS,6,189,BACS,limo02,1784114687837045310,1784114962747804031,0,0,274910758721,8,-89.87,-3.04,0x397a8eaaf5a96783267593ae08a0e8e89a3ee867afc5820cb5093a2c8597bf6b2b3d0f34c7ef1235fb26561e22a9217989fa7b76,52,868,7,125,4/5,0
HWS-003-BACS,6,190,BACS,limo01,1784114691427386056,1784114846410345764,0,0,154982959708,5,-82.54,10.20,0xa83226eef13079dcf19dbaef3a2b12e9e6e307714e114474b2765cb81eaef3d043e72c305b46d55eda453e87624471dfce398aa7,52,868,7,125,4/5,0
HWS-003-BACS,6,191,BACS,limo01,1784114694988810343,1784114787176184050,0,0,92187373707,4,-83.57,10.65,0x15924960baf4a7700a079f083160dd96608250fb065008fb1b632b69a2423de4536f2b09dae19339c98fd46ac24365558c3693e4,52,868,7,125,4/5,0
HWS-003-BACS,6,192,BACS,limo02,1784114699852919434,1784114785359756999,0,0,85506837565,9,-91.21,6.58,0xf15277aa2bd6b4e15344ec842e314ac24c364e1c67d1e8a89ea1a3be0f7ce3a90d604062d2293ce0135da9c008ae95e4377e2d4c,52,868,7,125,4/5,0
HWS-003-BACS,6,193,BACS,limo01,1784114703286143989,1784115169955006309,0,0,466668862320,0,-98.34,-4.90,0xfcc046887d6b9f564718553df58c2f03db1eb5c6814facfb2e62c0fc7c24bb9afed4f84732ed9ab3f9bc776612110019648466ed,52,868,7,125,4/5,0
HWS-003-BACS,6,194,BACS,limo02,1784114706706897634,1784114839035721408,0,0,132328823774,8,-92.08,-3.83,0xf11a8fd3e368cd4a289bb2f74e10b41cd8d307c60037806431345d3fce5ec32e8c815a08d7bd3b7852793f18f747a46da39ecc8c,52,868,7,125,4/5,0
HWS-003-BACS,6,195,BACS,limo01,1784114708266081635,1784114933366548790,0,0,225100467155,9,-87.32,-4.30,0x9aa72a3b4bd13c7ebd89f9f404e4bea37849e5868af41d7122facfda3ebdd84fa659ccb0f4e208863add08ba6a905eef2c97287a,52,868,7,125,4/5,0
HWS-003-BACS,6,196,BACS,limo01,1784114713338956700,1784114858684081319,1784114858684084750,1784114858858321336,145345124619,8,-97.27,7.29,0xe2f2acca9e41108cefe229b4431c7a2dae345a608e83911f595b45f1b917df53a2192d1c8121717247607363faaf891cab114991,52,868,7,125,4/5,1
HWS-003-BACS,6,197,BACS,limo01,1784114716023779148,1784114876783326736,0,0,160759547588,1,-101.91,14.35,0xc52d7a32fe88c7127119e4c5ee41005698c9d80f9dd9d91604e39e71ab7e0c7381c8257f8ddd7339fe7b77d0983606b140c3075c,52,868,7,125,4/5,0
HWS-003-BACS,6,198,BACS,limo02,1784114722783972573,1784114817479120955,0,0,94695148382,3,-102.40,8.28,0xa12ac5ffdf4040a46354f0f694ca95518d5b3ae900d4d7c5fc61e49ea5f095ec549a5cecad133419e3789623a21f2cb16a5afd95,52,868,7,125,4/5,0
HWS-003-BACS,6,199,BACS,limo02,1784114722823575245,1784114964819911101,0,0,241996335856,3,-104.66,-4.47,0xec2ff9c7e0ba382e278b0ebcdef88c393d49fc08e6a78b41fc484811c700625dd7b66e8c0ba5b310f379e4e5d5308057af28f26a,52,868,7,125,4/5,0
HWS-003-BACS,6,200,BACS,limo01,1784114728725733597,1784114825660289187,0,0,96934555590,0,-83.78,-4.93,0xb3717233945282fbc194c9ecf2c1fa63754a97a5adbb1cd75563537eb82290d689691d1f1de99d2e3f5d334659e10ae9b6df708a,52,868,7,125,4/5,0
HWS-003-BACS,6,201,BACS,limo01,1784114731015800301,1784114828897218838,0,0,97881418537,8,-85.17,9.23,0x934c8b67bec200558b78ca47cd59394f5a9a6d159f45c100a1deeb69af1261ebfa4d3e33c9f4f94e8c04555fda5de18458d8b04d,52,868,7,125,4/5,0
HWS-003-BACS,6,202,BACS,limo02,1784114736598215313,1784114921254378166,0,0,184656162853,4,-88.83,14.35,0xd50289f9279a1c717943b0ccb47807aa30b1124a29216640a60dce7ea7a1d18eca841d3c78ba2853f3b23d29fce419cd3ae4016a,52,868,7,125,4/5,0
HWS-003-BACS,6,203,BACS,limo01,1784114738345276184,1784114968305379751,0,0,229960103567,0,-101.82,14.54,0xe95093043935c83d43134d33686130556f176329c73cf27748940df0c69e065c728e4cad4bdfcd21421bab8cc9eb0affff57c6c1,52,868,7,125,4/5,0
HWS-003-BACS,7,0,BACS,limo02,1784114741813036452,1784114928446660083,0,0,186633623631,1,-104.05,4.69,0x1a953e95d6cf14f498d229b27d4cc647621966883683e1e58fbd4d37434c190489365c8044cd5f8557536475ed27b7ffc411fb90,52,868,7,125,4/5,0
HWS-003-BACS,7,1,BACS,limo01,1784114745916708369,1784115024055734778,0,0,278139026409,2,-83.06,11.07,0x46b941eecd0203d9ed72f8a9d95936a482c817e238e3deb89556798f608cc2f1327d95269b2d737e8e07f33fc9760816013cd197,52,868,7,125,4/5,0
HWS-003-BACS,7,2,BACS,limo02,1784114750477158788,1784114856311057593,0,0,105833898805,2,-83.35,4.28,0xcf6925add6e707d4080784538f4a0d87a11eb1dd642bd9ac0a704c4f567d92d76d6d538a0a05fdfc6b7a8a11f72b31cf8868f7ac,52,868,7,125,4/5,0
HWS-003-BACS,7,3,BACS,limo01,1784114752048410596,1784114894293408013,0,0,142244997417,8,-92.50,-3.13,0x519e32d85daa65470a0dfa9a882946156d014aad51a9cac8c9c7d7308b2f21c4463350b94cb1c704978dd716eae8277276a2e777,52,868,7,125,4/5,0
HWS-003-BACS,7,4,BACS,limo01,1784114755919894533,1784114873047755105,0,0,117127860572,2,-85.03,1.60,0xd1d294aa8d809671c71adbfae81ca34726023c5e4d1de19f409d98259feb490ec0e0ba40b5c80d7031eb16e8c18b85b8f79eb513,52,868,7,125,4/5,0
HWS-003-BACS,7,5,BACS,limo02,1784114759625409826,1784115218595006209,0,0,458969596383,2,-108.41,-1.92,0x1bea739c98173ce7371a40f2f32d340f39398af0f470aa794c63144b01ec226ca2c3dea5e464b23c3d2e49df8cc57b11201f6a8d,52,868,7,125,4/5,0
HWS-003-BACS,7,6,BACS,limo02,1784114760997190874,1784114878008020965,0,0,117010830091,3,-106.58,-3.23,0x78692e9cd0eb183f7fe69ec9081afdd7b40003ad41bb035212ca94cc333c2281f87d53a5e5c193943384272a7efd63cb624704ef,52,868,7,125,4/5,0
HWS-003-BACS,7,7,BACS,limo01,1784114765962208416,1784114953011537109,0,0,187049328693,3,-80.55,7.22,0xf45ba420d3d05bf36633beda535ea9b80031e1368e740d4b1650144549792755980a738d28901544ae6c8cc61c864a8c55713cfc,52,868,7,125,4/5,0
HWS-003-BACS,7,8,BACS,limo02,1784114768209065926,1784114829447092862,0,0,61238026936,2,-92.35,-2.52,0xba2aa868dd9da652b00245a5f836d4f4ec7f552c9eabcfab18af8e2ca069be841df0a88189897290510250f66ec63c36c42485d5,52,868,7,125,4/5,0
HWS-003-BACS,7,9,BACS,limo01,1784114772363539201,1784114912799845323,0,0,140436306122,5,-105.93,9.07,0x1d54626355840996201f9f1c0e8c156be849ed9022ef8bfd3433ff2d49d3041ae16bf32555e31b43d044a5d11fd9820ebb0dc62f,52,868,7,125,4/5,0
HWS-003-BACS,7,10,BACS,limo02,1784114777783710360,1784114898116681724,0,0,120332971364,3,-95.72,14.31,0xb9fa795fb4d10285aa9fbf82187e61c478c55bcaf3ab442afbcb13e54bbfa5f6bfc903efbce6ffe2cc04464dc7df382d59e17009,52,868,7,125,4/5,0
HWS-003-BACS,7,11,BACS,limo01,1784114780007774179,1784114933923123213,0,0,153915349034,5,-95.48,10.88,0xdc811e72bc421599a1e8a7952ccaaaec82ed1e5db42818a4c327b6c372dc6bbbfe75db57ccb7a8b5c5823f318323ddcad04cffaf,52,868,7,125,4/5,0
HWS-003-BACS,7,12,BACS,limo02,1784114782198435537,1784115046367442350,0,0,264169006813,9,-100.13,-0.47,0xed346f227d537a8dddee879b3f2b93e3e0e61190216e5350583606ec2dcff820dec37c12643598a631ce63cfb1fed30e5683220b,52,868,7,125,4/5,0
HWS-003-BACS,7,13,BACS,limo02,1784114785159885974,1784114891294065367,0,0,106134179393,2,-102.12,0.77,0x67c8d1d9265ada19e57b1503ff0fe486d95c746327c7e8fefd7e99ae51d37122a9b3f056445cee9de129b6a7acbffb5fc5fbb3e7,52,868,7,125,4/5,0
HWS-003-BACS,7,14,BACS,limo01,1784114788477291636,1784114901835684464,0,0,113358392828,8,-94.64,0.02,0xdc203f416249f61adb4d7b811c6903a2586912794060854ba8e707e76f9fc94080458879f5a6bfab72c4076632ffe33011f8939f,52,868,7,125,4/5,0
HWS-003-BACS,7,15,BACS,limo01,1784114794079006168,1784114892453632092,0,0,98374625924,9,-82.90,8.07,0x7357d2aa51380c93689e7c592f9d0c53a0e645d8873b1b79e85abf01f0e9dcee2aca302a784f0f7b77b9a05106112291e33d775d,52,868,7,125,4/5,0
HWS-003-BACS,7,16,BACS,limo02,1784114797956235282,1784114886762671251,0,0,88806435969,7,-109.51,0.73,0xfc1ff58ebc4f961f78900a14346e407b21f658d9bc5da7c421d8195c48aff2420b8e19d93f278610a32ec10ef8b6ec5a1d9d19ec,52,868,7,125,4/5,0
HWS-003-BACS,7,17,BACS,limo02,1784114800303207480,1784114932769919786,1784114932769922526,1784114932938823214,132466712306,1,-97.47,12.07,0xc8413392a1933cc53fe763cb50ee2c1ac57c28b7ccc49209ebbba37734a78b8dbca735f9b9902847dae28b085a84b2fb1a15eac6,52,868,7,125,4/5,1
HWS-003-BACS,7,18,BACS,limo02,1784114801734846521,1784114907785805004,0,0,106050958483,7,-88.55,11.81,0x0b2418d9609d9a4d418517dcc7a0ab365bf0462a9e44e55fe599dca69e5ec27c512e011e345f453689f93f9f1fdec6a77f83b524,52,868,7,125,4/5,0
HWS-003-BACS,7,19,BACS,limo01,1784114807612797708,1784114967704162225,0,0,160091364517,0,-87.37,-3.68,0xbf01a14ab7581330dbbc80c0a3a9841eb3a0e459cf3461ff4ed9045c4f393f6e9ebcac895b3cb0092fef00a80430c5c037dbc9b5,52,868,7,125,4/5,0
HWS-003-BACS,7,20,BACS,limo02,1784114811441166615,1784114902060707492,0,0,90619540877,1,-97.38,5.25,0xe9548834a500e21b1f9a13dc42fff441254fe42ade2c9638379658d327b1d1caf38de5974df1ad88e5b68d2686be9df1d3fdb5a9,52,868,7,125,4/5,0
HWS-003-BACS,7,21,BACS,limo01,1784114815784012745,1784114986770488648,1784114986770493466,1784114986942554945,170986475903,3,-99.82,12.69,0xf5340671c1d7c744cae95a8062f0f2243ff1ca3cae5277fbf65e8f8736a78288635f041f64db6b6a6a2d4cf17287ddf8d3de4d1e,52,868,7,125,4/5,1
HWS-003-BACS,7,22,BACS,limo01,1784114819057980961,1784114894219623744,0,0,75161642783,10,-99.49,3.62,0x7fad354198a52ea8fc4929e2f2143c4eae30041f54d6ef64de073a2d5821f4c38e7b3db505156e77b0fb0263da675e683fab8da0,52,868,7,125,4/5,0
HWS-003-BACS,7,23,BACS,limo01,1784114820042028218,1784114942430884622,0,0,122388856404,4,-85.45,8.32,0x2916ac566a46b89c7d9d272e9505db6a7d900abf595ee3c56eb24615641eb5e3a1b6a5e1851b75fb1cf53dfb046f7ce74daa7894,52,868,7,125,4/5,0
HWS-003-BACS,7,24,BACS,limo02,1784114824905764914,1784114953292913606,0,0,128387148692,3,-90.43,-0.93,0x93837ab8463c2fcb39dea059a6f11d46cc5fcb50ef9bf8d99a9360c3792dd6117112b0d88493c2333f3ad28fa4712b07a9f50134,52,868,7,125,4/5,0
HWS-003-BACS,7,25,BACS,limo01,1784114826765789465,1784115137835204251,0,0,311069414786,2,-106.94,5.35,0x61d7a0712c8c94c325d4ac63eba9e337622fc0b9beed0f403c08fced520e070f54000e3a99feb268c1a571cee96ca6e87a2c7639,52,868,7,125,4/5,0
HWS-003-BACS,7,26,BACS,limo02,1784114832000279103,1784114986865430757,0,0,154865151654,0,-80.94,2.25,0xed8cb4a2c03ff505b9071f7e57ea6be9cc78ba6018d0fd88906f27bba8660f270a827b3cd9afa8187c2936c7b1418e997dd7796b,52,868,7,125,4/5,0
HWS-003-BACS,7,27,BACS,limo02,1784114835014971637,1784115046908770662,0,0,211893799025,1,-91.85,12.33,0xd9bc92f81f796ffa63ea2287a03431c1e81038303d5557868131515676613388162c96f5a346ba6c1752e7dc4271fa28f58f5193,52,868,7,125,4/5,0
HWS-003-BACS,7,28,BACS,limo02,1784114836509682904,1784115013957868294,0,0,177448185390,7,-80.28,1.17,0x51630a0e1227ca27a930b93f3e439fdb78d6012c1640b69c4e0da8775f64eeb09ee5ebae813eb01ff0156c22a5e8ed6028c10aa2,52,868,7,125,4/5,0
HWS-003-BACS,7,29,BACS,limo02,1784114842113835971,1784114990766751742,0,0,148652915771,3,-82.92,3.50,0xe602f21cec5bc617b67c7d6728874683640252472154ae9ba0910c98b2a642f7afe9fd148093f352ec707f9e66c027115b4485ad,52,868,7,125,4/5,0
HWS-003-BACS,7,30,BACS,limo02,1784114846032617974,1784115119515048439,0,0,273482430465,4,-108.40,4.73,0x264505257cb62afeef88ff5d1173a860dd594eb974658f1956bd46cdddee9a9ab16f82481d6f60e662e34bc794f55aa70c7fa3f6,52,868,7,125,4/5,0
HWS-003-BACS,7,31,BACS,limo02,1784114848295310922,1784114940264240344,0,0,91968929422,0,-102.46,-1.40,0x7a966660a32e171f8196d30b6c4fcba521d674951231f6bdfeef4e968d0ac2e9a0efd3a5387ae8b9cc60025cba9544860d92240c,52,868,7,125,4/5,0
HWS-003-BACS,7,32,BACS,limo01,1784114853273263002,1784114969179552474,1784114969179554072,1784114969345336013,115906289472,9,-92.79,0.78,0xcc90206b66ced0a5df1bab25daefb9615ecfe5d3e13b66e7325c03b4040f0075553ad300c6c88719b74b9e9bb2736298ab95e638,52,868,7,125,4/5,1
HWS-003-BACS,7,33,BACS,limo01,1784114855647752374,1784114978165115646,0,0,122517363272,5,-106.85,13.74,0x4f1834491b9136c26ca2f2788f8c1c68de9c6d3d29d322e532b7afc015d224e60903894421772967c7558c415ae63d38c5333870,52,868,7,125,4/5,0
HWS-003-BACS,7,34,BACS,limo01,1784114857476790097,1784115000466518721,0,0,142989728624,6,-81.89,0.31,0x983b39878ce8948e2f1f857ca42e9b2ef34f58b417ff2194cc0c2ca1c3a74c48287afe2129613c9d1e6c8dc0c55249678d83a37d,52,868,7,125,4/5,0
HWS-003-BACS,7,35,BACS,limo02,1784114862930470413,1784115110129708919,0,0,247199238506,8,-102.90,4.02,0x7c1c4c830954ad89196f590cd83219d9411310319551924b4402b591d0a12247051179a9eee48431a46c6f1231260fa5e21b6b95,52,868,7,125,4/5,0
HWS-003-BACS,7,36,BACS,limo01,1784114864468157565,1784115052876225472,1784115052876228708,1784115053045678864,188408067907,6,-90.56,-3.93,0xf16b3077a33a327e4072a4bc3bdbfac3da60b0fde95939700d492ca9ed48c78b6646fbc855b8d0ac9e7dd484e72281acd52894e1,52,868,7,125,4/5,1
HWS-003-BACS,7,37,BACS,limo01,1784114868086044228,1784115186787164233,0,0,318701120005,1,-92.46,1.17,0x28d27e22c6d817078b85591930df9780b7b167c1eec38e74617d4fcc89173c04aaa205741476bb40cb5849a6371e706e9b1dc920,52,868,7,125,4/5,0
HWS-003-BACS,7,38,BACS,limo01,1784114872312482736,1784114997129276571,0,0,124816793835,8,-86.58,12.82,0x1768eb2a378b7f5ec36f7dca033491fa3b4fedd24577d442cfeaa6f2dbd5d3a3671c7b84dda193e24ea3821e1950eeca8fd17640,52,868,7,125,4/5,0
HWS-003-BACS,7,39,BACS,limo02,1784114877240466486,1784115169657933585,0,0,292417467099,9,-92.38,1.46,0xf0e66afb3195ca7b6cc89764dbcd7773c719a543b65e62fe5666119889b61a51dd27ef02226f6fa1f8d15117e8d2db7d0d373887,52,868,7,125,4/5,0
HWS-003-BACS,7,40,BACS,limo02,1784114878129002126,1784115027701419298,0,0,149572417172,9,-85.82,14.00,0x2ffd0f504830e5dc7f79806aa4a3c64f0d670d467f06e991b00306dc7fd65f92a985f2f50cd7b07057286cc8a3b8a23ac9fd699d,52,868,7,125,4/5,0
HWS-003-BACS,7,41,BACS,limo01,1784114884153367265,1784115105984087642,0,0,221830720377,10,-105.76,-2.86,0x3adcf950237403f9fb8560d05c6b98ffc526968ffca5355b7cd35917f48b85687029da827144799a21acaa79dd0a2527d0a5f997,52,868,7,125,4/5,0
HWS-003-BACS,7,42,BACS,limo01,1784114884533415522,1784115020459932321,0,0,135926516799,9,-80.73,-0.82,0x903bbcea793219ea6a34c73d4941126156e53bcd6b7fb58cb16dbbc7ac408ffec21d4f11b233c665c14d5fd568bfbb1013df985c,52,868,7,125,4/5,0
HWS-003-BACS,7,43,BACS,limo01,1784114889286455755,1784115111424903399,0,0,222138447644,3,-82.20,12.33,0xb6bb360676e46cda9f51ae8f48babdeea37f01d68fad1f8be6e058b743b8fe8851b8e1ac89e9f487794a706c1729dbc530f75705,52,868,7,125,4/5,0
HWS-003-BACS,7,44,BACS,limo02,1784114891428404557,1784115167283113719,0,0,275854709162,5,-85.52,1.41,0x9539a565f1138987c2f455788f10be29ac3049700fc701270d496a176889dcb0c4293f9c742e1cb955e381ba7e0cf2de94f6447b,52,868,7,125,4/5,0
HWS-003-BACS,7,45,BACS,limo01,1784114896919794639,1784115112005228037,0,0,215085433398,8,-96.47,12.19,0x0c2810d7093e543ca4b06c6f99e4059160b7bed35cdf45c3cff46b670e57f1643c0eb4a939a675edfd082349da2040d7779b5239,52,868,7,125,4/5,0
HWS-003-BACS,7,46,BACS,limo02,1784114898504391333,1784115033360495502,0,0,134856104169,6,-100.95,14.95,0x5c7b35bc8a8e247b43bb52bd5005b3548bcc092481591e22803e17fdb28c6c93ba27f1165b45939d2c42994ee379ea4829c3b085,52,868,7,125,4/5,0
HWS-003-BACS,7,47,BACS,limo02,1784114903512771050,1784115232537832459,0,0,329025061409,9,-92.26,-0.55,0x15c57aee2ab033b049e8d6eee0b6dfdfd7ac8db7505662fa48eecc0fa494c7304ad63e474baad3f215ceb7c11c74ac2ff2da632b,52,868,7,125,4/5,0
HWS-003-BACS,7,48,BACS,limo02,1784114906660326845,1784115158759429843,0,0,252099102998,1,-88.63,-4.16,0x6d967973bb061adc67cb0cb134f50880a5ef39dfcb4c6faba95eab4a5089d3dd71032580a39ba5f9f8337854f64141936810e521,52,868,7,125,4/5,0
HWS-003-BACS,7,49,BACS,limo01,1784114910306283900,1784115184378801511,0,0,274072517611,6,-102.57,8.19,0x2065df256724d9db56b958e4127f24bed47facfe76f9837e1260ca2ce73bb152c846ee8fa27b44ed1606e04d9a2c6385bed5d538,52,868,7,125,4/5,0
HWS-003-BACS,7,50,BACS,limo02,1784114912124686555,1784114989662299679,0,0,77537613124,10,-91.15,7.34,0x87bac758f47f5d803357567ba3e710866a47f7f537564aad05e6df316ad527c7baf577e1f742cc86f0c735bc1165942cd8fcc702,52,868,7,125,4/5,0
HWS-003-BACS,7,51,BACS,limo01,1784114917066926903,1784115007979775119,0,0,90912848216,5,-103.29,0.17,0x92989ef9c12d95596ffaeff00a3ee3bbc4d7c7a9033d8e391c55c5c43b28f343436a1e21a8ceb9b50a1daf4826f5bab662b7902e,52,868,7,125,4/5,0
HWS-003-BACS,7,52,BACS,limo01,1784114920918965299,1784115195297646191,0,0,274378680892,2,-105.47,2.39,0x6f9dc9950bedf549536a7587d37caf239c173536f78e39db93ee5e7c1de4b5e73c484ae7171dd4baacfa7404914f22a7bff0f0c1,52,868,7,125,4/5,0
HWS-003-BACS,7,53,BACS,limo02,1784114924327338405,1784115072373291957,0,0,148045953552,0,-107.69,3.64,0x002ce1220f0bf1db3f783b6e9a5cd799ec45cec9ba1d24f3bf3d8576fe0ff270a68a188a5da4f505a842caf3e4d5778439536618,52,868,7,125,4/5,0
HWS-003-BACS,7,54,BACS,limo02,1784114927483631709,1784115105799178701,0,0,178315546992,2,-102.59,-4.90,0xc2db04e6e777a02550bdb53eec497d29c0c75b5e648a77e699046b050d402192aae1a1294dc5b9516da1e0e61ee57a2e852d5ad3,52,868,7,125,4/5,0
HWS-003-BACS,7,55,BACS,limo01,1784114929297946466,1784115156083318657,0,0,226785372191,10,-81.61,14.71,0xaf6d3abeb6929943f9a9d2a6fada6eb6006f6c28d58a08384e1220b750d3cccc9bcf4b5c56c03d6a01594fdee70c416cbabac827,52,868,7,125,4/5,0
HWS-003-BACS,7,56,BACS,limo01,1784114935098845761,1784115238601223196,0,0,303502377435,0,-97.21,12.01,0x9a84a52672622112482eca1ae414975b288b0b4e2dd00a1dc2b0a6cf525fcf5bd711a330eff44a5a2187f7cc0b33c1a59d5ddba4,52,868,7,125,4/5,0
HWS-003-BACS,7,57,BACS,limo01,1784114936307133069,1784115163806882669,0,0,227499749600,3,-97.90,-1.71,0xb99bddc203edef92c6bde1e33d66c25fe9a39b2cd8f4690797d5d59132c3711fbd3bb9f4e38b4341a5f8a42c39e96749cbb10e25,52,868,7,125,4/5,0
HWS-003-BACS,7,58,BACS,limo01,1784114941551693590,1784115029917991320,1784115029917992629,1784115030088140807,88366297730,7,-81.62,7.97,0xf191ee0eb25687cb495040e62926aeff40673cf1684e294e65fba3f9cf0c29f91aaff3ec51daf817d94562ed4c7dd20c52020d8e,52,868,7,125,4/5,1
HWS-003-BACS,7,59,BACS,limo02,1784114946033009266,1784115089285871112,0,0,143252861846,2,-94.67,3.01,0x2f53169e1b34a2484383379a36d4775f54a114761025afc9f34b75dccf501756a4777a7ff5c8109b83211804eb5f1a88faaf8fe0,52,868,7,125,4/5,0
HWS-003-BACS,7,60,BACS,limo02,1784114947532640340,1784115195270032374,0,0,247737392034,10,-89.41,0.91,0xe4a4231201a9a30b4c8667c25f8f01e0da616b6af260c264c6a6f232e572863b93d2eff08624eef265b756e6dc24bc77c145cfee,52,868,7,125,4/5,0
HWS-003-BACS,7,61,BACS,limo01,1784114951520808938,1784115117421861752,0,0,165901052814,3,-80.19,2.44,0xfca01cbc6896fa12d15913368596c0b15f7e558646289e165871bfb1fa44f0529910fb298a5c1e52f102650d6e65a83df7caf6d1,52,868,7,125,4/5,0
HWS-003-BACS,7,62,BACS,limo01,1784114953249131472,1784115055504273201,0,0,102255141729,5,-100.61,13.71,0x7a035c6a9454c4e31d327fe65fd30166c8572e655c358cfd3914ca8b1382cd083f5cc7c8a90aa848446da979b32bed5142d4d10c,52,868,7,125,4/5,0
HWS-003-BACS,7,63,BACS,limo02,1784114957592182508,1784115072049008977,0,0,114456826469,9,-104.60,-4.28,0x019f1b8a44700c35c63e989a1de2fbcc5d0e4a67e3d84e522c523fb4c9aa91990e3b41a79972587d04014dac1e2a567460951ade,52,868,7,125,4/5,0
HWS-003-BACS,7,64,BACS,limo01,1784114960080141444,1784115141144913720,0,0,181064772276,10,-102.30,12.75,0x99a9a38de1113939e35deb66302d44248cd77aa1270b5c7d74bb65e3be631d8787716713cc4014d22c7187e9f8f7158c921c49ba,52,868,7,125,4/5,0
HWS-003-BACS,7,65,BACS,limo01,1784114964883363083,1784115029444871697,0,0,64561508614,7,-80.03,2.22,0xf1e9c8219eee02b78e4e1d3e3ebc489ed5de1b92ba208cd277abea56d10713d16f6c4dae7d9a63a796a1ab7bd773f68ac846e18b,52,868,7,125,4/5,0
HWS-003-BACS,7,66,BACS,limo02,1784114969617070026,1784115047287238884,0,0,77670168858,5,-109.03,-2.09,0x44964110ddd774d7fa24f50a2f05c3757c5ca1547a1f049cb9f7bf095853f0e5a707a2c286b7af2ca71903416117597da6b56c1d,52,868,7,125,4/5,0
HWS-003-BACS,7,67,BACS,limo02,1784114973292083302,1784115052801480129,0,0,79509396827,1,-85.77,8.53,0x88745b4e65c9847abec48c8eb9434099da2d41351559c3ad38e6da4816095f72ce8d3e6417e60f430b88e60c9ddc5070252e5dd1,52,868,7,125,4/5,0
HWS-003-BACS,7,68,BACS,limo01,1784114975972707096,1784115200662032134,0,0,224689325038,10,-94.13,3.75,0x38193f56def133ea73f535e671657ecf08fbce4895aff854987b0b3260ce023f8ce51c80e748a3f742f532267d82953fb723d318,52,868,7,125,4/5,0
HWS-003-BACS,7,69,BACS,limo02,1784114978193615534,1784115251533620107,0,0,273340004573,9,-106.77,13.33,0x50067e9785abfbb272b6bd9f7da1785654bbe8ab219094467be93bb9b6ee6fda5e7b6986fb66df4620ae697f28e67fc36d8c8166,52,868,7,125,4/5,0
HWS-003-BACS,7,70,BACS,limo01,1784114982088003291,1784115191508266599,0,0,209420263308,6,-93.43,14.30,0x926063f8cf816d0602ad57adb3bfd02fca7633195f73660d9e4c9dee909d7d878ef571cd1e46c8a79d943b434cda84b70896cd6c,52,868,7,125,4/5,0
HWS-003-BACS,7,71,BACS,limo02,1784114984129486586,1784115248596389624,0,0,264466903038,3,-86.10,10.16,0x5e5d0602277a2815941f5031e9860d5c0fe7dca5dcdee8f35e799275a9b6296cf81692d7f3aed4696c2a9dfc16cfab471158fc32,52,868,7,125,4/5,0
HWS-003-BACS,7,72,BACS,limo01,1784114988071440953,1784115154030129766,0,0,165958688813,7,-107.64,-0.98,0x7677841b24dfa7bbc9c7dc65b00c421864ad76ac012bb3d9fe380c460e3b925f2d9aa2360101d0c5bcc240c7669e701d6ec0eb1a,52,868,7,125,4/5,0
HWS-003-BACS,7,73,BACS,limo01,1784114991131772772,1784115406513449358,0,0,415381676586,4,-86.49,8.77,0x2d91f7e80588ff363b97a0766e91f808abef1a6d06c42dbcaac533cf6173ac527736bc439412a872cefdea30a09a967203052c86,52,868,7,125,4/5,0
HWS-003-BACS,7,74,BACS,limo02,1784114994813046289,1784115247805059681,1784115247805064183,1784115247974913511,252992013392,4,-84.48,4.97,0xfdc3785d397c1687bf0189a9d370dc6a885d008c8fe4883a3dfd468ca2eaab7b29a04b5fde4352d9527b7ba3da55cb8cd37a4116,52,868,7,125,4/5,1
HWS-003-BACS,7,75,BACS,limo01,1784115000985257834,1784115164938872422,0,0,163953614588,4,-105.21,13.25,0xa2cc5733e9d32bc6fe924d4ceb68a876992eb22c728252bd96bc80da1d0145278cd01fe9366de93f7f940fcd6e4a9ebc458de3dc,52,868,7,125,4/5,0
HWS-003-BACS,7,76,BACS,limo02,1784115003697692137,1784115061804906848,0,0,58107214711,0,-103.72,3.35,0xaca64d53efd7e4144c2dd0308bcb19dd3984b12dea95399f49ffa704892f6fe9dd3a7549876ee94e10fff8ed636f65e0dcd24a6b,52,868,7,125,4/5,0
HWS-003-BACS,7,77,BACS,limo01,1784115006963444388,1784115091488650179,0,0,84525205791,7,-102.40,9.68,0x5617ebce59de03a6f2530154fbf46d0b9316bf6049f37911b141cb4b329e35ef4839a7691ee833727054059dd6416eddfb79d200,52,868,7,125,4/5,0
HWS-003-BACS,7,78,BACS,limo02,1784115008870199718,1784115115925685635,0,0,107055485917,9,-93.93,-2.80,0xdc413743860760d5fa6147da955a55bb6f95b7be0bb5a8637ae1c535e5a2938c30896891e1dbcbdbda1a7a718a047a2021869544,52,868,7,125,4/5,0
HWS-003-BACS,7,79,BACS,limo02,1784115012018671406,1784115149969032752,0,0,137950361346,8,-98.91,8.46,0xda810671b9dbfdf78b7718bbb67e447bdab2c6198a6d5e36185bec94a17793e7cff662713a2e7d096b57af6576120726c065c710,52,868,7,125,4/5,0
HWS-003-BACS,7,80,BACS,limo02,1784115014978841252,1784115121975414157,0,0,106996572905,9,-84.84,-3.82,0xdfc9dcb6cdcd0b8762c4bf26ab5ee9e05bf3fe6b2de959f7be6e46f8f84b91b6a70f97579dec1adf5dd884aa51e4c4f7831e70ae,52,868,7,125,4/5,0
HWS-003-BACS,7,81,BACS,limo02,1784115018952231273,1784115228597654386,0,0,209645423113,2,-83.66,7.99,0xd02a3dee041baba1bb37d4958affe15442e581ac5d90fca93ecc196ba2523da3b998ce2021bc277899c0dc396db7d51f85e3d654,52,868,7,125,4/5,0
HWS-003-BACS,7,82,BACS,limo01,1784115022848060566,1784115187591444798,0,0,164743384232,10,-89.73,14.95,0xc8370175392f499dbc96860684e640dcfbd4d478417544d62e2df8b45762a097bdac0e6c279d924650915e8e4a3618c3005a03a2,52,868,7,125,4/5,0
HWS-003-BACS,7,83,BACS,limo02,1784115028173566644,1784115204112621419,0,0,175939054775,1,-83.84,0.95,0xf392f3f9e25eeb9db5fdef9f8b6d8897044db6a860eac760fc260f8fbe6c64b83d880bcde921350cf7d2884f5118dd82ffbdcf2a,52,868,7,125,4/5,0
HWS-003-BACS,7,84,BACS,limo01,1784115028077772533,1784115180500083690,0,0,152422311157,2,-85.89,5.78,0xe6cb461b960c284c7f514977c39dc5e2e0ca16231c58d69217cad7b58ce6a9bc9d16362737a69e604a1a44269a9075ab3b22a4bc,52,868,7,125,4/5,0
HWS-003-BACS,7,85,BACS,limo01,1784115031956885074,1784115145647208213,0,0,113690323139,0,-86.08,-0.05,0xf2b9ebed14023982bda9a9aa999531b994df44e3f1337ef3fed4c6f1d1495bd799ce9d91350a6d8d27c0b0e904fb92c68edfe57d,52,868,7,125,4/5,0
HWS-003-BACS,7,86,BACS,limo01,1784115036698750916,1784115236070960238,0,0,199372209322,1,-100.06,3.41,0xa1763a1b2dbcefcc793235acc818206a0fae7f9cd44e9ef3c0ce5ba22d1eef5aebde277f529bba112ef4b1cd8849d423fd93caae,52,868,7,125,4/5,0
HWS-003-BACS,7,87,BACS,limo01,1784115042277998133,1784115130027703385,0,0,87749705252,1,-85.37,4.23,0x07d43020f8531dc2c87470a7e55a0041f36ab7ba6cd8e72610187c21aaabaeea49b6112d6918c34809a6db8f95d77ded96fbadf4,52,868,7,125,4/5,0
HWS-003-BACS,7,88,BACS,limo01,1784115042870250883,1784115215648675175,0,0,172778424292,7,-84.72,5.32,0x51ed229149005e81bc0d631d1668b89595b23943fcbdbdee341ee363ebae0f0dec83db3e0eb0afe344eac9f723fc782b19de2413,52,868,7,125,4/5,0
HWS-003-BACS,7,89,BACS,limo02,1784115047483955662,1784115162965657233,0,0,115481701571,5,-97.74,-3.08,0x686e0e4d940e172b61aad59d2d79e79298358ab065ac2da269965405fed8f303cc27d6a002d5a8da98195eb03cc95afbee682060,52,868,7,125,4/5,0
HWS-003-BACS,7,90,BACS,limo02,1784115049526305328,1784115280386130661,0,0,230859825333,7,-93.25,8.52,0x6db25cb47815e63a7d741ec7f3ae3e56eb1a6d887ed4835b954ba1cdedfeede81d0c0373d5ba878d03ba072b4cad2dec4e0f2499,52,868,7,125,4/5,0
HWS-003-BACS,7,91,BACS,limo01,1784115052609208169,1784115313025912712,0,0,260416704543,1,-108.64,-0.49,0x35bf37d65b9cf9dfbe4aae9cd0142664db69f62c11dfaab96590fa4b73878eae3819ef7d0420c2a353602e5190459de900491ba9,52,868,7,125,4/5,0
HWS-003-BACS,7,92,BACS,limo01,1784115057999429440,1784115126712819073,1784115126712823649,1784115126884077548,68713389633,0,-92.48,-4.48,0x96edbeedd667738ddcd93a5ff9ed3c0e93acf516e146852e84de52b7ba7b559c2c62aadc94a35364f44dd79b3c403da55f7ec0f9,52,868,7,125,4/5,1
HWS-003-BACS,7,93,BACS,limo01,1784115060941945239,1784115256046207505,0,0,195104262266,0,-105.72,9.43,0xa9876c970367e4cba20ce9d03744ba444ed8832416d7860ac55f1c8e23835852e2ff51304806393716235d57c5347d846050985e,52,868,7,125,4/5,0
HWS-003-BACS,7,94,BACS,limo01,1784115064351498554,1784115297986629238,0,0,233635130684,10,-104.77,-3.26,0x045281b5836b6563599ef606c6d925837f2f1e0b06007079d1fc0f6fb6f0c2428dbff959d1461614732a4bc66e81a32f34a1372d,52,868,7,125,4/5,0
HWS-003-BACS,7,95,BACS,limo01,1784115069050615903,1784115202461346133,0,0,133410730230,7,-109.97,1.86,0x354ec3675fc63a41680bff7fc59c4ecfc39fdbc41317b535e1efc9b04a6ead035bba5c67a8da19a8f8f47520efd949abd4026fa8,52,868,7,125,4/5,0
HWS-003-BACS,7,96,BACS,limo01,1784115071786847968,1784115196471960342,0,0,124685112374,1,-95.60,11.68,0xda176208774c9f7d2ffb136f2761d254bb4d7422c80b75eaf6a1499838091a74903fd374b0e51dae927be12074de796f7bd0e979,52,868,7,125,4/5,0
HWS-003-BACS,7,97,BACS,limo01,1784115074662628994,1784115272861462189,0,0,198198833195,7,-93.78,4.18,0x886c26eed085482af4d3acccf59c164d9baad06391cab88ceb1003de6b906d62a3a148f3b71d1f844caa8c33af0e6f07d26ac23f,52,868,7,125,4/5,0
HWS-003-BACS,7,98,BACS,limo02,1784115079304132384,1784115375636463877,0,0,296332331493,7,-82.99,11.90,0x7805e6beba23454fe8b71d7991802fe41a243c5bd14ee5d58224e6620c3698c3510564a413b8ae43125bd4f6dea78b7025a0358e,52,868,7,125,4/5,0
HWS-003-BACS,7,99,BACS,limo02,1784115082440658733,1784115144646948534,1784115144646950220,1784115144819778695,62206289801,0,-107.71,13.08,0x8aecee3aadfc34b4a75cbb6c5aab29f444c5067a8c241abea12826fedfb0bfeadaf308d1a165cf0e0a1e2bc18cbec56c23eaf165,52,868,7,125,4/5,1
HWS-003-BACS,7,100,BACS,limo01,1784115083023933680,1784115337114430580,0,0,254090496900,7,-83.79,1.90,0x1d04e2c4a84f42c98a82701e1154d52b62e516d216a51b52e7a602676b9712033bac61321d7574d1eb62bec6fe3d1fabd432c7cc,52,868,7,125,4/5,0
HWS-003-BACS,7,101,BACS,limo02,1784115090146341338,1784115227717474482,0,0,137571133144,0,-97.69,4.76,0xaa3f36b8dd17adf79b72f36c507eee9f52adf5d0eeb73b81a9a8d115f5f35cafc47cc2640e777f9760791bb62c787f4e0005d27d,52,868,7,125,4/5,0
HWS-003-BACS,7,102,BACS,limo02,1784115089936221065,1784115281605709621,0,0,191669488556,7,-86.10,3.51,0xf9b8a0e2890662a162ccb4ad444b93824fd123bfdb7ba4d0d346db714d611e96a9b3976292f9aeb50e07a3256a72f833aaefbb1c,52,868,7,125,4/5,0
HWS-003-BACS,7,103,BACS,limo02,1784115093150304170,1784115225415124067,0,0,132264819897,2,-83.57,0.01,0x39137a2651be3fdc4a84af11a476fdbf447d2ce0fd69d26ffbc56f435d9687a4800b8e5ce08f3f121710b794783fdbf9a3d4aa6a,52,868,7,125,4/5,0
HWS-003-BACS,7,104,BACS,limo01,1784115100288951206,1784115188782297481,0,0,88493346275,9,-107.96,3.73,0xac7351b0635786d15fef4443561354cc47ba9948bd6419affbb57d971b4b1a62c17b92def7a695e55e5ac7343f923662a26936b1,52,868,7,125,4/5,0
HWS-003-BACS,7,105,BACS,limo02,1784115101275516959,1784115300763928844,0,0,199488411885,5,-89.33,14.60,0x28df9de041fb2c26a4ee2f37dc0a8446182d2ca77ea1b72800fa2e320ac7a15ca79964719d07277bc01f27a20acadb0afb9ca817,52,868,7,125,4/5,0
HWS-003-BACS,7,106,BACS,limo01,1784115103903018244,1784115192297121680,0,0,88394103436,10,-86.88,-3.06,0x4b9ed5785b46ed8159ef9093747a730c357b2e80714b7fc1c907f73fc27878b6fe99f708084ed48b05b2d8a70d708a40f8643fb8,52,868,7,125,4/5,0
HWS-003-BACS,7,107,BACS,limo01,1784115110229394218,1784115192675523471,1784115192675525657,1784115192840991506,82446129253,5,-96.10,6.72,0x868e47eaa6338b19c42e745982df9e39b5a6b6e5bb689ce517c9b616392f54adaa93e2b755524c59e57080381ae2d703e73b974c,52,868,7,125,4/5,1
HWS-003-BACS,7,108,BACS,limo01,1784115113643614788,1784115256732794374,0,0,143089179586,6,-88.83,6.75,0xf40dd92a1e4436b248507c246d7083753cfb20249f42455212d8bd0b6cc4d6e6f601c952ff111ccb7373b086e02c5e136ef267d2,52,868,7,125,4/5,0
HWS-003-BACS,7,109,BACS,limo01,1784115115983783483,1784115274792036495,0,0,158808253012,0,-102.49,4.73,0xb3914970272bb775b0ef28592126e126485d03940f5723534e9196bbd95b3a6e59885b1d76cf5bd9e538533c708122b06cbbb50c,52,868,7,125,4/5,0
HWS-003-BACS,7,110,BACS,limo02,1784115118260858338,1784115371449685950,0,0,253188827612,6,-108.28,-2.23,0xa52493b65a4bea1789fda13573ee34cf8adfa3079916af8c4b9dc29df79f03384e7a53ebf17684c6c96c0d9b2a7a9480a1cd1d1e,52,868,7,125,4/5,0
HWS-003-BACS,7,111,BACS,limo02,1784115122830093915,1784115239259575977,0,0,116429482062,0,-91.77,3.05,0xcfb9fde5a979a5de612334e5a76ae5556f28cb488fca10f94f8e8905c1d7769f83fe84e0969fde4f54932d0410b52e7b52b9ed43,52,868,7,125,4/5,0
HWS-003-BACS,7,112,BACS,limo01,1784115126291152022,1784115237346929005,0,0,111055776983,6,-90.91,13.14,0x089f6a326308d1bcb29e301e2aa4cce54867f6e1b0e339290204775757c00e0b5c3aca3c6b1c97858ecfd832d9136047e5b903ff,52,868,7,125,4/5,0
HWS-003-BACS,7,113,BACS,limo02,1784115129302732598,1784115304541039927,0,0,175238307329,0,-83.79,0.37,0x72155adb5f01d8bb009b22e3ac9dc3b28434c3b4b029f24ff628d9595c423dd183455cf83ae125fff6ac351367f71c47a905ebfb,52,868,7,125,4/5,0
HWS-003-BACS,7,114,BACS,limo01,1784115131171514754,1784115328869932982,0,0,197698418228,6,-87.29,11.83,0x560a69b9601c66125e80ed876615bb21584e6c121f5bf06c745b7bd9168f6d6265a99159d771999386d2d01a551054b602262d76,52,868,7,125,4/5,0
HWS-003-BACS,7,115,BACS,limo02,1784115134936225043,1784115197358084881,0,0,62421859838,7,-102.90,-0.15,0x07e7bc25d683cf754a14232f74660d71eebd23ede86c8cafc40a576de0a289ff3f199cc22ded8921ad480d405c413088404978a0,52,868,7,125,4/5,0
HWS-003-BACS,7,116,BACS,limo01,1784115139372160537,1784115228201417513,0,0,88829256976,5,-101.00,5.88,0xec4067aae57b349a09403c1c0153f8b99037e8299bf1e80d5f831dcd1b3062aa139737b638998820c9636e119ceb61cec97991cd,52,868,7,125,4/5,0
HWS-003-BACS,7,117,BACS,limo02,1784115142147212556,1784115280065468191,0,0,137918255635,8,-87.81,0.99,0x3591da86df0a8d77ca76a89d9eaead343116253d35afb02f68310dc723ef1bf5161c00a09661be5ca5f632750e16ab508627e0fc,52,868,7,125,4/5,0
HWS-003-BACS,7,118,BACS,limo02,1784115147788329543,1784115319995527709,0,0,172207198166,2,-84.70,7.23,0xc4a4b497457940cb91a00c7ad19c5d45cd60e75cea53114d0397c929791a4c6bccb90e365db7b28a6adad6f4925461b279e30bb0,52,868,7,125,4/5,0
HWS-003-BACS,7,119,BACS,limo02,1784115150100714045,1784115542809116562,0,0,392708402517,0,-87.43,5.95,0x8c0200f94b912a70ce7cb7c44177519c8040b86ec2fd85b45cdc356b8954b61a162fe37e700a288e1bea99f3546fdbd493da5c66,52,868,7,125,4/5,0
HWS-003-BACS,7,120,BACS,limo01,1784115153082726662,1784115453240364602,0,0,300157637940,6,-89.17,10.45,0x3f380576ca45718633e4a7b9bb7959666fdf6a4384732eb5d0563a83ea0a68337215161cb7e1a066a8c37cce00275961e8e983be,52,868,7,125,4/5,0
HWS-003-BACS,7,121,BACS,limo01,1784115158710104002,1784115284140925177,0,0,125430821175,9,-96.31,13.72,0xedc66ee4df235b311cd64484519c924923ca5e58b320cbf9ddfc716d1e46640b9c09c5f5b72b288c7f469ce4b5f0968d4bd9a467,52,868,7,125,4/5,0
HWS-003-BACS,7,122,BACS,limo02,1784115162275354220,1784115460723025467,0,0,298447671247,0,-105.70,8.66,0xa0979a84c6ef8a7eaeea07c0828c4b6a526dedab6130d7e7c463b4f884635216fe0de407334351403cc1c32b1acc2f7548783428,52,868,7,125,4/5,0
HWS-003-BACS,7,123,BACS,limo01,1784115164042756902,1784115339893776158,0,0,175851019256,1,-81.44,13.81,0x376a261a20c28ef539e2450503059a0c921dbbde51cfcf3682af669fd6309fee9bdd321357c29283447b2d3052b635da395bde8b,52,868,7,125,4/5,0
HWS-003-BACS,7,124,BACS,limo01,1784115168499172248,1784115257921289871,0,0,89422117623,4,-106.79,6.22,0xfc31e8ceaa132fee4cfe00033339e975047fa6f593a8ce06eb1e322118a44cc2ab2d74ecaf843ef55c43df9e195aac628a1a6bcd,52,868,7,125,4/5,0
HWS-003-BACS,7,125,BACS,limo02,1784115172115439407,1784115221056842366,0,0,48941402959,9,-86.65,2.58,0x47d8930a8896d99c4934eee730f87610b5a1c4e37fab51509338f17c826248014fd0596eaa4c109697acefd6e0df8586f9ed68ac,52,868,7,125,4/5,0
HWS-003-BACS,7,126,BACS,limo01,1784115175607122335,1784115270256941968,0,0,94649819633,9,-91.13,8.96,0xa0d8c0b2965ed976a8010a1d53b5c18938859e5705aac016e04645709c967ae0dca19513fd1753e87f7fe48519797a9787d2126d,52,868,7,125,4/5,0
HWS-003-BACS,7,127,BACS,limo02,1784115178029004851,1784115235561462192,0,0,57532457341,5,-99.79,4.48,0xbf8e342278f04021c333fb5bbb6a6226f27a2125ba2e6b2a1bb07e8867041afc35726e9bc0289c20280062204bd9a8c54fb63538,52,868,7,125,4/5,0
HWS-003-BACS,7,128,BACS,limo02,1784115179952213365,1784115340893257359,0,0,160941043994,3,-90.35,5.72,0x2bd18c921507212c75f10b9334a6230690d7ae2bc2be2e7cc5ce1f73c69bd28409f07d783b398157a89a6188d603a981943ef445,52,868,7,125,4/5,0
HWS-003-BACS,7,129,BACS,limo01,1784115182528351971,1784115253232370693,0,0,70704018722,0,-110.00,0.02,0x9ab69d131172de3fb105faca908493f1d0cd435fb4340932dc375e5f15fa2044e7c57472a6652963f74749f51a9e2adc5c8f1098,52,868,7,125,4/5,0
HWS-003-BACS,7,130,BACS,limo01,1784115188840033536,1784115326260960061,0,0,137420926525,0,-81.50,4.63,0xd5b252efaf3520f912f7432b4cb79a06f578dda6cfa5167b2b8ad4e451535a1111971eb89e3909b4bcb5a36a92a0c3e5e8712129,52,868,7,125,4/5,0
HWS-003-BACS,7,131,BACS,limo02,1784115190504627202,1784115425197839194,0,0,234693211992,1,-105.38,9.72,0x0d7b884a9a80e15af8ecf8025c4d77daf6abc52924dcf53e9c01c78f2a618b89908e88f206e8697e04cb9eb6fd7bc08aef83b7ca,52,868,7,125,4/5,0
HWS-003-BACS,7,132,BACS,limo02,1784115192812400810,1784115312717602283,0,0,119905201473,6,-89.09,-0.06,0x6352a21d83c5feb7897e2f1f9c7824cd8076de19fd5320bfa31f93219aea34b82c2785fd1496b478142d10c3aae8c1cfef6670a7,52,868,7,125,4/5,0
HWS-003-BACS,7,133,BACS,limo02,1784115199343229704,1784115302449346658,1784115302449348153,1784115302621105455,103106116954,0,-92.39,-1.71,0xa5c88559405874b408a1a6c651a9e753035496e303de3b4b1c2ba7ced27d006225c8752adc6fe344c4dc3b3edf1e218699532c02,52,868,7,125,4/5,1
HWS-003-BACS,7,134,BACS,limo02,1784115201771992346,1784115459463748268,0,0,257691755922,6,-97.68,6.65,0xd157c5755f220ac7d9553e519268a20b2b271193b7fd2727325350b5347a5c7800f1cba68a8741b7ef73717899bb1ee9c7234b2d,52,868,7,125,4/5,0
HWS-003-BACS,7,135,BACS,limo01,1784115204200495251,1784115276104760475,0,0,71904265224,4,-97.90,2.23,0xd65182f56b6e50074996cdd807422a2b54ac49c2ef996b30fb0d536d247c9c5d6c7e200d97c8a9b442fac176db62585156b088d9,52,868,7,125,4/5,0
HWS-003-BACS,7,136,BACS,limo01,1784115210031937207,1784115411733436008,0,0,201701498801,2,-93.59,9.36,0x2023b3acaadc98dbd0d2436ce51d3ce0171e928a8b01a7e7cdeed0b1b4963d55f991b6b62719f2cad7971d46e824e6447f766779,52,868,7,125,4/5,0
HWS-003-BACS,7,137,BACS,limo01,1784115212670216325,1784115324639136407,0,0,111968920082,5,-91.27,1.64,0x19ef74034e31b67b5dba87a34ed996c8977435b4db0b12e674231d1c6b146ac2ec57f4483c8859060c84e19d3f941e16aa81d8e5,52,868,7,125,4/5,0
HWS-003-BACS,7,138,BACS,limo01,1784115213410802020,1784115456530439153,0,0,243119637133,8,-91.48,-0.67,0xecdacd92731c737a7c95f2832093f312e2f9bc21e73b02bdee2dd9474892d42ce19df5c42f4d0946c52f107e4d959941082e28e2,52,868,7,125,4/5,0
HWS-003-BACS,7,139,BACS,limo01,1784115218660970733,1784115311007356244,0,0,92346385511,1,-101.47,4.12,0x9886ca8e807d24166a0d62d1f2936653c1454e11923f92c11d951906152051d437f561fe8f1e604e70635eaa5d1a60f04c4465b9,52,868,7,125,4/5,0
HWS-003-BACS,7,140,BACS,limo02,1784115222839920036,1784115367079752216,0,0,144239832180,5,-97.62,2.25,0x03a93b4c0585f37133731e297838edac5f5a7d37c67f7a16f532a634f4709600def4863cf9cb403704a3931695cd0cff1cfcb21b,52,868,7,125,4/5,0
HWS-003-BACS,7,141,BACS,limo02,1784115226017792654,1784115473976706453,0,0,247958913799,10,-87.16,-0.76,0x51878bde9d1c99f1b7231c77fae1da04605e8ce1326c9cecc8115236884e96bde24b459ab3552e48b0fe117653dae1ada736de43,52,868,7,125,4/5,0
HWS-003-BACS,7,142,BACS,limo01,1784115227606399244,1784115364169736176,0,0,136563336932,0,-90.57,1.74,0x1f323d6bd537804ec0c873d3a30e0f4e62091dbb82ad938eee7de744d654d77ef8c41a353befe23ae091088fae5c6c5de9bc1dd0,52,868,7,125,4/5,0
HWS-003-BACS,7,143,BACS,limo01,1784115232177138529,1784115321184658090,0,0,89007519561,10,-88.57,10.99,0x3b7a1644664b56e858f826464ab2142a30f41df554d5eb6c0cb36d05f79a13cf0da53370f577010f3948f9ab374c0afc0294bd26,52,868,7,125,4/5,0
HWS-003-BACS,7,144,BACS,limo01,1784115233989631100,1784115378135417508,0,0,144145786408,5,-102.98,9.97,0x240b1a6f6388adb45f9686832f761d5d2675b5bedcd05ca5ed998dff1d9e01711a75429d86fface9bb84bfcf42f5ced52a2d5382,52,868,7,125,4/5,0
HWS-003-BACS,7,145,BACS,limo01,1784115240342980272,1784115451573985048,0,0,211231004776,0,-91.31,7.81,0x57b6e665faee67e1c99de117cbe5a056b39e6ca2ee572901cb9348318575b5f8bab45e8c888a686d855bc10e20ce565c6ca4f3f2,52,868,7,125,4/5,0
HWS-003-BACS,7,146,BACS,limo01,1784115241579420651,1784115490672292876,0,0,249092872225,7,-104.80,0.81,0xe22c070035ce21e18b9d980c98ee791965a344d937140ff6dd51c2eb18d7ba080264efc69570229dec1493d6634ba42e57f09e56,52,868,7,125,4/5,0
HWS-003-BACS,7,147,BACS,limo02,1784115244465052117,1784115333261217031,0,0,88796164914,7,-88.73,10.59,0x27fb9dbb4e31c37d3e5ef3c97443f612edb76c27163d05f810ddc3be193a4226faebc853782bede4f68fdbcfe9a6f0b44176a425,52,868,7,125,4/5,0
HWS-003-BACS,7,148,BACS,limo02,1784115249748517296,1784115483676528486,0,0,233928011190,9,-103.59,10.37,0xbaa96c633227637e2e002a2c3c69ba299b0013d46787accfef075a9aa880e74368cfa37c89a595158b1a4156c756e5b2d2f17eaf,52,868,7,125,4/5,0
HWS-003-BACS,7,149,BACS,limo01,1784115251895250816,1784115386761799116,0,0,134866548300,4,-98.29,0.44,0x9260adc45d33b75220e77e9652278972688b8ea71253ef42a15fbedad0b3c6ae00cb4f844d0934cb6defd93530a8719f0bfbe709,52,868,7,125,4/5,0
HWS-003-BACS,7,150,BACS,limo01,1784115255840652927,1784115510458484785,0,0,254617831858,5,-90.52,0.48,0xe655e448afee508037492ee443ee5c2691956812711c503635e647a0a7b8276d323cfa1b709107da8e8371fa01f7e7fe6db2eace,52,868,7,125,4/5,0
HWS-003-BACS,7,151,BACS,limo01,1784115260281500324,1784115386524989328,0,0,126243489004,1,-86.89,-0.90,0x3b0f6894f388488003ea42b910dbfc72db3c7106f3124f0238e69ab36b87b7b583199ed52b252f43518cfedeb313641241496b2b,52,868,7,125,4/5,0
HWS-003-BACS,7,152,BACS,limo02,1784115261562753137,1784115445742990958,0,0,184180237821,6,-80.15,2.88,0x3dd56cbb983f4f37022c9343d742bbef4fb15a08628a79dafb69788f30b7660598a487e8dca943d353f69482bf7c850340f8398a,52,868,7,125,4/5,0
HWS-003-BACS,7,153,BACS,limo01,1784115266801435395,1784115412517692792,0,0,145716257397,7,-105.92,-1.50,0x74ca3e5e093c289fd6e9276a8c6624964c6e7e1f918b3cdb8d390f1eb7c861dc613e3a56403f91d92ffedd7816eb4527a35c6f90,52,868,7,125,4/5,0
HWS-003-BACS,7,154,BACS,limo02,1784115268673927632,1784115504061623234,0,0,235387695602,3,-99.54,13.70,0xdf56027cbc257f64c71744602dcb278c130f848383c82a39c881a6160b8cbb0a3c71df8e4bafb6252eecc78f6e6b2cd13fd36d80,52,868,7,125,4/5,0
HWS-003-BACS,7,155,BACS,limo02,1784115272504228549,1784115329281648188,0,0,56777419639,6,-86.88,10.03,0xcf0218f9807a2b83ebccdcdb49c377fe93c05619ec108186d22c134da457b5510f23dd5f9acc9c6fe0a8cc1b4df2cb09b27d0848,52,868,7,125,4/5,0
HWS-003-BACS,7,156,BACS,limo02,1784115277633178743,1784115417207965489,0,0,139574786746,3,-82.15,-0.59,0x825f5ede57a95760f2e6789f68eb6f3e93bee98c7440e9f1a7f2e1aabd80ada7c8fc9a11f143e26e530025aea092adc6098087b3,52,868,7,125,4/5,0
HWS-003-BACS,7,157,BACS,limo02,1784115279597527965,1784115452019910027,0,0,172422382062,10,-92.29,2.87,0xf2f84b98cfb738f2cf8632c61a347de531dc4f7931ca8ef5de221f5dc3e8df5f1c4125c8af6518ae03dfa55e2e6831c80f57763e,52,868,7,125,4/5,0
HWS-003-BACS,7,158,BACS,limo01,1784115285676919457,1784115684497032892,0,0,398820113435,4,-84.07,3.99,0xf3273161240f37f0cade4193f6823fc52ac48e9ee7301b158cbd65e3e9a180c8cbb882f883b73a592075f6490d97488a53382e24,52,868,7,125,4/5,0
HWS-003-BACS,7,159,BACS,limo02,1784115287096445504,1784115630311846266,0,0,343215400762,9,-94.81,5.28,0xe5afaf6fa8f2c9c85a7fd08cd3bebaf8955d31f4559e4c302b656e6a615a432a639bb72034cb089dda57024b97a4a53cffb7d3b7,52,868,7,125,4/5,0
HWS-003-BACS,7,160,BACS,limo01,1784115290216036787,1784115592682767567,0,0,302466730780,1,-107.09,13.48,0xe972d03c8eae6441cef7a1cc841ee449cb2aff55cc59717febc34f31e5a201486040683e63cba2c65416abfb43e7a299f2b55e77,52,868,7,125,4/5,0
HWS-003-BACS,7,161,BACS,limo02,1784115292170073052,1784115467437757709,0,0,175267684657,8,-109.87,-0.91,0xf2443ae5bf4909d16739163dae0c0c88ecf94790ab48f71aedf873c51e2735c5e8c75bb8c2ec3945402865d344a7797a36dd68f9,52,868,7,125,4/5,0
HWS-003-BACS,7,162,BACS,limo01,1784115297234275719,1784115406021658161,0,0,108787382442,7,-108.58,-3.78,0x304eb8478c0a55ba930ddcf1955426f517bf9dc86f0fbf81d2aef754b4b298ba07221ea879f9392bdf7ed8cd2f4f427b4b1951c2,52,868,7,125,4/5,0
HWS-003-BACS,7,163,BACS,limo01,1784115301948934744,1784115417976471210,0,0,116027536466,0,-93.70,10.95,0xcc3d16c5fbde5222fba189ea994722d00e7dd0cdee8118198b6db26048d624c513374f00fb4042b8d072896dafa6841104c3b507,52,868,7,125,4/5,0
HWS-003-BACS,7,164,BACS,limo02,1784115305645166450,1784115431159292994,0,0,125514126544,3,-89.07,12.26,0x94f704406a4a23f2fcb59542d355b0715bc7de9b703ae7430bf681510c202e6c1254ecf650620f06b3854012194573886ad5b15f,52,868,7,125,4/5,0
HWS-003-BACS,7,165,BACS,limo01,1784115306085220393,1784115406779036075,0,0,100693815682,2,-94.23,-1.86,0xfe55224c5cf0a6fb42e0a7b89c3c681b0ecdb3b36f911b335106ea1d74b4a111c5e5d504a0a7bdc83e7537f924cc8d48a057f0bb,52,868,7,125,4/5,0
HWS-003-BACS,7,166,BACS,limo02,1784115309822661729,1784115371707774262,0,0,61885112533,9,-100.47,4.03,0xbd7cde2443bfddd2451cebfe98f09aa4a74c22bc620504340e918775c33bca60e458ffa3fcbe3e8d67960b866980f62ed2b6ba9b,52,868,7,125,4/5,0
HWS-003-BACS,7,167,BACS,limo02,1784115313823505123,1784115477541279599,0,0,163717774476,3,-101.48,-4.38,0xb6ac12220c0976385caf5bf9fa4323b29a4a3c0265f8306fa008feecac3b9c8c7c45e9831a769bc9e3d3915cd30a2b8ae65ba871,52,868,7,125,4/5,0
HWS-003-BACS,7,168,BACS,limo01,1784115317962337671,1784115461958175259,1784115461958176749,1784115462125477131,143995837588,1,-107.92,-1.04,0x6891f98ddadad1fbfedf78de0a98dc6cf34bc4b3415eb3eef6d4884826a1d5039ac7c52d338a5a6b5887cd06d15f8404dbbde08c,52,868,7,125,4/5,1
HWS-003-BACS,7,169,BACS,limo02,1784115321606736314,1784115579784428719,0,0,258177692405,1,-83.02,5.81,0xb1a5c5dbdf0adc0fa217d9378da52a9c11cce7af8462aa8d62e641f09f4ad17ad13ad30212a63f66ece01ade5b4dffa2a8a2867e,52,868,7,125,4/5,0
HWS-003-BACS,7,170,BACS,limo01,1784115326072404498,1784115600724992490,0,0,274652587992,5,-99.07,9.04,0x3d2be41aa2eb42d05fbc3bfba47813143d8ba35658c1d1f9285a53a056839dae853c8ab151e9023e033efb418be02745580dbcad,52,868,7,125,4/5,0
HWS-003-BACS,7,171,BACS,limo01,1784115329480867466,1784115511455563420,0,0,181974695954,4,-84.73,1.37,0x3fa852f2936e9e4e74a26d29368fe1a14c77c137215f11636f42efd7ae7b7249e17c90a2f3c630ee8a4e9ef9828b33ae9c74cdac,52,868,7,125,4/5,0
HWS-003-BACS,7,172,BACS,limo02,1784115331889085880,1784115626821644486,0,0,294932558606,2,-93.72,-3.37,0x6a46e8c52e1867198091ff6ca22f902ba1c6b9428a33562890449b880b27ca8b59e59d0c2ee1d2c68cb4813f44856bbc0bdd9bfb,52,868,7,125,4/5,0
HWS-003-BACS,7,173,BACS,limo02,1784115336821035512,1784115475896703858,0,0,139075668346,1,-84.67,2.79,0x17077c14363fcf716f48c2f92e4da064f72268878a838b4e6cdeb8779f10b3b71ef1d1ff976414808d0c5e1aa376168d7dca478b,52,868,7,125,4/5,0
HWS-003-BACS,7,174,BACS,limo01,1784115337627995988,1784115620299775390,0,0,282671779402,1,-87.15,-0.75,0x33d880a8534d6f7cb174a8223101a30308d3a53b3dab758579a97c6fbfc483ba8bae187da646eb26ea50e84fd2fd4f0a0a0fa27e,52,868,7,125,4/5,0
HWS-003-BACS,7,175,BACS,limo02,1784115341269026152,1784115475461644528,0,0,134192618376,10,-97.46,11.24,0x4ce75103e535e5436c23665b2c3e08d218b96a4544aa40adb8667ed8f57dc7a996a1daa15580272bcbf5b89ec32b7e16d7a89224,52,868,7,125,4/5,0
HWS-003-BACS,7,176,BACS,limo01,1784115344739780276,1784115420649690728,0,0,75909910452,7,-104.76,8.60,0x0fe3e4711698a0a6e9bff40a6b84f52928f0f0e32ab27f57ab1b95aa5874e01a11d1a535759c6bfe2d39b3d33aff83a3ac2f4b62,52,868,7,125,4/5,0
HWS-003-BACS,7,177,BACS,limo02,1784115347969739099,1784115617663340952,0,0,269693601853,1,-87.03,11.76,0x1318d04d9a258273cda2ae6effe034698d011a4cc61b09b8e67e304f4c7986a6986fcb23845e620a044cb24a395d9aa5321d976b,52,868,7,125,4/5,0
HWS-003-BACS,7,178,BACS,limo01,1784115352526509965,1784115407582677916,0,0,55056167951,4,-93.54,6.19,0x7100e7ee17c9e5ac1b91a7813a7c23ab8fdcb7109fa745f145c91b46051d2bd5218aa3ee362284584ece39cc02fc71fe21396ac3,52,868,7,125,4/5,0
HWS-003-BACS,7,179,BACS,limo02,1784115357244325274,1784115603588914950,0,0,246344589676,7,-105.95,10.75,0x2b85b4a093671e21172870bf00de18a472da3dbf5558f70413f7184ce60b16bac3e75e1edfd940e555549e657e14c8784e75f0c9,52,868,7,125,4/5,0
HWS-003-BACS,7,180,BACS,limo02,1784115357851947627,1784115470003318693,0,0,112151371066,8,-104.53,-2.19,0x8c53c7030c21157dd02799974ad6bdcac99a6bbb2d963941f6ce3b1e5d4f46b4a4ef34c4070ca7c23a6ea685d5bc624109892eaa,52,868,7,125,4/5,0
HWS-003-BACS,7,181,BACS,limo01,1784115360718730305,1784115453806909037,1784115453806911540,1784115453979113037,93088178732,9,-85.73,-4.06,0xad788f41defe87bc303ac2e3151dc193003f7eb46183685ab415bbe7ba38c73dade7a7ba8ffa91ca3bcda7a8df3d6919fe276cb8,52,868,7,125,4/5,1
HWS-003-BACS,7,182,BACS,limo01,1784115366295876733,1784115487847623750,0,0,121551747017,1,-86.81,9.68,0xa9a5966bbc32beac44de83b874832988fb551ba28f5a7b57d165c5966554439ae7b898b748e93292afaa6022909fb85ee8bfde76,52,868,7,125,4/5,0
HWS-003-BACS,7,183,BACS,limo01,1784115369080359845,1784115510643858569,0,0,141563498724,9,-82.76,11.01,0xca93e276e8138e0aa5d556c7abdf76a401ecdbad413d8bf591f457193fb4d3bcbe17cca82a566e04bd7ebe762230d923e091f8ec,52,868,7,125,4/5,0
HWS-003-BACS,7,184,BACS,limo02,1784115371907386708,1784115450658483522,0,0,78751096814,10,-109.88,4.84,0x4a127196cc16bcc177b2a3c92ee365d350fb78dcf478290115e276c969f9190eade18ded975a615b2c8ce59391f1fb5a885f2a39,52,868,7,125,4/5,0
HWS-003-BACS,7,185,BACS,limo01,1784115377769916459,1784115457563285597,0,0,79793369138,8,-92.35,3.88,0x35bb5ffeeba342ff801c11bd14858a4bf7fb98b399581e01ecb46fad7933240078014154b78bf695f9fe3bb32cdbfb5b79046c66,52,868,7,125,4/5,0
HWS-003-BACS,7,186,BACS,limo02,1784115377934926947,1784115525305881055,0,0,147370954108,2,-86.13,5.33,0xb642559ef97f28788731823622c9688e9276556591cd1b8c4880c0bd98891b172490473ee5cb977e5da35b8ebd6d36da28feafc8,52,868,7,125,4/5,0
HWS-003-BACS,7,187,BACS,limo01,1784115384465280705,1784115442983542212,0,0,58518261507,3,-107.97,5.13,0x596e202a5eb6064ce56c66358e15e933b9ea9b28c79f59573826f42971928aec26c7f96fba93b7e7794198454f07ebe6556f119e,52,868,7,125,4/5,0
HWS-003-BACS,7,188,BACS,limo02,1784115385920326027,1784115558450756316,0,0,172530430289,6,-94.42,5.20,0x0498d8983c7cffe8a9cdebd6e7fa221e69eecff2fdd1710260cdfa1caed4893fe17147f68a77d71f2bdf727c7d6709a0e46f7b73,52,868,7,125,4/5,0
HWS-003-BACS,7,189,BACS,limo02,1784115390601745743,1784115472782258335,0,0,82180512592,2,-86.30,14.55,0xabd0bc4694d80f314e5c0dd621a0040c673115ab387c48f72a8dd1e334c52028c8983049e16c13695adb8c51f01554a4f5272c96,52,868,7,125,4/5,0
HWS-003-BACS,7,190,BACS,limo02,1784115393143882664,1784115460243136167,0,0,67099253503,10,-96.39,13.68,0x141b6c632669e58e3e5f3fe82f44c83ebde777bde2d97f6a83dd14e64bf2a35302b2d2d1ee50382d9a1f090d86704f4bee910fa7,52,868,7,125,4/5,0
HWS-003-BACS,7,191,BACS,limo02,1784115398805236760,1784115652374304088,0,0,253569067328,2,-83.35,14.59,0x1e8e54a01353b1b5eda7201d6aa03b11656a8fbf6c80f2822c1bc9cc9ec51a18badeba7b75e1747215b8d0da0798eecb469b5f8c,52,868,7,125,4/5,0
HWS-003-BACS,7,192,BACS,limo02,1784115401362789496,1784115536071327792,1784115536071329732,1784115536239830744,134708538296,8,-105.42,6.15,0x84060d8a8406d1667f85c2c7e33205837a0d9dad8af16b5cc37ce75217e80f88c286c4895b5815145315c99b172c5897d8a31a5b,52,868,7,125,4/5,1
HWS-003-BACS,7,193,BACS,limo02,1784115402099118867,1784115467781620672,0,0,65682501805,3,-101.44,4.18,0x2cc78c572dac02018d991faf49a759f85fc6591d5d650ff3aeb8a04b9ef959fc9d03e9f97aba4fb6428363b513b18ba19db9ef81,52,868,7,125,4/5,0
HWS-003-BACS,7,194,BACS,limo02,1784115406282515324,1784115604696968243,0,0,198414452919,0,-84.75,4.90,0x33f3e71a000e8913ef4c8485900844fca60904602d99d0632846a280c3e8add59a109e72b3a69e6f67f757a3b56bf62e77b0886f,52,868,7,125,4/5,0
HWS-003-BACS,7,195,BACS,limo01,1784115411408262207,1784115697673543641,0,0,286265281434,10,-99.14,3.27,0x4060211ce63d1ef801fb5da49ffa6ebdee1a9dbaa872d98bdd48fdd94060be6157db0769b6a9509809169d324d8994c19ff51e26,52,868,7,125,4/5,0
HWS-003-BACS,7,196,BACS,limo01,1784115413685990249,1784115591695010322,0,0,178009020073,2,-101.02,12.25,0x9350d3c2ff3625b9fc1b82036c4afe311f28a72865719b3808fa94e4b57f1bfcfb88a6126ac22a9a32f42f04394be2aa28806861,52,868,7,125,4/5,0
HWS-003-BACS,7,197,BACS,limo02,1784115416207047783,1784115542817432678,0,0,126610384895,0,-106.21,14.96,0x39023c2f7368ab7f49e10359ad05628e2e59e70acdd1f91db69873e48391ac5b0681427b7faa33adbcab609e26e3c7349f29343c,52,868,7,125,4/5,0
HWS-003-BACS,7,198,BACS,limo01,1784115422362449080,1784115551323151409,0,0,128960702329,8,-100.78,-0.30,0x1ae89a27a74d2fc96cd4d3236d3ce2b1dd22d37f04201110301c8ff0e08fa2dbfa6b9c558a893e5062981b64e2fc70dcfb4c98db,52,868,7,125,4/5,0
HWS-003-BACS,7,199,BACS,limo01,1784115423798614696,1784115653963389241,0,0,230164774545,8,-97.86,1.21,0xa33d820f8102db222e47334709c801de0efb0da6315fb9bec46c3d5fa7cbcd97462b819e00d340e1532e5d951e610865727b4f13,52,868,7,125,4/5,0
HWS-003-BACS,7,200,BACS,limo02,1784115427529794707,1784115597011736453,0,0,169481941746,3,-84.42,-4.16,0x40f18a471165a8719534e0e344562bf1429e839ed3daad16449c6ad7663d6ff4f2aa5d9680dd5a5e3096cf9bd6af4a99c10f3575,52,868,7,125,4/5,0
HWS-003-BACS,7,201,BACS,limo01,1784115432159911397,1784115592546664557,0,0,160386753160,6,-90.77,13.21,0x7d4d1618ec140ef3a85dc4d9accaf70146ee37e602e2d3f1e03649de3c416ea7c721435b0e7887c4742fc8bbd2441eae43fca30f,52,868,7,125,4/5,0
HWS-003-BACS,7,202,BACS,limo01,1784115433786969051,1784115536773745960,0,0,102986776909,6,-85.17,-4.95,0x62ddd86f3c9824f430e08e5238aceff8cd713ca44a399467dcdde1add10b232e4d74822a11b1974a2fb6c785d87bda0db65e8d38,52,868,7,125,4/5,0
HWS-003-BACS,7,203,BACS,limo01,1784115436715988738,1784115564371269028,0,0,127655280290,2,-98.85,6.85,0xed4824cb664c094ba919e51eec9f107f8660a21e4ecb22400f20d2b6e6dc6056f69acc78c94a6023468ff75f4f0a130fa62151a9,52,868,7,125,4/5,0
HWS-003-BACS,7,204,BACS,limo02,1784115442384347963,1784115542886413193,0,0,100502065230,4,-83.63,7.88,0xc78838bb4b2d9bb468ea9350a92eede4780149098ebffb926b1cc9baff97829f296afc183a2d56ee9f524a125a70ac77359d3a5c,52,868,7,125,4/5,0
HWS-003-BACS,7,205,BACS,limo01,1784115444679122949,1784115546340414173,0,0,101661291224,1,-83.99,7.47,0x80c0f34e12bb832a4f605517b8a9a95ffe2568a03c0824a6f6e82d1319f66b5ffe680658c79b156e974b85785f6114b749f7a2a8,52,868,7,125,4/5,0
HWS-003-BACS,7,206,BACS,limo02,1784115446916089096,1784115541341393908,0,0,94425304812,6,-106.00,12.89,0x4a342c1837bdd23ce41af83d20f6fc97ff08cc0930a92720c678907af06c5e6cf753a5c3f9ca2bedf5acbc0c25938258985c0cbb,52,868,7,125,4/5,0
HWS-003-BACS,7,207,BACS,limo02,1784115449873387544,1784115604245469123,0,0,154372081579,5,-105.46,7.15,0x009d2054c008de98b535156bff83b47983a531204a81995c56b507b2e0fe00e54a999a1cfd417a0c708c5547f4ea15040f293994,52,868,7,125,4/5,0
HWS-003-BACS,7,208,BACS,limo01,1784115454805041493,1784115558695900754,0,0,103890859261,9,-99.71,10.69,0xbf46f031f4ee77ad20e807949f87d1922641d820a70ad6cd0952865a933897a7cd1ebaa9b87b775baa404acf2c694f46bba4c879,52,868,7,125,4/5,0
HWS-003-BACS,7,209,BACS,limo01,1784115459214083598,1784115630077380255,0,0,170863296657,5,-99.12,11.80,0x55b99a76b3a3388b0fe7476babb8a24bf107b34906dfb436756f515233f142503786ec2568b1f1dcaf7dd3566436213b8685905c,52,868,7,125,4/5,0
HWS-003-BACS,8,0,BACS,limo02,1784115463321880172,1784115682946115463,0,0,219624235291,4,-81.38,7.39,0xa701c5191b3524ec23eb2628d1aa0f7c0e680209d535480e347b8618dcbdcbe7e5a36f5be1891c82bfa68175b533141f21716497,52,868,7,125,4/5,0
HWS-003-BACS,8,1,BACS,limo01,1784115466566807003,1784115699468280509,0,0,232901473506,8,-85.87,-3.86,0x5c21b073f0f80263f4627e4a5a691abb7441c6eb7a443029a538ab4644296faef739d7f17622e193f8f6cedede7df331e3412e26,52,868,7,125,4/5,0
HWS-003-BACS,8,2,BACS,limo01,1784115468155404616,1784115693012166898,0,0,224856762282,9,-98.51,13.48,0xf44b66fce7f8c30cacf446f2bf2d395ed33b98be4621c9ca877da3809f4f17820e650fb1a716e3e9c410b444de6e379e1a8b89ed,52,868,7,125,4/5,0
HWS-003-BACS,8,3,BACS,limo02,1784115470954605141,1784115688858431987,0,0,217903826846,0,-102.64,-2.99,0x5c242c7f68e02db0ef5129323ff4ba32b4166026111c17bbd5216c2f2c83a3fa5c642764f97b592839e24b5e4d0edee3a5f63e46,52,868,7,125,4/5,0
HWS-003-BACS,8,4,BACS,limo01,1784115475305723927,1784115563643797222,0,0,88338073295,9,-86.79,1.93,0x2defa7323e70d2a0d909de8d9f839330d474a1c47e761ce8f271da3ffd91fca40b8b9b4e598758c31cf4a84ada327de794c977a9,52,868,7,125,4/5,0
HWS-003-BACS,8,5,BACS,limo01,1784115477731604902,1784116076605954836,0,0,598874349934,3,-92.44,14.59,0x6f4b684054f11dd74d20a872549e0c0d8560e0bf8c91bbf200653bb123b15667c892cbd662c845d82ce4019000a7bfb88a0dfde6,52,868,7,125,4/5,0
HWS-003-BACS,8,6,BACS,limo02,1784115482579875065,1784115610446645706,0,0,127866770641,7,-87.81,8.49,0x3cb88172af5ee665290279a8a0d3eb70fcfa5550fbbb1132f7a8c04e7fa46a97d52a3b9bfac38c86054f4e86ee2612733e3f64d2,52,868,7,125,4/5,0
HWS-003-BACS,8,7,BACS,limo01,1784115487350291184,1784115894158821864,0,0,406808530680,1,-109.12,-0.34,0x860c280eb2e0a08870a7c2b262e1c49bb98b9f85d74f155eef7487851360b430cde1f23fe97591f119503e9e3d4efe8547135e4f,52,868,7,125,4/5,0
HWS-003-BACS,8,8,BACS,limo02,1784115488581762738,1784115629940831629,0,0,141359068891,3,-99.52,2.65,0x84ec1d369508d960edff4fbd0d5589e718d3fbe43b2dfeef96e821e0764f0268265b57581ce33db3b54aa5c1c138bc2d1443006a,52,868,7,125,4/5,0
HWS-003-BACS,8,9,BACS,limo02,1784115490876772637,1784115829315620822,0,0,338438848185,9,-104.28,12.81,0x0c231a4bea8d084d52e749d26892e53bdde1b3d4e8ac3b3f3d968a89c0a4cd728ff0735cd9e95c500eaad8d05d936e068b8a5668,52,868,7,125,4/5,0
HWS-003-BACS,8,10,BACS,limo01,1784115495925914262,1784115680409515606,0,0,184483601344,2,-85.64,13.36,0x8688bae2c57490932df493493b3438bfb76d737b48664b767acaa0ee22e4831fe114b1134a906471839b16271e8f98f60f0b6ed7,52,868,7,125,4/5,0
HWS-003-BACS,8,11,BACS,limo01,1784115498286533047,1784115610390038581,0,0,112103505534,7,-84.62,-3.14,0xbd1adb349f66495130d4b52188136654b236d248457f01bb6bb3bd71c097ddcdf887583b8fd778aa6257ab9ed8511bb74e922766,52,868,7,125,4/5,0
HWS-003-BACS,8,12,BACS,limo01,1784115504445683012,1784115657485144948,0,0,153039461936,2,-83.30,9.13,0x490b0753d227269cd95d0dd552ec5a91e2cf84e90e1c6b3d558ddfa7f893dae571e49695558af0c2c763caf5c05939f77950a4d7,52,868,7,125,4/5,0
HWS-003-BACS,8,13,BACS,limo02,1784115507162409424,1784115621067099179,0,0,113904689755,2,-84.95,14.44,0xd487e142575da2b57d2cb055b84d7ddf3f1757ffe3369617e9da344e277152bf7bc10c8aadafa44886ed2021ece34d903073bcc8,52,868,7,125,4/5,0
HWS-003-BACS,8,14,BACS,limo02,1784115511383456533,1784115655124987748,0,0,143741531215,2,-83.46,-1.50,0x690f9c5e919e968fe826b2c031a5d77af2490731ac293bd9d0c6016775b5202b0bdac9b64efbf0030ec286426f9cf4ff5b747fbb,52,868,7,125,4/5,0
HWS-003-BACS,8,15,BACS,limo02,1784115512005307284,1784115675353706064,0,0,163348398780,0,-98.07,8.47,0x067a6ebdf106010481e3cd7f76847224e716b0c06199d3eb7a32a462c85b17d72422bd6c52cfe284a1b04400fd313e0811b77548,52,868,7,125,4/5,0
HWS-003-BACS,8,16,BACS,limo02,1784115518205866333,1784115709380871561,0,0,191175005228,4,-92.50,-0.41,0x426cfc4c57fb2f47cc3bde49d21d51f2a120cfb5744dd3f2845bc7623907852ca89b80b3451975f145283015242bffa5999890e1,52,868,7,125,4/5,0
HWS-003-BACS,8,17,BACS,limo02,1784115518311599760,1784115620383288029,0,0,102071688269,7,-84.09,4.01,0x35981d0b4de2cc51944847dea9ae402ddc6a8e20e88d44f1aa0d53384b125e227a9907960cb0f5fc3358923ba158129cc543a3a1,52,868,7,125,4/5,0
HWS-003-BACS,8,18,BACS,limo02,1784115523171331096,1784115864784962625,0,0,341613631529,8,-105.24,1.45,0x8413ac6fbb1964d711929e93e7ab8c5cc92b27953bef1d5b65ee9b4b7491324f858e59c3e1794862a199868c76939ef2524ca017,52,868,7,125,4/5,0
HWS-003-BACS,8,19,BACS,limo02,1784115525421257710,1784115713438296284,0,0,188017038574,6,-83.96,-0.37,0xeeacfbfd0e4c11c806368cfd455200b1fe314afbeb7b51fbf1afa37fbc48f470dfbe9b43cf8aff0477d28a1fb4ccf6dc1ff651bd,52,868,7,125,4/5,0
HWS-003-BACS,8,20,BACS,limo02,1784115531316421684,1784115600078281363,0,0,68761859679,8,-88.83,0.19,0xe9489a774241978766d722e741443ca664353f111fcc645c4c344c28dc79493aef88b736313cdb4a9dccc126d3dac640e722fdea,52,868,7,125,4/5,0
HWS-003-BACS,8,21,BACS,limo02,1784115533794134410,1784115644398737695,0,0,110604603285,10,-105.83,2.20,0xa60447ac781c96d7c7b7bc242d9f60917b4c5ad0106a2e83b03b8d46ea2fe80b595a468b3852568ef8269d3a16f82cdcffd50fc0,52,868,7,125,4/5,0
HWS-003-BACS,8,22,BACS,limo02,1784115535071413091,1784115630093155010,0,0,95021741919,6,-84.45,7.85,0x1878d7069cdb1e0d465c3da2cd69ade376c3d1b7b351be26d37667db448203c8f6200325f04a88cb0ddb61344210edef4db672b5,52,868,7,125,4/5,0
HWS-003-BACS,8,23,BACS,limo01,1784115539285913560,1784115621440125305,0,0,82154211745,3,-83.87,3.32,0x1ceb3a7653ad0d5027dd699fc725af0626380a86f62a15fce0e27e220e52c11c0bfc8ece2ec58775e8c22ef0721f455751cd1041,52,868,7,125,4/5,0
HWS-003-BACS,8,24,BACS,limo01,1784115541598919810,1784115841758856093,0,0,300159936283,3,-83.65,12.01,0x1b0cfc90bbe216cb0a418217ccd3e9d6d7d1e5bb20196f8916a38eafb5bd1e3a708890df0ca5211dcc618aac25a60efa5f9cda03,52,868,7,125,4/5,0
HWS-003-BACS,8,25,BACS,limo01,1784115546172698203,1784115652841742736,0,0,106669044533,3,-83.70,-3.64,0xe5b4985c522075af498d4a5fd99c2790ea5200dd1cac714ea87b57befc75d1a64dad9ce9fa058bd24f9d050e134ec36f3273674d,52,868,7,125,4/5,0
HWS-003-BACS,8,26,BACS,limo01,1784115549536541196,1784116124651986602,0,0,575115445406,5,-98.61,-4.32,0xc95e1b43316741972cefd9c47a7d520cf78a2e34c63484a9ba83879d34c1201b6f00fa20abadc9c788946cabe5742c81fac947c2,52,868,7,125,4/5,0
HWS-003-BACS,8,27,BACS,limo02,1784115552392295758,1784115681687737287,0,0,129295441529,7,-97.17,8.15,0x1f0347dec03fb4d47ceea9d897b43c591b926abb5680dacc4d2646fe50cc465d3d69361871b0916094df243df726b23ee5e518d9,52,868,7,125,4/5,0
HWS-003-BACS,8,28,BACS,limo02,1784115557681856144,1784115809706952810,0,0,252025096666,3,-94.27,3.23,0x156bb3a8cb5e6ade3b6742c78f3a2b2613621740a6887b3e27614910d24e092d71c41cd73f39bc052ec3620cb8836c27146c5be0,52,868,7,125,4/5,0
HWS-003-BACS,8,29,BACS,limo02,1784115559641729748,1784116104237567954,0,0,544595838206,8,-100.48,5.64,0xfe99b073eceffac66ab15d7ce925154420b31e23c3a4430d64598f50d62aa3ac5784aaef844a00f465fe1a991538d4fc3cb6e0a8,52,868,7,125,4/5,0
HWS-003-BACS,8,30,BACS,limo02,1784115565252546297,1784115703464250434,0,0,138211704137,6,-84.09,-0.34,0x4ae1a71c016f2b2ac42328517fe5e9a7cfad6c6bdfac23e7747dc4d13d6f174ad0d12066b7afc9d99c60bb553e39863066dacbc2,52,868,7,125,4/5,0
HWS-003-BACS,8,31,BACS,limo02,1784115567403321843,1784115774951654843,0,0,207548333000,8,-102.58,14.80,0x810f97d9a04d84ab8ffbe166ef99495ab2cc4633fe11efdd02edbc3fc9a1c64c41a8ea31d6a37eb1f29fd576cb3f1cdd466c5454,52,868,7,125,4/5,0
HWS-003-BACS,8,32,BACS,limo01,1784115570589766743,1784115757949898903,0,0,187360132160,0,-105.09,-0.43,0x41afc7e4f8b953a55ec5ba1ed691bdafee7b0947e3a5f231fb7443f399679c1aad701d74b4273024a919b907bfc79cc4b0419642,52,868,7,125,4/5,0
HWS-003-BACS,8,33,BACS,limo01,1784115572995953396,1784115672709501474,0,0,99713548078,4,-94.99,9.31,0x3ec59958894638ae61c9e862250de6a0bc6868d08921f0a352eb636e1ec6f468dc3cda3a04767cd198fb2ca428d8ed93b82c3b2d,52,868,7,125,4/5,0
HWS-003-BACS,8,34,BACS,limo01,1784115578882481303,1784115650557215336,0,0,71674734033,4,-106.02,10.68,0x2faec3695f363dd411535e1b55e5e3f66ebb8816c7a89da852eb76c7298538668b7f9eed4bfaf6d4a740fe49f6d2c74e252b117c,52,868,7,125,4/5,0
HWS-003-BACS,8,35,BACS,limo02,1784115582048050432,1784115839073616746,0,0,257025566314,4,-80.68,-2.76,0xcf9286254f649bd6d540fcb5673e67627712fc44840d389b5729148d5bb42f3c0cc9dc44e0e6c869da897e1cf702c36b32ab29ca,52,868,7,125,4/5,0
HWS-003-BACS,8,36,BACS,limo02,1784115585442402197,1784115797021546354,0,0,211579144157,8,-86.51,14.53,0x7c24ba5838f9ec22c5e98e4c50de399ecfa6a2048e73478f77b86285302f368b26c23a9f4734de96fce3cdd3288c315399b05c55,52,868,7,125,4/5,0
HWS-003-BACS,8,37,BACS,limo02,1784115585972665005,1784115786391047843,0,0,200418382838,0,-103.27,4.80,0xa51d412273699e208e4fc42eccd750e18224a13c88a902a7d8482a1b587a75f5895a3a2b0fa9d679f42cc07fa744bc17dba2976f,52,868,7,125,4/5,0
HWS-003-BACS,8,38,BACS,limo01,1784115590238998143,1784115765550583359,0,0,175311585216,3,-82.93,14.23,0x905d9bcd238edf8932cbd308995e81e69ccf2f7a4ddc77d55e60a43ef69462262b7b0cf6dffd803d24664e0cfa112abaca8133fe,52,868,7,125,4/5,0
HWS-003-BACS,8,39,BACS,limo02,1784115592459874881,1784115750090517449,0,0,157630642568,0,-82.89,13.24,0x645e1aa00cdb999966de991e39d439f5d569c33aed25fedd630c904ae23a66e39e4f2c513fa9f2d3beb498cd303871afb108edda,52,868,7,125,4/5,0
HWS-003-BACS,8,40,BACS,limo01,1784115599094175807,1784115706866222399,0,0,107772046592,4,-90.54,-0.40,0x53bcb8fd86038920deaf661eb2d724a21900277fa73fec14b9c7418bc2994a79798a6edf075f9a30c29199f1b9438c216b1c1701,52,868,7,125,4/5,0
HWS-003-BACS,8,41,BACS,limo01,1784115602583045131,1784115874176937621,0,0,271593892490,3,-82.44,14.36,0x592e90f98e045e0ab3fa5e86f2479b9631825da473c71747f03a8adae024ff2fc6931e0cac09b777f25bd2d5d780ae340fc67f0a,52,868,7,125,4/5,0
HWS-003-BACS,8,42,BACS,limo01,1784115604025153921,1784115686878340552,0,0,82853186631,3,-85.66,14.00,0xc7bb0a108a350cc522b3375364d9043a12014db86cf052884443f12767abe11392651abb8d408792ab97eea4ad74b54f435e9af8,52,868,7,125,4/5,0
HWS-003-BACS,8,43,BACS,limo01,1784115609392402449,1784115715582957989,0,0,106190555540,2,-83.07,0.77,0x1ee581bf3987c497e5c45dc59e8e71ed080a3e299c4b8ec1ce15842ba05c65cbbe3bc0b97a1080f2bbd91f7bcb1c26ba7836aae9,52,868,7,125,4/5,0
HWS-003-BACS,8,44,BACS,limo01,1784115611181143642,1784115781730983426,0,0,170549839784,9,-93.43,9.31,0x25ad22bc6da7a7e30e1c1d93378ebb06bc59f15b6635e29a95d482a213140b0a8f47ce5525242cba2fff91dc93ed27248badd6d5,52,868,7,125,4/5,0
HWS-003-BACS,8,45,BACS,limo01,1784115615819270327,1784115874899709993,0,0,259080439666,9,-80.40,-1.60,0xe0b4111b8b1c2428a7a570c7621cf2226249a8b787b0e2a1925c75930185439d5fae1f072eec793d0a7513d62dfc4971cf9eee16,52,868,7,125,4/5,0
HWS-003-BACS,8,46,BACS,limo02,1784115617490960466,1784115794023322053,0,0,176532361587,0,-83.34,3.57,0x746bd6c3d303173e45a3f60e4ff34e8316e8d0a6a37eee1007464f21415d1fc3460d6d6facd1241cb5183274011ad7e3f85d7f8c,52,868,7,125,4/5,0
HWS-003-BACS,8,47,BACS,limo02,1784115622324805485,1784115684103062441,0,0,61778256956,10,-99.71,0.35,0xf640d049199d2bb41325b46f7ff3c0552d113fe1755b85bd26ff8cb45a9ff5b0f06cd245d6ee521ddb59a5a55a85aef8868a30b2,52,868,7,125,4/5,0
HWS-003-BACS,8,48,BACS,limo02,1784115624583159767,1784115722586731975,0,0,98003572208,1,-99.29,10.85,0x261f721046ddf12233faf609a2c6d481217b2aea93414bb56cf109b18b3ee4db7a51f47933223b7234458a70bb5e65854fa6da23,52,868,7,125,4/5,0
HWS-003-BACS,8,49,BACS,limo02,1784115629798094540,1784115830906173709,0,0,201108079169,0,-82.61,5.58,0x8c3812e82bb07964f2d5fb6ee857ee0cd676892ae461b6433bb500b1043f88feade36d299136ac00add55df297c9c101684ce251,52,868,7,125,4/5,0
HWS-003-BACS,8,50,BACS,limo01,1784115630187018387,1784115732414249039,0,0,102227230652,9,-80.94,14.65,0x4d0409f6c04e5d8a22100d083dd98843b91c1e1cd628f86c32374547b4b824dd76d1e226451ca60a49a5ec5978fc58e12278df16,52,868,7,125,4/5,0
HWS-003-BACS,8,51,BACS,limo02,1784115633612978653,1784115865338754956,0,0,231725776303,5,-83.91,4.62,0x319b8d2b2953214ea5540fd861f98a3da8c41289ebc6b96b9874288579424b377afc73082282a206bddedb735b4bda710f79cf67,52,868,7,125,4/5,0
HWS-003-BACS,8,52,BACS,limo02,1784115640360351332,1784115856684004603,0,0,216323653271,4,-84.53,14.34,0x03a30d57afd90526ddc46384fa6cbb93fabd26b0920632dbfe7c357fb160b5d31f581176600e18b28c9375f75b15aa0a7d206ad8,52,868,7,125,4/5,0
HWS-003-BACS,8,53,BACS,limo01,1784115643852418273,1784115758858657473,0,0,115006239200,5,-96.28,4.89,0x22f3d0c1400726196e57f43f21bfc70f0740256566ab4eb174b55a6bbc0a2bc6eb48f84e55d510e6f5e5ded75be765358a1aecd8,52,868,7,125,4/5,0
HWS-003-BACS,8,54,BACS,limo01,1784115646605860079,1784115936026196691,0,0,289420336612,3,-108.92,1.71,0x1d1dad9e269acc3a6835f838e77fb398c57af53a4083f1d7ec732912f9272beae7d97374dbc309fd87b5a51c58f2f13d9f7514c3,52,868,7,125,4/5,0
HWS-003-BACS,8,55,BACS,limo02,1784115647562603121,1784116002187132318,0,0,354624529197,9,-99.09,4.26,0x0f40cd505a434c4036285ed642f418e598dcf3c0d7feacf152c102e887b0d78079438d286a960cda7df7e53375791953ac0d9fcc,52,868,7,125,4/5,0
HWS-003-BACS,8,56,BACS,limo01,1784115652426724698,1784115768581626040,0,0,116154901342,3,-80.33,-0.53,0x3fab136044711cfbb23b71c18774ec8a0b8571615e40206f4aed5f9ad7df0d71db647db929e4775ef6882c23529eb050fa45e3e2,52,868,7,125,4/5,0
HWS-003-BACS,8,57,BACS,limo02,1784115653710949895,1784115758035654787,0,0,104324704892,0,-95.26,3.12,0xb43bfb55042f58c20334aafa559e971f9cf8f4af90dd68d84aec7211ca99691d04429efdf4b0ac4aaaf7f0062eda700a8f8c20d1,52,868,7,125,4/5,0
HWS-003-BACS,8,58,BACS,limo02,1784115658078559749,1784115860459007360,0,0,202380447611,5,-83.01,8.94,0x75363e1e726b6aadfc8d986b93dc3a06e792fc46031a4e5448925a9eba4bb28f491ebdf598658c7b93ce5bbf731109db74ea7d28,52,868,7,125,4/5,0
HWS-003-BACS,8,59,BACS,limo01,1784115660901460461,1784115843796328645,0,0,182894868184,4,-80.54,1.19,0x5eeda65768f4f32b8468037b73c376bc59c30c3bf6142c5d124d501d4bd2cb87ec05920b088ad91078297f434876144f546830de,52,868,7,125,4/5,0
HWS-003-BACS,8,60,BACS,limo02,1784115666961713948,1784115778971165898,0,0,112009451950,9,-93.23,-4.94,0x16c6415ad630023286b51d4379f97caa99032f6c112aca7a2b9bbb10c7ed48fb917859522973e4751e8391973a4d71431ac001d4,52,868,7,125,4/5,0
HWS-003-BACS,8,61,BACS,limo01,1784115670070266899,1784115739492441713,0,0,69422174814,6,-109.41,7.08,0x5ba24c873aab3cda3d139eb968ecc26f5d11747b3d86064b317c9d3aaf3e991d1c06f4252d9620921499d37d246864ae5e5e3b74,52,868,7,125,4/5,0
HWS-003-BACS,8,62,BACS,limo01,1784115672709174328,1784115807819756791,0,0,135110582463,1,-90.20,12.35,0x42284118635ec5288482b4e98bfb72dd9b63e9bb13d3ea2768bc3d5a277d50894ffa244c7bbd5674640deeb21fbef07e138c53e0,52,868,7,125,4/5,0
HWS-003-BACS,8,63,BACS,limo02,1784115675978780771,1784115744737258439,0,0,68758477668,1,-103.85,9.89,0x38caa0e08dcdb7ad857b062293dd9fb1efb9f8840be67b25f8c3144a838beb8252aea1ec6a45d2ef6a0ac8cf9b50fa9a07635830,52,868,7,125,4/5,0
HWS-003-BACS,8,64,BACS,limo02,1784115680703067617,1784115835388760916,1784115835388764391,1784115835555533016,154685693299,0,-102.21,-2.06,0xc3b4f5ccdb73bd29847ee76c6570d09a296c0a3809f7850910514f2d22a7704be6eb3879b021eb316504e398f768908a9567a15d,52,868,7,125,4/5,1
HWS-003-BACS,8,65,BACS,limo01,1784115681496043866,1784115920575934147,0,0,239079890281,1,-80.91,10.33,0x482b103b5f64a712029bf24e4d4240958848782ab2e38f5581765e389ad42e8cd8732c1bf1475534fd0cbd7a39036d9e755f34b9,52,868,7,125,4/5,0
HWS-003-BACS,8,66,BACS,limo02,1784115687059201520,1784115826147879659,0,0,139088678139,10,-103.58,-2.98,0x405d822c9a7948a4d2e32e0c92281687dca7c9ebf909643344a8c811821a7d9ea99d901404f0ff7a4e7a5fb8d7d43706a97832b7,52,868,7,125,4/5,0
HWS-003-BACS,8,67,BACS,limo02,1784115690541261204,1784115905233650311,1784115905233653086,1784115905404197124,214692389107,7,-109.94,-1.32,0x8535a000443959d390d5d31bb727964046d74b933bc14d8c092eddfc114b9eb1c5e72cd1d2e890d1f38ef874b51c3355643590ad,52,868,7,125,4/5,1
HWS-003-BACS,8,68,BACS,limo02,1784115693603333696,1784115857762734247,0,0,164159400551,8,-96.94,7.08,0x5e2b26fae174fd91fe16d3f775d7193c93bae9b89c20b592afd76b62cce39bc32372ae2a97e984798edfe90cb6376ebf9b4700da,52,868,7,125,4/5,0
HWS-003-BACS,8,69,BACS,limo01,1784115697697828898,1784115946284244949,0,0,248586416051,4,-109.55,2.14,0x776ff0a1cc5974e4abe90aadc0bc26b9b50fb760e866dd15efa5c6934c28554872cb12182369bbf561ce15904c724e63318fe369,52,868,7,125,4/5,0
HWS-003-BACS,8,70,BACS,limo02,1784115698384774901,1784115766681275345,0,0,68296500444,6,-90.22,-1.20,0xae2f7326e08d53e5683c1214dffbb0901d1c283a86120915938ff91ae6fda8be91e02f5815aad4397a8b04d979b57754278947e0,52,868,7,125,4/5,0
HWS-003-BACS,8,71,BACS,limo01,1784115703965038754,1784115898283746963,0,0,194318708209,7,-86.20,3.43,0x4bdfdac225561d92649ca330f017610a643f6bc340dc5513c24d4b158de8b07abeda85d870b4631587baeb0344fff7be6e5cd848,52,868,7,125,4/5,0
HWS-003-BACS,8,72,BACS,limo02,1784115706456174379,1784115895067615315,0,0,188611440936,6,-82.48,11.79,0xc7cea50e30918b91303a41f924005ea4311b1c25472a98ad6317de9620ab7559bb89c5633577e3046ea48b37a47f015648f1460d,52,868,7,125,4/5,0
HWS-003-BACS,8,73,BACS,limo02,1784115711878663935,1784115791189489360,0,0,79310825425,1,-92.56,7.81,0x5081936168ef99b4d171c4a2ed244823c45d3228d083eadadc0b86e2cc2ef657bdf08ef9f86dcacc827fb03a92a250670dbaa9fc,52,868,7,125,4/5,0
HWS-003-BACS,8,74,BACS,limo01,1784115713000447336,1784115794033154762,0,0,81032707426,3,-84.32,12.44,0x356b7c6d65a04b03980f0bc5d871c5fadbeadf8509a85d9a4dc97cf1df7ebc959403c57de61a113135fc83161e9836ea3a09f15b,52,868,7,125,4/5,0
HWS-003-BACS,8,75,BACS,limo02,1784115716091782551,1784115925192306112,0,0,209100523561,9,-105.99,7.89,0x32b83c80dcb37b1f5faf236b6913278d49673fdbf553e042c49b27aeb795550ece48bbca0820c76b78491406106751d8dfa81e4e,52,868,7,125,4/5,0
HWS-003-BACS,8,76,BACS,limo02,1784115721741053853,1784115864416683870,0,0,142675630017,8,-104.60,3.88,0xa5d44fda95af6fb94380909ecac06b36b008a832785e7407ce0549fbc4b32b10cf6ecf990c254cf886c767feadd1c1f195601835,52,868,7,125,4/5,0
HWS-003-BACS,8,77,BACS,limo01,1784115722366128792,1784116108655036175,0,0,386288907383,6,-85.53,12.73,0xf11de25de6ca08805b95bf8d5cebb370d3ea204520db00c221d298fd783056d4ae76e3a1c3bd851e5742eb94f3d0a7e815c50805,52,868,7,125,4/5,0
HWS-003-BACS,8,78,BACS,limo01,1784115727044994407,1784116187700868405,0,0,460655873998,3,-80.03,1.02,0x05cab67495b0db9fa14aba8dcee4911e13dc962785e02d1b9b3eb2e91ee59214c3771950f301883d991929a0ce7d44d4f415ed48,52,868,7,125,4/5,0
HWS-003-BACS,8,79,BACS,limo01,1784115728431452693,1784115979380248523,0,0,250948795830,10,-109.99,-3.52,0x4d270184c7b29a65c3a1da34c37747480d1c0ca97d933c14a85b331f9a1d9fb3514706c1ac2331499ea804f4607e27c519641a12,52,868,7,125,4/5,0
HWS-003-BACS,8,80,BACS,limo01,1784115734007652087,1784115876290841041,0,0,142283188954,0,-85.62,-1.66,0xa6b877da9f3384ba0498f4f0a48fcd5c038843ec1e302da7da38744506847ab3b91bce839a015e462bc390f5e24823465b5ded35,52,868,7,125,4/5,0
HWS-003-BACS,8,81,BACS,limo01,1784115735269137199,1784115810265934797,0,0,74996797598,6,-102.67,4.69,0xa6761563881478f6e18e0c245ad863bd92b6949c642674996b938d8d1987747b2598fbd60471d881b3774a37bc1c963aef41f6aa,52,868,7,125,4/5,0
HWS-003-BACS,8,82,BACS,limo02,1784115739334524670,1784115978000837226,0,0,238666312556,3,-109.76,-0.18,0x25b03c82f45931db4898a05b44dbb89a6459484cc2bac3e9b0ba3d11a508749433ac8dd89deb4c830bb48ae306709f29bfbbf566,52,868,7,125,4/5,0
HWS-003-BACS,8,83,BACS,limo02,1784115744472439270,1784116068920699938,0,0,324448260668,10,-88.70,11.42,0xe0c85685bcb63a0bb4b113b2513f864411d4294d55b0ca6aba05211804ee42efd68edaf14ed283d767699ee1e33192d699e39d31,52,868,7,125,4/5,0
HWS-003-BACS,8,84,BACS,limo01,1784115745862545824,1784115870210058974,0,0,124347513150,4,-103.88,9.79,0xd46d993b08fec2389bf04e207d5cabc3f3cf7c1262817e0b1b651d2829f8fdd164808d519629d4cd4f75623b0ac074957d0e0cc1,52,868,7,125,4/5,0
HWS-003-BACS,8,85,BACS,limo02,1784115749985106710,1784115949138559477,0,0,199153452767,9,-104.28,12.66,0x22318414e6a87af198bef3fd86e58ca20a61bd1efdf16b685093ce1b7338a7e2d7e1452ab1ffe02c888d0f29d8653c871ff649d4,52,868,7,125,4/5,0
HWS-003-BACS,8,86,BACS,limo02,1784115755394845505,1784115950724585951,0,0,195329740446,6,-98.38,-2.23,0x24143c9d6e9ea3b8a0ae86de6b0ec66979d486e616ea398bb0b17faf46026be0b68d61c180b12adbde837ca0683fab6aa54341aa,52,868,7,125,4/5,0
HWS-003-BACS,8,87,BACS,limo01,1784115756368336406,1784115863756090182,0,0,107387753776,9,-90.61,5.10,0x7aa0506f35ddbdd3f69f2321911d805f8442ecf0a7fca3e3fdff76b8cb6a9562bd57e8cc175ecee85cb8723695bd9e88cfac0d5c,52,868,7,125,4/5,0
HWS-003-BACS,8,88,BACS,limo02,1784115761796527903,1784116129135209890,0,0,367338681987,3,-100.45,-1.23,0x84f1af1ad57f70d88d0160d3da9ebe158bc2b45761400f63ebcaac64ba2c6f5a29e010ea6854f03164c6965988508d24fd2f5a6a,52,868,7,125,4/5,0
HWS-003-BACS,8,89,BACS,limo01,1784115763965410503,1784115866861592731,0,0,102896182228,5,-80.70,1.35,0x0a8509f87dd069b931dace106900ca897e82e3f9b1f9f04139aca80f60ac22e8c108975bb90f15b4e3c893c3df4489ad8f9b04e6,52,868,7,125,4/5,0
HWS-003-BACS,8,90,BACS,limo01,1784115767484766591,1784116094241724148,0,0,326756957557,10,-90.22,11.44,0x02ffe57df7cdc788cbe08048d4795ec1f5fddec24b0cc7811406e8b6dddd96a685347f69fd61aa55dd711d6109c19f91cb978de4,52,868,7,125,4/5,0
HWS-003-BACS,8,91,BACS,limo01,1784115770413508546,1784116302256431537,0,0,531842922991,7,-107.81,4.97,0xbca47b838b1e44bf91b07312ecc40ec2db71369cb81b5eb35a6ee6c08739f7534ecd333951b071b5acc778c75756f56ac288e5c6,52,868,7,125,4/5,0
HWS-003-BACS,8,92,BACS,limo02,1784115773350292781,1784115961479306408,0,0,188129013627,8,-109.44,-1.74,0x1793f17b65a92f0e541445da8de3dcaf6a353b1e3dae90feaed1d698a01503a180f8e0324184223fdc6347f912dd4817f27d1d29,52,868,7,125,4/5,0
HWS-003-BACS,8,93,BACS,limo01,1784115778425222919,1784116025760395430,0,0,247335172511,8,-96.02,11.71,0x44ad0e74a2e548fb42787bd8bbaf49396a05340b0f288200d9fe121e9e429c5b915ac5888d19b7744595bab634d52b6c656242d5,52,868,7,125,4/5,0
HWS-003-BACS,8,94,BACS,limo01,1784115782885780946,1784115839535860310,0,0,56650079364,0,-109.10,7.85,0x79a9026f47cf68ba595ae8522090b1514ea4392e6c2e0f8467d5874d242fe63a9a53e7d4b4cafb71fec83b86f03864fbf8fcc648,52,868,7,125,4/5,0
HWS-003-BACS,8,95,BACS,limo01,1784115784688501232,1784115882347119554,0,0,97658618322,6,-101.67,1.81,0x5b99b6390efa470794e0f8243261b8584767bd8286c0220cccc803386566b250ead255528bb34865a7fc9beb88732e28b5b9fc06,52,868,7,125,4/5,0
HWS-003-BACS,8,96,BACS,limo01,1784115789296189826,1784115911158837038,0,0,121862647212,2,-100.98,0.64,0x58aca8eb27b47698a0f11526c44334f2e3a2e819a705f115da74edbc52717a738985104a17ce0cb3c73df34652ba34efd21a7aa5,52,868,7,125,4/5,0
HWS-003-BACS,8,97,BACS,limo01,1784115793048968459,1784115894255841103,0,0,101206872644,8,-108.17,9.66,0x344353623d3878a36fc8c14ab4b80681d89c12df8eb184309cf89434f59c2d39cc772ddadef0e376961aa840e811f5c60a765156,52,868,7,125,4/5,0
HWS-003-BACS,8,98,BACS,limo01,1784115793275849871,1784115902368531588,1784115902368535219,1784115902538447338,109092681717,0,-106.87,12.78,0x95ea3a9aac87a9b3f8c709d82b6c0f0ba0d83d9f0267df3f6900385102bf7b8219873e6555ccfa4ac5ae31ea184a91ceb81019fb,52,868,7,125,4/5,1
HWS-003-BACS,8,99,BACS,limo02,1784115796475815349,1784116085929442969,0,0,289453627620,9,-87.97,-3.11,0xa2bf4a950e97a134e0b2f19a684d13d85de2db5711f2df5ed8294e73f97aa73c695b9fa18594e443c6fb567f3be5a42fc8bcea47,52,868,7,125,4/5,0
HWS-003-BACS,8,100,BACS,limo02,1784115803017664361,1784115984104766035,0,0,181087101674,10,-103.00,11.35,0xce380282808838c8e8242539165e94a0009d187c29c072300a3d9b90df746aa6c52e291ebd809b2d4eaca7017b5d5ee749002f16,52,868,7,125,4/5,0
HWS-003-BACS,8,101,BACS,limo02,1784115806265146757,1784115919281420755,0,0,113016273998,4,-106.12,7.69,0xa6c256e2275122e1a37cd1ef669b4b4cb510784624226533f41a1ba3fe43ae912ff055a3e863f3160ef0102168ab2430fc8025e2,52,868,7,125,4/5,0
HWS-003-BACS,8,102,BACS,limo02,1784115809212789767,1784115928659661694,0,0,119446871927,8,-102.28,0.37,0xdf518563164081a55496146beddd565c3fcaabb948e1d5bf5f3240b3a5685963f7a2ca7e79a95264f9e80bf3fb48eb21452d6425,52,868,7,125,4/5,0
HWS-003-BACS,8,103,BACS,limo02,1784115813212776546,1784116073288127751,0,0,260075351205,8,-101.31,5.54,0x669ace6331624826e7149e594564cfb6142a723e979556a4ba323b9e53ddff27d73b06e11d7d9fe268ba43b3a10136bff4fc7869,52,868,7,125,4/5,0
HWS-003-BACS,8,104,BACS,limo02,1784115813590550999,1784115962237712531,0,0,148647161532,5,-104.00,8.84,0xac6a02395a1cfe437402a70ec43938f94f2b1072f42d22042e56c4ceb698a056734cda944b3379db82b268e7020b556332ae474a,52,868,7,125,4/5,0
HWS-003-BACS,8,105,BACS,limo02,1784115818778279203,1784115954038388773,0,0,135260109570,7,-98.75,4.24,0x539aa363c15604fe527ea2212b4ffb3a72769e69af65498f415ebdc43daef5ef9ad9c0abb53c55290330ff74abce3a3bd5a00e87,52,868,7,125,4/5,0
HWS-003-BACS,8,106,BACS,limo02,1784115820659417989,1784115992737389349,0,0,172077971360,10,-93.36,11.71,0xa6ea9bcdd06e160c9232bae0ca2b6276929c828a4007e9565009b273fbf4917e8fbb671a22874fdd64f259310b8615d68bc1e123,52,868,7,125,4/5,0
HWS-003-BACS,8,107,BACS,limo02,1784115825631828298,1784115918637219074,0,0,93005390776,9,-91.92,3.01,0x6e996c4f9291a8863e8a3d6e81342a580d44110d6b9fa3bd3098fadecbf4a7ed673805bd492763054a4190c3d324cf8f5095ed7a,52,868,7,125,4/5,0
HWS-003-BACS,8,108,BACS,limo01,1784115827382834711,1784115943565452403,0,0,116182617692,2,-101.39,2.81,0xd195a3bdcc64bb2217a82d17d2a82768f8952d252c7c0fa8acb217c45888db4bef1ea4abc5028fd77adfb4ab0be8dded27ef24cd,52,868,7,125,4/5,0
HWS-003-BACS,8,109,BACS,limo02,1784115834083628271,1784115918783028688,0,0,84699400417,4,-89.11,-1.29,0x60d69d47ca77068e31628f4e8e1ccacba560da77eee59890b9f21efc6713808c1dd070680300c40cf34649cedb48a50fe93eff0e,52,868,7,125,4/5,0
HWS-003-BACS,8,110,BACS,limo01,1784115836632559692,1784116017681294105,0,0,181048734413,0,-107.48,13.54,0xdd14ee82256aacb2f26482ae6cd794565206258c3a0028cc9537839024f24ae0b744c9b5bfb68044a5520ac91a07e8ad3fc50bf4,52,868,7,125,4/5,0
HWS-003-BACS,8,111,BACS,limo01,1784115840584162336,1784116115295120797,0,0,274710958461,0,-83.28,-1.74,0xd9381fcde04348c628bdebedb6f63e5f10c314c770fe720dbbe0387c988f9285bbe4e32d16f0f89c6710b9bd4eaa846b2e091297,52,868,7,125,4/5,0
HWS-003-BACS,8,112,BACS,limo01,1784115841599068625,1784115938359635751,0,0,96760567126,3,-106.68,6.84,0x4db9f6079c283b73dab1503249f11c2195981e0731c86f04ebbab41a80e712a0a2b37479f891db98265bd0a04cfbf4ec827f997e,52,868,7,125,4/5,0
HWS-003-BACS,8,113,BACS,limo02,1784115847038664916,1784116011340459494,0,0,164301794578,0,-82.83,6.69,0x2bd36e537d0a96cb16aae84a350fb00e860d47c1494407701c7ff0ec4d6fb77240cfaf2bd252c52fe11ee2762137457a406b4c9a,52,868,7,125,4/5,0
HWS-003-BACS,8,114,BACS,limo02,1784115847834248952,1784116042617358346,1784116042617362717,1784116042787317211,194783109394,8,-94.73,-4.62,0x87cae47e08e96fc4877f6e30f43c207abb90d23cc48c9faf6a056d4631cfbd03109493e43b128cc48f3f0cab01e2c43927ac5df3,52,868,7,125,4/5,1
HWS-003-BACS,8,115,BACS,limo01,1784115854238277178,1784116097457366347,0,0,243219089169,2,-83.17,2.16,0x18c443e719430ded25e89a27c6114f2dff1e9351228a038de24a1702ee211f1f3aaaa949ef390fc5c9805a0984f7b28a82bb87fd,52,868,7,125,4/5,0
HWS-003-BACS,8,116,BACS,limo02,1784115856467623359,1784115991891926471,0,0,135424303112,7,-87.32,11.00,0x67f8626d6cc3ae8361be0fe47c888c5d5b57156ae5b251787b8e8758f91c324c8a19bca65af3f7aee98d24e64292df947bc1aa73,52,868,7,125,4/5,0
HWS-003-BACS,8,117,BACS,limo01,1784115857501947681,1784116007030184502,0,0,149528236821,3,-81.98,9.76,0x377226954b9eb8c91bdd813fa3f7dd93df517b262f1ee2e88d495ab63e8c79bc5c159ddeb26cab200b22045fd7e26bbe8736c304,52,868,7,125,4/5,0
HWS-003-BACS,8,118,BACS,limo02,1784115863130935457,1784115956211309997,0,0,93080374540,4,-108.82,5.28,0xe7287ea342bf742dc48eb9c9221fa17101a34b464776272dcf32fdf92f23bd87014c3ba1f552fbf492b4a03e1e3fab4762190039,52,868,7,125,4/5,0
HWS-003-BACS,8,119,BACS,limo02,1784115867708548785,1784116005567738574,0,0,137859189789,0,-102.74,-2.14,0xe98dc82412b72f92c99706c94e0d67abff4b17915950e97aa5f430df1b8825fab831e1a26332b9a446fd00694fab9f52257bfcbf,52,868,7,125,4/5,0
HWS-003-BACS,8,120,BACS,limo01,1784115869210383260,1784116087999701169,0,0,218789317909,0,-83.37,2.36,0x549cf1c82cbc812a40891c62f11771e790e62cafdc1b95212deda510ba5f66c827f07b0ea0a46bed30ec5772a5f5499b02ec4542,52,868,7,125,4/5,0
HWS-003-BACS,8,121,BACS,limo01,1784115873892140441,1784116036216612288,0,0,162324471847,1,-87.30,4.00,0x94b9f4d0c6e75e5f47255c253403661c1bcb2d4bbe641e8586af0e6a6e1dd82e4d5031f51c0cfe346784d14d13863c1c3b459b89,52,868,7,125,4/5,0
HWS-003-BACS,8,122,BACS,limo01,1784115875125002274,1784116053893922351,0,0,178768920077,2,-98.66,13.01,0xde68e86e6d66f16f6655d4e0ed5e6c8b15f9cac30c9f6dabd66eb4f6e58d6a42116024123576ec2261974bcdd1aa522167279c23,52,868,7,125,4/5,0
HWS-003-BACS,8,123,BACS,limo02,1784115878757160835,1784116225430811223,0,0,346673650388,6,-80.88,4.94,0x37af6628a893f2ea37af434ca8879465aaa3e9d7766b8537a4b699ae0549a32acc49577b9993a19166232daff77c00f61e3a93ba,52,868,7,125,4/5,0
HWS-003-BACS,8,124,BACS,limo01,1784115881491447071,1784116056442324110,1784116056442326396,1784116056614831861,174950877039,0,-99.10,14.93,0x4874b75e5adc928c5258838ee67ff3c09ab8e33fb88442435ca6f36c3a7b5719d963e0f62ec752ccf116ec8f3c4a74202cfb65a5,52,868,7,125,4/5,1
HWS-003-BACS,8,125,BACS,limo01,1784115886980814169,1784115968108718000,0,0,81127903831,5,-100.37,9.07,0x84147d0bfbba324847d4a0d94ae52165de48011ed642f69054f74bc1138d3c3737f9ad5194c087b2974eecc99b5743fc53ae720a,52,868,7,125,4/5,0
HWS-003-BACS,8,126,BACS,limo01,1784115889086221143,1784116025505128268,0,0,136418907125,4,-85.51,-2.32,0xf2d30b26e445011a4a1ccf2794cd8d1df965284c42ec1532f845e5d6fed40d2c103b8b2b3094a793fbf29de5b788d016d456b4b2,52,868,7,125,4/5,0
HWS-003-BACS,8,127,BACS,limo02,1784115891518393614,1784115968977157936,0,0,77458764322,5,-83.35,3.55,0x4f0debf467c3d95d8a4e3ccf881f2d1824c93a93c86cfd67e588d72711a2c1a853736bc5e14bbddb068108e86a0e491773e79d18,52,868,7,125,4/5,0
HWS-003-BACS,8,128,BACS,limo02,1784115894745309093,1784116103483073094,0,0,208737764001,1,-105.74,-1.97,0x77781dd172ec50931c831cbdab62b221a8f58783d692aac3e7c51d2c760f097b6fc98f5da0353f57c05ae21a87fd24d2792a62dc,52,868,7,125,4/5,0
HWS-003-BACS,8,129,BACS,limo02,1784115900868696909,1784116015063990879,0,0,114195293970,0,-97.31,0.85,0x975e172389f16e1825233652838c3a40c3e726840087c3498586a9510c6db42c2f76a270182d6e374e7c4b17b0b334172a089fa9,52,868,7,125,4/5,0
HWS-003-BACS,8,130,BACS,limo01,1784115903492512029,1784116046486074748,0,0,142993562719,7,-102.17,-3.98,0x669a3e3112e6b58c7b4e7cbccf90ab2baed877baa91c30ff35533e0efa86519c9ec47e8e57d56056b6c2b739dbb27da069f58311,52,868,7,125,4/5,0
HWS-003-BACS,8,131,BACS,limo02,1784115908529899222,1784116143757611879,0,0,235227712657,9,-95.57,13.59,0xa0ec6974853eab9c3d0ee10771c8a65a3d1735e3913438a41d26384477da3e1a1b8fcf4f3a2aeab9d01504748aff98253f8fdee5,52,868,7,125,4/5,0
HWS-003-BACS,8,132,BACS,limo02,1784115912084228486,1784116151750316900,0,0,239666088414,6,-102.80,9.06,0xa256d09d5ba71a715241fadec17da04cd68e5cc2091fac9c410555ae69ae28df4cf5d8bcaed63b02348070d58ee60f45cc69bbf2,52,868,7,125,4/5,0
HWS-003-BACS,8,133,BACS,limo02,1784115912731377731,1784116156156508783,0,0,243425131052,6,-88.28,4.13,0x0722981cf85d3c0c8dd387d0010c2fef6fe777cff3adbbe76c5e59bf2bd84eda9a7b6f44e7b915c16707915ec8ef34287af76f17,52,868,7,125,4/5,0
HWS-003-BACS,8,134,BACS,limo02,1784115916847995418,1784116024036289482,0,0,107188294064,3,-99.33,14.46,0x12fc256e05964c0e3abfe5de136f01b62905f79ed6ad91c4dc8255f3162cdbb7f93c3c26e1caf5c68f22323662049471923bd31c,52,868,7,125,4/5,0
HWS-003-BACS,8,135,BACS,limo02,1784115922205078494,1784116087364655611,0,0,165159577117,1,-91.94,-3.82,0x8f5bb6a44b9005d17dbf2dc928922f277b7356fe6e8300244bc49ba01bb56d5778473656aaa4d6843d7e8e22a7bad8649343dedd,52,868,7,125,4/5,0
HWS-003-BACS,8,136,BACS,limo01,1784115925581104646,1784116196571103205,1784116196571106982,1784116196742379381,270989998559,7,-86.85,3.85,0xad1b4e219562b4155930ec950ff0e2387d082964258f259863b25aefc018c5f678592d460c130a561cc5c276dd9e0af03e7da50c,52,868,7,125,4/5,1
HWS-003-BACS,8,137,BACS,limo01,1784115927229231086,1784116104664412118,0,0,177435181032,3,-103.10,1.42,0xddee031458d5f70da812cd852549d200ffcc6fa2f93cd5642a0c3a98aff3e582cc0e264c7e1161852d1f3b1d0b18c98a24e332bc,52,868,7,125,4/5,0
HWS-003-BACS,8,138,BACS,limo01,1784115931651516809,1784116020055961284,0,0,88404444475,2,-97.76,4.29,0x9bf7aeddaabd973d8f3d728e6aa45c5fd0508bc2a113e45be2f0976ef84a0cdac8651360f938d7b00534c51e587c320180767075,52,868,7,125,4/5,0
HWS-003-BACS,8,139,BACS,limo02,1784115933683211576,1784116115082002124,0,0,181398790548,0,-101.99,-4.94,0x2ef2d23518c5a955fd015d7a0223d0614879a3a0698fc0cb72dc85c2bbca8fa02d1b69d4773e7904b06d1258f032192f08c573bd,52,868,7,125,4/5,0
HWS-003-BACS,8,140,BACS,limo02,1784115937230968949,1784116150690927802,0,0,213459958853,2,-92.49,14.45,0x35762bc42f63b756cd2974c1403f10ff3f742435e8d96f91053294c69035b99e026dd00f546fa91c9b0181927a6164c22a130abb,52,868,7,125,4/5,0
HWS-003-BACS,8,141,BACS,limo01,1784115942797032205,1784116036872058050,0,0,94075025845,7,-83.85,5.99,0x95bda715492e9336ca1dfa92bfdaf09b822f4f2a57252aa1e4c7a3781a128ca2ceab74ed6dc429b7aa3d9603cad51be68351d830,52,868,7,125,4/5,0
HWS-003-BACS,8,142,BACS,limo02,1784115944062374443,1784116054265390509,0,0,110203016066,3,-85.87,6.19,0xec9ac5d45c387cca1a290809897e9b2806864afbc12874239deec8f874a54e2e61862500c1168e9d9c464be384212e1b856c0c8f,52,868,7,125,4/5,0
HWS-003-BACS,8,143,BACS,limo01,1784115945992989660,1784116083523367769,0,0,137530378109,5,-85.28,5.88,0xe8ea49dd9ae4aacd1d3dcf4fd1b16bdd4553436dac449702667c9ec16dac9f523d9850241b40b36fb9ab2a728ab17e68a8bc1876,52,868,7,125,4/5,0
HWS-003-BACS,8,144,BACS,limo01,1784115952553359037,1784116173216078877,0,0,220662719840,2,-101.41,4.24,0xfcc446ce6419c932482c06914f1e508dab9aada1e69b7052cf10ee4785bffd4ea1b2cc724335d26853fbf5dad40829122c1470f3,52,868,7,125,4/5,0
HWS-003-BACS,8,145,BACS,limo02,1784115954429174848,1784116174217557764,0,0,219788382916,4,-94.00,5.66,0x263455ad97f7657b1bc666505f57f30922dc2b044d3f8edc98e2ca1a81c2d9834549fd66943bfc8bd7aaf3b996851e6a1f975c5b,52,868,7,125,4/5,0
HWS-003-BACS,8,146,BACS,limo02,1784115959312466480,1784116050636898620,0,0,91324432140,2,-103.68,5.28,0x9690c29ff20d42ff281950ae8792266139296f94ff5c78c6a8f6b77c8907b9eeac5ee234d0ca970a66404ff9ec438d0013ab3bf7,52,868,7,125,4/5,0
HWS-003-BACS,8,147,BACS,limo02,1784115960523344258,1784116298300620979,0,0,337777276721,3,-93.87,5.33,0x3cab17ed39f6b3fea10619fc0dd1fabb06d7502b15acd7a5218ac353543cb313903ee193aa64b627f5481a94a191ecc3567e0758,52,868,7,125,4/5,0
HWS-003-BACS,8,148,BACS,limo01,1784115962873496478,1784116072881207382,0,0,110007710904,1,-84.34,-4.02,0xaf57a268721a632a8f80e805d5ded7bca2117dfcdff73f94109075362d68aeb7ec9a887bec719ebbe39c85939378d6df3c971227,52,868,7,125,4/5,0
HWS-003-BACS,8,149,BACS,limo01,1784115969545566281,1784116119161628762,0,0,149616062481,6,-88.28,-4.64,0xba6abbd2f3bd136a0fdaa60ad03665667b8c9f6ef65e648ef658e56b62a026bde65ff96b25c33e7974ce91892f4bb7abed349b51,52,868,7,125,4/5,0
HWS-003-BACS,8,150,BACS,limo02,1784115971162813581,1784116203128615985,0,0,231965802404,8,-105.66,14.93,0x6d73dd58d48d83cb6a1668ec57a03b3617b96fb1a4c2915ed091330cf25a171b38dde7aafc7cf09634859280700920f47e0847c4,52,868,7,125,4/5,0
HWS-003-BACS,8,151,BACS,limo01,1784115973414897042,1784116085967869152,0,0,112552972110,8,-101.02,14.72,0xadf53ae0a7f6dd833a84d2c7c33c50f02b485a2489fd4547518bea4658f86b1f3fecda65336c5bdd3791b28fa241e4eb80062cd1,52,868,7,125,4/5,0
HWS-003-BACS,8,152,BACS,limo01,1784115977356378513,1784116081328742331,1784116081328743454,1784116081500742884,103972363818,10,-99.89,13.94,0xe8c66c254d40ada309f35047c274d6ef1bb2fd44f1f3d4985de5a4c30e9d8ce026216539167fe71543f0787b2b78140e5cd3d4c2,52,868,7,125,4/5,1
HWS-003-BACS,8,153,BACS,limo02,1784115981782986911,1784116139130425239,0,0,157347438328,0,-107.25,10.83,0xe6d64773eedec1bcb42cd61b8d06382e15b38d37cca18619107d1721f0efdfac91ee14384d91e85c83c526069e1f495c1af1b28f,52,868,7,125,4/5,0
HWS-003-BACS,8,154,BACS,limo02,1784115983989612809,1784116050612362230,0,0,66622749421,6,-105.04,4.96,0xd6dee235c1c1111cd431e994569411ad9b279abeda3b9fdaea25995340149b98d05d4a33522df202484a8c968c881c03b8f8dcb5,52,868,7,125,4/5,0
HWS-003-BACS,8,155,BACS,limo02,1784115986769619486,1784116243780469798,0,0,257010850312,7,-92.25,12.03,0xb6361854a2e40739f109365573d1d778280664783451016c88045e75eda45e2b9f25f41443b8debb2be8266dfa98697485536ad1,52,868,7,125,4/5,0
HWS-003-BACS,8,156,BACS,limo01,1784115991411484942,1784116167136309358,0,0,175724824416,10,-108.61,2.88,0xf30464f8d449f15b686c12624ef7b6ed47aded9006ab1c054ac315f005b1aa4ed35bb4c16682b6007381f5657c33f6aa39a1f082,52,868,7,125,4/5,0
HWS-003-BACS,8,157,BACS,limo01,1784115993301789320,1784116161277440193,0,0,167975650873,5,-107.03,5.34,0xb5507592db4487faaee1f12f4dceec691e9e6c297e286a48b030e2c5c4bf6dfeb4f7e79617d33909efaf934e2d77fc668b64ff32,52,868,7,125,4/5,0
HWS-003-BACS,8,158,BACS,limo02,1784115997832344614,1784116048315842079,0,0,50483497465,10,-89.60,3.20,0x89111b8718bfe2d635f7b4a7b09f3f124d04e92d7d5df281a668894f21c40872b48bf14bd918dab24fce03aa35e80c0222fd7268,52,868,7,125,4/5,0
HWS-003-BACS,8,159,BACS,limo01,1784116000021922275,1784116223320934861,0,0,223299012586,2,-100.71,2.24,0x7f5b326e420b72f6c2c817b54af9db1c9eacbe36e1b7a57af57b0a2914c5c8ad2695358e2a349dabb5c65d3f144d2ed1295284fd,52,868,7,125,4/5,0
HWS-003-BACS,8,160,BACS,limo01,1784116005049315674,1784116075864697515,0,0,70815381841,2,-108.98,7.19,0x0f81ef1699467b9860874f85ded66d6fe054bfa9dd5ff4caf9c2a0ac4c9f48fc7c5ff7ce4a7bad3e56b868027e3287d2fcf20089,52,868,7,125,4/5,0
HWS-003-BACS,8,161,BACS,limo01,1784116008423549577,1784116196276360303,1784116196276364014,1784116196449786394,187852810726,5,-96.84,13.16,0xcd7ea1f644b2b57e7ec33f0083a5bd593c7e7d91032a35c2ce6523dcd44db50d17042da67d171ce120059099ee0e31e87a18194f,52,868,7,125,4/5,1
HWS-003-BACS,8,162,BACS,limo01,1784116014135675409,1784116387564453395,0,0,373428777986,0,-100.38,5.20,0xb5be742f189e165b822b401ab9305423a7b05fa693cd29c45daf48499ca10769a9282e0b63fef2e70b3db2d8eba9a1810d5d84ca,52,868,7,125,4/5,0
HWS-003-BACS,8,163,BACS,limo02,1784116014214783003,1784116140587944243,0,0,126373161240,0,-89.53,-1.99,0x4d31f9eb50f576e9419304275d30ed6423234baf7ded1f6de2bbc3549aec2f5c8a110a6dd7343f91bb87e315a47f0c26d203b080,52,868,7,125,4/5,0
HWS-003-BACS,8,164,BACS,limo01,1784116019396792972,1784116123553332503,0,0,104156539531,10,-108.48,9.66,0xe491a5257179a31222b8bfbb683aab1c04b1555aaeac4e2920d8e2bb655ceafe6519cc80ea9ef04a5d68793c5d9192b53ef0ec41,52,868,7,125,4/5,0
HWS-003-BACS,8,165,BACS,limo02,1784116022383211004,1784116206786431059,0,0,184403220055,10,-85.69,-1.97,0x26a7d4a7f1d2821be16778bc674af805b6b0bec60f1e0ce58e30e558da6a9da7e6d5213bfca7f94ed2adcf7a536e0e46f27fd401,52,868,7,125,4/5,0
HWS-003-BACS,8,166,BACS,limo01,1784116023908124270,1784116163063485319,0,0,139155361049,8,-103.14,-4.96,0xa3bd0ec3b21ed0091e60ad2b4e95cac417f68c9016810ac4441adb40fe94b009b45fe4256cda98a0d9985b6de6343ef56304a847,52,868,7,125,4/5,0
HWS-003-BACS,8,167,BACS,limo01,1784116029013103612,1784116142550417415,0,0,113537313803,1,-90.25,8.64,0x097f051e71a81329b716294a2266e4d5fb91b882fe3b00125649050decab383ece598a14cc0d4623aa6f9d4ffbc4311c42110d99,52,868,7,125,4/5,0
HWS-003-BACS,8,168,BACS,limo02,1784116032715624454,1784116124080862283,0,0,91365237829,10,-97.94,1.50,0x15a8cff37b493f327c465c83abfd0bd26f0067c377ffb436bbdebd7574de9155ee510518e18f643884bb11c879b999063f38e686,52,868,7,125,4/5,0
HWS-003-BACS,8,169,BACS,limo01,1784116036305937725,1784116173671182707,1784116173671186864,1784116173845608111,137365244982,7,-107.72,4.01,0x702a3641fc80511915da0ac65feaf2293cbf5c10a68be23fde427196e41a6990a5dc147ba86a637e36550c9b55ab33041935bc8a,52,868,7,125,4/5,1
HWS-003-BACS,8,170,BACS,limo01,1784116040772813785,1784116239964527305,0,0,199191713520,0,-95.88,9.61,0x2ee55d9cd1907a7c2d60bab437944483ac2316fb9d1b5a6b3a957da76a541064c7df616ceb2d535255fbbcd53212e0a6aab1fe1f,52,868,7,125,4/5,0
HWS-003-BACS,8,171,BACS,limo02,1784116042484473397,1784116190325330985,0,0,147840857588,3,-85.20,3.20,0x37878a8a65b14a6d1421edf42ddc317cfbbf4dcbae645657f048f2270fb4e2ef9c564b4e6921607f0bb3712c60c6dc4292418661,52,868,7,125,4/5,0
HWS-003-BACS,8,172,BACS,limo01,1784116044435727956,1784116169916218527,0,0,125480490571,3,-108.52,7.13,0x33d712e71a120c0300321b9c7f244be4865ec2dd8d2fdd90da87156e7e7997c0524c5219c7887d05b72fcd1e062e0713fcb18b54,52,868,7,125,4/5,0
HWS-003-BACS,8,173,BACS,limo02,1784116048177470509,1784116203083202469,0,0,154905731960,2,-107.89,6.02,0x8575b9dc86ba42eb9c05c7a6e5ba741b36eed8c1d024bc5ea42ebeb836767d596e47a1bae1de761d2961b283413f4d5461c63b95,52,868,7,125,4/5,0
HWS-003-BACS,8,174,BACS,limo02,1784116054045752587,1784116266678165809,0,0,212632413222,5,-83.51,11.86,0xe89f992939195f1675b4e8d61e19b9f75e247f259d8eb6be7d00fa79100ab17e864628dfdb080da28a0fdd96d6cfc8236b67d487,52,868,7,125,4/5,0
HWS-003-BACS,8,175,BACS,limo01,1784116054687386434,1784116242752266398,0,0,188064879964,4,-89.74,-0.18,0x67fb47ea0f1fd855415d2c7b96e769a388f922f55dbed958bff1a5340953baa425f6f47a2385e00b6c65d4bc14be3a6f9133f40e,52,868,7,125,4/5,0
HWS-003-BACS,8,176,BACS,limo02,1784116061085015145,1784116315058178372,0,0,253973163227,2,-84.96,14.34,0x481c38815160a3b98d2f18b4cab00be67999d4e118e5409601f0cbced305d10b48fdf80f1c117b787bc4e8fa2578ebd90cc2bad7,52,868,7,125,4/5,0
HWS-003-BACS,8,177,BACS,limo01,1784116061633160082,1784116387249321278,0,0,325616161196,9,-104.23,14.14,0x0cd09f7b0b8b01ee8b6c7f9b8c070f87ffae1aee09a90470c4d957f3a5790d2aeaa1eb5fda0f5ffaf8d43987691065895d0f8aba,52,868,7,125,4/5,0
HWS-003-BACS,8,178,BACS,limo02,1784116065028997853,1784116230650587742,0,0,165621589889,10,-107.02,11.72,0x235d46a8820a104746b07ef377cfd3dfe37da97ff8d64936e4c50f45021ffedf42ef602e3746f5807a63c156ee63f4143f4e951b,52,868,7,125,4/5,0
HWS-003-BACS,8,179,BACS,limo02,1784116067996873715,1784116167255456137,0,0,99258582422,7,-85.58,-0.92,0x9c7545b77272256ad156877ed33ed7e4beddf10bee25ef45a9437c058ef6935c67d8e25972515e8a0c73a33b085ed52711cdb433,52,868,7,125,4/5,0
HWS-003-BACS,8,180,BACS,limo02,1784116075098482121,1784116229915309903,0,0,154816827782,7,-106.11,2.46,0xeaab1c6b88a726b09501c10ad21e4778c89f8bf6f08cde2e67c8c0c9e03c60782ffeae9d7c14615b2dbc3769e10ff4ffa0bdd10b,52,868,7,125,4/5,0
HWS-003-BACS,8,181,BACS,limo02,1784116075509170657,1784116347116726973,1784116347116729967,1784116347285594506,271607556316,2,-87.95,2.88,0xa7fd30d2b061ed81036b1d074953650fbb404cb3ebb7e6f0cd5af4833a6545aa7d5f11741dee06c5d0bd695441d94498b1c85604,52,868,7,125,4/5,1
HWS-003-BACS,8,182,BACS,limo02,1784116081097190340,1784116140098780727,1784116140098782878,1784116140271271322,59001590387,3,-108.00,1.03,0x539e074ece8e4248644d37f830a16f781ceed854e3017dc4f7a8471deff26b152fa30c12e3f3f7b665489eca0777012b50a79e69,52,868,7,125,4/5,1
HWS-003-BACS,8,183,BACS,limo01,1784116082155476906,1784116268137739470,0,0,185982262564,3,-84.88,9.56,0x08d1651448a24a10d71231f39ed036a59c34a5b0188ec45ce2322e3cf71b80a7a746e65ef946f9b4815dea0924ab1892d1b13fe4,52,868,7,125,4/5,0
HWS-003-BACS,8,184,BACS,limo01,1784116085987725637,1784116209206143394,0,0,123218417757,10,-100.87,-0.64,0x8420ced288ef8e66b4871b8b5e5b2fdc856579992d9490b8b0497abf82da87a36106e18de2f5d489c825a61f4dee97e8273d16e7,52,868,7,125,4/5,0
HWS-003-BACS,8,185,BACS,limo01,1784116090379826786,1784116337459281430,0,0,247079454644,0,-92.63,3.62,0xc795060b7c25b0370f842a1c68bc822512039cb8a90a2b476e5f99e9684e44da6506e23224c329938ffe190008848a02fc351dfc,52,868,7,125,4/5,0
HWS-003-BACS,8,186,BACS,limo02,1784116094523679045,1784116344848303794,0,0,250324624749,9,-92.10,11.72,0x7b965291b927b8ad91534e87f3979a0e6ac2c3cd37a5e969463df596eb78fb51b68ab6189ff46e087879fefd261a4a8e40c50208,52,868,7,125,4/5,0
HWS-003-BACS,8,187,BACS,limo01,1784116098745867478,1784116298263483596,0,0,199517616118,1,-92.99,6.86,0xa0e9e48faeac1cbf958f00fb94259ae0d588f62291c7e5f26466a242b70aee98c2521309fbd07f098f66587486117ca30f82b735,52,868,7,125,4/5,0
HWS-003-BACS,8,188,BACS,limo02,1784116100405845438,1784116242848628195,1784116242848630654,1784116243017253664,142442782757,9,-100.59,12.16,0xf95762b0cc3dabbadd71a1c782b80f2946b4d8d5139f08bcb72da50714fe96b549a3e2c457bfa742b0850d05783b4cf6ec03361b,52,868,7,125,4/5,1
HWS-003-BACS,8,189,BACS,limo02,1784116104517035168,1784116377615783051,0,0,273098747883,7,-101.55,9.83,0x5161aee4894d9e3d2312b1fa6e3190afb2332ba2f648416a7f307d0fe783a663c69ff5b4736adeafd1072dd3d5d5d4aa6623e18c,52,868,7,125,4/5,0
HWS-003-BACS,8,190,BACS,limo01,1784116106489315236,1784116214657360597,0,0,108168045361,7,-102.22,13.85,0x68f7b9807cdf10816aa7ff22c13b33bbbb64f3bf2d9b6aadd1311d7ea67cf6f9609c094d0a93a8359d0fad4733889950dd519e06,52,868,7,125,4/5,0
HWS-003-BACS,8,191,BACS,limo01,1784116109105919117,1784116212783879636,0,0,103677960519,6,-94.98,8.51,0xe0b5c60405f980b355b39c57621f475b0720f6fe20cf9027527d756fe4a4c43a1b47cae0f41feb8a1e0b64527a6fb3050ab1adfe,52,868,7,125,4/5,0
HWS-003-BACS,8,192,BACS,limo01,1784116115338711227,1784116339882411681,0,0,224543700454,2,-99.02,12.74,0xeea91b3a8183fd41635dfee29e82bee068b89e7a21506818348efbc9daacdd90007ad158d1409a77ba9616c863c8a4fe9f46ba03,52,868,7,125,4/5,0
HWS-003-BACS,8,193,BACS,limo02,1784116118152474035,1784116282412086059,0,0,164259612024,10,-105.97,12.96,0x0580015846adfde4cc6ef138a158c9f5f46c84bf980e4212acc578242cd65315550b3a0f5545d294d68a8ef16291c9b494c02ae5,52,868,7,125,4/5,0
HWS-003-BACS,8,194,BACS,limo02,1784116121111561304,1784116370520617324,0,0,249409056020,10,-92.49,-3.52,0xb7e8c585f06b912665589e0a0c81187fabc344b545048ed3eb9e973c50b4bbb06323b6c95415d397e2a5c01e031d898ba6c046ed,52,868,7,125,4/5,0
HWS-003-BACS,8,195,BACS,limo02,1784116122626582091,1784116229943341631,0,0,107316759540,4,-107.51,1.16,0x1755a12c45f6097fe3bcc9df1d1b9d12e6bc977877018e08d6c0262d75319ab957b04dac482dff4baa3415045a4ab32c75bc1018,52,868,7,125,4/5,0
HWS-003-BACS,8,196,BACS,limo01,1784116126829783183,1784116247229864367,0,0,120400081184,8,-103.98,13.54,0x397a516fd98e5adc75b7d680697000fc3453a922603d7ef1b743b2e0f0f5d256ef35afd1774efec6b30cd57052779f51d639a8a0,52,868,7,125,4/5,0
HWS-003-BACS,8,197,BACS,limo01,1784116130124986649,1784116269364846344,1784116269364848329,1784116269538114722,139239859695,8,-101.72,1.14,0x1e2c4b4a0e6c625ea035d47ef407a5cea9ebfd4511086f9854256d76c3e93c7f213f1296d80915a912d743c58e6683f763715508,52,868,7,125,4/5,1
HWS-003-BACS,8,198,BACS,limo02,1784116133855539087,1784116276291042989,0,0,142435503902,8,-106.64,14.69,0xb9762ac450d3e1fa9024da4496d3ba1017020ef8f69cf290ee63cd66a65c159fc22e09d118d63ff0f83f0cdc1b6871af4fe5a9ec,52,868,7,125,4/5,0
HWS-003-BACS,8,199,BACS,limo02,1784116137969260621,1784116282047803360,0,0,144078542739,6,-108.01,-2.20,0xbe882221fdfac48a055c4d4128e9f931c6f1412c7a47f2fc19ad0d4541546037f77341d01aa25bd68db1727d50a42290a08d7c41,52,868,7,125,4/5,0
HWS-003-BACS,8,200,BACS,limo02,1784116141244652925,1784116323333357200,0,0,182088704275,0,-94.40,11.03,0x848bb50a13f4e9877cf7654059cc17a46c64ab13282775f7fa1110a19fb5d425f239b22b0d91c6b7f704f597bb328333f8e5e8bc,52,868,7,125,4/5,0
HWS-003-BACS,8,201,BACS,limo02,1784116143516705691,1784116254103674389,0,0,110586968698,4,-107.19,7.92,0x4f79b5c32de16fbd6af164c51c7d778d013225be8607e149e9aec278c533f58bba38018a05160fd1f5400150d0940e4f9d127563,52,868,7,125,4/5,0
HWS-003-BACS,8,202,BACS,limo02,1784116146473055615,1784116287244811608,1784116287244815629,1784116287418029027,140771755993,10,-81.52,3.74,0x4b2361b2352cb4361b5eb4d40a99641b2b30377069da00cc34553e1dfa4067986e2e3b0a5acbecf0c3ce87c937a0af4091dc5f20,52,868,7,125,4/5,1
HWS-003-BACS,8,203,BACS,limo01,1784116150186579440,1784116297273041605,0,0,147086462165,6,-97.96,-3.15,0x09d5b079c3c7fa2852b4f78511d86dd6424700d9053207234b5ce2164e73e60b9fc083b6b1aaee42a6d9d59f912afa55efee6e3e,52,868,7,125,4/5,0
HWS-003-BACS,8,204,BACS,limo02,1784116156681583928,1784116337619535962,0,0,180937952034,7,-97.68,1.98,0x9f05039efc8405e719a69538814a6b7bb9c26f641eaa1420aba2b43b2954a7bbb298860db821d87f93241bc5533deae94a30aeb6,52,868,7,125,4/5,0
HWS-003-BACS,8,205,BACS,limo02,1784116156776921254,1784116216353495115,0,0,59576573861,0,-109.27,13.43,0x2005eccc80db639584bd372d02cc423a43da4f13de515a293fd17e097c3e308bb107f494713c7dae0e2df96053bb8bb24fefc6de,52,868,7,125,4/5,0
HWS-003-BACS,8,206,BACS,limo01,1784116161937333953,1784116404121733901,0,0,242184399948,6,-95.04,13.48,0x6aa2c12ca4bed16628255a6e1f009fb2198feb480205b19def0ea71d3acf809baf674614dba2ae14b6d51ae64be9cbba74b04cc5,52,868,7,125,4/5,0
HWS-003-BACS,8,207,BACS,limo02,1784116164161271325,1784116383887009035,0,0,219725737710,1,-88.80,-0.78,0x7c28c840a99487edbcb59f2d9608b528a9df0f2fdbf6d8f91fc96243530b49c2df8e1ba6195cd59b8d0df12dd46e58533448da50,52,868,7,125,4/5,0
HWS-003-BACS,8,208,BACS,limo02,1784116168748018380,1784116304376815164,0,0,135628796784,9,-84.82,-4.70,0xb2df4bc465a970b8944b48384055f8f7bfabdab9839f42a88078662bf3deb17a0f42ac451b2f5e8f60dabe6e5f84074a87d04e18,52,868,7,125,4/5,0
HWS-003-BACS,8,209,BACS,limo01,1784116170660510246,1784116329327797861,0,0,158667287615,8,-94.85,5.84,0x9c820dfa10750a22f3d40cb7a9d2605fa83a77bf791877663feb5b4999544206006f10279bc1b1982ab7b6f29871e36f367ba696,52,868,7,125,4/5,0
HWS-003-BACS,8,210,BACS,limo01,1784116173918452375,1784116382857787226,0,0,208939334851,3,-93.60,6.00,0x954bc347a0b645760f5b93b19617a0f1b8cfbe9c0df01f7e539a6da0d93a1fd13b0bf2d102c59291cf1ee0c99677f7de92f41c9c,52,868,7,125,4/5,0
HWS-003-BACS,8,211,BACS,limo01,1784116177821396151,1784116273676993007,0,0,95855596856,3,-91.30,-4.50,0x0bc0afcada94346b79d3c5b24f932a6d6ae3c72907b5424b0d86aa0f8955465a9d5140e4373d8fc1a364e41cf136970446d2a3d4,52,868,7,125,4/5,0
HWS-003-BACS,9,0,BACS,limo01,1784116181757490078,1784116366787178959,0,0,185029688881,0,-102.06,11.04,0xfa6ccc688d4fc451e627997f8c08cb7be45f56c971ca20c86a56e6fade325110235900e421812f4e3741f98b974d5c1508169f37,52,868,7,125,4/5,0
HWS-003-BACS,9,1,BACS,limo02,1784116185662608416,1784116303443609551,0,0,117781001135,5,-105.77,13.99,0xb61a42b811499646e045409831ff85a14083451104972f03b9340bf5fc692a37dc75fa8f7a035e86141a0439b8e91a9b9dd09ce6,52,868,7,125,4/5,0
HWS-003-BACS,9,2,BACS,limo02,1784116188227840809,1784116307437064664,0,0,119209223855,7,-85.81,11.26,0xe712edbf41ab8473baf13621dfc68d54e60664aa24745908235d1bb85268547b6aa51c8c4a3d2ff90b2f7437db05b30deee6cd8a,52,868,7,125,4/5,0
HWS-003-BACS,9,3,BACS,limo02,1784116192598813457,1784116396121872201,0,0,203523058744,10,-84.74,-4.34,0x6e7b015b91a9b980d18c67be57e4c3c42d4e11ed6582a7d4d8ef528f06a6ce5c9fcd091688ad6ed8f12bdcdeae457d6a4088d44f,52,868,7,125,4/5,0
HWS-003-BACS,9,4,BACS,limo02,1784116196789470634,1784116306735602072,0,0,109946131438,6,-104.69,0.62,0x513357fe27e537673fecca9bd4a610261b353c67fe3b5a233bdb1ea1834425ca66a61c608bbc92e518fffa988379e83f1229c6ab,52,868,7,125,4/5,0
HWS-003-BACS,9,5,BACS,limo02,1784116200423760765,1784116448114033983,0,0,247690273218,6,-106.80,4.71,0x0d3d223eb264ac877ee406f0e40deda9fb29621113b2256886c60c87acaec0004be3f35003905493391bde142056869661ae7ade,52,868,7,125,4/5,0
HWS-003-BACS,9,6,BACS,limo01,1784116204385983008,1784116319089792795,0,0,114703809787,5,-86.28,5.94,0xca3abdfe1d336e95b7d487fd36fceebb89d10fd6a55a34beae6ac8aed05dc76610fc5c6d3c4fd738b628fc86312532b67174d044,52,868,7,125,4/5,0
HWS-003-BACS,9,7,BACS,limo02,1784116205023465272,1784116414511868142,0,0,209488402870,8,-87.61,4.10,0x3b631958eb5886272df1a3d100d8e901cf611cbeda1fc40257d4f2cf423476229a2d16b4cdbd79ed46b41fe64b7978cada47fd33,52,868,7,125,4/5,0
HWS-003-BACS,9,8,BACS,limo02,1784116209034223682,1784116259720084489,1784116259720086464,1784116259887619754,50685860807,5,-88.14,-4.77,0xc2ccb03a10619a9ed278dbc33d9c73be8360c37e4b6b9947430265ca321de8ef633d325bea0806d4b7d9cc1e874b8e2bd5a43220,52,868,7,125,4/5,1
HWS-003-BACS,9,9,BACS,limo02,1784116213355536789,1784116531714455158,0,0,318358918369,3,-96.30,10.60,0x6fa3309b5cc2415e8ee186fee01101a4dbef3ef06e2846efb2cd0185f5cbc94bf3c59952ce563e2352457c82b08d8763869df4a8,52,868,7,125,4/5,0
HWS-003-BACS,9,10,BACS,limo02,1784116216646890242,1784116318828045034,0,0,102181154792,6,-96.21,7.30,0x94cc0309eb2a8f516dcad3a5380b24511140adc1f92ba0a823b30b5c7bc4cde8eac16620a5faa3f4b1d812721c3207a0e6c2129f,52,868,7,125,4/5,0
HWS-003-BACS,9,11,BACS,limo02,1784116222267029025,1784116573074877939,0,0,350807848914,5,-96.10,3.08,0x0853d0f4e2bf47eeaf2367df72f05b6414fbf1c5a7711e903b5fb45451ce1d0f02c3b5fd8b04556c724aec44dc830cec2b962c15,52,868,7,125,4/5,0
HWS-003-BACS,9,12,BACS,limo01,1784116222426815720,1784116412868830043,0,0,190442014323,10,-98.01,12.23,0x27288ef41b1bd46028ec5a7b941a45c78848c401f6e3315428791df9123d44ef36e4ec9c14e81106ddcd823949f7ecabb03d0bd7,52,868,7,125,4/5,0
HWS-003-BACS,9,13,BACS,limo01,1784116225936549474,1784116410025276424,0,0,184088726950,2,-81.64,0.92,0x69450ced9697cdefe450dabbe228b1f3e08b4e3b09b27a0bc7876e5a87317db633891fa4da4adaadbc83c84acd200d19ee14e0c0,52,868,7,125,4/5,0
HWS-003-BACS,9,14,BACS,limo01,1784116230283004379,1784116315019926397,0,0,84736922018,9,-96.56,14.93,0xfab02d9a1a195a3e85a1f7f3429bc51e8d97f3584fad7ad25a713e3793a22265c388117ff2e4a7d079df607d1f29b1436c5c51bb,52,868,7,125,4/5,0
HWS-003-BACS,9,15,BACS,limo02,1784116234972072511,1784116557774494488,0,0,322802421977,9,-109.08,-4.23,0xbbde9257990e901c07deb58e3eb8b8f1310f4f8f61b033e9a023852009e2cb24682d46e90acaa2377cfd08d3776abdea6f39eec9,52,868,7,125,4/5,0
HWS-003-BACS,9,16,BACS,limo01,1784116238118867590,1784116406119851543,0,0,168000983953,7,-80.19,-3.23,0x4b4796d81c2f39edb0f93d77965ff965c6958591dd72a1d3c80864c0f7b341377dc8ed269072fb847a121527d15e826330db0f74,52,868,7,125,4/5,0
HWS-003-BACS,9,17,BACS,limo01,1784116243792949935,1784116355416836181,0,0,111623886246,3,-90.49,9.43,0x2fb4cc8ad2633ae1b03b131c40e1bd60e3e093c52dc69c01aae6b0764e44012172263b932cd996891d3595f0f38e4fce35c6b2ea,52,868,7,125,4/5,0
HWS-003-BACS,9,18,BACS,limo02,1784116246503134851,1784116437042352544,0,0,190539217693,7,-93.82,-1.24,0x00e75e621f9cdd0e4a6ccdf703b6414e7dce988ad063fbffea1fabb87d4ad917beda2f56853aed487277168ba0ba6bad4d251f14,52,868,7,125,4/5,0
HWS-003-BACS,9,19,BACS,limo01,1784116248493884183,1784116402258587137,0,0,153764702954,4,-87.39,-0.05,0xd30dbc39f368258e2e54c0f470512a49f892e619ff1275a0cd0a912081a1ed017ccf1450f906cbf44586c8c6c4475ca549f5c52f,52,868,7,125,4/5,0
HWS-003-BACS,9,20,BACS,limo02,1784116251349820688,1784116491440032769,0,0,240090212081,8,-102.00,9.41,0xfc2c8c54c4ac0b84ed439d2bd386a34be22344dbd623ce15399c6c2e5fc7eb9aefd736bef12a80b49f9020606ee25042f179bceb,52,868,7,125,4/5,0
HWS-003-BACS,9,21,BACS,limo02,1784116256795371696,1784116408628458429,0,0,151833086733,5,-96.98,1.20,0x48dfb7e2ed039a9e50c30d2d951c2cadd710ababa3b986eb119a637652c9e2ef0f2ecc67f308545868ba512375837d5829021239,52,868,7,125,4/5,0
HWS-003-BACS,9,22,BACS,limo01,1784116258950237475,1784116328622593797,0,0,69672356322,4,-98.15,7.11,0xaaaff7e8d2b72dc8bd5e2c16bc3bf7a8fff8a03692535d755422c7cc92437321b7110305b6001c2c903ccb1a1f5fb4d5089de712,52,868,7,125,4/5,0
HWS-003-BACS,9,23,BACS,limo01,1784116262865791132,1784116428088426798,0,0,165222635666,8,-88.77,0.00,0x18a2602cfe2f2d166e890d20209a92da94c45db08244698263dc9e11b5a15937a5f4caaff1d3ce1ba59e282be1869b5117cd743e,52,868,7,125,4/5,0
HWS-003-BACS,9,24,BACS,limo01,1784116265818803731,1784116469940765326,0,0,204121961595,3,-94.36,2.26,0xe31b08a008d33388433188239b3c03011a476266a0827dc4193c644902b78d185db5d43c78cff2a887446955673bf3b3fd7b45e3,52,868,7,125,4/5,0
HWS-003-BACS,9,25,BACS,limo02,1784116269454633819,1784116525107186707,0,0,255652552888,0,-105.00,5.45,0x0a9af6dc16f5b104079c2e7c22cf7b6137ba550e5f50fa519b827fe39dfe5dcb1ef02aa66917bfc0ee4eb90b4e017ff6051b24af,52,868,7,125,4/5,0
HWS-003-BACS,9,26,BACS,limo02,1784116275352563088,1784116490652400491,1784116490652405031,1784116490819764647,215299837403,6,-89.58,9.77,0x1336f82fe228c45b34807aa591d44cd17928220f03f998b53dae4ee9f01830b5c18358461041de6a7fe7843dc73d299c7e7cc7df,52,868,7,125,4/5,1
HWS-003-BACS,9,27,BACS,limo02,1784116278480343119,1784116367637348304,0,0,89157005185,7,-86.78,-1.16,0xfd8d082fc18ebee810d91338f9703a47cc1cd080167325e7a58d2fbe92b1000ff34532c49b5e7f0e4242589ce5e255500fc09d91,52,868,7,125,4/5,0
HWS-003-BACS,9,28,BACS,limo01,1784116282113801258,1784116509651332759,0,0,227537531501,4,-108.90,3.17,0x6ee83c9a9710e41e5b41cd061e2ab2d8124ee67ae6a695552a805c310a37427349f9ff3b5e5f5e518fb3e2e478b78ed82956e30c,52,868,7,125,4/5,0
HWS-003-BACS,9,29,BACS,limo02,1784116284233860797,1784116341994585588,0,0,57760724791,6,-90.68,6.03,0xa817254f8983b48b3c307f7076560491d75ea27353fbedcc5bb38a54e299cdcfe71f54a478e4ff9a9f6ae738988efecc3c06866a,52,868,7,125,4/5,0
HWS-003-BACS,9,30,BACS,limo01,1784116286221928117,1784116355910420996,1784116355910423221,1784116356077787220,69688492879,3,-80.00,7.26,0x266e08470c70053a1a5fef12ad67ecdf2bc59deaa79238a45c2396ecf54192f96368f2a733a386a1c2f2d50c4256c84dff9b075f,52,868,7,125,4/5,1
HWS-003-BACS,9,31,BACS,limo01,1784116290876881400,1784116521838698512,0,0,230961817112,4,-96.95,-4.74,0xd2a753827f64fef03ef6c3f4ff2b1f46e757a51c4dba77cc37205997702041fec59ac77fb21b54088082054a5201090b0538bf37,52,868,7,125,4/5,0
HWS-003-BACS,9,32,BACS,limo01,1784116293994211915,1784116349195816223,1784116349195817983,1784116349366099310,55201604308,4,-97.85,-4.60,0xfeb52a21b01b5708ff5c30e71d656b48e7a3bf4221be2ac37ca032f70caa9ceb4e6b2a6c40376240549411736064d221707d31b1,52,868,7,125,4/5,1
HWS-003-BACS,9,33,BACS,limo01,1784116298246258724,1784116450705075227,0,0,152458816503,3,-86.34,-2.12,0xbcacd7a976dea73449a3a16ea29bff20be468422a4531f6852a481d48dcae0bca9d7a657dd01bdcb7398a276ab7a7c8f00746462,52,868,7,125,4/5,0
HWS-003-BACS,9,34,BACS,limo02,1784116303678316163,1784116414924734855,0,0,111246418692,4,-107.95,3.32,0x81e77b9e4b087c720c8ead34818391f94435fe6d10b8ee7f2a06c47c08558d5dc2709366045301d8bcb776f24c8fb28fd8e04752,52,868,7,125,4/5,0
HWS-003-BACS,9,35,BACS,limo01,1784116305700697741,1784116520256315698,1784116520256318751,1784116520425062751,214555617957,8,-88.86,-3.43,0x05dcc8087a9cfb702e21963049da65eccafc731a123936bc53eca1200a26b2e322e2137760645ced27d2be0346a9ad5b4c46bbe1,52,868,7,125,4/5,1
HWS-003-BACS,9,36,BACS,limo01,1784116310733960336,1784116872069753120,0,0,561335792784,7,-94.32,10.38,0x53f7a2b4cceb14952fc1ffad910e18ea229101bb2b20de251f712dd7fa2e219e6a98ebeb3817c80d219de363b7429f64f43a4e7f,52,868,7,125,4/5,0
HWS-003-BACS,9,37,BACS,limo02,1784116313005189977,1784116398466801195,0,0,85461611218,1,-81.48,9.39,0xc149b8bc14fd3bfd28a4d746eb60210e326f9e3bac2c1ef232503955d8b3dafdb13bcef73a83c012c450686c38d50eb03a4e0805,52,868,7,125,4/5,0
HWS-003-BACS,9,38,BACS,limo01,1784116317536646724,1784116421590256797,0,0,104053610073,2,-87.33,5.93,0xd32769bbe5caa1f97c71f2c118070b4e946a9603899448b70e5637c5feb3a16d812e017303784a5c9af45aabe8daf81616dbf350,52,868,7,125,4/5,0
HWS-003-BACS,9,39,BACS,limo01,1784116319975181367,1784116476590711650,0,0,156615530283,10,-88.67,6.89,0xd5f52d28c3d1a30c3739172a7db195674211272ca8b0235c75d6c059cae1617da3c0e91b3b2b4b1c274e43c42bf968634034534c,52,868,7,125,4/5,0
HWS-003-BACS,9,40,BACS,limo02,1784116321792729181,1784116537360339237,0,0,215567610056,3,-84.03,-1.50,0x762035f83b9f4b76694add885527e2247f162c9cfc91078a3534b2a058edb031f1e32a42c7f0a9c6b48092b1a655fdb9f46eec66,52,868,7,125,4/5,0
HWS-003-BACS,9,41,BACS,limo01,1784116328188093132,1784116415022183495,0,0,86834090363,3,-105.73,10.08,0xa086a265baafdc8ee663ecf79e7a4c87ade8bf4e819df9a3f19f283d4b21eac534336da3ebe640aff84198721f4683b90a7a8608,52,868,7,125,4/5,0
HWS-003-BACS,9,42,BACS,limo02,1784116330055797216,1784116447000204343,0,0,116944407127,5,-80.31,9.21,0x3529c96fcd8403e0125a87e1345a189f5f59b6c78055dbe2712eeb53996804b7040d97b06196865af5bde749204dd2a24c98e36e,52,868,7,125,4/5,0
HWS-003-BACS,9,43,BACS,limo01,1784116333088004634,1784116587698116889,0,0,254610112255,7,-108.85,-4.44,0xc363073834f76f6b8de11308f3b2914d00973d356dfd6d78ec5bdac635adddf73ddb477ea60db38e6b6ad82973720d0810a1671d,52,868,7,125,4/5,0
HWS-003-BACS,9,44,BACS,limo01,1784116335819413894,1784116432275275165,0,0,96455861271,3,-91.28,-4.65,0x320916e8b68fcbc0a42ed69c74c5d90b40385c15ab214edb47c17105a883ff90d84828ee965750a4b1b9635a94b07632ba9b4870,52,868,7,125,4/5,0
HWS-003-BACS,9,45,BACS,limo02,1784116339194069362,1784116449678087871,0,0,110484018509,6,-108.90,7.81,0x2daac9dd28649e4caf01588654ac13eb50361f578d425bd4144fd98c0a96daf8136eaf96ba12e0b2c321c3be264dfec9c8e079ec,52,868,7,125,4/5,0
HWS-003-BACS,9,46,BACS,limo02,1784116345926981239,1784116450410970647,0,0,104483989408,8,-84.19,4.61,0x2edfeec55af9d5f768bff2421642512661517d73eefbbafe5b14c925855b7e29a923d28a597a922403bd1247d4fc7ec6b9cbb9d2,52,868,7,125,4/5,0
HWS-003-BACS,9,47,BACS,limo01,1784116346584604556,1784116468191038038,0,0,121606433482,6,-83.12,-0.19,0x5bb2120ec026306bb42e65cf7fc28b9aa4c4c2322d81184e3d9556e0823bb2dfe0353670423f2d4353f1347d72e1d6cdae9af75c,52,868,7,125,4/5,0
HWS-003-BACS,9,48,BACS,limo01,1784116351901819215,1784116487557812605,0,0,135655993390,6,-99.55,-4.45,0x3ac2b667921a51d9cd8e2d5d14a894960461bde2a10d851869fdae9f8f9355783173960e3dba9905de5b904c79b471d3d395c8c8,52,868,7,125,4/5,0
HWS-003-BACS,9,49,BACS,limo01,1784116354097311687,1784116703571720703,0,0,349474409016,7,-108.71,-0.66,0x47325be52299b671c31e0a81eb05baad6d9478a5832afffc2c4fc2de2d09e148698fdc7d46bc7a74a1213073b81977958f59d0cc,52,868,7,125,4/5,0
HWS-003-BACS,9,50,BACS,limo02,1784116359531735179,1784116509235365353,0,0,149703630174,2,-84.98,10.17,0x41ae7506631184922dc6eff3c5b53d6221ae164bf4fa251d437e3f60c11e57c1f0355326ecf032c40c47f66d77f4fdb9fc4a064a,52,868,7,125,4/5,0
HWS-003-BACS,9,51,BACS,limo01,1784116361502623978,1784116527033299811,0,0,165530675833,7,-99.45,11.98,0xf6e75d36454bdea3cc24967277a74aeb793794c9cfdb197446b208b91ead3e99659e3e92bfd0d874a7a57fc6f354e91f6db169b1,52,868,7,125,4/5,0
HWS-003-BACS,9,52,BACS,limo01,1784116365908680301,1784116581489992097,0,0,215581311796,5,-108.63,-0.21,0xa351142a3ad6da36e32acf0452fbd9631dbd97b2f9db7180ec83aa648baf8d10a39447532c69157256e1665bf56ff316fd2f141c,52,868,7,125,4/5,0
HWS-003-BACS,9,53,BACS,limo02,1784116370434830691,1784116575636436417,0,0,205201605726,5,-100.44,13.84,0x5925b2c5eafb9542a9741abedbd27383a466d7334c2e7ab74fa7b86528b1fa822f26bb410722c1691e25beb1df7a902bda148336,52,868,7,125,4/5,0
HWS-003-BACS,9,54,BACS,limo01,1784116372008341142,1784116528948240314,0,0,156939899172,4,-93.39,14.42,0xa93a2f286eda692c04efc8b7bc17ef3688c15a9da97ddeb05e3c5a6317a69eb77b0f84cd33a0b22785ea6e1c8d2c079c91bd7c9d,52,868,7,125,4/5,0
HWS-003-BACS,9,55,BACS,limo02,1784116375483698374,1784116575305901424,0,0,199822203050,8,-89.69,9.55,0x16f9c2f4a9d22d69ce45a1de6626284c3f33b5dcd5c7ca7c6354fb04346135a398af89607d8e49080e0a08bc83936d209edc36b3,52,868,7,125,4/5,0
HWS-003-BACS,9,56,BACS,limo02,1784116380093409235,1784116531524109807,0,0,151430700572,10,-84.45,-2.88,0x9933112443776675b70110bd5d8774fbdee86f03307948e926d14e161a1e769e752a282fb8cb664bfd22f96cb581e5272688ff07,52,868,7,125,4/5,0
HWS-003-BACS,9,57,BACS,limo01,1784116384973087408,1784116743010606812,0,0,358037519404,0,-109.81,11.60,0xc258166dcbdb1c1be192698b047a26100bb2d24d09e6f4880b093e6fd49965605afc4f1235508e2d2d0bf7e8393b3bf7805f0556,52,868,7,125,4/5,0
HWS-003-BACS,9,58,BACS,limo01,1784116387203863726,1784116472202621990,0,0,84998758264,3,-90.42,13.02,0x6245ba52cc28a03bccb63ea03758f8f3d4230f766f03aaef91849d75cbb853b85b13366c608bc42ff6a533abaf56abd92410af7f,52,868,7,125,4/5,0
HWS-003-BACS,9,59,BACS,limo01,1784116390027636632,1784116597669348135,0,0,207641711503,2,-87.44,2.27,0x2c021d2170da1b7cc5e5f70020ec3cc9442d07870bd8b0080560363728db648553100e4bc540512db7159ff3203b72dd01f6a2dc,52,868,7,125,4/5,0
HWS-003-BACS,9,60,BACS,limo01,1784116395331722204,1784116710377987474,0,0,315046265270,3,-83.41,11.03,0xb5f036ef8375975a9ad36892863fde7110f73455e0889ea8fe55841e969401ec3a57332987a0179d1c73bd610725c27c1f24faa2,52,868,7,125,4/5,0
HWS-003-BACS,9,61,BACS,limo02,1784116397045797797,1784116573102813016,0,0,176057015219,0,-93.61,11.16,0x35217a33ccafa8a8d217f86ece9853f928b7b54e6de94fe5dbde3953bfcdd5e83e1a405067c925752a01c5240b0956a914b7d261,52,868,7,125,4/5,0
HWS-003-BACS,9,62,BACS,limo02,1784116401238981604,1784116512029705036,0,0,110790723432,10,-107.00,3.52,0xdc859dd4a2c58176b14d7b998801750bc9d5a00be0e4654764b6f65c920baa2b94dd5502f09e0be95e4847a8dd15c31154bd8a3a,52,868,7,125,4/5,0
HWS-003-BACS,9,63,BACS,limo02,1784116403158174421,1784116535554714523,1784116535554717021,1784116535729702909,132396540102,10,-90.76,5.70,0x1581b3acc02ff29d74ce325bdee5a5fdefee8628d7caabed7a094af20997a411ff0be480b5ef34219d025c2566a0b1a7fb6a7d54,52,868,7,125,4/5,1
HWS-003-BACS,9,64,BACS,limo01,1784116408365713531,1784116517936184769,0,0,109570471238,5,-103.81,8.61,0xbd8bf152b10c1d5ea964125ae74b21df830fc29f07e638bd5647f6e81aeb339cac3b7bbe55cf008fd48d2d1e15ecfdd22233dac6,52,868,7,125,4/5,0
HWS-003-BACS,9,65,BACS,limo02,1784116411230352042,1784116648334461151,0,0,237104109109,5,-100.20,-1.94,0x8ca19e4e9718d86d19a8cae4c9e5be6b49cb602d232cf1c94f61b4a7b282f2d501c227141c3e3a2858a5cda5e2909e3cda2bbd35,52,868,7,125,4/5,0
HWS-003-BACS,9,66,BACS,limo02,1784116414507952497,1784116680057299427,0,0,265549346930,7,-102.26,10.45,0x0bcc4130655b8f4ee355cc7ca26c8a37c6e8ba658dc3ff958b75e2d583975aa144a6ca5408816abba32629227b906d62411f9faa,52,868,7,125,4/5,0
HWS-003-BACS,9,67,BACS,limo02,1784116417854470963,1784116527599974172,0,0,109745503209,8,-109.73,-4.84,0x027eedf7888d3a742800f02ad55ed8c94c31a51cdc6d836ace40c3116a3092f7dc8a4033543183cda8650c9288ca2a35b81def2c,52,868,7,125,4/5,0
HWS-003-BACS,9,68,BACS,limo01,1784116420152093643,1784116638831649983,0,0,218679556340,7,-82.53,4.89,0x3850d6190f7bbecee1af10699f9ff0a34518cab3aad0eb77c59ceadd83f211df8c4685c1de9f7d1d84758f318ad2307284036a74,52,868,7,125,4/5,0
HWS-003-BACS,9,69,BACS,limo02,1784116427438688513,1784116535661962930,1784116535661964632,1784116535827038285,108223274417,8,-97.72,10.69,0x155f2f01c8badd5153976e149d4a3c392b81ba649464173f7ff981f5bebb2c75db122344669a05f9d66bbce65d41be697aedc354,52,868,7,125,4/5,1
HWS-003-BACS,9,70,BACS,limo02,1784116430874866791,1784116605117366171,0,0,174242499380,3,-87.36,10.27,0x620db3d79c19711ae45a6743f3aa04843d92e3ae631f431c978007b8e67047819f8a0004b9d6e8073c0183c7d7b31db396374d57,52,868,7,125,4/5,0
HWS-003-BACS,9,71,BACS,limo02,1784116432229777937,1784116565016350303,0,0,132786572366,1,-87.13,-0.89,0xf7fe2f6f8ed60d8a422be0e275dda58d58bc995607a5268173588c90e1a8aa8efc2882c20065b5d53cb65067c23601694a6580bf,52,868,7,125,4/5,0
HWS-003-BACS,9,72,BACS,limo02,1784116434278388706,1784116709499253312,0,0,275220864606,2,-100.36,5.89,0x53bca783a73a79e731415f3df4ea46d96b2e6784e659d7625224dfb91d1bd17ec5ab055efe3e1e336879f2b6711b0294f5b6afcb,52,868,7,125,4/5,0
HWS-003-BACS,9,73,BACS,limo02,1784116437929251899,1784116539486080697,0,0,101556828798,1,-82.92,13.65,0x49d914c64a728c3e4f538c6342e8382fabc655798f72005a925593ee970c8f6302b6dad07c3c49000eff380cf8acb64390583795,52,868,7,125,4/5,0
HWS-003-BACS,9,74,BACS,limo02,1784116441208518751,1784116673653141583,0,0,232444622832,9,-105.89,-1.83,0x0e8250b97a70256b724e067bf5f33619041aebbc148e7799fdcbba26ef98246c488cc3d5cf9f3145b505f0318d34b273174d14bd,52,868,7,125,4/5,0
HWS-003-BACS,9,75,BACS,limo02,1784116446795102261,1784116700726313306,0,0,253931211045,6,-104.79,14.07,0x26201d1b2104953e319a93cf9b4ab1c46d2cdc64dfa1031519950c6ae017cce69c6c6ee19ccc0870676e61d3ccfc34e81cfdb67f,52,868,7,125,4/5,0
HWS-003-BACS,9,76,BACS,limo02,1784116449439641612,1784116554998551184,0,0,105558909572,0,-108.31,13.13,0xf60942f76d1cee3ec70d642cf54f185914e39c238e10c2862abbb4ce4075b00641529370f3493492e6ca8e335456df6fc0f35d08,52,868,7,125,4/5,0
HWS-003-BACS,9,77,BACS,limo01,1784116453736082680,1784116571684672518,0,0,117948589838,5,-96.76,8.74,0x9f896c0d22575f3a7c29e22eb3814ff932fa6ae47a433da8f9f6cb3e06f713f5f685ba7d0192d076f585c349b3e807700f5f74b1,52,868,7,125,4/5,0
HWS-003-BACS,9,78,BACS,limo02,1784116459285258814,1784116769326126656,0,0,310040867842,2,-96.52,11.14,0xbe22d0126e403239627b0c73cf93ec84c65142c7e8c9cc20322c5358ca06d29aee77a282762a4e770ff0a1850b5d4ddb3b0c0e63,52,868,7,125,4/5,0
HWS-003-BACS,9,79,BACS,limo02,1784116461268309114,1784116635469904835,0,0,174201595721,1,-95.81,6.18,0xd522f9fcf6ae44ec398f7b414048f1d444505cde2d151ab0b35dfd89ea9ffa687ab64980abef12cd3715c617936c5e8aadcd2c90,52,868,7,125,4/5,0
HWS-003-BACS,9,80,BACS,limo01,1784116465416565614,1784116633697433681,0,0,168280868067,2,-95.70,5.79,0x1547fbc4b7c6b7469d4eb5119eba89462670b4a0df311d8adda38d75467fa2e8065371539db0180476b6d649befe12896314a99d,52,868,7,125,4/5,0
HWS-003-BACS,9,81,BACS,limo02,1784116467244215240,1784116560009034103,0,0,92764818863,6,-85.14,10.61,0xded4a8f52ba9427c240e5d3b7d579eda325496b11ea06c713a4a45a37b53bc95b6288b1984ecc0ec242f62c44386903cab414354,52,868,7,125,4/5,0
HWS-003-BACS,9,82,BACS,limo02,1784116469788178681,1784116721766305560,0,0,251978126879,0,-81.62,8.15,0x85f14d211090287035817c8b03ed6ff2240dcfb676b100f771abb1c9eb826acc71d0843ee21076e31895926e34c13358eb4c3b99,52,868,7,125,4/5,0
HWS-003-BACS,9,83,BACS,limo01,1784116473429074484,1784116697861034186,1784116697861036469,1784116698031658224,224431959702,2,-102.55,13.70,0xdaa313ab7fa301315caa0e3b1f0440c367553d5777b105a32c789664c91a690efe1fcdb4688969e3349ec621160cfe3f609712b3,52,868,7,125,4/5,1
HWS-003-BACS,9,84,BACS,limo01,1784116476670055194,1784116572024507114,0,0,95354451920,8,-108.62,12.73,0xaeb69c3f621dbcda7bf3639b238e895047699b5e5bc57c5f25f95c2da0f8dddee61f5ecb93fa37c311d74e6ea5e7e08dd2ab4b52,52,868,7,125,4/5,0
HWS-003-BACS,9,85,BACS,limo02,1784116480163434239,1784116584468574952,0,0,104305140713,1,-87.96,7.01,0xc31db0c448fcc9e59862881662bba78574d9ccc70ed77a70167823c96e7334ed2b7441451974337cc8ed67803b79f912abe179c3,52,868,7,125,4/5,0
HWS-003-BACS,9,86,BACS,limo02,1784116484024405996,1784116540453433513,0,0,56429027517,10,-98.08,3.51,0x91f860bb3857fbd1daab9dad78fe1ddbd34cc49c3112d26ca2c7709841264720e4fca6abe7b40a51a1952c5e6c13063219ec174b,52,868,7,125,4/5,0
HWS-003-BACS,9,87,BACS,limo02,1784116489611553243,1784116688155353343,0,0,198543800100,7,-105.08,12.84,0x130a55a66edf04b291beb9b72c97fd4ba9bf0045a892fdea9912ba9a4aab47bc3e8eeaea4f02d82f4df138ccdb2225cfc1fc1eb0,52,868,7,125,4/5,0
HWS-003-BACS,9,88,BACS,limo02,1784116494476445796,1784116588617593892,0,0,94141148096,9,-89.73,-0.66,0xa2416eeebadffbcc536c0286c4efa44af267d738f86d7fd4f899133d0fa55fbdcdd3aa74a12125243cfdbb5b62b6836d877f789e,52,868,7,125,4/5,0
HWS-003-BACS,9,89,BACS,limo01,1784116495250491067,1784116724655116096,0,0,229404625029,3,-84.45,2.23,0xde361ab40e5f998757d461d358a1803ce21b8d88331b43644397656a41f04f890ff53192b24ac35619b2ab0f9451bce3de104c45,52,868,7,125,4/5,0
HWS-003-BACS,9,90,BACS,limo02,1784116500798287234,1784116622744395061,0,0,121946107827,1,-97.39,10.83,0xb265769a396b3689b1157fc8283131f0b2dbfdc774088ea0356b38802fd51d3671b8a7c213ae65d9d3295e4b2d527dbc218c0514,52,868,7,125,4/5,0
HWS-003-BACS,9,91,BACS,limo02,1784116504026594053,1784116727999401444,0,0,223972807391,8,-86.24,8.30,0x1e375e1064ab5e1df9b74624fffeecad06f279e3e79326c719143e182874513cf55add33367a38ef1486035bdeb53cbe7c529b02,52,868,7,125,4/5,0
HWS-003-BACS,9,92,BACS,limo02,1784116508023056795,1784116844176668958,0,0,336153612163,2,-105.26,-2.45,0x0a34b1c22ce12fa3c36ebed4c90ce0421e09d012fd0890c1ab1060d5922f4eeef664219556d812edd00dc53731d38305a8bd33ec,52,868,7,125,4/5,0
HWS-003-BACS,9,93,BACS,limo02,1784116509085914482,1784116660011906729,0,0,150925992247,1,-93.32,5.70,0x4d4a8f860bc7b6efaf33c0e5a367b696ebe9b9c6dba36dd746437310aea9a42cc7dfeb2d63f9b1b6ec11cc7d923ce2cba5fab3cd,52,868,7,125,4/5,0
HWS-003-BACS,9,94,BACS,limo01,1784116514754327089,1784116661872807010,0,0,147118479921,5,-102.54,3.07,0x0bf9bf9800b71d831f8451dd26ec3fec30ea5566004ee638f4758c272222a6d7e2d0b1e745de670430a73a494cfde009ff53514d,52,868,7,125,4/5,0
HWS-003-BACS,9,95,BACS,limo01,1784116518404788049,1784116788046050240,0,0,269641262191,1,-88.42,4.71,0xaae715937afe916ebce73180344e93e6faa087dec17c1a4af4ce9540abf7995faf62b17d53cee2665742dc63cf112e728df5a6b3,52,868,7,125,4/5,0
HWS-003-BACS,9,96,BACS,limo02,1784116520087936093,1784116639199917772,0,0,119111981679,6,-80.90,7.33,0x19676124c548d3bb620b762aa7881a09d12195dc7dbeeadd894139b80a9f09ac08c5a985ca9a13e1630b9486d67aad0cbdf54131,52,868,7,125,4/5,0
HWS-003-BACS,9,97,BACS,limo01,1784116523233762088,1784116690592634120,0,0,167358872032,4,-91.34,-3.31,0xa8db5adead32a9efe3987206d5217b40fe3e7ca24ef6a80b3fc203ec6a442c19707fd1352e106e02a4fe11604ca0a2c7ffdd8c91,52,868,7,125,4/5,0
HWS-003-BACS,9,98,BACS,limo02,1784116526599449977,1784116648328135093,0,0,121728685116,7,-94.08,-3.11,0x2733e8d61f38dc2393a007284f47773faf4a2afbeb4a542f94742a0b6627d806691d912638cc1b5a03b95e4c0c8af7db92a9174d,52,868,7,125,4/5,0
HWS-003-BACS,9,99,BACS,limo01,1784116533220537896,1784116615265772371,0,0,82045234475,9,-96.04,-1.82,0x2e19cc42cf446e523e48b857378c20c2906de34d6e2d151564c78f9f47ee32d1eb7e703a6fab7c2467af4444532b9d54f33112e5,52,868,7,125,4/5,0
HWS-003-BACS,9,100,BACS,limo01,1784116536152535406,1784116606193280187,0,0,70040744781,4,-96.57,1.15,0xec41a2a89d9f8d1bce41dfec1be56c7b1929b05e3a0a4cc2c5fe6ba569c2c407694705bd7acec17851ac16129ecb0c01deea3cb0,52,868,7,125,4/5,0
HWS-003-BACS,9,101,BACS,limo01,1784116537354566630,1784116745234194605,0,0,207879627975,8,-105.96,5.49,0x189ed3e50887491edf10fecc5488a0ba4c8afc00b4f113a4287558c43b09335c97e27220bc644014ad37da70538e1cbf2022e9be,52,868,7,125,4/5,0
HWS-003-BACS,9,102,BACS,limo02,1784116543774267856,1784116721920099836,0,0,178145831980,0,-101.22,-3.19,0xb5daee707359b3f565555a119d2240a5b1c07f0835ac8098b3923e6028f539712c00bb0af697eb3ac882bbcd70042bc2fd287135,52,868,7,125,4/5,0
HWS-003-BACS,9,103,BACS,limo02,1784116546512377202,1784116713475440502,0,0,166963063300,2,-109.36,-0.39,0x51def65de4482ddf84bfffc6432a023f6c830d94239656c4984f6a9904e79adbf527e2fa2e68a5fc5081a37e9339e5f53fb75d5b,52,868,7,125,4/5,0
HWS-003-BACS,9,104,BACS,limo01,1784116547641300754,1784116626047366898,0,0,78406066144,1,-106.89,12.90,0x7817df808449819e0307b3064b96a936c34289cb72d7e2b5a11555fa3414b408eb5717aa471d6a393449eaf3afb6a1eb694a93a9,52,868,7,125,4/5,0
HWS-003-BACS,9,105,BACS,limo01,1784116552067342757,1784116688851220781,0,0,136783878024,6,-101.77,7.83,0xdf68395ad364332ac0f172632da015f5ae00870c36f11e4d834eacfa76455ca35997bc87a09e2bd1a861f5a2471ccb185c5e28ac,52,868,7,125,4/5,0
HWS-003-BACS,9,106,BACS,limo02,1784116555254113763,1784116953143556754,0,0,397889442991,1,-109.89,-4.19,0x8122a7814a6ece753f59fe6abacf14048d5441c4889edf2e48195194cdf4bd0231b828f167c6c0fece30c07cf2f128d6e7aeb82a,52,868,7,125,4/5,0
HWS-003-BACS,9,107,BACS,limo01,1784116558633410775,1784116689553700151,0,0,130920289376,3,-88.22,1.56,0x25b834bee9960eb8602f622b017cc512b13feb229ad3683733cd36d1f05654904f9c177ed531f3322f5c68eacdcccc624af5396e,52,868,7,125,4/5,0
HWS-003-BACS,9,108,BACS,limo02,1784116563726244010,1784116668667228905,0,0,104940984895,8,-84.82,8.67,0xb2eab7e6dbbdebe38a82c96338d9021cf32a4aec4962daf513d83c1a3e4f1308b86e331b363534c7d46e1d1ad11e999b85d590b7,52,868,7,125,4/5,0
HWS-003-BACS,9,109,BACS,limo02,1784116568457157904,1784116670033153860,0,0,101575995956,0,-101.04,6.70,0x24e78c0560698d8ebcfcc9904962350712fd973c712ce04b960f543e83f8c45ede6867532e64ffaf187328c694820d7e416ebc42,52,868,7,125,4/5,0
HWS-003-BACS,9,110,BACS,limo01,1784116569975759450,1784116729879823643,0,0,159904064193,0,-91.99,-1.63,0xee1861c9267f4bd2254f4f4c255b1e052e8eaab6006fddfa892fe7b9c9b0048ec8fec568f6668189e1434f1815814f0a494673a4,52,868,7,125,4/5,0
HWS-003-BACS,9,111,BACS,limo01,1784116572931108523,1784116732041459347,0,0,159110350824,2,-88.66,12.59,0x4782a3ae4c39d9e9110d0cad0c119f5ec860d976fd2042794a19ab9960ebbea8b11456a48b91956c2b113c09f1f3e8eacfdbb3ae,52,868,7,125,4/5,0
HWS-003-BACS,9,112,BACS,limo02,1784116577957793379,1784116711200511612,0,0,133242718233,1,-88.54,-3.76,0x62b754cd3496b653713593e79ff563ae396654e9167ae9aeae475592fe16e892aa81a900f89687a47aa410527620f330f25204bd,52,868,7,125,4/5,0
HWS-003-BACS,9,113,BACS,limo02,1784116582141235202,1784116850020240475,0,0,267879005273,10,-105.73,-0.88,0xa8f3bccbfecc7ca65fafbd2a97e9f4ce144dfc9fb396d75f08ed50dd3521b151866a9d25ab79682d7a1e82ade7445c081872223b,52,868,7,125,4/5,0
HWS-003-BACS,9,114,BACS,limo02,1784116586216296201,1784116808878426758,0,0,222662130557,2,-105.60,10.91,0x8cd396539099be12208752ccf1c3037bbb8f93449101d20ad6241eeff08242ec4386865beadda02bf65439b747cda68ad9867600,52,868,7,125,4/5,0
HWS-003-BACS,9,115,BACS,limo01,1784116587538824782,1784116999453594392,0,0,411914769610,5,-90.38,14.63,0xcfeaea378f06291ead1846a0b1d4acfd2329d99a50a82bf5d8d4a4031ef66b23801bcd4e3bf1c38d17c8be9683dbec239d78eb56,52,868,7,125,4/5,0
HWS-003-BACS,9,116,BACS,limo02,1784116591686977219,1784116746806119229,0,0,155119142010,0,-102.69,7.72,0x13fbafe326bb1ad534ecd5f106bb2e1775da7f3b2cb8d3a49a3149773a4f8282600474132862374c6253e5b7441f89fe4221fd02,52,868,7,125,4/5,0
HWS-003-BACS,9,117,BACS,limo01,1784116595353990766,1784116848401224951,0,0,253047234185,3,-83.02,8.03,0x27c05609aa6e716f39137b6d8ba4a8b282eea114a577c1ed2363564124dfe1e1fe6f12dfb9a078471744a0fca62c317976cb4d51,52,868,7,125,4/5,0
HWS-003-BACS,9,118,BACS,limo01,1784116597481845435,1784116795253475708,0,0,197771630273,1,-105.15,7.39,0xd30e83619919414da9091e02dff887ddc198d657910688c6281b228bc1fa9429fd9750754b6d28495c86b7166657bcdc39f3817c,52,868,7,125,4/5,0
HWS-003-BACS,9,119,BACS,limo01,1784116600855254644,1784116843438578549,0,0,242583323905,5,-94.99,3.63,0xa9892caafda2a6b035fa8d8f2ca279c590b6558ba36ce60495a60579efef526bd88ad871a1e2408319a17b6d114c0da7298392e8,52,868,7,125,4/5,0
HWS-003-BACS,9,120,BACS,limo01,1784116604267547025,1784116669417164738,0,0,65149617713,10,-80.46,13.00,0x2dd3ce8275a2b8a364b93763d380b904d293b06cd8450212252dd5fded63c4e8de37709cecc570025ebcebc1f6dd174efcec423f,52,868,7,125,4/5,0
HWS-003-BACS,9,121,BACS,limo02,1784116610558807703,1784116795310359999,0,0,184751552296,2,-108.86,-3.01,0x5f6b5f5e332e799e9ef892d7bb26b0f8385b1d0e4df345e41a0e2c8c57a87dbba6b28ebf34b97a4f3288ce3af3532120932ec98d,52,868,7,125,4/5,0
HWS-003-BACS,9,122,BACS,limo01,1784116613077547663,1784116740509418012,0,0,127431870349,3,-89.77,3.09,0x988d172440a2b58495ab40d5f89931eb35907f0dcf17deb7433c69fda62f68c2464805523687649e09814544125d4345ad91709a,52,868,7,125,4/5,0
HWS-003-BACS,9,123,BACS,limo02,1784116615936314524,1784116685038523606,0,0,69102209082,10,-87.79,-0.41,0x21feebb281bc596ad2cab761c07cdd809d6c52638186e3820a8bec3e7a91cff824cfcfb4a840f27c4c1f5b2ef4b136c3db8b84a0,52,868,7,125,4/5,0
HWS-003-BACS,9,124,BACS,limo02,1784116619206157774,1784116980370706101,0,0,361164548327,4,-97.89,6.68,0xdfa06d0bbe9fc02f1a662ca9bb7705de188883b5bb23ad44eda1394d7d5c90a81355d0ba41aeaa0137efebb1ad74db848c128e48,52,868,7,125,4/5,0
HWS-003-BACS,9,125,BACS,limo02,1784116624845253846,1784116774126003723,0,0,149280749877,1,-103.03,12.70,0xc75b7e1df6732cdb1c007b10d56e3fef25f7def3330846b7f94b61c485b215d431aae4358ae0765104cfd1f237cfcad6db1f93a0,52,868,7,125,4/5,0
HWS-003-BACS,9,126,BACS,limo01,1784116626189275767,1784116765897156755,0,0,139707880988,9,-95.37,3.25,0x10b6a279ff4f9a909756218dd9ffcb52590ec27e2f0ff551d554c99a29039af9767f96c77c8343a504e0435277a884926aac828b,52,868,7,125,4/5,0
HWS-003-BACS,9,127,BACS,limo02,1784116630087299737,1784116690373664314,0,0,60286364577,4,-83.29,-2.36,0x9bfe3555c82e6623b4518c1fa252858d9c9e00e3bca49d84c17e3970eaf8871bbbd964ae5b885ae2c4459068c89d43489d6c2fff,52,868,7,125,4/5,0
HWS-003-BACS,9,128,BACS,limo02,1784116631792705721,1784117010997155722,0,0,379204450001,4,-106.62,11.88,0x40edd15dd9c71e9c0cc8ffb4e0be6d6d528b4bc0f8dc06bcb3ec1fbfe26da3618eedc9ceadbd17956c4c0a0bdbfadfc1c6e8671b,52,868,7,125,4/5,0
HWS-003-BACS,9,129,BACS,limo01,1784116638092729081,1784116880934442861,0,0,242841713780,6,-85.67,10.20,0x941f09779102f5880dbb99da18b6b1626eb68f61644e6ac8e2934128098bb9c86b26a7be20c82e37110d91f903a6f9e8b1ec6163,52,868,7,125,4/5,0
HWS-003-BACS,9,130,BACS,limo02,1784116641893624757,1784116729636220756,0,0,87742595999,2,-88.60,9.56,0x7e629fd81966d18fcd9f9918de73af8dbc27a8f8140c2b896d22d1baab580b14299805b2c60fb1fcec0f133ee6c4adc904814f58,52,868,7,125,4/5,0
HWS-003-BACS,9,131,BACS,limo02,1784116644802169433,1784116777481591029,1784116777481592825,1784116777649798297,132679421596,5,-86.27,-0.25,0x3a20d3578153da9c66938adb32a53ea3116040ccccb67acc89055cc9cd61bbb214acfa4627bf8011b056077124349adef0afa35b,52,868,7,125,4/5,1
HWS-003-BACS,9,132,BACS,limo01,1784116646010526129,1784116815471240712,0,0,169460714583,6,-94.14,3.10,0xef1ac6b58ddf12fa2d82121fb3672e50effee7ddacd646e4c72dde9905662bff692f59c7bd95a20e96fd9cb54de884a1e55163c7,52,868,7,125,4/5,0
HWS-003-BACS,9,133,BACS,limo02,1784116652459938734,1784116748922581119,0,0,96462642385,4,-100.93,-3.40,0x6b8bb47136a9588991f05a8c778e9cfcd386a5444719a04fb68207aa374c857b0fd5e152f0536372f5d7a2519cd6185acc0713c0,52,868,7,125,4/5,0
HWS-003-BACS,9,134,BACS,limo02,1784116655105732679,1784116802300184619,0,0,147194451940,6,-98.31,-0.10,0x76926aeb4df80f8f1dd055f1ec49ddced3459c1b057838da494cfad04b5f47bc082d535545b0c9cea65a3d681e5a9305a6d142b6,52,868,7,125,4/5,0
HWS-003-BACS,9,135,BACS,limo02,1784116656765097595,1784116728539440368,0,0,71774342773,5,-92.31,3.56,0x24a4249b6a85b551c5e3bd322f84f1925af91232c215478992fd1cb2d55bb3cc852258f53178fbb55a033d0655ec1344724774dc,52,868,7,125,4/5,0
HWS-003-BACS,9,136,BACS,limo02,1784116662649089121,1784116945497824856,0,0,282848735735,1,-99.39,-3.34,0xd4f5910bb91ff83aee1d0a8d159c3ad0a6da1972b4289148b6763108a5d1ceeb5fff47d116e1ed290c9303d9ceea748f4f7e179b,52,868,7,125,4/5,0
HWS-003-BACS,9,137,BACS,limo01,1784116663916991202,1784116911751071412,0,0,247834080210,7,-83.54,12.22,0x0781808e6aeccc2c0f8424be6655e464a3638af487a22abddd1b4660a0a238dad3fb40e8ee1a5d97a009eaf3be3b3a49308736ae,52,868,7,125,4/5,0
HWS-003-BACS,9,138,BACS,limo01,1784116668471803598,1784116757967135517,0,0,89495331919,0,-87.67,2.94,0x2365307c1e85cd85d7d7834c24b4e07a17a1d2545eafb852001b79be3168ef1e53628bfecd9f074ea9594e5ff402a1d31e5d9543,52,868,7,125,4/5,0
HWS-003-BACS,9,139,BACS,limo02,1784116674580162680,1784116793565003895,0,0,118984841215,4,-91.57,8.13,0xc709190028e09adca7b3ec232a22995002057a256b2f94bfaeb621a51090d730a8e7c0841a00ec19c2e2f7b4ee79267b02a23dc4,52,868,7,125,4/5,0
HWS-003-BACS,9,140,BACS,limo01,1784116677976638727,1784116810916445478,0,0,132939806751,10,-88.50,1.68,0xf1a81a2de450263ec8a47e4209827305e5165a5d619857639c25928dc73b4c23ca9792ecd0724c40045806f7ba3996f7feca6e4b,52,868,7,125,4/5,0
HWS-003-BACS,9,141,BACS,limo02,1784116681194893719,1784116797290655542,1784116797290659376,1784116797457709712,116095761823,3,-80.40,-2.95,0x78c5cc1c323bfdd318bb97fc45ed81a3cfb70288dce1347c453492621006572d78f4ba169bf43ded6fc8597630ab617176e94986,52,868,7,125,4/5,1
HWS-003-BACS,9,142,BACS,limo02,1784116682770443583,1784116869716959317,0,0,186946515734,0,-97.69,1.52,0x452767fdd81ccc3d960a74419633f7a3f70c1358a13603ed11e3bb0b61fd19ad417d4f611b147480b15c02bf12cc07f1b608a47f,52,868,7,125,4/5,0
HWS-003-BACS,9,143,BACS,limo02,1784116684843143910,1784116880877945159,0,0,196034801249,8,-88.63,-2.54,0xebf2a247f4e7e3f92b732493405b01d486da2a6f7cf6673faabe5e94171eb675ac9399616ff4bed9f5963d45e577796c87f0b29a,52,868,7,125,4/5,0
HWS-003-BACS,9,144,BACS,limo02,1784116691370238566,1784116789873550836,0,0,98503312270,3,-97.21,12.47,0x964fddc41536c0b83189edad47035920df11fc6192b880a217d4cdc9985fae673d170acaa87e547f3c3180b2182e094785ead762,52,868,7,125,4/5,0
HWS-003-BACS,9,145,BACS,limo01,1784116693066624803,1784116808177729093,0,0,115111104290,8,-104.34,10.88,0x7ad3c7108dba8c222081c849286f359ed9f60ec10cbe79cf5ebf5d903958053a55a53e16820ba1a7725e09eb07a3d33c563a996d,52,868,7,125,4/5,0
HWS-003-BACS,9,146,BACS,limo02,1784116695724729362,1784116872891142182,0,0,177166412820,3,-94.42,14.89,0xdfc5bf30d3ad0129577107b5fea8e74ab9cfea08e83cb97c6bddf24aa5ba403b781f1a4ce654cad5339a6dbe9321e24b27a553df,52,868,7,125,4/5,0
HWS-003-BACS,9,147,BACS,limo01,1784116700288174023,1784116781427727829,0,0,81139553806,8,-88.51,2.58,0x2edbf22b963802568218019726b898caade10afa16558c7f43581808704f8b7234e8f788846122c6372c3d39c08e9d4fceaa1af6,52,868,7,125,4/5,0
HWS-003-BACS,9,148,BACS,limo01,1784116704917044210,1784116940796077018,0,0,235879032808,7,-86.35,2.94,0xd98c05f4ba2f0596f2fd3a957501af2a1372b50c9e52346dcb74df7a0ab1d4b2fee4a59c23775890e792105b54f0c01fc59db107,52,868,7,125,4/5,0
HWS-003-BACS,9,149,BACS,limo01,1784116708855123063,1784116809441743477,0,0,100586620414,4,-99.56,12.44,0x7731ff756389227768309e9ff51274e7d082bd0175bc136797aef22e607e5b6545b67dc015bf0c70b94b33a4d5ded4662ef3601f,52,868,7,125,4/5,0
HWS-003-BACS,9,150,BACS,limo01,1784116710333111730,1784116906818256407,0,0,196485144677,0,-93.30,12.98,0x33c1554ba984cea0c82a9133876f14eac0131bb515dc23125e2895f44199b72456b1d006a558fa60598f5eda78f578eebae461af,52,868,7,125,4/5,0
HWS-003-BACS,9,151,BACS,limo01,1784116714003561047,1784117020383633400,0,0,306380072353,10,-109.71,2.08,0x22bbbc16a0313e5ddea13e6de1ce5dc76ceb05eee28de73ec01ea2c372a3e4fd9545a7720bedfebaa651aec53fb60757cf30b311,52,868,7,125,4/5,0
HWS-003-BACS,9,152,BACS,limo01,1784116718286122924,1784116832408459563,0,0,114122336639,0,-104.82,6.29,0x9679d9f96ab4033126aed50d05c140414ad6143de64bd68237030faed0a3d67cf97506ed7b1a937d77caf1b7298a07958c144c9b,52,868,7,125,4/5,0
HWS-003-BACS,9,153,BACS,limo01,1784116721846186212,1784116790093445377,0,0,68247259165,3,-102.37,11.52,0x367f07a65336f09088f55b1a0981e9c72766dcb33a387ca9b88b48abd9fe868e1a3f85d7fae7a68ce10ac893fc95ba49294728df,52,868,7,125,4/5,0
HWS-003-BACS,9,154,BACS,limo01,1784116724025866272,1784116805520049155,0,0,81494182883,7,-98.45,11.58,0x90d5dfecf84f1cfdbb3f7a89eb87e5e69b191ea69973313d2097c7067490eae40726ae8dbef6ee86f90fe3e47d1f541f335a6e41,52,868,7,125,4/5,0
HWS-003-BACS,9,155,BACS,limo01,1784116728112868047,1784116927850420924,0,0,199737552877,0,-93.84,5.50,0xdf339afbd9e49a081df2059093faa5c2d4531fc526ae9add4aec6f3c878cbd68672dfdea9a166a5fbb52c083321d0b2ed44f2fa2,52,868,7,125,4/5,0
HWS-003-BACS,9,156,BACS,limo01,1784116731769391638,1784116864761166770,0,0,132991775132,9,-107.19,-3.71,0xa731206d44d556fff283a96c03f1f2a917ec9caf278eab5f5f6135a9af15d3a4c9b9b99ff44a738f23177f4386197872fc9c2bd3,52,868,7,125,4/5,0
HWS-003-BACS,9,157,BACS,limo01,1784116734995584237,1784117297874881599,0,0,562879297362,10,-103.99,-1.82,0x181156446556bb1bcb86a5cbf693284dde303f287f8010ca2b3746a0952771c1dd18dc8c4552b163d0d1edcf44135b821cf93852,52,868,7,125,4/5,0
HWS-003-BACS,9,158,BACS,limo01,1784116740941315435,1784116969677446797,0,0,228736131362,9,-105.71,6.70,0x41860f8e5e8ad263ac1678acf9bbed0245ee61f46ed39b9e33147965fff7d9b85303f9abc4d01f6ad06d3e05523f28bdab1ae06c,52,868,7,125,4/5,0
HWS-003-BACS,9,159,BACS,limo01,1784116744358594864,1784116876735473030,0,0,132376878166,6,-106.23,6.24,0xc06f67d786a9d266226ec29658675dfc4cd61b7d4865c814dbaf37036051157c127d3a66a2f8867fcc4680f0b559d6fc3552fdbb,52,868,7,125,4/5,0
HWS-003-BACS,9,160,BACS,limo02,1784116744864195812,1784116845436160183,1784116845436161889,1784116845609402389,100571964371,5,-102.41,-1.83,0xdd5a7df7b9c911c2e5f9b39059b16e3c52b2e12522db58a02fd816032c08035009a5ad64b872d65fa6449705c005e34c149f1324,52,868,7,125,4/5,1
HWS-003-BACS,9,161,BACS,limo01,1784116752088178422,1784116881465220643,0,0,129377042221,4,-100.60,-1.39,0x47f70cdd773a52250b295d2670e7ab9969f362c959d299db0f73eb03486eb8b2b555ceb9083e13dc1ef9a997afb9df170f3e7160,52,868,7,125,4/5,0
HWS-003-BACS,9,162,BACS,limo01,1784116753654316547,1784116941624290590,0,0,187969974043,7,-93.75,10.15,0xccb2a09ed4b2803c216c51f20bc7461bf4149ab9fba0773a7a61a5e85ea37972a1f679b84af4b8081f9bc9510df9827840bb06a9,52,868,7,125,4/5,0
HWS-003-BACS,9,163,BACS,limo01,1784116759029091787,1784117150209636739,0,0,391180544952,2,-90.60,11.98,0xec933f015b2b18d9000f6099b61fa6800ff0c429dbd4fdacd7dff67f6a6debd0e4da4f4d035f89be7f54fa6171a09e706332ea80,52,868,7,125,4/5,0
HWS-003-BACS,9,164,BACS,limo01,1784116761997464111,1784116953168993587,0,0,191171529476,3,-93.28,-3.66,0xa8284fe67a4bdfae510eba62c995240c0d741d777b207faba984a7587a4701d5e6bc46fa979bffea825f79bb6eeedd7760292159,52,868,7,125,4/5,0
HWS-003-BACS,9,165,BACS,limo02,1784116764305239602,1784117214739643475,0,0,450434403873,7,-92.51,13.30,0xb8cc54f4e28b33d8f42bee0354a86a7eb178a3c0a5bc24a770ed8410009971e2c6691f5c1ee50f60dad0079b7ab54d52ee94facf,52,868,7,125,4/5,0
HWS-003-BACS,9,166,BACS,limo02,1784116767869874484,1784116901138269486,0,0,133268395002,9,-100.33,6.63,0x23d8347acd1646051db9da401f88acf4aa64701cf0bbe3bb5d319bbb505690725229aa40e1e983102a6648533491075d0b171131,52,868,7,125,4/5,0
HWS-003-BACS,9,167,BACS,limo01,1784116771165847803,1784116914971461788,0,0,143805613985,7,-85.32,-3.71,0x08a53fee546275c7bfe816d4c10f96b17c825527f75a5c93a27a57b295e46eb0415a2702205534330f9d2eba3612b29f6cbb6e3c,52,868,7,125,4/5,0
HWS-003-BACS,9,168,BACS,limo02,1784116776422878896,1784116892934299744,1784116892934302740,1784116893105106716,116511420848,6,-84.62,10.20,0xe18018142861df9f437d9d56eed0239a414c75424808fb389ab018205754df9a8e152f628ab96497ad1f191e503636708651449b,52,868,7,125,4/5,1
HWS-003-BACS,9,169,BACS,limo02,1784116779549824089,1784116952768616231,1784116952768617945,1784116952937987553,173218792142,4,-100.64,0.53,0xae669e9e2d0d58fb820bf3ff7bf06a7d1ae16122bf29d8fd7233d742e61b39ac41139452c4a636309cac70ed701db0be19a1fd53,52,868,7,125,4/5,1
HWS-003-BACS,9,170,BACS,limo02,1784116783609007169,1784116825474153955,0,0,41865146786,5,-91.32,-2.60,0xb05b1fd419c204ac7d7787e25bc867a554031f226722cdb4353ebed45c2b3bdb68ddf4cc77432fe4d9d40ebfb6fd0982fe4eb068,52,868,7,125,4/5,0
HWS-003-BACS,9,171,BACS,limo02,1784116786393752971,1784117009499414428,0,0,223105661457,9,-107.17,-0.75,0xae0e8922b1361299c0f49cf8b5b46a89064ffb9f10c0d59204ab1a3db94615d9222fd64b8a4df0866efcdb74d0f59255fbd5b02d,52,868,7,125,4/5,0
HWS-003-BACS,9,172,BACS,limo02,1784116788771251569,1784116894370925998,0,0,105599674429,1,-96.30,-2.36,0x8508ddaf69394bf181ddd8904ceeffc6e24da82dc5a2f45c38f1e4e81537e747d57a61e477a239ac5a64b8a6cb539890246067ad,52,868,7,125,4/5,0
HWS-003-BACS,9,173,BACS,limo01,1784116790672452866,1784116880734081882,0,0,90061629016,2,-95.35,12.56,0x0c9111e8b7b6f138adc9c32c8e0fe9605279ad218b870ba8fc43ff975069c1d08cc1463a76110f81ed6edee72a7acd0e3ed12b9b,52,868,7,125,4/5,0
HWS-003-BACS,9,174,BACS,limo02,1784116794702065605,1784116972969642292,0,0,178267576687,7,-86.45,1.30,0x3a27ace8d4882ed1c56bc6cd9c1ab9126d7a6574812c856eba7464e7616bddfb912823542cb8ce658b8b1f734ae1e227331ad3a7,52,868,7,125,4/5,0
HWS-003-BACS,9,175,BACS,limo01,1784116800959126309,1784116917031751722,0,0,116072625413,9,-107.42,-1.97,0x8aadf8e6d753a2b4406675350a648b09ad57c2e2d9035a4cf6fe30e0d92a03a1cd70aad3187029f6e11a5b002fa86025e6ed2784,52,868,7,125,4/5,0
HWS-003-BACS,9,176,BACS,limo01,1784116805064719218,1784116981460893187,0,0,176396173969,2,-105.79,-0.90,0x1ed1f2382c343bfaf41766fe9378a1e4591ef2b44f5b1d740d9cd24c655b9534e3697aae0c6f09a6d4f98eb37d01fc0c71d2d125,52,868,7,125,4/5,0
HWS-003-BACS,9,177,BACS,limo01,1784116807963202659,1784116927124760530,0,0,119161557871,2,-102.99,1.21,0x580124eacd7e90c971a11ecd30842e38f3c48a5f0fc8ce947b491874064977860181b8179ba3d5e823c142c3d93e1ac334e9845a,52,868,7,125,4/5,0
HWS-003-BACS,9,178,BACS,limo02,1784116808857376404,1784116909902272623,0,0,101044896219,9,-100.44,4.56,0x6ab1516673bb11949412dd94a34c8a634633deb8c81df6223685e5cece97155bce29a863b238774591fc61bb529512985b140937,52,868,7,125,4/5,0
HWS-003-BACS,9,179,BACS,limo01,1784116815045540977,1784116987286049753,0,0,172240508776,8,-88.51,10.96,0x71da1e37bcff6f8321e2e912849fc16c2856ccbd7cb2b938b8fd746e4055c54f8134a6993f95a4896cbe09741ad4b440a53b8e9a,52,868,7,125,4/5,0
HWS-003-BACS,9,180,BACS,limo02,1784116815855804292,1784116877641066124,0,0,61785261832,4,-101.09,13.89,0x533f741b863c613f0d2766603bf533c5e8520ecb9d185458266b217ee0f226428cb8f2655768fa0ddee7606cfe7555613b30424d,52,868,7,125,4/5,0
HWS-003-BACS,9,181,BACS,limo01,1784116822483440029,1784117018907838972,0,0,196424398943,7,-105.55,-3.04,0x58572a614c785783a059192336bac738a96c7603939c17b00f2e9772beb9b9dff355bc641fcffab31a82168372da5c836f7dceee,52,868,7,125,4/5,0
HWS-003-BACS,9,182,BACS,limo01,1784116826073515372,1784116916048476483,0,0,89974961111,0,-100.56,11.85,0x02362fdb5d65c55a24394a62ac1a71acacef9213f31629a6285180012c79f464b8e36e25928c17a9f4a0b6012cbe6d32b0786564,52,868,7,125,4/5,0
HWS-003-BACS,9,183,BACS,limo01,1784116826089814736,1784117089674817321,0,0,263585002585,7,-109.50,4.97,0x1dbeb3685e976672ae2ec1c002417146f30b42680c2aebc0258df68ff9e03b7d748790c293b2426361a9f472dc7175ad462228db,52,868,7,125,4/5,0
HWS-003-BACS,9,184,BACS,limo02,1784116833283100299,1784117021530036111,0,0,188246935812,5,-93.68,-4.11,0x79d85f5feccbb63ce4d4db65b5804945ecfd8b8373c07b637190d1ea28b2b3832a301a4ad8f56516760a038c2655d1dcde659b4b,52,868,7,125,4/5,0
HWS-003-BACS,9,185,BACS,limo02,1784116833039569751,1784116941213055042,0,0,108173485291,1,-89.04,14.79,0x93035c0d22e778287f483fce62ba1f175457210ab6d0024f1a0780a1333688693c871d906e69d2e4ae98ff5573c3f95d7abac3b5,52,868,7,125,4/5,0
HWS-003-BACS,9,186,BACS,limo01,1784116836641189977,1784117009300478885,0,0,172659288908,8,-81.31,13.50,0x51e6ebe7d6a95ec074bbda1a3a359d192ffd8988ae22e0b131d3d780630e43c3ee9c32f9b26668861664d5af88c8bbac217977fb,52,868,7,125,4/5,0
HWS-003-BACS,9,187,BACS,limo02,1784116843291923526,1784116915309434375,0,0,72017510849,9,-84.57,9.48,0x314d53810fd46fc80e0f84b431e005ea2a9491bf800f1fcac8441009000ff7ab6370330854d826f1753cc0cff2545135d5ee0491,52,868,7,125,4/5,0
HWS-003-BACS,9,188,BACS,limo02,1784116847082146343,1784117008112900957,0,0,161030754614,0,-103.47,14.98,0x290e51e490fd6bceb551ebedd5cc4b73ad9949d4e62900091a3cff6b27d226d93aa3a848339eabac2fe9f8b38b9c86795223207f,52,868,7,125,4/5,0
HWS-003-BACS,9,189,BACS,limo02,1784116848631282647,1784117012428960981,1784117012428965432,1784117012602264383,163797678334,3,-96.08,2.24,0x9593283a1946295ea8f88d8111c0af1bdcb14e44fde4513109972b62fb9ac8f66a0d2e604012c7c99b7377b1ba301e438e86a394,52,868,7,125,4/5,1
HWS-003-BACS,9,190,BACS,limo02,1784116853722920544,1784117062415697782,0,0,208692777238,0,-91.97,-4.15,0xa90f8f8a24a994e4d5d0dee6b3c6d72935d9860d19f92a2beb3874f8f7d1ae6d5d14dbb8659593f124b9024006e537ced959ead1,52,868,7,125,4/5,0
HWS-003-BACS,9,191,BACS,limo02,1784116854124352871,1784117139191615365,0,0,285067262494,2,-100.90,9.24,0x91d25f442279f98db3ace3adf5255a2aa99ac1899c8e178ecd97f7772eef5b9641c8b66c2751f8397de51e93736ff57b3b9a9ca7,52,868,7,125,4/5,0
HWS-003-BACS,9,192,BACS,limo01,1784116861530941010,1784116957978898678,0,0,96447957668,8,-89.26,-0.11,0x6c65806443668f6ebcb44dbeb6da1b35308deafec2d4a286b7e0d02df003f25900b0063ad033d602763b25e112715d8fa7369ebf,52,868,7,125,4/5,0
HWS-003-BACS,9,193,BACS,limo02,1784116862164423612,1784117185727190759,0,0,323562767147,4,-95.46,-2.51,0x581b756668666437a6a569be24600dd42c9349bd47ce5513fc99557e1884ddda854f349400244c9ec9d021674e639d65aeb25d88,52,868,7,125,4/5,0
HWS-003-BACS,9,194,BACS,limo01,1784116868011831893,1784116943277258489,0,0,75265426596,2,-108.22,-5.00,0xe75ac2e8e02046d3337e713e0344ff629a526e3e1d006d503cf8b024c832bf389ae9adaf420c4465be422da005d6a759b90be8e7,52,868,7,125,4/5,0
HWS-003-BACS,9,195,BACS,limo01,1784116869176523096,1784117030783726232,0,0,161607203136,3,-102.19,11.90,0x8b8407ab5a5abfb3aebaacecafcf7b731dfcd9aeb71dc22f9a3604968e8aa50ff10f8533c2c070898f79ad158095ac5920d93095,52,868,7,125,4/5,0
HWS-003-BACS,9,196,BACS,limo01,1784116873353599879,1784117164011417860,0,0,290657817981,6,-95.49,7.57,0xa6fc2a40ac1e49ff4e017acdeb574f607954dcd295e984384eadf339bcb5f61f37c8d3f99b341d9ca565b77899ca8db8a1e780d9,52,868,7,125,4/5,0
HWS-003-BACS,9,197,BACS,limo02,1784116876996620319,1784116977459823294,0,0,100463202975,5,-104.62,10.92,0x8856f102d5046e89c34b6d13b4cb026252f2905d1972c4e5e494a740002440b947521b5bd55f05750851ca2b545b1cf8a53938f3,52,868,7,125,4/5,0
HWS-003-BACS,9,198,BACS,limo01,1784116880741183594,1784117109983203028,0,0,229242019434,3,-105.59,-1.05,0x907699b8231457a4cb67783a04223d5c28059d447130730c93af94fceda69911bae1578b8425b411ff6ae3632ce9163bcfce2df6,52,868,7,125,4/5,0
HWS-003-BACS,9,199,BACS,limo01,1784116883968293403,1784117148470730771,0,0,264502437368,5,-91.51,-0.85,0x594c8b771688d8e55f12e10b53c999990866a8217f945d22df3dec594869cc6a5393f53952b8cadb7cfb3fe741c920d7b99d7f7c,52,868,7,125,4/5,0
HWS-003-BACS,9,200,BACS,limo01,1784116889861076954,1784116988501220089,0,0,98640143135,4,-80.08,6.36,0xec133182e28ff1e26a0783a4d68187a7bcb4242e81ebf830d219346dcaed0505ede82198427970d8fac4e0033c87b39a7800126b,52,868,7,125,4/5,0
HWS-003-BACS,9,201,BACS,limo01,1784116891570390103,1784117184477841599,0,0,292907451496,5,-87.22,1.23,0x9fdae89a74e3e1d020c1c901b70d63922e340e3f8f2a9a6da329bb9178116e0114f80cab94d15ac5aa7c5d3cbb72f5cc722f2b8e,52,868,7,125,4/5,0
HWS-003-BACS,9,202,BACS,limo01,1784116896150846692,1784117272722248038,0,0,376571401346,8,-94.33,12.97,0xc83267bf2ec7132318e23752c37e37326ff3762f722d4b5246c0fbd1b55ce7bcbf072279a050e3919b43df3661f5e488351d7bf9,52,868,7,125,4/5,0
HWS-003-BACS,9,203,BACS,limo01,1784116896819946893,1784117116611788229,1784117116611790051,1784117116785029571,219791841336,8,-105.90,8.45,0x65d6dd7def0da51db712849ba0a56d21219a896fe1887dedb3ee6f27988b403534d339ad03d8ae2bf63c069c6ac87fce8a348258,52,868,7,125,4/5,1
HWS-003-BACS,10,0,BACS,limo01,1784116900706440715,1784117041012277993,0,0,140305837278,0,-105.78,6.37,0x9e72e88095091cbcb3af9f19b16f396019c8097067ffdea6fb34dd9e3f3613b818bdddc5fa526c700a74d793130a63db7b72e444,52,868,7,125,4/5,0
HWS-003-BACS,10,1,BACS,limo02,1784116905004978667,1784117139608122593,0,0,234603143926,0,-99.12,-2.48,0xab74d79b3aa10b30eb4d5440b9d824be34d0b6852c018872b84f54bb507a8a7ff2b4805d53c91171b128e0f5ee709bfb69f305fe,52,868,7,125,4/5,0
HWS-003-BACS,10,2,BACS,limo02,1784116907532051305,1784117066936986979,0,0,159404935674,5,-99.47,0.98,0xc01e0be893bc211867c5b45f9017e563a72e01164598f2b4441f73980361a43f0d787ba26a7ea980534bd49513a1b71031903604,52,868,7,125,4/5,0
HWS-003-BACS,10,3,BACS,limo01,1784116911022923760,1784117107824653592,0,0,196801729832,3,-87.48,-1.25,0xb4e603c28c37c939fe4f576d6c428902f393a32cabf27e5493ebeafa577a44645f0f5a924a4d2cb6f15fe7f97d21fae9e24faf79,52,868,7,125,4/5,0
HWS-003-BACS,10,4,BACS,limo01,1784116913929682445,1784117139664372728,0,0,225734690283,1,-102.25,12.71,0xb5b152e5563a83186a8f0fc21b50dfb2e7ee32c46ebd8c95c21f4e41980cc35b9ac3044d7a45151df76500411464d1c61faa7641,52,868,7,125,4/5,0
HWS-003-BACS,10,5,BACS,limo01,1784116918263688884,1784117007695111341,0,0,89431422457,9,-83.79,6.97,0x07c610aa8076a572e21291a843756e4d2358553dd67570a4502a298d3d50c87d4c721f10ef7a197cdaf0e62236a5b99c2623aac7,52,868,7,125,4/5,0
HWS-003-BACS,10,6,BACS,limo01,1784116923266760970,1784117258344031186,0,0,335077270216,5,-86.68,3.20,0x4fa56f9e8f1b2c644c29037107b121b3d72aa53399b69a43056e0f3230f89283a89f363cc2840e81a7f83fb68b7963c728097383,52,868,7,125,4/5,0
HWS-003-BACS,10,7,BACS,limo02,1784116925209956805,1784117185028508549,0,0,259818551744,10,-108.10,14.03,0xf95f73f94aa40ed9a27d6c75af558d981dccbecc81f967e3a3e06ed87d490ee4300e387d65c1528231a5289aea656f362eb1b5bc,52,868,7,125,4/5,0
HWS-003-BACS,10,8,BACS,limo01,1784116928647885014,1784117031124091145,0,0,102476206131,2,-93.39,10.30,0x6071668afa0edeaa794b93a7ea6d32d32d1991f53687d771a4f38d2f5a5a5dfd9465f464aafcfcbe2707b5f3ea6233bdf3cefd61,52,868,7,125,4/5,0
HWS-003-BACS,10,9,BACS,limo01,1784116932703749269,1784117001960588169,0,0,69256838900,5,-100.55,11.97,0x704612e0bdd825613acfe86a5b3778057c203bdf04c83c9b7605a7db0d0dccfaa8d5e41a4965f006b87bd443cd6fb5a1d0045de0,52,868,7,125,4/5,0
HWS-003-BACS,10,10,BACS,limo01,1784116934044595917,1784117127459329388,0,0,193414733471,8,-106.92,14.71,0xd530f2d77f31038e77ecf2309e8a07dd519f39df0ce1648824c801823e47520996b6baa349cb8954575557e6442188dbff577d8c,52,868,7,125,4/5,0
HWS-003-BACS,10,11,BACS,limo02,1784116939439147057,1784117104568891629,0,0,165129744572,4,-86.59,-3.02,0xe4bc43219d049c569184465ce812c80760b0a1209b4dcddad58cb6d088a2c1b0e45601222aff42a40bfee72e5bdf7953d4e1abe0,52,868,7,125,4/5,0
HWS-003-BACS,10,12,BACS,limo01,1784116943385807307,1784117049707909372,1784117049707912285,1784117049873702532,106322102065,4,-101.57,6.36,0xbf756ace3bd0a9462b5d9b7730085cada297f3bd674b851a80e0079b0caf4b4490f31a94a878393b989eed6efd5ec64dcdcf88c4,52,868,7,125,4/5,1
HWS-003-BACS,10,13,BACS,limo01,1784116944204480352,1784117157116672278,0,0,212912191926,3,-94.36,2.99,0xcc13a59d6f66d6539ac7d6c6918319e8a7965468235580794f450c97a3cfca3fd753a13103c5a41985efb50166ab2e42a8f2819e,52,868,7,125,4/5,0
HWS-003-BACS,10,14,BACS,limo02,1784116950259802249,1784117203818398627,0,0,253558596378,7,-89.43,9.66,0xbdfa4dad680ae0a6a4508428c675ae062df20fa7d3f83585b441260948f7640146e3477657f0f23182b69ac649b6bf96ebbe965e,52,868,7,125,4/5,0
HWS-003-BACS,10,15,BACS,limo02,1784116950629335051,1784117141205378164,0,0,190576043113,1,-83.16,1.26,0x8635ac031bc96e7e75f0525d720cbb9e8a030650ae7c94cc784b77d8ac3e5a8ef965dcc10f79d9f83df507acb038d272497b9df1,52,868,7,125,4/5,0
HWS-003-BACS,10,16,BACS,limo02,1784116956812889725,1784117050677151896,0,0,93864262171,8,-102.80,8.89,0x4924686516898915406ca587c306beb8d79b177b1898219a546d98939fde7c40b1dbc240086206ce8bd32b4b4b1cf191ba2a07f4,52,868,7,125,4/5,0
HWS-003-BACS,10,17,BACS,limo02,1784116956593647686,1784117123807247273,0,0,167213599587,7,-91.34,7.64,0xe19b170d2d395ace0f7fb3e14e7aafbd0291fb258cec5e60b3a31f228d1598947a10f9eeb290e9cfb8aaa05ac94ac2b5ed6800f8,52,868,7,125,4/5,0
HWS-003-BACS,10,18,BACS,limo01,1784116959783899679,1784117078635348962,0,0,118851449283,7,-104.91,-1.20,0x6efba75b7a24eacc96ead84a56429a7ddcde76fb1cfaa7c902fea79cf4eb137f0d7b471b3fcb02bdd976aaf151f36a9b6f74a763,52,868,7,125,4/5,0
HWS-003-BACS,10,19,BACS,limo01,1784116963122172700,1784117164611842996,0,0,201489670296,2,-93.26,3.46,0xe0127c3879a546af309d67c60435bc5459f75e039ee9fea4bb2e65350a5c095707105cac903b4ecd39c1c376e711d302917e1bf7,52,868,7,125,4/5,0
HWS-003-BACS,10,20,BACS,limo02,1784116967157816645,1784117073225601432,0,0,106067784787,2,-81.14,3.97,0x907e6f24faa31f2da09d2a10de417f50a07445b6d0630d05df46b50da9f89c2ec2550c4e8b394eacf6e712504015f672feb906f2,52,868,7,125,4/5,0
HWS-003-BACS,10,21,BACS,limo01,1784116970502038024,1784117080774445858,0,0,110272407834,9,-107.93,12.48,0xac0256afa6fb4be1abfa78407d9129df357912305a886c4acf34778531107696b8247d046f24dcb4059c76bfe29bca2b06683aa3,52,868,7,125,4/5,0
HWS-003-BACS,10,22,BACS,limo02,1784116974759299205,1784117151900051097,0,0,177140751892,9,-107.40,11.09,0x31bd0fc88119ecb6a89be4e9508b3bed338e32c67071805d197c7b9f5f18b96051da94be175ab6af3795d9b5b21c45c3d9e8766c,52,868,7,125,4/5,0
HWS-003-BACS,10,23,BACS,limo01,1784116977947089572,1784117204814564919,0,0,226867475347,2,-83.34,5.92,0x735781455da71de3fb0b20e3cc65f950bb3f22afa906b07ce4dfc5b4d0a364b2d5aa700357515cfe6ae495b8e6bc93ddacabbebc,52,868,7,125,4/5,0
HWS-003-BACS,10,24,BACS,limo02,1784116980749836168,1784117122629221116,1784117122629224303,1784117122795076312,141879384948,0,-106.72,5.99,0x4c551827874a4bc28a7c03162a6266c4da562960ef1347a543f75c8c213f6c303293ce1c99de85ddaa736045b06c56beb9e57a84,52,868,7,125,4/5,1
HWS-003-BACS,10,25,BACS,limo01,1784116984972018147,1784117177527186428,0,0,192555168281,9,-94.51,-1.66,0xc064925e1732aaa9b719b125db54ef2c14868ec218a1f00e57d981d78e53fcc35f9678c1c7d336717de841299aad60a4bd524205,52,868,7,125,4/5,0
HWS-003-BACS,10,26,BACS,limo02,1784116986690177124,1784117114313362489,0,0,127623185365,9,-106.23,4.23,0x4f1ffc9b03774af8ebdfca0ee94bb891ec078ba032b3cb2f0cab0a775b9a342386c6b92a5be378802c4a65a58cb7a79c1442913c,52,868,7,125,4/5,0
HWS-003-BACS,10,27,BACS,limo02,1784116992046854156,1784117099194774938,0,0,107147920782,4,-107.67,10.73,0x50fa9f2e1e606c044d873ec396a310e7f8206f86e3200ba7a0a7bbe72469f123875dad6c1c658b15120ec0def1d10787f5c7e8f7,52,868,7,125,4/5,0
HWS-003-BACS,10,28,BACS,limo02,1784116995067055488,1784117201789961824,0,0,206722906336,5,-105.52,3.51,0x81000b572b4dcdd42bf769cf6b35656334b218d969c2d8d5f4801d45385afc8b13cbae9b343d0d961fbcaa1666978f0f51d55f99,52,868,7,125,4/5,0
HWS-003-BACS,10,29,BACS,limo01,1784116996762721396,1784117038575721737,0,0,41813000341,10,-93.30,6.73,0x09480d35f4917778054c7480b0b1350e26a40fab1b9b769f037311602edf30ee108d04a36ccd78e736f875bb3f3b1d8e6428f1c3,52,868,7,125,4/5,0
HWS-003-BACS,10,30,BACS,limo02,1784116999846275826,1784117224718461078,0,0,224872185252,3,-106.96,2.34,0x7058783b9213aa3edc59e7f91f8262a59b1a37c0e426ce027a18f3d0558fcc84cb5fc2e398815955d674865c302396b9c5c879fb,52,868,7,125,4/5,0
HWS-003-BACS,10,31,BACS,limo01,1784117006538975128,1784117085288625610,1784117085288627575,1784117085455585341,78749650482,6,-102.69,10.52,0x218f6823b1dfb4aa5a8fb82106b0d093a198e960a13e3b030a94dff5cdd7f2f4c66ac74e9f541ffc96749473c10ab5cba2b2ddc4,52,868,7,125,4/5,1
HWS-003-BACS,10,32,BACS,limo01,1784117006777697957,1784117218744570650,0,0,211966872693,4,-106.92,12.15,0x0659ddef3de61186911e38e4e4d8f795e929fc797caf4fdd3cde20930deae71f2a0871d022de6e547148c499d1a1b926c07d8784,52,868,7,125,4/5,0
HWS-003-BACS,10,33,BACS,limo01,1784117012276538866,1784117339288922543,0,0,327012383677,4,-109.65,4.62,0x4866ababb441b5ed02fb5b9c244ae87cdaf566a9e8fabea9ce37f73489b304eaa8bd68acc9cecb073f2b5a80fefccf2693da6c56,52,868,7,125,4/5,0
HWS-003-BACS,10,34,BACS,limo02,1784117013942733041,1784117118571963551,0,0,104629230510,9,-97.75,-3.40,0xfccaa594eacd85cb21833f1f0eecbec2d2ae0776e2d62542f482540599dd2d50d17ed0f5b490194664cae7b90cf37ebd64879007,52,868,7,125,4/5,0
HWS-003-BACS,10,35,BACS,limo01,1784117019376336308,1784117207835874803,0,0,188459538495,2,-89.04,-2.28,0x0a6a55ba5533200bb35539ad050e252d7ff3b42807343835832f268a3cba15a213be898b18e11178b3ddc64e0f44a9caf756e6af,52,868,7,125,4/5,0
HWS-003-BACS,10,36,BACS,limo01,1784117023219871163,1784117206757694507,0,0,183537823344,7,-105.03,8.03,0xd1f61a1abda4bda0a80377117bce86952999424f9107b8dfdf5e59bc58afcb1a77f4e06d5e19ff89324ad079cfb4db6bd9b2869b,52,868,7,125,4/5,0
HWS-003-BACS,10,37,BACS,limo02,1784117024528797058,1784117253983962559,0,0,229455165501,6,-95.05,2.21,0x517e923c02de4871ee17f7b6ef44cca91cdc0426ae83b6a7c01bfeaa86dc80b422345223b4c7088a80d74ec84e53136ed91102b0,52,868,7,125,4/5,0
HWS-003-BACS,10,38,BACS,limo02,1784117028302632081,1784117139848593442,0,0,111545961361,9,-90.89,10.54,0x46118b8a1c58aee72e9c9bbdb8a8b97246de8fe0c80aefb4d8c270373ca2e8d040a6b6450e4f5c6457ff6f4344e7682e58e933d9,52,868,7,125,4/5,0
HWS-003-BACS,10,39,BACS,limo01,1784117033000199908,1784117096858571459,0,0,63858371551,0,-101.88,0.34,0x95f29a5ce41af5301bb6e33c08e74541317ae1cb21b3c359c94222427a3188c1ae50ab955fd6beda8c93def272de0c45363b4abb,52,868,7,125,4/5,0
HWS-003-BACS,10,40,BACS,limo02,1784117033324068276,1784117226286192642,0,0,192962124366,0,-88.94,9.61,0x5f3cf5342da5d1f386a6fd8e797de7b70bbb0c0e0a70be4492e2d975737fd238fbba23e609b451e1fa05883f8f2a38f93f60bcda,52,868,7,125,4/5,0
HWS-003-BACS,10,41,BACS,limo01,1784117040003850941,1784117615766531752,0,0,575762680811,8,-98.49,3.57,0xf133a89d538780edb9c298a168659305aa3141db156cbf9c0a7b6047310767da3021a3b4041509072bbed47b9f0ad548f27b2432,52,868,7,125,4/5,0
HWS-003-BACS,10,42,BACS,limo02,1784117041757770609,1784117401188580413,0,0,359430809804,4,-91.87,11.81,0x44e28580588eea264b805554106251c35fed753f775e538a7c8b62b944ebf9e28817edc0935b09a1b3f4d7edbf968039fb2df394,52,868,7,125,4/5,0
HWS-003-BACS,10,43,BACS,limo01,1784117044462042218,1784117238167434001,0,0,193705391783,6,-80.38,-1.89,0x565ff38a3129300fec3d548f7e0de7cb378cbbf8d26879a888e2fae0e88770ce7a6413607b6e912970151b6cdbeeb8901032a0e0,52,868,7,125,4/5,0
HWS-003-BACS,10,44,BACS,limo01,1784117047067091178,1784117252214192245,0,0,205147101067,8,-104.26,9.28,0xb00cc8fa2835b7860f09c7e2b22c82bd918c9e27d0c349d733b6a18e09538d93cd1878ef591de49206ce60a2d39664fa3579760a,52,868,7,125,4/5,0
HWS-003-BACS,10,45,BACS,limo02,1784117049930258069,1784117348004928644,0,0,298074670575,10,-86.01,8.31,0x9a136c630ce766d93a0883a9b466595769143e976f29ef1a062be17d8bf665cbca5872c78e6429f1eb3ced996ec227ad6f9ce346,52,868,7,125,4/5,0
HWS-003-BACS,10,46,BACS,limo01,1784117054541848131,1784117445210944132,0,0,390669096001,2,-92.03,-3.02,0x55be61058512a83f6b7275962137721610d1aa5df72f9c295c8bce8afaa0169b67d4dc0f0c8508ce74f4d02675837754ff20da3a,52,868,7,125,4/5,0
HWS-003-BACS,10,47,BACS,limo02,1784117058779602549,1784117180337717146,0,0,121558114597,9,-82.18,-3.30,0xfcdc8e614c94416e4472ea46a5de7f021336ae2b99864f56136b5c5d64e2d08529b5b693ecb040ada0f10dc18908f065110676a9,52,868,7,125,4/5,0
HWS-003-BACS,10,48,BACS,limo01,1784117061252990887,1784117226055558210,0,0,164802567323,9,-101.74,-4.53,0x976bc7c0af54c3213f540839f87b8520eec9e628c001538c51b6a72003398470c05c2f06bd109145ca02ba9723d58937f48b98b2,52,868,7,125,4/5,0
HWS-003-BACS,10,49,BACS,limo01,1784117064440311758,1784117214470218371,0,0,150029906613,7,-83.78,-4.00,0x9091c764a6d827b8b1d2381b7ca27c2453b66465bba91db3493ec05e4e82a1513033a96fb877ecdd60bfaf8bf9ffc5829f07d48b,52,868,7,125,4/5,0
HWS-003-BACS,10,50,BACS,limo01,1784117067248279517,1784117239435420599,0,0,172187141082,5,-103.89,4.52,0x15d714ab6ce1bc599571fad3db6f6fad3c5131611bda93db83b9a5f3a0094aee29dc50c80fe4753332914ef46e559cf2b2593739,52,868,7,125,4/5,0
HWS-003-BACS,10,51,BACS,limo02,1784117070635716952,1784117145809443688,0,0,75173726736,7,-86.80,-1.67,0x2128720a8af4eab745a0a0bca9b1440372f7806b1634a0fff8ef8dd413acf32b64b45bc9f29e5ff295c9c3d07789d3f920fd20fa,52,868,7,125,4/5,0
HWS-003-BACS,10,52,BACS,limo01,1784117075268353731,1784117156756845788,0,0,81488492057,7,-80.87,5.80,0xc89e2294dc361e3cd16d497bed1949ad05d4f92fd89833de5d0f7e66eb103de844d5f533ac106123ec3b6cf2d80af79e6ad19371,52,868,7,125,4/5,0
HWS-003-BACS,10,53,BACS,limo02,1784117077157956957,1784117180493681217,0,0,103335724260,4,-105.74,12.06,0x4f4368fc0101be670d79868a0bee9630dff254715db3ccb62cba14a96c6d4ad50134e643be924b5486e0404526d46aff472bbc7c,52,868,7,125,4/5,0
HWS-003-BACS,10,54,BACS,limo02,1784117082673230206,1784117163140523198,0,0,80467292992,9,-86.20,9.40,0xe6f7302db47991ce786e6f9c9f918a78fd780c1813caee179728534b3e6cd54096945b92d0d222315370b78ac03575eec18c2b66,52,868,7,125,4/5,0
HWS-003-BACS,10,55,BACS,limo02,1784117086154430067,1784117361760700852,0,0,275606270785,9,-90.13,1.48,0x60f3d9906d4441923d5841c6d9963037960dd35868afc619fb54e965689c247234b69cfff3ce09935845f93a37b5b446be403d00,52,868,7,125,4/5,0
HWS-003-BACS,10,56,BACS,limo02,1784117086755162419,1784117402587000262,0,0,315831837843,10,-107.85,5.41,0x940d4ed607477c18c4eaeebe426c3958158aed971a619fd973621eb5bb97693526f8e49628ff049344f5200f000b044cc8debfb7,52,868,7,125,4/5,0
HWS-003-BACS,10,57,BACS,limo02,1784117089141139796,1784117203752436901,0,0,114611297105,1,-105.80,7.86,0x05a9add5b3b0e860e3027a396f8341705e8a0183ffe3e434fa142c5c3f4a3ceae7828a37b253bd521e4365e4710475537ecd3353,52,868,7,125,4/5,0
HWS-003-BACS,10,58,BACS,limo02,1784117092753706826,1784117348785397248,1784117348785401327,1784117348950881486,256031690422,8,-90.96,-1.73,0x543ccfb68ee14493a57d10f3de33d5fb45929e547ae0662962c419d8c92f55a547072a6f1dbc48afee0bdfd042eb24baad23c078,52,868,7,125,4/5,1
HWS-003-BACS,10,59,BACS,limo02,1784117098821063950,1784117203577640529,0,0,104756576579,2,-94.97,4.34,0xdb80fa55c03d62f4bb7420a4d86608595e4b3c9209ee00a13df02e9ae4462f6ecf56ae45d8d63c904ed62fc163224af8cab36ef8,52,868,7,125,4/5,0
HWS-003-BACS,10,60,BACS,limo01,1784117102511232033,1784117243768982146,0,0,141257750113,7,-109.41,9.14,0x897bf5c8f9426b35e28a98da768905b0a9d0d042d99249f827c6dd6641035e8ef06a39725d04ee7b9e77bf332a6afcb932782f47,52,868,7,125,4/5,0
HWS-003-BACS,10,61,BACS,limo02,1784117102414502009,1784117269777085858,0,0,167362583849,4,-81.28,2.27,0x274e495f14fadd64d2982458bef835a3d0177f55d0dce83f8b48740119eca23ff2b6f8844005b7be19bfd97fe61228d6767945f2,52,868,7,125,4/5,0
HWS-003-BACS,10,62,BACS,limo01,1784117108830216971,1784117208319013345,0,0,99488796374,2,-96.90,8.64,0x9b6ec9300bddbb2e889f6ff293cd56cca8b5c7a562c230b65e40d52c0bc5fc6d4c36b39cd8a7b879b20a879a5f479e2997f77ba2,52,868,7,125,4/5,0
HWS-003-BACS,10,63,BACS,limo02,1784117110782700870,1784117250152701457,0,0,139370000587,3,-92.68,14.84,0x3bbd610ab5ef1e1c39ba338d3ad350bbd28d12c4054f1954d38dd72e228775a52f47dfacd378314327ffcb344805f1df621c80f8,52,868,7,125,4/5,0
HWS-003-BACS,10,64,BACS,limo02,1784117113970556102,1784117192392546074,0,0,78421989972,7,-81.78,-1.35,0x3a26da0753f893c80854405c0aa50e717c35b43dab4d13d120b7a73f12d81297981dd244d7a3885c1fe47d5d138ee912e9fe8310,52,868,7,125,4/5,0
HWS-003-BACS,10,65,BACS,limo02,1784117116197846904,1784117261577499922,0,0,145379653018,9,-91.40,8.92,0x9c1a1e853e7a1a935dc9452acdf83a20ea5c5907690a0b645b80370344b4ef63bc1eadba5339521fa594bea1b2c8ce204009fc19,52,868,7,125,4/5,0
HWS-003-BACS,10,66,BACS,limo02,1784117122599944578,1784117311531225481,0,0,188931280903,9,-96.72,-0.48,0x21ecd9d2d765f70c0c9648b9beaa69beffbd9de7bdd38fcff11ae590db13ccb8e3cf24dd64748d02e05d3dab4c5e0d88587199b5,52,868,7,125,4/5,0
HWS-003-BACS,10,67,BACS,limo01,1784117125954744751,1784117251012882681,0,0,125058137930,1,-105.16,13.95,0x921388f8b7d297afde6b4f5b5cfd4880ead6f2bb0cad1c936b7940e74fe185b9728fc48c9bc132d1aa1dba626b966d9fba25fd64,52,868,7,125,4/5,0
HWS-003-BACS,10,68,BACS,limo01,1784117126224567736,1784117270966756118,0,0,144742188382,9,-96.68,5.87,0x5fd56aedeab51029e9ecddc4523dec1ccb53bfc24a15683a52b78727e473215ce1478f528530b538ec56a1fcfbd40eee854b10fc,52,868,7,125,4/5,0
HWS-003-BACS,10,69,BACS,limo01,1784117130624766095,1784117237942073145,0,0,107317307050,4,-88.86,4.23,0x512f980dbb67639a08e0ed6009f03994621948974f58d507bb164adbfa173a4eb49c11ab64c803d4f9da018fa645f04deaed726e,52,868,7,125,4/5,0
HWS-003-BACS,10,70,BACS,limo01,1784117135813085577,1784117554912031132,0,0,419098945555,7,-102.07,7.68,0xf46b286861852e2d7e27304db445b5cbc2a4215032b008370fb7aeb57fef207a8d8ff0e2b9434c68f7aafd340bfd55810747bfa4,52,868,7,125,4/5,0
HWS-003-BACS,10,71,BACS,limo01,1784117136586731938,1784117515127079534,0,0,378540347596,3,-101.49,4.39,0x4b61b5bd20d64defc669589ffa48753a373208dee612b01f503d343f65493b7c88a7078f7152635a74d96225bdb7c13f624462d8,52,868,7,125,4/5,0
HWS-003-BACS,10,72,BACS,limo01,1784117142311606683,1784117335813613972,0,0,193502007289,0,-101.12,7.28,0xc0d621ecc17166d9b7246852b137a3ad813b8179744c55682315032f1550dccc8bb3c8cee310e981d3cb9a1deaf83b2e1dd77159,52,868,7,125,4/5,0
HWS-003-BACS,10,73,BACS,limo02,1784117143972092920,1784117309823305240,0,0,165851212320,8,-96.34,0.99,0x633be1a465ce9f075edd1d7a8b38beaa382f3cddb586276127d718801b223fa5298009d1bd4ac55ef01c217405ad44f3337b3039,52,868,7,125,4/5,0
HWS-003-BACS,10,74,BACS,limo02,1784117147980974243,1784117290599819096,0,0,142618844853,8,-85.99,7.03,0x6a8853442f3569e20682c7caa15ba7f82daf1f193dec8ff9f98c882f760b092a62ae60b4b3957bc12b743b91938637161aa0e00f,52,868,7,125,4/5,0
HWS-003-BACS,10,75,BACS,limo02,1784117152807868538,1784117212901714650,0,0,60093846112,2,-94.93,14.12,0x739f1563bc6522f7df1846c6df0768d45851f25d2913626c70eb08e33e04e7bc818d0c1f081304b4b41b87e5e690af7394c98956,52,868,7,125,4/5,0
HWS-003-BACS,10,76,BACS,limo02,1784117153058361728,1784117223290274046,0,0,70231912318,5,-84.53,3.67,0x0630da91d091d38e89f4a8cc8ac0fd84fef130127060f62c9f4f8247aca109830f38dc9617f4240dd7a878d825761fea920ce050,52,868,7,125,4/5,0
HWS-003-BACS,10,77,BACS,limo02,1784117156532469826,1784117439198370428,0,0,282665900602,1,-96.19,12.89,0x88d4a636bc0052ee65fa8be7a46bbdbe24776fb9fa9619ca0771378834cd78df5ba8da2e61de175b63fde7e30daf443c01fc5105,52,868,7,125,4/5,0
HWS-003-BACS,10,78,BACS,limo02,1784117159073853391,1784117272420068878,0,0,113346215487,1,-89.37,6.77,0x67b7e06f8c941a82c3d1763e8cd1c7e41ed821a5dbde36efe59296077e8b9e8cc96a93c3c04e4b620e1ee71706f268afc1ae6ca9,52,868,7,125,4/5,0
HWS-003-BACS,10,79,BACS,limo02,1784117165148867307,1784117346829218329,0,0,181680351022,6,-108.40,3.08,0xf4c50bcd4a49d20ceaeab623df95e83f26d78e3b434d394e2299db1d170f9a10cbf44b9134dff8af64db921ae82d3a7027c5891e,52,868,7,125,4/5,0
HWS-003-BACS,10,80,BACS,limo02,1784117167065213396,1784117495463109143,0,0,328397895747,7,-96.99,-2.68,0x99c41d05f1835c3ec101c271cc4e1b2408b51c3bca94e58a8fd31b8a684bca7d904d5e72d587d436d285451ff90d7ab7d679ce6d,52,868,7,125,4/5,0
HWS-003-BACS,10,81,BACS,limo01,1784117169513444846,1784117397730744524,0,0,228217299678,0,-88.77,14.88,0x0a198e6fdd9b16f525f412fcde9f5c884d792330ffde56e315801b57d264d19c307bb47b67d22f8e9b455dc0496219c606a06044,52,868,7,125,4/5,0
HWS-003-BACS,10,82,BACS,limo01,1784117175156588887,1784117330598120925,0,0,155441532038,7,-105.20,0.09,0xa11b93794607123b6d0175f812c95cf901f086eeb21ab8cf0bc3da119fdde834368be3a4f7c0478536179e0dad6a00bb690917dc,52,868,7,125,4/5,0
HWS-003-BACS,10,83,BACS,limo01,1784117178618151185,1784117287337755840,0,0,108719604655,4,-96.88,0.45,0xfc1c549dc1f83bdd0cc8ab170ae84947f215876985e74a745eb5088b5dc2eb51f03da08018acde368ef285d39e45ea8ffe0f6e13,52,868,7,125,4/5,0
HWS-003-BACS,10,84,BACS,limo01,1784117180198302123,1784117250321720674,0,0,70123418551,6,-95.82,6.04,0x1d4a6ff5441ba09eb53ee1b3fb86de68fd18f70881b0747f6d9f2c4f051f2c57e6f38f812ac249c58127ba6bf50c06f1d79cadb0,52,868,7,125,4/5,0
HWS-003-BACS,10,85,BACS,limo01,1784117183289235790,1784117370731065575,0,0,187441829785,5,-86.15,-2.60,0x1cd018b53a1366d5504d73ec4008664827a03844f861050862585504f7b18e7f7a68754d0a3303271b52cb50e62f70d2ce00da21,52,868,7,125,4/5,0
HWS-003-BACS,10,86,BACS,limo01,1784117185736991772,1784117310845308777,0,0,125108317005,1,-104.86,-2.55,0x777bc541d1a3d0751e723b7a1a1bc2d2c22182975d58bac3c0256ba9cd7c063584661caee96209aaa61cfc15b65d6eaa6cbf556f,52,868,7,125,4/5,0
HWS-003-BACS,10,87,BACS,limo01,1784117190828498896,1784117331477293713,0,0,140648794817,8,-96.07,0.04,0x7908b66571f93b5a287b0a0358f6958613b6c1abe6138f510d69e2586a7fd56d65588ffe23cb2b4a6e19dac123440989eb6878bd,52,868,7,125,4/5,0
HWS-003-BACS,10,88,BACS,limo02,1784117192756357794,1784117319637872589,0,0,126881514795,10,-90.73,-3.01,0xc64cd1f09ec9d3eab067089964c16eb417625beaae64992c786cd712ae13fa58328a27f8f6c1e50575bbacfcda8d1c6d8d26e590,52,868,7,125,4/5,0
HWS-003-BACS,10,89,BACS,limo01,1784117198967530963,1784117319849459820,0,0,120881928857,7,-104.35,-1.16,0x9ce714ba3ffed9913bc167345dcdcf27bb7e5800826b9a5ddd2e3bcd2eba5c101641e092a6956e96214f208a10242ab2478f5dc6,52,868,7,125,4/5,0
HWS-003-BACS,10,90,BACS,limo02,1784117200933163994,1784117307192962344,0,0,106259798350,5,-98.69,6.51,0xdf73127cccfe624d768340ac7e464555aadb97efeb34116de650daa4cbc60ed298b50333b5b70f8f1e0b42f7ce4f14218cd52dc4,52,868,7,125,4/5,0
HWS-003-BACS,10,91,BACS,limo02,1784117202154135127,1784117349918019977,0,0,147763884850,1,-85.50,-3.25,0xf7546ec42849b82aacafc18a3c0d2bf120df91bd272cb93317ec9694aef86667ddf9314069882e23cddf56ea9319856134f3ae94,52,868,7,125,4/5,0
HWS-003-BACS,10,92,BACS,limo01,1784117207583259855,1784117268513150565,1784117268513154787,1784117268686146203,60929890710,10,-107.89,13.14,0xdc4ac85e747433a2f0d7ed4fb6b418fe04c6b8d8e9e90a804920ed750b919a68c66fd82fabc52d0a718965af4ab8771d626154cd,52,868,7,125,4/5,1
HWS-003-BACS,10,93,BACS,limo01,1784117209778436551,1784117327955889473,0,0,118177452922,5,-93.35,8.17,0xca44581fcb334489c86e09520ad1f33aeae38b2683916a5e3e7a26e2d2efcb4867eebbf1206f14e6c6cf17a15aef46b6bf98978f,52,868,7,125,4/5,0
HWS-003-BACS,10,94,BACS,limo02,1784117213744621720,1784117270256436399,0,0,56511814679,0,-88.65,5.05,0x14d1c2f026b57166acca5a337519b69cb6de9808f48228208831c85f89c6a76785cb1b781bfda9271d6929afee99d8785f033402,52,868,7,125,4/5,0
HWS-003-BACS,10,95,BACS,limo01,1784117215999340544,1784117341098396315,0,0,125099055771,1,-103.88,12.19,0x552b643829d43f0437265c62f55f9996c0b02962ce922c1f8663cd5d5b904df443eb42d170ae012bd14a6699b66fa3d748346eb5,52,868,7,125,4/5,0
HWS-003-BACS,10,96,BACS,limo01,1784117221148116512,1784117268484849383,0,0,47336732871,4,-83.47,-1.72,0xc04370c33309fd7dd5db776b6dbd8f6d3bb267fe78d8097f923901ff9a0de37e5d149c940c6673132914f02d0afdf67446f258bb,52,868,7,125,4/5,0
HWS-003-BACS,10,97,BACS,limo02,1784117224576084612,1784117294458544955,0,0,69882460343,9,-80.69,14.60,0xb61d4703327f8fdc27779f7a23e9daf183c552dd79544643d3a5dc188edb6c96c837a3216a0abfc566348546310e394f08b252d1,52,868,7,125,4/5,0
HWS-003-BACS,10,98,BACS,limo01,1784117226402082749,1784117340590654572,0,0,114188571823,5,-96.85,6.13,0xc2a008b8af12e7525b46cf2c307f24cdc37eb17acf95b7d36d99c3c8d28ca303c49cdebf6a91a967882032196304b0a617cdf3f4,52,868,7,125,4/5,0
HWS-003-BACS,10,99,BACS,limo01,1784117228564397581,1784117535262178443,1784117535262179593,1784117535431454557,306697780862,6,-82.54,9.99,0xceea9684bf6f3b043a22c0d077a1fedb36d9491565eaa9076ff9d0c3fd4b3c409bafea91d15036426c3aa4538dfa1159bbd6e50a,52,868,7,125,4/5,1
HWS-003-BACS,10,100,BACS,limo01,1784117234384066349,1784117347687639342,0,0,113303572993,4,-83.37,6.68,0xd7a44f184dafc344f8c3514f35833d11cea24ae13826ad2479fed2786328865c4fcc72d9afb4d37b260111ea537f978be97f6cf5,52,868,7,125,4/5,0
HWS-003-BACS,10,101,BACS,limo02,1784117238363018287,1784117358233396212,0,0,119870377925,7,-91.36,3.04,0x8eb2ff359e4d21083921fbfa49ad9ec41898c6bf12a10896109e849b412e42548be93a3e91c3aebe374a030c108aa358c0667008,52,868,7,125,4/5,0
HWS-003-BACS,10,102,BACS,limo02,1784117242042834063,1784117416997647430,1784117416997648672,1784117417171146436,174954813367,2,-91.21,12.34,0x28b8a42408ab54ef71a89e4531c903de69da335f8b47787a57d46839aadff8127bfc078a32461698b87368de7d8f3452e97ad547,52,868,7,125,4/5,1
HWS-003-BACS,10,103,BACS,limo01,1784117242261984150,1784117483536388468,1784117483536392999,1784117483703799292,241274404318,9,-101.93,8.13,0x590b3bf7064a1afb9f32b4ae735b6f5d54a94e9ffccb30005667a9b442a568f071b782032a2f16241b06da1cb937402fe1c95f0e,52,868,7,125,4/5,1
HWS-003-BACS,10,104,BACS,limo01,1784117248486711950,1784117341211675302,0,0,92724963352,3,-107.80,2.22,0x6b96bc4e563cad9f80a32a6fdc8080b7d0e5e6d47177de6738b5f03b12b29496ca9e4a65b5d12fe5346d56ca4d773c15365851e9,52,868,7,125,4/5,0
HWS-003-BACS,10,105,BACS,limo01,1784117249350600921,1784117363801461735,0,0,114450860814,0,-86.65,-4.65,0x62d81128cd0b4d21db7569829ee0e2b953caac8db73e7503efeed47fad926cb35a8792a61606838640db28d07276f8000959ef82,52,868,7,125,4/5,0
HWS-003-BACS,10,106,BACS,limo02,1784117253753620283,1784117511367077101,0,0,257613456818,10,-98.58,-0.79,0xfd410de692b07a577fd8634f8674ebda47c1f8df8302c0f145514832cefac194e18d43a88fffefb9aa8b4f981b60a36ea459a88a,52,868,7,125,4/5,0
HWS-003-BACS,10,107,BACS,limo01,1784117256512992661,1784117621765748355,0,0,365252755694,10,-95.35,13.92,0xe078918e00ef0000096d601c8c263416b52d4ed8ea9a1a28d97f442d91ac16134e9b2af392ac0bae663432a3b170bceac808808f,52,868,7,125,4/5,0
HWS-003-BACS,10,108,BACS,limo02,1784117260480288092,1784117467860974049,0,0,207380685957,2,-87.86,7.75,0x9dcf913bebdfb5709ffd0785a125a59521963e50f0a2f5cf4b0821fd07a5541f9e7ea597ac68b5152f2d5bdf271139b6635981af,52,868,7,125,4/5,0
HWS-003-BACS,10,109,BACS,limo01,1784117263921400240,1784117450861744097,0,0,186940343857,5,-104.78,5.99,0xa73597455e995cf6d1767a789f5a0b88fe9238c8eb686bee54d0eb2f68d86416cd1d80049e4971da371f5d9376be74909cc7b47b,52,868,7,125,4/5,0
HWS-003-BACS,10,110,BACS,limo01,1784117268821210214,1784117514465921934,0,0,245644711720,1,-105.73,-1.85,0x031a5e3958d454df186367f5cd33c97607c4bdc036744195ded4d76002607ab3c2f569d82a1400ef9673b3face8175bb33a90aef,52,868,7,125,4/5,0
HWS-003-BACS,10,111,BACS,limo02,1784117270717419230,1784117402598964726,0,0,131881545496,7,-94.25,-1.73,0x247b332d7672a6e350a5528a8da11a234e0d0e9ace9f9ba996083354db4197d726fe75c5763a902a7e410f3e9467e74f875bdbff,52,868,7,125,4/5,0
HWS-003-BACS,10,112,BACS,limo02,1784117275118549056,1784117445398460817,0,0,170279911761,5,-84.74,7.37,0x524c1ca523b7f3022bbdbba4b383a32e6d1b24b78715e53a738c9859a9ad5861a4fc7eeaae1860a994aeab29b208f08bfcebfc5d,52,868,7,125,4/5,0
HWS-003-BACS,10,113,BACS,limo01,1784117276934270475,1784117477918333403,0,0,200984062928,2,-99.14,3.46,0x542296de3d7538b1b4e0710ca6b243d499dd1b76bcd15f7cf61e2a58e3fa2fd44c939125ee7cd507561ac5c82f1caf0a7a72e16d,52,868,7,125,4/5,0
HWS-003-BACS,10,114,BACS,limo02,1784117278800049264,1784117529798109852,0,0,250998060588,8,-83.74,10.77,0x40049396b362fddef65d95ecbcfc219d65bb93e0ec7c688d9450ec75cf1c20bd21d98b67979e78145c48525d2d1aba76263bc508,52,868,7,125,4/5,0
HWS-003-BACS,10,115,BACS,limo01,1784117282649719055,1784117342345126565,0,0,59695407510,10,-101.08,6.15,0x827ea00d1e25f6a183b7874bc6c9971b25cb0428ec175cafc102864d3eaa55792b5eaddc4614bd91181fc585e8ec5e7c1452c1fb,52,868,7,125,4/5,0
HWS-003-BACS,10,116,BACS,limo02,1784117284919238186,1784117463033612067,0,0,178114373881,3,-95.42,-0.19,0x2c454f4cc41bf43e915c09f667be7ae71f6be16d3d5beba0052410497bbaee73f87116719a6fd03b433d07fe7c9de47fc8a75071,52,868,7,125,4/5,0
HWS-003-BACS,10,117,BACS,limo01,1784117290081980873,1784117397348615471,0,0,107266634598,9,-106.39,12.02,0xf4f451659470aeeb234f3af1fd8be70867d0bebdb42fa0bde2e3b6cb7a662cb515fac2ce379062b6b39c32e6617fb5d44927ae61,52,868,7,125,4/5,0
HWS-003-BACS,10,118,BACS,limo02,1784117294419837562,1784117439304617807,0,0,144884780245,6,-108.77,4.08,0x05ec96a20135d50187d360adf265122321f97d3c490c8677967ff63b054374fc37081ca69d495eecffdeb0502f95e918b3b88782,52,868,7,125,4/5,0
HWS-003-BACS,10,119,BACS,limo01,1784117297472663996,1784117344359517624,0,0,46886853628,8,-85.83,8.42,0x170836705ebfde1cf5252842c3374291fdce2c7e4a8c33c0e77d9e3a6d7ad16001927dc09051e2184735089614b8bfa9639ec957,52,868,7,125,4/5,0
HWS-003-BACS,10,120,BACS,limo02,1784117299066780672,1784117379129288455,0,0,80062507783,2,-89.39,2.28,0x6176ad54d7b0d8e9219ffe88c21c35616ec1c12be8619ca5ab985adbf024fef345984e963e7e71a73978eac2a1f02866f69d7440,52,868,7,125,4/5,0
HWS-003-BACS,10,121,BACS,limo01,1784117304069672698,1784117458261185148,0,0,154191512450,1,-107.82,11.56,0x98f662f31af749f28e39b482c0dcff79c10d1ff3219b33d7a27b4dd8991f41ddb22cf7d3e5dbf4611dd215032775c54d76bb279c,52,868,7,125,4/5,0
HWS-003-BACS,10,122,BACS,limo01,1784117305380503664,1784117518710631562,0,0,213330127898,4,-93.88,3.69,0x13a77e66ada16514db3a81de6c346a65baa8e686c2581bb62c458f3788775760dc42a5e702d04ae6ca5a8524a2a91ae2462fb476,52,868,7,125,4/5,0
HWS-003-BACS,10,123,BACS,limo02,1784117310469860457,1784117396353668848,1784117396353673536,1784117396520895994,85883808391,4,-108.33,12.53,0xb06e37ee86072530e01946a8b62292bfbfa216b3d6ce6ee8da25a98da57eefe61f19ef9b37c488cc6700fea3a19bafea77debed0,52,868,7,125,4/5,1
HWS-003-BACS,10,124,BACS,limo01,1784117315365109782,1784117363958025479,0,0,48592915697,7,-101.36,1.18,0xb879e5ad3a92b6b99a71eaf7ebecabdb1a3c964af2644aa9e1cced037b218cc2cf11867abfb73cbdae96435f0b703769ca1ac28d,52,868,7,125,4/5,0
HWS-003-BACS,10,125,BACS,limo01,1784117318195127499,1784117478363079540,0,0,160167952041,7,-82.72,5.86,0xa645f0147ac16242ee98cf888823ea7105be4cb9c37d5f576f306e3cae86de78827d14484bdce1eda7bb2db83bfe25363aa8e19d,52,868,7,125,4/5,0
HWS-003-BACS,10,126,BACS,limo02,1784117321820955594,1784117459359143238,0,0,137538187644,8,-100.82,-1.11,0x186f54299314ecdb2362e907efdf22b211f10658259326571a9980080e4e24e946d284c1f569abb005b3519c7b45add0daa92c36,52,868,7,125,4/5,0
HWS-003-BACS,10,127,BACS,limo02,1784117321437050545,1784117443164190427,0,0,121727139882,3,-100.92,0.35,0xdd740550657dcfd30694b92ab132aab3b503dafbfd40053432d5a6e5659f3e2ab320fbbe949fa9670f7176ff057b6509036ab952,52,868,7,125,4/5,0
HWS-003-BACS,10,128,BACS,limo02,1784117328654960227,1784117495582081959,0,0,166927121732,4,-93.35,11.57,0xea0741c355f0f8b678ad5daa5f88d957c09aefecdfacbdf4b487fd61c1c12ca17f03cee6c2e1c820060c0592682b5da581214ae8,52,868,7,125,4/5,0
HWS-003-BACS,10,129,BACS,limo02,1784117331356635787,1784117508306521761,0,0,176949885974,9,-90.06,0.07,0x2bdcf05357f0164636a03b9d62db88db6a71066cf312915c8e34bc9de31d25c629ab7cf6f7da1c52498241a6f598ef63e78f4adf,52,868,7,125,4/5,0
HWS-003-BACS,10,130,BACS,limo01,1784117333361885484,1784117454948278376,0,0,121586392892,5,-108.41,10.84,0xb49cd84010b190d6c88efd8f4e365351621bf53196d6b1a036be3b107056f89927e5b85ce9ae9a224d5c918a6f852966a80afd78,52,868,7,125,4/5,0
HWS-003-BACS,10,131,BACS,limo01,1784117335365811306,1784117464990887640,0,0,129625076334,6,-94.09,8.97,0x2ebf91484a45732812870751a5f09f315f7425a8146036a4fd283b84aa31dd478592c73ca828b8c9f388db514a02ea4125129662,52,868,7,125,4/5,0
HWS-003-BACS,10,132,BACS,limo02,1784117340134454966,1784117479677952755,0,0,139543497789,8,-90.01,-4.57,0x01459f19a56796b753cb195536f1ad5200d17641c00977628b8293e876162da807cfb248aeb2255dbd5bc9bdb4f4ae805f894151,52,868,7,125,4/5,0
HWS-003-BACS,10,133,BACS,limo01,1784117342932162034,1784117442985932966,0,0,100053770932,8,-92.70,-4.34,0x276f7d8a6274584cf82591cbb3016aa409b447a57b9bd41a39c7d1c17b280434af117c218d7f61f6e9a67c3a77534e7a9b842009,52,868,7,125,4/5,0
HWS-003-BACS,10,134,BACS,limo01,1784117346132600168,1784117690867422744,0,0,344734822576,10,-109.98,8.35,0xe57b10e580853337372fc3ea71f1d952803dc5282e89bc3b5cff53b504bb97660b0637387d33b5803316304c90c2bfac10139516,52,868,7,125,4/5,0
HWS-003-BACS,10,135,BACS,limo01,1784117349894640757,1784117453523666199,0,0,103629025442,7,-103.27,7.35,0xbc9b5b61e11f037f9d02acbf8dee5c3c380470aa8d174267a8df004fac49ef503a863eeb8bb964aeaedd7fe43cb280f3f8fb9f14,52,868,7,125,4/5,0
HWS-003-BACS,10,136,BACS,limo01,1784117354300109981,1784117457673362536,0,0,103373252555,2,-80.50,-1.59,0xaa8fb442d9eb0ba1801d513fc9e4b055ea5cdc57d271132b5cecade8603fe354c8f598663f4759945575de20e3b19de3329ae51f,52,868,7,125,4/5,0
HWS-003-BACS,10,137,BACS,limo02,1784117357537994021,1784117485981737778,0,0,128443743757,4,-90.60,-3.12,0x973222ded2d3b57e1f611a50ffa6aade13e251741710f3f210881b23234cacbed7ec85c9b8350bbf277c1b896fb02c129cf98104,52,868,7,125,4/5,0
HWS-003-BACS,10,138,BACS,limo02,1784117361220657066,1784117572352909361,0,0,211132252295,7,-80.63,1.73,0x4c6fadcc1f52d327df8a86ff22263ca2da634b19bbda4e95e21592d4f255ac2ac94b13a912eb29fab157730fb11a9d4ef2f5f521,52,868,7,125,4/5,0
HWS-003-BACS,10,139,BACS,limo02,1784117363042605089,1784117452660066743,0,0,89617461654,7,-88.30,8.48,0xbe9303368bd29ab4adc3e02a5c5f7c3b4cd37053325396390b957c9a5b207f34626535861e36ff7fcc0c11d318023eb0a0144808,52,868,7,125,4/5,0
HWS-003-BACS,10,140,BACS,limo02,1784117365587692326,1784117474967933831,0,0,109380241505,4,-82.26,-0.48,0xf78328a639107512cfd131a00dfcf0d7f3db3ee8d75d2eede73bb9013a6db0b0562a9cebcaa1655bb764052e234411dec7921284,52,868,7,125,4/5,0
HWS-003-BACS,10,141,BACS,limo02,1784117369640011071,1784117723326248117,0,0,353686237046,1,-102.59,13.04,0x41f0796dea059c2d51095b51471635a9a19d83e88beca4096625769dbdc9202c7300823ec5f88e35d25bd289d194d894b8b7c763,52,868,7,125,4/5,0
HWS-003-BACS,10,142,BACS,limo02,1784117374287109577,1784117476321055493,0,0,102033945916,8,-86.74,10.44,0x432e901877b94164b7de725fd6621a597c5a5ebc4b887c281a117d2f51ddc19dd47fa35e66b1f9c0ff439f526e6e3b877f77b317,52,868,7,125,4/5,0
HWS-003-BACS,10,143,BACS,limo01,1784117375849644586,1784117514799034445,1784117514799038925,1784117514964990888,138949389859,4,-91.65,6.86,0x43b6c6519e2409f4ca464959c3676739ac9b9f7d4ae923cc0ec1a61fd8d3460f7e518cf97fed0c5775f71ab943509bb34367e20d,52,868,7,125,4/5,1
HWS-003-BACS,10,144,BACS,limo01,1784117378006740876,1784117459060169085,0,0,81053428209,8,-90.43,10.54,0xadb1046b74b55345b04031fd25430c985fafee4e8d245585689c394270b13a55a823344976a86a2d3cbf6242a2bd58457b98a757,52,868,7,125,4/5,0
HWS-003-BACS,10,145,BACS,limo02,1784117382007521043,1784117457776617769,0,0,75769096726,6,-103.50,4.04,0x9cec01e79fca6c3251893e886ec3eeb0a2686fb38ddebba05e41e3ad37672f4dfe53206713676d7f7f8b60cc9219410b0d241c6f,52,868,7,125,4/5,0
HWS-003-BACS,10,146,BACS,limo02,1784117388265751549,1784117710195644293,0,0,321929892744,8,-88.51,12.37,0x05e9054b08e8d3f3923eb5926dfb6afe02aa5a76c49721869a4bb4512aa68c9df7c5e2ed121e3c4b383a0dc0268b0d81e5ed0408,52,868,7,125,4/5,0
HWS-003-BACS,10,147,BACS,limo02,1784117387927710561,1784117629174437648,0,0,241246727087,3,-106.12,2.46,0x03ff4e8404f4a906f45a23c20fa139718adbb34fa1b1c96c6205e52bbda05ef10e1998913587ecbfb4cda6ddd99a8bd71df8826a,52,868,7,125,4/5,0
HWS-003-BACS,10,148,BACS,limo01,1784117393595018788,1784117637894333471,1784117637894335256,1784117638067669646,244299314683,6,-95.20,5.58,0xd2b9ab84efd42a612579d2f23f39d2d00a710c29d891f16b864a88ff6fc5acfbf95eb099335e8cbcb9956bfb564f32704b9eaf0a,52,868,7,125,4/5,1
HWS-003-BACS,10,149,BACS,limo02,1784117396846419456,1784117543513446676,0,0,146667027220,6,-81.12,9.43,0xe5ba42fb3f947d6c41e6e34ffafdf30fcbb5672408367dd95234d644168aa0e6a7d514c0fa17d0b6f9e74d3108e4a545d67e65ac,52,868,7,125,4/5,0
HWS-003-BACS,10,150,BACS,limo02,1784117400712672724,1784117727397847656,0,0,326685174932,9,-93.93,-4.15,0xeee28adb0c07ae6c390dc44373014c0d0d849dcd68fc6b2727014e5041ea1d877d94cbb9a21503eaf2f16106e6befb37c3ff0b31,52,868,7,125,4/5,0
HWS-003-BACS,10,151,BACS,limo02,1784117403662637820,1784117651208494403,0,0,247545856583,8,-104.50,4.30,0x017096375130e4c182acb229e562965738494020b3a95d7a88ab69dd422d562e3e367c2ff08d6039c38a163bfe80007632e68783,52,868,7,125,4/5,0
HWS-003-BACS,10,152,BACS,limo01,1784117408218034481,1784117593495992140,0,0,185277957659,0,-84.07,5.35,0xb2d77e2d134dcedad51e24e4300e0f2be75a61833a7cd88ef321cbe38b630a8c1b37db7b653de8414565ec5d3bcaf4a0844d2c83,52,868,7,125,4/5,0
HWS-003-BACS,10,153,BACS,limo02,1784117411444609908,1784117566426568909,0,0,154981959001,1,-86.96,5.17,0xffede168601451cadbfe1deb0706dd21c827d39354de932fdfa6b3ae006ace6aa134824f5c544c1c49f3663345075c1c86c730f7,52,868,7,125,4/5,0
HWS-003-BACS,10,154,BACS,limo01,1784117411835810635,1784117587763336384,0,0,175927525749,4,-104.06,7.92,0xf064732dd24af8051c6b5ca854fd82372c666f511db5981d0c3507fe38aa5f6441bcc23375c41fe966e650d7ffe16f2e1b12dafc,52,868,7,125,4/5,0
HWS-003-BACS,10,155,BACS,limo02,1784117416673314609,1784117598597676620,0,0,181924362011,0,-100.68,5.49,0xa96e741ef0a8509a0ebd396507a8efbe27121640b63e1fd9bba5d7da59aba00cf7df51fc58cd4b8f6d21f411daefacd2a37f0ede,52,868,7,125,4/5,0
HWS-003-BACS,10,156,BACS,limo01,1784117420597647562,1784117557482127342,0,0,136884479780,3,-106.25,3.94,0x1f567635c8d280e0afce55b6cde5ab78854a9f4347e348a29324a7ef5f36b75de178d7a27f955375591782d9aff853d7e8fff77a,52,868,7,125,4/5,0
HWS-003-BACS,10,157,BACS,limo02,1784117421207645855,1784117538910980412,0,0,117703334557,0,-103.60,-2.96,0xc146c962505099115df9577b8c71b78cc9ddad55b6411f7faa9f2d49c696ccc645aec5b0481ce8eb1e755bf2c97bb5d54eb09004,52,868,7,125,4/5,0
HWS-003-BACS,10,158,BACS,limo01,1784117426893117345,1784117617213822713,0,0,190320705368,4,-87.29,8.96,0x9a7ed5f9c56860caf85b5554cb01e1e23fdd974b7046aa53864a275a83481a166a1f6a5b89a9abdcee2274ba1cb99aa7dd5f6b37,52,868,7,125,4/5,0
HWS-003-BACS,10,159,BACS,limo01,1784117428345822887,1784117511200156992,0,0,82854334105,10,-85.11,-1.42,0x203f3070fe1974474b6eada54b9edc46b59e7d3f9d3293ae29e7557f4894cd3006e823a6d47441cf0faee273d436799696789a6a,52,868,7,125,4/5,0
HWS-003-BACS,10,160,BACS,limo01,1784117432869844935,1784117582532191852,0,0,149662346917,2,-105.90,-3.04,0x25406c82f3832499143191b4ffc015dbf3a68ee304504db88569db0f00ae48e2319075a13f11683f83c16c0e9d82e8af3dee28de,52,868,7,125,4/5,0
HWS-003-BACS,10,161,BACS,limo02,1784117438109969511,1784117581586845339,0,0,143476875828,5,-93.72,13.97,0x5b1d916c749acc0094e26de696ade7f629856540d8b2331245079f6ac0bed95585b4fae14dde12b7c26a4535320aadde489ef612,52,868,7,125,4/5,0
HWS-003-BACS,10,162,BACS,limo01,1784117439865240632,1784117546202321907,0,0,106337081275,8,-96.16,13.35,0xa6212bf7a450dd723afc220ed81a7b80b3a0185d2bd4f729fc001f2039372011f478e843f87747b9958adb7dd7e59da2b9b05da7,52,868,7,125,4/5,0
HWS-003-BACS,10,163,BACS,limo02,1784117443000111926,1784117708789883145,0,0,265789771219,9,-81.29,12.49,0x5219d8b140e2fa8b8fabe924003ea8abc003460622cbcde81e53b27c5dfd2c3b8478a7208e5fc4531ea2ba0b7a34803d09670ab9,52,868,7,125,4/5,0
HWS-003-BACS,10,164,BACS,limo01,1784117445627637721,1784117567030078715,0,0,121402440994,6,-104.53,4.83,0x3da13601ee245a3e5431374d0695ebabcd356254b00f8da37147a26eb0d1dc6532344c3635b11955e1f251bd67e1930efe321ce5,52,868,7,125,4/5,0
HWS-003-BACS,10,165,BACS,limo02,1784117448253434853,1784117612754799127,0,0,164501364274,1,-96.02,0.53,0x8baa7a61505779b34ef20a88b7d3a03f23e9c9035314520a8d4f361ab33593ad67251c090f94432481f5904d036081f44905338e,52,868,7,125,4/5,0
HWS-003-BACS,10,166,BACS,limo02,1784117454241644535,1784117502798800856,0,0,48557156321,5,-89.38,-4.99,0x7006beecfadfc9d1aa526d87b839e3bef436fac45feaff4ff3cbca3f2c125b4c07cfaa844301a72a70b07382ca1f44b2a318d33f,52,868,7,125,4/5,0
HWS-003-BACS,10,167,BACS,limo01,1784117456830251686,1784117614423708995,0,0,157593457309,4,-85.87,10.07,0x4a4fa813ea39a7630e993d8fd30133190305728de63584cde97b472c132cd105a3f43285fe69289885086abba964beb3bfea66b7,52,868,7,125,4/5,0
HWS-003-BACS,10,168,BACS,limo02,1784117459736323464,1784117654416453019,0,0,194680129555,9,-105.20,13.83,0xf7af1a7d4051e9be8c49b2901f596687c1f0429e7b2d41503aef1af09206695d40694304b87d5417aa0c5c74e8f42fab712caae7,52,868,7,125,4/5,0
HWS-003-BACS,10,169,BACS,limo02,1784117461417101019,1784117554919835086,0,0,93502734067,9,-84.75,5.20,0xfc7e188bcec42f7ff5c8538d1390dccb7cc82fec6ea607780de3987fc7b45bddaf7d21fa6baa932dd9af07892546c80547c1712b,52,868,7,125,4/5,0
HWS-003-BACS,10,170,BACS,limo02,1784117465798565570,1784117551849275683,0,0,86050710113,7,-107.97,2.21,0xa3c2cb78d1887a9c3f37eb90d5d96cd0e8216ec39f11a9f2daa4a8d51ee1cbfc352123d6ea25ae4010a729b9948589f7974ef510,52,868,7,125,4/5,0
HWS-003-BACS,10,171,BACS,limo02,1784117468761911495,1784117631648623460,0,0,162886711965,9,-90.65,2.03,0xf3258b609fb191501e7197caf1b84b43b3be5f8e59dcc6a3a316fe1595642069702c0a9bdeab1d82660d63b94fca7807e4ce90ad,52,868,7,125,4/5,0
HWS-003-BACS,10,172,BACS,limo02,1784117473964636306,1784117577625212046,0,0,103660575740,4,-83.98,3.08,0xa0601caca495e8c58eb3efc9eb9cc4f0c89c45576c31c8ce47074c67c219b69c256c302cce66f78285db731f37116fe4982b8b2d,52,868,7,125,4/5,0
HWS-003-BACS,10,173,BACS,limo02,1784117475390658436,1784117554271511132,0,0,78880852696,4,-103.23,-1.26,0x3dc540173b7a160d2a1f66f641e4b8bfd2e483fa14bbbc433d7fa3e3d676f5729c611be79713873cf96006bc45157b6ed4cccfc0,52,868,7,125,4/5,0
HWS-003-BACS,10,174,BACS,limo01,1784117478132814842,1784117608462733767,0,0,130329918925,10,-92.54,-2.95,0xa89bef2e0c145516f010a9548d207b79b70203996cc05272d21c5bf8ce7a876f88cccc18b111649690b641136c45da7a4b7c32af,52,868,7,125,4/5,0
HWS-003-BACS,10,175,BACS,limo01,1784117481642466711,1784117732703067361,0,0,251060600650,2,-88.58,6.23,0xac1cd51c8ed4258c57bd2e3f4c8427ba1d44b591e6a4bd012989615319d7594d7bb915609e569bbe4aac959e13bd6d09a3fb623a,52,868,7,125,4/5,0
HWS-003-BACS,10,176,BACS,limo01,1784117487942558791,1784117553057147100,0,0,65114588309,4,-94.42,9.70,0x9ba9742b69286bbac5c4c35079d79ddbd84378a6f6ca6e9cf240f862c065f78e569ec94dc89d29eeff0d1794c925ce87e696384e,52,868,7,125,4/5,0
HWS-003-BACS,10,177,BACS,limo02,1784117490567985204,1784117600355252604,0,0,109787267400,0,-97.50,2.88,0x0bd34ae112eb9f48413394c6079ef2206af2b23887eb324f1523f66fc0eb63ee3c90622b9607c199d5778af96c8a46ffde5104d7,52,868,7,125,4/5,0
HWS-003-BACS,10,178,BACS,limo01,1784117492621547638,1784117645509020293,0,0,152887472655,0,-92.96,4.18,0x21fb9a1165f3e9613e3d6dc15135e3f6b5e8493ef418779b69707081821ef48eb8302b3bf1565b24b90fef3e6504ae059603d096,52,868,7,125,4/5,0
HWS-003-BACS,10,179,BACS,limo01,1784117496375796623,1784117749129679720,0,0,252753883097,0,-101.22,12.52,0x7892b4d0e5dca1100f38a3ce2026b4465527bdd342af033b6530cf19a2f346f96f5a4c130210f4b2a67661c45cc3bc2268d5cdb8,52,868,7,125,4/5,0
HWS-003-BACS,10,180,BACS,limo01,1784117500415725097,1784117819438515511,0,0,319022790414,10,-83.92,2.16,0xde2b00b51afa4e092eb9d375117e5db9e02ba10a33de91a61866a2eac72377a0a955e9a34417932de7329827c935b0ff5bbc15b4,52,868,7,125,4/5,0
HWS-003-BACS,10,181,BACS,limo02,1784117501315341719,1784117621261296327,0,0,119945954608,0,-94.96,-1.44,0x137ad45a43dc1749e7d0d44847b1f44887bcf941b4c3057157f4b81ea13521b7a06529cf2b2958bc48026fb19e24e29dd6bc50e5,52,868,7,125,4/5,0
HWS-003-BACS,10,182,BACS,limo02,1784117507601613477,1784117713077434916,0,0,205475821439,6,-83.42,10.04,0x3d9f9596b26c5e5f011f376298cbc90b19659db9a4499665f9ebfd36a42b09f9cbadb5133d695e9f0b301cae99bd32d5048a7b7f,52,868,7,125,4/5,0
HWS-003-BACS,10,183,BACS,limo01,1784117509881866622,1784117701465995047,0,0,191584128425,3,-107.07,5.78,0x113619a5db70d1b68eb87d3bba30fa72e89c949be5c4a21e244d76eb263cc214e58c4b9b847026499418f30310103439aa4b8c23,52,868,7,125,4/5,0
HWS-003-BACS,10,184,BACS,limo02,1784117511050029064,1784117617727038148,0,0,106677009084,1,-109.04,2.53,0x9863f0e5bfee6fb466a2486d81f506a1a8bbcde90807a15ea2388de4ccec84ef19551957239a3c59f9d476bacec0bee2c5a6f259,52,868,7,125,4/5,0
HWS-003-BACS,10,185,BACS,limo01,1784117515093682378,1784117747724738475,0,0,232631056097,4,-84.66,11.16,0xd2ac411123e3404a0b5c12b3bab3d7631a19346568383b623f3014b6d06185bdfbe9ed5436316b26e9e33619928987cde0b5ae3e,52,868,7,125,4/5,0
HWS-003-BACS,10,186,BACS,limo02,1784117520628681890,1784117702934267794,0,0,182305585904,10,-83.52,8.75,0x1ef9243a89c5f7b6f277fc66d68cfe9837d451130b698d81c28f4f1613ac7b30e6924a9c314bfe9540af8f8990f90bb8cd6f8414,52,868,7,125,4/5,0
HWS-003-BACS,10,187,BACS,limo02,1784117521603200271,1784117838663369366,0,0,317060169095,4,-89.40,0.35,0xdf7355546b6d89f9f15bc66c6015c5d8811e79686b1f05b22933e6850f1feb4fd493f583d1ac3ca4d5229f872d25e3c7421e18ba,52,868,7,125,4/5,0
HWS-003-BACS,10,188,BACS,limo02,1784117525443629826,1784117620418644755,0,0,94975014929,9,-102.13,-4.88,0x7991ec3d2edaa8ff8d9d4712b47ab1a1fc4277804ae33b3ac4ef27d40689e02d076b78fb79c5de35245a0bd56eae4795a566e786,52,868,7,125,4/5,0
HWS-003-BACS,10,189,BACS,limo01,1784117527327103732,1784117689583388185,0,0,162256284453,1,-97.47,11.35,0x84188767f69cad24eed1ec4cc152f753d60e71ecd57d1b4a60fea13370270d2819e69d9eaba15cf727ea33538c3618d8060fece9,52,868,7,125,4/5,0
HWS-003-BACS,10,190,BACS,limo01,1784117533844428710,1784117623635187940,0,0,89790759230,9,-83.07,12.82,0xff2eb95abafe9424ccaeb9a84dbecefe1244e498e5e3505194c5ae43c0201e461ca28ca8993b948af6e4f151e92fe170ce8e5fdf,52,868,7,125,4/5,0
HWS-003-BACS,10,191,BACS,limo01,1784117534923066332,1784117657222063593,0,0,122298997261,10,-95.78,14.66,0xeb8bbd91273134fac652d77deecad51b4528ffa52bb5d9d35feb84d11d1b7a02c566a34561fc08dc7e5515a3e21f6ef89a3081d8,52,868,7,125,4/5,0
HWS-003-BACS,10,192,BACS,limo02,1784117539383549208,1784117742854915923,0,0,203471366715,5,-100.46,13.15,0x569438013dfb68e5de0bd166f1071348677b8605acaebed92263b2bce9875ac88e3b87601e6d6eacd8d189492d0231d3b6fa33aa,52,868,7,125,4/5,0
HWS-003-BACS,10,193,BACS,limo01,1784117543094184572,1784117675761996691,0,0,132667812119,0,-107.60,14.93,0x2ae8345411892dacc2418308a809e085353d9a0811a88341b10aff4649f360c6d2c6583455c82eabb1062598f027e58f805d9d16,52,868,7,125,4/5,0
HWS-003-BACS,10,194,BACS,limo01,1784117546666260322,1784117685312730242,1784117685312734375,1784117685482778569,138646469920,4,-81.95,11.81,0xc9d98a73d776b1d2a6cc8952b1bff5e26e19589e8483ee56cebbbaa0d38925b0d9ea852885b8e025a1d74afe8a2d7a8bdf272fbf,52,868,7,125,4/5,1
HWS-003-BACS,10,195,BACS,limo01,1784117550595867057,1784117595428081039,0,0,44832213982,9,-99.00,-1.92,0x40d655eeeaf84e24f20dc613849208617975c043c5b4d61c7062f38bbabac1a6aefc1ffe68af0c1a1a8ff3acc9a18986b6831293,52,868,7,125,4/5,0
HWS-003-BACS,10,196,BACS,limo01,1784117552129711603,1784117653320505540,0,0,101190793937,5,-106.37,10.23,0x04a086e8a54d1ab0cbff83a25fc698e4076748f0c826027871c26b481905c8434ce9343ef4c001c429bc7e7fabc33000c27a4eac,52,868,7,125,4/5,0
HWS-003-BACS,10,197,BACS,limo01,1784117557527042226,1784117742026427436,0,0,184499385210,1,-95.28,12.36,0xb2102d49d7a17dc87b50f1040d27a350c4196554a3b6c41d4839d1a4f539d200a149938ec8d1b8f8d10ebb6ef34144be8928fdcd,52,868,7,125,4/5,0
HWS-003-BACS,10,198,BACS,limo01,1784117560215614593,1784117658102839407,0,0,97887224814,3,-80.53,-1.48,0x53316d634fc6019d1408a1278e169dc0f571f3194fe9d9f32dff0765d8253b6bd260c06338ce1ecead44d66905efa286b763f186,52,868,7,125,4/5,0
HWS-003-BACS,10,199,BACS,limo01,1784117561601291324,1784117642847712043,0,0,81246420719,0,-82.85,4.14,0x4f18ddf027d7981baca65b01fd3aaa29477aeb9952c2540f7a77fe26a0026bbcc28fa3173d157476c09d601683f66a6e7eda2147,52,868,7,125,4/5,0
HWS-003-BACS,10,200,BACS,limo02,1784117564888743702,1784118085645913567,0,0,520757169865,3,-88.14,4.63,0xa7e7547dbe7bd450ea3167fe82b57400ced30956c07a9ba5115c50f7556aca5c2d03dd360b7047971c0516795590e37860340318,52,868,7,125,4/5,0
HWS-003-BACS,10,201,BACS,limo01,1784117568858328855,1784117685006055727,0,0,116147726872,8,-108.63,3.56,0x9717c1ba11ef64c1dd7feaef53b3cb4e3479f84a8f8b6bee22664acb467739804733ce1eace5c73953aec71ea8ad4bb7b7925400,52,868,7,125,4/5,0
HWS-003-BACS,10,202,BACS,limo01,1784117571988064943,1784117768062841249,0,0,196074776306,0,-91.30,13.78,0xcd99c42baa2348fda8f3acba60200a58202ee5d0979f5549c5fbd2e557047215d1fd7eb1481a039cc99ed0d8d9d182d24701eb61,52,868,7,125,4/5,0
HWS-003-BACS,10,203,BACS,limo02,1784117577297193540,1784117694438980095,1784117694438985009,1784117694607182563,117141786555,7,-100.84,14.79,0x3491dde44329cd3a6a84ee561972ff1743a5528f5f008ba0dd375398d1b849240dafd85ff4e03670c24a4964310426e5f0860071,52,868,7,125,4/5,1
HWS-003-BACS,10,204,BACS,limo02,1784117579518272006,1784117734351148772,0,0,154832876766,8,-93.09,5.93,0x9454f2c74b548483f0fd74efe47de91d49de844f57a8cf119c02186660a36dc38714810ca9e1d6e8009bfdf19e1e36134884484e,52,868,7,125,4/5,0
HWS-003-BACS,10,205,BACS,limo01,1784117582210197378,1784117889498771528,0,0,307288574150,9,-100.68,9.78,0xefba53257fb960ee78ffbaf06a53ba25f210f138861f0857925c5bf7a2aaec083371019b5972faa28c79574553259808bc9db579,52,868,7,125,4/5,0
HWS-003-BACS,10,206,BACS,limo02,1784117583790462873,1784117657360978564,0,0,73570515691,3,-98.95,0.15,0x1bdf0ebee205652676514e83a783e4e919370ee24ac682b96b2060e55844b700cabfb7f12321b048dd696f5fee64c84fdbbfeb99,52,868,7,125,4/5,0
HWS-003-BACS,10,207,BACS,limo02,1784117588856931197,1784117776868124386,0,0,188011193189,5,-91.20,0.31,0xf4d2464ec7949a1b095517a450272a526c2f288d4844c80e8bf8ffdec8113fc43d585f93c844a471ff499c0f3d0d61fbc8361232,52,868,7,125,4/5,0
HWS-003-BACS,10,208,BACS,limo02,1784117592330705318,1784117729331504039,0,0,137000798721,0,-91.68,1.50,0xf75c0030cb407dc51611006b8677391d9955050e2ccd0635a68e486f723c7c64a011212b7d0a8c98536057c5a852e3aae6ba70fb,52,868,7,125,4/5,0
HWS-003-BACS,10,209,BACS,limo01,1784117596101308054,1784117669137579753,0,0,73036271699,2,-101.27,-2.46,0xa70645ffb2f39fc27072cd9f92a3ad14f31795fd9ca5da8e39d97a58cec96b33b2737cd85cfb20a67f27f5608adaf2768f4d0a7c,52,868,7,125,4/5,0
HWS-003-BACS,10,210,BACS,limo01,1784117599436348365,1784117694987161633,0,0,95550813268,9,-81.91,11.37,0x49bab278f5d776b4d793ed949f5e372fa4d789c904f7299a32addc96e3400fd3402617cea0767f4ecbe1ac740852041f5eb04c7d,52,868,7,125,4/5,0
HWS-003-BACS,10,211,BACS,limo01,1784117601396186366,1784117739043039874,1784117739043041657,1784117739211884574,137646853508,4,-98.78,-0.60,0x3b0082fc87fdb8791f0347d4a3157c473cb1a0fd969dcaf19730977858be2134ec211037e5530f6a467bc2b88510b46f97d74ac9,52,868,7,125,4/5,1
HWS-003-BACS,10,212,BACS,limo01,1784117605488214158,1784117636265791279,0,0,30777577121,7,-85.23,9.53,0xe5547248341614627b62fdab05818f234a8fa9b698f245ec1cc9da150f56517c0512d4092b9621cbdd821cbb69fa8b90c05a5071,52,868,7,125,4/5,0
HWS-003-BACS,10,213,BACS,limo01,1784117609157382959,1784117911445899209,0,0,302288516250,0,-95.94,8.45,0xd5260f3bd934bebed48224c34f98444507175d7ea17a403d081154576976a1521dc0b5b722f846ad585a260c8a7cb34c3646fee1,52,868,7,125,4/5,0
HWS-003-BACS,10,214,BACS,limo02,1784117610267741127,1784117785364325105,0,0,175096583978,4,-103.05,14.73,0xeb95f765e2fac581eb12a2a2f42a27c5743f2b687ff3b29d7c1a183dd6109c4026ed7e1233e46620e5d9d6dd86255d0779447ea2,52,868,7,125,4/5,0
HWS-003-BACS,10,215,BACS,limo02,1784117613543444313,1784117969100355265,0,0,355556910952,9,-98.11,-1.63,0x70759ab2402a7279a08ef05d9927ce6738d0b569493d88b2ab55cc25596189b04e50b90bcd6aa7a9d2ff638c4657ae5129356320,52,868,7,125,4/5,0
HWS-003-BACS,10,216,BACS,limo02,1784117617577193553,1784117872622172068,0,0,255044978515,9,-81.07,3.34,0x3c2487eee48e1b0a4cc3b695108ce192219fa619a6be297bcab2da15a4a09080268cb177e63f884ffb6b9cd4a427b21b7edabedb,52,868,7,125,4/5,0
