timestamp,gen_time,sel_time,tx_time,rx_time,status
0.0,0.3364736385409912,156.90265141172605,156.90365141172606,157.07365141172605,TX
0.35,0.7412299655769138,150.53291056089103,150.53391056089103,150.70391056089102,TX
0.7,1.0387966693998043,159.88347625922472,159.88447625922473,160.0544762592247,TX
1.0499999999999998,1.3861665951836972,157.41793440190696,157.41893440190697,157.58893440190695,TX
1.4,1.6942022112719441,155.86428755285922,155.86528755285923,156.03528755285922,TX
1.75,1.7906419401567844,154.7069358687293,154.7079358687293,154.87793586872928,TX
2.0999999999999996,2.1253256872743673,152.25804087471087,152.25904087471088,152.42904087471086,TX
2.4499999999999997,2.575757921203189,160.08124594539552,160.08224594539553,160.25224594539552,TX
2.8,2.98887276024998,158.47347897926517,158.47447897926517,158.64447897926516,TX
3.15,3.2272767820811032,155.56405838216395,155.56505838216395,155.73505838216394,TX
3.5,3.536271163791854,156.09596283267365,156.09696283267365,156.26696283267364,TX
3.8499999999999996,3.8848624119035087,160.62023701970202,160.62123701970202,160.791237019702,TX
4.199999999999999,4.489491630797318,161.7665872191983,161.7675872191983,161.9375872191983,TX
4.55,4.585248429169183,158.32516654627526,158.32616654627526,158.49616654627525,TX
4.8999999999999995,4.999783432733557,,,,PENDING_AT_END
5.25,5.382936060078901,,,,PENDING_AT_END
5.6,5.856445328463192,,,,PENDING_AT_END
5.949999999999999,6.094977284061244,,,,PENDING_AT_END
6.3,6.639589953583401,,,,PENDING_AT_END
6.6499999999999995,7.030907961913262,,,,PENDING_AT_END
7.0,7.128291109870245,,,,PENDING_AT_END
7.35,7.365596578090814,,,,PENDING_AT_END
7.699999999999999,7.723554422880611,,,,PENDING_AT_END
8.049999999999999,8.172924734046555,,,,PENDING_AT_END
8.399999999999999,8.404105095415652,,,,PENDING_AT_END
8.75,8.926380430259776,,,,PENDING_AT_END
9.1,9.135180359100458,,,,PENDING_AT_END
9.45,9.734884015023137,,,,PENDING_AT_END
9.799999999999999,10.157481333754815,,,,PENDING_AT_END
10.149999999999999,10.396655562519477,,,,PENDING_AT_END
10.5,10.855199750484235,,,,PENDING_AT_END
10.85,11.012906838537939,,,,PENDING_AT_END
11.2,11.445564551797595,,,,PENDING_AT_END
11.549999999999999,11.671231668185124,,,,PENDING_AT_END
11.899999999999999,12.207221556642239,,,,PENDING_AT_END
12.25,12.377906669547016,,,,PENDING_AT_END
12.6,12.762710892383522,,,,PENDING_AT_END
12.95,13.285764082395794,,,,PENDING_AT_END
13.299999999999999,13.472863564602674,,,,PENDING_AT_END
13.649999999999999,13.949724947810829,,,,PENDING_AT_END
14.0,14.122170711533833,,,,PENDING_AT_END
14.35,14.745181330699756,,,,PENDING_AT_END
14.7,14.821430331825255,,,,PENDING_AT_END
15.049999999999999,15.363234181876068,,,,PENDING_AT_END
15.399999999999999,15.69679298989103,,,,PENDING_AT_END
15.749999999999998,15.823504825227365,,,,PENDING_AT_END
16.099999999999998,16.33640487819397,,,,PENDING_AT_END
16.45,16.506543628593118,,,,PENDING_AT_END
16.799999999999997,17.175503824990614,,,,PENDING_AT_END
17.15,17.493074798300384,,,,PENDING_AT_END
17.5,17.739180449446742,,,,PENDING_AT_END
17.849999999999998,17.98649728045672,,,,PENDING_AT_END
18.2,18.222030557444622,,,,PENDING_AT_END
18.549999999999997,18.67271441127191,,,,PENDING_AT_END
18.9,18.932813635274577,,,,PENDING_AT_END
19.25,19.49724945997405,,,,PENDING_AT_END
19.599999999999998,19.893497028361832,,,,PENDING_AT_END
19.95,19.99119151539477,,,,PENDING_AT_END
20.299999999999997,20.46774040452152,,,,PENDING_AT_END
20.65,20.69185661947047,,,,PENDING_AT_END
21.0,21.277909850323837,,,,PENDING_AT_END
21.349999999999998,21.50297810728014,,,,PENDING_AT_END
21.7,21.956286601366205,,,,PENDING_AT_END
22.049999999999997,22.326008688258703,,,,PENDING_AT_END
22.4,22.437313377908673,,,,PENDING_AT_END
22.75,22.773549371645366,,,,PENDING_AT_END
23.099999999999998,23.401502158904638,,,,PENDING_AT_END
23.45,23.78608088448591,,,,PENDING_AT_END
23.799999999999997,24.08092802383515,,,,PENDING_AT_END
24.15,24.360574518550777,,,,PENDING_AT_END
24.5,24.55296589779865,,,,PENDING_AT_END
24.849999999999998,25.115661520511086,,,,PENDING_AT_END
25.2,25.253599047064963,,,,PENDING_AT_END
25.549999999999997,25.846021366487435,,,,PENDING_AT_END
25.9,26.06179913740023,,,,PENDING_AT_END
26.25,26.306558142356288,,,,PENDING_AT_END
26.599999999999998,26.9296907350524,,,,PENDING_AT_END
26.95,27.32002208866461,,,,PENDING_AT_END
27.299999999999997,27.360777985116876,,,,PENDING_AT_END
27.65,27.68348747084385,,,,PENDING_AT_END
28.0,28.32422088533408,,,,PENDING_AT_END
28.349999999999998,28.49233585872611,,,,PENDING_AT_END
28.7,28.955214638716303,,,,PENDING_AT_END
29.049999999999997,29.118199687154238,,,,PENDING_AT_END
29.4,29.71286557430335,,,,PENDING_AT_END
29.749999999999996,30.084263249094132,,,,PENDING_AT_END
30.099999999999998,30.327392300305053,,,,PENDING_AT_END
30.45,30.602583414180888,,,,PENDING_AT_END
30.799999999999997,30.858404240102992,,,,PENDING_AT_END
31.15,31.361631253938533,,,,PENDING_AT_END
31.499999999999996,31.75257087728676,,,,PENDING_AT_END
31.849999999999998,32.04862773887198,,,,PENDING_AT_END
32.199999999999996,32.519852381743185,,,,PENDING_AT_END
32.55,32.833366567153774,,,,PENDING_AT_END
32.9,33.198302125942355,,,,PENDING_AT_END
33.25,33.254448972181265,,,,PENDING_AT_END
33.599999999999994,33.82748122581957,,,,PENDING_AT_END
33.949999999999996,34.00566092330828,,,,PENDING_AT_END
34.3,34.61986118744059,,,,PENDING_AT_END
34.65,34.90334096229817,,,,PENDING_AT_END
35.0,35.37479302271362,,,,PENDING_AT_END
35.349999999999994,35.60342036888508,,,,PENDING_AT_END
35.699999999999996,35.89691064694376,,,,PENDING_AT_END
36.05,36.3540253464361,,,,PENDING_AT_END
36.4,36.62050728686838,,,,PENDING_AT_END
36.75,36.93234602525578,,,,PENDING_AT_END
37.099999999999994,37.38138367593656,,,,PENDING_AT_END
37.449999999999996,37.51316025896599,,,,PENDING_AT_END
37.8,37.812202215333656,,,,PENDING_AT_END
38.15,38.534065242544976,,,,PENDING_AT_END
38.5,38.76440326709539,,,,PENDING_AT_END
38.849999999999994,39.21514759911682,,,,PENDING_AT_END
39.199999999999996,39.306932546373766,,,,PENDING_AT_END
39.55,39.68584012572671,,,,PENDING_AT_END
39.9,40.09733830909436,,,,PENDING_AT_END
40.25,40.30152715222266,,,,PENDING_AT_END
40.599999999999994,40.92202458736709,,,,PENDING_AT_END
40.949999999999996,41.17260044057095,,,,PENDING_AT_END
41.3,41.67571024335055,,,,PENDING_AT_END
41.65,41.70789922061581,,,,PENDING_AT_END
42.0,42.13985926237217,,,,PENDING_AT_END
42.349999999999994,42.46809663276278,,,,PENDING_AT_END
42.699999999999996,42.77450652987053,,,,PENDING_AT_END
43.05,43.3368873620373,,,,PENDING_AT_END
43.4,43.417878363523435,,,,PENDING_AT_END
43.75,44.020756566512134,,,,PENDING_AT_END
44.099999999999994,44.304687860264124,,,,PENDING_AT_END
44.449999999999996,44.82020217717541,,,,PENDING_AT_END
44.8,45.05700773901661,,,,PENDING_AT_END
45.15,45.432598817139116,,,,PENDING_AT_END
45.5,45.55896794174173,,,,PENDING_AT_END
45.849999999999994,46.10270088597454,,,,PENDING_AT_END
46.199999999999996,46.40640337586233,,,,PENDING_AT_END
46.55,46.55637423934344,,,,PENDING_AT_END
46.9,47.052041337024924,,,,PENDING_AT_END
47.25,47.36521445081358,,,,PENDING_AT_END
47.599999999999994,47.61147196642608,,,,PENDING_AT_END
47.949999999999996,48.26651796679288,,,,PENDING_AT_END
48.3,48.63270141238549,,,,PENDING_AT_END
48.65,48.75485896173952,,,,PENDING_AT_END
49.0,49.16740361387484,,,,PENDING_AT_END
49.349999999999994,49.49344486846684,,,,PENDING_AT_END
49.699999999999996,49.820174362916966,,,,PENDING_AT_END
50.05,50.24084243554917,,,,PENDING_AT_END
50.4,50.58046207414454,,,,PENDING_AT_END
50.75,51.07185745060187,,,,PENDING_AT_END
51.099999999999994,51.37703602009931,,,,PENDING_AT_END
51.449999999999996,51.69279487122905,,,,PENDING_AT_END
51.8,51.936426153903184,,,,PENDING_AT_END
52.15,52.4372068422424,,,,PENDING_AT_END
52.5,52.509317512086554,,,,PENDING_AT_END
52.849999999999994,53.19824986482689,,,,PENDING_AT_END
53.199999999999996,53.45382572860323,,,,PENDING_AT_END
53.55,53.93882094242774,,,,PENDING_AT_END
53.9,54.13376946003752,,,,PENDING_AT_END
54.25,54.38219280670778,,,,PENDING_AT_END
54.599999999999994,54.75685702849309,,,,PENDING_AT_END
54.949999999999996,55.22512427943821,,,,PENDING_AT_END
55.3,55.38169508586907,,,,PENDING_AT_END
55.65,55.687507342995936,,,,PENDING_AT_END
56.0,56.155571503428305,,,,PENDING_AT_END
56.349999999999994,56.60080199492275,,,,PENDING_AT_END
56.699999999999996,56.84176765510862,,,,PENDING_AT_END
57.05,57.37210365573924,,,,PENDING_AT_END
57.4,57.48822303269751,,,,PENDING_AT_END
57.74999999999999,57.97354560045044,,,,PENDING_AT_END
58.099999999999994,58.312337251033355,,,,PENDING_AT_END
58.449999999999996,58.82069842669501,,,,PENDING_AT_END
58.8,58.9771190039158,,,,PENDING_AT_END
59.15,59.50202938729797,,,,PENDING_AT_END
59.49999999999999,59.63903789051046,,,,PENDING_AT_END
59.849999999999994,60.12890278393786,,,,PENDING_AT_END
60.199999999999996,60.56452904038621,,,,PENDING_AT_END
60.55,60.79533696956467,,,,PENDING_AT_END
60.9,61.23183516930835,,,,PENDING_AT_END
61.24999999999999,61.279627556222685,,,,PENDING_AT_END
61.599999999999994,61.75574113028944,,,,PENDING_AT_END
61.949999999999996,62.3335926355495,,,,PENDING_AT_END
62.3,62.46667618646369,,,,PENDING_AT_END
62.65,62.70119077827051,,,,PENDING_AT_END
62.99999999999999,63.37099131982938,,,,PENDING_AT_END
63.349999999999994,63.68733835694664,,,,PENDING_AT_END
63.699999999999996,63.709212040557624,,,,PENDING_AT_END
64.05,64.08527369198886,,,,PENDING_AT_END
64.39999999999999,64.43907476603793,,,,PENDING_AT_END
64.75,65.0407663997058,,,,PENDING_AT_END
65.1,65.17741186784508,,,,PENDING_AT_END
65.45,65.60287622514106,,,,PENDING_AT_END
65.8,66.16884196483922,,,,PENDING_AT_END
66.14999999999999,66.342797761651,,,,PENDING_AT_END
66.5,66.73564868353932,,,,PENDING_AT_END
66.85,67.11616365836034,,,,PENDING_AT_END
67.19999999999999,67.37888660699889,,,,PENDING_AT_END
67.55,67.90288283550633,,,,PENDING_AT_END
67.89999999999999,68.20146613591139,,,,PENDING_AT_END
68.25,68.49615947310753,,,,PENDING_AT_END
68.6,68.68572762164158,,,,PENDING_AT_END
68.94999999999999,68.95667052926811,,,,PENDING_AT_END
69.3,69.43170838988202,,,,PENDING_AT_END
69.64999999999999,69.95397119438955,,,,PENDING_AT_END
70.0,70.29211051242456,,,,PENDING_AT_END
70.35,70.69273515640131,,,,PENDING_AT_END
70.69999999999999,70.90842215891738,,,,PENDING_AT_END
71.05,71.36905556914307,,,,PENDING_AT_END
71.39999999999999,71.70611865318612,,,,PENDING_AT_END
71.75,72.04194106234877,,,,PENDING_AT_END
72.1,72.32404779544021,,,,PENDING_AT_END
72.44999999999999,72.83029536818938,,,,PENDING_AT_END
72.8,73.02781512525631,,,,PENDING_AT_END
73.14999999999999,73.27321588418904,,,,PENDING_AT_END
73.5,73.73564853284151,,,,PENDING_AT_END
73.85,74.15139424241195,,,,PENDING_AT_END
74.19999999999999,74.30384619372964,,,,PENDING_AT_END
74.55,74.87355163265276,,,,PENDING_AT_END
74.89999999999999,75.19243079736167,,,,PENDING_AT_END
75.25,75.63281326997782,,,,PENDING_AT_END
75.6,75.69334337504989,,,,PENDING_AT_END
75.94999999999999,76.12619990446609,,,,PENDING_AT_END
76.3,76.52431770038417,,,,PENDING_AT_END
76.64999999999999,76.88540958272937,,,,PENDING_AT_END
77.0,77.35308198658518,,,,PENDING_AT_END
77.35,77.7329251072866,,,,PENDING_AT_END
77.69999999999999,77.86353575430581,,,,PENDING_AT_END
78.05,78.13602114510418,,,,PENDING_AT_END
78.39999999999999,78.4225181812646,,,,PENDING_AT_END
78.75,78.97575977245384,,,,PENDING_AT_END
79.1,79.39148514038641,,,,PENDING_AT_END
79.44999999999999,79.50043783085795,,,,PENDING_AT_END
79.8,80.09206148801398,,,,PENDING_AT_END
80.14999999999999,80.34736975731796,,,,PENDING_AT_END
80.5,80.82313135730206,,,,PENDING_AT_END
80.85,80.95233900208632,,,,PENDING_AT_END
81.19999999999999,81.4042131595586,,,,PENDING_AT_END
81.55,81.75682714701894,,,,PENDING_AT_END
81.89999999999999,82.22587699778911,,,,PENDING_AT_END
82.25,82.4614882133848,,,,PENDING_AT_END
82.6,82.9080890876468,,,,PENDING_AT_END
82.94999999999999,83.2838852608194,,,,PENDING_AT_END
83.3,83.43269146794078,,,,PENDING_AT_END
83.64999999999999,83.92550662356861,,,,PENDING_AT_END
84.0,84.05969988880454,,,,PENDING_AT_END
84.35,84.70636756171822,,,,PENDING_AT_END
84.69999999999999,84.84702398411719,,,,PENDING_AT_END
85.05,85.31541312318821,,,,PENDING_AT_END
85.39999999999999,85.66497110883829,,,,PENDING_AT_END
85.75,86.01541988010874,,,,PENDING_AT_END
86.1,86.44905504252287,,,,PENDING_AT_END
86.44999999999999,86.51354011155823,,,,PENDING_AT_END
86.8,87.16249328602775,,,,PENDING_AT_END
87.14999999999999,87.43676165800248,,,,PENDING_AT_END
87.5,87.86042805910591,,,,PENDING_AT_END
87.85,88.15405462313873,,,,PENDING_AT_END
88.19999999999999,88.24431322374028,,,,PENDING_AT_END
88.55,88.63733351574619,,,,PENDING_AT_END
88.89999999999999,88.99818773678992,,,,PENDING_AT_END
89.25,89.33386743081132,,,,PENDING_AT_END
89.6,89.77471583753311,,,,PENDING_AT_END
89.94999999999999,90.15398129676055,,,,PENDING_AT_END
90.3,90.43713922031849,,,,PENDING_AT_END
90.64999999999999,90.86407113292064,,,,PENDING_AT_END
91.0,91.11921042108986,,,,PENDING_AT_END
91.35,91.72684869120062,,,,PENDING_AT_END
91.69999999999999,91.86896212245512,,,,PENDING_AT_END
92.05,92.41265916648358,,,,PENDING_AT_END
92.39999999999999,92.65565544216396,,,,PENDING_AT_END
92.75,92.95095272963783,,,,PENDING_AT_END
93.1,93.34432473763553,,,,PENDING_AT_END
93.44999999999999,93.60968946599525,,,,PENDING_AT_END
93.8,93.92957910836252,,,,PENDING_AT_END
94.14999999999999,94.37066562538983,,,,PENDING_AT_END
94.5,94.69185200027695,,,,PENDING_AT_END
94.85,94.95752032915968,,,,PENDING_AT_END
95.19999999999999,95.31229056887187,,,,PENDING_AT_END
95.55,95.68018151471303,,,,PENDING_AT_END
95.89999999999999,96.1299365862457,,,,PENDING_AT_END
96.25,96.3838891808586,,,,PENDING_AT_END
96.6,96.63173976609423,,,,PENDING_AT_END
96.94999999999999,97.09296568523698,,,,PENDING_AT_END
97.3,97.38026644313682,,,,PENDING_AT_END
97.64999999999999,98.02505131208174,,,,PENDING_AT_END
98.0,98.12895088761218,,,,PENDING_AT_END
98.35,98.48784516955519,,,,PENDING_AT_END
98.69999999999999,99.01491664263344,,,,PENDING_AT_END
99.05,99.18190121233373,,,,PENDING_AT_END
99.39999999999999,99.65140329348635,,,,PENDING_AT_END
99.75,100.1195063099353,,,,PENDING_AT_END
100.1,100.38000808841781,,,,PENDING_AT_END
100.44999999999999,100.64541788481037,,,,PENDING_AT_END
100.8,101.01497961791914,,,,PENDING_AT_END
101.14999999999999,101.33294160057714,,,,PENDING_AT_END
101.5,101.61057364072497,,,,PENDING_AT_END
101.85,102.2367871930773,,,,PENDING_AT_END
102.19999999999999,102.22574800463244,,,,PENDING_AT_END
102.55,102.80444540468194,,,,PENDING_AT_END
102.89999999999999,103.28829299070405,,,,PENDING_AT_END
103.25,103.40430868471833,,,,PENDING_AT_END
103.6,103.95492903287041,,,,PENDING_AT_END
103.94999999999999,104.32141786264327,,,,PENDING_AT_END
104.3,104.47141694260766,,,,PENDING_AT_END
104.64999999999999,104.77929221618358,,,,PENDING_AT_END
105.0,105.04812013458917,,,,PENDING_AT_END
105.35,105.64927675918315,,,,PENDING_AT_END
105.69999999999999,105.7471265190539,,,,PENDING_AT_END
106.05,106.29683839863186,,,,PENDING_AT_END
106.39999999999999,106.59720790810702,,,,PENDING_AT_END
106.75,106.85286875466898,,,,PENDING_AT_END
107.1,107.18960789820022,,,,PENDING_AT_END
107.44999999999999,107.69525141837076,,,,PENDING_AT_END
107.8,107.9422370844696,,,,PENDING_AT_END
108.14999999999999,108.27731741986257,,,,PENDING_AT_END
108.5,108.80700125503,,,,PENDING_AT_END
108.85,109.16145989191926,,,,PENDING_AT_END
109.19999999999999,109.37433211598002,,,,PENDING_AT_END
109.55,109.90468823346971,,,,PENDING_AT_END
109.89999999999999,110.14455093563588,,,,PENDING_AT_END
110.25,110.4262398854774,,,,PENDING_AT_END
110.6,110.83954070337643,,,,PENDING_AT_END
110.94999999999999,111.04503313879778,,,,PENDING_AT_END
111.3,111.58905028107147,,,,PENDING_AT_END
111.64999999999999,112.01540598216339,,,,PENDING_AT_END
112.0,112.01992815007486,,,,PENDING_AT_END
112.35,112.7321653431849,,,,PENDING_AT_END
112.69999999999999,112.84038496534941,,,,PENDING_AT_END
113.05,113.25172672515565,,,,PENDING_AT_END
113.39999999999999,113.47347418684073,,,,PENDING_AT_END
113.74999999999999,114.08402809533551,,,,PENDING_AT_END
114.1,114.2584010326394,,,,PENDING_AT_END
114.44999999999999,114.52666850339509,,,,PENDING_AT_END
114.8,114.81505565966923,,,,PENDING_AT_END
115.14999999999999,115.4534403733504,,,,PENDING_AT_END
115.49999999999999,115.63091240696788,,,,PENDING_AT_END
115.85,116.04015999332728,,,,PENDING_AT_END
116.19999999999999,116.45572056220541,,,,PENDING_AT_END
116.55,116.61902078068842,,,,PENDING_AT_END
116.89999999999999,117.01231274349861,,,,PENDING_AT_END
117.24999999999999,117.30050107992984,,,,PENDING_AT_END
117.6,117.7123057388047,,,,PENDING_AT_END
117.94999999999999,118.16658007142507,,,,PENDING_AT_END
118.3,118.59804301922013,,,,PENDING_AT_END
118.64999999999999,118.77212386063424,,,,PENDING_AT_END
118.99999999999999,119.26512740433274,,,,PENDING_AT_END
119.35,119.41695719504236,,,,PENDING_AT_END
119.69999999999999,119.85262816074552,,,,PENDING_AT_END
120.05,120.2713188858295,,,,PENDING_AT_END
120.39999999999999,120.62709024735817,,,,PENDING_AT_END
120.74999999999999,120.95796000589813,,,,PENDING_AT_END
121.1,121.20161590706078,,,,PENDING_AT_END
121.44999999999999,121.71196273176119,,,,PENDING_AT_END
121.8,121.8197258828727,,,,PENDING_AT_END
122.14999999999999,122.18312506617444,,,,PENDING_AT_END
122.49999999999999,122.75350734852027,,,,PENDING_AT_END
122.85,123.05246031275638,,,,PENDING_AT_END
123.19999999999999,123.21343442581471,,,,PENDING_AT_END
123.55,123.55324266491424,,,,PENDING_AT_END
123.89999999999999,123.98159250973622,,,,PENDING_AT_END
124.24999999999999,124.61399573475124,,,,PENDING_AT_END
124.6,124.82141951026026,,,,PENDING_AT_END
124.94999999999999,124.97879578721077,,,,PENDING_AT_END
125.3,125.64173289934887,,,,PENDING_AT_END
125.64999999999999,125.99818680053703,,,,PENDING_AT_END
125.99999999999999,126.17545342966243,,,,PENDING_AT_END
126.35,126.44680432788945,,,,PENDING_AT_END
126.69999999999999,127.0178242083822,,,,PENDING_AT_END
127.05,127.26079342484216,,,,PENDING_AT_END
127.39999999999999,127.56009805198538,,,,PENDING_AT_END
127.74999999999999,128.04874832774988,,,,PENDING_AT_END
128.1,128.1417307493941,,,,PENDING_AT_END
128.45,128.58836822308984,,,,PENDING_AT_END
128.79999999999998,128.90448587618042,,,,PENDING_AT_END
129.15,129.31673154795394,,,,PENDING_AT_END
129.5,129.5063090066464,,,,PENDING_AT_END
129.85,129.94801936026144,,,,PENDING_AT_END
130.2,130.26169642475992,,,,PENDING_AT_END
130.54999999999998,130.70718037498264,,,,PENDING_AT_END
130.9,131.1460217025594,,,,PENDING_AT_END
131.25,131.42496737386153,,,,PENDING_AT_END
131.6,131.94231682499444,,,,PENDING_AT_END
131.95,132.3225579939715,,,,PENDING_AT_END
132.29999999999998,132.62987816330954,,,,PENDING_AT_END
132.65,132.8111602355033,,,,PENDING_AT_END
133.0,133.28020605783996,,,,PENDING_AT_END
133.35,133.5483090434552,,,,PENDING_AT_END
133.7,133.7192311275873,,,,PENDING_AT_END
134.04999999999998,134.1831031791847,,,,PENDING_AT_END
134.39999999999998,134.48248405574287,,,,PENDING_AT_END
134.75,135.12007152645816,,,,PENDING_AT_END
135.1,135.44102640984445,,,,PENDING_AT_END
135.45,135.5695650119306,,,,PENDING_AT_END
135.79999999999998,136.0293542327373,,,,PENDING_AT_END
136.14999999999998,136.19283421218182,,,,PENDING_AT_END
136.5,136.77634957776417,,,,PENDING_AT_END
136.85,137.1342389390788,,,,PENDING_AT_END
137.2,137.52840466195784,,,,PENDING_AT_END
137.54999999999998,137.68960966589677,,,,PENDING_AT_END
137.89999999999998,138.0777789942589,,,,PENDING_AT_END
138.25,138.5006149498388,,,,PENDING_AT_END
138.6,138.87312014744745,,,,PENDING_AT_END
138.95,139.27120782584342,,,,PENDING_AT_END
139.29999999999998,139.44577230434973,,,,PENDING_AT_END
139.64999999999998,139.66702949753613,,,,PENDING_AT_END
140.0,140.39244607116427,,,,PENDING_AT_END
140.35,140.70179157221688,,,,PENDING_AT_END
140.7,141.07970062898818,,,,PENDING_AT_END
141.04999999999998,141.4379399905234,,,,PENDING_AT_END
141.39999999999998,141.68906194533724,,,,PENDING_AT_END
141.75,142.08991659815513,,,,PENDING_AT_END
142.1,142.3596031869603,,,,PENDING_AT_END
142.45,142.71254371469468,,,,PENDING_AT_END
142.79999999999998,143.02283312155575,,,,PENDING_AT_END
143.14999999999998,143.49435814624906,,,,PENDING_AT_END
143.5,143.76943104713297,,,,PENDING_AT_END
143.85,144.03159549635703,,,,PENDING_AT_END
144.2,144.54990074431902,,,,PENDING_AT_END
144.54999999999998,144.76960901659353,,,,PENDING_AT_END
144.89999999999998,144.93573632512744,,,,PENDING_AT_END
145.25,145.3134859484025,,,,PENDING_AT_END
145.6,145.67295720105406,,,,PENDING_AT_END
145.95,146.05392864411334,,,,PENDING_AT_END
146.29999999999998,146.67695721568865,,,,PENDING_AT_END
146.64999999999998,146.7983122032811,,,,PENDING_AT_END
147.0,147.1910770047943,,,,PENDING_AT_END
147.35,147.55479939957556,,,,PENDING_AT_END
147.7,147.8154285453212,,,,PENDING_AT_END
148.04999999999998,148.20816960037504,,,,PENDING_AT_END
148.39999999999998,148.57832441199173,,,,PENDING_AT_END
148.75,148.99380412333238,,,,PENDING_AT_END
149.1,149.43287821120734,,,,PENDING_AT_END
149.45,149.78247580671456,,,,PENDING_AT_END
149.79999999999998,150.1320544014674,,,,PENDING_AT_END
150.14999999999998,150.18287443121164,,,,PENDING_AT_END
150.5,150.81251064209255,,,,PENDING_AT_END
150.85,151.0750306180029,,,,PENDING_AT_END
151.2,151.42780719679047,,,,PENDING_AT_END
151.54999999999998,151.59002196373686,,,,PENDING_AT_END
151.89999999999998,152.10194897372924,,,,PENDING_AT_END
152.25,152.4324339314797,,,,PENDING_AT_END
152.6,152.74985771885613,,,,PENDING_AT_END
152.95,152.97740867183558,,,,PENDING_AT_END
153.29999999999998,153.5290346493649,,,,PENDING_AT_END
153.64999999999998,153.92519695543444,,,,PENDING_AT_END
154.0,154.11957413284773,,,,PENDING_AT_END
154.35,154.66738617809656,,,,PENDING_AT_END
154.7,154.94160612756235,,,,PENDING_AT_END
155.04999999999998,155.116084543881,,,,PENDING_AT_END
155.39999999999998,155.48240346512847,,,,PENDING_AT_END
155.75,155.79012410172652,,,,PENDING_AT_END
156.1,156.4670611449349,,,,PENDING_AT_END
156.45,156.6979650036737,,,,PENDING_AT_END
156.79999999999998,156.87113720631604,,,,PENDING_AT_END
157.14999999999998,157.45373418531705,,,,PENDING_AT_END
157.5,157.80398158205907,,,,PENDING_AT_END
157.85,158.05693969959205,,,,PENDING_AT_END
158.2,158.4576371143351,,,,PENDING_AT_END
158.54999999999998,158.81518543532596,,,,PENDING_AT_END
158.89999999999998,159.09034749350582,,,,PENDING_AT_END
159.25,159.42598991824667,,,,PENDING_AT_END
159.6,159.77374922737627,,,,PENDING_AT_END
159.95,160.10169413918294,,,,PENDING_AT_END
160.29999999999998,160.4276957141827,,,,PENDING_AT_END
160.64999999999998,161.00915617953746,,,,PENDING_AT_END
161.0,161.19256351893767,,,,PENDING_AT_END
161.35,161.4946578989212,,,,PENDING_AT_END
161.7,161.82119695164346,,,,PENDING_AT_END
162.04999999999998,162.29510282356537,,,,PENDING_AT_END
162.39999999999998,162.65945686934526,,,,PENDING_AT_END
162.75,163.03334527078346,,,,PENDING_AT_END
163.1,163.3554588163952,,,,PENDING_AT_END
163.45,163.57236704296662,,,,PENDING_AT_END
163.79999999999998,164.19359620441745,,,,PENDING_AT_END
164.14999999999998,164.3227637515576,,,,PENDING_AT_END
164.5,164.68830024795903,,,,PENDING_AT_END
164.85,165.04705167741136,,,,PENDING_AT_END
165.2,165.33451424795334,,,,PENDING_AT_END
165.54999999999998,165.71421089112968,,,,PENDING_AT_END
165.89999999999998,166.12547091893765,,,,PENDING_AT_END
166.25,166.63029977423213,,,,PENDING_AT_END
166.6,166.89036959410512,,,,PENDING_AT_END
166.95,167.2820273714729,,,,PENDING_AT_END
167.29999999999998,167.4062525950899,,,,PENDING_AT_END
167.64999999999998,167.89499661284265,,,,PENDING_AT_END
168.0,168.35903792397312,,,,PENDING_AT_END
168.35,168.5447507542518,,,,PENDING_AT_END
168.7,169.078643587081,,,,PENDING_AT_END
169.04999999999998,169.32757343721684,,,,PENDING_AT_END
169.39999999999998,169.5193832661662,,,,PENDING_AT_END
169.75,169.79502132041983,,,,PENDING_AT_END
170.1,170.18420362281782,,,,PENDING_AT_END
170.45,170.68749694366397,,,,PENDING_AT_END
170.79999999999998,170.98664848245673,,,,PENDING_AT_END
171.14999999999998,171.5476437391369,,,,PENDING_AT_END
171.5,171.76559606506748,,,,PENDING_AT_END
171.85,171.89391593373736,,,,PENDING_AT_END
172.2,172.57989865342682,,,,PENDING_AT_END
172.54999999999998,172.80737960115746,,,,PENDING_AT_END
172.89999999999998,173.08493746356618,,,,PENDING_AT_END
173.25,173.5935233003757,,,,PENDING_AT_END
173.6,173.906599900984,,,,PENDING_AT_END
173.95,174.1958246229915,,,,PENDING_AT_END
174.29999999999998,174.40513225567454,,,,PENDING_AT_END
174.64999999999998,174.9152849288933,,,,PENDING_AT_END
175.0,175.327458879037,,,,PENDING_AT_END
175.35,175.6137052812052,,,,PENDING_AT_END
175.7,175.97769375603366,,,,PENDING_AT_END
176.04999999999998,176.24350264112198,,,,PENDING_AT_END
176.39999999999998,176.46917951212043,,,,PENDING_AT_END
176.75,177.12703371156834,,,,PENDING_AT_END
177.1,177.28731936801054,,,,PENDING_AT_END
177.45,177.65019260745277,,,,PENDING_AT_END
177.79999999999998,177.9605163462596,,,,PENDING_AT_END
178.14999999999998,178.19154495663417,,,,PENDING_AT_END
178.5,178.63704351863373,,,,PENDING_AT_END
178.85,179.10926311602114,,,,PENDING_AT_END
179.2,179.4924915422019,,,,PENDING_AT_END
179.54999999999998,179.74511919709747,,,,PENDING_AT_END
179.89999999999998,179.93809227166622,,,,PENDING_AT_END
180.25,180.46358689465762,,,,PENDING_AT_END
180.6,180.95021448626724,,,,PENDING_AT_END
180.95,181.09963702400802,,,,PENDING_AT_END
181.29999999999998,181.38559867030253,,,,PENDING_AT_END
181.64999999999998,181.91607653294227,,,,PENDING_AT_END
182.0,182.06065945994197,,,,PENDING_AT_END
182.35,182.6942813668983,,,,PENDING_AT_END
182.7,182.91456267048932,,,,PENDING_AT_END
183.04999999999998,183.4366952758219,,,,PENDING_AT_END
183.39999999999998,183.53980724380222,,,,PENDING_AT_END
183.75,183.7570611799776,,,,PENDING_AT_END
184.1,184.41009879611178,,,,PENDING_AT_END
184.45,184.74995067889114,,,,PENDING_AT_END
184.79999999999998,185.1143025427102,,,,PENDING_AT_END
185.14999999999998,185.48467014534475,,,,PENDING_AT_END
185.5,185.69439376517187,,,,PENDING_AT_END
185.85,186.089121861164,,,,PENDING_AT_END
186.2,186.53314574804244,,,,PENDING_AT_END
186.54999999999998,186.694850149536,,,,PENDING_AT_END
186.89999999999998,187.10063404470003,,,,PENDING_AT_END
187.25,187.5114484441542,,,,PENDING_AT_END
187.6,187.76098077906462,,,,PENDING_AT_END
187.95,188.01215358015122,,,,PENDING_AT_END
188.29999999999998,188.65917049321516,,,,PENDING_AT_END
188.64999999999998,188.86236121885003,,,,PENDING_AT_END
189.0,189.36363333243872,,,,PENDING_AT_END
189.35,189.6012279350766,,,,PENDING_AT_END
189.7,189.74702311687673,,,,PENDING_AT_END
190.04999999999998,190.12736669007106,,,,PENDING_AT_END
190.39999999999998,190.46705770861604,,,,PENDING_AT_END
190.75,190.835361980622,,,,PENDING_AT_END
191.1,191.3944248159385,,,,PENDING_AT_END
191.45,191.76483947623467,,,,PENDING_AT_END
191.79999999999998,192.05523345560417,,,,PENDING_AT_END
192.14999999999998,192.3276158362683,,,,PENDING_AT_END
192.5,192.6202332050152,,,,PENDING_AT_END
192.85,193.0360056075506,,,,PENDING_AT_END
193.2,193.3006490689529,,,,PENDING_AT_END
193.54999999999998,193.87274550972253,,,,PENDING_AT_END
193.89999999999998,194.2988365202421,,,,PENDING_AT_END
194.25,194.42783533225537,,,,PENDING_AT_END
194.6,194.8865269127369,,,,PENDING_AT_END
194.95,195.05179417052727,,,,PENDING_AT_END
195.29999999999998,195.69162901190728,,,,PENDING_AT_END
195.64999999999998,195.9177763867076,,,,PENDING_AT_END
196.0,196.19565591430774,,,,PENDING_AT_END
196.35,196.67374299707004,,,,PENDING_AT_END
196.7,197.028206028621,,,,PENDING_AT_END
197.04999999999998,197.1482227592891,,,,PENDING_AT_END
197.39999999999998,197.51633847690965,,,,PENDING_AT_END
197.75,197.9723884026685,,,,PENDING_AT_END
198.1,198.38545777296824,,,,PENDING_AT_END
198.45,198.67876225215207,,,,PENDING_AT_END
198.79999999999998,199.19787759793323,,,,PENDING_AT_END
199.14999999999998,199.3572806170966,,,,PENDING_AT_END
199.5,199.58670084029234,,,,PENDING_AT_END
199.85,200.22553203190384,,,,PENDING_AT_END
200.2,200.3491453221854,,,,PENDING_AT_END
200.54999999999998,200.85663328886753,,,,PENDING_AT_END
200.89999999999998,200.91483184433775,,,,PENDING_AT_END
201.25,201.43459179408967,,,,PENDING_AT_END
201.6,201.67638540151265,,,,PENDING_AT_END
201.95,202.27985825356336,,,,PENDING_AT_END
202.29999999999998,202.34030917888666,,,,PENDING_AT_END
202.64999999999998,202.6811332328919,,,,PENDING_AT_END
203.0,203.1391738433116,,,,PENDING_AT_END
203.35,203.62112180301918,,,,PENDING_AT_END
203.7,203.96362139536853,,,,PENDING_AT_END
204.04999999999998,204.06572546886795,,,,PENDING_AT_END
204.39999999999998,204.44194406401613,,,,PENDING_AT_END
204.75,205.0498818666794,,,,PENDING_AT_END
205.1,205.47604688520195,,,,PENDING_AT_END
205.45,205.63400476745596,,,,PENDING_AT_END
205.79999999999998,206.11623105003295,,,,PENDING_AT_END
206.14999999999998,206.25788412861414,,,,PENDING_AT_END
206.5,206.51337742653158,,,,PENDING_AT_END
206.85,207.06719841191912,,,,PENDING_AT_END
207.2,207.48029164253882,,,,PENDING_AT_END
207.54999999999998,207.62123919112727,,,,PENDING_AT_END
207.89999999999998,208.11160082910237,,,,PENDING_AT_END
208.25,208.37552642130822,,,,PENDING_AT_END
208.6,208.63914671658833,,,,PENDING_AT_END
208.95,209.31154615790734,,,,PENDING_AT_END
209.29999999999998,209.36243831548043,,,,PENDING_AT_END
209.64999999999998,209.949704446787,,,,PENDING_AT_END
210.0,210.14606609814854,,,,PENDING_AT_END
210.35,210.67416891688285,,,,PENDING_AT_END
210.7,210.79454028804474,,,,PENDING_AT_END
211.04999999999998,211.26987090042425,,,,PENDING_AT_END
211.39999999999998,211.71658446169897,,,,PENDING_AT_END
211.75,211.9841508669383,,,,PENDING_AT_END
212.1,212.27806784928381,,,,PENDING_AT_END
212.45,212.7207423664629,,,,PENDING_AT_END
212.79999999999998,212.9411762356705,,,,PENDING_AT_END
213.14999999999998,213.22917672333296,,,,PENDING_AT_END
213.5,213.67137451316955,,,,PENDING_AT_END
213.85,214.2499428726439,,,,PENDING_AT_END
214.2,214.34720576965566,,,,PENDING_AT_END
214.54999999999998,214.81952269314402,,,,PENDING_AT_END
214.89999999999998,215.04241833598383,,,,PENDING_AT_END
215.25,215.46087526558142,,,,PENDING_AT_END
215.6,215.76300769163808,,,,PENDING_AT_END
215.95,216.14561990516717,,,,PENDING_AT_END
216.29999999999998,216.48178182878516,,,,PENDING_AT_END
216.64999999999998,216.7031357661902,,,,PENDING_AT_END
217.0,217.2153323507738,,,,PENDING_AT_END
217.35,217.4580362521979,,,,PENDING_AT_END
217.7,217.73414989998054,,,,PENDING_AT_END
218.04999999999998,218.1354524768307,,,,PENDING_AT_END
218.39999999999998,218.72033818169058,,,,PENDING_AT_END
218.75,219.07810913356087,,,,PENDING_AT_END
219.1,219.40131262598587,,,,PENDING_AT_END
219.45,219.6948367029646,,,,PENDING_AT_END
219.79999999999998,219.82976426265267,,,,PENDING_AT_END
220.14999999999998,220.22582460953925,,,,PENDING_AT_END
220.5,220.7414404078367,,,,PENDING_AT_END
220.85,221.21431022839923,,,,PENDING_AT_END
221.2,221.3239549880176,,,,PENDING_AT_END
221.54999999999998,221.7469995606996,,,,PENDING_AT_END
221.89999999999998,222.02390240125527,,,,PENDING_AT_END
222.25,222.495794600924,,,,PENDING_AT_END
222.6,222.77288530589695,,,,PENDING_AT_END
222.95,223.2904263337623,,,,PENDING_AT_END
223.29999999999998,223.6691536314041,,,,PENDING_AT_END
223.64999999999998,223.77545929396086,,,,PENDING_AT_END
224.0,224.28490699163643,,,,PENDING_AT_END
224.35,224.64087198843887,,,,PENDING_AT_END
224.7,224.86561854911338,,,,PENDING_AT_END
225.04999999999998,225.35745020753197,,,,PENDING_AT_END
225.39999999999998,225.7537755729632,,,,PENDING_AT_END
225.74999999999997,226.13027762083559,,,,PENDING_AT_END
226.1,226.2072120503192,,,,PENDING_AT_END
226.45,226.8353062034319,,,,PENDING_AT_END
226.79999999999998,226.87840688438294,,,,PENDING_AT_END
227.14999999999998,227.45705756799623,,,,PENDING_AT_END
227.49999999999997,227.8893568631747,,,,PENDING_AT_END
227.85,228.11702422800957,,,,PENDING_AT_END
228.2,228.4656772376643,,,,PENDING_AT_END
228.54999999999998,228.91566919224343,,,,PENDING_AT_END
228.89999999999998,229.16941776490484,,,,PENDING_AT_END
229.24999999999997,229.34133092404775,,,,PENDING_AT_END
229.6,229.7456821136897,,,,PENDING_AT_END
229.95,230.2015561295657,,,,PENDING_AT_END
230.29999999999998,230.63739236105906,,,,PENDING_AT_END
230.64999999999998,230.87428793553636,,,,PENDING_AT_END
230.99999999999997,231.06134705659693,,,,PENDING_AT_END
231.35,231.67974482782242,,,,PENDING_AT_END
231.7,231.90546646468073,,,,PENDING_AT_END
232.04999999999998,232.4397237713629,,,,PENDING_AT_END
232.39999999999998,232.53708205277167,,,,PENDING_AT_END
232.74999999999997,233.12943341729536,,,,PENDING_AT_END
233.1,233.3677553815099,,,,PENDING_AT_END
233.45,233.5449138340262,,,,PENDING_AT_END
233.79999999999998,234.09178390345235,,,,PENDING_AT_END
234.14999999999998,234.47391124841954,,,,PENDING_AT_END
234.49999999999997,234.87839030404214,,,,PENDING_AT_END
234.85,235.13301679723978,,,,PENDING_AT_END
235.2,235.51996772011609,,,,PENDING_AT_END
235.54999999999998,235.60659618343814,,,,PENDING_AT_END
235.89999999999998,236.10263195593348,,,,PENDING_AT_END
236.24999999999997,236.55543492890322,,,,PENDING_AT_END
236.6,236.75613608786213,,,,PENDING_AT_END
236.95,237.3255897330739,,,,PENDING_AT_END
237.29999999999998,237.34147449162143,,,,PENDING_AT_END
237.64999999999998,237.97409914769605,,,,PENDING_AT_END
237.99999999999997,238.26888765730982,,,,PENDING_AT_END
238.35,238.73276562749183,,,,PENDING_AT_END
238.7,239.01870555818755,,,,PENDING_AT_END
239.04999999999998,239.11649879835713,,,,PENDING_AT_END
239.39999999999998,239.5055416364271,,,,PENDING_AT_END
239.74999999999997,240.0130699281883,,,,PENDING_AT_END
240.1,240.22890853246074,,,,PENDING_AT_END
240.45,240.51362667919727,,,,PENDING_AT_END
240.79999999999998,240.9510443153459,,,,PENDING_AT_END
241.14999999999998,241.5193091604358,,,,PENDING_AT_END
241.49999999999997,241.7342323466814,,,,PENDING_AT_END
241.85,242.16588724148843,,,,PENDING_AT_END
242.2,242.4186216907728,,,,PENDING_AT_END
242.54999999999998,242.8724115013434,,,,PENDING_AT_END
242.89999999999998,242.95869868946937,,,,PENDING_AT_END
243.24999999999997,243.38325867894295,,,,PENDING_AT_END
243.6,243.8474785115276,,,,PENDING_AT_END
243.95,244.07245358644218,,,,PENDING_AT_END
244.29999999999998,244.6906982831902,,,,PENDING_AT_END
244.64999999999998,244.95351163541812,,,,PENDING_AT_END
244.99999999999997,245.18060197819395,,,,PENDING_AT_END
245.35,245.45564237424483,,,,PENDING_AT_END
245.7,245.95164619765535,,,,PENDING_AT_END
246.04999999999998,246.20101695631357,,,,PENDING_AT_END
246.39999999999998,246.54892061263342,,,,PENDING_AT_END
246.74999999999997,246.83590805584444,,,,PENDING_AT_END
247.1,247.24991387333407,,,,PENDING_AT_END
247.45,247.77758882140228,,,,PENDING_AT_END
247.79999999999998,247.91206561412335,,,,PENDING_AT_END
248.14999999999998,248.51981373154047,,,,PENDING_AT_END
248.49999999999997,248.54375017440546,,,,PENDING_AT_END
248.85,248.88902229606296,,,,PENDING_AT_END
249.2,249.5089861592279,,,,PENDING_AT_END
249.54999999999998,249.76292939086474,,,,PENDING_AT_END
249.89999999999998,250.24000067938715,,,,PENDING_AT_END
250.24999999999997,250.61203407256684,,,,PENDING_AT_END
250.6,250.73704354490437,,,,PENDING_AT_END
250.95,251.03553166801345,,,,PENDING_AT_END
251.29999999999998,251.66854655578774,,,,PENDING_AT_END
251.64999999999998,251.72503209564445,,,,PENDING_AT_END
251.99999999999997,252.38654844766344,,,,PENDING_AT_END
252.35,252.6248597781006,,,,PENDING_AT_END
252.7,252.75775379257777,,,,PENDING_AT_END
253.04999999999998,253.13243101403893,,,,PENDING_AT_END
253.39999999999998,253.73021179034725,,,,PENDING_AT_END
253.74999999999997,254.00738729697426,,,,PENDING_AT_END
254.1,254.14010691550376,,,,PENDING_AT_END
254.45,254.68724480633853,,,,PENDING_AT_END
254.79999999999998,254.9778236652538,,,,PENDING_AT_END
255.14999999999998,255.53048787034237,,,,PENDING_AT_END
255.49999999999997,255.6715357944756,,,,PENDING_AT_END
255.85,255.9703632944236,,,,PENDING_AT_END
256.2,256.239886798075,,,,PENDING_AT_END
256.55,256.86143773167674,,,,PENDING_AT_END
256.9,257.0117833312212,,,,PENDING_AT_END
257.25,257.44866203349557,,,,PENDING_AT_END
257.59999999999997,257.63210847455315,,,,PENDING_AT_END
257.95,258.10280073783025,,,,PENDING_AT_END
258.3,258.3538316373999,,,,PENDING_AT_END
258.65,258.6611605165783,,,,PENDING_AT_END
259.0,259.02980032342975,,,,PENDING_AT_END
259.34999999999997,259.61475033915707,,,,PENDING_AT_END
259.7,259.797532043452,,,,PENDING_AT_END
260.05,260.1471736261953,,,,PENDING_AT_END
260.4,260.50678518705,,,,PENDING_AT_END
260.75,260.77386600941236,,,,PENDING_AT_END
261.09999999999997,261.1389783713558,,,,PENDING_AT_END
261.45,261.52383363676944,,,,PENDING_AT_END
261.8,261.8675935850791,,,,PENDING_AT_END
262.15,262.2328235295755,,,,PENDING_AT_END
262.5,262.6556669503791,,,,PENDING_AT_END
262.84999999999997,262.9282380282927,,,,PENDING_AT_END
263.2,263.4032632842114,,,,PENDING_AT_END
263.55,263.9013798856071,,,,PENDING_AT_END
263.9,264.0579570738081,,,,PENDING_AT_END
264.25,264.3664319499395,,,,PENDING_AT_END
264.59999999999997,264.9631750568238,,,,PENDING_AT_END
264.95,264.96848395089006,,,,PENDING_AT_END
265.3,265.52920398119267,,,,PENDING_AT_END
265.65,266.04655383056934,,,,PENDING_AT_END
266.0,266.26456009943786,,,,PENDING_AT_END
266.34999999999997,266.54326739142977,,,,PENDING_AT_END
266.7,266.7433629511932,,,,PENDING_AT_END
267.05,267.2673852331556,,,,PENDING_AT_END
267.4,267.7101918442995,,,,PENDING_AT_END
267.75,267.900886577798,,,,PENDING_AT_END
268.09999999999997,268.3961850422731,,,,PENDING_AT_END
268.45,268.5992706149894,,,,PENDING_AT_END
268.79999999999995,268.9932731402548,,,,PENDING_AT_END
269.15,269.4116822763764,,,,PENDING_AT_END
269.5,269.77561715197066,,,,PENDING_AT_END
269.84999999999997,269.8762721766129,,,,PENDING_AT_END
270.2,270.36641439254737,,,,PENDING_AT_END
270.54999999999995,270.9333844515496,,,,PENDING_AT_END
270.9,271.0995950613835,,,,PENDING_AT_END
271.25,271.2667186566649,,,,PENDING_AT_END
271.59999999999997,271.8182400599823,,,,PENDING_AT_END
271.95,272.2882221863155,,,,PENDING_AT_END
272.29999999999995,272.4579007463482,,,,PENDING_AT_END
272.65,272.66973029570806,,,,PENDING_AT_END
273.0,273.11992174417674,,,,PENDING_AT_END
273.34999999999997,273.5504015487132,,,,PENDING_AT_END
273.7,274.02556896380867,,,,PENDING_AT_END
274.04999999999995,274.1389481367013,,,,PENDING_AT_END
274.4,274.4904752847136,,,,PENDING_AT_END
274.75,275.08084407052786,,,,PENDING_AT_END
275.09999999999997,275.1647341113898,,,,PENDING_AT_END
275.45,275.7879802533906,,,,PENDING_AT_END
275.79999999999995,276.0617365310445,,,,PENDING_AT_END
276.15,276.4683381092566,,,,PENDING_AT_END
276.5,276.60268104259603,,,,PENDING_AT_END
276.84999999999997,277.0217598899223,,,,PENDING_AT_END
277.2,277.31940424474834,,,,PENDING_AT_END
277.54999999999995,277.78552893284814,,,,PENDING_AT_END
277.9,277.93332581937693,,,,PENDING_AT_END
278.25,278.264801988968,,,,PENDING_AT_END
278.59999999999997,278.88716961713493,,,,PENDING_AT_END
278.95,279.22387452349875,,,,PENDING_AT_END
279.29999999999995,279.39227639618275,,,,PENDING_AT_END
279.65,279.92269230789077,,,,PENDING_AT_END
280.0,280.1547614717025,,,,PENDING_AT_END
280.34999999999997,280.71468909159347,,,,PENDING_AT_END
280.7,281.01843387126206,,,,PENDING_AT_END
281.04999999999995,281.2776511461532,,,,PENDING_AT_END
281.4,281.78610244561594,,,,PENDING_AT_END
281.75,282.0377272537638,,,,PENDING_AT_END
282.09999999999997,282.40027553286114,,,,PENDING_AT_END
282.45,282.7080691695674,,,,PENDING_AT_END
282.79999999999995,282.89178722291695,,,,PENDING_AT_END
283.15,283.20227535467234,,,,PENDING_AT_END
283.5,283.8257402916611,,,,PENDING_AT_END
283.84999999999997,284.24921960566786,,,,PENDING_AT_END
284.2,284.4820670216123,,,,PENDING_AT_END
284.54999999999995,284.7884732200224,,,,PENDING_AT_END
284.9,285.17307081834394,,,,PENDING_AT_END
285.25,285.2993531303176,,,,PENDING_AT_END
285.59999999999997,285.627660530023,,,,PENDING_AT_END
285.95,286.2953505437784,,,,PENDING_AT_END
286.29999999999995,286.5234612988646,,,,PENDING_AT_END
286.65,286.689936417901,,,,PENDING_AT_END
287.0,287.1588424175783,,,,PENDING_AT_END
287.34999999999997,287.5679316703742,,,,PENDING_AT_END
287.7,287.931830869291,,,,PENDING_AT_END
288.04999999999995,288.2358187495305,,,,PENDING_AT_END
288.4,288.4043098582696,,,,PENDING_AT_END
288.75,288.86090880386575,,,,PENDING_AT_END
289.09999999999997,289.1471462785027,,,,PENDING_AT_END
289.45,289.58284553862296,,,,PENDING_AT_END
289.79999999999995,289.8986411424487,,,,PENDING_AT_END
290.15,290.3893444456129,,,,PENDING_AT_END
290.5,290.75504652530356,,,,PENDING_AT_END
290.84999999999997,291.00918925919717,,,,PENDING_AT_END
291.2,291.2554188781409,,,,PENDING_AT_END
291.54999999999995,291.89985168081796,,,,PENDING_AT_END
291.9,292.2810402219649,,,,PENDING_AT_END
292.25,292.4106116437789,,,,PENDING_AT_END
292.59999999999997,292.6013789091724,,,,PENDING_AT_END
292.95,293.0196928862127,,,,PENDING_AT_END
293.29999999999995,293.4693774448972,,,,PENDING_AT_END
293.65,293.9439882067717,,,,PENDING_AT_END
294.0,294.30269249983155,,,,PENDING_AT_END
294.34999999999997,294.5701611778373,,,,PENDING_AT_END
294.7,294.9040176256165,,,,PENDING_AT_END
295.04999999999995,295.19673536060054,,,,PENDING_AT_END
295.4,295.51053776298284,,,,PENDING_AT_END
295.75,295.75418581408724,,,,PENDING_AT_END
296.09999999999997,296.445935791263,,,,PENDING_AT_END
296.45,296.8212225872382,,,,PENDING_AT_END
296.79999999999995,296.8927620059221,,,,PENDING_AT_END
297.15,297.45908104477417,,,,PENDING_AT_END
297.5,297.64722288711437,,,,PENDING_AT_END
297.84999999999997,297.94231616483927,,,,PENDING_AT_END
298.2,298.40139422961335,,,,PENDING_AT_END
298.54999999999995,298.66921700892476,,,,PENDING_AT_END
298.9,299.17297718477005,,,,PENDING_AT_END
299.25,299.4986230392419,,,,PENDING_AT_END
299.59999999999997,299.63307315708477,,,,PENDING_AT_END
299.95,300.11330145109326,,,,PENDING_AT_END
300.29999999999995,300.4794538087824,,,,PENDING_AT_END
300.65,301.0041558021409,,,,PENDING_AT_END
301.0,301.1305085684397,,,,PENDING_AT_END
301.34999999999997,301.383784411788,,,,PENDING_AT_END
301.7,301.82459935944695,,,,PENDING_AT_END
302.04999999999995,302.41731050984174,,,,PENDING_AT_END
302.4,302.5509527134118,,,,PENDING_AT_END
302.75,302.83706886402217,,,,PENDING_AT_END
303.09999999999997,303.376107071954,,,,PENDING_AT_END
303.45,303.58806446231046,,,,PENDING_AT_END
303.79999999999995,303.8103993203523,,,,PENDING_AT_END
304.15,304.2151697508526,,,,PENDING_AT_END
304.5,304.5325949856766,,,,PENDING_AT_END
304.84999999999997,304.86883396180673,,,,PENDING_AT_END
305.2,305.52312287022215,,,,PENDING_AT_END
305.54999999999995,305.5853708510117,,,,PENDING_AT_END
305.9,306.26435285372463,,,,PENDING_AT_END
306.25,306.3478173917216,,,,PENDING_AT_END
306.59999999999997,306.634712220941,,,,PENDING_AT_END
306.95,307.0821676205624,,,,PENDING_AT_END
307.29999999999995,307.50529088959547,,,,PENDING_AT_END
307.65,307.9039143967119,,,,PENDING_AT_END
308.0,308.2826134815282,,,,PENDING_AT_END
308.34999999999997,308.57650454812693,,,,PENDING_AT_END
308.7,308.70477377751985,,,,PENDING_AT_END
309.04999999999995,309.13821881812476,,,,PENDING_AT_END
309.4,309.72321045326703,,,,PENDING_AT_END
309.75,310.09492914558325,,,,PENDING_AT_END
310.09999999999997,310.28151831656686,,,,PENDING_AT_END
310.45,310.64711276867666,,,,PENDING_AT_END
310.79999999999995,310.99717768753,,,,PENDING_AT_END
311.15,311.4928081199107,,,,PENDING_AT_END
311.5,311.77970354565036,,,,PENDING_AT_END
311.84999999999997,311.9268982321997,,,,PENDING_AT_END
312.2,312.33815987530585,,,,PENDING_AT_END
312.54999999999995,312.7501268102285,,,,PENDING_AT_END
312.9,313.2630218716174,,,,PENDING_AT_END
313.25,313.60730068556404,,,,PENDING_AT_END
313.59999999999997,313.72138591132676,,,,PENDING_AT_END
313.95,314.00182778910886,,,,PENDING_AT_END
314.29999999999995,314.66403045038237,,,,PENDING_AT_END
314.65,314.929458818978,,,,PENDING_AT_END
315.0,315.0019250849782,,,,PENDING_AT_END
315.34999999999997,315.3872890679931,,,,PENDING_AT_END
315.7,315.8568641640347,,,,PENDING_AT_END
316.04999999999995,316.2663482511316,,,,PENDING_AT_END
316.4,316.4927436195635,,,,PENDING_AT_END
316.75,317.0038369644618,,,,PENDING_AT_END
317.09999999999997,317.3221122491079,,,,PENDING_AT_END
317.45,317.57830406787645,,,,PENDING_AT_END
317.79999999999995,317.8956271184927,,,,PENDING_AT_END
318.15,318.3040739433724,,,,PENDING_AT_END
318.5,318.60354704891233,,,,PENDING_AT_END
318.84999999999997,319.1524216668526,,,,PENDING_AT_END
319.2,319.3814182095645,,,,PENDING_AT_END
319.54999999999995,319.8830913347116,,,,PENDING_AT_END
319.9,320.0830020381951,,,,PENDING_AT_END
320.25,320.59626776178845,,,,PENDING_AT_END
320.59999999999997,320.7742332782081,,,,PENDING_AT_END
320.95,320.97425640526234,,,,PENDING_AT_END
321.29999999999995,321.4551094897979,,,,PENDING_AT_END
321.65,321.739776272506,,,,PENDING_AT_END
322.0,322.1298389611892,,,,PENDING_AT_END
322.34999999999997,322.73166751759067,,,,PENDING_AT_END
322.7,323.0371166369749,,,,PENDING_AT_END
323.04999999999995,323.42248791929217,,,,PENDING_AT_END
323.4,323.7196152380585,,,,PENDING_AT_END
323.75,323.9320186068902,,,,PENDING_AT_END
324.09999999999997,324.3540089537748,,,,PENDING_AT_END
324.45,324.7868140436207,,,,PENDING_AT_END
324.79999999999995,325.13710341775425,,,,PENDING_AT_END
325.15,325.4056211017446,,,,PENDING_AT_END
325.5,325.6889676504144,,,,PENDING_AT_END
325.84999999999997,325.94453369094316,,,,PENDING_AT_END
326.2,326.29105864532534,,,,PENDING_AT_END
326.54999999999995,326.62081883032374,,,,PENDING_AT_END
326.9,327.132057648275,,,,PENDING_AT_END
327.25,327.4180795483244,,,,PENDING_AT_END
327.59999999999997,327.9314868829327,,,,PENDING_AT_END
327.95,328.2401177658176,,,,PENDING_AT_END
328.29999999999995,328.4333323982727,,,,PENDING_AT_END
328.65,328.95197202558404,,,,PENDING_AT_END
329.0,329.1999490257982,,,,PENDING_AT_END
329.34999999999997,329.7420096613884,,,,PENDING_AT_END
329.7,330.0978179450878,,,,PENDING_AT_END
330.04999999999995,330.1861143443474,,,,PENDING_AT_END
330.4,330.7117926448593,,,,PENDING_AT_END
330.75,330.8708778695549,,,,PENDING_AT_END
331.09999999999997,331.2123624619749,,,,PENDING_AT_END
331.45,331.6633317138516,,,,PENDING_AT_END
331.79999999999995,331.8172756748993,,,,PENDING_AT_END
332.15,332.2713882288364,,,,PENDING_AT_END
332.5,332.84929835493335,,,,PENDING_AT_END
332.84999999999997,333.0255156508844,,,,PENDING_AT_END
333.2,333.52079712515234,,,,PENDING_AT_END
333.54999999999995,333.88747891818593,,,,PENDING_AT_END
333.9,334.116560519018,,,,PENDING_AT_END
334.25,334.64633086724416,,,,PENDING_AT_END
334.59999999999997,334.7548066855059,,,,PENDING_AT_END
334.95,335.2925783018497,,,,PENDING_AT_END
335.29999999999995,335.63805020537825,,,,PENDING_AT_END
335.65,335.7148791744818,,,,PENDING_AT_END
336.0,336.0205857469291,,,,PENDING_AT_END
336.34999999999997,336.5877405964715,,,,PENDING_AT_END
336.7,337.03948400790597,,,,PENDING_AT_END
337.04999999999995,337.4064001737215,,,,PENDING_AT_END
337.4,337.54395145421506,,,,PENDING_AT_END
337.75,337.98188855862054,,,,PENDING_AT_END
338.09999999999997,338.4559085378018,,,,PENDING_AT_END
338.45,338.7710985108534,,,,PENDING_AT_END
338.79999999999995,338.9654226208685,,,,PENDING_AT_END
339.15,339.19694680304883,,,,PENDING_AT_END
339.5,339.543001029048,,,,PENDING_AT_END
339.84999999999997,340.043646722893,,,,PENDING_AT_END
340.2,340.5972917842153,,,,PENDING_AT_END
340.54999999999995,340.7390625875955,,,,PENDING_AT_END
340.9,341.02266936862793,,,,PENDING_AT_END
341.25,341.4298299979033,,,,PENDING_AT_END
341.59999999999997,341.715972002368,,,,PENDING_AT_END
341.95,342.24727189049446,,,,PENDING_AT_END
342.29999999999995,342.4673310319823,,,,PENDING_AT_END
342.65,342.8345338855679,,,,PENDING_AT_END
343.0,343.20469442774436,,,,PENDING_AT_END
343.34999999999997,343.6660995437381,,,,PENDING_AT_END
343.7,343.7606802736712,,,,PENDING_AT_END
344.04999999999995,344.2049604615065,,,,PENDING_AT_END
344.4,344.63064608338505,,,,PENDING_AT_END
344.75,344.86841731520565,,,,PENDING_AT_END
345.09999999999997,345.2351413406979,,,,PENDING_AT_END
345.45,345.827309331265,,,,PENDING_AT_END
345.79999999999995,346.07212009437296,,,,PENDING_AT_END
346.15,346.4532847082711,,,,PENDING_AT_END
346.5,346.73198800388104,,,,PENDING_AT_END
346.84999999999997,347.09354202898584,,,,PENDING_AT_END
347.2,347.3031284509797,,,,PENDING_AT_END
347.54999999999995,347.82411245817013,,,,PENDING_AT_END
347.9,348.11136989253237,,,,PENDING_AT_END
348.25,348.38954992217316,,,,PENDING_AT_END
348.59999999999997,348.76674494150694,,,,PENDING_AT_END
348.95,349.28714039156995,,,,PENDING_AT_END
349.29999999999995,349.45158243991,,,,PENDING_AT_END
349.65,349.88605310240064,,,,PENDING_AT_END
350.0,350.2389836495578,,,,PENDING_AT_END
350.34999999999997,350.7188675757214,,,,PENDING_AT_END
350.7,351.08154312863934,,,,PENDING_AT_END
351.04999999999995,351.33713149089476,,,,PENDING_AT_END
351.4,351.563089445435,,,,PENDING_AT_END
351.75,351.83739354765237,,,,PENDING_AT_END
352.09999999999997,352.15288671234686,,,,PENDING_AT_END
352.45,352.6139068328791,,,,PENDING_AT_END
352.79999999999995,353.01914455734595,,,,PENDING_AT_END
353.15,353.1635080058121,,,,PENDING_AT_END
353.5,353.8070118929812,,,,PENDING_AT_END
353.84999999999997,354.02714372242434,,,,PENDING_AT_END
354.2,354.3762829062055,,,,PENDING_AT_END
354.54999999999995,354.732486085412,,,,PENDING_AT_END
354.9,355.13845735601956,,,,PENDING_AT_END
355.25,355.4373549522188,,,,PENDING_AT_END
355.59999999999997,355.90274753467514,,,,PENDING_AT_END
355.95,356.0320482420013,,,,PENDING_AT_END
356.29999999999995,356.52600032655323,,,,PENDING_AT_END
356.65,356.9801657986827,,,,PENDING_AT_END
357.0,357.0577260356433,,,,PENDING_AT_END
357.34999999999997,357.4391284480601,,,,PENDING_AT_END
357.7,357.88737434324395,,,,PENDING_AT_END
358.04999999999995,358.12349505090515,,,,PENDING_AT_END
358.4,358.6981716776129,,,,PENDING_AT_END
358.75,359.0535197136486,,,,PENDING_AT_END
359.09999999999997,359.27761569937985,,,,PENDING_AT_END
359.45,359.7180319809476,,,,PENDING_AT_END
359.79999999999995,359.8341595919584,,,,PENDING_AT_END
360.15,360.5285409940416,,,,PENDING_AT_END
360.5,360.8037157542657,,,,PENDING_AT_END
360.84999999999997,361.24534239577525,,,,PENDING_AT_END
361.2,361.24928108194473,,,,PENDING_AT_END
361.54999999999995,361.7715594547899,,,,PENDING_AT_END
361.9,362.0677771931064,,,,PENDING_AT_END
362.25,362.3249725391289,,,,PENDING_AT_END
362.59999999999997,362.9171895117535,,,,PENDING_AT_END
362.95,363.1127466515888,,,,PENDING_AT_END
363.29999999999995,363.6867343124777,,,,PENDING_AT_END
363.65,363.91126322125285,,,,PENDING_AT_END
364.0,364.06717006947827,,,,PENDING_AT_END
364.34999999999997,364.43068649519665,,,,PENDING_AT_END
364.7,364.7927313124913,,,,PENDING_AT_END
365.04999999999995,365.3237643538166,,,,PENDING_AT_END
365.4,365.7105263240393,,,,PENDING_AT_END
365.75,365.77075429793535,,,,PENDING_AT_END
366.09999999999997,366.1572390115728,,,,PENDING_AT_END
366.45,366.6967130380553,,,,PENDING_AT_END
366.79999999999995,367.1716295249157,,,,PENDING_AT_END
367.15,367.25089246714094,,,,PENDING_AT_END
367.5,367.6516340882258,,,,PENDING_AT_END
367.84999999999997,368.1649992388521,,,,PENDING_AT_END
368.2,368.5257581374298,,,,PENDING_AT_END
368.54999999999995,368.90583879657834,,,,PENDING_AT_END
368.9,369.2338073874955,,,,PENDING_AT_END
369.25,369.63077311202187,,,,PENDING_AT_END
369.59999999999997,369.7511383490741,,,,PENDING_AT_END
369.95,370.3439642696807,,,,PENDING_AT_END
370.29999999999995,370.4034360161653,,,,PENDING_AT_END
370.65,370.7406263133289,,,,PENDING_AT_END
371.0,371.3668520987103,,,,PENDING_AT_END
371.34999999999997,371.50953065935363,,,,PENDING_AT_END
371.7,371.8375159342717,,,,PENDING_AT_END
372.04999999999995,372.102205896946,,,,PENDING_AT_END
372.4,372.5364094091583,,,,PENDING_AT_END
372.75,372.96507429444773,,,,PENDING_AT_END
373.09999999999997,373.2567151168677,,,,PENDING_AT_END
373.45,373.7614112023728,,,,PENDING_AT_END
373.79999999999995,374.0395142743156,,,,PENDING_AT_END
374.15,374.18613758425874,,,,PENDING_AT_END
374.5,374.7023393253793,,,,PENDING_AT_END
374.84999999999997,374.9469760402512,,,,PENDING_AT_END
375.2,375.4861609811623,,,,PENDING_AT_END
375.54999999999995,375.56942406008534,,,,PENDING_AT_END
375.9,376.2141879510359,,,,PENDING_AT_END
376.25,376.59459435325925,,,,PENDING_AT_END
376.59999999999997,376.70596043543156,,,,PENDING_AT_END
376.95,377.1624250050955,,,,PENDING_AT_END
377.29999999999995,377.63121119903224,,,,PENDING_AT_END
377.65,377.78453269984504,,,,PENDING_AT_END
378.0,378.21268322312494,,,,PENDING_AT_END
378.34999999999997,378.66194895192103,,,,PENDING_AT_END
378.7,378.8362570829552,,,,PENDING_AT_END
379.04999999999995,379.09265352522266,,,,PENDING_AT_END
379.4,379.7847386288007,,,,PENDING_AT_END
379.75,380.00270047114327,,,,PENDING_AT_END
380.09999999999997,380.4058674776541,,,,PENDING_AT_END
380.45,380.6581128590802,,,,PENDING_AT_END
380.79999999999995,380.8039222903726,,,,PENDING_AT_END
381.15,381.2166874359908,,,,PENDING_AT_END
381.5,381.64002528477636,,,,PENDING_AT_END
381.84999999999997,381.9744072821871,,,,PENDING_AT_END
382.2,382.2572690323871,,,,PENDING_AT_END
382.54999999999995,382.87086449863443,,,,PENDING_AT_END
382.9,383.02959339096424,,,,PENDING_AT_END
383.25,383.63977061344406,,,,PENDING_AT_END
383.59999999999997,383.76407883393796,,,,PENDING_AT_END
383.95,384.34734315366353,,,,PENDING_AT_END
384.29999999999995,384.688249189055,,,,PENDING_AT_END
384.65,384.79606540898385,,,,PENDING_AT_END
385.0,385.32028575548486,,,,PENDING_AT_END
385.34999999999997,385.54186850952243,,,,PENDING_AT_END
385.7,386.0438559352485,,,,PENDING_AT_END
386.04999999999995,386.4304786307342,,,,PENDING_AT_END
386.4,386.62025942662365,,,,PENDING_AT_END
386.75,387.0050166546124,,,,PENDING_AT_END
387.09999999999997,387.2786520527134,,,,PENDING_AT_END
387.45,387.6087549657446,,,,PENDING_AT_END
387.79999999999995,388.07149422222494,,,,PENDING_AT_END
388.15,388.1668172932526,,,,PENDING_AT_END
388.5,388.7888426857892,,,,PENDING_AT_END
388.84999999999997,389.23038214781894,,,,PENDING_AT_END
389.2,389.2675135198901,,,,PENDING_AT_END
389.54999999999995,389.6496425744524,,,,PENDING_AT_END
389.9,389.93006429945547,,,,PENDING_AT_END
390.25,390.44221432517224,,,,PENDING_AT_END
390.59999999999997,390.9607857641558,,,,PENDING_AT_END
390.95,390.98721201307006,,,,PENDING_AT_END
391.29999999999995,391.68753553544605,,,,PENDING_AT_END
391.65,392.0114267925203,,,,PENDING_AT_END
392.0,392.22407306254297,,,,PENDING_AT_END
392.34999999999997,392.7357832265338,,,,PENDING_AT_END
392.7,393.06900145771755,,,,PENDING_AT_END
393.04999999999995,393.4305682080741,,,,PENDING_AT_END
393.4,393.71027434044083,,,,PENDING_AT_END
393.75,394.0147332553021,,,,PENDING_AT_END
394.09999999999997,394.3159782344433,,,,PENDING_AT_END
394.45,394.6387901352818,,,,PENDING_AT_END
394.79999999999995,395.0097933881781,,,,PENDING_AT_END
395.15,395.343614459513,,,,PENDING_AT_END
395.5,395.86787422265274,,,,PENDING_AT_END
395.84999999999997,396.0577578350814,,,,PENDING_AT_END
396.2,396.2811930770468,,,,PENDING_AT_END
396.54999999999995,396.8690324178327,,,,PENDING_AT_END
396.9,396.93051546589015,,,,PENDING_AT_END
397.25,397.57057550894467,,,,PENDING_AT_END
397.59999999999997,397.9222263077191,,,,PENDING_AT_END
397.95,398.176953579075,,,,PENDING_AT_END
398.29999999999995,398.61888142051896,,,,PENDING_AT_END
398.65,398.7194724576958,,,,PENDING_AT_END
399.0,399.32697365913714,,,,PENDING_AT_END
399.34999999999997,399.5395557818285,,,,PENDING_AT_END
399.7,399.96661320798825,,,,PENDING_AT_END
400.04999999999995,400.2069207349708,,,,PENDING_AT_END
400.4,400.5201668236102,,,,PENDING_AT_END
400.75,400.92084411683186,,,,PENDING_AT_END
401.09999999999997,401.193781912907,,,,PENDING_AT_END
401.45,401.7540966844045,,,,PENDING_AT_END
401.79999999999995,402.0167607920072,,,,PENDING_AT_END
402.15,402.35262336434903,,,,PENDING_AT_END
402.5,402.6884029537573,,,,PENDING_AT_END
402.84999999999997,402.85775445498274,,,,PENDING_AT_END
403.2,403.2314323565411,,,,PENDING_AT_END
403.54999999999995,403.5665309792124,,,,PENDING_AT_END
403.9,404.1108284189929,,,,PENDING_AT_END
404.25,404.374887783344,,,,PENDING_AT_END
404.59999999999997,404.8739098968484,,,,PENDING_AT_END
404.95,405.01002519708567,,,,PENDING_AT_END
405.29999999999995,405.3084808890436,,,,PENDING_AT_END
405.65,405.9224422459579,,,,PENDING_AT_END
406.0,406.2922490111092,,,,PENDING_AT_END
406.34999999999997,406.61243342981373,,,,PENDING_AT_END
406.7,406.70145058060365,,,,PENDING_AT_END
407.04999999999995,407.3392634001,,,,PENDING_AT_END
407.4,407.59563934910545,,,,PENDING_AT_END
407.75,407.8690229784446,,,,PENDING_AT_END
408.09999999999997,408.47884617528786,,,,PENDING_AT_END
408.45,408.4767292958449,,,,PENDING_AT_END
408.79999999999995,408.91017071166584,,,,PENDING_AT_END
409.15,409.3493156868801,,,,PENDING_AT_END
409.5,409.55499563115404,,,,PENDING_AT_END
409.84999999999997,410.1959553441291,,,,PENDING_AT_END
410.2,410.2272603126036,,,,PENDING_AT_END
410.54999999999995,410.89737749662413,,,,PENDING_AT_END
410.9,411.00762405516446,,,,PENDING_AT_END
411.25,411.4160209689486,,,,PENDING_AT_END
411.59999999999997,411.9497784598662,,,,PENDING_AT_END
411.95,412.07781518891517,,,,PENDING_AT_END
412.29999999999995,412.59588857894505,,,,PENDING_AT_END
412.65,412.9619675758412,,,,PENDING_AT_END
413.0,413.1422046875093,,,,PENDING_AT_END
413.34999999999997,413.5123015126018,,,,PENDING_AT_END
413.7,413.97221837512,,,,PENDING_AT_END
414.04999999999995,414.22892659381876,,,,PENDING_AT_END
414.4,414.5103099738682,,,,PENDING_AT_END
414.75,415.08009465947987,,,,PENDING_AT_END
415.09999999999997,415.19192471762807,,,,PENDING_AT_END
415.45,415.73852423548175,,,,PENDING_AT_END
415.79999999999995,415.8221608653106,,,,PENDING_AT_END
416.15,416.3638215151684,,,,PENDING_AT_END
416.5,416.8068008582045,,,,PENDING_AT_END
416.84999999999997,416.9669418595283,,,,PENDING_AT_END
417.2,417.4171411661268,,,,PENDING_AT_END
417.54999999999995,417.92554048837724,,,,PENDING_AT_END
417.9,417.97545572281376,,,,PENDING_AT_END
418.25,418.25535873047374,,,,PENDING_AT_END
418.59999999999997,418.98703813365836,,,,PENDING_AT_END
418.95,419.15307544455635,,,,PENDING_AT_END
419.29999999999995,419.4973645065479,,,,PENDING_AT_END
419.65,420.0108347452816,,,,PENDING_AT_END
420.0,420.2755177931648,,,,PENDING_AT_END
420.34999999999997,420.4364669543442,,,,PENDING_AT_END
420.7,420.91396348389156,,,,PENDING_AT_END
421.04999999999995,421.30770565274497,,,,PENDING_AT_END
421.4,421.57049786463074,,,,PENDING_AT_END
421.75,422.068248385453,,,,PENDING_AT_END
422.09999999999997,422.4457714475978,,,,PENDING_AT_END
422.45,422.5842291934652,,,,PENDING_AT_END
422.79999999999995,423.1911292987895,,,,PENDING_AT_END
423.15,423.21141166457267,,,,PENDING_AT_END
423.5,423.5538328659575,,,,PENDING_AT_END
423.84999999999997,424.04417062424267,,,,PENDING_AT_END
424.2,424.3071564398453,,,,PENDING_AT_END
424.54999999999995,424.8154639081106,,,,PENDING_AT_END
424.9,425.03689629584596,,,,PENDING_AT_END
425.25,425.5314779254786,,,,PENDING_AT_END
425.59999999999997,425.84838431964596,,,,PENDING_AT_END
425.95,426.13412135841537,,,,PENDING_AT_END
426.29999999999995,426.33826151300957,,,,PENDING_AT_END
426.65,426.667713924415,,,,PENDING_AT_END
427.0,427.04274297823156,,,,PENDING_AT_END
427.34999999999997,427.52291418759927,,,,PENDING_AT_END
427.7,427.94372176224357,,,,PENDING_AT_END
428.04999999999995,428.3888093262178,,,,PENDING_AT_END
428.4,428.5933549245277,,,,PENDING_AT_END
428.75,428.8028937847248,,,,PENDING_AT_END
429.09999999999997,429.34697006681296,,,,PENDING_AT_END
429.45,429.5901590230274,,,,PENDING_AT_END
429.79999999999995,430.0285829130729,,,,PENDING_AT_END
430.15,430.1684880677436,,,,PENDING_AT_END
430.5,430.8393543081354,,,,PENDING_AT_END
430.84999999999997,430.91189496382975,,,,PENDING_AT_END
431.2,431.4895290336635,,,,PENDING_AT_END
431.54999999999995,431.69113265015574,,,,PENDING_AT_END
431.9,431.99530997343913,,,,PENDING_AT_END
432.25,432.5320127879065,,,,PENDING_AT_END
432.59999999999997,432.9878125505599,,,,PENDING_AT_END
432.95,433.12998531115585,,,,PENDING_AT_END
433.29999999999995,433.3015003407935,,,,PENDING_AT_END
433.65,433.7574610012035,,,,PENDING_AT_END
434.0,434.25897808626587,,,,PENDING_AT_END
434.34999999999997,434.4290816597758,,,,PENDING_AT_END
434.7,434.8906468885704,,,,PENDING_AT_END
435.04999999999995,435.18618633897756,,,,PENDING_AT_END
435.4,435.4646101343435,,,,PENDING_AT_END
435.75,436.11379647583703,,,,PENDING_AT_END
436.09999999999997,436.23746840219354,,,,PENDING_AT_END
436.45,436.8358666060505,,,,PENDING_AT_END
436.79999999999995,437.0526531246559,,,,PENDING_AT_END
437.15,437.29878160928035,,,,PENDING_AT_END
437.5,437.6290855729894,,,,PENDING_AT_END
437.84999999999997,437.8999571802536,,,,PENDING_AT_END
438.2,438.3717425252268,,,,PENDING_AT_END
438.54999999999995,438.634405040151,,,,PENDING_AT_END
438.9,439.1417432059226,,,,PENDING_AT_END
439.25,439.42745269859813,,,,PENDING_AT_END
439.59999999999997,439.71296896517737,,,,PENDING_AT_END
439.95,440.01594947270627,,,,PENDING_AT_END
440.29999999999995,440.3077589061976,,,,PENDING_AT_END
440.65,440.9650232269365,,,,PENDING_AT_END
441.0,441.1336987430766,,,,PENDING_AT_END
441.34999999999997,441.72452806073267,,,,PENDING_AT_END
441.7,441.821081571865,,,,PENDING_AT_END
442.04999999999995,442.3936845574101,,,,PENDING_AT_END
442.4,442.79796760914235,,,,PENDING_AT_END
442.75,443.13526888284025,,,,PENDING_AT_END
443.09999999999997,443.46589611823407,,,,PENDING_AT_END
443.45,443.5696106897631,,,,PENDING_AT_END
443.79999999999995,444.12428107401047,,,,PENDING_AT_END
444.15,444.4806903399176,,,,PENDING_AT_END
444.5,444.733129556215,,,,PENDING_AT_END
444.84999999999997,444.91338052864506,,,,PENDING_AT_END
445.2,445.2521144191796,,,,PENDING_AT_END
445.54999999999995,445.7905160518876,,,,PENDING_AT_END
445.9,446.106852587836,,,,PENDING_AT_END
446.25,446.46816544007584,,,,PENDING_AT_END
446.59999999999997,446.87724024972346,,,,PENDING_AT_END
446.95,447.0211268940579,,,,PENDING_AT_END
447.29999999999995,447.5612541186067,,,,PENDING_AT_END
447.65,448.0309878676436,,,,PENDING_AT_END
448.0,448.3871385270111,,,,PENDING_AT_END
448.34999999999997,448.715973494857,,,,PENDING_AT_END
448.7,448.99104689791653,,,,PENDING_AT_END
449.04999999999995,449.1442537747613,,,,PENDING_AT_END
449.4,449.7696017075949,,,,PENDING_AT_END
449.74999999999994,449.92369730683646,,,,PENDING_AT_END
450.09999999999997,450.4157614900502,,,,PENDING_AT_END
450.45,450.64200658253384,,,,PENDING_AT_END
450.79999999999995,451.1527474008544,,,,PENDING_AT_END
451.15,451.253153190902,,,,PENDING_AT_END
451.49999999999994,451.57650774012603,,,,PENDING_AT_END
451.84999999999997,451.9722866421865,,,,PENDING_AT_END
452.2,452.45186583066976,,,,PENDING_AT_END
452.54999999999995,452.6870431419012,,,,PENDING_AT_END
452.9,453.0217202652175,,,,PENDING_AT_END
453.24999999999994,453.6086942924929,,,,PENDING_AT_END
453.59999999999997,453.8075568124514,,,,PENDING_AT_END
453.95,454.01591636718393,,,,PENDING_AT_END
454.29999999999995,454.68979450126585,,,,PENDING_AT_END
454.65,454.80055669952003,,,,PENDING_AT_END
454.99999999999994,455.19062117073025,,,,PENDING_AT_END
455.34999999999997,455.4850233790398,,,,PENDING_AT_END
455.7,455.8624402426263,,,,PENDING_AT_END
456.04999999999995,456.33440158918916,,,,PENDING_AT_END
456.4,456.5229540742123,,,,PENDING_AT_END
456.74999999999994,457.10773085212264,,,,PENDING_AT_END
457.09999999999997,457.4466195961127,,,,PENDING_AT_END
457.45,457.7090357781738,,,,PENDING_AT_END
457.79999999999995,458.1339671318432,,,,PENDING_AT_END
458.15,458.3953533348912,,,,PENDING_AT_END
458.49999999999994,458.72854174389494,,,,PENDING_AT_END
458.84999999999997,459.1551596814575,,,,PENDING_AT_END
459.2,459.29055776676597,,,,PENDING_AT_END
459.54999999999995,459.92123831371646,,,,PENDING_AT_END
459.9,460.1589096308313,,,,PENDING_AT_END
460.24999999999994,460.5062829652333,,,,PENDING_AT_END
460.59999999999997,460.65014442292755,,,,PENDING_AT_END
460.95,461.13836012357825,,,,PENDING_AT_END
461.29999999999995,461.6456575972401,,,,PENDING_AT_END
461.65,462.03440350309177,,,,PENDING_AT_END
461.99999999999994,462.2505936861949,,,,PENDING_AT_END
462.34999999999997,462.638397994786,,,,PENDING_AT_END
462.7,462.9270496615382,,,,PENDING_AT_END
463.04999999999995,463.05379350662645,,,,PENDING_AT_END
463.4,463.426326207575,,,,PENDING_AT_END
463.74999999999994,464.0296006868909,,,,PENDING_AT_END
464.09999999999997,464.293171689594,,,,PENDING_AT_END
464.45,464.64115290169474,,,,PENDING_AT_END
464.79999999999995,464.8509779193639,,,,PENDING_AT_END
465.15,465.5015924518341,,,,PENDING_AT_END
465.49999999999994,465.6622070234475,,,,PENDING_AT_END
465.84999999999997,466.1278091304874,,,,PENDING_AT_END
466.2,466.58760219721154,,,,PENDING_AT_END
466.54999999999995,466.88331575136897,,,,PENDING_AT_END
466.9,466.95035629977576,,,,PENDING_AT_END
467.24999999999994,467.3546796220359,,,,PENDING_AT_END
467.59999999999997,467.66151588834174,,,,PENDING_AT_END
467.95,467.9632211840773,,,,PENDING_AT_END
468.29999999999995,468.4650365554746,,,,PENDING_AT_END
468.65,468.8898381418911,,,,PENDING_AT_END
468.99999999999994,469.0212205368144,,,,PENDING_AT_END
469.34999999999997,469.65418986107267,,,,PENDING_AT_END
469.7,469.9871329663916,,,,PENDING_AT_END
470.04999999999995,470.1573720303861,,,,PENDING_AT_END
470.4,470.73207368144256,,,,PENDING_AT_END
470.74999999999994,471.1398169608671,,,,PENDING_AT_END
471.09999999999997,471.4649483236678,,,,PENDING_AT_END
471.45,471.7215079645278,,,,PENDING_AT_END
471.79999999999995,471.85932339270937,,,,PENDING_AT_END
472.15,472.24669072362406,,,,PENDING_AT_END
472.49999999999994,472.8776890924892,,,,PENDING_AT_END
472.84999999999997,472.8954595558409,,,,PENDING_AT_END
473.2,473.38404592926605,,,,PENDING_AT_END
473.54999999999995,473.87783690447293,,,,PENDING_AT_END
473.9,474.05840078088863,,,,PENDING_AT_END
474.24999999999994,474.61457706709444,,,,PENDING_AT_END
474.59999999999997,474.7034498646597,,,,PENDING_AT_END
474.95,475.3340006436893,,,,PENDING_AT_END
475.29999999999995,475.431303526226,,,,PENDING_AT_END
475.65,475.87863115361233,,,,PENDING_AT_END
475.99999999999994,476.31518380347705,,,,PENDING_AT_END
476.34999999999997,476.7015208036051,,,,PENDING_AT_END
476.7,476.9536537649207,,,,PENDING_AT_END
477.04999999999995,477.2586813427981,,,,PENDING_AT_END
477.4,477.4503494886112,,,,PENDING_AT_END
477.74999999999994,477.9941505724108,,,,PENDING_AT_END
478.09999999999997,478.18910968368476,,,,PENDING_AT_END
478.45,478.84155657091725,,,,PENDING_AT_END
478.79999999999995,479.04432777323564,,,,PENDING_AT_END
479.15,479.5440209619312,,,,PENDING_AT_END
479.49999999999994,479.60915895238026,,,,PENDING_AT_END
479.84999999999997,480.1704509416406,,,,PENDING_AT_END
480.2,480.26543356227256,,,,PENDING_AT_END
480.54999999999995,480.7800834254583,,,,PENDING_AT_END
480.9,481.15494858396755,,,,PENDING_AT_END
481.24999999999994,481.5836256438312,,,,PENDING_AT_END
481.59999999999997,481.98513087261216,,,,PENDING_AT_END
481.95,482.2089522891103,,,,PENDING_AT_END
482.29999999999995,482.42921677117477,,,,PENDING_AT_END
482.65,482.81690252031206,,,,PENDING_AT_END
482.99999999999994,483.1661754009472,,,,PENDING_AT_END
483.34999999999997,483.62741582537086,,,,PENDING_AT_END
483.7,484.0150066509147,,,,PENDING_AT_END
484.04999999999995,484.36890014688436,,,,PENDING_AT_END
484.4,484.432967990586,,,,PENDING_AT_END
484.74999999999994,484.8911646760976,,,,PENDING_AT_END
485.09999999999997,485.4452178346965,,,,PENDING_AT_END
485.45,485.4579516344954,,,,PENDING_AT_END
485.79999999999995,485.86752429058004,,,,PENDING_AT_END
486.15,486.322510483173,,,,PENDING_AT_END
486.49999999999994,486.86511029649824,,,,PENDING_AT_END
486.84999999999997,487.14670154244055,,,,PENDING_AT_END
487.2,487.3859893224496,,,,PENDING_AT_END
487.54999999999995,487.861748970259,,,,PENDING_AT_END
487.9,488.06107361711395,,,,PENDING_AT_END
488.24999999999994,488.2542391092857,,,,PENDING_AT_END
488.59999999999997,488.887881163367,,,,PENDING_AT_END
488.95,489.0072998154315,,,,PENDING_AT_END
489.29999999999995,489.5251070470091,,,,PENDING_AT_END
489.65,489.8798597426353,,,,PENDING_AT_END
489.99999999999994,490.28126840284875,,,,PENDING_AT_END
490.34999999999997,490.60446198301196,,,,PENDING_AT_END
490.7,490.87292958289567,,,,PENDING_AT_END
491.04999999999995,491.3869707478681,,,,PENDING_AT_END
491.4,491.56263169368367,,,,PENDING_AT_END
491.74999999999994,492.09586611044614,,,,PENDING_AT_END
492.09999999999997,492.3579684833042,,,,PENDING_AT_END
492.45,492.5704424087574,,,,PENDING_AT_END
492.79999999999995,492.98064403981925,,,,PENDING_AT_END
493.15,493.3455562062544,,,,PENDING_AT_END
493.49999999999994,493.8368138752506,,,,PENDING_AT_END
493.84999999999997,494.13226595915813,,,,PENDING_AT_END
494.2,494.3272395558948,,,,PENDING_AT_END
494.54999999999995,494.8134634880373,,,,PENDING_AT_END
494.9,494.92099899564505,,,,PENDING_AT_END
495.24999999999994,495.6184307702902,,,,PENDING_AT_END
495.59999999999997,495.6704144437352,,,,PENDING_AT_END
495.95,496.04943372048416,,,,PENDING_AT_END
496.29999999999995,496.46022094076636,,,,PENDING_AT_END
496.65,496.8470837253293,,,,PENDING_AT_END
496.99999999999994,497.0574433020476,,,,PENDING_AT_END
497.34999999999997,497.63213178440907,,,,PENDING_AT_END
497.7,497.7244660637817,,,,PENDING_AT_END
498.04999999999995,498.2231471760358,,,,PENDING_AT_END
498.4,498.7801458399406,,,,PENDING_AT_END
498.74999999999994,499.0745699163171,,,,PENDING_AT_END
499.09999999999997,499.2070557860913,,,,PENDING_AT_END
499.45,499.67836173541735,,,,PENDING_AT_END
499.79999999999995,500.04878912328616,,,,PENDING_AT_END
500.15,500.27231080816966,,,,PENDING_AT_END
500.49999999999994,500.59247906709874,,,,PENDING_AT_END
500.84999999999997,501.0798274350173,,,,PENDING_AT_END
501.2,501.4349928320027,,,,PENDING_AT_END
501.54999999999995,501.66087064242197,,,,PENDING_AT_END
501.9,502.2414686566949,,,,PENDING_AT_END
502.24999999999994,502.5457366906937,,,,PENDING_AT_END
502.59999999999997,502.86874753412593,,,,PENDING_AT_END
502.95,503.2960505699611,,,,PENDING_AT_END
503.29999999999995,503.6164738058785,,,,PENDING_AT_END
503.65,503.9255558530889,,,,PENDING_AT_END
503.99999999999994,504.0698069915574,,,,PENDING_AT_END
504.34999999999997,504.5375239478288,,,,PENDING_AT_END
504.7,504.97756528622637,,,,PENDING_AT_END
505.04999999999995,505.1837495549222,,,,PENDING_AT_END
505.4,505.4792512066606,,,,PENDING_AT_END
505.74999999999994,506.0808941924516,,,,PENDING_AT_END
506.09999999999997,506.43039816472213,,,,PENDING_AT_END
506.45,506.4894431975244,,,,PENDING_AT_END
506.79999999999995,506.8885260261484,,,,PENDING_AT_END
507.15,507.15787752847154,,,,PENDING_AT_END
507.49999999999994,507.69256075689924,,,,PENDING_AT_END
507.84999999999997,507.9608936796796,,,,PENDING_AT_END
508.2,508.2994208444031,,,,PENDING_AT_END
508.54999999999995,508.90925848435836,,,,PENDING_AT_END
508.9,509.1716856605059,,,,PENDING_AT_END
509.24999999999994,509.2701894497298,,,,PENDING_AT_END
509.59999999999997,509.9943041093051,,,,PENDING_AT_END
509.95,510.11924023720684,,,,PENDING_AT_END
510.29999999999995,510.3405883456621,,,,PENDING_AT_END
510.65,510.72148534999053,,,,PENDING_AT_END
510.99999999999994,511.11724810528204,,,,PENDING_AT_END
511.34999999999997,511.54026124457533,,,,PENDING_AT_END
511.7,511.80139923400174,,,,PENDING_AT_END
512.05,512.3034164147675,,,,PENDING_AT_END
512.4,512.6154934655855,,,,PENDING_AT_END
512.75,512.8263509682256,,,,PENDING_AT_END
513.1,513.4275727226099,,,,PENDING_AT_END
513.4499999999999,513.5129130126683,,,,PENDING_AT_END
513.8,513.8966910071078,,,,PENDING_AT_END
514.15,514.2887362988139,,,,PENDING_AT_END
514.5,514.6296786663409,,,,PENDING_AT_END
514.85,514.8790491652481,,,,PENDING_AT_END
515.1999999999999,515.219279101865,,,,PENDING_AT_END
515.55,515.6494152451203,,,,PENDING_AT_END
515.9,515.9528276035984,,,,PENDING_AT_END
516.25,516.2883350337113,,,,PENDING_AT_END
516.6,516.6113349273427,,,,PENDING_AT_END
516.9499999999999,517.2334807100586,,,,PENDING_AT_END
517.3,517.4462550072287,,,,PENDING_AT_END
517.65,517.7925978938468,,,,PENDING_AT_END
518.0,518.2137285675383,,,,PENDING_AT_END
518.35,518.5494625182574,,,,PENDING_AT_END
518.6999999999999,519.0215887266032,,,,PENDING_AT_END
519.05,519.4324088691662,,,,PENDING_AT_END
519.4,519.5067092586579,,,,PENDING_AT_END
519.75,520.1490667661972,,,,PENDING_AT_END
520.1,520.1209308990043,,,,PENDING_AT_END
520.4499999999999,520.5107541863689,,,,PENDING_AT_END
520.8,521.1581443865525,,,,PENDING_AT_END
521.15,521.4771278640243,,,,PENDING_AT_END
521.5,521.7700414636706,,,,PENDING_AT_END
521.85,522.2285213272002,,,,PENDING_AT_END
522.1999999999999,522.3573081055448,,,,PENDING_AT_END
522.55,522.5784825684984,,,,PENDING_AT_END
522.9,523.1374925065655,,,,PENDING_AT_END
523.25,523.3125077735524,,,,PENDING_AT_END
523.6,523.9252048890957,,,,PENDING_AT_END
523.9499999999999,524.2923403712738,,,,PENDING_AT_END
524.3,524.3526383618139,,,,PENDING_AT_END
524.65,524.7430280879458,,,,PENDING_AT_END
525.0,525.3203137541195,,,,PENDING_AT_END
525.35,525.3642373291892,,,,PENDING_AT_END
525.6999999999999,525.8945256434996,,,,PENDING_AT_END
526.05,526.2567490013698,,,,PENDING_AT_END
526.4,526.6345530184839,,,,PENDING_AT_END
526.75,527.0877922035738,,,,PENDING_AT_END
527.1,527.4289182155647,,,,PENDING_AT_END
527.4499999999999,527.7431040167024,,,,PENDING_AT_END
527.8,528.1543704132594,,,,PENDING_AT_END
528.15,528.511367464129,,,,PENDING_AT_END
528.5,528.6397186092004,,,,PENDING_AT_END
528.85,529.1471690154768,,,,PENDING_AT_END
529.1999999999999,529.4916903963343,,,,PENDING_AT_END
529.55,529.674024151597,,,,PENDING_AT_END
529.9,530.2843992002425,,,,PENDING_AT_END
530.25,530.6226402394834,,,,PENDING_AT_END
530.6,530.9896425994287,,,,PENDING_AT_END
530.9499999999999,531.196588157752,,,,PENDING_AT_END
531.3,531.6497944726659,,,,PENDING_AT_END
531.65,531.694030074278,,,,PENDING_AT_END
532.0,532.2768026098527,,,,PENDING_AT_END
532.35,532.6933286033762,,,,PENDING_AT_END
532.6999999999999,532.8256235848604,,,,PENDING_AT_END
533.05,533.2484710602444,,,,PENDING_AT_END
533.4,533.4485105928603,,,,PENDING_AT_END
533.75,534.1227281224499,,,,PENDING_AT_END
534.1,534.2728970789836,,,,PENDING_AT_END
534.4499999999999,534.5422456418684,,,,PENDING_AT_END
534.8,535.1835169718115,,,,PENDING_AT_END
535.15,535.4027214457082,,,,PENDING_AT_END
535.5,535.5525843709131,,,,PENDING_AT_END
535.85,535.9610668611812,,,,PENDING_AT_END
536.1999999999999,536.2984125465674,,,,PENDING_AT_END
536.55,536.8859582209104,,,,PENDING_AT_END
536.9,537.0722333107004,,,,PENDING_AT_END
537.25,537.5479922128038,,,,PENDING_AT_END
537.5999999999999,537.6536511506001,,,,PENDING_AT_END
537.9499999999999,538.2908296527695,,,,PENDING_AT_END
538.3,538.5685404022622,,,,PENDING_AT_END
538.65,538.9990432934059,,,,PENDING_AT_END
539.0,539.2628532509943,,,,PENDING_AT_END
539.3499999999999,539.7067109225645,,,,PENDING_AT_END
539.6999999999999,539.9864475769774,,,,PENDING_AT_END
540.05,540.1449786165831,,,,PENDING_AT_END
540.4,540.4525693208255,,,,PENDING_AT_END
540.75,541.0996003203961,,,,PENDING_AT_END
541.0999999999999,541.1003103478497,,,,PENDING_AT_END
541.4499999999999,541.6243273673639,,,,PENDING_AT_END
541.8,541.8292630204935,,,,PENDING_AT_END
542.15,542.1666142174278,,,,PENDING_AT_END
542.5,542.5615370930873,,,,PENDING_AT_END
542.8499999999999,542.9757569211934,,,,PENDING_AT_END
543.1999999999999,543.424950807272,,,,PENDING_AT_END
543.55,543.7041649207501,,,,PENDING_AT_END
543.9,544.2234702746824,,,,PENDING_AT_END
544.25,544.5170578499201,,,,PENDING_AT_END
544.5999999999999,544.768010764109,,,,PENDING_AT_END
544.9499999999999,545.1281570329087,,,,PENDING_AT_END
545.3,545.6509057822147,,,,PENDING_AT_END
545.65,545.7724287753994,,,,PENDING_AT_END
546.0,546.2743354475967,,,,PENDING_AT_END
546.3499999999999,546.6270921557079,,,,PENDING_AT_END
546.6999999999999,546.8689832837102,,,,PENDING_AT_END
547.05,547.415161561767,,,,PENDING_AT_END
547.4,547.6020745517077,,,,PENDING_AT_END
547.75,548.0480651639862,,,,PENDING_AT_END
548.0999999999999,548.3371442676721,,,,PENDING_AT_END
548.4499999999999,548.4937217147473,,,,PENDING_AT_END
548.8,548.8314588991298,,,,PENDING_AT_END
549.15,549.2638118349472,,,,PENDING_AT_END
549.5,549.8017241222192,,,,PENDING_AT_END
549.8499999999999,550.1430936667205,,,,PENDING_AT_END
550.1999999999999,550.5398316504062,,,,PENDING_AT_END
550.55,550.843071818997,,,,PENDING_AT_END
550.9,551.1399582867288,,,,PENDING_AT_END
551.25,551.444236874077,,,,PENDING_AT_END
551.5999999999999,551.8053776995075,,,,PENDING_AT_END
551.9499999999999,552.1503346400178,,,,PENDING_AT_END
552.3,552.3392652795849,,,,PENDING_AT_END
552.65,552.8875587231133,,,,PENDING_AT_END
553.0,553.0153059610159,,,,PENDING_AT_END
553.3499999999999,553.669699475091,,,,PENDING_AT_END
553.6999999999999,554.0583324861249,,,,PENDING_AT_END
554.05,554.3125774506168,,,,PENDING_AT_END
554.4,554.5543494937964,,,,PENDING_AT_END
554.75,554.8472291962946,,,,PENDING_AT_END
555.0999999999999,555.309201088887,,,,PENDING_AT_END
555.4499999999999,555.613052710792,,,,PENDING_AT_END
555.8,556.0033024682793,,,,PENDING_AT_END
556.15,556.433088617133,,,,PENDING_AT_END
556.5,556.7935436408291,,,,PENDING_AT_END
556.8499999999999,556.885437993787,,,,PENDING_AT_END
557.1999999999999,557.5269200852068,,,,PENDING_AT_END
557.55,557.6912884531396,,,,PENDING_AT_END
557.9,558.0681856332152,,,,PENDING_AT_END
558.25,558.4883538068705,,,,PENDING_AT_END
558.5999999999999,558.9972044657186,,,,PENDING_AT_END
558.9499999999999,559.2010842026328,,,,PENDING_AT_END
559.3,559.5643353450037,,,,PENDING_AT_END
559.65,559.80272378127,,,,PENDING_AT_END
560.0,560.3973043930539,,,,PENDING_AT_END
560.3499999999999,560.6534981624984,,,,PENDING_AT_END
560.6999999999999,560.9145211302001,,,,PENDING_AT_END
561.05,561.1141248595125,,,,PENDING_AT_END
561.4,561.591453180242,,,,PENDING_AT_END
561.75,561.959602162344,,,,PENDING_AT_END
562.0999999999999,562.1048126085971,,,,PENDING_AT_END
562.4499999999999,562.8296985571268,,,,PENDING_AT_END
562.8,563.0858142628915,,,,PENDING_AT_END
563.15,563.2126371974472,,,,PENDING_AT_END
563.5,563.5007110408665,,,,PENDING_AT_END
563.8499999999999,564.1053274154172,,,,PENDING_AT_END
564.1999999999999,564.421590301729,,,,PENDING_AT_END
564.55,564.8192918260954,,,,PENDING_AT_END
564.9,565.2774558450723,,,,PENDING_AT_END
565.25,565.3661532534582,,,,PENDING_AT_END
565.5999999999999,565.6617351163395,,,,PENDING_AT_END
565.9499999999999,566.0272621704879,,,,PENDING_AT_END
566.3,566.3843113343469,,,,PENDING_AT_END
566.65,566.8179899849973,,,,PENDING_AT_END
567.0,567.0070970459763,,,,PENDING_AT_END
567.3499999999999,567.5563060111501,,,,PENDING_AT_END
567.6999999999999,567.9908606968057,,,,PENDING_AT_END
568.05,568.3347683333786,,,,PENDING_AT_END
568.4,568.4115113257152,,,,PENDING_AT_END
568.75,568.963386908835,,,,PENDING_AT_END
569.0999999999999,569.1198867492933,,,,PENDING_AT_END
569.4499999999999,569.6101369160523,,,,PENDING_AT_END
569.8,569.9773778407343,,,,PENDING_AT_END
570.15,570.5037231758846,,,,PENDING_AT_END
570.5,570.8040940213157,,,,PENDING_AT_END
570.8499999999999,571.0835953164958,,,,PENDING_AT_END
571.1999999999999,571.5954582529356,,,,PENDING_AT_END
571.55,571.6984913411832,,,,PENDING_AT_END
571.9,572.1566172935226,,,,PENDING_AT_END
572.25,572.3886717795638,,,,PENDING_AT_END
572.5999999999999,572.7136222470031,,,,PENDING_AT_END
572.9499999999999,573.1694498843086,,,,PENDING_AT_END
573.3,573.4646624429865,,,,PENDING_AT_END
573.65,574.0066795023662,,,,PENDING_AT_END
574.0,574.104084922038,,,,PENDING_AT_END
574.3499999999999,574.5423223890764,,,,PENDING_AT_END
574.6999999999999,574.9257194609503,,,,PENDING_AT_END
575.05,575.4275277299726,,,,PENDING_AT_END
575.4,575.5515672669616,,,,PENDING_AT_END
575.75,575.9560408643581,,,,PENDING_AT_END
576.0999999999999,576.2671425266547,,,,PENDING_AT_END
576.4499999999999,576.5990296961915,,,,PENDING_AT_END
576.8,577.1473589258228,,,,PENDING_AT_END
577.15,577.285050516614,,,,PENDING_AT_END
577.5,577.696569382826,,,,PENDING_AT_END
577.8499999999999,577.8903905006766,,,,PENDING_AT_END
578.1999999999999,578.3699946293362,,,,PENDING_AT_END
578.55,578.691729368064,,,,PENDING_AT_END
578.9,578.9181735257836,,,,PENDING_AT_END
579.25,579.5175341177214,,,,PENDING_AT_END
579.5999999999999,579.9182420890493,,,,PENDING_AT_END
579.9499999999999,580.2784107220238,,,,PENDING_AT_END
580.3,580.3828912883905,,,,PENDING_AT_END
580.65,580.7714680828122,,,,PENDING_AT_END
581.0,581.3704513303951,,,,PENDING_AT_END
581.3499999999999,581.3857619300597,,,,PENDING_AT_END
581.6999999999999,581.719525810826,,,,PENDING_AT_END
582.05,582.3003267218346,,,,PENDING_AT_END
582.4,582.5755582189844,,,,PENDING_AT_END
582.75,582.9854285089134,,,,PENDING_AT_END
583.0999999999999,583.1586198568828,,,,PENDING_AT_END
583.4499999999999,583.7379036665926,,,,PENDING_AT_END
583.8,583.8538810859604,,,,PENDING_AT_END
584.15,584.3617023910132,,,,PENDING_AT_END
584.5,584.8845299403254,,,,PENDING_AT_END
584.8499999999999,585.0214088956452,,,,PENDING_AT_END
585.1999999999999,585.5033686959474,,,,PENDING_AT_END
585.55,585.6355712301738,,,,PENDING_AT_END
585.9,586.2082121475629,,,,PENDING_AT_END
586.25,586.5314023419523,,,,PENDING_AT_END
586.5999999999999,586.7928443872768,,,,PENDING_AT_END
586.9499999999999,587.0467816800427,,,,PENDING_AT_END
587.3,587.5708027517796,,,,PENDING_AT_END
587.65,587.6897686641768,,,,PENDING_AT_END
588.0,588.198051624559,,,,PENDING_AT_END
588.3499999999999,588.5728838040859,,,,PENDING_AT_END
588.6999999999999,588.7433061498162,,,,PENDING_AT_END
589.05,589.3631058965948,,,,PENDING_AT_END
589.4,589.7358597052565,,,,PENDING_AT_END
589.75,589.7930924754476,,,,PENDING_AT_END
590.0999999999999,590.2132685230597,,,,PENDING_AT_END
590.4499999999999,590.6421946068803,,,,PENDING_AT_END
590.8,590.8614795744795,,,,PENDING_AT_END
591.15,591.4908455672963,,,,PENDING_AT_END
591.5,591.5574309267479,,,,PENDING_AT_END
591.8499999999999,592.1159145416543,,,,PENDING_AT_END
592.1999999999999,592.2553982852515,,,,PENDING_AT_END
592.55,592.699979406462,,,,PENDING_AT_END
592.9,593.2272258051934,,,,PENDING_AT_END
593.25,593.3848061004915,,,,PENDING_AT_END
593.5999999999999,593.6095100333039,,,,PENDING_AT_END
593.9499999999999,593.9731213956974,,,,PENDING_AT_END
594.3,594.4368406066174,,,,PENDING_AT_END
594.65,594.8859415948169,,,,PENDING_AT_END
595.0,595.0125402823307,,,,PENDING_AT_END
595.3499999999999,595.7474111459981,,,,PENDING_AT_END
595.6999999999999,595.9879684777155,,,,PENDING_AT_END
596.05,596.3163231926071,,,,PENDING_AT_END
596.4,596.6344596651744,,,,PENDING_AT_END
596.75,596.9702245946019,,,,PENDING_AT_END
597.0999999999999,597.1835123406886,,,,PENDING_AT_END
597.4499999999999,597.7886543556928,,,,PENDING_AT_END
597.8,597.9605846364232,,,,PENDING_AT_END
598.15,598.3332990593818,,,,PENDING_AT_END
598.5,598.7081713572443,,,,PENDING_AT_END
598.8499999999999,599.0413241479846,,,,PENDING_AT_END
599.1999999999999,599.3239425461812,,,,PENDING_AT_END
599.55,599.5889586877577,,,,PENDING_AT_END
599.9,599.9858220458424,,,,PENDING_AT_END
600.25,600.3308791542004,,,,PENDING_AT_END
600.5999999999999,600.9174217515347,,,,PENDING_AT_END
600.9499999999999,601.0628393806479,,,,PENDING_AT_END
601.3,601.5104607648245,,,,PENDING_AT_END
601.65,601.9589788009858,,,,PENDING_AT_END
602.0,602.023775589548,,,,PENDING_AT_END
602.3499999999999,602.3619634645588,,,,PENDING_AT_END
602.6999999999999,602.7317871519655,,,,PENDING_AT_END
603.05,603.1393606523063,,,,PENDING_AT_END
603.4,603.4629553932401,,,,PENDING_AT_END
603.75,603.8728853601767,,,,PENDING_AT_END
604.0999999999999,604.4747353620112,,,,PENDING_AT_END
604.4499999999999,604.8443663240008,,,,PENDING_AT_END
604.8,604.9966874411452,,,,PENDING_AT_END
605.15,605.53946329866,,,,PENDING_AT_END
605.5,605.6111918780398,,,,PENDING_AT_END
605.8499999999999,606.0250731616961,,,,PENDING_AT_END
606.1999999999999,606.4272555457543,,,,PENDING_AT_END
606.55,606.9347095627897,,,,PENDING_AT_END
606.9,607.0651106307331,,,,PENDING_AT_END
607.25,607.6461478509648,,,,PENDING_AT_END
607.5999999999999,607.7653249196844,,,,PENDING_AT_END
607.9499999999999,608.1049943749684,,,,PENDING_AT_END
608.3,608.5047938603734,,,,PENDING_AT_END
608.65,608.8486123046076,,,,PENDING_AT_END
609.0,609.0778605680443,,,,PENDING_AT_END
609.3499999999999,609.3899104372317,,,,PENDING_AT_END
609.6999999999999,609.9422541761352,,,,PENDING_AT_END
610.05,610.2010368441247,,,,PENDING_AT_END
610.4,610.4581088523174,,,,PENDING_AT_END
610.75,610.8120811565291,,,,PENDING_AT_END
611.0999999999999,611.4111956397512,,,,PENDING_AT_END
611.4499999999999,611.7027345520384,,,,PENDING_AT_END
611.8,611.822274717701,,,,PENDING_AT_END
612.15,612.2163734350426,,,,PENDING_AT_END
612.5,612.5999246807019,,,,PENDING_AT_END
612.8499999999999,612.9018557108177,,,,PENDING_AT_END
613.1999999999999,613.5586558340607,,,,PENDING_AT_END
613.55,613.6647879869906,,,,PENDING_AT_END
613.9,614.0489121299453,,,,PENDING_AT_END
614.25,614.5474232270362,,,,PENDING_AT_END
614.5999999999999,614.7806431646736,,,,PENDING_AT_END
614.9499999999999,615.2892027556169,,,,PENDING_AT_END
615.3,615.6813815537157,,,,PENDING_AT_END
615.65,615.7237808804495,,,,PENDING_AT_END
616.0,616.0315250028948,,,,PENDING_AT_END
616.3499999999999,616.4975850180347,,,,PENDING_AT_END
616.6999999999999,616.9255448065297,,,,PENDING_AT_END
617.05,617.0673919583144,,,,PENDING_AT_END
617.4,617.5049578073689,,,,PENDING_AT_END
617.75,618.1192110941308,,,,PENDING_AT_END
618.0999999999999,618.4403362441926,,,,PENDING_AT_END
618.4499999999999,618.5164007090692,,,,PENDING_AT_END
618.8,619.1448229298198,,,,PENDING_AT_END
619.15,619.5030246761686,,,,PENDING_AT_END
619.5,619.5047889481091,,,,PENDING_AT_END
619.8499999999999,619.8777798933172,,,,PENDING_AT_END
620.1999999999999,620.3610187751989,,,,PENDING_AT_END
620.55,620.5673778078246,,,,PENDING_AT_END
620.9,621.1169059866698,,,,PENDING_AT_END
621.25,621.2959033901984,,,,PENDING_AT_END
621.5999999999999,621.6718771285339,,,,PENDING_AT_END
621.9499999999999,622.181645891449,,,,PENDING_AT_END
622.3,622.4951186523651,,,,PENDING_AT_END
622.65,622.871330104154,,,,PENDING_AT_END
623.0,623.3085296460254,,,,PENDING_AT_END
623.3499999999999,623.5443656701889,,,,PENDING_AT_END
623.6999999999999,623.9456845433523,,,,PENDING_AT_END
624.05,624.2834812866356,,,,PENDING_AT_END
624.4,624.5526469522705,,,,PENDING_AT_END
624.75,624.8274803770073,,,,PENDING_AT_END
625.0999999999999,625.1331590423774,,,,PENDING_AT_END
625.4499999999999,625.506214027028,,,,PENDING_AT_END
625.8,625.9563632238253,,,,PENDING_AT_END
626.15,626.2791836316261,,,,PENDING_AT_END
626.5,626.7206621253797,,,,PENDING_AT_END
626.8499999999999,627.1748072351679,,,,PENDING_AT_END
627.1999999999999,627.5431109585817,,,,PENDING_AT_END
627.55,627.6710984477488,,,,PENDING_AT_END
627.9,627.9621171057667,,,,PENDING_AT_END
628.25,628.3078990494014,,,,PENDING_AT_END
628.5999999999999,628.9196978925975,,,,PENDING_AT_END
628.9499999999999,629.0538086435021,,,,PENDING_AT_END
629.3,629.5221285586033,,,,PENDING_AT_END
629.65,629.7504248426459,,,,PENDING_AT_END
630.0,630.2176879341496,,,,PENDING_AT_END
630.3499999999999,630.5071545070152,,,,PENDING_AT_END
630.6999999999999,630.9896747621013,,,,PENDING_AT_END
631.05,631.1477265473254,,,,PENDING_AT_END
631.4,631.5845957852445,,,,PENDING_AT_END
631.75,631.9348094406032,,,,PENDING_AT_END
632.0999999999999,632.2200813662021,,,,PENDING_AT_END
632.4499999999999,632.4666209495853,,,,PENDING_AT_END
632.8,633.1772087755014,,,,PENDING_AT_END
633.15,633.4850392664538,,,,PENDING_AT_END
633.5,633.8485950175223,,,,PENDING_AT_END
633.8499999999999,634.2153599188714,,,,PENDING_AT_END
634.1999999999999,634.2126264682275,,,,PENDING_AT_END
634.55,634.6109998326906,,,,PENDING_AT_END
634.9,635.17161598319,,,,PENDING_AT_END
635.25,635.502519379816,,,,PENDING_AT_END
635.5999999999999,635.92486932612,,,,PENDING_AT_END
635.9499999999999,636.3180346735224,,,,PENDING_AT_END
636.3,636.6151945087954,,,,PENDING_AT_END
636.65,636.8917131118841,,,,PENDING_AT_END
637.0,637.0994145562338,,,,PENDING_AT_END
637.3499999999999,637.5795012694857,,,,PENDING_AT_END
637.6999999999999,637.7025604468084,,,,PENDING_AT_END
638.05,638.0841079086795,,,,PENDING_AT_END
638.4,638.505477712912,,,,PENDING_AT_END
638.75,639.1222717487292,,,,PENDING_AT_END
639.0999999999999,639.4151824536696,,,,PENDING_AT_END
639.4499999999999,639.7993430122773,,,,PENDING_AT_END
639.8,640.0271443630256,,,,PENDING_AT_END
640.15,640.4477428618792,,,,PENDING_AT_END
640.5,640.8323277089057,,,,PENDING_AT_END
640.8499999999999,641.175833083928,,,,PENDING_AT_END
641.1999999999999,641.5216949754941,,,,PENDING_AT_END
641.55,641.7962554369128,,,,PENDING_AT_END
641.9,642.1934550771574,,,,PENDING_AT_END
642.25,642.5887995628952,,,,PENDING_AT_END
642.5999999999999,642.7513460336816,,,,PENDING_AT_END
642.9499999999999,643.2131110062495,,,,PENDING_AT_END
643.3,643.5396989886253,,,,PENDING_AT_END
643.65,644.0053563425057,,,,PENDING_AT_END
644.0,644.2905124410577,,,,PENDING_AT_END
644.3499999999999,644.5136827813392,,,,PENDING_AT_END
644.6999999999999,644.9208846231373,,,,PENDING_AT_END
645.05,645.3608250624281,,,,PENDING_AT_END
645.4,645.5157864125471,,,,PENDING_AT_END
645.75,646.1375289560713,,,,PENDING_AT_END
646.0999999999999,646.1881777800972,,,,PENDING_AT_END
646.4499999999999,646.4813967862154,,,,PENDING_AT_END
646.8,646.83729454934,,,,PENDING_AT_END
647.15,647.4522473992996,,,,PENDING_AT_END
647.5,647.7062674704302,,,,PENDING_AT_END
647.8499999999999,647.894345733356,,,,PENDING_AT_END
648.1999999999999,648.5431461364013,,,,PENDING_AT_END
648.55,648.8919581549237,,,,PENDING_AT_END
648.9,649.1533952358471,,,,PENDING_AT_END
649.25,649.3748201877168,,,,PENDING_AT_END
649.5999999999999,649.9795109331108,,,,PENDING_AT_END
649.9499999999999,650.0867224094915,,,,PENDING_AT_END
650.3,650.334369542293,,,,PENDING_AT_END
650.65,650.9315485514147,,,,PENDING_AT_END
651.0,651.062628949627,,,,PENDING_AT_END
651.3499999999999,651.6044723543996,,,,PENDING_AT_END
651.6999999999999,651.8779737111146,,,,PENDING_AT_END
652.05,652.2848985513106,,,,PENDING_AT_END
652.4,652.4008905807426,,,,PENDING_AT_END
652.75,652.8747276528193,,,,PENDING_AT_END
653.0999999999999,653.1154209569165,,,,PENDING_AT_END
653.4499999999999,653.5944633913458,,,,PENDING_AT_END
653.8,653.8005454259292,,,,PENDING_AT_END
654.15,654.447936061844,,,,PENDING_AT_END
654.5,654.8169539602034,,,,PENDING_AT_END
654.8499999999999,655.1726688623407,,,,PENDING_AT_END
655.1999999999999,655.561093975265,,,,PENDING_AT_END
655.55,655.7312941375376,,,,PENDING_AT_END
655.9,656.0183648754972,,,,PENDING_AT_END
656.25,656.5770112857322,,,,PENDING_AT_END
656.5999999999999,656.7835085199074,,,,PENDING_AT_END
656.9499999999999,657.035072052685,,,,PENDING_AT_END
657.3,657.3087123787341,,,,PENDING_AT_END
657.65,657.6918265857181,,,,PENDING_AT_END
658.0,658.3237296873547,,,,PENDING_AT_END
658.3499999999999,658.4914749794093,,,,PENDING_AT_END
658.6999999999999,659.0641699713161,,,,PENDING_AT_END
659.05,659.1587065080246,,,,PENDING_AT_END
659.4,659.5895205024634,,,,PENDING_AT_END
659.75,660.1285463743345,,,,PENDING_AT_END
660.0999999999999,660.1609864755203,,,,PENDING_AT_END
660.4499999999999,660.5812489022654,,,,PENDING_AT_END
660.8,661.1906866743338,,,,PENDING_AT_END
661.15,661.389857403245,,,,PENDING_AT_END
661.5,661.8162237914046,,,,PENDING_AT_END
661.8499999999999,662.0319975785185,,,,PENDING_AT_END
662.1999999999999,662.3070916206458,,,,PENDING_AT_END
662.55,662.6389936453545,,,,PENDING_AT_END
662.9,663.2431405752692,,,,PENDING_AT_END
663.25,663.6249436391881,,,,PENDING_AT_END
663.5999999999999,663.7062098570414,,,,PENDING_AT_END
663.9499999999999,664.1972947526793,,,,PENDING_AT_END
664.3,664.5322497803372,,,,PENDING_AT_END
664.65,665.018442860155,,,,PENDING_AT_END
665.0,665.2101051254565,,,,PENDING_AT_END
665.3499999999999,665.3514839846023,,,,PENDING_AT_END
665.6999999999999,666.0770272738624,,,,PENDING_AT_END
666.05,666.1487728852285,,,,PENDING_AT_END
666.4,666.4426170489431,,,,PENDING_AT_END
666.75,666.8415037435091,,,,PENDING_AT_END
667.0999999999999,667.3991175859262,,,,PENDING_AT_END
667.4499999999999,667.8495515573467,,,,PENDING_AT_END
667.8,667.9155722173718,,,,PENDING_AT_END
668.15,668.224328851151,,,,PENDING_AT_END
668.5,668.7520294320718,,,,PENDING_AT_END
668.8499999999999,669.2353887149704,,,,PENDING_AT_END
669.1999999999999,669.2283233493694,,,,PENDING_AT_END
669.55,669.8833822708884,,,,PENDING_AT_END
669.9,669.9067685521369,,,,PENDING_AT_END
670.25,670.3171318722564,,,,PENDING_AT_END
670.5999999999999,670.9036310160429,,,,PENDING_AT_END
670.9499999999999,671.1303681115822,,,,PENDING_AT_END
671.3,671.3934971211561,,,,PENDING_AT_END
671.65,671.67614705176,,,,PENDING_AT_END
672.0,672.2583615081207,,,,PENDING_AT_END
672.3499999999999,672.3681893120636,,,,PENDING_AT_END
672.6999999999999,672.89556417443,,,,PENDING_AT_END
673.05,673.4291806203025,,,,PENDING_AT_END
673.4,673.4965743544327,,,,PENDING_AT_END
673.75,674.0241780395404,,,,PENDING_AT_END
674.0999999999999,674.114482280854,,,,PENDING_AT_END
674.4499999999999,674.4607048898828,,,,PENDING_AT_END
674.8,675.013526167281,,,,PENDING_AT_END
675.15,675.3124185551525,,,,PENDING_AT_END
675.5,675.6329149106004,,,,PENDING_AT_END
675.8499999999999,676.0128014796578,,,,PENDING_AT_END
676.1999999999999,676.2378484373263,,,,PENDING_AT_END
676.55,676.6788476652678,,,,PENDING_AT_END
676.9,677.0584659219904,,,,PENDING_AT_END
677.25,677.4053989676565,,,,PENDING_AT_END
677.5999999999999,677.7154481679836,,,,PENDING_AT_END
677.9499999999999,677.974573136213,,,,PENDING_AT_END
678.3,678.4763249316532,,,,PENDING_AT_END
678.65,679.0302332923444,,,,PENDING_AT_END
679.0,679.1600022836444,,,,PENDING_AT_END
679.3499999999999,679.5897788414368,,,,PENDING_AT_END
679.6999999999999,680.0507255898757,,,,PENDING_AT_END
680.05,680.20142840974,,,,PENDING_AT_END
680.4,680.654231046546,,,,PENDING_AT_END
680.75,680.9835512781628,,,,PENDING_AT_END
681.0999999999999,681.3075301485983,,,,PENDING_AT_END
681.4499999999999,681.5586495504043,,,,PENDING_AT_END
681.8,681.9009302512311,,,,PENDING_AT_END
682.15,682.1777345522263,,,,PENDING_AT_END
682.5,682.5048468199318,,,,PENDING_AT_END
682.8499999999999,683.1098525650693,,,,PENDING_AT_END
683.1999999999999,683.3621150040868,,,,PENDING_AT_END
683.55,683.5926094711583,,,,PENDING_AT_END
683.9,684.2952911199735,,,,PENDING_AT_END
684.25,684.6185412701727,,,,PENDING_AT_END
684.5999999999999,684.7823979610141,,,,PENDING_AT_END
684.9499999999999,685.1374141246196,,,,PENDING_AT_END
685.3,685.6013974251503,,,,PENDING_AT_END
685.65,685.8278063132949,,,,PENDING_AT_END
686.0,686.3798736719959,,,,PENDING_AT_END
686.3499999999999,686.6560875948119,,,,PENDING_AT_END
686.6999999999999,686.7887694139891,,,,PENDING_AT_END
687.05,687.2421885976589,,,,PENDING_AT_END
687.4,687.6296488043887,,,,PENDING_AT_END
687.75,687.8739769267902,,,,PENDING_AT_END
688.0999999999999,688.1789082759885,,,,PENDING_AT_END
688.4499999999999,688.5307955676789,,,,PENDING_AT_END
688.8,689.1960921673005,,,,PENDING_AT_END
689.15,689.1647889061097,,,,PENDING_AT_END
689.5,689.7111220571496,,,,PENDING_AT_END
689.8499999999999,689.8942592290985,,,,PENDING_AT_END
690.1999999999999,690.5539868595416,,,,PENDING_AT_END
690.55,690.726939899047,,,,PENDING_AT_END
690.9,691.1294937661395,,,,PENDING_AT_END
691.25,691.5535558623765,,,,PENDING_AT_END
691.5999999999999,691.9328589530351,,,,PENDING_AT_END
691.9499999999999,692.3470801950588,,,,PENDING_AT_END
692.3,692.411212797809,,,,PENDING_AT_END
692.65,692.6594504212445,,,,PENDING_AT_END
693.0,693.3687654557609,,,,PENDING_AT_END
693.3499999999999,693.4572198101478,,,,PENDING_AT_END
693.6999999999999,693.8174898626986,,,,PENDING_AT_END
694.05,694.4279252707115,,,,PENDING_AT_END
694.4,694.7240614842077,,,,PENDING_AT_END
694.75,694.8836750383653,,,,PENDING_AT_END
695.0999999999999,695.3367672306979,,,,PENDING_AT_END
695.4499999999999,695.6290955641249,,,,PENDING_AT_END
695.8,695.8909798480045,,,,PENDING_AT_END
696.15,696.243317406373,,,,PENDING_AT_END
696.5,696.7647917792767,,,,PENDING_AT_END
696.8499999999999,696.9712152292238,,,,PENDING_AT_END
697.1999999999999,697.4258578530859,,,,PENDING_AT_END
697.55,697.71286284025,,,,PENDING_AT_END
697.9,698.1805318740772,,,,PENDING_AT_END
698.25,698.3869772653998,,,,PENDING_AT_END
698.5999999999999,698.9760492746882,,,,PENDING_AT_END
698.9499999999999,699.041524715923,,,,PENDING_AT_END
699.3,699.6942553612855,,,,PENDING_AT_END
699.65,699.842017968822,,,,PENDING_AT_END
700.0,700.2718824089363,,,,PENDING_AT_END
700.3499999999999,700.6774174070688,,,,PENDING_AT_END
700.6999999999999,700.990757090551,,,,PENDING_AT_END
701.05,701.194077239167,,,,PENDING_AT_END
701.4,701.7627486020364,,,,PENDING_AT_END
701.75,702.1005736319328,,,,PENDING_AT_END
702.0999999999999,702.4028525115709,,,,PENDING_AT_END
702.4499999999999,702.574446680001,,,,PENDING_AT_END
702.8,703.0778927141337,,,,PENDING_AT_END
703.15,703.3842666345346,,,,PENDING_AT_END
703.5,703.5720449280284,,,,PENDING_AT_END
703.8499999999999,704.1006030929213,,,,PENDING_AT_END
704.1999999999999,704.5919786910653,,,,PENDING_AT_END
704.55,704.6357769361714,,,,PENDING_AT_END
704.9,705.0543667308021,,,,PENDING_AT_END
705.25,705.2946672646917,,,,PENDING_AT_END
705.5999999999999,705.8958796757859,,,,PENDING_AT_END
705.9499999999999,706.1410490114914,,,,PENDING_AT_END
706.3,706.6325886888992,,,,PENDING_AT_END
706.65,706.744143215131,,,,PENDING_AT_END
707.0,707.3977798445655,,,,PENDING_AT_END
707.3499999999999,707.4365823655173,,,,PENDING_AT_END
707.6999999999999,707.9271700050505,,,,PENDING_AT_END
708.05,708.1713754319053,,,,PENDING_AT_END
708.4,708.5710287681057,,,,PENDING_AT_END
708.75,709.1152154480062,,,,PENDING_AT_END
709.0999999999999,709.2092185184554,,,,PENDING_AT_END
709.4499999999999,709.6481239727665,,,,PENDING_AT_END
709.8,710.0891097669369,,,,PENDING_AT_END
710.15,710.5216377822109,,,,PENDING_AT_END
710.5,710.578430449345,,,,PENDING_AT_END
710.8499999999999,711.1484993094557,,,,PENDING_AT_END
711.1999999999999,711.4240629995544,,,,PENDING_AT_END
711.55,711.6895983929805,,,,PENDING_AT_END
711.9,712.1104208540204,,,,PENDING_AT_END
712.25,712.5931290487335,,,,PENDING_AT_END
712.5999999999999,712.9878995617069,,,,PENDING_AT_END
712.9499999999999,713.0474405313597,,,,PENDING_AT_END
713.3,713.548693651418,,,,PENDING_AT_END
713.65,713.9963026984905,,,,PENDING_AT_END
714.0,714.2635412299992,,,,PENDING_AT_END
714.3499999999999,714.5052081154388,,,,PENDING_AT_END
714.6999999999999,714.8812940110676,,,,PENDING_AT_END
715.05,715.0869955100441,,,,PENDING_AT_END
715.4,715.6805181505628,,,,PENDING_AT_END
715.75,716.1464131829898,,,,PENDING_AT_END
716.0999999999999,716.4835835553449,,,,PENDING_AT_END
716.4499999999999,716.5593918310896,,,,PENDING_AT_END
716.8,716.8803032809228,,,,PENDING_AT_END
717.15,717.1997471865849,,,,PENDING_AT_END
717.5,717.8060424580622,,,,PENDING_AT_END
717.8499999999999,718.2169643956688,,,,PENDING_AT_END
718.1999999999999,718.3562067700633,,,,PENDING_AT_END
718.55,718.9248902351658,,,,PENDING_AT_END
718.9,719.0721684366639,,,,PENDING_AT_END
719.25,719.3961165170783,,,,PENDING_AT_END
719.5999999999999,719.8236860204966,,,,PENDING_AT_END
719.9499999999999,719.9905072584082,,,,PENDING_AT_END
720.3,720.6490854448944,,,,PENDING_AT_END
720.65,720.9799026111347,,,,PENDING_AT_END
721.0,721.1850030142293,,,,PENDING_AT_END
721.3499999999999,721.4001181576205,,,,PENDING_AT_END
721.6999999999999,722.0523345283183,,,,PENDING_AT_END
722.05,722.0985740613596,,,,PENDING_AT_END
722.4,722.4544989953607,,,,PENDING_AT_END
722.75,722.7597990464963,,,,PENDING_AT_END
723.0999999999999,723.3789943868262,,,,PENDING_AT_END
723.4499999999999,723.6849791752019,,,,PENDING_AT_END
723.8,724.0449422186255,,,,PENDING_AT_END
724.15,724.5237851109413,,,,PENDING_AT_END
724.5,724.6483977727596,,,,PENDING_AT_END
724.8499999999999,724.9551893931423,,,,PENDING_AT_END
725.1999999999999,725.3209038627166,,,,PENDING_AT_END
725.55,725.6334503675091,,,,PENDING_AT_END
725.9,726.1370118484948,,,,PENDING_AT_END
726.25,726.5275846618295,,,,PENDING_AT_END
726.5999999999999,726.7791441679465,,,,PENDING_AT_END
726.9499999999999,726.9906497297842,,,,PENDING_AT_END
727.3,727.418388255425,,,,PENDING_AT_END
727.65,728.0408721227299,,,,PENDING_AT_END
728.0,728.258355275773,,,,PENDING_AT_END
728.3499999999999,728.4942476883111,,,,PENDING_AT_END
728.6999999999999,728.7019610340802,,,,PENDING_AT_END
729.05,729.3995724148474,,,,PENDING_AT_END
729.4,729.6397199115673,,,,PENDING_AT_END
729.75,729.8449348129348,,,,PENDING_AT_END
730.0999999999999,730.3645647976764,,,,PENDING_AT_END
730.4499999999999,730.6401744386422,,,,PENDING_AT_END
730.8,731.1359711914724,,,,PENDING_AT_END
731.15,731.189622511638,,,,PENDING_AT_END
731.5,731.7164025723505,,,,PENDING_AT_END
731.8499999999999,732.0080478888676,,,,PENDING_AT_END
732.1999999999999,732.5815058492045,,,,PENDING_AT_END
732.55,732.7832764862922,,,,PENDING_AT_END
732.9,732.9603661726777,,,,PENDING_AT_END
733.25,733.3788616869633,,,,PENDING_AT_END
733.5999999999999,733.8417346979193,,,,PENDING_AT_END
733.9499999999999,734.2908978421939,,,,PENDING_AT_END
734.3,734.321904180435,,,,PENDING_AT_END
734.65,734.6595414299403,,,,PENDING_AT_END
