timestamp,gen_time,sel_time,tx_time,rx_time,status
0.0,0.3695666199136811,158.44804012229486,158.44904012229486,158.61904012229485,TX
0.35,0.5057720571306706,150.71186318685636,150.71286318685637,150.88286318685635,TX
0.7,0.7214383840772152,156.9366802141602,156.9376802141602,157.10768021416018,TX
1.0499999999999998,1.069164179762629,155.39837287346853,155.39937287346854,155.56937287346852,TX
1.4,1.4320817434304107,156.7666614642939,156.7676614642939,156.93766146429388,TX
1.75,2.1333680057414544,152.61204893126535,152.61304893126535,152.78304893126534,TX
2.0999999999999996,2.427606681320327,155.580427509668,155.581427509668,155.751427509668,TX
2.4499999999999997,2.7168889366707734,152.71425086892083,152.71525086892083,152.88525086892082,TX
2.8,3.0999383689623556,159.00433040561128,159.0053304056113,159.17533040561128,TX
3.15,3.183265676551986,155.1110128030332,155.1120128030332,155.28201280303318,TX
3.5,3.6306811792377607,156.94285302289185,156.94385302289186,157.11385302289185,TX
3.8499999999999996,3.879519833371872,157.65596771645906,157.65696771645906,157.82696771645905,TX
4.199999999999999,4.228165277380013,161.71597370196397,161.71697370196398,161.88697370196397,TX
4.55,4.784167928873518,159.7109652795159,159.7119652795159,159.8819652795159,TX
4.8999999999999995,4.9770105825717685,,,,PENDING_AT_END
5.25,5.353169211112801,,,,PENDING_AT_END
5.6,5.700951391362974,,,,PENDING_AT_END
5.949999999999999,6.25852642281945,,,,PENDING_AT_END
6.3,6.549394642194508,,,,PENDING_AT_END
6.6499999999999995,6.855708006268443,,,,PENDING_AT_END
7.0,7.0557260273324225,,,,PENDING_AT_END
7.35,7.3850880111915345,,,,PENDING_AT_END
7.699999999999999,7.792395231131337,,,,PENDING_AT_END
8.049999999999999,8.068751512982205,,,,PENDING_AT_END
8.399999999999999,8.69594677554381,,,,PENDING_AT_END
8.75,8.954797515690124,,,,PENDING_AT_END
9.1,9.362059425603691,,,,PENDING_AT_END
9.45,9.527286924513746,,,,PENDING_AT_END
9.799999999999999,10.141477773496375,,,,PENDING_AT_END
10.149999999999999,10.416403767381649,,,,PENDING_AT_END
10.5,10.650187196827556,,,,PENDING_AT_END
10.85,11.07918428964762,,,,PENDING_AT_END
11.2,11.220493593109136,,,,PENDING_AT_END
11.549999999999999,11.822159685750597,,,,PENDING_AT_END
11.899999999999999,12.280044719247986,,,,PENDING_AT_END
12.25,12.615282212820308,,,,PENDING_AT_END
12.6,12.927967433812269,,,,PENDING_AT_END
12.95,13.29107895912194,,,,PENDING_AT_END
13.299999999999999,13.491228524231483,,,,PENDING_AT_END
13.649999999999999,13.728656860214034,,,,PENDING_AT_END
14.0,14.372867099100503,,,,PENDING_AT_END
14.35,14.379430547539476,,,,PENDING_AT_END
14.7,14.805478425816627,,,,PENDING_AT_END
15.049999999999999,15.154959754732923,,,,PENDING_AT_END
15.399999999999999,15.449947573226062,,,,PENDING_AT_END
15.749999999999998,16.02050761249354,,,,PENDING_AT_END
16.099999999999998,16.477574208316273,,,,PENDING_AT_END
16.45,16.63648154720273,,,,PENDING_AT_END
16.799999999999997,17.051238814726503,,,,PENDING_AT_END
17.15,17.401251858448553,,,,PENDING_AT_END
17.5,17.665076776910063,,,,PENDING_AT_END
17.849999999999998,18.210417878445053,,,,PENDING_AT_END
18.2,18.34512024512716,,,,PENDING_AT_END
18.549999999999997,18.676803975476737,,,,PENDING_AT_END
18.9,19.067596373171227,,,,PENDING_AT_END
19.25,19.49236336391718,,,,PENDING_AT_END
19.599999999999998,19.650578078591305,,,,PENDING_AT_END
19.95,19.978728678143323,,,,PENDING_AT_END
20.299999999999997,20.696525986582948,,,,PENDING_AT_END
20.65,20.868780136514346,,,,PENDING_AT_END
21.0,21.3515145812622,,,,PENDING_AT_END
21.349999999999998,21.358396504553138,,,,PENDING_AT_END
21.7,21.78532915339068,,,,PENDING_AT_END
22.049999999999997,22.082644487995708,,,,PENDING_AT_END
22.4,22.690894013595724,,,,PENDING_AT_END
22.75,22.909054099982818,,,,PENDING_AT_END
23.099999999999998,23.214970794682397,,,,PENDING_AT_END
23.45,23.64227690215232,,,,PENDING_AT_END
23.799999999999997,23.825252201074584,,,,PENDING_AT_END
24.15,24.40187724419647,,,,PENDING_AT_END
24.5,24.889898999684405,,,,PENDING_AT_END
24.849999999999998,24.939337726916282,,,,PENDING_AT_END
25.2,25.211622304187838,,,,PENDING_AT_END
25.549999999999997,25.625833318869645,,,,PENDING_AT_END
25.9,26.004719375862408,,,,PENDING_AT_END
26.25,26.296547388107413,,,,PENDING_AT_END
26.599999999999998,26.851116551269175,,,,PENDING_AT_END
26.95,27.193020278926898,,,,PENDING_AT_END
27.299999999999997,27.46942422541005,,,,PENDING_AT_END
27.65,27.725709671726413,,,,PENDING_AT_END
28.0,28.365224342422714,,,,PENDING_AT_END
28.349999999999998,28.593795682761236,,,,PENDING_AT_END
28.7,28.72644704405614,,,,PENDING_AT_END
29.049999999999997,29.389046679325226,,,,PENDING_AT_END
29.4,29.57381816588019,,,,PENDING_AT_END
29.749999999999996,29.755980213989613,,,,PENDING_AT_END
30.099999999999998,30.19752728386921,,,,PENDING_AT_END
30.45,30.540131273214673,,,,PENDING_AT_END
30.799999999999997,31.030962069828583,,,,PENDING_AT_END
31.15,31.177087923029113,,,,PENDING_AT_END
31.499999999999996,31.72862606863431,,,,PENDING_AT_END
31.849999999999998,31.941246389325226,,,,PENDING_AT_END
32.199999999999996,32.271873947911,,,,PENDING_AT_END
32.55,32.68731576245996,,,,PENDING_AT_END
32.9,33.21535758644253,,,,PENDING_AT_END
33.25,33.46346412941571,,,,PENDING_AT_END
33.599999999999994,33.95420447554251,,,,PENDING_AT_END
33.949999999999996,34.204025837198024,,,,PENDING_AT_END
34.3,34.460927491799126,,,,PENDING_AT_END
34.65,34.83168558750007,,,,PENDING_AT_END
35.0,35.040679580494185,,,,PENDING_AT_END
35.349999999999994,35.50221372213382,,,,PENDING_AT_END
35.699999999999996,35.94100118351101,,,,PENDING_AT_END
36.05,36.2344381498789,,,,PENDING_AT_END
36.4,36.50401469053332,,,,PENDING_AT_END
36.75,37.088285784794735,,,,PENDING_AT_END
37.099999999999994,37.32706818676256,,,,PENDING_AT_END
37.449999999999996,37.78826384502671,,,,PENDING_AT_END
37.8,37.86616633515442,,,,PENDING_AT_END
38.15,38.22460002992458,,,,PENDING_AT_END
38.5,38.57400363655984,,,,PENDING_AT_END
38.849999999999994,39.09596029643558,,,,PENDING_AT_END
39.199999999999996,39.50464412944692,,,,PENDING_AT_END
39.55,39.653255278769976,,,,PENDING_AT_END
39.9,40.17351765489648,,,,PENDING_AT_END
40.25,40.3613684468273,,,,PENDING_AT_END
40.599999999999994,40.98457360639665,,,,PENDING_AT_END
40.949999999999996,41.27057392573891,,,,PENDING_AT_END
41.3,41.59879712650118,,,,PENDING_AT_END
41.65,41.82168183853252,,,,PENDING_AT_END
42.0,42.28138987341417,,,,PENDING_AT_END
42.349999999999994,42.56685142944754,,,,PENDING_AT_END
42.699999999999996,42.90291824970533,,,,PENDING_AT_END
43.05,43.39884327343701,,,,PENDING_AT_END
43.4,43.753517493951755,,,,PENDING_AT_END
43.75,43.77975420447919,,,,PENDING_AT_END
44.099999999999994,44.413261470112474,,,,PENDING_AT_END
44.449999999999996,44.53902514046664,,,,PENDING_AT_END
44.8,44.818532870489605,,,,PENDING_AT_END
45.15,45.25300157673451,,,,PENDING_AT_END
45.5,45.74199992033104,,,,PENDING_AT_END
45.849999999999994,46.05789489753401,,,,PENDING_AT_END
46.199999999999996,46.32818982768634,,,,PENDING_AT_END
46.55,46.749872858759474,,,,PENDING_AT_END
46.9,46.934069159152834,,,,PENDING_AT_END
47.25,47.383577472917025,,,,PENDING_AT_END
47.599999999999994,47.880992204987166,,,,PENDING_AT_END
47.949999999999996,48.187532868012234,,,,PENDING_AT_END
48.3,48.56397042805473,,,,PENDING_AT_END
48.65,48.927700767087295,,,,PENDING_AT_END
49.0,49.308369370223005,,,,PENDING_AT_END
49.349999999999994,49.713938514556446,,,,PENDING_AT_END
49.699999999999996,49.97944017317527,,,,PENDING_AT_END
50.05,50.116759782373904,,,,PENDING_AT_END
50.4,50.592592690976396,,,,PENDING_AT_END
50.75,50.941563683536856,,,,PENDING_AT_END
51.099999999999994,51.343899932659056,,,,PENDING_AT_END
51.449999999999996,51.51869217432229,,,,PENDING_AT_END
51.8,51.942532305649294,,,,PENDING_AT_END
52.15,52.18918757941751,,,,PENDING_AT_END
52.5,52.56077762250844,,,,PENDING_AT_END
52.849999999999994,53.13529571810285,,,,PENDING_AT_END
53.199999999999996,53.306578656895546,,,,PENDING_AT_END
53.55,53.7060693977884,,,,PENDING_AT_END
53.9,53.994152225458514,,,,PENDING_AT_END
54.25,54.31731953953573,,,,PENDING_AT_END
54.599999999999994,54.76498252206616,,,,PENDING_AT_END
54.949999999999996,55.30452978826903,,,,PENDING_AT_END
55.3,55.6866503012086,,,,PENDING_AT_END
55.65,55.80810791768088,,,,PENDING_AT_END
56.0,56.0089949316274,,,,PENDING_AT_END
56.349999999999994,56.40830168184715,,,,PENDING_AT_END
56.699999999999996,56.82960035356498,,,,PENDING_AT_END
57.05,57.16878268740314,,,,PENDING_AT_END
57.4,57.614074959743924,,,,PENDING_AT_END
57.74999999999999,57.752685392425086,,,,PENDING_AT_END
58.099999999999994,58.34899550473533,,,,PENDING_AT_END
58.449999999999996,58.587880214029234,,,,PENDING_AT_END
58.8,59.04769139465522,,,,PENDING_AT_END
59.15,59.3771095632058,,,,PENDING_AT_END
59.49999999999999,59.6958823486221,,,,PENDING_AT_END
59.849999999999994,60.15782475241237,,,,PENDING_AT_END
60.199999999999996,60.488593570755036,,,,PENDING_AT_END
60.55,60.93806853567645,,,,PENDING_AT_END
60.9,61.21866218915954,,,,PENDING_AT_END
61.24999999999999,61.32822614491476,,,,PENDING_AT_END
61.599999999999994,61.932231334921724,,,,PENDING_AT_END
61.949999999999996,62.34069835093279,,,,PENDING_AT_END
62.3,62.64108596914669,,,,PENDING_AT_END
62.65,62.77633885670793,,,,PENDING_AT_END
62.99999999999999,63.13850268443658,,,,PENDING_AT_END
63.349999999999994,63.57573001373312,,,,PENDING_AT_END
63.699999999999996,63.95739949886835,,,,PENDING_AT_END
64.05,64.1084195114817,,,,PENDING_AT_END
64.39999999999999,64.68792466357779,,,,PENDING_AT_END
64.75,64.85777293945011,,,,PENDING_AT_END
65.1,65.13413536272492,,,,PENDING_AT_END
65.45,65.47575624132004,,,,PENDING_AT_END
65.8,66.07016500001124,,,,PENDING_AT_END
66.14999999999999,66.54505560216758,,,,PENDING_AT_END
66.5,66.88527013040309,,,,PENDING_AT_END
66.85,67.03241984251693,,,,PENDING_AT_END
67.19999999999999,67.28736719700836,,,,PENDING_AT_END
67.55,67.76108242102175,,,,PENDING_AT_END
67.89999999999999,67.95936706054597,,,,PENDING_AT_END
68.25,68.39205854354185,,,,PENDING_AT_END
68.6,68.98313670650998,,,,PENDING_AT_END
68.94999999999999,69.13520657379283,,,,PENDING_AT_END
69.3,69.47243546874545,,,,PENDING_AT_END
69.64999999999999,69.69136402952763,,,,PENDING_AT_END
70.0,70.14590714856408,,,,PENDING_AT_END
70.35,70.57224439469476,,,,PENDING_AT_END
70.69999999999999,70.99211332753347,,,,PENDING_AT_END
71.05,71.11414708854342,,,,PENDING_AT_END
71.39999999999999,71.48319771298954,,,,PENDING_AT_END
71.75,72.06859307293419,,,,PENDING_AT_END
72.1,72.31721618486333,,,,PENDING_AT_END
72.44999999999999,72.59459749876834,,,,PENDING_AT_END
72.8,73.18249627128019,,,,PENDING_AT_END
73.14999999999999,73.16282935065958,,,,PENDING_AT_END
73.5,73.87909318956184,,,,PENDING_AT_END
73.85,74.12977013631507,,,,PENDING_AT_END
74.19999999999999,74.43121460069418,,,,PENDING_AT_END
74.55,74.61645133384549,,,,PENDING_AT_END
74.89999999999999,75.00109845398136,,,,PENDING_AT_END
75.25,75.50499752926416,,,,PENDING_AT_END
75.6,75.65572615418219,,,,PENDING_AT_END
75.94999999999999,76.1365350580906,,,,PENDING_AT_END
76.3,76.68461943539712,,,,PENDING_AT_END
76.64999999999999,76.98542418737559,,,,PENDING_AT_END
77.0,77.06851342260651,,,,PENDING_AT_END
77.35,77.39425223183429,,,,PENDING_AT_END
77.69999999999999,78.05519041559606,,,,PENDING_AT_END
78.05,78.32318076406752,,,,PENDING_AT_END
78.39999999999999,78.60868097402083,,,,PENDING_AT_END
78.75,78.83108911539085,,,,PENDING_AT_END
79.1,79.16870593320331,,,,PENDING_AT_END
79.44999999999999,79.62655070194461,,,,PENDING_AT_END
79.8,80.08650764056075,,,,PENDING_AT_END
80.14999999999999,80.54263594851834,,,,PENDING_AT_END
80.5,80.80499867772954,,,,PENDING_AT_END
80.85,80.96624320907821,,,,PENDING_AT_END
81.19999999999999,81.33957428380651,,,,PENDING_AT_END
81.55,81.6235568016847,,,,PENDING_AT_END
81.89999999999999,82.08877449373522,,,,PENDING_AT_END
82.25,82.25263339896219,,,,PENDING_AT_END
82.6,82.84687309100983,,,,PENDING_AT_END
82.94999999999999,83.28798152215035,,,,PENDING_AT_END
83.3,83.52016527442613,,,,PENDING_AT_END
83.64999999999999,83.70509069724311,,,,PENDING_AT_END
84.0,84.18798411564046,,,,PENDING_AT_END
84.35,84.68184177182144,,,,PENDING_AT_END
84.69999999999999,84.72774190138833,,,,PENDING_AT_END
85.05,85.32275136028669,,,,PENDING_AT_END
85.39999999999999,85.46406630721704,,,,PENDING_AT_END
85.75,85.9952287992781,,,,PENDING_AT_END
86.1,86.27195278633246,,,,PENDING_AT_END
86.44999999999999,86.80520934822957,,,,PENDING_AT_END
86.8,87.05169225751031,,,,PENDING_AT_END
87.14999999999999,87.28049885650343,,,,PENDING_AT_END
87.5,87.56280406303617,,,,PENDING_AT_END
87.85,88.14254757085638,,,,PENDING_AT_END
88.19999999999999,88.33089513586009,,,,PENDING_AT_END
88.55,88.68280676630549,,,,PENDING_AT_END
88.89999999999999,89.17377249213867,,,,PENDING_AT_END
89.25,89.25779367392755,,,,PENDING_AT_END
89.6,89.9827980231149,,,,PENDING_AT_END
89.94999999999999,90.30400073850382,,,,PENDING_AT_END
90.3,90.31294443462274,,,,PENDING_AT_END
90.64999999999999,90.69592938011421,,,,PENDING_AT_END
91.0,91.12142983284187,,,,PENDING_AT_END
91.35,91.56510646572286,,,,PENDING_AT_END
91.69999999999999,91.80237313124539,,,,PENDING_AT_END
92.05,92.1015591804052,,,,PENDING_AT_END
92.39999999999999,92.57170976959797,,,,PENDING_AT_END
92.75,92.81916728677746,,,,PENDING_AT_END
93.1,93.37603268041508,,,,PENDING_AT_END
93.44999999999999,93.45514596167146,,,,PENDING_AT_END
93.8,93.96733663383345,,,,PENDING_AT_END
94.14999999999999,94.54841301277814,,,,PENDING_AT_END
94.5,94.5538561497003,,,,PENDING_AT_END
94.85,94.94625084496212,,,,PENDING_AT_END
95.19999999999999,95.21531453178386,,,,PENDING_AT_END
95.55,95.84832889334616,,,,PENDING_AT_END
95.89999999999999,96.1115788436857,,,,PENDING_AT_END
96.25,96.25112822564063,,,,PENDING_AT_END
96.6,96.96176584121704,,,,PENDING_AT_END
96.94999999999999,97.21786621889981,,,,PENDING_AT_END
97.3,97.57312113983137,,,,PENDING_AT_END
97.64999999999999,98.00086212998413,,,,PENDING_AT_END
98.0,98.25589797876674,,,,PENDING_AT_END
98.35,98.42899655400444,,,,PENDING_AT_END
98.69999999999999,98.88275865415005,,,,PENDING_AT_END
99.05,99.37275143326734,,,,PENDING_AT_END
99.39999999999999,99.62972625826218,,,,PENDING_AT_END
99.75,100.14224437604767,,,,PENDING_AT_END
100.1,100.4070080267582,,,,PENDING_AT_END
100.44999999999999,100.5066183264536,,,,PENDING_AT_END
100.8,101.18268079626635,,,,PENDING_AT_END
101.14999999999999,101.16205434758801,,,,PENDING_AT_END
101.5,101.74245786402182,,,,PENDING_AT_END
101.85,102.1984800410734,,,,PENDING_AT_END
102.19999999999999,102.48378568707821,,,,PENDING_AT_END
102.55,102.6384454134821,,,,PENDING_AT_END
102.89999999999999,103.0688107485778,,,,PENDING_AT_END
103.25,103.60994080240894,,,,PENDING_AT_END
103.6,103.77050899747675,,,,PENDING_AT_END
103.94999999999999,104.1042027885799,,,,PENDING_AT_END
104.3,104.52326071700826,,,,PENDING_AT_END
104.64999999999999,104.94075330697315,,,,PENDING_AT_END
105.0,105.12221949699298,,,,PENDING_AT_END
105.35,105.44949169518452,,,,PENDING_AT_END
105.69999999999999,106.04325122237631,,,,PENDING_AT_END
106.05,106.15169566087071,,,,PENDING_AT_END
106.39999999999999,106.51137926849687,,,,PENDING_AT_END
106.75,106.8510883839854,,,,PENDING_AT_END
107.1,107.47714695042032,,,,PENDING_AT_END
107.44999999999999,107.605813911854,,,,PENDING_AT_END
107.8,107.97435764190841,,,,PENDING_AT_END
108.14999999999999,108.25556127899968,,,,PENDING_AT_END
108.5,108.68572310806599,,,,PENDING_AT_END
108.85,108.86225105430415,,,,PENDING_AT_END
109.19999999999999,109.41863820638474,,,,PENDING_AT_END
109.55,109.66605994638435,,,,PENDING_AT_END
109.89999999999999,110.19375231662777,,,,PENDING_AT_END
110.25,110.47092761405548,,,,PENDING_AT_END
110.6,110.63994095125554,,,,PENDING_AT_END
110.94999999999999,111.24154727356398,,,,PENDING_AT_END
111.3,111.3379934772545,,,,PENDING_AT_END
111.64999999999999,111.81288671582736,,,,PENDING_AT_END
112.0,112.05708051198752,,,,PENDING_AT_END
112.35,112.7281483364489,,,,PENDING_AT_END
112.69999999999999,113.0320542177358,,,,PENDING_AT_END
113.05,113.11798255895293,,,,PENDING_AT_END
113.39999999999999,113.4014371740411,,,,PENDING_AT_END
113.74999999999999,113.80183757035645,,,,PENDING_AT_END
114.1,114.13835705554192,,,,PENDING_AT_END
114.44999999999999,114.59346591534037,,,,PENDING_AT_END
114.8,114.92714045291576,,,,PENDING_AT_END
115.14999999999999,115.1572633703178,,,,PENDING_AT_END
115.49999999999999,115.74393580247259,,,,PENDING_AT_END
115.85,116.17242145957931,,,,PENDING_AT_END
116.19999999999999,116.44610954097848,,,,PENDING_AT_END
116.55,116.94128995449866,,,,PENDING_AT_END
116.89999999999999,117.06628093450878,,,,PENDING_AT_END
117.24999999999999,117.54232315635333,,,,PENDING_AT_END
117.6,117.9091345345829,,,,PENDING_AT_END
117.94999999999999,117.99886761704056,,,,PENDING_AT_END
118.3,118.63458290446529,,,,PENDING_AT_END
118.64999999999999,118.93333931366031,,,,PENDING_AT_END
118.99999999999999,119.14899114417967,,,,PENDING_AT_END
119.35,119.6292523570196,,,,PENDING_AT_END
119.69999999999999,119.97852565396619,,,,PENDING_AT_END
120.05,120.10326364833314,,,,PENDING_AT_END
120.39999999999999,120.71727333062772,,,,PENDING_AT_END
120.74999999999999,120.97106979172064,,,,PENDING_AT_END
121.1,121.1191976795327,,,,PENDING_AT_END
121.44999999999999,121.65128573428825,,,,PENDING_AT_END
121.8,122.01929925141663,,,,PENDING_AT_END
122.14999999999999,122.54364243583687,,,,PENDING_AT_END
122.49999999999999,122.7591686560066,,,,PENDING_AT_END
122.85,123.10438440830754,,,,PENDING_AT_END
123.19999999999999,123.29400465890717,,,,PENDING_AT_END
123.55,123.9184935488433,,,,PENDING_AT_END
123.89999999999999,124.1960680009641,,,,PENDING_AT_END
124.24999999999999,124.63185879498552,,,,PENDING_AT_END
124.6,124.9403333178553,,,,PENDING_AT_END
124.94999999999999,125.07242500334067,,,,PENDING_AT_END
125.3,125.69802339495597,,,,PENDING_AT_END
125.64999999999999,125.71974271815544,,,,PENDING_AT_END
125.99999999999999,126.13594494684382,,,,PENDING_AT_END
126.35,126.69814642273295,,,,PENDING_AT_END
126.69999999999999,126.77939091800394,,,,PENDING_AT_END
127.05,127.19565296187021,,,,PENDING_AT_END
127.39999999999999,127.70863531859668,,,,PENDING_AT_END
127.74999999999999,127.78477584754172,,,,PENDING_AT_END
128.1,128.46585417786125,,,,PENDING_AT_END
128.45,128.76051739799726,,,,PENDING_AT_END
128.79999999999998,129.12682854033895,,,,PENDING_AT_END
129.15,129.2777365192966,,,,PENDING_AT_END
129.5,129.77432926426945,,,,PENDING_AT_END
129.85,130.18392959589235,,,,PENDING_AT_END
130.2,130.38520273698958,,,,PENDING_AT_END
130.54999999999998,130.83164973420887,,,,PENDING_AT_END
130.9,131.12086531382292,,,,PENDING_AT_END
131.25,131.32086731613236,,,,PENDING_AT_END
131.6,131.61615073448732,,,,PENDING_AT_END
131.95,131.9829824119305,,,,PENDING_AT_END
132.29999999999998,132.4780568816553,,,,PENDING_AT_END
132.65,132.8626096862184,,,,PENDING_AT_END
133.0,133.0074724047463,,,,PENDING_AT_END
133.35,133.44518393582067,,,,PENDING_AT_END
133.7,133.80189083787343,,,,PENDING_AT_END
134.04999999999998,134.43553637671093,,,,PENDING_AT_END
134.39999999999998,134.72093666166785,,,,PENDING_AT_END
134.75,134.9634587046233,,,,PENDING_AT_END
135.1,135.41901227983087,,,,PENDING_AT_END
135.45,135.4527972272238,,,,PENDING_AT_END
135.79999999999998,136.10369292376342,,,,PENDING_AT_END
136.14999999999998,136.33835513924873,,,,PENDING_AT_END
136.5,136.83470801575055,,,,PENDING_AT_END
136.85,137.02270657142222,,,,PENDING_AT_END
137.2,137.51970907118573,,,,PENDING_AT_END
137.54999999999998,137.88981826258717,,,,PENDING_AT_END
137.89999999999998,138.02379930861832,,,,PENDING_AT_END
138.25,138.61043657997624,,,,PENDING_AT_END
138.6,138.6712363499676,,,,PENDING_AT_END
138.95,139.3466617044594,,,,PENDING_AT_END
139.29999999999998,139.3880741189956,,,,PENDING_AT_END
139.64999999999998,140.0329113355354,,,,PENDING_AT_END
140.0,140.13139071154484,,,,PENDING_AT_END
140.35,140.6268545859103,,,,PENDING_AT_END
140.7,140.81800665158255,,,,PENDING_AT_END
141.04999999999998,141.3423349599971,,,,PENDING_AT_END
141.39999999999998,141.63850290739322,,,,PENDING_AT_END
141.75,141.82241866900085,,,,PENDING_AT_END
142.1,142.2303939930691,,,,PENDING_AT_END
142.45,142.76738065288254,,,,PENDING_AT_END
142.79999999999998,143.02541235210523,,,,PENDING_AT_END
143.14999999999998,143.32718186772217,,,,PENDING_AT_END
143.5,143.67796693294025,,,,PENDING_AT_END
143.85,144.08983374717016,,,,PENDING_AT_END
144.2,144.59302177087244,,,,PENDING_AT_END
144.54999999999998,144.5853053245156,,,,PENDING_AT_END
144.89999999999998,145.17224777099,,,,PENDING_AT_END
145.25,145.56410179868107,,,,PENDING_AT_END
145.6,145.99577560303337,,,,PENDING_AT_END
145.95,146.26899238988233,,,,PENDING_AT_END
146.29999999999998,146.38939987128472,,,,PENDING_AT_END
146.64999999999998,146.93345647843313,,,,PENDING_AT_END
147.0,147.30343844989346,,,,PENDING_AT_END
147.35,147.5370943558564,,,,PENDING_AT_END
147.7,148.08862634939788,,,,PENDING_AT_END
148.04999999999998,148.22686076722752,,,,PENDING_AT_END
148.39999999999998,148.50004564918618,,,,PENDING_AT_END
148.75,149.05682171841852,,,,PENDING_AT_END
149.1,149.37313148708367,,,,PENDING_AT_END
149.45,149.48510525821843,,,,PENDING_AT_END
149.79999999999998,149.955621847512,,,,PENDING_AT_END
150.14999999999998,150.36979690960044,,,,PENDING_AT_END
150.5,150.89156239596667,,,,PENDING_AT_END
150.85,151.18954729544114,,,,PENDING_AT_END
151.2,151.58719192901435,,,,PENDING_AT_END
151.54999999999998,151.77817605574356,,,,PENDING_AT_END
151.89999999999998,152.26462548359808,,,,PENDING_AT_END
152.25,152.2655903541982,,,,PENDING_AT_END
152.6,152.90260505708764,,,,PENDING_AT_END
152.95,153.30127781435436,,,,PENDING_AT_END
153.29999999999998,153.5637190220605,,,,PENDING_AT_END
153.64999999999998,154.0357042496439,,,,PENDING_AT_END
154.0,154.0726136270651,,,,PENDING_AT_END
154.35,154.660635057703,,,,PENDING_AT_END
154.7,154.7805670153466,,,,PENDING_AT_END
155.04999999999998,155.33372796333336,,,,PENDING_AT_END
155.39999999999998,155.63804507785096,,,,PENDING_AT_END
155.75,155.90038440245627,,,,PENDING_AT_END
156.1,156.10310496066634,,,,PENDING_AT_END
156.45,156.65560715256856,,,,PENDING_AT_END
156.79999999999998,156.9089178397015,,,,PENDING_AT_END
157.14999999999998,157.32304918372853,,,,PENDING_AT_END
157.5,157.79933333417875,,,,PENDING_AT_END
157.85,157.90196188292387,,,,PENDING_AT_END
158.2,158.40303492139464,,,,PENDING_AT_END
158.54999999999998,158.78110684123075,,,,PENDING_AT_END
158.89999999999998,159.10648602124064,,,,PENDING_AT_END
159.25,159.49697105801556,,,,PENDING_AT_END
159.6,159.6909125119657,,,,PENDING_AT_END
159.95,160.22474364634866,,,,PENDING_AT_END
160.29999999999998,160.6682726904626,,,,PENDING_AT_END
160.64999999999998,160.7623053085518,,,,PENDING_AT_END
161.0,161.36100154252597,,,,PENDING_AT_END
161.35,161.6461894307042,,,,PENDING_AT_END
161.7,161.99908043219568,,,,PENDING_AT_END
162.04999999999998,162.34220904957382,,,,PENDING_AT_END
162.39999999999998,162.6288979846367,,,,PENDING_AT_END
162.75,163.05204054307654,,,,PENDING_AT_END
163.1,163.29166574948223,,,,PENDING_AT_END
163.45,163.80354274469704,,,,PENDING_AT_END
163.79999999999998,164.13825631616825,,,,PENDING_AT_END
164.14999999999998,164.20065832873144,,,,PENDING_AT_END
164.5,164.5420530189079,,,,PENDING_AT_END
164.85,165.21254520097082,,,,PENDING_AT_END
165.2,165.33134392111282,,,,PENDING_AT_END
165.54999999999998,165.70757891218372,,,,PENDING_AT_END
165.89999999999998,165.9194554475318,,,,PENDING_AT_END
166.25,166.56325830476374,,,,PENDING_AT_END
166.6,166.9395865566144,,,,PENDING_AT_END
166.95,167.0344974682357,,,,PENDING_AT_END
167.29999999999998,167.57070358540338,,,,PENDING_AT_END
167.64999999999998,167.9492673115164,,,,PENDING_AT_END
168.0,168.35277126884176,,,,PENDING_AT_END
168.35,168.6206504504465,,,,PENDING_AT_END
168.7,169.05300592431047,,,,PENDING_AT_END
169.04999999999998,169.10821352157998,,,,PENDING_AT_END
169.39999999999998,169.54619804839456,,,,PENDING_AT_END
169.75,170.00708337415227,,,,PENDING_AT_END
170.1,170.4773539410854,,,,PENDING_AT_END
170.45,170.7943121123754,,,,PENDING_AT_END
170.79999999999998,171.00484072088167,,,,PENDING_AT_END
171.14999999999998,171.3550118108152,,,,PENDING_AT_END
171.5,171.54196535511642,,,,PENDING_AT_END
171.85,172.1591872416943,,,,PENDING_AT_END
172.2,172.30328106813414,,,,PENDING_AT_END
172.54999999999998,172.64394082715856,,,,PENDING_AT_END
172.89999999999998,173.13015215536177,,,,PENDING_AT_END
173.25,173.40837028830254,,,,PENDING_AT_END
173.6,173.69708509162413,,,,PENDING_AT_END
173.95,174.23470570716074,,,,PENDING_AT_END
174.29999999999998,174.65861802568574,,,,PENDING_AT_END
174.64999999999998,174.65342116548135,,,,PENDING_AT_END
175.0,175.00162913343388,,,,PENDING_AT_END
175.35,175.4448847696079,,,,PENDING_AT_END
175.7,175.93495420600345,,,,PENDING_AT_END
176.04999999999998,176.29619061226364,,,,PENDING_AT_END
176.39999999999998,176.79208717230472,,,,PENDING_AT_END
176.75,177.0898612880199,,,,PENDING_AT_END
177.1,177.4770556918621,,,,PENDING_AT_END
177.45,177.71138931162318,,,,PENDING_AT_END
177.79999999999998,177.9188755624945,,,,PENDING_AT_END
178.14999999999998,178.26067720744794,,,,PENDING_AT_END
178.5,178.68502192105052,,,,PENDING_AT_END
178.85,179.21026202333738,,,,PENDING_AT_END
179.2,179.46377903596357,,,,PENDING_AT_END
179.54999999999998,179.89781932175148,,,,PENDING_AT_END
179.89999999999998,180.02388274454205,,,,PENDING_AT_END
180.25,180.29412773206832,,,,PENDING_AT_END
180.6,180.98520430339343,,,,PENDING_AT_END
180.95,181.13075979174073,,,,PENDING_AT_END
181.29999999999998,181.53261215956692,,,,PENDING_AT_END
181.64999999999998,181.98133558085664,,,,PENDING_AT_END
182.0,182.29752693601262,,,,PENDING_AT_END
182.35,182.40417508895874,,,,PENDING_AT_END
182.7,182.95609980753414,,,,PENDING_AT_END
183.04999999999998,183.4205007622938,,,,PENDING_AT_END
183.39999999999998,183.51392369763312,,,,PENDING_AT_END
183.75,183.8429038324884,,,,PENDING_AT_END
184.1,184.40743689671731,,,,PENDING_AT_END
184.45,184.78213783906295,,,,PENDING_AT_END
184.79999999999998,185.1974057721139,,,,PENDING_AT_END
185.14999999999998,185.193650068907,,,,PENDING_AT_END
185.5,185.65639967927632,,,,PENDING_AT_END
185.85,186.22467310369112,,,,PENDING_AT_END
186.2,186.49345034736132,,,,PENDING_AT_END
186.54999999999998,186.6497942606833,,,,PENDING_AT_END
186.89999999999998,187.13189563051537,,,,PENDING_AT_END
187.25,187.61784127508218,,,,PENDING_AT_END
187.6,187.68371918773917,,,,PENDING_AT_END
187.95,188.19448956106817,,,,PENDING_AT_END
188.29999999999998,188.43175593005063,,,,PENDING_AT_END
188.64999999999998,188.90066986273774,,,,PENDING_AT_END
189.0,189.2842553790278,,,,PENDING_AT_END
189.35,189.57707671147816,,,,PENDING_AT_END
189.7,189.7216760708751,,,,PENDING_AT_END
190.04999999999998,190.37494998456825,,,,PENDING_AT_END
190.39999999999998,190.68161710734012,,,,PENDING_AT_END
190.75,190.97892067124286,,,,PENDING_AT_END
191.1,191.2716773192998,,,,PENDING_AT_END
191.45,191.65251262442786,,,,PENDING_AT_END
191.79999999999998,191.9256902976347,,,,PENDING_AT_END
192.14999999999998,192.35295325743056,,,,PENDING_AT_END
192.5,192.5891873327551,,,,PENDING_AT_END
192.85,193.1187724366691,,,,PENDING_AT_END
193.2,193.33194626693916,,,,PENDING_AT_END
193.54999999999998,193.8163972615785,,,,PENDING_AT_END
193.89999999999998,194.21894728407904,,,,PENDING_AT_END
194.25,194.27881734483964,,,,PENDING_AT_END
194.6,194.79078053690867,,,,PENDING_AT_END
194.95,195.07377201317547,,,,PENDING_AT_END
195.29999999999998,195.62952450578834,,,,PENDING_AT_END
195.64999999999998,196.04639301391416,,,,PENDING_AT_END
196.0,196.2708761991231,,,,PENDING_AT_END
196.35,196.54552228403392,,,,PENDING_AT_END
196.7,197.08209805099193,,,,PENDING_AT_END
197.04999999999998,197.134206363728,,,,PENDING_AT_END
197.39999999999998,197.79843147827046,,,,PENDING_AT_END
197.75,198.01086189648487,,,,PENDING_AT_END
198.1,198.13914467336647,,,,PENDING_AT_END
198.45,198.72468332004604,,,,PENDING_AT_END
198.79999999999998,198.98638835092092,,,,PENDING_AT_END
199.14999999999998,199.5329206210015,,,,PENDING_AT_END
199.5,199.53756777310417,,,,PENDING_AT_END
199.85,200.21848234738732,,,,PENDING_AT_END
200.2,200.45472838836872,,,,PENDING_AT_END
200.54999999999998,200.62732207273334,,,,PENDING_AT_END
200.89999999999998,201.16303557463146,,,,PENDING_AT_END
201.25,201.50676745064982,,,,PENDING_AT_END
201.6,201.60104561892726,,,,PENDING_AT_END
201.95,202.15314442674696,,,,PENDING_AT_END
202.29999999999998,202.38716480251523,,,,PENDING_AT_END
202.64999999999998,202.88354728566622,,,,PENDING_AT_END
203.0,203.05944488999472,,,,PENDING_AT_END
203.35,203.42894850288477,,,,PENDING_AT_END
203.7,203.98463974148348,,,,PENDING_AT_END
204.04999999999998,204.17861873591696,,,,PENDING_AT_END
204.39999999999998,204.40546161602822,,,,PENDING_AT_END
204.75,205.11167599317162,,,,PENDING_AT_END
205.1,205.26352009052525,,,,PENDING_AT_END
205.45,205.68514743925334,,,,PENDING_AT_END
205.79999999999998,205.9360270235833,,,,PENDING_AT_END
206.14999999999998,206.5315741227696,,,,PENDING_AT_END
206.5,206.6332122644249,,,,PENDING_AT_END
206.85,207.15633101476195,,,,PENDING_AT_END
207.2,207.49121816512132,,,,PENDING_AT_END
207.54999999999998,207.63968332733808,,,,PENDING_AT_END
207.89999999999998,208.20599172115226,,,,PENDING_AT_END
208.25,208.63480211835576,,,,PENDING_AT_END
208.6,208.97187865621257,,,,PENDING_AT_END
208.95,209.2233506763016,,,,PENDING_AT_END
209.29999999999998,209.45703518186528,,,,PENDING_AT_END
209.64999999999998,209.72822697507922,,,,PENDING_AT_END
210.0,210.18344030153122,,,,PENDING_AT_END
210.35,210.47542478947148,,,,PENDING_AT_END
210.7,210.968388702604,,,,PENDING_AT_END
211.04999999999998,211.18240582289948,,,,PENDING_AT_END
211.39999999999998,211.4475524553202,,,,PENDING_AT_END
211.75,211.9992275758102,,,,PENDING_AT_END
212.1,212.16235006827853,,,,PENDING_AT_END
212.45,212.68769421187034,,,,PENDING_AT_END
212.79999999999998,212.82145204004158,,,,PENDING_AT_END
213.14999999999998,213.2058616398828,,,,PENDING_AT_END
213.5,213.55118356718322,,,,PENDING_AT_END
213.85,213.9571353271069,,,,PENDING_AT_END
214.2,214.3949195446814,,,,PENDING_AT_END
214.54999999999998,214.66680767662487,,,,PENDING_AT_END
214.89999999999998,215.21688425723426,,,,PENDING_AT_END
215.25,215.38189569081732,,,,PENDING_AT_END
215.6,215.61335193093166,,,,PENDING_AT_END
215.95,216.04721026036248,,,,PENDING_AT_END
216.29999999999998,216.44277395997634,,,,PENDING_AT_END
216.64999999999998,216.79725777907572,,,,PENDING_AT_END
217.0,217.27794428006257,,,,PENDING_AT_END
217.35,217.74467781778762,,,,PENDING_AT_END
217.7,217.7167606589593,,,,PENDING_AT_END
218.04999999999998,218.4427829359436,,,,PENDING_AT_END
218.39999999999998,218.41469914031313,,,,PENDING_AT_END
218.75,218.91442930732234,,,,PENDING_AT_END
219.1,219.28810540214621,,,,PENDING_AT_END
219.45,219.47945716141032,,,,PENDING_AT_END
219.79999999999998,219.9672386645507,,,,PENDING_AT_END
220.14999999999998,220.27366724689443,,,,PENDING_AT_END
220.5,220.87480712811157,,,,PENDING_AT_END
220.85,221.16718676495688,,,,PENDING_AT_END
221.2,221.42544032118946,,,,PENDING_AT_END
221.54999999999998,221.86972827157408,,,,PENDING_AT_END
221.89999999999998,222.2196781676758,,,,PENDING_AT_END
222.25,222.2944628291308,,,,PENDING_AT_END
222.6,222.66404697629147,,,,PENDING_AT_END
222.95,223.17040492762243,,,,PENDING_AT_END
223.29999999999998,223.39971261598814,,,,PENDING_AT_END
223.64999999999998,223.91506878315528,,,,PENDING_AT_END
224.0,224.03729751693174,,,,PENDING_AT_END
224.35,224.60394705577934,,,,PENDING_AT_END
224.7,224.89104363524018,,,,PENDING_AT_END
225.04999999999998,225.34296761976427,,,,PENDING_AT_END
225.39999999999998,225.71427821223216,,,,PENDING_AT_END
225.74999999999997,226.08709555393003,,,,PENDING_AT_END
226.1,226.22997109302779,,,,PENDING_AT_END
226.45,226.62503978531043,,,,PENDING_AT_END
226.79999999999998,226.9620884600382,,,,PENDING_AT_END
227.14999999999998,227.51245069251598,,,,PENDING_AT_END
227.49999999999997,227.56754397710947,,,,PENDING_AT_END
227.85,227.90977086396916,,,,PENDING_AT_END
228.2,228.59136981529298,,,,PENDING_AT_END
228.54999999999998,228.8096429653074,,,,PENDING_AT_END
228.89999999999998,229.1624860993328,,,,PENDING_AT_END
229.24999999999997,229.50292816766026,,,,PENDING_AT_END
229.6,229.74587109800044,,,,PENDING_AT_END
229.95,230.06841584528468,,,,PENDING_AT_END
230.29999999999998,230.46769853400426,,,,PENDING_AT_END
230.64999999999998,230.92798987136092,,,,PENDING_AT_END
230.99999999999997,231.09933295151947,,,,PENDING_AT_END
231.35,231.35174838285687,,,,PENDING_AT_END
231.7,231.80266795864992,,,,PENDING_AT_END
232.04999999999998,232.1978867302055,,,,PENDING_AT_END
232.39999999999998,232.7245114056455,,,,PENDING_AT_END
232.74999999999997,232.88604374700972,,,,PENDING_AT_END
233.1,233.23318682924227,,,,PENDING_AT_END
233.45,233.500427696018,,,,PENDING_AT_END
233.79999999999998,233.9631559706099,,,,PENDING_AT_END
234.14999999999998,234.43227711717134,,,,PENDING_AT_END
234.49999999999997,234.67148156168045,,,,PENDING_AT_END
234.85,235.0498889580322,,,,PENDING_AT_END
235.2,235.39491542806672,,,,PENDING_AT_END
235.54999999999998,235.76557342888626,,,,PENDING_AT_END
235.89999999999998,236.2208040287261,,,,PENDING_AT_END
236.24999999999997,236.37464537597575,,,,PENDING_AT_END
236.6,236.91743420724984,,,,PENDING_AT_END
236.95,237.04283472492148,,,,PENDING_AT_END
237.29999999999998,237.35475938465643,,,,PENDING_AT_END
237.64999999999998,237.8139770116145,,,,PENDING_AT_END
237.99999999999997,238.3944655841341,,,,PENDING_AT_END
238.35,238.58062334276192,,,,PENDING_AT_END
238.7,238.94024240989006,,,,PENDING_AT_END
239.04999999999998,239.15514117979515,,,,PENDING_AT_END
239.39999999999998,239.7293922287555,,,,PENDING_AT_END
239.74999999999997,239.76414625951415,,,,PENDING_AT_END
240.1,240.30781943553072,,,,PENDING_AT_END
240.45,240.72771236819574,,,,PENDING_AT_END
240.79999999999998,241.12992393149196,,,,PENDING_AT_END
241.14999999999998,241.3101229565309,,,,PENDING_AT_END
241.49999999999997,241.6508118650939,,,,PENDING_AT_END
241.85,242.11427578026965,,,,PENDING_AT_END
242.2,242.5278468514536,,,,PENDING_AT_END
242.54999999999998,242.60684680029166,,,,PENDING_AT_END
242.89999999999998,243.2839563412192,,,,PENDING_AT_END
243.24999999999997,243.6059167919431,,,,PENDING_AT_END
243.6,243.8251223415654,,,,PENDING_AT_END
243.95,244.0234966812937,,,,PENDING_AT_END
244.29999999999998,244.57426076586174,,,,PENDING_AT_END
244.64999999999998,244.70986666697877,,,,PENDING_AT_END
244.99999999999997,245.22569351030623,,,,PENDING_AT_END
245.35,245.49980989679366,,,,PENDING_AT_END
245.7,245.83486347996154,,,,PENDING_AT_END
246.04999999999998,246.05934551179527,,,,PENDING_AT_END
246.39999999999998,246.44167337256044,,,,PENDING_AT_END
246.74999999999997,247.05930357159818,,,,PENDING_AT_END
247.1,247.11485048661135,,,,PENDING_AT_END
247.45,247.70732599478526,,,,PENDING_AT_END
247.79999999999998,248.16640318471858,,,,PENDING_AT_END
248.14999999999998,248.15950279509332,,,,PENDING_AT_END
248.49999999999997,248.7885208459709,,,,PENDING_AT_END
248.85,249.23247428935994,,,,PENDING_AT_END
249.2,249.47128609451,,,,PENDING_AT_END
249.54999999999998,249.61905738126833,,,,PENDING_AT_END
249.89999999999998,249.92232677402257,,,,PENDING_AT_END
250.24999999999997,250.48360744669534,,,,PENDING_AT_END
250.6,250.68351404444232,,,,PENDING_AT_END
250.95,251.07373548630358,,,,PENDING_AT_END
251.29999999999998,251.31326584058135,,,,PENDING_AT_END
251.64999999999998,251.82456945955494,,,,PENDING_AT_END
251.99999999999997,252.19024932054887,,,,PENDING_AT_END
252.35,252.415435912944,,,,PENDING_AT_END
252.7,252.74580208475112,,,,PENDING_AT_END
253.04999999999998,253.12292860963376,,,,PENDING_AT_END
253.39999999999998,253.42955428228146,,,,PENDING_AT_END
253.74999999999997,254.00962137041577,,,,PENDING_AT_END
254.1,254.37434683214926,,,,PENDING_AT_END
254.45,254.7519636770673,,,,PENDING_AT_END
254.79999999999998,255.12715903291465,,,,PENDING_AT_END
255.14999999999998,255.3852664790591,,,,PENDING_AT_END
255.49999999999997,255.75407724039306,,,,PENDING_AT_END
255.85,256.18563182673626,,,,PENDING_AT_END
256.2,256.49625304519014,,,,PENDING_AT_END
256.55,256.61302052014463,,,,PENDING_AT_END
256.9,257.26794591956707,,,,PENDING_AT_END
257.25,257.5632786531711,,,,PENDING_AT_END
257.59999999999997,257.8437601034245,,,,PENDING_AT_END
257.95,257.99498996139295,,,,PENDING_AT_END
258.3,258.6400403420245,,,,PENDING_AT_END
258.65,258.73973252780695,,,,PENDING_AT_END
259.0,259.1921535762699,,,,PENDING_AT_END
259.34999999999997,259.4138461654583,,,,PENDING_AT_END
259.7,260.06785770779226,,,,PENDING_AT_END
260.05,260.06684949060053,,,,PENDING_AT_END
260.4,260.42226132123983,,,,PENDING_AT_END
260.75,260.9736902419505,,,,PENDING_AT_END
261.09999999999997,261.4537842218438,,,,PENDING_AT_END
261.45,261.65436314115874,,,,PENDING_AT_END
261.8,262.0609471066693,,,,PENDING_AT_END
262.15,262.3277885757344,,,,PENDING_AT_END
262.5,262.6118913089688,,,,PENDING_AT_END
262.84999999999997,263.03161199921186,,,,PENDING_AT_END
263.2,263.22165642176736,,,,PENDING_AT_END
263.55,263.6644287664307,,,,PENDING_AT_END
263.9,264.12386391855523,,,,PENDING_AT_END
264.25,264.44639822165766,,,,PENDING_AT_END
264.59999999999997,264.8165894852145,,,,PENDING_AT_END
264.95,265.30565536154774,,,,PENDING_AT_END
265.3,265.61571438660184,,,,PENDING_AT_END
265.65,266.0062656478509,,,,PENDING_AT_END
266.0,266.3734129343786,,,,PENDING_AT_END
266.34999999999997,266.3748558026559,,,,PENDING_AT_END
266.7,266.7774062727413,,,,PENDING_AT_END
267.05,267.11351177004866,,,,PENDING_AT_END
267.4,267.6640935198026,,,,PENDING_AT_END
267.75,268.082237916272,,,,PENDING_AT_END
268.09999999999997,268.39891626460104,,,,PENDING_AT_END
268.45,268.4603168426751,,,,PENDING_AT_END
268.79999999999995,268.83166011268145,,,,PENDING_AT_END
269.15,269.5487315749151,,,,PENDING_AT_END
269.5,269.6685553788425,,,,PENDING_AT_END
269.84999999999997,270.0807685868543,,,,PENDING_AT_END
270.2,270.22120636672236,,,,PENDING_AT_END
270.54999999999995,270.66645450669137,,,,PENDING_AT_END
270.9,271.06638290793796,,,,PENDING_AT_END
271.25,271.4176344942024,,,,PENDING_AT_END
271.59999999999997,271.8013077723371,,,,PENDING_AT_END
271.95,272.0796175871413,,,,PENDING_AT_END
272.29999999999995,272.59626065755197,,,,PENDING_AT_END
272.65,272.7583006933065,,,,PENDING_AT_END
273.0,273.1633407503758,,,,PENDING_AT_END
273.34999999999997,273.6878570037123,,,,PENDING_AT_END
273.7,273.86678238755013,,,,PENDING_AT_END
274.04999999999995,274.32704415864316,,,,PENDING_AT_END
274.4,274.4077809949122,,,,PENDING_AT_END
274.75,274.92063478197485,,,,PENDING_AT_END
275.09999999999997,275.4321259556735,,,,PENDING_AT_END
275.45,275.5561077607869,,,,PENDING_AT_END
275.79999999999995,275.86225259809123,,,,PENDING_AT_END
276.15,276.4010508723768,,,,PENDING_AT_END
276.5,276.86672634725744,,,,PENDING_AT_END
276.84999999999997,277.2497295181234,,,,PENDING_AT_END
277.2,277.27075361419253,,,,PENDING_AT_END
277.54999999999995,277.73441277509187,,,,PENDING_AT_END
277.9,278.08121942743685,,,,PENDING_AT_END
278.25,278.4363105615821,,,,PENDING_AT_END
278.59999999999997,278.70024337014337,,,,PENDING_AT_END
278.95,279.14792721732687,,,,PENDING_AT_END
279.29999999999995,279.66245608191593,,,,PENDING_AT_END
279.65,279.75434848968416,,,,PENDING_AT_END
280.0,280.17660753430005,,,,PENDING_AT_END
280.34999999999997,280.67418540327805,,,,PENDING_AT_END
280.7,280.97962989987724,,,,PENDING_AT_END
281.04999999999995,281.15903384511637,,,,PENDING_AT_END
281.4,281.5272321596102,,,,PENDING_AT_END
281.75,281.93724108772915,,,,PENDING_AT_END
282.09999999999997,282.4101744677649,,,,PENDING_AT_END
282.45,282.4711430996478,,,,PENDING_AT_END
282.79999999999995,282.9735905322027,,,,PENDING_AT_END
283.15,283.20691167981886,,,,PENDING_AT_END
283.5,283.7459286734877,,,,PENDING_AT_END
283.84999999999997,284.0500492650469,,,,PENDING_AT_END
284.2,284.3815041093632,,,,PENDING_AT_END
284.54999999999995,284.9185118888412,,,,PENDING_AT_END
284.9,285.11830235214916,,,,PENDING_AT_END
285.25,285.3120252829757,,,,PENDING_AT_END
285.59999999999997,285.80898107010506,,,,PENDING_AT_END
285.95,286.268226169344,,,,PENDING_AT_END
286.29999999999995,286.35453234169677,,,,PENDING_AT_END
286.65,286.96865956481963,,,,PENDING_AT_END
287.0,287.0586510506081,,,,PENDING_AT_END
287.34999999999997,287.51042148377604,,,,PENDING_AT_END
287.7,287.9878212275243,,,,PENDING_AT_END
288.04999999999995,288.33297750545705,,,,PENDING_AT_END
288.4,288.70235577934284,,,,PENDING_AT_END
288.75,288.8528630021797,,,,PENDING_AT_END
289.09999999999997,289.27501873680006,,,,PENDING_AT_END
289.45,289.45052392286533,,,,PENDING_AT_END
289.79999999999995,289.87835005481736,,,,PENDING_AT_END
290.15,290.3470766397552,,,,PENDING_AT_END
290.5,290.7581895098565,,,,PENDING_AT_END
290.84999999999997,291.2266024482972,,,,PENDING_AT_END
291.2,291.21331015626987,,,,PENDING_AT_END
291.54999999999995,291.70487702408025,,,,PENDING_AT_END
291.9,292.18689413487255,,,,PENDING_AT_END
292.25,292.467099498258,,,,PENDING_AT_END
292.59999999999997,292.6042297863808,,,,PENDING_AT_END
292.95,293.0305059077569,,,,PENDING_AT_END
293.29999999999995,293.57598948132784,,,,PENDING_AT_END
293.65,294.03547805142773,,,,PENDING_AT_END
294.0,294.16056771987076,,,,PENDING_AT_END
294.34999999999997,294.4722457528098,,,,PENDING_AT_END
294.7,294.88878001859604,,,,PENDING_AT_END
295.04999999999995,295.3979780601776,,,,PENDING_AT_END
295.4,295.7352454822292,,,,PENDING_AT_END
295.75,296.0043909670833,,,,PENDING_AT_END
296.09999999999997,296.1577380939311,,,,PENDING_AT_END
296.45,296.68305332220706,,,,PENDING_AT_END
296.79999999999995,296.8763632652091,,,,PENDING_AT_END
297.15,297.19928427302875,,,,PENDING_AT_END
297.5,297.5696800731449,,,,PENDING_AT_END
297.84999999999997,298.15470080672713,,,,PENDING_AT_END
298.2,298.3050034377978,,,,PENDING_AT_END
298.54999999999995,298.7726577570578,,,,PENDING_AT_END
298.9,299.04438548755115,,,,PENDING_AT_END
299.25,299.643192644039,,,,PENDING_AT_END
299.59999999999997,299.8689005335738,,,,PENDING_AT_END
299.95,300.05802278245454,,,,PENDING_AT_END
300.29999999999995,300.6353819650378,,,,PENDING_AT_END
300.65,300.9667213023246,,,,PENDING_AT_END
301.0,301.0338963287377,,,,PENDING_AT_END
301.34999999999997,301.5915721061396,,,,PENDING_AT_END
301.7,302.0908416468406,,,,PENDING_AT_END
302.04999999999995,302.2725467582968,,,,PENDING_AT_END
302.4,302.50467649565985,,,,PENDING_AT_END
302.75,302.7578882173368,,,,PENDING_AT_END
303.09999999999997,303.27599683106763,,,,PENDING_AT_END
303.45,303.8223848006202,,,,PENDING_AT_END
303.79999999999995,303.84739994845177,,,,PENDING_AT_END
304.15,304.15046987143796,,,,PENDING_AT_END
304.5,304.70577457183435,,,,PENDING_AT_END
304.84999999999997,305.13957227076634,,,,PENDING_AT_END
305.2,305.36015446926916,,,,PENDING_AT_END
305.54999999999995,305.8988890406441,,,,PENDING_AT_END
305.9,305.9411086898059,,,,PENDING_AT_END
306.25,306.31822001349747,,,,PENDING_AT_END
306.59999999999997,306.7918153687338,,,,PENDING_AT_END
306.95,307.20954569609006,,,,PENDING_AT_END
307.29999999999995,307.5898124574096,,,,PENDING_AT_END
307.65,307.67192563555034,,,,PENDING_AT_END
308.0,308.33080408956175,,,,PENDING_AT_END
308.34999999999997,308.3732860633283,,,,PENDING_AT_END
308.7,308.7904355443267,,,,PENDING_AT_END
309.04999999999995,309.21985952846717,,,,PENDING_AT_END
309.4,309.61918873363425,,,,PENDING_AT_END
309.75,309.89919603685144,,,,PENDING_AT_END
310.09999999999997,310.277053831807,,,,PENDING_AT_END
310.45,310.6017228408247,,,,PENDING_AT_END
310.79999999999995,311.07975516960516,,,,PENDING_AT_END
311.15,311.40924668285845,,,,PENDING_AT_END
311.5,311.61746833745326,,,,PENDING_AT_END
311.84999999999997,311.883294998615,,,,PENDING_AT_END
312.2,312.2214834282623,,,,PENDING_AT_END
312.54999999999995,312.93977822383454,,,,PENDING_AT_END
312.9,312.9366363049596,,,,PENDING_AT_END
313.25,313.62054916271177,,,,PENDING_AT_END
313.59999999999997,313.8282599655543,,,,PENDING_AT_END
313.95,313.9502015115358,,,,PENDING_AT_END
314.29999999999995,314.5705142333179,,,,PENDING_AT_END
314.65,314.67039851193204,,,,PENDING_AT_END
315.0,315.04245410113447,,,,PENDING_AT_END
315.34999999999997,315.5721069417503,,,,PENDING_AT_END
315.7,315.8448482633474,,,,PENDING_AT_END
316.04999999999995,316.3406051044959,,,,PENDING_AT_END
316.4,316.40472825876543,,,,PENDING_AT_END
316.75,316.7692260955232,,,,PENDING_AT_END
317.09999999999997,317.2392062326226,,,,PENDING_AT_END
317.45,317.5656239526431,,,,PENDING_AT_END
317.79999999999995,317.9894221429928,,,,PENDING_AT_END
318.15,318.42443102527443,,,,PENDING_AT_END
318.5,318.87211608775476,,,,PENDING_AT_END
318.84999999999997,318.94185741157327,,,,PENDING_AT_END
319.2,319.47307109122806,,,,PENDING_AT_END
319.54999999999995,319.6202500731729,,,,PENDING_AT_END
319.9,319.93276335600603,,,,PENDING_AT_END
320.25,320.64590289793784,,,,PENDING_AT_END
320.59999999999997,320.66885944491656,,,,PENDING_AT_END
320.95,321.31048807467727,,,,PENDING_AT_END
321.29999999999995,321.48826718439,,,,PENDING_AT_END
321.65,322.01178685910804,,,,PENDING_AT_END
322.0,322.316222344646,,,,PENDING_AT_END
322.34999999999997,322.5393484064013,,,,PENDING_AT_END
322.7,322.9593688918969,,,,PENDING_AT_END
323.04999999999995,323.3197755595827,,,,PENDING_AT_END
323.4,323.6615811218727,,,,PENDING_AT_END
323.75,324.0940382299932,,,,PENDING_AT_END
324.09999999999997,324.23350508999823,,,,PENDING_AT_END
324.45,324.5420272644405,,,,PENDING_AT_END
324.79999999999995,325.03965844041784,,,,PENDING_AT_END
325.15,325.2785164433568,,,,PENDING_AT_END
325.5,325.84682724996946,,,,PENDING_AT_END
325.84999999999997,326.24510563746475,,,,PENDING_AT_END
326.2,326.4992664376177,,,,PENDING_AT_END
326.54999999999995,326.6517619694215,,,,PENDING_AT_END
326.9,327.2040335898607,,,,PENDING_AT_END
327.25,327.3886194531659,,,,PENDING_AT_END
327.59999999999997,327.75343114037247,,,,PENDING_AT_END
327.95,328.2212805291428,,,,PENDING_AT_END
328.29999999999995,328.54621203769307,,,,PENDING_AT_END
328.65,328.94679834025476,,,,PENDING_AT_END
329.0,329.26757962300906,,,,PENDING_AT_END
329.34999999999997,329.41630539910835,,,,PENDING_AT_END
329.7,329.81251226092394,,,,PENDING_AT_END
330.04999999999995,330.2117854156619,,,,PENDING_AT_END
330.4,330.44520231887464,,,,PENDING_AT_END
330.75,331.06142412340284,,,,PENDING_AT_END
331.09999999999997,331.1844756675983,,,,PENDING_AT_END
331.45,331.56668829035567,,,,PENDING_AT_END
331.79999999999995,332.1764631086389,,,,PENDING_AT_END
332.15,332.4647618612049,,,,PENDING_AT_END
332.5,332.8403149705124,,,,PENDING_AT_END
332.84999999999997,332.8871662643565,,,,PENDING_AT_END
333.2,333.55922852753207,,,,PENDING_AT_END
333.54999999999995,333.6250616795967,,,,PENDING_AT_END
333.9,334.08343438189456,,,,PENDING_AT_END
334.25,334.562390676091,,,,PENDING_AT_END
334.59999999999997,334.84504394163883,,,,PENDING_AT_END
334.95,335.04190778395053,,,,PENDING_AT_END
335.29999999999995,335.4776554220599,,,,PENDING_AT_END
335.65,335.819499480117,,,,PENDING_AT_END
336.0,336.30063769041146,,,,PENDING_AT_END
336.34999999999997,336.64662344030563,,,,PENDING_AT_END
336.7,337.00857855315024,,,,PENDING_AT_END
337.04999999999995,337.32469081463785,,,,PENDING_AT_END
337.4,337.5789154689887,,,,PENDING_AT_END
337.75,337.96342928145884,,,,PENDING_AT_END
338.09999999999997,338.3974169304253,,,,PENDING_AT_END
338.45,338.81020383947106,,,,PENDING_AT_END
338.79999999999995,339.1068489936507,,,,PENDING_AT_END
339.15,339.1519193972274,,,,PENDING_AT_END
339.5,339.7120778063543,,,,PENDING_AT_END
339.84999999999997,339.9874020174038,,,,PENDING_AT_END
340.2,340.5067287090075,,,,PENDING_AT_END
340.54999999999995,340.8733337992302,,,,PENDING_AT_END
340.9,341.0831220337783,,,,PENDING_AT_END
341.25,341.48948467271714,,,,PENDING_AT_END
341.59999999999997,341.618570589423,,,,PENDING_AT_END
341.95,342.09526803648754,,,,PENDING_AT_END
342.29999999999995,342.4193098652821,,,,PENDING_AT_END
342.65,342.93943493780785,,,,PENDING_AT_END
343.0,343.20648446234804,,,,PENDING_AT_END
343.34999999999997,343.381536314711,,,,PENDING_AT_END
343.7,343.80914806302854,,,,PENDING_AT_END
344.04999999999995,344.2949097872819,,,,PENDING_AT_END
344.4,344.6062032224486,,,,PENDING_AT_END
344.75,344.83457555459734,,,,PENDING_AT_END
345.09999999999997,345.4277949297337,,,,PENDING_AT_END
345.45,345.5849636778334,,,,PENDING_AT_END
345.79999999999995,345.9603071009245,,,,PENDING_AT_END
346.15,346.2632965854838,,,,PENDING_AT_END
346.5,346.5180531045015,,,,PENDING_AT_END
346.84999999999997,346.99219390286265,,,,PENDING_AT_END
347.2,347.3021967180536,,,,PENDING_AT_END
347.54999999999995,347.68228040643567,,,,PENDING_AT_END
347.9,348.1259749699151,,,,PENDING_AT_END
348.25,348.481023524874,,,,PENDING_AT_END
348.59999999999997,348.7746918773922,,,,PENDING_AT_END
348.95,349.0230629392219,,,,PENDING_AT_END
349.29999999999995,349.4495541476156,,,,PENDING_AT_END
349.65,349.7473946074168,,,,PENDING_AT_END
350.0,350.0581428527057,,,,PENDING_AT_END
350.34999999999997,350.52654876928517,,,,PENDING_AT_END
350.7,350.9364649805703,,,,PENDING_AT_END
351.04999999999995,351.08886848360703,,,,PENDING_AT_END
351.4,351.4466239991501,,,,PENDING_AT_END
351.75,352.02658977795477,,,,PENDING_AT_END
352.09999999999997,352.122701498601,,,,PENDING_AT_END
352.45,352.7304538176002,,,,PENDING_AT_END
352.79999999999995,352.9487779223939,,,,PENDING_AT_END
353.15,353.42719260710953,,,,PENDING_AT_END
353.5,353.5283281265562,,,,PENDING_AT_END
353.84999999999997,354.0636928506204,,,,PENDING_AT_END
354.2,354.3641433885021,,,,PENDING_AT_END
354.54999999999995,354.71971635489774,,,,PENDING_AT_END
354.9,355.10467143836524,,,,PENDING_AT_END
355.25,355.47156120439865,,,,PENDING_AT_END
355.59999999999997,355.99818625964787,,,,PENDING_AT_END
355.95,356.0786028134717,,,,PENDING_AT_END
356.29999999999995,356.3889490002945,,,,PENDING_AT_END
356.65,356.7163779350411,,,,PENDING_AT_END
357.0,357.0971051465183,,,,PENDING_AT_END
357.34999999999997,357.68070111744663,,,,PENDING_AT_END
357.7,357.86481995319656,,,,PENDING_AT_END
358.04999999999995,358.2500320394814,,,,PENDING_AT_END
358.4,358.4838578672776,,,,PENDING_AT_END
358.75,359.07749370234933,,,,PENDING_AT_END
359.09999999999997,359.28158391333585,,,,PENDING_AT_END
359.45,359.7277786678033,,,,PENDING_AT_END
359.79999999999995,360.0603337564319,,,,PENDING_AT_END
360.15,360.42727198880016,,,,PENDING_AT_END
360.5,360.84056856492725,,,,PENDING_AT_END
360.84999999999997,360.85332564973106,,,,PENDING_AT_END
361.2,361.50374383044203,,,,PENDING_AT_END
361.54999999999995,361.90389989661037,,,,PENDING_AT_END
361.9,361.95911868410303,,,,PENDING_AT_END
362.25,362.5933704269487,,,,PENDING_AT_END
362.59999999999997,362.70587889002223,,,,PENDING_AT_END
362.95,363.08846615438523,,,,PENDING_AT_END
363.29999999999995,363.6871222554096,,,,PENDING_AT_END
363.65,363.8481360336026,,,,PENDING_AT_END
364.0,364.3729709957071,,,,PENDING_AT_END
364.34999999999997,364.3534607599227,,,,PENDING_AT_END
364.7,365.0406248787995,,,,PENDING_AT_END
365.04999999999995,365.168602682789,,,,PENDING_AT_END
365.4,365.73049374569644,,,,PENDING_AT_END
365.75,366.07905438415537,,,,PENDING_AT_END
366.09999999999997,366.3068166609697,,,,PENDING_AT_END
366.45,366.8037483064151,,,,PENDING_AT_END
366.79999999999995,366.9937078712028,,,,PENDING_AT_END
367.15,367.4666739420535,,,,PENDING_AT_END
367.5,367.8457852456032,,,,PENDING_AT_END
367.84999999999997,368.1373046565346,,,,PENDING_AT_END
368.2,368.2563625275147,,,,PENDING_AT_END
368.54999999999995,368.57569508807023,,,,PENDING_AT_END
368.9,369.2034784668814,,,,PENDING_AT_END
369.25,369.36276630601435,,,,PENDING_AT_END
369.59999999999997,369.988697122583,,,,PENDING_AT_END
369.95,370.05215391698135,,,,PENDING_AT_END
370.29999999999995,370.5915375666017,,,,PENDING_AT_END
370.65,370.76201634242193,,,,PENDING_AT_END
371.0,371.12201883908097,,,,PENDING_AT_END
371.34999999999997,371.3519679465731,,,,PENDING_AT_END
371.7,371.76980197007623,,,,PENDING_AT_END
372.04999999999995,372.1491626439555,,,,PENDING_AT_END
372.4,372.5822668849182,,,,PENDING_AT_END
372.75,372.79147746110493,,,,PENDING_AT_END
373.09999999999997,373.38842327757965,,,,PENDING_AT_END
373.45,373.8175403632285,,,,PENDING_AT_END
373.79999999999995,374.0728771700693,,,,PENDING_AT_END
374.15,374.5446666592193,,,,PENDING_AT_END
374.5,374.85183160656766,,,,PENDING_AT_END
374.84999999999997,374.88224162537523,,,,PENDING_AT_END
375.2,375.3719120296195,,,,PENDING_AT_END
375.54999999999995,375.7332044815515,,,,PENDING_AT_END
375.9,376.09961459736803,,,,PENDING_AT_END
376.25,376.4641341389639,,,,PENDING_AT_END
376.59999999999997,376.9234688707334,,,,PENDING_AT_END
376.95,377.08765484333225,,,,PENDING_AT_END
377.29999999999995,377.3576227385446,,,,PENDING_AT_END
377.65,377.9828719016822,,,,PENDING_AT_END
378.0,378.0723716778273,,,,PENDING_AT_END
378.34999999999997,378.5284056927689,,,,PENDING_AT_END
378.7,379.07709582399997,,,,PENDING_AT_END
379.04999999999995,379.2211430001845,,,,PENDING_AT_END
379.4,379.76779315323665,,,,PENDING_AT_END
379.75,379.95738799467404,,,,PENDING_AT_END
380.09999999999997,380.34746373431375,,,,PENDING_AT_END
380.45,380.6858721136843,,,,PENDING_AT_END
380.79999999999995,381.0167032704494,,,,PENDING_AT_END
381.15,381.33440967184515,,,,PENDING_AT_END
381.5,381.6882548520882,,,,PENDING_AT_END
381.84999999999997,381.9672776230537,,,,PENDING_AT_END
382.2,382.33175576780053,,,,PENDING_AT_END
382.54999999999995,382.6531929727896,,,,PENDING_AT_END
382.9,383.0807676337912,,,,PENDING_AT_END
383.25,383.36796439280056,,,,PENDING_AT_END
383.59999999999997,383.62770848344445,,,,PENDING_AT_END
383.95,384.0610539674886,,,,PENDING_AT_END
384.29999999999995,384.3462186691703,,,,PENDING_AT_END
384.65,384.89415066518245,,,,PENDING_AT_END
385.0,385.3980461512094,,,,PENDING_AT_END
385.34999999999997,385.6388174740542,,,,PENDING_AT_END
385.7,385.9324978589747,,,,PENDING_AT_END
386.04999999999995,386.32676828498757,,,,PENDING_AT_END
386.4,386.48521151368595,,,,PENDING_AT_END
386.75,387.1478883918837,,,,PENDING_AT_END
387.09999999999997,387.4667756885387,,,,PENDING_AT_END
387.45,387.72650232710924,,,,PENDING_AT_END
387.79999999999995,388.18502439737927,,,,PENDING_AT_END
388.15,388.32398568446035,,,,PENDING_AT_END
388.5,388.77815179363995,,,,PENDING_AT_END
388.84999999999997,388.9831485380634,,,,PENDING_AT_END
389.2,389.5964185388803,,,,PENDING_AT_END
389.54999999999995,389.9451484760591,,,,PENDING_AT_END
389.9,390.1325707382225,,,,PENDING_AT_END
390.25,390.35046715252656,,,,PENDING_AT_END
390.59999999999997,390.9583250500238,,,,PENDING_AT_END
390.95,391.15637299598103,,,,PENDING_AT_END
391.29999999999995,391.31088614496844,,,,PENDING_AT_END
391.65,391.7112764830598,,,,PENDING_AT_END
392.0,392.1115200038,,,,PENDING_AT_END
392.34999999999997,392.7409815863609,,,,PENDING_AT_END
392.7,392.81453710433135,,,,PENDING_AT_END
393.04999999999995,393.16784238659886,,,,PENDING_AT_END
393.4,393.6416171289753,,,,PENDING_AT_END
393.75,393.9187729290687,,,,PENDING_AT_END
394.09999999999997,394.4153295119675,,,,PENDING_AT_END
394.45,394.58978906097144,,,,PENDING_AT_END
394.79999999999995,394.8475313780341,,,,PENDING_AT_END
395.15,395.50483474752275,,,,PENDING_AT_END
395.5,395.89247535276456,,,,PENDING_AT_END
395.84999999999997,396.01383580432645,,,,PENDING_AT_END
396.2,396.5213269722523,,,,PENDING_AT_END
396.54999999999995,396.60444125743277,,,,PENDING_AT_END
396.9,396.952925162617,,,,PENDING_AT_END
397.25,397.6186383314132,,,,PENDING_AT_END
397.59999999999997,397.9471245494373,,,,PENDING_AT_END
397.95,397.9748409866276,,,,PENDING_AT_END
398.29999999999995,398.67675734702163,,,,PENDING_AT_END
398.65,398.83613358744446,,,,PENDING_AT_END
399.0,399.26289234882256,,,,PENDING_AT_END
399.34999999999997,399.4841151494183,,,,PENDING_AT_END
399.7,399.8009292767002,,,,PENDING_AT_END
400.04999999999995,400.0621023978781,,,,PENDING_AT_END
400.4,400.52642912259046,,,,PENDING_AT_END
400.75,400.84282623559875,,,,PENDING_AT_END
401.09999999999997,401.2515069455955,,,,PENDING_AT_END
401.45,401.5025278678732,,,,PENDING_AT_END
401.79999999999995,401.85221453144993,,,,PENDING_AT_END
402.15,402.4042662558669,,,,PENDING_AT_END
402.5,402.61980362606425,,,,PENDING_AT_END
402.84999999999997,402.9492303134586,,,,PENDING_AT_END
403.2,403.2852719302088,,,,PENDING_AT_END
403.54999999999995,403.7259970514781,,,,PENDING_AT_END
403.9,404.1700749074705,,,,PENDING_AT_END
404.25,404.57337050999683,,,,PENDING_AT_END
404.59999999999997,404.96543618038464,,,,PENDING_AT_END
404.95,405.2361893109991,,,,PENDING_AT_END
405.29999999999995,405.6633759066225,,,,PENDING_AT_END
405.65,405.67696231167577,,,,PENDING_AT_END
406.0,406.1655425478093,,,,PENDING_AT_END
406.34999999999997,406.60948006558993,,,,PENDING_AT_END
406.7,406.8137075254269,,,,PENDING_AT_END
407.04999999999995,407.23262730500755,,,,PENDING_AT_END
407.4,407.7497351060871,,,,PENDING_AT_END
407.75,407.91734792348166,,,,PENDING_AT_END
408.09999999999997,408.4446309717376,,,,PENDING_AT_END
408.45,408.76992029788045,,,,PENDING_AT_END
408.79999999999995,408.8420559350551,,,,PENDING_AT_END
409.15,409.40021733366393,,,,PENDING_AT_END
409.5,409.58388276858216,,,,PENDING_AT_END
409.84999999999997,410.12941140238735,,,,PENDING_AT_END
410.2,410.3966170923249,,,,PENDING_AT_END
410.54999999999995,410.88897437508695,,,,PENDING_AT_END
410.9,411.123040264559,,,,PENDING_AT_END
411.25,411.4453080133784,,,,PENDING_AT_END
411.59999999999997,411.9033184552131,,,,PENDING_AT_END
411.95,411.96899442942794,,,,PENDING_AT_END
412.29999999999995,412.4580371302849,,,,PENDING_AT_END
412.65,412.6810297051636,,,,PENDING_AT_END
413.0,413.27878178918957,,,,PENDING_AT_END
413.34999999999997,413.4695230673155,,,,PENDING_AT_END
413.7,413.9490331586056,,,,PENDING_AT_END
414.04999999999995,414.25426282683406,,,,PENDING_AT_END
414.4,414.60543977439795,,,,PENDING_AT_END
414.75,414.90068359146017,,,,PENDING_AT_END
415.09999999999997,415.24145576188863,,,,PENDING_AT_END
415.45,415.5804413846393,,,,PENDING_AT_END
415.79999999999995,416.13335228054655,,,,PENDING_AT_END
416.15,416.1819619492378,,,,PENDING_AT_END
416.5,416.87203692206356,,,,PENDING_AT_END
416.84999999999997,416.91609893926517,,,,PENDING_AT_END
417.2,417.54180575773404,,,,PENDING_AT_END
417.54999999999995,417.82226479805183,,,,PENDING_AT_END
417.9,417.97040823500924,,,,PENDING_AT_END
418.25,418.30580393098603,,,,PENDING_AT_END
418.59999999999997,418.97525665215056,,,,PENDING_AT_END
418.95,419.31594808001154,,,,PENDING_AT_END
419.29999999999995,419.50932463021536,,,,PENDING_AT_END
419.65,419.86611779445775,,,,PENDING_AT_END
420.0,420.17311651284695,,,,PENDING_AT_END
420.34999999999997,420.36660144898684,,,,PENDING_AT_END
420.7,421.0701304296139,,,,PENDING_AT_END
421.04999999999995,421.38367244289,,,,PENDING_AT_END
421.4,421.64538110277806,,,,PENDING_AT_END
421.75,421.9060453104655,,,,PENDING_AT_END
422.09999999999997,422.46893698786124,,,,PENDING_AT_END
422.45,422.6922882602393,,,,PENDING_AT_END
422.79999999999995,423.1044719377462,,,,PENDING_AT_END
423.15,423.22024124722736,,,,PENDING_AT_END
423.5,423.70060061183744,,,,PENDING_AT_END
423.84999999999997,423.91252764163477,,,,PENDING_AT_END
424.2,424.4770716215393,,,,PENDING_AT_END
424.54999999999995,424.763046264619,,,,PENDING_AT_END
424.9,425.0146233899861,,,,PENDING_AT_END
425.25,425.603371331203,,,,PENDING_AT_END
425.59999999999997,425.7313354258361,,,,PENDING_AT_END
425.95,425.9677824057416,,,,PENDING_AT_END
426.29999999999995,426.33169698616814,,,,PENDING_AT_END
426.65,426.738087716221,,,,PENDING_AT_END
427.0,427.26980471362936,,,,PENDING_AT_END
427.34999999999997,427.67579651658804,,,,PENDING_AT_END
427.7,427.91615761386,,,,PENDING_AT_END
428.04999999999995,428.3968190875787,,,,PENDING_AT_END
428.4,428.58410862711423,,,,PENDING_AT_END
428.75,429.0670677534747,,,,PENDING_AT_END
429.09999999999997,429.40185424943223,,,,PENDING_AT_END
429.45,429.5170348054457,,,,PENDING_AT_END
429.79999999999995,430.0983168606738,,,,PENDING_AT_END
430.15,430.5171856672072,,,,PENDING_AT_END
430.5,430.583194064699,,,,PENDING_AT_END
430.84999999999997,431.0230363099117,,,,PENDING_AT_END
431.2,431.35265411294387,,,,PENDING_AT_END
431.54999999999995,431.7245915173893,,,,PENDING_AT_END
431.9,432.01719195880526,,,,PENDING_AT_END
432.25,432.565059213169,,,,PENDING_AT_END
432.59999999999997,432.971786972501,,,,PENDING_AT_END
432.95,433.24958883369123,,,,PENDING_AT_END
433.29999999999995,433.5180560242808,,,,PENDING_AT_END
433.65,433.7044736100062,,,,PENDING_AT_END
434.0,434.3778964297222,,,,PENDING_AT_END
434.34999999999997,434.6309693743687,,,,PENDING_AT_END
434.7,435.0111183891831,,,,PENDING_AT_END
435.04999999999995,435.12446104130504,,,,PENDING_AT_END
435.4,435.4576100573813,,,,PENDING_AT_END
435.75,435.93510737043255,,,,PENDING_AT_END
436.09999999999997,436.2514876186298,,,,PENDING_AT_END
436.45,436.461624099977,,,,PENDING_AT_END
436.79999999999995,436.8972803716348,,,,PENDING_AT_END
437.15,437.15251686723775,,,,PENDING_AT_END
437.5,437.897576546409,,,,PENDING_AT_END
437.84999999999997,438.04324684872876,,,,PENDING_AT_END
438.2,438.4244152522877,,,,PENDING_AT_END
438.54999999999995,438.88246473452034,,,,PENDING_AT_END
438.9,439.07505260995015,,,,PENDING_AT_END
439.25,439.28199742423476,,,,PENDING_AT_END
439.59999999999997,439.89735185506123,,,,PENDING_AT_END
439.95,440.11267995888585,,,,PENDING_AT_END
440.29999999999995,440.5663352326659,,,,PENDING_AT_END
440.65,440.7410223955627,,,,PENDING_AT_END
441.0,441.0887456931649,,,,PENDING_AT_END
441.34999999999997,441.6050907094279,,,,PENDING_AT_END
441.7,441.8387834930815,,,,PENDING_AT_END
442.04999999999995,442.3980344109368,,,,PENDING_AT_END
442.4,442.7026982843239,,,,PENDING_AT_END
442.75,443.13238306533276,,,,PENDING_AT_END
443.09999999999997,443.38169315269073,,,,PENDING_AT_END
443.45,443.64213546288823,,,,PENDING_AT_END
443.79999999999995,443.9368492510638,,,,PENDING_AT_END
444.15,444.32011313192095,,,,PENDING_AT_END
444.5,444.5771511285127,,,,PENDING_AT_END
444.84999999999997,445.11014963128883,,,,PENDING_AT_END
445.2,445.54351135732,,,,PENDING_AT_END
445.54999999999995,445.890547787664,,,,PENDING_AT_END
445.9,446.08116644769814,,,,PENDING_AT_END
446.25,446.50772666845864,,,,PENDING_AT_END
446.59999999999997,446.90684137951297,,,,PENDING_AT_END
446.95,446.9723738677939,,,,PENDING_AT_END
447.29999999999995,447.4322366631417,,,,PENDING_AT_END
447.65,447.7858627543769,,,,PENDING_AT_END
448.0,448.14258114607844,,,,PENDING_AT_END
448.34999999999997,448.5836045010978,,,,PENDING_AT_END
448.7,448.7873296054033,,,,PENDING_AT_END
449.04999999999995,449.42660732008756,,,,PENDING_AT_END
449.4,449.71037965256653,,,,PENDING_AT_END
449.74999999999994,449.8382505439086,,,,PENDING_AT_END
450.09999999999997,450.3544113447344,,,,PENDING_AT_END
450.45,450.77996566929386,,,,PENDING_AT_END
450.79999999999995,450.8680861102066,,,,PENDING_AT_END
451.15,451.2877563709492,,,,PENDING_AT_END
451.49999999999994,451.8697871113124,,,,PENDING_AT_END
451.84999999999997,452.02926488793725,,,,PENDING_AT_END
452.2,452.56463990516255,,,,PENDING_AT_END
452.54999999999995,452.6748689851438,,,,PENDING_AT_END
452.9,452.96528680261565,,,,PENDING_AT_END
453.24999999999994,453.3518294991307,,,,PENDING_AT_END
453.59999999999997,453.9053208730424,,,,PENDING_AT_END
453.95,454.3383834485781,,,,PENDING_AT_END
454.29999999999995,454.4324269513553,,,,PENDING_AT_END
454.65,454.78510046091776,,,,PENDING_AT_END
454.99999999999994,455.36329672160906,,,,PENDING_AT_END
455.34999999999997,455.5584830242503,,,,PENDING_AT_END
455.7,455.99057810541916,,,,PENDING_AT_END
456.04999999999995,456.3301431586859,,,,PENDING_AT_END
456.4,456.4891726880702,,,,PENDING_AT_END
456.74999999999994,456.9815389060847,,,,PENDING_AT_END
457.09999999999997,457.27994726566186,,,,PENDING_AT_END
457.45,457.81620109672264,,,,PENDING_AT_END
457.79999999999995,457.98326134577167,,,,PENDING_AT_END
458.15,458.1654710063135,,,,PENDING_AT_END
458.49999999999994,458.54170447022904,,,,PENDING_AT_END
458.84999999999997,459.0162276163002,,,,PENDING_AT_END
459.2,459.58842639493315,,,,PENDING_AT_END
459.54999999999995,459.7649748112374,,,,PENDING_AT_END
459.9,460.2817361386691,,,,PENDING_AT_END
460.24999999999994,460.39387404557675,,,,PENDING_AT_END
460.59999999999997,460.8335125250259,,,,PENDING_AT_END
460.95,461.2050527238379,,,,PENDING_AT_END
461.29999999999995,461.6456907549068,,,,PENDING_AT_END
461.65,461.80989236494736,,,,PENDING_AT_END
461.99999999999994,462.2579693867571,,,,PENDING_AT_END
462.34999999999997,462.44313866951353,,,,PENDING_AT_END
462.7,462.85638966811126,,,,PENDING_AT_END
463.04999999999995,463.3647083222463,,,,PENDING_AT_END
463.4,463.7495014171102,,,,PENDING_AT_END
463.74999999999994,463.9020454544088,,,,PENDING_AT_END
464.09999999999997,464.10406368165314,,,,PENDING_AT_END
464.45,464.8355638443391,,,,PENDING_AT_END
464.79999999999995,464.9114149913636,,,,PENDING_AT_END
465.15,465.4184812811834,,,,PENDING_AT_END
465.49999999999994,465.85911074359575,,,,PENDING_AT_END
465.84999999999997,466.1484511604045,,,,PENDING_AT_END
466.2,466.3724937275036,,,,PENDING_AT_END
466.54999999999995,466.84844433435273,,,,PENDING_AT_END
466.9,466.98289163764537,,,,PENDING_AT_END
467.24999999999994,467.5346701984951,,,,PENDING_AT_END
467.59999999999997,467.8494398708586,,,,PENDING_AT_END
467.95,467.9782212435152,,,,PENDING_AT_END
468.29999999999995,468.5759134565682,,,,PENDING_AT_END
468.65,468.76336939199075,,,,PENDING_AT_END
468.99999999999994,469.2409150640079,,,,PENDING_AT_END
469.34999999999997,469.4908997104605,,,,PENDING_AT_END
469.7,469.88609797930127,,,,PENDING_AT_END
470.04999999999995,470.325788713806,,,,PENDING_AT_END
470.4,470.411602968009,,,,PENDING_AT_END
470.74999999999994,471.01369418456846,,,,PENDING_AT_END
471.09999999999997,471.2692962464427,,,,PENDING_AT_END
471.45,471.5146723545765,,,,PENDING_AT_END
471.79999999999995,472.0709560829846,,,,PENDING_AT_END
472.15,472.2547081558108,,,,PENDING_AT_END
472.49999999999994,472.62511429662305,,,,PENDING_AT_END
472.84999999999997,473.18612209735164,,,,PENDING_AT_END
473.2,473.47099566710546,,,,PENDING_AT_END
473.54999999999995,473.6616189687219,,,,PENDING_AT_END
473.9,473.96386394626415,,,,PENDING_AT_END
474.24999999999994,474.3598347635023,,,,PENDING_AT_END
474.59999999999997,474.79527588013576,,,,PENDING_AT_END
474.95,474.9596117783671,,,,PENDING_AT_END
475.29999999999995,475.52206342695547,,,,PENDING_AT_END
475.65,475.7792123800705,,,,PENDING_AT_END
475.99999999999994,476.0236627581273,,,,PENDING_AT_END
476.34999999999997,476.4015094099761,,,,PENDING_AT_END
476.7,476.9873643220878,,,,PENDING_AT_END
477.04999999999995,477.1401555712803,,,,PENDING_AT_END
477.4,477.78208608104273,,,,PENDING_AT_END
477.74999999999994,477.98036825213325,,,,PENDING_AT_END
478.09999999999997,478.1115743419343,,,,PENDING_AT_END
478.45,478.49693130028646,,,,PENDING_AT_END
478.79999999999995,479.08853626830967,,,,PENDING_AT_END
479.15,479.35182181745404,,,,PENDING_AT_END
479.49999999999994,479.53644696434475,,,,PENDING_AT_END
479.84999999999997,480.15368271880124,,,,PENDING_AT_END
480.2,480.25751229984854,,,,PENDING_AT_END
480.54999999999995,480.6395382590524,,,,PENDING_AT_END
480.9,481.0423414839038,,,,PENDING_AT_END
481.24999999999994,481.46988951451937,,,,PENDING_AT_END
481.59999999999997,481.62133641636507,,,,PENDING_AT_END
481.95,482.3064370092381,,,,PENDING_AT_END
482.29999999999995,482.51924576990325,,,,PENDING_AT_END
482.65,483.0492846342197,,,,PENDING_AT_END
482.99999999999994,483.0152763710642,,,,PENDING_AT_END
483.34999999999997,483.6194634199646,,,,PENDING_AT_END
483.7,484.07865830396696,,,,PENDING_AT_END
484.04999999999995,484.196390127595,,,,PENDING_AT_END
484.4,484.48738386692617,,,,PENDING_AT_END
484.74999999999994,484.9328137167698,,,,PENDING_AT_END
485.09999999999997,485.43508207740814,,,,PENDING_AT_END
485.45,485.52909086443805,,,,PENDING_AT_END
485.79999999999995,485.9614800735068,,,,PENDING_AT_END
486.15,486.1584703359881,,,,PENDING_AT_END
486.49999999999994,486.7543551792381,,,,PENDING_AT_END
486.84999999999997,487.0299407139152,,,,PENDING_AT_END
487.2,487.2662803098902,,,,PENDING_AT_END
487.54999999999995,487.85677863794797,,,,PENDING_AT_END
487.9,487.92835110425347,,,,PENDING_AT_END
488.24999999999994,488.3775080529629,,,,PENDING_AT_END
488.59999999999997,488.7523886423284,,,,PENDING_AT_END
488.95,489.1932611746534,,,,PENDING_AT_END
489.29999999999995,489.5640200991064,,,,PENDING_AT_END
489.65,489.79723635453786,,,,PENDING_AT_END
489.99999999999994,490.27873503540906,,,,PENDING_AT_END
490.34999999999997,490.5825464179151,,,,PENDING_AT_END
490.7,491.0591895767921,,,,PENDING_AT_END
491.04999999999995,491.1913812904379,,,,PENDING_AT_END
491.4,491.5978549669403,,,,PENDING_AT_END
491.74999999999994,491.9773383866049,,,,PENDING_AT_END
492.09999999999997,492.3446421640219,,,,PENDING_AT_END
492.45,492.5983414232024,,,,PENDING_AT_END
492.79999999999995,492.94713782079634,,,,PENDING_AT_END
493.15,493.50641292137686,,,,PENDING_AT_END
493.49999999999994,493.62968405752343,,,,PENDING_AT_END
493.84999999999997,494.10941531431666,,,,PENDING_AT_END
494.2,494.4753315735733,,,,PENDING_AT_END
494.54999999999995,494.70468907694215,,,,PENDING_AT_END
494.9,495.12525800678156,,,,PENDING_AT_END
495.24999999999994,495.5026165040819,,,,PENDING_AT_END
495.59999999999997,495.7772441778025,,,,PENDING_AT_END
495.95,496.07014500055897,,,,PENDING_AT_END
496.29999999999995,496.44581994973214,,,,PENDING_AT_END
496.65,497.00603664504604,,,,PENDING_AT_END
496.99999999999994,497.335936410088,,,,PENDING_AT_END
497.34999999999997,497.7090282412598,,,,PENDING_AT_END
497.7,497.92366030879094,,,,PENDING_AT_END
498.04999999999995,498.2997062514572,,,,PENDING_AT_END
498.4,498.7768238996281,,,,PENDING_AT_END
498.74999999999994,499.02587152216705,,,,PENDING_AT_END
499.09999999999997,499.15239258330774,,,,PENDING_AT_END
499.45,499.791296144315,,,,PENDING_AT_END
499.79999999999995,500.1587538342683,,,,PENDING_AT_END
500.15,500.20736487152874,,,,PENDING_AT_END
500.49999999999994,500.87321143168714,,,,PENDING_AT_END
500.84999999999997,501.22696168557735,,,,PENDING_AT_END
501.2,501.5576880296133,,,,PENDING_AT_END
501.54999999999995,501.85945604899405,,,,PENDING_AT_END
501.9,502.1580950915113,,,,PENDING_AT_END
502.24999999999994,502.45024946678876,,,,PENDING_AT_END
502.59999999999997,502.90993681478295,,,,PENDING_AT_END
502.95,502.979722363932,,,,PENDING_AT_END
503.29999999999995,503.56004453394803,,,,PENDING_AT_END
503.65,503.68851227722666,,,,PENDING_AT_END
503.99999999999994,504.02684043231676,,,,PENDING_AT_END
504.34999999999997,504.60166093620586,,,,PENDING_AT_END
504.7,504.7739896151201,,,,PENDING_AT_END
505.04999999999995,505.1697477663523,,,,PENDING_AT_END
505.4,505.7630710314937,,,,PENDING_AT_END
505.74999999999994,505.94657041220484,,,,PENDING_AT_END
506.09999999999997,506.3842130163188,,,,PENDING_AT_END
506.45,506.57786777659936,,,,PENDING_AT_END
506.79999999999995,506.8240168953056,,,,PENDING_AT_END
507.15,507.2318037928353,,,,PENDING_AT_END
507.49999999999994,507.8157967949117,,,,PENDING_AT_END
507.84999999999997,508.1159244273171,,,,PENDING_AT_END
508.2,508.3894337136467,,,,PENDING_AT_END
508.54999999999995,508.7042869173438,,,,PENDING_AT_END
508.9,509.1491844650558,,,,PENDING_AT_END
509.24999999999994,509.35483082670925,,,,PENDING_AT_END
509.59999999999997,509.6809924752286,,,,PENDING_AT_END
509.95,510.155156349333,,,,PENDING_AT_END
510.29999999999995,510.60984407826334,,,,PENDING_AT_END
510.65,510.7065986195212,,,,PENDING_AT_END
510.99999999999994,511.3804285676976,,,,PENDING_AT_END
511.34999999999997,511.425421139069,,,,PENDING_AT_END
511.7,511.99151272583714,,,,PENDING_AT_END
512.05,512.3232807989664,,,,PENDING_AT_END
512.4,512.4967889552482,,,,PENDING_AT_END
512.75,513.0393981752909,,,,PENDING_AT_END
513.1,513.136624767738,,,,PENDING_AT_END
513.4499999999999,513.5174125395353,,,,PENDING_AT_END
513.8,514.1968065747158,,,,PENDING_AT_END
514.15,514.5012213319279,,,,PENDING_AT_END
514.5,514.6142923534203,,,,PENDING_AT_END
514.85,515.1447138449615,,,,PENDING_AT_END
515.1999999999999,515.2691490041694,,,,PENDING_AT_END
515.55,515.6301100075204,,,,PENDING_AT_END
515.9,516.2091614855423,,,,PENDING_AT_END
516.25,516.3434206345366,,,,PENDING_AT_END
516.6,516.8575942988263,,,,PENDING_AT_END
516.9499999999999,517.2677195483028,,,,PENDING_AT_END
517.3,517.3088207977291,,,,PENDING_AT_END
517.65,517.7502057972259,,,,PENDING_AT_END
518.0,518.0704109752096,,,,PENDING_AT_END
518.35,518.636619797613,,,,PENDING_AT_END
518.6999999999999,519.0290962742318,,,,PENDING_AT_END
519.05,519.4104712934457,,,,PENDING_AT_END
519.4,519.5446789643717,,,,PENDING_AT_END
519.75,520.082181238115,,,,PENDING_AT_END
520.1,520.1659063916014,,,,PENDING_AT_END
520.4499999999999,520.6412780808558,,,,PENDING_AT_END
520.8,520.9267937975615,,,,PENDING_AT_END
521.15,521.3772732378874,,,,PENDING_AT_END
521.5,521.7829608202783,,,,PENDING_AT_END
521.85,521.9629252491148,,,,PENDING_AT_END
522.1999999999999,522.5269197776271,,,,PENDING_AT_END
522.55,522.7931128558907,,,,PENDING_AT_END
522.9,523.0011522623555,,,,PENDING_AT_END
523.25,523.3045181894317,,,,PENDING_AT_END
523.6,523.9643587668401,,,,PENDING_AT_END
523.9499999999999,524.0446667310722,,,,PENDING_AT_END
524.3,524.3615453103928,,,,PENDING_AT_END
524.65,524.7709946972328,,,,PENDING_AT_END
525.0,525.0032644304226,,,,PENDING_AT_END
525.35,525.5714752671123,,,,PENDING_AT_END
525.6999999999999,525.9377373846977,,,,PENDING_AT_END
526.05,526.4319247334197,,,,PENDING_AT_END
526.4,526.7126913938338,,,,PENDING_AT_END
526.75,526.831578543186,,,,PENDING_AT_END
527.1,527.2210418306023,,,,PENDING_AT_END
527.4499999999999,527.8352930537754,,,,PENDING_AT_END
527.8,528.1909576571977,,,,PENDING_AT_END
528.15,528.2547944480212,,,,PENDING_AT_END
528.5,528.7009358039797,,,,PENDING_AT_END
528.85,528.996755905369,,,,PENDING_AT_END
529.1999999999999,529.2274629420104,,,,PENDING_AT_END
529.55,529.6357356297995,,,,PENDING_AT_END
529.9,530.2068548461367,,,,PENDING_AT_END
530.25,530.499365098573,,,,PENDING_AT_END
530.6,530.8767618154762,,,,PENDING_AT_END
530.9499999999999,531.3069975121667,,,,PENDING_AT_END
531.3,531.4710075871553,,,,PENDING_AT_END
531.65,531.8164042952275,,,,PENDING_AT_END
532.0,532.0742557957576,,,,PENDING_AT_END
532.35,532.4456866511415,,,,PENDING_AT_END
532.6999999999999,533.0277546260608,,,,PENDING_AT_END
533.05,533.0963898145199,,,,PENDING_AT_END
533.4,533.4465988998137,,,,PENDING_AT_END
533.75,533.7603679650226,,,,PENDING_AT_END
534.1,534.1661696959117,,,,PENDING_AT_END
534.4499999999999,534.4845249589765,,,,PENDING_AT_END
534.8,535.0783222010962,,,,PENDING_AT_END
535.15,535.2315265193655,,,,PENDING_AT_END
535.5,535.5334332018911,,,,PENDING_AT_END
535.85,535.9395153285249,,,,PENDING_AT_END
536.1999999999999,536.2369067737162,,,,PENDING_AT_END
536.55,536.7868252094368,,,,PENDING_AT_END
536.9,537.0221261518017,,,,PENDING_AT_END
537.25,537.2637479250513,,,,PENDING_AT_END
537.5999999999999,537.8472276256252,,,,PENDING_AT_END
537.9499999999999,538.3303151923486,,,,PENDING_AT_END
538.3,538.3202957169892,,,,PENDING_AT_END
538.65,538.8680142898701,,,,PENDING_AT_END
539.0,539.2113167217715,,,,PENDING_AT_END
539.3499999999999,539.3780942755293,,,,PENDING_AT_END
539.6999999999999,539.8519384583157,,,,PENDING_AT_END
540.05,540.2148674318255,,,,PENDING_AT_END
540.4,540.7238278012288,,,,PENDING_AT_END
540.75,540.8131133144743,,,,PENDING_AT_END
541.0999999999999,541.1468068862691,,,,PENDING_AT_END
541.4499999999999,541.678911653482,,,,PENDING_AT_END
541.8,542.0704401540031,,,,PENDING_AT_END
542.15,542.4975438493194,,,,PENDING_AT_END
542.5,542.5144401386772,,,,PENDING_AT_END
542.8499999999999,542.9116319151822,,,,PENDING_AT_END
543.1999999999999,543.468280459097,,,,PENDING_AT_END
543.55,543.6268773088482,,,,PENDING_AT_END
543.9,544.0570220350152,,,,PENDING_AT_END
544.25,544.4746351531955,,,,PENDING_AT_END
544.5999999999999,544.9266562780624,,,,PENDING_AT_END
544.9499999999999,545.0327588531198,,,,PENDING_AT_END
545.3,545.47690746474,,,,PENDING_AT_END
545.65,545.710641787152,,,,PENDING_AT_END
546.0,546.3041501356097,,,,PENDING_AT_END
546.3499999999999,546.7024006124216,,,,PENDING_AT_END
546.6999999999999,546.9504141223391,,,,PENDING_AT_END
547.05,547.2456224413329,,,,PENDING_AT_END
547.4,547.7966804841172,,,,PENDING_AT_END
547.75,548.1395196942262,,,,PENDING_AT_END
548.0999999999999,548.3846099283694,,,,PENDING_AT_END
548.4499999999999,548.7283090382531,,,,PENDING_AT_END
548.8,548.8276818839051,,,,PENDING_AT_END
549.15,549.3437012496146,,,,PENDING_AT_END
549.5,549.5045380737133,,,,PENDING_AT_END
549.8499999999999,550.1120778537322,,,,PENDING_AT_END
550.1999999999999,550.4763126747245,,,,PENDING_AT_END
550.55,550.910765217433,,,,PENDING_AT_END
550.9,550.9368966866087,,,,PENDING_AT_END
551.25,551.2960606005427,,,,PENDING_AT_END
551.5999999999999,551.8024710589443,,,,PENDING_AT_END
551.9499999999999,552.2550914570066,,,,PENDING_AT_END
552.3,552.4162248821133,,,,PENDING_AT_END
552.65,552.7784237766658,,,,PENDING_AT_END
553.0,553.3467231095735,,,,PENDING_AT_END
553.3499999999999,553.3948058046078,,,,PENDING_AT_END
553.6999999999999,553.9888707852541,,,,PENDING_AT_END
554.05,554.3626886223522,,,,PENDING_AT_END
554.4,554.4091705017191,,,,PENDING_AT_END
554.75,555.104941680986,,,,PENDING_AT_END
555.0999999999999,555.199606157161,,,,PENDING_AT_END
555.4499999999999,555.8310741567581,,,,PENDING_AT_END
555.8,555.9053986507429,,,,PENDING_AT_END
556.15,556.2971519363815,,,,PENDING_AT_END
556.5,556.5111263780539,,,,PENDING_AT_END
556.8499999999999,557.0472370924847,,,,PENDING_AT_END
557.1999999999999,557.3024407175016,,,,PENDING_AT_END
557.55,557.7576954527935,,,,PENDING_AT_END
557.9,558.2079786967957,,,,PENDING_AT_END
558.25,558.38797695058,,,,PENDING_AT_END
558.5999999999999,558.9305505356656,,,,PENDING_AT_END
558.9499999999999,559.1483725948743,,,,PENDING_AT_END
559.3,559.4387009762261,,,,PENDING_AT_END
559.65,559.9313422922895,,,,PENDING_AT_END
560.0,560.1432423851118,,,,PENDING_AT_END
560.3499999999999,560.6938653309733,,,,PENDING_AT_END
560.6999999999999,560.8836921159983,,,,PENDING_AT_END
561.05,561.1404374601698,,,,PENDING_AT_END
561.4,561.7302038323204,,,,PENDING_AT_END
561.75,562.0523610554528,,,,PENDING_AT_END
562.0999999999999,562.1835870269467,,,,PENDING_AT_END
562.4499999999999,562.6077495754542,,,,PENDING_AT_END
562.8,563.1340992247933,,,,PENDING_AT_END
563.15,563.4148548081442,,,,PENDING_AT_END
563.5,563.8838724095895,,,,PENDING_AT_END
563.8499999999999,564.0515314034465,,,,PENDING_AT_END
564.1999999999999,564.2307317289495,,,,PENDING_AT_END
564.55,564.8109292178524,,,,PENDING_AT_END
564.9,565.2411105712409,,,,PENDING_AT_END
565.25,565.5477412729758,,,,PENDING_AT_END
565.5999999999999,565.9076692344393,,,,PENDING_AT_END
565.9499999999999,566.076182898195,,,,PENDING_AT_END
566.3,566.6555251320899,,,,PENDING_AT_END
566.65,566.9520172519668,,,,PENDING_AT_END
567.0,567.3906214977708,,,,PENDING_AT_END
567.3499999999999,567.7384177804915,,,,PENDING_AT_END
567.6999999999999,568.0816425418494,,,,PENDING_AT_END
568.05,568.3538768615033,,,,PENDING_AT_END
568.4,568.6293324458958,,,,PENDING_AT_END
568.75,568.9016462798706,,,,PENDING_AT_END
569.0999999999999,569.4085944539479,,,,PENDING_AT_END
569.4499999999999,569.474170781447,,,,PENDING_AT_END
569.8,569.959574952333,,,,PENDING_AT_END
570.15,570.3346626401625,,,,PENDING_AT_END
570.5,570.5054657082121,,,,PENDING_AT_END
570.8499999999999,571.0875231909974,,,,PENDING_AT_END
571.1999999999999,571.3123741638736,,,,PENDING_AT_END
571.55,571.9155989485896,,,,PENDING_AT_END
571.9,572.2450649733463,,,,PENDING_AT_END
572.25,572.637139226189,,,,PENDING_AT_END
572.5999999999999,572.7588852455806,,,,PENDING_AT_END
572.9499999999999,573.1918384201691,,,,PENDING_AT_END
573.3,573.644518729197,,,,PENDING_AT_END
573.65,573.704769927224,,,,PENDING_AT_END
574.0,574.3063471712107,,,,PENDING_AT_END
574.3499999999999,574.4372800162137,,,,PENDING_AT_END
574.6999999999999,574.8844850094891,,,,PENDING_AT_END
575.05,575.0617112710868,,,,PENDING_AT_END
575.4,575.443237980432,,,,PENDING_AT_END
575.75,576.0224748978565,,,,PENDING_AT_END
576.0999999999999,576.3091659808717,,,,PENDING_AT_END
576.4499999999999,576.4535610103052,,,,PENDING_AT_END
576.8,576.8105712043644,,,,PENDING_AT_END
577.15,577.3481909658511,,,,PENDING_AT_END
577.5,577.8652285995058,,,,PENDING_AT_END
577.8499999999999,577.9597393055437,,,,PENDING_AT_END
578.1999999999999,578.21942246723,,,,PENDING_AT_END
578.55,578.7183424776729,,,,PENDING_AT_END
578.9,578.9998588686664,,,,PENDING_AT_END
579.25,579.3364810565063,,,,PENDING_AT_END
579.5999999999999,579.6861970300804,,,,PENDING_AT_END
579.9499999999999,579.9622483217689,,,,PENDING_AT_END
580.3,580.601054464001,,,,PENDING_AT_END
580.65,580.7850580957221,,,,PENDING_AT_END
581.0,581.2138067000458,,,,PENDING_AT_END
581.3499999999999,581.5463680484686,,,,PENDING_AT_END
581.6999999999999,581.8141256656696,,,,PENDING_AT_END
582.05,582.3283378915241,,,,PENDING_AT_END
582.4,582.677395813245,,,,PENDING_AT_END
582.75,582.9708237653754,,,,PENDING_AT_END
583.0999999999999,583.3492204900838,,,,PENDING_AT_END
583.4499999999999,583.710436249289,,,,PENDING_AT_END
583.8,583.897362331951,,,,PENDING_AT_END
584.15,584.2840215075008,,,,PENDING_AT_END
584.5,584.7928833663618,,,,PENDING_AT_END
584.8499999999999,585.1862918423942,,,,PENDING_AT_END
585.1999999999999,585.3971550023153,,,,PENDING_AT_END
585.55,585.6068562553066,,,,PENDING_AT_END
585.9,586.2403672036211,,,,PENDING_AT_END
586.25,586.3800089982549,,,,PENDING_AT_END
586.5999999999999,586.8166957105352,,,,PENDING_AT_END
586.9499999999999,587.2269809280077,,,,PENDING_AT_END
587.3,587.5743586968595,,,,PENDING_AT_END
587.65,587.870163851814,,,,PENDING_AT_END
588.0,588.1350660048208,,,,PENDING_AT_END
588.3499999999999,588.4597390662314,,,,PENDING_AT_END
588.6999999999999,588.8265459895102,,,,PENDING_AT_END
589.05,589.398106709458,,,,PENDING_AT_END
589.4,589.4846291769153,,,,PENDING_AT_END
589.75,590.0577183875869,,,,PENDING_AT_END
590.0999999999999,590.4576661514523,,,,PENDING_AT_END
590.4499999999999,590.8319261414432,,,,PENDING_AT_END
590.8,591.112689200115,,,,PENDING_AT_END
591.15,591.5355421072685,,,,PENDING_AT_END
591.5,591.8677351633037,,,,PENDING_AT_END
591.8499999999999,592.0577520962415,,,,PENDING_AT_END
592.1999999999999,592.2660372667857,,,,PENDING_AT_END
592.55,592.8503964043712,,,,PENDING_AT_END
592.9,593.0713462218511,,,,PENDING_AT_END
593.25,593.4670643912577,,,,PENDING_AT_END
593.5999999999999,593.9635502612775,,,,PENDING_AT_END
593.9499999999999,594.1691216519786,,,,PENDING_AT_END
594.3,594.4956156259639,,,,PENDING_AT_END
594.65,594.80855170452,,,,PENDING_AT_END
595.0,595.2250369156634,,,,PENDING_AT_END
595.3499999999999,595.6039623594061,,,,PENDING_AT_END
595.6999999999999,595.7581480561281,,,,PENDING_AT_END
596.05,596.1462082491275,,,,PENDING_AT_END
596.4,596.4067975849883,,,,PENDING_AT_END
596.75,596.853239046618,,,,PENDING_AT_END
597.0999999999999,597.1941542667482,,,,PENDING_AT_END
597.4499999999999,597.5521344644993,,,,PENDING_AT_END
597.8,597.9456368908848,,,,PENDING_AT_END
598.15,598.2744803738991,,,,PENDING_AT_END
598.5,598.6684366521197,,,,PENDING_AT_END
598.8499999999999,599.1698253073496,,,,PENDING_AT_END
599.1999999999999,599.406904263588,,,,PENDING_AT_END
599.55,599.8452217086542,,,,PENDING_AT_END
599.9,600.2774920603982,,,,PENDING_AT_END
600.25,600.3562995794364,,,,PENDING_AT_END
600.5999999999999,600.7571579314197,,,,PENDING_AT_END
600.9499999999999,601.146437513133,,,,PENDING_AT_END
601.3,601.3353346113272,,,,PENDING_AT_END
601.65,601.66543645084,,,,PENDING_AT_END
602.0,602.0911939802934,,,,PENDING_AT_END
602.3499999999999,602.5329473743823,,,,PENDING_AT_END
602.6999999999999,602.8380828764745,,,,PENDING_AT_END
603.05,603.1174627827854,,,,PENDING_AT_END
603.4,603.5769059880996,,,,PENDING_AT_END
603.75,603.9098543406644,,,,PENDING_AT_END
604.0999999999999,604.1487313099508,,,,PENDING_AT_END
604.4499999999999,604.5933401003878,,,,PENDING_AT_END
604.8,604.9207638621474,,,,PENDING_AT_END
605.15,605.3551483991845,,,,PENDING_AT_END
605.5,605.5443632565418,,,,PENDING_AT_END
605.8499999999999,606.1605011351983,,,,PENDING_AT_END
606.1999999999999,606.3012245231845,,,,PENDING_AT_END
606.55,606.581788466483,,,,PENDING_AT_END
606.9,607.0757649516412,,,,PENDING_AT_END
607.25,607.4676200512431,,,,PENDING_AT_END
607.5999999999999,607.882693446611,,,,PENDING_AT_END
607.9499999999999,608.2345357096616,,,,PENDING_AT_END
608.3,608.5812190186359,,,,PENDING_AT_END
608.65,609.0066529872073,,,,PENDING_AT_END
609.0,609.0290766638936,,,,PENDING_AT_END
609.3499999999999,609.5656059753335,,,,PENDING_AT_END
609.6999999999999,609.7473050984798,,,,PENDING_AT_END
610.05,610.1727662932476,,,,PENDING_AT_END
610.4,610.7669731677503,,,,PENDING_AT_END
610.75,611.0938990628667,,,,PENDING_AT_END
611.0999999999999,611.4509802561254,,,,PENDING_AT_END
611.4499999999999,611.4804512026586,,,,PENDING_AT_END
611.8,612.0065588104951,,,,PENDING_AT_END
612.15,612.2165543687335,,,,PENDING_AT_END
612.5,612.7994062922846,,,,PENDING_AT_END
612.8499999999999,612.8588541113813,,,,PENDING_AT_END
613.1999999999999,613.3331390182426,,,,PENDING_AT_END
613.55,613.6859140715278,,,,PENDING_AT_END
613.9,614.1522370227266,,,,PENDING_AT_END
614.25,614.4016335367303,,,,PENDING_AT_END
614.5999999999999,614.740253662794,,,,PENDING_AT_END
614.9499999999999,615.0532817488175,,,,PENDING_AT_END
615.3,615.5966073971933,,,,PENDING_AT_END
615.65,615.8503104924254,,,,PENDING_AT_END
616.0,616.0987194340819,,,,PENDING_AT_END
616.3499999999999,616.552622871855,,,,PENDING_AT_END
616.6999999999999,616.8021951881793,,,,PENDING_AT_END
617.05,617.3897174207659,,,,PENDING_AT_END
617.4,617.7115391283361,,,,PENDING_AT_END
617.75,618.0882502972831,,,,PENDING_AT_END
618.0999999999999,618.1925896421069,,,,PENDING_AT_END
618.4499999999999,618.6308308097406,,,,PENDING_AT_END
618.8,619.1954554535953,,,,PENDING_AT_END
619.15,619.4727819115736,,,,PENDING_AT_END
619.5,619.5793618389669,,,,PENDING_AT_END
619.8499999999999,620.200914003847,,,,PENDING_AT_END
620.1999999999999,620.4706634171984,,,,PENDING_AT_END
620.55,620.802753337282,,,,PENDING_AT_END
620.9,621.0259043582702,,,,PENDING_AT_END
621.25,621.6467519740402,,,,PENDING_AT_END
621.5999999999999,621.9390398370224,,,,PENDING_AT_END
621.9499999999999,622.0916689266995,,,,PENDING_AT_END
622.3,622.4641085707781,,,,PENDING_AT_END
622.65,622.8195965410133,,,,PENDING_AT_END
623.0,623.0035466826882,,,,PENDING_AT_END
623.3499999999999,623.7469904899804,,,,PENDING_AT_END
623.6999999999999,624.0404907288736,,,,PENDING_AT_END
624.05,624.0870863336354,,,,PENDING_AT_END
624.4,624.782112420838,,,,PENDING_AT_END
624.75,625.007411536513,,,,PENDING_AT_END
625.0999999999999,625.1550667260651,,,,PENDING_AT_END
625.4499999999999,625.6486172132951,,,,PENDING_AT_END
625.8,625.8599343268766,,,,PENDING_AT_END
626.15,626.2382185964842,,,,PENDING_AT_END
626.5,626.709063736726,,,,PENDING_AT_END
626.8499999999999,627.1699447232097,,,,PENDING_AT_END
627.1999999999999,627.3886306402297,,,,PENDING_AT_END
627.55,627.6568222662418,,,,PENDING_AT_END
627.9,627.9502830645157,,,,PENDING_AT_END
628.25,628.2895938654292,,,,PENDING_AT_END
628.5999999999999,628.9428962222539,,,,PENDING_AT_END
628.9499999999999,629.3363621317325,,,,PENDING_AT_END
629.3,629.4780082993022,,,,PENDING_AT_END
629.65,629.9989147478428,,,,PENDING_AT_END
630.0,630.0830637496429,,,,PENDING_AT_END
630.3499999999999,630.6691370085787,,,,PENDING_AT_END
630.6999999999999,630.7927016214581,,,,PENDING_AT_END
631.05,631.1970602025333,,,,PENDING_AT_END
631.4,631.7144414242349,,,,PENDING_AT_END
631.75,631.7721419183681,,,,PENDING_AT_END
632.0999999999999,632.3323719213151,,,,PENDING_AT_END
632.4499999999999,632.7850928386425,,,,PENDING_AT_END
632.8,633.0523923589319,,,,PENDING_AT_END
633.15,633.1585904299612,,,,PENDING_AT_END
633.5,633.815997381763,,,,PENDING_AT_END
633.8499999999999,633.927471477564,,,,PENDING_AT_END
634.1999999999999,634.211750664654,,,,PENDING_AT_END
634.55,634.8364543873206,,,,PENDING_AT_END
634.9,635.129434693113,,,,PENDING_AT_END
635.25,635.4125550141423,,,,PENDING_AT_END
635.5999999999999,635.9674886611308,,,,PENDING_AT_END
635.9499999999999,636.0942845345531,,,,PENDING_AT_END
636.3,636.5174383166834,,,,PENDING_AT_END
636.65,636.6778532749087,,,,PENDING_AT_END
637.0,637.1647453034029,,,,PENDING_AT_END
637.3499999999999,637.6272693597994,,,,PENDING_AT_END
637.6999999999999,637.8038486685042,,,,PENDING_AT_END
638.05,638.406635840993,,,,PENDING_AT_END
638.4,638.7094577310896,,,,PENDING_AT_END
638.75,638.7577042080181,,,,PENDING_AT_END
639.0999999999999,639.2100378120429,,,,PENDING_AT_END
639.4499999999999,639.6610760647903,,,,PENDING_AT_END
639.8,639.9007510321198,,,,PENDING_AT_END
640.15,640.2588040744926,,,,PENDING_AT_END
640.5,640.8486420385404,,,,PENDING_AT_END
640.8499999999999,641.2344831659609,,,,PENDING_AT_END
641.1999999999999,641.5251808031302,,,,PENDING_AT_END
641.55,641.5635704577433,,,,PENDING_AT_END
641.9,642.1764109415411,,,,PENDING_AT_END
642.25,642.3190882140709,,,,PENDING_AT_END
642.5999999999999,642.79480567255,,,,PENDING_AT_END
642.9499999999999,643.1781649897417,,,,PENDING_AT_END
643.3,643.5850112755918,,,,PENDING_AT_END
643.65,643.8805606494408,,,,PENDING_AT_END
644.0,644.3505091598922,,,,PENDING_AT_END
644.3499999999999,644.3996454337384,,,,PENDING_AT_END
644.6999999999999,645.0245204185879,,,,PENDING_AT_END
645.05,645.2875671146949,,,,PENDING_AT_END
645.4,645.5421597846004,,,,PENDING_AT_END
645.75,645.8640335309894,,,,PENDING_AT_END
646.0999999999999,646.3995386343811,,,,PENDING_AT_END
646.4499999999999,646.6210987078431,,,,PENDING_AT_END
646.8,646.9317212351968,,,,PENDING_AT_END
647.15,647.205275269852,,,,PENDING_AT_END
647.5,647.533817407432,,,,PENDING_AT_END
647.8499999999999,648.1467515014158,,,,PENDING_AT_END
648.1999999999999,648.4786797031044,,,,PENDING_AT_END
648.55,648.8870277753333,,,,PENDING_AT_END
648.9,649.1792655139244,,,,PENDING_AT_END
649.25,649.3914913530491,,,,PENDING_AT_END
649.5999999999999,649.7740492914033,,,,PENDING_AT_END
649.9499999999999,650.1398602644884,,,,PENDING_AT_END
650.3,650.3674224272384,,,,PENDING_AT_END
650.65,650.6531009643294,,,,PENDING_AT_END
651.0,651.0047923329837,,,,PENDING_AT_END
651.3499999999999,651.5159624098742,,,,PENDING_AT_END
651.6999999999999,652.0720873646213,,,,PENDING_AT_END
652.05,652.4055974513174,,,,PENDING_AT_END
652.4,652.7551730392303,,,,PENDING_AT_END
652.75,653.037379967762,,,,PENDING_AT_END
653.0999999999999,653.1267347593555,,,,PENDING_AT_END
653.4499999999999,653.8471300525867,,,,PENDING_AT_END
653.8,653.8818774678437,,,,PENDING_AT_END
654.15,654.2724131895928,,,,PENDING_AT_END
654.5,654.7319833179183,,,,PENDING_AT_END
654.8499999999999,655.1632623680964,,,,PENDING_AT_END
655.1999999999999,655.4788470678069,,,,PENDING_AT_END
655.55,655.6775696950706,,,,PENDING_AT_END
655.9,655.9736498333044,,,,PENDING_AT_END
656.25,656.3752178033417,,,,PENDING_AT_END
656.5999999999999,656.6470172071936,,,,PENDING_AT_END
656.9499999999999,657.1137197217689,,,,PENDING_AT_END
657.3,657.3851434336625,,,,PENDING_AT_END
657.65,657.741181185315,,,,PENDING_AT_END
658.0,658.0649224770741,,,,PENDING_AT_END
658.3499999999999,658.4613991585654,,,,PENDING_AT_END
658.6999999999999,658.9929131642413,,,,PENDING_AT_END
659.05,659.2924157693576,,,,PENDING_AT_END
659.4,659.6873727592559,,,,PENDING_AT_END
659.75,660.0247406242954,,,,PENDING_AT_END
660.0999999999999,660.3734064038165,,,,PENDING_AT_END
660.4499999999999,660.4684731574447,,,,PENDING_AT_END
660.8,660.8361989720015,,,,PENDING_AT_END
661.15,661.155103687838,,,,PENDING_AT_END
661.5,661.7224742769181,,,,PENDING_AT_END
661.8499999999999,662.2283772352439,,,,PENDING_AT_END
662.1999999999999,662.2501799782607,,,,PENDING_AT_END
662.55,662.8348411220995,,,,PENDING_AT_END
662.9,663.0135479379782,,,,PENDING_AT_END
663.25,663.5124452690418,,,,PENDING_AT_END
663.5999999999999,663.779388640538,,,,PENDING_AT_END
663.9499999999999,664.330815512165,,,,PENDING_AT_END
664.3,664.5950667790723,,,,PENDING_AT_END
664.65,664.7457630575924,,,,PENDING_AT_END
665.0,665.342573962422,,,,PENDING_AT_END
665.3499999999999,665.6995827138396,,,,PENDING_AT_END
665.6999999999999,666.0112743972137,,,,PENDING_AT_END
666.05,666.4259639876075,,,,PENDING_AT_END
666.4,666.5206942306739,,,,PENDING_AT_END
666.75,666.8627366634901,,,,PENDING_AT_END
667.0999999999999,667.3795403507977,,,,PENDING_AT_END
667.4499999999999,667.7912749328863,,,,PENDING_AT_END
667.8,667.8694920886323,,,,PENDING_AT_END
668.15,668.432245576057,,,,PENDING_AT_END
668.5,668.7548399235243,,,,PENDING_AT_END
668.8499999999999,669.2058189296733,,,,PENDING_AT_END
669.1999999999999,669.2980893710654,,,,PENDING_AT_END
669.55,669.8354532043654,,,,PENDING_AT_END
669.9,670.2095473591975,,,,PENDING_AT_END
670.25,670.5648701906098,,,,PENDING_AT_END
670.5999999999999,670.9547994190857,,,,PENDING_AT_END
670.9499999999999,671.3067750380688,,,,PENDING_AT_END
671.3,671.3807972807881,,,,PENDING_AT_END
671.65,671.735306976686,,,,PENDING_AT_END
672.0,672.067592792733,,,,PENDING_AT_END
672.3499999999999,672.5639500701716,,,,PENDING_AT_END
672.6999999999999,672.8887487820176,,,,PENDING_AT_END
673.05,673.1936800177677,,,,PENDING_AT_END
673.4,673.56215336519,,,,PENDING_AT_END
673.75,673.9467770802194,,,,PENDING_AT_END
674.0999999999999,674.4974185751521,,,,PENDING_AT_END
674.4499999999999,674.4998777438983,,,,PENDING_AT_END
674.8,674.8832474709995,,,,PENDING_AT_END
675.15,675.5173215900019,,,,PENDING_AT_END
675.5,675.6658224013008,,,,PENDING_AT_END
675.8499999999999,675.9802845906565,,,,PENDING_AT_END
676.1999999999999,676.3095675427829,,,,PENDING_AT_END
676.55,676.7325378774124,,,,PENDING_AT_END
676.9,677.1843901290666,,,,PENDING_AT_END
677.25,677.288342523062,,,,PENDING_AT_END
677.5999999999999,677.6331150422741,,,,PENDING_AT_END
677.9499999999999,678.1570610152493,,,,PENDING_AT_END
678.3,678.3519578602418,,,,PENDING_AT_END
678.65,678.9415039441852,,,,PENDING_AT_END
679.0,679.3938393624567,,,,PENDING_AT_END
679.3499999999999,679.684316735043,,,,PENDING_AT_END
679.6999999999999,680.0461218654749,,,,PENDING_AT_END
680.05,680.4340535654685,,,,PENDING_AT_END
680.4,680.7839143575355,,,,PENDING_AT_END
680.75,681.0200543102328,,,,PENDING_AT_END
681.0999999999999,681.3086962336015,,,,PENDING_AT_END
681.4499999999999,681.6878070213721,,,,PENDING_AT_END
681.8,681.8291937289605,,,,PENDING_AT_END
682.15,682.4386131552934,,,,PENDING_AT_END
682.5,682.5008116259803,,,,PENDING_AT_END
682.8499999999999,683.1410885381008,,,,PENDING_AT_END
683.1999999999999,683.2483284894107,,,,PENDING_AT_END
683.55,683.9455382001893,,,,PENDING_AT_END
683.9,683.9477041067959,,,,PENDING_AT_END
684.25,684.3702787069471,,,,PENDING_AT_END
684.5999999999999,684.7605315007502,,,,PENDING_AT_END
684.9499999999999,685.0518314402754,,,,PENDING_AT_END
685.3,685.5850255955745,,,,PENDING_AT_END
685.65,685.6826903550858,,,,PENDING_AT_END
686.0,686.0412284433824,,,,PENDING_AT_END
686.3499999999999,686.5830094333178,,,,PENDING_AT_END
686.6999999999999,686.9019349224601,,,,PENDING_AT_END
687.05,687.0741402559229,,,,PENDING_AT_END
687.4,687.630624945335,,,,PENDING_AT_END
687.75,687.8952963435656,,,,PENDING_AT_END
688.0999999999999,688.2213724767339,,,,PENDING_AT_END
688.4499999999999,688.7425817899924,,,,PENDING_AT_END
688.8,688.9207894619499,,,,PENDING_AT_END
689.15,689.517325068979,,,,PENDING_AT_END
689.5,689.5851542799462,,,,PENDING_AT_END
689.8499999999999,690.1426676804224,,,,PENDING_AT_END
690.1999999999999,690.5078471233561,,,,PENDING_AT_END
690.55,690.7564721164622,,,,PENDING_AT_END
690.9,691.1186480368912,,,,PENDING_AT_END
691.25,691.5106139056843,,,,PENDING_AT_END
691.5999999999999,691.7345927625001,,,,PENDING_AT_END
691.9499999999999,692.2341793155214,,,,PENDING_AT_END
692.3,692.3964701697141,,,,PENDING_AT_END
692.65,693.0499955437232,,,,PENDING_AT_END
693.0,693.2676421477879,,,,PENDING_AT_END
693.3499999999999,693.7381953218351,,,,PENDING_AT_END
693.6999999999999,693.9238271435341,,,,PENDING_AT_END
694.05,694.3855129449703,,,,PENDING_AT_END
694.4,694.6912036046255,,,,PENDING_AT_END
694.75,694.9333964765212,,,,PENDING_AT_END
695.0999999999999,695.1226024403236,,,,PENDING_AT_END
695.4499999999999,695.6741269933001,,,,PENDING_AT_END
695.8,696.1549424413472,,,,PENDING_AT_END
696.15,696.4030092064949,,,,PENDING_AT_END
696.5,696.6362547792264,,,,PENDING_AT_END
696.8499999999999,696.9190327475496,,,,PENDING_AT_END
697.1999999999999,697.5725685897313,,,,PENDING_AT_END
697.55,697.6127296509937,,,,PENDING_AT_END
697.9,698.2003857363753,,,,PENDING_AT_END
698.25,698.5408295147743,,,,PENDING_AT_END
698.5999999999999,698.8219708705792,,,,PENDING_AT_END
698.9499999999999,698.9623176978545,,,,PENDING_AT_END
699.3,699.6875648831231,,,,PENDING_AT_END
699.65,699.9519806747616,,,,PENDING_AT_END
700.0,700.1624715730043,,,,PENDING_AT_END
700.3499999999999,700.5787005006418,,,,PENDING_AT_END
700.6999999999999,700.9342223735463,,,,PENDING_AT_END
701.05,701.2958018881354,,,,PENDING_AT_END
701.4,701.6663376879866,,,,PENDING_AT_END
701.75,701.914773895526,,,,PENDING_AT_END
702.0999999999999,702.1078114782226,,,,PENDING_AT_END
702.4499999999999,702.6664570433805,,,,PENDING_AT_END
702.8,702.9442343113142,,,,PENDING_AT_END
703.15,703.4375697846518,,,,PENDING_AT_END
703.5,703.5813073740878,,,,PENDING_AT_END
703.8499999999999,704.2471003270596,,,,PENDING_AT_END
704.1999999999999,704.5315778987737,,,,PENDING_AT_END
704.55,704.8086348891181,,,,PENDING_AT_END
704.9,705.0444028421026,,,,PENDING_AT_END
705.25,705.2752709251936,,,,PENDING_AT_END
705.5999999999999,705.7229755443409,,,,PENDING_AT_END
705.9499999999999,706.2531922573604,,,,PENDING_AT_END
706.3,706.5674545899915,,,,PENDING_AT_END
706.65,706.7034388809653,,,,PENDING_AT_END
707.0,707.0433669411198,,,,PENDING_AT_END
707.3499999999999,707.6369116723572,,,,PENDING_AT_END
707.6999999999999,708.0316434264595,,,,PENDING_AT_END
708.05,708.125564764985,,,,PENDING_AT_END
708.4,708.7972096673997,,,,PENDING_AT_END
708.75,708.9389546215821,,,,PENDING_AT_END
709.0999999999999,709.4327866457611,,,,PENDING_AT_END
709.4499999999999,709.7497052925638,,,,PENDING_AT_END
709.8,710.1371123015399,,,,PENDING_AT_END
710.15,710.1584699912281,,,,PENDING_AT_END
710.5,710.5186572605692,,,,PENDING_AT_END
710.8499999999999,710.9483869358521,,,,PENDING_AT_END
711.1999999999999,711.4080748491784,,,,PENDING_AT_END
711.55,711.5743082956305,,,,PENDING_AT_END
711.9,712.1526054606203,,,,PENDING_AT_END
712.25,712.5507257006561,,,,PENDING_AT_END
712.5999999999999,712.7667659697504,,,,PENDING_AT_END
712.9499999999999,713.2354377141745,,,,PENDING_AT_END
713.3,713.6054854018528,,,,PENDING_AT_END
713.65,713.9505840504395,,,,PENDING_AT_END
714.0,714.3756881850363,,,,PENDING_AT_END
714.3499999999999,714.4399184917336,,,,PENDING_AT_END
714.6999999999999,714.714633782204,,,,PENDING_AT_END
715.05,715.3702193821687,,,,PENDING_AT_END
715.4,715.7177900783792,,,,PENDING_AT_END
715.75,716.0325204522464,,,,PENDING_AT_END
716.0999999999999,716.3282556055899,,,,PENDING_AT_END
716.4499999999999,716.8057207849328,,,,PENDING_AT_END
716.8,717.0059398568706,,,,PENDING_AT_END
717.15,717.2591849699753,,,,PENDING_AT_END
717.5,717.6085279631432,,,,PENDING_AT_END
717.8499999999999,717.9118202229511,,,,PENDING_AT_END
718.1999999999999,718.4780977537977,,,,PENDING_AT_END
718.55,718.7240776136271,,,,PENDING_AT_END
718.9,719.1890145400299,,,,PENDING_AT_END
719.25,719.4663299782285,,,,PENDING_AT_END
719.5999999999999,719.9460927439013,,,,PENDING_AT_END
719.9499999999999,720.3235478809003,,,,PENDING_AT_END
720.3,720.3704009640685,,,,PENDING_AT_END
720.65,720.8139383386005,,,,PENDING_AT_END
721.0,721.023706072129,,,,PENDING_AT_END
721.3499999999999,721.5399087780668,,,,PENDING_AT_END
721.6999999999999,721.8145588239228,,,,PENDING_AT_END
722.05,722.3953927942187,,,,PENDING_AT_END
722.4,722.7248296390186,,,,PENDING_AT_END
722.75,722.9079870352646,,,,PENDING_AT_END
723.0999999999999,723.2766567114984,,,,PENDING_AT_END
723.4499999999999,723.6208282007898,,,,PENDING_AT_END
723.8,723.9580668907179,,,,PENDING_AT_END
724.15,724.4207926937228,,,,PENDING_AT_END
724.5,724.5359249018829,,,,PENDING_AT_END
724.8499999999999,725.0892330989534,,,,PENDING_AT_END
725.1999999999999,725.2640638753836,,,,PENDING_AT_END
725.55,725.5911851479016,,,,PENDING_AT_END
725.9,726.2991742628395,,,,PENDING_AT_END
726.25,726.3585785075975,,,,PENDING_AT_END
726.5999999999999,726.7906516151945,,,,PENDING_AT_END
726.9499999999999,727.0900099903448,,,,PENDING_AT_END
727.3,727.6436418173296,,,,PENDING_AT_END
727.65,727.9725861252556,,,,PENDING_AT_END
728.0,728.0775323936562,,,,PENDING_AT_END
728.3499999999999,728.483537726893,,,,PENDING_AT_END
728.6999999999999,728.752950757011,,,,PENDING_AT_END
729.05,729.1096661807924,,,,PENDING_AT_END
729.4,729.4743610454722,,,,PENDING_AT_END
729.75,730.1399874334918,,,,PENDING_AT_END
730.0999999999999,730.2588807660682,,,,PENDING_AT_END
730.4499999999999,730.8466781615515,,,,PENDING_AT_END
730.8,730.8903072358917,,,,PENDING_AT_END
731.15,731.2366826567799,,,,PENDING_AT_END
731.5,731.8380626670814,,,,PENDING_AT_END
731.8499999999999,732.0055760075547,,,,PENDING_AT_END
732.1999999999999,732.580814102006,,,,PENDING_AT_END
732.55,732.6522756557026,,,,PENDING_AT_END
732.9,732.9687321989328,,,,PENDING_AT_END
733.25,733.620562053833,,,,PENDING_AT_END
733.5999999999999,733.9809787107804,,,,PENDING_AT_END
733.9499999999999,734.0390722252174,,,,PENDING_AT_END
734.3,734.3040436405295,,,,PENDING_AT_END
734.65,735.0142081937662,,,,PENDING_AT_END
