timestamp,gen_time,sel_time,tx_time,rx_time,status
0.0,0.3815330934331198,157.8398426278785,157.84084262787852,158.0108426278785,TX
0.35,0.567194416613152,153.0032560592497,153.0042560592497,153.1742560592497,TX
0.7,1.0873882762691318,153.3591675135593,153.3601675135593,153.5301675135593,TX
1.0499999999999998,1.3311206865501646,153.34670836677896,153.34770836677896,153.51770836677895,TX
1.4,1.518638596882227,152.6116225170307,152.6126225170307,152.7826225170307,TX
1.75,1.902805090209414,160.33423130693353,160.33523130693354,160.50523130693352,TX
2.0999999999999996,2.30651407720405,161.36576585595145,161.36676585595146,161.53676585595144,TX
2.4499999999999997,2.71739360087215,156.74953165373276,156.75053165373276,156.92053165373275,TX
2.8,3.1582085939179683,158.90940973010703,158.91040973010703,159.08040973010702,TX
3.15,3.4480722750354356,160.1817006684224,160.1827006684224,160.3527006684224,TX
3.5,3.5938522436786595,160.41197373856312,160.41297373856312,160.5829737385631,TX
3.8499999999999996,4.097660501982475,155.4290633412581,155.4300633412581,155.60006334125808,TX
4.199999999999999,4.27906355176011,164.08680986603332,164.08780986603333,164.2578098660333,TX
4.55,4.586967527041343,160.25387754288016,160.25487754288017,160.42487754288015,TX
4.8999999999999995,5.05288342199949,,,,PENDING_AT_END
5.25,5.438445238377778,,,,PENDING_AT_END
5.6,5.729503878049293,,,,PENDING_AT_END
5.949999999999999,5.962127919916409,,,,PENDING_AT_END
6.3,6.383304911530797,,,,PENDING_AT_END
6.6499999999999995,6.957281093772161,,,,PENDING_AT_END
7.0,7.390683183392877,,,,PENDING_AT_END
7.35,7.720973688366442,,,,PENDING_AT_END
7.699999999999999,7.9448165601476415,,,,PENDING_AT_END
8.049999999999999,8.261755418105254,,,,PENDING_AT_END
8.399999999999999,8.617942421179986,,,,PENDING_AT_END
8.75,8.823119597489292,,,,PENDING_AT_END
9.1,9.245477278167888,,,,PENDING_AT_END
9.45,9.526653392479396,,,,PENDING_AT_END
9.799999999999999,10.047014739916543,,,,PENDING_AT_END
10.149999999999999,10.339082629167656,,,,PENDING_AT_END
10.5,10.798962559556752,,,,PENDING_AT_END
10.85,11.009627645476753,,,,PENDING_AT_END
11.2,11.5923435255445,,,,PENDING_AT_END
11.549999999999999,11.762018518353743,,,,PENDING_AT_END
11.899999999999999,12.167004324554071,,,,PENDING_AT_END
12.25,12.644163216823522,,,,PENDING_AT_END
12.6,12.90697042054016,,,,PENDING_AT_END
12.95,13.323028117706055,,,,PENDING_AT_END
13.299999999999999,13.53430441598942,,,,PENDING_AT_END
13.649999999999999,13.814183246826072,,,,PENDING_AT_END
14.0,14.065378958500535,,,,PENDING_AT_END
14.35,14.431349194333292,,,,PENDING_AT_END
14.7,14.805389172225546,,,,PENDING_AT_END
15.049999999999999,15.441235482578895,,,,PENDING_AT_END
15.399999999999999,15.44118038147511,,,,PENDING_AT_END
15.749999999999998,16.147965999430856,,,,PENDING_AT_END
16.099999999999998,16.436610656657283,,,,PENDING_AT_END
16.45,16.52103578421163,,,,PENDING_AT_END
16.799999999999997,16.93218032789739,,,,PENDING_AT_END
17.15,17.548784691901865,,,,PENDING_AT_END
17.5,17.85337964895468,,,,PENDING_AT_END
17.849999999999998,17.95951141083823,,,,PENDING_AT_END
18.2,18.304411686273863,,,,PENDING_AT_END
18.549999999999997,18.80285691706409,,,,PENDING_AT_END
18.9,18.90017606569512,,,,PENDING_AT_END
19.25,19.43315857316894,,,,PENDING_AT_END
19.599999999999998,19.65188352989389,,,,PENDING_AT_END
19.95,19.98551053060581,,,,PENDING_AT_END
20.299999999999997,20.329191138893798,,,,PENDING_AT_END
20.65,20.97763353507235,,,,PENDING_AT_END
21.0,21.04936270999928,,,,PENDING_AT_END
21.349999999999998,21.420201874731102,,,,PENDING_AT_END
21.7,21.93462946527688,,,,PENDING_AT_END
22.049999999999997,22.40693592960467,,,,PENDING_AT_END
22.4,22.55893775796722,,,,PENDING_AT_END
22.75,23.122072177532587,,,,PENDING_AT_END
23.099999999999998,23.280892309130348,,,,PENDING_AT_END
23.45,23.679605790309754,,,,PENDING_AT_END
23.799999999999997,24.082246772506757,,,,PENDING_AT_END
24.15,24.314324504429095,,,,PENDING_AT_END
24.5,24.54955713513972,,,,PENDING_AT_END
24.849999999999998,25.094194529030144,,,,PENDING_AT_END
25.2,25.485891161415747,,,,PENDING_AT_END
25.549999999999997,25.645975381266112,,,,PENDING_AT_END
25.9,25.92819248015317,,,,PENDING_AT_END
26.25,26.33667200144371,,,,PENDING_AT_END
26.599999999999998,26.760941052189043,,,,PENDING_AT_END
26.95,27.328549835731938,,,,PENDING_AT_END
27.299999999999997,27.385650475559473,,,,PENDING_AT_END
27.65,27.78340007839015,,,,PENDING_AT_END
28.0,28.194862022813766,,,,PENDING_AT_END
28.349999999999998,28.6505493025896,,,,PENDING_AT_END
28.7,28.890479580981204,,,,PENDING_AT_END
29.049999999999997,29.25150908410854,,,,PENDING_AT_END
29.4,29.70005374098899,,,,PENDING_AT_END
29.749999999999996,30.062608959325605,,,,PENDING_AT_END
30.099999999999998,30.297139771933818,,,,PENDING_AT_END
30.45,30.799596170742202,,,,PENDING_AT_END
30.799999999999997,30.840709320212063,,,,PENDING_AT_END
31.15,31.325072800611636,,,,PENDING_AT_END
31.499999999999996,31.855076404749507,,,,PENDING_AT_END
31.849999999999998,32.01771242427918,,,,PENDING_AT_END
32.199999999999996,32.24515154342907,,,,PENDING_AT_END
32.55,32.858917272855905,,,,PENDING_AT_END
32.9,33.177008571015726,,,,PENDING_AT_END
33.25,33.31399084720344,,,,PENDING_AT_END
33.599999999999994,33.89167487267427,,,,PENDING_AT_END
33.949999999999996,34.275526496545616,,,,PENDING_AT_END
34.3,34.34322337510383,,,,PENDING_AT_END
34.65,34.674139221912505,,,,PENDING_AT_END
35.0,35.23020407679594,,,,PENDING_AT_END
35.349999999999994,35.59160860191365,,,,PENDING_AT_END
35.699999999999996,35.707809316604944,,,,PENDING_AT_END
36.05,36.158831265821675,,,,PENDING_AT_END
36.4,36.604767763535314,,,,PENDING_AT_END
36.75,36.777100699538906,,,,PENDING_AT_END
37.099999999999994,37.352748099687474,,,,PENDING_AT_END
37.449999999999996,37.615194420239085,,,,PENDING_AT_END
37.8,38.148184848261224,,,,PENDING_AT_END
38.15,38.16407044055948,,,,PENDING_AT_END
38.5,38.654303067410694,,,,PENDING_AT_END
38.849999999999994,39.02053676273553,,,,PENDING_AT_END
39.199999999999996,39.20280943467095,,,,PENDING_AT_END
39.55,39.617670881023514,,,,PENDING_AT_END
39.9,39.9157596054098,,,,PENDING_AT_END
40.25,40.286768796148735,,,,PENDING_AT_END
40.599999999999994,40.780401671746205,,,,PENDING_AT_END
40.949999999999996,41.09641723964614,,,,PENDING_AT_END
41.3,41.56947387692283,,,,PENDING_AT_END
41.65,41.948975144341354,,,,PENDING_AT_END
42.0,42.25821419516565,,,,PENDING_AT_END
42.349999999999994,42.74655288104127,,,,PENDING_AT_END
42.699999999999996,43.00073990996288,,,,PENDING_AT_END
43.05,43.14807928283163,,,,PENDING_AT_END
43.4,43.57867012458578,,,,PENDING_AT_END
43.75,43.83856762370603,,,,PENDING_AT_END
44.099999999999994,44.1230616066034,,,,PENDING_AT_END
44.449999999999996,44.48161831715347,,,,PENDING_AT_END
44.8,44.81242032768127,,,,PENDING_AT_END
45.15,45.170485064395784,,,,PENDING_AT_END
45.5,45.59246766867051,,,,PENDING_AT_END
45.849999999999994,46.14983603056788,,,,PENDING_AT_END
46.199999999999996,46.412460602323684,,,,PENDING_AT_END
46.55,46.78371861718148,,,,PENDING_AT_END
46.9,46.989532001264585,,,,PENDING_AT_END
47.25,47.267542768683796,,,,PENDING_AT_END
47.599999999999994,47.64600601248621,,,,PENDING_AT_END
47.949999999999996,48.28551052593705,,,,PENDING_AT_END
48.3,48.43104437699145,,,,PENDING_AT_END
48.65,48.79103780125441,,,,PENDING_AT_END
49.0,49.23176113774457,,,,PENDING_AT_END
49.349999999999994,49.71548819859075,,,,PENDING_AT_END
49.699999999999996,49.788876771867955,,,,PENDING_AT_END
50.05,50.36453557586839,,,,PENDING_AT_END
50.4,50.69686999656978,,,,PENDING_AT_END
50.75,50.814870046513676,,,,PENDING_AT_END
51.099999999999994,51.15329446918204,,,,PENDING_AT_END
51.449999999999996,51.623031476107464,,,,PENDING_AT_END
51.8,52.1378330032023,,,,PENDING_AT_END
52.15,52.16710464835777,,,,PENDING_AT_END
52.5,52.857029177370435,,,,PENDING_AT_END
52.849999999999994,52.86036929524296,,,,PENDING_AT_END
53.199999999999996,53.39138080070777,,,,PENDING_AT_END
53.55,53.882651670932106,,,,PENDING_AT_END
53.9,54.18888347164839,,,,PENDING_AT_END
54.25,54.57590032406496,,,,PENDING_AT_END
54.599999999999994,54.87567005859273,,,,PENDING_AT_END
54.949999999999996,55.1169946896106,,,,PENDING_AT_END
55.3,55.66923336013765,,,,PENDING_AT_END
55.65,55.7680660057032,,,,PENDING_AT_END
56.0,56.289767586383036,,,,PENDING_AT_END
56.349999999999994,56.364821074250315,,,,PENDING_AT_END
56.699999999999996,56.83034329546188,,,,PENDING_AT_END
57.05,57.37290359004389,,,,PENDING_AT_END
57.4,57.70878653094548,,,,PENDING_AT_END
57.74999999999999,57.8598293855546,,,,PENDING_AT_END
58.099999999999994,58.14743117767041,,,,PENDING_AT_END
58.449999999999996,58.70214252534522,,,,PENDING_AT_END
58.8,58.94142777047527,,,,PENDING_AT_END
59.15,59.22013038400829,,,,PENDING_AT_END
59.49999999999999,59.51868211710026,,,,PENDING_AT_END
59.849999999999994,60.19386244330963,,,,PENDING_AT_END
60.199999999999996,60.33771161649073,,,,PENDING_AT_END
60.55,60.878198129307904,,,,PENDING_AT_END
60.9,61.02633313390184,,,,PENDING_AT_END
61.24999999999999,61.320533009596666,,,,PENDING_AT_END
61.599999999999994,61.81887753101951,,,,PENDING_AT_END
61.949999999999996,62.038569732947174,,,,PENDING_AT_END
62.3,62.45677855113124,,,,PENDING_AT_END
62.65,62.82360151996199,,,,PENDING_AT_END
62.99999999999999,63.2026954821476,,,,PENDING_AT_END
63.349999999999994,63.49797910666774,,,,PENDING_AT_END
63.699999999999996,63.919372659211994,,,,PENDING_AT_END
64.05,64.44956115600043,,,,PENDING_AT_END
64.39999999999999,64.64775582397822,,,,PENDING_AT_END
64.75,65.0783011097569,,,,PENDING_AT_END
65.1,65.2027092196484,,,,PENDING_AT_END
65.45,65.76022614606786,,,,PENDING_AT_END
65.8,65.81174469038855,,,,PENDING_AT_END
66.14999999999999,66.3304819956795,,,,PENDING_AT_END
66.5,66.74634698614403,,,,PENDING_AT_END
66.85,66.8888221325818,,,,PENDING_AT_END
67.19999999999999,67.38375516154159,,,,PENDING_AT_END
67.55,67.90818099173329,,,,PENDING_AT_END
67.89999999999999,68.03298262019545,,,,PENDING_AT_END
68.25,68.42468921872387,,,,PENDING_AT_END
68.6,68.85054671918829,,,,PENDING_AT_END
68.94999999999999,69.08285506982779,,,,PENDING_AT_END
69.3,69.36582369811218,,,,PENDING_AT_END
69.64999999999999,69.79937305826535,,,,PENDING_AT_END
70.0,70.0149910219555,,,,PENDING_AT_END
70.35,70.55320204853359,,,,PENDING_AT_END
70.69999999999999,71.0103612760073,,,,PENDING_AT_END
71.05,71.19001525831253,,,,PENDING_AT_END
71.39999999999999,71.68928522903603,,,,PENDING_AT_END
71.75,71.92003529051468,,,,PENDING_AT_END
72.1,72.47451937125885,,,,PENDING_AT_END
72.44999999999999,72.66532596090983,,,,PENDING_AT_END
72.8,73.15532029863671,,,,PENDING_AT_END
73.14999999999999,73.28746286423824,,,,PENDING_AT_END
73.5,73.52695786721588,,,,PENDING_AT_END
73.85,74.15893933141848,,,,PENDING_AT_END
74.19999999999999,74.56930966348298,,,,PENDING_AT_END
74.55,74.8335461195481,,,,PENDING_AT_END
74.89999999999999,74.96758489630436,,,,PENDING_AT_END
75.25,75.36357272768689,,,,PENDING_AT_END
75.6,75.77124812017433,,,,PENDING_AT_END
75.94999999999999,76.32850001000634,,,,PENDING_AT_END
76.3,76.49018477071034,,,,PENDING_AT_END
76.64999999999999,76.98843111082634,,,,PENDING_AT_END
77.0,77.03041900956345,,,,PENDING_AT_END
77.35,77.57429298413084,,,,PENDING_AT_END
77.69999999999999,77.993528536811,,,,PENDING_AT_END
78.05,78.13130315528652,,,,PENDING_AT_END
78.39999999999999,78.64119268265607,,,,PENDING_AT_END
78.75,78.84043985788793,,,,PENDING_AT_END
79.1,79.44120812823957,,,,PENDING_AT_END
79.44999999999999,79.78174353136797,,,,PENDING_AT_END
79.8,79.9763332955071,,,,PENDING_AT_END
80.14999999999999,80.36904621679285,,,,PENDING_AT_END
80.5,80.84677001016976,,,,PENDING_AT_END
80.85,81.02694881978479,,,,PENDING_AT_END
81.19999999999999,81.54679545864178,,,,PENDING_AT_END
81.55,81.5509345690616,,,,PENDING_AT_END
81.89999999999999,82.01905523389554,,,,PENDING_AT_END
82.25,82.40030583589004,,,,PENDING_AT_END
82.6,82.70568458080669,,,,PENDING_AT_END
82.94999999999999,83.05671986237795,,,,PENDING_AT_END
83.3,83.43465732101735,,,,PENDING_AT_END
83.64999999999999,83.68275626971136,,,,PENDING_AT_END
84.0,84.36546294033488,,,,PENDING_AT_END
84.35,84.55007983381171,,,,PENDING_AT_END
84.69999999999999,84.86686853015385,,,,PENDING_AT_END
85.05,85.25813469328314,,,,PENDING_AT_END
85.39999999999999,85.47978303559749,,,,PENDING_AT_END
85.75,85.82120525813812,,,,PENDING_AT_END
86.1,86.37301726488678,,,,PENDING_AT_END
86.44999999999999,86.84550463184377,,,,PENDING_AT_END
86.8,87.05810857284659,,,,PENDING_AT_END
87.14999999999999,87.25874827124916,,,,PENDING_AT_END
87.5,87.8861142245834,,,,PENDING_AT_END
87.85,87.90907549450847,,,,PENDING_AT_END
88.19999999999999,88.28109964079005,,,,PENDING_AT_END
88.55,88.74029062289607,,,,PENDING_AT_END
88.89999999999999,89.01844536971983,,,,PENDING_AT_END
89.25,89.37527471670546,,,,PENDING_AT_END
89.6,89.63615595839875,,,,PENDING_AT_END
89.94999999999999,90.23204335567928,,,,PENDING_AT_END
90.3,90.32870082791676,,,,PENDING_AT_END
90.64999999999999,90.82561142552534,,,,PENDING_AT_END
91.0,91.19246297472813,,,,PENDING_AT_END
91.35,91.61100947514927,,,,PENDING_AT_END
91.69999999999999,91.79313170360447,,,,PENDING_AT_END
92.05,92.10853223965803,,,,PENDING_AT_END
92.39999999999999,92.47719965110169,,,,PENDING_AT_END
92.75,92.7939783877058,,,,PENDING_AT_END
93.1,93.30829077395668,,,,PENDING_AT_END
93.44999999999999,93.57340764457638,,,,PENDING_AT_END
93.8,93.80640515589455,,,,PENDING_AT_END
94.14999999999999,94.46202874199646,,,,PENDING_AT_END
94.5,94.55240064724177,,,,PENDING_AT_END
94.85,95.04313397603326,,,,PENDING_AT_END
95.19999999999999,95.58056592417705,,,,PENDING_AT_END
95.55,95.82489568973962,,,,PENDING_AT_END
95.89999999999999,96.18874956669013,,,,PENDING_AT_END
96.25,96.62500776112762,,,,PENDING_AT_END
96.6,96.76336587423023,,,,PENDING_AT_END
96.94999999999999,97.14341778644115,,,,PENDING_AT_END
97.3,97.43409664747067,,,,PENDING_AT_END
97.64999999999999,97.71200446658999,,,,PENDING_AT_END
98.0,98.13822632179014,,,,PENDING_AT_END
98.35,98.4012495569279,,,,PENDING_AT_END
98.69999999999999,99.03430325312831,,,,PENDING_AT_END
99.05,99.16773825027495,,,,PENDING_AT_END
99.39999999999999,99.63898133105572,,,,PENDING_AT_END
99.75,99.80798775979687,,,,PENDING_AT_END
100.1,100.28362655418525,,,,PENDING_AT_END
100.44999999999999,100.73168786862644,,,,PENDING_AT_END
100.8,101.11966604933944,,,,PENDING_AT_END
101.14999999999999,101.48972930815351,,,,PENDING_AT_END
101.5,101.52042867994157,,,,PENDING_AT_END
101.85,101.90327605731193,,,,PENDING_AT_END
102.19999999999999,102.47098559084483,,,,PENDING_AT_END
102.55,102.56016670311764,,,,PENDING_AT_END
102.89999999999999,103.03919816194225,,,,PENDING_AT_END
103.25,103.58814873946176,,,,PENDING_AT_END
103.6,103.96187414680173,,,,PENDING_AT_END
103.94999999999999,104.24846108587366,,,,PENDING_AT_END
104.3,104.47837212610217,,,,PENDING_AT_END
104.64999999999999,104.9110854185166,,,,PENDING_AT_END
105.0,105.03012602259676,,,,PENDING_AT_END
105.35,105.38942700754694,,,,PENDING_AT_END
105.69999999999999,105.7102452930396,,,,PENDING_AT_END
106.05,106.08169638428397,,,,PENDING_AT_END
106.39999999999999,106.73633611240284,,,,PENDING_AT_END
106.75,106.86518119550286,,,,PENDING_AT_END
107.1,107.48611821747392,,,,PENDING_AT_END
107.44999999999999,107.45572199452087,,,,PENDING_AT_END
107.8,107.87582125492968,,,,PENDING_AT_END
108.14999999999999,108.17177067755581,,,,PENDING_AT_END
108.5,108.66790639462465,,,,PENDING_AT_END
108.85,109.06597629231507,,,,PENDING_AT_END
109.19999999999999,109.38812499796575,,,,PENDING_AT_END
109.55,109.5944477300337,,,,PENDING_AT_END
109.89999999999999,110.21801560732872,,,,PENDING_AT_END
110.25,110.42766010080067,,,,PENDING_AT_END
110.6,110.74329503386502,,,,PENDING_AT_END
110.94999999999999,111.15968629204329,,,,PENDING_AT_END
111.3,111.53353103268616,,,,PENDING_AT_END
111.64999999999999,111.84018630491805,,,,PENDING_AT_END
112.0,112.28706657098192,,,,PENDING_AT_END
112.35,112.6660540610529,,,,PENDING_AT_END
112.69999999999999,113.02424198875599,,,,PENDING_AT_END
113.05,113.11381965137154,,,,PENDING_AT_END
113.39999999999999,113.736572912542,,,,PENDING_AT_END
113.74999999999999,114.07016259147166,,,,PENDING_AT_END
114.1,114.3629397984628,,,,PENDING_AT_END
114.44999999999999,114.73443813199913,,,,PENDING_AT_END
114.8,114.88399831386924,,,,PENDING_AT_END
115.14999999999999,115.39596930624133,,,,PENDING_AT_END
115.49999999999999,115.76236293383126,,,,PENDING_AT_END
115.85,116.05490231983975,,,,PENDING_AT_END
116.19999999999999,116.36070574291472,,,,PENDING_AT_END
116.55,116.69540397039604,,,,PENDING_AT_END
116.89999999999999,116.97446920046353,,,,PENDING_AT_END
117.24999999999999,117.2874141878717,,,,PENDING_AT_END
117.6,117.69642094930077,,,,PENDING_AT_END
117.94999999999999,118.33707833090978,,,,PENDING_AT_END
118.3,118.50677970266592,,,,PENDING_AT_END
118.64999999999999,118.81774108164312,,,,PENDING_AT_END
118.99999999999999,119.16082862766699,,,,PENDING_AT_END
119.35,119.6792288581924,,,,PENDING_AT_END
119.69999999999999,119.70756644080254,,,,PENDING_AT_END
120.05,120.38560440700651,,,,PENDING_AT_END
120.39999999999999,120.53111040482311,,,,PENDING_AT_END
120.74999999999999,121.05627884569428,,,,PENDING_AT_END
121.1,121.45561303878131,,,,PENDING_AT_END
121.44999999999999,121.84370539566655,,,,PENDING_AT_END
121.8,122.12276214030224,,,,PENDING_AT_END
122.14999999999999,122.4921684520089,,,,PENDING_AT_END
122.49999999999999,122.65244005815116,,,,PENDING_AT_END
122.85,122.86955741973534,,,,PENDING_AT_END
123.19999999999999,123.21907373094086,,,,PENDING_AT_END
123.55,123.71232212085015,,,,PENDING_AT_END
123.89999999999999,123.98219130977337,,,,PENDING_AT_END
124.24999999999999,124.49914591925891,,,,PENDING_AT_END
124.6,124.60046136095508,,,,PENDING_AT_END
124.94999999999999,125.07460134529987,,,,PENDING_AT_END
125.3,125.60631647457105,,,,PENDING_AT_END
125.64999999999999,125.69169551019273,,,,PENDING_AT_END
125.99999999999999,126.23460160390864,,,,PENDING_AT_END
126.35,126.56446314640942,,,,PENDING_AT_END
126.69999999999999,127.09453135106529,,,,PENDING_AT_END
127.05,127.27763274973039,,,,PENDING_AT_END
127.39999999999999,127.76333772717113,,,,PENDING_AT_END
127.74999999999999,127.90488912670271,,,,PENDING_AT_END
128.1,128.39739309561165,,,,PENDING_AT_END
128.45,128.64613032696735,,,,PENDING_AT_END
128.79999999999998,128.87609039876727,,,,PENDING_AT_END
129.15,129.22319145908315,,,,PENDING_AT_END
129.5,129.66767770259275,,,,PENDING_AT_END
129.85,130.14444707152862,,,,PENDING_AT_END
130.2,130.22877802239884,,,,PENDING_AT_END
130.54999999999998,130.65578922594997,,,,PENDING_AT_END
130.9,130.96084219230127,,,,PENDING_AT_END
131.25,131.4037020836078,,,,PENDING_AT_END
131.6,131.64501470108078,,,,PENDING_AT_END
131.95,132.25751076053365,,,,PENDING_AT_END
132.29999999999998,132.36176606496727,,,,PENDING_AT_END
132.65,132.8805841403973,,,,PENDING_AT_END
133.0,133.2654753044784,,,,PENDING_AT_END
133.35,133.67822850509057,,,,PENDING_AT_END
133.7,133.9271192856118,,,,PENDING_AT_END
134.04999999999998,134.3894633948233,,,,PENDING_AT_END
134.39999999999998,134.66064716962694,,,,PENDING_AT_END
134.75,135.02494517602287,,,,PENDING_AT_END
135.1,135.1423081842528,,,,PENDING_AT_END
135.45,135.64816237636518,,,,PENDING_AT_END
135.79999999999998,136.13994825814288,,,,PENDING_AT_END
136.14999999999998,136.41292953526602,,,,PENDING_AT_END
136.5,136.62821033038625,,,,PENDING_AT_END
136.85,136.9105446910776,,,,PENDING_AT_END
137.2,137.2492634063467,,,,PENDING_AT_END
137.54999999999998,137.76514018074076,,,,PENDING_AT_END
137.89999999999998,138.2305736862512,,,,PENDING_AT_END
138.25,138.36738623705554,,,,PENDING_AT_END
138.6,138.91978057313506,,,,PENDING_AT_END
138.95,139.09623488674714,,,,PENDING_AT_END
139.29999999999998,139.67249039356906,,,,PENDING_AT_END
139.64999999999998,139.98678917045413,,,,PENDING_AT_END
140.0,140.18387411379638,,,,PENDING_AT_END
140.35,140.7465591292856,,,,PENDING_AT_END
140.7,140.842719878923,,,,PENDING_AT_END
141.04999999999998,141.32087349998702,,,,PENDING_AT_END
141.39999999999998,141.72385275831778,,,,PENDING_AT_END
141.75,142.0750983690661,,,,PENDING_AT_END
142.1,142.4793680131236,,,,PENDING_AT_END
142.45,142.59379150047448,,,,PENDING_AT_END
142.79999999999998,143.10235971556543,,,,PENDING_AT_END
143.14999999999998,143.47796574227857,,,,PENDING_AT_END
143.5,143.8821557797978,,,,PENDING_AT_END
143.85,143.9157321939389,,,,PENDING_AT_END
144.2,144.5446388447818,,,,PENDING_AT_END
144.54999999999998,144.65701165108337,,,,PENDING_AT_END
144.89999999999998,145.21626719666858,,,,PENDING_AT_END
145.25,145.3929155396549,,,,PENDING_AT_END
145.6,145.72936065635653,,,,PENDING_AT_END
145.95,146.10555181256865,,,,PENDING_AT_END
146.29999999999998,146.42007134801983,,,,PENDING_AT_END
146.64999999999998,146.88158174508067,,,,PENDING_AT_END
147.0,147.23773858478114,,,,PENDING_AT_END
147.35,147.72836652858163,,,,PENDING_AT_END
147.7,147.9492152137201,,,,PENDING_AT_END
148.04999999999998,148.3134245309403,,,,PENDING_AT_END
148.39999999999998,148.60860861516244,,,,PENDING_AT_END
148.75,148.93281689383957,,,,PENDING_AT_END
149.1,149.16673132335816,,,,PENDING_AT_END
149.45,149.67448842427945,,,,PENDING_AT_END
149.79999999999998,150.1521002912186,,,,PENDING_AT_END
150.14999999999998,150.22195760761758,,,,PENDING_AT_END
150.5,150.54933491481904,,,,PENDING_AT_END
150.85,150.86594965804423,,,,PENDING_AT_END
151.2,151.56394701131262,,,,PENDING_AT_END
151.54999999999998,151.602896661367,,,,PENDING_AT_END
151.89999999999998,152.0257823125811,,,,PENDING_AT_END
152.25,152.39300788679213,,,,PENDING_AT_END
152.6,152.65979525443075,,,,PENDING_AT_END
152.95,153.06793624706148,,,,PENDING_AT_END
153.29999999999998,153.56777614124545,,,,PENDING_AT_END
153.64999999999998,153.6822344673646,,,,PENDING_AT_END
154.0,154.34942278101482,,,,PENDING_AT_END
154.35,154.40234725192855,,,,PENDING_AT_END
154.7,154.91960411140275,,,,PENDING_AT_END
155.04999999999998,155.33909657762834,,,,PENDING_AT_END
155.39999999999998,155.60641846626783,,,,PENDING_AT_END
155.75,155.95718900054447,,,,PENDING_AT_END
156.1,156.37576183872565,,,,PENDING_AT_END
156.45,156.83793108591243,,,,PENDING_AT_END
156.79999999999998,156.83518823583555,,,,PENDING_AT_END
157.14999999999998,157.15812481200913,,,,PENDING_AT_END
157.5,157.66320497146523,,,,PENDING_AT_END
157.85,158.20284459347553,,,,PENDING_AT_END
158.2,158.36265456318813,,,,PENDING_AT_END
158.54999999999998,158.81182177911487,,,,PENDING_AT_END
158.89999999999998,159.0282134223251,,,,PENDING_AT_END
159.25,159.28165796279728,,,,PENDING_AT_END
159.6,159.71263187829445,,,,PENDING_AT_END
159.95,160.26322610004428,,,,PENDING_AT_END
160.29999999999998,160.46626405386112,,,,PENDING_AT_END
160.64999999999998,160.8246271777893,,,,PENDING_AT_END
161.0,161.3350289680281,,,,PENDING_AT_END
161.35,161.40429989494842,,,,PENDING_AT_END
161.7,162.05667029330624,,,,PENDING_AT_END
162.04999999999998,162.3899202745175,,,,PENDING_AT_END
162.39999999999998,162.53384529763457,,,,PENDING_AT_END
162.75,163.01314002320817,,,,PENDING_AT_END
163.1,163.3317283375513,,,,PENDING_AT_END
163.45,163.83613086443285,,,,PENDING_AT_END
163.79999999999998,163.94857326027173,,,,PENDING_AT_END
164.14999999999998,164.24135684360272,,,,PENDING_AT_END
164.5,164.58111578391396,,,,PENDING_AT_END
164.85,164.95181781087993,,,,PENDING_AT_END
165.2,165.43171082047832,,,,PENDING_AT_END
165.54999999999998,165.72414580036948,,,,PENDING_AT_END
165.89999999999998,165.94547197496132,,,,PENDING_AT_END
166.25,166.49318671974794,,,,PENDING_AT_END
166.6,166.738360815456,,,,PENDING_AT_END
166.95,167.2245804391468,,,,PENDING_AT_END
167.29999999999998,167.61301890798305,,,,PENDING_AT_END
167.64999999999998,167.69783540767344,,,,PENDING_AT_END
168.0,168.14920160064088,,,,PENDING_AT_END
168.35,168.71474675753998,,,,PENDING_AT_END
168.7,168.97864467190942,,,,PENDING_AT_END
169.04999999999998,169.1256655560583,,,,PENDING_AT_END
169.39999999999998,169.78153030429337,,,,PENDING_AT_END
169.75,169.86524636079253,,,,PENDING_AT_END
170.1,170.27269207111797,,,,PENDING_AT_END
170.45,170.71210341886103,,,,PENDING_AT_END
170.79999999999998,170.93961598821525,,,,PENDING_AT_END
171.14999999999998,171.4165736116127,,,,PENDING_AT_END
171.5,171.70890952734123,,,,PENDING_AT_END
171.85,172.03568867143886,,,,PENDING_AT_END
172.2,172.28749294991962,,,,PENDING_AT_END
172.54999999999998,172.9397330562497,,,,PENDING_AT_END
172.89999999999998,173.1277416313219,,,,PENDING_AT_END
173.25,173.31853745726903,,,,PENDING_AT_END
173.6,173.89422256776803,,,,PENDING_AT_END
173.95,174.12236484570104,,,,PENDING_AT_END
174.29999999999998,174.32546194232285,,,,PENDING_AT_END
174.64999999999998,175.0167484840486,,,,PENDING_AT_END
175.0,175.08064455420316,,,,PENDING_AT_END
175.35,175.6375700100618,,,,PENDING_AT_END
175.7,175.85445740747394,,,,PENDING_AT_END
176.04999999999998,176.4015390071908,,,,PENDING_AT_END
176.39999999999998,176.73514132299823,,,,PENDING_AT_END
176.75,177.04679098098626,,,,PENDING_AT_END
177.1,177.3503744801691,,,,PENDING_AT_END
177.45,177.65042205378268,,,,PENDING_AT_END
177.79999999999998,177.96706436683505,,,,PENDING_AT_END
178.14999999999998,178.44436273782583,,,,PENDING_AT_END
178.5,178.50096173253485,,,,PENDING_AT_END
178.85,178.95896079751176,,,,PENDING_AT_END
179.2,179.57261964829218,,,,PENDING_AT_END
179.54999999999998,179.91797428867082,,,,PENDING_AT_END
179.89999999999998,179.92289317520886,,,,PENDING_AT_END
180.25,180.60721766611346,,,,PENDING_AT_END
180.6,180.99429558085328,,,,PENDING_AT_END
180.95,181.1287230580616,,,,PENDING_AT_END
181.29999999999998,181.36491117151613,,,,PENDING_AT_END
181.64999999999998,181.8592723746275,,,,PENDING_AT_END
182.0,182.11414749635043,,,,PENDING_AT_END
182.35,182.745854223137,,,,PENDING_AT_END
182.7,182.704710429891,,,,PENDING_AT_END
183.04999999999998,183.22466402193461,,,,PENDING_AT_END
183.39999999999998,183.69188592047578,,,,PENDING_AT_END
183.75,183.90679929934015,,,,PENDING_AT_END
184.1,184.44624478110424,,,,PENDING_AT_END
184.45,184.71691385612144,,,,PENDING_AT_END
184.79999999999998,185.06376549087324,,,,PENDING_AT_END
185.14999999999998,185.16331395911584,,,,PENDING_AT_END
185.5,185.67024063779195,,,,PENDING_AT_END
185.85,186.22321172929176,,,,PENDING_AT_END
186.2,186.26572473305185,,,,PENDING_AT_END
186.54999999999998,186.57332429270375,,,,PENDING_AT_END
186.89999999999998,187.18641720017263,,,,PENDING_AT_END
187.25,187.61713922340607,,,,PENDING_AT_END
187.6,187.80938344729637,,,,PENDING_AT_END
187.95,188.0325405602245,,,,PENDING_AT_END
188.29999999999998,188.6572233305528,,,,PENDING_AT_END
188.64999999999998,188.97796457211126,,,,PENDING_AT_END
189.0,189.2984195899893,,,,PENDING_AT_END
189.35,189.48078892792526,,,,PENDING_AT_END
189.7,189.92296104319405,,,,PENDING_AT_END
190.04999999999998,190.0749062080388,,,,PENDING_AT_END
190.39999999999998,190.76648962451503,,,,PENDING_AT_END
190.75,191.039362271456,,,,PENDING_AT_END
191.1,191.12223537072586,,,,PENDING_AT_END
191.45,191.76009728555897,,,,PENDING_AT_END
191.79999999999998,192.05118236016247,,,,PENDING_AT_END
192.14999999999998,192.3551063180422,,,,PENDING_AT_END
192.5,192.63919560513585,,,,PENDING_AT_END
192.85,192.93885734757524,,,,PENDING_AT_END
193.2,193.36790098646753,,,,PENDING_AT_END
193.54999999999998,193.56137067063915,,,,PENDING_AT_END
193.89999999999998,194.207397433837,,,,PENDING_AT_END
194.25,194.3308780883304,,,,PENDING_AT_END
194.6,194.7170721522285,,,,PENDING_AT_END
194.95,194.95953830436588,,,,PENDING_AT_END
195.29999999999998,195.6415862707232,,,,PENDING_AT_END
195.64999999999998,195.73265147812907,,,,PENDING_AT_END
196.0,196.18993749020234,,,,PENDING_AT_END
196.35,196.354083674259,,,,PENDING_AT_END
196.7,196.79041202379284,,,,PENDING_AT_END
197.04999999999998,197.27160813659597,,,,PENDING_AT_END
197.39999999999998,197.7211865654126,,,,PENDING_AT_END
197.75,197.88522277666056,,,,PENDING_AT_END
198.1,198.2095559589449,,,,PENDING_AT_END
198.45,198.70617930646335,,,,PENDING_AT_END
198.79999999999998,198.89322686480122,,,,PENDING_AT_END
199.14999999999998,199.49773038304352,,,,PENDING_AT_END
199.5,199.75427701863617,,,,PENDING_AT_END
199.85,200.15442176317507,,,,PENDING_AT_END
200.2,200.43985399760703,,,,PENDING_AT_END
200.54999999999998,200.63600528466415,,,,PENDING_AT_END
200.89999999999998,201.08852914850956,,,,PENDING_AT_END
201.25,201.50660537413933,,,,PENDING_AT_END
201.6,201.76508258509696,,,,PENDING_AT_END
201.95,202.3488843805688,,,,PENDING_AT_END
202.29999999999998,202.50060546275486,,,,PENDING_AT_END
202.64999999999998,202.78139004597784,,,,PENDING_AT_END
203.0,203.1670964957775,,,,PENDING_AT_END
203.35,203.55629806700844,,,,PENDING_AT_END
203.7,204.00506097040198,,,,PENDING_AT_END
204.04999999999998,204.44397490766843,,,,PENDING_AT_END
204.39999999999998,204.65121574615165,,,,PENDING_AT_END
204.75,204.82523285959587,,,,PENDING_AT_END
205.1,205.36454020668575,,,,PENDING_AT_END
205.45,205.60891163748624,,,,PENDING_AT_END
205.79999999999998,205.9168700126805,,,,PENDING_AT_END
206.14999999999998,206.34542878997604,,,,PENDING_AT_END
206.5,206.60022971753335,,,,PENDING_AT_END
206.85,207.14869446176132,,,,PENDING_AT_END
207.2,207.23273513217288,,,,PENDING_AT_END
207.54999999999998,207.58370050084986,,,,PENDING_AT_END
207.89999999999998,207.9131306873544,,,,PENDING_AT_END
208.25,208.35684353970225,,,,PENDING_AT_END
208.6,208.6755602616815,,,,PENDING_AT_END
208.95,209.29823100479632,,,,PENDING_AT_END
209.29999999999998,209.67212279612696,,,,PENDING_AT_END
209.64999999999998,209.67137385858695,,,,PENDING_AT_END
210.0,210.03384677893695,,,,PENDING_AT_END
210.35,210.6564293438676,,,,PENDING_AT_END
210.7,210.95052065741572,,,,PENDING_AT_END
211.04999999999998,211.1492627333249,,,,PENDING_AT_END
211.39999999999998,211.60727470367368,,,,PENDING_AT_END
211.75,211.89101557464676,,,,PENDING_AT_END
212.1,212.20242914377056,,,,PENDING_AT_END
212.45,212.4580356745402,,,,PENDING_AT_END
212.79999999999998,212.82183464467258,,,,PENDING_AT_END
213.14999999999998,213.20603466127847,,,,PENDING_AT_END
213.5,213.58099257057694,,,,PENDING_AT_END
213.85,213.85503460950125,,,,PENDING_AT_END
214.2,214.50215856119718,,,,PENDING_AT_END
214.54999999999998,214.69452718151112,,,,PENDING_AT_END
214.89999999999998,215.18303899060209,,,,PENDING_AT_END
215.25,215.45618806672894,,,,PENDING_AT_END
215.6,215.71328976762194,,,,PENDING_AT_END
215.95,216.04647373451877,,,,PENDING_AT_END
216.29999999999998,216.58786030789346,,,,PENDING_AT_END
216.64999999999998,216.7724944888986,,,,PENDING_AT_END
217.0,217.24776753359254,,,,PENDING_AT_END
217.35,217.6397791983729,,,,PENDING_AT_END
217.7,217.99035987725858,,,,PENDING_AT_END
218.04999999999998,218.19585692503588,,,,PENDING_AT_END
218.39999999999998,218.72030441079278,,,,PENDING_AT_END
218.75,219.1015945233629,,,,PENDING_AT_END
219.1,219.10128969882604,,,,PENDING_AT_END
219.45,219.81405138507853,,,,PENDING_AT_END
219.79999999999998,219.98437903610787,,,,PENDING_AT_END
220.14999999999998,220.53165205303839,,,,PENDING_AT_END
220.5,220.6433865965007,,,,PENDING_AT_END
220.85,220.92659816726436,,,,PENDING_AT_END
221.2,221.32638802907826,,,,PENDING_AT_END
221.54999999999998,221.65175600531975,,,,PENDING_AT_END
221.89999999999998,222.29648947326058,,,,PENDING_AT_END
222.25,222.30010586176502,,,,PENDING_AT_END
222.6,222.96303134814016,,,,PENDING_AT_END
222.95,223.03941207445132,,,,PENDING_AT_END
223.29999999999998,223.32118166481504,,,,PENDING_AT_END
223.64999999999998,223.96456509089433,,,,PENDING_AT_END
224.0,224.29441049054486,,,,PENDING_AT_END
224.35,224.69424748117356,,,,PENDING_AT_END
224.7,224.98191246418213,,,,PENDING_AT_END
225.04999999999998,225.1261323729902,,,,PENDING_AT_END
225.39999999999998,225.547340482803,,,,PENDING_AT_END
225.74999999999997,226.1155807470677,,,,PENDING_AT_END
226.1,226.44828832941405,,,,PENDING_AT_END
226.45,226.61565717991158,,,,PENDING_AT_END
226.79999999999998,227.06492759965587,,,,PENDING_AT_END
227.14999999999998,227.15281659670381,,,,PENDING_AT_END
227.49999999999997,227.72424993692968,,,,PENDING_AT_END
227.85,228.13781150043647,,,,PENDING_AT_END
228.2,228.42234215336208,,,,PENDING_AT_END
228.54999999999998,228.9414245559149,,,,PENDING_AT_END
228.89999999999998,229.04041773176726,,,,PENDING_AT_END
229.24999999999997,229.49938748177485,,,,PENDING_AT_END
229.6,229.91724805697046,,,,PENDING_AT_END
229.95,230.2012972050253,,,,PENDING_AT_END
230.29999999999998,230.45928690712677,,,,PENDING_AT_END
230.64999999999998,230.86688997400717,,,,PENDING_AT_END
230.99999999999997,231.024320371129,,,,PENDING_AT_END
231.35,231.62223822297423,,,,PENDING_AT_END
231.7,231.86983658304837,,,,PENDING_AT_END
232.04999999999998,232.16033737718047,,,,PENDING_AT_END
232.39999999999998,232.41205373830638,,,,PENDING_AT_END
232.74999999999997,232.92985807119047,,,,PENDING_AT_END
233.1,233.3065898164671,,,,PENDING_AT_END
233.45,233.57550353419862,,,,PENDING_AT_END
233.79999999999998,233.85947567366534,,,,PENDING_AT_END
234.14999999999998,234.4871028032834,,,,PENDING_AT_END
234.49999999999997,234.71847051811048,,,,PENDING_AT_END
234.85,235.10654297123116,,,,PENDING_AT_END
235.2,235.27715307731376,,,,PENDING_AT_END
235.54999999999998,235.70572992910004,,,,PENDING_AT_END
235.89999999999998,236.2052123303459,,,,PENDING_AT_END
236.24999999999997,236.2880419240885,,,,PENDING_AT_END
236.6,236.71830270740352,,,,PENDING_AT_END
236.95,236.9783533109682,,,,PENDING_AT_END
237.29999999999998,237.48327844709817,,,,PENDING_AT_END
237.64999999999998,237.99278568702078,,,,PENDING_AT_END
237.99999999999997,238.1331290314129,,,,PENDING_AT_END
238.35,238.68262011864064,,,,PENDING_AT_END
238.7,238.81635052234583,,,,PENDING_AT_END
239.04999999999998,239.27382573407053,,,,PENDING_AT_END
239.39999999999998,239.75035728451525,,,,PENDING_AT_END
239.74999999999997,239.98526715969692,,,,PENDING_AT_END
240.1,240.13286211615613,,,,PENDING_AT_END
240.45,240.60155550272702,,,,PENDING_AT_END
240.79999999999998,240.99345686805484,,,,PENDING_AT_END
241.14999999999998,241.4099357166154,,,,PENDING_AT_END
241.49999999999997,241.7804030679188,,,,PENDING_AT_END
241.85,242.0471355804547,,,,PENDING_AT_END
242.2,242.27127130980955,,,,PENDING_AT_END
242.54999999999998,242.87243869624646,,,,PENDING_AT_END
242.89999999999998,243.13201318860678,,,,PENDING_AT_END
243.24999999999997,243.27811677839918,,,,PENDING_AT_END
243.6,243.67867772608432,,,,PENDING_AT_END
243.95,244.0934592064438,,,,PENDING_AT_END
244.29999999999998,244.66588997245148,,,,PENDING_AT_END
244.64999999999998,244.9196225809178,,,,PENDING_AT_END
244.99999999999997,245.1758984626712,,,,PENDING_AT_END
245.35,245.72901916194243,,,,PENDING_AT_END
245.7,245.8925939801569,,,,PENDING_AT_END
246.04999999999998,246.304560335709,,,,PENDING_AT_END
246.39999999999998,246.41792788253355,,,,PENDING_AT_END
246.74999999999997,247.0054416866287,,,,PENDING_AT_END
247.1,247.40570060359303,,,,PENDING_AT_END
247.45,247.70748289757876,,,,PENDING_AT_END
247.79999999999998,247.88680579747123,,,,PENDING_AT_END
248.14999999999998,248.39289331787364,,,,PENDING_AT_END
248.49999999999997,248.64567376685326,,,,PENDING_AT_END
248.85,249.09470270265902,,,,PENDING_AT_END
249.2,249.47736332238526,,,,PENDING_AT_END
249.54999999999998,249.58306409582147,,,,PENDING_AT_END
249.89999999999998,250.2870046056147,,,,PENDING_AT_END
250.24999999999997,250.58206121628834,,,,PENDING_AT_END
250.6,250.6923162128019,,,,PENDING_AT_END
250.95,251.15394737106556,,,,PENDING_AT_END
251.29999999999998,251.46573921791847,,,,PENDING_AT_END
251.64999999999998,251.8694619732545,,,,PENDING_AT_END
251.99999999999997,252.22404091393614,,,,PENDING_AT_END
252.35,252.69035650744567,,,,PENDING_AT_END
252.7,252.92451919500365,,,,PENDING_AT_END
253.04999999999998,253.33926702919555,,,,PENDING_AT_END
253.39999999999998,253.64172460363272,,,,PENDING_AT_END
253.74999999999997,253.842549020527,,,,PENDING_AT_END
254.1,254.3177454975693,,,,PENDING_AT_END
254.45,254.5526780511534,,,,PENDING_AT_END
254.79999999999998,254.81708601957754,,,,PENDING_AT_END
255.14999999999998,255.17198073809817,,,,PENDING_AT_END
255.49999999999997,255.68521473560455,,,,PENDING_AT_END
255.85,256.18776044588907,,,,PENDING_AT_END
256.2,256.3657975967407,,,,PENDING_AT_END
256.55,256.8159534950184,,,,PENDING_AT_END
256.9,257.1426059818507,,,,PENDING_AT_END
257.25,257.6366607131798,,,,PENDING_AT_END
257.59999999999997,257.8718147731325,,,,PENDING_AT_END
257.95,258.01816596029886,,,,PENDING_AT_END
258.3,258.6383028238228,,,,PENDING_AT_END
258.65,258.75332014794446,,,,PENDING_AT_END
259.0,259.0418428448071,,,,PENDING_AT_END
259.34999999999997,259.585785531383,,,,PENDING_AT_END
259.7,259.7390058638436,,,,PENDING_AT_END
260.05,260.30520092264334,,,,PENDING_AT_END
260.4,260.67232526504847,,,,PENDING_AT_END
260.75,260.8209174428231,,,,PENDING_AT_END
261.09999999999997,261.44166053338375,,,,PENDING_AT_END
261.45,261.68505427447434,,,,PENDING_AT_END
261.8,261.8389041704423,,,,PENDING_AT_END
262.15,262.23982597950464,,,,PENDING_AT_END
262.5,262.8396716555933,,,,PENDING_AT_END
262.84999999999997,263.2307690836788,,,,PENDING_AT_END
263.2,263.33447542253435,,,,PENDING_AT_END
263.55,263.8492255537314,,,,PENDING_AT_END
263.9,264.0194065665695,,,,PENDING_AT_END
264.25,264.5062249663778,,,,PENDING_AT_END
264.59999999999997,264.6075974326549,,,,PENDING_AT_END
264.95,265.09767503899826,,,,PENDING_AT_END
265.3,265.57873441244527,,,,PENDING_AT_END
265.65,266.03939227342767,,,,PENDING_AT_END
266.0,266.3469504925863,,,,PENDING_AT_END
266.34999999999997,266.37832739535366,,,,PENDING_AT_END
266.7,266.91284626494,,,,PENDING_AT_END
267.05,267.09893928779223,,,,PENDING_AT_END
267.4,267.76018175166087,,,,PENDING_AT_END
267.75,268.1002902000648,,,,PENDING_AT_END
268.09999999999997,268.1909773619588,,,,PENDING_AT_END
268.45,268.7491182347689,,,,PENDING_AT_END
268.79999999999995,268.94274109050355,,,,PENDING_AT_END
269.15,269.4624725355279,,,,PENDING_AT_END
269.5,269.50818918705704,,,,PENDING_AT_END
269.84999999999997,269.95097278432746,,,,PENDING_AT_END
270.2,270.49216484150264,,,,PENDING_AT_END
270.54999999999995,270.7639500696597,,,,PENDING_AT_END
270.9,271.00949431153003,,,,PENDING_AT_END
271.25,271.55741646902754,,,,PENDING_AT_END
271.59999999999997,271.8832105734959,,,,PENDING_AT_END
271.95,272.0341103032537,,,,PENDING_AT_END
272.29999999999995,272.58150256576323,,,,PENDING_AT_END
272.65,272.84867554276184,,,,PENDING_AT_END
273.0,273.39143572415423,,,,PENDING_AT_END
273.34999999999997,273.4919149826737,,,,PENDING_AT_END
273.7,274.0600527920521,,,,PENDING_AT_END
274.04999999999995,274.43399704617104,,,,PENDING_AT_END
274.4,274.71125622700424,,,,PENDING_AT_END
274.75,274.8830265663946,,,,PENDING_AT_END
275.09999999999997,275.35199651652334,,,,PENDING_AT_END
275.45,275.7532447187668,,,,PENDING_AT_END
275.79999999999995,276.0559736679851,,,,PENDING_AT_END
276.15,276.4175548512567,,,,PENDING_AT_END
276.5,276.627297513356,,,,PENDING_AT_END
276.84999999999997,277.00013384471407,,,,PENDING_AT_END
277.2,277.32175388713273,,,,PENDING_AT_END
277.54999999999995,277.67653838736953,,,,PENDING_AT_END
277.9,278.0602877923409,,,,PENDING_AT_END
278.25,278.4066064905081,,,,PENDING_AT_END
278.59999999999997,278.60971205972106,,,,PENDING_AT_END
278.95,279.0158346079515,,,,PENDING_AT_END
279.29999999999995,279.5824873572792,,,,PENDING_AT_END
279.65,279.68643743339805,,,,PENDING_AT_END
280.0,280.2674437321713,,,,PENDING_AT_END
280.34999999999997,280.70019561729606,,,,PENDING_AT_END
280.7,280.74314065162054,,,,PENDING_AT_END
281.04999999999995,281.0892961521604,,,,PENDING_AT_END
281.4,281.57406873748346,,,,PENDING_AT_END
281.75,282.1419381784266,,,,PENDING_AT_END
282.09999999999997,282.30590820401284,,,,PENDING_AT_END
282.45,282.55962838988916,,,,PENDING_AT_END
282.79999999999995,282.8880287628509,,,,PENDING_AT_END
283.15,283.4941852687317,,,,PENDING_AT_END
283.5,283.6955545567147,,,,PENDING_AT_END
283.84999999999997,283.98437985545405,,,,PENDING_AT_END
284.2,284.47869584580025,,,,PENDING_AT_END
284.54999999999995,284.9482841470816,,,,PENDING_AT_END
284.9,285.1213581316698,,,,PENDING_AT_END
285.25,285.5824464321091,,,,PENDING_AT_END
285.59999999999997,285.9226789921656,,,,PENDING_AT_END
285.95,286.160163188273,,,,PENDING_AT_END
286.29999999999995,286.3202663241774,,,,PENDING_AT_END
286.65,286.7140176647582,,,,PENDING_AT_END
287.0,287.16051843204946,,,,PENDING_AT_END
287.34999999999997,287.4435127941924,,,,PENDING_AT_END
287.7,287.9561423606579,,,,PENDING_AT_END
288.04999999999995,288.13316558045665,,,,PENDING_AT_END
288.4,288.6473635907257,,,,PENDING_AT_END
288.75,288.91333081720256,,,,PENDING_AT_END
289.09999999999997,289.133107765297,,,,PENDING_AT_END
289.45,289.74630297494974,,,,PENDING_AT_END
289.79999999999995,290.16553846007696,,,,PENDING_AT_END
290.15,290.1535840276832,,,,PENDING_AT_END
290.5,290.51704500152357,,,,PENDING_AT_END
290.84999999999997,291.0952133476995,,,,PENDING_AT_END
291.2,291.35515807225664,,,,PENDING_AT_END
291.54999999999995,291.6673620922734,,,,PENDING_AT_END
291.9,291.9828840489665,,,,PENDING_AT_END
292.25,292.4916651151606,,,,PENDING_AT_END
292.59999999999997,292.72740308258955,,,,PENDING_AT_END
292.95,293.1615596384875,,,,PENDING_AT_END
293.29999999999995,293.3093518130107,,,,PENDING_AT_END
293.65,293.8676755927387,,,,PENDING_AT_END
294.0,294.35230098272257,,,,PENDING_AT_END
294.34999999999997,294.38952639025723,,,,PENDING_AT_END
294.7,295.0817575421891,,,,PENDING_AT_END
295.04999999999995,295.2399187334307,,,,PENDING_AT_END
295.4,295.52206344327544,,,,PENDING_AT_END
295.75,296.04303113249114,,,,PENDING_AT_END
296.09999999999997,296.2865379155921,,,,PENDING_AT_END
296.45,296.7569301678737,,,,PENDING_AT_END
296.79999999999995,296.8627195290326,,,,PENDING_AT_END
297.15,297.24645540681854,,,,PENDING_AT_END
297.5,297.5094392686899,,,,PENDING_AT_END
297.84999999999997,298.22518723820957,,,,PENDING_AT_END
298.2,298.59295818967206,,,,PENDING_AT_END
298.54999999999995,298.8734512776042,,,,PENDING_AT_END
298.9,299.13849907605356,,,,PENDING_AT_END
299.25,299.41117012919665,,,,PENDING_AT_END
299.59999999999997,299.7747557883154,,,,PENDING_AT_END
299.95,300.19804899845536,,,,PENDING_AT_END
300.29999999999995,300.32908032115495,,,,PENDING_AT_END
300.65,300.98324441192733,,,,PENDING_AT_END
301.0,301.1844793126327,,,,PENDING_AT_END
301.34999999999997,301.5575599556833,,,,PENDING_AT_END
301.7,301.83834675702445,,,,PENDING_AT_END
302.04999999999995,302.30603365233287,,,,PENDING_AT_END
302.4,302.5097778951871,,,,PENDING_AT_END
302.75,302.8602006573492,,,,PENDING_AT_END
303.09999999999997,303.13716790070356,,,,PENDING_AT_END
303.45,303.6378138555081,,,,PENDING_AT_END
303.79999999999995,304.1046255837184,,,,PENDING_AT_END
304.15,304.1748728223009,,,,PENDING_AT_END
304.5,304.67199590806865,,,,PENDING_AT_END
304.84999999999997,304.9164009678362,,,,PENDING_AT_END
305.2,305.2320945072278,,,,PENDING_AT_END
305.54999999999995,305.63617579347283,,,,PENDING_AT_END
305.9,306.03936853609787,,,,PENDING_AT_END
306.25,306.2984089379148,,,,PENDING_AT_END
306.59999999999997,306.78624988217535,,,,PENDING_AT_END
306.95,307.1906621889172,,,,PENDING_AT_END
307.29999999999995,307.33111211377343,,,,PENDING_AT_END
307.65,308.021941404299,,,,PENDING_AT_END
308.0,308.3088518171081,,,,PENDING_AT_END
308.34999999999997,308.5560556881457,,,,PENDING_AT_END
308.7,309.0998073929131,,,,PENDING_AT_END
309.04999999999995,309.41192464012624,,,,PENDING_AT_END
309.4,309.7142267711895,,,,PENDING_AT_END
309.75,310.0688527672046,,,,PENDING_AT_END
310.09999999999997,310.26287450288913,,,,PENDING_AT_END
310.45,310.76857806484423,,,,PENDING_AT_END
310.79999999999995,310.92159501204856,,,,PENDING_AT_END
311.15,311.48133365967396,,,,PENDING_AT_END
311.5,311.72383035162693,,,,PENDING_AT_END
311.84999999999997,312.02058545754625,,,,PENDING_AT_END
312.2,312.25381670951987,,,,PENDING_AT_END
312.54999999999995,312.66198496584184,,,,PENDING_AT_END
312.9,312.92320249171996,,,,PENDING_AT_END
313.25,313.26713257844744,,,,PENDING_AT_END
313.59999999999997,313.9499514079668,,,,PENDING_AT_END
313.95,314.00093768938694,,,,PENDING_AT_END
314.29999999999995,314.5934697886571,,,,PENDING_AT_END
314.65,314.70792164970567,,,,PENDING_AT_END
315.0,315.1482446831004,,,,PENDING_AT_END
315.34999999999997,315.58701407287623,,,,PENDING_AT_END
315.7,315.7343580961653,,,,PENDING_AT_END
316.04999999999995,316.12834906985984,,,,PENDING_AT_END
316.4,316.46391159381153,,,,PENDING_AT_END
316.75,317.03903451242604,,,,PENDING_AT_END
317.09999999999997,317.36665697646885,,,,PENDING_AT_END
317.45,317.49103940536855,,,,PENDING_AT_END
317.79999999999995,317.91334772793766,,,,PENDING_AT_END
318.15,318.3314410704993,,,,PENDING_AT_END
318.5,318.78565332801577,,,,PENDING_AT_END
318.84999999999997,319.0798662314824,,,,PENDING_AT_END
319.2,319.5267439678923,,,,PENDING_AT_END
319.54999999999995,319.57837638168917,,,,PENDING_AT_END
319.9,320.1171132335612,,,,PENDING_AT_END
320.25,320.64386298267584,,,,PENDING_AT_END
320.59999999999997,320.95917621852806,,,,PENDING_AT_END
320.95,320.9959185098517,,,,PENDING_AT_END
321.29999999999995,321.6977310687889,,,,PENDING_AT_END
321.65,321.8599147474946,,,,PENDING_AT_END
322.0,322.20584031515295,,,,PENDING_AT_END
322.34999999999997,322.7264240925643,,,,PENDING_AT_END
322.7,322.7391873864719,,,,PENDING_AT_END
323.04999999999995,323.0773172271563,,,,PENDING_AT_END
323.4,323.76155306457053,,,,PENDING_AT_END
323.75,323.85700342206565,,,,PENDING_AT_END
324.09999999999997,324.10620482230166,,,,PENDING_AT_END
324.45,324.4972701783377,,,,PENDING_AT_END
324.79999999999995,324.9595067226088,,,,PENDING_AT_END
325.15,325.4683428520377,,,,PENDING_AT_END
325.5,325.64585181549546,,,,PENDING_AT_END
325.84999999999997,325.8981411472677,,,,PENDING_AT_END
326.2,326.29536033771154,,,,PENDING_AT_END
326.54999999999995,326.80409591996056,,,,PENDING_AT_END
326.9,327.10592696747926,,,,PENDING_AT_END
327.25,327.30291043702573,,,,PENDING_AT_END
327.59999999999997,327.8732100894409,,,,PENDING_AT_END
327.95,328.03464868851626,,,,PENDING_AT_END
328.29999999999995,328.46722936572644,,,,PENDING_AT_END
328.65,328.73521279093654,,,,PENDING_AT_END
329.0,329.03785950980875,,,,PENDING_AT_END
329.34999999999997,329.6151626330814,,,,PENDING_AT_END
329.7,329.9593181423118,,,,PENDING_AT_END
330.04999999999995,330.4420631202697,,,,PENDING_AT_END
330.4,330.62721090458547,,,,PENDING_AT_END
330.75,330.83698451224154,,,,PENDING_AT_END
331.09999999999997,331.1446063140176,,,,PENDING_AT_END
331.45,331.706372469873,,,,PENDING_AT_END
331.79999999999995,331.83763538627466,,,,PENDING_AT_END
332.15,332.5138911099592,,,,PENDING_AT_END
332.5,332.8262092489615,,,,PENDING_AT_END
332.84999999999997,333.23449688343595,,,,PENDING_AT_END
333.2,333.46873567074357,,,,PENDING_AT_END
333.54999999999995,333.7878926560354,,,,PENDING_AT_END
333.9,334.1290505069994,,,,PENDING_AT_END
334.25,334.25282811721263,,,,PENDING_AT_END
334.59999999999997,334.73206111017413,,,,PENDING_AT_END
334.95,335.139154433021,,,,PENDING_AT_END
335.29999999999995,335.66112728937014,,,,PENDING_AT_END
335.65,336.0159033285033,,,,PENDING_AT_END
336.0,336.38143586020396,,,,PENDING_AT_END
336.34999999999997,336.55174672567904,,,,PENDING_AT_END
336.7,336.86440975743386,,,,PENDING_AT_END
337.04999999999995,337.3874816378551,,,,PENDING_AT_END
337.4,337.64220327752605,,,,PENDING_AT_END
337.75,337.9492540973995,,,,PENDING_AT_END
338.09999999999997,338.25615383719895,,,,PENDING_AT_END
338.45,338.6648816743755,,,,PENDING_AT_END
338.79999999999995,339.10632557787596,,,,PENDING_AT_END
339.15,339.17092639288455,,,,PENDING_AT_END
339.5,339.5743857969254,,,,PENDING_AT_END
339.84999999999997,339.8896819735042,,,,PENDING_AT_END
340.2,340.2368784887123,,,,PENDING_AT_END
340.54999999999995,340.8363694882687,,,,PENDING_AT_END
340.9,340.98711484156104,,,,PENDING_AT_END
341.25,341.5147422822081,,,,PENDING_AT_END
341.59999999999997,341.649025751445,,,,PENDING_AT_END
341.95,342.10944478585753,,,,PENDING_AT_END
342.29999999999995,342.38642625178716,,,,PENDING_AT_END
342.65,342.6884877986603,,,,PENDING_AT_END
343.0,343.2394894665739,,,,PENDING_AT_END
343.34999999999997,343.4381081097442,,,,PENDING_AT_END
343.7,343.88985025344454,,,,PENDING_AT_END
344.04999999999995,344.21085253082504,,,,PENDING_AT_END
344.4,344.5981304227471,,,,PENDING_AT_END
344.75,344.980458317835,,,,PENDING_AT_END
345.09999999999997,345.2171248115955,,,,PENDING_AT_END
345.45,345.7058977351572,,,,PENDING_AT_END
345.79999999999995,346.03240359307426,,,,PENDING_AT_END
346.15,346.5215595558376,,,,PENDING_AT_END
346.5,346.8246716594779,,,,PENDING_AT_END
346.84999999999997,346.99866328401066,,,,PENDING_AT_END
347.2,347.561848084597,,,,PENDING_AT_END
347.54999999999995,347.6732724328342,,,,PENDING_AT_END
347.9,348.00746605255176,,,,PENDING_AT_END
348.25,348.3860128110681,,,,PENDING_AT_END
348.59999999999997,348.6483002986262,,,,PENDING_AT_END
348.95,349.0054977365376,,,,PENDING_AT_END
349.29999999999995,349.6057342203351,,,,PENDING_AT_END
349.65,349.8490156408034,,,,PENDING_AT_END
350.0,350.2924676310248,,,,PENDING_AT_END
350.34999999999997,350.59799370990214,,,,PENDING_AT_END
350.7,351.01978899868465,,,,PENDING_AT_END
351.04999999999995,351.36995383464193,,,,PENDING_AT_END
351.4,351.6727488887843,,,,PENDING_AT_END
351.75,351.866782203032,,,,PENDING_AT_END
352.09999999999997,352.40468616179004,,,,PENDING_AT_END
352.45,352.7623277204073,,,,PENDING_AT_END
352.79999999999995,353.1427853223621,,,,PENDING_AT_END
353.15,353.40611379349116,,,,PENDING_AT_END
353.5,353.74394941878404,,,,PENDING_AT_END
353.84999999999997,354.2193967662901,,,,PENDING_AT_END
354.2,354.38528028022887,,,,PENDING_AT_END
354.54999999999995,354.5595964261398,,,,PENDING_AT_END
354.9,355.07295711844915,,,,PENDING_AT_END
355.25,355.5601179280999,,,,PENDING_AT_END
355.59999999999997,355.8915885359599,,,,PENDING_AT_END
355.95,356.3337207937623,,,,PENDING_AT_END
356.29999999999995,356.32153545056315,,,,PENDING_AT_END
356.65,356.95734399180856,,,,PENDING_AT_END
357.0,357.1102570679816,,,,PENDING_AT_END
357.34999999999997,357.7365836786916,,,,PENDING_AT_END
357.7,357.7314255154121,,,,PENDING_AT_END
358.04999999999995,358.14978836622186,,,,PENDING_AT_END
358.4,358.4200583713298,,,,PENDING_AT_END
358.75,359.00435718377867,,,,PENDING_AT_END
359.09999999999997,359.28635871090154,,,,PENDING_AT_END
359.45,359.80620998992976,,,,PENDING_AT_END
359.79999999999995,359.8663310527297,,,,PENDING_AT_END
360.15,360.3083198283297,,,,PENDING_AT_END
360.5,360.54402432998097,,,,PENDING_AT_END
360.84999999999997,361.0050171966132,,,,PENDING_AT_END
361.2,361.29447127600776,,,,PENDING_AT_END
361.54999999999995,361.68525501331237,,,,PENDING_AT_END
361.9,362.0847408675463,,,,PENDING_AT_END
362.25,362.4184638085583,,,,PENDING_AT_END
362.59999999999997,362.7408682866755,,,,PENDING_AT_END
362.95,363.0652933448461,,,,PENDING_AT_END
363.29999999999995,363.6464395666171,,,,PENDING_AT_END
363.65,363.7388988922535,,,,PENDING_AT_END
364.0,364.13094538343546,,,,PENDING_AT_END
364.34999999999997,364.39320453395504,,,,PENDING_AT_END
364.7,364.78984346801525,,,,PENDING_AT_END
365.04999999999995,365.1530293517917,,,,PENDING_AT_END
365.4,365.63952028226754,,,,PENDING_AT_END
365.75,366.00099520390177,,,,PENDING_AT_END
366.09999999999997,366.4800204220448,,,,PENDING_AT_END
366.45,366.83748915741245,,,,PENDING_AT_END
366.79999999999995,366.9536652857096,,,,PENDING_AT_END
367.15,367.3986862262541,,,,PENDING_AT_END
367.5,367.612916802614,,,,PENDING_AT_END
367.84999999999997,367.99864945675523,,,,PENDING_AT_END
368.2,368.25612001885844,,,,PENDING_AT_END
368.54999999999995,368.8438402409962,,,,PENDING_AT_END
368.9,369.15114934572546,,,,PENDING_AT_END
369.25,369.4259624500503,,,,PENDING_AT_END
369.59999999999997,369.6651312688255,,,,PENDING_AT_END
369.95,370.20368962656534,,,,PENDING_AT_END
370.29999999999995,370.41586864189935,,,,PENDING_AT_END
370.65,370.84614348371974,,,,PENDING_AT_END
371.0,371.3468329728588,,,,PENDING_AT_END
371.34999999999997,371.38258308860514,,,,PENDING_AT_END
371.7,371.94481005421727,,,,PENDING_AT_END
372.04999999999995,372.2299575167093,,,,PENDING_AT_END
372.4,372.43965384649323,,,,PENDING_AT_END
372.75,372.7701219671517,,,,PENDING_AT_END
373.09999999999997,373.4520327662313,,,,PENDING_AT_END
373.45,373.7471641074905,,,,PENDING_AT_END
373.79999999999995,374.0467195744676,,,,PENDING_AT_END
374.15,374.49820735305354,,,,PENDING_AT_END
374.5,374.8178925374483,,,,PENDING_AT_END
374.84999999999997,375.20201223691976,,,,PENDING_AT_END
375.2,375.53952751799665,,,,PENDING_AT_END
375.54999999999995,375.7528858471451,,,,PENDING_AT_END
375.9,376.23258315331645,,,,PENDING_AT_END
376.25,376.4061399918713,,,,PENDING_AT_END
376.59999999999997,376.99928897192507,,,,PENDING_AT_END
376.95,376.9630724766011,,,,PENDING_AT_END
377.29999999999995,377.46468597424007,,,,PENDING_AT_END
377.65,377.98287585863784,,,,PENDING_AT_END
378.0,378.17350523258403,,,,PENDING_AT_END
378.34999999999997,378.4330093117397,,,,PENDING_AT_END
378.7,378.8030665137557,,,,PENDING_AT_END
379.04999999999995,379.34174836759496,,,,PENDING_AT_END
379.4,379.7760317428929,,,,PENDING_AT_END
379.75,380.0554920667696,,,,PENDING_AT_END
380.09999999999997,380.34333436915205,,,,PENDING_AT_END
380.45,380.8230980654127,,,,PENDING_AT_END
380.79999999999995,381.04934174864945,,,,PENDING_AT_END
381.15,381.52150921495263,,,,PENDING_AT_END
381.5,381.68269206180025,,,,PENDING_AT_END
381.84999999999997,382.17777177682825,,,,PENDING_AT_END
382.2,382.23759611213853,,,,PENDING_AT_END
382.54999999999995,382.8961375037311,,,,PENDING_AT_END
382.9,383.0764421444708,,,,PENDING_AT_END
383.25,383.2681945842735,,,,PENDING_AT_END
383.59999999999997,383.7953078382912,,,,PENDING_AT_END
383.95,384.21396561564853,,,,PENDING_AT_END
384.29999999999995,384.30705156550573,,,,PENDING_AT_END
384.65,384.9450942365298,,,,PENDING_AT_END
385.0,385.03623968116676,,,,PENDING_AT_END
385.34999999999997,385.7367849191356,,,,PENDING_AT_END
385.7,385.91991232341746,,,,PENDING_AT_END
386.04999999999995,386.0587308053475,,,,PENDING_AT_END
386.4,386.5198562449099,,,,PENDING_AT_END
386.75,386.7776409863418,,,,PENDING_AT_END
387.09999999999997,387.4417157457954,,,,PENDING_AT_END
387.45,387.7761183025944,,,,PENDING_AT_END
387.79999999999995,388.17606387149226,,,,PENDING_AT_END
388.15,388.1560833382986,,,,PENDING_AT_END
388.5,388.7024912565,,,,PENDING_AT_END
388.84999999999997,388.91441130259096,,,,PENDING_AT_END
389.2,389.45675823201196,,,,PENDING_AT_END
389.54999999999995,389.82894003656224,,,,PENDING_AT_END
389.9,390.2937333679688,,,,PENDING_AT_END
390.25,390.33547408673905,,,,PENDING_AT_END
390.59999999999997,390.6879051995276,,,,PENDING_AT_END
390.95,391.0855435607294,,,,PENDING_AT_END
391.29999999999995,391.648009162737,,,,PENDING_AT_END
391.65,391.89506344716165,,,,PENDING_AT_END
392.0,392.11452959313226,,,,PENDING_AT_END
392.34999999999997,392.3548922633485,,,,PENDING_AT_END
392.7,392.9248867455819,,,,PENDING_AT_END
393.04999999999995,393.3071441096257,,,,PENDING_AT_END
393.4,393.4736125280408,,,,PENDING_AT_END
393.75,393.8436153155078,,,,PENDING_AT_END
394.09999999999997,394.2326457674346,,,,PENDING_AT_END
394.45,394.6772608897857,,,,PENDING_AT_END
394.79999999999995,394.93346924014475,,,,PENDING_AT_END
395.15,395.3348586192668,,,,PENDING_AT_END
395.5,395.74975814692175,,,,PENDING_AT_END
395.84999999999997,396.18918683373437,,,,PENDING_AT_END
396.2,396.225307379003,,,,PENDING_AT_END
396.54999999999995,396.83354447683723,,,,PENDING_AT_END
396.9,397.2459493696284,,,,PENDING_AT_END
397.25,397.56304515506463,,,,PENDING_AT_END
397.59999999999997,397.90471528898337,,,,PENDING_AT_END
397.95,398.1550681434638,,,,PENDING_AT_END
398.29999999999995,398.68406827369415,,,,PENDING_AT_END
398.65,398.79856110349067,,,,PENDING_AT_END
399.0,399.1073718958901,,,,PENDING_AT_END
399.34999999999997,399.5808554797533,,,,PENDING_AT_END
399.7,399.82029856841865,,,,PENDING_AT_END
400.04999999999995,400.1154613480518,,,,PENDING_AT_END
400.4,400.617690193563,,,,PENDING_AT_END
400.75,401.0591288555845,,,,PENDING_AT_END
401.09999999999997,401.16344749426645,,,,PENDING_AT_END
401.45,401.7506593166085,,,,PENDING_AT_END
401.79999999999995,401.818982574017,,,,PENDING_AT_END
402.15,402.3680810832366,,,,PENDING_AT_END
402.5,402.8592138914298,,,,PENDING_AT_END
402.84999999999997,402.93831426162393,,,,PENDING_AT_END
403.2,403.2813915013132,,,,PENDING_AT_END
403.54999999999995,403.931341387707,,,,PENDING_AT_END
403.9,404.18884941457884,,,,PENDING_AT_END
404.25,404.4361420855464,,,,PENDING_AT_END
404.59999999999997,404.6167233427198,,,,PENDING_AT_END
404.95,405.17686772328005,,,,PENDING_AT_END
405.29999999999995,405.3620112841287,,,,PENDING_AT_END
405.65,405.99301245947345,,,,PENDING_AT_END
406.0,406.35204936621074,,,,PENDING_AT_END
406.34999999999997,406.4951428542867,,,,PENDING_AT_END
406.7,406.91548505858844,,,,PENDING_AT_END
407.04999999999995,407.282796756836,,,,PENDING_AT_END
407.4,407.5787234131883,,,,PENDING_AT_END
407.75,408.1248356390581,,,,PENDING_AT_END
408.09999999999997,408.3060920381975,,,,PENDING_AT_END
408.45,408.6967770889502,,,,PENDING_AT_END
408.79999999999995,408.9775306199509,,,,PENDING_AT_END
409.15,409.2854667020191,,,,PENDING_AT_END
409.5,409.73314220862505,,,,PENDING_AT_END
409.84999999999997,410.21277843377135,,,,PENDING_AT_END
410.2,410.27561766745833,,,,PENDING_AT_END
410.54999999999995,410.81779634863926,,,,PENDING_AT_END
410.9,411.0923136243307,,,,PENDING_AT_END
411.25,411.4154681966886,,,,PENDING_AT_END
411.59999999999997,411.86433020942746,,,,PENDING_AT_END
411.95,412.0481509255763,,,,PENDING_AT_END
412.29999999999995,412.63963097877183,,,,PENDING_AT_END
412.65,412.9331007555204,,,,PENDING_AT_END
413.0,413.11092704127213,,,,PENDING_AT_END
413.34999999999997,413.36447601426613,,,,PENDING_AT_END
413.7,413.8263317740261,,,,PENDING_AT_END
414.04999999999995,414.2445416128053,,,,PENDING_AT_END
414.4,414.60150383821826,,,,PENDING_AT_END
414.75,414.9605537301786,,,,PENDING_AT_END
415.09999999999997,415.3273088939173,,,,PENDING_AT_END
415.45,415.71681211314745,,,,PENDING_AT_END
415.79999999999995,416.16532464091324,,,,PENDING_AT_END
416.15,416.27203676345437,,,,PENDING_AT_END
416.5,416.50026710702616,,,,PENDING_AT_END
416.84999999999997,417.1289703666635,,,,PENDING_AT_END
417.2,417.5722955685804,,,,PENDING_AT_END
417.54999999999995,417.5681033595612,,,,PENDING_AT_END
417.9,418.166407514213,,,,PENDING_AT_END
418.25,418.5075002595386,,,,PENDING_AT_END
418.59999999999997,418.784393942592,,,,PENDING_AT_END
418.95,419.08682835079395,,,,PENDING_AT_END
419.29999999999995,419.31912335273364,,,,PENDING_AT_END
419.65,419.6793757386273,,,,PENDING_AT_END
420.0,420.25937047758237,,,,PENDING_AT_END
420.34999999999997,420.3700203114077,,,,PENDING_AT_END
420.7,420.85330014801724,,,,PENDING_AT_END
421.04999999999995,421.4464193203153,,,,PENDING_AT_END
421.4,421.6386714549203,,,,PENDING_AT_END
421.75,421.7703858845092,,,,PENDING_AT_END
422.09999999999997,422.46302405352225,,,,PENDING_AT_END
422.45,422.8305602476359,,,,PENDING_AT_END
422.79999999999995,423.00965310522577,,,,PENDING_AT_END
423.15,423.1503952607302,,,,PENDING_AT_END
423.5,423.5789723461595,,,,PENDING_AT_END
423.84999999999997,424.0664549804572,,,,PENDING_AT_END
424.2,424.55984391553585,,,,PENDING_AT_END
424.54999999999995,424.8976299843432,,,,PENDING_AT_END
424.9,424.92090427959397,,,,PENDING_AT_END
425.25,425.2693739989128,,,,PENDING_AT_END
425.59999999999997,425.7971340972395,,,,PENDING_AT_END
425.95,426.0715032718737,,,,PENDING_AT_END
426.29999999999995,426.690904915596,,,,PENDING_AT_END
426.65,427.04740181989064,,,,PENDING_AT_END
427.0,427.3809922281233,,,,PENDING_AT_END
427.34999999999997,427.4116277045816,,,,PENDING_AT_END
427.7,427.863020158922,,,,PENDING_AT_END
428.04999999999995,428.11524506968146,,,,PENDING_AT_END
428.4,428.64975324332113,,,,PENDING_AT_END
428.75,429.0544458407546,,,,PENDING_AT_END
429.09999999999997,429.1776666558623,,,,PENDING_AT_END
429.45,429.79101611608877,,,,PENDING_AT_END
429.79999999999995,430.06710808076264,,,,PENDING_AT_END
430.15,430.3469694206684,,,,PENDING_AT_END
430.5,430.79750413432214,,,,PENDING_AT_END
430.84999999999997,431.21433202700365,,,,PENDING_AT_END
431.2,431.5591406920353,,,,PENDING_AT_END
431.54999999999995,431.6979858900054,,,,PENDING_AT_END
431.9,432.1157847707308,,,,PENDING_AT_END
432.25,432.3908748616343,,,,PENDING_AT_END
432.59999999999997,432.8582712484992,,,,PENDING_AT_END
432.95,433.3035974599964,,,,PENDING_AT_END
433.29999999999995,433.36859879858275,,,,PENDING_AT_END
433.65,433.84828094777856,,,,PENDING_AT_END
434.0,434.1806612139409,,,,PENDING_AT_END
434.34999999999997,434.36227938014423,,,,PENDING_AT_END
434.7,435.0721109188634,,,,PENDING_AT_END
435.04999999999995,435.2779999977879,,,,PENDING_AT_END
435.4,435.5120115517717,,,,PENDING_AT_END
435.75,435.88190294566357,,,,PENDING_AT_END
436.09999999999997,436.1063895887882,,,,PENDING_AT_END
436.45,436.6959463406616,,,,PENDING_AT_END
436.79999999999995,436.94791235954085,,,,PENDING_AT_END
437.15,437.3811901100821,,,,PENDING_AT_END
437.5,437.65623837389126,,,,PENDING_AT_END
437.84999999999997,438.06490212223724,,,,PENDING_AT_END
438.2,438.4095110621934,,,,PENDING_AT_END
438.54999999999995,438.7352206250679,,,,PENDING_AT_END
438.9,438.9452480017859,,,,PENDING_AT_END
439.25,439.3462507504713,,,,PENDING_AT_END
439.59999999999997,439.74009965936517,,,,PENDING_AT_END
439.95,439.96142307294457,,,,PENDING_AT_END
440.29999999999995,440.5712853159864,,,,PENDING_AT_END
440.65,440.9211839393437,,,,PENDING_AT_END
441.0,441.39874623228945,,,,PENDING_AT_END
441.34999999999997,441.45714967611906,,,,PENDING_AT_END
441.7,441.7783770186422,,,,PENDING_AT_END
442.04999999999995,442.20729100809774,,,,PENDING_AT_END
442.4,442.7689601088981,,,,PENDING_AT_END
442.75,442.9567508488076,,,,PENDING_AT_END
443.09999999999997,443.3556682161239,,,,PENDING_AT_END
443.45,443.4787940907775,,,,PENDING_AT_END
443.79999999999995,444.0853906936828,,,,PENDING_AT_END
444.15,444.2184907279716,,,,PENDING_AT_END
444.5,444.86787360608923,,,,PENDING_AT_END
444.84999999999997,445.0917571884085,,,,PENDING_AT_END
445.2,445.3730069203793,,,,PENDING_AT_END
445.54999999999995,445.9058032889585,,,,PENDING_AT_END
445.9,445.9722016720352,,,,PENDING_AT_END
446.25,446.2896952075507,,,,PENDING_AT_END
446.59999999999997,446.66806680355234,,,,PENDING_AT_END
446.95,447.22169162163044,,,,PENDING_AT_END
447.29999999999995,447.68115815386716,,,,PENDING_AT_END
447.65,448.0238229076274,,,,PENDING_AT_END
448.0,448.1787785367286,,,,PENDING_AT_END
448.34999999999997,448.56406214910015,,,,PENDING_AT_END
448.7,448.7843122342188,,,,PENDING_AT_END
449.04999999999995,449.23300625779814,,,,PENDING_AT_END
449.4,449.6239540587467,,,,PENDING_AT_END
449.74999999999994,449.75293988748837,,,,PENDING_AT_END
450.09999999999997,450.4616514117981,,,,PENDING_AT_END
450.45,450.6535197188121,,,,PENDING_AT_END
450.79999999999995,450.97160803396685,,,,PENDING_AT_END
451.15,451.1654647717255,,,,PENDING_AT_END
451.49999999999994,451.7686667724452,,,,PENDING_AT_END
451.84999999999997,451.9105877143605,,,,PENDING_AT_END
452.2,452.4616353264351,,,,PENDING_AT_END
452.54999999999995,452.6806741887999,,,,PENDING_AT_END
452.9,453.25866250067895,,,,PENDING_AT_END
453.24999999999994,453.30824159533944,,,,PENDING_AT_END
453.59999999999997,453.96106061542554,,,,PENDING_AT_END
453.95,454.29992506126774,,,,PENDING_AT_END
454.29999999999995,454.4025708597752,,,,PENDING_AT_END
454.65,454.9333039047708,,,,PENDING_AT_END
454.99999999999994,455.1300699936832,,,,PENDING_AT_END
455.34999999999997,455.50825089013796,,,,PENDING_AT_END
455.7,455.82026608058135,,,,PENDING_AT_END
456.04999999999995,456.27985685503484,,,,PENDING_AT_END
456.4,456.6958295316126,,,,PENDING_AT_END
456.74999999999994,456.89123265469703,,,,PENDING_AT_END
457.09999999999997,457.10098100134377,,,,PENDING_AT_END
457.45,457.5960920376078,,,,PENDING_AT_END
457.79999999999995,458.1463960875511,,,,PENDING_AT_END
458.15,458.3566243068559,,,,PENDING_AT_END
458.49999999999994,458.6514988569082,,,,PENDING_AT_END
458.84999999999997,459.10189305517764,,,,PENDING_AT_END
459.2,459.5631423754672,,,,PENDING_AT_END
459.54999999999995,459.6481019154842,,,,PENDING_AT_END
459.9,460.25025522364274,,,,PENDING_AT_END
460.24999999999994,460.56047931549057,,,,PENDING_AT_END
460.59999999999997,460.8535054598396,,,,PENDING_AT_END
460.95,461.01698007400745,,,,PENDING_AT_END
461.29999999999995,461.43329000877213,,,,PENDING_AT_END
461.65,462.0149973919084,,,,PENDING_AT_END
461.99999999999994,462.3190225570217,,,,PENDING_AT_END
462.34999999999997,462.6587002025979,,,,PENDING_AT_END
462.7,462.9378193556799,,,,PENDING_AT_END
463.04999999999995,463.3701343079317,,,,PENDING_AT_END
463.4,463.6858594470149,,,,PENDING_AT_END
463.74999999999994,463.9935566243676,,,,PENDING_AT_END
464.09999999999997,464.4971321291046,,,,PENDING_AT_END
464.45,464.5340947294939,,,,PENDING_AT_END
464.79999999999995,464.8422824854806,,,,PENDING_AT_END
465.15,465.20332116369207,,,,PENDING_AT_END
465.49999999999994,465.75881469137454,,,,PENDING_AT_END
465.84999999999997,466.19023458136945,,,,PENDING_AT_END
466.2,466.24828717973793,,,,PENDING_AT_END
466.54999999999995,466.86477769237,,,,PENDING_AT_END
466.9,467.0422470723936,,,,PENDING_AT_END
467.24999999999994,467.3478725431094,,,,PENDING_AT_END
467.59999999999997,467.90196840724474,,,,PENDING_AT_END
467.95,467.9535704989998,,,,PENDING_AT_END
468.29999999999995,468.3086441824936,,,,PENDING_AT_END
468.65,469.0139759483452,,,,PENDING_AT_END
468.99999999999994,469.1698489421288,,,,PENDING_AT_END
469.34999999999997,469.51413737426145,,,,PENDING_AT_END
469.7,469.8416226063492,,,,PENDING_AT_END
470.04999999999995,470.3769464975851,,,,PENDING_AT_END
470.4,470.7717214712386,,,,PENDING_AT_END
470.74999999999994,471.0731661386282,,,,PENDING_AT_END
471.09999999999997,471.1271192359031,,,,PENDING_AT_END
471.45,471.5601383309874,,,,PENDING_AT_END
471.79999999999995,471.9358617387494,,,,PENDING_AT_END
472.15,472.5259516431545,,,,PENDING_AT_END
472.49999999999994,472.61684082716914,,,,PENDING_AT_END
472.84999999999997,473.0985907304735,,,,PENDING_AT_END
473.2,473.5320271751669,,,,PENDING_AT_END
473.54999999999995,473.756809315287,,,,PENDING_AT_END
473.9,474.067782133278,,,,PENDING_AT_END
474.24999999999994,474.3664649834794,,,,PENDING_AT_END
474.59999999999997,474.80325259060845,,,,PENDING_AT_END
474.95,475.28072924265706,,,,PENDING_AT_END
475.29999999999995,475.6325674515816,,,,PENDING_AT_END
475.65,476.0216270571542,,,,PENDING_AT_END
475.99999999999994,476.1076283983729,,,,PENDING_AT_END
476.34999999999997,476.7048195309034,,,,PENDING_AT_END
476.7,476.98086833895337,,,,PENDING_AT_END
477.04999999999995,477.09745974628356,,,,PENDING_AT_END
477.4,477.7521302288758,,,,PENDING_AT_END
477.74999999999994,477.88263996075074,,,,PENDING_AT_END
478.09999999999997,478.10564609837564,,,,PENDING_AT_END
478.45,478.55084920845894,,,,PENDING_AT_END
478.79999999999995,478.82793813914395,,,,PENDING_AT_END
479.15,479.25961940714615,,,,PENDING_AT_END
479.49999999999994,479.5727064471021,,,,PENDING_AT_END
479.84999999999997,480.19954394365965,,,,PENDING_AT_END
480.2,480.4293073588705,,,,PENDING_AT_END
480.54999999999995,480.8982208157504,,,,PENDING_AT_END
480.9,481.03296461925345,,,,PENDING_AT_END
481.24999999999994,481.3614734950716,,,,PENDING_AT_END
481.59999999999997,481.65949907835665,,,,PENDING_AT_END
481.95,482.15045278080305,,,,PENDING_AT_END
482.29999999999995,482.56989409018956,,,,PENDING_AT_END
482.65,482.891106749403,,,,PENDING_AT_END
482.99999999999994,483.3183148908965,,,,PENDING_AT_END
483.34999999999997,483.4286713719602,,,,PENDING_AT_END
483.7,483.8359289219259,,,,PENDING_AT_END
484.04999999999995,484.35119686519965,,,,PENDING_AT_END
484.4,484.48492540799475,,,,PENDING_AT_END
484.74999999999994,485.1399545760784,,,,PENDING_AT_END
485.09999999999997,485.35991905936595,,,,PENDING_AT_END
485.45,485.68727005811144,,,,PENDING_AT_END
485.79999999999995,485.9648335977015,,,,PENDING_AT_END
486.15,486.2642080024656,,,,PENDING_AT_END
486.49999999999994,486.5063395021272,,,,PENDING_AT_END
486.84999999999997,486.9598491224836,,,,PENDING_AT_END
487.2,487.23530781955407,,,,PENDING_AT_END
487.54999999999995,487.67738660710063,,,,PENDING_AT_END
487.9,488.2949716340547,,,,PENDING_AT_END
488.24999999999994,488.5747497266903,,,,PENDING_AT_END
488.59999999999997,488.6887295412792,,,,PENDING_AT_END
488.95,489.08201919994684,,,,PENDING_AT_END
489.29999999999995,489.3259042214074,,,,PENDING_AT_END
489.65,489.9063661916704,,,,PENDING_AT_END
489.99999999999994,490.10790907077063,,,,PENDING_AT_END
490.34999999999997,490.5211208820837,,,,PENDING_AT_END
490.7,490.86632557459217,,,,PENDING_AT_END
491.04999999999995,491.4471735282659,,,,PENDING_AT_END
491.4,491.75471771509115,,,,PENDING_AT_END
491.74999999999994,491.7603274698594,,,,PENDING_AT_END
492.09999999999997,492.3166592275821,,,,PENDING_AT_END
492.45,492.48730035181364,,,,PENDING_AT_END
492.79999999999995,492.9026415152381,,,,PENDING_AT_END
493.15,493.52124831923925,,,,PENDING_AT_END
493.49999999999994,493.76188764678676,,,,PENDING_AT_END
493.84999999999997,493.9291452996111,,,,PENDING_AT_END
494.2,494.20135163809863,,,,PENDING_AT_END
494.54999999999995,494.83855307635304,,,,PENDING_AT_END
494.9,494.9615764520795,,,,PENDING_AT_END
495.24999999999994,495.57965135030355,,,,PENDING_AT_END
495.59999999999997,495.8345971249136,,,,PENDING_AT_END
495.95,496.1782827403577,,,,PENDING_AT_END
496.29999999999995,496.44511806766866,,,,PENDING_AT_END
496.65,497.0486936752384,,,,PENDING_AT_END
496.99999999999994,497.0274903485603,,,,PENDING_AT_END
497.34999999999997,497.52840261743114,,,,PENDING_AT_END
497.7,497.7686895367993,,,,PENDING_AT_END
498.04999999999995,498.33378668198907,,,,PENDING_AT_END
498.4,498.43955686169454,,,,PENDING_AT_END
498.74999999999994,498.9731923179342,,,,PENDING_AT_END
499.09999999999997,499.33225403418675,,,,PENDING_AT_END
499.45,499.62719871589576,,,,PENDING_AT_END
499.79999999999995,499.9348931383046,,,,PENDING_AT_END
500.15,500.52845075386244,,,,PENDING_AT_END
500.49999999999994,500.64645998945645,,,,PENDING_AT_END
500.84999999999997,501.01603346617884,,,,PENDING_AT_END
501.2,501.30423639407485,,,,PENDING_AT_END
501.54999999999995,501.5970998739864,,,,PENDING_AT_END
501.9,502.12162177135906,,,,PENDING_AT_END
502.24999999999994,502.5370567415054,,,,PENDING_AT_END
502.59999999999997,502.9798347081348,,,,PENDING_AT_END
502.95,503.1606333272069,,,,PENDING_AT_END
503.29999999999995,503.5223597570224,,,,PENDING_AT_END
503.65,503.7842392962725,,,,PENDING_AT_END
503.99999999999994,504.36064393994803,,,,PENDING_AT_END
504.34999999999997,504.6321655619508,,,,PENDING_AT_END
504.7,504.9440792829236,,,,PENDING_AT_END
505.04999999999995,505.4119984345276,,,,PENDING_AT_END
505.4,505.6950541697862,,,,PENDING_AT_END
505.74999999999994,506.115152437429,,,,PENDING_AT_END
506.09999999999997,506.40930124757966,,,,PENDING_AT_END
506.45,506.7335344654095,,,,PENDING_AT_END
506.79999999999995,507.04096347342204,,,,PENDING_AT_END
507.15,507.5000094857327,,,,PENDING_AT_END
507.49999999999994,507.55100280359574,,,,PENDING_AT_END
507.84999999999997,508.2316252742816,,,,PENDING_AT_END
508.2,508.41295556112806,,,,PENDING_AT_END
508.54999999999995,508.80519074727295,,,,PENDING_AT_END
508.9,508.9777148972238,,,,PENDING_AT_END
509.24999999999994,509.3034400634926,,,,PENDING_AT_END
509.59999999999997,509.80312447682167,,,,PENDING_AT_END
509.95,510.1008089000449,,,,PENDING_AT_END
510.29999999999995,510.5664760603927,,,,PENDING_AT_END
510.65,510.96045189001825,,,,PENDING_AT_END
510.99999999999994,511.1524380355161,,,,PENDING_AT_END
511.34999999999997,511.5230121507407,,,,PENDING_AT_END
511.7,511.78667632832565,,,,PENDING_AT_END
512.05,512.0904555152947,,,,PENDING_AT_END
512.4,512.6523878628201,,,,PENDING_AT_END
512.75,512.9673172912792,,,,PENDING_AT_END
513.1,513.2074805054807,,,,PENDING_AT_END
513.4499999999999,513.6364332321276,,,,PENDING_AT_END
513.8,514.138058165533,,,,PENDING_AT_END
514.15,514.4691141201994,,,,PENDING_AT_END
514.5,514.7456746423595,,,,PENDING_AT_END
514.85,515.0024816482054,,,,PENDING_AT_END
515.1999999999999,515.4228763887903,,,,PENDING_AT_END
515.55,515.5823402571614,,,,PENDING_AT_END
515.9,516.2541334233637,,,,PENDING_AT_END
516.25,516.5345782089112,,,,PENDING_AT_END
516.6,516.6031237377698,,,,PENDING_AT_END
516.9499999999999,517.1090951344712,,,,PENDING_AT_END
517.3,517.4443291697498,,,,PENDING_AT_END
517.65,517.7997620849065,,,,PENDING_AT_END
518.0,518.3581052635368,,,,PENDING_AT_END
518.35,518.3602405722642,,,,PENDING_AT_END
518.6999999999999,519.0109477347502,,,,PENDING_AT_END
519.05,519.1814476431384,,,,PENDING_AT_END
519.4,519.7982182279458,,,,PENDING_AT_END
519.75,519.8382530771371,,,,PENDING_AT_END
520.1,520.2576924190697,,,,PENDING_AT_END
520.4499999999999,520.6137733549734,,,,PENDING_AT_END
520.8,520.9737116887356,,,,PENDING_AT_END
521.15,521.5264515336663,,,,PENDING_AT_END
521.5,521.7109048493858,,,,PENDING_AT_END
521.85,521.9740716057653,,,,PENDING_AT_END
522.1999999999999,522.5005021048074,,,,PENDING_AT_END
522.55,522.6546339901854,,,,PENDING_AT_END
522.9,522.9490649277292,,,,PENDING_AT_END
523.25,523.345235119363,,,,PENDING_AT_END
523.6,523.8637691762345,,,,PENDING_AT_END
523.9499999999999,524.2592619673343,,,,PENDING_AT_END
524.3,524.5519619155973,,,,PENDING_AT_END
524.65,524.9701420652572,,,,PENDING_AT_END
525.0,525.067047097918,,,,PENDING_AT_END
525.35,525.7308880378501,,,,PENDING_AT_END
525.6999999999999,525.8933000018791,,,,PENDING_AT_END
526.05,526.0524128437689,,,,PENDING_AT_END
526.4,526.6581601362828,,,,PENDING_AT_END
526.75,526.9886040257188,,,,PENDING_AT_END
527.1,527.4125015471885,,,,PENDING_AT_END
527.4499999999999,527.4846099007124,,,,PENDING_AT_END
527.8,527.8623378354523,,,,PENDING_AT_END
528.15,528.1733779822349,,,,PENDING_AT_END
528.5,528.8821407645171,,,,PENDING_AT_END
528.85,528.9640492329514,,,,PENDING_AT_END
529.1999999999999,529.2121598614443,,,,PENDING_AT_END
529.55,529.7026827698351,,,,PENDING_AT_END
529.9,530.0166757122621,,,,PENDING_AT_END
530.25,530.4115070053058,,,,PENDING_AT_END
530.6,530.7052170174553,,,,PENDING_AT_END
530.9499999999999,531.2565127750685,,,,PENDING_AT_END
531.3,531.5365816115911,,,,PENDING_AT_END
531.65,531.8660572323378,,,,PENDING_AT_END
532.0,532.3410520534133,,,,PENDING_AT_END
532.35,532.5847068479048,,,,PENDING_AT_END
532.6999999999999,533.067784861748,,,,PENDING_AT_END
533.05,533.0892826397323,,,,PENDING_AT_END
533.4,533.7400188996115,,,,PENDING_AT_END
533.75,533.9427272387434,,,,PENDING_AT_END
534.1,534.198341388361,,,,PENDING_AT_END
534.4499999999999,534.4706828687841,,,,PENDING_AT_END
534.8,534.8317496318016,,,,PENDING_AT_END
535.15,535.346960445654,,,,PENDING_AT_END
535.5,535.5249003674983,,,,PENDING_AT_END
535.85,535.9178874463377,,,,PENDING_AT_END
536.1999999999999,536.3659591791567,,,,PENDING_AT_END
536.55,536.6381327834576,,,,PENDING_AT_END
536.9,537.0070629880339,,,,PENDING_AT_END
537.25,537.633799487958,,,,PENDING_AT_END
537.5999999999999,537.6675856626714,,,,PENDING_AT_END
537.9499999999999,538.0723095085124,,,,PENDING_AT_END
538.3,538.6720184460648,,,,PENDING_AT_END
538.65,538.8195191448782,,,,PENDING_AT_END
539.0,539.1060059992576,,,,PENDING_AT_END
539.3499999999999,539.3845133047273,,,,PENDING_AT_END
539.6999999999999,540.0103052822559,,,,PENDING_AT_END
540.05,540.4083768700443,,,,PENDING_AT_END
540.4,540.4405249393277,,,,PENDING_AT_END
540.75,540.9731445692048,,,,PENDING_AT_END
541.0999999999999,541.2684777333734,,,,PENDING_AT_END
541.4499999999999,541.7049348929885,,,,PENDING_AT_END
541.8,541.8379168201755,,,,PENDING_AT_END
542.15,542.3260092403226,,,,PENDING_AT_END
542.5,542.5455664076023,,,,PENDING_AT_END
542.8499999999999,542.9714029923539,,,,PENDING_AT_END
543.1999999999999,543.3408339850456,,,,PENDING_AT_END
543.55,543.797310829186,,,,PENDING_AT_END
543.9,544.2144636466065,,,,PENDING_AT_END
544.25,544.2765714891084,,,,PENDING_AT_END
544.5999999999999,544.9989215211888,,,,PENDING_AT_END
544.9499999999999,545.050027594964,,,,PENDING_AT_END
545.3,545.62025870202,,,,PENDING_AT_END
545.65,545.8584583708085,,,,PENDING_AT_END
546.0,546.1444122241576,,,,PENDING_AT_END
546.3499999999999,546.5014205458422,,,,PENDING_AT_END
546.6999999999999,546.8720349246652,,,,PENDING_AT_END
547.05,547.3954238866563,,,,PENDING_AT_END
547.4,547.7695331492404,,,,PENDING_AT_END
547.75,548.0894583538268,,,,PENDING_AT_END
548.0999999999999,548.2096880876366,,,,PENDING_AT_END
548.4499999999999,548.8472319371084,,,,PENDING_AT_END
548.8,549.117305081423,,,,PENDING_AT_END
549.15,549.5061956958506,,,,PENDING_AT_END
549.5,549.7039181139792,,,,PENDING_AT_END
549.8499999999999,550.0985214852467,,,,PENDING_AT_END
550.1999999999999,550.2870458177571,,,,PENDING_AT_END
550.55,550.6428206196244,,,,PENDING_AT_END
550.9,550.9165496249544,,,,PENDING_AT_END
551.25,551.5355977441454,,,,PENDING_AT_END
551.5999999999999,551.923263398561,,,,PENDING_AT_END
551.9499999999999,552.0641513841298,,,,PENDING_AT_END
552.3,552.5974189685164,,,,PENDING_AT_END
552.65,552.677050825423,,,,PENDING_AT_END
553.0,553.2891631648611,,,,PENDING_AT_END
553.3499999999999,553.6289359826219,,,,PENDING_AT_END
553.6999999999999,554.0220596978621,,,,PENDING_AT_END
554.05,554.3842008844515,,,,PENDING_AT_END
554.4,554.4450486774582,,,,PENDING_AT_END
554.75,555.0857952777799,,,,PENDING_AT_END
555.0999999999999,555.1853905998116,,,,PENDING_AT_END
555.4499999999999,555.7047714487034,,,,PENDING_AT_END
555.8,556.0714234638958,,,,PENDING_AT_END
556.15,556.4766692926754,,,,PENDING_AT_END
556.5,556.656714160606,,,,PENDING_AT_END
556.8499999999999,556.9377853362041,,,,PENDING_AT_END
557.1999999999999,557.4373807861267,,,,PENDING_AT_END
557.55,557.7897578042314,,,,PENDING_AT_END
557.9,557.9107997388438,,,,PENDING_AT_END
558.25,558.4606173766194,,,,PENDING_AT_END
558.5999999999999,558.8887380599983,,,,PENDING_AT_END
558.9499999999999,559.2121977313953,,,,PENDING_AT_END
559.3,559.5096942395955,,,,PENDING_AT_END
559.65,559.7661243068372,,,,PENDING_AT_END
560.0,560.2327997176167,,,,PENDING_AT_END
560.3499999999999,560.3643856591541,,,,PENDING_AT_END
560.6999999999999,560.7833488528812,,,,PENDING_AT_END
561.05,561.3446220151568,,,,PENDING_AT_END
561.4,561.6729055340553,,,,PENDING_AT_END
561.75,562.1333612883457,,,,PENDING_AT_END
562.0999999999999,562.2525576209907,,,,PENDING_AT_END
562.4499999999999,562.4910445635866,,,,PENDING_AT_END
562.8,563.1184430893934,,,,PENDING_AT_END
563.15,563.4173831783552,,,,PENDING_AT_END
563.5,563.6329543767924,,,,PENDING_AT_END
563.8499999999999,564.1083328276864,,,,PENDING_AT_END
564.1999999999999,564.2413042806955,,,,PENDING_AT_END
564.55,564.8170863829887,,,,PENDING_AT_END
564.9,565.0872993333275,,,,PENDING_AT_END
565.25,565.4199707376868,,,,PENDING_AT_END
565.5999999999999,565.8123903101898,,,,PENDING_AT_END
565.9499999999999,566.2180726480684,,,,PENDING_AT_END
566.3,566.6450841858218,,,,PENDING_AT_END
566.65,566.9156741265066,,,,PENDING_AT_END
567.0,567.3709357913995,,,,PENDING_AT_END
567.3499999999999,567.4457368569867,,,,PENDING_AT_END
567.6999999999999,567.7075724002576,,,,PENDING_AT_END
568.05,568.2712812976706,,,,PENDING_AT_END
568.4,568.5441596265308,,,,PENDING_AT_END
568.75,569.0166935654165,,,,PENDING_AT_END
569.0999999999999,569.3081655184205,,,,PENDING_AT_END
569.4499999999999,569.553093654374,,,,PENDING_AT_END
569.8,569.9104603977287,,,,PENDING_AT_END
570.15,570.1979730006013,,,,PENDING_AT_END
570.5,570.5590726488081,,,,PENDING_AT_END
570.8499999999999,571.0520004784248,,,,PENDING_AT_END
571.1999999999999,571.3927637135749,,,,PENDING_AT_END
571.55,571.5847395401236,,,,PENDING_AT_END
571.9,572.0171080146707,,,,PENDING_AT_END
572.25,572.2849872405634,,,,PENDING_AT_END
572.5999999999999,572.6524120937509,,,,PENDING_AT_END
572.9499999999999,573.1561305002318,,,,PENDING_AT_END
573.3,573.4867787809701,,,,PENDING_AT_END
573.65,573.8121938774688,,,,PENDING_AT_END
574.0,574.3569057985035,,,,PENDING_AT_END
574.3499999999999,574.6651641936678,,,,PENDING_AT_END
574.6999999999999,574.7722938855646,,,,PENDING_AT_END
575.05,575.4226152566948,,,,PENDING_AT_END
575.4,575.5039251037437,,,,PENDING_AT_END
575.75,576.0393446396779,,,,PENDING_AT_END
576.0999999999999,576.1599645735507,,,,PENDING_AT_END
576.4499999999999,576.8362914490193,,,,PENDING_AT_END
576.8,577.0110546115754,,,,PENDING_AT_END
577.15,577.2680622801664,,,,PENDING_AT_END
577.5,577.546833448268,,,,PENDING_AT_END
577.8499999999999,578.2044829931478,,,,PENDING_AT_END
578.1999999999999,578.3489178785552,,,,PENDING_AT_END
578.55,578.7648252131023,,,,PENDING_AT_END
578.9,579.1603154610567,,,,PENDING_AT_END
579.25,579.5243914127689,,,,PENDING_AT_END
579.5999999999999,579.6188077148863,,,,PENDING_AT_END
579.9499999999999,580.2374304372621,,,,PENDING_AT_END
580.3,580.6952546552359,,,,PENDING_AT_END
580.65,580.7845135900155,,,,PENDING_AT_END
581.0,581.37688811252,,,,PENDING_AT_END
581.3499999999999,581.550866089384,,,,PENDING_AT_END
581.6999999999999,581.7061099806969,,,,PENDING_AT_END
582.05,582.105386029988,,,,PENDING_AT_END
582.4,582.7452304261088,,,,PENDING_AT_END
582.75,582.8477807591332,,,,PENDING_AT_END
583.0999999999999,583.4972085274908,,,,PENDING_AT_END
583.4499999999999,583.499911654062,,,,PENDING_AT_END
583.8,583.9812706199116,,,,PENDING_AT_END
584.15,584.4945364601123,,,,PENDING_AT_END
584.5,584.678688880165,,,,PENDING_AT_END
584.8499999999999,584.9099057407775,,,,PENDING_AT_END
585.1999999999999,585.4113461310577,,,,PENDING_AT_END
585.55,585.7538877341963,,,,PENDING_AT_END
585.9,585.9727235059614,,,,PENDING_AT_END
586.25,586.428854209976,,,,PENDING_AT_END
586.5999999999999,586.7557713983556,,,,PENDING_AT_END
586.9499999999999,587.0753592510251,,,,PENDING_AT_END
587.3,587.6278095462249,,,,PENDING_AT_END
587.65,587.9054990746171,,,,PENDING_AT_END
588.0,588.209861925362,,,,PENDING_AT_END
588.3499999999999,588.5222930258456,,,,PENDING_AT_END
588.6999999999999,589.0475975175351,,,,PENDING_AT_END
589.05,589.368821219394,,,,PENDING_AT_END
589.4,589.7356165626519,,,,PENDING_AT_END
589.75,590.0471487295474,,,,PENDING_AT_END
590.0999999999999,590.3050867826942,,,,PENDING_AT_END
590.4499999999999,590.5152165449805,,,,PENDING_AT_END
590.8,590.9163460523637,,,,PENDING_AT_END
591.15,591.3454622090541,,,,PENDING_AT_END
591.5,591.5722040874095,,,,PENDING_AT_END
591.8499999999999,592.2216786562501,,,,PENDING_AT_END
592.1999999999999,592.5630558271611,,,,PENDING_AT_END
592.55,592.7252312599551,,,,PENDING_AT_END
592.9,593.1883848635965,,,,PENDING_AT_END
593.25,593.3039370827712,,,,PENDING_AT_END
593.5999999999999,593.8626327676454,,,,PENDING_AT_END
593.9499999999999,593.9665618452676,,,,PENDING_AT_END
594.3,594.5011874492834,,,,PENDING_AT_END
594.65,595.0398400084206,,,,PENDING_AT_END
595.0,595.3042004376925,,,,PENDING_AT_END
595.3499999999999,595.6819853759853,,,,PENDING_AT_END
595.6999999999999,595.9094576354393,,,,PENDING_AT_END
596.05,596.423571291913,,,,PENDING_AT_END
596.4,596.516366384374,,,,PENDING_AT_END
596.75,596.997836750784,,,,PENDING_AT_END
597.0999999999999,597.449067406664,,,,PENDING_AT_END
597.4499999999999,597.8129723176179,,,,PENDING_AT_END
597.8,597.8051739289169,,,,PENDING_AT_END
598.15,598.4017857030809,,,,PENDING_AT_END
598.5,598.5578072646024,,,,PENDING_AT_END
598.8499999999999,599.1487387413658,,,,PENDING_AT_END
599.1999999999999,599.4205537816634,,,,PENDING_AT_END
599.55,599.5825806358334,,,,PENDING_AT_END
599.9,600.1281270840549,,,,PENDING_AT_END
600.25,600.3629169496717,,,,PENDING_AT_END
600.5999999999999,600.6291377071086,,,,PENDING_AT_END
600.9499999999999,601.1090226911052,,,,PENDING_AT_END
601.3,601.5825943448001,,,,PENDING_AT_END
601.65,601.8760672592165,,,,PENDING_AT_END
602.0,602.1653481878345,,,,PENDING_AT_END
602.3499999999999,602.600103067889,,,,PENDING_AT_END
602.6999999999999,602.9368295755045,,,,PENDING_AT_END
603.05,603.1622324486186,,,,PENDING_AT_END
603.4,603.6182242559752,,,,PENDING_AT_END
603.75,604.0186948414296,,,,PENDING_AT_END
604.0999999999999,604.2875789074606,,,,PENDING_AT_END
604.4499999999999,604.7182515234985,,,,PENDING_AT_END
604.8,605.0398377430918,,,,PENDING_AT_END
605.15,605.4373754361374,,,,PENDING_AT_END
605.5,605.7303265761727,,,,PENDING_AT_END
605.8499999999999,605.9789429374323,,,,PENDING_AT_END
606.1999999999999,606.3493572491967,,,,PENDING_AT_END
606.55,606.5714888961763,,,,PENDING_AT_END
606.9,607.2377155364189,,,,PENDING_AT_END
607.25,607.510291119421,,,,PENDING_AT_END
607.5999999999999,607.9476601585945,,,,PENDING_AT_END
607.9499999999999,607.9594209596193,,,,PENDING_AT_END
608.3,608.3968951117035,,,,PENDING_AT_END
608.65,608.6680378046191,,,,PENDING_AT_END
609.0,609.0368624995062,,,,PENDING_AT_END
609.3499999999999,609.6121047224988,,,,PENDING_AT_END
609.6999999999999,609.7874101050996,,,,PENDING_AT_END
610.05,610.2612366118551,,,,PENDING_AT_END
610.4,610.4558868663986,,,,PENDING_AT_END
610.75,611.0626944621872,,,,PENDING_AT_END
611.0999999999999,611.4893820037255,,,,PENDING_AT_END
611.4499999999999,611.6733768584307,,,,PENDING_AT_END
611.8,612.1815063247243,,,,PENDING_AT_END
612.15,612.3746151464651,,,,PENDING_AT_END
612.5,612.6984970823682,,,,PENDING_AT_END
612.8499999999999,612.9404293680934,,,,PENDING_AT_END
613.1999999999999,613.435058727937,,,,PENDING_AT_END
613.55,613.795505580315,,,,PENDING_AT_END
613.9,614.1326755792721,,,,PENDING_AT_END
614.25,614.4350634429281,,,,PENDING_AT_END
614.5999999999999,614.780359479885,,,,PENDING_AT_END
614.9499999999999,615.000556855205,,,,PENDING_AT_END
615.3,615.3099898403202,,,,PENDING_AT_END
615.65,615.9413666687286,,,,PENDING_AT_END
616.0,616.2059882939991,,,,PENDING_AT_END
616.3499999999999,616.6794844111164,,,,PENDING_AT_END
616.6999999999999,616.7458791888465,,,,PENDING_AT_END
617.05,617.376743865738,,,,PENDING_AT_END
617.4,617.7379198584955,,,,PENDING_AT_END
617.75,617.9408130333456,,,,PENDING_AT_END
618.0999999999999,618.1059606033816,,,,PENDING_AT_END
618.4499999999999,618.4957220467544,,,,PENDING_AT_END
618.8,619.1563610302437,,,,PENDING_AT_END
619.15,619.4710657868058,,,,PENDING_AT_END
619.5,619.8411131450482,,,,PENDING_AT_END
619.8499999999999,620.0545998172579,,,,PENDING_AT_END
620.1999999999999,620.2753931804397,,,,PENDING_AT_END
620.55,620.7453233624531,,,,PENDING_AT_END
620.9,621.2257648265482,,,,PENDING_AT_END
621.25,621.5742152806386,,,,PENDING_AT_END
621.5999999999999,621.7395246799181,,,,PENDING_AT_END
621.9499999999999,622.2915674401064,,,,PENDING_AT_END
622.3,622.6662426321234,,,,PENDING_AT_END
622.65,623.0176143279629,,,,PENDING_AT_END
623.0,623.1988362910472,,,,PENDING_AT_END
623.3499999999999,623.599907552835,,,,PENDING_AT_END
623.6999999999999,623.8179209101346,,,,PENDING_AT_END
624.05,624.3695154388249,,,,PENDING_AT_END
624.4,624.535768580242,,,,PENDING_AT_END
624.75,624.8849762928694,,,,PENDING_AT_END
625.0999999999999,625.319829306552,,,,PENDING_AT_END
625.4499999999999,625.4819042346707,,,,PENDING_AT_END
625.8,626.0982870340374,,,,PENDING_AT_END
626.15,626.3148432421962,,,,PENDING_AT_END
626.5,626.5208597437615,,,,PENDING_AT_END
626.8499999999999,627.0667217174132,,,,PENDING_AT_END
627.1999999999999,627.5542199993587,,,,PENDING_AT_END
627.55,627.5604575431303,,,,PENDING_AT_END
627.9,628.1176580682239,,,,PENDING_AT_END
628.25,628.6457705537055,,,,PENDING_AT_END
628.5999999999999,628.6832555165213,,,,PENDING_AT_END
628.9499999999999,629.095150175215,,,,PENDING_AT_END
629.3,629.528164742525,,,,PENDING_AT_END
629.65,629.8008742426406,,,,PENDING_AT_END
630.0,630.0781889280056,,,,PENDING_AT_END
630.3499999999999,630.4762144624572,,,,PENDING_AT_END
630.6999999999999,630.8221341293671,,,,PENDING_AT_END
631.05,631.2282781325305,,,,PENDING_AT_END
631.4,631.7368614160795,,,,PENDING_AT_END
631.75,631.9950822453393,,,,PENDING_AT_END
632.0999999999999,632.420836309251,,,,PENDING_AT_END
632.4499999999999,632.7580931739213,,,,PENDING_AT_END
632.8,632.88150326443,,,,PENDING_AT_END
633.15,633.3492064136084,,,,PENDING_AT_END
633.5,633.5520972452673,,,,PENDING_AT_END
633.8499999999999,634.076918373504,,,,PENDING_AT_END
634.1999999999999,634.3894466498124,,,,PENDING_AT_END
634.55,634.5646321527879,,,,PENDING_AT_END
634.9,635.0310445381637,,,,PENDING_AT_END
635.25,635.4829754715884,,,,PENDING_AT_END
635.5999999999999,635.9660683943564,,,,PENDING_AT_END
635.9499999999999,636.1042347872811,,,,PENDING_AT_END
636.3,636.6749372774345,,,,PENDING_AT_END
636.65,636.6520545059406,,,,PENDING_AT_END
637.0,637.0589945332986,,,,PENDING_AT_END
637.3499999999999,637.566900796812,,,,PENDING_AT_END
637.6999999999999,637.8470398178598,,,,PENDING_AT_END
638.05,638.1063181745685,,,,PENDING_AT_END
638.4,638.7049420109271,,,,PENDING_AT_END
638.75,639.0929269640162,,,,PENDING_AT_END
639.0999999999999,639.304457983435,,,,PENDING_AT_END
639.4499999999999,639.4660674754588,,,,PENDING_AT_END
639.8,640.1554814272577,,,,PENDING_AT_END
640.15,640.475802475975,,,,PENDING_AT_END
640.5,640.8226516616171,,,,PENDING_AT_END
640.8499999999999,640.8759527900502,,,,PENDING_AT_END
641.1999999999999,641.2302334938835,,,,PENDING_AT_END
641.55,641.6011426652301,,,,PENDING_AT_END
641.9,642.0358660905068,,,,PENDING_AT_END
642.25,642.4737993061774,,,,PENDING_AT_END
642.5999999999999,642.7019272799935,,,,PENDING_AT_END
642.9499999999999,643.2164596066115,,,,PENDING_AT_END
643.3,643.65855430443,,,,PENDING_AT_END
643.65,643.9848002838097,,,,PENDING_AT_END
644.0,644.1437931708656,,,,PENDING_AT_END
644.3499999999999,644.3954140785768,,,,PENDING_AT_END
644.6999999999999,644.7011801581442,,,,PENDING_AT_END
645.05,645.1957692670312,,,,PENDING_AT_END
645.4,645.557735826988,,,,PENDING_AT_END
645.75,645.9447704075701,,,,PENDING_AT_END
646.0999999999999,646.3980009013424,,,,PENDING_AT_END
646.4499999999999,646.5034457346827,,,,PENDING_AT_END
646.8,647.0076061531249,,,,PENDING_AT_END
647.15,647.3640059717253,,,,PENDING_AT_END
647.5,647.5310992651939,,,,PENDING_AT_END
647.8499999999999,648.0617511806886,,,,PENDING_AT_END
648.1999999999999,648.5795244793954,,,,PENDING_AT_END
648.55,648.7055290712783,,,,PENDING_AT_END
648.9,649.213447286733,,,,PENDING_AT_END
649.25,649.5580689833491,,,,PENDING_AT_END
649.5999999999999,649.8057588201923,,,,PENDING_AT_END
649.9499999999999,650.2393650687192,,,,PENDING_AT_END
650.3,650.3696813753922,,,,PENDING_AT_END
650.65,650.6928631317236,,,,PENDING_AT_END
651.0,651.0671171939769,,,,PENDING_AT_END
651.3499999999999,651.5841696504838,,,,PENDING_AT_END
651.6999999999999,651.8682070832066,,,,PENDING_AT_END
652.05,652.3077253426909,,,,PENDING_AT_END
652.4,652.5961922072723,,,,PENDING_AT_END
652.75,652.8239117317246,,,,PENDING_AT_END
653.0999999999999,653.4503944244539,,,,PENDING_AT_END
653.4499999999999,653.5509962736356,,,,PENDING_AT_END
653.8,654.1452585019358,,,,PENDING_AT_END
654.15,654.2530978282701,,,,PENDING_AT_END
654.5,654.575866787161,,,,PENDING_AT_END
654.8499999999999,654.8714018894491,,,,PENDING_AT_END
655.1999999999999,655.3780381048504,,,,PENDING_AT_END
655.55,655.6627234436899,,,,PENDING_AT_END
655.9,655.9723352643356,,,,PENDING_AT_END
656.25,656.3676412451189,,,,PENDING_AT_END
656.5999999999999,656.7330428743828,,,,PENDING_AT_END
656.9499999999999,657.2898071434157,,,,PENDING_AT_END
657.3,657.3179317831346,,,,PENDING_AT_END
657.65,657.7729025205164,,,,PENDING_AT_END
658.0,658.1803084510705,,,,PENDING_AT_END
658.3499999999999,658.4535241211083,,,,PENDING_AT_END
658.6999999999999,659.0624552956498,,,,PENDING_AT_END
659.05,659.3688578865665,,,,PENDING_AT_END
659.4,659.7760869525606,,,,PENDING_AT_END
659.75,660.1095246954737,,,,PENDING_AT_END
660.0999999999999,660.3680783951766,,,,PENDING_AT_END
660.4499999999999,660.6136041172791,,,,PENDING_AT_END
660.8,660.9232306589179,,,,PENDING_AT_END
661.15,661.1893304239085,,,,PENDING_AT_END
661.5,661.83135471062,,,,PENDING_AT_END
661.8499999999999,662.1290088738021,,,,PENDING_AT_END
662.1999999999999,662.3939957011272,,,,PENDING_AT_END
662.55,662.8195614139122,,,,PENDING_AT_END
662.9,663.2718712090613,,,,PENDING_AT_END
663.25,663.4581376651647,,,,PENDING_AT_END
663.5999999999999,663.6784013067022,,,,PENDING_AT_END
663.9499999999999,664.1243705718763,,,,PENDING_AT_END
664.3,664.6509136092254,,,,PENDING_AT_END
664.65,665.0473034147318,,,,PENDING_AT_END
665.0,665.1397548609373,,,,PENDING_AT_END
665.3499999999999,665.4191341006585,,,,PENDING_AT_END
665.6999999999999,666.0401831060229,,,,PENDING_AT_END
666.05,666.2724149360367,,,,PENDING_AT_END
666.4,666.6868424954795,,,,PENDING_AT_END
666.75,666.9215226936426,,,,PENDING_AT_END
667.0999999999999,667.3755285927339,,,,PENDING_AT_END
667.4499999999999,667.5533315029842,,,,PENDING_AT_END
667.8,667.902483055489,,,,PENDING_AT_END
668.15,668.4098709959784,,,,PENDING_AT_END
668.5,668.6030405181589,,,,PENDING_AT_END
668.8499999999999,669.0725277021031,,,,PENDING_AT_END
669.1999999999999,669.4296825885355,,,,PENDING_AT_END
669.55,669.7166082262859,,,,PENDING_AT_END
669.9,669.9946176509005,,,,PENDING_AT_END
670.25,670.4438015684993,,,,PENDING_AT_END
670.5999999999999,670.7144439142455,,,,PENDING_AT_END
670.9499999999999,670.9755749765085,,,,PENDING_AT_END
671.3,671.6030278530654,,,,PENDING_AT_END
671.65,671.7294838235674,,,,PENDING_AT_END
672.0,672.1039953837185,,,,PENDING_AT_END
672.3499999999999,672.6985650989066,,,,PENDING_AT_END
672.6999999999999,672.9839651762276,,,,PENDING_AT_END
673.05,673.1255875971553,,,,PENDING_AT_END
673.4,673.723079836241,,,,PENDING_AT_END
673.75,674.0655564010303,,,,PENDING_AT_END
674.0999999999999,674.4852317300065,,,,PENDING_AT_END
674.4499999999999,674.7493458543216,,,,PENDING_AT_END
674.8,675.0414157470163,,,,PENDING_AT_END
675.15,675.3968015425802,,,,PENDING_AT_END
675.5,675.7303208500987,,,,PENDING_AT_END
675.8499999999999,675.9438878000503,,,,PENDING_AT_END
676.1999999999999,676.2817336611296,,,,PENDING_AT_END
676.55,676.8502430787605,,,,PENDING_AT_END
676.9,677.188235377275,,,,PENDING_AT_END
677.25,677.4408913348145,,,,PENDING_AT_END
677.5999999999999,677.610485154245,,,,PENDING_AT_END
677.9499999999999,678.1937072287941,,,,PENDING_AT_END
678.3,678.4658116545465,,,,PENDING_AT_END
678.65,678.712623057805,,,,PENDING_AT_END
679.0,679.3243248254939,,,,PENDING_AT_END
679.3499999999999,679.6924854140029,,,,PENDING_AT_END
679.6999999999999,679.8991460798105,,,,PENDING_AT_END
680.05,680.1963919360476,,,,PENDING_AT_END
680.4,680.4566973600244,,,,PENDING_AT_END
680.75,680.8544171618471,,,,PENDING_AT_END
681.0999999999999,681.2915634661676,,,,PENDING_AT_END
681.4499999999999,681.5534250641796,,,,PENDING_AT_END
681.8,681.8546800253864,,,,PENDING_AT_END
682.15,682.5464124234403,,,,PENDING_AT_END
682.5,682.518923942514,,,,PENDING_AT_END
682.8499999999999,683.1150403821416,,,,PENDING_AT_END
683.1999999999999,683.370358882186,,,,PENDING_AT_END
683.55,683.7061348213776,,,,PENDING_AT_END
683.9,684.0716885484281,,,,PENDING_AT_END
684.25,684.4253945554235,,,,PENDING_AT_END
684.5999999999999,684.7582941175549,,,,PENDING_AT_END
684.9499999999999,685.317364755182,,,,PENDING_AT_END
685.3,685.4874595415283,,,,PENDING_AT_END
685.65,685.9580182813642,,,,PENDING_AT_END
686.0,686.0066361082593,,,,PENDING_AT_END
686.3499999999999,686.6308370280715,,,,PENDING_AT_END
686.6999999999999,686.8171499494721,,,,PENDING_AT_END
687.05,687.0747990241418,,,,PENDING_AT_END
687.4,687.453245860792,,,,PENDING_AT_END
687.75,688.0455576088277,,,,PENDING_AT_END
688.0999999999999,688.4197375750048,,,,PENDING_AT_END
688.4499999999999,688.7102450783992,,,,PENDING_AT_END
688.8,688.937916403369,,,,PENDING_AT_END
689.15,689.3653060720138,,,,PENDING_AT_END
689.5,689.6474816053039,,,,PENDING_AT_END
689.8499999999999,689.9000150877996,,,,PENDING_AT_END
690.1999999999999,690.2924060552799,,,,PENDING_AT_END
690.55,690.7723788806054,,,,PENDING_AT_END
690.9,690.9495146434793,,,,PENDING_AT_END
691.25,691.534239096303,,,,PENDING_AT_END
691.5999999999999,691.8253499117106,,,,PENDING_AT_END
691.9499999999999,692.1293781834107,,,,PENDING_AT_END
692.3,692.5206705231924,,,,PENDING_AT_END
692.65,692.7729190781123,,,,PENDING_AT_END
693.0,693.2537675209537,,,,PENDING_AT_END
693.3499999999999,693.3613820556234,,,,PENDING_AT_END
693.6999999999999,693.923165142718,,,,PENDING_AT_END
694.05,694.2434885067007,,,,PENDING_AT_END
694.4,694.6082543460715,,,,PENDING_AT_END
694.75,694.7957442073255,,,,PENDING_AT_END
695.0999999999999,695.1917073160989,,,,PENDING_AT_END
695.4499999999999,695.7272010318919,,,,PENDING_AT_END
695.8,695.8275266377923,,,,PENDING_AT_END
696.15,696.5274304506128,,,,PENDING_AT_END
696.5,696.8162945449478,,,,PENDING_AT_END
696.8499999999999,696.9433714906172,,,,PENDING_AT_END
697.1999999999999,697.3554782500217,,,,PENDING_AT_END
697.55,697.5840302952024,,,,PENDING_AT_END
697.9,698.1396850224404,,,,PENDING_AT_END
698.25,698.5454061646046,,,,PENDING_AT_END
698.5999999999999,698.8591871459366,,,,PENDING_AT_END
698.9499999999999,699.2213369576365,,,,PENDING_AT_END
699.3,699.4013145915533,,,,PENDING_AT_END
699.65,700.0116777565487,,,,PENDING_AT_END
700.0,700.2408579771732,,,,PENDING_AT_END
700.3499999999999,700.4259886680022,,,,PENDING_AT_END
700.6999999999999,700.8594267043994,,,,PENDING_AT_END
701.05,701.0984742459543,,,,PENDING_AT_END
701.4,701.7211812455997,,,,PENDING_AT_END
701.75,701.9201992436049,,,,PENDING_AT_END
702.0999999999999,702.2942218356873,,,,PENDING_AT_END
702.4499999999999,702.5539124859812,,,,PENDING_AT_END
702.8,703.1687932098212,,,,PENDING_AT_END
703.15,703.3369091636197,,,,PENDING_AT_END
703.5,703.5281509853078,,,,PENDING_AT_END
703.8499999999999,704.1057754195165,,,,PENDING_AT_END
704.1999999999999,704.3071068993719,,,,PENDING_AT_END
704.55,704.9171428802424,,,,PENDING_AT_END
704.9,704.9413134470032,,,,PENDING_AT_END
705.25,705.567451428919,,,,PENDING_AT_END
705.5999999999999,705.6183439914776,,,,PENDING_AT_END
705.9499999999999,706.2758900864932,,,,PENDING_AT_END
706.3,706.3537350850268,,,,PENDING_AT_END
706.65,706.9388105354898,,,,PENDING_AT_END
707.0,707.0998907575986,,,,PENDING_AT_END
707.3499999999999,707.6426073323196,,,,PENDING_AT_END
707.6999999999999,707.9281831308391,,,,PENDING_AT_END
708.05,708.1470166002355,,,,PENDING_AT_END
708.4,708.710606401227,,,,PENDING_AT_END
708.75,708.9526503853617,,,,PENDING_AT_END
709.0999999999999,709.2588993178276,,,,PENDING_AT_END
709.4499999999999,709.7883086338155,,,,PENDING_AT_END
709.8,709.82584017656,,,,PENDING_AT_END
710.15,710.411494933065,,,,PENDING_AT_END
710.5,710.625296368484,,,,PENDING_AT_END
710.8499999999999,710.872876367521,,,,PENDING_AT_END
711.1999999999999,711.5237092075848,,,,PENDING_AT_END
711.55,711.6571982518008,,,,PENDING_AT_END
711.9,711.9774952220915,,,,PENDING_AT_END
712.25,712.4855685207704,,,,PENDING_AT_END
712.5999999999999,712.6565690876166,,,,PENDING_AT_END
712.9499999999999,713.2816896718733,,,,PENDING_AT_END
713.3,713.5681780131943,,,,PENDING_AT_END
713.65,713.9208013097572,,,,PENDING_AT_END
714.0,714.1357558784266,,,,PENDING_AT_END
714.3499999999999,714.5922439530989,,,,PENDING_AT_END
714.6999999999999,714.9335972837927,,,,PENDING_AT_END
715.05,715.1248383400866,,,,PENDING_AT_END
715.4,715.7716537312427,,,,PENDING_AT_END
715.75,715.8342826290523,,,,PENDING_AT_END
716.0999999999999,716.3932776891875,,,,PENDING_AT_END
716.4499999999999,716.6366063531062,,,,PENDING_AT_END
716.8,716.9419866084679,,,,PENDING_AT_END
717.15,717.2223936020006,,,,PENDING_AT_END
717.5,717.7891343598055,,,,PENDING_AT_END
717.8499999999999,718.2242174869552,,,,PENDING_AT_END
718.1999999999999,718.5455932404415,,,,PENDING_AT_END
718.55,718.6892624687484,,,,PENDING_AT_END
718.9,719.0429434237002,,,,PENDING_AT_END
719.25,719.6056678532984,,,,PENDING_AT_END
719.5999999999999,719.7388640167753,,,,PENDING_AT_END
719.9499999999999,720.243516976583,,,,PENDING_AT_END
720.3,720.6714547061329,,,,PENDING_AT_END
720.65,720.6991726802745,,,,PENDING_AT_END
721.0,721.05677296965,,,,PENDING_AT_END
721.3499999999999,721.6073722968397,,,,PENDING_AT_END
721.6999999999999,722.0121834298776,,,,PENDING_AT_END
722.05,722.1623757245977,,,,PENDING_AT_END
722.4,722.7262600779596,,,,PENDING_AT_END
722.75,722.918635980739,,,,PENDING_AT_END
723.0999999999999,723.2424603715956,,,,PENDING_AT_END
723.4499999999999,723.5917596027786,,,,PENDING_AT_END
723.8,724.1769496016257,,,,PENDING_AT_END
724.15,724.3623339765151,,,,PENDING_AT_END
724.5,724.5915807702381,,,,PENDING_AT_END
724.8499999999999,725.0021371816051,,,,PENDING_AT_END
725.1999999999999,725.5790034691325,,,,PENDING_AT_END
725.55,725.8272471384175,,,,PENDING_AT_END
725.9,725.9204929062499,,,,PENDING_AT_END
726.25,726.2951576965559,,,,PENDING_AT_END
726.5999999999999,726.9065503474201,,,,PENDING_AT_END
726.9499999999999,726.9786831738605,,,,PENDING_AT_END
727.3,727.3447879903474,,,,PENDING_AT_END
727.65,727.8106159314642,,,,PENDING_AT_END
728.0,728.361634732956,,,,PENDING_AT_END
728.3499999999999,728.3505265420149,,,,PENDING_AT_END
728.6999999999999,729.008670671292,,,,PENDING_AT_END
729.05,729.0967113261693,,,,PENDING_AT_END
729.4,729.5313659178763,,,,PENDING_AT_END
729.75,729.8914247103567,,,,PENDING_AT_END
730.0999999999999,730.1682457964414,,,,PENDING_AT_END
730.4499999999999,730.4699553408396,,,,PENDING_AT_END
730.8,731.0509280450487,,,,PENDING_AT_END
731.15,731.2701306202845,,,,PENDING_AT_END
731.5,731.5538029325737,,,,PENDING_AT_END
731.8499999999999,732.1177433017644,,,,PENDING_AT_END
732.1999999999999,732.2091616072436,,,,PENDING_AT_END
732.55,732.7476376059374,,,,PENDING_AT_END
732.9,733.1877819593095,,,,PENDING_AT_END
733.25,733.5535670765898,,,,PENDING_AT_END
733.5999999999999,733.9433935241043,,,,PENDING_AT_END
733.9499999999999,734.1758814511462,,,,PENDING_AT_END
734.3,734.313116394007,,,,PENDING_AT_END
734.65,734.6678480126153,,,,PENDING_AT_END
