timestamp,gen_time,sel_time,tx_time,rx_time,status
0.0,0.1625155347383554,155.67098445817157,155.67198445817158,155.84198445817157,TX
0.35,0.6364556670126605,150.92949055236224,150.93049055236224,151.10049055236223,TX
0.7,0.8625887408212176,160.19140305160684,160.19240305160685,160.36240305160683,TX
1.0499999999999998,1.3361056841897225,157.79352928769407,157.79452928769408,157.96452928769406,TX
1.4,1.4523918981553927,156.28200425625946,156.28300425625946,156.45300425625945,TX
1.75,1.8992969211581618,154.9531781442249,154.9541781442249,155.12417814422489,TX
2.0999999999999996,2.208488364778666,156.7087046872406,156.70970468724062,156.8797046872406,TX
2.4499999999999997,2.606936545318646,160.01205030492955,160.01305030492955,160.18305030492954,TX
2.8,2.812041434346235,156.47677379914745,156.47777379914746,156.64777379914744,TX
3.15,3.4774813769024004,161.74847221114726,161.74947221114726,161.91947221114725,TX
3.5,3.694341557576645,158.545981362129,158.546981362129,158.716981362129,TX
3.8499999999999996,3.853031850385711,162.00124386823273,162.00224386823274,162.17224386823273,TX
4.199999999999999,4.419133337242107,157.99933762121722,158.00033762121723,158.17033762121721,TX
4.55,4.737820092483491,157.2093597221699,157.2103597221699,157.38035972216989,TX
4.8999999999999995,5.2811455689446545,,,,PENDING_AT_END
5.25,5.568259461210603,,,,PENDING_AT_END
5.6,5.935656604549486,,,,PENDING_AT_END
5.949999999999999,6.033716981261483,,,,PENDING_AT_END
6.3,6.311381966950807,,,,PENDING_AT_END
6.6499999999999995,6.8322911027573765,,,,PENDING_AT_END
7.0,7.3903316234226555,,,,PENDING_AT_END
7.35,7.396347389826337,,,,PENDING_AT_END
7.699999999999999,8.040951674704795,,,,PENDING_AT_END
8.049999999999999,8.346056696685485,,,,PENDING_AT_END
8.399999999999999,8.726494314968438,,,,PENDING_AT_END
8.75,9.076353435027201,,,,PENDING_AT_END
9.1,9.171953656086329,,,,PENDING_AT_END
9.45,9.603776310897103,,,,PENDING_AT_END
9.799999999999999,10.158768911320196,,,,PENDING_AT_END
10.149999999999999,10.358983399363257,,,,PENDING_AT_END
10.5,10.807325451637158,,,,PENDING_AT_END
10.85,10.922526113622139,,,,PENDING_AT_END
11.2,11.291541076496575,,,,PENDING_AT_END
11.549999999999999,11.617643545638165,,,,PENDING_AT_END
11.899999999999999,12.12551071008792,,,,PENDING_AT_END
12.25,12.273492642205131,,,,PENDING_AT_END
12.6,12.923206967906788,,,,PENDING_AT_END
12.95,13.018053014269523,,,,PENDING_AT_END
13.299999999999999,13.516866869701724,,,,PENDING_AT_END
13.649999999999999,13.945320241708203,,,,PENDING_AT_END
14.0,14.116493613393892,,,,PENDING_AT_END
14.35,14.507652273249297,,,,PENDING_AT_END
14.7,14.701195703835737,,,,PENDING_AT_END
15.049999999999999,15.311738495916037,,,,PENDING_AT_END
15.399999999999999,15.68628380285255,,,,PENDING_AT_END
15.749999999999998,16.01434549511438,,,,PENDING_AT_END
16.099999999999998,16.49894479664024,,,,PENDING_AT_END
16.45,16.66083819441307,,,,PENDING_AT_END
16.799999999999997,16.9327248184008,,,,PENDING_AT_END
17.15,17.35254563382761,,,,PENDING_AT_END
17.5,17.742153166557685,,,,PENDING_AT_END
17.849999999999998,18.163337862114336,,,,PENDING_AT_END
18.2,18.29568749065402,,,,PENDING_AT_END
18.549999999999997,18.608221695036633,,,,PENDING_AT_END
18.9,19.149396980038667,,,,PENDING_AT_END
19.25,19.51849770196612,,,,PENDING_AT_END
19.599999999999998,19.925083174528528,,,,PENDING_AT_END
19.95,20.041778410043168,,,,PENDING_AT_END
20.299999999999997,20.593505546544677,,,,PENDING_AT_END
20.65,21.018463940256588,,,,PENDING_AT_END
21.0,21.11893678941273,,,,PENDING_AT_END
21.349999999999998,21.387980507249733,,,,PENDING_AT_END
21.7,21.941998694316556,,,,PENDING_AT_END
22.049999999999997,22.44824477794831,,,,PENDING_AT_END
22.4,22.519859909884772,,,,PENDING_AT_END
22.75,23.02644807854888,,,,PENDING_AT_END
23.099999999999998,23.411577672798376,,,,PENDING_AT_END
23.45,23.616519672428847,,,,PENDING_AT_END
23.799999999999997,24.148005730956946,,,,PENDING_AT_END
24.15,24.449228674215497,,,,PENDING_AT_END
24.5,24.61328565869389,,,,PENDING_AT_END
24.849999999999998,25.01587750961888,,,,PENDING_AT_END
25.2,25.303282982184864,,,,PENDING_AT_END
25.549999999999997,25.89259324006857,,,,PENDING_AT_END
25.9,26.02369122113285,,,,PENDING_AT_END
26.25,26.556351047032408,,,,PENDING_AT_END
26.599999999999998,26.977425130155655,,,,PENDING_AT_END
26.95,27.066476204982227,,,,PENDING_AT_END
27.299999999999997,27.659485486437497,,,,PENDING_AT_END
27.65,27.81189005652589,,,,PENDING_AT_END
28.0,28.08629142371337,,,,PENDING_AT_END
28.349999999999998,28.519916962757026,,,,PENDING_AT_END
28.7,28.96406078552067,,,,PENDING_AT_END
29.049999999999997,29.338077034805288,,,,PENDING_AT_END
29.4,29.554635127687405,,,,PENDING_AT_END
29.749999999999996,30.051525432729232,,,,PENDING_AT_END
30.099999999999998,30.437330937669326,,,,PENDING_AT_END
30.45,30.644764244720246,,,,PENDING_AT_END
30.799999999999997,30.8212564887476,,,,PENDING_AT_END
31.15,31.238301632460775,,,,PENDING_AT_END
31.499999999999996,31.67625297184644,,,,PENDING_AT_END
31.849999999999998,31.856347779206207,,,,PENDING_AT_END
32.199999999999996,32.59058336864742,,,,PENDING_AT_END
32.55,32.90307787788116,,,,PENDING_AT_END
32.9,33.006304484003316,,,,PENDING_AT_END
33.25,33.30000827943314,,,,PENDING_AT_END
33.599999999999994,33.65307314320965,,,,PENDING_AT_END
33.949999999999996,34.31389771711563,,,,PENDING_AT_END
34.3,34.47027451933495,,,,PENDING_AT_END
34.65,34.99945231578659,,,,PENDING_AT_END
35.0,35.15786229676449,,,,PENDING_AT_END
35.349999999999994,35.49996229670086,,,,PENDING_AT_END
35.699999999999996,35.9696928523693,,,,PENDING_AT_END
36.05,36.250246030170175,,,,PENDING_AT_END
36.4,36.67747243592647,,,,PENDING_AT_END
36.75,36.964143263599865,,,,PENDING_AT_END
37.099999999999994,37.23038624649877,,,,PENDING_AT_END
37.449999999999996,37.68739675261049,,,,PENDING_AT_END
37.8,37.802574061610244,,,,PENDING_AT_END
38.15,38.2027074179781,,,,PENDING_AT_END
38.5,38.723665644725116,,,,PENDING_AT_END
38.849999999999994,39.082600871016965,,,,PENDING_AT_END
39.199999999999996,39.45093008428184,,,,PENDING_AT_END
39.55,39.570852299036986,,,,PENDING_AT_END
39.9,40.252090998014516,,,,PENDING_AT_END
40.25,40.450827229057765,,,,PENDING_AT_END
40.599999999999994,40.77557512167138,,,,PENDING_AT_END
40.949999999999996,41.006291598902656,,,,PENDING_AT_END
41.3,41.36014655217811,,,,PENDING_AT_END
41.65,41.67480892979315,,,,PENDING_AT_END
42.0,42.13180216620857,,,,PENDING_AT_END
42.349999999999994,42.357130104188855,,,,PENDING_AT_END
42.699999999999996,43.00202602315388,,,,PENDING_AT_END
43.05,43.42618962434675,,,,PENDING_AT_END
43.4,43.577870419237776,,,,PENDING_AT_END
43.75,43.934773210125826,,,,PENDING_AT_END
44.099999999999994,44.16060896032819,,,,PENDING_AT_END
44.449999999999996,44.783837162252006,,,,PENDING_AT_END
44.8,44.9694799893345,,,,PENDING_AT_END
45.15,45.547289907686185,,,,PENDING_AT_END
45.5,45.65661024132582,,,,PENDING_AT_END
45.849999999999994,46.02799737520722,,,,PENDING_AT_END
46.199999999999996,46.31155215388322,,,,PENDING_AT_END
46.55,46.676041862040464,,,,PENDING_AT_END
46.9,47.24432220912596,,,,PENDING_AT_END
47.25,47.528568255783796,,,,PENDING_AT_END
47.599999999999994,47.9146636350045,,,,PENDING_AT_END
47.949999999999996,48.339516127294424,,,,PENDING_AT_END
48.3,48.335730560829646,,,,PENDING_AT_END
48.65,48.779897206170965,,,,PENDING_AT_END
49.0,49.01432082666399,,,,PENDING_AT_END
49.349999999999994,49.56168775669215,,,,PENDING_AT_END
49.699999999999996,50.0154507057531,,,,PENDING_AT_END
50.05,50.17904364990849,,,,PENDING_AT_END
50.4,50.50841334037579,,,,PENDING_AT_END
50.75,50.77696294698687,,,,PENDING_AT_END
51.099999999999994,51.21648411360317,,,,PENDING_AT_END
51.449999999999996,51.60555143758699,,,,PENDING_AT_END
51.8,51.82701094280682,,,,PENDING_AT_END
52.15,52.50861253290278,,,,PENDING_AT_END
52.5,52.81508717788391,,,,PENDING_AT_END
52.849999999999994,53.083819750453614,,,,PENDING_AT_END
53.199999999999996,53.583653161258944,,,,PENDING_AT_END
53.55,53.60719288421018,,,,PENDING_AT_END
53.9,53.926065044759206,,,,PENDING_AT_END
54.25,54.49112988398974,,,,PENDING_AT_END
54.599999999999994,54.94095339274446,,,,PENDING_AT_END
54.949999999999996,55.0067047429257,,,,PENDING_AT_END
55.3,55.33709628427958,,,,PENDING_AT_END
55.65,55.699035538772414,,,,PENDING_AT_END
56.0,56.16758037945728,,,,PENDING_AT_END
56.349999999999994,56.3740506609258,,,,PENDING_AT_END
56.699999999999996,56.93401490280123,,,,PENDING_AT_END
57.05,57.25205679905507,,,,PENDING_AT_END
57.4,57.74323538153984,,,,PENDING_AT_END
57.74999999999999,58.035341691215685,,,,PENDING_AT_END
58.099999999999994,58.42005865417292,,,,PENDING_AT_END
58.449999999999996,58.50612709785111,,,,PENDING_AT_END
58.8,58.81083921193529,,,,PENDING_AT_END
59.15,59.177079328214454,,,,PENDING_AT_END
59.49999999999999,59.67481139676354,,,,PENDING_AT_END
59.849999999999994,60.06651028589087,,,,PENDING_AT_END
60.199999999999996,60.550595084771366,,,,PENDING_AT_END
60.55,60.92634206789617,,,,PENDING_AT_END
60.9,61.08504146658846,,,,PENDING_AT_END
61.24999999999999,61.34857954150069,,,,PENDING_AT_END
61.599999999999994,61.65362984736534,,,,PENDING_AT_END
61.949999999999996,62.080458228450816,,,,PENDING_AT_END
62.3,62.33663993090677,,,,PENDING_AT_END
62.65,62.88400888652989,,,,PENDING_AT_END
62.99999999999999,63.163217396166296,,,,PENDING_AT_END
63.349999999999994,63.451462619168694,,,,PENDING_AT_END
63.699999999999996,64.05253425863403,,,,PENDING_AT_END
64.05,64.14124740665592,,,,PENDING_AT_END
64.39999999999999,64.73724226068107,,,,PENDING_AT_END
64.75,64.87148075008469,,,,PENDING_AT_END
65.1,65.48733336317753,,,,PENDING_AT_END
65.45,65.54670966829032,,,,PENDING_AT_END
65.8,65.95357150101235,,,,PENDING_AT_END
66.14999999999999,66.20744267099631,,,,PENDING_AT_END
66.5,66.64879767489984,,,,PENDING_AT_END
66.85,67.21804377851174,,,,PENDING_AT_END
67.19999999999999,67.42684355710469,,,,PENDING_AT_END
67.55,67.81728126803965,,,,PENDING_AT_END
67.89999999999999,67.99830027208525,,,,PENDING_AT_END
68.25,68.54899466825574,,,,PENDING_AT_END
68.6,68.89099948585752,,,,PENDING_AT_END
68.94999999999999,69.2953113427038,,,,PENDING_AT_END
69.3,69.39582793416871,,,,PENDING_AT_END
69.64999999999999,69.78743970261992,,,,PENDING_AT_END
70.0,70.315230730036,,,,PENDING_AT_END
70.35,70.38211139719374,,,,PENDING_AT_END
70.69999999999999,70.9156084701408,,,,PENDING_AT_END
71.05,71.3271549414989,,,,PENDING_AT_END
71.39999999999999,71.46611538803036,,,,PENDING_AT_END
71.75,71.86285099984201,,,,PENDING_AT_END
72.1,72.21230011857298,,,,PENDING_AT_END
72.44999999999999,72.62141107731449,,,,PENDING_AT_END
72.8,72.83694039293444,,,,PENDING_AT_END
73.14999999999999,73.48573223669398,,,,PENDING_AT_END
73.5,73.51396998296605,,,,PENDING_AT_END
73.85,74.2375524809552,,,,PENDING_AT_END
74.19999999999999,74.56455728393038,,,,PENDING_AT_END
74.55,74.83121034820401,,,,PENDING_AT_END
74.89999999999999,75.12907468780146,,,,PENDING_AT_END
75.25,75.54732117804102,,,,PENDING_AT_END
75.6,75.94284842332618,,,,PENDING_AT_END
75.94999999999999,76.26718582622928,,,,PENDING_AT_END
76.3,76.33662597396732,,,,PENDING_AT_END
76.64999999999999,76.89494745791764,,,,PENDING_AT_END
77.0,77.28626321300422,,,,PENDING_AT_END
77.35,77.57957108228265,,,,PENDING_AT_END
77.69999999999999,77.91678541133103,,,,PENDING_AT_END
78.05,78.17969171760375,,,,PENDING_AT_END
78.39999999999999,78.79898184069351,,,,PENDING_AT_END
78.75,79.14635536189351,,,,PENDING_AT_END
79.1,79.40942937467338,,,,PENDING_AT_END
79.44999999999999,79.56957573400922,,,,PENDING_AT_END
79.8,79.806932633132,,,,PENDING_AT_END
80.14999999999999,80.18074037895626,,,,PENDING_AT_END
80.5,80.52868872154187,,,,PENDING_AT_END
80.85,81.04183237123215,,,,PENDING_AT_END
81.19999999999999,81.34523438177953,,,,PENDING_AT_END
81.55,81.57276883113595,,,,PENDING_AT_END
81.89999999999999,81.99088114444761,,,,PENDING_AT_END
82.25,82.43555544406419,,,,PENDING_AT_END
82.6,82.90091261480225,,,,PENDING_AT_END
82.94999999999999,83.03112031932108,,,,PENDING_AT_END
83.3,83.55845980964541,,,,PENDING_AT_END
83.64999999999999,83.72072142165707,,,,PENDING_AT_END
84.0,84.02624096359284,,,,PENDING_AT_END
84.35,84.41642383562888,,,,PENDING_AT_END
84.69999999999999,84.96425261992212,,,,PENDING_AT_END
85.05,85.38085459982362,,,,PENDING_AT_END
85.39999999999999,85.554877736792,,,,PENDING_AT_END
85.75,85.78900270749372,,,,PENDING_AT_END
86.1,86.47725050723562,,,,PENDING_AT_END
86.44999999999999,86.66023786057212,,,,PENDING_AT_END
86.8,87.04119859241449,,,,PENDING_AT_END
87.14999999999999,87.18181503453978,,,,PENDING_AT_END
87.5,87.62461757380777,,,,PENDING_AT_END
87.85,87.9811481678918,,,,PENDING_AT_END
88.19999999999999,88.4855903779266,,,,PENDING_AT_END
88.55,88.57670520590413,,,,PENDING_AT_END
88.89999999999999,88.93228945372782,,,,PENDING_AT_END
89.25,89.51098372575694,,,,PENDING_AT_END
89.6,89.85003028698145,,,,PENDING_AT_END
89.94999999999999,90.04605329570296,,,,PENDING_AT_END
90.3,90.62198491755821,,,,PENDING_AT_END
90.64999999999999,90.86852625445921,,,,PENDING_AT_END
91.0,91.08272787635678,,,,PENDING_AT_END
91.35,91.36804603243729,,,,PENDING_AT_END
91.69999999999999,91.85452320587311,,,,PENDING_AT_END
92.05,92.36859206627283,,,,PENDING_AT_END
92.39999999999999,92.65995290028964,,,,PENDING_AT_END
92.75,93.07670408764764,,,,PENDING_AT_END
93.1,93.41967676730641,,,,PENDING_AT_END
93.44999999999999,93.68575359715189,,,,PENDING_AT_END
93.8,94.04083058173178,,,,PENDING_AT_END
94.14999999999999,94.53571953682324,,,,PENDING_AT_END
94.5,94.64347113057144,,,,PENDING_AT_END
94.85,95.03442771502489,,,,PENDING_AT_END
95.19999999999999,95.38721521122042,,,,PENDING_AT_END
95.55,95.937739358728,,,,PENDING_AT_END
95.89999999999999,96.0469992382397,,,,PENDING_AT_END
96.25,96.62999285382625,,,,PENDING_AT_END
96.6,96.89752566126111,,,,PENDING_AT_END
96.94999999999999,97.32283009776583,,,,PENDING_AT_END
97.3,97.66668559997318,,,,PENDING_AT_END
97.64999999999999,97.90737716884273,,,,PENDING_AT_END
98.0,98.00865431591896,,,,PENDING_AT_END
98.35,98.58611873047758,,,,PENDING_AT_END
98.69999999999999,98.8232087444363,,,,PENDING_AT_END
99.05,99.10515980729899,,,,PENDING_AT_END
99.39999999999999,99.59150424637313,,,,PENDING_AT_END
99.75,100.13737387589396,,,,PENDING_AT_END
100.1,100.23500263872452,,,,PENDING_AT_END
100.44999999999999,100.84617460749291,,,,PENDING_AT_END
100.8,101.09770534338422,,,,PENDING_AT_END
101.14999999999999,101.22721516339563,,,,PENDING_AT_END
101.5,101.65410434383807,,,,PENDING_AT_END
101.85,102.08376057535085,,,,PENDING_AT_END
102.19999999999999,102.47765922868135,,,,PENDING_AT_END
102.55,102.62733039253926,,,,PENDING_AT_END
102.89999999999999,102.99465414864075,,,,PENDING_AT_END
103.25,103.25932791213575,,,,PENDING_AT_END
103.6,103.83728879246871,,,,PENDING_AT_END
103.94999999999999,104.29579561616669,,,,PENDING_AT_END
104.3,104.68992821352019,,,,PENDING_AT_END
104.64999999999999,104.94277925288479,,,,PENDING_AT_END
105.0,105.14440757976706,,,,PENDING_AT_END
105.35,105.63563808476147,,,,PENDING_AT_END
105.69999999999999,105.75405424184447,,,,PENDING_AT_END
106.05,106.19979047871747,,,,PENDING_AT_END
106.39999999999999,106.51614105987106,,,,PENDING_AT_END
106.75,107.0963770437886,,,,PENDING_AT_END
107.1,107.38258008139022,,,,PENDING_AT_END
107.44999999999999,107.77369578220029,,,,PENDING_AT_END
107.8,107.86762773546432,,,,PENDING_AT_END
108.14999999999999,108.2864493369999,,,,PENDING_AT_END
108.5,108.84668614245044,,,,PENDING_AT_END
108.85,108.87843656021136,,,,PENDING_AT_END
109.19999999999999,109.23645325271102,,,,PENDING_AT_END
109.55,109.64402100370042,,,,PENDING_AT_END
109.89999999999999,110.05681565027358,,,,PENDING_AT_END
110.25,110.33105900927754,,,,PENDING_AT_END
110.6,110.7404487576514,,,,PENDING_AT_END
110.94999999999999,111.07611912646266,,,,PENDING_AT_END
111.3,111.60967854985945,,,,PENDING_AT_END
111.64999999999999,111.9927054855482,,,,PENDING_AT_END
112.0,112.0940777397486,,,,PENDING_AT_END
112.35,112.64381007608702,,,,PENDING_AT_END
112.69999999999999,113.0710913975609,,,,PENDING_AT_END
113.05,113.13542348149655,,,,PENDING_AT_END
113.39999999999999,113.53911470302212,,,,PENDING_AT_END
113.74999999999999,113.7898158335898,,,,PENDING_AT_END
114.1,114.45841874071547,,,,PENDING_AT_END
114.44999999999999,114.81039728292012,,,,PENDING_AT_END
114.8,114.84315642141671,,,,PENDING_AT_END
115.14999999999999,115.19953847429484,,,,PENDING_AT_END
115.49999999999999,115.76249248295882,,,,PENDING_AT_END
115.85,115.94765088108971,,,,PENDING_AT_END
116.19999999999999,116.25587173086979,,,,PENDING_AT_END
116.55,116.63265404014741,,,,PENDING_AT_END
116.89999999999999,117.29410872122172,,,,PENDING_AT_END
117.24999999999999,117.58234294480214,,,,PENDING_AT_END
117.6,117.7877494356542,,,,PENDING_AT_END
117.94999999999999,118.22527143544096,,,,PENDING_AT_END
118.3,118.32164767238983,,,,PENDING_AT_END
118.64999999999999,118.72216384334105,,,,PENDING_AT_END
118.99999999999999,119.38053171075792,,,,PENDING_AT_END
119.35,119.72810125115902,,,,PENDING_AT_END
119.69999999999999,119.99650899132746,,,,PENDING_AT_END
120.05,120.19817273833179,,,,PENDING_AT_END
120.39999999999999,120.65283256821608,,,,PENDING_AT_END
120.74999999999999,121.04601689554538,,,,PENDING_AT_END
121.1,121.16073401891114,,,,PENDING_AT_END
121.44999999999999,121.77544169758912,,,,PENDING_AT_END
121.8,121.83063886792611,,,,PENDING_AT_END
122.14999999999999,122.35662360663953,,,,PENDING_AT_END
122.49999999999999,122.51198569817713,,,,PENDING_AT_END
122.85,123.07895884975574,,,,PENDING_AT_END
123.19999999999999,123.28641648191999,,,,PENDING_AT_END
123.55,123.84234017446288,,,,PENDING_AT_END
123.89999999999999,124.10294878924508,,,,PENDING_AT_END
124.24999999999999,124.48390032222859,,,,PENDING_AT_END
124.6,124.68530324067197,,,,PENDING_AT_END
124.94999999999999,125.03757756115974,,,,PENDING_AT_END
125.3,125.31868353367175,,,,PENDING_AT_END
125.64999999999999,125.91103241092877,,,,PENDING_AT_END
125.99999999999999,126.02528851982426,,,,PENDING_AT_END
126.35,126.55650907696909,,,,PENDING_AT_END
126.69999999999999,126.95966684402441,,,,PENDING_AT_END
127.05,127.08298329004727,,,,PENDING_AT_END
127.39999999999999,127.65793371679594,,,,PENDING_AT_END
127.74999999999999,127.97490395588126,,,,PENDING_AT_END
128.1,128.4968264007919,,,,PENDING_AT_END
128.45,128.61910634583808,,,,PENDING_AT_END
128.79999999999998,129.17146793014106,,,,PENDING_AT_END
129.15,129.21468898957338,,,,PENDING_AT_END
129.5,129.84336787688176,,,,PENDING_AT_END
129.85,130.1790864822373,,,,PENDING_AT_END
130.2,130.4040642444886,,,,PENDING_AT_END
130.54999999999998,130.7747558014506,,,,PENDING_AT_END
130.9,131.06280549662452,,,,PENDING_AT_END
131.25,131.61795613963574,,,,PENDING_AT_END
131.6,131.89290980847616,,,,PENDING_AT_END
131.95,132.2043339405007,,,,PENDING_AT_END
132.29999999999998,132.5182403150773,,,,PENDING_AT_END
132.65,132.7563867397196,,,,PENDING_AT_END
133.0,133.0815712593926,,,,PENDING_AT_END
133.35,133.4771191892709,,,,PENDING_AT_END
133.7,134.0987768550047,,,,PENDING_AT_END
134.04999999999998,134.37303821741145,,,,PENDING_AT_END
134.39999999999998,134.762673644779,,,,PENDING_AT_END
134.75,134.9186630820609,,,,PENDING_AT_END
135.1,135.49370945257644,,,,PENDING_AT_END
135.45,135.54925809169742,,,,PENDING_AT_END
135.79999999999998,136.17704497983826,,,,PENDING_AT_END
136.14999999999998,136.35219556009122,,,,PENDING_AT_END
136.5,136.72442311647046,,,,PENDING_AT_END
136.85,136.99493674629534,,,,PENDING_AT_END
137.2,137.41710018671944,,,,PENDING_AT_END
137.54999999999998,137.94640322856165,,,,PENDING_AT_END
137.89999999999998,138.08076474513405,,,,PENDING_AT_END
138.25,138.51359657630684,,,,PENDING_AT_END
138.6,138.92807583985618,,,,PENDING_AT_END
138.95,139.12425485402417,,,,PENDING_AT_END
139.29999999999998,139.31448030012032,,,,PENDING_AT_END
139.64999999999998,139.81314203606985,,,,PENDING_AT_END
140.0,140.19797413220664,,,,PENDING_AT_END
140.35,140.37059045785188,,,,PENDING_AT_END
140.7,140.81178990687044,,,,PENDING_AT_END
141.04999999999998,141.21749050993103,,,,PENDING_AT_END
141.39999999999998,141.50935085761103,,,,PENDING_AT_END
141.75,142.12122957765945,,,,PENDING_AT_END
142.1,142.36243387861364,,,,PENDING_AT_END
142.45,142.82400755457542,,,,PENDING_AT_END
142.79999999999998,143.01185789323543,,,,PENDING_AT_END
143.14999999999998,143.54400819132843,,,,PENDING_AT_END
143.5,143.78865793163055,,,,PENDING_AT_END
143.85,143.9587168500253,,,,PENDING_AT_END
144.2,144.30933778592424,,,,PENDING_AT_END
144.54999999999998,144.82622489847412,,,,PENDING_AT_END
144.89999999999998,145.27862226599632,,,,PENDING_AT_END
145.25,145.48350771422912,,,,PENDING_AT_END
145.6,145.87455644837766,,,,PENDING_AT_END
145.95,146.13871932634498,,,,PENDING_AT_END
146.29999999999998,146.65228408320317,,,,PENDING_AT_END
146.64999999999998,146.8807250351918,,,,PENDING_AT_END
147.0,147.32300723637513,,,,PENDING_AT_END
147.35,147.71289160660697,,,,PENDING_AT_END
147.7,147.80225885505587,,,,PENDING_AT_END
148.04999999999998,148.10796073316354,,,,PENDING_AT_END
148.39999999999998,148.73133708813356,,,,PENDING_AT_END
148.75,148.81118039466895,,,,PENDING_AT_END
149.1,149.45864283037324,,,,PENDING_AT_END
149.45,149.55544572339778,,,,PENDING_AT_END
149.79999999999998,150.03313794896738,,,,PENDING_AT_END
150.14999999999998,150.16478973058054,,,,PENDING_AT_END
150.5,150.62046938676724,,,,PENDING_AT_END
150.85,151.0047464118626,,,,PENDING_AT_END
151.2,151.4306289003792,,,,PENDING_AT_END
151.54999999999998,151.86018796816452,,,,PENDING_AT_END
151.89999999999998,152.22596021356327,,,,PENDING_AT_END
152.25,152.57993562937276,,,,PENDING_AT_END
152.6,152.67609089805913,,,,PENDING_AT_END
152.95,153.21925186099645,,,,PENDING_AT_END
153.29999999999998,153.60175765486886,,,,PENDING_AT_END
153.64999999999998,153.78434701530801,,,,PENDING_AT_END
154.0,154.24913233039274,,,,PENDING_AT_END
154.35,154.49283373285718,,,,PENDING_AT_END
154.7,154.90379850678198,,,,PENDING_AT_END
155.04999999999998,155.21663199864966,,,,PENDING_AT_END
155.39999999999998,155.60992485201484,,,,PENDING_AT_END
155.75,156.12896730335558,,,,PENDING_AT_END
156.1,156.2092614145698,,,,PENDING_AT_END
156.45,156.76209063007371,,,,PENDING_AT_END
156.79999999999998,157.1339595206713,,,,PENDING_AT_END
157.14999999999998,157.3655101533243,,,,PENDING_AT_END
157.5,157.60085892643792,,,,PENDING_AT_END
157.85,157.98615347136015,,,,PENDING_AT_END
158.2,158.31088577903614,,,,PENDING_AT_END
158.54999999999998,158.64666870063954,,,,PENDING_AT_END
158.89999999999998,159.08187076022233,,,,PENDING_AT_END
159.25,159.57674357260396,,,,PENDING_AT_END
159.6,159.93712015804132,,,,PENDING_AT_END
159.95,160.21076724158382,,,,PENDING_AT_END
160.29999999999998,160.36894302340474,,,,PENDING_AT_END
160.64999999999998,160.81663730201143,,,,PENDING_AT_END
161.0,161.08713394779141,,,,PENDING_AT_END
161.35,161.48783323372115,,,,PENDING_AT_END
161.7,161.8779758753127,,,,PENDING_AT_END
162.04999999999998,162.2527188589261,,,,PENDING_AT_END
162.39999999999998,162.4281452151289,,,,PENDING_AT_END
162.75,163.11857795856582,,,,PENDING_AT_END
163.1,163.24374534183877,,,,PENDING_AT_END
163.45,163.7829139139743,,,,PENDING_AT_END
163.79999999999998,164.03725530021725,,,,PENDING_AT_END
164.14999999999998,164.31319298686145,,,,PENDING_AT_END
164.5,164.53475083694553,,,,PENDING_AT_END
164.85,165.1314914086204,,,,PENDING_AT_END
165.2,165.32236293154932,,,,PENDING_AT_END
165.54999999999998,165.71956694242053,,,,PENDING_AT_END
165.89999999999998,166.0492635027153,,,,PENDING_AT_END
166.25,166.51697069188396,,,,PENDING_AT_END
166.6,166.97373835618887,,,,PENDING_AT_END
166.95,166.97346039868773,,,,PENDING_AT_END
167.29999999999998,167.57745860697807,,,,PENDING_AT_END
167.64999999999998,167.9703436908897,,,,PENDING_AT_END
168.0,168.28489298626891,,,,PENDING_AT_END
168.35,168.53823772705462,,,,PENDING_AT_END
168.7,168.7196545585495,,,,PENDING_AT_END
169.04999999999998,169.06730162615818,,,,PENDING_AT_END
169.39999999999998,169.44654400079224,,,,PENDING_AT_END
169.75,169.8527343328858,,,,PENDING_AT_END
170.1,170.10567207318203,,,,PENDING_AT_END
170.45,170.52035895337684,,,,PENDING_AT_END
170.79999999999998,171.06348176364324,,,,PENDING_AT_END
171.14999999999998,171.4805030514015,,,,PENDING_AT_END
171.5,171.6357583132217,,,,PENDING_AT_END
171.85,172.18554783736184,,,,PENDING_AT_END
172.2,172.43572136884268,,,,PENDING_AT_END
172.54999999999998,172.55460142605605,,,,PENDING_AT_END
172.89999999999998,173.26867561444863,,,,PENDING_AT_END
173.25,173.45840828518493,,,,PENDING_AT_END
173.6,173.94161143407794,,,,PENDING_AT_END
173.95,174.01944940143153,,,,PENDING_AT_END
174.29999999999998,174.6553071432127,,,,PENDING_AT_END
174.64999999999998,174.88490549260865,,,,PENDING_AT_END
175.0,175.32106087499602,,,,PENDING_AT_END
175.35,175.49488890773918,,,,PENDING_AT_END
175.7,175.9382210542908,,,,PENDING_AT_END
176.04999999999998,176.17035829510897,,,,PENDING_AT_END
176.39999999999998,176.48578985165028,,,,PENDING_AT_END
176.75,176.75743215323058,,,,PENDING_AT_END
177.1,177.39399066648284,,,,PENDING_AT_END
177.45,177.6636325970714,,,,PENDING_AT_END
177.79999999999998,178.1247114747292,,,,PENDING_AT_END
178.14999999999998,178.26509024063887,,,,PENDING_AT_END
178.5,178.76310399980218,,,,PENDING_AT_END
178.85,179.13526675605445,,,,PENDING_AT_END
179.2,179.35796107566324,,,,PENDING_AT_END
179.54999999999998,179.85495516975615,,,,PENDING_AT_END
179.89999999999998,180.11325076553027,,,,PENDING_AT_END
180.25,180.4482974925167,,,,PENDING_AT_END
180.6,180.7292508138407,,,,PENDING_AT_END
180.95,181.24918681775398,,,,PENDING_AT_END
181.29999999999998,181.47647566915347,,,,PENDING_AT_END
181.64999999999998,181.85930470810075,,,,PENDING_AT_END
182.0,182.05199294219096,,,,PENDING_AT_END
182.35,182.61055297915223,,,,PENDING_AT_END
182.7,183.0183556033183,,,,PENDING_AT_END
183.04999999999998,183.289362754518,,,,PENDING_AT_END
183.39999999999998,183.67170272771085,,,,PENDING_AT_END
183.75,184.00412920724244,,,,PENDING_AT_END
184.1,184.4645281926012,,,,PENDING_AT_END
184.45,184.68237815695596,,,,PENDING_AT_END
184.79999999999998,184.9905718712303,,,,PENDING_AT_END
185.14999999999998,185.5263496308088,,,,PENDING_AT_END
185.5,185.59361399605376,,,,PENDING_AT_END
185.85,186.16454091384193,,,,PENDING_AT_END
186.2,186.28830058999057,,,,PENDING_AT_END
186.54999999999998,186.69207195629522,,,,PENDING_AT_END
186.89999999999998,187.1463290771838,,,,PENDING_AT_END
187.25,187.59421475459152,,,,PENDING_AT_END
187.6,187.61401383717404,,,,PENDING_AT_END
187.95,188.13735804937772,,,,PENDING_AT_END
188.29999999999998,188.46951042246096,,,,PENDING_AT_END
188.64999999999998,188.97380502209103,,,,PENDING_AT_END
189.0,189.10031673674297,,,,PENDING_AT_END
189.35,189.42806934206916,,,,PENDING_AT_END
189.7,190.07323299350287,,,,PENDING_AT_END
190.04999999999998,190.27665149184125,,,,PENDING_AT_END
190.39999999999998,190.6728250099912,,,,PENDING_AT_END
190.75,190.77147426998755,,,,PENDING_AT_END
191.1,191.23518573444258,,,,PENDING_AT_END
191.45,191.76577768632689,,,,PENDING_AT_END
191.79999999999998,191.8440801790206,,,,PENDING_AT_END
192.14999999999998,192.5398195554975,,,,PENDING_AT_END
192.5,192.82870383024067,,,,PENDING_AT_END
192.85,192.9326398169836,,,,PENDING_AT_END
193.2,193.52618075303457,,,,PENDING_AT_END
193.54999999999998,193.92774034969537,,,,PENDING_AT_END
193.89999999999998,194.01639324982239,,,,PENDING_AT_END
194.25,194.60516828596354,,,,PENDING_AT_END
194.6,194.6909389905522,,,,PENDING_AT_END
194.95,194.985692518895,,,,PENDING_AT_END
195.29999999999998,195.60670324107983,,,,PENDING_AT_END
195.64999999999998,195.94006346504113,,,,PENDING_AT_END
196.0,196.3900472959408,,,,PENDING_AT_END
196.35,196.54472976833475,,,,PENDING_AT_END
196.7,196.81548998541354,,,,PENDING_AT_END
197.04999999999998,197.4266490144204,,,,PENDING_AT_END
197.39999999999998,197.6781961775543,,,,PENDING_AT_END
197.75,197.78863933533722,,,,PENDING_AT_END
198.1,198.49179487677387,,,,PENDING_AT_END
198.45,198.59247224400752,,,,PENDING_AT_END
198.79999999999998,199.09799647407922,,,,PENDING_AT_END
199.14999999999998,199.1580992453193,,,,PENDING_AT_END
199.5,199.5581069749332,,,,PENDING_AT_END
199.85,200.20774050093954,,,,PENDING_AT_END
200.2,200.53048706852945,,,,PENDING_AT_END
200.54999999999998,200.56943465805753,,,,PENDING_AT_END
200.89999999999998,201.03267494066154,,,,PENDING_AT_END
201.25,201.4582886512415,,,,PENDING_AT_END
201.6,201.72794538428545,,,,PENDING_AT_END
201.95,202.29806706056644,,,,PENDING_AT_END
202.29999999999998,202.45244532885422,,,,PENDING_AT_END
202.64999999999998,203.0111382012642,,,,PENDING_AT_END
203.0,203.08321259295911,,,,PENDING_AT_END
203.35,203.38349770619268,,,,PENDING_AT_END
203.7,203.87797521562186,,,,PENDING_AT_END
204.04999999999998,204.43273318645575,,,,PENDING_AT_END
204.39999999999998,204.60807200326968,,,,PENDING_AT_END
204.75,205.03251690455363,,,,PENDING_AT_END
205.1,205.46671144466526,,,,PENDING_AT_END
205.45,205.63787484608218,,,,PENDING_AT_END
205.79999999999998,206.0057368507611,,,,PENDING_AT_END
206.14999999999998,206.36920620882904,,,,PENDING_AT_END
206.5,206.66751964432308,,,,PENDING_AT_END
206.85,207.23652707347864,,,,PENDING_AT_END
207.2,207.34871192526532,,,,PENDING_AT_END
207.54999999999998,207.6661520812942,,,,PENDING_AT_END
207.89999999999998,207.9074037723234,,,,PENDING_AT_END
208.25,208.52879890229616,,,,PENDING_AT_END
208.6,208.63611731981777,,,,PENDING_AT_END
208.95,209.11780496952696,,,,PENDING_AT_END
209.29999999999998,209.6499310776911,,,,PENDING_AT_END
209.64999999999998,209.7191925688681,,,,PENDING_AT_END
210.0,210.06588305651928,,,,PENDING_AT_END
210.35,210.44074287039965,,,,PENDING_AT_END
210.7,210.8213652165121,,,,PENDING_AT_END
211.04999999999998,211.0818318032636,,,,PENDING_AT_END
211.39999999999998,211.60373349054368,,,,PENDING_AT_END
211.75,211.78674766803624,,,,PENDING_AT_END
212.1,212.3260898096514,,,,PENDING_AT_END
212.45,212.7742083004614,,,,PENDING_AT_END
212.79999999999998,212.9759287676899,,,,PENDING_AT_END
213.14999999999998,213.25245127412097,,,,PENDING_AT_END
213.5,213.71989006373565,,,,PENDING_AT_END
213.85,213.8798308933426,,,,PENDING_AT_END
214.2,214.40123336520395,,,,PENDING_AT_END
214.54999999999998,214.89648025371534,,,,PENDING_AT_END
214.89999999999998,215.08526780927053,,,,PENDING_AT_END
215.25,215.50869203613945,,,,PENDING_AT_END
215.6,215.9817778614212,,,,PENDING_AT_END
215.95,216.26652613207165,,,,PENDING_AT_END
216.29999999999998,216.6538487705685,,,,PENDING_AT_END
216.64999999999998,216.9598390525387,,,,PENDING_AT_END
217.0,217.30002895924446,,,,PENDING_AT_END
217.35,217.5859749235827,,,,PENDING_AT_END
217.7,217.91028527966,,,,PENDING_AT_END
218.04999999999998,218.34603276115158,,,,PENDING_AT_END
218.39999999999998,218.62414207388218,,,,PENDING_AT_END
218.75,218.80608076294328,,,,PENDING_AT_END
219.1,219.26598119049854,,,,PENDING_AT_END
219.45,219.5375696875754,,,,PENDING_AT_END
219.79999999999998,219.88396998582894,,,,PENDING_AT_END
220.14999999999998,220.38847431022862,,,,PENDING_AT_END
220.5,220.67286476264303,,,,PENDING_AT_END
220.85,220.99845051600542,,,,PENDING_AT_END
221.2,221.49350822897082,,,,PENDING_AT_END
221.54999999999998,221.76279824911907,,,,PENDING_AT_END
221.89999999999998,222.17698128463712,,,,PENDING_AT_END
222.25,222.46146959186166,,,,PENDING_AT_END
222.6,222.85471704464365,,,,PENDING_AT_END
222.95,223.25361985622925,,,,PENDING_AT_END
223.29999999999998,223.4269370704615,,,,PENDING_AT_END
223.64999999999998,223.76203190527116,,,,PENDING_AT_END
224.0,224.38608208665516,,,,PENDING_AT_END
224.35,224.68512435396505,,,,PENDING_AT_END
224.7,224.81422237853076,,,,PENDING_AT_END
225.04999999999998,225.2343404445381,,,,PENDING_AT_END
225.39999999999998,225.5244913573086,,,,PENDING_AT_END
225.74999999999997,226.02694551342384,,,,PENDING_AT_END
226.1,226.4168936623548,,,,PENDING_AT_END
226.45,226.52402092053978,,,,PENDING_AT_END
226.79999999999998,226.90565023106362,,,,PENDING_AT_END
227.14999999999998,227.41969213409442,,,,PENDING_AT_END
227.49999999999997,227.68212541817266,,,,PENDING_AT_END
227.85,228.2193521446052,,,,PENDING_AT_END
228.2,228.24957083128652,,,,PENDING_AT_END
228.54999999999998,228.82521691814222,,,,PENDING_AT_END
228.89999999999998,229.22760594368003,,,,PENDING_AT_END
229.24999999999997,229.46597148485736,,,,PENDING_AT_END
229.6,229.77687901280555,,,,PENDING_AT_END
229.95,230.00121926441125,,,,PENDING_AT_END
230.29999999999998,230.37606299347866,,,,PENDING_AT_END
230.64999999999998,230.82728901658282,,,,PENDING_AT_END
230.99999999999997,231.04125351811555,,,,PENDING_AT_END
231.35,231.40800757027873,,,,PENDING_AT_END
231.7,231.74298555949792,,,,PENDING_AT_END
232.04999999999998,232.1918361791085,,,,PENDING_AT_END
232.39999999999998,232.77486906885406,,,,PENDING_AT_END
232.74999999999997,233.05526002693077,,,,PENDING_AT_END
233.1,233.4323003745658,,,,PENDING_AT_END
233.45,233.62557396365753,,,,PENDING_AT_END
233.79999999999998,234.03564360345425,,,,PENDING_AT_END
234.14999999999998,234.38664278522663,,,,PENDING_AT_END
234.49999999999997,234.68083355028594,,,,PENDING_AT_END
234.85,235.13057543021333,,,,PENDING_AT_END
235.2,235.20810028693404,,,,PENDING_AT_END
235.54999999999998,235.82120130986866,,,,PENDING_AT_END
235.89999999999998,236.000194072223,,,,PENDING_AT_END
236.24999999999997,236.53029929499692,,,,PENDING_AT_END
236.6,236.96692646432163,,,,PENDING_AT_END
236.95,237.16620540777848,,,,PENDING_AT_END
237.29999999999998,237.66143317941922,,,,PENDING_AT_END
237.64999999999998,237.68351730768848,,,,PENDING_AT_END
237.99999999999997,238.15791990241414,,,,PENDING_AT_END
238.35,238.42786276683464,,,,PENDING_AT_END
238.7,238.79741881301368,,,,PENDING_AT_END
239.04999999999998,239.27539203987132,,,,PENDING_AT_END
239.39999999999998,239.75278412974023,,,,PENDING_AT_END
239.74999999999997,240.1373489231846,,,,PENDING_AT_END
240.1,240.25939338875506,,,,PENDING_AT_END
240.45,240.50103850033815,,,,PENDING_AT_END
240.79999999999998,241.002296246462,,,,PENDING_AT_END
241.14999999999998,241.33070325052933,,,,PENDING_AT_END
241.49999999999997,241.80300006371525,,,,PENDING_AT_END
241.85,242.22699219959983,,,,PENDING_AT_END
242.2,242.487870761733,,,,PENDING_AT_END
242.54999999999998,242.75039910759327,,,,PENDING_AT_END
242.89999999999998,242.91499137235547,,,,PENDING_AT_END
243.24999999999997,243.25622645104747,,,,PENDING_AT_END
243.6,243.65997966250134,,,,PENDING_AT_END
243.95,244.2721362024658,,,,PENDING_AT_END
244.29999999999998,244.69061120733843,,,,PENDING_AT_END
244.64999999999998,244.96307237650478,,,,PENDING_AT_END
244.99999999999997,245.2387628632093,,,,PENDING_AT_END
245.35,245.54451649663045,,,,PENDING_AT_END
245.7,245.97842197871154,,,,PENDING_AT_END
246.04999999999998,246.25722479025657,,,,PENDING_AT_END
246.39999999999998,246.58364417972382,,,,PENDING_AT_END
246.74999999999997,247.0339932620661,,,,PENDING_AT_END
247.1,247.12763125800754,,,,PENDING_AT_END
247.45,247.67852794052953,,,,PENDING_AT_END
247.79999999999998,248.08660740380802,,,,PENDING_AT_END
248.14999999999998,248.5155339648113,,,,PENDING_AT_END
248.49999999999997,248.88873452958583,,,,PENDING_AT_END
248.85,249.12485858333773,,,,PENDING_AT_END
249.2,249.4289216762919,,,,PENDING_AT_END
249.54999999999998,249.87906601006225,,,,PENDING_AT_END
249.89999999999998,250.12648312074145,,,,PENDING_AT_END
250.24999999999997,250.32491723446074,,,,PENDING_AT_END
250.6,250.96941881936036,,,,PENDING_AT_END
250.95,251.21926372926407,,,,PENDING_AT_END
251.29999999999998,251.3778736841339,,,,PENDING_AT_END
251.64999999999998,251.9053098491272,,,,PENDING_AT_END
251.99999999999997,252.0128183599352,,,,PENDING_AT_END
252.35,252.66123787672544,,,,PENDING_AT_END
252.7,253.040745898782,,,,PENDING_AT_END
253.04999999999998,253.24756397480238,,,,PENDING_AT_END
253.39999999999998,253.60761927544263,,,,PENDING_AT_END
253.74999999999997,253.76661478493978,,,,PENDING_AT_END
254.1,254.44006779660882,,,,PENDING_AT_END
254.45,254.6447597883224,,,,PENDING_AT_END
254.79999999999998,255.07203052918837,,,,PENDING_AT_END
255.14999999999998,255.36341496988297,,,,PENDING_AT_END
255.49999999999997,255.73968437203436,,,,PENDING_AT_END
255.85,255.92317599896538,,,,PENDING_AT_END
256.2,256.20655129104813,,,,PENDING_AT_END
256.55,256.81356326313283,,,,PENDING_AT_END
256.9,257.1915701495899,,,,PENDING_AT_END
257.25,257.45462145801787,,,,PENDING_AT_END
257.59999999999997,257.6938103227215,,,,PENDING_AT_END
257.95,258.3401801398383,,,,PENDING_AT_END
258.3,258.39732560968497,,,,PENDING_AT_END
258.65,258.6781326737396,,,,PENDING_AT_END
259.0,259.00526958736214,,,,PENDING_AT_END
259.34999999999997,259.7120514564429,,,,PENDING_AT_END
259.7,259.77569531024636,,,,PENDING_AT_END
260.05,260.4017278794358,,,,PENDING_AT_END
260.4,260.5121900737448,,,,PENDING_AT_END
260.75,260.95284008903275,,,,PENDING_AT_END
261.09999999999997,261.1763700487665,,,,PENDING_AT_END
261.45,261.6938183645436,,,,PENDING_AT_END
261.8,262.1160953959224,,,,PENDING_AT_END
262.15,262.20995812629303,,,,PENDING_AT_END
262.5,262.88673900874505,,,,PENDING_AT_END
262.84999999999997,263.00139647203906,,,,PENDING_AT_END
263.2,263.51014846681136,,,,PENDING_AT_END
263.55,263.7427197673497,,,,PENDING_AT_END
263.9,264.24993309453794,,,,PENDING_AT_END
264.25,264.6204728553338,,,,PENDING_AT_END
264.59999999999997,264.7644671132895,,,,PENDING_AT_END
264.95,265.30406584499264,,,,PENDING_AT_END
265.3,265.59094861365446,,,,PENDING_AT_END
265.65,265.9858643388094,,,,PENDING_AT_END
266.0,266.0578189758529,,,,PENDING_AT_END
266.34999999999997,266.60776257787717,,,,PENDING_AT_END
266.7,266.9940319011478,,,,PENDING_AT_END
267.05,267.05898608376225,,,,PENDING_AT_END
267.4,267.52205255820945,,,,PENDING_AT_END
267.75,267.9027821226897,,,,PENDING_AT_END
268.09999999999997,268.3946353331875,,,,PENDING_AT_END
268.45,268.7957993105668,,,,PENDING_AT_END
268.79999999999995,269.13193502921035,,,,PENDING_AT_END
269.15,269.2651777669813,,,,PENDING_AT_END
269.5,269.8490749018066,,,,PENDING_AT_END
269.84999999999997,270.1869902754933,,,,PENDING_AT_END
270.2,270.5297877222643,,,,PENDING_AT_END
270.54999999999995,270.85081189224104,,,,PENDING_AT_END
270.9,271.2578251641223,,,,PENDING_AT_END
271.25,271.4812488446571,,,,PENDING_AT_END
271.59999999999997,271.7048277183746,,,,PENDING_AT_END
271.95,272.0647362297206,,,,PENDING_AT_END
272.29999999999995,272.30295173832303,,,,PENDING_AT_END
272.65,272.7010432825481,,,,PENDING_AT_END
273.0,273.3978872018166,,,,PENDING_AT_END
273.34999999999997,273.6442510549701,,,,PENDING_AT_END
273.7,273.7897845992558,,,,PENDING_AT_END
274.04999999999995,274.369201800214,,,,PENDING_AT_END
274.4,274.48835166889967,,,,PENDING_AT_END
274.75,274.9311047460603,,,,PENDING_AT_END
275.09999999999997,275.49009277252577,,,,PENDING_AT_END
275.45,275.8374703505521,,,,PENDING_AT_END
275.79999999999995,276.14580634586684,,,,PENDING_AT_END
276.15,276.4903169653053,,,,PENDING_AT_END
276.5,276.6137110805289,,,,PENDING_AT_END
276.84999999999997,277.1204788878658,,,,PENDING_AT_END
277.2,277.46377242062607,,,,PENDING_AT_END
277.54999999999995,277.5740556174187,,,,PENDING_AT_END
277.9,277.9490990795073,,,,PENDING_AT_END
278.25,278.61413699603224,,,,PENDING_AT_END
278.59999999999997,278.78450800140496,,,,PENDING_AT_END
278.95,279.3175401961151,,,,PENDING_AT_END
279.29999999999995,279.56400106630485,,,,PENDING_AT_END
279.65,279.8930170183089,,,,PENDING_AT_END
280.0,280.21417598292874,,,,PENDING_AT_END
280.34999999999997,280.6966086485871,,,,PENDING_AT_END
280.7,281.0307407469506,,,,PENDING_AT_END
281.04999999999995,281.36298089247407,,,,PENDING_AT_END
281.4,281.71763392559217,,,,PENDING_AT_END
281.75,281.9112151700465,,,,PENDING_AT_END
282.09999999999997,282.4079868239739,,,,PENDING_AT_END
282.45,282.5766067370525,,,,PENDING_AT_END
282.79999999999995,282.88915439703726,,,,PENDING_AT_END
283.15,283.4248426106261,,,,PENDING_AT_END
283.5,283.6346499092391,,,,PENDING_AT_END
283.84999999999997,284.10093901594104,,,,PENDING_AT_END
284.2,284.3259348745392,,,,PENDING_AT_END
284.54999999999995,284.9258746508035,,,,PENDING_AT_END
284.9,284.97032137493886,,,,PENDING_AT_END
285.25,285.31040834192015,,,,PENDING_AT_END
285.59999999999997,285.7939106885705,,,,PENDING_AT_END
285.95,285.98434938438055,,,,PENDING_AT_END
286.29999999999995,286.64205521439806,,,,PENDING_AT_END
286.65,286.96870914271574,,,,PENDING_AT_END
287.0,287.27183723611677,,,,PENDING_AT_END
287.34999999999997,287.6033718315684,,,,PENDING_AT_END
287.7,287.71907519796474,,,,PENDING_AT_END
288.04999999999995,288.20368742646417,,,,PENDING_AT_END
288.4,288.4709267703131,,,,PENDING_AT_END
288.75,288.82355679914394,,,,PENDING_AT_END
289.09999999999997,289.2076299324512,,,,PENDING_AT_END
289.45,289.7107723266943,,,,PENDING_AT_END
289.79999999999995,289.8923671787046,,,,PENDING_AT_END
290.15,290.40635529733163,,,,PENDING_AT_END
290.5,290.8987402996115,,,,PENDING_AT_END
290.84999999999997,290.8836306757832,,,,PENDING_AT_END
291.2,291.51268658293856,,,,PENDING_AT_END
291.54999999999995,291.8416284169475,,,,PENDING_AT_END
291.9,291.9763007297038,,,,PENDING_AT_END
292.25,292.46378951333827,,,,PENDING_AT_END
292.59999999999997,292.95516887312186,,,,PENDING_AT_END
292.95,292.97382670458654,,,,PENDING_AT_END
293.29999999999995,293.514972485032,,,,PENDING_AT_END
293.65,293.6541102725746,,,,PENDING_AT_END
294.0,294.2749535066157,,,,PENDING_AT_END
294.34999999999997,294.4611035495565,,,,PENDING_AT_END
294.7,295.099482995714,,,,PENDING_AT_END
295.04999999999995,295.27893911546755,,,,PENDING_AT_END
295.4,295.4923196809302,,,,PENDING_AT_END
295.75,296.1319643642038,,,,PENDING_AT_END
296.09999999999997,296.2448274115521,,,,PENDING_AT_END
296.45,296.5964875252226,,,,PENDING_AT_END
296.79999999999995,296.9755256820538,,,,PENDING_AT_END
297.15,297.3846928512718,,,,PENDING_AT_END
297.5,297.5701049738525,,,,PENDING_AT_END
297.84999999999997,298.24941266735283,,,,PENDING_AT_END
298.2,298.5041261226158,,,,PENDING_AT_END
298.54999999999995,298.5651754220987,,,,PENDING_AT_END
298.9,299.18303806105325,,,,PENDING_AT_END
299.25,299.46209315101316,,,,PENDING_AT_END
299.59999999999997,299.86322906353456,,,,PENDING_AT_END
299.95,300.2705025907865,,,,PENDING_AT_END
300.29999999999995,300.4199201114993,,,,PENDING_AT_END
300.65,300.9225638413021,,,,PENDING_AT_END
301.0,301.28740954575676,,,,PENDING_AT_END
301.34999999999997,301.39846307998874,,,,PENDING_AT_END
301.7,301.71580600031626,,,,PENDING_AT_END
302.04999999999995,302.20339927924715,,,,PENDING_AT_END
302.4,302.4404059827332,,,,PENDING_AT_END
302.75,302.9547088008254,,,,PENDING_AT_END
303.09999999999997,303.2270998914732,,,,PENDING_AT_END
303.45,303.7737411066469,,,,PENDING_AT_END
303.79999999999995,303.8218947538119,,,,PENDING_AT_END
304.15,304.19847786301,,,,PENDING_AT_END
304.5,304.575358627461,,,,PENDING_AT_END
304.84999999999997,304.95185739398545,,,,PENDING_AT_END
305.2,305.5239082656896,,,,PENDING_AT_END
305.54999999999995,305.9025299411478,,,,PENDING_AT_END
305.9,306.00965442352583,,,,PENDING_AT_END
306.25,306.28943768553324,,,,PENDING_AT_END
306.59999999999997,306.9360145393285,,,,PENDING_AT_END
306.95,307.3373293664716,,,,PENDING_AT_END
307.29999999999995,307.3495491400637,,,,PENDING_AT_END
307.65,307.70459646338713,,,,PENDING_AT_END
308.0,308.06805986549693,,,,PENDING_AT_END
308.34999999999997,308.3950762546788,,,,PENDING_AT_END
308.7,308.96827570114164,,,,PENDING_AT_END
309.04999999999995,309.3975722198637,,,,PENDING_AT_END
309.4,309.6979787371554,,,,PENDING_AT_END
309.75,309.98084593228316,,,,PENDING_AT_END
310.09999999999997,310.124693426722,,,,PENDING_AT_END
310.45,310.46020377614246,,,,PENDING_AT_END
310.79999999999995,310.8978847896424,,,,PENDING_AT_END
311.15,311.2278802123012,,,,PENDING_AT_END
311.5,311.7957884346189,,,,PENDING_AT_END
311.84999999999997,312.13849109402776,,,,PENDING_AT_END
312.2,312.5014209831102,,,,PENDING_AT_END
312.54999999999995,312.59842926030535,,,,PENDING_AT_END
312.9,313.127635379367,,,,PENDING_AT_END
313.25,313.50501888895576,,,,PENDING_AT_END
313.59999999999997,313.65429793276286,,,,PENDING_AT_END
313.95,314.2366912202246,,,,PENDING_AT_END
314.29999999999995,314.42587791957396,,,,PENDING_AT_END
314.65,315.0048488939922,,,,PENDING_AT_END
315.0,315.2029121097744,,,,PENDING_AT_END
315.34999999999997,315.39815149093596,,,,PENDING_AT_END
315.7,316.09242004211734,,,,PENDING_AT_END
316.04999999999995,316.2479638851686,,,,PENDING_AT_END
316.4,316.5267779053337,,,,PENDING_AT_END
316.75,316.818825856261,,,,PENDING_AT_END
317.09999999999997,317.1399498096502,,,,PENDING_AT_END
317.45,317.5575137966321,,,,PENDING_AT_END
317.79999999999995,318.17460732998904,,,,PENDING_AT_END
318.15,318.3970428946161,,,,PENDING_AT_END
318.5,318.65702538147013,,,,PENDING_AT_END
318.84999999999997,318.887239277519,,,,PENDING_AT_END
319.2,319.47617035734714,,,,PENDING_AT_END
319.54999999999995,319.58375575721175,,,,PENDING_AT_END
319.9,320.2291551436398,,,,PENDING_AT_END
320.25,320.4822922359093,,,,PENDING_AT_END
320.59999999999997,320.6894657423572,,,,PENDING_AT_END
320.95,321.0067805557367,,,,PENDING_AT_END
321.29999999999995,321.3367328166963,,,,PENDING_AT_END
321.65,321.7814499545416,,,,PENDING_AT_END
322.0,322.19176851064685,,,,PENDING_AT_END
322.34999999999997,322.6066112616574,,,,PENDING_AT_END
322.7,323.099990095682,,,,PENDING_AT_END
323.04999999999995,323.36617925518476,,,,PENDING_AT_END
323.4,323.72522711116903,,,,PENDING_AT_END
323.75,324.0923902539214,,,,PENDING_AT_END
324.09999999999997,324.3648082898265,,,,PENDING_AT_END
324.45,324.48552077650555,,,,PENDING_AT_END
324.79999999999995,324.9173192588455,,,,PENDING_AT_END
325.15,325.4111833717375,,,,PENDING_AT_END
325.5,325.59872498701793,,,,PENDING_AT_END
325.84999999999997,325.97946785640914,,,,PENDING_AT_END
326.2,326.2482404074421,,,,PENDING_AT_END
326.54999999999995,326.81103348916474,,,,PENDING_AT_END
326.9,327.1590654501458,,,,PENDING_AT_END
327.25,327.52507249029384,,,,PENDING_AT_END
327.59999999999997,327.6488659251476,,,,PENDING_AT_END
327.95,328.2933105426163,,,,PENDING_AT_END
328.29999999999995,328.487329432201,,,,PENDING_AT_END
328.65,328.8925571554546,,,,PENDING_AT_END
329.0,329.2149303968812,,,,PENDING_AT_END
329.34999999999997,329.3846765115425,,,,PENDING_AT_END
329.7,329.8626269794749,,,,PENDING_AT_END
330.04999999999995,330.0586202998893,,,,PENDING_AT_END
330.4,330.4424421477156,,,,PENDING_AT_END
330.75,331.0760102023347,,,,PENDING_AT_END
331.09999999999997,331.3989182110178,,,,PENDING_AT_END
331.45,331.78535693809766,,,,PENDING_AT_END
331.79999999999995,331.84101564618356,,,,PENDING_AT_END
332.15,332.28911726557124,,,,PENDING_AT_END
332.5,332.82074167705025,,,,PENDING_AT_END
332.84999999999997,332.9336017481434,,,,PENDING_AT_END
333.2,333.2455879801925,,,,PENDING_AT_END
333.54999999999995,333.72400341239825,,,,PENDING_AT_END
333.9,334.07834854423845,,,,PENDING_AT_END
334.25,334.270738947625,,,,PENDING_AT_END
334.59999999999997,334.86706980255946,,,,PENDING_AT_END
334.95,334.9938744811522,,,,PENDING_AT_END
335.29999999999995,335.6697257101572,,,,PENDING_AT_END
335.65,336.0256180850414,,,,PENDING_AT_END
336.0,336.3848173686911,,,,PENDING_AT_END
336.34999999999997,336.61970598393106,,,,PENDING_AT_END
336.7,337.0608090842176,,,,PENDING_AT_END
337.04999999999995,337.27393253899163,,,,PENDING_AT_END
337.4,337.454870479748,,,,PENDING_AT_END
337.75,337.7609512341214,,,,PENDING_AT_END
338.09999999999997,338.2049466748968,,,,PENDING_AT_END
338.45,338.58917461151015,,,,PENDING_AT_END
338.79999999999995,339.1809237842132,,,,PENDING_AT_END
339.15,339.40906034596435,,,,PENDING_AT_END
339.5,339.51187550911243,,,,PENDING_AT_END
339.84999999999997,339.86025278453866,,,,PENDING_AT_END
340.2,340.41883091982726,,,,PENDING_AT_END
340.54999999999995,340.80275082938795,,,,PENDING_AT_END
340.9,341.1822146937095,,,,PENDING_AT_END
341.25,341.3261864675087,,,,PENDING_AT_END
341.59999999999997,341.90667678525466,,,,PENDING_AT_END
341.95,342.0080349017623,,,,PENDING_AT_END
342.29999999999995,342.57583885690065,,,,PENDING_AT_END
342.65,342.87524530879625,,,,PENDING_AT_END
343.0,343.08183026495544,,,,PENDING_AT_END
343.34999999999997,343.53224458137396,,,,PENDING_AT_END
343.7,343.84930015798267,,,,PENDING_AT_END
344.04999999999995,344.3052352003144,,,,PENDING_AT_END
344.4,344.681182226915,,,,PENDING_AT_END
344.75,344.77054909987237,,,,PENDING_AT_END
345.09999999999997,345.49949939440984,,,,PENDING_AT_END
345.45,345.5761620324217,,,,PENDING_AT_END
345.79999999999995,345.94030886713267,,,,PENDING_AT_END
346.15,346.42506493249675,,,,PENDING_AT_END
346.5,346.6857271332111,,,,PENDING_AT_END
346.84999999999997,347.13670931486655,,,,PENDING_AT_END
347.2,347.55214110243884,,,,PENDING_AT_END
347.54999999999995,347.72025531960924,,,,PENDING_AT_END
347.9,348.2784494007843,,,,PENDING_AT_END
348.25,348.2786950585054,,,,PENDING_AT_END
348.59999999999997,348.99217051608065,,,,PENDING_AT_END
348.95,349.13556676452623,,,,PENDING_AT_END
349.29999999999995,349.6230611203714,,,,PENDING_AT_END
349.65,350.0061171013607,,,,PENDING_AT_END
350.0,350.1242837661621,,,,PENDING_AT_END
350.34999999999997,350.4584226927313,,,,PENDING_AT_END
350.7,350.70757250814717,,,,PENDING_AT_END
351.04999999999995,351.1413122356586,,,,PENDING_AT_END
351.4,351.5392622589386,,,,PENDING_AT_END
351.75,351.98060929015435,,,,PENDING_AT_END
352.09999999999997,352.1522401759659,,,,PENDING_AT_END
352.45,352.7691300517384,,,,PENDING_AT_END
352.79999999999995,352.89922846450986,,,,PENDING_AT_END
353.15,353.4488838826569,,,,PENDING_AT_END
353.5,353.62379843524786,,,,PENDING_AT_END
353.84999999999997,354.10205061609537,,,,PENDING_AT_END
354.2,354.38184421004604,,,,PENDING_AT_END
354.54999999999995,354.5674035145586,,,,PENDING_AT_END
354.9,355.1670585787225,,,,PENDING_AT_END
355.25,355.25653821944013,,,,PENDING_AT_END
355.59999999999997,355.82245889432824,,,,PENDING_AT_END
355.95,356.296651439512,,,,PENDING_AT_END
356.29999999999995,356.50382841966336,,,,PENDING_AT_END
356.65,357.0356437461111,,,,PENDING_AT_END
357.0,357.3359487695602,,,,PENDING_AT_END
357.34999999999997,357.6809837016935,,,,PENDING_AT_END
357.7,357.9297453230111,,,,PENDING_AT_END
358.04999999999995,358.42677092233737,,,,PENDING_AT_END
358.4,358.7301584901236,,,,PENDING_AT_END
358.75,359.03465750417774,,,,PENDING_AT_END
359.09999999999997,359.48126704361863,,,,PENDING_AT_END
359.45,359.5045897180415,,,,PENDING_AT_END
359.79999999999995,360.0778488640218,,,,PENDING_AT_END
360.15,360.3672458878208,,,,PENDING_AT_END
360.5,360.637853873637,,,,PENDING_AT_END
360.84999999999997,360.8680403091552,,,,PENDING_AT_END
361.2,361.2055966709301,,,,PENDING_AT_END
361.54999999999995,361.7113436900087,,,,PENDING_AT_END
361.9,361.93693016597194,,,,PENDING_AT_END
362.25,362.5956010174458,,,,PENDING_AT_END
362.59999999999997,362.91425178939386,,,,PENDING_AT_END
362.95,363.1579493631619,,,,PENDING_AT_END
363.29999999999995,363.40227061903386,,,,PENDING_AT_END
363.65,363.9244020404242,,,,PENDING_AT_END
364.0,364.0401111195066,,,,PENDING_AT_END
364.34999999999997,364.66867096254765,,,,PENDING_AT_END
364.7,364.99938885466,,,,PENDING_AT_END
365.04999999999995,365.1019998793779,,,,PENDING_AT_END
365.4,365.53698120652825,,,,PENDING_AT_END
365.75,365.9662783332524,,,,PENDING_AT_END
366.09999999999997,366.3073443773837,,,,PENDING_AT_END
366.45,366.6991641633403,,,,PENDING_AT_END
366.79999999999995,366.80714873494935,,,,PENDING_AT_END
367.15,367.1552583047462,,,,PENDING_AT_END
367.5,367.63293079682785,,,,PENDING_AT_END
367.84999999999997,368.10795335992697,,,,PENDING_AT_END
368.2,368.4439384864075,,,,PENDING_AT_END
368.54999999999995,368.6243326208188,,,,PENDING_AT_END
368.9,369.07554927930016,,,,PENDING_AT_END
369.25,369.27599275196553,,,,PENDING_AT_END
369.59999999999997,369.9601274355463,,,,PENDING_AT_END
369.95,370.3403876454699,,,,PENDING_AT_END
370.29999999999995,370.43660080332677,,,,PENDING_AT_END
370.65,370.9469398869112,,,,PENDING_AT_END
371.0,371.1204457182067,,,,PENDING_AT_END
371.34999999999997,371.6603337152631,,,,PENDING_AT_END
371.7,371.97088232367065,,,,PENDING_AT_END
372.04999999999995,372.3873683288208,,,,PENDING_AT_END
372.4,372.4582333164859,,,,PENDING_AT_END
372.75,372.79954148581703,,,,PENDING_AT_END
373.09999999999997,373.26008454431116,,,,PENDING_AT_END
373.45,373.6552911910272,,,,PENDING_AT_END
373.79999999999995,373.9254467243659,,,,PENDING_AT_END
374.15,374.24753052062636,,,,PENDING_AT_END
374.5,374.60824722038046,,,,PENDING_AT_END
374.84999999999997,375.2493391107301,,,,PENDING_AT_END
375.2,375.2901286518333,,,,PENDING_AT_END
375.54999999999995,375.76777241020716,,,,PENDING_AT_END
375.9,376.2272606140625,,,,PENDING_AT_END
376.25,376.25836688462334,,,,PENDING_AT_END
376.59999999999997,376.8547398064682,,,,PENDING_AT_END
376.95,377.1169985759298,,,,PENDING_AT_END
377.29999999999995,377.48148200960475,,,,PENDING_AT_END
377.65,377.8539530117863,,,,PENDING_AT_END
378.0,378.0788879639189,,,,PENDING_AT_END
378.34999999999997,378.3971524925541,,,,PENDING_AT_END
378.7,379.0925092092519,,,,PENDING_AT_END
379.04999999999995,379.1205204424548,,,,PENDING_AT_END
379.4,379.70749984366444,,,,PENDING_AT_END
379.75,379.7699799850684,,,,PENDING_AT_END
380.09999999999997,380.23633807506434,,,,PENDING_AT_END
380.45,380.5111007930138,,,,PENDING_AT_END
380.79999999999995,381.0570657383299,,,,PENDING_AT_END
381.15,381.31003834980356,,,,PENDING_AT_END
381.5,381.63520873968116,,,,PENDING_AT_END
381.84999999999997,382.059437957435,,,,PENDING_AT_END
382.2,382.5928702896509,,,,PENDING_AT_END
382.54999999999995,382.65328794197865,,,,PENDING_AT_END
382.9,382.9207195500752,,,,PENDING_AT_END
383.25,383.46484518291845,,,,PENDING_AT_END
383.59999999999997,383.74326295386885,,,,PENDING_AT_END
383.95,384.0925831667609,,,,PENDING_AT_END
384.29999999999995,384.5464426541753,,,,PENDING_AT_END
384.65,384.7958392801254,,,,PENDING_AT_END
385.0,385.23357169871144,,,,PENDING_AT_END
385.34999999999997,385.53832511528395,,,,PENDING_AT_END
385.7,385.8028254321185,,,,PENDING_AT_END
386.04999999999995,386.14747824006156,,,,PENDING_AT_END
386.4,386.64228345981394,,,,PENDING_AT_END
386.75,386.88827173692914,,,,PENDING_AT_END
387.09999999999997,387.113894043121,,,,PENDING_AT_END
387.45,387.84538236223335,,,,PENDING_AT_END
387.79999999999995,387.91866299138167,,,,PENDING_AT_END
388.15,388.43308762906963,,,,PENDING_AT_END
388.5,388.7673925239934,,,,PENDING_AT_END
388.84999999999997,389.115656910243,,,,PENDING_AT_END
389.2,389.54674149415024,,,,PENDING_AT_END
389.54999999999995,389.8318318306858,,,,PENDING_AT_END
389.9,390.1798994677165,,,,PENDING_AT_END
390.25,390.5427988168233,,,,PENDING_AT_END
390.59999999999997,390.91780784171846,,,,PENDING_AT_END
390.95,391.25197369362803,,,,PENDING_AT_END
391.29999999999995,391.30699757514276,,,,PENDING_AT_END
391.65,391.798812092185,,,,PENDING_AT_END
392.0,392.12807023336075,,,,PENDING_AT_END
392.34999999999997,392.45815042835653,,,,PENDING_AT_END
392.7,392.9410363110508,,,,PENDING_AT_END
393.04999999999995,393.12303083167797,,,,PENDING_AT_END
393.4,393.6105211800657,,,,PENDING_AT_END
393.75,393.7789431328616,,,,PENDING_AT_END
394.09999999999997,394.13915961028994,,,,PENDING_AT_END
394.45,394.63109045293567,,,,PENDING_AT_END
394.79999999999995,395.0787443535635,,,,PENDING_AT_END
395.15,395.4913640448001,,,,PENDING_AT_END
395.5,395.8716316458315,,,,PENDING_AT_END
395.84999999999997,396.08346773473596,,,,PENDING_AT_END
396.2,396.561475197285,,,,PENDING_AT_END
396.54999999999995,396.9137093637328,,,,PENDING_AT_END
396.9,396.9734975899447,,,,PENDING_AT_END
397.25,397.45546393166956,,,,PENDING_AT_END
397.59999999999997,397.65625979192265,,,,PENDING_AT_END
397.95,398.20425047449265,,,,PENDING_AT_END
398.29999999999995,398.4340217401599,,,,PENDING_AT_END
398.65,398.85037445989303,,,,PENDING_AT_END
399.0,399.1836193829471,,,,PENDING_AT_END
399.34999999999997,399.6992766627547,,,,PENDING_AT_END
399.7,399.76211378108945,,,,PENDING_AT_END
400.04999999999995,400.43012744176895,,,,PENDING_AT_END
400.4,400.7628072586666,,,,PENDING_AT_END
400.75,401.1060556131591,,,,PENDING_AT_END
401.09999999999997,401.43031122658766,,,,PENDING_AT_END
401.45,401.6141335718078,,,,PENDING_AT_END
401.79999999999995,401.88782037497606,,,,PENDING_AT_END
402.15,402.49086234652475,,,,PENDING_AT_END
402.5,402.7460510249674,,,,PENDING_AT_END
402.84999999999997,402.9783085847603,,,,PENDING_AT_END
403.2,403.4586741994055,,,,PENDING_AT_END
403.54999999999995,403.5592969970928,,,,PENDING_AT_END
403.9,404.28626561996646,,,,PENDING_AT_END
404.25,404.598077128244,,,,PENDING_AT_END
404.59999999999997,404.98897565138776,,,,PENDING_AT_END
404.95,405.16258402959187,,,,PENDING_AT_END
405.29999999999995,405.5695906233186,,,,PENDING_AT_END
405.65,405.9340641298445,,,,PENDING_AT_END
406.0,406.02685971224787,,,,PENDING_AT_END
406.34999999999997,406.5237079179204,,,,PENDING_AT_END
406.7,406.91853261754824,,,,PENDING_AT_END
407.04999999999995,407.3827468281045,,,,PENDING_AT_END
407.4,407.60249662003014,,,,PENDING_AT_END
407.75,408.1172477783665,,,,PENDING_AT_END
408.09999999999997,408.1053579926416,,,,PENDING_AT_END
408.45,408.7384416073234,,,,PENDING_AT_END
408.79999999999995,408.93457020437666,,,,PENDING_AT_END
409.15,409.484621350657,,,,PENDING_AT_END
409.5,409.8036020849968,,,,PENDING_AT_END
409.84999999999997,409.98909591466867,,,,PENDING_AT_END
410.2,410.26566097469544,,,,PENDING_AT_END
410.54999999999995,410.5980903144807,,,,PENDING_AT_END
410.9,411.263963858795,,,,PENDING_AT_END
411.25,411.48642848947,,,,PENDING_AT_END
411.59999999999997,411.9501977183888,,,,PENDING_AT_END
411.95,412.1024570708252,,,,PENDING_AT_END
412.29999999999995,412.3978524624805,,,,PENDING_AT_END
412.65,412.6921167908955,,,,PENDING_AT_END
413.0,413.0334080649437,,,,PENDING_AT_END
413.34999999999997,413.7413697537568,,,,PENDING_AT_END
413.7,413.85040125956886,,,,PENDING_AT_END
414.04999999999995,414.3815180268821,,,,PENDING_AT_END
414.4,414.73528105726496,,,,PENDING_AT_END
414.75,414.90607760912997,,,,PENDING_AT_END
415.09999999999997,415.4563864845899,,,,PENDING_AT_END
415.45,415.62039438744733,,,,PENDING_AT_END
415.79999999999995,415.88903482854494,,,,PENDING_AT_END
416.15,416.1693450866188,,,,PENDING_AT_END
416.5,416.7719845273954,,,,PENDING_AT_END
416.84999999999997,417.17818437719103,,,,PENDING_AT_END
417.2,417.5250123655598,,,,PENDING_AT_END
417.54999999999995,417.6310038009874,,,,PENDING_AT_END
417.9,418.13238456205397,,,,PENDING_AT_END
418.25,418.5989397914426,,,,PENDING_AT_END
418.59999999999997,418.6315358351123,,,,PENDING_AT_END
418.95,419.1085737699926,,,,PENDING_AT_END
419.29999999999995,419.4181277037045,,,,PENDING_AT_END
419.65,419.8333802749702,,,,PENDING_AT_END
420.0,420.3582348544287,,,,PENDING_AT_END
420.34999999999997,420.49606199811996,,,,PENDING_AT_END
420.7,421.0933741741084,,,,PENDING_AT_END
421.04999999999995,421.18180664395754,,,,PENDING_AT_END
421.4,421.5613306718079,,,,PENDING_AT_END
421.75,421.8642858292143,,,,PENDING_AT_END
422.09999999999997,422.1367057361145,,,,PENDING_AT_END
422.45,422.82268532332745,,,,PENDING_AT_END
422.79999999999995,423.1902856431242,,,,PENDING_AT_END
423.15,423.51365743411486,,,,PENDING_AT_END
423.5,423.89901542428333,,,,PENDING_AT_END
423.84999999999997,423.9860822368235,,,,PENDING_AT_END
424.2,424.5819936572886,,,,PENDING_AT_END
424.54999999999995,424.60821699407734,,,,PENDING_AT_END
424.9,425.1017755484437,,,,PENDING_AT_END
425.25,425.5387602081282,,,,PENDING_AT_END
425.59999999999997,425.9336102384793,,,,PENDING_AT_END
425.95,426.1032379472612,,,,PENDING_AT_END
426.29999999999995,426.35946508457823,,,,PENDING_AT_END
426.65,426.9518575205641,,,,PENDING_AT_END
427.0,427.34804687636256,,,,PENDING_AT_END
427.34999999999997,427.4548197677735,,,,PENDING_AT_END
427.7,427.7405839045546,,,,PENDING_AT_END
428.04999999999995,428.2072113577203,,,,PENDING_AT_END
428.4,428.72294246500496,,,,PENDING_AT_END
428.75,429.10483134217066,,,,PENDING_AT_END
429.09999999999997,429.4681343490442,,,,PENDING_AT_END
429.45,429.59558133308934,,,,PENDING_AT_END
429.79999999999995,430.0749876928129,,,,PENDING_AT_END
430.15,430.45050125216073,,,,PENDING_AT_END
430.5,430.86079376775933,,,,PENDING_AT_END
430.84999999999997,431.0107985326943,,,,PENDING_AT_END
431.2,431.2054539841337,,,,PENDING_AT_END
431.54999999999995,431.6350507058013,,,,PENDING_AT_END
431.9,432.05313684152827,,,,PENDING_AT_END
432.25,432.38612367364397,,,,PENDING_AT_END
432.59999999999997,432.75681212280557,,,,PENDING_AT_END
432.95,433.12904622887316,,,,PENDING_AT_END
433.29999999999995,433.3336933048238,,,,PENDING_AT_END
433.65,433.8189713256668,,,,PENDING_AT_END
434.0,434.32944136681795,,,,PENDING_AT_END
434.34999999999997,434.53383271566264,,,,PENDING_AT_END
434.7,434.85605756819,,,,PENDING_AT_END
435.04999999999995,435.140189613747,,,,PENDING_AT_END
435.4,435.7541480421104,,,,PENDING_AT_END
435.75,435.8234701343796,,,,PENDING_AT_END
436.09999999999997,436.4566184687156,,,,PENDING_AT_END
436.45,436.70703494073945,,,,PENDING_AT_END
436.79999999999995,437.1716756616661,,,,PENDING_AT_END
437.15,437.2406393418049,,,,PENDING_AT_END
437.5,437.61335310697814,,,,PENDING_AT_END
437.84999999999997,438.0192380595225,,,,PENDING_AT_END
438.2,438.56698605767525,,,,PENDING_AT_END
438.54999999999995,438.7512974974767,,,,PENDING_AT_END
438.9,439.0262234064445,,,,PENDING_AT_END
439.25,439.38786432568895,,,,PENDING_AT_END
439.59999999999997,439.6742530575788,,,,PENDING_AT_END
439.95,440.16072511734427,,,,PENDING_AT_END
440.29999999999995,440.69969506113716,,,,PENDING_AT_END
440.65,440.889396487981,,,,PENDING_AT_END
441.0,441.1137729121565,,,,PENDING_AT_END
441.34999999999997,441.52893521377695,,,,PENDING_AT_END
441.7,441.81587943157314,,,,PENDING_AT_END
442.04999999999995,442.24989829879064,,,,PENDING_AT_END
442.4,442.48632505006606,,,,PENDING_AT_END
442.75,443.0297906078317,,,,PENDING_AT_END
443.09999999999997,443.26588385027475,,,,PENDING_AT_END
443.45,443.8262958498472,,,,PENDING_AT_END
443.79999999999995,443.8463089527286,,,,PENDING_AT_END
444.15,444.5322324081354,,,,PENDING_AT_END
444.5,444.87949025493197,,,,PENDING_AT_END
444.84999999999997,445.22724215216937,,,,PENDING_AT_END
445.2,445.3911462974044,,,,PENDING_AT_END
445.54999999999995,445.8590017339094,,,,PENDING_AT_END
445.9,445.918048162364,,,,PENDING_AT_END
446.25,446.3358877071224,,,,PENDING_AT_END
446.59999999999997,446.8986044436637,,,,PENDING_AT_END
446.95,447.0839143992559,,,,PENDING_AT_END
447.29999999999995,447.38196303942266,,,,PENDING_AT_END
447.65,448.02235443457255,,,,PENDING_AT_END
448.0,448.3358407637206,,,,PENDING_AT_END
448.34999999999997,448.6619618504412,,,,PENDING_AT_END
448.7,448.7399274391776,,,,PENDING_AT_END
449.04999999999995,449.3189877263891,,,,PENDING_AT_END
449.4,449.7229320128656,,,,PENDING_AT_END
449.74999999999994,450.0154188941793,,,,PENDING_AT_END
450.09999999999997,450.4682463416735,,,,PENDING_AT_END
450.45,450.6943864516049,,,,PENDING_AT_END
450.79999999999995,451.15460762244504,,,,PENDING_AT_END
451.15,451.4010732379876,,,,PENDING_AT_END
451.49999999999994,451.7550077797633,,,,PENDING_AT_END
451.84999999999997,452.1010648240978,,,,PENDING_AT_END
452.2,452.3571049991521,,,,PENDING_AT_END
452.54999999999995,452.7545004661263,,,,PENDING_AT_END
452.9,453.02469796056175,,,,PENDING_AT_END
453.24999999999994,453.3706064151352,,,,PENDING_AT_END
453.59999999999997,453.9153715844545,,,,PENDING_AT_END
453.95,454.14760195129037,,,,PENDING_AT_END
454.29999999999995,454.30248772491666,,,,PENDING_AT_END
454.65,454.8592062493219,,,,PENDING_AT_END
454.99999999999994,455.38281730225964,,,,PENDING_AT_END
455.34999999999997,455.69231096640766,,,,PENDING_AT_END
455.7,456.06067151245844,,,,PENDING_AT_END
456.04999999999995,456.17235180565444,,,,PENDING_AT_END
456.4,456.71965568315,,,,PENDING_AT_END
456.74999999999994,456.76025877953674,,,,PENDING_AT_END
457.09999999999997,457.4407814126486,,,,PENDING_AT_END
457.45,457.80058745407786,,,,PENDING_AT_END
457.79999999999995,457.8810805608666,,,,PENDING_AT_END
458.15,458.2175782408756,,,,PENDING_AT_END
458.49999999999994,458.6132416132994,,,,PENDING_AT_END
458.84999999999997,459.0649421476724,,,,PENDING_AT_END
459.2,459.3724156481168,,,,PENDING_AT_END
459.54999999999995,459.62143572015657,,,,PENDING_AT_END
459.9,460.0997299346283,,,,PENDING_AT_END
460.24999999999994,460.61625894791376,,,,PENDING_AT_END
460.59999999999997,460.9871811080795,,,,PENDING_AT_END
460.95,461.00669162299386,,,,PENDING_AT_END
461.29999999999995,461.4827111519089,,,,PENDING_AT_END
461.65,461.8140407842019,,,,PENDING_AT_END
461.99999999999994,462.29911345823945,,,,PENDING_AT_END
462.34999999999997,462.48465158039295,,,,PENDING_AT_END
462.7,462.8740979266726,,,,PENDING_AT_END
463.04999999999995,463.23281886348616,,,,PENDING_AT_END
463.4,463.79999913754284,,,,PENDING_AT_END
463.74999999999994,463.77234926634384,,,,PENDING_AT_END
464.09999999999997,464.46517354154656,,,,PENDING_AT_END
464.45,464.76041671884315,,,,PENDING_AT_END
464.79999999999995,464.81771187761865,,,,PENDING_AT_END
465.15,465.34543234677074,,,,PENDING_AT_END
465.49999999999994,465.563504324847,,,,PENDING_AT_END
465.84999999999997,466.12224158196096,,,,PENDING_AT_END
466.2,466.5031053428742,,,,PENDING_AT_END
466.54999999999995,466.92082860108485,,,,PENDING_AT_END
466.9,467.16650905667325,,,,PENDING_AT_END
467.24999999999994,467.4154057096643,,,,PENDING_AT_END
467.59999999999997,467.8849964035937,,,,PENDING_AT_END
467.95,468.11485329590795,,,,PENDING_AT_END
468.29999999999995,468.6770257748926,,,,PENDING_AT_END
468.65,468.83381480782714,,,,PENDING_AT_END
468.99999999999994,469.172992984686,,,,PENDING_AT_END
469.34999999999997,469.4910535952236,,,,PENDING_AT_END
469.7,470.0207021586397,,,,PENDING_AT_END
470.04999999999995,470.4459301112794,,,,PENDING_AT_END
470.4,470.5878356386087,,,,PENDING_AT_END
470.74999999999994,470.79728141849233,,,,PENDING_AT_END
471.09999999999997,471.2020593882442,,,,PENDING_AT_END
471.45,471.8091641490352,,,,PENDING_AT_END
471.79999999999995,471.86311803577826,,,,PENDING_AT_END
472.15,472.19400928600624,,,,PENDING_AT_END
472.49999999999994,472.7853511144496,,,,PENDING_AT_END
472.84999999999997,473.14641180326186,,,,PENDING_AT_END
473.2,473.2508720541527,,,,PENDING_AT_END
473.54999999999995,473.62831002847963,,,,PENDING_AT_END
473.9,474.2444177803843,,,,PENDING_AT_END
474.24999999999994,474.48285463960616,,,,PENDING_AT_END
474.59999999999997,474.7020703965856,,,,PENDING_AT_END
474.95,475.3209495018105,,,,PENDING_AT_END
475.29999999999995,475.59080088272265,,,,PENDING_AT_END
475.65,475.7197177924712,,,,PENDING_AT_END
475.99999999999994,476.275651443787,,,,PENDING_AT_END
476.34999999999997,476.58786324556166,,,,PENDING_AT_END
476.7,476.7349371715051,,,,PENDING_AT_END
477.04999999999995,477.2221931137766,,,,PENDING_AT_END
477.4,477.6152069321805,,,,PENDING_AT_END
477.74999999999994,478.1133552497144,,,,PENDING_AT_END
478.09999999999997,478.2690744253884,,,,PENDING_AT_END
478.45,478.5705012494322,,,,PENDING_AT_END
478.79999999999995,479.0101249773393,,,,PENDING_AT_END
479.15,479.17923838205866,,,,PENDING_AT_END
479.49999999999994,479.73131450294085,,,,PENDING_AT_END
479.84999999999997,480.2119346228847,,,,PENDING_AT_END
480.2,480.33607875382387,,,,PENDING_AT_END
480.54999999999995,480.80812304162475,,,,PENDING_AT_END
480.9,481.1051324570378,,,,PENDING_AT_END
481.24999999999994,481.2784001855961,,,,PENDING_AT_END
481.59999999999997,481.8247726179488,,,,PENDING_AT_END
481.95,482.03145664191055,,,,PENDING_AT_END
482.29999999999995,482.55512218404135,,,,PENDING_AT_END
482.65,482.65676587370365,,,,PENDING_AT_END
482.99999999999994,483.3979584426061,,,,PENDING_AT_END
483.34999999999997,483.438436623311,,,,PENDING_AT_END
483.7,483.79560093208767,,,,PENDING_AT_END
484.04999999999995,484.09634791121096,,,,PENDING_AT_END
484.4,484.55750005472964,,,,PENDING_AT_END
484.74999999999994,484.9170917539877,,,,PENDING_AT_END
485.09999999999997,485.29332059028576,,,,PENDING_AT_END
485.45,485.58607306836024,,,,PENDING_AT_END
485.79999999999995,486.1298878587736,,,,PENDING_AT_END
486.15,486.40894887143895,,,,PENDING_AT_END
486.49999999999994,486.8339772452994,,,,PENDING_AT_END
486.84999999999997,486.86611146191586,,,,PENDING_AT_END
487.2,487.51243041255526,,,,PENDING_AT_END
487.54999999999995,487.58466353297047,,,,PENDING_AT_END
487.9,488.1142249053694,,,,PENDING_AT_END
488.24999999999994,488.4672353109027,,,,PENDING_AT_END
488.59999999999997,488.7541893960759,,,,PENDING_AT_END
488.95,489.1089265274067,,,,PENDING_AT_END
489.29999999999995,489.46103868690045,,,,PENDING_AT_END
489.65,489.723102239691,,,,PENDING_AT_END
489.99999999999994,490.39773363059106,,,,PENDING_AT_END
490.34999999999997,490.5690058140463,,,,PENDING_AT_END
490.7,490.9419498841883,,,,PENDING_AT_END
491.04999999999995,491.2166772834695,,,,PENDING_AT_END
491.4,491.62880056824224,,,,PENDING_AT_END
491.74999999999994,491.775406912097,,,,PENDING_AT_END
492.09999999999997,492.4369766360351,,,,PENDING_AT_END
492.45,492.4553813545221,,,,PENDING_AT_END
492.79999999999995,493.0170139993172,,,,PENDING_AT_END
493.15,493.5140834647068,,,,PENDING_AT_END
493.49999999999994,493.6763553854069,,,,PENDING_AT_END
493.84999999999997,493.993390800142,,,,PENDING_AT_END
494.2,494.3539634979156,,,,PENDING_AT_END
494.54999999999995,494.7721212765357,,,,PENDING_AT_END
494.9,495.1623767100691,,,,PENDING_AT_END
495.24999999999994,495.2613051233686,,,,PENDING_AT_END
495.59999999999997,495.7034250082224,,,,PENDING_AT_END
495.95,496.2727599778669,,,,PENDING_AT_END
496.29999999999995,496.6079177387593,,,,PENDING_AT_END
496.65,496.6890675661914,,,,PENDING_AT_END
496.99999999999994,497.1554718109201,,,,PENDING_AT_END
497.34999999999997,497.5084058088236,,,,PENDING_AT_END
497.7,497.954371290333,,,,PENDING_AT_END
498.04999999999995,498.4444632133104,,,,PENDING_AT_END
498.4,498.43907871008275,,,,PENDING_AT_END
498.74999999999994,499.06984912158117,,,,PENDING_AT_END
499.09999999999997,499.2589489108353,,,,PENDING_AT_END
499.45,499.5811514564875,,,,PENDING_AT_END
499.79999999999995,500.0104688476009,,,,PENDING_AT_END
500.15,500.2275280850333,,,,PENDING_AT_END
500.49999999999994,500.87424621707004,,,,PENDING_AT_END
500.84999999999997,500.88525982388677,,,,PENDING_AT_END
501.2,501.5235804341798,,,,PENDING_AT_END
501.54999999999995,501.8627867544976,,,,PENDING_AT_END
501.9,502.273356136718,,,,PENDING_AT_END
502.24999999999994,502.36629806394893,,,,PENDING_AT_END
502.59999999999997,502.8059734963966,,,,PENDING_AT_END
502.95,502.95794402514395,,,,PENDING_AT_END
503.29999999999995,503.5247624305424,,,,PENDING_AT_END
503.65,503.652436105354,,,,PENDING_AT_END
503.99999999999994,504.3380210091247,,,,PENDING_AT_END
504.34999999999997,504.5413895454847,,,,PENDING_AT_END
504.7,504.80482061801996,,,,PENDING_AT_END
505.04999999999995,505.39775243008114,,,,PENDING_AT_END
505.4,505.63306971050133,,,,PENDING_AT_END
505.74999999999994,506.03364398691525,,,,PENDING_AT_END
506.09999999999997,506.29391864049495,,,,PENDING_AT_END
506.45,506.6619791469229,,,,PENDING_AT_END
506.79999999999995,507.1978347070607,,,,PENDING_AT_END
507.15,507.46280939197777,,,,PENDING_AT_END
507.49999999999994,507.83983770922856,,,,PENDING_AT_END
507.84999999999997,507.91770478278426,,,,PENDING_AT_END
508.2,508.5052767949995,,,,PENDING_AT_END
508.54999999999995,508.64753050357604,,,,PENDING_AT_END
508.9,509.08392030914615,,,,PENDING_AT_END
509.24999999999994,509.58072714273777,,,,PENDING_AT_END
509.59999999999997,509.81538505136956,,,,PENDING_AT_END
509.95,510.1893488817163,,,,PENDING_AT_END
510.29999999999995,510.3569147004439,,,,PENDING_AT_END
510.65,510.8772315224661,,,,PENDING_AT_END
510.99999999999994,511.09197607141226,,,,PENDING_AT_END
511.34999999999997,511.61776629472155,,,,PENDING_AT_END
511.7,512.0025357242329,,,,PENDING_AT_END
512.05,512.3814721264337,,,,PENDING_AT_END
512.4,512.6745093741082,,,,PENDING_AT_END
512.75,512.8846609973534,,,,PENDING_AT_END
513.1,513.4666726933164,,,,PENDING_AT_END
513.4499999999999,513.812189161028,,,,PENDING_AT_END
513.8,514.151526501114,,,,PENDING_AT_END
514.15,514.3970451862314,,,,PENDING_AT_END
514.5,514.6367694433318,,,,PENDING_AT_END
514.85,515.1438391936948,,,,PENDING_AT_END
515.1999999999999,515.5627287948499,,,,PENDING_AT_END
515.55,515.6308981646657,,,,PENDING_AT_END
515.9,515.9248734055803,,,,PENDING_AT_END
516.25,516.2999264585717,,,,PENDING_AT_END
516.6,516.8986432629837,,,,PENDING_AT_END
516.9499999999999,517.0789534215099,,,,PENDING_AT_END
517.3,517.4583251031486,,,,PENDING_AT_END
517.65,517.956553257338,,,,PENDING_AT_END
518.0,518.2800556491393,,,,PENDING_AT_END
518.35,518.6672985633599,,,,PENDING_AT_END
518.6999999999999,518.8780845333339,,,,PENDING_AT_END
519.05,519.257044506581,,,,PENDING_AT_END
519.4,519.7319988110513,,,,PENDING_AT_END
519.75,519.8971058628958,,,,PENDING_AT_END
520.1,520.3560470920858,,,,PENDING_AT_END
520.4499999999999,520.6198401398309,,,,PENDING_AT_END
520.8,520.9738232857414,,,,PENDING_AT_END
521.15,521.1688002090415,,,,PENDING_AT_END
521.5,521.5442039553473,,,,PENDING_AT_END
521.85,522.0567475554843,,,,PENDING_AT_END
522.1999999999999,522.2335199547148,,,,PENDING_AT_END
522.55,522.6281607116184,,,,PENDING_AT_END
522.9,523.0751444477359,,,,PENDING_AT_END
523.25,523.4841534538134,,,,PENDING_AT_END
523.6,523.6914318349335,,,,PENDING_AT_END
523.9499999999999,523.9857053934735,,,,PENDING_AT_END
524.3,524.4842589594195,,,,PENDING_AT_END
524.65,524.7287142448253,,,,PENDING_AT_END
525.0,525.3703965252598,,,,PENDING_AT_END
525.35,525.7475476797587,,,,PENDING_AT_END
525.6999999999999,525.9239526982145,,,,PENDING_AT_END
526.05,526.1908268940329,,,,PENDING_AT_END
526.4,526.6203656900801,,,,PENDING_AT_END
526.75,526.8499559026791,,,,PENDING_AT_END
527.1,527.3284441523673,,,,PENDING_AT_END
527.4499999999999,527.7037477443617,,,,PENDING_AT_END
527.8,527.9789599807252,,,,PENDING_AT_END
528.15,528.4426554969813,,,,PENDING_AT_END
528.5,528.7530884680145,,,,PENDING_AT_END
528.85,528.8739825272361,,,,PENDING_AT_END
529.1999999999999,529.2457960406817,,,,PENDING_AT_END
529.55,529.8206656635816,,,,PENDING_AT_END
529.9,530.2365922352836,,,,PENDING_AT_END
530.25,530.3469674982741,,,,PENDING_AT_END
530.6,530.6817016664728,,,,PENDING_AT_END
530.9499999999999,531.3480595882198,,,,PENDING_AT_END
531.3,531.4713627074764,,,,PENDING_AT_END
531.65,531.8937651520288,,,,PENDING_AT_END
532.0,532.0804637662379,,,,PENDING_AT_END
532.35,532.4786924225244,,,,PENDING_AT_END
532.6999999999999,532.7736752871386,,,,PENDING_AT_END
533.05,533.3911968834359,,,,PENDING_AT_END
533.4,533.5047532135692,,,,PENDING_AT_END
533.75,533.8277412391881,,,,PENDING_AT_END
534.1,534.2478545783719,,,,PENDING_AT_END
534.4499999999999,534.6287317576658,,,,PENDING_AT_END
534.8,535.1097650968925,,,,PENDING_AT_END
535.15,535.2192098081606,,,,PENDING_AT_END
535.5,535.8558100372097,,,,PENDING_AT_END
535.85,535.979078252576,,,,PENDING_AT_END
536.1999999999999,536.324038280895,,,,PENDING_AT_END
536.55,536.6015097135905,,,,PENDING_AT_END
536.9,536.927544335184,,,,PENDING_AT_END
537.25,537.5059734241211,,,,PENDING_AT_END
537.5999999999999,537.7699260294514,,,,PENDING_AT_END
537.9499999999999,538.1019572690253,,,,PENDING_AT_END
538.3,538.3747808710657,,,,PENDING_AT_END
538.65,538.8945371581639,,,,PENDING_AT_END
539.0,539.3066074673329,,,,PENDING_AT_END
539.3499999999999,539.6651943524685,,,,PENDING_AT_END
539.6999999999999,539.965479756925,,,,PENDING_AT_END
540.05,540.2296183140077,,,,PENDING_AT_END
540.4,540.4568087398499,,,,PENDING_AT_END
540.75,540.8509164135755,,,,PENDING_AT_END
541.0999999999999,541.2605520406653,,,,PENDING_AT_END
541.4499999999999,541.7693433156238,,,,PENDING_AT_END
541.8,541.9309357669374,,,,PENDING_AT_END
542.15,542.455370182494,,,,PENDING_AT_END
542.5,542.8562611762261,,,,PENDING_AT_END
542.8499999999999,543.120262923368,,,,PENDING_AT_END
543.1999999999999,543.2200432612609,,,,PENDING_AT_END
543.55,543.7093199123121,,,,PENDING_AT_END
543.9,544.1338195553475,,,,PENDING_AT_END
544.25,544.2722602083613,,,,PENDING_AT_END
544.5999999999999,544.6118823647946,,,,PENDING_AT_END
544.9499999999999,545.2562632619146,,,,PENDING_AT_END
545.3,545.569405786923,,,,PENDING_AT_END
545.65,545.8042534799596,,,,PENDING_AT_END
546.0,546.2196594016971,,,,PENDING_AT_END
546.3499999999999,546.5244639499929,,,,PENDING_AT_END
546.6999999999999,546.8224083044048,,,,PENDING_AT_END
547.05,547.1411299903523,,,,PENDING_AT_END
547.4,547.7640716264333,,,,PENDING_AT_END
547.75,548.1435624385138,,,,PENDING_AT_END
548.0999999999999,548.3344424330248,,,,PENDING_AT_END
548.4499999999999,548.5403507896593,,,,PENDING_AT_END
548.8,548.945589336613,,,,PENDING_AT_END
549.15,549.4120921460755,,,,PENDING_AT_END
549.5,549.6971216497423,,,,PENDING_AT_END
549.8499999999999,549.8784036529257,,,,PENDING_AT_END
550.1999999999999,550.4804065843608,,,,PENDING_AT_END
550.55,550.5951992957002,,,,PENDING_AT_END
550.9,551.2442667882523,,,,PENDING_AT_END
551.25,551.6014720548699,,,,PENDING_AT_END
551.5999999999999,551.8572488362759,,,,PENDING_AT_END
551.9499999999999,552.120280266424,,,,PENDING_AT_END
552.3,552.3983538520017,,,,PENDING_AT_END
552.65,552.6575552833314,,,,PENDING_AT_END
553.0,553.2715590147909,,,,PENDING_AT_END
553.3499999999999,553.3824409544982,,,,PENDING_AT_END
553.6999999999999,554.0001401892195,,,,PENDING_AT_END
554.05,554.3190467121563,,,,PENDING_AT_END
554.4,554.7376017488317,,,,PENDING_AT_END
554.75,555.0240747039427,,,,PENDING_AT_END
555.0999999999999,555.1852208646224,,,,PENDING_AT_END
555.4499999999999,555.521927679151,,,,PENDING_AT_END
555.8,555.808613315904,,,,PENDING_AT_END
556.15,556.5061806690666,,,,PENDING_AT_END
556.5,556.6988009159552,,,,PENDING_AT_END
556.8499999999999,557.0209096357337,,,,PENDING_AT_END
557.1999999999999,557.3132521612678,,,,PENDING_AT_END
557.55,557.6415091335723,,,,PENDING_AT_END
557.9,558.2941342742421,,,,PENDING_AT_END
558.25,558.4669947716186,,,,PENDING_AT_END
558.5999999999999,558.764429386242,,,,PENDING_AT_END
558.9499999999999,559.3414459468191,,,,PENDING_AT_END
559.3,559.3790905724245,,,,PENDING_AT_END
559.65,559.6614594882943,,,,PENDING_AT_END
560.0,560.2898232392868,,,,PENDING_AT_END
560.3499999999999,560.4587315826702,,,,PENDING_AT_END
560.6999999999999,560.7511738569852,,,,PENDING_AT_END
561.05,561.2101398412758,,,,PENDING_AT_END
561.4,561.6030476859781,,,,PENDING_AT_END
561.75,561.9940759996873,,,,PENDING_AT_END
562.0999999999999,562.3921512559868,,,,PENDING_AT_END
562.4499999999999,562.748330447104,,,,PENDING_AT_END
562.8,562.9098211381931,,,,PENDING_AT_END
563.15,563.266741498985,,,,PENDING_AT_END
563.5,563.8776509957149,,,,PENDING_AT_END
563.8499999999999,563.982037501972,,,,PENDING_AT_END
564.1999999999999,564.5890884486172,,,,PENDING_AT_END
564.55,564.5898795057192,,,,PENDING_AT_END
564.9,564.9307031412696,,,,PENDING_AT_END
565.25,565.4223208979529,,,,PENDING_AT_END
565.5999999999999,565.88782577383,,,,PENDING_AT_END
565.9499999999999,566.2438483811103,,,,PENDING_AT_END
566.3,566.5338888143301,,,,PENDING_AT_END
566.65,566.6791836882034,,,,PENDING_AT_END
567.0,567.0260779406938,,,,PENDING_AT_END
567.3499999999999,567.4749783003022,,,,PENDING_AT_END
567.6999999999999,567.7985502530131,,,,PENDING_AT_END
568.05,568.2009875014292,,,,PENDING_AT_END
568.4,568.62016516133,,,,PENDING_AT_END
568.75,568.9612382961857,,,,PENDING_AT_END
569.0999999999999,569.193484157902,,,,PENDING_AT_END
569.4499999999999,569.8391129577236,,,,PENDING_AT_END
569.8,570.0973264058869,,,,PENDING_AT_END
570.15,570.5403281428349,,,,PENDING_AT_END
570.5,570.6546868305759,,,,PENDING_AT_END
570.8499999999999,571.2246558127565,,,,PENDING_AT_END
571.1999999999999,571.5884971096588,,,,PENDING_AT_END
571.55,571.721395614541,,,,PENDING_AT_END
571.9,572.1942442518449,,,,PENDING_AT_END
572.25,572.4623870942853,,,,PENDING_AT_END
572.5999999999999,572.8462966835727,,,,PENDING_AT_END
572.9499999999999,572.9717829346438,,,,PENDING_AT_END
573.3,573.310532545268,,,,PENDING_AT_END
573.65,573.8453005409502,,,,PENDING_AT_END
574.0,574.1887386471469,,,,PENDING_AT_END
574.3499999999999,574.4460246500389,,,,PENDING_AT_END
574.6999999999999,574.9020274310031,,,,PENDING_AT_END
575.05,575.231190880522,,,,PENDING_AT_END
575.4,575.5976462432462,,,,PENDING_AT_END
575.75,576.08888067732,,,,PENDING_AT_END
576.0999999999999,576.4395995109408,,,,PENDING_AT_END
576.4499999999999,576.5575012362962,,,,PENDING_AT_END
576.8,577.0030294199696,,,,PENDING_AT_END
577.15,577.2866649747397,,,,PENDING_AT_END
577.5,577.7099255785888,,,,PENDING_AT_END
577.8499999999999,578.1909389173002,,,,PENDING_AT_END
578.1999999999999,578.3488069345723,,,,PENDING_AT_END
578.55,578.7303833604772,,,,PENDING_AT_END
578.9,579.0129909702113,,,,PENDING_AT_END
579.25,579.6098792962282,,,,PENDING_AT_END
579.5999999999999,579.9026102523119,,,,PENDING_AT_END
579.9499999999999,580.2623045276056,,,,PENDING_AT_END
580.3,580.4014874254576,,,,PENDING_AT_END
580.65,580.8732022322587,,,,PENDING_AT_END
581.0,581.1468891073278,,,,PENDING_AT_END
581.3499999999999,581.5547499583342,,,,PENDING_AT_END
581.6999999999999,582.0801018282156,,,,PENDING_AT_END
582.05,582.301471415919,,,,PENDING_AT_END
582.4,582.4687807622475,,,,PENDING_AT_END
582.75,582.7687958406848,,,,PENDING_AT_END
583.0999999999999,583.2066010094684,,,,PENDING_AT_END
583.4499999999999,583.7929583655117,,,,PENDING_AT_END
583.8,583.8179190526853,,,,PENDING_AT_END
584.15,584.4604582198903,,,,PENDING_AT_END
584.5,584.7744158947048,,,,PENDING_AT_END
584.8499999999999,585.0320976133403,,,,PENDING_AT_END
585.1999999999999,585.5204425829364,,,,PENDING_AT_END
585.55,585.8094547531839,,,,PENDING_AT_END
585.9,586.0055959753541,,,,PENDING_AT_END
586.25,586.4543629067841,,,,PENDING_AT_END
586.5999999999999,586.8044190681944,,,,PENDING_AT_END
586.9499999999999,586.9526382621442,,,,PENDING_AT_END
587.3,587.3479827657968,,,,PENDING_AT_END
587.65,587.9542823488413,,,,PENDING_AT_END
588.0,588.170229640074,,,,PENDING_AT_END
588.3499999999999,588.3698129710863,,,,PENDING_AT_END
588.6999999999999,588.9142784775157,,,,PENDING_AT_END
589.05,589.3586156627998,,,,PENDING_AT_END
589.4,589.5874945293891,,,,PENDING_AT_END
589.75,590.0662588051403,,,,PENDING_AT_END
590.0999999999999,590.4758473075035,,,,PENDING_AT_END
590.4499999999999,590.8499012844965,,,,PENDING_AT_END
590.8,590.8917346974004,,,,PENDING_AT_END
591.15,591.4312619528972,,,,PENDING_AT_END
591.5,591.7359758602156,,,,PENDING_AT_END
591.8499999999999,592.1982990990896,,,,PENDING_AT_END
592.1999999999999,592.5065850805514,,,,PENDING_AT_END
592.55,592.7305743031579,,,,PENDING_AT_END
592.9,593.2050626902432,,,,PENDING_AT_END
593.25,593.4194703274472,,,,PENDING_AT_END
593.5999999999999,593.6035759060289,,,,PENDING_AT_END
593.9499999999999,593.9615347440889,,,,PENDING_AT_END
594.3,594.6029143235212,,,,PENDING_AT_END
594.65,594.7508466725986,,,,PENDING_AT_END
595.0,595.1916327358479,,,,PENDING_AT_END
595.3499999999999,595.5859922752225,,,,PENDING_AT_END
595.6999999999999,595.7958682525226,,,,PENDING_AT_END
596.05,596.4421383422946,,,,PENDING_AT_END
596.4,596.7000900387053,,,,PENDING_AT_END
596.75,596.8842121818413,,,,PENDING_AT_END
597.0999999999999,597.3946409607715,,,,PENDING_AT_END
597.4499999999999,597.7922084198163,,,,PENDING_AT_END
597.8,598.1509964425225,,,,PENDING_AT_END
598.15,598.3839130487746,,,,PENDING_AT_END
598.5,598.8703815469139,,,,PENDING_AT_END
598.8499999999999,599.1027683472546,,,,PENDING_AT_END
599.1999999999999,599.4727569781274,,,,PENDING_AT_END
599.55,599.6364844494528,,,,PENDING_AT_END
599.9,600.2055616632518,,,,PENDING_AT_END
600.25,600.508139979813,,,,PENDING_AT_END
600.5999999999999,600.603314685568,,,,PENDING_AT_END
600.9499999999999,601.2424706797811,,,,PENDING_AT_END
601.3,601.386839043885,,,,PENDING_AT_END
601.65,602.0091630083649,,,,PENDING_AT_END
602.0,602.0925231374854,,,,PENDING_AT_END
602.3499999999999,602.5274868333045,,,,PENDING_AT_END
602.6999999999999,603.0660321850493,,,,PENDING_AT_END
603.05,603.0818140057797,,,,PENDING_AT_END
603.4,603.7993194868826,,,,PENDING_AT_END
603.75,603.9049015715582,,,,PENDING_AT_END
604.0999999999999,604.3011189104338,,,,PENDING_AT_END
604.4499999999999,604.5530722760578,,,,PENDING_AT_END
604.8,605.1258814030198,,,,PENDING_AT_END
605.15,605.5234176396117,,,,PENDING_AT_END
605.5,605.677623285806,,,,PENDING_AT_END
605.8499999999999,606.1161011570794,,,,PENDING_AT_END
606.1999999999999,606.5932167784991,,,,PENDING_AT_END
606.55,606.5747287194272,,,,PENDING_AT_END
606.9,607.1520767232333,,,,PENDING_AT_END
607.25,607.5710433831889,,,,PENDING_AT_END
607.5999999999999,607.724012760074,,,,PENDING_AT_END
607.9499999999999,608.0892105543231,,,,PENDING_AT_END
608.3,608.3524537580779,,,,PENDING_AT_END
608.65,608.7186083119233,,,,PENDING_AT_END
609.0,609.2058676158977,,,,PENDING_AT_END
609.3499999999999,609.7277406789722,,,,PENDING_AT_END
609.6999999999999,609.932135406457,,,,PENDING_AT_END
610.05,610.1648015068363,,,,PENDING_AT_END
610.4,610.4026625113439,,,,PENDING_AT_END
610.75,610.9292542763319,,,,PENDING_AT_END
611.0999999999999,611.2305406855696,,,,PENDING_AT_END
611.4499999999999,611.5191609087489,,,,PENDING_AT_END
611.8,612.0603290602764,,,,PENDING_AT_END
612.15,612.37923408211,,,,PENDING_AT_END
612.5,612.5391061120472,,,,PENDING_AT_END
612.8499999999999,613.1348781348458,,,,PENDING_AT_END
613.1999999999999,613.3386266604699,,,,PENDING_AT_END
613.55,613.9055270715967,,,,PENDING_AT_END
613.9,614.0555384211724,,,,PENDING_AT_END
614.25,614.4582210642093,,,,PENDING_AT_END
614.5999999999999,614.923026560549,,,,PENDING_AT_END
614.9499999999999,615.2417533226518,,,,PENDING_AT_END
615.3,615.6211475353834,,,,PENDING_AT_END
615.65,615.6762073801452,,,,PENDING_AT_END
616.0,616.373361016153,,,,PENDING_AT_END
616.3499999999999,616.6882428410136,,,,PENDING_AT_END
616.6999999999999,616.8536687562533,,,,PENDING_AT_END
617.05,617.3432862386051,,,,PENDING_AT_END
617.4,617.4250150300862,,,,PENDING_AT_END
617.75,617.7914869596418,,,,PENDING_AT_END
618.0999999999999,618.2995882895598,,,,PENDING_AT_END
618.4499999999999,618.6706635405886,,,,PENDING_AT_END
618.8,618.9810290597763,,,,PENDING_AT_END
619.15,619.2748800753499,,,,PENDING_AT_END
619.5,619.8762643121811,,,,PENDING_AT_END
619.8499999999999,620.118273242464,,,,PENDING_AT_END
620.1999999999999,620.2473502636846,,,,PENDING_AT_END
620.55,620.6807600539958,,,,PENDING_AT_END
620.9,621.064549700004,,,,PENDING_AT_END
621.25,621.6018828902534,,,,PENDING_AT_END
621.5999999999999,621.7646255281697,,,,PENDING_AT_END
621.9499999999999,622.0212987150068,,,,PENDING_AT_END
622.3,622.4106319469895,,,,PENDING_AT_END
622.65,622.7372458664532,,,,PENDING_AT_END
623.0,623.3695553989169,,,,PENDING_AT_END
623.3499999999999,623.4220942644442,,,,PENDING_AT_END
623.6999999999999,624.0071422557238,,,,PENDING_AT_END
624.05,624.412973093252,,,,PENDING_AT_END
624.4,624.6937769403554,,,,PENDING_AT_END
624.75,625.0052457122249,,,,PENDING_AT_END
625.0999999999999,625.2971645729028,,,,PENDING_AT_END
625.4499999999999,625.7446759325697,,,,PENDING_AT_END
625.8,625.9348007912856,,,,PENDING_AT_END
626.15,626.243085105226,,,,PENDING_AT_END
626.5,626.6922207938183,,,,PENDING_AT_END
626.8499999999999,627.0034188908905,,,,PENDING_AT_END
627.1999999999999,627.3564356996422,,,,PENDING_AT_END
627.55,627.9106069302959,,,,PENDING_AT_END
627.9,628.0706089163983,,,,PENDING_AT_END
628.25,628.5615653664711,,,,PENDING_AT_END
628.5999999999999,628.687567662957,,,,PENDING_AT_END
628.9499999999999,629.0080827470582,,,,PENDING_AT_END
629.3,629.3385830405689,,,,PENDING_AT_END
629.65,629.9053513457667,,,,PENDING_AT_END
630.0,630.2867698823404,,,,PENDING_AT_END
630.3499999999999,630.4609116951272,,,,PENDING_AT_END
630.6999999999999,630.9246885759518,,,,PENDING_AT_END
631.05,631.0828151445328,,,,PENDING_AT_END
631.4,631.7519473650299,,,,PENDING_AT_END
631.75,631.9429973948338,,,,PENDING_AT_END
632.0999999999999,632.3311896620887,,,,PENDING_AT_END
632.4499999999999,632.6528730179597,,,,PENDING_AT_END
632.8,633.1548623183321,,,,PENDING_AT_END
633.15,633.5095803536937,,,,PENDING_AT_END
633.5,633.7757389089777,,,,PENDING_AT_END
633.8499999999999,633.8905168191934,,,,PENDING_AT_END
634.1999999999999,634.4713539878966,,,,PENDING_AT_END
634.55,634.576530416602,,,,PENDING_AT_END
634.9,635.1377348643872,,,,PENDING_AT_END
635.25,635.45507842959,,,,PENDING_AT_END
635.5999999999999,635.8762106572349,,,,PENDING_AT_END
635.9499999999999,636.1423426709829,,,,PENDING_AT_END
636.3,636.4675889430694,,,,PENDING_AT_END
636.65,636.7064502590584,,,,PENDING_AT_END
637.0,637.331630384677,,,,PENDING_AT_END
637.3499999999999,637.6991236771103,,,,PENDING_AT_END
637.6999999999999,637.913266970481,,,,PENDING_AT_END
638.05,638.3025373073167,,,,PENDING_AT_END
638.4,638.6044186119551,,,,PENDING_AT_END
638.75,639.1163743442878,,,,PENDING_AT_END
639.0999999999999,639.2939884814905,,,,PENDING_AT_END
639.4499999999999,639.4610536467245,,,,PENDING_AT_END
639.8,640.0368841422164,,,,PENDING_AT_END
640.15,640.15450419776,,,,PENDING_AT_END
640.5,640.5657620823304,,,,PENDING_AT_END
640.8499999999999,640.9403471341436,,,,PENDING_AT_END
641.1999999999999,641.4428411677765,,,,PENDING_AT_END
641.55,641.5581272193087,,,,PENDING_AT_END
641.9,642.078281440461,,,,PENDING_AT_END
642.25,642.6473420001432,,,,PENDING_AT_END
642.5999999999999,642.6609353867887,,,,PENDING_AT_END
642.9499999999999,643.1462943517762,,,,PENDING_AT_END
643.3,643.6841092174752,,,,PENDING_AT_END
643.65,643.701558462598,,,,PENDING_AT_END
644.0,644.0760460099541,,,,PENDING_AT_END
644.3499999999999,644.7139230661264,,,,PENDING_AT_END
644.6999999999999,644.895773723492,,,,PENDING_AT_END
645.05,645.1762536941769,,,,PENDING_AT_END
645.4,645.6161452315552,,,,PENDING_AT_END
645.75,646.0353027365154,,,,PENDING_AT_END
646.0999999999999,646.1391498926359,,,,PENDING_AT_END
646.4499999999999,646.6204054627834,,,,PENDING_AT_END
646.8,646.9375733750264,,,,PENDING_AT_END
647.15,647.3062204596966,,,,PENDING_AT_END
647.5,647.7978111672828,,,,PENDING_AT_END
647.8499999999999,648.1857767544527,,,,PENDING_AT_END
648.1999999999999,648.5385503917631,,,,PENDING_AT_END
648.55,648.7284908590952,,,,PENDING_AT_END
648.9,648.9258573189483,,,,PENDING_AT_END
649.25,649.3973260136561,,,,PENDING_AT_END
649.5999999999999,649.6476045258892,,,,PENDING_AT_END
649.9499999999999,650.2179134485337,,,,PENDING_AT_END
650.3,650.6967726094774,,,,PENDING_AT_END
650.65,650.8266232266,,,,PENDING_AT_END
651.0,651.3337519470429,,,,PENDING_AT_END
651.3499999999999,651.5035340434388,,,,PENDING_AT_END
651.6999999999999,651.7465204974648,,,,PENDING_AT_END
652.05,652.1763573754295,,,,PENDING_AT_END
652.4,652.7884933477591,,,,PENDING_AT_END
652.75,652.9594444008185,,,,PENDING_AT_END
653.0999999999999,653.337567790729,,,,PENDING_AT_END
653.4499999999999,653.6106220935056,,,,PENDING_AT_END
653.8,654.0602769456377,,,,PENDING_AT_END
654.15,654.5110593571204,,,,PENDING_AT_END
654.5,654.7045776568382,,,,PENDING_AT_END
654.8499999999999,655.0077718433156,,,,PENDING_AT_END
655.1999999999999,655.5123503926733,,,,PENDING_AT_END
655.55,655.5873702213719,,,,PENDING_AT_END
655.9,656.1988526361398,,,,PENDING_AT_END
656.25,656.2761963235318,,,,PENDING_AT_END
656.5999999999999,656.6658954011157,,,,PENDING_AT_END
656.9499999999999,657.0422043045945,,,,PENDING_AT_END
657.3,657.5859687426105,,,,PENDING_AT_END
657.65,657.9591417037549,,,,PENDING_AT_END
658.0,658.3763025066614,,,,PENDING_AT_END
658.3499999999999,658.6237077154769,,,,PENDING_AT_END
658.6999999999999,658.7146655167261,,,,PENDING_AT_END
659.05,659.102241302829,,,,PENDING_AT_END
659.4,659.6564491144223,,,,PENDING_AT_END
659.75,660.078419324891,,,,PENDING_AT_END
660.0999999999999,660.3672600403811,,,,PENDING_AT_END
660.4499999999999,660.8047634360286,,,,PENDING_AT_END
660.8,660.8898797790196,,,,PENDING_AT_END
661.15,661.4146770702458,,,,PENDING_AT_END
661.5,661.8590259931468,,,,PENDING_AT_END
661.8499999999999,662.0668726079061,,,,PENDING_AT_END
662.1999999999999,662.4266284479635,,,,PENDING_AT_END
662.55,662.6628368515794,,,,PENDING_AT_END
662.9,663.1559984898935,,,,PENDING_AT_END
663.25,663.3998812396692,,,,PENDING_AT_END
663.5999999999999,663.7221550675056,,,,PENDING_AT_END
663.9499999999999,664.2905033198809,,,,PENDING_AT_END
664.3,664.6717148595246,,,,PENDING_AT_END
664.65,664.8536288225476,,,,PENDING_AT_END
665.0,665.1260179661958,,,,PENDING_AT_END
665.3499999999999,665.7227802441971,,,,PENDING_AT_END
665.6999999999999,665.8160721247169,,,,PENDING_AT_END
666.05,666.3888858199161,,,,PENDING_AT_END
666.4,666.5198177922099,,,,PENDING_AT_END
666.75,667.0545345376802,,,,PENDING_AT_END
667.0999999999999,667.3514124758572,,,,PENDING_AT_END
667.4499999999999,667.8194367486736,,,,PENDING_AT_END
667.8,667.8716751054039,,,,PENDING_AT_END
668.15,668.3481448512931,,,,PENDING_AT_END
668.5,668.8704226448167,,,,PENDING_AT_END
668.8499999999999,669.1178927789301,,,,PENDING_AT_END
669.1999999999999,669.3733917279577,,,,PENDING_AT_END
669.55,669.676332912527,,,,PENDING_AT_END
669.9,670.2000169173501,,,,PENDING_AT_END
670.25,670.4137318116695,,,,PENDING_AT_END
670.5999999999999,670.8242184177545,,,,PENDING_AT_END
670.9499999999999,670.9804764369484,,,,PENDING_AT_END
671.3,671.6877716283277,,,,PENDING_AT_END
671.65,672.0496791352194,,,,PENDING_AT_END
672.0,672.085014414057,,,,PENDING_AT_END
672.3499999999999,672.586675175505,,,,PENDING_AT_END
672.6999999999999,672.7520435561909,,,,PENDING_AT_END
673.05,673.1726733559856,,,,PENDING_AT_END
673.4,673.4348527818471,,,,PENDING_AT_END
673.75,674.0947106599692,,,,PENDING_AT_END
674.0999999999999,674.4183340197799,,,,PENDING_AT_END
674.4499999999999,674.7471398469439,,,,PENDING_AT_END
674.8,674.8811137362968,,,,PENDING_AT_END
675.15,675.2314874922873,,,,PENDING_AT_END
675.5,675.8211893146431,,,,PENDING_AT_END
675.8499999999999,676.2354708713151,,,,PENDING_AT_END
676.1999999999999,676.4635130265445,,,,PENDING_AT_END
676.55,676.8857637973188,,,,PENDING_AT_END
676.9,677.1081800463695,,,,PENDING_AT_END
677.25,677.4902831394543,,,,PENDING_AT_END
677.5999999999999,677.7196877757017,,,,PENDING_AT_END
677.9499999999999,678.0646199243128,,,,PENDING_AT_END
678.3,678.5282236098108,,,,PENDING_AT_END
678.65,678.6740575783489,,,,PENDING_AT_END
679.0,679.3860060219342,,,,PENDING_AT_END
679.3499999999999,679.3595586643246,,,,PENDING_AT_END
679.6999999999999,679.818657380761,,,,PENDING_AT_END
680.05,680.3684971316682,,,,PENDING_AT_END
680.4,680.493454356064,,,,PENDING_AT_END
680.75,680.9940739708588,,,,PENDING_AT_END
681.0999999999999,681.1436596321216,,,,PENDING_AT_END
681.4499999999999,681.8318144742483,,,,PENDING_AT_END
681.8,681.8372285405269,,,,PENDING_AT_END
682.15,682.3406038701218,,,,PENDING_AT_END
682.5,682.767213200053,,,,PENDING_AT_END
682.8499999999999,683.0212008053575,,,,PENDING_AT_END
683.1999999999999,683.570351067952,,,,PENDING_AT_END
683.55,683.8318936028363,,,,PENDING_AT_END
683.9,684.1846098945463,,,,PENDING_AT_END
684.25,684.5807956300719,,,,PENDING_AT_END
684.5999999999999,684.6652692334758,,,,PENDING_AT_END
684.9499999999999,685.3280519677197,,,,PENDING_AT_END
685.3,685.3317162388732,,,,PENDING_AT_END
685.65,685.71709115807,,,,PENDING_AT_END
686.0,686.3158634423066,,,,PENDING_AT_END
686.3499999999999,686.4752521817331,,,,PENDING_AT_END
686.6999999999999,686.969996183769,,,,PENDING_AT_END
687.05,687.2542108191471,,,,PENDING_AT_END
687.4,687.4109458149541,,,,PENDING_AT_END
687.75,687.798081906363,,,,PENDING_AT_END
688.0999999999999,688.1190659057397,,,,PENDING_AT_END
688.4499999999999,688.5131324022692,,,,PENDING_AT_END
688.8,688.9143879992564,,,,PENDING_AT_END
689.15,689.5490787230516,,,,PENDING_AT_END
689.5,689.6490469251639,,,,PENDING_AT_END
689.8499999999999,690.2117207139484,,,,PENDING_AT_END
690.1999999999999,690.2262747097858,,,,PENDING_AT_END
690.55,690.8156864904929,,,,PENDING_AT_END
690.9,690.9504203583941,,,,PENDING_AT_END
691.25,691.3105503986858,,,,PENDING_AT_END
691.5999999999999,691.7621983204888,,,,PENDING_AT_END
691.9499999999999,692.0509701201034,,,,PENDING_AT_END
692.3,692.387558992091,,,,PENDING_AT_END
692.65,692.815938051939,,,,PENDING_AT_END
693.0,693.0613199288796,,,,PENDING_AT_END
693.3499999999999,693.5938210903182,,,,PENDING_AT_END
693.6999999999999,693.7624965838287,,,,PENDING_AT_END
694.05,694.4464879182513,,,,PENDING_AT_END
694.4,694.4152225149388,,,,PENDING_AT_END
694.75,694.9174620179042,,,,PENDING_AT_END
695.0999999999999,695.240130690516,,,,PENDING_AT_END
695.4499999999999,695.5968332794824,,,,PENDING_AT_END
695.8,695.965822240357,,,,PENDING_AT_END
696.15,696.4071054188308,,,,PENDING_AT_END
696.5,696.7549417359248,,,,PENDING_AT_END
696.8499999999999,697.1630218162993,,,,PENDING_AT_END
697.1999999999999,697.2215499309369,,,,PENDING_AT_END
697.55,697.6258573724042,,,,PENDING_AT_END
697.9,698.2884971322059,,,,PENDING_AT_END
698.25,698.4259384275883,,,,PENDING_AT_END
698.5999999999999,698.6268447751556,,,,PENDING_AT_END
698.9499999999999,698.9704309897601,,,,PENDING_AT_END
699.3,699.6623621967879,,,,PENDING_AT_END
699.65,700.0401004134134,,,,PENDING_AT_END
700.0,700.368441097065,,,,PENDING_AT_END
700.3499999999999,700.7386591634627,,,,PENDING_AT_END
700.6999999999999,701.051720060006,,,,PENDING_AT_END
701.05,701.2434317433144,,,,PENDING_AT_END
701.4,701.7884576062955,,,,PENDING_AT_END
701.75,701.84345668229,,,,PENDING_AT_END
702.0999999999999,702.3030554678451,,,,PENDING_AT_END
702.4499999999999,702.6614003954891,,,,PENDING_AT_END
702.8,703.0905812356743,,,,PENDING_AT_END
703.15,703.5433355699262,,,,PENDING_AT_END
703.5,703.81009070188,,,,PENDING_AT_END
703.8499999999999,704.0312436478007,,,,PENDING_AT_END
704.1999999999999,704.3019626220695,,,,PENDING_AT_END
704.55,704.6323476894465,,,,PENDING_AT_END
704.9,704.9372036426524,,,,PENDING_AT_END
705.25,705.2911298140154,,,,PENDING_AT_END
705.5999999999999,705.8588131093097,,,,PENDING_AT_END
705.9499999999999,705.9787009145099,,,,PENDING_AT_END
706.3,706.5705119064112,,,,PENDING_AT_END
706.65,707.0002018927174,,,,PENDING_AT_END
707.0,707.2225264708711,,,,PENDING_AT_END
707.3499999999999,707.6914878396185,,,,PENDING_AT_END
707.6999999999999,707.9786152113749,,,,PENDING_AT_END
708.05,708.2113891232543,,,,PENDING_AT_END
708.4,708.4427595576291,,,,PENDING_AT_END
708.75,708.7750335178312,,,,PENDING_AT_END
709.0999999999999,709.3877630486261,,,,PENDING_AT_END
709.4499999999999,709.786773746671,,,,PENDING_AT_END
709.8,710.0185945245053,,,,PENDING_AT_END
710.15,710.3504925506121,,,,PENDING_AT_END
710.5,710.6950794363074,,,,PENDING_AT_END
710.8499999999999,710.981609162438,,,,PENDING_AT_END
711.1999999999999,711.5187257215526,,,,PENDING_AT_END
711.55,711.8545213195337,,,,PENDING_AT_END
711.9,712.0437689320739,,,,PENDING_AT_END
712.25,712.4858346336734,,,,PENDING_AT_END
712.5999999999999,712.6478289172901,,,,PENDING_AT_END
712.9499999999999,713.2022260186167,,,,PENDING_AT_END
713.3,713.4717346761793,,,,PENDING_AT_END
713.65,713.7443396765053,,,,PENDING_AT_END
714.0,714.0821540578202,,,,PENDING_AT_END
714.3499999999999,714.5573389389135,,,,PENDING_AT_END
714.6999999999999,714.7228121861918,,,,PENDING_AT_END
715.05,715.3091484798877,,,,PENDING_AT_END
715.4,715.4270672398062,,,,PENDING_AT_END
715.75,715.8956207975054,,,,PENDING_AT_END
716.0999999999999,716.1316139648695,,,,PENDING_AT_END
716.4499999999999,716.793210674531,,,,PENDING_AT_END
716.8,717.1947044844301,,,,PENDING_AT_END
717.15,717.5011058335805,,,,PENDING_AT_END
717.5,717.8046284589354,,,,PENDING_AT_END
717.8499999999999,717.8538274823213,,,,PENDING_AT_END
718.1999999999999,718.2195414389029,,,,PENDING_AT_END
718.55,718.5574458576987,,,,PENDING_AT_END
718.9,719.261505691669,,,,PENDING_AT_END
719.25,719.5327564888732,,,,PENDING_AT_END
719.5999999999999,719.6279898368978,,,,PENDING_AT_END
719.9499999999999,720.1785109661668,,,,PENDING_AT_END
720.3,720.4165585400001,,,,PENDING_AT_END
720.65,720.8236850251425,,,,PENDING_AT_END
721.0,721.1314066645377,,,,PENDING_AT_END
721.3499999999999,721.5233257607099,,,,PENDING_AT_END
721.6999999999999,721.8356825316056,,,,PENDING_AT_END
722.05,722.2866869778586,,,,PENDING_AT_END
722.4,722.7239924343081,,,,PENDING_AT_END
722.75,722.8274759289659,,,,PENDING_AT_END
723.0999999999999,723.2776806650204,,,,PENDING_AT_END
723.4499999999999,723.4516536232494,,,,PENDING_AT_END
723.8,724.0167722044393,,,,PENDING_AT_END
724.15,724.316784241778,,,,PENDING_AT_END
724.5,724.8750150319215,,,,PENDING_AT_END
724.8499999999999,724.875301089663,,,,PENDING_AT_END
725.1999999999999,725.5932519921736,,,,PENDING_AT_END
725.55,725.7192083890639,,,,PENDING_AT_END
725.9,725.9821021514805,,,,PENDING_AT_END
726.25,726.282916134757,,,,PENDING_AT_END
726.5999999999999,726.6566918277449,,,,PENDING_AT_END
726.9499999999999,727.2942155047054,,,,PENDING_AT_END
727.3,727.5533564725322,,,,PENDING_AT_END
727.65,727.719336125902,,,,PENDING_AT_END
728.0,728.1883438581112,,,,PENDING_AT_END
728.3499999999999,728.7359282270261,,,,PENDING_AT_END
728.6999999999999,728.77763839497,,,,PENDING_AT_END
729.05,729.4441598464514,,,,PENDING_AT_END
729.4,729.5694208477076,,,,PENDING_AT_END
729.75,730.1105359233529,,,,PENDING_AT_END
730.0999999999999,730.1442651233783,,,,PENDING_AT_END
730.4499999999999,730.7970231112757,,,,PENDING_AT_END
730.8,730.9100243791095,,,,PENDING_AT_END
731.15,731.1516511648878,,,,PENDING_AT_END
731.5,731.5371289252387,,,,PENDING_AT_END
731.8499999999999,731.9082513940148,,,,PENDING_AT_END
732.1999999999999,732.4741637498677,,,,PENDING_AT_END
732.55,732.8490343313522,,,,PENDING_AT_END
732.9,733.2532732022013,,,,PENDING_AT_END
733.25,733.6115711441792,,,,PENDING_AT_END
733.5999999999999,733.8806653884251,,,,PENDING_AT_END
733.9499999999999,734.3427374486831,,,,PENDING_AT_END
734.3,734.6992721993456,,,,PENDING_AT_END
734.65,734.7015252035943,,,,PENDING_AT_END
