timestamp,gen_time,sel_time,tx_time,rx_time,status
0.0,0.15508165236709523,150.11258110095847,150.11358110095847,150.28358110095846,TX
0.35,0.414948174043553,152.87082746886134,152.87182746886134,153.04182746886133,TX
0.7,0.7935269784561494,155.24315325238328,155.24415325238328,155.41415325238327,TX
1.0499999999999998,1.1036103548175147,157.44384267256925,157.44484267256925,157.61484267256924,TX
1.4,1.7941613736567397,155.23535873259408,155.23635873259408,155.40635873259407,TX
1.75,2.146717947715809,154.89973991550656,154.90073991550656,155.07073991550655,TX
2.0999999999999996,2.192841828731013,160.13529143637462,160.13629143637462,160.3062914363746,TX
2.4499999999999997,2.506587081756044,162.0823341165592,162.0833341165592,162.2533341165592,TX
2.8,2.8406909145458723,161.69188953749372,161.69288953749373,161.86288953749371,TX
3.15,3.4361425534172065,153.79687086016318,153.7978708601632,153.96787086016317,TX
3.5,3.827679108081173,162.78723562671226,162.78823562671226,162.95823562671225,TX
3.8499999999999996,4.024856082288032,163.20799099307533,163.20899099307533,163.37899099307532,TX
4.199999999999999,4.212453231654262,159.5806238651915,159.58162386519152,159.7516238651915,TX
4.55,4.831941144442994,164.3493266123991,164.3503266123991,164.5203266123991,TX
4.8999999999999995,5.100209630709849,,,,PENDING_AT_END
5.25,5.649845651182547,,,,PENDING_AT_END
5.6,5.99784926921803,,,,PENDING_AT_END
5.949999999999999,5.993828127029728,,,,PENDING_AT_END
6.3,6.52039215868066,,,,PENDING_AT_END
6.6499999999999995,6.730852902292242,,,,PENDING_AT_END
7.0,7.235232410999016,,,,PENDING_AT_END
7.35,7.625037460090866,,,,PENDING_AT_END
7.699999999999999,7.917299068956975,,,,PENDING_AT_END
8.049999999999999,8.126837224855175,,,,PENDING_AT_END
8.399999999999999,8.63595284542145,,,,PENDING_AT_END
8.75,8.82674343210471,,,,PENDING_AT_END
9.1,9.239659085649736,,,,PENDING_AT_END
9.45,9.6518285071453,,,,PENDING_AT_END
9.799999999999999,10.069433541382162,,,,PENDING_AT_END
10.149999999999999,10.249850668006747,,,,PENDING_AT_END
10.5,10.863395961781357,,,,PENDING_AT_END
10.85,11.143479666953864,,,,PENDING_AT_END
11.2,11.378647823706185,,,,PENDING_AT_END
11.549999999999999,11.917403809795578,,,,PENDING_AT_END
11.899999999999999,12.244664012492027,,,,PENDING_AT_END
12.25,12.461785915199723,,,,PENDING_AT_END
12.6,12.656601918628857,,,,PENDING_AT_END
12.95,13.082509621040643,,,,PENDING_AT_END
13.299999999999999,13.547862419169276,,,,PENDING_AT_END
13.649999999999999,13.699826215528958,,,,PENDING_AT_END
14.0,14.208287431294806,,,,PENDING_AT_END
14.35,14.563512319662594,,,,PENDING_AT_END
14.7,14.989510533859026,,,,PENDING_AT_END
15.049999999999999,15.135340942645255,,,,PENDING_AT_END
15.399999999999999,15.448177894318427,,,,PENDING_AT_END
15.749999999999998,15.946631327714266,,,,PENDING_AT_END
16.099999999999998,16.1790749870591,,,,PENDING_AT_END
16.45,16.50205070243368,,,,PENDING_AT_END
16.799999999999997,17.007518268101663,,,,PENDING_AT_END
17.15,17.40723663497652,,,,PENDING_AT_END
17.5,17.59002138560645,,,,PENDING_AT_END
17.849999999999998,17.923235704611567,,,,PENDING_AT_END
18.2,18.47981835258764,,,,PENDING_AT_END
18.549999999999997,18.732971821187846,,,,PENDING_AT_END
18.9,19.02247529653512,,,,PENDING_AT_END
19.25,19.5606070494754,,,,PENDING_AT_END
19.599999999999998,19.952711646347804,,,,PENDING_AT_END
19.95,20.138909354953615,,,,PENDING_AT_END
20.299999999999997,20.44898090935572,,,,PENDING_AT_END
20.65,20.777558852093257,,,,PENDING_AT_END
21.0,21.322316745762407,,,,PENDING_AT_END
21.349999999999998,21.360753294220924,,,,PENDING_AT_END
21.7,22.070573500798528,,,,PENDING_AT_END
22.049999999999997,22.32567588179503,,,,PENDING_AT_END
22.4,22.594516266354802,,,,PENDING_AT_END
22.75,22.890753934360028,,,,PENDING_AT_END
23.099999999999998,23.17315760640788,,,,PENDING_AT_END
23.45,23.84206725392576,,,,PENDING_AT_END
23.799999999999997,24.168386603002112,,,,PENDING_AT_END
24.15,24.31840634342003,,,,PENDING_AT_END
24.5,24.833630659042534,,,,PENDING_AT_END
24.849999999999998,24.866225566901125,,,,PENDING_AT_END
25.2,25.390724825961026,,,,PENDING_AT_END
25.549999999999997,25.868618699460484,,,,PENDING_AT_END
25.9,25.963258268609046,,,,PENDING_AT_END
26.25,26.506387511787928,,,,PENDING_AT_END
26.599999999999998,26.833548073810515,,,,PENDING_AT_END
26.95,27.329632893554244,,,,PENDING_AT_END
27.299999999999997,27.410968427880015,,,,PENDING_AT_END
27.65,27.692059478201266,,,,PENDING_AT_END
28.0,28.276023439972782,,,,PENDING_AT_END
28.349999999999998,28.69598182767049,,,,PENDING_AT_END
28.7,28.888789385015745,,,,PENDING_AT_END
29.049999999999997,29.270399160561333,,,,PENDING_AT_END
29.4,29.605684532418742,,,,PENDING_AT_END
29.749999999999996,29.918282650398435,,,,PENDING_AT_END
30.099999999999998,30.400343070495925,,,,PENDING_AT_END
30.45,30.74585795761264,,,,PENDING_AT_END
30.799999999999997,31.075385929294512,,,,PENDING_AT_END
31.15,31.516088131100865,,,,PENDING_AT_END
31.499999999999996,31.50021868728385,,,,PENDING_AT_END
31.849999999999998,32.18343032531665,,,,PENDING_AT_END
32.199999999999996,32.58073300216615,,,,PENDING_AT_END
32.55,32.85034475024767,,,,PENDING_AT_END
32.9,33.02152687711071,,,,PENDING_AT_END
33.25,33.449242563863436,,,,PENDING_AT_END
33.599999999999994,33.7127852950683,,,,PENDING_AT_END
33.949999999999996,34.14849505383234,,,,PENDING_AT_END
34.3,34.4478940523572,,,,PENDING_AT_END
34.65,34.83641471032683,,,,PENDING_AT_END
35.0,35.18189859154117,,,,PENDING_AT_END
35.349999999999994,35.416471937008964,,,,PENDING_AT_END
35.699999999999996,35.85859655394845,,,,PENDING_AT_END
36.05,36.41368077006403,,,,PENDING_AT_END
36.4,36.63019716404052,,,,PENDING_AT_END
36.75,36.888113970163815,,,,PENDING_AT_END
37.099999999999994,37.28040698810587,,,,PENDING_AT_END
37.449999999999996,37.55228183958625,,,,PENDING_AT_END
37.8,37.90959023108903,,,,PENDING_AT_END
38.15,38.529742257226424,,,,PENDING_AT_END
38.5,38.78945085093528,,,,PENDING_AT_END
38.849999999999994,38.89816175151891,,,,PENDING_AT_END
39.199999999999996,39.5669688020915,,,,PENDING_AT_END
39.55,39.70106757255746,,,,PENDING_AT_END
39.9,40.13663143907329,,,,PENDING_AT_END
40.25,40.6242805751357,,,,PENDING_AT_END
40.599999999999994,40.716041480449476,,,,PENDING_AT_END
40.949999999999996,41.3050508458529,,,,PENDING_AT_END
41.3,41.65866951716582,,,,PENDING_AT_END
41.65,41.81653565346439,,,,PENDING_AT_END
42.0,42.06487746812262,,,,PENDING_AT_END
42.349999999999994,42.70007234825644,,,,PENDING_AT_END
42.699999999999996,42.72405238920387,,,,PENDING_AT_END
43.05,43.0885590695635,,,,PENDING_AT_END
43.4,43.45751681921259,,,,PENDING_AT_END
43.75,43.88836885904814,,,,PENDING_AT_END
44.099999999999994,44.42262908670588,,,,PENDING_AT_END
44.449999999999996,44.5994966394774,,,,PENDING_AT_END
44.8,45.14545252416127,,,,PENDING_AT_END
45.15,45.44778655450046,,,,PENDING_AT_END
45.5,45.52044247726923,,,,PENDING_AT_END
45.849999999999994,46.09060149635215,,,,PENDING_AT_END
46.199999999999996,46.56448474531434,,,,PENDING_AT_END
46.55,46.7532013622605,,,,PENDING_AT_END
46.9,47.130345652564266,,,,PENDING_AT_END
47.25,47.34443201871987,,,,PENDING_AT_END
47.599999999999994,47.99816117222454,,,,PENDING_AT_END
47.949999999999996,48.23251980128661,,,,PENDING_AT_END
48.3,48.48886668390652,,,,PENDING_AT_END
48.65,49.025579745874644,,,,PENDING_AT_END
49.0,49.265400395572115,,,,PENDING_AT_END
49.349999999999994,49.3640497805971,,,,PENDING_AT_END
49.699999999999996,49.78212868270288,,,,PENDING_AT_END
50.05,50.394715087098106,,,,PENDING_AT_END
50.4,50.50780641601812,,,,PENDING_AT_END
50.75,50.97989308652882,,,,PENDING_AT_END
51.099999999999994,51.43332333415674,,,,PENDING_AT_END
51.449999999999996,51.672691824467016,,,,PENDING_AT_END
51.8,51.8521010054006,,,,PENDING_AT_END
52.15,52.48465153939315,,,,PENDING_AT_END
52.5,52.862054739863495,,,,PENDING_AT_END
52.849999999999994,53.00209834757028,,,,PENDING_AT_END
53.199999999999996,53.25054314512878,,,,PENDING_AT_END
53.55,53.70907761773242,,,,PENDING_AT_END
53.9,53.90251379111687,,,,PENDING_AT_END
54.25,54.53806042348225,,,,PENDING_AT_END
54.599999999999994,54.82858720907549,,,,PENDING_AT_END
54.949999999999996,55.189900337596036,,,,PENDING_AT_END
55.3,55.39746179911995,,,,PENDING_AT_END
55.65,55.86830763491351,,,,PENDING_AT_END
56.0,56.00920319942989,,,,PENDING_AT_END
56.349999999999994,56.61688589245115,,,,PENDING_AT_END
56.699999999999996,57.01071891332976,,,,PENDING_AT_END
57.05,57.29364792491492,,,,PENDING_AT_END
57.4,57.79462020106808,,,,PENDING_AT_END
57.74999999999999,57.881037983411765,,,,PENDING_AT_END
58.099999999999994,58.4189279220689,,,,PENDING_AT_END
58.449999999999996,58.845455305842016,,,,PENDING_AT_END
58.8,58.93124156827999,,,,PENDING_AT_END
59.15,59.191362829010025,,,,PENDING_AT_END
59.49999999999999,59.73416711471439,,,,PENDING_AT_END
59.849999999999994,60.09202479127872,,,,PENDING_AT_END
60.199999999999996,60.363657062534536,,,,PENDING_AT_END
60.55,60.574279076583764,,,,PENDING_AT_END
60.9,61.273699230939435,,,,PENDING_AT_END
61.24999999999999,61.41793168971993,,,,PENDING_AT_END
61.599999999999994,61.91346090136864,,,,PENDING_AT_END
61.949999999999996,62.014475999657215,,,,PENDING_AT_END
62.3,62.69111635688145,,,,PENDING_AT_END
62.65,63.00640372748746,,,,PENDING_AT_END
62.99999999999999,63.03017029767553,,,,PENDING_AT_END
63.349999999999994,63.612717784529906,,,,PENDING_AT_END
63.699999999999996,63.715836510235654,,,,PENDING_AT_END
64.05,64.44544049135091,,,,PENDING_AT_END
64.39999999999999,64.6396832975717,,,,PENDING_AT_END
64.75,64.9441834503595,,,,PENDING_AT_END
65.1,65.1419588356415,,,,PENDING_AT_END
65.45,65.82459479755194,,,,PENDING_AT_END
65.8,66.05149308551351,,,,PENDING_AT_END
66.14999999999999,66.24785329234847,,,,PENDING_AT_END
66.5,66.55971667038224,,,,PENDING_AT_END
66.85,67.20455506472612,,,,PENDING_AT_END
67.19999999999999,67.3844903036443,,,,PENDING_AT_END
67.55,67.94821820183428,,,,PENDING_AT_END
67.89999999999999,68.00483556689643,,,,PENDING_AT_END
68.25,68.47319772724867,,,,PENDING_AT_END
68.6,68.82311006046672,,,,PENDING_AT_END
68.94999999999999,69.07458900652358,,,,PENDING_AT_END
69.3,69.53097704780522,,,,PENDING_AT_END
69.64999999999999,69.79540446000333,,,,PENDING_AT_END
70.0,70.0848847719279,,,,PENDING_AT_END
70.35,70.66343383693854,,,,PENDING_AT_END
70.69999999999999,70.98771640395367,,,,PENDING_AT_END
71.05,71.1950157962368,,,,PENDING_AT_END
71.39999999999999,71.74340397504106,,,,PENDING_AT_END
71.75,71.87894797010563,,,,PENDING_AT_END
72.1,72.4948080383179,,,,PENDING_AT_END
72.44999999999999,72.47563353604392,,,,PENDING_AT_END
72.8,72.91958589915801,,,,PENDING_AT_END
73.14999999999999,73.4481889821409,,,,PENDING_AT_END
73.5,73.77587796044645,,,,PENDING_AT_END
73.85,74.08576174237942,,,,PENDING_AT_END
74.19999999999999,74.25216216897829,,,,PENDING_AT_END
74.55,74.76382141779332,,,,PENDING_AT_END
74.89999999999999,75.05429774476367,,,,PENDING_AT_END
75.25,75.56594995807123,,,,PENDING_AT_END
75.6,75.78473696400758,,,,PENDING_AT_END
75.94999999999999,75.9506326229588,,,,PENDING_AT_END
76.3,76.53724549846386,,,,PENDING_AT_END
76.64999999999999,76.75085851504936,,,,PENDING_AT_END
77.0,77.0420171584193,,,,PENDING_AT_END
77.35,77.67654627428098,,,,PENDING_AT_END
77.69999999999999,77.91927772288057,,,,PENDING_AT_END
78.05,78.27057573135208,,,,PENDING_AT_END
78.39999999999999,78.45492099454806,,,,PENDING_AT_END
78.75,78.9708805879572,,,,PENDING_AT_END
79.1,79.45511130902287,,,,PENDING_AT_END
79.44999999999999,79.84663155354988,,,,PENDING_AT_END
79.8,79.99647744217602,,,,PENDING_AT_END
80.14999999999999,80.29102995839578,,,,PENDING_AT_END
80.5,80.87107836334701,,,,PENDING_AT_END
80.85,81.08503854177619,,,,PENDING_AT_END
81.19999999999999,81.59947117430536,,,,PENDING_AT_END
81.55,81.76873371738147,,,,PENDING_AT_END
81.89999999999999,82.22918998654815,,,,PENDING_AT_END
82.25,82.50355404250021,,,,PENDING_AT_END
82.6,82.87426579652242,,,,PENDING_AT_END
82.94999999999999,82.97079326417102,,,,PENDING_AT_END
83.3,83.47565820616775,,,,PENDING_AT_END
83.64999999999999,83.92745761848887,,,,PENDING_AT_END
84.0,84.13881228515521,,,,PENDING_AT_END
84.35,84.53934549638277,,,,PENDING_AT_END
84.69999999999999,84.91969579877511,,,,PENDING_AT_END
85.05,85.38064695790477,,,,PENDING_AT_END
85.39999999999999,85.43765018099411,,,,PENDING_AT_END
85.75,85.87665740209741,,,,PENDING_AT_END
86.1,86.3216941721802,,,,PENDING_AT_END
86.44999999999999,86.49011314732812,,,,PENDING_AT_END
86.8,87.11994112490576,,,,PENDING_AT_END
87.14999999999999,87.48426867427405,,,,PENDING_AT_END
87.5,87.51480587939145,,,,PENDING_AT_END
87.85,88.18878244644404,,,,PENDING_AT_END
88.19999999999999,88.28173384646126,,,,PENDING_AT_END
88.55,88.61439720441133,,,,PENDING_AT_END
88.89999999999999,88.90869851233897,,,,PENDING_AT_END
89.25,89.36692187309811,,,,PENDING_AT_END
89.6,89.67116320139621,,,,PENDING_AT_END
89.94999999999999,90.11801880792066,,,,PENDING_AT_END
90.3,90.47127181139025,,,,PENDING_AT_END
90.64999999999999,90.71879361157444,,,,PENDING_AT_END
91.0,91.38906988352903,,,,PENDING_AT_END
91.35,91.44615907793266,,,,PENDING_AT_END
91.69999999999999,92.01209825004605,,,,PENDING_AT_END
92.05,92.28688231595451,,,,PENDING_AT_END
92.39999999999999,92.52209261272388,,,,PENDING_AT_END
92.75,92.78295082963575,,,,PENDING_AT_END
93.1,93.44418108173898,,,,PENDING_AT_END
93.44999999999999,93.5226283903636,,,,PENDING_AT_END
93.8,94.00125453383164,,,,PENDING_AT_END
94.14999999999999,94.41684636979717,,,,PENDING_AT_END
94.5,94.86950055711733,,,,PENDING_AT_END
94.85,95.08868588627371,,,,PENDING_AT_END
95.19999999999999,95.28049864090036,,,,PENDING_AT_END
95.55,95.85037407729304,,,,PENDING_AT_END
95.89999999999999,96.17486315668988,,,,PENDING_AT_END
96.25,96.32065648864383,,,,PENDING_AT_END
96.6,96.72480713056797,,,,PENDING_AT_END
96.94999999999999,97.18851901552705,,,,PENDING_AT_END
97.3,97.56181030194954,,,,PENDING_AT_END
97.64999999999999,97.71146797488124,,,,PENDING_AT_END
98.0,98.35123600592004,,,,PENDING_AT_END
98.35,98.57366849498314,,,,PENDING_AT_END
98.69999999999999,98.7923647674159,,,,PENDING_AT_END
99.05,99.1885948363164,,,,PENDING_AT_END
99.39999999999999,99.65129794147647,,,,PENDING_AT_END
99.75,99.81447331657935,,,,PENDING_AT_END
100.1,100.39736082682259,,,,PENDING_AT_END
100.44999999999999,100.57616633368235,,,,PENDING_AT_END
100.8,101.11326723851617,,,,PENDING_AT_END
101.14999999999999,101.18405671328351,,,,PENDING_AT_END
101.5,101.81346306038398,,,,PENDING_AT_END
101.85,102.03509611241401,,,,PENDING_AT_END
102.19999999999999,102.43262626813964,,,,PENDING_AT_END
102.55,102.80813654853695,,,,PENDING_AT_END
102.89999999999999,102.97381172879024,,,,PENDING_AT_END
103.25,103.43729210058225,,,,PENDING_AT_END
103.6,103.67887782878941,,,,PENDING_AT_END
103.94999999999999,104.04364027076687,,,,PENDING_AT_END
104.3,104.46615833202365,,,,PENDING_AT_END
104.64999999999999,104.69283008911442,,,,PENDING_AT_END
105.0,105.08901362722324,,,,PENDING_AT_END
105.35,105.480154799493,,,,PENDING_AT_END
105.69999999999999,105.78807457729727,,,,PENDING_AT_END
106.05,106.38678065337932,,,,PENDING_AT_END
106.39999999999999,106.45535631902699,,,,PENDING_AT_END
106.75,106.76945047986737,,,,PENDING_AT_END
107.1,107.1273904968354,,,,PENDING_AT_END
107.44999999999999,107.48546648484302,,,,PENDING_AT_END
107.8,108.05547467502053,,,,PENDING_AT_END
108.14999999999999,108.50542750115731,,,,PENDING_AT_END
108.5,108.86713468105151,,,,PENDING_AT_END
108.85,108.94777281259695,,,,PENDING_AT_END
109.19999999999999,109.20662937009382,,,,PENDING_AT_END
109.55,109.63498102582967,,,,PENDING_AT_END
109.89999999999999,110.11051341872918,,,,PENDING_AT_END
110.25,110.57992037216707,,,,PENDING_AT_END
110.6,110.82458504634326,,,,PENDING_AT_END
110.94999999999999,110.97447495440946,,,,PENDING_AT_END
111.3,111.62989839636224,,,,PENDING_AT_END
111.64999999999999,111.90186216277412,,,,PENDING_AT_END
112.0,112.06658338930401,,,,PENDING_AT_END
112.35,112.404482416105,,,,PENDING_AT_END
112.69999999999999,112.9502181446517,,,,PENDING_AT_END
113.05,113.34855261079916,,,,PENDING_AT_END
113.39999999999999,113.70312454009725,,,,PENDING_AT_END
113.74999999999999,114.06664989535163,,,,PENDING_AT_END
114.1,114.2661250065272,,,,PENDING_AT_END
114.44999999999999,114.82768939771543,,,,PENDING_AT_END
114.8,115.1799000049359,,,,PENDING_AT_END
115.14999999999999,115.18805510717682,,,,PENDING_AT_END
115.49999999999999,115.5309733421556,,,,PENDING_AT_END
115.85,116.02717303574869,,,,PENDING_AT_END
116.19999999999999,116.45549226484522,,,,PENDING_AT_END
116.55,116.68303372317096,,,,PENDING_AT_END
116.89999999999999,117.26316487152458,,,,PENDING_AT_END
117.24999999999999,117.26884121514978,,,,PENDING_AT_END
117.6,117.73920682580433,,,,PENDING_AT_END
117.94999999999999,117.97049157927759,,,,PENDING_AT_END
118.3,118.5356337157442,,,,PENDING_AT_END
118.64999999999999,118.88065001988404,,,,PENDING_AT_END
118.99999999999999,119.02673444333006,,,,PENDING_AT_END
119.35,119.6014543972127,,,,PENDING_AT_END
119.69999999999999,119.88460192715152,,,,PENDING_AT_END
120.05,120.17862349004879,,,,PENDING_AT_END
120.39999999999999,120.41125151667192,,,,PENDING_AT_END
120.74999999999999,121.07139951995454,,,,PENDING_AT_END
121.1,121.35111082531029,,,,PENDING_AT_END
121.44999999999999,121.48332467070716,,,,PENDING_AT_END
121.8,122.07749430854086,,,,PENDING_AT_END
122.14999999999999,122.4848390337139,,,,PENDING_AT_END
122.49999999999999,122.84089008552591,,,,PENDING_AT_END
122.85,123.20105739928135,,,,PENDING_AT_END
123.19999999999999,123.20929992694894,,,,PENDING_AT_END
123.55,123.83005425424211,,,,PENDING_AT_END
123.89999999999999,123.94291101147395,,,,PENDING_AT_END
124.24999999999999,124.58051235425948,,,,PENDING_AT_END
124.6,124.89016049162677,,,,PENDING_AT_END
124.94999999999999,125.08743084984897,,,,PENDING_AT_END
125.3,125.63566441856567,,,,PENDING_AT_END
125.64999999999999,125.69541281752682,,,,PENDING_AT_END
125.99999999999999,126.06662481398992,,,,PENDING_AT_END
126.35,126.55146492259388,,,,PENDING_AT_END
126.69999999999999,127.01094549824325,,,,PENDING_AT_END
127.05,127.42314240435213,,,,PENDING_AT_END
127.39999999999999,127.42398815747661,,,,PENDING_AT_END
127.74999999999999,127.95851829702168,,,,PENDING_AT_END
128.1,128.25811176141357,,,,PENDING_AT_END
128.45,128.77083406460747,,,,PENDING_AT_END
128.79999999999998,128.87804705967338,,,,PENDING_AT_END
129.15,129.17199376102994,,,,PENDING_AT_END
129.5,129.6940073437878,,,,PENDING_AT_END
129.85,130.07308632137855,,,,PENDING_AT_END
130.2,130.3755294996991,,,,PENDING_AT_END
130.54999999999998,130.78575589983072,,,,PENDING_AT_END
130.9,131.01369986118422,,,,PENDING_AT_END
131.25,131.63176755678836,,,,PENDING_AT_END
131.6,131.79714076194514,,,,PENDING_AT_END
131.95,132.3074027954703,,,,PENDING_AT_END
132.29999999999998,132.3429880934963,,,,PENDING_AT_END
132.65,132.68729870030737,,,,PENDING_AT_END
133.0,133.11034354975783,,,,PENDING_AT_END
133.35,133.39433173031503,,,,PENDING_AT_END
133.7,133.74890646116677,,,,PENDING_AT_END
134.04999999999998,134.20257515819148,,,,PENDING_AT_END
134.39999999999998,134.6152299746921,,,,PENDING_AT_END
134.75,135.06738715767727,,,,PENDING_AT_END
135.1,135.14835632380144,,,,PENDING_AT_END
135.45,135.64792710637465,,,,PENDING_AT_END
135.79999999999998,136.1007408005283,,,,PENDING_AT_END
136.14999999999998,136.17568544758,,,,PENDING_AT_END
136.5,136.7264084796588,,,,PENDING_AT_END
136.85,137.07221659787703,,,,PENDING_AT_END
137.2,137.51750947823916,,,,PENDING_AT_END
137.54999999999998,137.66833861034942,,,,PENDING_AT_END
137.89999999999998,138.18911688101116,,,,PENDING_AT_END
138.25,138.3857243744456,,,,PENDING_AT_END
138.6,138.8384591015143,,,,PENDING_AT_END
138.95,139.27661830830334,,,,PENDING_AT_END
139.29999999999998,139.48702811400793,,,,PENDING_AT_END
139.64999999999998,140.00035659738728,,,,PENDING_AT_END
140.0,140.38421458428212,,,,PENDING_AT_END
140.35,140.6480177258994,,,,PENDING_AT_END
140.7,140.82047033287176,,,,PENDING_AT_END
141.04999999999998,141.39692470274272,,,,PENDING_AT_END
141.39999999999998,141.64564379149834,,,,PENDING_AT_END
141.75,141.9970672569969,,,,PENDING_AT_END
142.1,142.12238499627696,,,,PENDING_AT_END
142.45,142.5232795767934,,,,PENDING_AT_END
142.79999999999998,142.8918216904485,,,,PENDING_AT_END
143.14999999999998,143.22716525477557,,,,PENDING_AT_END
143.5,143.79279459613713,,,,PENDING_AT_END
143.85,144.13842819722848,,,,PENDING_AT_END
144.2,144.39058945875644,,,,PENDING_AT_END
144.54999999999998,144.55540286244477,,,,PENDING_AT_END
144.89999999999998,145.20941815900414,,,,PENDING_AT_END
145.25,145.57550122313847,,,,PENDING_AT_END
145.6,145.94024161121254,,,,PENDING_AT_END
145.95,146.30748869622954,,,,PENDING_AT_END
146.29999999999998,146.52026182470692,,,,PENDING_AT_END
146.64999999999998,146.79242018977158,,,,PENDING_AT_END
147.0,147.16868541893797,,,,PENDING_AT_END
147.35,147.7174948204955,,,,PENDING_AT_END
147.7,147.85085598805563,,,,PENDING_AT_END
148.04999999999998,148.3864830412571,,,,PENDING_AT_END
148.39999999999998,148.73742118488275,,,,PENDING_AT_END
148.75,149.14422174880133,,,,PENDING_AT_END
149.1,149.47423810252948,,,,PENDING_AT_END
149.45,149.71778774073448,,,,PENDING_AT_END
149.79999999999998,150.01098069530624,,,,PENDING_AT_END
150.14999999999998,150.28223437519665,,,,PENDING_AT_END
150.5,150.7210524054559,,,,PENDING_AT_END
150.85,150.89014274044436,,,,PENDING_AT_END
151.2,151.3484423588223,,,,PENDING_AT_END
151.54999999999998,151.73008256398188,,,,PENDING_AT_END
151.89999999999998,151.93394563040403,,,,PENDING_AT_END
152.25,152.64269817478475,,,,PENDING_AT_END
152.6,152.7770034070123,,,,PENDING_AT_END
152.95,153.13052430856476,,,,PENDING_AT_END
153.29999999999998,153.4889428300447,,,,PENDING_AT_END
153.64999999999998,154.04879711537654,,,,PENDING_AT_END
154.0,154.1733636108321,,,,PENDING_AT_END
154.35,154.40271455939538,,,,PENDING_AT_END
154.7,155.0643348886427,,,,PENDING_AT_END
155.04999999999998,155.07852716463313,,,,PENDING_AT_END
155.39999999999998,155.74036088827745,,,,PENDING_AT_END
155.75,156.0338790517746,,,,PENDING_AT_END
156.1,156.14136533124898,,,,PENDING_AT_END
156.45,156.46348925019817,,,,PENDING_AT_END
156.79999999999998,156.8690179430786,,,,PENDING_AT_END
157.14999999999998,157.4545246780902,,,,PENDING_AT_END
157.5,157.59995491212896,,,,PENDING_AT_END
157.85,158.0391079729997,,,,PENDING_AT_END
158.2,158.56840602667359,,,,PENDING_AT_END
158.54999999999998,158.84354442461998,,,,PENDING_AT_END
158.89999999999998,158.99360971022196,,,,PENDING_AT_END
159.25,159.4062101290492,,,,PENDING_AT_END
159.6,159.65757844108154,,,,PENDING_AT_END
159.95,160.1502436162993,,,,PENDING_AT_END
160.29999999999998,160.42875205761968,,,,PENDING_AT_END
160.64999999999998,160.9818248896558,,,,PENDING_AT_END
161.0,161.18676289777864,,,,PENDING_AT_END
161.35,161.35846295657566,,,,PENDING_AT_END
161.7,161.98846099515833,,,,PENDING_AT_END
162.04999999999998,162.42242367226734,,,,PENDING_AT_END
162.39999999999998,162.66072950021123,,,,PENDING_AT_END
162.75,162.97451817805808,,,,PENDING_AT_END
163.1,163.4559833232058,,,,PENDING_AT_END
163.45,163.81765495504186,,,,PENDING_AT_END
163.79999999999998,163.97155033530274,,,,PENDING_AT_END
164.14999999999998,164.15026920754337,,,,PENDING_AT_END
164.5,164.82859778559424,,,,PENDING_AT_END
164.85,164.97704708947353,,,,PENDING_AT_END
165.2,165.30424585257208,,,,PENDING_AT_END
165.54999999999998,165.7365401993014,,,,PENDING_AT_END
165.89999999999998,166.02587025779712,,,,PENDING_AT_END
166.25,166.54858475160233,,,,PENDING_AT_END
166.6,166.71902095963023,,,,PENDING_AT_END
166.95,167.15995734363634,,,,PENDING_AT_END
167.29999999999998,167.40340758353219,,,,PENDING_AT_END
167.64999999999998,168.02057845981614,,,,PENDING_AT_END
168.0,168.0947910391173,,,,PENDING_AT_END
168.35,168.58629058677602,,,,PENDING_AT_END
168.7,168.81228308204027,,,,PENDING_AT_END
169.04999999999998,169.34811762750795,,,,PENDING_AT_END
169.39999999999998,169.4672574025389,,,,PENDING_AT_END
169.75,169.90954242698717,,,,PENDING_AT_END
170.1,170.26562510064664,,,,PENDING_AT_END
170.45,170.5366691547539,,,,PENDING_AT_END
170.79999999999998,171.1575300584549,,,,PENDING_AT_END
171.14999999999998,171.18830965633725,,,,PENDING_AT_END
171.5,171.8858011206883,,,,PENDING_AT_END
171.85,172.0589220676051,,,,PENDING_AT_END
172.2,172.48583118267197,,,,PENDING_AT_END
172.54999999999998,172.64129738668876,,,,PENDING_AT_END
172.89999999999998,173.25207087672766,,,,PENDING_AT_END
173.25,173.3432863390106,,,,PENDING_AT_END
173.6,173.7117195216242,,,,PENDING_AT_END
173.95,174.23023254535616,,,,PENDING_AT_END
174.29999999999998,174.54628116382614,,,,PENDING_AT_END
174.64999999999998,174.77170006021646,,,,PENDING_AT_END
175.0,175.03177664672984,,,,PENDING_AT_END
175.35,175.7163963923966,,,,PENDING_AT_END
175.7,176.0607081239828,,,,PENDING_AT_END
176.04999999999998,176.27953162116077,,,,PENDING_AT_END
176.39999999999998,176.73771387890287,,,,PENDING_AT_END
176.75,176.99687886881588,,,,PENDING_AT_END
177.1,177.28486031133278,,,,PENDING_AT_END
177.45,177.63839562533383,,,,PENDING_AT_END
177.79999999999998,178.07120632664518,,,,PENDING_AT_END
178.14999999999998,178.18560513314668,,,,PENDING_AT_END
178.5,178.6478040770691,,,,PENDING_AT_END
178.85,179.09698015631668,,,,PENDING_AT_END
179.2,179.58555259056988,,,,PENDING_AT_END
179.54999999999998,179.80885132673856,,,,PENDING_AT_END
179.89999999999998,179.94695135330358,,,,PENDING_AT_END
180.25,180.5738205861815,,,,PENDING_AT_END
180.6,180.60933082121144,,,,PENDING_AT_END
180.95,180.98235729099815,,,,PENDING_AT_END
181.29999999999998,181.34176246856615,,,,PENDING_AT_END
181.64999999999998,181.74700045234562,,,,PENDING_AT_END
182.0,182.3872409551946,,,,PENDING_AT_END
182.35,182.71466508443373,,,,PENDING_AT_END
182.7,182.96927512176518,,,,PENDING_AT_END
183.04999999999998,183.24702625126108,,,,PENDING_AT_END
183.39999999999998,183.5779523434266,,,,PENDING_AT_END
183.75,184.07032722813892,,,,PENDING_AT_END
184.1,184.31638230225903,,,,PENDING_AT_END
184.45,184.71337539138096,,,,PENDING_AT_END
184.79999999999998,185.11415744859343,,,,PENDING_AT_END
185.14999999999998,185.4163753530632,,,,PENDING_AT_END
185.5,185.70979052675085,,,,PENDING_AT_END
185.85,186.18892580741365,,,,PENDING_AT_END
186.2,186.26626323035845,,,,PENDING_AT_END
186.54999999999998,186.89154986215075,,,,PENDING_AT_END
186.89999999999998,186.923373346252,,,,PENDING_AT_END
187.25,187.27300544656111,,,,PENDING_AT_END
187.6,187.91161838010154,,,,PENDING_AT_END
187.95,188.33069617590888,,,,PENDING_AT_END
188.29999999999998,188.35630949085706,,,,PENDING_AT_END
188.64999999999998,188.77781996594132,,,,PENDING_AT_END
189.0,189.1195196868439,,,,PENDING_AT_END
189.35,189.6762629264335,,,,PENDING_AT_END
189.7,189.720723526496,,,,PENDING_AT_END
190.04999999999998,190.30649088324705,,,,PENDING_AT_END
190.39999999999998,190.74247595493387,,,,PENDING_AT_END
190.75,191.12768311556272,,,,PENDING_AT_END
191.1,191.3533581892585,,,,PENDING_AT_END
191.45,191.46038040693293,,,,PENDING_AT_END
191.79999999999998,192.19884672692555,,,,PENDING_AT_END
192.14999999999998,192.25875414731593,,,,PENDING_AT_END
192.5,192.7819154333597,,,,PENDING_AT_END
192.85,193.11666120408424,,,,PENDING_AT_END
193.2,193.20149623255213,,,,PENDING_AT_END
193.54999999999998,193.90348034177637,,,,PENDING_AT_END
193.89999999999998,194.24618567526892,,,,PENDING_AT_END
194.25,194.4165108040479,,,,PENDING_AT_END
194.6,194.82682168491576,,,,PENDING_AT_END
194.95,195.3244865381837,,,,PENDING_AT_END
195.29999999999998,195.65925981158787,,,,PENDING_AT_END
195.64999999999998,195.9757934730153,,,,PENDING_AT_END
196.0,196.29638508370408,,,,PENDING_AT_END
196.35,196.64365322040445,,,,PENDING_AT_END
196.7,197.04466055782297,,,,PENDING_AT_END
197.04999999999998,197.25835421016305,,,,PENDING_AT_END
197.39999999999998,197.70021290957055,,,,PENDING_AT_END
197.75,197.9320583259988,,,,PENDING_AT_END
198.1,198.2840264279789,,,,PENDING_AT_END
198.45,198.67347950715816,,,,PENDING_AT_END
198.79999999999998,198.81022232306574,,,,PENDING_AT_END
199.14999999999998,199.41357675496056,,,,PENDING_AT_END
199.5,199.60523537958727,,,,PENDING_AT_END
199.85,199.89601698989125,,,,PENDING_AT_END
200.2,200.21072817794487,,,,PENDING_AT_END
200.54999999999998,200.949897462929,,,,PENDING_AT_END
200.89999999999998,201.22884438371852,,,,PENDING_AT_END
201.25,201.4141243397234,,,,PENDING_AT_END
201.6,201.871648939778,,,,PENDING_AT_END
201.95,202.32916947038217,,,,PENDING_AT_END
202.29999999999998,202.4983269883626,,,,PENDING_AT_END
202.64999999999998,203.04950214367113,,,,PENDING_AT_END
203.0,203.07633633895273,,,,PENDING_AT_END
203.35,203.54935424199724,,,,PENDING_AT_END
203.7,203.95324271452552,,,,PENDING_AT_END
204.04999999999998,204.35449266800012,,,,PENDING_AT_END
204.39999999999998,204.41286828091205,,,,PENDING_AT_END
204.75,205.08834572736885,,,,PENDING_AT_END
205.1,205.2314577785153,,,,PENDING_AT_END
205.45,205.53973640444838,,,,PENDING_AT_END
205.79999999999998,206.136226809605,,,,PENDING_AT_END
206.14999999999998,206.4540545316221,,,,PENDING_AT_END
206.5,206.54635751746656,,,,PENDING_AT_END
206.85,207.08637206900178,,,,PENDING_AT_END
207.2,207.33188421763276,,,,PENDING_AT_END
207.54999999999998,207.8891747380642,,,,PENDING_AT_END
207.89999999999998,208.11074337954125,,,,PENDING_AT_END
208.25,208.42101110900109,,,,PENDING_AT_END
208.6,208.77924129670728,,,,PENDING_AT_END
208.95,209.0533497826106,,,,PENDING_AT_END
209.29999999999998,209.44908543449893,,,,PENDING_AT_END
209.64999999999998,209.96062242185326,,,,PENDING_AT_END
210.0,210.01830465844444,,,,PENDING_AT_END
210.35,210.43166280115358,,,,PENDING_AT_END
210.7,210.79937885040118,,,,PENDING_AT_END
211.04999999999998,211.22992115607926,,,,PENDING_AT_END
211.39999999999998,211.76596428082684,,,,PENDING_AT_END
211.75,212.05867213526352,,,,PENDING_AT_END
212.1,212.21750095102013,,,,PENDING_AT_END
212.45,212.5582766408885,,,,PENDING_AT_END
212.79999999999998,212.99539799428064,,,,PENDING_AT_END
213.14999999999998,213.49202205343397,,,,PENDING_AT_END
213.5,213.86516604238255,,,,PENDING_AT_END
213.85,213.99326553360154,,,,PENDING_AT_END
214.2,214.28729821092162,,,,PENDING_AT_END
214.54999999999998,214.73936889499154,,,,PENDING_AT_END
214.89999999999998,215.02938862432887,,,,PENDING_AT_END
215.25,215.544691043221,,,,PENDING_AT_END
215.6,215.96303111622038,,,,PENDING_AT_END
215.95,215.9542677506334,,,,PENDING_AT_END
216.29999999999998,216.40266061590532,,,,PENDING_AT_END
216.64999999999998,216.85596803790804,,,,PENDING_AT_END
217.0,217.35643740448546,,,,PENDING_AT_END
217.35,217.40958522688206,,,,PENDING_AT_END
217.7,217.91516637249208,,,,PENDING_AT_END
218.04999999999998,218.38060982541808,,,,PENDING_AT_END
218.39999999999998,218.4327534411641,,,,PENDING_AT_END
218.75,218.76377091152807,,,,PENDING_AT_END
219.1,219.38699064844772,,,,PENDING_AT_END
219.45,219.7654936012588,,,,PENDING_AT_END
219.79999999999998,219.84301308366756,,,,PENDING_AT_END
220.14999999999998,220.2774833643648,,,,PENDING_AT_END
220.5,220.55731229902665,,,,PENDING_AT_END
220.85,221.224581369329,,,,PENDING_AT_END
221.2,221.26941338791846,,,,PENDING_AT_END
221.54999999999998,221.74350561398072,,,,PENDING_AT_END
221.89999999999998,222.26906946802012,,,,PENDING_AT_END
222.25,222.56110034115773,,,,PENDING_AT_END
222.6,222.87410051069205,,,,PENDING_AT_END
222.95,223.1790266494898,,,,PENDING_AT_END
223.29999999999998,223.58490258696858,,,,PENDING_AT_END
223.64999999999998,223.8469560900719,,,,PENDING_AT_END
224.0,224.27171764213574,,,,PENDING_AT_END
224.35,224.39159164944297,,,,PENDING_AT_END
224.7,225.00256776364313,,,,PENDING_AT_END
225.04999999999998,225.2233084019575,,,,PENDING_AT_END
225.39999999999998,225.63990759487524,,,,PENDING_AT_END
225.74999999999997,226.14549535944607,,,,PENDING_AT_END
226.1,226.15627492775732,,,,PENDING_AT_END
226.45,226.45628558935817,,,,PENDING_AT_END
226.79999999999998,226.81084914635485,,,,PENDING_AT_END
227.14999999999998,227.48979906021145,,,,PENDING_AT_END
227.49999999999997,227.6864968515774,,,,PENDING_AT_END
227.85,228.0195256660662,,,,PENDING_AT_END
228.2,228.57526853617543,,,,PENDING_AT_END
228.54999999999998,228.75588104560458,,,,PENDING_AT_END
228.89999999999998,229.22108393227285,,,,PENDING_AT_END
229.24999999999997,229.5073392024876,,,,PENDING_AT_END
229.6,229.83312022465756,,,,PENDING_AT_END
229.95,230.18577609865753,,,,PENDING_AT_END
230.29999999999998,230.3592039252865,,,,PENDING_AT_END
230.64999999999998,231.0055136670436,,,,PENDING_AT_END
230.99999999999997,231.08421917891334,,,,PENDING_AT_END
231.35,231.60304500265912,,,,PENDING_AT_END
231.7,231.74335568580057,,,,PENDING_AT_END
232.04999999999998,232.05319538377685,,,,PENDING_AT_END
232.39999999999998,232.76967220901446,,,,PENDING_AT_END
232.74999999999997,233.0031271116666,,,,PENDING_AT_END
233.1,233.13136965574765,,,,PENDING_AT_END
233.45,233.64739320430925,,,,PENDING_AT_END
233.79999999999998,233.87918421053385,,,,PENDING_AT_END
234.14999999999998,234.54838305779725,,,,PENDING_AT_END
234.49999999999997,234.63198769046588,,,,PENDING_AT_END
234.85,235.03342097124735,,,,PENDING_AT_END
235.2,235.56256437188023,,,,PENDING_AT_END
235.54999999999998,235.57351265427772,,,,PENDING_AT_END
235.89999999999998,236.17547986566154,,,,PENDING_AT_END
236.24999999999997,236.52697910002135,,,,PENDING_AT_END
236.6,236.76393972165968,,,,PENDING_AT_END
236.95,237.23767812881005,,,,PENDING_AT_END
237.29999999999998,237.4935792684105,,,,PENDING_AT_END
237.64999999999998,237.81380157578138,,,,PENDING_AT_END
237.99999999999997,238.2028395532885,,,,PENDING_AT_END
238.35,238.55290155436327,,,,PENDING_AT_END
238.7,238.91032942766714,,,,PENDING_AT_END
239.04999999999998,239.25402988161537,,,,PENDING_AT_END
239.39999999999998,239.71885280555472,,,,PENDING_AT_END
239.74999999999997,239.8459783876045,,,,PENDING_AT_END
240.1,240.28615236232892,,,,PENDING_AT_END
240.45,240.6010776310493,,,,PENDING_AT_END
240.79999999999998,240.80859550661134,,,,PENDING_AT_END
241.14999999999998,241.17707869306224,,,,PENDING_AT_END
241.49999999999997,241.78099443152743,,,,PENDING_AT_END
241.85,241.88094852010087,,,,PENDING_AT_END
242.2,242.58082408116866,,,,PENDING_AT_END
242.54999999999998,242.68652302232059,,,,PENDING_AT_END
242.89999999999998,242.9221290972592,,,,PENDING_AT_END
243.24999999999997,243.43029814167082,,,,PENDING_AT_END
243.6,243.81633574147705,,,,PENDING_AT_END
243.95,244.17947489081536,,,,PENDING_AT_END
244.29999999999998,244.54377082621065,,,,PENDING_AT_END
244.64999999999998,244.97111454805753,,,,PENDING_AT_END
244.99999999999997,245.19146514820054,,,,PENDING_AT_END
245.35,245.56424243199697,,,,PENDING_AT_END
245.7,246.03439896356133,,,,PENDING_AT_END
246.04999999999998,246.406896550712,,,,PENDING_AT_END
246.39999999999998,246.50641569182375,,,,PENDING_AT_END
246.74999999999997,246.77332024211913,,,,PENDING_AT_END
247.1,247.31875523315844,,,,PENDING_AT_END
247.45,247.52888853630338,,,,PENDING_AT_END
247.79999999999998,248.17244017321306,,,,PENDING_AT_END
248.14999999999998,248.25928011032005,,,,PENDING_AT_END
248.49999999999997,248.58285055838397,,,,PENDING_AT_END
248.85,248.87457093054977,,,,PENDING_AT_END
249.2,249.55458040391642,,,,PENDING_AT_END
249.54999999999998,249.75877390603685,,,,PENDING_AT_END
249.89999999999998,250.17511847906331,,,,PENDING_AT_END
250.24999999999997,250.59033474419348,,,,PENDING_AT_END
250.6,250.8374333458971,,,,PENDING_AT_END
250.95,251.33401049698858,,,,PENDING_AT_END
251.29999999999998,251.32258643958338,,,,PENDING_AT_END
251.64999999999998,251.8326831592695,,,,PENDING_AT_END
251.99999999999997,252.0433025493875,,,,PENDING_AT_END
252.35,252.47552365311768,,,,PENDING_AT_END
252.7,252.87468442433448,,,,PENDING_AT_END
253.04999999999998,253.34110588336588,,,,PENDING_AT_END
253.39999999999998,253.49879954252674,,,,PENDING_AT_END
253.74999999999997,253.94593860382386,,,,PENDING_AT_END
254.1,254.10039981854774,,,,PENDING_AT_END
254.45,254.527869581664,,,,PENDING_AT_END
254.79999999999998,255.09621935042006,,,,PENDING_AT_END
255.14999999999998,255.1774119095175,,,,PENDING_AT_END
255.49999999999997,255.66964191127042,,,,PENDING_AT_END
255.85,256.0579240894374,,,,PENDING_AT_END
256.2,256.2646082343488,,,,PENDING_AT_END
256.55,256.5538161708942,,,,PENDING_AT_END
256.9,257.28465815702236,,,,PENDING_AT_END
257.25,257.3315492646502,,,,PENDING_AT_END
257.59999999999997,257.8935945352462,,,,PENDING_AT_END
257.95,258.10712759890833,,,,PENDING_AT_END
258.3,258.65519828584746,,,,PENDING_AT_END
258.65,258.74333405329264,,,,PENDING_AT_END
259.0,259.00133656592834,,,,PENDING_AT_END
259.34999999999997,259.39901008347323,,,,PENDING_AT_END
259.7,260.08568281648655,,,,PENDING_AT_END
260.05,260.37497755764406,,,,PENDING_AT_END
260.4,260.6340450739226,,,,PENDING_AT_END
260.75,260.9600149888074,,,,PENDING_AT_END
261.09999999999997,261.2836104561333,,,,PENDING_AT_END
261.45,261.5045584295196,,,,PENDING_AT_END
261.8,261.90487069062027,,,,PENDING_AT_END
262.15,262.51808708442763,,,,PENDING_AT_END
262.5,262.6629922243658,,,,PENDING_AT_END
262.84999999999997,263.23127437713975,,,,PENDING_AT_END
263.2,263.5117897232745,,,,PENDING_AT_END
263.55,263.6376387456366,,,,PENDING_AT_END
263.9,264.22634380917236,,,,PENDING_AT_END
264.25,264.44777518354135,,,,PENDING_AT_END
264.59999999999997,264.8574407269983,,,,PENDING_AT_END
264.95,265.10262927724017,,,,PENDING_AT_END
265.3,265.33866294688534,,,,PENDING_AT_END
265.65,265.6907440156408,,,,PENDING_AT_END
266.0,266.2854554045945,,,,PENDING_AT_END
266.34999999999997,266.5632945088228,,,,PENDING_AT_END
266.7,266.87109387854224,,,,PENDING_AT_END
267.05,267.1544275771486,,,,PENDING_AT_END
267.4,267.4789265485982,,,,PENDING_AT_END
267.75,268.1172698859075,,,,PENDING_AT_END
268.09999999999997,268.4655897686303,,,,PENDING_AT_END
268.45,268.75177883354553,,,,PENDING_AT_END
268.79999999999995,268.8424876437931,,,,PENDING_AT_END
269.15,269.5278810296634,,,,PENDING_AT_END
269.5,269.80881880042114,,,,PENDING_AT_END
269.84999999999997,269.9842417869998,,,,PENDING_AT_END
270.2,270.2721399154255,,,,PENDING_AT_END
270.54999999999995,270.7323949698118,,,,PENDING_AT_END
270.9,271.17673630717195,,,,PENDING_AT_END
271.25,271.41098238983784,,,,PENDING_AT_END
271.59999999999997,271.70395727279544,,,,PENDING_AT_END
271.95,272.11926448298,,,,PENDING_AT_END
272.29999999999995,272.6464626755844,,,,PENDING_AT_END
272.65,272.82450614678066,,,,PENDING_AT_END
273.0,273.3435646099373,,,,PENDING_AT_END
273.34999999999997,273.49647031289857,,,,PENDING_AT_END
273.7,273.80007361481336,,,,PENDING_AT_END
274.04999999999995,274.1633847867954,,,,PENDING_AT_END
274.4,274.65453462813457,,,,PENDING_AT_END
274.75,275.0824508247857,,,,PENDING_AT_END
275.09999999999997,275.331713053834,,,,PENDING_AT_END
275.45,275.7078146131699,,,,PENDING_AT_END
275.79999999999995,275.8860093677805,,,,PENDING_AT_END
276.15,276.3270111240954,,,,PENDING_AT_END
276.5,276.7332399753968,,,,PENDING_AT_END
276.84999999999997,277.0304942703055,,,,PENDING_AT_END
277.2,277.3697224029881,,,,PENDING_AT_END
277.54999999999995,277.69524861995876,,,,PENDING_AT_END
277.9,278.0982885300399,,,,PENDING_AT_END
278.25,278.27947054850927,,,,PENDING_AT_END
278.59999999999997,278.92936438643545,,,,PENDING_AT_END
278.95,279.23110672581737,,,,PENDING_AT_END
279.29999999999995,279.4197587955241,,,,PENDING_AT_END
279.65,279.8709111861251,,,,PENDING_AT_END
280.0,280.34020442201415,,,,PENDING_AT_END
280.34999999999997,280.52303476524327,,,,PENDING_AT_END
280.7,281.0566912391807,,,,PENDING_AT_END
281.04999999999995,281.0799089947983,,,,PENDING_AT_END
281.4,281.5407043024128,,,,PENDING_AT_END
281.75,282.08163602312504,,,,PENDING_AT_END
282.09999999999997,282.45611122769793,,,,PENDING_AT_END
282.45,282.77746052643414,,,,PENDING_AT_END
282.79999999999995,282.85447061395996,,,,PENDING_AT_END
283.15,283.42138001694684,,,,PENDING_AT_END
283.5,283.883128300081,,,,PENDING_AT_END
283.84999999999997,284.24052138646056,,,,PENDING_AT_END
284.2,284.4781912117547,,,,PENDING_AT_END
284.54999999999995,284.79845037485063,,,,PENDING_AT_END
284.9,284.9990217673261,,,,PENDING_AT_END
285.25,285.6428428035334,,,,PENDING_AT_END
285.59999999999997,285.8101885614321,,,,PENDING_AT_END
285.95,286.04669644773804,,,,PENDING_AT_END
286.29999999999995,286.5363543715214,,,,PENDING_AT_END
286.65,286.93050593103874,,,,PENDING_AT_END
287.0,287.01914046755087,,,,PENDING_AT_END
287.34999999999997,287.66499924301894,,,,PENDING_AT_END
287.7,287.9006790761942,,,,PENDING_AT_END
288.04999999999995,288.28070340589045,,,,PENDING_AT_END
288.4,288.5732083454303,,,,PENDING_AT_END
288.75,289.0399568145765,,,,PENDING_AT_END
289.09999999999997,289.1714835786053,,,,PENDING_AT_END
289.45,289.4565419897298,,,,PENDING_AT_END
289.79999999999995,290.12395772920013,,,,PENDING_AT_END
290.15,290.1836985134188,,,,PENDING_AT_END
290.5,290.86849129391646,,,,PENDING_AT_END
290.84999999999997,290.8807007915239,,,,PENDING_AT_END
291.2,291.5786853354154,,,,PENDING_AT_END
291.54999999999995,291.56108505372254,,,,PENDING_AT_END
291.9,292.15671042416034,,,,PENDING_AT_END
292.25,292.3410036927131,,,,PENDING_AT_END
292.59999999999997,292.7627192539355,,,,PENDING_AT_END
292.95,293.15774086639686,,,,PENDING_AT_END
293.29999999999995,293.64316318509077,,,,PENDING_AT_END
293.65,293.764949824867,,,,PENDING_AT_END
294.0,294.24332844402795,,,,PENDING_AT_END
294.34999999999997,294.59190785032735,,,,PENDING_AT_END
294.7,294.8978316562191,,,,PENDING_AT_END
295.04999999999995,295.1322294814181,,,,PENDING_AT_END
295.4,295.5902526452579,,,,PENDING_AT_END
295.75,295.8616573342573,,,,PENDING_AT_END
296.09999999999997,296.29614069219684,,,,PENDING_AT_END
296.45,296.517684066169,,,,PENDING_AT_END
296.79999999999995,296.9159530023686,,,,PENDING_AT_END
297.15,297.33061971996517,,,,PENDING_AT_END
297.5,297.88030011036426,,,,PENDING_AT_END
297.84999999999997,298.07891592355924,,,,PENDING_AT_END
298.2,298.332082789994,,,,PENDING_AT_END
298.54999999999995,298.8936265300679,,,,PENDING_AT_END
298.9,299.0085168050696,,,,PENDING_AT_END
299.25,299.5541160760488,,,,PENDING_AT_END
299.59999999999997,299.77406677764674,,,,PENDING_AT_END
299.95,300.051217798816,,,,PENDING_AT_END
300.29999999999995,300.3629292994477,,,,PENDING_AT_END
300.65,300.8326467355696,,,,PENDING_AT_END
301.0,301.16074731958656,,,,PENDING_AT_END
301.34999999999997,301.4542166533143,,,,PENDING_AT_END
301.7,302.06790186086613,,,,PENDING_AT_END
302.04999999999995,302.1196217295518,,,,PENDING_AT_END
302.4,302.6173820915602,,,,PENDING_AT_END
302.75,302.94126253277034,,,,PENDING_AT_END
303.09999999999997,303.1441486641349,,,,PENDING_AT_END
303.45,303.48606060560115,,,,PENDING_AT_END
303.79999999999995,304.1927193808135,,,,PENDING_AT_END
304.15,304.3859999298247,,,,PENDING_AT_END
304.5,304.83688625643606,,,,PENDING_AT_END
304.84999999999997,304.96465478620433,,,,PENDING_AT_END
305.2,305.32398927266973,,,,PENDING_AT_END
305.54999999999995,305.8084784595535,,,,PENDING_AT_END
305.9,306.1243967955951,,,,PENDING_AT_END
306.25,306.48302603476793,,,,PENDING_AT_END
306.59999999999997,306.6852748839262,,,,PENDING_AT_END
306.95,307.2825507675814,,,,PENDING_AT_END
307.29999999999995,307.40883556453286,,,,PENDING_AT_END
307.65,307.66604463727174,,,,PENDING_AT_END
308.0,308.00444148871384,,,,PENDING_AT_END
308.34999999999997,308.41701728279867,,,,PENDING_AT_END
308.7,308.9726541449367,,,,PENDING_AT_END
309.04999999999995,309.4306682746752,,,,PENDING_AT_END
309.4,309.78745528853597,,,,PENDING_AT_END
309.75,310.12583236089324,,,,PENDING_AT_END
310.09999999999997,310.3893717995583,,,,PENDING_AT_END
310.45,310.55845200714833,,,,PENDING_AT_END
310.79999999999995,311.19104618272,,,,PENDING_AT_END
311.15,311.5299801829916,,,,PENDING_AT_END
311.5,311.56608891203894,,,,PENDING_AT_END
311.84999999999997,311.86456777584846,,,,PENDING_AT_END
312.2,312.29278097742616,,,,PENDING_AT_END
312.54999999999995,312.9348136248832,,,,PENDING_AT_END
312.9,313.0531474845277,,,,PENDING_AT_END
313.25,313.26704559188124,,,,PENDING_AT_END
313.59999999999997,313.61748277658415,,,,PENDING_AT_END
313.95,314.26674536037643,,,,PENDING_AT_END
314.29999999999995,314.3725076594053,,,,PENDING_AT_END
314.65,314.7064068503536,,,,PENDING_AT_END
315.0,315.2474691082074,,,,PENDING_AT_END
315.34999999999997,315.59013445220586,,,,PENDING_AT_END
315.7,315.95542390477016,,,,PENDING_AT_END
316.04999999999995,316.20670070556844,,,,PENDING_AT_END
316.4,316.59274979820145,,,,PENDING_AT_END
316.75,316.8779684162081,,,,PENDING_AT_END
317.09999999999997,317.1508655456907,,,,PENDING_AT_END
317.45,317.69960801472627,,,,PENDING_AT_END
317.79999999999995,318.0266051666033,,,,PENDING_AT_END
318.15,318.23880938165644,,,,PENDING_AT_END
318.5,318.5404534684151,,,,PENDING_AT_END
318.84999999999997,319.04216801435126,,,,PENDING_AT_END
319.2,319.59199876588747,,,,PENDING_AT_END
319.54999999999995,319.79289359621293,,,,PENDING_AT_END
319.9,319.9204977016525,,,,PENDING_AT_END
320.25,320.45083864787046,,,,PENDING_AT_END
320.59999999999997,320.72024915796925,,,,PENDING_AT_END
320.95,320.99684646899635,,,,PENDING_AT_END
321.29999999999995,321.6046249706976,,,,PENDING_AT_END
321.65,321.952982639418,,,,PENDING_AT_END
322.0,322.12393186245185,,,,PENDING_AT_END
322.34999999999997,322.4233594753612,,,,PENDING_AT_END
322.7,322.86697424896346,,,,PENDING_AT_END
323.04999999999995,323.16821741963213,,,,PENDING_AT_END
323.4,323.7658405896616,,,,PENDING_AT_END
323.75,324.0582500282386,,,,PENDING_AT_END
324.09999999999997,324.12669585307646,,,,PENDING_AT_END
324.45,324.6615965888556,,,,PENDING_AT_END
324.79999999999995,324.8016064370901,,,,PENDING_AT_END
325.15,325.242930000202,,,,PENDING_AT_END
325.5,325.6078429889719,,,,PENDING_AT_END
325.84999999999997,326.0307314427068,,,,PENDING_AT_END
326.2,326.48087104266284,,,,PENDING_AT_END
326.54999999999995,326.71906058820207,,,,PENDING_AT_END
326.9,327.20045602447544,,,,PENDING_AT_END
327.25,327.4907813018999,,,,PENDING_AT_END
327.59999999999997,327.81595464585274,,,,PENDING_AT_END
327.95,328.05612076369044,,,,PENDING_AT_END
328.29999999999995,328.3954143449997,,,,PENDING_AT_END
328.65,328.67917544254453,,,,PENDING_AT_END
329.0,329.30423097518394,,,,PENDING_AT_END
329.34999999999997,329.508527789251,,,,PENDING_AT_END
329.7,329.8993060494948,,,,PENDING_AT_END
330.04999999999995,330.0518035797187,,,,PENDING_AT_END
330.4,330.67388962042105,,,,PENDING_AT_END
330.75,330.8172254594281,,,,PENDING_AT_END
331.09999999999997,331.3248260866764,,,,PENDING_AT_END
331.45,331.4646475778848,,,,PENDING_AT_END
331.79999999999995,331.8510861758497,,,,PENDING_AT_END
332.15,332.30732106883784,,,,PENDING_AT_END
332.5,332.65986207797573,,,,PENDING_AT_END
332.84999999999997,332.9726864845932,,,,PENDING_AT_END
333.2,333.3374707796631,,,,PENDING_AT_END
333.54999999999995,333.70589849139947,,,,PENDING_AT_END
333.9,334.1446781322579,,,,PENDING_AT_END
334.25,334.63926011123283,,,,PENDING_AT_END
334.59999999999997,334.996071436965,,,,PENDING_AT_END
334.95,335.19592529839355,,,,PENDING_AT_END
335.29999999999995,335.6021206769701,,,,PENDING_AT_END
335.65,335.8404163400745,,,,PENDING_AT_END
336.0,336.3896979217843,,,,PENDING_AT_END
336.34999999999997,336.6782177070061,,,,PENDING_AT_END
336.7,336.72449171453223,,,,PENDING_AT_END
337.04999999999995,337.4434251994128,,,,PENDING_AT_END
337.4,337.42886811332187,,,,PENDING_AT_END
337.75,337.8964401971166,,,,PENDING_AT_END
338.09999999999997,338.10983082739375,,,,PENDING_AT_END
338.45,338.6868256499327,,,,PENDING_AT_END
338.79999999999995,338.89526065386997,,,,PENDING_AT_END
339.15,339.32995772823153,,,,PENDING_AT_END
339.5,339.54604968514593,,,,PENDING_AT_END
339.84999999999997,339.88744775996,,,,PENDING_AT_END
340.2,340.58281627736034,,,,PENDING_AT_END
340.54999999999995,340.9268028243944,,,,PENDING_AT_END
340.9,340.90955986999177,,,,PENDING_AT_END
341.25,341.5857398772082,,,,PENDING_AT_END
341.59999999999997,341.8929698150179,,,,PENDING_AT_END
341.95,342.0458927190112,,,,PENDING_AT_END
342.29999999999995,342.68368053698055,,,,PENDING_AT_END
342.65,342.8583453669992,,,,PENDING_AT_END
343.0,343.23899027385244,,,,PENDING_AT_END
343.34999999999997,343.40406381685096,,,,PENDING_AT_END
343.7,343.915532446619,,,,PENDING_AT_END
344.04999999999995,344.3862913387603,,,,PENDING_AT_END
344.4,344.4673692095107,,,,PENDING_AT_END
344.75,344.7997330364834,,,,PENDING_AT_END
345.09999999999997,345.1616348916994,,,,PENDING_AT_END
345.45,345.5463219627804,,,,PENDING_AT_END
345.79999999999995,346.0688418153636,,,,PENDING_AT_END
346.15,346.44350234538604,,,,PENDING_AT_END
346.5,346.5321332980868,,,,PENDING_AT_END
346.84999999999997,347.07133586096205,,,,PENDING_AT_END
347.2,347.39612751387943,,,,PENDING_AT_END
347.54999999999995,347.906356625714,,,,PENDING_AT_END
347.9,348.218287000195,,,,PENDING_AT_END
348.25,348.272140716859,,,,PENDING_AT_END
348.59999999999997,348.7982969082952,,,,PENDING_AT_END
348.95,349.0393819056563,,,,PENDING_AT_END
349.29999999999995,349.35735685940574,,,,PENDING_AT_END
349.65,349.71581300656976,,,,PENDING_AT_END
350.0,350.3608295760363,,,,PENDING_AT_END
350.34999999999997,350.60208115354914,,,,PENDING_AT_END
350.7,350.78478857030626,,,,PENDING_AT_END
351.04999999999995,351.4336488402595,,,,PENDING_AT_END
351.4,351.6642025097798,,,,PENDING_AT_END
351.75,351.9037790895744,,,,PENDING_AT_END
352.09999999999997,352.4828573695623,,,,PENDING_AT_END
352.45,352.7024929936244,,,,PENDING_AT_END
352.79999999999995,352.88518112099007,,,,PENDING_AT_END
353.15,353.3008068426665,,,,PENDING_AT_END
353.5,353.88646408658803,,,,PENDING_AT_END
353.84999999999997,354.08713028514154,,,,PENDING_AT_END
354.2,354.30937538416714,,,,PENDING_AT_END
354.54999999999995,354.6082079478673,,,,PENDING_AT_END
354.9,355.2275845184363,,,,PENDING_AT_END
355.25,355.318894466334,,,,PENDING_AT_END
355.59999999999997,355.65536332773337,,,,PENDING_AT_END
355.95,356.31112300283854,,,,PENDING_AT_END
356.29999999999995,356.4146239159471,,,,PENDING_AT_END
356.65,356.84154416963224,,,,PENDING_AT_END
357.0,357.2006127204427,,,,PENDING_AT_END
357.34999999999997,357.4489730615665,,,,PENDING_AT_END
357.7,357.7979883170703,,,,PENDING_AT_END
358.04999999999995,358.1718752168018,,,,PENDING_AT_END
358.4,358.49442263888886,,,,PENDING_AT_END
358.75,359.0031026672684,,,,PENDING_AT_END
359.09999999999997,359.117599129001,,,,PENDING_AT_END
359.45,359.8043505904796,,,,PENDING_AT_END
359.79999999999995,360.07453295490814,,,,PENDING_AT_END
360.15,360.23673880153956,,,,PENDING_AT_END
360.5,360.55445559069494,,,,PENDING_AT_END
360.84999999999997,361.1134085847303,,,,PENDING_AT_END
361.2,361.3321269165738,,,,PENDING_AT_END
361.54999999999995,361.590120951828,,,,PENDING_AT_END
361.9,362.160173919468,,,,PENDING_AT_END
362.25,362.6196326285591,,,,PENDING_AT_END
362.59999999999997,362.97312450514397,,,,PENDING_AT_END
362.95,363.161068136138,,,,PENDING_AT_END
363.29999999999995,363.42208181226783,,,,PENDING_AT_END
363.65,363.7588402201875,,,,PENDING_AT_END
364.0,364.3628402354467,,,,PENDING_AT_END
364.34999999999997,364.67795070247763,,,,PENDING_AT_END
364.7,364.78758651621735,,,,PENDING_AT_END
365.04999999999995,365.2992648089312,,,,PENDING_AT_END
365.4,365.72204772385123,,,,PENDING_AT_END
365.75,366.07071300409723,,,,PENDING_AT_END
366.09999999999997,366.3781619938723,,,,PENDING_AT_END
366.45,366.74233620999115,,,,PENDING_AT_END
366.79999999999995,367.00621752664904,,,,PENDING_AT_END
367.15,367.1833629450748,,,,PENDING_AT_END
367.5,367.79750770501585,,,,PENDING_AT_END
367.84999999999997,368.1338675409458,,,,PENDING_AT_END
368.2,368.5749071304302,,,,PENDING_AT_END
368.54999999999995,368.6655920706139,,,,PENDING_AT_END
368.9,369.264036839793,,,,PENDING_AT_END
369.25,369.5138112340637,,,,PENDING_AT_END
369.59999999999997,369.71198796364496,,,,PENDING_AT_END
369.95,370.27499796405317,,,,PENDING_AT_END
370.29999999999995,370.3682246911512,,,,PENDING_AT_END
370.65,370.82492970818623,,,,PENDING_AT_END
371.0,371.0905681471711,,,,PENDING_AT_END
371.34999999999997,371.67422297478464,,,,PENDING_AT_END
371.7,371.8969113658979,,,,PENDING_AT_END
372.04999999999995,372.11437901001375,,,,PENDING_AT_END
372.4,372.60510072021486,,,,PENDING_AT_END
372.75,372.9533126033183,,,,PENDING_AT_END
373.09999999999997,373.15958148250326,,,,PENDING_AT_END
373.45,373.75431427842256,,,,PENDING_AT_END
373.79999999999995,373.88814955529176,,,,PENDING_AT_END
374.15,374.3460304551372,,,,PENDING_AT_END
374.5,374.6046959180171,,,,PENDING_AT_END
374.84999999999997,375.0688899279716,,,,PENDING_AT_END
375.2,375.52705844946667,,,,PENDING_AT_END
375.54999999999995,375.8785227709676,,,,PENDING_AT_END
375.9,376.1424553280359,,,,PENDING_AT_END
376.25,376.4944026566461,,,,PENDING_AT_END
376.59999999999997,376.7630032373747,,,,PENDING_AT_END
376.95,377.12553096274615,,,,PENDING_AT_END
377.29999999999995,377.4470987583112,,,,PENDING_AT_END
377.65,377.68319471560596,,,,PENDING_AT_END
378.0,378.37577027186614,,,,PENDING_AT_END
378.34999999999997,378.4874503680158,,,,PENDING_AT_END
378.7,379.00803511063833,,,,PENDING_AT_END
379.04999999999995,379.287633539175,,,,PENDING_AT_END
379.4,379.51364523849895,,,,PENDING_AT_END
379.75,380.04326903315166,,,,PENDING_AT_END
380.09999999999997,380.1563564174922,,,,PENDING_AT_END
380.45,380.848315970899,,,,PENDING_AT_END
380.79999999999995,381.1615217526137,,,,PENDING_AT_END
381.15,381.335306715731,,,,PENDING_AT_END
381.5,381.58899804201496,,,,PENDING_AT_END
381.84999999999997,381.90873098501066,,,,PENDING_AT_END
382.2,382.4248616522197,,,,PENDING_AT_END
382.54999999999995,382.6154315703873,,,,PENDING_AT_END
382.9,382.9924539035684,,,,PENDING_AT_END
383.25,383.63994639158557,,,,PENDING_AT_END
383.59999999999997,383.70149332741795,,,,PENDING_AT_END
383.95,384.0352793610179,,,,PENDING_AT_END
384.29999999999995,384.4940741588873,,,,PENDING_AT_END
384.65,384.79119687191223,,,,PENDING_AT_END
385.0,385.39561974611775,,,,PENDING_AT_END
385.34999999999997,385.5289566208061,,,,PENDING_AT_END
385.7,385.9530415977525,,,,PENDING_AT_END
386.04999999999995,386.37874297161704,,,,PENDING_AT_END
386.4,386.48755392280987,,,,PENDING_AT_END
386.75,386.9665494332918,,,,PENDING_AT_END
387.09999999999997,387.13694849381403,,,,PENDING_AT_END
387.45,387.83764994917584,,,,PENDING_AT_END
387.79999999999995,387.87835887068,,,,PENDING_AT_END
388.15,388.51045471154555,,,,PENDING_AT_END
388.5,388.5428432877809,,,,PENDING_AT_END
388.84999999999997,389.21341749720176,,,,PENDING_AT_END
389.2,389.355755827814,,,,PENDING_AT_END
389.54999999999995,389.6362334880646,,,,PENDING_AT_END
389.9,389.9580347951055,,,,PENDING_AT_END
390.25,390.6169641924504,,,,PENDING_AT_END
390.59999999999997,390.7009083519767,,,,PENDING_AT_END
390.95,391.32521008962755,,,,PENDING_AT_END
391.29999999999995,391.5778762511683,,,,PENDING_AT_END
391.65,391.8961522650069,,,,PENDING_AT_END
392.0,392.17792509469507,,,,PENDING_AT_END
392.34999999999997,392.490797611592,,,,PENDING_AT_END
392.7,392.8772775800076,,,,PENDING_AT_END
393.04999999999995,393.191735528343,,,,PENDING_AT_END
393.4,393.44282949513524,,,,PENDING_AT_END
393.75,394.0970251157248,,,,PENDING_AT_END
394.09999999999997,394.1374429177096,,,,PENDING_AT_END
394.45,394.69883154823077,,,,PENDING_AT_END
394.79999999999995,394.8347411055929,,,,PENDING_AT_END
395.15,395.36596264905654,,,,PENDING_AT_END
395.5,395.86330635616184,,,,PENDING_AT_END
395.84999999999997,396.1657059517591,,,,PENDING_AT_END
396.2,396.2906029439935,,,,PENDING_AT_END
396.54999999999995,396.6964219075305,,,,PENDING_AT_END
396.9,396.9667582952154,,,,PENDING_AT_END
397.25,397.5029182155531,,,,PENDING_AT_END
397.59999999999997,397.91876769474715,,,,PENDING_AT_END
397.95,398.08470644955963,,,,PENDING_AT_END
398.29999999999995,398.3489574915343,,,,PENDING_AT_END
398.65,398.78409139145083,,,,PENDING_AT_END
399.0,399.2204172650131,,,,PENDING_AT_END
399.34999999999997,399.39529741335167,,,,PENDING_AT_END
399.7,400.0098876954765,,,,PENDING_AT_END
400.04999999999995,400.33279884675244,,,,PENDING_AT_END
400.4,400.49710828283037,,,,PENDING_AT_END
400.75,400.85415143693433,,,,PENDING_AT_END
401.09999999999997,401.13121626643937,,,,PENDING_AT_END
401.45,401.54320565295546,,,,PENDING_AT_END
401.79999999999995,401.87702481693555,,,,PENDING_AT_END
402.15,402.41475155990975,,,,PENDING_AT_END
402.5,402.5094509510243,,,,PENDING_AT_END
402.84999999999997,403.1147412855477,,,,PENDING_AT_END
403.2,403.4620410177948,,,,PENDING_AT_END
403.54999999999995,403.6029190928699,,,,PENDING_AT_END
403.9,403.9332087158448,,,,PENDING_AT_END
404.25,404.6270577563497,,,,PENDING_AT_END
404.59999999999997,404.6914051174038,,,,PENDING_AT_END
404.95,405.27761611205364,,,,PENDING_AT_END
405.29999999999995,405.69935549251716,,,,PENDING_AT_END
405.65,405.99000423886207,,,,PENDING_AT_END
406.0,406.25229370424177,,,,PENDING_AT_END
406.34999999999997,406.6598637728985,,,,PENDING_AT_END
406.7,406.7157240806869,,,,PENDING_AT_END
407.04999999999995,407.36971357881066,,,,PENDING_AT_END
407.4,407.6155783635195,,,,PENDING_AT_END
407.75,408.0017855613801,,,,PENDING_AT_END
408.09999999999997,408.44849546250435,,,,PENDING_AT_END
408.45,408.67251396982584,,,,PENDING_AT_END
408.79999999999995,409.09822971416304,,,,PENDING_AT_END
409.15,409.3155350608265,,,,PENDING_AT_END
409.5,409.5921452224277,,,,PENDING_AT_END
409.84999999999997,410.1500199660081,,,,PENDING_AT_END
410.2,410.2065972913046,,,,PENDING_AT_END
410.54999999999995,410.7989919125189,,,,PENDING_AT_END
410.9,411.0652615958651,,,,PENDING_AT_END
411.25,411.36352813107953,,,,PENDING_AT_END
411.59999999999997,411.98467481893266,,,,PENDING_AT_END
411.95,412.1130188518834,,,,PENDING_AT_END
412.29999999999995,412.39134006477104,,,,PENDING_AT_END
412.65,412.8879762195023,,,,PENDING_AT_END
413.0,413.2442302301813,,,,PENDING_AT_END
413.34999999999997,413.69199564889965,,,,PENDING_AT_END
413.7,413.825097781283,,,,PENDING_AT_END
414.04999999999995,414.2216815577766,,,,PENDING_AT_END
414.4,414.77872584789577,,,,PENDING_AT_END
414.75,414.9804668073924,,,,PENDING_AT_END
415.09999999999997,415.3499943690577,,,,PENDING_AT_END
415.45,415.75449026623966,,,,PENDING_AT_END
415.79999999999995,416.0296615564266,,,,PENDING_AT_END
416.15,416.5346260490444,,,,PENDING_AT_END
416.5,416.53456476619886,,,,PENDING_AT_END
416.84999999999997,416.8572015527746,,,,PENDING_AT_END
417.2,417.4473263917442,,,,PENDING_AT_END
417.54999999999995,417.7601955005681,,,,PENDING_AT_END
417.9,418.13274126544513,,,,PENDING_AT_END
418.25,418.3330361352147,,,,PENDING_AT_END
418.59999999999997,418.9441480195225,,,,PENDING_AT_END
418.95,419.07793261711066,,,,PENDING_AT_END
419.29999999999995,419.6262118773716,,,,PENDING_AT_END
419.65,419.7479284112047,,,,PENDING_AT_END
420.0,420.37346086038133,,,,PENDING_AT_END
420.34999999999997,420.49764074143883,,,,PENDING_AT_END
420.7,420.7514002818396,,,,PENDING_AT_END
421.04999999999995,421.33759939786364,,,,PENDING_AT_END
421.4,421.64264158096876,,,,PENDING_AT_END
421.75,422.0892617926021,,,,PENDING_AT_END
422.09999999999997,422.39772353886457,,,,PENDING_AT_END
422.45,422.52644704840355,,,,PENDING_AT_END
422.79999999999995,423.074901111902,,,,PENDING_AT_END
423.15,423.20020988600004,,,,PENDING_AT_END
423.5,423.7787259636102,,,,PENDING_AT_END
423.84999999999997,423.88270311011007,,,,PENDING_AT_END
424.2,424.2970032326154,,,,PENDING_AT_END
424.54999999999995,424.92533253358556,,,,PENDING_AT_END
424.9,424.90523070647566,,,,PENDING_AT_END
425.25,425.40853134047063,,,,PENDING_AT_END
425.59999999999997,425.7291687392604,,,,PENDING_AT_END
425.95,426.02887353659145,,,,PENDING_AT_END
426.29999999999995,426.3686664230738,,,,PENDING_AT_END
426.65,426.8902105888459,,,,PENDING_AT_END
427.0,427.38042608318335,,,,PENDING_AT_END
427.34999999999997,427.71541824888556,,,,PENDING_AT_END
427.7,428.08649430456495,,,,PENDING_AT_END
428.04999999999995,428.078312277274,,,,PENDING_AT_END
428.4,428.43909561235114,,,,PENDING_AT_END
428.75,428.9732355546273,,,,PENDING_AT_END
429.09999999999997,429.25206520649516,,,,PENDING_AT_END
429.45,429.8036162217932,,,,PENDING_AT_END
429.79999999999995,430.1058002356018,,,,PENDING_AT_END
430.15,430.54232102058495,,,,PENDING_AT_END
430.5,430.6355818900262,,,,PENDING_AT_END
430.84999999999997,431.2478605978154,,,,PENDING_AT_END
431.2,431.3541386493844,,,,PENDING_AT_END
431.54999999999995,431.8815595558335,,,,PENDING_AT_END
431.9,432.21008800467484,,,,PENDING_AT_END
432.25,432.57885043100157,,,,PENDING_AT_END
432.59999999999997,432.9697485220815,,,,PENDING_AT_END
432.95,433.26879482666624,,,,PENDING_AT_END
433.29999999999995,433.5420255627481,,,,PENDING_AT_END
433.65,433.7088962590452,,,,PENDING_AT_END
434.0,434.24873167698195,,,,PENDING_AT_END
434.34999999999997,434.66079129986423,,,,PENDING_AT_END
434.7,435.0708461491309,,,,PENDING_AT_END
435.04999999999995,435.2879697783959,,,,PENDING_AT_END
435.4,435.6245817963819,,,,PENDING_AT_END
435.75,435.9230118381521,,,,PENDING_AT_END
436.09999999999997,436.107518527066,,,,PENDING_AT_END
436.45,436.6608181953871,,,,PENDING_AT_END
436.79999999999995,436.80142480516975,,,,PENDING_AT_END
437.15,437.33212937415567,,,,PENDING_AT_END
437.5,437.5796436762432,,,,PENDING_AT_END
437.84999999999997,437.9141050291544,,,,PENDING_AT_END
438.2,438.2160268209662,,,,PENDING_AT_END
438.54999999999995,438.55512813874225,,,,PENDING_AT_END
438.9,439.1112966731308,,,,PENDING_AT_END
439.25,439.55889485436865,,,,PENDING_AT_END
439.59999999999997,439.8125447192968,,,,PENDING_AT_END
439.95,440.2935311434724,,,,PENDING_AT_END
440.29999999999995,440.5640391444855,,,,PENDING_AT_END
440.65,441.01506930161474,,,,PENDING_AT_END
441.0,441.03234710753327,,,,PENDING_AT_END
441.34999999999997,441.6276715904042,,,,PENDING_AT_END
441.7,441.80695624238143,,,,PENDING_AT_END
442.04999999999995,442.2338064618265,,,,PENDING_AT_END
442.4,442.44707860017127,,,,PENDING_AT_END
442.75,443.1042200262144,,,,PENDING_AT_END
443.09999999999997,443.1085818945376,,,,PENDING_AT_END
443.45,443.5960529631754,,,,PENDING_AT_END
443.79999999999995,444.0248724893264,,,,PENDING_AT_END
444.15,444.3615862299363,,,,PENDING_AT_END
444.5,444.7638961511864,,,,PENDING_AT_END
444.84999999999997,444.93866164118305,,,,PENDING_AT_END
445.2,445.5050182168513,,,,PENDING_AT_END
445.54999999999995,445.79926297278234,,,,PENDING_AT_END
445.9,445.9032617876262,,,,PENDING_AT_END
446.25,446.599355029698,,,,PENDING_AT_END
446.59999999999997,446.8943646617901,,,,PENDING_AT_END
446.95,447.01451754421856,,,,PENDING_AT_END
447.29999999999995,447.65088549206564,,,,PENDING_AT_END
447.65,447.977403799131,,,,PENDING_AT_END
448.0,448.09527563076506,,,,PENDING_AT_END
448.34999999999997,448.51837013400956,,,,PENDING_AT_END
448.7,448.87254428873433,,,,PENDING_AT_END
449.04999999999995,449.35562734629343,,,,PENDING_AT_END
449.4,449.408344512176,,,,PENDING_AT_END
449.74999999999994,450.13777345008094,,,,PENDING_AT_END
450.09999999999997,450.4626185938478,,,,PENDING_AT_END
450.45,450.50931233091984,,,,PENDING_AT_END
450.79999999999995,451.19526327801,,,,PENDING_AT_END
451.15,451.37347704656054,,,,PENDING_AT_END
451.49999999999994,451.75246345087277,,,,PENDING_AT_END
451.84999999999997,451.93272820327405,,,,PENDING_AT_END
452.2,452.4126555060488,,,,PENDING_AT_END
452.54999999999995,452.57742867805473,,,,PENDING_AT_END
452.9,453.23848348184504,,,,PENDING_AT_END
453.24999999999994,453.5770319957733,,,,PENDING_AT_END
453.59999999999997,453.63780136418103,,,,PENDING_AT_END
453.95,453.98894835402626,,,,PENDING_AT_END
454.29999999999995,454.44475716280056,,,,PENDING_AT_END
454.65,454.6898239165714,,,,PENDING_AT_END
454.99999999999994,455.3659117740838,,,,PENDING_AT_END
455.34999999999997,455.73903590752815,,,,PENDING_AT_END
455.7,456.04053904040353,,,,PENDING_AT_END
456.04999999999995,456.2898033037487,,,,PENDING_AT_END
456.4,456.72313846801137,,,,PENDING_AT_END
456.74999999999994,456.87099253405137,,,,PENDING_AT_END
457.09999999999997,457.292861117948,,,,PENDING_AT_END
457.45,457.46045609498475,,,,PENDING_AT_END
457.79999999999995,458.17529093824055,,,,PENDING_AT_END
458.15,458.40603019343143,,,,PENDING_AT_END
458.49999999999994,458.77985563288195,,,,PENDING_AT_END
458.84999999999997,459.0826468510556,,,,PENDING_AT_END
459.2,459.46928120510455,,,,PENDING_AT_END
459.54999999999995,459.93049016731334,,,,PENDING_AT_END
459.9,460.23338899812984,,,,PENDING_AT_END
460.24999999999994,460.4121494258756,,,,PENDING_AT_END
460.59999999999997,460.96349729128696,,,,PENDING_AT_END
460.95,461.2182793850422,,,,PENDING_AT_END
461.29999999999995,461.3964288446383,,,,PENDING_AT_END
461.65,462.03868298838483,,,,PENDING_AT_END
461.99999999999994,462.0201756346327,,,,PENDING_AT_END
462.34999999999997,462.73199683222157,,,,PENDING_AT_END
462.7,462.83362968922,,,,PENDING_AT_END
463.04999999999995,463.08068893729694,,,,PENDING_AT_END
463.4,463.6909156735484,,,,PENDING_AT_END
463.74999999999994,464.0659883764566,,,,PENDING_AT_END
464.09999999999997,464.3835400033957,,,,PENDING_AT_END
464.45,464.56138132256154,,,,PENDING_AT_END
464.79999999999995,464.85378533278345,,,,PENDING_AT_END
465.15,465.2358844321478,,,,PENDING_AT_END
465.49999999999994,465.6308123789534,,,,PENDING_AT_END
465.84999999999997,466.17336309325214,,,,PENDING_AT_END
466.2,466.26577347657934,,,,PENDING_AT_END
466.54999999999995,466.58179468589583,,,,PENDING_AT_END
466.9,467.2554744716375,,,,PENDING_AT_END
467.24999999999994,467.4426380985247,,,,PENDING_AT_END
467.59999999999997,467.87766731136634,,,,PENDING_AT_END
467.95,468.2074712237074,,,,PENDING_AT_END
468.29999999999995,468.43843344155835,,,,PENDING_AT_END
468.65,468.8427403686753,,,,PENDING_AT_END
468.99999999999994,469.1512077474927,,,,PENDING_AT_END
469.34999999999997,469.4109849607826,,,,PENDING_AT_END
469.7,469.7912745082959,,,,PENDING_AT_END
470.04999999999995,470.1009551613805,,,,PENDING_AT_END
470.4,470.71094994681573,,,,PENDING_AT_END
470.74999999999994,471.1140573887986,,,,PENDING_AT_END
471.09999999999997,471.24897477042526,,,,PENDING_AT_END
471.45,471.68262674111764,,,,PENDING_AT_END
471.79999999999995,471.90929803820643,,,,PENDING_AT_END
472.15,472.2734560692843,,,,PENDING_AT_END
472.49999999999994,472.85304902768263,,,,PENDING_AT_END
472.84999999999997,472.9537938967782,,,,PENDING_AT_END
473.2,473.2888564827536,,,,PENDING_AT_END
473.54999999999995,473.74822810272565,,,,PENDING_AT_END
473.9,474.2690416627513,,,,PENDING_AT_END
474.24999999999994,474.56737861617086,,,,PENDING_AT_END
474.59999999999997,474.8663757353441,,,,PENDING_AT_END
474.95,475.0645933829159,,,,PENDING_AT_END
475.29999999999995,475.5324392017035,,,,PENDING_AT_END
475.65,475.9903166807119,,,,PENDING_AT_END
475.99999999999994,476.3969685447668,,,,PENDING_AT_END
476.34999999999997,476.3536334896044,,,,PENDING_AT_END
476.7,477.09581846914745,,,,PENDING_AT_END
477.04999999999995,477.209294033294,,,,PENDING_AT_END
477.4,477.57450360570795,,,,PENDING_AT_END
477.74999999999994,477.95498266957526,,,,PENDING_AT_END
478.09999999999997,478.4784436367319,,,,PENDING_AT_END
478.45,478.76338232703546,,,,PENDING_AT_END
478.79999999999995,479.0845750164492,,,,PENDING_AT_END
479.15,479.239397289562,,,,PENDING_AT_END
479.49999999999994,479.5123799739077,,,,PENDING_AT_END
479.84999999999997,480.043961811662,,,,PENDING_AT_END
480.2,480.3860592578728,,,,PENDING_AT_END
480.54999999999995,480.6107986534855,,,,PENDING_AT_END
480.9,481.25475951033116,,,,PENDING_AT_END
481.24999999999994,481.3764481260807,,,,PENDING_AT_END
481.59999999999997,481.7488731817759,,,,PENDING_AT_END
481.95,482.0545374856312,,,,PENDING_AT_END
482.29999999999995,482.3963977915133,,,,PENDING_AT_END
482.65,482.7334162014714,,,,PENDING_AT_END
482.99999999999994,483.0475781722185,,,,PENDING_AT_END
483.34999999999997,483.6797297538299,,,,PENDING_AT_END
483.7,483.7409015352201,,,,PENDING_AT_END
484.04999999999995,484.13469122882987,,,,PENDING_AT_END
484.4,484.6053348648984,,,,PENDING_AT_END
484.74999999999994,484.972944088415,,,,PENDING_AT_END
485.09999999999997,485.1407495260415,,,,PENDING_AT_END
485.45,485.50743847956954,,,,PENDING_AT_END
485.79999999999995,485.92851842887296,,,,PENDING_AT_END
486.15,486.32666117714405,,,,PENDING_AT_END
486.49999999999994,486.7078376356557,,,,PENDING_AT_END
486.84999999999997,486.91932206746714,,,,PENDING_AT_END
487.2,487.4689807898065,,,,PENDING_AT_END
487.54999999999995,487.92294182473904,,,,PENDING_AT_END
487.9,487.99282883011574,,,,PENDING_AT_END
488.24999999999994,488.64441522018404,,,,PENDING_AT_END
488.59999999999997,488.9480977322333,,,,PENDING_AT_END
488.95,489.31804801520803,,,,PENDING_AT_END
489.29999999999995,489.4346892998509,,,,PENDING_AT_END
489.65,489.8217496130951,,,,PENDING_AT_END
489.99999999999994,490.0857342579173,,,,PENDING_AT_END
490.34999999999997,490.7426532294259,,,,PENDING_AT_END
490.7,490.75664513008763,,,,PENDING_AT_END
491.04999999999995,491.1024998850455,,,,PENDING_AT_END
491.4,491.7297166862837,,,,PENDING_AT_END
491.74999999999994,492.1134293072269,,,,PENDING_AT_END
492.09999999999997,492.1524508391147,,,,PENDING_AT_END
492.45,492.61711541802316,,,,PENDING_AT_END
492.79999999999995,492.83045502906043,,,,PENDING_AT_END
493.15,493.1986449398355,,,,PENDING_AT_END
493.49999999999994,493.75436071537337,,,,PENDING_AT_END
493.84999999999997,494.2312119477993,,,,PENDING_AT_END
494.2,494.25644788203334,,,,PENDING_AT_END
494.54999999999995,494.90762525202445,,,,PENDING_AT_END
494.9,495.04531138354844,,,,PENDING_AT_END
495.24999999999994,495.5789880436375,,,,PENDING_AT_END
495.59999999999997,495.913638476543,,,,PENDING_AT_END
495.95,496.251969946736,,,,PENDING_AT_END
496.29999999999995,496.4807977182304,,,,PENDING_AT_END
496.65,496.65502543964385,,,,PENDING_AT_END
496.99999999999994,497.30597112895197,,,,PENDING_AT_END
497.34999999999997,497.39321219811524,,,,PENDING_AT_END
497.7,497.9551439528206,,,,PENDING_AT_END
498.04999999999995,498.19286522860375,,,,PENDING_AT_END
498.4,498.44970626975885,,,,PENDING_AT_END
498.74999999999994,498.85323321890263,,,,PENDING_AT_END
499.09999999999997,499.2207174187078,,,,PENDING_AT_END
499.45,499.49988766320956,,,,PENDING_AT_END
499.79999999999995,500.01657897922746,,,,PENDING_AT_END
500.15,500.24380164144907,,,,PENDING_AT_END
500.49999999999994,500.7468723879353,,,,PENDING_AT_END
500.84999999999997,501.1830791727064,,,,PENDING_AT_END
501.2,501.57277375925463,,,,PENDING_AT_END
501.54999999999995,501.9033822572228,,,,PENDING_AT_END
501.9,502.17923114585983,,,,PENDING_AT_END
502.24999999999994,502.47684295483435,,,,PENDING_AT_END
502.59999999999997,502.6995724579842,,,,PENDING_AT_END
502.95,502.9901107056,,,,PENDING_AT_END
503.29999999999995,503.54186974588606,,,,PENDING_AT_END
503.65,503.75451422151855,,,,PENDING_AT_END
503.99999999999994,504.1727762816752,,,,PENDING_AT_END
504.34999999999997,504.55683309140915,,,,PENDING_AT_END
504.7,505.0062544404039,,,,PENDING_AT_END
505.04999999999995,505.1100034917173,,,,PENDING_AT_END
505.4,505.7322043877614,,,,PENDING_AT_END
505.74999999999994,506.0159587051414,,,,PENDING_AT_END
506.09999999999997,506.3925127731406,,,,PENDING_AT_END
506.45,506.6401866265891,,,,PENDING_AT_END
506.79999999999995,507.0971468137484,,,,PENDING_AT_END
507.15,507.288221377465,,,,PENDING_AT_END
507.49999999999994,507.75192552693653,,,,PENDING_AT_END
507.84999999999997,507.89109274281674,,,,PENDING_AT_END
508.2,508.5307564076282,,,,PENDING_AT_END
508.54999999999995,508.71967268783874,,,,PENDING_AT_END
508.9,509.28099148271497,,,,PENDING_AT_END
509.24999999999994,509.53538591772605,,,,PENDING_AT_END
509.59999999999997,509.77081042264257,,,,PENDING_AT_END
509.95,510.0089471229324,,,,PENDING_AT_END
510.29999999999995,510.49664946185555,,,,PENDING_AT_END
510.65,510.97058790265794,,,,PENDING_AT_END
510.99999999999994,511.27365512959847,,,,PENDING_AT_END
511.34999999999997,511.7184334654872,,,,PENDING_AT_END
511.7,512.0939956681481,,,,PENDING_AT_END
512.05,512.1803973042531,,,,PENDING_AT_END
512.4,512.6763098913005,,,,PENDING_AT_END
512.75,512.9324581991973,,,,PENDING_AT_END
513.1,513.2703071513835,,,,PENDING_AT_END
513.4499999999999,513.7639222545259,,,,PENDING_AT_END
513.8,514.0254394029307,,,,PENDING_AT_END
514.15,514.51783310602,,,,PENDING_AT_END
514.5,514.6470414954365,,,,PENDING_AT_END
514.85,515.1210162248955,,,,PENDING_AT_END
515.1999999999999,515.4554494529053,,,,PENDING_AT_END
515.55,515.5660559331864,,,,PENDING_AT_END
515.9,516.1200549988565,,,,PENDING_AT_END
516.25,516.3140211208854,,,,PENDING_AT_END
516.6,516.9366715846689,,,,PENDING_AT_END
516.9499999999999,517.1319770386764,,,,PENDING_AT_END
517.3,517.4189680469351,,,,PENDING_AT_END
517.65,517.8958078443264,,,,PENDING_AT_END
518.0,518.3010141947202,,,,PENDING_AT_END
518.35,518.747368576274,,,,PENDING_AT_END
518.6999999999999,518.9179106360174,,,,PENDING_AT_END
519.05,519.1828205040513,,,,PENDING_AT_END
519.4,519.5163802498681,,,,PENDING_AT_END
519.75,519.8753724976416,,,,PENDING_AT_END
520.1,520.2516185410119,,,,PENDING_AT_END
520.4499999999999,520.5677761414494,,,,PENDING_AT_END
520.8,521.1245602263575,,,,PENDING_AT_END
521.15,521.4172079937413,,,,PENDING_AT_END
521.5,521.8989435916287,,,,PENDING_AT_END
521.85,521.8663345517153,,,,PENDING_AT_END
522.1999999999999,522.2436342662321,,,,PENDING_AT_END
522.55,522.7461459656445,,,,PENDING_AT_END
522.9,523.0545502290478,,,,PENDING_AT_END
523.25,523.3488643895448,,,,PENDING_AT_END
523.6,523.9703342881802,,,,PENDING_AT_END
523.9499999999999,524.2953657214617,,,,PENDING_AT_END
524.3,524.6882464967057,,,,PENDING_AT_END
524.65,524.9464502920924,,,,PENDING_AT_END
525.0,525.2088939788262,,,,PENDING_AT_END
525.35,525.4438128158005,,,,PENDING_AT_END
525.6999999999999,525.751630329118,,,,PENDING_AT_END
526.05,526.1555871313001,,,,PENDING_AT_END
526.4,526.7508771352556,,,,PENDING_AT_END
526.75,526.768495213832,,,,PENDING_AT_END
527.1,527.2150944364654,,,,PENDING_AT_END
527.4499999999999,527.749103952547,,,,PENDING_AT_END
527.8,527.8909184752547,,,,PENDING_AT_END
528.15,528.50025327895,,,,PENDING_AT_END
528.5,528.563354459603,,,,PENDING_AT_END
528.85,529.1121524169818,,,,PENDING_AT_END
529.1999999999999,529.4544945778304,,,,PENDING_AT_END
529.55,529.9422146539016,,,,PENDING_AT_END
529.9,530.2239257778193,,,,PENDING_AT_END
530.25,530.5802073045827,,,,PENDING_AT_END
530.6,530.6538004111588,,,,PENDING_AT_END
530.9499999999999,531.2681045189348,,,,PENDING_AT_END
531.3,531.4818207430014,,,,PENDING_AT_END
531.65,531.8702482706097,,,,PENDING_AT_END
532.0,532.3549266250243,,,,PENDING_AT_END
532.35,532.672827523501,,,,PENDING_AT_END
532.6999999999999,532.7189924274236,,,,PENDING_AT_END
533.05,533.338584952792,,,,PENDING_AT_END
533.4,533.4195840185652,,,,PENDING_AT_END
533.75,533.7654030480041,,,,PENDING_AT_END
534.1,534.176348704698,,,,PENDING_AT_END
534.4499999999999,534.4695030090821,,,,PENDING_AT_END
534.8,535.1163373842412,,,,PENDING_AT_END
535.15,535.3354537742274,,,,PENDING_AT_END
535.5,535.8359841108852,,,,PENDING_AT_END
535.85,536.1389129162668,,,,PENDING_AT_END
536.1999999999999,536.4546966287256,,,,PENDING_AT_END
536.55,536.6020688054298,,,,PENDING_AT_END
536.9,536.9355823839907,,,,PENDING_AT_END
537.25,537.3941520657586,,,,PENDING_AT_END
537.5999999999999,537.6780378078831,,,,PENDING_AT_END
537.9499999999999,538.0484510436733,,,,PENDING_AT_END
538.3,538.5173087427283,,,,PENDING_AT_END
538.65,538.6749316986078,,,,PENDING_AT_END
539.0,539.2280090439674,,,,PENDING_AT_END
539.3499999999999,539.4855341564728,,,,PENDING_AT_END
539.6999999999999,539.8354104638391,,,,PENDING_AT_END
540.05,540.4215272897527,,,,PENDING_AT_END
540.4,540.5717089946085,,,,PENDING_AT_END
540.75,540.8145349189208,,,,PENDING_AT_END
541.0999999999999,541.1490973459397,,,,PENDING_AT_END
541.4499999999999,541.4993732096278,,,,PENDING_AT_END
541.8,541.9536867177483,,,,PENDING_AT_END
542.15,542.1783332633846,,,,PENDING_AT_END
542.5,542.7137973379083,,,,PENDING_AT_END
542.8499999999999,542.9639611014,,,,PENDING_AT_END
543.1999999999999,543.4983316407896,,,,PENDING_AT_END
543.55,543.571537194943,,,,PENDING_AT_END
543.9,544.0555968268214,,,,PENDING_AT_END
544.25,544.6069777540279,,,,PENDING_AT_END
544.5999999999999,544.7525524505106,,,,PENDING_AT_END
544.9499999999999,545.2324149011598,,,,PENDING_AT_END
545.3,545.4731678132421,,,,PENDING_AT_END
545.65,545.9045509446026,,,,PENDING_AT_END
546.0,546.318186696421,,,,PENDING_AT_END
546.3499999999999,546.7353150040892,,,,PENDING_AT_END
546.6999999999999,546.9660948362051,,,,PENDING_AT_END
547.05,547.4404746406535,,,,PENDING_AT_END
547.4,547.6851171595509,,,,PENDING_AT_END
547.75,547.8790306957449,,,,PENDING_AT_END
548.0999999999999,548.2596105466725,,,,PENDING_AT_END
548.4499999999999,548.4841531399856,,,,PENDING_AT_END
548.8,549.1982815694846,,,,PENDING_AT_END
549.15,549.2776861216727,,,,PENDING_AT_END
549.5,549.8473244406284,,,,PENDING_AT_END
549.8499999999999,550.2156490727557,,,,PENDING_AT_END
550.1999999999999,550.5364986991791,,,,PENDING_AT_END
550.55,550.7429908991969,,,,PENDING_AT_END
550.9,551.0090290461907,,,,PENDING_AT_END
551.25,551.5639298637218,,,,PENDING_AT_END
551.5999999999999,551.6258548402368,,,,PENDING_AT_END
551.9499999999999,552.0713449869135,,,,PENDING_AT_END
552.3,552.4453284297717,,,,PENDING_AT_END
552.65,552.7442321078626,,,,PENDING_AT_END
553.0,553.1799405915692,,,,PENDING_AT_END
553.3499999999999,553.7269258701845,,,,PENDING_AT_END
553.6999999999999,554.0003734872597,,,,PENDING_AT_END
554.05,554.2471172803569,,,,PENDING_AT_END
554.4,554.4237853788351,,,,PENDING_AT_END
554.75,554.7607484340854,,,,PENDING_AT_END
555.0999999999999,555.326996569424,,,,PENDING_AT_END
555.4499999999999,555.5864396669598,,,,PENDING_AT_END
555.8,556.1649096707877,,,,PENDING_AT_END
556.15,556.1724029165711,,,,PENDING_AT_END
556.5,556.7548400866904,,,,PENDING_AT_END
556.8499999999999,556.9320576542784,,,,PENDING_AT_END
557.1999999999999,557.3362060297294,,,,PENDING_AT_END
557.55,557.739925642009,,,,PENDING_AT_END
557.9,557.9960783769735,,,,PENDING_AT_END
558.25,558.3327820703832,,,,PENDING_AT_END
558.5999999999999,558.9449638714043,,,,PENDING_AT_END
558.9499999999999,558.9968573337381,,,,PENDING_AT_END
559.3,559.3776617464048,,,,PENDING_AT_END
559.65,559.7795863474349,,,,PENDING_AT_END
560.0,560.118838971692,,,,PENDING_AT_END
560.3499999999999,560.6081227092361,,,,PENDING_AT_END
560.6999999999999,560.7774386613652,,,,PENDING_AT_END
561.05,561.4264930357119,,,,PENDING_AT_END
561.4,561.4856661868995,,,,PENDING_AT_END
561.75,561.7686732618922,,,,PENDING_AT_END
562.0999999999999,562.2571249489622,,,,PENDING_AT_END
562.4499999999999,562.4522832459405,,,,PENDING_AT_END
562.8,562.9973806261335,,,,PENDING_AT_END
563.15,563.3151541055921,,,,PENDING_AT_END
563.5,563.5517780650794,,,,PENDING_AT_END
563.8499999999999,564.171183985588,,,,PENDING_AT_END
564.1999999999999,564.451983548695,,,,PENDING_AT_END
564.55,564.5628240389992,,,,PENDING_AT_END
564.9,564.9985947652752,,,,PENDING_AT_END
565.25,565.3449268636118,,,,PENDING_AT_END
565.5999999999999,565.7582422686196,,,,PENDING_AT_END
565.9499999999999,566.280918978265,,,,PENDING_AT_END
566.3,566.3173404700813,,,,PENDING_AT_END
566.65,566.6862280858587,,,,PENDING_AT_END
567.0,567.3337923038273,,,,PENDING_AT_END
567.3499999999999,567.6070921046799,,,,PENDING_AT_END
567.6999999999999,567.8741601646431,,,,PENDING_AT_END
568.05,568.2295358440715,,,,PENDING_AT_END
568.4,568.6424972892229,,,,PENDING_AT_END
568.75,568.8574235525623,,,,PENDING_AT_END
569.0999999999999,569.2537915576816,,,,PENDING_AT_END
569.4499999999999,569.6226259977274,,,,PENDING_AT_END
569.8,569.817733154704,,,,PENDING_AT_END
570.15,570.2840950327865,,,,PENDING_AT_END
570.5,570.8033897406949,,,,PENDING_AT_END
570.8499999999999,571.145775473311,,,,PENDING_AT_END
571.1999999999999,571.4335681485512,,,,PENDING_AT_END
571.55,571.6614248054434,,,,PENDING_AT_END
571.9,572.2921677982455,,,,PENDING_AT_END
572.25,572.641658864241,,,,PENDING_AT_END
572.5999999999999,572.7073171186842,,,,PENDING_AT_END
572.9499999999999,573.2338481533756,,,,PENDING_AT_END
573.3,573.327008153954,,,,PENDING_AT_END
573.65,573.9103464674614,,,,PENDING_AT_END
574.0,574.0341685335754,,,,PENDING_AT_END
574.3499999999999,574.5970296682226,,,,PENDING_AT_END
574.6999999999999,574.7746941262195,,,,PENDING_AT_END
575.05,575.2737688226659,,,,PENDING_AT_END
575.4,575.6438026955688,,,,PENDING_AT_END
575.75,575.9745535399961,,,,PENDING_AT_END
576.0999999999999,576.1608521861328,,,,PENDING_AT_END
576.4499999999999,576.712393540659,,,,PENDING_AT_END
576.8,576.8557596085798,,,,PENDING_AT_END
577.15,577.2797677318343,,,,PENDING_AT_END
577.5,577.8674957285318,,,,PENDING_AT_END
577.8499999999999,578.0281842943675,,,,PENDING_AT_END
578.1999999999999,578.3218575593265,,,,PENDING_AT_END
578.55,578.8613660398344,,,,PENDING_AT_END
578.9,579.1479880896558,,,,PENDING_AT_END
579.25,579.3543505541058,,,,PENDING_AT_END
579.5999999999999,579.737920466057,,,,PENDING_AT_END
579.9499999999999,580.203314089648,,,,PENDING_AT_END
580.3,580.6393301428659,,,,PENDING_AT_END
580.65,580.8585366118956,,,,PENDING_AT_END
581.0,581.3810897428168,,,,PENDING_AT_END
581.3499999999999,581.3652767492349,,,,PENDING_AT_END
581.6999999999999,581.8535341174155,,,,PENDING_AT_END
582.05,582.1428545815218,,,,PENDING_AT_END
582.4,582.4931757100393,,,,PENDING_AT_END
582.75,582.7552814500991,,,,PENDING_AT_END
583.0999999999999,583.3580661508086,,,,PENDING_AT_END
583.4499999999999,583.7338140033361,,,,PENDING_AT_END
583.8,583.9522741135274,,,,PENDING_AT_END
584.15,584.5405120732729,,,,PENDING_AT_END
584.5,584.8643011403562,,,,PENDING_AT_END
584.8499999999999,585.0762999272888,,,,PENDING_AT_END
585.1999999999999,585.2493333794038,,,,PENDING_AT_END
585.55,585.9215758559039,,,,PENDING_AT_END
585.9,586.2463737970521,,,,PENDING_AT_END
586.25,586.3493670921853,,,,PENDING_AT_END
586.5999999999999,586.6802919277295,,,,PENDING_AT_END
586.9499999999999,587.0791440123136,,,,PENDING_AT_END
587.3,587.6184916054385,,,,PENDING_AT_END
587.65,587.8636366308662,,,,PENDING_AT_END
588.0,588.107509489852,,,,PENDING_AT_END
588.3499999999999,588.4378277963067,,,,PENDING_AT_END
588.6999999999999,588.771164210858,,,,PENDING_AT_END
589.05,589.3538854670114,,,,PENDING_AT_END
589.4,589.5031010278384,,,,PENDING_AT_END
589.75,589.8567487115099,,,,PENDING_AT_END
590.0999999999999,590.249795612048,,,,PENDING_AT_END
590.4499999999999,590.6542786958674,,,,PENDING_AT_END
590.8,590.9620920935331,,,,PENDING_AT_END
591.15,591.3840314119267,,,,PENDING_AT_END
591.5,591.6093498450989,,,,PENDING_AT_END
591.8499999999999,592.2141938510415,,,,PENDING_AT_END
592.1999999999999,592.5162652234086,,,,PENDING_AT_END
592.55,592.9002769653739,,,,PENDING_AT_END
592.9,593.1542067244778,,,,PENDING_AT_END
593.25,593.4140430973516,,,,PENDING_AT_END
593.5999999999999,593.645359430694,,,,PENDING_AT_END
593.9499999999999,594.3405472932267,,,,PENDING_AT_END
594.3,594.544882175652,,,,PENDING_AT_END
594.65,594.7946572405477,,,,PENDING_AT_END
595.0,595.186530751889,,,,PENDING_AT_END
595.3499999999999,595.6106241636016,,,,PENDING_AT_END
595.6999999999999,595.7072861571015,,,,PENDING_AT_END
596.05,596.244688024196,,,,PENDING_AT_END
596.4,596.7308173375953,,,,PENDING_AT_END
596.75,596.8509180980061,,,,PENDING_AT_END
597.0999999999999,597.1381981713737,,,,PENDING_AT_END
597.4499999999999,597.7115297517008,,,,PENDING_AT_END
597.8,598.1540626067238,,,,PENDING_AT_END
598.15,598.5412533482639,,,,PENDING_AT_END
598.5,598.5116747779357,,,,PENDING_AT_END
598.8499999999999,598.8565663357651,,,,PENDING_AT_END
599.1999999999999,599.4935106873294,,,,PENDING_AT_END
599.55,599.7670792936606,,,,PENDING_AT_END
599.9,600.2921025517559,,,,PENDING_AT_END
600.25,600.3056687216281,,,,PENDING_AT_END
600.5999999999999,600.7758599902861,,,,PENDING_AT_END
600.9499999999999,600.9748287272242,,,,PENDING_AT_END
601.3,601.3122597341396,,,,PENDING_AT_END
601.65,601.9284302640457,,,,PENDING_AT_END
602.0,602.2123915216978,,,,PENDING_AT_END
602.3499999999999,602.4162693886481,,,,PENDING_AT_END
602.6999999999999,602.7591557272241,,,,PENDING_AT_END
603.05,603.415167464465,,,,PENDING_AT_END
603.4,603.6337996807462,,,,PENDING_AT_END
603.75,604.0300354434189,,,,PENDING_AT_END
604.0999999999999,604.1267716297866,,,,PENDING_AT_END
604.4499999999999,604.640383461271,,,,PENDING_AT_END
604.8,605.1965436172775,,,,PENDING_AT_END
605.15,605.3452782581727,,,,PENDING_AT_END
605.5,605.7434852939623,,,,PENDING_AT_END
605.8499999999999,606.1763333807269,,,,PENDING_AT_END
606.1999999999999,606.2131679474702,,,,PENDING_AT_END
606.55,606.8629631185704,,,,PENDING_AT_END
606.9,606.90731228225,,,,PENDING_AT_END
607.25,607.5196012754996,,,,PENDING_AT_END
607.5999999999999,607.6075549339728,,,,PENDING_AT_END
607.9499999999999,608.2867831620966,,,,PENDING_AT_END
608.3,608.5717685328996,,,,PENDING_AT_END
608.65,608.9479555083836,,,,PENDING_AT_END
609.0,609.2482049120836,,,,PENDING_AT_END
609.3499999999999,609.717299800431,,,,PENDING_AT_END
609.6999999999999,610.0018875351371,,,,PENDING_AT_END
610.05,610.2185713955862,,,,PENDING_AT_END
610.4,610.7185223121797,,,,PENDING_AT_END
610.75,610.9279653936833,,,,PENDING_AT_END
611.0999999999999,611.3605683574385,,,,PENDING_AT_END
611.4499999999999,611.7258356289766,,,,PENDING_AT_END
611.8,611.96385505993,,,,PENDING_AT_END
612.15,612.1614857616486,,,,PENDING_AT_END
612.5,612.6614045630135,,,,PENDING_AT_END
612.8499999999999,613.0093434782902,,,,PENDING_AT_END
613.1999999999999,613.256682921381,,,,PENDING_AT_END
613.55,613.724568105971,,,,PENDING_AT_END
613.9,613.9538027207024,,,,PENDING_AT_END
614.25,614.414888459437,,,,PENDING_AT_END
614.5999999999999,614.8328072737061,,,,PENDING_AT_END
614.9499999999999,614.9756999079606,,,,PENDING_AT_END
615.3,615.6383956890454,,,,PENDING_AT_END
615.65,615.6765837890565,,,,PENDING_AT_END
616.0,616.3168244892397,,,,PENDING_AT_END
616.3499999999999,616.6958540562853,,,,PENDING_AT_END
616.6999999999999,616.9007605037833,,,,PENDING_AT_END
617.05,617.3018666178864,,,,PENDING_AT_END
617.4,617.4700090777336,,,,PENDING_AT_END
617.75,618.1128526899492,,,,PENDING_AT_END
618.0999999999999,618.4146958851943,,,,PENDING_AT_END
618.4499999999999,618.7761555071626,,,,PENDING_AT_END
618.8,618.9099134808155,,,,PENDING_AT_END
619.15,619.5173010145191,,,,PENDING_AT_END
619.5,619.8252069816765,,,,PENDING_AT_END
619.8499999999999,620.2184849827343,,,,PENDING_AT_END
620.1999999999999,620.4651440688741,,,,PENDING_AT_END
620.55,620.749653721711,,,,PENDING_AT_END
620.9,621.0538116859974,,,,PENDING_AT_END
621.25,621.4446728900714,,,,PENDING_AT_END
621.5999999999999,621.7375276264133,,,,PENDING_AT_END
621.9499999999999,621.9989295220686,,,,PENDING_AT_END
622.3,622.4688963292851,,,,PENDING_AT_END
622.65,622.8610236170103,,,,PENDING_AT_END
623.0,623.2428078808609,,,,PENDING_AT_END
623.3499999999999,623.7098073356613,,,,PENDING_AT_END
623.6999999999999,623.9158488393481,,,,PENDING_AT_END
624.05,624.306545812711,,,,PENDING_AT_END
624.4,624.5066307477169,,,,PENDING_AT_END
624.75,624.9004657931089,,,,PENDING_AT_END
625.0999999999999,625.4632697741288,,,,PENDING_AT_END
625.4499999999999,625.7243052439397,,,,PENDING_AT_END
625.8,626.1844662309854,,,,PENDING_AT_END
626.15,626.4774654210881,,,,PENDING_AT_END
626.5,626.7980600674089,,,,PENDING_AT_END
626.8499999999999,627.1095958803119,,,,PENDING_AT_END
627.1999999999999,627.5729727500303,,,,PENDING_AT_END
627.55,627.7300710408526,,,,PENDING_AT_END
627.9,628.2251482401401,,,,PENDING_AT_END
628.25,628.4941715630698,,,,PENDING_AT_END
628.5999999999999,628.7786415520363,,,,PENDING_AT_END
628.9499999999999,629.0566474828851,,,,PENDING_AT_END
629.3,629.3422445867477,,,,PENDING_AT_END
629.65,629.6936958222701,,,,PENDING_AT_END
630.0,630.0722225535217,,,,PENDING_AT_END
630.3499999999999,630.366269102627,,,,PENDING_AT_END
630.6999999999999,631.0902438919146,,,,PENDING_AT_END
631.05,631.258817239112,,,,PENDING_AT_END
631.4,631.7744410000126,,,,PENDING_AT_END
631.75,631.9513420471292,,,,PENDING_AT_END
632.0999999999999,632.1269956457122,,,,PENDING_AT_END
632.4499999999999,632.8492555385707,,,,PENDING_AT_END
632.8,633.1825759273493,,,,PENDING_AT_END
633.15,633.4032923240442,,,,PENDING_AT_END
633.5,633.7885482398467,,,,PENDING_AT_END
633.8499999999999,633.9173600565643,,,,PENDING_AT_END
634.1999999999999,634.4520674850195,,,,PENDING_AT_END
634.55,634.8571045479068,,,,PENDING_AT_END
634.9,634.9841622414912,,,,PENDING_AT_END
635.25,635.5595517135309,,,,PENDING_AT_END
635.5999999999999,635.996278505587,,,,PENDING_AT_END
635.9499999999999,636.0705658870492,,,,PENDING_AT_END
636.3,636.4020943803309,,,,PENDING_AT_END
636.65,636.6609933151786,,,,PENDING_AT_END
637.0,637.2048539014725,,,,PENDING_AT_END
637.3499999999999,637.637841562959,,,,PENDING_AT_END
637.6999999999999,637.7640421885964,,,,PENDING_AT_END
638.05,638.1850417135479,,,,PENDING_AT_END
638.4,638.757818594365,,,,PENDING_AT_END
638.75,638.8012077096357,,,,PENDING_AT_END
639.0999999999999,639.4829958486243,,,,PENDING_AT_END
639.4499999999999,639.7148740209226,,,,PENDING_AT_END
639.8,640.0176431028694,,,,PENDING_AT_END
640.15,640.2870215450636,,,,PENDING_AT_END
640.5,640.553571934003,,,,PENDING_AT_END
640.8499999999999,641.2196630943279,,,,PENDING_AT_END
641.1999999999999,641.2872953567552,,,,PENDING_AT_END
641.55,641.93063807507,,,,PENDING_AT_END
641.9,642.0244403568953,,,,PENDING_AT_END
642.25,642.3240835334316,,,,PENDING_AT_END
642.5999999999999,642.6899110975244,,,,PENDING_AT_END
642.9499999999999,642.9817258040979,,,,PENDING_AT_END
643.3,643.6489744364701,,,,PENDING_AT_END
643.65,643.7743198260163,,,,PENDING_AT_END
644.0,644.3270820137609,,,,PENDING_AT_END
644.3499999999999,644.5828089168415,,,,PENDING_AT_END
644.6999999999999,644.880847825497,,,,PENDING_AT_END
645.05,645.3416218694185,,,,PENDING_AT_END
645.4,645.7298377394931,,,,PENDING_AT_END
645.75,645.8530340339878,,,,PENDING_AT_END
646.0999999999999,646.3495437822705,,,,PENDING_AT_END
646.4499999999999,646.7004232278074,,,,PENDING_AT_END
646.8,647.0285982333667,,,,PENDING_AT_END
647.15,647.3633609135817,,,,PENDING_AT_END
647.5,647.7040549932153,,,,PENDING_AT_END
647.8499999999999,648.1128239094978,,,,PENDING_AT_END
648.1999999999999,648.2910653057044,,,,PENDING_AT_END
648.55,648.8662015493569,,,,PENDING_AT_END
648.9,649.1843701688434,,,,PENDING_AT_END
649.25,649.3195769101897,,,,PENDING_AT_END
649.5999999999999,649.7515045424134,,,,PENDING_AT_END
649.9499999999999,649.9642529049937,,,,PENDING_AT_END
650.3,650.6302672273814,,,,PENDING_AT_END
650.65,650.8830181340637,,,,PENDING_AT_END
651.0,651.3488152617024,,,,PENDING_AT_END
651.3499999999999,651.4739832617176,,,,PENDING_AT_END
651.6999999999999,652.0029682657381,,,,PENDING_AT_END
652.05,652.1167695638674,,,,PENDING_AT_END
652.4,652.6057457902338,,,,PENDING_AT_END
652.75,652.8887436415007,,,,PENDING_AT_END
653.0999999999999,653.3577445658341,,,,PENDING_AT_END
653.4499999999999,653.8217200938763,,,,PENDING_AT_END
653.8,654.1335655081195,,,,PENDING_AT_END
654.15,654.4158290438605,,,,PENDING_AT_END
654.5,654.7254766112835,,,,PENDING_AT_END
654.8499999999999,655.064298261577,,,,PENDING_AT_END
655.1999999999999,655.4784918383415,,,,PENDING_AT_END
655.55,655.9182988867474,,,,PENDING_AT_END
655.9,656.0081394618804,,,,PENDING_AT_END
656.25,656.280678075562,,,,PENDING_AT_END
656.5999999999999,656.7752820679325,,,,PENDING_AT_END
656.9499999999999,657.178762358123,,,,PENDING_AT_END
657.3,657.3320691414558,,,,PENDING_AT_END
657.65,658.0351718246683,,,,PENDING_AT_END
658.0,658.2109999223087,,,,PENDING_AT_END
658.3499999999999,658.5158232236895,,,,PENDING_AT_END
658.6999999999999,658.8124431555824,,,,PENDING_AT_END
659.05,659.2267369515207,,,,PENDING_AT_END
659.4,659.4018092956456,,,,PENDING_AT_END
659.75,659.7524418252258,,,,PENDING_AT_END
660.0999999999999,660.1667447330121,,,,PENDING_AT_END
660.4499999999999,660.7832573615102,,,,PENDING_AT_END
660.8,660.8405482725298,,,,PENDING_AT_END
661.15,661.374590548509,,,,PENDING_AT_END
661.5,661.6944154383566,,,,PENDING_AT_END
661.8499999999999,662.2028658592046,,,,PENDING_AT_END
662.1999999999999,662.3673052508742,,,,PENDING_AT_END
662.55,662.88417746305,,,,PENDING_AT_END
662.9,663.1983035195666,,,,PENDING_AT_END
663.25,663.4676478212984,,,,PENDING_AT_END
663.5999999999999,663.6591085843763,,,,PENDING_AT_END
663.9499999999999,664.1782981608741,,,,PENDING_AT_END
664.3,664.6255075462807,,,,PENDING_AT_END
664.65,664.6723627510058,,,,PENDING_AT_END
665.0,665.0460324388068,,,,PENDING_AT_END
665.3499999999999,665.4191238905273,,,,PENDING_AT_END
665.6999999999999,665.9039098797172,,,,PENDING_AT_END
666.05,666.0581551256412,,,,PENDING_AT_END
666.4,666.7104792517883,,,,PENDING_AT_END
666.75,666.9662726217359,,,,PENDING_AT_END
667.0999999999999,667.1137750266107,,,,PENDING_AT_END
667.4499999999999,667.8025799943933,,,,PENDING_AT_END
667.8,667.8967622755847,,,,PENDING_AT_END
668.15,668.2187106040582,,,,PENDING_AT_END
668.5,668.7074233892699,,,,PENDING_AT_END
668.8499999999999,669.1760483490652,,,,PENDING_AT_END
669.1999999999999,669.3854976114125,,,,PENDING_AT_END
669.55,669.6967176217613,,,,PENDING_AT_END
669.9,670.15826330078,,,,PENDING_AT_END
670.25,670.5383460165024,,,,PENDING_AT_END
670.5999999999999,670.7818492367587,,,,PENDING_AT_END
670.9499999999999,671.0101241590802,,,,PENDING_AT_END
671.3,671.5014340398768,,,,PENDING_AT_END
671.65,671.9821651356118,,,,PENDING_AT_END
672.0,672.2483683824182,,,,PENDING_AT_END
672.3499999999999,672.3573994708979,,,,PENDING_AT_END
672.6999999999999,672.8676814553336,,,,PENDING_AT_END
673.05,673.4090128789849,,,,PENDING_AT_END
673.4,673.6572063119885,,,,PENDING_AT_END
673.75,674.015564123792,,,,PENDING_AT_END
674.0999999999999,674.2702739696551,,,,PENDING_AT_END
674.4499999999999,674.8036123197388,,,,PENDING_AT_END
674.8,674.8933356561647,,,,PENDING_AT_END
675.15,675.540134495188,,,,PENDING_AT_END
675.5,675.8710195512265,,,,PENDING_AT_END
675.8499999999999,675.8700704777182,,,,PENDING_AT_END
676.1999999999999,676.2600227011307,,,,PENDING_AT_END
676.55,676.8230996814059,,,,PENDING_AT_END
676.9,677.0972397031861,,,,PENDING_AT_END
677.25,677.4148176314493,,,,PENDING_AT_END
677.5999999999999,677.7818400297606,,,,PENDING_AT_END
677.9499999999999,678.2703226877967,,,,PENDING_AT_END
678.3,678.4779950389786,,,,PENDING_AT_END
678.65,678.7436121424295,,,,PENDING_AT_END
679.0,679.2442712600691,,,,PENDING_AT_END
679.3499999999999,679.5765038428581,,,,PENDING_AT_END
679.6999999999999,679.8324197687479,,,,PENDING_AT_END
680.05,680.4010507858097,,,,PENDING_AT_END
680.4,680.6716400775123,,,,PENDING_AT_END
680.75,681.0294399816614,,,,PENDING_AT_END
681.0999999999999,681.3519185532689,,,,PENDING_AT_END
681.4499999999999,681.6210980418144,,,,PENDING_AT_END
681.8,682.1345053347156,,,,PENDING_AT_END
682.15,682.3659499865984,,,,PENDING_AT_END
682.5,682.7362024739896,,,,PENDING_AT_END
682.8499999999999,682.8943806465975,,,,PENDING_AT_END
683.1999999999999,683.3116036110429,,,,PENDING_AT_END
683.55,683.8358102706093,,,,PENDING_AT_END
683.9,683.9688691933512,,,,PENDING_AT_END
684.25,684.5975615504847,,,,PENDING_AT_END
684.5999999999999,684.8028184603752,,,,PENDING_AT_END
684.9499999999999,685.180614272297,,,,PENDING_AT_END
685.3,685.5266342995453,,,,PENDING_AT_END
685.65,685.7465850444183,,,,PENDING_AT_END
686.0,686.3739405573158,,,,PENDING_AT_END
686.3499999999999,686.7015645632,,,,PENDING_AT_END
686.6999999999999,686.9704138277328,,,,PENDING_AT_END
687.05,687.1598050850816,,,,PENDING_AT_END
687.4,687.4579152260923,,,,PENDING_AT_END
687.75,688.1119446950609,,,,PENDING_AT_END
688.0999999999999,688.2066115421435,,,,PENDING_AT_END
688.4499999999999,688.768911394085,,,,PENDING_AT_END
688.8,689.0206050653007,,,,PENDING_AT_END
689.15,689.3372665268213,,,,PENDING_AT_END
689.5,689.7516720834433,,,,PENDING_AT_END
689.8499999999999,690.013067802257,,,,PENDING_AT_END
690.1999999999999,690.3644412928103,,,,PENDING_AT_END
690.55,690.5998630616559,,,,PENDING_AT_END
690.9,691.1141953777436,,,,PENDING_AT_END
691.25,691.4353476734052,,,,PENDING_AT_END
691.5999999999999,691.8984348268789,,,,PENDING_AT_END
691.9499999999999,691.9874157423702,,,,PENDING_AT_END
692.3,692.3081349070274,,,,PENDING_AT_END
692.65,692.879412952533,,,,PENDING_AT_END
693.0,693.0239503858402,,,,PENDING_AT_END
693.3499999999999,693.6873293214962,,,,PENDING_AT_END
693.6999999999999,693.8900819815125,,,,PENDING_AT_END
694.05,694.2272433058963,,,,PENDING_AT_END
694.4,694.7656637629817,,,,PENDING_AT_END
694.75,694.9246669989873,,,,PENDING_AT_END
695.0999999999999,695.2286439250677,,,,PENDING_AT_END
695.4499999999999,695.7173797574623,,,,PENDING_AT_END
695.8,696.1210017486612,,,,PENDING_AT_END
696.15,696.5065160665371,,,,PENDING_AT_END
696.5,696.7433700303316,,,,PENDING_AT_END
696.8499999999999,697.2440787403361,,,,PENDING_AT_END
697.1999999999999,697.3325426592902,,,,PENDING_AT_END
697.55,697.616052215001,,,,PENDING_AT_END
697.9,697.9171315854518,,,,PENDING_AT_END
698.25,698.3561343791162,,,,PENDING_AT_END
698.5999999999999,698.8612601138045,,,,PENDING_AT_END
698.9499999999999,699.1685626280852,,,,PENDING_AT_END
699.3,699.6248018482731,,,,PENDING_AT_END
699.65,699.6787238790511,,,,PENDING_AT_END
700.0,700.1539009033877,,,,PENDING_AT_END
700.3499999999999,700.5486065178416,,,,PENDING_AT_END
700.6999999999999,700.9713615533987,,,,PENDING_AT_END
701.05,701.3951547910547,,,,PENDING_AT_END
701.4,701.7785221715038,,,,PENDING_AT_END
701.75,702.1249102047093,,,,PENDING_AT_END
702.0999999999999,702.3614450950945,,,,PENDING_AT_END
702.4499999999999,702.5420227755566,,,,PENDING_AT_END
702.8,702.9909891073364,,,,PENDING_AT_END
703.15,703.4687892928274,,,,PENDING_AT_END
703.5,703.5681256364123,,,,PENDING_AT_END
703.8499999999999,704.1846790748518,,,,PENDING_AT_END
704.1999999999999,704.5194121322457,,,,PENDING_AT_END
704.55,704.5613677692363,,,,PENDING_AT_END
704.9,705.2769548243026,,,,PENDING_AT_END
705.25,705.3877120066061,,,,PENDING_AT_END
705.5999999999999,705.8776190883489,,,,PENDING_AT_END
705.9499999999999,705.9983889226806,,,,PENDING_AT_END
706.3,706.6087280485547,,,,PENDING_AT_END
706.65,706.9291388462776,,,,PENDING_AT_END
707.0,707.0297159691531,,,,PENDING_AT_END
707.3499999999999,707.7217121513083,,,,PENDING_AT_END
707.6999999999999,707.7121335107257,,,,PENDING_AT_END
708.05,708.2893887906412,,,,PENDING_AT_END
708.4,708.641480735267,,,,PENDING_AT_END
708.75,708.8198650289316,,,,PENDING_AT_END
709.0999999999999,709.4445927309685,,,,PENDING_AT_END
709.4499999999999,709.6608208751132,,,,PENDING_AT_END
709.8,710.1934799156411,,,,PENDING_AT_END
710.15,710.4758616008561,,,,PENDING_AT_END
710.5,710.7091130820711,,,,PENDING_AT_END
710.8499999999999,711.2315766764657,,,,PENDING_AT_END
711.1999999999999,711.2375865704356,,,,PENDING_AT_END
711.55,711.8236374648909,,,,PENDING_AT_END
711.9,711.9387717187407,,,,PENDING_AT_END
712.25,712.326024227985,,,,PENDING_AT_END
712.5999999999999,712.7305241701254,,,,PENDING_AT_END
712.9499999999999,713.1579443038291,,,,PENDING_AT_END
713.3,713.4818361355817,,,,PENDING_AT_END
713.65,713.997110023164,,,,PENDING_AT_END
714.0,714.0342058272859,,,,PENDING_AT_END
714.3499999999999,714.7074836957154,,,,PENDING_AT_END
714.6999999999999,714.7368949805679,,,,PENDING_AT_END
715.05,715.0731469450511,,,,PENDING_AT_END
715.4,715.6742194093875,,,,PENDING_AT_END
715.75,716.0371775845929,,,,PENDING_AT_END
716.0999999999999,716.4365530570512,,,,PENDING_AT_END
716.4499999999999,716.6821450866149,,,,PENDING_AT_END
716.8,717.0045536621681,,,,PENDING_AT_END
717.15,717.3931184809206,,,,PENDING_AT_END
717.5,717.7437340465549,,,,PENDING_AT_END
717.8499999999999,718.2175503473777,,,,PENDING_AT_END
718.1999999999999,718.2903096125175,,,,PENDING_AT_END
718.55,718.8129602858501,,,,PENDING_AT_END
718.9,719.0288894422348,,,,PENDING_AT_END
719.25,719.3802905730181,,,,PENDING_AT_END
719.5999999999999,719.7102402951173,,,,PENDING_AT_END
719.9499999999999,720.1063824967945,,,,PENDING_AT_END
720.3,720.6713880452915,,,,PENDING_AT_END
720.65,720.8979520094912,,,,PENDING_AT_END
721.0,721.1537056808859,,,,PENDING_AT_END
721.3499999999999,721.6808580672507,,,,PENDING_AT_END
721.6999999999999,722.0566276097767,,,,PENDING_AT_END
722.05,722.3389939745641,,,,PENDING_AT_END
722.4,722.4189075142414,,,,PENDING_AT_END
722.75,722.8261912639955,,,,PENDING_AT_END
723.0999999999999,723.27748074601,,,,PENDING_AT_END
723.4499999999999,723.6063806301255,,,,PENDING_AT_END
723.8,723.9862207078331,,,,PENDING_AT_END
724.15,724.4980404635727,,,,PENDING_AT_END
724.5,724.8893560613358,,,,PENDING_AT_END
724.8499999999999,724.9876254632425,,,,PENDING_AT_END
725.1999999999999,725.5729014568113,,,,PENDING_AT_END
725.55,725.8754883916254,,,,PENDING_AT_END
725.9,726.1072523804597,,,,PENDING_AT_END
726.25,726.3824886711352,,,,PENDING_AT_END
726.5999999999999,726.8779330925288,,,,PENDING_AT_END
726.9499999999999,727.2815350740422,,,,PENDING_AT_END
727.3,727.5839427084097,,,,PENDING_AT_END
727.65,728.0262094012818,,,,PENDING_AT_END
728.0,728.315518693493,,,,PENDING_AT_END
728.3499999999999,728.5480090852923,,,,PENDING_AT_END
728.6999999999999,729.0503300772333,,,,PENDING_AT_END
729.05,729.1405388540452,,,,PENDING_AT_END
729.4,729.7083668274485,,,,PENDING_AT_END
729.75,729.9605727558883,,,,PENDING_AT_END
730.0999999999999,730.2641894670242,,,,PENDING_AT_END
730.4499999999999,730.5662651678703,,,,PENDING_AT_END
730.8,731.1351268521378,,,,PENDING_AT_END
731.15,731.2711420994893,,,,PENDING_AT_END
731.5,731.6057075110123,,,,PENDING_AT_END
731.8499999999999,732.1600252116762,,,,PENDING_AT_END
732.1999999999999,732.3421477465705,,,,PENDING_AT_END
732.55,732.6957577897556,,,,PENDING_AT_END
732.9,733.0402154978882,,,,PENDING_AT_END
733.25,733.3388630868988,,,,PENDING_AT_END
733.5999999999999,733.6246425357174,,,,PENDING_AT_END
733.9499999999999,733.9675660816837,,,,PENDING_AT_END
734.3,734.3543687909587,,,,PENDING_AT_END
734.65,734.814084827501,,,,PENDING_AT_END
