timestamp,gen_time,sel_time,tx_time,rx_time,status
0.0,0.17120443981880348,156.04120197637317,156.04220197637318,156.21220197637317,TX
0.35,0.37336532576263204,158.5643007524294,158.5653007524294,158.7353007524294,TX
0.7,0.7707180579269928,157.2945176050513,157.29551760505132,157.4655176050513,TX
1.0499999999999998,1.2383725602868276,153.08467724735934,153.08567724735934,153.25567724735933,TX
1.4,1.7585323028554494,152.99512587943696,152.99612587943696,153.16612587943695,TX
1.75,1.917236191233684,158.59141806418333,158.59241806418333,158.76241806418332,TX
2.0999999999999996,2.150008645732709,160.8897379900601,160.8907379900601,161.0607379900601,TX
2.4499999999999997,2.7635014044508295,158.03835912125908,158.03935912125908,158.20935912125907,TX
2.8,2.8640483902507254,161.55343830174644,161.55443830174644,161.72443830174643,TX
3.15,3.1846162164848058,160.0317110035905,160.0327110035905,160.20271100359048,TX
3.5,3.7801172812223527,163.24177905854174,163.24277905854174,163.41277905854173,TX
3.8499999999999996,3.978460870614022,156.21006788907377,156.21106788907377,156.38106788907376,TX
4.199999999999999,4.4189759911744115,159.18820226227402,159.18920226227402,159.359202262274,TX
4.55,4.712711783236805,155.04504988667082,155.04604988667083,155.21604988667082,TX
4.8999999999999995,4.929671641579728,,,,PENDING_AT_END
5.25,5.538544489815674,,,,PENDING_AT_END
5.6,5.62394964145386,,,,PENDING_AT_END
5.949999999999999,6.0028181709227155,,,,PENDING_AT_END
6.3,6.327698989734567,,,,PENDING_AT_END
6.6499999999999995,6.695550875040268,,,,PENDING_AT_END
7.0,7.191384171325158,,,,PENDING_AT_END
7.35,7.568837787746645,,,,PENDING_AT_END
7.699999999999999,8.070944364195462,,,,PENDING_AT_END
8.049999999999999,8.0596161645245,,,,PENDING_AT_END
8.399999999999999,8.651679810362772,,,,PENDING_AT_END
8.75,8.941129346587093,,,,PENDING_AT_END
9.1,9.271031201495225,,,,PENDING_AT_END
9.45,9.5841198541107,,,,PENDING_AT_END
9.799999999999999,9.85419331238022,,,,PENDING_AT_END
10.149999999999999,10.229369001638755,,,,PENDING_AT_END
10.5,10.694517755875303,,,,PENDING_AT_END
10.85,11.065660430061028,,,,PENDING_AT_END
11.2,11.434309486017561,,,,PENDING_AT_END
11.549999999999999,11.578644927945748,,,,PENDING_AT_END
11.899999999999999,11.955223796899766,,,,PENDING_AT_END
12.25,12.577494179116961,,,,PENDING_AT_END
12.6,12.806726693273967,,,,PENDING_AT_END
12.95,13.063793553850417,,,,PENDING_AT_END
13.299999999999999,13.505051500700814,,,,PENDING_AT_END
13.649999999999999,13.815634027781098,,,,PENDING_AT_END
14.0,14.364645935589017,,,,PENDING_AT_END
14.35,14.38351521814801,,,,PENDING_AT_END
14.7,14.814426800149093,,,,PENDING_AT_END
15.049999999999999,15.110888763088804,,,,PENDING_AT_END
15.399999999999999,15.524627617575423,,,,PENDING_AT_END
15.749999999999998,15.758629378795748,,,,PENDING_AT_END
16.099999999999998,16.111567202028507,,,,PENDING_AT_END
16.45,16.74858306123269,,,,PENDING_AT_END
16.799999999999997,16.981422349304488,,,,PENDING_AT_END
17.15,17.284660821476308,,,,PENDING_AT_END
17.5,17.863332218663864,,,,PENDING_AT_END
17.849999999999998,18.0779190354119,,,,PENDING_AT_END
18.2,18.41514959801614,,,,PENDING_AT_END
18.549999999999997,18.91314554422167,,,,PENDING_AT_END
18.9,18.959401061754527,,,,PENDING_AT_END
19.25,19.347315885731696,,,,PENDING_AT_END
19.599999999999998,19.87891656778201,,,,PENDING_AT_END
19.95,20.032871631214622,,,,PENDING_AT_END
20.299999999999997,20.40386123787568,,,,PENDING_AT_END
20.65,20.787831844685783,,,,PENDING_AT_END
21.0,21.263482235748675,,,,PENDING_AT_END
21.349999999999998,21.550881939683723,,,,PENDING_AT_END
21.7,21.852039526045292,,,,PENDING_AT_END
22.049999999999997,22.295042321707875,,,,PENDING_AT_END
22.4,22.450723981770572,,,,PENDING_AT_END
22.75,22.941499107345834,,,,PENDING_AT_END
23.099999999999998,23.48577670316509,,,,PENDING_AT_END
23.45,23.73544224577503,,,,PENDING_AT_END
23.799999999999997,23.84131260064509,,,,PENDING_AT_END
24.15,24.413644360166025,,,,PENDING_AT_END
24.5,24.58068217575981,,,,PENDING_AT_END
24.849999999999998,25.123204506924548,,,,PENDING_AT_END
25.2,25.365093816347414,,,,PENDING_AT_END
25.549999999999997,25.77804987451904,,,,PENDING_AT_END
25.9,26.25295386012027,,,,PENDING_AT_END
26.25,26.386330884383668,,,,PENDING_AT_END
26.599999999999998,26.68412372445866,,,,PENDING_AT_END
26.95,27.159517160473644,,,,PENDING_AT_END
27.299999999999997,27.316497648043175,,,,PENDING_AT_END
27.65,27.689344736274904,,,,PENDING_AT_END
28.0,28.109916358194646,,,,PENDING_AT_END
28.349999999999998,28.69831927725772,,,,PENDING_AT_END
28.7,29.02581004615973,,,,PENDING_AT_END
29.049999999999997,29.371531383255416,,,,PENDING_AT_END
29.4,29.465466987193608,,,,PENDING_AT_END
29.749999999999996,29.921188114264364,,,,PENDING_AT_END
30.099999999999998,30.21713484580513,,,,PENDING_AT_END
30.45,30.622433031931866,,,,PENDING_AT_END
30.799999999999997,31.146319457271744,,,,PENDING_AT_END
31.15,31.500729746283078,,,,PENDING_AT_END
31.499999999999996,31.8486018177494,,,,PENDING_AT_END
31.849999999999998,31.997520098279754,,,,PENDING_AT_END
32.199999999999996,32.52219285710006,,,,PENDING_AT_END
32.55,32.745140702077975,,,,PENDING_AT_END
32.9,33.29736928129092,,,,PENDING_AT_END
33.25,33.3763690708371,,,,PENDING_AT_END
33.599999999999994,33.73817048734607,,,,PENDING_AT_END
33.949999999999996,34.33489443900525,,,,PENDING_AT_END
34.3,34.66383487656387,,,,PENDING_AT_END
34.65,34.845603579134284,,,,PENDING_AT_END
35.0,35.33376909901331,,,,PENDING_AT_END
35.349999999999994,35.619056488252426,,,,PENDING_AT_END
35.699999999999996,35.825606146247246,,,,PENDING_AT_END
36.05,36.3505483728227,,,,PENDING_AT_END
36.4,36.64543802281994,,,,PENDING_AT_END
36.75,37.14097113135675,,,,PENDING_AT_END
37.099999999999994,37.20407108524124,,,,PENDING_AT_END
37.449999999999996,37.62651472840103,,,,PENDING_AT_END
37.8,37.9174020695349,,,,PENDING_AT_END
38.15,38.32034419524593,,,,PENDING_AT_END
38.5,38.56587469064796,,,,PENDING_AT_END
38.849999999999994,39.17565836549451,,,,PENDING_AT_END
39.199999999999996,39.43110252704614,,,,PENDING_AT_END
39.55,39.83326311817052,,,,PENDING_AT_END
39.9,40.232184389592156,,,,PENDING_AT_END
40.25,40.25867208929904,,,,PENDING_AT_END
40.599999999999994,40.7627184022232,,,,PENDING_AT_END
40.949999999999996,41.005235917314586,,,,PENDING_AT_END
41.3,41.30232542740873,,,,PENDING_AT_END
41.65,41.815310289199935,,,,PENDING_AT_END
42.0,42.05184554746954,,,,PENDING_AT_END
42.349999999999994,42.57699304943921,,,,PENDING_AT_END
42.699999999999996,42.83079641575538,,,,PENDING_AT_END
43.05,43.26353275158647,,,,PENDING_AT_END
43.4,43.533521136220536,,,,PENDING_AT_END
43.75,43.79394284529387,,,,PENDING_AT_END
44.099999999999994,44.42736937305976,,,,PENDING_AT_END
44.449999999999996,44.47169464786759,,,,PENDING_AT_END
44.8,44.9686805688319,,,,PENDING_AT_END
45.15,45.20054933652488,,,,PENDING_AT_END
45.5,45.67892402969544,,,,PENDING_AT_END
45.849999999999994,46.01715624842333,,,,PENDING_AT_END
46.199999999999996,46.39687600487269,,,,PENDING_AT_END
46.55,46.78891081793505,,,,PENDING_AT_END
46.9,46.992566018520876,,,,PENDING_AT_END
47.25,47.37783067435667,,,,PENDING_AT_END
47.599999999999994,47.60871396247711,,,,PENDING_AT_END
47.949999999999996,48.12633986349197,,,,PENDING_AT_END
48.3,48.611050466345276,,,,PENDING_AT_END
48.65,48.75296025182251,,,,PENDING_AT_END
49.0,49.350934285728016,,,,PENDING_AT_END
49.349999999999994,49.69658909779335,,,,PENDING_AT_END
49.699999999999996,49.72917968967851,,,,PENDING_AT_END
50.05,50.28021121057941,,,,PENDING_AT_END
50.4,50.52046471070374,,,,PENDING_AT_END
50.75,51.09747061068589,,,,PENDING_AT_END
51.099999999999994,51.362697268638755,,,,PENDING_AT_END
51.449999999999996,51.810413739098216,,,,PENDING_AT_END
51.8,51.874418583951424,,,,PENDING_AT_END
52.15,52.46496883987154,,,,PENDING_AT_END
52.5,52.61708296505505,,,,PENDING_AT_END
52.849999999999994,53.04737107891282,,,,PENDING_AT_END
53.199999999999996,53.420041546177764,,,,PENDING_AT_END
53.55,53.89281230476371,,,,PENDING_AT_END
53.9,54.27396725670875,,,,PENDING_AT_END
54.25,54.52969390353003,,,,PENDING_AT_END
54.599999999999994,54.891968851384604,,,,PENDING_AT_END
54.949999999999996,54.95250094916485,,,,PENDING_AT_END
55.3,55.66428312762048,,,,PENDING_AT_END
55.65,56.038986296930155,,,,PENDING_AT_END
56.0,56.28921582271826,,,,PENDING_AT_END
56.349999999999994,56.535456421548034,,,,PENDING_AT_END
56.699999999999996,57.050888249686174,,,,PENDING_AT_END
57.05,57.199432123053725,,,,PENDING_AT_END
57.4,57.74560757434295,,,,PENDING_AT_END
57.74999999999999,57.86652268677387,,,,PENDING_AT_END
58.099999999999994,58.36217570022326,,,,PENDING_AT_END
58.449999999999996,58.633582186771115,,,,PENDING_AT_END
58.8,58.88144471713953,,,,PENDING_AT_END
59.15,59.409892024430526,,,,PENDING_AT_END
59.49999999999999,59.71187991241798,,,,PENDING_AT_END
59.849999999999994,59.88744289366187,,,,PENDING_AT_END
60.199999999999996,60.38111342059225,,,,PENDING_AT_END
60.55,60.822253718497976,,,,PENDING_AT_END
60.9,61.278733688425255,,,,PENDING_AT_END
61.24999999999999,61.64401768132297,,,,PENDING_AT_END
61.599999999999994,61.657607310337326,,,,PENDING_AT_END
61.949999999999996,62.04720619080384,,,,PENDING_AT_END
62.3,62.47788295044036,,,,PENDING_AT_END
62.65,62.942454635741804,,,,PENDING_AT_END
62.99999999999999,63.06242400316422,,,,PENDING_AT_END
63.349999999999994,63.37244011439819,,,,PENDING_AT_END
63.699999999999996,63.92695441156243,,,,PENDING_AT_END
64.05,64.33126407942093,,,,PENDING_AT_END
64.39999999999999,64.52666245718011,,,,PENDING_AT_END
64.75,65.03710709489147,,,,PENDING_AT_END
65.1,65.25788300480912,,,,PENDING_AT_END
65.45,65.61008041729313,,,,PENDING_AT_END
65.8,66.09193754328867,,,,PENDING_AT_END
66.14999999999999,66.15470028637476,,,,PENDING_AT_END
66.5,66.57885214509665,,,,PENDING_AT_END
66.85,67.10205606883676,,,,PENDING_AT_END
67.19999999999999,67.46836094004101,,,,PENDING_AT_END
67.55,67.88948094505933,,,,PENDING_AT_END
67.89999999999999,68.213529330431,,,,PENDING_AT_END
68.25,68.57320477223462,,,,PENDING_AT_END
68.6,68.77053540408747,,,,PENDING_AT_END
68.94999999999999,68.95173771713024,,,,PENDING_AT_END
69.3,69.32694544490705,,,,PENDING_AT_END
69.64999999999999,69.70532731677078,,,,PENDING_AT_END
70.0,70.31751013644171,,,,PENDING_AT_END
70.35,70.41061947353799,,,,PENDING_AT_END
70.69999999999999,71.02868242248638,,,,PENDING_AT_END
71.05,71.38640461876695,,,,PENDING_AT_END
71.39999999999999,71.75653652515446,,,,PENDING_AT_END
71.75,72.03801656566824,,,,PENDING_AT_END
72.1,72.30719694284252,,,,PENDING_AT_END
72.44999999999999,72.65135191654593,,,,PENDING_AT_END
72.8,72.90736870803387,,,,PENDING_AT_END
73.14999999999999,73.30507930164667,,,,PENDING_AT_END
73.5,73.60125091008317,,,,PENDING_AT_END
73.85,74.23587586542868,,,,PENDING_AT_END
74.19999999999999,74.4172548180924,,,,PENDING_AT_END
74.55,74.63183710572973,,,,PENDING_AT_END
74.89999999999999,75.2010952270404,,,,PENDING_AT_END
75.25,75.41914384320114,,,,PENDING_AT_END
75.6,75.780543543922,,,,PENDING_AT_END
75.94999999999999,76.18050288075514,,,,PENDING_AT_END
76.3,76.30917638524473,,,,PENDING_AT_END
76.64999999999999,76.96599342676849,,,,PENDING_AT_END
77.0,77.06655424516947,,,,PENDING_AT_END
77.35,77.74092532304329,,,,PENDING_AT_END
77.69999999999999,77.91610293866768,,,,PENDING_AT_END
78.05,78.21218867152562,,,,PENDING_AT_END
78.39999999999999,78.689512663305,,,,PENDING_AT_END
78.75,79.00525498117744,,,,PENDING_AT_END
79.1,79.37892474593772,,,,PENDING_AT_END
79.44999999999999,79.60247623625017,,,,PENDING_AT_END
79.8,80.14072852830758,,,,PENDING_AT_END
80.14999999999999,80.40604599618071,,,,PENDING_AT_END
80.5,80.60127783002434,,,,PENDING_AT_END
80.85,81.21694180454622,,,,PENDING_AT_END
81.19999999999999,81.55626101623434,,,,PENDING_AT_END
81.55,81.9006832328915,,,,PENDING_AT_END
81.89999999999999,82.13975758592211,,,,PENDING_AT_END
82.25,82.25961073506562,,,,PENDING_AT_END
82.6,82.9941486697509,,,,PENDING_AT_END
82.94999999999999,83.31689075356513,,,,PENDING_AT_END
83.3,83.41197269430238,,,,PENDING_AT_END
83.64999999999999,83.93607691476923,,,,PENDING_AT_END
84.0,84.02079942856349,,,,PENDING_AT_END
84.35,84.69683478232562,,,,PENDING_AT_END
84.69999999999999,84.75822853523954,,,,PENDING_AT_END
85.05,85.29865265300747,,,,PENDING_AT_END
85.39999999999999,85.7054391022538,,,,PENDING_AT_END
85.75,85.78743268522052,,,,PENDING_AT_END
86.1,86.32557016590394,,,,PENDING_AT_END
86.44999999999999,86.53605958930908,,,,PENDING_AT_END
86.8,86.81996739752553,,,,PENDING_AT_END
87.14999999999999,87.41123355021811,,,,PENDING_AT_END
87.5,87.85599957667179,,,,PENDING_AT_END
87.85,87.85036576711369,,,,PENDING_AT_END
88.19999999999999,88.24331248074446,,,,PENDING_AT_END
88.55,88.68272091833286,,,,PENDING_AT_END
88.89999999999999,89.05660177501953,,,,PENDING_AT_END
89.25,89.44007737739378,,,,PENDING_AT_END
89.6,89.91483326524386,,,,PENDING_AT_END
89.94999999999999,90.16223853145655,,,,PENDING_AT_END
90.3,90.57636924652628,,,,PENDING_AT_END
90.64999999999999,90.93339267564498,,,,PENDING_AT_END
91.0,91.02400574845342,,,,PENDING_AT_END
91.35,91.7011100234055,,,,PENDING_AT_END
91.69999999999999,91.78669485435384,,,,PENDING_AT_END
92.05,92.25956906596942,,,,PENDING_AT_END
92.39999999999999,92.6038284318956,,,,PENDING_AT_END
92.75,93.00556893276374,,,,PENDING_AT_END
93.1,93.39130124966889,,,,PENDING_AT_END
93.44999999999999,93.46428892697642,,,,PENDING_AT_END
93.8,93.90211235772985,,,,PENDING_AT_END
94.14999999999999,94.17725508827344,,,,PENDING_AT_END
94.5,94.61273821014595,,,,PENDING_AT_END
94.85,94.95877570284006,,,,PENDING_AT_END
95.19999999999999,95.22554975255898,,,,PENDING_AT_END
95.55,95.7122667532711,,,,PENDING_AT_END
95.89999999999999,96.25744992646268,,,,PENDING_AT_END
96.25,96.38597218416885,,,,PENDING_AT_END
96.6,96.87484143141978,,,,PENDING_AT_END
96.94999999999999,97.28345513740231,,,,PENDING_AT_END
97.3,97.37637287235988,,,,PENDING_AT_END
97.64999999999999,97.90372216300524,,,,PENDING_AT_END
98.0,98.04121112905275,,,,PENDING_AT_END
98.35,98.55602063729086,,,,PENDING_AT_END
98.69999999999999,98.78689659380112,,,,PENDING_AT_END
99.05,99.17411771851205,,,,PENDING_AT_END
99.39999999999999,99.52788751230317,,,,PENDING_AT_END
99.75,99.95227433457953,,,,PENDING_AT_END
100.1,100.17883399737497,,,,PENDING_AT_END
100.44999999999999,100.699786161301,,,,PENDING_AT_END
100.8,100.80480890006753,,,,PENDING_AT_END
101.14999999999999,101.51886975885425,,,,PENDING_AT_END
101.5,101.70652784982741,,,,PENDING_AT_END
101.85,101.97710446232983,,,,PENDING_AT_END
102.19999999999999,102.3127328945618,,,,PENDING_AT_END
102.55,102.59399594213683,,,,PENDING_AT_END
102.89999999999999,103.23631797377955,,,,PENDING_AT_END
103.25,103.43032118841683,,,,PENDING_AT_END
103.6,103.7049056143644,,,,PENDING_AT_END
103.94999999999999,103.98648419368882,,,,PENDING_AT_END
104.3,104.67085656108914,,,,PENDING_AT_END
104.64999999999999,104.66488070534099,,,,PENDING_AT_END
105.0,105.35543090242919,,,,PENDING_AT_END
105.35,105.66612392935721,,,,PENDING_AT_END
105.69999999999999,105.96282318265051,,,,PENDING_AT_END
106.05,106.2119193789287,,,,PENDING_AT_END
106.39999999999999,106.64252373733255,,,,PENDING_AT_END
106.75,107.02756593989955,,,,PENDING_AT_END
107.1,107.35833521694923,,,,PENDING_AT_END
107.44999999999999,107.53168237353484,,,,PENDING_AT_END
107.8,108.08069069416173,,,,PENDING_AT_END
108.14999999999999,108.32437258092584,,,,PENDING_AT_END
108.5,108.54268123616521,,,,PENDING_AT_END
108.85,109.05638275721026,,,,PENDING_AT_END
109.19999999999999,109.35570488996592,,,,PENDING_AT_END
109.55,109.94238104760298,,,,PENDING_AT_END
109.89999999999999,110.10694363706638,,,,PENDING_AT_END
110.25,110.41895805332905,,,,PENDING_AT_END
110.6,110.63407498171551,,,,PENDING_AT_END
110.94999999999999,111.17851449987299,,,,PENDING_AT_END
111.3,111.63064069697738,,,,PENDING_AT_END
111.64999999999999,111.80415204298062,,,,PENDING_AT_END
112.0,112.14249913865072,,,,PENDING_AT_END
112.35,112.64433726284744,,,,PENDING_AT_END
112.69999999999999,112.90852650464166,,,,PENDING_AT_END
113.05,113.31559823512795,,,,PENDING_AT_END
113.39999999999999,113.46393254522629,,,,PENDING_AT_END
113.74999999999999,113.77626915418055,,,,PENDING_AT_END
114.1,114.4479140521338,,,,PENDING_AT_END
114.44999999999999,114.73776686287178,,,,PENDING_AT_END
114.8,115.1459350080135,,,,PENDING_AT_END
115.14999999999999,115.28313578358187,,,,PENDING_AT_END
115.49999999999999,115.89161631028743,,,,PENDING_AT_END
115.85,115.93295174650825,,,,PENDING_AT_END
116.19999999999999,116.27583652512902,,,,PENDING_AT_END
116.55,116.69261482847817,,,,PENDING_AT_END
116.89999999999999,117.1156474085658,,,,PENDING_AT_END
117.24999999999999,117.48522498115234,,,,PENDING_AT_END
117.6,117.76879280605061,,,,PENDING_AT_END
117.94999999999999,118.12589265616413,,,,PENDING_AT_END
118.3,118.35998046858738,,,,PENDING_AT_END
118.64999999999999,118.79784700646077,,,,PENDING_AT_END
118.99999999999999,119.14589841351464,,,,PENDING_AT_END
119.35,119.44576617475565,,,,PENDING_AT_END
119.69999999999999,119.79898604625015,,,,PENDING_AT_END
120.05,120.31245343861958,,,,PENDING_AT_END
120.39999999999999,120.70818549025383,,,,PENDING_AT_END
120.74999999999999,120.95367194462743,,,,PENDING_AT_END
121.1,121.21291546571021,,,,PENDING_AT_END
121.44999999999999,121.60515852689795,,,,PENDING_AT_END
121.8,122.0637832616032,,,,PENDING_AT_END
122.14999999999999,122.18770573874748,,,,PENDING_AT_END
122.49999999999999,122.86216861539118,,,,PENDING_AT_END
122.85,123.1301596328079,,,,PENDING_AT_END
123.19999999999999,123.33406043517456,,,,PENDING_AT_END
123.55,123.56732574125091,,,,PENDING_AT_END
123.89999999999999,124.17252777913286,,,,PENDING_AT_END
124.24999999999999,124.46577034239287,,,,PENDING_AT_END
124.6,124.7070738581688,,,,PENDING_AT_END
124.94999999999999,125.12012896367239,,,,PENDING_AT_END
125.3,125.51922120298407,,,,PENDING_AT_END
125.64999999999999,125.89190093835892,,,,PENDING_AT_END
125.99999999999999,126.08320699633448,,,,PENDING_AT_END
126.35,126.67591490112235,,,,PENDING_AT_END
126.69999999999999,127.01054712594268,,,,PENDING_AT_END
127.05,127.0525840286959,,,,PENDING_AT_END
127.39999999999999,127.71547724460196,,,,PENDING_AT_END
127.74999999999999,127.8863889551297,,,,PENDING_AT_END
128.1,128.16303611964273,,,,PENDING_AT_END
128.45,128.78029272395975,,,,PENDING_AT_END
128.79999999999998,128.8715078040331,,,,PENDING_AT_END
129.15,129.4515799146421,,,,PENDING_AT_END
129.5,129.67199900028862,,,,PENDING_AT_END
129.85,130.07407024744484,,,,PENDING_AT_END
130.2,130.45893959767216,,,,PENDING_AT_END
130.54999999999998,130.65201850627855,,,,PENDING_AT_END
130.9,130.92785294842113,,,,PENDING_AT_END
131.25,131.3983901286453,,,,PENDING_AT_END
131.6,131.89546094450392,,,,PENDING_AT_END
131.95,131.97449200202408,,,,PENDING_AT_END
132.29999999999998,132.42797407843406,,,,PENDING_AT_END
132.65,132.99991512452917,,,,PENDING_AT_END
133.0,133.14824667556104,,,,PENDING_AT_END
133.35,133.46992968745965,,,,PENDING_AT_END
133.7,133.74259813716492,,,,PENDING_AT_END
134.04999999999998,134.14542126656895,,,,PENDING_AT_END
134.39999999999998,134.72151672108282,,,,PENDING_AT_END
134.75,134.93684629445727,,,,PENDING_AT_END
135.1,135.1761773673933,,,,PENDING_AT_END
135.45,135.8161064803828,,,,PENDING_AT_END
135.79999999999998,136.0140683499458,,,,PENDING_AT_END
136.14999999999998,136.37572116233065,,,,PENDING_AT_END
136.5,136.6887605462225,,,,PENDING_AT_END
136.85,137.20440043426171,,,,PENDING_AT_END
137.2,137.53694804313176,,,,PENDING_AT_END
137.54999999999998,137.80556342737876,,,,PENDING_AT_END
137.89999999999998,138.206210290875,,,,PENDING_AT_END
138.25,138.3395041124689,,,,PENDING_AT_END
138.6,138.94601167057462,,,,PENDING_AT_END
138.95,139.28784444679889,,,,PENDING_AT_END
139.29999999999998,139.68005241895847,,,,PENDING_AT_END
139.64999999999998,139.96734325431322,,,,PENDING_AT_END
140.0,140.1876570834395,,,,PENDING_AT_END
140.35,140.71794154270557,,,,PENDING_AT_END
140.7,141.0800505720248,,,,PENDING_AT_END
141.04999999999998,141.09638145005962,,,,PENDING_AT_END
141.39999999999998,141.75152789282782,,,,PENDING_AT_END
141.75,141.9505050727501,,,,PENDING_AT_END
142.1,142.1560834208698,,,,PENDING_AT_END
142.45,142.50130866674567,,,,PENDING_AT_END
142.79999999999998,143.0929951056264,,,,PENDING_AT_END
143.14999999999998,143.41098928899748,,,,PENDING_AT_END
143.5,143.86861668345313,,,,PENDING_AT_END
143.85,143.92936781347126,,,,PENDING_AT_END
144.2,144.51209310472768,,,,PENDING_AT_END
144.54999999999998,144.57459140720553,,,,PENDING_AT_END
144.89999999999998,145.0770341512781,,,,PENDING_AT_END
145.25,145.28317767425307,,,,PENDING_AT_END
145.6,145.6292733432294,,,,PENDING_AT_END
145.95,146.28091213149293,,,,PENDING_AT_END
146.29999999999998,146.58653119461994,,,,PENDING_AT_END
146.64999999999998,146.76146322530747,,,,PENDING_AT_END
147.0,147.0773848453021,,,,PENDING_AT_END
147.35,147.62005427268227,,,,PENDING_AT_END
147.7,147.89554392759982,,,,PENDING_AT_END
148.04999999999998,148.40537919008077,,,,PENDING_AT_END
148.39999999999998,148.78572478905863,,,,PENDING_AT_END
148.75,148.88951950293438,,,,PENDING_AT_END
149.1,149.36345873619146,,,,PENDING_AT_END
149.45,149.78950651532904,,,,PENDING_AT_END
149.79999999999998,150.07669582266274,,,,PENDING_AT_END
150.14999999999998,150.32881410415604,,,,PENDING_AT_END
150.5,150.68786042360642,,,,PENDING_AT_END
150.85,151.15295650845482,,,,PENDING_AT_END
151.2,151.5336874631879,,,,PENDING_AT_END
151.54999999999998,151.86348129723015,,,,PENDING_AT_END
151.89999999999998,152.26131642290113,,,,PENDING_AT_END
152.25,152.6238702300796,,,,PENDING_AT_END
152.6,152.87114228778964,,,,PENDING_AT_END
152.95,153.18302568683293,,,,PENDING_AT_END
153.29999999999998,153.48989470037318,,,,PENDING_AT_END
153.64999999999998,153.8004792850159,,,,PENDING_AT_END
154.0,154.28391067269416,,,,PENDING_AT_END
154.35,154.52380099698863,,,,PENDING_AT_END
154.7,155.00875229358303,,,,PENDING_AT_END
155.04999999999998,155.21105435123937,,,,PENDING_AT_END
155.39999999999998,155.5821035814485,,,,PENDING_AT_END
155.75,155.8683982522508,,,,PENDING_AT_END
156.1,156.34290226283488,,,,PENDING_AT_END
156.45,156.73937176669017,,,,PENDING_AT_END
156.79999999999998,156.9510510668874,,,,PENDING_AT_END
157.14999999999998,157.49187776218213,,,,PENDING_AT_END
157.5,157.57790854658953,,,,PENDING_AT_END
157.85,158.16159147401456,,,,PENDING_AT_END
158.2,158.20643110876517,,,,PENDING_AT_END
158.54999999999998,158.79599730585036,,,,PENDING_AT_END
158.89999999999998,159.0466581974993,,,,PENDING_AT_END
159.25,159.31459075193453,,,,PENDING_AT_END
159.6,159.92964802634603,,,,PENDING_AT_END
159.95,160.0626195727139,,,,PENDING_AT_END
160.29999999999998,160.3553638666463,,,,PENDING_AT_END
160.64999999999998,160.91978567951872,,,,PENDING_AT_END
161.0,161.27286030862524,,,,PENDING_AT_END
161.35,161.4958117133268,,,,PENDING_AT_END
161.7,162.01213252979187,,,,PENDING_AT_END
162.04999999999998,162.29965719938363,,,,PENDING_AT_END
162.39999999999998,162.78287518827483,,,,PENDING_AT_END
162.75,162.82291958667992,,,,PENDING_AT_END
163.1,163.43511543002202,,,,PENDING_AT_END
163.45,163.68178216539604,,,,PENDING_AT_END
163.79999999999998,164.10409562068693,,,,PENDING_AT_END
164.14999999999998,164.24755089874287,,,,PENDING_AT_END
164.5,164.74950678260154,,,,PENDING_AT_END
164.85,164.8553140773137,,,,PENDING_AT_END
165.2,165.20850047875,,,,PENDING_AT_END
165.54999999999998,165.82731177891642,,,,PENDING_AT_END
165.89999999999998,166.09129630229398,,,,PENDING_AT_END
166.25,166.34729866511026,,,,PENDING_AT_END
166.6,166.6200275384255,,,,PENDING_AT_END
166.95,166.99560706417134,,,,PENDING_AT_END
167.29999999999998,167.49713670846396,,,,PENDING_AT_END
167.64999999999998,167.90621590193132,,,,PENDING_AT_END
168.0,168.04571575845068,,,,PENDING_AT_END
168.35,168.71314915998184,,,,PENDING_AT_END
168.7,168.83150120090585,,,,PENDING_AT_END
169.04999999999998,169.3480886510077,,,,PENDING_AT_END
169.39999999999998,169.43847309066012,,,,PENDING_AT_END
169.75,169.77769712029982,,,,PENDING_AT_END
170.1,170.38353567370413,,,,PENDING_AT_END
170.45,170.81381218180474,,,,PENDING_AT_END
170.79999999999998,170.96762360337053,,,,PENDING_AT_END
171.14999999999998,171.16229200215315,,,,PENDING_AT_END
171.5,171.5130786810355,,,,PENDING_AT_END
171.85,172.01053028508616,,,,PENDING_AT_END
172.2,172.42421001962367,,,,PENDING_AT_END
172.54999999999998,172.83710712256706,,,,PENDING_AT_END
172.89999999999998,173.1677698560406,,,,PENDING_AT_END
173.25,173.58787819584825,,,,PENDING_AT_END
173.6,173.96389402549343,,,,PENDING_AT_END
173.95,174.18914934532557,,,,PENDING_AT_END
174.29999999999998,174.64540681706754,,,,PENDING_AT_END
174.64999999999998,175.01740553931558,,,,PENDING_AT_END
175.0,175.08132323688466,,,,PENDING_AT_END
175.35,175.4774578013689,,,,PENDING_AT_END
175.7,175.9030400380504,,,,PENDING_AT_END
176.04999999999998,176.33549200060074,,,,PENDING_AT_END
176.39999999999998,176.54326265302893,,,,PENDING_AT_END
176.75,177.10777235951798,,,,PENDING_AT_END
177.1,177.34004920180703,,,,PENDING_AT_END
177.45,177.4931187816968,,,,PENDING_AT_END
177.79999999999998,178.02818201006326,,,,PENDING_AT_END
178.14999999999998,178.33879746666588,,,,PENDING_AT_END
178.5,178.5365158731288,,,,PENDING_AT_END
178.85,178.95085964317443,,,,PENDING_AT_END
179.2,179.29698639205185,,,,PENDING_AT_END
179.54999999999998,179.90849860522414,,,,PENDING_AT_END
179.89999999999998,180.10214290894305,,,,PENDING_AT_END
180.25,180.41526704426093,,,,PENDING_AT_END
180.6,180.85342812057533,,,,PENDING_AT_END
180.95,181.29122550870068,,,,PENDING_AT_END
181.29999999999998,181.57151146778986,,,,PENDING_AT_END
181.64999999999998,181.7460260594258,,,,PENDING_AT_END
182.0,182.06230653233212,,,,PENDING_AT_END
182.35,182.70063855709932,,,,PENDING_AT_END
182.7,182.73664769811154,,,,PENDING_AT_END
183.04999999999998,183.44796581849366,,,,PENDING_AT_END
183.39999999999998,183.59794207123718,,,,PENDING_AT_END
183.75,183.8054836267748,,,,PENDING_AT_END
184.1,184.36295987489123,,,,PENDING_AT_END
184.45,184.61931304742353,,,,PENDING_AT_END
184.79999999999998,184.8585010790189,,,,PENDING_AT_END
185.14999999999998,185.35737907034746,,,,PENDING_AT_END
185.5,185.624151177385,,,,PENDING_AT_END
185.85,186.06549041966517,,,,PENDING_AT_END
186.2,186.30554785388205,,,,PENDING_AT_END
186.54999999999998,186.90558861074518,,,,PENDING_AT_END
186.89999999999998,187.26065668513309,,,,PENDING_AT_END
187.25,187.6454005113858,,,,PENDING_AT_END
187.6,187.79922399124447,,,,PENDING_AT_END
187.95,188.00141427603393,,,,PENDING_AT_END
188.29999999999998,188.30104548942862,,,,PENDING_AT_END
188.64999999999998,188.97433760176415,,,,PENDING_AT_END
189.0,189.27568244004425,,,,PENDING_AT_END
189.35,189.64385497771295,,,,PENDING_AT_END
189.7,189.9631315891184,,,,PENDING_AT_END
190.04999999999998,190.05831644697813,,,,PENDING_AT_END
190.39999999999998,190.55644918878096,,,,PENDING_AT_END
190.75,190.7698517980765,,,,PENDING_AT_END
191.1,191.22167768379015,,,,PENDING_AT_END
191.45,191.74851318710142,,,,PENDING_AT_END
191.79999999999998,192.1159642965122,,,,PENDING_AT_END
192.14999999999998,192.27785181726819,,,,PENDING_AT_END
192.5,192.735691309047,,,,PENDING_AT_END
192.85,193.07379133631494,,,,PENDING_AT_END
193.2,193.3351681717628,,,,PENDING_AT_END
193.54999999999998,193.6333885962483,,,,PENDING_AT_END
193.89999999999998,193.9572963550553,,,,PENDING_AT_END
194.25,194.60096465383333,,,,PENDING_AT_END
194.6,194.76025775657402,,,,PENDING_AT_END
194.95,195.21068096221364,,,,PENDING_AT_END
195.29999999999998,195.5918532552034,,,,PENDING_AT_END
195.64999999999998,196.00164329899837,,,,PENDING_AT_END
196.0,196.27842959977835,,,,PENDING_AT_END
196.35,196.42925898727285,,,,PENDING_AT_END
196.7,196.79378871119098,,,,PENDING_AT_END
197.04999999999998,197.40944017595294,,,,PENDING_AT_END
197.39999999999998,197.73800629870726,,,,PENDING_AT_END
197.75,198.11383049552762,,,,PENDING_AT_END
198.1,198.2525557684847,,,,PENDING_AT_END
198.45,198.73510734368153,,,,PENDING_AT_END
198.79999999999998,199.13304239778742,,,,PENDING_AT_END
199.14999999999998,199.23030897024813,,,,PENDING_AT_END
199.5,199.50514538910807,,,,PENDING_AT_END
199.85,200.2128298016137,,,,PENDING_AT_END
200.2,200.2227457693886,,,,PENDING_AT_END
200.54999999999998,200.56508650657335,,,,PENDING_AT_END
200.89999999999998,200.9209660992811,,,,PENDING_AT_END
201.25,201.578302158699,,,,PENDING_AT_END
201.6,201.8354577131116,,,,PENDING_AT_END
201.95,201.97638659940077,,,,PENDING_AT_END
202.29999999999998,202.47734691059898,,,,PENDING_AT_END
202.64999999999998,202.6955832234833,,,,PENDING_AT_END
203.0,203.00142060163483,,,,PENDING_AT_END
203.35,203.7262049654416,,,,PENDING_AT_END
203.7,204.04144316263182,,,,PENDING_AT_END
204.04999999999998,204.26267780055755,,,,PENDING_AT_END
204.39999999999998,204.41794195226873,,,,PENDING_AT_END
204.75,204.96069093240408,,,,PENDING_AT_END
205.1,205.49295888825762,,,,PENDING_AT_END
205.45,205.5422563860891,,,,PENDING_AT_END
205.79999999999998,206.07960812435098,,,,PENDING_AT_END
206.14999999999998,206.26147161741392,,,,PENDING_AT_END
206.5,206.6340411649458,,,,PENDING_AT_END
206.85,207.20231246633327,,,,PENDING_AT_END
207.2,207.44005466924904,,,,PENDING_AT_END
207.54999999999998,207.6218842197209,,,,PENDING_AT_END
207.89999999999998,208.1731771262007,,,,PENDING_AT_END
208.25,208.49865501445413,,,,PENDING_AT_END
208.6,208.6920460523646,,,,PENDING_AT_END
208.95,209.31938497204334,,,,PENDING_AT_END
209.29999999999998,209.58251084751075,,,,PENDING_AT_END
209.64999999999998,209.90334288908088,,,,PENDING_AT_END
210.0,210.16686362452714,,,,PENDING_AT_END
210.35,210.38540818465484,,,,PENDING_AT_END
210.7,211.0081257713362,,,,PENDING_AT_END
211.04999999999998,211.20756324282402,,,,PENDING_AT_END
211.39999999999998,211.61351583575066,,,,PENDING_AT_END
211.75,212.0070788831256,,,,PENDING_AT_END
212.1,212.30473797556422,,,,PENDING_AT_END
212.45,212.77430979932052,,,,PENDING_AT_END
212.79999999999998,212.85613221223664,,,,PENDING_AT_END
213.14999999999998,213.20484215520133,,,,PENDING_AT_END
213.5,213.75407576986873,,,,PENDING_AT_END
213.85,214.05796512385243,,,,PENDING_AT_END
214.2,214.33951604918553,,,,PENDING_AT_END
214.54999999999998,214.94365683157807,,,,PENDING_AT_END
214.89999999999998,215.20441289416573,,,,PENDING_AT_END
215.25,215.3712399327153,,,,PENDING_AT_END
215.6,215.78354557423032,,,,PENDING_AT_END
215.95,216.22896302932912,,,,PENDING_AT_END
216.29999999999998,216.40257384708255,,,,PENDING_AT_END
216.64999999999998,216.83319941117406,,,,PENDING_AT_END
217.0,217.0014983530993,,,,PENDING_AT_END
217.35,217.48899303946305,,,,PENDING_AT_END
217.7,217.98712309664575,,,,PENDING_AT_END
218.04999999999998,218.0794600575969,,,,PENDING_AT_END
218.39999999999998,218.731283503363,,,,PENDING_AT_END
218.75,219.14914615180572,,,,PENDING_AT_END
219.1,219.11453434818824,,,,PENDING_AT_END
219.45,219.58954061174654,,,,PENDING_AT_END
219.79999999999998,220.01939205809495,,,,PENDING_AT_END
220.14999999999998,220.234836377723,,,,PENDING_AT_END
220.5,220.8119019649675,,,,PENDING_AT_END
220.85,220.94780275526156,,,,PENDING_AT_END
221.2,221.54480718258878,,,,PENDING_AT_END
221.54999999999998,221.7230601563966,,,,PENDING_AT_END
221.89999999999998,222.2719474321687,,,,PENDING_AT_END
222.25,222.49186411335427,,,,PENDING_AT_END
222.6,222.84749354870272,,,,PENDING_AT_END
222.95,223.06608636670927,,,,PENDING_AT_END
223.29999999999998,223.35580326346954,,,,PENDING_AT_END
223.64999999999998,223.87307982022918,,,,PENDING_AT_END
224.0,224.39497417248725,,,,PENDING_AT_END
224.35,224.64879841598398,,,,PENDING_AT_END
224.7,224.75597232779046,,,,PENDING_AT_END
225.04999999999998,225.2188762951088,,,,PENDING_AT_END
225.39999999999998,225.49311220787274,,,,PENDING_AT_END
225.74999999999997,226.14947928013854,,,,PENDING_AT_END
226.1,226.3933786149726,,,,PENDING_AT_END
226.45,226.59239130213155,,,,PENDING_AT_END
226.79999999999998,226.8115126513167,,,,PENDING_AT_END
227.14999999999998,227.44138931066942,,,,PENDING_AT_END
227.49999999999997,227.66221441868626,,,,PENDING_AT_END
227.85,228.04432870574934,,,,PENDING_AT_END
228.2,228.39157448318622,,,,PENDING_AT_END
228.54999999999998,228.89670957654207,,,,PENDING_AT_END
228.89999999999998,229.10363484470616,,,,PENDING_AT_END
229.24999999999997,229.4414864939395,,,,PENDING_AT_END
229.6,229.94789320796113,,,,PENDING_AT_END
229.95,230.00010611313047,,,,PENDING_AT_END
230.29999999999998,230.51230814916696,,,,PENDING_AT_END
230.64999999999998,230.9741965471452,,,,PENDING_AT_END
230.99999999999997,231.0866975945507,,,,PENDING_AT_END
231.35,231.72073477875048,,,,PENDING_AT_END
231.7,231.8729768799089,,,,PENDING_AT_END
232.04999999999998,232.26038584383141,,,,PENDING_AT_END
232.39999999999998,232.66592053373682,,,,PENDING_AT_END
232.74999999999997,232.89301401682067,,,,PENDING_AT_END
233.1,233.13511263647288,,,,PENDING_AT_END
233.45,233.71189614950572,,,,PENDING_AT_END
233.79999999999998,234.15163913302402,,,,PENDING_AT_END
234.14999999999998,234.46292672049964,,,,PENDING_AT_END
234.49999999999997,234.56458600896562,,,,PENDING_AT_END
234.85,235.21972736835934,,,,PENDING_AT_END
235.2,235.26875902590785,,,,PENDING_AT_END
235.54999999999998,235.6135661220076,,,,PENDING_AT_END
235.89999999999998,236.07004568705634,,,,PENDING_AT_END
236.24999999999997,236.42399253679466,,,,PENDING_AT_END
236.6,236.8058892960274,,,,PENDING_AT_END
236.95,237.2264519438591,,,,PENDING_AT_END
237.29999999999998,237.3044772254523,,,,PENDING_AT_END
237.64999999999998,237.92969479467803,,,,PENDING_AT_END
237.99999999999997,238.07788649334768,,,,PENDING_AT_END
238.35,238.6074325454148,,,,PENDING_AT_END
238.7,238.7342501102376,,,,PENDING_AT_END
239.04999999999998,239.20806940790865,,,,PENDING_AT_END
239.39999999999998,239.72680914498824,,,,PENDING_AT_END
239.74999999999997,239.81760323103444,,,,PENDING_AT_END
240.1,240.32011877571577,,,,PENDING_AT_END
240.45,240.70632953823275,,,,PENDING_AT_END
240.79999999999998,241.07039132086035,,,,PENDING_AT_END
241.14999999999998,241.43565027576022,,,,PENDING_AT_END
241.49999999999997,241.88698238017915,,,,PENDING_AT_END
241.85,241.85027030248582,,,,PENDING_AT_END
242.2,242.31657357090944,,,,PENDING_AT_END
242.54999999999998,242.78349281621527,,,,PENDING_AT_END
242.89999999999998,243.22336939668054,,,,PENDING_AT_END
243.24999999999997,243.4762402312024,,,,PENDING_AT_END
243.6,243.6424689892995,,,,PENDING_AT_END
243.95,244.0793835381907,,,,PENDING_AT_END
244.29999999999998,244.54899475418514,,,,PENDING_AT_END
244.64999999999998,244.8421089007403,,,,PENDING_AT_END
244.99999999999997,245.0609175694997,,,,PENDING_AT_END
245.35,245.47908642880478,,,,PENDING_AT_END
245.7,245.94130464743358,,,,PENDING_AT_END
246.04999999999998,246.24840223008445,,,,PENDING_AT_END
246.39999999999998,246.51855432696618,,,,PENDING_AT_END
246.74999999999997,246.96961784910738,,,,PENDING_AT_END
247.1,247.17518438968696,,,,PENDING_AT_END
247.45,247.67281747868464,,,,PENDING_AT_END
247.79999999999998,248.18383679909124,,,,PENDING_AT_END
248.14999999999998,248.36288043565935,,,,PENDING_AT_END
248.49999999999997,248.62683511087093,,,,PENDING_AT_END
248.85,249.2197110714687,,,,PENDING_AT_END
249.2,249.56738240632586,,,,PENDING_AT_END
249.54999999999998,249.92647615353783,,,,PENDING_AT_END
249.89999999999998,250.01636352278229,,,,PENDING_AT_END
250.24999999999997,250.55928267669915,,,,PENDING_AT_END
250.6,250.64374417928437,,,,PENDING_AT_END
250.95,251.32888981336566,,,,PENDING_AT_END
251.29999999999998,251.45501263239876,,,,PENDING_AT_END
251.64999999999998,251.8431383775217,,,,PENDING_AT_END
251.99999999999997,252.23308493551153,,,,PENDING_AT_END
252.35,252.5786628665625,,,,PENDING_AT_END
252.7,253.0813589537828,,,,PENDING_AT_END
253.04999999999998,253.10563004788824,,,,PENDING_AT_END
253.39999999999998,253.78290645464955,,,,PENDING_AT_END
253.74999999999997,254.09518889293813,,,,PENDING_AT_END
254.1,254.44696102558518,,,,PENDING_AT_END
254.45,254.59036754906606,,,,PENDING_AT_END
254.79999999999998,254.83712502281182,,,,PENDING_AT_END
255.14999999999998,255.36315073502482,,,,PENDING_AT_END
255.49999999999997,255.53211152150712,,,,PENDING_AT_END
255.85,255.89566030157064,,,,PENDING_AT_END
256.2,256.59079824479926,,,,PENDING_AT_END
256.55,256.76023284920615,,,,PENDING_AT_END
256.9,256.91575112061525,,,,PENDING_AT_END
257.25,257.59921498492804,,,,PENDING_AT_END
257.59999999999997,257.7444243930991,,,,PENDING_AT_END
257.95,257.96743475498073,,,,PENDING_AT_END
258.3,258.58735972822745,,,,PENDING_AT_END
258.65,258.72345426756704,,,,PENDING_AT_END
259.0,259.1079078841042,,,,PENDING_AT_END
259.34999999999997,259.63160240244446,,,,PENDING_AT_END
259.7,259.7723788157786,,,,PENDING_AT_END
260.05,260.42915766074424,,,,PENDING_AT_END
260.4,260.624471255646,,,,PENDING_AT_END
260.75,261.1055974468329,,,,PENDING_AT_END
261.09999999999997,261.23983230781386,,,,PENDING_AT_END
261.45,261.63522221443776,,,,PENDING_AT_END
261.8,261.81991579123275,,,,PENDING_AT_END
262.15,262.2431658197718,,,,PENDING_AT_END
262.5,262.5066641264377,,,,PENDING_AT_END
262.84999999999997,262.90651835676925,,,,PENDING_AT_END
263.2,263.27847077851897,,,,PENDING_AT_END
263.55,263.59939647645257,,,,PENDING_AT_END
263.9,264.19243456088657,,,,PENDING_AT_END
264.25,264.30997019511426,,,,PENDING_AT_END
264.59999999999997,264.8534480363523,,,,PENDING_AT_END
264.95,264.97552314294495,,,,PENDING_AT_END
265.3,265.5028703134996,,,,PENDING_AT_END
265.65,265.9842452663945,,,,PENDING_AT_END
266.0,266.01445156780903,,,,PENDING_AT_END
266.34999999999997,266.4600948189822,,,,PENDING_AT_END
266.7,266.9286482654638,,,,PENDING_AT_END
267.05,267.43761566884206,,,,PENDING_AT_END
267.4,267.56060006815665,,,,PENDING_AT_END
267.75,268.00725118994933,,,,PENDING_AT_END
268.09999999999997,268.2378518198407,,,,PENDING_AT_END
268.45,268.8481854354773,,,,PENDING_AT_END
268.79999999999995,268.8648203767152,,,,PENDING_AT_END
269.15,269.49039282855097,,,,PENDING_AT_END
269.5,269.6632297235868,,,,PENDING_AT_END
269.84999999999997,269.93432824558266,,,,PENDING_AT_END
270.2,270.2476264912903,,,,PENDING_AT_END
270.54999999999995,270.7743173867931,,,,PENDING_AT_END
270.9,271.05377671172664,,,,PENDING_AT_END
271.25,271.6045742036159,,,,PENDING_AT_END
271.59999999999997,271.6054560327007,,,,PENDING_AT_END
271.95,272.33089023679037,,,,PENDING_AT_END
272.29999999999995,272.5555754607783,,,,PENDING_AT_END
272.65,272.65792518538365,,,,PENDING_AT_END
273.0,273.05444060210107,,,,PENDING_AT_END
273.34999999999997,273.45467169220893,,,,PENDING_AT_END
273.7,273.7691044327757,,,,PENDING_AT_END
274.04999999999995,274.2039578844642,,,,PENDING_AT_END
274.4,274.6842342627748,,,,PENDING_AT_END
274.75,274.8055571295606,,,,PENDING_AT_END
275.09999999999997,275.38069960714853,,,,PENDING_AT_END
275.45,275.6796870900727,,,,PENDING_AT_END
275.79999999999995,275.94539201628925,,,,PENDING_AT_END
276.15,276.33782941384663,,,,PENDING_AT_END
276.5,276.81704201023217,,,,PENDING_AT_END
276.84999999999997,277.10402253654087,,,,PENDING_AT_END
277.2,277.5976569295671,,,,PENDING_AT_END
277.54999999999995,277.8289144748717,,,,PENDING_AT_END
277.9,278.03065262286304,,,,PENDING_AT_END
278.25,278.6036518328842,,,,PENDING_AT_END
278.59999999999997,278.87615182129144,,,,PENDING_AT_END
278.95,279.2727038462221,,,,PENDING_AT_END
279.29999999999995,279.60505606912693,,,,PENDING_AT_END
279.65,279.7720302116603,,,,PENDING_AT_END
280.0,280.3784148325424,,,,PENDING_AT_END
280.34999999999997,280.73441243647795,,,,PENDING_AT_END
280.7,280.84699143737936,,,,PENDING_AT_END
281.04999999999995,281.21320269906005,,,,PENDING_AT_END
281.4,281.71078911694383,,,,PENDING_AT_END
281.75,281.9484151221982,,,,PENDING_AT_END
282.09999999999997,282.1198798797141,,,,PENDING_AT_END
282.45,282.6021717653952,,,,PENDING_AT_END
282.79999999999995,283.1612872466235,,,,PENDING_AT_END
283.15,283.46559433105074,,,,PENDING_AT_END
283.5,283.6447548051058,,,,PENDING_AT_END
283.84999999999997,283.9715715535079,,,,PENDING_AT_END
284.2,284.57589771262604,,,,PENDING_AT_END
284.54999999999995,284.6375479228925,,,,PENDING_AT_END
284.9,285.03212254263326,,,,PENDING_AT_END
285.25,285.27623339081015,,,,PENDING_AT_END
285.59999999999997,285.752326889799,,,,PENDING_AT_END
285.95,286.12165495126345,,,,PENDING_AT_END
286.29999999999995,286.5195892333244,,,,PENDING_AT_END
286.65,286.86458367306784,,,,PENDING_AT_END
287.0,287.3290885043706,,,,PENDING_AT_END
287.34999999999997,287.49157433190186,,,,PENDING_AT_END
287.7,288.0495993629518,,,,PENDING_AT_END
288.04999999999995,288.12945065994927,,,,PENDING_AT_END
288.4,288.6990153308885,,,,PENDING_AT_END
288.75,288.8570671901306,,,,PENDING_AT_END
289.09999999999997,289.1793196582393,,,,PENDING_AT_END
289.45,289.5686694161938,,,,PENDING_AT_END
289.79999999999995,290.09656373815574,,,,PENDING_AT_END
290.15,290.24145635861555,,,,PENDING_AT_END
290.5,290.87591147997034,,,,PENDING_AT_END
290.84999999999997,290.99126948611405,,,,PENDING_AT_END
291.2,291.41881304664815,,,,PENDING_AT_END
291.54999999999995,291.7215838093458,,,,PENDING_AT_END
291.9,291.96400845007497,,,,PENDING_AT_END
292.25,292.4165963674549,,,,PENDING_AT_END
292.59999999999997,292.79780936901517,,,,PENDING_AT_END
292.95,293.12367063456367,,,,PENDING_AT_END
293.29999999999995,293.4566548133786,,,,PENDING_AT_END
293.65,293.7698854193616,,,,PENDING_AT_END
294.0,294.12527593445884,,,,PENDING_AT_END
294.34999999999997,294.411702987639,,,,PENDING_AT_END
294.7,295.0442706723898,,,,PENDING_AT_END
295.04999999999995,295.37456161815135,,,,PENDING_AT_END
295.4,295.58910490681205,,,,PENDING_AT_END
295.75,295.95980996629896,,,,PENDING_AT_END
296.09999999999997,296.1018301693329,,,,PENDING_AT_END
296.45,296.6531570163401,,,,PENDING_AT_END
296.79999999999995,297.04357912329056,,,,PENDING_AT_END
297.15,297.2474812750788,,,,PENDING_AT_END
297.5,297.809255826127,,,,PENDING_AT_END
297.84999999999997,298.11017775061276,,,,PENDING_AT_END
298.2,298.50858140827467,,,,PENDING_AT_END
298.54999999999995,298.794033609512,,,,PENDING_AT_END
298.9,298.9873772253301,,,,PENDING_AT_END
299.25,299.5816482980514,,,,PENDING_AT_END
299.59999999999997,299.70072890013677,,,,PENDING_AT_END
299.95,300.0475420202949,,,,PENDING_AT_END
300.29999999999995,300.6901587031149,,,,PENDING_AT_END
300.65,300.82224942742823,,,,PENDING_AT_END
301.0,301.2388251921252,,,,PENDING_AT_END
301.34999999999997,301.48488659222875,,,,PENDING_AT_END
301.7,301.9142287821522,,,,PENDING_AT_END
302.04999999999995,302.1924124271386,,,,PENDING_AT_END
302.4,302.7052635870101,,,,PENDING_AT_END
302.75,303.06617822738167,,,,PENDING_AT_END
303.09999999999997,303.2276509070387,,,,PENDING_AT_END
303.45,303.4738293539321,,,,PENDING_AT_END
303.79999999999995,304.19781044340345,,,,PENDING_AT_END
304.15,304.1627524363871,,,,PENDING_AT_END
304.5,304.56994738439323,,,,PENDING_AT_END
304.84999999999997,304.95765597045687,,,,PENDING_AT_END
305.2,305.38539243389715,,,,PENDING_AT_END
305.54999999999995,305.843126543828,,,,PENDING_AT_END
305.9,305.90327622011637,,,,PENDING_AT_END
306.25,306.43315425573905,,,,PENDING_AT_END
306.59999999999997,306.7121456300384,,,,PENDING_AT_END
306.95,307.31710638995713,,,,PENDING_AT_END
307.29999999999995,307.6032633143767,,,,PENDING_AT_END
307.65,307.9533948963766,,,,PENDING_AT_END
308.0,308.2268578232696,,,,PENDING_AT_END
308.34999999999997,308.62877719243596,,,,PENDING_AT_END
308.7,308.8787346340038,,,,PENDING_AT_END
309.04999999999995,309.4158713303158,,,,PENDING_AT_END
309.4,309.5960089442342,,,,PENDING_AT_END
309.75,309.80675139678874,,,,PENDING_AT_END
310.09999999999997,310.4888438212582,,,,PENDING_AT_END
310.45,310.5758929111649,,,,PENDING_AT_END
310.79999999999995,311.05397448774715,,,,PENDING_AT_END
311.15,311.5188343505423,,,,PENDING_AT_END
311.5,311.76678172239326,,,,PENDING_AT_END
311.84999999999997,312.2377975156474,,,,PENDING_AT_END
312.2,312.2019148714592,,,,PENDING_AT_END
312.54999999999995,312.7748912540834,,,,PENDING_AT_END
312.9,312.91143094022107,,,,PENDING_AT_END
313.25,313.4186840508512,,,,PENDING_AT_END
313.59999999999997,313.7340329991552,,,,PENDING_AT_END
313.95,314.3471227090095,,,,PENDING_AT_END
314.29999999999995,314.34397547350625,,,,PENDING_AT_END
314.65,314.66538061999256,,,,PENDING_AT_END
315.0,315.0530621042524,,,,PENDING_AT_END
315.34999999999997,315.6288807709098,,,,PENDING_AT_END
315.7,315.70194622665616,,,,PENDING_AT_END
316.04999999999995,316.4469828675493,,,,PENDING_AT_END
316.4,316.4092638541995,,,,PENDING_AT_END
316.75,316.82399656760515,,,,PENDING_AT_END
317.09999999999997,317.3249307903474,,,,PENDING_AT_END
317.45,317.5746607518485,,,,PENDING_AT_END
317.79999999999995,317.9373670733778,,,,PENDING_AT_END
318.15,318.50388734061937,,,,PENDING_AT_END
318.5,318.55570766898654,,,,PENDING_AT_END
318.84999999999997,319.03559808610856,,,,PENDING_AT_END
319.2,319.3059293024891,,,,PENDING_AT_END
319.54999999999995,319.8235120346744,,,,PENDING_AT_END
319.9,320.1689342578785,,,,PENDING_AT_END
320.25,320.3430161470901,,,,PENDING_AT_END
320.59999999999997,320.689518766852,,,,PENDING_AT_END
320.95,321.14658833032973,,,,PENDING_AT_END
321.29999999999995,321.6433889980091,,,,PENDING_AT_END
321.65,321.9533729771691,,,,PENDING_AT_END
322.0,322.07523628198703,,,,PENDING_AT_END
322.34999999999997,322.6689948967741,,,,PENDING_AT_END
322.7,322.9899533745815,,,,PENDING_AT_END
323.04999999999995,323.0902281466474,,,,PENDING_AT_END
323.4,323.4568944938153,,,,PENDING_AT_END
323.75,324.0127281437891,,,,PENDING_AT_END
324.09999999999997,324.3304417819655,,,,PENDING_AT_END
324.45,324.5599084913544,,,,PENDING_AT_END
324.79999999999995,325.14757490505826,,,,PENDING_AT_END
325.15,325.31044200169435,,,,PENDING_AT_END
325.5,325.573860230699,,,,PENDING_AT_END
325.84999999999997,326.0342876369271,,,,PENDING_AT_END
326.2,326.3056769673496,,,,PENDING_AT_END
326.54999999999995,326.7705442650142,,,,PENDING_AT_END
326.9,327.2361971100439,,,,PENDING_AT_END
327.25,327.40212166877427,,,,PENDING_AT_END
327.59999999999997,327.67327145876317,,,,PENDING_AT_END
327.95,328.21713517112715,,,,PENDING_AT_END
328.29999999999995,328.3444037994501,,,,PENDING_AT_END
328.65,328.67044502354736,,,,PENDING_AT_END
329.0,329.1453909501312,,,,PENDING_AT_END
329.34999999999997,329.4393777803436,,,,PENDING_AT_END
329.7,329.77697554097773,,,,PENDING_AT_END
330.04999999999995,330.3359649499562,,,,PENDING_AT_END
330.4,330.5400389353888,,,,PENDING_AT_END
330.75,330.86702224416206,,,,PENDING_AT_END
331.09999999999997,331.4818239721067,,,,PENDING_AT_END
331.45,331.55381762573694,,,,PENDING_AT_END
331.79999999999995,332.1026395929795,,,,PENDING_AT_END
332.15,332.5407196552783,,,,PENDING_AT_END
332.5,332.8192745316137,,,,PENDING_AT_END
332.84999999999997,333.1795188632871,,,,PENDING_AT_END
333.2,333.4503238531375,,,,PENDING_AT_END
333.54999999999995,333.783840126491,,,,PENDING_AT_END
333.9,334.02967157391834,,,,PENDING_AT_END
334.25,334.2813569887776,,,,PENDING_AT_END
334.59999999999997,334.8662248846944,,,,PENDING_AT_END
334.95,335.3192638108266,,,,PENDING_AT_END
335.29999999999995,335.4376080120468,,,,PENDING_AT_END
335.65,335.79299165401653,,,,PENDING_AT_END
336.0,336.3023195525535,,,,PENDING_AT_END
336.34999999999997,336.43796781208704,,,,PENDING_AT_END
336.7,336.88150218933384,,,,PENDING_AT_END
337.04999999999995,337.0625002530926,,,,PENDING_AT_END
337.4,337.705947519594,,,,PENDING_AT_END
337.75,337.8042849823055,,,,PENDING_AT_END
338.09999999999997,338.1745907918924,,,,PENDING_AT_END
338.45,338.7880804243911,,,,PENDING_AT_END
338.79999999999995,338.9662932528722,,,,PENDING_AT_END
339.15,339.22991853728126,,,,PENDING_AT_END
339.5,339.67690474167523,,,,PENDING_AT_END
339.84999999999997,340.0041084977849,,,,PENDING_AT_END
340.2,340.59907499803137,,,,PENDING_AT_END
340.54999999999995,340.6061588878806,,,,PENDING_AT_END
340.9,340.93474758168395,,,,PENDING_AT_END
341.25,341.3769842053367,,,,PENDING_AT_END
341.59999999999997,341.7902510803179,,,,PENDING_AT_END
341.95,342.33532908088915,,,,PENDING_AT_END
342.29999999999995,342.58765671766366,,,,PENDING_AT_END
342.65,342.9549985941335,,,,PENDING_AT_END
343.0,343.298865429064,,,,PENDING_AT_END
343.34999999999997,343.65442021913947,,,,PENDING_AT_END
343.7,343.80293124879296,,,,PENDING_AT_END
344.04999999999995,344.0906014566832,,,,PENDING_AT_END
344.4,344.7013029766807,,,,PENDING_AT_END
344.75,344.76149894152195,,,,PENDING_AT_END
345.09999999999997,345.20301542736803,,,,PENDING_AT_END
345.45,345.4974113151764,,,,PENDING_AT_END
345.79999999999995,346.1902827375636,,,,PENDING_AT_END
346.15,346.4120010895791,,,,PENDING_AT_END
346.5,346.6569019918435,,,,PENDING_AT_END
346.84999999999997,346.855646242467,,,,PENDING_AT_END
347.2,347.44857450107605,,,,PENDING_AT_END
347.54999999999995,347.5736843062159,,,,PENDING_AT_END
347.9,348.1284079737485,,,,PENDING_AT_END
348.25,348.28353450776194,,,,PENDING_AT_END
348.59999999999997,348.93290323147613,,,,PENDING_AT_END
348.95,349.04619957512665,,,,PENDING_AT_END
349.29999999999995,349.6160398448827,,,,PENDING_AT_END
349.65,349.74394854880256,,,,PENDING_AT_END
350.0,350.2473865824869,,,,PENDING_AT_END
350.34999999999997,350.4844108520443,,,,PENDING_AT_END
350.7,350.7295014573211,,,,PENDING_AT_END
351.04999999999995,351.3478926524343,,,,PENDING_AT_END
351.4,351.77640996593027,,,,PENDING_AT_END
351.75,351.8743058661687,,,,PENDING_AT_END
352.09999999999997,352.1129944435127,,,,PENDING_AT_END
352.45,352.58197205579603,,,,PENDING_AT_END
352.79999999999995,353.04621811157904,,,,PENDING_AT_END
353.15,353.3860692010518,,,,PENDING_AT_END
353.5,353.5571354684761,,,,PENDING_AT_END
353.84999999999997,354.1783555958421,,,,PENDING_AT_END
354.2,354.5657518138801,,,,PENDING_AT_END
354.54999999999995,354.8315595260965,,,,PENDING_AT_END
354.9,355.06750920248237,,,,PENDING_AT_END
355.25,355.34102560781446,,,,PENDING_AT_END
355.59999999999997,355.9215316060184,,,,PENDING_AT_END
355.95,356.3290571366943,,,,PENDING_AT_END
356.29999999999995,356.68090730536153,,,,PENDING_AT_END
356.65,356.7361252167236,,,,PENDING_AT_END
357.0,357.31265784868344,,,,PENDING_AT_END
357.34999999999997,357.681113862322,,,,PENDING_AT_END
357.7,357.9124063042395,,,,PENDING_AT_END
358.04999999999995,358.272421373518,,,,PENDING_AT_END
358.4,358.78290789138816,,,,PENDING_AT_END
358.75,358.8734305873576,,,,PENDING_AT_END
359.09999999999997,359.2376625205582,,,,PENDING_AT_END
359.45,359.824303990872,,,,PENDING_AT_END
359.79999999999995,360.0630282768361,,,,PENDING_AT_END
360.15,360.41008515701367,,,,PENDING_AT_END
360.5,360.5228737239398,,,,PENDING_AT_END
360.84999999999997,360.99771893503606,,,,PENDING_AT_END
361.2,361.5263640619584,,,,PENDING_AT_END
361.54999999999995,361.7102951446109,,,,PENDING_AT_END
361.9,362.04650711132945,,,,PENDING_AT_END
362.25,362.59360840523095,,,,PENDING_AT_END
362.59999999999997,362.6579010950117,,,,PENDING_AT_END
362.95,363.0202816926998,,,,PENDING_AT_END
363.29999999999995,363.58894071649775,,,,PENDING_AT_END
363.65,363.69282678737136,,,,PENDING_AT_END
364.0,364.10214068035043,,,,PENDING_AT_END
364.34999999999997,364.53855226147715,,,,PENDING_AT_END
364.7,365.0068434636923,,,,PENDING_AT_END
365.04999999999995,365.2266253661471,,,,PENDING_AT_END
365.4,365.5866233056331,,,,PENDING_AT_END
365.75,365.992551412015,,,,PENDING_AT_END
366.09999999999997,366.12556934985577,,,,PENDING_AT_END
366.45,366.7373342166282,,,,PENDING_AT_END
366.79999999999995,366.9171218383028,,,,PENDING_AT_END
367.15,367.1597131453409,,,,PENDING_AT_END
367.5,367.6140950281283,,,,PENDING_AT_END
367.84999999999997,367.95350431857725,,,,PENDING_AT_END
368.2,368.5581200482997,,,,PENDING_AT_END
368.54999999999995,368.75853491381054,,,,PENDING_AT_END
368.9,369.1828991836402,,,,PENDING_AT_END
369.25,369.5087587007855,,,,PENDING_AT_END
369.59999999999997,369.699492637622,,,,PENDING_AT_END
369.95,370.30317296271033,,,,PENDING_AT_END
370.29999999999995,370.44900486238305,,,,PENDING_AT_END
370.65,371.0161406034098,,,,PENDING_AT_END
371.0,371.0338225718933,,,,PENDING_AT_END
371.34999999999997,371.3652539005448,,,,PENDING_AT_END
371.7,371.9612695749275,,,,PENDING_AT_END
372.04999999999995,372.1127132584586,,,,PENDING_AT_END
372.4,372.79252894099136,,,,PENDING_AT_END
372.75,372.94352359319817,,,,PENDING_AT_END
373.09999999999997,373.1474809338993,,,,PENDING_AT_END
373.45,373.70700672896857,,,,PENDING_AT_END
373.79999999999995,373.92827729885516,,,,PENDING_AT_END
374.15,374.31320009275396,,,,PENDING_AT_END
374.5,374.77332797522706,,,,PENDING_AT_END
374.84999999999997,374.8958769170901,,,,PENDING_AT_END
375.2,375.4692586420063,,,,PENDING_AT_END
375.54999999999995,375.73707978905725,,,,PENDING_AT_END
375.9,375.9506028216774,,,,PENDING_AT_END
376.25,376.61129999095874,,,,PENDING_AT_END
376.59999999999997,376.9839778433433,,,,PENDING_AT_END
376.95,377.2735591413505,,,,PENDING_AT_END
377.29999999999995,377.66388078764646,,,,PENDING_AT_END
377.65,377.73545178728466,,,,PENDING_AT_END
378.0,378.0646894797958,,,,PENDING_AT_END
378.34999999999997,378.39461708617756,,,,PENDING_AT_END
378.7,378.8709442858138,,,,PENDING_AT_END
379.04999999999995,379.3241233367156,,,,PENDING_AT_END
379.4,379.4333524904955,,,,PENDING_AT_END
379.75,379.77143007734765,,,,PENDING_AT_END
380.09999999999997,380.3013678922926,,,,PENDING_AT_END
380.45,380.5414352054003,,,,PENDING_AT_END
380.79999999999995,381.0474212472308,,,,PENDING_AT_END
381.15,381.2126923593818,,,,PENDING_AT_END
381.5,381.73748157486307,,,,PENDING_AT_END
381.84999999999997,381.9484742414864,,,,PENDING_AT_END
382.2,382.4268800434467,,,,PENDING_AT_END
382.54999999999995,382.58020640548125,,,,PENDING_AT_END
382.9,383.02890520227743,,,,PENDING_AT_END
383.25,383.33713247680487,,,,PENDING_AT_END
383.59999999999997,383.7842037631129,,,,PENDING_AT_END
383.95,384.26120561803594,,,,PENDING_AT_END
384.29999999999995,384.34556333951014,,,,PENDING_AT_END
384.65,384.6607620071143,,,,PENDING_AT_END
385.0,385.0547636019137,,,,PENDING_AT_END
385.34999999999997,385.55553790832295,,,,PENDING_AT_END
385.7,385.88048835542,,,,PENDING_AT_END
386.04999999999995,386.05039152932784,,,,PENDING_AT_END
386.4,386.65738772836926,,,,PENDING_AT_END
386.75,386.88850283876195,,,,PENDING_AT_END
387.09999999999997,387.3379427425279,,,,PENDING_AT_END
387.45,387.6975001688018,,,,PENDING_AT_END
387.79999999999995,388.0915982666045,,,,PENDING_AT_END
388.15,388.29926404316245,,,,PENDING_AT_END
388.5,388.57859869914193,,,,PENDING_AT_END
388.84999999999997,388.9517182149713,,,,PENDING_AT_END
389.2,389.3271184088323,,,,PENDING_AT_END
389.54999999999995,389.55414091291675,,,,PENDING_AT_END
389.9,390.2952767228412,,,,PENDING_AT_END
390.25,390.2523513589231,,,,PENDING_AT_END
390.59999999999997,390.91044549240524,,,,PENDING_AT_END
390.95,391.1009134910774,,,,PENDING_AT_END
391.29999999999995,391.6227666453145,,,,PENDING_AT_END
391.65,391.74761432576315,,,,PENDING_AT_END
392.0,392.19774690137785,,,,PENDING_AT_END
392.34999999999997,392.5951671243733,,,,PENDING_AT_END
392.7,393.0548217422159,,,,PENDING_AT_END
393.04999999999995,393.34791043978964,,,,PENDING_AT_END
393.4,393.5238714356361,,,,PENDING_AT_END
393.75,393.88848804497866,,,,PENDING_AT_END
394.09999999999997,394.1221160863939,,,,PENDING_AT_END
394.45,394.6877781340963,,,,PENDING_AT_END
394.79999999999995,395.00119956850926,,,,PENDING_AT_END
395.15,395.33103563714394,,,,PENDING_AT_END
395.5,395.6586403281905,,,,PENDING_AT_END
395.84999999999997,395.9450958837526,,,,PENDING_AT_END
396.2,396.5116445632205,,,,PENDING_AT_END
396.54999999999995,396.65888024571086,,,,PENDING_AT_END
396.9,397.1418347918417,,,,PENDING_AT_END
397.25,397.5375306361576,,,,PENDING_AT_END
397.59999999999997,397.6822861768995,,,,PENDING_AT_END
397.95,398.1132347782995,,,,PENDING_AT_END
398.29999999999995,398.5759094788409,,,,PENDING_AT_END
398.65,398.9217679957985,,,,PENDING_AT_END
399.0,399.1190389771027,,,,PENDING_AT_END
399.34999999999997,399.37752296190394,,,,PENDING_AT_END
399.7,399.9843933514464,,,,PENDING_AT_END
400.04999999999995,400.10847826075576,,,,PENDING_AT_END
400.4,400.7155230713605,,,,PENDING_AT_END
400.75,400.9666814133674,,,,PENDING_AT_END
401.09999999999997,401.13850330723716,,,,PENDING_AT_END
401.45,401.4802067902346,,,,PENDING_AT_END
401.79999999999995,401.8974347705546,,,,PENDING_AT_END
402.15,402.36978422005484,,,,PENDING_AT_END
402.5,402.5528649850082,,,,PENDING_AT_END
402.84999999999997,402.9190092625369,,,,PENDING_AT_END
403.2,403.21938727459707,,,,PENDING_AT_END
403.54999999999995,403.8501370230721,,,,PENDING_AT_END
403.9,403.9400514758935,,,,PENDING_AT_END
404.25,404.347826875093,,,,PENDING_AT_END
404.59999999999997,404.7501187803152,,,,PENDING_AT_END
404.95,404.99022001786676,,,,PENDING_AT_END
405.29999999999995,405.4242017512312,,,,PENDING_AT_END
405.65,405.70955890119944,,,,PENDING_AT_END
406.0,406.03941602478926,,,,PENDING_AT_END
406.34999999999997,406.5641668786332,,,,PENDING_AT_END
406.7,406.918761963156,,,,PENDING_AT_END
407.04999999999995,407.19466482042094,,,,PENDING_AT_END
407.4,407.49441836230096,,,,PENDING_AT_END
407.75,407.76261051228926,,,,PENDING_AT_END
408.09999999999997,408.3200693003542,,,,PENDING_AT_END
408.45,408.52879474367245,,,,PENDING_AT_END
408.79999999999995,409.0924816312694,,,,PENDING_AT_END
409.15,409.5025935374267,,,,PENDING_AT_END
409.5,409.7688473504386,,,,PENDING_AT_END
409.84999999999997,410.05918875074843,,,,PENDING_AT_END
410.2,410.4894659304014,,,,PENDING_AT_END
410.54999999999995,410.8048699599834,,,,PENDING_AT_END
410.9,410.98890544895926,,,,PENDING_AT_END
411.25,411.5864384442838,,,,PENDING_AT_END
411.59999999999997,411.6950236098094,,,,PENDING_AT_END
411.95,412.1761361142299,,,,PENDING_AT_END
412.29999999999995,412.5670257648236,,,,PENDING_AT_END
412.65,412.68438148095754,,,,PENDING_AT_END
413.0,413.3753646215839,,,,PENDING_AT_END
413.34999999999997,413.54155364629725,,,,PENDING_AT_END
413.7,413.79821320396144,,,,PENDING_AT_END
414.04999999999995,414.20215024530955,,,,PENDING_AT_END
414.4,414.40505214472364,,,,PENDING_AT_END
414.75,415.04963447007617,,,,PENDING_AT_END
415.09999999999997,415.3370043865038,,,,PENDING_AT_END
415.45,415.57250261797907,,,,PENDING_AT_END
415.79999999999995,415.99443677791476,,,,PENDING_AT_END
416.15,416.3428570931678,,,,PENDING_AT_END
416.5,416.5184691907249,,,,PENDING_AT_END
416.84999999999997,416.85925390527717,,,,PENDING_AT_END
417.2,417.25176062011957,,,,PENDING_AT_END
417.54999999999995,417.6527916660867,,,,PENDING_AT_END
417.9,418.18690855234775,,,,PENDING_AT_END
418.25,418.5622173310827,,,,PENDING_AT_END
418.59999999999997,418.98660943947397,,,,PENDING_AT_END
418.95,419.3153298944498,,,,PENDING_AT_END
419.29999999999995,419.48270080421605,,,,PENDING_AT_END
419.65,419.82348064256144,,,,PENDING_AT_END
420.0,420.10759770143216,,,,PENDING_AT_END
420.34999999999997,420.4960735406618,,,,PENDING_AT_END
420.7,421.0177108199227,,,,PENDING_AT_END
421.04999999999995,421.3677823414033,,,,PENDING_AT_END
421.4,421.6685167417918,,,,PENDING_AT_END
421.75,422.0851799476345,,,,PENDING_AT_END
422.09999999999997,422.2282564017301,,,,PENDING_AT_END
422.45,422.5221213436624,,,,PENDING_AT_END
422.79999999999995,422.98351112010005,,,,PENDING_AT_END
423.15,423.36163452974347,,,,PENDING_AT_END
423.5,423.5323707901381,,,,PENDING_AT_END
423.84999999999997,423.8940516736571,,,,PENDING_AT_END
424.2,424.5124322849039,,,,PENDING_AT_END
424.54999999999995,424.85138994181307,,,,PENDING_AT_END
424.9,425.1488863118435,,,,PENDING_AT_END
425.25,425.5694190133887,,,,PENDING_AT_END
425.59999999999997,425.7215728770548,,,,PENDING_AT_END
425.95,426.05381668488604,,,,PENDING_AT_END
426.29999999999995,426.4453474504361,,,,PENDING_AT_END
426.65,426.89220316848935,,,,PENDING_AT_END
427.0,427.05670723800904,,,,PENDING_AT_END
427.34999999999997,427.5081711540941,,,,PENDING_AT_END
427.7,427.8353726130411,,,,PENDING_AT_END
428.04999999999995,428.3790810350026,,,,PENDING_AT_END
428.4,428.6400159275116,,,,PENDING_AT_END
428.75,428.9314078105324,,,,PENDING_AT_END
429.09999999999997,429.29940651976534,,,,PENDING_AT_END
429.45,429.5445309503054,,,,PENDING_AT_END
429.79999999999995,429.97845889250743,,,,PENDING_AT_END
430.15,430.4237421328154,,,,PENDING_AT_END
430.5,430.54653160777116,,,,PENDING_AT_END
430.84999999999997,431.1520994951597,,,,PENDING_AT_END
431.2,431.4004103288068,,,,PENDING_AT_END
431.54999999999995,431.7161094747486,,,,PENDING_AT_END
431.9,431.95654656245244,,,,PENDING_AT_END
432.25,432.4202628202454,,,,PENDING_AT_END
432.59999999999997,432.8338617245983,,,,PENDING_AT_END
432.95,433.1103168013887,,,,PENDING_AT_END
433.29999999999995,433.35378880423957,,,,PENDING_AT_END
433.65,433.8106900029329,,,,PENDING_AT_END
434.0,434.331672457998,,,,PENDING_AT_END
434.34999999999997,434.719466643859,,,,PENDING_AT_END
434.7,434.8762477265116,,,,PENDING_AT_END
435.04999999999995,435.13750347477185,,,,PENDING_AT_END
435.4,435.41010376325914,,,,PENDING_AT_END
435.75,435.89538256673336,,,,PENDING_AT_END
436.09999999999997,436.1829892917238,,,,PENDING_AT_END
436.45,436.4893782323467,,,,PENDING_AT_END
436.79999999999995,437.01778824283497,,,,PENDING_AT_END
437.15,437.4908290133618,,,,PENDING_AT_END
437.5,437.69113094731404,,,,PENDING_AT_END
437.84999999999997,437.96459820813885,,,,PENDING_AT_END
438.2,438.59710119678533,,,,PENDING_AT_END
438.54999999999995,438.6163493058963,,,,PENDING_AT_END
438.9,438.955915943436,,,,PENDING_AT_END
439.25,439.524956231282,,,,PENDING_AT_END
439.59999999999997,439.9710517308634,,,,PENDING_AT_END
439.95,440.25456992672497,,,,PENDING_AT_END
440.29999999999995,440.41547590692994,,,,PENDING_AT_END
440.65,440.80231230247443,,,,PENDING_AT_END
441.0,441.0275390157161,,,,PENDING_AT_END
441.34999999999997,441.4688477480037,,,,PENDING_AT_END
441.7,441.856392922657,,,,PENDING_AT_END
442.04999999999995,442.20250529699297,,,,PENDING_AT_END
442.4,442.597695629073,,,,PENDING_AT_END
442.75,442.8319174102769,,,,PENDING_AT_END
443.09999999999997,443.1873649388577,,,,PENDING_AT_END
443.45,443.5687427459699,,,,PENDING_AT_END
443.79999999999995,444.0719906959249,,,,PENDING_AT_END
444.15,444.1786473506854,,,,PENDING_AT_END
444.5,444.6828315210822,,,,PENDING_AT_END
444.84999999999997,445.1616541150116,,,,PENDING_AT_END
445.2,445.47367912321744,,,,PENDING_AT_END
445.54999999999995,445.61964631565274,,,,PENDING_AT_END
445.9,446.1683769288726,,,,PENDING_AT_END
446.25,446.39983730371466,,,,PENDING_AT_END
446.59999999999997,446.71820863637726,,,,PENDING_AT_END
446.95,447.04070568714343,,,,PENDING_AT_END
447.29999999999995,447.54038619517314,,,,PENDING_AT_END
447.65,448.0461399898883,,,,PENDING_AT_END
448.0,448.29484878606047,,,,PENDING_AT_END
448.34999999999997,448.4328835782026,,,,PENDING_AT_END
448.7,449.0692327243556,,,,PENDING_AT_END
449.04999999999995,449.15477275097123,,,,PENDING_AT_END
449.4,449.4108852620176,,,,PENDING_AT_END
449.74999999999994,449.85010077174985,,,,PENDING_AT_END
450.09999999999997,450.2252774905476,,,,PENDING_AT_END
450.45,450.6654591321258,,,,PENDING_AT_END
450.79999999999995,451.0261506330594,,,,PENDING_AT_END
451.15,451.38726209554227,,,,PENDING_AT_END
451.49999999999994,451.86095762396764,,,,PENDING_AT_END
451.84999999999997,452.2207890630419,,,,PENDING_AT_END
452.2,452.28658024483144,,,,PENDING_AT_END
452.54999999999995,452.77048259245964,,,,PENDING_AT_END
452.9,453.2117638795414,,,,PENDING_AT_END
453.24999999999994,453.3425306409686,,,,PENDING_AT_END
453.59999999999997,453.61132272564856,,,,PENDING_AT_END
453.95,454.1665134794112,,,,PENDING_AT_END
454.29999999999995,454.4945685407009,,,,PENDING_AT_END
454.65,454.8913405565039,,,,PENDING_AT_END
454.99999999999994,455.2562785840864,,,,PENDING_AT_END
455.34999999999997,455.5106258235243,,,,PENDING_AT_END
455.7,455.79080527034426,,,,PENDING_AT_END
456.04999999999995,456.3871757181845,,,,PENDING_AT_END
456.4,456.7062031338945,,,,PENDING_AT_END
456.74999999999994,456.98066125504823,,,,PENDING_AT_END
457.09999999999997,457.1724499933327,,,,PENDING_AT_END
457.45,457.83083544118693,,,,PENDING_AT_END
457.79999999999995,458.1117857425062,,,,PENDING_AT_END
458.15,458.4327787488336,,,,PENDING_AT_END
458.49999999999994,458.87921600816793,,,,PENDING_AT_END
458.84999999999997,458.8954459210077,,,,PENDING_AT_END
459.2,459.45753963043586,,,,PENDING_AT_END
459.54999999999995,459.74302170257283,,,,PENDING_AT_END
459.9,459.92306043619897,,,,PENDING_AT_END
460.24999999999994,460.38193222164597,,,,PENDING_AT_END
460.59999999999997,460.6892216809992,,,,PENDING_AT_END
460.95,460.9757655711283,,,,PENDING_AT_END
461.29999999999995,461.66313713569707,,,,PENDING_AT_END
461.65,461.6699518304381,,,,PENDING_AT_END
461.99999999999994,462.29713071863836,,,,PENDING_AT_END
462.34999999999997,462.6242364977156,,,,PENDING_AT_END
462.7,462.93160376874863,,,,PENDING_AT_END
463.04999999999995,463.0827824042535,,,,PENDING_AT_END
463.4,463.5806650464842,,,,PENDING_AT_END
463.74999999999994,463.80131299052704,,,,PENDING_AT_END
464.09999999999997,464.1627512761377,,,,PENDING_AT_END
464.45,464.64192569590824,,,,PENDING_AT_END
464.79999999999995,465.00743755457574,,,,PENDING_AT_END
465.15,465.1581689002737,,,,PENDING_AT_END
465.49999999999994,465.71458942328155,,,,PENDING_AT_END
465.84999999999997,466.0285400113359,,,,PENDING_AT_END
466.2,466.43335557512245,,,,PENDING_AT_END
466.54999999999995,466.9455605713904,,,,PENDING_AT_END
466.9,467.0601914216637,,,,PENDING_AT_END
467.24999999999994,467.2713713253974,,,,PENDING_AT_END
467.59999999999997,467.9309533431544,,,,PENDING_AT_END
467.95,468.08386632405865,,,,PENDING_AT_END
468.29999999999995,468.4792798355991,,,,PENDING_AT_END
468.65,468.89512879171696,,,,PENDING_AT_END
468.99999999999994,469.31602346252345,,,,PENDING_AT_END
469.34999999999997,469.64087156510544,,,,PENDING_AT_END
469.7,469.96246755496276,,,,PENDING_AT_END
470.04999999999995,470.38305230312506,,,,PENDING_AT_END
470.4,470.590825724287,,,,PENDING_AT_END
470.74999999999994,470.8639437871623,,,,PENDING_AT_END
471.09999999999997,471.3457201673054,,,,PENDING_AT_END
471.45,471.6997128504523,,,,PENDING_AT_END
471.79999999999995,471.8227520892492,,,,PENDING_AT_END
472.15,472.21449196913795,,,,PENDING_AT_END
472.49999999999994,472.84729951958303,,,,PENDING_AT_END
472.84999999999997,472.8925822242806,,,,PENDING_AT_END
473.2,473.24969552788247,,,,PENDING_AT_END
473.54999999999995,473.66166373952115,,,,PENDING_AT_END
473.9,474.2414669227875,,,,PENDING_AT_END
474.24999999999994,474.56621097426336,,,,PENDING_AT_END
474.59999999999997,474.9951379013583,,,,PENDING_AT_END
474.95,475.0923784599208,,,,PENDING_AT_END
475.29999999999995,475.59510774640705,,,,PENDING_AT_END
475.65,475.87115677779855,,,,PENDING_AT_END
475.99999999999994,476.21381486255797,,,,PENDING_AT_END
476.34999999999997,476.39080219267277,,,,PENDING_AT_END
476.7,477.0761943247657,,,,PENDING_AT_END
477.04999999999995,477.4371602386516,,,,PENDING_AT_END
477.4,477.57306742393064,,,,PENDING_AT_END
477.74999999999994,477.9470064050294,,,,PENDING_AT_END
478.09999999999997,478.35273702383273,,,,PENDING_AT_END
478.45,478.72388454036167,,,,PENDING_AT_END
478.79999999999995,479.18302752335444,,,,PENDING_AT_END
479.15,479.4326263466876,,,,PENDING_AT_END
479.49999999999994,479.6625529136108,,,,PENDING_AT_END
479.84999999999997,479.94730159370516,,,,PENDING_AT_END
480.2,480.5972613704441,,,,PENDING_AT_END
480.54999999999995,480.6300465042266,,,,PENDING_AT_END
480.9,480.9376473521237,,,,PENDING_AT_END
481.24999999999994,481.4885510726601,,,,PENDING_AT_END
481.59999999999997,481.992427930102,,,,PENDING_AT_END
481.95,482.09660934159996,,,,PENDING_AT_END
482.29999999999995,482.44095963969414,,,,PENDING_AT_END
482.65,482.9771904384435,,,,PENDING_AT_END
482.99999999999994,483.29793856700275,,,,PENDING_AT_END
483.34999999999997,483.6513177884055,,,,PENDING_AT_END
483.7,483.7413422984437,,,,PENDING_AT_END
484.04999999999995,484.2886733958277,,,,PENDING_AT_END
484.4,484.6435209703759,,,,PENDING_AT_END
484.74999999999994,484.837167440319,,,,PENDING_AT_END
485.09999999999997,485.46554238069217,,,,PENDING_AT_END
485.45,485.6528466286392,,,,PENDING_AT_END
485.79999999999995,485.83547198347435,,,,PENDING_AT_END
486.15,486.4856720801938,,,,PENDING_AT_END
486.49999999999994,486.58450366117216,,,,PENDING_AT_END
486.84999999999997,487.1911782404474,,,,PENDING_AT_END
487.2,487.4842109369933,,,,PENDING_AT_END
487.54999999999995,487.8093081014774,,,,PENDING_AT_END
487.9,488.254823781804,,,,PENDING_AT_END
488.24999999999994,488.2714207869528,,,,PENDING_AT_END
488.59999999999997,488.8121605097593,,,,PENDING_AT_END
488.95,489.3291038160523,,,,PENDING_AT_END
489.29999999999995,489.57907975628177,,,,PENDING_AT_END
489.65,489.69553145993825,,,,PENDING_AT_END
489.99999999999994,490.0828725953191,,,,PENDING_AT_END
490.34999999999997,490.67931927446415,,,,PENDING_AT_END
490.7,490.8998364331629,,,,PENDING_AT_END
491.04999999999995,491.2204072981807,,,,PENDING_AT_END
491.4,491.5975006501319,,,,PENDING_AT_END
491.74999999999994,491.825410052524,,,,PENDING_AT_END
492.09999999999997,492.3733071169126,,,,PENDING_AT_END
492.45,492.5186962160913,,,,PENDING_AT_END
492.79999999999995,492.9556069887334,,,,PENDING_AT_END
493.15,493.4709902911892,,,,PENDING_AT_END
493.49999999999994,493.77642124651214,,,,PENDING_AT_END
493.84999999999997,494.01863667941365,,,,PENDING_AT_END
494.2,494.2482137346337,,,,PENDING_AT_END
494.54999999999995,494.88503142667435,,,,PENDING_AT_END
494.9,494.9307526960081,,,,PENDING_AT_END
495.24999999999994,495.4955680932431,,,,PENDING_AT_END
495.59999999999997,495.8107533613724,,,,PENDING_AT_END
495.95,496.05710435086013,,,,PENDING_AT_END
496.29999999999995,496.3146523855754,,,,PENDING_AT_END
496.65,496.98915388895693,,,,PENDING_AT_END
496.99999999999994,497.1241889169491,,,,PENDING_AT_END
497.34999999999997,497.59082051764364,,,,PENDING_AT_END
497.7,497.72251293135486,,,,PENDING_AT_END
498.04999999999995,498.2404886504189,,,,PENDING_AT_END
498.4,498.46533687889985,,,,PENDING_AT_END
498.74999999999994,498.89290285929957,,,,PENDING_AT_END
499.09999999999997,499.2183414142476,,,,PENDING_AT_END
499.45,499.65635541014825,,,,PENDING_AT_END
499.79999999999995,499.9331633105978,,,,PENDING_AT_END
500.15,500.2399629811696,,,,PENDING_AT_END
500.49999999999994,500.7779378367099,,,,PENDING_AT_END
500.84999999999997,501.2115221469631,,,,PENDING_AT_END
501.2,501.5281315590965,,,,PENDING_AT_END
501.54999999999995,501.6437680056097,,,,PENDING_AT_END
501.9,502.13908078049735,,,,PENDING_AT_END
502.24999999999994,502.48439863785546,,,,PENDING_AT_END
502.59999999999997,502.90340176472324,,,,PENDING_AT_END
502.95,502.9994649414812,,,,PENDING_AT_END
503.29999999999995,503.49273163631733,,,,PENDING_AT_END
503.65,503.76138066351166,,,,PENDING_AT_END
503.99999999999994,504.2930071509415,,,,PENDING_AT_END
504.34999999999997,504.59150265643626,,,,PENDING_AT_END
504.7,504.76165086074326,,,,PENDING_AT_END
505.04999999999995,505.41431042051954,,,,PENDING_AT_END
505.4,505.71087828564964,,,,PENDING_AT_END
505.74999999999994,506.10679045421483,,,,PENDING_AT_END
506.09999999999997,506.1423365576206,,,,PENDING_AT_END
506.45,506.7734887906084,,,,PENDING_AT_END
506.79999999999995,506.8278959388542,,,,PENDING_AT_END
507.15,507.39007955402303,,,,PENDING_AT_END
507.49999999999994,507.79590666647033,,,,PENDING_AT_END
507.84999999999997,507.9790685044457,,,,PENDING_AT_END
508.2,508.55223384463244,,,,PENDING_AT_END
508.54999999999995,508.5767075467984,,,,PENDING_AT_END
508.9,509.19562158835834,,,,PENDING_AT_END
509.24999999999994,509.6425819334483,,,,PENDING_AT_END
509.59999999999997,509.97947204062774,,,,PENDING_AT_END
509.95,510.05162431547666,,,,PENDING_AT_END
510.29999999999995,510.497412409984,,,,PENDING_AT_END
510.65,510.81838873594415,,,,PENDING_AT_END
510.99999999999994,511.0718016591805,,,,PENDING_AT_END
511.34999999999997,511.7240233275482,,,,PENDING_AT_END
511.7,512.0275601944423,,,,PENDING_AT_END
512.05,512.4465830838149,,,,PENDING_AT_END
512.4,512.68266736623,,,,PENDING_AT_END
512.75,512.9123264277312,,,,PENDING_AT_END
513.1,513.1149290624902,,,,PENDING_AT_END
513.4499999999999,513.7284854010999,,,,PENDING_AT_END
513.8,513.9580659873284,,,,PENDING_AT_END
514.15,514.3785793292469,,,,PENDING_AT_END
514.5,514.6044480602682,,,,PENDING_AT_END
514.85,514.953283199959,,,,PENDING_AT_END
515.1999999999999,515.5299258417127,,,,PENDING_AT_END
515.55,515.8393311553375,,,,PENDING_AT_END
515.9,516.1219434894671,,,,PENDING_AT_END
516.25,516.3773356116824,,,,PENDING_AT_END
516.6,516.6375264087736,,,,PENDING_AT_END
516.9499999999999,517.1058447188663,,,,PENDING_AT_END
517.3,517.6103923471353,,,,PENDING_AT_END
517.65,517.8912430979084,,,,PENDING_AT_END
518.0,518.0034707841121,,,,PENDING_AT_END
518.35,518.6587249869139,,,,PENDING_AT_END
518.6999999999999,518.8881173449689,,,,PENDING_AT_END
519.05,519.2099771276751,,,,PENDING_AT_END
519.4,519.6645910106207,,,,PENDING_AT_END
519.75,519.885069962666,,,,PENDING_AT_END
520.1,520.483173264926,,,,PENDING_AT_END
520.4499999999999,520.4684565831739,,,,PENDING_AT_END
520.8,521.0348573131223,,,,PENDING_AT_END
521.15,521.42830540735,,,,PENDING_AT_END
521.5,521.6223415385555,,,,PENDING_AT_END
521.85,522.2027717136988,,,,PENDING_AT_END
522.1999999999999,522.4317179397891,,,,PENDING_AT_END
522.55,522.7359255615938,,,,PENDING_AT_END
522.9,523.1518551000285,,,,PENDING_AT_END
523.25,523.6158665797991,,,,PENDING_AT_END
523.6,523.6128441797567,,,,PENDING_AT_END
523.9499999999999,524.3441085956969,,,,PENDING_AT_END
524.3,524.5445115822713,,,,PENDING_AT_END
524.65,524.9964974617238,,,,PENDING_AT_END
525.0,525.2810472819435,,,,PENDING_AT_END
525.35,525.534360901962,,,,PENDING_AT_END
525.6999999999999,525.9544204645646,,,,PENDING_AT_END
526.05,526.406814125741,,,,PENDING_AT_END
526.4,526.5314488162124,,,,PENDING_AT_END
526.75,527.1282832198156,,,,PENDING_AT_END
527.1,527.470291713157,,,,PENDING_AT_END
527.4499999999999,527.6174148184074,,,,PENDING_AT_END
527.8,528.0032889099848,,,,PENDING_AT_END
528.15,528.1766170229834,,,,PENDING_AT_END
528.5,528.58247830038,,,,PENDING_AT_END
528.85,529.2351964402845,,,,PENDING_AT_END
529.1999999999999,529.3881874149803,,,,PENDING_AT_END
529.55,529.9237222177649,,,,PENDING_AT_END
529.9,530.081128504958,,,,PENDING_AT_END
530.25,530.441287620939,,,,PENDING_AT_END
530.6,530.65443417466,,,,PENDING_AT_END
530.9499999999999,531.1415287186409,,,,PENDING_AT_END
531.3,531.3905451646644,,,,PENDING_AT_END
531.65,531.7674937038856,,,,PENDING_AT_END
532.0,532.0044820657561,,,,PENDING_AT_END
532.35,532.7179526543028,,,,PENDING_AT_END
532.6999999999999,532.8222519640104,,,,PENDING_AT_END
533.05,533.3101824974169,,,,PENDING_AT_END
533.4,533.6585357283674,,,,PENDING_AT_END
533.75,534.043990113887,,,,PENDING_AT_END
534.1,534.4780385710907,,,,PENDING_AT_END
534.4499999999999,534.4876230468998,,,,PENDING_AT_END
534.8,535.0466917500651,,,,PENDING_AT_END
535.15,535.5018236183879,,,,PENDING_AT_END
535.5,535.8357943586166,,,,PENDING_AT_END
535.85,535.9418136501632,,,,PENDING_AT_END
536.1999999999999,536.5237512351908,,,,PENDING_AT_END
536.55,536.7147178789189,,,,PENDING_AT_END
536.9,537.2649450875689,,,,PENDING_AT_END
537.25,537.3239309988426,,,,PENDING_AT_END
537.5999999999999,537.6938753915842,,,,PENDING_AT_END
537.9499999999999,538.0750685015574,,,,PENDING_AT_END
538.3,538.6607149661018,,,,PENDING_AT_END
538.65,538.6876578208552,,,,PENDING_AT_END
539.0,539.217711255252,,,,PENDING_AT_END
539.3499999999999,539.6095254057375,,,,PENDING_AT_END
539.6999999999999,539.8240015545194,,,,PENDING_AT_END
540.05,540.1573821907286,,,,PENDING_AT_END
540.4,540.5186123542809,,,,PENDING_AT_END
540.75,541.1388096021199,,,,PENDING_AT_END
541.0999999999999,541.449046062985,,,,PENDING_AT_END
541.4499999999999,541.558300462828,,,,PENDING_AT_END
541.8,542.067760825113,,,,PENDING_AT_END
542.15,542.4172612846816,,,,PENDING_AT_END
542.5,542.5629367670213,,,,PENDING_AT_END
542.8499999999999,542.9618042357106,,,,PENDING_AT_END
543.1999999999999,543.5234039361379,,,,PENDING_AT_END
543.55,543.8515750836368,,,,PENDING_AT_END
543.9,543.9029291471771,,,,PENDING_AT_END
544.25,544.4903691897025,,,,PENDING_AT_END
544.5999999999999,544.7756872994046,,,,PENDING_AT_END
544.9499999999999,545.0904149135994,,,,PENDING_AT_END
545.3,545.657778236085,,,,PENDING_AT_END
545.65,545.6863445345103,,,,PENDING_AT_END
546.0,546.2673230640169,,,,PENDING_AT_END
546.3499999999999,546.5559015376143,,,,PENDING_AT_END
546.6999999999999,546.9629480036052,,,,PENDING_AT_END
547.05,547.4419498900663,,,,PENDING_AT_END
547.4,547.5666113733938,,,,PENDING_AT_END
547.75,547.859585773969,,,,PENDING_AT_END
548.0999999999999,548.3450754398186,,,,PENDING_AT_END
548.4499999999999,548.6803832539468,,,,PENDING_AT_END
548.8,548.8412200609116,,,,PENDING_AT_END
549.15,549.3479971180901,,,,PENDING_AT_END
549.5,549.5769622046382,,,,PENDING_AT_END
549.8499999999999,550.0656606811881,,,,PENDING_AT_END
550.1999999999999,550.4826725097445,,,,PENDING_AT_END
550.55,550.9089019483104,,,,PENDING_AT_END
550.9,551.0869832397667,,,,PENDING_AT_END
551.25,551.3779675969811,,,,PENDING_AT_END
551.5999999999999,551.932327209819,,,,PENDING_AT_END
551.9499999999999,552.0036940523984,,,,PENDING_AT_END
552.3,552.6355082819605,,,,PENDING_AT_END
552.65,553.0460473122995,,,,PENDING_AT_END
553.0,553.2737508792682,,,,PENDING_AT_END
553.3499999999999,553.5994356753104,,,,PENDING_AT_END
553.6999999999999,553.9034283486286,,,,PENDING_AT_END
554.05,554.3798607444139,,,,PENDING_AT_END
554.4,554.55421740073,,,,PENDING_AT_END
554.75,554.7804373164993,,,,PENDING_AT_END
555.0999999999999,555.4607271546774,,,,PENDING_AT_END
555.4499999999999,555.7619606109578,,,,PENDING_AT_END
555.8,555.810864545831,,,,PENDING_AT_END
556.15,556.2298536012123,,,,PENDING_AT_END
556.5,556.6533323416695,,,,PENDING_AT_END
556.8499999999999,557.0966011591765,,,,PENDING_AT_END
557.1999999999999,557.2724954389015,,,,PENDING_AT_END
557.55,557.7811628806401,,,,PENDING_AT_END
557.9,558.296030629204,,,,PENDING_AT_END
558.25,558.2640930582111,,,,PENDING_AT_END
558.5999999999999,558.9827240919305,,,,PENDING_AT_END
558.9499999999999,559.046744771243,,,,PENDING_AT_END
559.3,559.452892421815,,,,PENDING_AT_END
559.65,559.8026418698811,,,,PENDING_AT_END
560.0,560.2332344074964,,,,PENDING_AT_END
560.3499999999999,560.7246165782183,,,,PENDING_AT_END
560.6999999999999,560.86937061429,,,,PENDING_AT_END
561.05,561.1193076246243,,,,PENDING_AT_END
561.4,561.4671523826415,,,,PENDING_AT_END
561.75,561.8887896425538,,,,PENDING_AT_END
562.0999999999999,562.1926851228989,,,,PENDING_AT_END
562.4499999999999,562.60348934559,,,,PENDING_AT_END
562.8,563.0274724550545,,,,PENDING_AT_END
563.15,563.1871460641465,,,,PENDING_AT_END
563.5,563.5261699993166,,,,PENDING_AT_END
563.8499999999999,564.1790880547217,,,,PENDING_AT_END
564.1999999999999,564.5129742197827,,,,PENDING_AT_END
564.55,564.6267498332525,,,,PENDING_AT_END
564.9,565.1707229167706,,,,PENDING_AT_END
565.25,565.5843098599348,,,,PENDING_AT_END
565.5999999999999,565.9172198153451,,,,PENDING_AT_END
565.9499999999999,566.2633766585408,,,,PENDING_AT_END
566.3,566.4222175005877,,,,PENDING_AT_END
566.65,566.7621770759037,,,,PENDING_AT_END
567.0,567.2523704405387,,,,PENDING_AT_END
567.3499999999999,567.4095185139597,,,,PENDING_AT_END
567.6999999999999,567.7008802425222,,,,PENDING_AT_END
568.05,568.2198559423487,,,,PENDING_AT_END
568.4,568.4710698679459,,,,PENDING_AT_END
568.75,569.0478719359273,,,,PENDING_AT_END
569.0999999999999,569.2080635619463,,,,PENDING_AT_END
569.4499999999999,569.5265261805104,,,,PENDING_AT_END
569.8,570.1223813691731,,,,PENDING_AT_END
570.15,570.4198183283728,,,,PENDING_AT_END
570.5,570.7155191826955,,,,PENDING_AT_END
570.8499999999999,570.9420288650758,,,,PENDING_AT_END
571.1999999999999,571.2952519931117,,,,PENDING_AT_END
571.55,571.6334747805377,,,,PENDING_AT_END
571.9,572.0483708056883,,,,PENDING_AT_END
572.25,572.6256283401162,,,,PENDING_AT_END
572.5999999999999,572.8950310543978,,,,PENDING_AT_END
572.9499999999999,573.1024995757226,,,,PENDING_AT_END
573.3,573.661011948026,,,,PENDING_AT_END
573.65,573.7517607263675,,,,PENDING_AT_END
574.0,574.0149129972092,,,,PENDING_AT_END
574.3499999999999,574.5238630973579,,,,PENDING_AT_END
574.6999999999999,575.023349178916,,,,PENDING_AT_END
575.05,575.3747741528987,,,,PENDING_AT_END
575.4,575.4702911474832,,,,PENDING_AT_END
575.75,575.849635746263,,,,PENDING_AT_END
576.0999999999999,576.3248079990642,,,,PENDING_AT_END
576.4499999999999,576.6034876136295,,,,PENDING_AT_END
576.8,577.0480888663074,,,,PENDING_AT_END
577.15,577.203420312865,,,,PENDING_AT_END
577.5,577.6319077740416,,,,PENDING_AT_END
577.8499999999999,577.8583294226221,,,,PENDING_AT_END
578.1999999999999,578.3075954264526,,,,PENDING_AT_END
578.55,578.6860103274023,,,,PENDING_AT_END
578.9,579.2331455380371,,,,PENDING_AT_END
579.25,579.4810470934569,,,,PENDING_AT_END
579.5999999999999,579.7389584486575,,,,PENDING_AT_END
579.9499999999999,580.339632486579,,,,PENDING_AT_END
580.3,580.6410259025081,,,,PENDING_AT_END
580.65,580.9034406301481,,,,PENDING_AT_END
581.0,581.3743787125441,,,,PENDING_AT_END
581.3499999999999,581.6727842617674,,,,PENDING_AT_END
581.6999999999999,582.0954784791862,,,,PENDING_AT_END
582.05,582.2935114421605,,,,PENDING_AT_END
582.4,582.7516551762386,,,,PENDING_AT_END
582.75,583.1184652998436,,,,PENDING_AT_END
583.0999999999999,583.437411199902,,,,PENDING_AT_END
583.4499999999999,583.7962515235193,,,,PENDING_AT_END
583.8,583.8994954692403,,,,PENDING_AT_END
584.15,584.3207680010995,,,,PENDING_AT_END
584.5,584.8617228615435,,,,PENDING_AT_END
584.8499999999999,585.1994498043064,,,,PENDING_AT_END
585.1999999999999,585.3687797733645,,,,PENDING_AT_END
585.55,585.6807036644504,,,,PENDING_AT_END
585.9,586.0290863740471,,,,PENDING_AT_END
586.25,586.2884504522071,,,,PENDING_AT_END
586.5999999999999,586.9447548343846,,,,PENDING_AT_END
586.9499999999999,587.1119430402758,,,,PENDING_AT_END
587.3,587.3179206289608,,,,PENDING_AT_END
587.65,587.8331627283234,,,,PENDING_AT_END
588.0,588.321027104704,,,,PENDING_AT_END
588.3499999999999,588.5592134720127,,,,PENDING_AT_END
588.6999999999999,588.7018120886015,,,,PENDING_AT_END
589.05,589.3548088478801,,,,PENDING_AT_END
589.4,589.719267882671,,,,PENDING_AT_END
589.75,589.8860891827164,,,,PENDING_AT_END
590.0999999999999,590.1545496957017,,,,PENDING_AT_END
590.4499999999999,590.6534634976075,,,,PENDING_AT_END
590.8,590.9821317083008,,,,PENDING_AT_END
591.15,591.523824585303,,,,PENDING_AT_END
591.5,591.8943820395614,,,,PENDING_AT_END
591.8499999999999,592.1458287558844,,,,PENDING_AT_END
592.1999999999999,592.4442082454117,,,,PENDING_AT_END
592.55,592.7107860614865,,,,PENDING_AT_END
592.9,593.0509165272603,,,,PENDING_AT_END
593.25,593.6351485920954,,,,PENDING_AT_END
593.5999999999999,593.7718797935543,,,,PENDING_AT_END
593.9499999999999,594.1856171415415,,,,PENDING_AT_END
594.3,594.5445162134747,,,,PENDING_AT_END
594.65,594.7532856418401,,,,PENDING_AT_END
595.0,595.0065604460494,,,,PENDING_AT_END
595.3499999999999,595.6303184870078,,,,PENDING_AT_END
595.6999999999999,595.8830304315694,,,,PENDING_AT_END
596.05,596.3913410152647,,,,PENDING_AT_END
596.4,596.6569911093183,,,,PENDING_AT_END
596.75,597.0988730337122,,,,PENDING_AT_END
597.0999999999999,597.4466147478076,,,,PENDING_AT_END
597.4499999999999,597.6232921081311,,,,PENDING_AT_END
597.8,597.8205961021333,,,,PENDING_AT_END
598.15,598.4885117329981,,,,PENDING_AT_END
598.5,598.7484901918183,,,,PENDING_AT_END
598.8499999999999,599.2132740023196,,,,PENDING_AT_END
599.1999999999999,599.2323174298593,,,,PENDING_AT_END
599.55,599.9353495829066,,,,PENDING_AT_END
599.9,599.9859571212484,,,,PENDING_AT_END
600.25,600.4594397880455,,,,PENDING_AT_END
600.5999999999999,600.9184470920306,,,,PENDING_AT_END
600.9499999999999,601.3304365209216,,,,PENDING_AT_END
601.3,601.6729368685046,,,,PENDING_AT_END
601.65,601.8292123529394,,,,PENDING_AT_END
602.0,602.1346889388328,,,,PENDING_AT_END
602.3499999999999,602.542173781482,,,,PENDING_AT_END
602.6999999999999,602.8433986348474,,,,PENDING_AT_END
603.05,603.2228540472026,,,,PENDING_AT_END
603.4,603.5303169488908,,,,PENDING_AT_END
603.75,604.0110476950965,,,,PENDING_AT_END
604.0999999999999,604.130629433819,,,,PENDING_AT_END
604.4499999999999,604.7411885306393,,,,PENDING_AT_END
604.8,604.9689509986151,,,,PENDING_AT_END
605.15,605.1580011209434,,,,PENDING_AT_END
605.5,605.5383687686453,,,,PENDING_AT_END
605.8499999999999,606.046557914204,,,,PENDING_AT_END
606.1999999999999,606.3170124687575,,,,PENDING_AT_END
606.55,606.7751900490725,,,,PENDING_AT_END
606.9,607.189281802425,,,,PENDING_AT_END
607.25,607.3222807949912,,,,PENDING_AT_END
607.5999999999999,607.7136346390673,,,,PENDING_AT_END
607.9499999999999,608.032994869261,,,,PENDING_AT_END
608.3,608.6862203877208,,,,PENDING_AT_END
608.65,608.8942785051096,,,,PENDING_AT_END
609.0,609.2558644979697,,,,PENDING_AT_END
609.3499999999999,609.5239749329551,,,,PENDING_AT_END
609.6999999999999,609.9068491647471,,,,PENDING_AT_END
610.05,610.0574586179343,,,,PENDING_AT_END
610.4,610.7905619621043,,,,PENDING_AT_END
610.75,611.12054067337,,,,PENDING_AT_END
611.0999999999999,611.2296820543988,,,,PENDING_AT_END
611.4499999999999,611.8137324363489,,,,PENDING_AT_END
611.8,612.0582852045748,,,,PENDING_AT_END
612.15,612.4626159352332,,,,PENDING_AT_END
612.5,612.6634113963153,,,,PENDING_AT_END
612.8499999999999,613.1329637991685,,,,PENDING_AT_END
613.1999999999999,613.5163951246392,,,,PENDING_AT_END
613.55,613.6417304589881,,,,PENDING_AT_END
613.9,614.0372622737613,,,,PENDING_AT_END
614.25,614.2682244573107,,,,PENDING_AT_END
614.5999999999999,614.9299296042677,,,,PENDING_AT_END
614.9499999999999,615.2497559812699,,,,PENDING_AT_END
615.3,615.4057174024022,,,,PENDING_AT_END
615.65,615.721179070459,,,,PENDING_AT_END
616.0,616.2243960304099,,,,PENDING_AT_END
616.3499999999999,616.3788403972137,,,,PENDING_AT_END
616.6999999999999,617.0325755110472,,,,PENDING_AT_END
617.05,617.2648237573737,,,,PENDING_AT_END
617.4,617.4671274539813,,,,PENDING_AT_END
617.75,617.8824532383726,,,,PENDING_AT_END
618.0999999999999,618.2782810423503,,,,PENDING_AT_END
618.4499999999999,618.570265087363,,,,PENDING_AT_END
618.8,618.8133170093431,,,,PENDING_AT_END
619.15,619.2020212272718,,,,PENDING_AT_END
619.5,619.522278812469,,,,PENDING_AT_END
619.8499999999999,620.1948817362859,,,,PENDING_AT_END
620.1999999999999,620.5437060393116,,,,PENDING_AT_END
620.55,620.7655669162384,,,,PENDING_AT_END
620.9,621.2485173157028,,,,PENDING_AT_END
621.25,621.6495967820003,,,,PENDING_AT_END
621.5999999999999,621.7711330286995,,,,PENDING_AT_END
621.9499999999999,622.0189718656408,,,,PENDING_AT_END
622.3,622.4505568291977,,,,PENDING_AT_END
622.65,622.9823685833836,,,,PENDING_AT_END
623.0,623.2056648969433,,,,PENDING_AT_END
623.3499999999999,623.6658342065552,,,,PENDING_AT_END
623.6999999999999,623.9516740036346,,,,PENDING_AT_END
624.05,624.3542364590044,,,,PENDING_AT_END
624.4,624.4997472629467,,,,PENDING_AT_END
624.75,625.0087300130353,,,,PENDING_AT_END
625.0999999999999,625.3291880942716,,,,PENDING_AT_END
625.4499999999999,625.7534963719505,,,,PENDING_AT_END
625.8,625.9628815587146,,,,PENDING_AT_END
626.15,626.373715069497,,,,PENDING_AT_END
626.5,626.5207082679008,,,,PENDING_AT_END
626.8499999999999,627.004145044672,,,,PENDING_AT_END
627.1999999999999,627.3292305097344,,,,PENDING_AT_END
627.55,627.690317583742,,,,PENDING_AT_END
627.9,627.9075781337025,,,,PENDING_AT_END
628.25,628.5859593930381,,,,PENDING_AT_END
628.5999999999999,628.6086942665868,,,,PENDING_AT_END
628.9499999999999,628.9817865516249,,,,PENDING_AT_END
629.3,629.6056508783736,,,,PENDING_AT_END
629.65,629.8257099793829,,,,PENDING_AT_END
630.0,630.2312422405998,,,,PENDING_AT_END
630.3499999999999,630.5904328713818,,,,PENDING_AT_END
630.6999999999999,630.7336236654722,,,,PENDING_AT_END
631.05,631.3726050037455,,,,PENDING_AT_END
631.4,631.6594088590394,,,,PENDING_AT_END
631.75,631.7506135158512,,,,PENDING_AT_END
632.0999999999999,632.2175783504326,,,,PENDING_AT_END
632.4499999999999,632.8182642713299,,,,PENDING_AT_END
632.8,633.1438617538477,,,,PENDING_AT_END
633.15,633.2089718964891,,,,PENDING_AT_END
633.5,633.8472907152882,,,,PENDING_AT_END
633.8499999999999,634.1332452162794,,,,PENDING_AT_END
634.1999999999999,634.3838665823647,,,,PENDING_AT_END
634.55,634.7596723448517,,,,PENDING_AT_END
634.9,635.2035946740951,,,,PENDING_AT_END
635.25,635.2695090618477,,,,PENDING_AT_END
635.5999999999999,635.6864939552165,,,,PENDING_AT_END
635.9499999999999,636.0810191613881,,,,PENDING_AT_END
636.3,636.3586723955023,,,,PENDING_AT_END
636.65,637.0281417912075,,,,PENDING_AT_END
637.0,637.298943169184,,,,PENDING_AT_END
637.3499999999999,637.4362527795247,,,,PENDING_AT_END
637.6999999999999,637.8216178348065,,,,PENDING_AT_END
638.05,638.1625035649874,,,,PENDING_AT_END
638.4,638.651547210202,,,,PENDING_AT_END
638.75,638.8532659900277,,,,PENDING_AT_END
639.0999999999999,639.3034680151368,,,,PENDING_AT_END
639.4499999999999,639.6890997570082,,,,PENDING_AT_END
639.8,640.0988833717665,,,,PENDING_AT_END
640.15,640.4374923296112,,,,PENDING_AT_END
640.5,640.5930516603737,,,,PENDING_AT_END
640.8499999999999,641.0648867847679,,,,PENDING_AT_END
641.1999999999999,641.4697060941547,,,,PENDING_AT_END
641.55,641.6102156853563,,,,PENDING_AT_END
641.9,641.9889401268089,,,,PENDING_AT_END
642.25,642.4258977701652,,,,PENDING_AT_END
642.5999999999999,642.7686715724728,,,,PENDING_AT_END
642.9499999999999,643.1407111159386,,,,PENDING_AT_END
643.3,643.6368848733389,,,,PENDING_AT_END
643.65,644.0108705432648,,,,PENDING_AT_END
644.0,644.1793972816552,,,,PENDING_AT_END
644.3499999999999,644.4379363383,,,,PENDING_AT_END
644.6999999999999,644.749612751263,,,,PENDING_AT_END
645.05,645.228600240652,,,,PENDING_AT_END
645.4,645.511976173122,,,,PENDING_AT_END
645.75,645.8929312183291,,,,PENDING_AT_END
646.0999999999999,646.284620326418,,,,PENDING_AT_END
646.4499999999999,646.6212030564935,,,,PENDING_AT_END
646.8,647.0700808179779,,,,PENDING_AT_END
647.15,647.506076875734,,,,PENDING_AT_END
647.5,647.655249670878,,,,PENDING_AT_END
647.8499999999999,648.2272803824912,,,,PENDING_AT_END
648.1999999999999,648.3777984754389,,,,PENDING_AT_END
648.55,648.6752646884222,,,,PENDING_AT_END
648.9,648.9164560601397,,,,PENDING_AT_END
649.25,649.4957012829236,,,,PENDING_AT_END
649.5999999999999,649.9637959049769,,,,PENDING_AT_END
649.9499999999999,650.3159320470287,,,,PENDING_AT_END
650.3,650.5421814068804,,,,PENDING_AT_END
650.65,650.9754869297025,,,,PENDING_AT_END
651.0,651.1059864454971,,,,PENDING_AT_END
651.3499999999999,651.5483181058353,,,,PENDING_AT_END
651.6999999999999,652.0093533005078,,,,PENDING_AT_END
652.05,652.1997335124411,,,,PENDING_AT_END
652.4,652.5090459993008,,,,PENDING_AT_END
652.75,652.8647417296472,,,,PENDING_AT_END
653.0999999999999,653.1957708029179,,,,PENDING_AT_END
653.4499999999999,653.5641038889863,,,,PENDING_AT_END
653.8,654.0009741625572,,,,PENDING_AT_END
654.15,654.2837129149983,,,,PENDING_AT_END
654.5,654.734973264796,,,,PENDING_AT_END
654.8499999999999,655.1893766587682,,,,PENDING_AT_END
655.1999999999999,655.3784500502046,,,,PENDING_AT_END
655.55,655.7338783198213,,,,PENDING_AT_END
655.9,656.0014999654239,,,,PENDING_AT_END
656.25,656.580330898968,,,,PENDING_AT_END
656.5999999999999,656.6109985469648,,,,PENDING_AT_END
656.9499999999999,657.2512949698686,,,,PENDING_AT_END
657.3,657.396010453928,,,,PENDING_AT_END
657.65,657.805717359381,,,,PENDING_AT_END
658.0,658.167956628077,,,,PENDING_AT_END
658.3499999999999,658.5401279189628,,,,PENDING_AT_END
658.6999999999999,658.7100088753256,,,,PENDING_AT_END
659.05,659.3988477294156,,,,PENDING_AT_END
659.4,659.4090109555669,,,,PENDING_AT_END
659.75,660.0966305538416,,,,PENDING_AT_END
660.0999999999999,660.268500171504,,,,PENDING_AT_END
660.4499999999999,660.591876593472,,,,PENDING_AT_END
660.8,660.9232501524591,,,,PENDING_AT_END
661.15,661.3280608634672,,,,PENDING_AT_END
661.5,661.5798884996714,,,,PENDING_AT_END
661.8499999999999,661.8853067519547,,,,PENDING_AT_END
662.1999999999999,662.3268360220026,,,,PENDING_AT_END
662.55,662.7384738199905,,,,PENDING_AT_END
662.9,662.9830788601986,,,,PENDING_AT_END
663.25,663.5607822901247,,,,PENDING_AT_END
663.5999999999999,663.623757990068,,,,PENDING_AT_END
663.9499999999999,664.1853442223613,,,,PENDING_AT_END
664.3,664.6155065418252,,,,PENDING_AT_END
664.65,664.9073398909499,,,,PENDING_AT_END
665.0,665.0186045186847,,,,PENDING_AT_END
665.3499999999999,665.6904423215321,,,,PENDING_AT_END
665.6999999999999,665.9953899324938,,,,PENDING_AT_END
666.05,666.3685235005887,,,,PENDING_AT_END
666.4,666.5490402620984,,,,PENDING_AT_END
666.75,666.8928273371637,,,,PENDING_AT_END
667.0999999999999,667.3024962548911,,,,PENDING_AT_END
667.4499999999999,667.5468672625567,,,,PENDING_AT_END
667.8,667.9162018946479,,,,PENDING_AT_END
668.15,668.2553566227656,,,,PENDING_AT_END
668.5,668.5976664648215,,,,PENDING_AT_END
668.8499999999999,669.243276381369,,,,PENDING_AT_END
669.1999999999999,669.5201960812018,,,,PENDING_AT_END
669.55,669.8118776519811,,,,PENDING_AT_END
669.9,670.0690665732785,,,,PENDING_AT_END
670.25,670.3484007219731,,,,PENDING_AT_END
670.5999999999999,670.9815324401268,,,,PENDING_AT_END
670.9499999999999,671.3155152386436,,,,PENDING_AT_END
671.3,671.6459676762724,,,,PENDING_AT_END
671.65,671.7020534722252,,,,PENDING_AT_END
672.0,672.1646471334393,,,,PENDING_AT_END
672.3499999999999,672.7435413331743,,,,PENDING_AT_END
672.6999999999999,672.9525191297636,,,,PENDING_AT_END
673.05,673.4161686447724,,,,PENDING_AT_END
673.4,673.6684427522501,,,,PENDING_AT_END
673.75,673.7553915049484,,,,PENDING_AT_END
674.0999999999999,674.4831911624574,,,,PENDING_AT_END
674.4499999999999,674.5540913595747,,,,PENDING_AT_END
674.8,674.8115612621768,,,,PENDING_AT_END
675.15,675.5498159008342,,,,PENDING_AT_END
675.5,675.7947450044117,,,,PENDING_AT_END
675.8499999999999,675.8780558319686,,,,PENDING_AT_END
676.1999999999999,676.4942449129984,,,,PENDING_AT_END
676.55,676.875973100387,,,,PENDING_AT_END
676.9,677.1339657246757,,,,PENDING_AT_END
677.25,677.5513857295086,,,,PENDING_AT_END
677.5999999999999,677.7446692461504,,,,PENDING_AT_END
677.9499999999999,678.1185660930806,,,,PENDING_AT_END
678.3,678.3314657676219,,,,PENDING_AT_END
678.65,678.9257739507119,,,,PENDING_AT_END
679.0,679.2391416385826,,,,PENDING_AT_END
679.3499999999999,679.5770786511646,,,,PENDING_AT_END
679.6999999999999,679.9942393106195,,,,PENDING_AT_END
680.05,680.3834192285369,,,,PENDING_AT_END
680.4,680.7974473747025,,,,PENDING_AT_END
680.75,680.784705455743,,,,PENDING_AT_END
681.0999999999999,681.14072092677,,,,PENDING_AT_END
681.4499999999999,681.8046925852246,,,,PENDING_AT_END
681.8,682.0009529686422,,,,PENDING_AT_END
682.15,682.4495503066827,,,,PENDING_AT_END
682.5,682.6791288041697,,,,PENDING_AT_END
682.8499999999999,683.2216596075198,,,,PENDING_AT_END
683.1999999999999,683.360717208464,,,,PENDING_AT_END
683.55,683.5806003132818,,,,PENDING_AT_END
683.9,684.1920664945436,,,,PENDING_AT_END
684.25,684.4381535334846,,,,PENDING_AT_END
684.5999999999999,684.7700200883248,,,,PENDING_AT_END
684.9499999999999,684.9872037634572,,,,PENDING_AT_END
685.3,685.5571344815614,,,,PENDING_AT_END
685.65,685.9091639113675,,,,PENDING_AT_END
686.0,686.2044486924615,,,,PENDING_AT_END
686.3499999999999,686.6175718307495,,,,PENDING_AT_END
686.6999999999999,686.8122656545655,,,,PENDING_AT_END
687.05,687.2346233091744,,,,PENDING_AT_END
687.4,687.6334201497185,,,,PENDING_AT_END
687.75,687.9099581142402,,,,PENDING_AT_END
688.0999999999999,688.3603594030692,,,,PENDING_AT_END
688.4499999999999,688.7627893651542,,,,PENDING_AT_END
688.8,688.9533599631416,,,,PENDING_AT_END
689.15,689.5041752551414,,,,PENDING_AT_END
689.5,689.783267917079,,,,PENDING_AT_END
689.8499999999999,689.8563290856491,,,,PENDING_AT_END
690.1999999999999,690.3491455784798,,,,PENDING_AT_END
690.55,690.6032668929363,,,,PENDING_AT_END
690.9,691.0616464267465,,,,PENDING_AT_END
691.25,691.6411803054821,,,,PENDING_AT_END
691.5999999999999,691.8344667594877,,,,PENDING_AT_END
691.9499999999999,691.9567103461228,,,,PENDING_AT_END
692.3,692.5567615467871,,,,PENDING_AT_END
692.65,692.6771197625286,,,,PENDING_AT_END
693.0,693.2873316263083,,,,PENDING_AT_END
693.3499999999999,693.630553454854,,,,PENDING_AT_END
693.6999999999999,693.976662171577,,,,PENDING_AT_END
694.05,694.0514435581267,,,,PENDING_AT_END
694.4,694.4721922623343,,,,PENDING_AT_END
694.75,695.0317486738738,,,,PENDING_AT_END
695.0999999999999,695.2985518378698,,,,PENDING_AT_END
695.4499999999999,695.8133072563581,,,,PENDING_AT_END
695.8,696.1421461612504,,,,PENDING_AT_END
696.15,696.2762182959265,,,,PENDING_AT_END
696.5,696.8352703615462,,,,PENDING_AT_END
696.8499999999999,697.1221636421737,,,,PENDING_AT_END
697.1999999999999,697.449256692931,,,,PENDING_AT_END
697.55,697.7189324115952,,,,PENDING_AT_END
697.9,698.2658503090012,,,,PENDING_AT_END
698.25,698.2768341340225,,,,PENDING_AT_END
698.5999999999999,698.6219180594519,,,,PENDING_AT_END
698.9499999999999,698.9768930858858,,,,PENDING_AT_END
699.3,699.6502682390458,,,,PENDING_AT_END
699.65,699.8627736490624,,,,PENDING_AT_END
700.0,700.1504385740525,,,,PENDING_AT_END
700.3499999999999,700.473330797209,,,,PENDING_AT_END
700.6999999999999,700.8230113311143,,,,PENDING_AT_END
701.05,701.3970459438669,,,,PENDING_AT_END
701.4,701.4852856116048,,,,PENDING_AT_END
701.75,701.9863123114051,,,,PENDING_AT_END
702.0999999999999,702.1361154712836,,,,PENDING_AT_END
702.4499999999999,702.6315131805337,,,,PENDING_AT_END
702.8,703.0962598130116,,,,PENDING_AT_END
703.15,703.2858336781491,,,,PENDING_AT_END
703.5,703.604460061953,,,,PENDING_AT_END
703.8499999999999,703.9696929122947,,,,PENDING_AT_END
704.1999999999999,704.3209782267439,,,,PENDING_AT_END
704.55,704.6012809097847,,,,PENDING_AT_END
704.9,704.9751910398223,,,,PENDING_AT_END
705.25,705.4922830529881,,,,PENDING_AT_END
705.5999999999999,705.7128103944751,,,,PENDING_AT_END
705.9499999999999,705.9566748050748,,,,PENDING_AT_END
706.3,706.6588765703032,,,,PENDING_AT_END
706.65,706.9995045264726,,,,PENDING_AT_END
707.0,707.066593381513,,,,PENDING_AT_END
707.3499999999999,707.6388028121767,,,,PENDING_AT_END
707.6999999999999,708.0132364198699,,,,PENDING_AT_END
708.05,708.2423403341922,,,,PENDING_AT_END
708.4,708.4902641291568,,,,PENDING_AT_END
708.75,708.8929395138982,,,,PENDING_AT_END
709.0999999999999,709.1328346894302,,,,PENDING_AT_END
709.4499999999999,709.8163106732003,,,,PENDING_AT_END
709.8,710.0727834394563,,,,PENDING_AT_END
710.15,710.4519128765445,,,,PENDING_AT_END
710.5,710.6625149023939,,,,PENDING_AT_END
710.8499999999999,710.9740375188758,,,,PENDING_AT_END
711.1999999999999,711.5468256320493,,,,PENDING_AT_END
711.55,711.7487602307767,,,,PENDING_AT_END
711.9,712.0209785345063,,,,PENDING_AT_END
712.25,712.3315147909229,,,,PENDING_AT_END
712.5999999999999,712.987749806653,,,,PENDING_AT_END
712.9499999999999,713.3174692999318,,,,PENDING_AT_END
713.3,713.3305419460103,,,,PENDING_AT_END
713.65,713.9197264021274,,,,PENDING_AT_END
714.0,714.0034650717419,,,,PENDING_AT_END
714.3499999999999,714.4921365991654,,,,PENDING_AT_END
714.6999999999999,714.8495552188027,,,,PENDING_AT_END
715.05,715.1570142981429,,,,PENDING_AT_END
715.4,715.7778705566242,,,,PENDING_AT_END
715.75,715.917363243617,,,,PENDING_AT_END
716.0999999999999,716.2273118839696,,,,PENDING_AT_END
716.4499999999999,716.7758859040692,,,,PENDING_AT_END
716.8,716.9397047138514,,,,PENDING_AT_END
717.15,717.5303465057074,,,,PENDING_AT_END
717.5,717.8742659971929,,,,PENDING_AT_END
717.8499999999999,718.1603280798731,,,,PENDING_AT_END
718.1999999999999,718.3458719630172,,,,PENDING_AT_END
718.55,718.6171150138789,,,,PENDING_AT_END
718.9,718.94757095125,,,,PENDING_AT_END
719.25,719.4701509374449,,,,PENDING_AT_END
719.5999999999999,719.7311473409643,,,,PENDING_AT_END
719.9499999999999,720.3007297415214,,,,PENDING_AT_END
720.3,720.6226924646492,,,,PENDING_AT_END
720.65,720.6731543386246,,,,PENDING_AT_END
721.0,721.2309345409944,,,,PENDING_AT_END
721.3499999999999,721.4714354238088,,,,PENDING_AT_END
721.6999999999999,722.0544770827215,,,,PENDING_AT_END
722.05,722.367461258094,,,,PENDING_AT_END
722.4,722.4303904918332,,,,PENDING_AT_END
722.75,722.8183236538503,,,,PENDING_AT_END
723.0999999999999,723.4991836445151,,,,PENDING_AT_END
723.4499999999999,723.8416824471209,,,,PENDING_AT_END
723.8,723.9321168314248,,,,PENDING_AT_END
724.15,724.4730604276623,,,,PENDING_AT_END
724.5,724.8358012851688,,,,PENDING_AT_END
724.8499999999999,725.2392005141537,,,,PENDING_AT_END
725.1999999999999,725.2442408334517,,,,PENDING_AT_END
725.55,725.7342862169301,,,,PENDING_AT_END
725.9,726.2031593579674,,,,PENDING_AT_END
726.25,726.3211258089993,,,,PENDING_AT_END
726.5999999999999,726.815214774625,,,,PENDING_AT_END
726.9499999999999,727.3269856180365,,,,PENDING_AT_END
727.3,727.3388403522599,,,,PENDING_AT_END
727.65,727.7381356993648,,,,PENDING_AT_END
728.0,728.2129973911112,,,,PENDING_AT_END
728.3499999999999,728.7318375634311,,,,PENDING_AT_END
728.6999999999999,728.736679943048,,,,PENDING_AT_END
729.05,729.406611441721,,,,PENDING_AT_END
729.4,729.7061717481644,,,,PENDING_AT_END
729.75,730.0429358364804,,,,PENDING_AT_END
730.0999999999999,730.4971010124566,,,,PENDING_AT_END
730.4499999999999,730.8342069343711,,,,PENDING_AT_END
730.8,730.826012262163,,,,PENDING_AT_END
731.15,731.2532803740088,,,,PENDING_AT_END
731.5,731.6540717935236,,,,PENDING_AT_END
731.8499999999999,731.9536462847207,,,,PENDING_AT_END
732.1999999999999,732.4814309704503,,,,PENDING_AT_END
732.55,732.9428118402254,,,,PENDING_AT_END
732.9,732.9692197570554,,,,PENDING_AT_END
733.25,733.6158911590487,,,,PENDING_AT_END
733.5999999999999,733.6411185374532,,,,PENDING_AT_END
733.9499999999999,734.1933064665683,,,,PENDING_AT_END
734.3,734.4479901718325,,,,PENDING_AT_END
734.65,734.8353241137999,,,,PENDING_AT_END
