timestamp,gen_time,sel_time,tx_time,rx_time,status
0.0,0.20146500316372068,158.628224661719,158.629224661719,158.799224661719,TX
0.35,0.6069331025559238,158.1830410456074,158.18404104560742,158.3540410456074,TX
0.7,0.710555971174825,151.57277056072235,151.57377056072235,151.74377056072234,TX
1.0499999999999998,1.0595659368329873,152.50066833070997,152.50166833070998,152.67166833070996,TX
1.4,1.5812038491831686,160.80093143620232,160.80193143620232,160.9719314362023,TX
1.75,1.8112784416980028,158.98856550344362,158.98956550344363,159.15956550344362,TX
2.0999999999999996,2.1079403723432346,160.72051552122744,160.72151552122745,160.89151552122743,TX
2.4499999999999997,2.7279687856800154,153.02043058592128,153.02143058592128,153.19143058592127,TX
2.8,2.9302338908827137,162.52635098415814,162.52735098415815,162.69735098415813,TX
3.15,3.3071357327520854,160.71903915561344,160.72003915561345,160.89003915561344,TX
3.5,3.5847596111411058,157.48309608366472,157.48409608366472,157.6540960836647,TX
3.8499999999999996,4.0545768349990645,156.58244982513642,156.58344982513643,156.7534498251364,TX
4.199999999999999,4.372916954776812,158.1487034118408,158.14970341184082,158.3197034118408,TX
4.55,4.724059658367401,161.49234781649992,161.49334781649992,161.6633478164999,TX
4.8999999999999995,4.964843589731486,,,,PENDING_AT_END
5.25,5.576409463995084,,,,PENDING_AT_END
5.6,5.915234578004691,,,,PENDING_AT_END
5.949999999999999,6.056270144110286,,,,PENDING_AT_END
6.3,6.51071567380387,,,,PENDING_AT_END
6.6499999999999995,6.76259676307938,,,,PENDING_AT_END
7.0,7.092402504364982,,,,PENDING_AT_END
7.35,7.690552053587405,,,,PENDING_AT_END
7.699999999999999,7.702797780485673,,,,PENDING_AT_END
8.049999999999999,8.141188907548914,,,,PENDING_AT_END
8.399999999999999,8.540862484621574,,,,PENDING_AT_END
8.75,8.917896682417663,,,,PENDING_AT_END
9.1,9.477521727943477,,,,PENDING_AT_END
9.45,9.615457183826685,,,,PENDING_AT_END
9.799999999999999,9.805728221043887,,,,PENDING_AT_END
10.149999999999999,10.44428688760608,,,,PENDING_AT_END
10.5,10.895325457928458,,,,PENDING_AT_END
10.85,11.046060867255788,,,,PENDING_AT_END
11.2,11.505773357240397,,,,PENDING_AT_END
11.549999999999999,11.922111138023539,,,,PENDING_AT_END
11.899999999999999,12.153830385763868,,,,PENDING_AT_END
12.25,12.380122590473817,,,,PENDING_AT_END
12.6,12.783160166909918,,,,PENDING_AT_END
12.95,13.047672613284643,,,,PENDING_AT_END
13.299999999999999,13.475959500384237,,,,PENDING_AT_END
13.649999999999999,13.804298187749925,,,,PENDING_AT_END
14.0,14.390006288201853,,,,PENDING_AT_END
14.35,14.453505621997538,,,,PENDING_AT_END
14.7,14.919330010082351,,,,PENDING_AT_END
15.049999999999999,15.142606931771786,,,,PENDING_AT_END
15.399999999999999,15.63125566272322,,,,PENDING_AT_END
15.749999999999998,15.859706026751605,,,,PENDING_AT_END
16.099999999999998,16.449203729652933,,,,PENDING_AT_END
16.45,16.54239899805798,,,,PENDING_AT_END
16.799999999999997,16.999573175199117,,,,PENDING_AT_END
17.15,17.460248075106655,,,,PENDING_AT_END
17.5,17.746382975415656,,,,PENDING_AT_END
17.849999999999998,17.97403410989826,,,,PENDING_AT_END
18.2,18.51808860394156,,,,PENDING_AT_END
18.549999999999997,18.649285012692005,,,,PENDING_AT_END
18.9,19.234403977684053,,,,PENDING_AT_END
19.25,19.261607972090395,,,,PENDING_AT_END
19.599999999999998,19.69383767720849,,,,PENDING_AT_END
19.95,20.16123662162101,,,,PENDING_AT_END
20.299999999999997,20.488669716414407,,,,PENDING_AT_END
20.65,20.874409557308873,,,,PENDING_AT_END
21.0,21.064702698490706,,,,PENDING_AT_END
21.349999999999998,21.594915864968105,,,,PENDING_AT_END
21.7,21.79638369891143,,,,PENDING_AT_END
22.049999999999997,22.36238815844694,,,,PENDING_AT_END
22.4,22.68824241435513,,,,PENDING_AT_END
22.75,22.934781492064317,,,,PENDING_AT_END
23.099999999999998,23.30577412524035,,,,PENDING_AT_END
23.45,23.684471703337405,,,,PENDING_AT_END
23.799999999999997,24.155078756693285,,,,PENDING_AT_END
24.15,24.451154518685946,,,,PENDING_AT_END
24.5,24.714274721998613,,,,PENDING_AT_END
24.849999999999998,24.962785980140847,,,,PENDING_AT_END
25.2,25.516837854793263,,,,PENDING_AT_END
25.549999999999997,25.829189937197427,,,,PENDING_AT_END
25.9,26.113222255597158,,,,PENDING_AT_END
26.25,26.560668330960638,,,,PENDING_AT_END
26.599999999999998,26.95312535019652,,,,PENDING_AT_END
26.95,27.096729264889927,,,,PENDING_AT_END
27.299999999999997,27.569248146479552,,,,PENDING_AT_END
27.65,27.85068615081341,,,,PENDING_AT_END
28.0,28.073220320519,,,,PENDING_AT_END
28.349999999999998,28.568034719758973,,,,PENDING_AT_END
28.7,28.834253743733687,,,,PENDING_AT_END
29.049999999999997,29.077605313515576,,,,PENDING_AT_END
29.4,29.70374763921224,,,,PENDING_AT_END
29.749999999999996,29.76954032130398,,,,PENDING_AT_END
30.099999999999998,30.2147369374086,,,,PENDING_AT_END
30.45,30.486259601724537,,,,PENDING_AT_END
30.799999999999997,30.906779464880586,,,,PENDING_AT_END
31.15,31.371686327127996,,,,PENDING_AT_END
31.499999999999996,31.839460535943463,,,,PENDING_AT_END
31.849999999999998,31.993863680091803,,,,PENDING_AT_END
32.199999999999996,32.23718258697128,,,,PENDING_AT_END
32.55,32.911764503621725,,,,PENDING_AT_END
32.9,33.04078160395452,,,,PENDING_AT_END
33.25,33.59256938816695,,,,PENDING_AT_END
33.599999999999994,33.704670433820425,,,,PENDING_AT_END
33.949999999999996,34.31725878261633,,,,PENDING_AT_END
34.3,34.63097202489246,,,,PENDING_AT_END
34.65,34.725317570179236,,,,PENDING_AT_END
35.0,35.33427224795648,,,,PENDING_AT_END
35.349999999999994,35.72253117597421,,,,PENDING_AT_END
35.699999999999996,35.907089941093965,,,,PENDING_AT_END
36.05,36.05596951317479,,,,PENDING_AT_END
36.4,36.64542167594167,,,,PENDING_AT_END
36.75,37.04105105114243,,,,PENDING_AT_END
37.099999999999994,37.39050812919973,,,,PENDING_AT_END
37.449999999999996,37.66922568017737,,,,PENDING_AT_END
37.8,38.146957363339325,,,,PENDING_AT_END
38.15,38.36900633429517,,,,PENDING_AT_END
38.5,38.61178476561504,,,,PENDING_AT_END
38.849999999999994,39.16589988241114,,,,PENDING_AT_END
39.199999999999996,39.466990747605784,,,,PENDING_AT_END
39.55,39.69509474223163,,,,PENDING_AT_END
39.9,40.00602608325713,,,,PENDING_AT_END
40.25,40.304079671900666,,,,PENDING_AT_END
40.599999999999994,40.920286393371526,,,,PENDING_AT_END
40.949999999999996,41.114729835317284,,,,PENDING_AT_END
41.3,41.51626254229011,,,,PENDING_AT_END
41.65,41.668081366733894,,,,PENDING_AT_END
42.0,42.17022800013959,,,,PENDING_AT_END
42.349999999999994,42.377771345458896,,,,PENDING_AT_END
42.699999999999996,42.837002091490696,,,,PENDING_AT_END
43.05,43.205823577058425,,,,PENDING_AT_END
43.4,43.6738959572073,,,,PENDING_AT_END
43.75,44.13846184725776,,,,PENDING_AT_END
44.099999999999994,44.444220760900734,,,,PENDING_AT_END
44.449999999999996,44.50712953290439,,,,PENDING_AT_END
44.8,45.07401324000104,,,,PENDING_AT_END
45.15,45.32309265664403,,,,PENDING_AT_END
45.5,45.57345335172519,,,,PENDING_AT_END
45.849999999999994,46.02152728537786,,,,PENDING_AT_END
46.199999999999996,46.3455170941697,,,,PENDING_AT_END
46.55,46.598659436002166,,,,PENDING_AT_END
46.9,47.16620466259433,,,,PENDING_AT_END
47.25,47.51272107795077,,,,PENDING_AT_END
47.599999999999994,47.651323124230814,,,,PENDING_AT_END
47.949999999999996,48.27444992629537,,,,PENDING_AT_END
48.3,48.39160454671982,,,,PENDING_AT_END
48.65,48.91370316250417,,,,PENDING_AT_END
49.0,49.34031949664357,,,,PENDING_AT_END
49.349999999999994,49.74036912167004,,,,PENDING_AT_END
49.699999999999996,49.7528387977522,,,,PENDING_AT_END
50.05,50.16222059414119,,,,PENDING_AT_END
50.4,50.675461961476394,,,,PENDING_AT_END
50.75,50.86861505942156,,,,PENDING_AT_END
51.099999999999994,51.471265061483095,,,,PENDING_AT_END
51.449999999999996,51.72284973319075,,,,PENDING_AT_END
51.8,51.9868736447182,,,,PENDING_AT_END
52.15,52.50549453602223,,,,PENDING_AT_END
52.5,52.73162645279997,,,,PENDING_AT_END
52.849999999999994,52.95616592146226,,,,PENDING_AT_END
53.199999999999996,53.55056601440845,,,,PENDING_AT_END
53.55,53.66128663831316,,,,PENDING_AT_END
53.9,53.93945064678723,,,,PENDING_AT_END
54.25,54.33948387299584,,,,PENDING_AT_END
54.599999999999994,54.69061601877644,,,,PENDING_AT_END
54.949999999999996,54.97242289906436,,,,PENDING_AT_END
55.3,55.582548274100915,,,,PENDING_AT_END
55.65,55.76478588564468,,,,PENDING_AT_END
56.0,56.11626801043286,,,,PENDING_AT_END
56.349999999999994,56.64351858103548,,,,PENDING_AT_END
56.699999999999996,56.70108209378194,,,,PENDING_AT_END
57.05,57.339377771902406,,,,PENDING_AT_END
57.4,57.59571951421298,,,,PENDING_AT_END
57.74999999999999,57.751897944833935,,,,PENDING_AT_END
58.099999999999994,58.39616343397924,,,,PENDING_AT_END
58.449999999999996,58.72344433115982,,,,PENDING_AT_END
58.8,58.95424757012695,,,,PENDING_AT_END
59.15,59.211395101653814,,,,PENDING_AT_END
59.49999999999999,59.702901114389924,,,,PENDING_AT_END
59.849999999999994,60.21672845076827,,,,PENDING_AT_END
60.199999999999996,60.22184209234528,,,,PENDING_AT_END
60.55,60.840307691620154,,,,PENDING_AT_END
60.9,61.26491761638966,,,,PENDING_AT_END
61.24999999999999,61.55272882898135,,,,PENDING_AT_END
61.599999999999994,61.643047511654686,,,,PENDING_AT_END
61.949999999999996,62.121579891271885,,,,PENDING_AT_END
62.3,62.41851069184743,,,,PENDING_AT_END
62.65,62.67120040324583,,,,PENDING_AT_END
62.99999999999999,63.30556751532796,,,,PENDING_AT_END
63.349999999999994,63.66060264168485,,,,PENDING_AT_END
63.699999999999996,63.75797430559063,,,,PENDING_AT_END
64.05,64.1927499433554,,,,PENDING_AT_END
64.39999999999999,64.70167299660544,,,,PENDING_AT_END
64.75,64.90876203049172,,,,PENDING_AT_END
65.1,65.34853587390904,,,,PENDING_AT_END
65.45,65.7008447077961,,,,PENDING_AT_END
65.8,66.00395838897528,,,,PENDING_AT_END
66.14999999999999,66.15641416627751,,,,PENDING_AT_END
66.5,66.80940835041517,,,,PENDING_AT_END
66.85,67.06420355717842,,,,PENDING_AT_END
67.19999999999999,67.53752383878475,,,,PENDING_AT_END
67.55,67.58948210562657,,,,PENDING_AT_END
67.89999999999999,68.11003751546362,,,,PENDING_AT_END
68.25,68.46642200540217,,,,PENDING_AT_END
68.6,68.84163833651195,,,,PENDING_AT_END
68.94999999999999,69.10495965387398,,,,PENDING_AT_END
69.3,69.67550170967182,,,,PENDING_AT_END
69.64999999999999,69.78158717233582,,,,PENDING_AT_END
70.0,70.02948114782464,,,,PENDING_AT_END
70.35,70.37724029475538,,,,PENDING_AT_END
70.69999999999999,70.81092235444575,,,,PENDING_AT_END
71.05,71.33659313969166,,,,PENDING_AT_END
71.39999999999999,71.78556566281453,,,,PENDING_AT_END
71.75,71.98941825452795,,,,PENDING_AT_END
72.1,72.49650726006402,,,,PENDING_AT_END
72.44999999999999,72.47365011401322,,,,PENDING_AT_END
72.8,73.10636585241595,,,,PENDING_AT_END
73.14999999999999,73.18293640091913,,,,PENDING_AT_END
73.5,73.81462827192624,,,,PENDING_AT_END
73.85,73.92247928912684,,,,PENDING_AT_END
74.19999999999999,74.4923586014504,,,,PENDING_AT_END
74.55,74.73960092279883,,,,PENDING_AT_END
74.89999999999999,74.96339846176456,,,,PENDING_AT_END
75.25,75.5593468356856,,,,PENDING_AT_END
75.6,75.72514553613422,,,,PENDING_AT_END
75.94999999999999,76.00770132746564,,,,PENDING_AT_END
76.3,76.33098019825935,,,,PENDING_AT_END
76.64999999999999,76.81474115976864,,,,PENDING_AT_END
77.0,77.17735280548672,,,,PENDING_AT_END
77.35,77.6900172327266,,,,PENDING_AT_END
77.69999999999999,77.78475435912148,,,,PENDING_AT_END
78.05,78.40719240206376,,,,PENDING_AT_END
78.39999999999999,78.63222120227387,,,,PENDING_AT_END
78.75,78.94319992757772,,,,PENDING_AT_END
79.1,79.27199310576742,,,,PENDING_AT_END
79.44999999999999,79.63164834204895,,,,PENDING_AT_END
79.8,80.08325910976787,,,,PENDING_AT_END
80.14999999999999,80.38391189363814,,,,PENDING_AT_END
80.5,80.7739441898141,,,,PENDING_AT_END
80.85,81.07264734923027,,,,PENDING_AT_END
81.19999999999999,81.28966026142206,,,,PENDING_AT_END
81.55,81.77280851445296,,,,PENDING_AT_END
81.89999999999999,82.22948236954677,,,,PENDING_AT_END
82.25,82.51406889715611,,,,PENDING_AT_END
82.6,82.73984222809702,,,,PENDING_AT_END
82.94999999999999,83.18589886344606,,,,PENDING_AT_END
83.3,83.47786153532788,,,,PENDING_AT_END
83.64999999999999,83.69394667712565,,,,PENDING_AT_END
84.0,84.32574879499822,,,,PENDING_AT_END
84.35,84.38222502401482,,,,PENDING_AT_END
84.69999999999999,84.90868192201967,,,,PENDING_AT_END
85.05,85.41226256335212,,,,PENDING_AT_END
85.39999999999999,85.67812068203371,,,,PENDING_AT_END
85.75,85.86289581273743,,,,PENDING_AT_END
86.1,86.30747896998443,,,,PENDING_AT_END
86.44999999999999,86.4955035821502,,,,PENDING_AT_END
86.8,87.09273024631635,,,,PENDING_AT_END
87.14999999999999,87.15723295488344,,,,PENDING_AT_END
87.5,87.67338680088227,,,,PENDING_AT_END
87.85,87.9370611622283,,,,PENDING_AT_END
88.19999999999999,88.45181466501134,,,,PENDING_AT_END
88.55,88.88540413515507,,,,PENDING_AT_END
88.89999999999999,89.00468624219509,,,,PENDING_AT_END
89.25,89.42792320595012,,,,PENDING_AT_END
89.6,89.88341772977043,,,,PENDING_AT_END
89.94999999999999,90.25702038340219,,,,PENDING_AT_END
90.3,90.47713543093606,,,,PENDING_AT_END
90.64999999999999,90.7346796517494,,,,PENDING_AT_END
91.0,91.33371515388907,,,,PENDING_AT_END
91.35,91.6486774162021,,,,PENDING_AT_END
91.69999999999999,91.74378173719148,,,,PENDING_AT_END
92.05,92.21677183826453,,,,PENDING_AT_END
92.39999999999999,92.53469577716554,,,,PENDING_AT_END
92.75,93.01300947586307,,,,PENDING_AT_END
93.1,93.34619418448864,,,,PENDING_AT_END
93.44999999999999,93.60957531424918,,,,PENDING_AT_END
93.8,93.8189552917574,,,,PENDING_AT_END
94.14999999999999,94.42680268404426,,,,PENDING_AT_END
94.5,94.55335704101898,,,,PENDING_AT_END
94.85,95.12956847243083,,,,PENDING_AT_END
95.19999999999999,95.45197814352764,,,,PENDING_AT_END
95.55,95.62044375225152,,,,PENDING_AT_END
95.89999999999999,96.16895113449867,,,,PENDING_AT_END
96.25,96.31185557529162,,,,PENDING_AT_END
96.6,96.93085661742936,,,,PENDING_AT_END
96.94999999999999,96.96155252004147,,,,PENDING_AT_END
97.3,97.42298178264248,,,,PENDING_AT_END
97.64999999999999,98.04799155171882,,,,PENDING_AT_END
98.0,98.39517110552859,,,,PENDING_AT_END
98.35,98.47876377913349,,,,PENDING_AT_END
98.69999999999999,98.94686440351205,,,,PENDING_AT_END
99.05,99.1226455174119,,,,PENDING_AT_END
99.39999999999999,99.73777213775712,,,,PENDING_AT_END
99.75,99.78564053666827,,,,PENDING_AT_END
100.1,100.19837314761119,,,,PENDING_AT_END
100.44999999999999,100.7623075519295,,,,PENDING_AT_END
100.8,100.91187985939847,,,,PENDING_AT_END
101.14999999999999,101.38997388756498,,,,PENDING_AT_END
101.5,101.79315659436159,,,,PENDING_AT_END
101.85,102.14021047392188,,,,PENDING_AT_END
102.19999999999999,102.29605505072306,,,,PENDING_AT_END
102.55,102.87750416419776,,,,PENDING_AT_END
102.89999999999999,103.0142250229727,,,,PENDING_AT_END
103.25,103.52325294042811,,,,PENDING_AT_END
103.6,103.70782996168546,,,,PENDING_AT_END
103.94999999999999,103.98272595945468,,,,PENDING_AT_END
104.3,104.4405969247836,,,,PENDING_AT_END
104.64999999999999,104.70927609009341,,,,PENDING_AT_END
105.0,105.34006169991136,,,,PENDING_AT_END
105.35,105.45209218250974,,,,PENDING_AT_END
105.69999999999999,106.01072255772903,,,,PENDING_AT_END
106.05,106.3443693750467,,,,PENDING_AT_END
106.39999999999999,106.67406513334326,,,,PENDING_AT_END
106.75,106.79687945619534,,,,PENDING_AT_END
107.1,107.18764451237305,,,,PENDING_AT_END
107.44999999999999,107.53711608809789,,,,PENDING_AT_END
107.8,108.17341963096924,,,,PENDING_AT_END
108.14999999999999,108.28812501150644,,,,PENDING_AT_END
108.5,108.52264101364378,,,,PENDING_AT_END
108.85,109.22023788609181,,,,PENDING_AT_END
109.19999999999999,109.35290565772931,,,,PENDING_AT_END
109.55,109.81901702464863,,,,PENDING_AT_END
109.89999999999999,110.25995767046756,,,,PENDING_AT_END
110.25,110.48521647491143,,,,PENDING_AT_END
110.6,110.99114888917106,,,,PENDING_AT_END
110.94999999999999,111.08945934197064,,,,PENDING_AT_END
111.3,111.32398181019211,,,,PENDING_AT_END
111.64999999999999,111.75047626999977,,,,PENDING_AT_END
112.0,112.31036103092097,,,,PENDING_AT_END
112.35,112.49392878589688,,,,PENDING_AT_END
112.69999999999999,112.82135808393929,,,,PENDING_AT_END
113.05,113.44991640633644,,,,PENDING_AT_END
113.39999999999999,113.7123995118986,,,,PENDING_AT_END
113.74999999999999,114.01300089586304,,,,PENDING_AT_END
114.1,114.15478213345418,,,,PENDING_AT_END
114.44999999999999,114.84613456589994,,,,PENDING_AT_END
114.8,114.87509238208138,,,,PENDING_AT_END
115.14999999999999,115.38194397176316,,,,PENDING_AT_END
115.49999999999999,115.56093515907868,,,,PENDING_AT_END
115.85,115.94876596138647,,,,PENDING_AT_END
116.19999999999999,116.5326585467509,,,,PENDING_AT_END
116.55,116.93888409699316,,,,PENDING_AT_END
116.89999999999999,117.2908462528451,,,,PENDING_AT_END
117.24999999999999,117.42700899857492,,,,PENDING_AT_END
117.6,117.76772339645271,,,,PENDING_AT_END
117.94999999999999,118.12843008185143,,,,PENDING_AT_END
118.3,118.5588070235472,,,,PENDING_AT_END
118.64999999999999,118.90960014186594,,,,PENDING_AT_END
118.99999999999999,119.11001567125443,,,,PENDING_AT_END
119.35,119.6829142346341,,,,PENDING_AT_END
119.69999999999999,119.85843356040553,,,,PENDING_AT_END
120.05,120.10712105998896,,,,PENDING_AT_END
120.39999999999999,120.5582640469013,,,,PENDING_AT_END
120.74999999999999,120.99528229268437,,,,PENDING_AT_END
121.1,121.29707513417009,,,,PENDING_AT_END
121.44999999999999,121.78450491620035,,,,PENDING_AT_END
121.8,121.81861513326929,,,,PENDING_AT_END
122.14999999999999,122.46232352516257,,,,PENDING_AT_END
122.49999999999999,122.55267581138752,,,,PENDING_AT_END
122.85,122.91928690130169,,,,PENDING_AT_END
123.19999999999999,123.29067763472369,,,,PENDING_AT_END
123.55,123.57781175967885,,,,PENDING_AT_END
123.89999999999999,124.08380263433365,,,,PENDING_AT_END
124.24999999999999,124.51165156798687,,,,PENDING_AT_END
124.6,124.8348958819114,,,,PENDING_AT_END
124.94999999999999,125.23569565111555,,,,PENDING_AT_END
125.3,125.60822195456008,,,,PENDING_AT_END
125.64999999999999,125.95516782608497,,,,PENDING_AT_END
125.99999999999999,126.29900025749139,,,,PENDING_AT_END
126.35,126.73338521026244,,,,PENDING_AT_END
126.69999999999999,126.74209694402796,,,,PENDING_AT_END
127.05,127.07375095199352,,,,PENDING_AT_END
127.39999999999999,127.54605436373534,,,,PENDING_AT_END
127.74999999999999,127.86513037179178,,,,PENDING_AT_END
128.1,128.44388936347266,,,,PENDING_AT_END
128.45,128.6073711842696,,,,PENDING_AT_END
128.79999999999998,129.04849615700252,,,,PENDING_AT_END
129.15,129.18783526766086,,,,PENDING_AT_END
129.5,129.80109736165969,,,,PENDING_AT_END
129.85,130.1901067677763,,,,PENDING_AT_END
130.2,130.39255835464604,,,,PENDING_AT_END
130.54999999999998,130.8861911745012,,,,PENDING_AT_END
130.9,131.12521243891777,,,,PENDING_AT_END
131.25,131.46521113600846,,,,PENDING_AT_END
131.6,131.96274596755555,,,,PENDING_AT_END
131.95,132.01256953610414,,,,PENDING_AT_END
132.29999999999998,132.61006949256236,,,,PENDING_AT_END
132.65,132.90720001429153,,,,PENDING_AT_END
133.0,133.22999214610775,,,,PENDING_AT_END
133.35,133.42851782736878,,,,PENDING_AT_END
133.7,133.73635901019378,,,,PENDING_AT_END
134.04999999999998,134.11801926528554,,,,PENDING_AT_END
134.39999999999998,134.43700545059858,,,,PENDING_AT_END
134.75,135.06750538828345,,,,PENDING_AT_END
135.1,135.42619359122173,,,,PENDING_AT_END
135.45,135.69724188693948,,,,PENDING_AT_END
135.79999999999998,135.99592913723794,,,,PENDING_AT_END
136.14999999999998,136.33888790602794,,,,PENDING_AT_END
136.5,136.70917238537845,,,,PENDING_AT_END
136.85,137.01660684264039,,,,PENDING_AT_END
137.2,137.2732236306221,,,,PENDING_AT_END
137.54999999999998,137.90746621087928,,,,PENDING_AT_END
137.89999999999998,138.28882217527064,,,,PENDING_AT_END
138.25,138.52804602934583,,,,PENDING_AT_END
138.6,138.636190096641,,,,PENDING_AT_END
138.95,139.11302229833825,,,,PENDING_AT_END
139.29999999999998,139.46910026835016,,,,PENDING_AT_END
139.64999999999998,139.86715921447558,,,,PENDING_AT_END
140.0,140.15944168946947,,,,PENDING_AT_END
140.35,140.7450823416386,,,,PENDING_AT_END
140.7,140.8543482173548,,,,PENDING_AT_END
141.04999999999998,141.31578517656945,,,,PENDING_AT_END
141.39999999999998,141.6588889241749,,,,PENDING_AT_END
141.75,141.86375864672476,,,,PENDING_AT_END
142.1,142.22960269265073,,,,PENDING_AT_END
142.45,142.67994668599113,,,,PENDING_AT_END
142.79999999999998,142.8021049760749,,,,PENDING_AT_END
143.14999999999998,143.4490190428932,,,,PENDING_AT_END
143.5,143.87223535761677,,,,PENDING_AT_END
143.85,143.91400540327376,,,,PENDING_AT_END
144.2,144.34010159143145,,,,PENDING_AT_END
144.54999999999998,144.70446729062232,,,,PENDING_AT_END
144.89999999999998,145.22733385788422,,,,PENDING_AT_END
145.25,145.5026893367163,,,,PENDING_AT_END
145.6,145.88870151188317,,,,PENDING_AT_END
145.95,146.2780438700599,,,,PENDING_AT_END
146.29999999999998,146.54188877096837,,,,PENDING_AT_END
146.64999999999998,146.87347680517826,,,,PENDING_AT_END
147.0,147.32136713882431,,,,PENDING_AT_END
147.35,147.56143603324344,,,,PENDING_AT_END
147.7,148.0835183559746,,,,PENDING_AT_END
148.04999999999998,148.2380382208958,,,,PENDING_AT_END
148.39999999999998,148.43053772094964,,,,PENDING_AT_END
148.75,149.05596039615182,,,,PENDING_AT_END
149.1,149.426129006431,,,,PENDING_AT_END
149.45,149.53067425166114,,,,PENDING_AT_END
149.79999999999998,150.08306627992047,,,,PENDING_AT_END
150.14999999999998,150.24336484775165,,,,PENDING_AT_END
150.5,150.8081070640353,,,,PENDING_AT_END
150.85,150.92644743612922,,,,PENDING_AT_END
151.2,151.24689475069175,,,,PENDING_AT_END
151.54999999999998,151.64745213374383,,,,PENDING_AT_END
151.89999999999998,151.9470374437933,,,,PENDING_AT_END
152.25,152.52790710074117,,,,PENDING_AT_END
152.6,152.87471798339882,,,,PENDING_AT_END
152.95,153.14562140329326,,,,PENDING_AT_END
153.29999999999998,153.32080316971772,,,,PENDING_AT_END
153.64999999999998,153.93829200503342,,,,PENDING_AT_END
154.0,154.11436559653288,,,,PENDING_AT_END
154.35,154.47382846915755,,,,PENDING_AT_END
154.7,155.05351320469327,,,,PENDING_AT_END
155.04999999999998,155.26140409645225,,,,PENDING_AT_END
155.39999999999998,155.7709083861256,,,,PENDING_AT_END
155.75,156.10880702674774,,,,PENDING_AT_END
156.1,156.32846813126073,,,,PENDING_AT_END
156.45,156.71226319541563,,,,PENDING_AT_END
156.79999999999998,157.13539394742114,,,,PENDING_AT_END
157.14999999999998,157.26164510502963,,,,PENDING_AT_END
157.5,157.73144693217841,,,,PENDING_AT_END
157.85,158.0928331515597,,,,PENDING_AT_END
158.2,158.23577476745277,,,,PENDING_AT_END
158.54999999999998,158.64562280786024,,,,PENDING_AT_END
158.89999999999998,159.19255921605145,,,,PENDING_AT_END
159.25,159.34027938493716,,,,PENDING_AT_END
159.6,159.7898713606235,,,,PENDING_AT_END
159.95,160.1937215659488,,,,PENDING_AT_END
160.29999999999998,160.46185069105317,,,,PENDING_AT_END
160.64999999999998,161.0391186163228,,,,PENDING_AT_END
161.0,161.13395873223567,,,,PENDING_AT_END
161.35,161.3505919818903,,,,PENDING_AT_END
161.7,161.94643575985077,,,,PENDING_AT_END
162.04999999999998,162.2095010770532,,,,PENDING_AT_END
162.39999999999998,162.4209410869492,,,,PENDING_AT_END
162.75,162.92148248928004,,,,PENDING_AT_END
163.1,163.21303298129718,,,,PENDING_AT_END
163.45,163.45243181466316,,,,PENDING_AT_END
163.79999999999998,163.88390975820911,,,,PENDING_AT_END
164.14999999999998,164.16191027969705,,,,PENDING_AT_END
164.5,164.80166133141603,,,,PENDING_AT_END
164.85,165.0424738569263,,,,PENDING_AT_END
165.2,165.37027120543564,,,,PENDING_AT_END
165.54999999999998,165.83620327904404,,,,PENDING_AT_END
165.89999999999998,165.9347174057096,,,,PENDING_AT_END
166.25,166.63490239981508,,,,PENDING_AT_END
166.6,166.75328361268603,,,,PENDING_AT_END
166.95,167.24637437508557,,,,PENDING_AT_END
167.29999999999998,167.45671774453567,,,,PENDING_AT_END
167.64999999999998,167.66744142575334,,,,PENDING_AT_END
168.0,168.11368418382006,,,,PENDING_AT_END
168.35,168.57318003599104,,,,PENDING_AT_END
168.7,168.785952449881,,,,PENDING_AT_END
169.04999999999998,169.44549998488574,,,,PENDING_AT_END
169.39999999999998,169.51231676053487,,,,PENDING_AT_END
169.75,170.0767060505077,,,,PENDING_AT_END
170.1,170.30143214720877,,,,PENDING_AT_END
170.45,170.7144150326768,,,,PENDING_AT_END
170.79999999999998,170.84274986816408,,,,PENDING_AT_END
171.14999999999998,171.27288767178516,,,,PENDING_AT_END
171.5,171.61876214233064,,,,PENDING_AT_END
171.85,172.23451795898293,,,,PENDING_AT_END
172.2,172.29740104372672,,,,PENDING_AT_END
172.54999999999998,172.85479619362073,,,,PENDING_AT_END
172.89999999999998,173.27224576337892,,,,PENDING_AT_END
173.25,173.58553110399788,,,,PENDING_AT_END
173.6,173.72639620763354,,,,PENDING_AT_END
173.95,174.20951975935992,,,,PENDING_AT_END
174.29999999999998,174.58750423266113,,,,PENDING_AT_END
174.64999999999998,174.96031068760482,,,,PENDING_AT_END
175.0,175.1405631373624,,,,PENDING_AT_END
175.35,175.4078514289629,,,,PENDING_AT_END
175.7,175.7912272139186,,,,PENDING_AT_END
176.04999999999998,176.1322491891543,,,,PENDING_AT_END
176.39999999999998,176.61414066185284,,,,PENDING_AT_END
176.75,176.7736231982421,,,,PENDING_AT_END
177.1,177.43938834185403,,,,PENDING_AT_END
177.45,177.75568837851318,,,,PENDING_AT_END
177.79999999999998,177.99812098884215,,,,PENDING_AT_END
178.14999999999998,178.39707449555584,,,,PENDING_AT_END
178.5,178.70498883296216,,,,PENDING_AT_END
178.85,178.86792225921877,,,,PENDING_AT_END
179.2,179.540475370766,,,,PENDING_AT_END
179.54999999999998,179.633539901776,,,,PENDING_AT_END
179.89999999999998,180.1774380150033,,,,PENDING_AT_END
180.25,180.61535213009398,,,,PENDING_AT_END
180.6,180.60412565587953,,,,PENDING_AT_END
180.95,181.03629015120157,,,,PENDING_AT_END
181.29999999999998,181.30106734727352,,,,PENDING_AT_END
181.64999999999998,182.02727109371477,,,,PENDING_AT_END
182.0,182.25292633693653,,,,PENDING_AT_END
182.35,182.67592483093344,,,,PENDING_AT_END
182.7,182.84075151988247,,,,PENDING_AT_END
183.04999999999998,183.2346254521075,,,,PENDING_AT_END
183.39999999999998,183.56115440763358,,,,PENDING_AT_END
183.75,183.8520950108907,,,,PENDING_AT_END
184.1,184.36845631081715,,,,PENDING_AT_END
184.45,184.6558587385088,,,,PENDING_AT_END
184.79999999999998,185.00241879960154,,,,PENDING_AT_END
185.14999999999998,185.1951217915465,,,,PENDING_AT_END
185.5,185.76402088830974,,,,PENDING_AT_END
185.85,186.08845404404215,,,,PENDING_AT_END
186.2,186.39248522800108,,,,PENDING_AT_END
186.54999999999998,186.86382541728446,,,,PENDING_AT_END
186.89999999999998,187.2977209921384,,,,PENDING_AT_END
187.25,187.34014767574183,,,,PENDING_AT_END
187.6,187.65849485933765,,,,PENDING_AT_END
187.95,187.99270000772736,,,,PENDING_AT_END
188.29999999999998,188.54007405096806,,,,PENDING_AT_END
188.64999999999998,188.6713377804939,,,,PENDING_AT_END
189.0,189.24847284289478,,,,PENDING_AT_END
189.35,189.39662850880276,,,,PENDING_AT_END
189.7,189.9411692283188,,,,PENDING_AT_END
190.04999999999998,190.2602513420633,,,,PENDING_AT_END
190.39999999999998,190.45515502130093,,,,PENDING_AT_END
190.75,191.02450310105633,,,,PENDING_AT_END
191.1,191.32190922900745,,,,PENDING_AT_END
191.45,191.8021436185321,,,,PENDING_AT_END
191.79999999999998,192.02958586504602,,,,PENDING_AT_END
192.14999999999998,192.51145814049858,,,,PENDING_AT_END
192.5,192.8908186778773,,,,PENDING_AT_END
192.85,193.18601040721578,,,,PENDING_AT_END
193.2,193.3117774500335,,,,PENDING_AT_END
193.54999999999998,193.79883232174197,,,,PENDING_AT_END
193.89999999999998,194.1455667928484,,,,PENDING_AT_END
194.25,194.58483668756816,,,,PENDING_AT_END
194.6,194.68790284893421,,,,PENDING_AT_END
194.95,195.10398738061474,,,,PENDING_AT_END
195.29999999999998,195.68871987836675,,,,PENDING_AT_END
195.64999999999998,196.01164027866992,,,,PENDING_AT_END
196.0,196.240789151225,,,,PENDING_AT_END
196.35,196.6015230506596,,,,PENDING_AT_END
196.7,196.86859913061363,,,,PENDING_AT_END
197.04999999999998,197.09519017044894,,,,PENDING_AT_END
197.39999999999998,197.64528043695498,,,,PENDING_AT_END
197.75,197.76420544153723,,,,PENDING_AT_END
198.1,198.45841484139552,,,,PENDING_AT_END
198.45,198.65793000676297,,,,PENDING_AT_END
198.79999999999998,198.86209403550535,,,,PENDING_AT_END
199.14999999999998,199.45941618013927,,,,PENDING_AT_END
199.5,199.55905408466896,,,,PENDING_AT_END
199.85,200.18894654574856,,,,PENDING_AT_END
200.2,200.42107198128377,,,,PENDING_AT_END
200.54999999999998,200.83286250581088,,,,PENDING_AT_END
200.89999999999998,200.97308393192196,,,,PENDING_AT_END
201.25,201.39960139456957,,,,PENDING_AT_END
201.6,201.7833351740742,,,,PENDING_AT_END
201.95,202.08034399652223,,,,PENDING_AT_END
202.29999999999998,202.49872101837897,,,,PENDING_AT_END
202.64999999999998,202.70436292429292,,,,PENDING_AT_END
203.0,203.2767983795319,,,,PENDING_AT_END
203.35,203.48327876809893,,,,PENDING_AT_END
203.7,203.7528234891726,,,,PENDING_AT_END
204.04999999999998,204.305123583427,,,,PENDING_AT_END
204.39999999999998,204.41125400558315,,,,PENDING_AT_END
204.75,204.77585825905015,,,,PENDING_AT_END
205.1,205.317446472804,,,,PENDING_AT_END
205.45,205.8156348873074,,,,PENDING_AT_END
205.79999999999998,206.13532069782994,,,,PENDING_AT_END
206.14999999999998,206.32771248862633,,,,PENDING_AT_END
206.5,206.5185210448778,,,,PENDING_AT_END
206.85,207.09669490278193,,,,PENDING_AT_END
207.2,207.34397962351284,,,,PENDING_AT_END
207.54999999999998,207.85827529975015,,,,PENDING_AT_END
207.89999999999998,208.21643863749887,,,,PENDING_AT_END
208.25,208.4485204351132,,,,PENDING_AT_END
208.6,208.79475929421952,,,,PENDING_AT_END
208.95,209.24106144538723,,,,PENDING_AT_END
209.29999999999998,209.65516882379413,,,,PENDING_AT_END
209.64999999999998,209.8687080082699,,,,PENDING_AT_END
210.0,210.31261397452477,,,,PENDING_AT_END
210.35,210.53862143493538,,,,PENDING_AT_END
210.7,210.77587965683222,,,,PENDING_AT_END
211.04999999999998,211.05397438857668,,,,PENDING_AT_END
211.39999999999998,211.65059172586848,,,,PENDING_AT_END
211.75,212.07687877402446,,,,PENDING_AT_END
212.1,212.30105699065595,,,,PENDING_AT_END
212.45,212.69118613450655,,,,PENDING_AT_END
212.79999999999998,212.85242718160603,,,,PENDING_AT_END
213.14999999999998,213.5164813549501,,,,PENDING_AT_END
213.5,213.65672684223415,,,,PENDING_AT_END
213.85,214.0200621343038,,,,PENDING_AT_END
214.2,214.2520242858447,,,,PENDING_AT_END
214.54999999999998,214.68384364970726,,,,PENDING_AT_END
214.89999999999998,215.10324996877716,,,,PENDING_AT_END
215.25,215.46633434294353,,,,PENDING_AT_END
215.6,215.75037881837423,,,,PENDING_AT_END
215.95,216.12573279532813,,,,PENDING_AT_END
216.29999999999998,216.50055169147836,,,,PENDING_AT_END
216.64999999999998,216.95912920411246,,,,PENDING_AT_END
217.0,217.30463216835608,,,,PENDING_AT_END
217.35,217.73962086511372,,,,PENDING_AT_END
217.7,217.86028270562093,,,,PENDING_AT_END
218.04999999999998,218.3919681364712,,,,PENDING_AT_END
218.39999999999998,218.65558843618118,,,,PENDING_AT_END
218.75,218.9226145647445,,,,PENDING_AT_END
219.1,219.12624634971402,,,,PENDING_AT_END
219.45,219.730383783129,,,,PENDING_AT_END
219.79999999999998,220.09885062722643,,,,PENDING_AT_END
220.14999999999998,220.517184267515,,,,PENDING_AT_END
220.5,220.50328842402223,,,,PENDING_AT_END
220.85,220.93707192994353,,,,PENDING_AT_END
221.2,221.23074265662376,,,,PENDING_AT_END
221.54999999999998,221.8380272384924,,,,PENDING_AT_END
221.89999999999998,222.01951542093786,,,,PENDING_AT_END
222.25,222.2723909534734,,,,PENDING_AT_END
222.6,222.68200591467323,,,,PENDING_AT_END
222.95,223.17333640319367,,,,PENDING_AT_END
223.29999999999998,223.3009771677503,,,,PENDING_AT_END
223.64999999999998,223.79141662076256,,,,PENDING_AT_END
224.0,224.08180690130627,,,,PENDING_AT_END
224.35,224.49126671541947,,,,PENDING_AT_END
224.7,225.06687307359675,,,,PENDING_AT_END
225.04999999999998,225.05416184887915,,,,PENDING_AT_END
225.39999999999998,225.5441595992255,,,,PENDING_AT_END
225.74999999999997,225.96314922931785,,,,PENDING_AT_END
226.1,226.24834360382053,,,,PENDING_AT_END
226.45,226.52609323055293,,,,PENDING_AT_END
226.79999999999998,227.07500239474123,,,,PENDING_AT_END
227.14999999999998,227.2783251632829,,,,PENDING_AT_END
227.49999999999997,227.85675342248302,,,,PENDING_AT_END
227.85,227.967332320768,,,,PENDING_AT_END
228.2,228.27357948520904,,,,PENDING_AT_END
228.54999999999998,228.68134685277235,,,,PENDING_AT_END
228.89999999999998,228.9275121071201,,,,PENDING_AT_END
229.24999999999997,229.61619681095007,,,,PENDING_AT_END
229.6,229.96501105148562,,,,PENDING_AT_END
229.95,230.3491621545984,,,,PENDING_AT_END
230.29999999999998,230.47659590824392,,,,PENDING_AT_END
230.64999999999998,230.85826553196193,,,,PENDING_AT_END
230.99999999999997,231.08741705680856,,,,PENDING_AT_END
231.35,231.73354774374863,,,,PENDING_AT_END
231.7,232.01968296006697,,,,PENDING_AT_END
232.04999999999998,232.20599440642653,,,,PENDING_AT_END
232.39999999999998,232.43921725682634,,,,PENDING_AT_END
232.74999999999997,232.9586843006148,,,,PENDING_AT_END
233.1,233.4902217960305,,,,PENDING_AT_END
233.45,233.52476687067457,,,,PENDING_AT_END
233.79999999999998,233.9435826882058,,,,PENDING_AT_END
234.14999999999998,234.4217114107928,,,,PENDING_AT_END
234.49999999999997,234.7045980154559,,,,PENDING_AT_END
234.85,234.8970293878481,,,,PENDING_AT_END
235.2,235.48016905601145,,,,PENDING_AT_END
235.54999999999998,235.78855435358017,,,,PENDING_AT_END
235.89999999999998,236.1784944911808,,,,PENDING_AT_END
236.24999999999997,236.55177383193754,,,,PENDING_AT_END
236.6,236.85787738804854,,,,PENDING_AT_END
236.95,237.09644821032714,,,,PENDING_AT_END
237.29999999999998,237.40441458128166,,,,PENDING_AT_END
237.64999999999998,237.94044441702073,,,,PENDING_AT_END
237.99999999999997,238.304187786063,,,,PENDING_AT_END
238.35,238.58728795406265,,,,PENDING_AT_END
238.7,239.00269248690387,,,,PENDING_AT_END
239.04999999999998,239.22102308586759,,,,PENDING_AT_END
239.39999999999998,239.5041055731768,,,,PENDING_AT_END
239.74999999999997,240.0363776868097,,,,PENDING_AT_END
240.1,240.23122528962116,,,,PENDING_AT_END
240.45,240.82317386740948,,,,PENDING_AT_END
240.79999999999998,240.8085303522889,,,,PENDING_AT_END
241.14999999999998,241.4464112842162,,,,PENDING_AT_END
241.49999999999997,241.77228637836927,,,,PENDING_AT_END
241.85,242.13423066737417,,,,PENDING_AT_END
242.2,242.2275832552146,,,,PENDING_AT_END
242.54999999999998,242.92224890065725,,,,PENDING_AT_END
242.89999999999998,243.26847469977542,,,,PENDING_AT_END
243.24999999999997,243.56802735123856,,,,PENDING_AT_END
243.6,243.89072266759413,,,,PENDING_AT_END
243.95,244.17403057686835,,,,PENDING_AT_END
244.29999999999998,244.50385698103813,,,,PENDING_AT_END
244.64999999999998,244.93274081869708,,,,PENDING_AT_END
244.99999999999997,245.20357858159466,,,,PENDING_AT_END
245.35,245.46638624440382,,,,PENDING_AT_END
245.7,245.98608030732396,,,,PENDING_AT_END
246.04999999999998,246.16177324597695,,,,PENDING_AT_END
246.39999999999998,246.7932558098659,,,,PENDING_AT_END
246.74999999999997,247.10590124067298,,,,PENDING_AT_END
247.1,247.2448239967117,,,,PENDING_AT_END
247.45,247.73469932767938,,,,PENDING_AT_END
247.79999999999998,248.13071779678498,,,,PENDING_AT_END
248.14999999999998,248.27479083433496,,,,PENDING_AT_END
248.49999999999997,248.57320373748226,,,,PENDING_AT_END
248.85,249.0863550971595,,,,PENDING_AT_END
249.2,249.45213227294522,,,,PENDING_AT_END
249.54999999999998,249.61307286900504,,,,PENDING_AT_END
249.89999999999998,249.96239325272126,,,,PENDING_AT_END
250.24999999999997,250.41117100047668,,,,PENDING_AT_END
250.6,250.8330847183877,,,,PENDING_AT_END
250.95,251.00695214147646,,,,PENDING_AT_END
251.29999999999998,251.6056080660562,,,,PENDING_AT_END
251.64999999999998,251.73885134123174,,,,PENDING_AT_END
251.99999999999997,252.29528768278996,,,,PENDING_AT_END
252.35,252.7086314733955,,,,PENDING_AT_END
252.7,252.9519956246055,,,,PENDING_AT_END
253.04999999999998,253.1141821268291,,,,PENDING_AT_END
253.39999999999998,253.78961980655555,,,,PENDING_AT_END
253.74999999999997,253.9240945552414,,,,PENDING_AT_END
254.1,254.31543594116513,,,,PENDING_AT_END
254.45,254.6710205966005,,,,PENDING_AT_END
254.79999999999998,254.93851186673524,,,,PENDING_AT_END
255.14999999999998,255.1894517084461,,,,PENDING_AT_END
255.49999999999997,255.5171711505641,,,,PENDING_AT_END
255.85,256.13137984710073,,,,PENDING_AT_END
256.2,256.2896213005071,,,,PENDING_AT_END
256.55,256.78862158963824,,,,PENDING_AT_END
256.9,256.9305560475656,,,,PENDING_AT_END
257.25,257.32334622959104,,,,PENDING_AT_END
257.59999999999997,257.92712326836414,,,,PENDING_AT_END
257.95,258.09087181046226,,,,PENDING_AT_END
258.3,258.6587514920877,,,,PENDING_AT_END
258.65,258.6591091711707,,,,PENDING_AT_END
259.0,259.30549475641305,,,,PENDING_AT_END
259.34999999999997,259.4648153269241,,,,PENDING_AT_END
259.7,260.0421162846224,,,,PENDING_AT_END
260.05,260.3679843850718,,,,PENDING_AT_END
260.4,260.6039044205643,,,,PENDING_AT_END
260.75,260.80941637837657,,,,PENDING_AT_END
261.09999999999997,261.4022237456126,,,,PENDING_AT_END
261.45,261.7680694251712,,,,PENDING_AT_END
261.8,261.80732118541977,,,,PENDING_AT_END
262.15,262.502217526255,,,,PENDING_AT_END
262.5,262.7457881788142,,,,PENDING_AT_END
262.84999999999997,263.0517255977457,,,,PENDING_AT_END
263.2,263.4232006977929,,,,PENDING_AT_END
263.55,263.9020465013835,,,,PENDING_AT_END
263.9,264.2306877145942,,,,PENDING_AT_END
264.25,264.6103925360553,,,,PENDING_AT_END
264.59999999999997,264.68358650384545,,,,PENDING_AT_END
264.95,265.28853623932633,,,,PENDING_AT_END
265.3,265.5422243341455,,,,PENDING_AT_END
265.65,265.7570280437716,,,,PENDING_AT_END
266.0,266.25590588743876,,,,PENDING_AT_END
266.34999999999997,266.50946173074084,,,,PENDING_AT_END
266.7,266.9174248855082,,,,PENDING_AT_END
267.05,267.1919752152099,,,,PENDING_AT_END
267.4,267.45420474703053,,,,PENDING_AT_END
267.75,268.0156203967133,,,,PENDING_AT_END
268.09999999999997,268.1629773579862,,,,PENDING_AT_END
268.45,268.782851849123,,,,PENDING_AT_END
268.79999999999995,269.1169698263666,,,,PENDING_AT_END
269.15,269.38476183894795,,,,PENDING_AT_END
269.5,269.5437821068342,,,,PENDING_AT_END
269.84999999999997,270.15361754797874,,,,PENDING_AT_END
270.2,270.58444279362317,,,,PENDING_AT_END
270.54999999999995,270.8821576572585,,,,PENDING_AT_END
270.9,271.2370249711669,,,,PENDING_AT_END
271.25,271.3767567164234,,,,PENDING_AT_END
271.59999999999997,271.9158362316237,,,,PENDING_AT_END
271.95,272.2773840110323,,,,PENDING_AT_END
272.29999999999995,272.6788358408072,,,,PENDING_AT_END
272.65,272.97111688947257,,,,PENDING_AT_END
273.0,273.1628992426457,,,,PENDING_AT_END
273.34999999999997,273.6861802700807,,,,PENDING_AT_END
273.7,273.8859660028717,,,,PENDING_AT_END
274.04999999999995,274.11465207918945,,,,PENDING_AT_END
274.4,274.4058213844038,,,,PENDING_AT_END
274.75,274.7746273048141,,,,PENDING_AT_END
275.09999999999997,275.2741509637304,,,,PENDING_AT_END
275.45,275.64436596518243,,,,PENDING_AT_END
275.79999999999995,276.02289214975076,,,,PENDING_AT_END
276.15,276.46384090335255,,,,PENDING_AT_END
276.5,276.7399785452544,,,,PENDING_AT_END
276.84999999999997,276.9313836469477,,,,PENDING_AT_END
277.2,277.2775137763884,,,,PENDING_AT_END
277.54999999999995,277.6380404826955,,,,PENDING_AT_END
277.9,278.2270260156632,,,,PENDING_AT_END
278.25,278.2884786794933,,,,PENDING_AT_END
278.59999999999997,278.95773859218394,,,,PENDING_AT_END
278.95,279.02328269622245,,,,PENDING_AT_END
279.29999999999995,279.6668855145076,,,,PENDING_AT_END
279.65,280.04075969815517,,,,PENDING_AT_END
280.0,280.1872525283186,,,,PENDING_AT_END
280.34999999999997,280.6370361582705,,,,PENDING_AT_END
280.7,281.01699112623504,,,,PENDING_AT_END
281.04999999999995,281.0872094217625,,,,PENDING_AT_END
281.4,281.6126156219865,,,,PENDING_AT_END
281.75,281.86000868542874,,,,PENDING_AT_END
282.09999999999997,282.2977953062472,,,,PENDING_AT_END
282.45,282.68193016604124,,,,PENDING_AT_END
282.79999999999995,282.8067466627281,,,,PENDING_AT_END
283.15,283.2100556003286,,,,PENDING_AT_END
283.5,283.5403189228257,,,,PENDING_AT_END
283.84999999999997,284.18973261202615,,,,PENDING_AT_END
284.2,284.31577113285715,,,,PENDING_AT_END
284.54999999999995,284.7776836187321,,,,PENDING_AT_END
284.9,284.924415099174,,,,PENDING_AT_END
285.25,285.63515323450554,,,,PENDING_AT_END
285.59999999999997,285.7368319952629,,,,PENDING_AT_END
285.95,286.0786010769871,,,,PENDING_AT_END
286.29999999999995,286.50636147396835,,,,PENDING_AT_END
286.65,286.854203638889,,,,PENDING_AT_END
287.0,287.1296133752676,,,,PENDING_AT_END
287.34999999999997,287.535404751298,,,,PENDING_AT_END
287.7,288.09049317869363,,,,PENDING_AT_END
288.04999999999995,288.4440108365171,,,,PENDING_AT_END
288.4,288.4088896607733,,,,PENDING_AT_END
288.75,288.8126103248154,,,,PENDING_AT_END
289.09999999999997,289.42405867287863,,,,PENDING_AT_END
289.45,289.83261229464875,,,,PENDING_AT_END
289.79999999999995,289.9810923300971,,,,PENDING_AT_END
290.15,290.48134196175886,,,,PENDING_AT_END
290.5,290.8723873395613,,,,PENDING_AT_END
290.84999999999997,290.9884685704156,,,,PENDING_AT_END
291.2,291.2168637509864,,,,PENDING_AT_END
291.54999999999995,291.8626802365942,,,,PENDING_AT_END
291.9,292.15604359576935,,,,PENDING_AT_END
292.25,292.330398078818,,,,PENDING_AT_END
292.59999999999997,292.87237581089954,,,,PENDING_AT_END
292.95,293.2611164355073,,,,PENDING_AT_END
293.29999999999995,293.3000685626339,,,,PENDING_AT_END
293.65,294.0390410098312,,,,PENDING_AT_END
294.0,294.16701417350123,,,,PENDING_AT_END
294.34999999999997,294.7389470332725,,,,PENDING_AT_END
294.7,295.034864228921,,,,PENDING_AT_END
295.04999999999995,295.3239802493457,,,,PENDING_AT_END
295.4,295.61724056224307,,,,PENDING_AT_END
295.75,295.8944568802842,,,,PENDING_AT_END
296.09999999999997,296.12431651300216,,,,PENDING_AT_END
296.45,296.7341485393535,,,,PENDING_AT_END
296.79999999999995,297.173916640971,,,,PENDING_AT_END
297.15,297.3997513291056,,,,PENDING_AT_END
297.5,297.7881643123293,,,,PENDING_AT_END
297.84999999999997,297.9291954502448,,,,PENDING_AT_END
298.2,298.2276253241908,,,,PENDING_AT_END
298.54999999999995,298.76446299666316,,,,PENDING_AT_END
298.9,299.04122993798785,,,,PENDING_AT_END
299.25,299.61834902858595,,,,PENDING_AT_END
299.59999999999997,299.62837944037057,,,,PENDING_AT_END
299.95,300.0022482267321,,,,PENDING_AT_END
300.29999999999995,300.6533489009603,,,,PENDING_AT_END
300.65,301.0487439690612,,,,PENDING_AT_END
301.0,301.2982376517939,,,,PENDING_AT_END
301.34999999999997,301.6753397248179,,,,PENDING_AT_END
301.7,301.8155551475307,,,,PENDING_AT_END
302.04999999999995,302.17903744357875,,,,PENDING_AT_END
302.4,302.61506197122696,,,,PENDING_AT_END
302.75,302.7921744691249,,,,PENDING_AT_END
303.09999999999997,303.4234028183402,,,,PENDING_AT_END
303.45,303.71697695614574,,,,PENDING_AT_END
303.79999999999995,303.86936087598406,,,,PENDING_AT_END
304.15,304.47387817849744,,,,PENDING_AT_END
304.5,304.84960340832265,,,,PENDING_AT_END
304.84999999999997,304.8588449203684,,,,PENDING_AT_END
305.2,305.52078276989283,,,,PENDING_AT_END
305.54999999999995,305.9236700861286,,,,PENDING_AT_END
305.9,305.9268271814375,,,,PENDING_AT_END
306.25,306.31823758984933,,,,PENDING_AT_END
306.59999999999997,306.7266003813142,,,,PENDING_AT_END
306.95,306.96189381801963,,,,PENDING_AT_END
307.29999999999995,307.53987077120144,,,,PENDING_AT_END
307.65,307.6816122276713,,,,PENDING_AT_END
308.0,308.1929403263389,,,,PENDING_AT_END
308.34999999999997,308.71983978304326,,,,PENDING_AT_END
308.7,308.98488976789207,,,,PENDING_AT_END
309.04999999999995,309.275638348799,,,,PENDING_AT_END
309.4,309.4083497579302,,,,PENDING_AT_END
309.75,310.13562958329624,,,,PENDING_AT_END
310.09999999999997,310.28643165719456,,,,PENDING_AT_END
310.45,310.73039935240655,,,,PENDING_AT_END
310.79999999999995,310.8045750047595,,,,PENDING_AT_END
311.15,311.5470555317413,,,,PENDING_AT_END
311.5,311.57337889713176,,,,PENDING_AT_END
311.84999999999997,311.9789802873558,,,,PENDING_AT_END
312.2,312.53553187822416,,,,PENDING_AT_END
312.54999999999995,312.5676743122219,,,,PENDING_AT_END
312.9,313.2748775942672,,,,PENDING_AT_END
313.25,313.5756040200396,,,,PENDING_AT_END
313.59999999999997,313.7332209843733,,,,PENDING_AT_END
313.95,313.98107015033025,,,,PENDING_AT_END
314.29999999999995,314.5742701419647,,,,PENDING_AT_END
314.65,314.971245299418,,,,PENDING_AT_END
315.0,315.25799161968655,,,,PENDING_AT_END
315.34999999999997,315.36490010016536,,,,PENDING_AT_END
315.7,315.9400491265315,,,,PENDING_AT_END
316.04999999999995,316.1211454308009,,,,PENDING_AT_END
316.4,316.7388460086671,,,,PENDING_AT_END
316.75,317.06426941102825,,,,PENDING_AT_END
317.09999999999997,317.18842079463235,,,,PENDING_AT_END
317.45,317.8023642391476,,,,PENDING_AT_END
317.79999999999995,318.08026751371676,,,,PENDING_AT_END
318.15,318.40650323414957,,,,PENDING_AT_END
318.5,318.6939217299757,,,,PENDING_AT_END
318.84999999999997,319.03562735310965,,,,PENDING_AT_END
319.2,319.4906131021755,,,,PENDING_AT_END
319.54999999999995,319.8019874871344,,,,PENDING_AT_END
319.9,320.06778095195637,,,,PENDING_AT_END
320.25,320.27047073461813,,,,PENDING_AT_END
320.59999999999997,320.7435264810711,,,,PENDING_AT_END
320.95,321.19667989128874,,,,PENDING_AT_END
321.29999999999995,321.6583479861057,,,,PENDING_AT_END
321.65,321.70119787893464,,,,PENDING_AT_END
322.0,322.0822760360767,,,,PENDING_AT_END
322.34999999999997,322.68861375984244,,,,PENDING_AT_END
322.7,323.0176874752629,,,,PENDING_AT_END
323.04999999999995,323.3956709729356,,,,PENDING_AT_END
323.4,323.4985350846298,,,,PENDING_AT_END
323.75,323.77823928216367,,,,PENDING_AT_END
324.09999999999997,324.1381891344774,,,,PENDING_AT_END
324.45,324.742621936935,,,,PENDING_AT_END
324.79999999999995,324.9301163810271,,,,PENDING_AT_END
325.15,325.3514117832858,,,,PENDING_AT_END
325.5,325.5635253850795,,,,PENDING_AT_END
325.84999999999997,326.2162080312259,,,,PENDING_AT_END
326.2,326.234227837668,,,,PENDING_AT_END
326.54999999999995,326.8325284618073,,,,PENDING_AT_END
326.9,327.1143592430619,,,,PENDING_AT_END
327.25,327.5662431508556,,,,PENDING_AT_END
327.59999999999997,327.64397149214693,,,,PENDING_AT_END
327.95,328.33121555494046,,,,PENDING_AT_END
328.29999999999995,328.5733847567175,,,,PENDING_AT_END
328.65,328.9237926431141,,,,PENDING_AT_END
329.0,329.1074495504613,,,,PENDING_AT_END
329.34999999999997,329.3782080960148,,,,PENDING_AT_END
329.7,329.9433180241062,,,,PENDING_AT_END
330.04999999999995,330.21455276633014,,,,PENDING_AT_END
330.4,330.48606624152796,,,,PENDING_AT_END
330.75,330.7558098412861,,,,PENDING_AT_END
331.09999999999997,331.2046413929152,,,,PENDING_AT_END
331.45,331.78016108137734,,,,PENDING_AT_END
331.79999999999995,332.0676666208552,,,,PENDING_AT_END
332.15,332.3922672077265,,,,PENDING_AT_END
332.5,332.7083517322636,,,,PENDING_AT_END
332.84999999999997,332.9398966882283,,,,PENDING_AT_END
333.2,333.32709691141173,,,,PENDING_AT_END
333.54999999999995,333.5677511239064,,,,PENDING_AT_END
333.9,334.24927175980474,,,,PENDING_AT_END
334.25,334.6399323879697,,,,PENDING_AT_END
334.59999999999997,334.8501730813247,,,,PENDING_AT_END
334.95,335.2044474461416,,,,PENDING_AT_END
335.29999999999995,335.39682122040745,,,,PENDING_AT_END
335.65,335.7475324509677,,,,PENDING_AT_END
336.0,336.2422712347327,,,,PENDING_AT_END
336.34999999999997,336.7011296067114,,,,PENDING_AT_END
336.7,337.04281778503224,,,,PENDING_AT_END
337.04999999999995,337.090490343224,,,,PENDING_AT_END
337.4,337.69615882450375,,,,PENDING_AT_END
337.75,337.8909581311864,,,,PENDING_AT_END
338.09999999999997,338.2260059642543,,,,PENDING_AT_END
338.45,338.56241668438287,,,,PENDING_AT_END
338.79999999999995,339.01599258787564,,,,PENDING_AT_END
339.15,339.31409026722486,,,,PENDING_AT_END
339.5,339.52191419773726,,,,PENDING_AT_END
339.84999999999997,340.11860084031883,,,,PENDING_AT_END
340.2,340.519515315089,,,,PENDING_AT_END
340.54999999999995,340.8449774913604,,,,PENDING_AT_END
340.9,341.0978663641613,,,,PENDING_AT_END
341.25,341.3837427034988,,,,PENDING_AT_END
341.59999999999997,341.9750679988678,,,,PENDING_AT_END
341.95,342.27760444401184,,,,PENDING_AT_END
342.29999999999995,342.3237803859985,,,,PENDING_AT_END
342.65,342.71279766068994,,,,PENDING_AT_END
343.0,343.02429596436275,,,,PENDING_AT_END
343.34999999999997,343.6942886259996,,,,PENDING_AT_END
343.7,343.9380311017931,,,,PENDING_AT_END
344.04999999999995,344.12604271065106,,,,PENDING_AT_END
344.4,344.7979686578087,,,,PENDING_AT_END
344.75,345.03490339881057,,,,PENDING_AT_END
345.09999999999997,345.4153231827909,,,,PENDING_AT_END
345.45,345.45860766812694,,,,PENDING_AT_END
345.79999999999995,345.8200811320879,,,,PENDING_AT_END
346.15,346.3170052849365,,,,PENDING_AT_END
346.5,346.71876765842944,,,,PENDING_AT_END
346.84999999999997,347.169211799331,,,,PENDING_AT_END
347.2,347.2053389350212,,,,PENDING_AT_END
347.54999999999995,347.63586473699127,,,,PENDING_AT_END
347.9,348.2239877104065,,,,PENDING_AT_END
348.25,348.4540859737473,,,,PENDING_AT_END
348.59999999999997,348.73471616145827,,,,PENDING_AT_END
348.95,349.01469074653295,,,,PENDING_AT_END
349.29999999999995,349.3445805734592,,,,PENDING_AT_END
349.65,349.7501063214926,,,,PENDING_AT_END
350.0,350.1873597279623,,,,PENDING_AT_END
350.34999999999997,350.4767179126234,,,,PENDING_AT_END
350.7,351.0275468481986,,,,PENDING_AT_END
351.04999999999995,351.42174003517255,,,,PENDING_AT_END
351.4,351.74632471248435,,,,PENDING_AT_END
351.75,352.08605642571104,,,,PENDING_AT_END
352.09999999999997,352.46283432311833,,,,PENDING_AT_END
352.45,352.50792459957955,,,,PENDING_AT_END
352.79999999999995,352.9506175043756,,,,PENDING_AT_END
353.15,353.54056803593744,,,,PENDING_AT_END
353.5,353.58392512068144,,,,PENDING_AT_END
353.84999999999997,353.9121910038976,,,,PENDING_AT_END
354.2,354.24755946256056,,,,PENDING_AT_END
354.54999999999995,354.71514751068685,,,,PENDING_AT_END
354.9,354.9029805086981,,,,PENDING_AT_END
355.25,355.3778197133372,,,,PENDING_AT_END
355.59999999999997,355.9026578070016,,,,PENDING_AT_END
355.95,356.21878751554544,,,,PENDING_AT_END
356.29999999999995,356.44882482824653,,,,PENDING_AT_END
356.65,356.9924543271037,,,,PENDING_AT_END
357.0,357.0263289816446,,,,PENDING_AT_END
357.34999999999997,357.3687622543568,,,,PENDING_AT_END
357.7,357.9255364708777,,,,PENDING_AT_END
358.04999999999995,358.30179005738125,,,,PENDING_AT_END
358.4,358.6483448129659,,,,PENDING_AT_END
358.75,359.0783572738543,,,,PENDING_AT_END
359.09999999999997,359.34358422844747,,,,PENDING_AT_END
359.45,359.5220255428042,,,,PENDING_AT_END
359.79999999999995,360.1154516210123,,,,PENDING_AT_END
360.15,360.5476076495868,,,,PENDING_AT_END
360.5,360.61630034340294,,,,PENDING_AT_END
360.84999999999997,361.09511261730853,,,,PENDING_AT_END
361.2,361.5054592415435,,,,PENDING_AT_END
361.54999999999995,361.5566182389108,,,,PENDING_AT_END
361.9,361.9081649220549,,,,PENDING_AT_END
362.25,362.366644455009,,,,PENDING_AT_END
362.59999999999997,362.75114419214293,,,,PENDING_AT_END
362.95,362.9789020221113,,,,PENDING_AT_END
363.29999999999995,363.44372633496073,,,,PENDING_AT_END
363.65,363.7046728744656,,,,PENDING_AT_END
364.0,364.3587013192654,,,,PENDING_AT_END
364.34999999999997,364.4112853793992,,,,PENDING_AT_END
364.7,365.0410982373656,,,,PENDING_AT_END
365.04999999999995,365.209765322714,,,,PENDING_AT_END
365.4,365.7694492223949,,,,PENDING_AT_END
365.75,365.98366807663854,,,,PENDING_AT_END
366.09999999999997,366.2426947109662,,,,PENDING_AT_END
366.45,366.64399469302674,,,,PENDING_AT_END
366.79999999999995,367.1270380871513,,,,PENDING_AT_END
367.15,367.4640996184181,,,,PENDING_AT_END
367.5,367.62179494236307,,,,PENDING_AT_END
367.84999999999997,368.11516103913783,,,,PENDING_AT_END
368.2,368.49182923142683,,,,PENDING_AT_END
368.54999999999995,368.65035331643446,,,,PENDING_AT_END
368.9,369.0056839729682,,,,PENDING_AT_END
369.25,369.47977951779694,,,,PENDING_AT_END
369.59999999999997,369.77390792465854,,,,PENDING_AT_END
369.95,370.0704340509141,,,,PENDING_AT_END
370.29999999999995,370.64558484106317,,,,PENDING_AT_END
370.65,370.8604489587034,,,,PENDING_AT_END
371.0,371.3325377111032,,,,PENDING_AT_END
371.34999999999997,371.59357135637634,,,,PENDING_AT_END
371.7,371.82029012458344,,,,PENDING_AT_END
372.04999999999995,372.31215046827447,,,,PENDING_AT_END
372.4,372.60071579373766,,,,PENDING_AT_END
372.75,372.90484049856445,,,,PENDING_AT_END
373.09999999999997,373.2710179072713,,,,PENDING_AT_END
373.45,373.47952225782814,,,,PENDING_AT_END
373.79999999999995,374.1491646696918,,,,PENDING_AT_END
374.15,374.1932023610659,,,,PENDING_AT_END
374.5,374.7112331058636,,,,PENDING_AT_END
374.84999999999997,375.1909108592393,,,,PENDING_AT_END
375.2,375.5491277487799,,,,PENDING_AT_END
375.54999999999995,375.88787776235745,,,,PENDING_AT_END
375.9,376.0753248490971,,,,PENDING_AT_END
376.25,376.4951499216942,,,,PENDING_AT_END
376.59999999999997,376.9046430902311,,,,PENDING_AT_END
376.95,377.192883181005,,,,PENDING_AT_END
377.29999999999995,377.3050733417672,,,,PENDING_AT_END
377.65,377.81621856716686,,,,PENDING_AT_END
378.0,378.22016146194767,,,,PENDING_AT_END
378.34999999999997,378.4111552949942,,,,PENDING_AT_END
378.7,378.71291618023355,,,,PENDING_AT_END
379.04999999999995,379.12585024271857,,,,PENDING_AT_END
379.4,379.5494153272201,,,,PENDING_AT_END
379.75,379.9227805402886,,,,PENDING_AT_END
380.09999999999997,380.28586095709164,,,,PENDING_AT_END
380.45,380.79413084328127,,,,PENDING_AT_END
380.79999999999995,380.9267912482786,,,,PENDING_AT_END
381.15,381.19607439036395,,,,PENDING_AT_END
381.5,381.85189379874134,,,,PENDING_AT_END
381.84999999999997,381.9281577538473,,,,PENDING_AT_END
382.2,382.4477625602489,,,,PENDING_AT_END
382.54999999999995,382.9196920757214,,,,PENDING_AT_END
382.9,383.15033357815923,,,,PENDING_AT_END
383.25,383.5436869957455,,,,PENDING_AT_END
383.59999999999997,383.72048313608735,,,,PENDING_AT_END
383.95,384.2623234699826,,,,PENDING_AT_END
384.29999999999995,384.6612308709275,,,,PENDING_AT_END
384.65,384.66152510777283,,,,PENDING_AT_END
385.0,385.1737854390839,,,,PENDING_AT_END
385.34999999999997,385.47926443012517,,,,PENDING_AT_END
385.7,385.88259565987556,,,,PENDING_AT_END
386.04999999999995,386.4483999636635,,,,PENDING_AT_END
386.4,386.60484431856094,,,,PENDING_AT_END
386.75,386.7889773005171,,,,PENDING_AT_END
387.09999999999997,387.226658304909,,,,PENDING_AT_END
387.45,387.5985681313976,,,,PENDING_AT_END
387.79999999999995,387.8964590806446,,,,PENDING_AT_END
388.15,388.36413859303264,,,,PENDING_AT_END
388.5,388.68652200547194,,,,PENDING_AT_END
388.84999999999997,389.2276684384422,,,,PENDING_AT_END
389.2,389.57698772834243,,,,PENDING_AT_END
389.54999999999995,389.82231116561775,,,,PENDING_AT_END
389.9,390.1667459282802,,,,PENDING_AT_END
390.25,390.5949791112763,,,,PENDING_AT_END
390.59999999999997,390.653341911194,,,,PENDING_AT_END
390.95,391.32109610652225,,,,PENDING_AT_END
391.29999999999995,391.5000509679944,,,,PENDING_AT_END
391.65,391.848883419465,,,,PENDING_AT_END
392.0,392.1183083449156,,,,PENDING_AT_END
392.34999999999997,392.413466781718,,,,PENDING_AT_END
392.7,392.76458805799854,,,,PENDING_AT_END
393.04999999999995,393.36240191814886,,,,PENDING_AT_END
393.4,393.7957763224657,,,,PENDING_AT_END
393.75,394.06216463884425,,,,PENDING_AT_END
394.09999999999997,394.3973324752256,,,,PENDING_AT_END
394.45,394.76923637215367,,,,PENDING_AT_END
394.79999999999995,394.8048671156497,,,,PENDING_AT_END
395.15,395.19246595293873,,,,PENDING_AT_END
395.5,395.62881958242247,,,,PENDING_AT_END
395.84999999999997,396.2228599108516,,,,PENDING_AT_END
396.2,396.2707501359112,,,,PENDING_AT_END
396.54999999999995,396.60242032039673,,,,PENDING_AT_END
396.9,397.14933036598313,,,,PENDING_AT_END
397.25,397.5534288116937,,,,PENDING_AT_END
397.59999999999997,397.6534961481024,,,,PENDING_AT_END
397.95,398.3121033699329,,,,PENDING_AT_END
398.29999999999995,398.4056359671131,,,,PENDING_AT_END
398.65,398.6902319296821,,,,PENDING_AT_END
399.0,399.2353197044497,,,,PENDING_AT_END
399.34999999999997,399.63741595617734,,,,PENDING_AT_END
399.7,399.8312113410819,,,,PENDING_AT_END
400.04999999999995,400.2544147470345,,,,PENDING_AT_END
400.4,400.4768820375649,,,,PENDING_AT_END
400.75,401.10094804013806,,,,PENDING_AT_END
401.09999999999997,401.12830879893767,,,,PENDING_AT_END
401.45,401.6542441377157,,,,PENDING_AT_END
401.79999999999995,401.96419265994734,,,,PENDING_AT_END
402.15,402.15464927138873,,,,PENDING_AT_END
402.5,402.5101897902599,,,,PENDING_AT_END
402.84999999999997,403.13627390363916,,,,PENDING_AT_END
403.2,403.24403556480746,,,,PENDING_AT_END
403.54999999999995,403.65773771881265,,,,PENDING_AT_END
403.9,403.92031894223135,,,,PENDING_AT_END
404.25,404.33331393962624,,,,PENDING_AT_END
404.59999999999997,404.9693178899069,,,,PENDING_AT_END
404.95,405.34210339813575,,,,PENDING_AT_END
405.29999999999995,405.3988485770499,,,,PENDING_AT_END
405.65,405.7280523773612,,,,PENDING_AT_END
406.0,406.15253540497827,,,,PENDING_AT_END
406.34999999999997,406.36425050469444,,,,PENDING_AT_END
406.7,407.0211555521361,,,,PENDING_AT_END
407.04999999999995,407.32905581138505,,,,PENDING_AT_END
407.4,407.45930247524734,,,,PENDING_AT_END
407.75,408.0541113616607,,,,PENDING_AT_END
408.09999999999997,408.37187074855166,,,,PENDING_AT_END
408.45,408.5305923434756,,,,PENDING_AT_END
408.79999999999995,408.82843467402813,,,,PENDING_AT_END
409.15,409.48500388465027,,,,PENDING_AT_END
409.5,409.80478807901636,,,,PENDING_AT_END
409.84999999999997,410.0151232585002,,,,PENDING_AT_END
410.2,410.54484291961165,,,,PENDING_AT_END
410.54999999999995,410.7150152018179,,,,PENDING_AT_END
410.9,410.97004289905215,,,,PENDING_AT_END
411.25,411.3451991453851,,,,PENDING_AT_END
411.59999999999997,411.9389128250701,,,,PENDING_AT_END
411.95,412.09355807462913,,,,PENDING_AT_END
412.29999999999995,412.35304615022255,,,,PENDING_AT_END
412.65,412.74371221645754,,,,PENDING_AT_END
413.0,413.0104603820681,,,,PENDING_AT_END
413.34999999999997,413.3886223873723,,,,PENDING_AT_END
413.7,413.85064184922743,,,,PENDING_AT_END
414.04999999999995,414.08104267568547,,,,PENDING_AT_END
414.4,414.4226516103414,,,,PENDING_AT_END
414.75,414.76376436346106,,,,PENDING_AT_END
415.09999999999997,415.41606124243566,,,,PENDING_AT_END
415.45,415.53607594526915,,,,PENDING_AT_END
415.79999999999995,415.97513861003824,,,,PENDING_AT_END
416.15,416.3822859101342,,,,PENDING_AT_END
416.5,416.8042350419596,,,,PENDING_AT_END
416.84999999999997,416.9130576324399,,,,PENDING_AT_END
417.2,417.28447244070384,,,,PENDING_AT_END
417.54999999999995,417.92013331735916,,,,PENDING_AT_END
417.9,417.90305951455844,,,,PENDING_AT_END
418.25,418.3917451003041,,,,PENDING_AT_END
418.59999999999997,418.9024193450602,,,,PENDING_AT_END
418.95,419.09309643319983,,,,PENDING_AT_END
419.29999999999995,419.32909872631024,,,,PENDING_AT_END
419.65,419.98549980747,,,,PENDING_AT_END
420.0,420.26487722814693,,,,PENDING_AT_END
420.34999999999997,420.5987433389428,,,,PENDING_AT_END
420.7,420.7899784773538,,,,PENDING_AT_END
421.04999999999995,421.4248937313455,,,,PENDING_AT_END
421.4,421.4749579000742,,,,PENDING_AT_END
421.75,422.07882987433186,,,,PENDING_AT_END
422.09999999999997,422.12890053600717,,,,PENDING_AT_END
422.45,422.7737180308921,,,,PENDING_AT_END
422.79999999999995,423.15706688781665,,,,PENDING_AT_END
423.15,423.2151669696178,,,,PENDING_AT_END
423.5,423.85037858077385,,,,PENDING_AT_END
423.84999999999997,423.8527382034318,,,,PENDING_AT_END
424.2,424.58782874664104,,,,PENDING_AT_END
424.54999999999995,424.8734687683582,,,,PENDING_AT_END
424.9,425.1254326283914,,,,PENDING_AT_END
425.25,425.2837915315281,,,,PENDING_AT_END
425.59999999999997,425.7879352113535,,,,PENDING_AT_END
425.95,425.96149507188835,,,,PENDING_AT_END
426.29999999999995,426.53015208197644,,,,PENDING_AT_END
426.65,426.9251542852104,,,,PENDING_AT_END
427.0,427.07476785432493,,,,PENDING_AT_END
427.34999999999997,427.54499146778295,,,,PENDING_AT_END
427.7,427.958549389128,,,,PENDING_AT_END
428.04999999999995,428.36528118883257,,,,PENDING_AT_END
428.4,428.58262067911244,,,,PENDING_AT_END
428.75,428.8844193381202,,,,PENDING_AT_END
429.09999999999997,429.298534400817,,,,PENDING_AT_END
429.45,429.5818112491207,,,,PENDING_AT_END
429.79999999999995,430.05345402229125,,,,PENDING_AT_END
430.15,430.3250499392054,,,,PENDING_AT_END
430.5,430.65870007704746,,,,PENDING_AT_END
430.84999999999997,430.8991532240944,,,,PENDING_AT_END
431.2,431.2320803216434,,,,PENDING_AT_END
431.54999999999995,431.73019243028534,,,,PENDING_AT_END
431.9,432.185768457461,,,,PENDING_AT_END
432.25,432.5465267249431,,,,PENDING_AT_END
432.59999999999997,432.9974214426497,,,,PENDING_AT_END
432.95,433.05328529271657,,,,PENDING_AT_END
433.29999999999995,433.343344608979,,,,PENDING_AT_END
433.65,433.98526060395716,,,,PENDING_AT_END
434.0,434.1439820213608,,,,PENDING_AT_END
434.34999999999997,434.4643866962621,,,,PENDING_AT_END
434.7,435.0790033486148,,,,PENDING_AT_END
435.04999999999995,435.38772934614747,,,,PENDING_AT_END
435.4,435.75239192390814,,,,PENDING_AT_END
435.75,436.1069498088783,,,,PENDING_AT_END
436.09999999999997,436.23436008094114,,,,PENDING_AT_END
436.45,436.8373913671707,,,,PENDING_AT_END
436.79999999999995,437.0400036201712,,,,PENDING_AT_END
437.15,437.2234775849968,,,,PENDING_AT_END
437.5,437.87590555111444,,,,PENDING_AT_END
437.84999999999997,437.87987078194516,,,,PENDING_AT_END
438.2,438.25818301417036,,,,PENDING_AT_END
438.54999999999995,438.76547782656075,,,,PENDING_AT_END
438.9,439.2792520168914,,,,PENDING_AT_END
439.25,439.452295806895,,,,PENDING_AT_END
439.59999999999997,439.6056512408957,,,,PENDING_AT_END
439.95,439.9879280148761,,,,PENDING_AT_END
440.29999999999995,440.3723724771021,,,,PENDING_AT_END
440.65,440.92457927872556,,,,PENDING_AT_END
441.0,441.1407046154202,,,,PENDING_AT_END
441.34999999999997,441.45910156270116,,,,PENDING_AT_END
441.7,441.80987016355056,,,,PENDING_AT_END
442.04999999999995,442.2289758054268,,,,PENDING_AT_END
442.4,442.47568383909686,,,,PENDING_AT_END
442.75,442.8164079141335,,,,PENDING_AT_END
443.09999999999997,443.2054441661682,,,,PENDING_AT_END
443.45,443.7709076328492,,,,PENDING_AT_END
443.79999999999995,443.8432402244149,,,,PENDING_AT_END
444.15,444.43792413758206,,,,PENDING_AT_END
444.5,444.6218408401329,,,,PENDING_AT_END
444.84999999999997,445.1008794394974,,,,PENDING_AT_END
445.2,445.4283786090726,,,,PENDING_AT_END
445.54999999999995,445.62905288668753,,,,PENDING_AT_END
445.9,445.9166041650316,,,,PENDING_AT_END
446.25,446.42255104161075,,,,PENDING_AT_END
446.59999999999997,446.8899381887067,,,,PENDING_AT_END
446.95,447.0072407647918,,,,PENDING_AT_END
447.29999999999995,447.42443517761046,,,,PENDING_AT_END
447.65,448.0388627282633,,,,PENDING_AT_END
448.0,448.1049182425613,,,,PENDING_AT_END
448.34999999999997,448.522720593963,,,,PENDING_AT_END
448.7,448.8283873566384,,,,PENDING_AT_END
449.04999999999995,449.3677134907575,,,,PENDING_AT_END
449.4,449.4268843103456,,,,PENDING_AT_END
449.74999999999994,449.82112187914544,,,,PENDING_AT_END
450.09999999999997,450.12246099781345,,,,PENDING_AT_END
450.45,450.66125750784175,,,,PENDING_AT_END
450.79999999999995,450.87059567100493,,,,PENDING_AT_END
451.15,451.27763908833026,,,,PENDING_AT_END
451.49999999999994,451.5612362347742,,,,PENDING_AT_END
451.84999999999997,452.0847243286826,,,,PENDING_AT_END
452.2,452.38035595770333,,,,PENDING_AT_END
452.54999999999995,452.7791714357801,,,,PENDING_AT_END
452.9,452.9525573325318,,,,PENDING_AT_END
453.24999999999994,453.5583267725231,,,,PENDING_AT_END
453.59999999999997,453.67803314164127,,,,PENDING_AT_END
453.95,453.96301667959307,,,,PENDING_AT_END
454.29999999999995,454.56185384678486,,,,PENDING_AT_END
454.65,455.0218879819914,,,,PENDING_AT_END
454.99999999999994,455.239622254219,,,,PENDING_AT_END
455.34999999999997,455.39849505743217,,,,PENDING_AT_END
455.7,455.78731474526745,,,,PENDING_AT_END
456.04999999999995,456.323125632425,,,,PENDING_AT_END
456.4,456.74566441421985,,,,PENDING_AT_END
456.74999999999994,457.1174515778443,,,,PENDING_AT_END
457.09999999999997,457.1332402815793,,,,PENDING_AT_END
457.45,457.77311808819917,,,,PENDING_AT_END
457.79999999999995,458.13546923740364,,,,PENDING_AT_END
458.15,458.2124427748921,,,,PENDING_AT_END
458.49999999999994,458.787930694075,,,,PENDING_AT_END
458.84999999999997,459.2459684831892,,,,PENDING_AT_END
459.2,459.23953628048633,,,,PENDING_AT_END
459.54999999999995,459.7712021060421,,,,PENDING_AT_END
459.9,460.21151549861213,,,,PENDING_AT_END
460.24999999999994,460.38885778098705,,,,PENDING_AT_END
460.59999999999997,460.6337529274436,,,,PENDING_AT_END
460.95,461.3139736203353,,,,PENDING_AT_END
461.29999999999995,461.5165288113093,,,,PENDING_AT_END
461.65,461.99807091496564,,,,PENDING_AT_END
461.99999999999994,462.27719632773386,,,,PENDING_AT_END
462.34999999999997,462.7218986337818,,,,PENDING_AT_END
462.7,462.76294297051,,,,PENDING_AT_END
463.04999999999995,463.09804200399026,,,,PENDING_AT_END
463.4,463.53134198637986,,,,PENDING_AT_END
463.74999999999994,463.83633961074673,,,,PENDING_AT_END
464.09999999999997,464.13501524312966,,,,PENDING_AT_END
464.45,464.7294003717795,,,,PENDING_AT_END
464.79999999999995,464.88679247549567,,,,PENDING_AT_END
465.15,465.39924245620534,,,,PENDING_AT_END
465.49999999999994,465.6402645811167,,,,PENDING_AT_END
465.84999999999997,465.86049932599013,,,,PENDING_AT_END
466.2,466.316538333657,,,,PENDING_AT_END
466.54999999999995,466.90526064642904,,,,PENDING_AT_END
466.9,467.14920879138253,,,,PENDING_AT_END
467.24999999999994,467.5916772279657,,,,PENDING_AT_END
467.59999999999997,467.8917267231781,,,,PENDING_AT_END
467.95,468.29489303390807,,,,PENDING_AT_END
468.29999999999995,468.33738123258263,,,,PENDING_AT_END
468.65,468.9806763247693,,,,PENDING_AT_END
468.99999999999994,469.1477784285203,,,,PENDING_AT_END
469.34999999999997,469.4415525315679,,,,PENDING_AT_END
469.7,469.86076507909644,,,,PENDING_AT_END
470.04999999999995,470.3053915404515,,,,PENDING_AT_END
470.4,470.57587586330123,,,,PENDING_AT_END
470.74999999999994,471.0110989042125,,,,PENDING_AT_END
471.09999999999997,471.3082107837333,,,,PENDING_AT_END
471.45,471.83233352521,,,,PENDING_AT_END
471.79999999999995,471.8424430774487,,,,PENDING_AT_END
472.15,472.33583906945444,,,,PENDING_AT_END
472.49999999999994,472.5463868811094,,,,PENDING_AT_END
472.84999999999997,473.1399218992994,,,,PENDING_AT_END
473.2,473.54979788591544,,,,PENDING_AT_END
473.54999999999995,473.6757206145967,,,,PENDING_AT_END
473.9,474.13698871576514,,,,PENDING_AT_END
474.24999999999994,474.42283223059957,,,,PENDING_AT_END
474.59999999999997,474.6649117970948,,,,PENDING_AT_END
474.95,475.31979611965545,,,,PENDING_AT_END
475.29999999999995,475.4012602587201,,,,PENDING_AT_END
475.65,475.99454469904595,,,,PENDING_AT_END
475.99999999999994,476.1560929404197,,,,PENDING_AT_END
476.34999999999997,476.47687839008637,,,,PENDING_AT_END
476.7,476.93629520283065,,,,PENDING_AT_END
477.04999999999995,477.21112217326686,,,,PENDING_AT_END
477.4,477.5949812909672,,,,PENDING_AT_END
477.74999999999994,478.1215271880191,,,,PENDING_AT_END
478.09999999999997,478.4072499762539,,,,PENDING_AT_END
478.45,478.7244759545918,,,,PENDING_AT_END
478.79999999999995,479.1253943736094,,,,PENDING_AT_END
479.15,479.3095193053256,,,,PENDING_AT_END
479.49999999999994,479.740097362246,,,,PENDING_AT_END
479.84999999999997,480.03020927817175,,,,PENDING_AT_END
480.2,480.4846378513674,,,,PENDING_AT_END
480.54999999999995,480.6142982919738,,,,PENDING_AT_END
480.9,481.1448180587589,,,,PENDING_AT_END
481.24999999999994,481.5817320157401,,,,PENDING_AT_END
481.59999999999997,481.6212307966485,,,,PENDING_AT_END
481.95,482.1979794766027,,,,PENDING_AT_END
482.29999999999995,482.3478351008663,,,,PENDING_AT_END
482.65,482.6985992164656,,,,PENDING_AT_END
482.99999999999994,483.0551931813713,,,,PENDING_AT_END
483.34999999999997,483.3828097436079,,,,PENDING_AT_END
483.7,484.0600832256857,,,,PENDING_AT_END
484.04999999999995,484.4282452675743,,,,PENDING_AT_END
484.4,484.59596266756523,,,,PENDING_AT_END
484.74999999999994,484.87001167839895,,,,PENDING_AT_END
485.09999999999997,485.21588198754586,,,,PENDING_AT_END
485.45,485.8080730870259,,,,PENDING_AT_END
485.79999999999995,486.01765891509,,,,PENDING_AT_END
486.15,486.4132271259814,,,,PENDING_AT_END
486.49999999999994,486.8205359085484,,,,PENDING_AT_END
486.84999999999997,486.94206882559075,,,,PENDING_AT_END
487.2,487.3197001114799,,,,PENDING_AT_END
487.54999999999995,487.56971724442724,,,,PENDING_AT_END
487.9,487.9542714480102,,,,PENDING_AT_END
488.24999999999994,488.54021192397744,,,,PENDING_AT_END
488.59999999999997,488.78517509021816,,,,PENDING_AT_END
488.95,488.95149721541526,,,,PENDING_AT_END
489.29999999999995,489.3185973092901,,,,PENDING_AT_END
489.65,490.0167796946822,,,,PENDING_AT_END
489.99999999999994,490.2260406579068,,,,PENDING_AT_END
490.34999999999997,490.5432131194115,,,,PENDING_AT_END
490.7,491.0796568782811,,,,PENDING_AT_END
491.04999999999995,491.30137740397413,,,,PENDING_AT_END
491.4,491.56649566495093,,,,PENDING_AT_END
491.74999999999994,491.8409953116355,,,,PENDING_AT_END
492.09999999999997,492.1498517704693,,,,PENDING_AT_END
492.45,492.5018748837079,,,,PENDING_AT_END
492.79999999999995,492.9262101218535,,,,PENDING_AT_END
493.15,493.5281245084566,,,,PENDING_AT_END
493.49999999999994,493.8675431640499,,,,PENDING_AT_END
493.84999999999997,494.18224278958365,,,,PENDING_AT_END
494.2,494.3805852546653,,,,PENDING_AT_END
494.54999999999995,494.59474975342096,,,,PENDING_AT_END
494.9,495.0582297255294,,,,PENDING_AT_END
495.24999999999994,495.6167673066132,,,,PENDING_AT_END
495.59999999999997,495.77370857444447,,,,PENDING_AT_END
495.95,496.297478719793,,,,PENDING_AT_END
496.29999999999995,496.6793908365255,,,,PENDING_AT_END
496.65,496.6765200396958,,,,PENDING_AT_END
496.99999999999994,497.1609629731915,,,,PENDING_AT_END
497.34999999999997,497.74643709310516,,,,PENDING_AT_END
497.7,497.72032041968436,,,,PENDING_AT_END
498.04999999999995,498.156593652213,,,,PENDING_AT_END
498.4,498.5353130247411,,,,PENDING_AT_END
498.74999999999994,498.96977090233446,,,,PENDING_AT_END
499.09999999999997,499.3719116235363,,,,PENDING_AT_END
499.45,499.74882816899486,,,,PENDING_AT_END
499.79999999999995,500.0094251082568,,,,PENDING_AT_END
500.15,500.4113132276742,,,,PENDING_AT_END
500.49999999999994,500.814526476358,,,,PENDING_AT_END
500.84999999999997,501.1704709539176,,,,PENDING_AT_END
501.2,501.30631383259816,,,,PENDING_AT_END
501.54999999999995,501.60446872498653,,,,PENDING_AT_END
501.9,502.03649585264395,,,,PENDING_AT_END
502.24999999999994,502.61056966266796,,,,PENDING_AT_END
502.59999999999997,502.89328716879066,,,,PENDING_AT_END
502.95,503.24867257925,,,,PENDING_AT_END
503.29999999999995,503.50445536495454,,,,PENDING_AT_END
503.65,503.7665669496422,,,,PENDING_AT_END
503.99999999999994,504.14161464936177,,,,PENDING_AT_END
504.34999999999997,504.55082956082475,,,,PENDING_AT_END
504.7,504.9236037879852,,,,PENDING_AT_END
505.04999999999995,505.44575070365545,,,,PENDING_AT_END
505.4,505.5171659955864,,,,PENDING_AT_END
505.74999999999994,505.792611644185,,,,PENDING_AT_END
506.09999999999997,506.2667500088509,,,,PENDING_AT_END
506.45,506.8037937050388,,,,PENDING_AT_END
506.79999999999995,506.9973857101552,,,,PENDING_AT_END
507.15,507.31621203250165,,,,PENDING_AT_END
507.49999999999994,507.8791696219542,,,,PENDING_AT_END
507.84999999999997,508.02784647029847,,,,PENDING_AT_END
508.2,508.5887889749927,,,,PENDING_AT_END
508.54999999999995,508.92931004496984,,,,PENDING_AT_END
508.9,509.03722733369125,,,,PENDING_AT_END
509.24999999999994,509.31878030394313,,,,PENDING_AT_END
509.59999999999997,509.9351852216418,,,,PENDING_AT_END
509.95,509.9867305359101,,,,PENDING_AT_END
510.29999999999995,510.4864690090112,,,,PENDING_AT_END
510.65,510.86563078162794,,,,PENDING_AT_END
510.99999999999994,511.0851251212052,,,,PENDING_AT_END
511.34999999999997,511.42302182045165,,,,PENDING_AT_END
511.7,511.73145771071705,,,,PENDING_AT_END
512.05,512.2019415466555,,,,PENDING_AT_END
512.4,512.6155510334744,,,,PENDING_AT_END
512.75,512.7937059240126,,,,PENDING_AT_END
513.1,513.2649416521712,,,,PENDING_AT_END
513.4499999999999,513.5980859697576,,,,PENDING_AT_END
513.8,514.1389803260331,,,,PENDING_AT_END
514.15,514.3063452399211,,,,PENDING_AT_END
514.5,514.6192875424797,,,,PENDING_AT_END
514.85,515.235648140194,,,,PENDING_AT_END
515.1999999999999,515.4109130700693,,,,PENDING_AT_END
515.55,515.6863567781945,,,,PENDING_AT_END
515.9,516.1986611148362,,,,PENDING_AT_END
516.25,516.4859403565276,,,,PENDING_AT_END
516.6,516.9674551739837,,,,PENDING_AT_END
516.9499999999999,516.9753537029065,,,,PENDING_AT_END
517.3,517.4155737053372,,,,PENDING_AT_END
517.65,517.9111033617581,,,,PENDING_AT_END
518.0,518.1506256953028,,,,PENDING_AT_END
518.35,518.7442738706981,,,,PENDING_AT_END
518.6999999999999,518.999584373482,,,,PENDING_AT_END
519.05,519.2718311464298,,,,PENDING_AT_END
519.4,519.5737213460119,,,,PENDING_AT_END
519.75,520.0295059330351,,,,PENDING_AT_END
520.1,520.2210934554834,,,,PENDING_AT_END
520.4499999999999,520.7767185935494,,,,PENDING_AT_END
520.8,520.8731113827407,,,,PENDING_AT_END
521.15,521.2938259143122,,,,PENDING_AT_END
521.5,521.5739243314579,,,,PENDING_AT_END
521.85,522.1999112889765,,,,PENDING_AT_END
522.1999999999999,522.4554621233775,,,,PENDING_AT_END
522.55,522.5546288517446,,,,PENDING_AT_END
522.9,522.9065789202806,,,,PENDING_AT_END
523.25,523.3042873303568,,,,PENDING_AT_END
523.6,523.6328356647383,,,,PENDING_AT_END
523.9499999999999,524.0338832688161,,,,PENDING_AT_END
524.3,524.3727963580968,,,,PENDING_AT_END
524.65,525.0183294384561,,,,PENDING_AT_END
525.0,525.3412771260021,,,,PENDING_AT_END
525.35,525.4809976116841,,,,PENDING_AT_END
525.6999999999999,526.0778361197468,,,,PENDING_AT_END
526.05,526.2111942622585,,,,PENDING_AT_END
526.4,526.6026998316762,,,,PENDING_AT_END
526.75,526.7894128086125,,,,PENDING_AT_END
527.1,527.3508300371676,,,,PENDING_AT_END
527.4499999999999,527.4541676304017,,,,PENDING_AT_END
527.8,528.0194431730308,,,,PENDING_AT_END
528.15,528.5361250607478,,,,PENDING_AT_END
528.5,528.7909165844364,,,,PENDING_AT_END
528.85,529.036896137174,,,,PENDING_AT_END
529.1999999999999,529.2619826597357,,,,PENDING_AT_END
529.55,529.5954655061571,,,,PENDING_AT_END
529.9,530.152839075873,,,,PENDING_AT_END
530.25,530.3746372296443,,,,PENDING_AT_END
530.6,530.6467211926036,,,,PENDING_AT_END
530.9499999999999,531.018162915315,,,,PENDING_AT_END
531.3,531.6071568361797,,,,PENDING_AT_END
531.65,531.8001963553994,,,,PENDING_AT_END
532.0,532.0502102031476,,,,PENDING_AT_END
532.35,532.499670095607,,,,PENDING_AT_END
532.6999999999999,532.9522505080448,,,,PENDING_AT_END
533.05,533.1464445647666,,,,PENDING_AT_END
533.4,533.6836443072083,,,,PENDING_AT_END
533.75,534.1406326861174,,,,PENDING_AT_END
534.1,534.1098116440177,,,,PENDING_AT_END
534.4499999999999,534.4880660030632,,,,PENDING_AT_END
534.8,535.146122439638,,,,PENDING_AT_END
535.15,535.420322482623,,,,PENDING_AT_END
535.5,535.815531540582,,,,PENDING_AT_END
535.85,536.0238927559666,,,,PENDING_AT_END
536.1999999999999,536.4438955466311,,,,PENDING_AT_END
536.55,536.9237072412832,,,,PENDING_AT_END
536.9,537.1454385509925,,,,PENDING_AT_END
537.25,537.517090078587,,,,PENDING_AT_END
537.5999999999999,537.7878371530114,,,,PENDING_AT_END
537.9499999999999,538.063465514722,,,,PENDING_AT_END
538.3,538.6240743839114,,,,PENDING_AT_END
538.65,538.865847209125,,,,PENDING_AT_END
539.0,539.0675123329904,,,,PENDING_AT_END
539.3499999999999,539.6373342698639,,,,PENDING_AT_END
539.6999999999999,539.7924020845741,,,,PENDING_AT_END
540.05,540.3859737347325,,,,PENDING_AT_END
540.4,540.4639971472021,,,,PENDING_AT_END
540.75,540.8776139046672,,,,PENDING_AT_END
541.0999999999999,541.3066347915826,,,,PENDING_AT_END
541.4499999999999,541.5515292247582,,,,PENDING_AT_END
541.8,541.949464656703,,,,PENDING_AT_END
542.15,542.3232693947422,,,,PENDING_AT_END
542.5,542.8207038031771,,,,PENDING_AT_END
542.8499999999999,542.9358082591605,,,,PENDING_AT_END
543.1999999999999,543.4664048840258,,,,PENDING_AT_END
543.55,543.7564284423231,,,,PENDING_AT_END
543.9,544.0565123083064,,,,PENDING_AT_END
544.25,544.4301544138443,,,,PENDING_AT_END
544.5999999999999,544.8332850693787,,,,PENDING_AT_END
544.9499999999999,544.9783086877854,,,,PENDING_AT_END
545.3,545.5990314721155,,,,PENDING_AT_END
545.65,545.8943244919843,,,,PENDING_AT_END
546.0,546.3399532500621,,,,PENDING_AT_END
546.3499999999999,546.4767227033581,,,,PENDING_AT_END
546.6999999999999,546.8293295962679,,,,PENDING_AT_END
547.05,547.090770462732,,,,PENDING_AT_END
547.4,547.7167049634708,,,,PENDING_AT_END
547.75,547.9213874690315,,,,PENDING_AT_END
548.0999999999999,548.3792332531552,,,,PENDING_AT_END
548.4499999999999,548.7676554401843,,,,PENDING_AT_END
548.8,548.9243379100337,,,,PENDING_AT_END
549.15,549.408422557483,,,,PENDING_AT_END
549.5,549.8645091884275,,,,PENDING_AT_END
549.8499999999999,549.8965774770204,,,,PENDING_AT_END
550.1999999999999,550.4534878820383,,,,PENDING_AT_END
550.55,550.6661174034616,,,,PENDING_AT_END
550.9,551.0075017595065,,,,PENDING_AT_END
551.25,551.304843984009,,,,PENDING_AT_END
551.5999999999999,551.9844722973003,,,,PENDING_AT_END
551.9499999999999,552.0539121192495,,,,PENDING_AT_END
552.3,552.4497122452196,,,,PENDING_AT_END
552.65,553.0288475590716,,,,PENDING_AT_END
553.0,553.2324633723772,,,,PENDING_AT_END
553.3499999999999,553.4300767667419,,,,PENDING_AT_END
553.6999999999999,554.0168372327067,,,,PENDING_AT_END
554.05,554.1855277403499,,,,PENDING_AT_END
554.4,554.4369753493303,,,,PENDING_AT_END
554.75,555.1202276689789,,,,PENDING_AT_END
555.0999999999999,555.3187929355586,,,,PENDING_AT_END
555.4499999999999,555.7351264010671,,,,PENDING_AT_END
555.8,555.876904128515,,,,PENDING_AT_END
556.15,556.479592707388,,,,PENDING_AT_END
556.5,556.8497051813338,,,,PENDING_AT_END
556.8499999999999,557.0861179250946,,,,PENDING_AT_END
557.1999999999999,557.5177470811315,,,,PENDING_AT_END
557.55,557.5587917611697,,,,PENDING_AT_END
557.9,558.1941380913919,,,,PENDING_AT_END
558.25,558.3580515943204,,,,PENDING_AT_END
558.5999999999999,558.780889166786,,,,PENDING_AT_END
558.9499999999999,559.3390296105971,,,,PENDING_AT_END
559.3,559.4875456679299,,,,PENDING_AT_END
559.65,560.0254887385751,,,,PENDING_AT_END
560.0,560.0616458729241,,,,PENDING_AT_END
560.3499999999999,560.3597139108801,,,,PENDING_AT_END
560.6999999999999,561.0488975052202,,,,PENDING_AT_END
561.05,561.249006745149,,,,PENDING_AT_END
561.4,561.582814060882,,,,PENDING_AT_END
561.75,562.1373717638062,,,,PENDING_AT_END
562.0999999999999,562.2187977552426,,,,PENDING_AT_END
562.4499999999999,562.8464028806219,,,,PENDING_AT_END
562.8,563.1793249424068,,,,PENDING_AT_END
563.15,563.4234551110413,,,,PENDING_AT_END
563.5,563.8175900083093,,,,PENDING_AT_END
563.8499999999999,564.2192071773306,,,,PENDING_AT_END
564.1999999999999,564.221015323781,,,,PENDING_AT_END
564.55,564.7488903540418,,,,PENDING_AT_END
564.9,565.1167393776778,,,,PENDING_AT_END
565.25,565.6318070187401,,,,PENDING_AT_END
565.5999999999999,565.6943776560784,,,,PENDING_AT_END
565.9499999999999,565.9939661637214,,,,PENDING_AT_END
566.3,566.6908675818875,,,,PENDING_AT_END
566.65,566.859999994448,,,,PENDING_AT_END
567.0,567.1800080589885,,,,PENDING_AT_END
567.3499999999999,567.4874242846633,,,,PENDING_AT_END
567.6999999999999,567.8082412507712,,,,PENDING_AT_END
568.05,568.1953984980623,,,,PENDING_AT_END
568.4,568.7646980676485,,,,PENDING_AT_END
568.75,568.9062148371113,,,,PENDING_AT_END
569.0999999999999,569.4597003226424,,,,PENDING_AT_END
569.4499999999999,569.7094630987482,,,,PENDING_AT_END
569.8,570.0770718245842,,,,PENDING_AT_END
570.15,570.5371268752016,,,,PENDING_AT_END
570.5,570.5443527690622,,,,PENDING_AT_END
570.8499999999999,571.0569260956358,,,,PENDING_AT_END
571.1999999999999,571.4100934987331,,,,PENDING_AT_END
571.55,571.8594306459627,,,,PENDING_AT_END
571.9,572.2326905866106,,,,PENDING_AT_END
572.25,572.4917063007533,,,,PENDING_AT_END
572.5999999999999,572.700797541828,,,,PENDING_AT_END
572.9499999999999,573.1747883020033,,,,PENDING_AT_END
573.3,573.5596299031931,,,,PENDING_AT_END
573.65,573.7034446092956,,,,PENDING_AT_END
574.0,574.2927642403292,,,,PENDING_AT_END
574.3499999999999,574.7161769005111,,,,PENDING_AT_END
574.6999999999999,574.9602437977109,,,,PENDING_AT_END
575.05,575.0950002698967,,,,PENDING_AT_END
575.4,575.7225111743622,,,,PENDING_AT_END
575.75,575.8958709137933,,,,PENDING_AT_END
576.0999999999999,576.4547346273396,,,,PENDING_AT_END
576.4499999999999,576.7646449399668,,,,PENDING_AT_END
576.8,576.8984339213021,,,,PENDING_AT_END
577.15,577.2489104704918,,,,PENDING_AT_END
577.5,577.5429153166729,,,,PENDING_AT_END
577.8499999999999,578.2176522992397,,,,PENDING_AT_END
578.1999999999999,578.3892054258832,,,,PENDING_AT_END
578.55,578.7777290364213,,,,PENDING_AT_END
578.9,579.1140692271364,,,,PENDING_AT_END
579.25,579.3090032322341,,,,PENDING_AT_END
579.5999999999999,579.9906372291448,,,,PENDING_AT_END
579.9499999999999,580.3130948948652,,,,PENDING_AT_END
580.3,580.6630231024176,,,,PENDING_AT_END
580.65,580.6905057682601,,,,PENDING_AT_END
581.0,581.1868724495948,,,,PENDING_AT_END
581.3499999999999,581.7048116039496,,,,PENDING_AT_END
581.6999999999999,581.9486621518237,,,,PENDING_AT_END
582.05,582.0707364460541,,,,PENDING_AT_END
582.4,582.7194817463447,,,,PENDING_AT_END
582.75,583.1248797781138,,,,PENDING_AT_END
583.0999999999999,583.4631516492263,,,,PENDING_AT_END
583.4499999999999,583.6369888903542,,,,PENDING_AT_END
583.8,584.0741834346161,,,,PENDING_AT_END
584.15,584.3897702295595,,,,PENDING_AT_END
584.5,584.5944851976012,,,,PENDING_AT_END
584.8499999999999,584.9409260022735,,,,PENDING_AT_END
585.1999999999999,585.5067779950442,,,,PENDING_AT_END
585.55,585.7941346362913,,,,PENDING_AT_END
585.9,586.222541453804,,,,PENDING_AT_END
586.25,586.5265291196304,,,,PENDING_AT_END
586.5999999999999,586.8938399652814,,,,PENDING_AT_END
586.9499999999999,587.3177091153347,,,,PENDING_AT_END
587.3,587.6569926955094,,,,PENDING_AT_END
587.65,587.9061812010447,,,,PENDING_AT_END
588.0,588.3609745619644,,,,PENDING_AT_END
588.3499999999999,588.4366239202259,,,,PENDING_AT_END
588.6999999999999,588.8003205252579,,,,PENDING_AT_END
589.05,589.1235376315367,,,,PENDING_AT_END
589.4,589.5524129292756,,,,PENDING_AT_END
589.75,590.0296353536007,,,,PENDING_AT_END
590.0999999999999,590.1222302625918,,,,PENDING_AT_END
590.4499999999999,590.5748195431173,,,,PENDING_AT_END
590.8,590.9362468575839,,,,PENDING_AT_END
591.15,591.179854728547,,,,PENDING_AT_END
591.5,591.516109951682,,,,PENDING_AT_END
591.8499999999999,592.0830854480455,,,,PENDING_AT_END
592.1999999999999,592.3582231744355,,,,PENDING_AT_END
592.55,592.599719974955,,,,PENDING_AT_END
592.9,593.2856871018381,,,,PENDING_AT_END
593.25,593.4648211681354,,,,PENDING_AT_END
593.5999999999999,593.9349645373004,,,,PENDING_AT_END
593.9499999999999,594.0599081486799,,,,PENDING_AT_END
594.3,594.4180476033675,,,,PENDING_AT_END
594.65,594.8477153671228,,,,PENDING_AT_END
595.0,595.324146312649,,,,PENDING_AT_END
595.3499999999999,595.5529279886846,,,,PENDING_AT_END
595.6999999999999,595.9629208631737,,,,PENDING_AT_END
596.05,596.374298193266,,,,PENDING_AT_END
596.4,596.4108110738927,,,,PENDING_AT_END
596.75,596.8487676302486,,,,PENDING_AT_END
597.0999999999999,597.461152193782,,,,PENDING_AT_END
597.4499999999999,597.6181200475927,,,,PENDING_AT_END
597.8,597.8061549804918,,,,PENDING_AT_END
598.15,598.3451235907711,,,,PENDING_AT_END
598.5,598.6840675822054,,,,PENDING_AT_END
598.8499999999999,598.9516999514681,,,,PENDING_AT_END
599.1999999999999,599.4537518169267,,,,PENDING_AT_END
599.55,599.917404843781,,,,PENDING_AT_END
599.9,600.2155416662,,,,PENDING_AT_END
600.25,600.4248219386222,,,,PENDING_AT_END
600.5999999999999,600.7401941530654,,,,PENDING_AT_END
600.9499999999999,601.102799502819,,,,PENDING_AT_END
601.3,601.4033108408353,,,,PENDING_AT_END
601.65,601.9525331008264,,,,PENDING_AT_END
602.0,602.2763507519721,,,,PENDING_AT_END
602.3499999999999,602.4752300762962,,,,PENDING_AT_END
602.6999999999999,602.8359220891235,,,,PENDING_AT_END
603.05,603.280631328317,,,,PENDING_AT_END
603.4,603.4987442739408,,,,PENDING_AT_END
603.75,603.9629661288543,,,,PENDING_AT_END
604.0999999999999,604.3015391927393,,,,PENDING_AT_END
604.4499999999999,604.6771191695904,,,,PENDING_AT_END
604.8,604.9233268809512,,,,PENDING_AT_END
605.15,605.3686143906722,,,,PENDING_AT_END
605.5,605.5020050916835,,,,PENDING_AT_END
605.8499999999999,605.9208439795707,,,,PENDING_AT_END
606.1999999999999,606.2059171666662,,,,PENDING_AT_END
606.55,606.7949709011414,,,,PENDING_AT_END
606.9,607.0687703081204,,,,PENDING_AT_END
607.25,607.4060531925054,,,,PENDING_AT_END
607.5999999999999,607.6805437775517,,,,PENDING_AT_END
607.9499999999999,608.2332211039271,,,,PENDING_AT_END
608.3,608.4990726646743,,,,PENDING_AT_END
608.65,608.9160867165739,,,,PENDING_AT_END
609.0,609.2751600500617,,,,PENDING_AT_END
609.3499999999999,609.5965114543974,,,,PENDING_AT_END
609.6999999999999,609.926217542347,,,,PENDING_AT_END
610.05,610.1032301237774,,,,PENDING_AT_END
610.4,610.6684033412636,,,,PENDING_AT_END
610.75,610.9394301273351,,,,PENDING_AT_END
611.0999999999999,611.1510671520962,,,,PENDING_AT_END
611.4499999999999,611.5364508844367,,,,PENDING_AT_END
611.8,611.9202145962172,,,,PENDING_AT_END
612.15,612.4136098865334,,,,PENDING_AT_END
612.5,612.8576486344439,,,,PENDING_AT_END
612.8499999999999,612.9111369745306,,,,PENDING_AT_END
613.1999999999999,613.4764858104007,,,,PENDING_AT_END
613.55,613.6650174165411,,,,PENDING_AT_END
613.9,614.2684114344069,,,,PENDING_AT_END
614.25,614.5047185953538,,,,PENDING_AT_END
614.5999999999999,614.7882487506372,,,,PENDING_AT_END
614.9499999999999,615.0464648349918,,,,PENDING_AT_END
615.3,615.436252976021,,,,PENDING_AT_END
615.65,615.8069794233662,,,,PENDING_AT_END
616.0,616.2452910328195,,,,PENDING_AT_END
616.3499999999999,616.516725261547,,,,PENDING_AT_END
616.6999999999999,616.8497715338395,,,,PENDING_AT_END
617.05,617.1925191319826,,,,PENDING_AT_END
617.4,617.7758853006277,,,,PENDING_AT_END
617.75,617.7759344917022,,,,PENDING_AT_END
618.0999999999999,618.3571363526844,,,,PENDING_AT_END
618.4499999999999,618.491486716833,,,,PENDING_AT_END
618.8,619.0486374982086,,,,PENDING_AT_END
619.15,619.3019172774281,,,,PENDING_AT_END
619.5,619.8128581512253,,,,PENDING_AT_END
619.8499999999999,619.9422642446609,,,,PENDING_AT_END
620.1999999999999,620.2510186925061,,,,PENDING_AT_END
620.55,620.7065457922122,,,,PENDING_AT_END
620.9,621.2739832813041,,,,PENDING_AT_END
621.25,621.2852716069708,,,,PENDING_AT_END
621.5999999999999,621.9837013638546,,,,PENDING_AT_END
621.9499999999999,622.1990345075782,,,,PENDING_AT_END
622.3,622.4124256537064,,,,PENDING_AT_END
622.65,622.6916335218754,,,,PENDING_AT_END
623.0,623.0481771214561,,,,PENDING_AT_END
623.3499999999999,623.4106612466951,,,,PENDING_AT_END
623.6999999999999,624.0118683521413,,,,PENDING_AT_END
624.05,624.185253921501,,,,PENDING_AT_END
624.4,624.4697826737175,,,,PENDING_AT_END
624.75,624.8799909933832,,,,PENDING_AT_END
625.0999999999999,625.2219650522418,,,,PENDING_AT_END
625.4499999999999,625.4972993339924,,,,PENDING_AT_END
625.8,625.939726796101,,,,PENDING_AT_END
626.15,626.2335285341131,,,,PENDING_AT_END
626.5,626.6230611933261,,,,PENDING_AT_END
626.8499999999999,627.103563150918,,,,PENDING_AT_END
627.1999999999999,627.4547788035183,,,,PENDING_AT_END
627.55,627.8922642893399,,,,PENDING_AT_END
627.9,628.1421439573577,,,,PENDING_AT_END
628.25,628.2931122530279,,,,PENDING_AT_END
628.5999999999999,628.8097484171558,,,,PENDING_AT_END
628.9499999999999,629.1606189678038,,,,PENDING_AT_END
629.3,629.440372444009,,,,PENDING_AT_END
629.65,629.7187690050456,,,,PENDING_AT_END
630.0,630.3095854919898,,,,PENDING_AT_END
630.3499999999999,630.3509206015183,,,,PENDING_AT_END
630.6999999999999,630.9508040535615,,,,PENDING_AT_END
631.05,631.3356070049103,,,,PENDING_AT_END
631.4,631.6440930747973,,,,PENDING_AT_END
631.75,632.0001083012294,,,,PENDING_AT_END
632.0999999999999,632.2579286457692,,,,PENDING_AT_END
632.4499999999999,632.4720514825148,,,,PENDING_AT_END
632.8,632.9942268298498,,,,PENDING_AT_END
633.15,633.3790881447322,,,,PENDING_AT_END
633.5,633.6032098489304,,,,PENDING_AT_END
633.8499999999999,634.1570056639921,,,,PENDING_AT_END
634.1999999999999,634.2858375082573,,,,PENDING_AT_END
634.55,634.8574198930546,,,,PENDING_AT_END
634.9,634.902625532154,,,,PENDING_AT_END
635.25,635.2892019000203,,,,PENDING_AT_END
635.5999999999999,635.7948468758259,,,,PENDING_AT_END
635.9499999999999,636.0223484514348,,,,PENDING_AT_END
636.3,636.3819552746304,,,,PENDING_AT_END
636.65,636.8543545399124,,,,PENDING_AT_END
637.0,637.0126760228156,,,,PENDING_AT_END
637.3499999999999,637.490574649192,,,,PENDING_AT_END
637.6999999999999,637.7452539570323,,,,PENDING_AT_END
638.05,638.1699781851753,,,,PENDING_AT_END
638.4,638.7099718643143,,,,PENDING_AT_END
638.75,638.8857964217084,,,,PENDING_AT_END
639.0999999999999,639.280308543417,,,,PENDING_AT_END
639.4499999999999,639.61752326401,,,,PENDING_AT_END
639.8,640.1879847155717,,,,PENDING_AT_END
640.15,640.19497184757,,,,PENDING_AT_END
640.5,640.5974439507318,,,,PENDING_AT_END
640.8499999999999,640.8742426548522,,,,PENDING_AT_END
641.1999999999999,641.2652870424362,,,,PENDING_AT_END
641.55,641.5512015047641,,,,PENDING_AT_END
641.9,642.0947170144985,,,,PENDING_AT_END
642.25,642.5215773080592,,,,PENDING_AT_END
642.5999999999999,642.8236676874246,,,,PENDING_AT_END
642.9499999999999,643.0776714551829,,,,PENDING_AT_END
643.3,643.5751889046271,,,,PENDING_AT_END
643.65,643.9013293889597,,,,PENDING_AT_END
644.0,644.1288582585987,,,,PENDING_AT_END
644.3499999999999,644.6285191545137,,,,PENDING_AT_END
644.6999999999999,644.783615085301,,,,PENDING_AT_END
645.05,645.0758055244166,,,,PENDING_AT_END
645.4,645.5039634812898,,,,PENDING_AT_END
645.75,645.9132445498958,,,,PENDING_AT_END
646.0999999999999,646.2000881642384,,,,PENDING_AT_END
646.4499999999999,646.7299306124575,,,,PENDING_AT_END
646.8,647.144736566001,,,,PENDING_AT_END
647.15,647.2654421866131,,,,PENDING_AT_END
647.5,647.8937550404689,,,,PENDING_AT_END
647.8499999999999,647.9476333303705,,,,PENDING_AT_END
648.1999999999999,648.4195044758943,,,,PENDING_AT_END
648.55,648.8972124525449,,,,PENDING_AT_END
648.9,648.9280260000136,,,,PENDING_AT_END
649.25,649.4835350912047,,,,PENDING_AT_END
649.5999999999999,649.8115051223845,,,,PENDING_AT_END
649.9499999999999,650.2371286270826,,,,PENDING_AT_END
650.3,650.6360763377672,,,,PENDING_AT_END
650.65,650.8177485552275,,,,PENDING_AT_END
651.0,651.0201149549405,,,,PENDING_AT_END
651.3499999999999,651.7275522303944,,,,PENDING_AT_END
651.6999999999999,651.9791620012003,,,,PENDING_AT_END
652.05,652.4427124417784,,,,PENDING_AT_END
652.4,652.5057447792291,,,,PENDING_AT_END
652.75,652.8984471082031,,,,PENDING_AT_END
653.0999999999999,653.4229300108584,,,,PENDING_AT_END
653.4499999999999,653.8228822382674,,,,PENDING_AT_END
653.8,654.155461836463,,,,PENDING_AT_END
654.15,654.1645694227401,,,,PENDING_AT_END
654.5,654.6397707684721,,,,PENDING_AT_END
654.8499999999999,654.924456921914,,,,PENDING_AT_END
655.1999999999999,655.4261468362023,,,,PENDING_AT_END
655.55,655.632420725188,,,,PENDING_AT_END
655.9,656.0808768033268,,,,PENDING_AT_END
656.25,656.4760938349787,,,,PENDING_AT_END
656.5999999999999,656.8030983691526,,,,PENDING_AT_END
656.9499999999999,657.0407060480728,,,,PENDING_AT_END
657.3,657.6276804391246,,,,PENDING_AT_END
657.65,657.8135748102851,,,,PENDING_AT_END
658.0,658.0474840474683,,,,PENDING_AT_END
658.3499999999999,658.744910568407,,,,PENDING_AT_END
658.6999999999999,658.9391141291823,,,,PENDING_AT_END
659.05,659.2819810104822,,,,PENDING_AT_END
659.4,659.7902494428973,,,,PENDING_AT_END
659.75,660.0439024624407,,,,PENDING_AT_END
660.0999999999999,660.378758527489,,,,PENDING_AT_END
660.4499999999999,660.476194496927,,,,PENDING_AT_END
660.8,660.9871168100071,,,,PENDING_AT_END
661.15,661.2833055266968,,,,PENDING_AT_END
661.5,661.722301489029,,,,PENDING_AT_END
661.8499999999999,661.8873859801506,,,,PENDING_AT_END
662.1999999999999,662.3178994441545,,,,PENDING_AT_END
662.55,662.6017252762606,,,,PENDING_AT_END
662.9,663.1863201506322,,,,PENDING_AT_END
663.25,663.3378322164538,,,,PENDING_AT_END
663.5999999999999,663.9255215641851,,,,PENDING_AT_END
663.9499999999999,664.3128787939416,,,,PENDING_AT_END
664.3,664.5664279285031,,,,PENDING_AT_END
664.65,664.7760628712341,,,,PENDING_AT_END
665.0,665.0195508305453,,,,PENDING_AT_END
665.3499999999999,665.4368643631676,,,,PENDING_AT_END
665.6999999999999,665.9535236686207,,,,PENDING_AT_END
666.05,666.1171989807515,,,,PENDING_AT_END
666.4,666.7530596518778,,,,PENDING_AT_END
666.75,667.1209096337816,,,,PENDING_AT_END
667.0999999999999,667.4339305067551,,,,PENDING_AT_END
667.4499999999999,667.763389115023,,,,PENDING_AT_END
667.8,667.9226501790276,,,,PENDING_AT_END
668.15,668.3085679648808,,,,PENDING_AT_END
668.5,668.8664051101414,,,,PENDING_AT_END
668.8499999999999,669.227668136202,,,,PENDING_AT_END
669.1999999999999,669.3920108645274,,,,PENDING_AT_END
669.55,669.7770780060666,,,,PENDING_AT_END
669.9,670.2811571404153,,,,PENDING_AT_END
670.25,670.2842410521234,,,,PENDING_AT_END
670.5999999999999,670.7400492827724,,,,PENDING_AT_END
670.9499999999999,671.24468328676,,,,PENDING_AT_END
671.3,671.3919726922127,,,,PENDING_AT_END
671.65,671.6717003232499,,,,PENDING_AT_END
672.0,672.2810980926497,,,,PENDING_AT_END
672.3499999999999,672.6341885441759,,,,PENDING_AT_END
672.6999999999999,672.9945881622469,,,,PENDING_AT_END
673.05,673.230711948537,,,,PENDING_AT_END
673.4,673.738726191519,,,,PENDING_AT_END
673.75,673.9328588660574,,,,PENDING_AT_END
674.0999999999999,674.4338666753235,,,,PENDING_AT_END
674.4499999999999,674.8433473608867,,,,PENDING_AT_END
674.8,675.1634121835714,,,,PENDING_AT_END
675.15,675.3735318407245,,,,PENDING_AT_END
675.5,675.7024866838278,,,,PENDING_AT_END
675.8499999999999,676.2014537641103,,,,PENDING_AT_END
676.1999999999999,676.2400490148601,,,,PENDING_AT_END
676.55,676.7548070907183,,,,PENDING_AT_END
676.9,677.0671987295028,,,,PENDING_AT_END
677.25,677.607535810683,,,,PENDING_AT_END
677.5999999999999,677.846892445235,,,,PENDING_AT_END
677.9499999999999,678.2630415535683,,,,PENDING_AT_END
678.3,678.5463436656175,,,,PENDING_AT_END
678.65,679.0076241589057,,,,PENDING_AT_END
679.0,679.1741481679562,,,,PENDING_AT_END
679.3499999999999,679.4380686598154,,,,PENDING_AT_END
679.6999999999999,679.8203760347909,,,,PENDING_AT_END
680.05,680.3496259715628,,,,PENDING_AT_END
680.4,680.6379402476142,,,,PENDING_AT_END
680.75,681.0153866956512,,,,PENDING_AT_END
681.0999999999999,681.4240372851243,,,,PENDING_AT_END
681.4499999999999,681.5240700722628,,,,PENDING_AT_END
681.8,681.8524785371164,,,,PENDING_AT_END
682.15,682.2323749181461,,,,PENDING_AT_END
682.5,682.6265746210915,,,,PENDING_AT_END
682.8499999999999,682.8985341938192,,,,PENDING_AT_END
683.1999999999999,683.3209307567487,,,,PENDING_AT_END
683.55,683.9346699294842,,,,PENDING_AT_END
683.9,683.9384830299574,,,,PENDING_AT_END
684.25,684.5824090505203,,,,PENDING_AT_END
684.5999999999999,684.7037466971035,,,,PENDING_AT_END
684.9499999999999,685.1169588700797,,,,PENDING_AT_END
685.3,685.5529352578194,,,,PENDING_AT_END
685.65,685.746959340226,,,,PENDING_AT_END
686.0,686.2135548378462,,,,PENDING_AT_END
686.3499999999999,686.7234864616278,,,,PENDING_AT_END
686.6999999999999,687.0840859847887,,,,PENDING_AT_END
687.05,687.3406029283149,,,,PENDING_AT_END
687.4,687.4908567644471,,,,PENDING_AT_END
687.75,687.7793654805769,,,,PENDING_AT_END
688.0999999999999,688.3094385130121,,,,PENDING_AT_END
688.4499999999999,688.52956209089,,,,PENDING_AT_END
688.8,689.1807279755471,,,,PENDING_AT_END
689.15,689.5450417408018,,,,PENDING_AT_END
689.5,689.7299251500835,,,,PENDING_AT_END
689.8499999999999,689.9360759997141,,,,PENDING_AT_END
690.1999999999999,690.3294131448723,,,,PENDING_AT_END
690.55,690.8194578161595,,,,PENDING_AT_END
690.9,691.2068589005897,,,,PENDING_AT_END
691.25,691.5477246024573,,,,PENDING_AT_END
691.5999999999999,691.8428914731646,,,,PENDING_AT_END
691.9499999999999,692.145059307658,,,,PENDING_AT_END
692.3,692.6215511742582,,,,PENDING_AT_END
692.65,692.6677600977106,,,,PENDING_AT_END
693.0,693.111516642867,,,,PENDING_AT_END
693.3499999999999,693.535930676454,,,,PENDING_AT_END
693.6999999999999,693.7745770776443,,,,PENDING_AT_END
694.05,694.4172426329728,,,,PENDING_AT_END
694.4,694.7673176834954,,,,PENDING_AT_END
694.75,695.0850794485268,,,,PENDING_AT_END
695.0999999999999,695.4563139585987,,,,PENDING_AT_END
695.4499999999999,695.842779976443,,,,PENDING_AT_END
695.8,696.1496637940597,,,,PENDING_AT_END
696.15,696.249993579536,,,,PENDING_AT_END
696.5,696.5027075527225,,,,PENDING_AT_END
696.8499999999999,697.1642649438354,,,,PENDING_AT_END
697.1999999999999,697.5268404456098,,,,PENDING_AT_END
697.55,697.7147092469763,,,,PENDING_AT_END
697.9,698.2356310041006,,,,PENDING_AT_END
698.25,698.545605949364,,,,PENDING_AT_END
698.5999999999999,698.6101673222415,,,,PENDING_AT_END
698.9499999999999,699.3441290337252,,,,PENDING_AT_END
699.3,699.5795981242304,,,,PENDING_AT_END
699.65,699.9514389245875,,,,PENDING_AT_END
700.0,700.2629818660027,,,,PENDING_AT_END
700.3499999999999,700.4017579082113,,,,PENDING_AT_END
700.6999999999999,700.7442212388761,,,,PENDING_AT_END
701.05,701.4136155562276,,,,PENDING_AT_END
701.4,701.4081134630345,,,,PENDING_AT_END
701.75,701.9952387393623,,,,PENDING_AT_END
702.0999999999999,702.2106268890041,,,,PENDING_AT_END
702.4499999999999,702.787102287754,,,,PENDING_AT_END
702.8,703.0015115308406,,,,PENDING_AT_END
703.15,703.181966775977,,,,PENDING_AT_END
703.5,703.6216167469227,,,,PENDING_AT_END
703.8499999999999,704.055026406488,,,,PENDING_AT_END
704.1999999999999,704.2279723721996,,,,PENDING_AT_END
704.55,704.9112477647557,,,,PENDING_AT_END
704.9,705.2240180763964,,,,PENDING_AT_END
705.25,705.3178431481126,,,,PENDING_AT_END
705.5999999999999,705.7503037099439,,,,PENDING_AT_END
705.9499999999999,706.2750355153097,,,,PENDING_AT_END
706.3,706.4015074668284,,,,PENDING_AT_END
706.65,706.7649353565683,,,,PENDING_AT_END
707.0,707.2112549970022,,,,PENDING_AT_END
707.3499999999999,707.6502850831175,,,,PENDING_AT_END
707.6999999999999,707.7276676287303,,,,PENDING_AT_END
708.05,708.4116440964242,,,,PENDING_AT_END
708.4,708.712012214719,,,,PENDING_AT_END
708.75,709.0426061221708,,,,PENDING_AT_END
709.0999999999999,709.4907935579693,,,,PENDING_AT_END
709.4499999999999,709.4816253612636,,,,PENDING_AT_END
709.8,710.1287223219094,,,,PENDING_AT_END
710.15,710.1573222714818,,,,PENDING_AT_END
710.5,710.745001239681,,,,PENDING_AT_END
710.8499999999999,711.2272087380125,,,,PENDING_AT_END
711.1999999999999,711.4967841083311,,,,PENDING_AT_END
711.55,711.9138328740898,,,,PENDING_AT_END
711.9,712.0543355331625,,,,PENDING_AT_END
712.25,712.5805386754473,,,,PENDING_AT_END
712.5999999999999,712.6295931239349,,,,PENDING_AT_END
712.9499999999999,713.041463739433,,,,PENDING_AT_END
713.3,713.3888486506846,,,,PENDING_AT_END
713.65,713.7852864272085,,,,PENDING_AT_END
714.0,714.3333424245832,,,,PENDING_AT_END
714.3499999999999,714.5904388970798,,,,PENDING_AT_END
714.6999999999999,715.0373910817319,,,,PENDING_AT_END
715.05,715.153676675513,,,,PENDING_AT_END
715.4,715.4929340976611,,,,PENDING_AT_END
715.75,715.8036743399341,,,,PENDING_AT_END
716.0999999999999,716.394115851871,,,,PENDING_AT_END
716.4499999999999,716.7084754829249,,,,PENDING_AT_END
716.8,717.1115843896755,,,,PENDING_AT_END
717.15,717.233130777976,,,,PENDING_AT_END
717.5,717.7816427755643,,,,PENDING_AT_END
717.8499999999999,718.1899506849093,,,,PENDING_AT_END
718.1999999999999,718.2968812771954,,,,PENDING_AT_END
718.55,718.9064615747664,,,,PENDING_AT_END
718.9,719.0913175577699,,,,PENDING_AT_END
719.25,719.6348992978549,,,,PENDING_AT_END
719.5999999999999,719.9090552056889,,,,PENDING_AT_END
719.9499999999999,720.1216728483627,,,,PENDING_AT_END
720.3,720.5921401866381,,,,PENDING_AT_END
720.65,720.9848238451619,,,,PENDING_AT_END
721.0,721.041662162231,,,,PENDING_AT_END
721.3499999999999,721.5876887999857,,,,PENDING_AT_END
721.6999999999999,721.9980751551194,,,,PENDING_AT_END
722.05,722.2787027898269,,,,PENDING_AT_END
722.4,722.5682439932758,,,,PENDING_AT_END
722.75,723.1067680924011,,,,PENDING_AT_END
723.0999999999999,723.1665560467356,,,,PENDING_AT_END
723.4499999999999,723.7195927378376,,,,PENDING_AT_END
723.8,724.1632142215278,,,,PENDING_AT_END
724.15,724.3268706764494,,,,PENDING_AT_END
724.5,724.7986721930795,,,,PENDING_AT_END
724.8499999999999,724.9296785891217,,,,PENDING_AT_END
725.1999999999999,725.4176668777328,,,,PENDING_AT_END
725.55,725.8306022141433,,,,PENDING_AT_END
725.9,726.1701568700431,,,,PENDING_AT_END
726.25,726.6010128289763,,,,PENDING_AT_END
726.5999999999999,726.6935028236985,,,,PENDING_AT_END
726.9499999999999,727.0647286192328,,,,PENDING_AT_END
727.3,727.6003722217749,,,,PENDING_AT_END
727.65,727.6661501258981,,,,PENDING_AT_END
728.0,728.3539962312227,,,,PENDING_AT_END
728.3499999999999,728.4160586198107,,,,PENDING_AT_END
728.6999999999999,729.0821899484248,,,,PENDING_AT_END
729.05,729.3793052195988,,,,PENDING_AT_END
729.4,729.664677927754,,,,PENDING_AT_END
729.75,729.7536823434577,,,,PENDING_AT_END
730.0999999999999,730.3837759592209,,,,PENDING_AT_END
730.4499999999999,730.8108397599248,,,,PENDING_AT_END
730.8,731.0972052960274,,,,PENDING_AT_END
731.15,731.4015101431447,,,,PENDING_AT_END
731.5,731.7683311443977,,,,PENDING_AT_END
731.8499999999999,732.1177106080188,,,,PENDING_AT_END
732.1999999999999,732.3813365144207,,,,PENDING_AT_END
732.55,732.6963284371675,,,,PENDING_AT_END
732.9,732.9258381053565,,,,PENDING_AT_END
733.25,733.3083908751134,,,,PENDING_AT_END
733.5999999999999,733.8973944738484,,,,PENDING_AT_END
733.9499999999999,734.3160254916762,,,,PENDING_AT_END
734.3,734.4253622673612,,,,PENDING_AT_END
734.65,734.7378411267908,,,,PENDING_AT_END
