timestamp,gen_time,sel_time,tx_time,rx_time,status
0.0,0.23124451074881397,150.5401327898646,150.5411327898646,150.7111327898646,TX
0.35,0.7444936040990934,153.51789166473066,153.51889166473066,153.68889166473065,TX
0.7,0.7812702466134696,156.89511924428606,156.89611924428607,157.06611924428606,TX
1.0499999999999998,1.2033749500646715,151.20487216489542,151.20587216489542,151.3758721648954,TX
1.4,1.6943316082121629,153.45453775689586,153.45553775689586,153.62553775689585,TX
1.75,1.9241631039759066,160.19149636918863,160.19249636918863,160.36249636918862,TX
2.0999999999999996,2.203402561272645,158.18138927110815,158.18238927110815,158.35238927110814,TX
2.4499999999999997,2.5541698115664926,152.54144287049152,152.54244287049153,152.71244287049151,TX
2.8,2.8784652918708673,154.0755645647075,154.0765645647075,154.24656456470748,TX
3.15,3.1624801071654383,157.07670880351913,157.07770880351913,157.24770880351912,TX
3.5,3.79459485358372,156.6854835970688,156.68648359706881,156.8564835970688,TX
3.8499999999999996,3.997239508083199,158.41841638637044,158.41941638637044,158.58941638637043,TX
4.199999999999999,4.200462434347694,155.81708284155684,155.81808284155684,155.98808284155683,TX
4.55,4.921166466356127,161.85438167461552,161.85538167461553,162.02538167461552,TX
4.8999999999999995,4.972963855427431,,,,PENDING_AT_END
5.25,5.629659476913423,,,,PENDING_AT_END
5.6,5.69521069540737,,,,PENDING_AT_END
5.949999999999999,6.18371139813712,,,,PENDING_AT_END
6.3,6.3552538125536975,,,,PENDING_AT_END
6.6499999999999995,6.919311408720065,,,,PENDING_AT_END
7.0,7.089562793916853,,,,PENDING_AT_END
7.35,7.47374084949899,,,,PENDING_AT_END
7.699999999999999,7.854472292279697,,,,PENDING_AT_END
8.049999999999999,8.435454369487017,,,,PENDING_AT_END
8.399999999999999,8.547801561307004,,,,PENDING_AT_END
8.75,8.919856283665844,,,,PENDING_AT_END
9.1,9.109341107587456,,,,PENDING_AT_END
9.45,9.767459195383601,,,,PENDING_AT_END
9.799999999999999,10.146142136007603,,,,PENDING_AT_END
10.149999999999999,10.167787678178737,,,,PENDING_AT_END
10.5,10.670558364900547,,,,PENDING_AT_END
10.85,10.97513758703884,,,,PENDING_AT_END
11.2,11.22122865298979,,,,PENDING_AT_END
11.549999999999999,11.849773124715407,,,,PENDING_AT_END
11.899999999999999,12.20932753864503,,,,PENDING_AT_END
12.25,12.358302354868954,,,,PENDING_AT_END
12.6,12.969357119176811,,,,PENDING_AT_END
12.95,13.33511107983167,,,,PENDING_AT_END
13.299999999999999,13.635326108167819,,,,PENDING_AT_END
13.649999999999999,13.770557818744471,,,,PENDING_AT_END
14.0,14.163212441952957,,,,PENDING_AT_END
14.35,14.49752212186638,,,,PENDING_AT_END
14.7,14.832570345589748,,,,PENDING_AT_END
15.049999999999999,15.08760815109427,,,,PENDING_AT_END
15.399999999999999,15.665231360726441,,,,PENDING_AT_END
15.749999999999998,15.810882412476614,,,,PENDING_AT_END
16.099999999999998,16.192737728305143,,,,PENDING_AT_END
16.45,16.47012477520897,,,,PENDING_AT_END
16.799999999999997,17.194021264127223,,,,PENDING_AT_END
17.15,17.360296060155008,,,,PENDING_AT_END
17.5,17.58106381875266,,,,PENDING_AT_END
17.849999999999998,18.16623536431136,,,,PENDING_AT_END
18.2,18.43124756212882,,,,PENDING_AT_END
18.549999999999997,18.81324201263974,,,,PENDING_AT_END
18.9,19.26474123458967,,,,PENDING_AT_END
19.25,19.35673151256458,,,,PENDING_AT_END
19.599999999999998,19.718686125670924,,,,PENDING_AT_END
19.95,20.08118080125732,,,,PENDING_AT_END
20.299999999999997,20.698144071923835,,,,PENDING_AT_END
20.65,20.666518472061483,,,,PENDING_AT_END
21.0,21.124038230899693,,,,PENDING_AT_END
21.349999999999998,21.607990395470015,,,,PENDING_AT_END
21.7,21.768576466494164,,,,PENDING_AT_END
22.049999999999997,22.29718070530341,,,,PENDING_AT_END
22.4,22.60602726084472,,,,PENDING_AT_END
22.75,23.098756094410547,,,,PENDING_AT_END
23.099999999999998,23.10810211657356,,,,PENDING_AT_END
23.45,23.73473996963462,,,,PENDING_AT_END
23.799999999999997,24.18720307821188,,,,PENDING_AT_END
24.15,24.423718855601017,,,,PENDING_AT_END
24.5,24.607198953718317,,,,PENDING_AT_END
24.849999999999998,25.246565127528793,,,,PENDING_AT_END
25.2,25.20405953545811,,,,PENDING_AT_END
25.549999999999997,25.55146875942964,,,,PENDING_AT_END
25.9,26.296839348462143,,,,PENDING_AT_END
26.25,26.4233591780974,,,,PENDING_AT_END
26.599999999999998,26.996705224821778,,,,PENDING_AT_END
26.95,27.180823597111026,,,,PENDING_AT_END
27.299999999999997,27.493461982828613,,,,PENDING_AT_END
27.65,27.888872853071675,,,,PENDING_AT_END
28.0,28.08968443554219,,,,PENDING_AT_END
28.349999999999998,28.73348998344913,,,,PENDING_AT_END
28.7,28.872896214816006,,,,PENDING_AT_END
29.049999999999997,29.15297236413936,,,,PENDING_AT_END
29.4,29.76423936667814,,,,PENDING_AT_END
29.749999999999996,29.900650257777716,,,,PENDING_AT_END
30.099999999999998,30.22058849076731,,,,PENDING_AT_END
30.45,30.839661507813656,,,,PENDING_AT_END
30.799999999999997,30.861150851354253,,,,PENDING_AT_END
31.15,31.527415648445483,,,,PENDING_AT_END
31.499999999999996,31.829368690856658,,,,PENDING_AT_END
31.849999999999998,32.082940534969104,,,,PENDING_AT_END
32.199999999999996,32.53214695657311,,,,PENDING_AT_END
32.55,32.75937177421723,,,,PENDING_AT_END
32.9,33.218350643425744,,,,PENDING_AT_END
33.25,33.528032870590806,,,,PENDING_AT_END
33.599999999999994,33.77298364807295,,,,PENDING_AT_END
33.949999999999996,34.14465333397229,,,,PENDING_AT_END
34.3,34.62392846779173,,,,PENDING_AT_END
34.65,35.03403786067167,,,,PENDING_AT_END
35.0,35.23229430983649,,,,PENDING_AT_END
35.349999999999994,35.68633861927212,,,,PENDING_AT_END
35.699999999999996,35.90000712534543,,,,PENDING_AT_END
36.05,36.42479504144116,,,,PENDING_AT_END
36.4,36.6478856785073,,,,PENDING_AT_END
36.75,37.13703055050189,,,,PENDING_AT_END
37.099999999999994,37.17508822337756,,,,PENDING_AT_END
37.449999999999996,37.59434000692874,,,,PENDING_AT_END
37.8,37.85009716787506,,,,PENDING_AT_END
38.15,38.47202938464577,,,,PENDING_AT_END
38.5,38.76637174546596,,,,PENDING_AT_END
38.849999999999994,39.13990414465947,,,,PENDING_AT_END
39.199999999999996,39.32634487189848,,,,PENDING_AT_END
39.55,39.85939201701734,,,,PENDING_AT_END
39.9,40.16881208837828,,,,PENDING_AT_END
40.25,40.263332910418995,,,,PENDING_AT_END
40.599999999999994,40.87528843579696,,,,PENDING_AT_END
40.949999999999996,41.133073132019,,,,PENDING_AT_END
41.3,41.41429306133669,,,,PENDING_AT_END
41.65,41.67749708388147,,,,PENDING_AT_END
42.0,42.18289244568044,,,,PENDING_AT_END
42.349999999999994,42.56202721929412,,,,PENDING_AT_END
42.699999999999996,43.098050212930694,,,,PENDING_AT_END
43.05,43.06425809585254,,,,PENDING_AT_END
43.4,43.69893150439544,,,,PENDING_AT_END
43.75,43.87270470949534,,,,PENDING_AT_END
44.099999999999994,44.28378132688931,,,,PENDING_AT_END
44.449999999999996,44.475396961509,,,,PENDING_AT_END
44.8,44.9044477611333,,,,PENDING_AT_END
45.15,45.298489670426356,,,,PENDING_AT_END
45.5,45.594032587041696,,,,PENDING_AT_END
45.849999999999994,46.12141294649267,,,,PENDING_AT_END
46.199999999999996,46.478894241276365,,,,PENDING_AT_END
46.55,46.65729021284285,,,,PENDING_AT_END
46.9,47.227754113191146,,,,PENDING_AT_END
47.25,47.53159564452476,,,,PENDING_AT_END
47.599999999999994,47.658673017628715,,,,PENDING_AT_END
47.949999999999996,47.95164850893081,,,,PENDING_AT_END
48.3,48.57334972984415,,,,PENDING_AT_END
48.65,48.71723243550931,,,,PENDING_AT_END
49.0,49.39023636436016,,,,PENDING_AT_END
49.349999999999994,49.54767067090168,,,,PENDING_AT_END
49.699999999999996,49.95736132788915,,,,PENDING_AT_END
50.05,50.070609693055815,,,,PENDING_AT_END
50.4,50.77890857911833,,,,PENDING_AT_END
50.75,51.059735270076956,,,,PENDING_AT_END
51.099999999999994,51.44300930018542,,,,PENDING_AT_END
51.449999999999996,51.73578340729433,,,,PENDING_AT_END
51.8,51.99145687379432,,,,PENDING_AT_END
52.15,52.439638927204136,,,,PENDING_AT_END
52.5,52.80416326890766,,,,PENDING_AT_END
52.849999999999994,53.16889959916446,,,,PENDING_AT_END
53.199999999999996,53.46519865060831,,,,PENDING_AT_END
53.55,53.87874703148931,,,,PENDING_AT_END
53.9,54.049228491381974,,,,PENDING_AT_END
54.25,54.273211755151124,,,,PENDING_AT_END
54.599999999999994,54.88186231882641,,,,PENDING_AT_END
54.949999999999996,55.264715613032244,,,,PENDING_AT_END
55.3,55.58807343489657,,,,PENDING_AT_END
55.65,55.79430751637327,,,,PENDING_AT_END
56.0,56.09176406609646,,,,PENDING_AT_END
56.349999999999994,56.42109490913609,,,,PENDING_AT_END
56.699999999999996,56.75819311196877,,,,PENDING_AT_END
57.05,57.14699438423713,,,,PENDING_AT_END
57.4,57.453970192080185,,,,PENDING_AT_END
57.74999999999999,58.10370660137226,,,,PENDING_AT_END
58.099999999999994,58.13604066209035,,,,PENDING_AT_END
58.449999999999996,58.81072912919195,,,,PENDING_AT_END
58.8,58.914460370373476,,,,PENDING_AT_END
59.15,59.3073281753753,,,,PENDING_AT_END
59.49999999999999,59.88358362831912,,,,PENDING_AT_END
59.849999999999994,60.13372438112154,,,,PENDING_AT_END
60.199999999999996,60.40824387901828,,,,PENDING_AT_END
60.55,60.932038421052866,,,,PENDING_AT_END
60.9,60.96683638411867,,,,PENDING_AT_END
61.24999999999999,61.61550080151647,,,,PENDING_AT_END
61.599999999999994,61.845600004716246,,,,PENDING_AT_END
61.949999999999996,62.28012442776876,,,,PENDING_AT_END
62.3,62.33200646679414,,,,PENDING_AT_END
62.65,62.75902605101197,,,,PENDING_AT_END
62.99999999999999,63.083309997054535,,,,PENDING_AT_END
63.349999999999994,63.57093444224708,,,,PENDING_AT_END
63.699999999999996,63.96163714117085,,,,PENDING_AT_END
64.05,64.30929320680401,,,,PENDING_AT_END
64.39999999999999,64.73199926327946,,,,PENDING_AT_END
64.75,65.0376344514435,,,,PENDING_AT_END
65.1,65.1314492902269,,,,PENDING_AT_END
65.45,65.65674994966595,,,,PENDING_AT_END
65.8,66.10800115266981,,,,PENDING_AT_END
66.14999999999999,66.31220392494008,,,,PENDING_AT_END
66.5,66.78130577648818,,,,PENDING_AT_END
66.85,66.90746825468074,,,,PENDING_AT_END
67.19999999999999,67.40440530285301,,,,PENDING_AT_END
67.55,67.7418295836356,,,,PENDING_AT_END
67.89999999999999,67.9092585567647,,,,PENDING_AT_END
68.25,68.53287473898109,,,,PENDING_AT_END
68.6,68.88629042568803,,,,PENDING_AT_END
68.94999999999999,69.21446966154781,,,,PENDING_AT_END
69.3,69.53672958262892,,,,PENDING_AT_END
69.64999999999999,69.76637620496031,,,,PENDING_AT_END
70.0,70.11650491797946,,,,PENDING_AT_END
70.35,70.6289198352155,,,,PENDING_AT_END
70.69999999999999,70.7318022944589,,,,PENDING_AT_END
71.05,71.2075855507576,,,,PENDING_AT_END
71.39999999999999,71.49348534108968,,,,PENDING_AT_END
71.75,72.00795497473803,,,,PENDING_AT_END
72.1,72.39046295203084,,,,PENDING_AT_END
72.44999999999999,72.46941079086889,,,,PENDING_AT_END
72.8,72.86156350410614,,,,PENDING_AT_END
73.14999999999999,73.24711249991553,,,,PENDING_AT_END
73.5,73.67698182475473,,,,PENDING_AT_END
73.85,73.89501711583745,,,,PENDING_AT_END
74.19999999999999,74.2849504882883,,,,PENDING_AT_END
74.55,74.6125255390579,,,,PENDING_AT_END
74.89999999999999,75.00489908758142,,,,PENDING_AT_END
75.25,75.61389034071874,,,,PENDING_AT_END
75.6,75.92092873511803,,,,PENDING_AT_END
75.94999999999999,76.34005967413432,,,,PENDING_AT_END
76.3,76.47479322132561,,,,PENDING_AT_END
76.64999999999999,76.76560390483941,,,,PENDING_AT_END
77.0,77.34536493044214,,,,PENDING_AT_END
77.35,77.54113436877225,,,,PENDING_AT_END
77.69999999999999,77.80724475753831,,,,PENDING_AT_END
78.05,78.15412740733,,,,PENDING_AT_END
78.39999999999999,78.6152732894741,,,,PENDING_AT_END
78.75,78.79414010929858,,,,PENDING_AT_END
79.1,79.40455654487857,,,,PENDING_AT_END
79.44999999999999,79.59416937192805,,,,PENDING_AT_END
79.8,80.05303415789227,,,,PENDING_AT_END
80.14999999999999,80.41066681274414,,,,PENDING_AT_END
80.5,80.83318934343862,,,,PENDING_AT_END
80.85,81.15529664128528,,,,PENDING_AT_END
81.19999999999999,81.58291021540259,,,,PENDING_AT_END
81.55,81.6984712689371,,,,PENDING_AT_END
81.89999999999999,81.93321144990263,,,,PENDING_AT_END
82.25,82.61117439586175,,,,PENDING_AT_END
82.6,82.65689866571654,,,,PENDING_AT_END
82.94999999999999,83.15464885056389,,,,PENDING_AT_END
83.3,83.67823464352112,,,,PENDING_AT_END
83.64999999999999,84.01970153850523,,,,PENDING_AT_END
84.0,84.2432713763719,,,,PENDING_AT_END
84.35,84.40553552235949,,,,PENDING_AT_END
84.69999999999999,84.93005340189589,,,,PENDING_AT_END
85.05,85.09680530239625,,,,PENDING_AT_END
85.39999999999999,85.43377739928754,,,,PENDING_AT_END
85.75,85.91328280496404,,,,PENDING_AT_END
86.1,86.48675417973425,,,,PENDING_AT_END
86.44999999999999,86.65465563657435,,,,PENDING_AT_END
86.8,86.83535416886754,,,,PENDING_AT_END
87.14999999999999,87.41166439536279,,,,PENDING_AT_END
87.5,87.5108424590488,,,,PENDING_AT_END
87.85,87.99002483278844,,,,PENDING_AT_END
88.19999999999999,88.56792205574456,,,,PENDING_AT_END
88.55,88.80229271589376,,,,PENDING_AT_END
88.89999999999999,88.98920096125114,,,,PENDING_AT_END
89.25,89.27463551817749,,,,PENDING_AT_END
89.6,89.65739032023194,,,,PENDING_AT_END
89.94999999999999,90.09347278541901,,,,PENDING_AT_END
90.3,90.44802549279525,,,,PENDING_AT_END
90.64999999999999,90.78200301703801,,,,PENDING_AT_END
91.0,91.24146546043116,,,,PENDING_AT_END
91.35,91.4942583238957,,,,PENDING_AT_END
91.69999999999999,91.93898680641976,,,,PENDING_AT_END
92.05,92.12242021861987,,,,PENDING_AT_END
92.39999999999999,92.7077216413126,,,,PENDING_AT_END
92.75,93.14306533547159,,,,PENDING_AT_END
93.1,93.40022910147357,,,,PENDING_AT_END
93.44999999999999,93.57980753128567,,,,PENDING_AT_END
93.8,93.96556578581284,,,,PENDING_AT_END
94.14999999999999,94.15123562108253,,,,PENDING_AT_END
94.5,94.6670571080106,,,,PENDING_AT_END
94.85,95.15100226986598,,,,PENDING_AT_END
95.19999999999999,95.31753000274264,,,,PENDING_AT_END
95.55,95.60600273609829,,,,PENDING_AT_END
95.89999999999999,96.14250488034922,,,,PENDING_AT_END
96.25,96.59094507736606,,,,PENDING_AT_END
96.6,96.93915350247141,,,,PENDING_AT_END
96.94999999999999,97.17714159039201,,,,PENDING_AT_END
97.3,97.6235736556256,,,,PENDING_AT_END
97.64999999999999,97.89725621883748,,,,PENDING_AT_END
98.0,98.16583262224142,,,,PENDING_AT_END
98.35,98.67091071917807,,,,PENDING_AT_END
98.69999999999999,98.87829774261468,,,,PENDING_AT_END
99.05,99.40764908152313,,,,PENDING_AT_END
99.39999999999999,99.7631858649449,,,,PENDING_AT_END
99.75,99.76707885381327,,,,PENDING_AT_END
100.1,100.38246348442624,,,,PENDING_AT_END
100.44999999999999,100.45882539432276,,,,PENDING_AT_END
100.8,100.83988955540413,,,,PENDING_AT_END
101.14999999999999,101.45235094155494,,,,PENDING_AT_END
101.5,101.78129481742562,,,,PENDING_AT_END
101.85,102.10244548860331,,,,PENDING_AT_END
102.19999999999999,102.20173231728063,,,,PENDING_AT_END
102.55,102.60430474627678,,,,PENDING_AT_END
102.89999999999999,102.9844390958266,,,,PENDING_AT_END
103.25,103.51642886447766,,,,PENDING_AT_END
103.6,103.69990333722475,,,,PENDING_AT_END
103.94999999999999,104.23386734516853,,,,PENDING_AT_END
104.3,104.38951350807791,,,,PENDING_AT_END
104.64999999999999,104.9252062812268,,,,PENDING_AT_END
105.0,105.28830092821167,,,,PENDING_AT_END
105.35,105.45377787148544,,,,PENDING_AT_END
105.69999999999999,105.78310510462035,,,,PENDING_AT_END
106.05,106.22188291162762,,,,PENDING_AT_END
106.39999999999999,106.73859263460328,,,,PENDING_AT_END
106.75,106.9096445442367,,,,PENDING_AT_END
107.1,107.41629024188967,,,,PENDING_AT_END
107.44999999999999,107.60607907317748,,,,PENDING_AT_END
107.8,108.08191270325138,,,,PENDING_AT_END
108.14999999999999,108.5029044929142,,,,PENDING_AT_END
108.5,108.8415907507306,,,,PENDING_AT_END
108.85,108.88231648459623,,,,PENDING_AT_END
109.19999999999999,109.35817898577596,,,,PENDING_AT_END
109.55,109.9360920295366,,,,PENDING_AT_END
109.89999999999999,109.96611723974614,,,,PENDING_AT_END
110.25,110.37570230240755,,,,PENDING_AT_END
110.6,110.96320893282518,,,,PENDING_AT_END
110.94999999999999,111.31787679847062,,,,PENDING_AT_END
111.3,111.36707447455406,,,,PENDING_AT_END
111.64999999999999,112.03393216498755,,,,PENDING_AT_END
112.0,112.36490180379448,,,,PENDING_AT_END
112.35,112.60451001670296,,,,PENDING_AT_END
112.69999999999999,112.75724359833706,,,,PENDING_AT_END
113.05,113.32604557259945,,,,PENDING_AT_END
113.39999999999999,113.61497667675233,,,,PENDING_AT_END
113.74999999999999,113.85504721170001,,,,PENDING_AT_END
114.1,114.32885863908425,,,,PENDING_AT_END
114.44999999999999,114.73939417522098,,,,PENDING_AT_END
114.8,115.08019431149667,,,,PENDING_AT_END
115.14999999999999,115.16977141081476,,,,PENDING_AT_END
115.49999999999999,115.86113627430355,,,,PENDING_AT_END
115.85,116.0019619455868,,,,PENDING_AT_END
116.19999999999999,116.22168450294566,,,,PENDING_AT_END
116.55,116.73345097476953,,,,PENDING_AT_END
116.89999999999999,116.97610380822572,,,,PENDING_AT_END
117.24999999999999,117.596485370634,,,,PENDING_AT_END
117.6,117.60162978574593,,,,PENDING_AT_END
117.94999999999999,118.33071972756287,,,,PENDING_AT_END
118.3,118.44127901384233,,,,PENDING_AT_END
118.64999999999999,118.66233949584195,,,,PENDING_AT_END
118.99999999999999,119.18389138600149,,,,PENDING_AT_END
119.35,119.60104886252645,,,,PENDING_AT_END
119.69999999999999,119.7239041773575,,,,PENDING_AT_END
120.05,120.43621032992247,,,,PENDING_AT_END
120.39999999999999,120.73111712657642,,,,PENDING_AT_END
120.74999999999999,120.9148959957286,,,,PENDING_AT_END
121.1,121.43077694423141,,,,PENDING_AT_END
121.44999999999999,121.5981458967926,,,,PENDING_AT_END
121.8,122.07652548211676,,,,PENDING_AT_END
122.14999999999999,122.28656052224342,,,,PENDING_AT_END
122.49999999999999,122.78226760524727,,,,PENDING_AT_END
122.85,123.06309764195103,,,,PENDING_AT_END
123.19999999999999,123.4923953195231,,,,PENDING_AT_END
123.55,123.5752131693772,,,,PENDING_AT_END
123.89999999999999,124.0460889269214,,,,PENDING_AT_END
124.24999999999999,124.62539214849814,,,,PENDING_AT_END
124.6,124.85014827207536,,,,PENDING_AT_END
124.94999999999999,125.01195437628616,,,,PENDING_AT_END
125.3,125.58584629183126,,,,PENDING_AT_END
125.64999999999999,125.71825941073423,,,,PENDING_AT_END
125.99999999999999,126.09137025074394,,,,PENDING_AT_END
126.35,126.49883097182988,,,,PENDING_AT_END
126.69999999999999,126.80887117132787,,,,PENDING_AT_END
127.05,127.31020382128689,,,,PENDING_AT_END
127.39999999999999,127.65578375638607,,,,PENDING_AT_END
127.74999999999999,127.88260447087582,,,,PENDING_AT_END
128.1,128.3817631366255,,,,PENDING_AT_END
128.45,128.5776961742464,,,,PENDING_AT_END
128.79999999999998,129.1863639300179,,,,PENDING_AT_END
129.15,129.43663345196384,,,,PENDING_AT_END
129.5,129.7730495856179,,,,PENDING_AT_END
129.85,130.23457973007723,,,,PENDING_AT_END
130.2,130.22113000669253,,,,PENDING_AT_END
130.54999999999998,130.87491353576436,,,,PENDING_AT_END
130.9,131.00521206807068,,,,PENDING_AT_END
131.25,131.46088776267015,,,,PENDING_AT_END
131.6,131.76360384858296,,,,PENDING_AT_END
131.95,132.33056417890134,,,,PENDING_AT_END
132.29999999999998,132.42548452152866,,,,PENDING_AT_END
132.65,132.9132112069627,,,,PENDING_AT_END
133.0,133.31763434287637,,,,PENDING_AT_END
133.35,133.5827686345925,,,,PENDING_AT_END
133.7,134.06203783707122,,,,PENDING_AT_END
134.04999999999998,134.32049399967482,,,,PENDING_AT_END
134.39999999999998,134.50722802103417,,,,PENDING_AT_END
134.75,135.03350583798237,,,,PENDING_AT_END
135.1,135.36087309837413,,,,PENDING_AT_END
135.45,135.72522417684166,,,,PENDING_AT_END
135.79999999999998,136.0420357908678,,,,PENDING_AT_END
136.14999999999998,136.21816653892188,,,,PENDING_AT_END
136.5,136.7093089786759,,,,PENDING_AT_END
136.85,137.08570995459993,,,,PENDING_AT_END
137.2,137.28046051194588,,,,PENDING_AT_END
137.54999999999998,137.76125708108518,,,,PENDING_AT_END
137.89999999999998,138.1600448684768,,,,PENDING_AT_END
138.25,138.48095974448808,,,,PENDING_AT_END
138.6,138.80357947352778,,,,PENDING_AT_END
138.95,138.99132736976372,,,,PENDING_AT_END
139.29999999999998,139.58417491442358,,,,PENDING_AT_END
139.64999999999998,139.80087571910065,,,,PENDING_AT_END
140.0,140.28876020793007,,,,PENDING_AT_END
140.35,140.42706228444482,,,,PENDING_AT_END
140.7,140.7216666967688,,,,PENDING_AT_END
141.04999999999998,141.17808890137465,,,,PENDING_AT_END
141.39999999999998,141.57842695535066,,,,PENDING_AT_END
141.75,141.86185731282364,,,,PENDING_AT_END
142.1,142.4615760349948,,,,PENDING_AT_END
142.45,142.5175082824809,,,,PENDING_AT_END
142.79999999999998,142.91513959353594,,,,PENDING_AT_END
143.14999999999998,143.25880079360883,,,,PENDING_AT_END
143.5,143.55677375418531,,,,PENDING_AT_END
143.85,144.07494989090654,,,,PENDING_AT_END
144.2,144.53613858085907,,,,PENDING_AT_END
144.54999999999998,144.58614864318773,,,,PENDING_AT_END
144.89999999999998,145.10579948988908,,,,PENDING_AT_END
145.25,145.32668534563356,,,,PENDING_AT_END
145.6,145.73491267074198,,,,PENDING_AT_END
145.95,145.98294967061935,,,,PENDING_AT_END
146.29999999999998,146.36330571882567,,,,PENDING_AT_END
146.64999999999998,146.80811426875283,,,,PENDING_AT_END
147.0,147.39172951499074,,,,PENDING_AT_END
147.35,147.73663865802897,,,,PENDING_AT_END
147.7,147.72623781706199,,,,PENDING_AT_END
148.04999999999998,148.30931608538836,,,,PENDING_AT_END
148.39999999999998,148.4727898116168,,,,PENDING_AT_END
148.75,148.9255781088985,,,,PENDING_AT_END
149.1,149.34225816565325,,,,PENDING_AT_END
149.45,149.79500300343403,,,,PENDING_AT_END
149.79999999999998,149.8449795253251,,,,PENDING_AT_END
150.14999999999998,150.32350000326545,,,,PENDING_AT_END
150.5,150.77628029889524,,,,PENDING_AT_END
150.85,151.07275586841715,,,,PENDING_AT_END
151.2,151.37122205203565,,,,PENDING_AT_END
151.54999999999998,151.61735366281047,,,,PENDING_AT_END
151.89999999999998,151.95165312166847,,,,PENDING_AT_END
152.25,152.4109255559112,,,,PENDING_AT_END
152.6,152.62964159670597,,,,PENDING_AT_END
152.95,153.0922578151376,,,,PENDING_AT_END
153.29999999999998,153.31919723188034,,,,PENDING_AT_END
153.64999999999998,153.93476434999894,,,,PENDING_AT_END
154.0,154.11002223440607,,,,PENDING_AT_END
154.35,154.37384206144762,,,,PENDING_AT_END
154.7,155.0918154944917,,,,PENDING_AT_END
155.04999999999998,155.05396286472543,,,,PENDING_AT_END
155.39999999999998,155.67125839653272,,,,PENDING_AT_END
155.75,155.8748399674327,,,,PENDING_AT_END
156.1,156.45952830939538,,,,PENDING_AT_END
156.45,156.80503341400623,,,,PENDING_AT_END
156.79999999999998,156.96708859802496,,,,PENDING_AT_END
157.14999999999998,157.4159358640701,,,,PENDING_AT_END
157.5,157.7467683985476,,,,PENDING_AT_END
157.85,157.89566551208637,,,,PENDING_AT_END
158.2,158.56691193431607,,,,PENDING_AT_END
158.54999999999998,158.7409392132769,,,,PENDING_AT_END
158.89999999999998,159.23712324983904,,,,PENDING_AT_END
159.25,159.3366243705742,,,,PENDING_AT_END
159.6,159.75147938817045,,,,PENDING_AT_END
159.95,159.9588178493433,,,,PENDING_AT_END
160.29999999999998,160.48627821451814,,,,PENDING_AT_END
160.64999999999998,160.66225290081417,,,,PENDING_AT_END
161.0,161.3296574590364,,,,PENDING_AT_END
161.35,161.41057523501908,,,,PENDING_AT_END
161.7,161.96411940319427,,,,PENDING_AT_END
162.04999999999998,162.4280620421458,,,,PENDING_AT_END
162.39999999999998,162.56951326072596,,,,PENDING_AT_END
162.75,162.91170714414426,,,,PENDING_AT_END
163.1,163.21884760705714,,,,PENDING_AT_END
163.45,163.7472309843634,,,,PENDING_AT_END
163.79999999999998,163.96743364390304,,,,PENDING_AT_END
164.14999999999998,164.2955217292868,,,,PENDING_AT_END
164.5,164.73742139245905,,,,PENDING_AT_END
164.85,164.95722681060212,,,,PENDING_AT_END
165.2,165.20548122436566,,,,PENDING_AT_END
165.54999999999998,165.82857664846168,,,,PENDING_AT_END
165.89999999999998,166.2182521168848,,,,PENDING_AT_END
166.25,166.30178028162607,,,,PENDING_AT_END
166.6,166.84176028162514,,,,PENDING_AT_END
166.95,166.9971459726226,,,,PENDING_AT_END
167.29999999999998,167.39760301309238,,,,PENDING_AT_END
167.64999999999998,167.7793342329603,,,,PENDING_AT_END
168.0,168.3250371938891,,,,PENDING_AT_END
168.35,168.39868686349516,,,,PENDING_AT_END
168.7,168.88842759671934,,,,PENDING_AT_END
169.04999999999998,169.4205325365448,,,,PENDING_AT_END
169.39999999999998,169.65850522803413,,,,PENDING_AT_END
169.75,170.00909061237184,,,,PENDING_AT_END
170.1,170.40100214791372,,,,PENDING_AT_END
170.45,170.69836184248214,,,,PENDING_AT_END
170.79999999999998,171.1274352614943,,,,PENDING_AT_END
171.14999999999998,171.5121100400287,,,,PENDING_AT_END
171.5,171.52611122356075,,,,PENDING_AT_END
171.85,172.01266725619078,,,,PENDING_AT_END
172.2,172.25549774385496,,,,PENDING_AT_END
172.54999999999998,172.69990891787128,,,,PENDING_AT_END
172.89999999999998,173.14836110432753,,,,PENDING_AT_END
173.25,173.33879891983725,,,,PENDING_AT_END
173.6,173.94497781747825,,,,PENDING_AT_END
173.95,174.05989890995238,,,,PENDING_AT_END
174.29999999999998,174.58256976836915,,,,PENDING_AT_END
174.64999999999998,175.0044948602266,,,,PENDING_AT_END
175.0,175.35377319908304,,,,PENDING_AT_END
175.35,175.68574411258115,,,,PENDING_AT_END
175.7,175.81787250529158,,,,PENDING_AT_END
176.04999999999998,176.0565715697094,,,,PENDING_AT_END
176.39999999999998,176.65943018942465,,,,PENDING_AT_END
176.75,176.86783608071266,,,,PENDING_AT_END
177.1,177.17960737505788,,,,PENDING_AT_END
177.45,177.5471897639781,,,,PENDING_AT_END
177.79999999999998,178.15524915778624,,,,PENDING_AT_END
178.14999999999998,178.31283295792355,,,,PENDING_AT_END
178.5,178.85210203004607,,,,PENDING_AT_END
178.85,179.18898588346676,,,,PENDING_AT_END
179.2,179.25820336735353,,,,PENDING_AT_END
179.54999999999998,179.80861448274297,,,,PENDING_AT_END
179.89999999999998,179.95313202294665,,,,PENDING_AT_END
180.25,180.44987474166243,,,,PENDING_AT_END
180.6,180.7232938645444,,,,PENDING_AT_END
180.95,181.30570013828782,,,,PENDING_AT_END
181.29999999999998,181.3560856597704,,,,PENDING_AT_END
181.64999999999998,181.6949293224459,,,,PENDING_AT_END
182.0,182.07866984668595,,,,PENDING_AT_END
182.35,182.40439961001826,,,,PENDING_AT_END
182.7,182.89141685194664,,,,PENDING_AT_END
183.04999999999998,183.39278382665057,,,,PENDING_AT_END
183.39999999999998,183.74457592429815,,,,PENDING_AT_END
183.75,183.9845114259635,,,,PENDING_AT_END
184.1,184.172113042461,,,,PENDING_AT_END
184.45,184.49925906527847,,,,PENDING_AT_END
184.79999999999998,184.84137902255915,,,,PENDING_AT_END
185.14999999999998,185.54736682154498,,,,PENDING_AT_END
185.5,185.6643061184879,,,,PENDING_AT_END
185.85,185.98073895126734,,,,PENDING_AT_END
186.2,186.50143738698307,,,,PENDING_AT_END
186.54999999999998,186.70539181607361,,,,PENDING_AT_END
186.89999999999998,187.27561131481326,,,,PENDING_AT_END
187.25,187.61238992698685,,,,PENDING_AT_END
187.6,187.80477749815978,,,,PENDING_AT_END
187.95,188.26594828764098,,,,PENDING_AT_END
188.29999999999998,188.59611680824477,,,,PENDING_AT_END
188.64999999999998,188.7055308717887,,,,PENDING_AT_END
189.0,189.2327483728738,,,,PENDING_AT_END
189.35,189.5197100740776,,,,PENDING_AT_END
189.7,189.98097969363937,,,,PENDING_AT_END
190.04999999999998,190.39191820953042,,,,PENDING_AT_END
190.39999999999998,190.60673378909422,,,,PENDING_AT_END
190.75,190.76207817293096,,,,PENDING_AT_END
191.1,191.30339700274683,,,,PENDING_AT_END
191.45,191.54788910687392,,,,PENDING_AT_END
191.79999999999998,192.139661243583,,,,PENDING_AT_END
192.14999999999998,192.3955478234633,,,,PENDING_AT_END
192.5,192.6562664675252,,,,PENDING_AT_END
192.85,192.86157730157842,,,,PENDING_AT_END
193.2,193.46348387985284,,,,PENDING_AT_END
193.54999999999998,193.9253645341863,,,,PENDING_AT_END
193.89999999999998,193.98004815529765,,,,PENDING_AT_END
194.25,194.37640496201243,,,,PENDING_AT_END
194.6,194.7991767390781,,,,PENDING_AT_END
194.95,195.04304610776364,,,,PENDING_AT_END
195.29999999999998,195.5997879508415,,,,PENDING_AT_END
195.64999999999998,195.86901771075395,,,,PENDING_AT_END
196.0,196.21454564433657,,,,PENDING_AT_END
196.35,196.70534433013572,,,,PENDING_AT_END
196.7,196.7943700249806,,,,PENDING_AT_END
197.04999999999998,197.23715497690264,,,,PENDING_AT_END
197.39999999999998,197.54471301805955,,,,PENDING_AT_END
197.75,197.83722516403003,,,,PENDING_AT_END
198.1,198.33802384039487,,,,PENDING_AT_END
198.45,198.72761470752295,,,,PENDING_AT_END
198.79999999999998,199.05486300600924,,,,PENDING_AT_END
199.14999999999998,199.3780192165985,,,,PENDING_AT_END
199.5,199.8773012453533,,,,PENDING_AT_END
199.85,199.97604208587367,,,,PENDING_AT_END
200.2,200.56614772276384,,,,PENDING_AT_END
200.54999999999998,200.91158267454503,,,,PENDING_AT_END
200.89999999999998,200.9976061999718,,,,PENDING_AT_END
201.25,201.61382704322983,,,,PENDING_AT_END
201.6,201.67729877802745,,,,PENDING_AT_END
201.95,202.01783338977384,,,,PENDING_AT_END
202.29999999999998,202.40632709765245,,,,PENDING_AT_END
202.64999999999998,202.90090613287435,,,,PENDING_AT_END
203.0,203.09909868832005,,,,PENDING_AT_END
203.35,203.7461761510286,,,,PENDING_AT_END
203.7,204.04054781412964,,,,PENDING_AT_END
204.04999999999998,204.18096826634653,,,,PENDING_AT_END
204.39999999999998,204.40764747379188,,,,PENDING_AT_END
204.75,204.98034630045544,,,,PENDING_AT_END
205.1,205.31047517589676,,,,PENDING_AT_END
205.45,205.56609063405966,,,,PENDING_AT_END
205.79999999999998,205.92159041834842,,,,PENDING_AT_END
206.14999999999998,206.2372335962395,,,,PENDING_AT_END
206.5,206.7070134956216,,,,PENDING_AT_END
206.85,206.85802132833194,,,,PENDING_AT_END
207.2,207.32957428664537,,,,PENDING_AT_END
207.54999999999998,207.65630910247265,,,,PENDING_AT_END
207.89999999999998,208.19912258115238,,,,PENDING_AT_END
208.25,208.5155714449669,,,,PENDING_AT_END
208.6,208.67041238687435,,,,PENDING_AT_END
208.95,209.3400180505028,,,,PENDING_AT_END
209.29999999999998,209.30191219397605,,,,PENDING_AT_END
209.64999999999998,209.96416859744085,,,,PENDING_AT_END
210.0,210.15106622651552,,,,PENDING_AT_END
210.35,210.65154249462265,,,,PENDING_AT_END
210.7,210.92075843025725,,,,PENDING_AT_END
211.04999999999998,211.44596724403547,,,,PENDING_AT_END
211.39999999999998,211.78726631822184,,,,PENDING_AT_END
211.75,212.07422971273297,,,,PENDING_AT_END
212.1,212.41676963134697,,,,PENDING_AT_END
212.45,212.72586878811262,,,,PENDING_AT_END
212.79999999999998,212.950735203967,,,,PENDING_AT_END
213.14999999999998,213.38902122131185,,,,PENDING_AT_END
213.5,213.65930476113823,,,,PENDING_AT_END
213.85,214.22870682627044,,,,PENDING_AT_END
214.2,214.34268159483457,,,,PENDING_AT_END
214.54999999999998,214.67640453609866,,,,PENDING_AT_END
214.89999999999998,214.9589730157859,,,,PENDING_AT_END
215.25,215.55665074551553,,,,PENDING_AT_END
215.6,215.6211179099678,,,,PENDING_AT_END
215.95,215.98812483877884,,,,PENDING_AT_END
216.29999999999998,216.51098027740622,,,,PENDING_AT_END
216.64999999999998,216.73151087886413,,,,PENDING_AT_END
217.0,217.02239439605302,,,,PENDING_AT_END
217.35,217.7451142399024,,,,PENDING_AT_END
217.7,218.08576679595222,,,,PENDING_AT_END
218.04999999999998,218.36967895615547,,,,PENDING_AT_END
218.39999999999998,218.7480902490825,,,,PENDING_AT_END
218.75,219.03982622175454,,,,PENDING_AT_END
219.1,219.1048009836267,,,,PENDING_AT_END
219.45,219.72951613859732,,,,PENDING_AT_END
219.79999999999998,220.17028454162747,,,,PENDING_AT_END
220.14999999999998,220.2781953076625,,,,PENDING_AT_END
220.5,220.62312514888418,,,,PENDING_AT_END
220.85,221.01381562862028,,,,PENDING_AT_END
221.2,221.33472014696576,,,,PENDING_AT_END
221.54999999999998,221.68372270248207,,,,PENDING_AT_END
221.89999999999998,222.1500017913856,,,,PENDING_AT_END
222.25,222.58477404200522,,,,PENDING_AT_END
222.6,222.670366197591,,,,PENDING_AT_END
222.95,223.03825570255026,,,,PENDING_AT_END
223.29999999999998,223.68650695841936,,,,PENDING_AT_END
223.64999999999998,223.8172248812794,,,,PENDING_AT_END
224.0,224.38904829116444,,,,PENDING_AT_END
224.35,224.476019090478,,,,PENDING_AT_END
224.7,224.94313775391845,,,,PENDING_AT_END
225.04999999999998,225.09998095996602,,,,PENDING_AT_END
225.39999999999998,225.6551861365209,,,,PENDING_AT_END
225.74999999999997,225.97200323393977,,,,PENDING_AT_END
226.1,226.16216896116933,,,,PENDING_AT_END
226.45,226.59198712936683,,,,PENDING_AT_END
226.79999999999998,227.00588322599017,,,,PENDING_AT_END
227.14999999999998,227.2569063803884,,,,PENDING_AT_END
227.49999999999997,227.51348155464157,,,,PENDING_AT_END
227.85,228.10436635020133,,,,PENDING_AT_END
228.2,228.58991736504157,,,,PENDING_AT_END
228.54999999999998,228.8185197237771,,,,PENDING_AT_END
228.89999999999998,229.13084653325336,,,,PENDING_AT_END
229.24999999999997,229.3877227665029,,,,PENDING_AT_END
229.6,229.8656234124384,,,,PENDING_AT_END
229.95,230.2408920297264,,,,PENDING_AT_END
230.29999999999998,230.59328688731986,,,,PENDING_AT_END
230.64999999999998,230.91738431317435,,,,PENDING_AT_END
230.99999999999997,231.04070304459228,,,,PENDING_AT_END
231.35,231.47201928482482,,,,PENDING_AT_END
231.7,231.82690008730896,,,,PENDING_AT_END
232.04999999999998,232.32519813692315,,,,PENDING_AT_END
232.39999999999998,232.79048566530628,,,,PENDING_AT_END
232.74999999999997,233.00951935573707,,,,PENDING_AT_END
233.1,233.31111401053968,,,,PENDING_AT_END
233.45,233.46372926125792,,,,PENDING_AT_END
233.79999999999998,234.0936634015945,,,,PENDING_AT_END
234.14999999999998,234.43010612793705,,,,PENDING_AT_END
234.49999999999997,234.86366084316822,,,,PENDING_AT_END
234.85,234.99261066347677,,,,PENDING_AT_END
235.2,235.43158729520673,,,,PENDING_AT_END
235.54999999999998,235.86281904918908,,,,PENDING_AT_END
235.89999999999998,236.05953559336177,,,,PENDING_AT_END
236.24999999999997,236.3666770956186,,,,PENDING_AT_END
236.6,236.7090983431257,,,,PENDING_AT_END
236.95,237.0773692143448,,,,PENDING_AT_END
237.29999999999998,237.44878053915286,,,,PENDING_AT_END
237.64999999999998,237.8706812148053,,,,PENDING_AT_END
237.99999999999997,238.11614276914028,,,,PENDING_AT_END
238.35,238.51707027124527,,,,PENDING_AT_END
238.7,238.75443625655856,,,,PENDING_AT_END
239.04999999999998,239.33757089925817,,,,PENDING_AT_END
239.39999999999998,239.5265040544718,,,,PENDING_AT_END
239.74999999999997,239.96378502207008,,,,PENDING_AT_END
240.1,240.20132033633305,,,,PENDING_AT_END
240.45,240.68568267374883,,,,PENDING_AT_END
240.79999999999998,240.8531981979281,,,,PENDING_AT_END
241.14999999999998,241.16918026617327,,,,PENDING_AT_END
241.49999999999997,241.51737771964392,,,,PENDING_AT_END
241.85,242.12483010019608,,,,PENDING_AT_END
242.2,242.35338497466347,,,,PENDING_AT_END
242.54999999999998,242.55896835922428,,,,PENDING_AT_END
242.89999999999998,242.95598587521278,,,,PENDING_AT_END
243.24999999999997,243.4573574850015,,,,PENDING_AT_END
243.6,243.86982337112696,,,,PENDING_AT_END
243.95,244.12454316757834,,,,PENDING_AT_END
244.29999999999998,244.48331781589357,,,,PENDING_AT_END
244.64999999999998,244.84766458998018,,,,PENDING_AT_END
244.99999999999997,245.29643341041012,,,,PENDING_AT_END
245.35,245.58363652580013,,,,PENDING_AT_END
245.7,245.71905521491954,,,,PENDING_AT_END
246.04999999999998,246.2816160524384,,,,PENDING_AT_END
246.39999999999998,246.58638358831934,,,,PENDING_AT_END
246.74999999999997,246.8490637106881,,,,PENDING_AT_END
247.1,247.27856246334736,,,,PENDING_AT_END
247.45,247.5888691658763,,,,PENDING_AT_END
247.79999999999998,247.9445121814712,,,,PENDING_AT_END
248.14999999999998,248.4614243520582,,,,PENDING_AT_END
248.49999999999997,248.7491277481785,,,,PENDING_AT_END
248.85,248.96886737860322,,,,PENDING_AT_END
249.2,249.29289045066741,,,,PENDING_AT_END
249.54999999999998,249.82201297785153,,,,PENDING_AT_END
249.89999999999998,250.13858468589018,,,,PENDING_AT_END
250.24999999999997,250.59060425872485,,,,PENDING_AT_END
250.6,250.99195726925754,,,,PENDING_AT_END
250.95,251.1278349485391,,,,PENDING_AT_END
251.29999999999998,251.33686392334576,,,,PENDING_AT_END
251.64999999999998,251.81010891248064,,,,PENDING_AT_END
251.99999999999997,252.3235041301198,,,,PENDING_AT_END
252.35,252.43113157253052,,,,PENDING_AT_END
252.7,252.7715771589733,,,,PENDING_AT_END
253.04999999999998,253.44299451889603,,,,PENDING_AT_END
253.39999999999998,253.72842890985936,,,,PENDING_AT_END
253.74999999999997,254.1388987236124,,,,PENDING_AT_END
254.1,254.32351835488615,,,,PENDING_AT_END
254.45,254.51675497550468,,,,PENDING_AT_END
254.79999999999998,255.15390171877866,,,,PENDING_AT_END
255.14999999999998,255.41014624262277,,,,PENDING_AT_END
255.49999999999997,255.71454906009532,,,,PENDING_AT_END
255.85,256.1050302642132,,,,PENDING_AT_END
256.2,256.2803732302288,,,,PENDING_AT_END
256.55,256.81343789023737,,,,PENDING_AT_END
256.9,257.15659254993386,,,,PENDING_AT_END
257.25,257.5790608479588,,,,PENDING_AT_END
257.59999999999997,257.73598900320025,,,,PENDING_AT_END
257.95,258.2586495377115,,,,PENDING_AT_END
258.3,258.69432800002545,,,,PENDING_AT_END
258.65,258.83161999772415,,,,PENDING_AT_END
259.0,259.0524455352968,,,,PENDING_AT_END
259.34999999999997,259.49174406518017,,,,PENDING_AT_END
259.7,259.739511967351,,,,PENDING_AT_END
260.05,260.08111402922765,,,,PENDING_AT_END
260.4,260.7468738400373,,,,PENDING_AT_END
260.75,260.88083774304437,,,,PENDING_AT_END
261.09999999999997,261.39633036070853,,,,PENDING_AT_END
261.45,261.5070722933497,,,,PENDING_AT_END
261.8,261.80929348609385,,,,PENDING_AT_END
262.15,262.17895967356924,,,,PENDING_AT_END
262.5,262.5822114463266,,,,PENDING_AT_END
262.84999999999997,263.05973161331355,,,,PENDING_AT_END
263.2,263.56485430673337,,,,PENDING_AT_END
263.55,263.74039163788,,,,PENDING_AT_END
263.9,264.0863699465226,,,,PENDING_AT_END
264.25,264.51785420940485,,,,PENDING_AT_END
264.59999999999997,264.7344206461294,,,,PENDING_AT_END
264.95,265.2046086717683,,,,PENDING_AT_END
265.3,265.32072094215147,,,,PENDING_AT_END
265.65,265.88414425033375,,,,PENDING_AT_END
266.0,266.36356078489314,,,,PENDING_AT_END
266.34999999999997,266.44844597761386,,,,PENDING_AT_END
266.7,266.7848663457441,,,,PENDING_AT_END
267.05,267.0838995191552,,,,PENDING_AT_END
267.4,267.47388655528357,,,,PENDING_AT_END
267.75,267.8373241689194,,,,PENDING_AT_END
268.09999999999997,268.26319502383404,,,,PENDING_AT_END
268.45,268.7791591149764,,,,PENDING_AT_END
268.79999999999995,269.0772429292829,,,,PENDING_AT_END
269.15,269.4087146604584,,,,PENDING_AT_END
269.5,269.7172809133656,,,,PENDING_AT_END
269.84999999999997,269.86960069350977,,,,PENDING_AT_END
270.2,270.4293507528277,,,,PENDING_AT_END
270.54999999999995,270.73250699844687,,,,PENDING_AT_END
270.9,270.9622851542234,,,,PENDING_AT_END
271.25,271.59604405762593,,,,PENDING_AT_END
271.59999999999997,271.7589036791193,,,,PENDING_AT_END
271.95,272.2537520374215,,,,PENDING_AT_END
272.29999999999995,272.4062961413281,,,,PENDING_AT_END
272.65,272.7730459958475,,,,PENDING_AT_END
273.0,273.2846871564999,,,,PENDING_AT_END
273.34999999999997,273.49822311612394,,,,PENDING_AT_END
273.7,273.7064556039085,,,,PENDING_AT_END
274.04999999999995,274.24030736778855,,,,PENDING_AT_END
274.4,274.40495993531954,,,,PENDING_AT_END
274.75,275.1092942205348,,,,PENDING_AT_END
275.09999999999997,275.39446054222975,,,,PENDING_AT_END
275.45,275.4500279793826,,,,PENDING_AT_END
275.79999999999995,275.94576376226325,,,,PENDING_AT_END
276.15,276.44847899986314,,,,PENDING_AT_END
276.5,276.6110489483217,,,,PENDING_AT_END
276.84999999999997,277.0421682581554,,,,PENDING_AT_END
277.2,277.5425108863289,,,,PENDING_AT_END
277.54999999999995,277.81724713165465,,,,PENDING_AT_END
277.9,278.26605969339994,,,,PENDING_AT_END
278.25,278.3030337430006,,,,PENDING_AT_END
278.59999999999997,278.79184574702305,,,,PENDING_AT_END
278.95,279.2478064989339,,,,PENDING_AT_END
279.29999999999995,279.52235689898987,,,,PENDING_AT_END
279.65,279.9330438114322,,,,PENDING_AT_END
280.0,280.1446541919976,,,,PENDING_AT_END
280.34999999999997,280.51017249772696,,,,PENDING_AT_END
280.7,281.0476279840428,,,,PENDING_AT_END
281.04999999999995,281.1931076539571,,,,PENDING_AT_END
281.4,281.50128864691123,,,,PENDING_AT_END
281.75,281.9994471681514,,,,PENDING_AT_END
282.09999999999997,282.2390194303155,,,,PENDING_AT_END
282.45,282.7529134147939,,,,PENDING_AT_END
282.79999999999995,283.04736700610783,,,,PENDING_AT_END
283.15,283.3818754662715,,,,PENDING_AT_END
283.5,283.7364691378517,,,,PENDING_AT_END
283.84999999999997,284.09795526061276,,,,PENDING_AT_END
284.2,284.31356228730516,,,,PENDING_AT_END
284.54999999999995,284.5826486602326,,,,PENDING_AT_END
284.9,285.17578296196007,,,,PENDING_AT_END
285.25,285.57061355785686,,,,PENDING_AT_END
285.59999999999997,285.9515970043247,,,,PENDING_AT_END
285.95,285.9884889645061,,,,PENDING_AT_END
286.29999999999995,286.51046365327375,,,,PENDING_AT_END
286.65,286.8451874741397,,,,PENDING_AT_END
287.0,287.2755384840899,,,,PENDING_AT_END
287.34999999999997,287.56019308139406,,,,PENDING_AT_END
287.7,287.9478056561782,,,,PENDING_AT_END
288.04999999999995,288.09759693649266,,,,PENDING_AT_END
288.4,288.7718755809441,,,,PENDING_AT_END
288.75,288.8844848807046,,,,PENDING_AT_END
289.09999999999997,289.14124080734626,,,,PENDING_AT_END
289.45,289.71148772070484,,,,PENDING_AT_END
289.79999999999995,289.8056796610872,,,,PENDING_AT_END
290.15,290.372617200052,,,,PENDING_AT_END
290.5,290.601882470501,,,,PENDING_AT_END
290.84999999999997,291.22935966015945,,,,PENDING_AT_END
291.2,291.34548847596767,,,,PENDING_AT_END
291.54999999999995,291.7642745233418,,,,PENDING_AT_END
291.9,292.2452544580202,,,,PENDING_AT_END
292.25,292.53806526958635,,,,PENDING_AT_END
292.59999999999997,292.904407582003,,,,PENDING_AT_END
292.95,292.9507539780356,,,,PENDING_AT_END
293.29999999999995,293.4667258401788,,,,PENDING_AT_END
293.65,293.98580905339463,,,,PENDING_AT_END
294.0,294.0133656197497,,,,PENDING_AT_END
294.34999999999997,294.71971783555153,,,,PENDING_AT_END
294.7,294.87861156352557,,,,PENDING_AT_END
295.04999999999995,295.22266248471874,,,,PENDING_AT_END
295.4,295.49853581757316,,,,PENDING_AT_END
295.75,296.0373166968999,,,,PENDING_AT_END
296.09999999999997,296.20613344537816,,,,PENDING_AT_END
296.45,296.8316692094991,,,,PENDING_AT_END
296.79999999999995,296.8888400108201,,,,PENDING_AT_END
297.15,297.1626057823147,,,,PENDING_AT_END
297.5,297.8235983481951,,,,PENDING_AT_END
297.84999999999997,298.0332330335279,,,,PENDING_AT_END
298.2,298.2757197805666,,,,PENDING_AT_END
298.54999999999995,298.5850594739903,,,,PENDING_AT_END
298.9,298.9619992628094,,,,PENDING_AT_END
299.25,299.36050009655037,,,,PENDING_AT_END
299.59999999999997,299.8655381237084,,,,PENDING_AT_END
299.95,300.24616213466226,,,,PENDING_AT_END
300.29999999999995,300.695567760293,,,,PENDING_AT_END
300.65,300.864966687922,,,,PENDING_AT_END
301.0,301.0983002221609,,,,PENDING_AT_END
301.34999999999997,301.73278486448265,,,,PENDING_AT_END
301.7,301.94363565731265,,,,PENDING_AT_END
302.04999999999995,302.16837436628634,,,,PENDING_AT_END
302.4,302.71587596815266,,,,PENDING_AT_END
302.75,302.9602658064806,,,,PENDING_AT_END
303.09999999999997,303.14790646360717,,,,PENDING_AT_END
303.45,303.66945578415954,,,,PENDING_AT_END
303.79999999999995,303.82195392411995,,,,PENDING_AT_END
304.15,304.54245811549276,,,,PENDING_AT_END
304.5,304.8497277280886,,,,PENDING_AT_END
304.84999999999997,304.99071690967884,,,,PENDING_AT_END
305.2,305.2755562408386,,,,PENDING_AT_END
305.54999999999995,305.9391751357832,,,,PENDING_AT_END
305.9,305.9427295234186,,,,PENDING_AT_END
306.25,306.63835527352694,,,,PENDING_AT_END
306.59999999999997,306.8900390726856,,,,PENDING_AT_END
306.95,306.95712571449445,,,,PENDING_AT_END
307.29999999999995,307.6713896696609,,,,PENDING_AT_END
307.65,308.037884241112,,,,PENDING_AT_END
308.0,308.16943518111873,,,,PENDING_AT_END
308.34999999999997,308.6994916580124,,,,PENDING_AT_END
308.7,308.8757532246902,,,,PENDING_AT_END
309.04999999999995,309.18700255061276,,,,PENDING_AT_END
309.4,309.70094623420516,,,,PENDING_AT_END
309.75,309.90437937102797,,,,PENDING_AT_END
310.09999999999997,310.42934376156956,,,,PENDING_AT_END
310.45,310.67791980694307,,,,PENDING_AT_END
310.79999999999995,311.06396259068526,,,,PENDING_AT_END
311.15,311.2530449900946,,,,PENDING_AT_END
311.5,311.80259576150604,,,,PENDING_AT_END
311.84999999999997,312.00322150930907,,,,PENDING_AT_END
312.2,312.54552868855313,,,,PENDING_AT_END
312.54999999999995,312.66776721339227,,,,PENDING_AT_END
312.9,313.113891778758,,,,PENDING_AT_END
313.25,313.4508260164555,,,,PENDING_AT_END
313.59999999999997,313.95499445697027,,,,PENDING_AT_END
313.95,314.32080911407144,,,,PENDING_AT_END
314.29999999999995,314.6357329760814,,,,PENDING_AT_END
314.65,314.9501902596986,,,,PENDING_AT_END
315.0,315.0572760264537,,,,PENDING_AT_END
315.34999999999997,315.74027544914173,,,,PENDING_AT_END
315.7,316.01127529070067,,,,PENDING_AT_END
316.04999999999995,316.22179062470116,,,,PENDING_AT_END
316.4,316.7180817762552,,,,PENDING_AT_END
316.75,316.809721005425,,,,PENDING_AT_END
317.09999999999997,317.10870556328774,,,,PENDING_AT_END
317.45,317.52576922121756,,,,PENDING_AT_END
317.79999999999995,318.0153130867692,,,,PENDING_AT_END
318.15,318.48845729983987,,,,PENDING_AT_END
318.5,318.5248596257974,,,,PENDING_AT_END
318.84999999999997,318.8533086990537,,,,PENDING_AT_END
319.2,319.58152353570694,,,,PENDING_AT_END
319.54999999999995,319.5909610192301,,,,PENDING_AT_END
319.9,320.08642235331706,,,,PENDING_AT_END
320.25,320.2962287795291,,,,PENDING_AT_END
320.59999999999997,320.93129637502403,,,,PENDING_AT_END
320.95,321.2656319024049,,,,PENDING_AT_END
321.29999999999995,321.5409505228373,,,,PENDING_AT_END
321.65,321.9359176495602,,,,PENDING_AT_END
322.0,322.16404640810833,,,,PENDING_AT_END
322.34999999999997,322.41055787858244,,,,PENDING_AT_END
322.7,322.9389989257308,,,,PENDING_AT_END
323.04999999999995,323.3543900062341,,,,PENDING_AT_END
323.4,323.752361492183,,,,PENDING_AT_END
323.75,324.13287866206144,,,,PENDING_AT_END
324.09999999999997,324.14251568182254,,,,PENDING_AT_END
324.45,324.5968327274539,,,,PENDING_AT_END
324.79999999999995,324.8148996873027,,,,PENDING_AT_END
325.15,325.1780037785436,,,,PENDING_AT_END
325.5,325.801772085063,,,,PENDING_AT_END
325.84999999999997,325.9329681173054,,,,PENDING_AT_END
326.2,326.58880048155714,,,,PENDING_AT_END
326.54999999999995,326.88556898431113,,,,PENDING_AT_END
326.9,327.1679707954669,,,,PENDING_AT_END
327.25,327.2767042734034,,,,PENDING_AT_END
327.59999999999997,327.77445305063355,,,,PENDING_AT_END
327.95,328.09434727516947,,,,PENDING_AT_END
328.29999999999995,328.699144478026,,,,PENDING_AT_END
328.65,328.80988389065146,,,,PENDING_AT_END
329.0,329.21434137307745,,,,PENDING_AT_END
329.34999999999997,329.56471330134394,,,,PENDING_AT_END
329.7,329.99004131476835,,,,PENDING_AT_END
330.04999999999995,330.2717387997559,,,,PENDING_AT_END
330.4,330.70802608228564,,,,PENDING_AT_END
330.75,331.1047044733133,,,,PENDING_AT_END
331.09999999999997,331.4082687697043,,,,PENDING_AT_END
331.45,331.7408892794195,,,,PENDING_AT_END
331.79999999999995,331.9636286532228,,,,PENDING_AT_END
332.15,332.15075481958877,,,,PENDING_AT_END
332.5,332.8880243497114,,,,PENDING_AT_END
332.84999999999997,333.1803349621036,,,,PENDING_AT_END
333.2,333.4827986080855,,,,PENDING_AT_END
333.54999999999995,333.91826533163714,,,,PENDING_AT_END
333.9,334.21187039169774,,,,PENDING_AT_END
334.25,334.6008861732189,,,,PENDING_AT_END
334.59999999999997,334.973780433787,,,,PENDING_AT_END
334.95,335.0347698046434,,,,PENDING_AT_END
335.29999999999995,335.30679490242653,,,,PENDING_AT_END
335.65,335.9217251574547,,,,PENDING_AT_END
336.0,336.04343478592295,,,,PENDING_AT_END
336.34999999999997,336.5887104346676,,,,PENDING_AT_END
336.7,336.8568268561217,,,,PENDING_AT_END
337.04999999999995,337.0982834025576,,,,PENDING_AT_END
337.4,337.73085689324057,,,,PENDING_AT_END
337.75,337.8301642511441,,,,PENDING_AT_END
338.09999999999997,338.417150987449,,,,PENDING_AT_END
338.45,338.57135288035994,,,,PENDING_AT_END
338.79999999999995,339.1670625182501,,,,PENDING_AT_END
339.15,339.34226052510667,,,,PENDING_AT_END
339.5,339.82009930512993,,,,PENDING_AT_END
339.84999999999997,339.9241126011612,,,,PENDING_AT_END
340.2,340.34497666990734,,,,PENDING_AT_END
340.54999999999995,340.6671131472277,,,,PENDING_AT_END
340.9,341.1213941449205,,,,PENDING_AT_END
341.25,341.6183080449948,,,,PENDING_AT_END
341.59999999999997,341.73127742714365,,,,PENDING_AT_END
341.95,341.9996965901333,,,,PENDING_AT_END
342.29999999999995,342.3725867825307,,,,PENDING_AT_END
342.65,342.88408148458666,,,,PENDING_AT_END
343.0,343.39727071230243,,,,PENDING_AT_END
343.34999999999997,343.5946194115066,,,,PENDING_AT_END
343.7,343.7039604840599,,,,PENDING_AT_END
344.04999999999995,344.09363839643015,,,,PENDING_AT_END
344.4,344.468255485232,,,,PENDING_AT_END
344.75,344.84813791474505,,,,PENDING_AT_END
345.09999999999997,345.48402295584316,,,,PENDING_AT_END
345.45,345.72219963383526,,,,PENDING_AT_END
345.79999999999995,345.80520698627015,,,,PENDING_AT_END
346.15,346.5190688099226,,,,PENDING_AT_END
346.5,346.5408625531253,,,,PENDING_AT_END
346.84999999999997,347.08301437506117,,,,PENDING_AT_END
347.2,347.3792825243442,,,,PENDING_AT_END
347.54999999999995,347.6432007985336,,,,PENDING_AT_END
347.9,348.2798295982842,,,,PENDING_AT_END
348.25,348.47438533829643,,,,PENDING_AT_END
348.59999999999997,348.8227350570176,,,,PENDING_AT_END
348.95,349.0721025854361,,,,PENDING_AT_END
349.29999999999995,349.6447686231505,,,,PENDING_AT_END
349.65,349.89030414830563,,,,PENDING_AT_END
350.0,350.1693789025453,,,,PENDING_AT_END
350.34999999999997,350.3503452225107,,,,PENDING_AT_END
350.7,350.96256995938705,,,,PENDING_AT_END
351.04999999999995,351.38433380088475,,,,PENDING_AT_END
351.4,351.7390228988696,,,,PENDING_AT_END
351.75,352.111824841896,,,,PENDING_AT_END
352.09999999999997,352.47466162388577,,,,PENDING_AT_END
352.45,352.6346940075636,,,,PENDING_AT_END
352.79999999999995,353.12447597348523,,,,PENDING_AT_END
353.15,353.38796713795136,,,,PENDING_AT_END
353.5,353.51907405015675,,,,PENDING_AT_END
353.84999999999997,353.953927553637,,,,PENDING_AT_END
354.2,354.2219953914766,,,,PENDING_AT_END
354.54999999999995,354.6989902810611,,,,PENDING_AT_END
354.9,355.2783726836552,,,,PENDING_AT_END
355.25,355.55593954214373,,,,PENDING_AT_END
355.59999999999997,355.80155554335596,,,,PENDING_AT_END
355.95,356.0177726795234,,,,PENDING_AT_END
356.29999999999995,356.3173362349612,,,,PENDING_AT_END
356.65,356.7500810183649,,,,PENDING_AT_END
357.0,357.36270976185733,,,,PENDING_AT_END
357.34999999999997,357.6180830948526,,,,PENDING_AT_END
357.7,357.93579519773795,,,,PENDING_AT_END
358.04999999999995,358.30118091651536,,,,PENDING_AT_END
358.4,358.7288843161091,,,,PENDING_AT_END
358.75,358.99533891269925,,,,PENDING_AT_END
359.09999999999997,359.4039803203971,,,,PENDING_AT_END
359.45,359.75382447681164,,,,PENDING_AT_END
359.79999999999995,359.91620495969244,,,,PENDING_AT_END
360.15,360.2095339427125,,,,PENDING_AT_END
360.5,360.69614867714563,,,,PENDING_AT_END
360.84999999999997,361.0874044656501,,,,PENDING_AT_END
361.2,361.4912918642478,,,,PENDING_AT_END
361.54999999999995,361.63848628106575,,,,PENDING_AT_END
361.9,362.023728057315,,,,PENDING_AT_END
362.25,362.5074872438046,,,,PENDING_AT_END
362.59999999999997,362.64171544395225,,,,PENDING_AT_END
362.95,363.0785017138865,,,,PENDING_AT_END
363.29999999999995,363.50326990830956,,,,PENDING_AT_END
363.65,364.0213361555427,,,,PENDING_AT_END
364.0,364.07876428437214,,,,PENDING_AT_END
364.34999999999997,364.41741561916643,,,,PENDING_AT_END
364.7,364.78643927490276,,,,PENDING_AT_END
365.04999999999995,365.40369175087346,,,,PENDING_AT_END
365.4,365.4274194831968,,,,PENDING_AT_END
365.75,365.9874628401351,,,,PENDING_AT_END
366.09999999999997,366.31963148050073,,,,PENDING_AT_END
366.45,366.6035759177552,,,,PENDING_AT_END
366.79999999999995,367.18931424509435,,,,PENDING_AT_END
367.15,367.35556201569716,,,,PENDING_AT_END
367.5,367.56502598564805,,,,PENDING_AT_END
367.84999999999997,368.00890748043713,,,,PENDING_AT_END
368.2,368.5861537431867,,,,PENDING_AT_END
368.54999999999995,368.64876465303746,,,,PENDING_AT_END
368.9,369.0680223587168,,,,PENDING_AT_END
369.25,369.2755554574645,,,,PENDING_AT_END
369.59999999999997,369.949436963462,,,,PENDING_AT_END
369.95,370.02680522325824,,,,PENDING_AT_END
370.29999999999995,370.33926828289873,,,,PENDING_AT_END
370.65,370.8462588990142,,,,PENDING_AT_END
371.0,371.1310346436146,,,,PENDING_AT_END
371.34999999999997,371.40513486440915,,,,PENDING_AT_END
371.7,371.879034911268,,,,PENDING_AT_END
372.04999999999995,372.26724658057014,,,,PENDING_AT_END
372.4,372.49887285637067,,,,PENDING_AT_END
372.75,372.8856770454187,,,,PENDING_AT_END
373.09999999999997,373.487650374202,,,,PENDING_AT_END
373.45,373.835046738597,,,,PENDING_AT_END
373.79999999999995,374.1702662066574,,,,PENDING_AT_END
374.15,374.52384214952656,,,,PENDING_AT_END
374.5,374.75632215057374,,,,PENDING_AT_END
374.84999999999997,375.1036759861025,,,,PENDING_AT_END
375.2,375.31700885258243,,,,PENDING_AT_END
375.54999999999995,375.67315984578806,,,,PENDING_AT_END
375.9,376.2159567516752,,,,PENDING_AT_END
376.25,376.48987044108605,,,,PENDING_AT_END
376.59999999999997,376.7195639774637,,,,PENDING_AT_END
376.95,377.16020846128714,,,,PENDING_AT_END
377.29999999999995,377.43436586675625,,,,PENDING_AT_END
377.65,377.7297253040923,,,,PENDING_AT_END
378.0,378.1138797834178,,,,PENDING_AT_END
378.34999999999997,378.3895008588241,,,,PENDING_AT_END
378.7,379.0699845565278,,,,PENDING_AT_END
379.04999999999995,379.27126811934704,,,,PENDING_AT_END
379.4,379.61082775014177,,,,PENDING_AT_END
379.75,379.7925669695687,,,,PENDING_AT_END
380.09999999999997,380.43137420258546,,,,PENDING_AT_END
380.45,380.6330679389419,,,,PENDING_AT_END
380.79999999999995,380.82317878294475,,,,PENDING_AT_END
381.15,381.3680247775826,,,,PENDING_AT_END
381.5,381.6727959572962,,,,PENDING_AT_END
381.84999999999997,382.0876449984086,,,,PENDING_AT_END
382.2,382.34671497720575,,,,PENDING_AT_END
382.54999999999995,382.5658690166342,,,,PENDING_AT_END
382.9,383.04489182211955,,,,PENDING_AT_END
383.25,383.26072956339044,,,,PENDING_AT_END
383.59999999999997,383.6582220441023,,,,PENDING_AT_END
383.95,384.09795449198117,,,,PENDING_AT_END
384.29999999999995,384.58956184775514,,,,PENDING_AT_END
384.65,384.96224212671314,,,,PENDING_AT_END
385.0,385.1195086740338,,,,PENDING_AT_END
385.34999999999997,385.36349364957636,,,,PENDING_AT_END
385.7,385.88139859768745,,,,PENDING_AT_END
386.04999999999995,386.38605872169796,,,,PENDING_AT_END
386.4,386.74249809129026,,,,PENDING_AT_END
386.75,386.7825433573439,,,,PENDING_AT_END
387.09999999999997,387.4965466559607,,,,PENDING_AT_END
387.45,387.5771014252528,,,,PENDING_AT_END
387.79999999999995,387.89799521068005,,,,PENDING_AT_END
388.15,388.44729516146344,,,,PENDING_AT_END
388.5,388.8262108954365,,,,PENDING_AT_END
388.84999999999997,388.9265077902151,,,,PENDING_AT_END
389.2,389.2401246801226,,,,PENDING_AT_END
389.54999999999995,389.6435447296785,,,,PENDING_AT_END
389.9,390.00437995162986,,,,PENDING_AT_END
390.25,390.61483824203106,,,,PENDING_AT_END
390.59999999999997,390.8364433098715,,,,PENDING_AT_END
390.95,391.1463955214627,,,,PENDING_AT_END
391.29999999999995,391.53256095222525,,,,PENDING_AT_END
391.65,391.7097308122743,,,,PENDING_AT_END
392.0,392.0613771277999,,,,PENDING_AT_END
392.34999999999997,392.39078153091253,,,,PENDING_AT_END
392.7,392.98745949831283,,,,PENDING_AT_END
393.04999999999995,393.2687243368425,,,,PENDING_AT_END
393.4,393.4169901205339,,,,PENDING_AT_END
393.75,393.9284263328965,,,,PENDING_AT_END
394.09999999999997,394.4471014957772,,,,PENDING_AT_END
394.45,394.8059657861923,,,,PENDING_AT_END
394.79999999999995,395.00287924393547,,,,PENDING_AT_END
395.15,395.46061508655305,,,,PENDING_AT_END
395.5,395.6293978023815,,,,PENDING_AT_END
395.84999999999997,396.17073258447925,,,,PENDING_AT_END
396.2,396.45117573022543,,,,PENDING_AT_END
396.54999999999995,396.5842626293851,,,,PENDING_AT_END
396.9,397.14671168677285,,,,PENDING_AT_END
397.25,397.45570338543973,,,,PENDING_AT_END
397.59999999999997,397.8701266755938,,,,PENDING_AT_END
397.95,398.0095861974888,,,,PENDING_AT_END
398.29999999999995,398.61233455497006,,,,PENDING_AT_END
398.65,398.83482156525133,,,,PENDING_AT_END
399.0,399.39884805034103,,,,PENDING_AT_END
399.34999999999997,399.74945880945785,,,,PENDING_AT_END
399.7,400.0373405648142,,,,PENDING_AT_END
400.04999999999995,400.3691620232404,,,,PENDING_AT_END
400.4,400.77492867111255,,,,PENDING_AT_END
400.75,400.84090883126976,,,,PENDING_AT_END
401.09999999999997,401.3125032540259,,,,PENDING_AT_END
401.45,401.54433362859976,,,,PENDING_AT_END
401.79999999999995,401.99639906277116,,,,PENDING_AT_END
402.15,402.4826067671936,,,,PENDING_AT_END
402.5,402.67217716917105,,,,PENDING_AT_END
402.84999999999997,403.0137964882684,,,,PENDING_AT_END
403.2,403.36880348559004,,,,PENDING_AT_END
403.54999999999995,403.58356100833805,,,,PENDING_AT_END
403.9,404.0584886673661,,,,PENDING_AT_END
404.25,404.38276087239933,,,,PENDING_AT_END
404.59999999999997,404.8589768530492,,,,PENDING_AT_END
404.95,404.97667995253863,,,,PENDING_AT_END
405.29999999999995,405.4646017194435,,,,PENDING_AT_END
405.65,405.7850056559232,,,,PENDING_AT_END
406.0,406.09484562375246,,,,PENDING_AT_END
406.34999999999997,406.7425305665558,,,,PENDING_AT_END
406.7,407.05353147333227,,,,PENDING_AT_END
407.04999999999995,407.4003604582874,,,,PENDING_AT_END
407.4,407.70262112505293,,,,PENDING_AT_END
407.75,407.7552353351008,,,,PENDING_AT_END
408.09999999999997,408.3623015925253,,,,PENDING_AT_END
408.45,408.6636911653739,,,,PENDING_AT_END
408.79999999999995,408.96240368803876,,,,PENDING_AT_END
409.15,409.53082708670206,,,,PENDING_AT_END
409.5,409.53859150915673,,,,PENDING_AT_END
409.84999999999997,410.2341946895562,,,,PENDING_AT_END
410.2,410.3020194709947,,,,PENDING_AT_END
410.54999999999995,410.8240793092963,,,,PENDING_AT_END
410.9,411.07232875362604,,,,PENDING_AT_END
411.25,411.25811999211135,,,,PENDING_AT_END
411.59999999999997,411.7204824208001,,,,PENDING_AT_END
411.95,412.21258065541036,,,,PENDING_AT_END
412.29999999999995,412.3082137198272,,,,PENDING_AT_END
412.65,412.85237249473096,,,,PENDING_AT_END
413.0,413.15818647142873,,,,PENDING_AT_END
413.34999999999997,413.4264368906119,,,,PENDING_AT_END
413.7,414.0773378321533,,,,PENDING_AT_END
414.04999999999995,414.3189254743155,,,,PENDING_AT_END
414.4,414.716266677626,,,,PENDING_AT_END
414.75,414.90005623743434,,,,PENDING_AT_END
415.09999999999997,415.1543051918233,,,,PENDING_AT_END
415.45,415.83817507132113,,,,PENDING_AT_END
415.79999999999995,415.8172975738098,,,,PENDING_AT_END
416.15,416.3290828354967,,,,PENDING_AT_END
416.5,416.6829047961098,,,,PENDING_AT_END
416.84999999999997,416.91713936952834,,,,PENDING_AT_END
417.2,417.42540286048546,,,,PENDING_AT_END
417.54999999999995,417.88510350160027,,,,PENDING_AT_END
417.9,418.19496995879115,,,,PENDING_AT_END
418.25,418.62696196657123,,,,PENDING_AT_END
418.59999999999997,418.8173304252061,,,,PENDING_AT_END
418.95,419.03665052575997,,,,PENDING_AT_END
419.29999999999995,419.5749980757213,,,,PENDING_AT_END
419.65,419.8781782723353,,,,PENDING_AT_END
420.0,420.0054136874526,,,,PENDING_AT_END
420.34999999999997,420.5071195826144,,,,PENDING_AT_END
420.7,421.0133046008787,,,,PENDING_AT_END
421.04999999999995,421.27611121667337,,,,PENDING_AT_END
421.4,421.42452830505806,,,,PENDING_AT_END
421.75,421.7764198231399,,,,PENDING_AT_END
422.09999999999997,422.3347977344046,,,,PENDING_AT_END
422.45,422.5946081026893,,,,PENDING_AT_END
422.79999999999995,422.93083115553713,,,,PENDING_AT_END
423.15,423.1913433863456,,,,PENDING_AT_END
423.5,423.5309947855849,,,,PENDING_AT_END
423.84999999999997,423.96825837152306,,,,PENDING_AT_END
424.2,424.4768418700249,,,,PENDING_AT_END
424.54999999999995,424.8993518537055,,,,PENDING_AT_END
424.9,425.01417885773765,,,,PENDING_AT_END
425.25,425.46466033403397,,,,PENDING_AT_END
425.59999999999997,425.7824991414523,,,,PENDING_AT_END
425.95,426.28885519990905,,,,PENDING_AT_END
426.29999999999995,426.46184993518034,,,,PENDING_AT_END
426.65,426.7305632141397,,,,PENDING_AT_END
427.0,427.27781901393314,,,,PENDING_AT_END
427.34999999999997,427.64218970866926,,,,PENDING_AT_END
427.7,428.00627601756827,,,,PENDING_AT_END
428.04999999999995,428.09996578832,,,,PENDING_AT_END
428.4,428.55367100055685,,,,PENDING_AT_END
428.75,428.750973856222,,,,PENDING_AT_END
429.09999999999997,429.4390515332886,,,,PENDING_AT_END
429.45,429.6260292160874,,,,PENDING_AT_END
429.79999999999995,429.83667577112203,,,,PENDING_AT_END
430.15,430.2031187266017,,,,PENDING_AT_END
430.5,430.66580964051377,,,,PENDING_AT_END
430.84999999999997,430.98754855774945,,,,PENDING_AT_END
431.2,431.21469155534265,,,,PENDING_AT_END
431.54999999999995,431.7979697779215,,,,PENDING_AT_END
431.9,432.2663402018122,,,,PENDING_AT_END
432.25,432.51315030266744,,,,PENDING_AT_END
432.59999999999997,432.76031476438646,,,,PENDING_AT_END
432.95,433.29806009853763,,,,PENDING_AT_END
433.29999999999995,433.3020087815204,,,,PENDING_AT_END
433.65,433.88594947123715,,,,PENDING_AT_END
434.0,434.08074821024616,,,,PENDING_AT_END
434.34999999999997,434.5737915519532,,,,PENDING_AT_END
434.7,434.723128608045,,,,PENDING_AT_END
435.04999999999995,435.1469536608199,,,,PENDING_AT_END
435.4,435.5248448569754,,,,PENDING_AT_END
435.75,435.88608567777305,,,,PENDING_AT_END
436.09999999999997,436.40745234064485,,,,PENDING_AT_END
436.45,436.5255809191187,,,,PENDING_AT_END
436.79999999999995,437.05404133640457,,,,PENDING_AT_END
437.15,437.27396646953014,,,,PENDING_AT_END
437.5,437.5518917237056,,,,PENDING_AT_END
437.84999999999997,437.8872014416259,,,,PENDING_AT_END
438.2,438.3448014675776,,,,PENDING_AT_END
438.54999999999995,438.78301409334233,,,,PENDING_AT_END
438.9,438.938638445988,,,,PENDING_AT_END
439.25,439.3944405965083,,,,PENDING_AT_END
439.59999999999997,439.8957838260498,,,,PENDING_AT_END
439.95,440.140766345788,,,,PENDING_AT_END
440.29999999999995,440.6941452853547,,,,PENDING_AT_END
440.65,440.87584367321597,,,,PENDING_AT_END
441.0,441.03595725577634,,,,PENDING_AT_END
441.34999999999997,441.4293477129549,,,,PENDING_AT_END
441.7,442.03350827000935,,,,PENDING_AT_END
442.04999999999995,442.22749694486254,,,,PENDING_AT_END
442.4,442.79145476079657,,,,PENDING_AT_END
442.75,443.01146741389823,,,,PENDING_AT_END
443.09999999999997,443.23664816989657,,,,PENDING_AT_END
443.45,443.7809796626794,,,,PENDING_AT_END
443.79999999999995,444.1472995234802,,,,PENDING_AT_END
444.15,444.39274252398434,,,,PENDING_AT_END
444.5,444.8936328993469,,,,PENDING_AT_END
444.84999999999997,444.87379799601473,,,,PENDING_AT_END
445.2,445.55544170212846,,,,PENDING_AT_END
445.54999999999995,445.79723671347256,,,,PENDING_AT_END
445.9,446.0528588523556,,,,PENDING_AT_END
446.25,446.46812569538815,,,,PENDING_AT_END
446.59999999999997,446.7044277027905,,,,PENDING_AT_END
446.95,446.9797743960982,,,,PENDING_AT_END
447.29999999999995,447.6244815819108,,,,PENDING_AT_END
447.65,447.9045976574597,,,,PENDING_AT_END
448.0,448.38061535413885,,,,PENDING_AT_END
448.34999999999997,448.59525431541425,,,,PENDING_AT_END
448.7,448.74154677753944,,,,PENDING_AT_END
449.04999999999995,449.077095049895,,,,PENDING_AT_END
449.4,449.6722489307149,,,,PENDING_AT_END
449.74999999999994,450.047360701904,,,,PENDING_AT_END
450.09999999999997,450.42532448222795,,,,PENDING_AT_END
450.45,450.58109680131037,,,,PENDING_AT_END
450.79999999999995,451.0155111619579,,,,PENDING_AT_END
451.15,451.4695955819275,,,,PENDING_AT_END
451.49999999999994,451.6114612688579,,,,PENDING_AT_END
451.84999999999997,451.92358666686283,,,,PENDING_AT_END
452.2,452.5446825734775,,,,PENDING_AT_END
452.54999999999995,452.5969134359742,,,,PENDING_AT_END
452.9,452.9640361788712,,,,PENDING_AT_END
453.24999999999994,453.52698330743993,,,,PENDING_AT_END
453.59999999999997,453.94461869290643,,,,PENDING_AT_END
453.95,454.24259036535915,,,,PENDING_AT_END
454.29999999999995,454.51513563253,,,,PENDING_AT_END
454.65,454.94911493296536,,,,PENDING_AT_END
454.99999999999994,455.0673450427866,,,,PENDING_AT_END
455.34999999999997,455.3878015615324,,,,PENDING_AT_END
455.7,455.8398986617048,,,,PENDING_AT_END
456.04999999999995,456.4021409148819,,,,PENDING_AT_END
456.4,456.587271559369,,,,PENDING_AT_END
456.74999999999994,457.00803696710153,,,,PENDING_AT_END
457.09999999999997,457.2280387220421,,,,PENDING_AT_END
457.45,457.83220493877644,,,,PENDING_AT_END
457.79999999999995,458.1653062321195,,,,PENDING_AT_END
458.15,458.23371840470327,,,,PENDING_AT_END
458.49999999999994,458.5373501424605,,,,PENDING_AT_END
458.84999999999997,458.9782748329322,,,,PENDING_AT_END
459.2,459.4809527914478,,,,PENDING_AT_END
459.54999999999995,459.8116552555897,,,,PENDING_AT_END
459.9,460.25504851428684,,,,PENDING_AT_END
460.24999999999994,460.3269149039407,,,,PENDING_AT_END
460.59999999999997,460.96470599381956,,,,PENDING_AT_END
460.95,461.0604524919152,,,,PENDING_AT_END
461.29999999999995,461.5832811868645,,,,PENDING_AT_END
461.65,461.9458822864584,,,,PENDING_AT_END
461.99999999999994,462.0733993237431,,,,PENDING_AT_END
462.34999999999997,462.37384155985507,,,,PENDING_AT_END
462.7,462.8866054520441,,,,PENDING_AT_END
463.04999999999995,463.438736446652,,,,PENDING_AT_END
463.4,463.6563277486259,,,,PENDING_AT_END
463.74999999999994,464.07681468434504,,,,PENDING_AT_END
464.09999999999997,464.2321306756849,,,,PENDING_AT_END
464.45,464.8067687750748,,,,PENDING_AT_END
464.79999999999995,465.1354255096562,,,,PENDING_AT_END
465.15,465.38347510861536,,,,PENDING_AT_END
465.49999999999994,465.7771441717809,,,,PENDING_AT_END
465.84999999999997,466.08880985888953,,,,PENDING_AT_END
466.2,466.3079761109679,,,,PENDING_AT_END
466.54999999999995,466.8443399430889,,,,PENDING_AT_END
466.9,467.19768184286534,,,,PENDING_AT_END
467.24999999999994,467.52517047744806,,,,PENDING_AT_END
467.59999999999997,467.6330496919314,,,,PENDING_AT_END
467.95,468.2012101471408,,,,PENDING_AT_END
468.29999999999995,468.48452698338224,,,,PENDING_AT_END
468.65,468.7476274249922,,,,PENDING_AT_END
468.99999999999994,469.30616564148403,,,,PENDING_AT_END
469.34999999999997,469.4355630171354,,,,PENDING_AT_END
469.7,469.9339416898625,,,,PENDING_AT_END
470.04999999999995,470.19888204961967,,,,PENDING_AT_END
470.4,470.6951247839377,,,,PENDING_AT_END
470.74999999999994,470.7675031765223,,,,PENDING_AT_END
471.09999999999997,471.1867986783772,,,,PENDING_AT_END
471.45,471.5996044756858,,,,PENDING_AT_END
471.79999999999995,471.92693274858493,,,,PENDING_AT_END
472.15,472.54577509527894,,,,PENDING_AT_END
472.49999999999994,472.6154626000776,,,,PENDING_AT_END
472.84999999999997,472.9349574189228,,,,PENDING_AT_END
473.2,473.36969008588,,,,PENDING_AT_END
473.54999999999995,473.9055999630282,,,,PENDING_AT_END
473.9,474.1369689622088,,,,PENDING_AT_END
474.24999999999994,474.2785588840987,,,,PENDING_AT_END
474.59999999999997,474.71509537068954,,,,PENDING_AT_END
474.95,475.21851917805094,,,,PENDING_AT_END
475.29999999999995,475.6558111656169,,,,PENDING_AT_END
475.65,475.77065743332776,,,,PENDING_AT_END
475.99999999999994,476.0382099194657,,,,PENDING_AT_END
476.34999999999997,476.46075286080617,,,,PENDING_AT_END
476.7,476.82765805247396,,,,PENDING_AT_END
477.04999999999995,477.1281546556768,,,,PENDING_AT_END
477.4,477.5954792426694,,,,PENDING_AT_END
477.74999999999994,478.055113801475,,,,PENDING_AT_END
478.09999999999997,478.1481727466592,,,,PENDING_AT_END
478.45,478.643771582753,,,,PENDING_AT_END
478.79999999999995,478.83891105269925,,,,PENDING_AT_END
479.15,479.2804499688434,,,,PENDING_AT_END
479.49999999999994,479.59079970363194,,,,PENDING_AT_END
479.84999999999997,480.1982185602446,,,,PENDING_AT_END
480.2,480.20210972248327,,,,PENDING_AT_END
480.54999999999995,480.6256014773153,,,,PENDING_AT_END
480.9,480.91417131600394,,,,PENDING_AT_END
481.24999999999994,481.4172727787481,,,,PENDING_AT_END
481.59999999999997,481.99919567136925,,,,PENDING_AT_END
481.95,482.0199247118199,,,,PENDING_AT_END
482.29999999999995,482.5581883011033,,,,PENDING_AT_END
482.65,482.8848980306012,,,,PENDING_AT_END
482.99999999999994,483.22931857158045,,,,PENDING_AT_END
483.34999999999997,483.5007827633693,,,,PENDING_AT_END
483.7,483.75952644551916,,,,PENDING_AT_END
484.04999999999995,484.41382841703296,,,,PENDING_AT_END
484.4,484.4911573283788,,,,PENDING_AT_END
484.74999999999994,485.12616753395577,,,,PENDING_AT_END
485.09999999999997,485.1440552787281,,,,PENDING_AT_END
485.45,485.7574084940888,,,,PENDING_AT_END
485.79999999999995,485.9463197154971,,,,PENDING_AT_END
486.15,486.38744922717433,,,,PENDING_AT_END
486.49999999999994,486.67713469388065,,,,PENDING_AT_END
486.84999999999997,487.22694037344223,,,,PENDING_AT_END
487.2,487.5703009460323,,,,PENDING_AT_END
487.54999999999995,487.63060790439647,,,,PENDING_AT_END
487.9,488.1122141799773,,,,PENDING_AT_END
488.24999999999994,488.45069985782,,,,PENDING_AT_END
488.59999999999997,488.6147948815014,,,,PENDING_AT_END
488.95,489.315669326673,,,,PENDING_AT_END
489.29999999999995,489.5825111002606,,,,PENDING_AT_END
489.65,489.9063804079108,,,,PENDING_AT_END
489.99999999999994,490.3703735450136,,,,PENDING_AT_END
490.34999999999997,490.53432549945734,,,,PENDING_AT_END
490.7,490.83927781628535,,,,PENDING_AT_END
491.04999999999995,491.12882889734544,,,,PENDING_AT_END
491.4,491.71297340395904,,,,PENDING_AT_END
491.74999999999994,492.06237450016516,,,,PENDING_AT_END
492.09999999999997,492.4341268515837,,,,PENDING_AT_END
492.45,492.72690338997535,,,,PENDING_AT_END
492.79999999999995,492.9251440633303,,,,PENDING_AT_END
493.15,493.50183433002223,,,,PENDING_AT_END
493.49999999999994,493.54214254074753,,,,PENDING_AT_END
493.84999999999997,493.9410428439592,,,,PENDING_AT_END
494.2,494.4276376277376,,,,PENDING_AT_END
494.54999999999995,494.88017105773235,,,,PENDING_AT_END
494.9,495.21503384740197,,,,PENDING_AT_END
495.24999999999994,495.5514579537998,,,,PENDING_AT_END
495.59999999999997,495.882105395682,,,,PENDING_AT_END
495.95,496.2727060951783,,,,PENDING_AT_END
496.29999999999995,496.5458002872341,,,,PENDING_AT_END
496.65,496.7620599928682,,,,PENDING_AT_END
496.99999999999994,497.2519836335211,,,,PENDING_AT_END
497.34999999999997,497.49185615684297,,,,PENDING_AT_END
497.7,497.9026374784408,,,,PENDING_AT_END
498.04999999999995,498.4148342488679,,,,PENDING_AT_END
498.4,498.46043786447956,,,,PENDING_AT_END
498.74999999999994,498.78348574598357,,,,PENDING_AT_END
499.09999999999997,499.1667305316451,,,,PENDING_AT_END
499.45,499.4835367851052,,,,PENDING_AT_END
499.79999999999995,500.1956197779499,,,,PENDING_AT_END
500.15,500.18041274280404,,,,PENDING_AT_END
500.49999999999994,500.5174738542784,,,,PENDING_AT_END
500.84999999999997,501.0661817577175,,,,PENDING_AT_END
501.2,501.52703628540115,,,,PENDING_AT_END
501.54999999999995,501.83029958785824,,,,PENDING_AT_END
501.9,502.1168860154314,,,,PENDING_AT_END
502.24999999999994,502.38742187895144,,,,PENDING_AT_END
502.59999999999997,502.6197199564811,,,,PENDING_AT_END
502.95,503.1128670954758,,,,PENDING_AT_END
503.29999999999995,503.4490506279502,,,,PENDING_AT_END
503.65,503.96511377008096,,,,PENDING_AT_END
503.99999999999994,504.3371735311345,,,,PENDING_AT_END
504.34999999999997,504.4867802423111,,,,PENDING_AT_END
504.7,505.0330248984512,,,,PENDING_AT_END
505.04999999999995,505.3343401827524,,,,PENDING_AT_END
505.4,505.7468573273974,,,,PENDING_AT_END
505.74999999999994,505.7597543851986,,,,PENDING_AT_END
506.09999999999997,506.3895570012858,,,,PENDING_AT_END
506.45,506.57051848672444,,,,PENDING_AT_END
506.79999999999995,506.9401009384659,,,,PENDING_AT_END
507.15,507.5062921215372,,,,PENDING_AT_END
507.49999999999994,507.8550525545474,,,,PENDING_AT_END
507.84999999999997,508.17466373309884,,,,PENDING_AT_END
508.2,508.35694815519815,,,,PENDING_AT_END
508.54999999999995,508.7109824673407,,,,PENDING_AT_END
508.9,509.1370671157722,,,,PENDING_AT_END
509.24999999999994,509.5728815826406,,,,PENDING_AT_END
509.59999999999997,509.7934040121401,,,,PENDING_AT_END
509.95,510.07277224141984,,,,PENDING_AT_END
510.29999999999995,510.4968586496209,,,,PENDING_AT_END
510.65,510.65654298343145,,,,PENDING_AT_END
510.99999999999994,511.19235578552326,,,,PENDING_AT_END
511.34999999999997,511.5900523980508,,,,PENDING_AT_END
511.7,511.9906719634893,,,,PENDING_AT_END
512.05,512.119197825011,,,,PENDING_AT_END
512.4,512.5186532336694,,,,PENDING_AT_END
512.75,513.1231054562891,,,,PENDING_AT_END
513.1,513.2055912693164,,,,PENDING_AT_END
513.4499999999999,513.6924264033058,,,,PENDING_AT_END
513.8,514.018380318819,,,,PENDING_AT_END
514.15,514.3271366220682,,,,PENDING_AT_END
514.5,514.8561306423819,,,,PENDING_AT_END
514.85,515.0776296529795,,,,PENDING_AT_END
515.1999999999999,515.3513370961838,,,,PENDING_AT_END
515.55,515.568944127705,,,,PENDING_AT_END
515.9,516.0580277936723,,,,PENDING_AT_END
516.25,516.3655882003379,,,,PENDING_AT_END
516.6,516.8771949393096,,,,PENDING_AT_END
516.9499999999999,517.0803605159493,,,,PENDING_AT_END
517.3,517.5232097222342,,,,PENDING_AT_END
517.65,517.6605950646057,,,,PENDING_AT_END
518.0,518.3569629730969,,,,PENDING_AT_END
518.35,518.4893126402081,,,,PENDING_AT_END
518.6999999999999,519.0704241383686,,,,PENDING_AT_END
519.05,519.1892283441196,,,,PENDING_AT_END
519.4,519.7028598600917,,,,PENDING_AT_END
519.75,519.9170007623577,,,,PENDING_AT_END
520.1,520.4027937259165,,,,PENDING_AT_END
520.4499999999999,520.584435496619,,,,PENDING_AT_END
520.8,520.844073121651,,,,PENDING_AT_END
521.15,521.5391206115302,,,,PENDING_AT_END
521.5,521.8768570894758,,,,PENDING_AT_END
521.85,522.1340836255976,,,,PENDING_AT_END
522.1999999999999,522.3733808024034,,,,PENDING_AT_END
522.55,522.7603030979205,,,,PENDING_AT_END
522.9,523.1523296276695,,,,PENDING_AT_END
523.25,523.3390258521622,,,,PENDING_AT_END
523.6,523.7106935897599,,,,PENDING_AT_END
523.9499999999999,524.075558639728,,,,PENDING_AT_END
524.3,524.4861304693745,,,,PENDING_AT_END
524.65,525.0032107409514,,,,PENDING_AT_END
525.0,525.3563466410185,,,,PENDING_AT_END
525.35,525.6078437584002,,,,PENDING_AT_END
525.6999999999999,525.9052263109012,,,,PENDING_AT_END
526.05,526.4163898527411,,,,PENDING_AT_END
526.4,526.6726363954875,,,,PENDING_AT_END
526.75,526.7752716051186,,,,PENDING_AT_END
527.1,527.4763084132318,,,,PENDING_AT_END
527.4499999999999,527.7812398088087,,,,PENDING_AT_END
527.8,527.8975154037507,,,,PENDING_AT_END
528.15,528.2043865133522,,,,PENDING_AT_END
528.5,528.6201860510025,,,,PENDING_AT_END
528.85,529.1379876262223,,,,PENDING_AT_END
529.1999999999999,529.5920832282269,,,,PENDING_AT_END
529.55,529.6774630964062,,,,PENDING_AT_END
529.9,530.2839031086456,,,,PENDING_AT_END
530.25,530.6217657317391,,,,PENDING_AT_END
530.6,530.9918039451617,,,,PENDING_AT_END
530.9499999999999,530.9859208103111,,,,PENDING_AT_END
531.3,531.3460538152667,,,,PENDING_AT_END
531.65,532.0111212386629,,,,PENDING_AT_END
532.0,532.1039419260792,,,,PENDING_AT_END
532.35,532.5548908529391,,,,PENDING_AT_END
532.6999999999999,532.9602259150494,,,,PENDING_AT_END
533.05,533.0900277626022,,,,PENDING_AT_END
533.4,533.4570441586387,,,,PENDING_AT_END
533.75,534.0480562024775,,,,PENDING_AT_END
534.1,534.3497877852027,,,,PENDING_AT_END
534.4499999999999,534.5972182279035,,,,PENDING_AT_END
534.8,535.165130424296,,,,PENDING_AT_END
535.15,535.1598748217217,,,,PENDING_AT_END
535.5,535.6710461129721,,,,PENDING_AT_END
535.85,536.0154387742488,,,,PENDING_AT_END
536.1999999999999,536.3333990266739,,,,PENDING_AT_END
536.55,536.7802440511105,,,,PENDING_AT_END
536.9,537.1284573397985,,,,PENDING_AT_END
537.25,537.5451153284121,,,,PENDING_AT_END
537.5999999999999,537.6585125800311,,,,PENDING_AT_END
537.9499999999999,538.349614169132,,,,PENDING_AT_END
538.3,538.3257327216156,,,,PENDING_AT_END
538.65,538.8347781353224,,,,PENDING_AT_END
539.0,539.1089318436425,,,,PENDING_AT_END
539.3499999999999,539.4998952388078,,,,PENDING_AT_END
539.6999999999999,539.8576812899308,,,,PENDING_AT_END
540.05,540.438790716621,,,,PENDING_AT_END
540.4,540.6123476301074,,,,PENDING_AT_END
540.75,540.8988023770121,,,,PENDING_AT_END
541.0999999999999,541.3396304638566,,,,PENDING_AT_END
541.4499999999999,541.512969165365,,,,PENDING_AT_END
541.8,542.0103543145772,,,,PENDING_AT_END
542.15,542.4051005226182,,,,PENDING_AT_END
542.5,542.5367186451172,,,,PENDING_AT_END
542.8499999999999,543.1295816976481,,,,PENDING_AT_END
543.1999999999999,543.3755993574226,,,,PENDING_AT_END
543.55,543.8358941716347,,,,PENDING_AT_END
543.9,544.2171824262654,,,,PENDING_AT_END
544.25,544.2874673075116,,,,PENDING_AT_END
544.5999999999999,544.8025704013216,,,,PENDING_AT_END
544.9499999999999,545.3499914314283,,,,PENDING_AT_END
545.3,545.6487901264125,,,,PENDING_AT_END
545.65,545.6965944708035,,,,PENDING_AT_END
546.0,546.0520700473994,,,,PENDING_AT_END
546.3499999999999,546.3657693044686,,,,PENDING_AT_END
546.6999999999999,546.8997681609266,,,,PENDING_AT_END
547.05,547.1745999903455,,,,PENDING_AT_END
547.4,547.4700825421559,,,,PENDING_AT_END
547.75,547.9630530583545,,,,PENDING_AT_END
548.0999999999999,548.3328267789852,,,,PENDING_AT_END
548.4499999999999,548.7850983602392,,,,PENDING_AT_END
548.8,548.9331257898943,,,,PENDING_AT_END
549.15,549.4397366911707,,,,PENDING_AT_END
549.5,549.5168950967088,,,,PENDING_AT_END
549.8499999999999,550.1171131877129,,,,PENDING_AT_END
550.1999999999999,550.5997414379602,,,,PENDING_AT_END
550.55,550.6496503355036,,,,PENDING_AT_END
550.9,551.1441245079667,,,,PENDING_AT_END
551.25,551.4628001788737,,,,PENDING_AT_END
551.5999999999999,551.7827047454011,,,,PENDING_AT_END
551.9499999999999,552.3110728855662,,,,PENDING_AT_END
552.3,552.5224049572919,,,,PENDING_AT_END
552.65,552.7767382726782,,,,PENDING_AT_END
553.0,553.1084316726497,,,,PENDING_AT_END
553.3499999999999,553.4063208436496,,,,PENDING_AT_END
553.6999999999999,553.7075364783774,,,,PENDING_AT_END
554.05,554.4191517252941,,,,PENDING_AT_END
554.4,554.5508408437835,,,,PENDING_AT_END
554.75,554.8004491651229,,,,PENDING_AT_END
555.0999999999999,555.1212230159463,,,,PENDING_AT_END
555.4499999999999,555.6493477591661,,,,PENDING_AT_END
555.8,556.1341282323688,,,,PENDING_AT_END
556.15,556.5394628834407,,,,PENDING_AT_END
556.5,556.5193164711588,,,,PENDING_AT_END
556.8499999999999,556.9914088331184,,,,PENDING_AT_END
557.1999999999999,557.3627184775288,,,,PENDING_AT_END
557.55,557.642912445888,,,,PENDING_AT_END
557.9,558.2316837385546,,,,PENDING_AT_END
558.25,558.6307796063804,,,,PENDING_AT_END
558.5999999999999,558.6359303976039,,,,PENDING_AT_END
558.9499999999999,559.2262401451495,,,,PENDING_AT_END
559.3,559.5523072194696,,,,PENDING_AT_END
559.65,560.0489212709323,,,,PENDING_AT_END
560.0,560.021242391123,,,,PENDING_AT_END
560.3499999999999,560.593200768345,,,,PENDING_AT_END
560.6999999999999,560.7595525886255,,,,PENDING_AT_END
561.05,561.2266661591618,,,,PENDING_AT_END
561.4,561.4687877138139,,,,PENDING_AT_END
561.75,561.9501762609805,,,,PENDING_AT_END
562.0999999999999,562.2490476633384,,,,PENDING_AT_END
562.4499999999999,562.759879557765,,,,PENDING_AT_END
562.8,563.1019402487923,,,,PENDING_AT_END
563.15,563.3858382519389,,,,PENDING_AT_END
563.5,563.690261993607,,,,PENDING_AT_END
563.8499999999999,564.0723759172297,,,,PENDING_AT_END
564.1999999999999,564.301778521378,,,,PENDING_AT_END
564.55,564.8925236731789,,,,PENDING_AT_END
564.9,565.108906812551,,,,PENDING_AT_END
565.25,565.3159497492029,,,,PENDING_AT_END
565.5999999999999,565.9287228142625,,,,PENDING_AT_END
565.9499999999999,566.159604556611,,,,PENDING_AT_END
566.3,566.3345063774896,,,,PENDING_AT_END
566.65,566.8906248108384,,,,PENDING_AT_END
567.0,567.0501619113659,,,,PENDING_AT_END
567.3499999999999,567.4089152407901,,,,PENDING_AT_END
567.6999999999999,568.0127044314967,,,,PENDING_AT_END
568.05,568.3818008631661,,,,PENDING_AT_END
568.4,568.5509726206627,,,,PENDING_AT_END
568.75,568.9412520391752,,,,PENDING_AT_END
569.0999999999999,569.303688541529,,,,PENDING_AT_END
569.4499999999999,569.7571731022182,,,,PENDING_AT_END
569.8,570.0475726869909,,,,PENDING_AT_END
570.15,570.3905751608785,,,,PENDING_AT_END
570.5,570.6745185627658,,,,PENDING_AT_END
570.8499999999999,570.908737061987,,,,PENDING_AT_END
571.1999999999999,571.2712639207226,,,,PENDING_AT_END
571.55,571.8950090745311,,,,PENDING_AT_END
571.9,571.9418273503121,,,,PENDING_AT_END
572.25,572.648531046357,,,,PENDING_AT_END
572.5999999999999,572.8935192576007,,,,PENDING_AT_END
572.9499999999999,573.3193687826341,,,,PENDING_AT_END
573.3,573.5496801956326,,,,PENDING_AT_END
573.65,573.85054497936,,,,PENDING_AT_END
574.0,574.3272969883758,,,,PENDING_AT_END
574.3499999999999,574.5525983986915,,,,PENDING_AT_END
574.6999999999999,574.7172908582185,,,,PENDING_AT_END
575.05,575.1174011663402,,,,PENDING_AT_END
575.4,575.6155994817315,,,,PENDING_AT_END
575.75,575.9544556548656,,,,PENDING_AT_END
576.0999999999999,576.3383857165627,,,,PENDING_AT_END
576.4499999999999,576.5808644348507,,,,PENDING_AT_END
576.8,577.028112803474,,,,PENDING_AT_END
577.15,577.3081618246077,,,,PENDING_AT_END
577.5,577.6759852370355,,,,PENDING_AT_END
577.8499999999999,577.911793439667,,,,PENDING_AT_END
578.1999999999999,578.3185913387589,,,,PENDING_AT_END
578.55,578.910656644719,,,,PENDING_AT_END
578.9,579.0430175193807,,,,PENDING_AT_END
579.25,579.6213045719971,,,,PENDING_AT_END
579.5999999999999,579.8500204633581,,,,PENDING_AT_END
579.9499999999999,580.1390826853195,,,,PENDING_AT_END
580.3,580.4900602025868,,,,PENDING_AT_END
580.65,580.7181211602816,,,,PENDING_AT_END
581.0,581.2277964424502,,,,PENDING_AT_END
581.3499999999999,581.5351077820012,,,,PENDING_AT_END
581.6999999999999,581.7702869111496,,,,PENDING_AT_END
582.05,582.2637420505071,,,,PENDING_AT_END
582.4,582.6264803890498,,,,PENDING_AT_END
582.75,582.8938500031402,,,,PENDING_AT_END
583.0999999999999,583.2712202512964,,,,PENDING_AT_END
583.4499999999999,583.7560568998696,,,,PENDING_AT_END
583.8,583.932907929583,,,,PENDING_AT_END
584.15,584.2844309356989,,,,PENDING_AT_END
584.5,584.52641768832,,,,PENDING_AT_END
584.8499999999999,585.0223553952937,,,,PENDING_AT_END
585.1999999999999,585.3443903762299,,,,PENDING_AT_END
585.55,585.7850734040308,,,,PENDING_AT_END
585.9,585.9917565675531,,,,PENDING_AT_END
586.25,586.357441354394,,,,PENDING_AT_END
586.5999999999999,586.9955323310394,,,,PENDING_AT_END
586.9499999999999,587.1878799436232,,,,PENDING_AT_END
587.3,587.5377527653204,,,,PENDING_AT_END
587.65,587.7881553299093,,,,PENDING_AT_END
588.0,588.0633190456115,,,,PENDING_AT_END
588.3499999999999,588.5666347222818,,,,PENDING_AT_END
588.6999999999999,589.0495999093106,,,,PENDING_AT_END
589.05,589.144808668214,,,,PENDING_AT_END
589.4,589.7488721747601,,,,PENDING_AT_END
589.75,590.1484476428122,,,,PENDING_AT_END
590.0999999999999,590.4994493147328,,,,PENDING_AT_END
590.4499999999999,590.5494604588947,,,,PENDING_AT_END
590.8,590.9308353294869,,,,PENDING_AT_END
591.15,591.3545736692002,,,,PENDING_AT_END
591.5,591.8706398617642,,,,PENDING_AT_END
591.8499999999999,592.1564292514197,,,,PENDING_AT_END
592.1999999999999,592.347423727104,,,,PENDING_AT_END
592.55,592.7675538248084,,,,PENDING_AT_END
592.9,593.2250944084857,,,,PENDING_AT_END
593.25,593.5174566283918,,,,PENDING_AT_END
593.5999999999999,593.8246985883845,,,,PENDING_AT_END
593.9499999999999,594.1200898811204,,,,PENDING_AT_END
594.3,594.3435467380402,,,,PENDING_AT_END
594.65,594.6914888217833,,,,PENDING_AT_END
595.0,595.1138576393528,,,,PENDING_AT_END
595.3499999999999,595.495473551586,,,,PENDING_AT_END
595.6999999999999,595.732956714968,,,,PENDING_AT_END
596.05,596.3933112313125,,,,PENDING_AT_END
596.4,596.5704681146859,,,,PENDING_AT_END
596.75,596.9365113071958,,,,PENDING_AT_END
597.0999999999999,597.2312565704183,,,,PENDING_AT_END
597.4499999999999,597.6145317714753,,,,PENDING_AT_END
597.8,598.0672699240281,,,,PENDING_AT_END
598.15,598.5027421279975,,,,PENDING_AT_END
598.5,598.5404803807523,,,,PENDING_AT_END
598.8499999999999,599.2038724028375,,,,PENDING_AT_END
599.1999999999999,599.3808344979758,,,,PENDING_AT_END
599.55,599.695786943634,,,,PENDING_AT_END
599.9,600.1930765334522,,,,PENDING_AT_END
600.25,600.3700867678392,,,,PENDING_AT_END
600.5999999999999,600.926318325618,,,,PENDING_AT_END
600.9499999999999,600.9682596940198,,,,PENDING_AT_END
601.3,601.4827612897739,,,,PENDING_AT_END
601.65,601.7902505949645,,,,PENDING_AT_END
602.0,602.1505434903743,,,,PENDING_AT_END
602.3499999999999,602.7328156763147,,,,PENDING_AT_END
602.6999999999999,602.7986115326124,,,,PENDING_AT_END
603.05,603.4488369309327,,,,PENDING_AT_END
603.4,603.7528997031269,,,,PENDING_AT_END
603.75,603.975458834261,,,,PENDING_AT_END
604.0999999999999,604.2094240216213,,,,PENDING_AT_END
604.4499999999999,604.638198999345,,,,PENDING_AT_END
604.8,605.0662087549708,,,,PENDING_AT_END
605.15,605.3822759788155,,,,PENDING_AT_END
605.5,605.8277699020209,,,,PENDING_AT_END
605.8499999999999,605.867028561199,,,,PENDING_AT_END
606.1999999999999,606.2194276848348,,,,PENDING_AT_END
606.55,606.6723307098841,,,,PENDING_AT_END
606.9,606.9256484941826,,,,PENDING_AT_END
607.25,607.5880940835416,,,,PENDING_AT_END
607.5999999999999,607.8529088439225,,,,PENDING_AT_END
607.9499999999999,607.9538813762043,,,,PENDING_AT_END
608.3,608.6025982213887,,,,PENDING_AT_END
608.65,608.6645229613592,,,,PENDING_AT_END
609.0,609.0031591384561,,,,PENDING_AT_END
609.3499999999999,609.5494548140271,,,,PENDING_AT_END
609.6999999999999,610.0115356643679,,,,PENDING_AT_END
610.05,610.3344511556488,,,,PENDING_AT_END
610.4,610.6077307442046,,,,PENDING_AT_END
610.75,610.8453899316671,,,,PENDING_AT_END
611.0999999999999,611.2505771524684,,,,PENDING_AT_END
611.4499999999999,611.7859850921526,,,,PENDING_AT_END
611.8,612.0104846787435,,,,PENDING_AT_END
612.15,612.1830142537427,,,,PENDING_AT_END
612.5,612.7881152583016,,,,PENDING_AT_END
612.8499999999999,612.9779581235209,,,,PENDING_AT_END
613.1999999999999,613.4042925952753,,,,PENDING_AT_END
613.55,613.7394454050129,,,,PENDING_AT_END
613.9,614.2946454608776,,,,PENDING_AT_END
614.25,614.3272102960707,,,,PENDING_AT_END
614.5999999999999,614.9286647350518,,,,PENDING_AT_END
614.9499999999999,615.3100268531704,,,,PENDING_AT_END
615.3,615.4027168856683,,,,PENDING_AT_END
615.65,615.8074167299409,,,,PENDING_AT_END
616.0,616.3700415096803,,,,PENDING_AT_END
616.3499999999999,616.4492306844675,,,,PENDING_AT_END
616.6999999999999,616.9841475643651,,,,PENDING_AT_END
617.05,617.0785789644713,,,,PENDING_AT_END
617.4,617.7919791757912,,,,PENDING_AT_END
617.75,617.9399010539546,,,,PENDING_AT_END
618.0999999999999,618.2769788757612,,,,PENDING_AT_END
618.4499999999999,618.6382519007585,,,,PENDING_AT_END
618.8,618.8915748979582,,,,PENDING_AT_END
619.15,619.4134251719416,,,,PENDING_AT_END
619.5,619.828229344045,,,,PENDING_AT_END
619.8499999999999,620.1562165582666,,,,PENDING_AT_END
620.1999999999999,620.2349720426786,,,,PENDING_AT_END
620.55,620.5764895174268,,,,PENDING_AT_END
620.9,621.1025400970872,,,,PENDING_AT_END
621.25,621.6143333357202,,,,PENDING_AT_END
621.5999999999999,621.8526153834357,,,,PENDING_AT_END
621.9499999999999,622.1225710025227,,,,PENDING_AT_END
622.3,622.3173215561451,,,,PENDING_AT_END
622.65,622.8053866729955,,,,PENDING_AT_END
623.0,623.0668555108573,,,,PENDING_AT_END
623.3499999999999,623.6346703938457,,,,PENDING_AT_END
623.6999999999999,623.7323408409171,,,,PENDING_AT_END
624.05,624.2976611031324,,,,PENDING_AT_END
624.4,624.7590990466464,,,,PENDING_AT_END
624.75,624.8593360180673,,,,PENDING_AT_END
625.0999999999999,625.4746101636999,,,,PENDING_AT_END
625.4499999999999,625.6097213700408,,,,PENDING_AT_END
625.8,625.8080951207096,,,,PENDING_AT_END
626.15,626.5278377364365,,,,PENDING_AT_END
626.5,626.8512198790831,,,,PENDING_AT_END
626.8499999999999,627.1689631709407,,,,PENDING_AT_END
627.1999999999999,627.5600860064293,,,,PENDING_AT_END
627.55,627.5500626902108,,,,PENDING_AT_END
627.9,627.9132059563616,,,,PENDING_AT_END
628.25,628.2744835899266,,,,PENDING_AT_END
628.5999999999999,628.6150378432328,,,,PENDING_AT_END
628.9499999999999,628.9537082879457,,,,PENDING_AT_END
629.3,629.3145521910865,,,,PENDING_AT_END
629.65,629.8613422264276,,,,PENDING_AT_END
630.0,630.0608162206959,,,,PENDING_AT_END
630.3499999999999,630.7258770614978,,,,PENDING_AT_END
630.6999999999999,630.9756226819735,,,,PENDING_AT_END
631.05,631.1240326257414,,,,PENDING_AT_END
631.4,631.7814614537891,,,,PENDING_AT_END
631.75,631.7986461896153,,,,PENDING_AT_END
632.0999999999999,632.3413182765478,,,,PENDING_AT_END
632.4499999999999,632.7665393155315,,,,PENDING_AT_END
632.8,633.1331218377832,,,,PENDING_AT_END
633.15,633.3732262655498,,,,PENDING_AT_END
633.5,633.8531645566363,,,,PENDING_AT_END
633.8499999999999,634.1499845615965,,,,PENDING_AT_END
634.1999999999999,634.4426368654969,,,,PENDING_AT_END
634.55,634.7829822929327,,,,PENDING_AT_END
634.9,635.2187720367548,,,,PENDING_AT_END
635.25,635.3152938462674,,,,PENDING_AT_END
635.5999999999999,635.6598674266079,,,,PENDING_AT_END
635.9499999999999,636.1135235361331,,,,PENDING_AT_END
636.3,636.555164229409,,,,PENDING_AT_END
636.65,636.8154755122167,,,,PENDING_AT_END
637.0,637.2816149392149,,,,PENDING_AT_END
637.3499999999999,637.4896700602796,,,,PENDING_AT_END
637.6999999999999,637.8234740982617,,,,PENDING_AT_END
638.05,638.0643000949465,,,,PENDING_AT_END
638.4,638.6501201637542,,,,PENDING_AT_END
638.75,639.059721219639,,,,PENDING_AT_END
639.0999999999999,639.3813696130476,,,,PENDING_AT_END
639.4499999999999,639.6867393364913,,,,PENDING_AT_END
639.8,639.9174213522799,,,,PENDING_AT_END
640.15,640.2089266796239,,,,PENDING_AT_END
640.5,640.6404710467082,,,,PENDING_AT_END
640.8499999999999,641.0891298953932,,,,PENDING_AT_END
641.1999999999999,641.2503112137775,,,,PENDING_AT_END
641.55,641.6166090460497,,,,PENDING_AT_END
641.9,642.2835234917037,,,,PENDING_AT_END
642.25,642.4999411453098,,,,PENDING_AT_END
642.5999999999999,642.9348209718667,,,,PENDING_AT_END
642.9499999999999,643.2632854793377,,,,PENDING_AT_END
643.3,643.3103855772983,,,,PENDING_AT_END
643.65,643.9782890481157,,,,PENDING_AT_END
644.0,644.3605990954102,,,,PENDING_AT_END
644.3499999999999,644.7307118495728,,,,PENDING_AT_END
644.6999999999999,645.0488834120284,,,,PENDING_AT_END
645.05,645.1874583469862,,,,PENDING_AT_END
645.4,645.4864769463301,,,,PENDING_AT_END
645.75,645.8961249691847,,,,PENDING_AT_END
646.0999999999999,646.4714639518329,,,,PENDING_AT_END
646.4499999999999,646.8194639761579,,,,PENDING_AT_END
646.8,647.0038644098679,,,,PENDING_AT_END
647.15,647.4936108762521,,,,PENDING_AT_END
647.5,647.5808767488259,,,,PENDING_AT_END
647.8499999999999,648.1804142876558,,,,PENDING_AT_END
648.1999999999999,648.216011578215,,,,PENDING_AT_END
648.55,648.8635749141656,,,,PENDING_AT_END
648.9,649.0816390122219,,,,PENDING_AT_END
649.25,649.5749409034265,,,,PENDING_AT_END
649.5999999999999,649.7224131176199,,,,PENDING_AT_END
649.9499999999999,649.9841020811763,,,,PENDING_AT_END
650.3,650.46874850069,,,,PENDING_AT_END
650.65,651.0039026928654,,,,PENDING_AT_END
651.0,651.0608545873076,,,,PENDING_AT_END
651.3499999999999,651.4645424804094,,,,PENDING_AT_END
651.6999999999999,651.8302387080392,,,,PENDING_AT_END
652.05,652.2754945233899,,,,PENDING_AT_END
652.4,652.522351600764,,,,PENDING_AT_END
652.75,653.0120703414595,,,,PENDING_AT_END
653.0999999999999,653.4282022169205,,,,PENDING_AT_END
653.4499999999999,653.7005380540303,,,,PENDING_AT_END
653.8,654.1588188745654,,,,PENDING_AT_END
654.15,654.3419393677888,,,,PENDING_AT_END
654.5,654.5317054194998,,,,PENDING_AT_END
654.8499999999999,655.1062170110736,,,,PENDING_AT_END
655.1999999999999,655.4587396787778,,,,PENDING_AT_END
655.55,655.8269317305785,,,,PENDING_AT_END
655.9,656.0685065536605,,,,PENDING_AT_END
656.25,656.5414771589574,,,,PENDING_AT_END
656.5999999999999,656.7975202669993,,,,PENDING_AT_END
656.9499999999999,657.0787862520682,,,,PENDING_AT_END
657.3,657.5212682038141,,,,PENDING_AT_END
657.65,657.7182848682163,,,,PENDING_AT_END
658.0,658.3373519618408,,,,PENDING_AT_END
658.3499999999999,658.5098013089143,,,,PENDING_AT_END
658.6999999999999,659.0385123186305,,,,PENDING_AT_END
659.05,659.0756050821508,,,,PENDING_AT_END
659.4,659.7070445068426,,,,PENDING_AT_END
659.75,660.0175974372537,,,,PENDING_AT_END
660.0999999999999,660.4764682065427,,,,PENDING_AT_END
660.4499999999999,660.5813613732417,,,,PENDING_AT_END
660.8,660.8118101594393,,,,PENDING_AT_END
661.15,661.1844102222766,,,,PENDING_AT_END
661.5,661.6181666592815,,,,PENDING_AT_END
661.8499999999999,662.199865187571,,,,PENDING_AT_END
662.1999999999999,662.2055498183132,,,,PENDING_AT_END
662.55,662.6627860417202,,,,PENDING_AT_END
662.9,662.9065368111741,,,,PENDING_AT_END
663.25,663.287558288828,,,,PENDING_AT_END
663.5999999999999,663.9913870578694,,,,PENDING_AT_END
663.9499999999999,664.2063576049424,,,,PENDING_AT_END
664.3,664.4831380943481,,,,PENDING_AT_END
664.65,664.8843523381537,,,,PENDING_AT_END
665.0,665.036248785565,,,,PENDING_AT_END
665.3499999999999,665.604699746282,,,,PENDING_AT_END
665.6999999999999,665.9108832199148,,,,PENDING_AT_END
666.05,666.2183345726116,,,,PENDING_AT_END
666.4,666.4310792363543,,,,PENDING_AT_END
666.75,666.797867497092,,,,PENDING_AT_END
667.0999999999999,667.4485133276032,,,,PENDING_AT_END
667.4499999999999,667.656336105496,,,,PENDING_AT_END
667.8,668.0443086246821,,,,PENDING_AT_END
668.15,668.2817355556709,,,,PENDING_AT_END
668.5,668.5143362465217,,,,PENDING_AT_END
668.8499999999999,669.0179842204709,,,,PENDING_AT_END
669.1999999999999,669.238912348232,,,,PENDING_AT_END
669.55,669.5845505018849,,,,PENDING_AT_END
669.9,670.143877990903,,,,PENDING_AT_END
670.25,670.547882350427,,,,PENDING_AT_END
670.5999999999999,670.8893912386002,,,,PENDING_AT_END
670.9499999999999,671.279024063269,,,,PENDING_AT_END
671.3,671.4188587872561,,,,PENDING_AT_END
671.65,671.7177623401507,,,,PENDING_AT_END
672.0,672.2773336715986,,,,PENDING_AT_END
672.3499999999999,672.4799617968556,,,,PENDING_AT_END
672.6999999999999,672.7548834320058,,,,PENDING_AT_END
673.05,673.1944616265207,,,,PENDING_AT_END
673.4,673.5799167067222,,,,PENDING_AT_END
673.75,673.9952587822097,,,,PENDING_AT_END
674.0999999999999,674.1621284783744,,,,PENDING_AT_END
674.4499999999999,674.7829452386735,,,,PENDING_AT_END
674.8,674.9552404652759,,,,PENDING_AT_END
675.15,675.3994579608099,,,,PENDING_AT_END
675.5,675.7341727989512,,,,PENDING_AT_END
675.8499999999999,676.2102766285061,,,,PENDING_AT_END
676.1999999999999,676.4605482657538,,,,PENDING_AT_END
676.55,676.6621263294207,,,,PENDING_AT_END
676.9,677.0099169790852,,,,PENDING_AT_END
677.25,677.4696946650508,,,,PENDING_AT_END
677.5999999999999,677.6048100463481,,,,PENDING_AT_END
677.9499999999999,678.184194328135,,,,PENDING_AT_END
678.3,678.4267970876688,,,,PENDING_AT_END
678.65,678.8925586466661,,,,PENDING_AT_END
679.0,679.2618299682827,,,,PENDING_AT_END
679.3499999999999,679.5573656712177,,,,PENDING_AT_END
679.6999999999999,680.0270736459353,,,,PENDING_AT_END
680.05,680.3078924010217,,,,PENDING_AT_END
680.4,680.718843437155,,,,PENDING_AT_END
680.75,681.092962046893,,,,PENDING_AT_END
681.0999999999999,681.3316543393523,,,,PENDING_AT_END
681.4499999999999,681.8446764607546,,,,PENDING_AT_END
681.8,682.0756017438334,,,,PENDING_AT_END
682.15,682.3204208856495,,,,PENDING_AT_END
682.5,682.8960104853261,,,,PENDING_AT_END
682.8499999999999,683.0518662996151,,,,PENDING_AT_END
683.1999999999999,683.4433519384164,,,,PENDING_AT_END
683.55,683.8280301883183,,,,PENDING_AT_END
683.9,684.2993257059996,,,,PENDING_AT_END
684.25,684.3046889384304,,,,PENDING_AT_END
684.5999999999999,684.9288570920792,,,,PENDING_AT_END
684.9499999999999,684.995385196804,,,,PENDING_AT_END
685.3,685.5167108682122,,,,PENDING_AT_END
685.65,685.8503358490133,,,,PENDING_AT_END
686.0,686.0773680256625,,,,PENDING_AT_END
686.3499999999999,686.7317912925248,,,,PENDING_AT_END
686.6999999999999,686.935980812715,,,,PENDING_AT_END
687.05,687.1475429216082,,,,PENDING_AT_END
687.4,687.7268066155506,,,,PENDING_AT_END
687.75,688.143688696857,,,,PENDING_AT_END
688.0999999999999,688.4959011555727,,,,PENDING_AT_END
688.4499999999999,688.521343072657,,,,PENDING_AT_END
688.8,688.9554419852041,,,,PENDING_AT_END
689.15,689.3889472947882,,,,PENDING_AT_END
689.5,689.7950805259275,,,,PENDING_AT_END
689.8499999999999,689.9651247340207,,,,PENDING_AT_END
690.1999999999999,690.2876497220044,,,,PENDING_AT_END
690.55,690.6678406514468,,,,PENDING_AT_END
690.9,691.137297492084,,,,PENDING_AT_END
691.25,691.508667312519,,,,PENDING_AT_END
691.5999999999999,691.6048697335941,,,,PENDING_AT_END
691.9499999999999,692.0856555726031,,,,PENDING_AT_END
692.3,692.4276150890898,,,,PENDING_AT_END
692.65,692.7945598846392,,,,PENDING_AT_END
693.0,693.2133423672515,,,,PENDING_AT_END
693.3499999999999,693.6948240881272,,,,PENDING_AT_END
693.6999999999999,693.7623234845433,,,,PENDING_AT_END
694.05,694.3089624635209,,,,PENDING_AT_END
694.4,694.5086029590076,,,,PENDING_AT_END
694.75,694.9761374179147,,,,PENDING_AT_END
695.0999999999999,695.2783620298903,,,,PENDING_AT_END
695.4499999999999,695.7599093988607,,,,PENDING_AT_END
695.8,696.1914071342171,,,,PENDING_AT_END
696.15,696.3765232781192,,,,PENDING_AT_END
696.5,696.8612559375545,,,,PENDING_AT_END
696.8499999999999,697.0441052645097,,,,PENDING_AT_END
697.1999999999999,697.5427806118288,,,,PENDING_AT_END
697.55,697.9107038057225,,,,PENDING_AT_END
697.9,698.2951070681994,,,,PENDING_AT_END
698.25,698.307683087671,,,,PENDING_AT_END
698.5999999999999,698.79884524503,,,,PENDING_AT_END
698.9499999999999,699.0099565939887,,,,PENDING_AT_END
699.3,699.3636161280895,,,,PENDING_AT_END
699.65,699.7910965012924,,,,PENDING_AT_END
700.0,700.3971980348808,,,,PENDING_AT_END
700.3499999999999,700.72194534973,,,,PENDING_AT_END
700.6999999999999,700.8505496398342,,,,PENDING_AT_END
701.05,701.4014417858243,,,,PENDING_AT_END
701.4,701.5863069044802,,,,PENDING_AT_END
701.75,701.9717415683349,,,,PENDING_AT_END
702.0999999999999,702.1274086774747,,,,PENDING_AT_END
702.4499999999999,702.784997270572,,,,PENDING_AT_END
702.8,702.8487662604239,,,,PENDING_AT_END
703.15,703.242414820519,,,,PENDING_AT_END
703.5,703.6227191908267,,,,PENDING_AT_END
703.8499999999999,704.0829591358097,,,,PENDING_AT_END
704.1999999999999,704.2631815152798,,,,PENDING_AT_END
704.55,704.8822348821907,,,,PENDING_AT_END
704.9,704.9876176065305,,,,PENDING_AT_END
705.25,705.6410838682264,,,,PENDING_AT_END
705.5999999999999,705.8002400737307,,,,PENDING_AT_END
705.9499999999999,706.2470629294932,,,,PENDING_AT_END
706.3,706.3867138691694,,,,PENDING_AT_END
706.65,706.7932203158865,,,,PENDING_AT_END
707.0,707.194173080235,,,,PENDING_AT_END
707.3499999999999,707.4396639179724,,,,PENDING_AT_END
707.6999999999999,708.0148045130016,,,,PENDING_AT_END
708.05,708.3115216087551,,,,PENDING_AT_END
708.4,708.4600077108297,,,,PENDING_AT_END
708.75,708.8824413143075,,,,PENDING_AT_END
709.0999999999999,709.3829396531064,,,,PENDING_AT_END
709.4499999999999,709.5650013056219,,,,PENDING_AT_END
709.8,710.0584577494751,,,,PENDING_AT_END
710.15,710.3850438611056,,,,PENDING_AT_END
710.5,710.5295754435831,,,,PENDING_AT_END
710.8499999999999,711.1783239115468,,,,PENDING_AT_END
711.1999999999999,711.3031969095565,,,,PENDING_AT_END
711.55,711.6989657714576,,,,PENDING_AT_END
711.9,712.0444181040767,,,,PENDING_AT_END
712.25,712.5377119733664,,,,PENDING_AT_END
712.5999999999999,712.6893662717798,,,,PENDING_AT_END
712.9499999999999,713.1626917358759,,,,PENDING_AT_END
713.3,713.4634596345991,,,,PENDING_AT_END
713.65,713.8682882980285,,,,PENDING_AT_END
714.0,714.0118954043598,,,,PENDING_AT_END
714.3499999999999,714.3693681975981,,,,PENDING_AT_END
714.6999999999999,714.8833852925942,,,,PENDING_AT_END
715.05,715.1752262565385,,,,PENDING_AT_END
715.4,715.4493079433838,,,,PENDING_AT_END
715.75,715.8212064304748,,,,PENDING_AT_END
716.0999999999999,716.2850271636714,,,,PENDING_AT_END
716.4499999999999,716.4797377734529,,,,PENDING_AT_END
716.8,717.0108702264449,,,,PENDING_AT_END
717.15,717.3258267782561,,,,PENDING_AT_END
717.5,717.5339450621891,,,,PENDING_AT_END
717.8499999999999,718.2192619562702,,,,PENDING_AT_END
718.1999999999999,718.4614508361773,,,,PENDING_AT_END
718.55,718.5596700333317,,,,PENDING_AT_END
718.9,718.9793558687005,,,,PENDING_AT_END
719.25,719.6098700524935,,,,PENDING_AT_END
719.5999999999999,719.6981574396518,,,,PENDING_AT_END
719.9499999999999,720.2138739202429,,,,PENDING_AT_END
720.3,720.6430149515243,,,,PENDING_AT_END
720.65,720.8399279008048,,,,PENDING_AT_END
721.0,721.3884496393739,,,,PENDING_AT_END
721.3499999999999,721.5355185736275,,,,PENDING_AT_END
721.6999999999999,721.7691114292439,,,,PENDING_AT_END
722.05,722.2070664978678,,,,PENDING_AT_END
722.4,722.4515474774815,,,,PENDING_AT_END
722.75,722.9997606882628,,,,PENDING_AT_END
723.0999999999999,723.4191298629062,,,,PENDING_AT_END
723.4499999999999,723.6702684834371,,,,PENDING_AT_END
723.8,724.1511740677913,,,,PENDING_AT_END
724.15,724.4289140179891,,,,PENDING_AT_END
724.5,724.8959592758954,,,,PENDING_AT_END
724.8499999999999,725.2083182282431,,,,PENDING_AT_END
725.1999999999999,725.3696624544663,,,,PENDING_AT_END
725.55,725.8530823945587,,,,PENDING_AT_END
725.9,725.9149544320036,,,,PENDING_AT_END
726.25,726.5192394794278,,,,PENDING_AT_END
726.5999999999999,726.9584746484384,,,,PENDING_AT_END
726.9499999999999,727.1930734738863,,,,PENDING_AT_END
727.3,727.4211166433092,,,,PENDING_AT_END
727.65,727.9075895240886,,,,PENDING_AT_END
728.0,728.1475855429333,,,,PENDING_AT_END
728.3499999999999,728.4935192517428,,,,PENDING_AT_END
728.6999999999999,728.9177465295303,,,,PENDING_AT_END
729.05,729.372466479254,,,,PENDING_AT_END
729.4,729.4282899954786,,,,PENDING_AT_END
729.75,730.0508916598669,,,,PENDING_AT_END
730.0999999999999,730.3516231331246,,,,PENDING_AT_END
730.4499999999999,730.6362316604672,,,,PENDING_AT_END
730.8,731.1858336768607,,,,PENDING_AT_END
731.15,731.2169984812721,,,,PENDING_AT_END
731.5,731.8424275531459,,,,PENDING_AT_END
731.8499999999999,731.8624227734906,,,,PENDING_AT_END
732.1999999999999,732.4222459065014,,,,PENDING_AT_END
732.55,732.5966798907805,,,,PENDING_AT_END
732.9,733.1056443439651,,,,PENDING_AT_END
733.25,733.4478858285556,,,,PENDING_AT_END
733.5999999999999,733.9995961043987,,,,PENDING_AT_END
733.9499999999999,733.995323373331,,,,PENDING_AT_END
734.3,734.5697965447041,,,,PENDING_AT_END
734.65,734.9241291986147,,,,PENDING_AT_END
