timestamp,gen_time,sel_time,tx_time,rx_time,status
0.0,0.27541655446919056,156.13691148909166,156.13791148909166,156.30791148909165,TX
0.35,0.6314013477195789,159.70826857460574,159.70926857460574,159.87926857460573,TX
0.7,0.9539424432364065,156.73240611746323,156.73340611746323,156.90340611746322,TX
1.0499999999999998,1.360551620849972,151.5191612622147,151.5201612622147,151.6901612622147,TX
1.4,1.4713269784890124,152.5957534168473,152.5967534168473,152.76675341684728,TX
1.75,1.766446619983788,154.59890118674872,154.59990118674872,154.7699011867487,TX
2.0999999999999996,2.264904641963639,155.67604041559835,155.67704041559836,155.84704041559834,TX
2.4499999999999997,2.51674944731042,157.77152672100243,157.77252672100244,157.94252672100242,TX
2.8,2.8312099355005174,155.13114571171852,155.13214571171852,155.3021457117185,TX
3.15,3.3737721963109397,157.67088031847743,157.67188031847743,157.84188031847742,TX
3.5,3.772054215240755,161.59659513759289,161.5975951375929,161.76759513759288,TX
3.8499999999999996,3.887389446465347,153.87935618038736,153.88035618038737,154.05035618038735,TX
4.199999999999999,4.506325187727185,161.26963042103782,161.27063042103782,161.4406304210378,TX
4.55,4.576003411543868,160.27817540114717,160.27917540114717,160.44917540114716,TX
4.8999999999999995,4.950881156461169,,,,PENDING_AT_END
5.25,5.2759886451599805,,,,PENDING_AT_END
5.6,5.886366004705062,,,,PENDING_AT_END
5.949999999999999,6.200807568154467,,,,PENDING_AT_END
6.3,6.633211069947939,,,,PENDING_AT_END
6.6499999999999995,6.920487213172254,,,,PENDING_AT_END
7.0,7.145551860021476,,,,PENDING_AT_END
7.35,7.3845171414426165,,,,PENDING_AT_END
7.699999999999999,7.9838712670671885,,,,PENDING_AT_END
8.049999999999999,8.388544558302781,,,,PENDING_AT_END
8.399999999999999,8.641870888861437,,,,PENDING_AT_END
8.75,8.818471613912841,,,,PENDING_AT_END
9.1,9.375939093640762,,,,PENDING_AT_END
9.45,9.676441973382644,,,,PENDING_AT_END
9.799999999999999,10.07066325286331,,,,PENDING_AT_END
10.149999999999999,10.181267634839248,,,,PENDING_AT_END
10.5,10.533666894932221,,,,PENDING_AT_END
10.85,10.991140763483733,,,,PENDING_AT_END
11.2,11.320602893636938,,,,PENDING_AT_END
11.549999999999999,11.81440660391826,,,,PENDING_AT_END
11.899999999999999,12.214286554916217,,,,PENDING_AT_END
12.25,12.32921182545402,,,,PENDING_AT_END
12.6,12.87022407191242,,,,PENDING_AT_END
12.95,13.059215801760011,,,,PENDING_AT_END
13.299999999999999,13.493374558928254,,,,PENDING_AT_END
13.649999999999999,13.654218207800543,,,,PENDING_AT_END
14.0,14.142800738993483,,,,PENDING_AT_END
14.35,14.746315707474102,,,,PENDING_AT_END
14.7,14.962513714757062,,,,PENDING_AT_END
15.049999999999999,15.403389015863272,,,,PENDING_AT_END
15.399999999999999,15.605446054641877,,,,PENDING_AT_END
15.749999999999998,15.88883945305785,,,,PENDING_AT_END
16.099999999999998,16.265286034150368,,,,PENDING_AT_END
16.45,16.57357185505494,,,,PENDING_AT_END
16.799999999999997,16.976140467359485,,,,PENDING_AT_END
17.15,17.520413249800853,,,,PENDING_AT_END
17.5,17.614688750487815,,,,PENDING_AT_END
17.849999999999998,18.022488410373914,,,,PENDING_AT_END
18.2,18.54526571493722,,,,PENDING_AT_END
18.549999999999997,18.659402911246723,,,,PENDING_AT_END
18.9,19.028313514862525,,,,PENDING_AT_END
19.25,19.372174742668484,,,,PENDING_AT_END
19.599999999999998,19.652337038906797,,,,PENDING_AT_END
19.95,19.954148516476035,,,,PENDING_AT_END
20.299999999999997,20.340176817535422,,,,PENDING_AT_END
20.65,20.96929434512564,,,,PENDING_AT_END
21.0,21.0704244782252,,,,PENDING_AT_END
21.349999999999998,21.57914395502939,,,,PENDING_AT_END
21.7,21.971308046749964,,,,PENDING_AT_END
22.049999999999997,22.369535629391166,,,,PENDING_AT_END
22.4,22.68174628412389,,,,PENDING_AT_END
22.75,23.057119036974314,,,,PENDING_AT_END
23.099999999999998,23.14021242680207,,,,PENDING_AT_END
23.45,23.518643940724193,,,,PENDING_AT_END
23.799999999999997,23.94411555141403,,,,PENDING_AT_END
24.15,24.332938302998777,,,,PENDING_AT_END
24.5,24.528528276547313,,,,PENDING_AT_END
24.849999999999998,25.22583071840931,,,,PENDING_AT_END
25.2,25.26646127581564,,,,PENDING_AT_END
25.549999999999997,25.92984057678376,,,,PENDING_AT_END
25.9,26.241406550821615,,,,PENDING_AT_END
26.25,26.543676353899293,,,,PENDING_AT_END
26.599999999999998,26.966082893755324,,,,PENDING_AT_END
26.95,26.9614442499233,,,,PENDING_AT_END
27.299999999999997,27.374116733118896,,,,PENDING_AT_END
27.65,27.977087508203702,,,,PENDING_AT_END
28.0,28.353302509627838,,,,PENDING_AT_END
28.349999999999998,28.665944210698893,,,,PENDING_AT_END
28.7,28.95495948941227,,,,PENDING_AT_END
29.049999999999997,29.103473603199483,,,,PENDING_AT_END
29.4,29.49948395838821,,,,PENDING_AT_END
29.749999999999996,29.841121320453926,,,,PENDING_AT_END
30.099999999999998,30.235636365210087,,,,PENDING_AT_END
30.45,30.49961295998833,,,,PENDING_AT_END
30.799999999999997,30.960087242887504,,,,PENDING_AT_END
31.15,31.502894670107167,,,,PENDING_AT_END
31.499999999999996,31.730992823628004,,,,PENDING_AT_END
31.849999999999998,31.851829040784676,,,,PENDING_AT_END
32.199999999999996,32.55225684415685,,,,PENDING_AT_END
32.55,32.60432232827739,,,,PENDING_AT_END
32.9,33.09007232514306,,,,PENDING_AT_END
33.25,33.60472028475867,,,,PENDING_AT_END
33.599999999999994,33.77806836648658,,,,PENDING_AT_END
33.949999999999996,34.28800953443362,,,,PENDING_AT_END
34.3,34.61353932284,,,,PENDING_AT_END
34.65,34.821773634495436,,,,PENDING_AT_END
35.0,35.111671378720175,,,,PENDING_AT_END
35.349999999999994,35.38463234291372,,,,PENDING_AT_END
35.699999999999996,35.871434626608654,,,,PENDING_AT_END
36.05,36.170181611593904,,,,PENDING_AT_END
36.4,36.74862306775173,,,,PENDING_AT_END
36.75,36.762667976700186,,,,PENDING_AT_END
37.099999999999994,37.34042340949087,,,,PENDING_AT_END
37.449999999999996,37.65887759364178,,,,PENDING_AT_END
37.8,38.18212986324838,,,,PENDING_AT_END
38.15,38.5247345643598,,,,PENDING_AT_END
38.5,38.7974641196586,,,,PENDING_AT_END
38.849999999999994,39.178757727921166,,,,PENDING_AT_END
39.199999999999996,39.34304072040333,,,,PENDING_AT_END
39.55,39.83430102548431,,,,PENDING_AT_END
39.9,40.1046896473784,,,,PENDING_AT_END
40.25,40.26656263333771,,,,PENDING_AT_END
40.599999999999994,40.93621318018599,,,,PENDING_AT_END
40.949999999999996,41.222607855440764,,,,PENDING_AT_END
41.3,41.392014002049635,,,,PENDING_AT_END
41.65,41.804842177230874,,,,PENDING_AT_END
42.0,42.07252937837211,,,,PENDING_AT_END
42.349999999999994,42.60237780338649,,,,PENDING_AT_END
42.699999999999996,43.03934969038243,,,,PENDING_AT_END
43.05,43.1213822326729,,,,PENDING_AT_END
43.4,43.56164524792913,,,,PENDING_AT_END
43.75,43.827169271035785,,,,PENDING_AT_END
44.099999999999994,44.31142774877587,,,,PENDING_AT_END
44.449999999999996,44.52899338118372,,,,PENDING_AT_END
44.8,44.82344280260959,,,,PENDING_AT_END
45.15,45.480968021493474,,,,PENDING_AT_END
45.5,45.741013432207154,,,,PENDING_AT_END
45.849999999999994,46.00476153633862,,,,PENDING_AT_END
46.199999999999996,46.37817540604981,,,,PENDING_AT_END
46.55,46.721222812567134,,,,PENDING_AT_END
46.9,47.297068988524224,,,,PENDING_AT_END
47.25,47.603341751121405,,,,PENDING_AT_END
47.599999999999994,47.81505765120107,,,,PENDING_AT_END
47.949999999999996,48.13893322000467,,,,PENDING_AT_END
48.3,48.687739071643364,,,,PENDING_AT_END
48.65,48.82461260005983,,,,PENDING_AT_END
49.0,49.163489568374416,,,,PENDING_AT_END
49.349999999999994,49.49982606000788,,,,PENDING_AT_END
49.699999999999996,49.727576262571496,,,,PENDING_AT_END
50.05,50.097020964492785,,,,PENDING_AT_END
50.4,50.64624954506673,,,,PENDING_AT_END
50.75,50.83859481901521,,,,PENDING_AT_END
51.099999999999994,51.12611783930821,,,,PENDING_AT_END
51.449999999999996,51.74731118400751,,,,PENDING_AT_END
51.8,51.835172303261885,,,,PENDING_AT_END
52.15,52.45667897651844,,,,PENDING_AT_END
52.5,52.663361265398095,,,,PENDING_AT_END
52.849999999999994,53.20160455156669,,,,PENDING_AT_END
53.199999999999996,53.42658391502439,,,,PENDING_AT_END
53.55,53.83443927342667,,,,PENDING_AT_END
53.9,53.96671172240499,,,,PENDING_AT_END
54.25,54.518070045107265,,,,PENDING_AT_END
54.599999999999994,54.72436422069953,,,,PENDING_AT_END
54.949999999999996,55.01125132540849,,,,PENDING_AT_END
55.3,55.31966001546661,,,,PENDING_AT_END
55.65,55.96680970038236,,,,PENDING_AT_END
56.0,56.16719014118037,,,,PENDING_AT_END
56.349999999999994,56.59140103890958,,,,PENDING_AT_END
56.699999999999996,57.022365340216574,,,,PENDING_AT_END
57.05,57.307621857805714,,,,PENDING_AT_END
57.4,57.645100828115865,,,,PENDING_AT_END
57.74999999999999,58.144380798558025,,,,PENDING_AT_END
58.099999999999994,58.14572056243648,,,,PENDING_AT_END
58.449999999999996,58.54584716205296,,,,PENDING_AT_END
58.8,58.888330884280705,,,,PENDING_AT_END
59.15,59.37918936062581,,,,PENDING_AT_END
59.49999999999999,59.71556090352164,,,,PENDING_AT_END
59.849999999999994,59.85492135434967,,,,PENDING_AT_END
60.199999999999996,60.44242787936212,,,,PENDING_AT_END
60.55,60.753880203600815,,,,PENDING_AT_END
60.9,61.28955103792172,,,,PENDING_AT_END
61.24999999999999,61.49982984205132,,,,PENDING_AT_END
61.599999999999994,61.99773512804387,,,,PENDING_AT_END
61.949999999999996,61.959477483386486,,,,PENDING_AT_END
62.3,62.67770246015485,,,,PENDING_AT_END
62.65,62.99178622260131,,,,PENDING_AT_END
62.99999999999999,63.116131841714555,,,,PENDING_AT_END
63.349999999999994,63.65933617648943,,,,PENDING_AT_END
63.699999999999996,63.97626866499554,,,,PENDING_AT_END
64.05,64.39474155029761,,,,PENDING_AT_END
64.39999999999999,64.63153243647132,,,,PENDING_AT_END
64.75,64.98192921909552,,,,PENDING_AT_END
65.1,65.29114998051725,,,,PENDING_AT_END
65.45,65.82489192663384,,,,PENDING_AT_END
65.8,65.89665272554389,,,,PENDING_AT_END
66.14999999999999,66.3165986704142,,,,PENDING_AT_END
66.5,66.68352181577879,,,,PENDING_AT_END
66.85,67.13030099187563,,,,PENDING_AT_END
67.19999999999999,67.30493908124183,,,,PENDING_AT_END
67.55,67.71648236169487,,,,PENDING_AT_END
67.89999999999999,68.18472368470033,,,,PENDING_AT_END
68.25,68.43466702323198,,,,PENDING_AT_END
68.6,68.82823823556683,,,,PENDING_AT_END
68.94999999999999,69.31938150389044,,,,PENDING_AT_END
69.3,69.47909757334675,,,,PENDING_AT_END
69.64999999999999,70.04169079861028,,,,PENDING_AT_END
70.0,70.24530792545082,,,,PENDING_AT_END
70.35,70.69505986741925,,,,PENDING_AT_END
70.69999999999999,71.00358664389663,,,,PENDING_AT_END
71.05,71.0855269155061,,,,PENDING_AT_END
71.39999999999999,71.60141776122641,,,,PENDING_AT_END
71.75,71.81756877580997,,,,PENDING_AT_END
72.1,72.49380307130002,,,,PENDING_AT_END
72.44999999999999,72.77040162173492,,,,PENDING_AT_END
72.8,73.1955541243491,,,,PENDING_AT_END
73.14999999999999,73.38108723648223,,,,PENDING_AT_END
73.5,73.51367737169826,,,,PENDING_AT_END
73.85,74.03119244095691,,,,PENDING_AT_END
74.19999999999999,74.4839657227266,,,,PENDING_AT_END
74.55,74.63246824812155,,,,PENDING_AT_END
74.89999999999999,75.21518226683521,,,,PENDING_AT_END
75.25,75.33963983273668,,,,PENDING_AT_END
75.6,75.69715287942185,,,,PENDING_AT_END
75.94999999999999,75.95909801450941,,,,PENDING_AT_END
76.3,76.52847889856393,,,,PENDING_AT_END
76.64999999999999,77.02758902012253,,,,PENDING_AT_END
77.0,77.24714116879412,,,,PENDING_AT_END
77.35,77.49421212804069,,,,PENDING_AT_END
77.69999999999999,77.77206550628276,,,,PENDING_AT_END
78.05,78.39176537320442,,,,PENDING_AT_END
78.39999999999999,78.56785464807281,,,,PENDING_AT_END
78.75,79.08025781054641,,,,PENDING_AT_END
79.1,79.21187171834976,,,,PENDING_AT_END
79.44999999999999,79.76000288539842,,,,PENDING_AT_END
79.8,80.01193029233512,,,,PENDING_AT_END
80.14999999999999,80.35502755452633,,,,PENDING_AT_END
80.5,80.51376677369873,,,,PENDING_AT_END
80.85,80.88970081473173,,,,PENDING_AT_END
81.19999999999999,81.37353836053063,,,,PENDING_AT_END
81.55,81.81093918507442,,,,PENDING_AT_END
81.89999999999999,81.92690922819791,,,,PENDING_AT_END
82.25,82.63127112172958,,,,PENDING_AT_END
82.6,82.91771400832732,,,,PENDING_AT_END
82.94999999999999,83.15499658618282,,,,PENDING_AT_END
83.3,83.42524024288387,,,,PENDING_AT_END
83.64999999999999,83.93262691831715,,,,PENDING_AT_END
84.0,84.09976750567984,,,,PENDING_AT_END
84.35,84.55769376456615,,,,PENDING_AT_END
84.69999999999999,84.72029251508371,,,,PENDING_AT_END
85.05,85.12077180545155,,,,PENDING_AT_END
85.39999999999999,85.74737352028664,,,,PENDING_AT_END
85.75,85.77828080798528,,,,PENDING_AT_END
86.1,86.24274052904505,,,,PENDING_AT_END
86.44999999999999,86.46956044916544,,,,PENDING_AT_END
86.8,87.19306568585499,,,,PENDING_AT_END
87.14999999999999,87.22154507080968,,,,PENDING_AT_END
87.5,87.5327794204178,,,,PENDING_AT_END
87.85,88.24620631889155,,,,PENDING_AT_END
88.19999999999999,88.2012368122871,,,,PENDING_AT_END
88.55,88.90460727431422,,,,PENDING_AT_END
88.89999999999999,89.09878870920322,,,,PENDING_AT_END
89.25,89.56454523501284,,,,PENDING_AT_END
89.6,89.70733844629058,,,,PENDING_AT_END
89.94999999999999,90.08410403230275,,,,PENDING_AT_END
90.3,90.30659545565659,,,,PENDING_AT_END
90.64999999999999,90.67181441372695,,,,PENDING_AT_END
91.0,91.21832136326279,,,,PENDING_AT_END
91.35,91.38925802346955,,,,PENDING_AT_END
91.69999999999999,92.01190917670016,,,,PENDING_AT_END
92.05,92.42289311905039,,,,PENDING_AT_END
92.39999999999999,92.79111438854794,,,,PENDING_AT_END
92.75,92.97091497492332,,,,PENDING_AT_END
93.1,93.447649257612,,,,PENDING_AT_END
93.44999999999999,93.82081902962369,,,,PENDING_AT_END
93.8,93.92549028925062,,,,PENDING_AT_END
94.14999999999999,94.54465006570486,,,,PENDING_AT_END
94.5,94.61049020263448,,,,PENDING_AT_END
94.85,94.85924785534635,,,,PENDING_AT_END
95.19999999999999,95.38353990155102,,,,PENDING_AT_END
95.55,95.93092514815972,,,,PENDING_AT_END
95.89999999999999,96.24183294023128,,,,PENDING_AT_END
96.25,96.61413282951042,,,,PENDING_AT_END
96.6,96.95248986427683,,,,PENDING_AT_END
96.94999999999999,97.19834297895434,,,,PENDING_AT_END
97.3,97.61326948203079,,,,PENDING_AT_END
97.64999999999999,97.77951476666992,,,,PENDING_AT_END
98.0,98.2444614332889,,,,PENDING_AT_END
98.35,98.3627203399233,,,,PENDING_AT_END
98.69999999999999,98.74380461668181,,,,PENDING_AT_END
99.05,99.17593019182085,,,,PENDING_AT_END
99.39999999999999,99.7243817225369,,,,PENDING_AT_END
99.75,99.98151963549518,,,,PENDING_AT_END
100.1,100.40826070057437,,,,PENDING_AT_END
100.44999999999999,100.64812343985332,,,,PENDING_AT_END
100.8,101.12258409569812,,,,PENDING_AT_END
101.14999999999999,101.29221858333572,,,,PENDING_AT_END
101.5,101.88400065255595,,,,PENDING_AT_END
101.85,102.0727792845866,,,,PENDING_AT_END
102.19999999999999,102.54852541532486,,,,PENDING_AT_END
102.55,102.65495828620469,,,,PENDING_AT_END
102.89999999999999,102.99721946486501,,,,PENDING_AT_END
103.25,103.61078687665886,,,,PENDING_AT_END
103.6,103.74559434857318,,,,PENDING_AT_END
103.94999999999999,104.11619741415399,,,,PENDING_AT_END
104.3,104.57181875686094,,,,PENDING_AT_END
104.64999999999999,104.79686294667253,,,,PENDING_AT_END
105.0,105.11639821508706,,,,PENDING_AT_END
105.35,105.60804316256258,,,,PENDING_AT_END
105.69999999999999,105.91544854128023,,,,PENDING_AT_END
106.05,106.2442482899017,,,,PENDING_AT_END
106.39999999999999,106.53270714690528,,,,PENDING_AT_END
106.75,107.04859609839653,,,,PENDING_AT_END
107.1,107.20328267543647,,,,PENDING_AT_END
107.44999999999999,107.54688120996795,,,,PENDING_AT_END
107.8,108.0717575645035,,,,PENDING_AT_END
108.14999999999999,108.48794688695087,,,,PENDING_AT_END
108.5,108.8274823070048,,,,PENDING_AT_END
108.85,109.18047188608367,,,,PENDING_AT_END
109.19999999999999,109.5296277987913,,,,PENDING_AT_END
109.55,109.88419875291787,,,,PENDING_AT_END
109.89999999999999,109.99136912190563,,,,PENDING_AT_END
110.25,110.56655249228643,,,,PENDING_AT_END
110.6,110.7257138405854,,,,PENDING_AT_END
110.94999999999999,111.19802841886388,,,,PENDING_AT_END
111.3,111.39947860258259,,,,PENDING_AT_END
111.64999999999999,111.90947207307538,,,,PENDING_AT_END
112.0,112.16203042288305,,,,PENDING_AT_END
112.35,112.62798727641345,,,,PENDING_AT_END
112.69999999999999,113.08783210128155,,,,PENDING_AT_END
113.05,113.38133331864903,,,,PENDING_AT_END
113.39999999999999,113.75985995636101,,,,PENDING_AT_END
113.74999999999999,113.82031771387996,,,,PENDING_AT_END
114.1,114.15757162715983,,,,PENDING_AT_END
114.44999999999999,114.81903781264401,,,,PENDING_AT_END
114.8,114.98070419195479,,,,PENDING_AT_END
115.14999999999999,115.35707664243334,,,,PENDING_AT_END
115.49999999999999,115.85356808603846,,,,PENDING_AT_END
115.85,115.90790910632856,,,,PENDING_AT_END
116.19999999999999,116.53804624497903,,,,PENDING_AT_END
116.55,116.8888127275025,,,,PENDING_AT_END
116.89999999999999,116.91067479689922,,,,PENDING_AT_END
117.24999999999999,117.62403102761375,,,,PENDING_AT_END
117.6,117.95272922340976,,,,PENDING_AT_END
117.94999999999999,118.29076505111092,,,,PENDING_AT_END
118.3,118.69177373866317,,,,PENDING_AT_END
118.64999999999999,118.78758697173795,,,,PENDING_AT_END
118.99999999999999,119.218520494597,,,,PENDING_AT_END
119.35,119.36437662014697,,,,PENDING_AT_END
119.69999999999999,119.9495809137025,,,,PENDING_AT_END
120.05,120.43726856567785,,,,PENDING_AT_END
120.39999999999999,120.53156939953719,,,,PENDING_AT_END
120.74999999999999,120.9528506001635,,,,PENDING_AT_END
121.1,121.42313571405316,,,,PENDING_AT_END
121.44999999999999,121.51669050646785,,,,PENDING_AT_END
121.8,121.8035362181101,,,,PENDING_AT_END
122.14999999999999,122.17415209119137,,,,PENDING_AT_END
122.49999999999999,122.50246722959359,,,,PENDING_AT_END
122.85,122.92450800598772,,,,PENDING_AT_END
123.19999999999999,123.50513500216545,,,,PENDING_AT_END
123.55,123.84335372533336,,,,PENDING_AT_END
123.89999999999999,123.93517804231043,,,,PENDING_AT_END
124.24999999999999,124.33220866366425,,,,PENDING_AT_END
124.6,124.68026121361817,,,,PENDING_AT_END
124.94999999999999,125.03583517068228,,,,PENDING_AT_END
125.3,125.63976611009532,,,,PENDING_AT_END
125.64999999999999,125.79106045553739,,,,PENDING_AT_END
125.99999999999999,126.1770529221374,,,,PENDING_AT_END
126.35,126.49165549608546,,,,PENDING_AT_END
126.69999999999999,127.05763110605139,,,,PENDING_AT_END
127.05,127.34681387287468,,,,PENDING_AT_END
127.39999999999999,127.68625316326735,,,,PENDING_AT_END
127.74999999999999,128.06290072866489,,,,PENDING_AT_END
128.1,128.19653500778506,,,,PENDING_AT_END
128.45,128.80788322161084,,,,PENDING_AT_END
128.79999999999998,128.89090138817946,,,,PENDING_AT_END
129.15,129.38916091326902,,,,PENDING_AT_END
129.5,129.70389993465437,,,,PENDING_AT_END
129.85,130.16264749845206,,,,PENDING_AT_END
130.2,130.35156983438867,,,,PENDING_AT_END
130.54999999999998,130.78412040085405,,,,PENDING_AT_END
130.9,131.25469993002346,,,,PENDING_AT_END
131.25,131.34390504577118,,,,PENDING_AT_END
131.6,131.76586835011224,,,,PENDING_AT_END
131.95,132.23236941528836,,,,PENDING_AT_END
132.29999999999998,132.42568356064587,,,,PENDING_AT_END
132.65,133.01759374960514,,,,PENDING_AT_END
133.0,133.204029252169,,,,PENDING_AT_END
133.35,133.70149830962654,,,,PENDING_AT_END
133.7,134.09146073258012,,,,PENDING_AT_END
134.04999999999998,134.3505501716734,,,,PENDING_AT_END
134.39999999999998,134.6777685954961,,,,PENDING_AT_END
134.75,135.0937691176942,,,,PENDING_AT_END
135.1,135.46984926292734,,,,PENDING_AT_END
135.45,135.68198826105828,,,,PENDING_AT_END
135.79999999999998,135.83249249113103,,,,PENDING_AT_END
136.14999999999998,136.47621952388744,,,,PENDING_AT_END
136.5,136.71905468527143,,,,PENDING_AT_END
136.85,137.1937743379564,,,,PENDING_AT_END
137.2,137.4626023454091,,,,PENDING_AT_END
137.54999999999998,137.86779006825182,,,,PENDING_AT_END
137.89999999999998,137.9431453976066,,,,PENDING_AT_END
138.25,138.50064838851517,,,,PENDING_AT_END
138.6,138.85350453402546,,,,PENDING_AT_END
138.95,138.98047830792717,,,,PENDING_AT_END
139.29999999999998,139.519448750537,,,,PENDING_AT_END
139.64999999999998,139.68156684986388,,,,PENDING_AT_END
140.0,140.3104065316897,,,,PENDING_AT_END
140.35,140.55287549183456,,,,PENDING_AT_END
140.7,140.89939611872546,,,,PENDING_AT_END
141.04999999999998,141.20238146067297,,,,PENDING_AT_END
141.39999999999998,141.51232783901708,,,,PENDING_AT_END
141.75,142.08028998477232,,,,PENDING_AT_END
142.1,142.24421159870505,,,,PENDING_AT_END
142.45,142.71284374379422,,,,PENDING_AT_END
142.79999999999998,143.01261138646944,,,,PENDING_AT_END
143.14999999999998,143.5097487534307,,,,PENDING_AT_END
143.5,143.5538625588901,,,,PENDING_AT_END
143.85,143.9654103674974,,,,PENDING_AT_END
144.2,144.2978297297375,,,,PENDING_AT_END
144.54999999999998,144.61467481304825,,,,PENDING_AT_END
144.89999999999998,145.2483116618124,,,,PENDING_AT_END
145.25,145.51597315936635,,,,PENDING_AT_END
145.6,145.996385246311,,,,PENDING_AT_END
145.95,146.22581472701404,,,,PENDING_AT_END
146.29999999999998,146.58015513410115,,,,PENDING_AT_END
146.64999999999998,146.9011418272575,,,,PENDING_AT_END
147.0,147.21168767795666,,,,PENDING_AT_END
147.35,147.54468506411186,,,,PENDING_AT_END
147.7,147.96784022851017,,,,PENDING_AT_END
148.04999999999998,148.16660743475606,,,,PENDING_AT_END
148.39999999999998,148.6660970201982,,,,PENDING_AT_END
148.75,148.80025843555438,,,,PENDING_AT_END
149.1,149.25002966104617,,,,PENDING_AT_END
149.45,149.77177468603406,,,,PENDING_AT_END
149.79999999999998,150.12729279784597,,,,PENDING_AT_END
150.14999999999998,150.32972479216295,,,,PENDING_AT_END
150.5,150.5373271430753,,,,PENDING_AT_END
150.85,151.2426700661583,,,,PENDING_AT_END
151.2,151.51465910383803,,,,PENDING_AT_END
151.54999999999998,151.76210739096953,,,,PENDING_AT_END
151.89999999999998,151.95903266999346,,,,PENDING_AT_END
152.25,152.35154016418755,,,,PENDING_AT_END
152.6,152.62859438647646,,,,PENDING_AT_END
152.95,152.96910311809813,,,,PENDING_AT_END
153.29999999999998,153.3142071771587,,,,PENDING_AT_END
153.64999999999998,153.8460932961882,,,,PENDING_AT_END
154.0,154.36649478139822,,,,PENDING_AT_END
154.35,154.47992667012412,,,,PENDING_AT_END
154.7,154.70580026220352,,,,PENDING_AT_END
155.04999999999998,155.06424821433214,,,,PENDING_AT_END
155.39999999999998,155.47753021092018,,,,PENDING_AT_END
155.75,155.8290715075829,,,,PENDING_AT_END
156.1,156.323239227115,,,,PENDING_AT_END
156.45,156.8393669174339,,,,PENDING_AT_END
156.79999999999998,156.98761034267105,,,,PENDING_AT_END
157.14999999999998,157.1531855376282,,,,PENDING_AT_END
157.5,157.8294756052867,,,,PENDING_AT_END
157.85,157.8667735843729,,,,PENDING_AT_END
158.2,158.39580070324172,,,,PENDING_AT_END
158.54999999999998,158.78611652479552,,,,PENDING_AT_END
158.89999999999998,158.9215479763858,,,,PENDING_AT_END
159.25,159.55002707205966,,,,PENDING_AT_END
159.6,159.6846611915772,,,,PENDING_AT_END
159.95,159.9963928628482,,,,PENDING_AT_END
160.29999999999998,160.64169959592252,,,,PENDING_AT_END
160.64999999999998,160.79988607411514,,,,PENDING_AT_END
161.0,161.3694969826813,,,,PENDING_AT_END
161.35,161.72842297572382,,,,PENDING_AT_END
161.7,161.8121500533009,,,,PENDING_AT_END
162.04999999999998,162.10572565138537,,,,PENDING_AT_END
162.39999999999998,162.40695483923042,,,,PENDING_AT_END
162.75,162.88831115570173,,,,PENDING_AT_END
163.1,163.3669822317706,,,,PENDING_AT_END
163.45,163.48920273346698,,,,PENDING_AT_END
163.79999999999998,163.98497032710995,,,,PENDING_AT_END
164.14999999999998,164.41957651462167,,,,PENDING_AT_END
164.5,164.8734421040346,,,,PENDING_AT_END
164.85,164.88646824820214,,,,PENDING_AT_END
165.2,165.3417257242608,,,,PENDING_AT_END
165.54999999999998,165.59863617307107,,,,PENDING_AT_END
165.89999999999998,166.18583396778877,,,,PENDING_AT_END
166.25,166.3677265539751,,,,PENDING_AT_END
166.6,166.72308093424536,,,,PENDING_AT_END
166.95,167.16088152606858,,,,PENDING_AT_END
167.29999999999998,167.49485056772343,,,,PENDING_AT_END
167.64999999999998,167.97486824069006,,,,PENDING_AT_END
168.0,168.36662785937438,,,,PENDING_AT_END
168.35,168.44904322772229,,,,PENDING_AT_END
168.7,169.0394538252715,,,,PENDING_AT_END
169.04999999999998,169.1896662891763,,,,PENDING_AT_END
169.39999999999998,169.75758110877138,,,,PENDING_AT_END
169.75,169.999570497391,,,,PENDING_AT_END
170.1,170.3069894220454,,,,PENDING_AT_END
170.45,170.6414430225106,,,,PENDING_AT_END
170.79999999999998,171.16356157562248,,,,PENDING_AT_END
171.14999999999998,171.4081613661939,,,,PENDING_AT_END
171.5,171.5229824373451,,,,PENDING_AT_END
171.85,171.9050320253174,,,,PENDING_AT_END
172.2,172.46478352107727,,,,PENDING_AT_END
172.54999999999998,172.63164574244573,,,,PENDING_AT_END
172.89999999999998,172.96840316406525,,,,PENDING_AT_END
173.25,173.54529473921036,,,,PENDING_AT_END
173.6,173.9192694374373,,,,PENDING_AT_END
173.95,174.13397707605043,,,,PENDING_AT_END
174.29999999999998,174.56176937145753,,,,PENDING_AT_END
174.64999999999998,174.83450255370673,,,,PENDING_AT_END
175.0,175.28172511205236,,,,PENDING_AT_END
175.35,175.37067203743865,,,,PENDING_AT_END
175.7,175.79178834921998,,,,PENDING_AT_END
176.04999999999998,176.17344799191162,,,,PENDING_AT_END
176.39999999999998,176.69491260699277,,,,PENDING_AT_END
176.75,176.95791129734846,,,,PENDING_AT_END
177.1,177.3456524420404,,,,PENDING_AT_END
177.45,177.47514976291916,,,,PENDING_AT_END
177.79999999999998,178.07629879986658,,,,PENDING_AT_END
178.14999999999998,178.41911257962784,,,,PENDING_AT_END
178.5,178.82390814173533,,,,PENDING_AT_END
178.85,179.04398509394125,,,,PENDING_AT_END
179.2,179.44958899614375,,,,PENDING_AT_END
179.54999999999998,179.73524926294854,,,,PENDING_AT_END
179.89999999999998,180.28142506532248,,,,PENDING_AT_END
180.25,180.31610241185052,,,,PENDING_AT_END
180.6,180.7124447069057,,,,PENDING_AT_END
180.95,181.11705611915903,,,,PENDING_AT_END
181.29999999999998,181.30916810583287,,,,PENDING_AT_END
181.64999999999998,181.9872895413243,,,,PENDING_AT_END
182.0,182.04504058259107,,,,PENDING_AT_END
182.35,182.72513409135226,,,,PENDING_AT_END
182.7,182.79947995787876,,,,PENDING_AT_END
183.04999999999998,183.05893567371393,,,,PENDING_AT_END
183.39999999999998,183.50193055648447,,,,PENDING_AT_END
183.75,184.02005765277812,,,,PENDING_AT_END
184.1,184.47823825687735,,,,PENDING_AT_END
184.45,184.4536968933847,,,,PENDING_AT_END
184.79999999999998,184.92096707931753,,,,PENDING_AT_END
185.14999999999998,185.20585819116752,,,,PENDING_AT_END
185.5,185.5595429355579,,,,PENDING_AT_END
185.85,185.98036636779594,,,,PENDING_AT_END
186.2,186.52461171275502,,,,PENDING_AT_END
186.54999999999998,186.8770231220552,,,,PENDING_AT_END
186.89999999999998,187.16682913217204,,,,PENDING_AT_END
187.25,187.53427376531698,,,,PENDING_AT_END
187.6,187.79800941172354,,,,PENDING_AT_END
187.95,188.28027723594096,,,,PENDING_AT_END
188.29999999999998,188.4149636362914,,,,PENDING_AT_END
188.64999999999998,188.86386561159617,,,,PENDING_AT_END
189.0,189.2897897676749,,,,PENDING_AT_END
189.35,189.57083969876376,,,,PENDING_AT_END
189.7,189.7779922933018,,,,PENDING_AT_END
190.04999999999998,190.35786612354227,,,,PENDING_AT_END
190.39999999999998,190.79559722951979,,,,PENDING_AT_END
190.75,190.86822130453623,,,,PENDING_AT_END
191.1,191.18813225711725,,,,PENDING_AT_END
191.45,191.63548663557788,,,,PENDING_AT_END
191.79999999999998,191.92590912918578,,,,PENDING_AT_END
192.14999999999998,192.27177869445552,,,,PENDING_AT_END
192.5,192.6006880859493,,,,PENDING_AT_END
192.85,193.21649901471093,,,,PENDING_AT_END
193.2,193.2671024411834,,,,PENDING_AT_END
193.54999999999998,193.82592055673578,,,,PENDING_AT_END
193.89999999999998,193.96628571590924,,,,PENDING_AT_END
194.25,194.47430777069644,,,,PENDING_AT_END
194.6,194.92181333585555,,,,PENDING_AT_END
194.95,195.03856163368164,,,,PENDING_AT_END
195.29999999999998,195.32566415090778,,,,PENDING_AT_END
195.64999999999998,195.98070320419475,,,,PENDING_AT_END
196.0,196.20531288069685,,,,PENDING_AT_END
196.35,196.4839592309897,,,,PENDING_AT_END
196.7,197.0144573385071,,,,PENDING_AT_END
197.04999999999998,197.3153649098724,,,,PENDING_AT_END
197.39999999999998,197.6576439179076,,,,PENDING_AT_END
197.75,198.00911057473246,,,,PENDING_AT_END
198.1,198.39099848854383,,,,PENDING_AT_END
198.45,198.84320054417373,,,,PENDING_AT_END
198.79999999999998,199.0273952083218,,,,PENDING_AT_END
199.14999999999998,199.2267459340689,,,,PENDING_AT_END
199.5,199.8410544805718,,,,PENDING_AT_END
199.85,199.9297394445057,,,,PENDING_AT_END
200.2,200.39186371718836,,,,PENDING_AT_END
200.54999999999998,200.9436812931709,,,,PENDING_AT_END
200.89999999999998,201.2261019280935,,,,PENDING_AT_END
201.25,201.35636406227235,,,,PENDING_AT_END
201.6,201.93363003229322,,,,PENDING_AT_END
201.95,202.04918787623126,,,,PENDING_AT_END
202.29999999999998,202.41935801187648,,,,PENDING_AT_END
202.64999999999998,203.03980422177926,,,,PENDING_AT_END
203.0,203.08660606971625,,,,PENDING_AT_END
203.35,203.46848360532968,,,,PENDING_AT_END
203.7,203.81831261964373,,,,PENDING_AT_END
204.04999999999998,204.130607134967,,,,PENDING_AT_END
204.39999999999998,204.72435482544546,,,,PENDING_AT_END
204.75,205.1444551369716,,,,PENDING_AT_END
205.1,205.339377187451,,,,PENDING_AT_END
205.45,205.70372266891934,,,,PENDING_AT_END
205.79999999999998,205.83832308834027,,,,PENDING_AT_END
206.14999999999998,206.2743212661843,,,,PENDING_AT_END
206.5,206.8799916625037,,,,PENDING_AT_END
206.85,206.9477813646699,,,,PENDING_AT_END
207.2,207.37517045957276,,,,PENDING_AT_END
207.54999999999998,207.8397887773398,,,,PENDING_AT_END
207.89999999999998,207.92367774789147,,,,PENDING_AT_END
208.25,208.4346716998977,,,,PENDING_AT_END
208.6,208.96437541887425,,,,PENDING_AT_END
208.95,208.99122008993936,,,,PENDING_AT_END
209.29999999999998,209.36475186474613,,,,PENDING_AT_END
209.64999999999998,209.89587655605914,,,,PENDING_AT_END
210.0,210.31141149261396,,,,PENDING_AT_END
210.35,210.5926189400295,,,,PENDING_AT_END
210.7,211.01969247271813,,,,PENDING_AT_END
211.04999999999998,211.05296631117002,,,,PENDING_AT_END
211.39999999999998,211.55241209708527,,,,PENDING_AT_END
211.75,211.89848506118227,,,,PENDING_AT_END
212.1,212.4331078225632,,,,PENDING_AT_END
212.45,212.80173394179013,,,,PENDING_AT_END
212.79999999999998,213.08080697068945,,,,PENDING_AT_END
213.14999999999998,213.28200280636293,,,,PENDING_AT_END
213.5,213.68182884880355,,,,PENDING_AT_END
213.85,214.06639282946796,,,,PENDING_AT_END
214.2,214.3310241259444,,,,PENDING_AT_END
214.54999999999998,214.8571805604333,,,,PENDING_AT_END
214.89999999999998,215.01830198229368,,,,PENDING_AT_END
215.25,215.63359909742644,,,,PENDING_AT_END
215.6,215.75569462022523,,,,PENDING_AT_END
215.95,216.05082180962347,,,,PENDING_AT_END
216.29999999999998,216.51140061509957,,,,PENDING_AT_END
216.64999999999998,216.66830369876652,,,,PENDING_AT_END
217.0,217.37319423015902,,,,PENDING_AT_END
217.35,217.41114253802627,,,,PENDING_AT_END
217.7,218.02273758232008,,,,PENDING_AT_END
218.04999999999998,218.3923307042584,,,,PENDING_AT_END
218.39999999999998,218.6577964161724,,,,PENDING_AT_END
218.75,218.88473153103126,,,,PENDING_AT_END
219.1,219.25639979866955,,,,PENDING_AT_END
219.45,219.570367164824,,,,PENDING_AT_END
219.79999999999998,219.95754907654995,,,,PENDING_AT_END
220.14999999999998,220.43836435530943,,,,PENDING_AT_END
220.5,220.6552516127299,,,,PENDING_AT_END
220.85,221.1149897400795,,,,PENDING_AT_END
221.2,221.3022133188635,,,,PENDING_AT_END
221.54999999999998,221.85066988128622,,,,PENDING_AT_END
221.89999999999998,222.1137892698792,,,,PENDING_AT_END
222.25,222.41752669191152,,,,PENDING_AT_END
222.6,222.9354808866063,,,,PENDING_AT_END
222.95,223.14661612654902,,,,PENDING_AT_END
223.29999999999998,223.4493651336754,,,,PENDING_AT_END
223.64999999999998,223.88317920325875,,,,PENDING_AT_END
224.0,224.22894544362146,,,,PENDING_AT_END
224.35,224.35577586805553,,,,PENDING_AT_END
224.7,224.70543889169033,,,,PENDING_AT_END
225.04999999999998,225.3738511463176,,,,PENDING_AT_END
225.39999999999998,225.52184002660465,,,,PENDING_AT_END
225.74999999999997,225.86065347609318,,,,PENDING_AT_END
226.1,226.20858385709582,,,,PENDING_AT_END
226.45,226.76583835761852,,,,PENDING_AT_END
226.79999999999998,227.04652906392218,,,,PENDING_AT_END
227.14999999999998,227.40204367965276,,,,PENDING_AT_END
227.49999999999997,227.75228641121433,,,,PENDING_AT_END
227.85,228.1830126131563,,,,PENDING_AT_END
228.2,228.2616118320188,,,,PENDING_AT_END
228.54999999999998,228.8195055825618,,,,PENDING_AT_END
228.89999999999998,229.00076189776877,,,,PENDING_AT_END
229.24999999999997,229.50071313754952,,,,PENDING_AT_END
229.6,229.6150763662446,,,,PENDING_AT_END
229.95,230.23519406552714,,,,PENDING_AT_END
230.29999999999998,230.30647992303128,,,,PENDING_AT_END
230.64999999999998,230.81342405706948,,,,PENDING_AT_END
230.99999999999997,231.16227817567344,,,,PENDING_AT_END
231.35,231.55949407007458,,,,PENDING_AT_END
231.7,231.85132342664645,,,,PENDING_AT_END
232.04999999999998,232.38210956610945,,,,PENDING_AT_END
232.39999999999998,232.57631402316832,,,,PENDING_AT_END
232.74999999999997,233.06393333277614,,,,PENDING_AT_END
233.1,233.2757321078419,,,,PENDING_AT_END
233.45,233.47130871552838,,,,PENDING_AT_END
233.79999999999998,234.01905266497542,,,,PENDING_AT_END
234.14999999999998,234.37893966855967,,,,PENDING_AT_END
234.49999999999997,234.8167195321432,,,,PENDING_AT_END
234.85,235.06191751174234,,,,PENDING_AT_END
235.2,235.514842599583,,,,PENDING_AT_END
235.54999999999998,235.61383686707885,,,,PENDING_AT_END
235.89999999999998,235.99045394100688,,,,PENDING_AT_END
236.24999999999997,236.49484535726864,,,,PENDING_AT_END
236.6,236.77046577230672,,,,PENDING_AT_END
236.95,237.02310561428482,,,,PENDING_AT_END
237.29999999999998,237.38845631856734,,,,PENDING_AT_END
237.64999999999998,237.90588497210115,,,,PENDING_AT_END
237.99999999999997,238.37447754459365,,,,PENDING_AT_END
238.35,238.62328589446483,,,,PENDING_AT_END
238.7,238.7448737204444,,,,PENDING_AT_END
239.04999999999998,239.1546001565433,,,,PENDING_AT_END
239.39999999999998,239.46651570183695,,,,PENDING_AT_END
239.74999999999997,239.83219441335424,,,,PENDING_AT_END
240.1,240.45779427443907,,,,PENDING_AT_END
240.45,240.59672763267707,,,,PENDING_AT_END
240.79999999999998,240.81130360479185,,,,PENDING_AT_END
241.14999999999998,241.29060040673812,,,,PENDING_AT_END
241.49999999999997,241.51627002836378,,,,PENDING_AT_END
241.85,241.96688601742815,,,,PENDING_AT_END
242.2,242.2263977588142,,,,PENDING_AT_END
242.54999999999998,242.70434209947373,,,,PENDING_AT_END
242.89999999999998,243.19008544613916,,,,PENDING_AT_END
243.24999999999997,243.64648998651458,,,,PENDING_AT_END
243.6,243.61280588589685,,,,PENDING_AT_END
243.95,244.16509757161856,,,,PENDING_AT_END
244.29999999999998,244.5257838046384,,,,PENDING_AT_END
244.64999999999998,245.0273067603884,,,,PENDING_AT_END
244.99999999999997,245.19359136575738,,,,PENDING_AT_END
245.35,245.4455330394902,,,,PENDING_AT_END
245.7,245.82319363492792,,,,PENDING_AT_END
246.04999999999998,246.27915431159138,,,,PENDING_AT_END
246.39999999999998,246.7201983493585,,,,PENDING_AT_END
246.74999999999997,246.8655239430024,,,,PENDING_AT_END
247.1,247.2598421392655,,,,PENDING_AT_END
247.45,247.68265565285367,,,,PENDING_AT_END
247.79999999999998,248.08980629447714,,,,PENDING_AT_END
248.14999999999998,248.5211846500776,,,,PENDING_AT_END
248.49999999999997,248.8168607134106,,,,PENDING_AT_END
248.85,248.9550786331283,,,,PENDING_AT_END
249.2,249.42033166684087,,,,PENDING_AT_END
249.54999999999998,249.93728955259323,,,,PENDING_AT_END
249.89999999999998,250.12962072823592,,,,PENDING_AT_END
250.24999999999997,250.28958263462337,,,,PENDING_AT_END
250.6,250.9493954491401,,,,PENDING_AT_END
250.95,251.18259917921614,,,,PENDING_AT_END
251.29999999999998,251.46121052842634,,,,PENDING_AT_END
251.64999999999998,251.81367454132442,,,,PENDING_AT_END
251.99999999999997,252.00456707058348,,,,PENDING_AT_END
252.35,252.42987958683315,,,,PENDING_AT_END
252.7,252.77515098218674,,,,PENDING_AT_END
253.04999999999998,253.09274838101916,,,,PENDING_AT_END
253.39999999999998,253.47594488681142,,,,PENDING_AT_END
253.74999999999997,253.79884087088143,,,,PENDING_AT_END
254.1,254.4036970591092,,,,PENDING_AT_END
254.45,254.5348492726248,,,,PENDING_AT_END
254.79999999999998,254.97818664463776,,,,PENDING_AT_END
255.14999999999998,255.34706720788046,,,,PENDING_AT_END
255.49999999999997,255.81865201419438,,,,PENDING_AT_END
255.85,256.1398861589583,,,,PENDING_AT_END
256.2,256.45274683772794,,,,PENDING_AT_END
256.55,256.76207800191474,,,,PENDING_AT_END
256.9,257.21149647979644,,,,PENDING_AT_END
257.25,257.3060431353888,,,,PENDING_AT_END
257.59999999999997,257.9767459486946,,,,PENDING_AT_END
257.95,258.2052709706449,,,,PENDING_AT_END
258.3,258.69712104669424,,,,PENDING_AT_END
258.65,258.9428872568733,,,,PENDING_AT_END
259.0,259.2337129394368,,,,PENDING_AT_END
259.34999999999997,259.72988783882505,,,,PENDING_AT_END
259.7,260.056262812886,,,,PENDING_AT_END
260.05,260.12338983034437,,,,PENDING_AT_END
260.4,260.6539214515327,,,,PENDING_AT_END
260.75,261.067439261798,,,,PENDING_AT_END
261.09999999999997,261.3091986141239,,,,PENDING_AT_END
261.45,261.5202107107696,,,,PENDING_AT_END
261.8,261.97120373842637,,,,PENDING_AT_END
262.15,262.49300368827346,,,,PENDING_AT_END
262.5,262.66200876084486,,,,PENDING_AT_END
262.84999999999997,263.1182364334091,,,,PENDING_AT_END
263.2,263.3299508299236,,,,PENDING_AT_END
263.55,263.91702368046157,,,,PENDING_AT_END
263.9,263.9940576136255,,,,PENDING_AT_END
264.25,264.59467065339254,,,,PENDING_AT_END
264.59999999999997,264.72622873092456,,,,PENDING_AT_END
264.95,265.0287559908107,,,,PENDING_AT_END
265.3,265.5110838632525,,,,PENDING_AT_END
265.65,265.95909393353986,,,,PENDING_AT_END
266.0,266.10264388431835,,,,PENDING_AT_END
266.34999999999997,266.7021668794601,,,,PENDING_AT_END
266.7,266.77351327799994,,,,PENDING_AT_END
267.05,267.31903018827865,,,,PENDING_AT_END
267.4,267.684058406585,,,,PENDING_AT_END
267.75,267.93779402211294,,,,PENDING_AT_END
268.09999999999997,268.15220921424867,,,,PENDING_AT_END
268.45,268.65081941850104,,,,PENDING_AT_END
268.79999999999995,268.817279390115,,,,PENDING_AT_END
269.15,269.501820017344,,,,PENDING_AT_END
269.5,269.6350914831211,,,,PENDING_AT_END
269.84999999999997,270.0774831368986,,,,PENDING_AT_END
270.2,270.3257596205049,,,,PENDING_AT_END
270.54999999999995,270.6352236796257,,,,PENDING_AT_END
270.9,271.0121466102745,,,,PENDING_AT_END
271.25,271.30857859280354,,,,PENDING_AT_END
271.59999999999997,271.6771077846726,,,,PENDING_AT_END
271.95,272.23344637141923,,,,PENDING_AT_END
272.29999999999995,272.53984119864936,,,,PENDING_AT_END
272.65,273.01385573995617,,,,PENDING_AT_END
273.0,273.03184920626916,,,,PENDING_AT_END
273.34999999999997,273.69655566808007,,,,PENDING_AT_END
273.7,273.7181652671473,,,,PENDING_AT_END
274.04999999999995,274.22980687371705,,,,PENDING_AT_END
274.4,274.4695674198538,,,,PENDING_AT_END
274.75,274.77676585823156,,,,PENDING_AT_END
275.09999999999997,275.20873949346645,,,,PENDING_AT_END
275.45,275.6365925999765,,,,PENDING_AT_END
275.79999999999995,275.93230106958686,,,,PENDING_AT_END
276.15,276.28627767416185,,,,PENDING_AT_END
276.5,276.6555830895105,,,,PENDING_AT_END
276.84999999999997,276.98790649065126,,,,PENDING_AT_END
277.2,277.5246958430129,,,,PENDING_AT_END
277.54999999999995,277.6472526230822,,,,PENDING_AT_END
277.9,278.05722521423365,,,,PENDING_AT_END
278.25,278.6065396405604,,,,PENDING_AT_END
278.59999999999997,278.8583029572582,,,,PENDING_AT_END
278.95,279.1602372820036,,,,PENDING_AT_END
279.29999999999995,279.54721495486876,,,,PENDING_AT_END
279.65,279.8603696548637,,,,PENDING_AT_END
280.0,280.07494180961066,,,,PENDING_AT_END
280.34999999999997,280.3989417410906,,,,PENDING_AT_END
280.7,280.8554621353863,,,,PENDING_AT_END
281.04999999999995,281.1415360099895,,,,PENDING_AT_END
281.4,281.6698360514325,,,,PENDING_AT_END
281.75,282.08323222194554,,,,PENDING_AT_END
282.09999999999997,282.1611534919933,,,,PENDING_AT_END
282.45,282.65573212802843,,,,PENDING_AT_END
282.79999999999995,283.0076721079712,,,,PENDING_AT_END
283.15,283.3437914398155,,,,PENDING_AT_END
283.5,283.8456972550515,,,,PENDING_AT_END
283.84999999999997,283.96681548932617,,,,PENDING_AT_END
284.2,284.4581082791822,,,,PENDING_AT_END
284.54999999999995,284.5854888706723,,,,PENDING_AT_END
284.9,285.08946929627507,,,,PENDING_AT_END
285.25,285.4087529516763,,,,PENDING_AT_END
285.59999999999997,285.780848908475,,,,PENDING_AT_END
285.95,286.22821679464397,,,,PENDING_AT_END
286.29999999999995,286.63299332400743,,,,PENDING_AT_END
286.65,286.9418711811147,,,,PENDING_AT_END
287.0,287.37764706386747,,,,PENDING_AT_END
287.34999999999997,287.6987773172555,,,,PENDING_AT_END
287.7,287.7363585348532,,,,PENDING_AT_END
288.04999999999995,288.34937667519023,,,,PENDING_AT_END
288.4,288.6771113011539,,,,PENDING_AT_END
288.75,288.847018532275,,,,PENDING_AT_END
289.09999999999997,289.222771863858,,,,PENDING_AT_END
289.45,289.582840018334,,,,PENDING_AT_END
289.79999999999995,289.9605977100117,,,,PENDING_AT_END
290.15,290.4218998466613,,,,PENDING_AT_END
290.5,290.81341887500616,,,,PENDING_AT_END
290.84999999999997,290.94065435272836,,,,PENDING_AT_END
291.2,291.4969677976737,,,,PENDING_AT_END
291.54999999999995,291.83100288493165,,,,PENDING_AT_END
291.9,292.01154186220424,,,,PENDING_AT_END
292.25,292.53423479682885,,,,PENDING_AT_END
292.59999999999997,292.8276093404657,,,,PENDING_AT_END
292.95,293.18195434629007,,,,PENDING_AT_END
293.29999999999995,293.6248665087894,,,,PENDING_AT_END
293.65,293.84174506797183,,,,PENDING_AT_END
294.0,294.2933795590426,,,,PENDING_AT_END
294.34999999999997,294.5206765774229,,,,PENDING_AT_END
294.7,294.9709467525086,,,,PENDING_AT_END
295.04999999999995,295.3731998575812,,,,PENDING_AT_END
295.4,295.7316766437667,,,,PENDING_AT_END
295.75,295.78703196037,,,,PENDING_AT_END
296.09999999999997,296.2479970754783,,,,PENDING_AT_END
296.45,296.5342805021846,,,,PENDING_AT_END
296.79999999999995,297.19589808617764,,,,PENDING_AT_END
297.15,297.4136920568528,,,,PENDING_AT_END
297.5,297.6496045848994,,,,PENDING_AT_END
297.84999999999997,297.9175922743247,,,,PENDING_AT_END
298.2,298.2410448606867,,,,PENDING_AT_END
298.54999999999995,298.7817794993266,,,,PENDING_AT_END
298.9,298.95693372861433,,,,PENDING_AT_END
299.25,299.6314687363879,,,,PENDING_AT_END
299.59999999999997,299.7495234218656,,,,PENDING_AT_END
299.95,300.1046283914529,,,,PENDING_AT_END
300.29999999999995,300.55596133206336,,,,PENDING_AT_END
300.65,300.95062426631034,,,,PENDING_AT_END
301.0,301.1516114970576,,,,PENDING_AT_END
301.34999999999997,301.57416380375815,,,,PENDING_AT_END
301.7,302.0982681851323,,,,PENDING_AT_END
302.04999999999995,302.0727599345844,,,,PENDING_AT_END
302.4,302.60336204155385,,,,PENDING_AT_END
302.75,302.9993407849647,,,,PENDING_AT_END
303.09999999999997,303.3826575103565,,,,PENDING_AT_END
303.45,303.63499580179047,,,,PENDING_AT_END
303.79999999999995,304.11433265393885,,,,PENDING_AT_END
304.15,304.1571452928847,,,,PENDING_AT_END
304.5,304.51679886174963,,,,PENDING_AT_END
304.84999999999997,305.1898667034754,,,,PENDING_AT_END
305.2,305.4359720369884,,,,PENDING_AT_END
305.54999999999995,305.8795967486949,,,,PENDING_AT_END
305.9,305.939754442525,,,,PENDING_AT_END
306.25,306.27117687539055,,,,PENDING_AT_END
306.59999999999997,306.8768777449149,,,,PENDING_AT_END
306.95,307.060550170839,,,,PENDING_AT_END
307.29999999999995,307.6986286977301,,,,PENDING_AT_END
307.65,307.84467556253276,,,,PENDING_AT_END
308.0,308.16851406720434,,,,PENDING_AT_END
308.34999999999997,308.66530982497767,,,,PENDING_AT_END
308.7,308.7075325177672,,,,PENDING_AT_END
309.04999999999995,309.1106565938321,,,,PENDING_AT_END
309.4,309.79659045823155,,,,PENDING_AT_END
309.75,310.08150502426247,,,,PENDING_AT_END
310.09999999999997,310.49773806335764,,,,PENDING_AT_END
310.45,310.6590347757138,,,,PENDING_AT_END
310.79999999999995,311.13394879425016,,,,PENDING_AT_END
311.15,311.16143941026417,,,,PENDING_AT_END
311.5,311.67230903088284,,,,PENDING_AT_END
311.84999999999997,311.9176654805481,,,,PENDING_AT_END
312.2,312.3507901600639,,,,PENDING_AT_END
312.54999999999995,312.7148960340437,,,,PENDING_AT_END
312.9,313.1255679462606,,,,PENDING_AT_END
313.25,313.4906638394143,,,,PENDING_AT_END
313.59999999999997,313.6103392355047,,,,PENDING_AT_END
313.95,314.26635417712106,,,,PENDING_AT_END
314.29999999999995,314.52803942763205,,,,PENDING_AT_END
314.65,314.863712393543,,,,PENDING_AT_END
315.0,315.0580681324418,,,,PENDING_AT_END
315.34999999999997,315.6573748644336,,,,PENDING_AT_END
315.7,315.703608239243,,,,PENDING_AT_END
316.04999999999995,316.26004185471413,,,,PENDING_AT_END
316.4,316.5177739955117,,,,PENDING_AT_END
316.75,316.7797714614553,,,,PENDING_AT_END
317.09999999999997,317.37373740446236,,,,PENDING_AT_END
317.45,317.74775285461664,,,,PENDING_AT_END
317.79999999999995,317.81689056842606,,,,PENDING_AT_END
318.15,318.5051313622838,,,,PENDING_AT_END
318.5,318.7594404879137,,,,PENDING_AT_END
318.84999999999997,318.92996803746456,,,,PENDING_AT_END
319.2,319.5717301152144,,,,PENDING_AT_END
319.54999999999995,319.62042419397903,,,,PENDING_AT_END
319.9,320.27329334088995,,,,PENDING_AT_END
320.25,320.4903004623345,,,,PENDING_AT_END
320.59999999999997,320.8962452661909,,,,PENDING_AT_END
320.95,321.0456218463382,,,,PENDING_AT_END
321.29999999999995,321.42085142872224,,,,PENDING_AT_END
321.65,321.8245426946379,,,,PENDING_AT_END
322.0,322.3897135930541,,,,PENDING_AT_END
322.34999999999997,322.4069063170303,,,,PENDING_AT_END
322.7,322.70792584709915,,,,PENDING_AT_END
323.04999999999995,323.35020298480856,,,,PENDING_AT_END
323.4,323.4200368487974,,,,PENDING_AT_END
323.75,323.8537417046475,,,,PENDING_AT_END
324.09999999999997,324.1539168883649,,,,PENDING_AT_END
324.45,324.5894636046434,,,,PENDING_AT_END
324.79999999999995,325.1885797413179,,,,PENDING_AT_END
325.15,325.2163997263398,,,,PENDING_AT_END
325.5,325.60936475667893,,,,PENDING_AT_END
325.84999999999997,326.0484228345503,,,,PENDING_AT_END
326.2,326.3833416593748,,,,PENDING_AT_END
326.54999999999995,326.93067634281203,,,,PENDING_AT_END
326.9,327.0758499467572,,,,PENDING_AT_END
327.25,327.58799617596924,,,,PENDING_AT_END
327.59999999999997,327.6811955965182,,,,PENDING_AT_END
327.95,328.2504670046322,,,,PENDING_AT_END
328.29999999999995,328.5442557761014,,,,PENDING_AT_END
328.65,329.02252561526007,,,,PENDING_AT_END
329.0,329.13530430883156,,,,PENDING_AT_END
329.34999999999997,329.3685141389364,,,,PENDING_AT_END
329.7,330.05090284410056,,,,PENDING_AT_END
330.04999999999995,330.24140979992296,,,,PENDING_AT_END
330.4,330.6673499381252,,,,PENDING_AT_END
330.75,331.0664338606125,,,,PENDING_AT_END
331.09999999999997,331.4259622348995,,,,PENDING_AT_END
331.45,331.5120338406105,,,,PENDING_AT_END
331.79999999999995,332.1175011804462,,,,PENDING_AT_END
332.15,332.36419828572,,,,PENDING_AT_END
332.5,332.5294825752326,,,,PENDING_AT_END
332.84999999999997,333.06575218145343,,,,PENDING_AT_END
333.2,333.2392702865747,,,,PENDING_AT_END
333.54999999999995,333.92322757022873,,,,PENDING_AT_END
333.9,333.96207751499594,,,,PENDING_AT_END
334.25,334.49976014488914,,,,PENDING_AT_END
334.59999999999997,334.9228332593089,,,,PENDING_AT_END
334.95,335.2808442966163,,,,PENDING_AT_END
335.29999999999995,335.36912143954953,,,,PENDING_AT_END
335.65,336.0304418779193,,,,PENDING_AT_END
336.0,336.22248185608964,,,,PENDING_AT_END
336.34999999999997,336.6409199278698,,,,PENDING_AT_END
336.7,337.02842698441526,,,,PENDING_AT_END
337.04999999999995,337.1049890422903,,,,PENDING_AT_END
337.4,337.6846793011306,,,,PENDING_AT_END
337.75,338.07097062931393,,,,PENDING_AT_END
338.09999999999997,338.1641026015024,,,,PENDING_AT_END
338.45,338.4517043300768,,,,PENDING_AT_END
338.79999999999995,339.0588031041974,,,,PENDING_AT_END
339.15,339.33788985455703,,,,PENDING_AT_END
339.5,339.65791335762606,,,,PENDING_AT_END
339.84999999999997,340.05008522585746,,,,PENDING_AT_END
340.2,340.24911528297156,,,,PENDING_AT_END
340.54999999999995,340.7118116014427,,,,PENDING_AT_END
340.9,341.23379353439816,,,,PENDING_AT_END
341.25,341.3527425609384,,,,PENDING_AT_END
341.59999999999997,341.90654086297167,,,,PENDING_AT_END
341.95,342.0999050845715,,,,PENDING_AT_END
342.29999999999995,342.5663729062984,,,,PENDING_AT_END
342.65,342.8555931472421,,,,PENDING_AT_END
343.0,343.29759794386257,,,,PENDING_AT_END
343.34999999999997,343.4617258611751,,,,PENDING_AT_END
343.7,343.72378355084703,,,,PENDING_AT_END
344.04999999999995,344.2990886960431,,,,PENDING_AT_END
344.4,344.7867520933469,,,,PENDING_AT_END
344.75,344.93306922132706,,,,PENDING_AT_END
345.09999999999997,345.4659246802136,,,,PENDING_AT_END
345.45,345.5526185187346,,,,PENDING_AT_END
345.79999999999995,346.0306685774135,,,,PENDING_AT_END
346.15,346.51828224879216,,,,PENDING_AT_END
346.5,346.7254446211141,,,,PENDING_AT_END
346.84999999999997,347.2475410578805,,,,PENDING_AT_END
347.2,347.243152950912,,,,PENDING_AT_END
347.54999999999995,347.89521751989764,,,,PENDING_AT_END
347.9,348.26174033301675,,,,PENDING_AT_END
348.25,348.46593473685675,,,,PENDING_AT_END
348.59999999999997,348.8090676400528,,,,PENDING_AT_END
348.95,349.2198340445323,,,,PENDING_AT_END
349.29999999999995,349.3891783846633,,,,PENDING_AT_END
349.65,350.0028182973821,,,,PENDING_AT_END
350.0,350.04322415112415,,,,PENDING_AT_END
350.34999999999997,350.35588482788916,,,,PENDING_AT_END
350.7,350.89138422527554,,,,PENDING_AT_END
351.04999999999995,351.1418706856101,,,,PENDING_AT_END
351.4,351.41582332959683,,,,PENDING_AT_END
351.75,351.7973181518138,,,,PENDING_AT_END
352.09999999999997,352.223766751858,,,,PENDING_AT_END
352.45,352.60251539024733,,,,PENDING_AT_END
352.79999999999995,352.80346749678404,,,,PENDING_AT_END
353.15,353.3371810451513,,,,PENDING_AT_END
353.5,353.5818188322081,,,,PENDING_AT_END
353.84999999999997,354.1141046585648,,,,PENDING_AT_END
354.2,354.5427448497216,,,,PENDING_AT_END
354.54999999999995,354.6764669316618,,,,PENDING_AT_END
354.9,355.0293313013492,,,,PENDING_AT_END
355.25,355.6077370329165,,,,PENDING_AT_END
355.59999999999997,355.886069976633,,,,PENDING_AT_END
355.95,356.1503643296988,,,,PENDING_AT_END
356.29999999999995,356.3716055425921,,,,PENDING_AT_END
356.65,356.75239738766834,,,,PENDING_AT_END
357.0,357.04275455816844,,,,PENDING_AT_END
357.34999999999997,357.5412588188353,,,,PENDING_AT_END
357.7,357.94078566476895,,,,PENDING_AT_END
358.04999999999995,358.192403562986,,,,PENDING_AT_END
358.4,358.7240038885303,,,,PENDING_AT_END
358.75,358.79853091619407,,,,PENDING_AT_END
359.09999999999997,359.31396132344645,,,,PENDING_AT_END
359.45,359.8002557373948,,,,PENDING_AT_END
359.79999999999995,360.151962828695,,,,PENDING_AT_END
360.15,360.28389458346214,,,,PENDING_AT_END
360.5,360.8277034990401,,,,PENDING_AT_END
360.84999999999997,361.2247600972143,,,,PENDING_AT_END
361.2,361.21552270908575,,,,PENDING_AT_END
361.54999999999995,361.8370284356715,,,,PENDING_AT_END
361.9,362.23995390202356,,,,PENDING_AT_END
362.25,362.357214678363,,,,PENDING_AT_END
362.59999999999997,362.9026229380523,,,,PENDING_AT_END
362.95,363.230083398257,,,,PENDING_AT_END
363.29999999999995,363.4605962633858,,,,PENDING_AT_END
363.65,364.02222141173036,,,,PENDING_AT_END
364.0,364.3720477574984,,,,PENDING_AT_END
364.34999999999997,364.70996538772357,,,,PENDING_AT_END
364.7,364.94408384952686,,,,PENDING_AT_END
365.04999999999995,365.3100678357051,,,,PENDING_AT_END
365.4,365.75662143488466,,,,PENDING_AT_END
365.75,366.0485539633331,,,,PENDING_AT_END
366.09999999999997,366.2926188096199,,,,PENDING_AT_END
366.45,366.4555346108281,,,,PENDING_AT_END
366.79999999999995,366.8274985764356,,,,PENDING_AT_END
367.15,367.3418629173683,,,,PENDING_AT_END
367.5,367.68939985064594,,,,PENDING_AT_END
367.84999999999997,367.87037459266656,,,,PENDING_AT_END
368.2,368.366603299863,,,,PENDING_AT_END
368.54999999999995,368.74446621119125,,,,PENDING_AT_END
368.9,369.2174754898108,,,,PENDING_AT_END
369.25,369.28921002375785,,,,PENDING_AT_END
369.59999999999997,369.7881044344686,,,,PENDING_AT_END
369.95,370.1475469443896,,,,PENDING_AT_END
370.29999999999995,370.693572240515,,,,PENDING_AT_END
370.65,370.70892783379577,,,,PENDING_AT_END
371.0,371.1416890815558,,,,PENDING_AT_END
371.34999999999997,371.7142125726194,,,,PENDING_AT_END
371.7,371.7355012656288,,,,PENDING_AT_END
372.04999999999995,372.07110611932364,,,,PENDING_AT_END
372.4,372.6280756923712,,,,PENDING_AT_END
372.75,373.0953456947143,,,,PENDING_AT_END
373.09999999999997,373.4775632303113,,,,PENDING_AT_END
373.45,373.60493044668675,,,,PENDING_AT_END
373.79999999999995,373.9774426008079,,,,PENDING_AT_END
374.15,374.30166882428136,,,,PENDING_AT_END
374.5,374.6099219761876,,,,PENDING_AT_END
374.84999999999997,375.1703987191965,,,,PENDING_AT_END
375.2,375.50715218455497,,,,PENDING_AT_END
375.54999999999995,375.6450563447331,,,,PENDING_AT_END
375.9,375.94029457004115,,,,PENDING_AT_END
376.25,376.3963084953439,,,,PENDING_AT_END
376.59999999999997,376.7418330600355,,,,PENDING_AT_END
376.95,377.12933774223444,,,,PENDING_AT_END
377.29999999999995,377.47310364828854,,,,PENDING_AT_END
377.65,378.0100071979973,,,,PENDING_AT_END
378.0,378.0625544610589,,,,PENDING_AT_END
378.34999999999997,378.36804999442467,,,,PENDING_AT_END
378.7,378.7409988003638,,,,PENDING_AT_END
379.04999999999995,379.22132719798867,,,,PENDING_AT_END
379.4,379.4068798741167,,,,PENDING_AT_END
379.75,380.1398886544546,,,,PENDING_AT_END
380.09999999999997,380.2489145517739,,,,PENDING_AT_END
380.45,380.83368497444866,,,,PENDING_AT_END
380.79999999999995,381.04002704183927,,,,PENDING_AT_END
381.15,381.4946411742893,,,,PENDING_AT_END
381.5,381.84567796228725,,,,PENDING_AT_END
381.84999999999997,381.88797309044656,,,,PENDING_AT_END
382.2,382.2618671258368,,,,PENDING_AT_END
382.54999999999995,382.88040304477215,,,,PENDING_AT_END
382.9,383.1000956818508,,,,PENDING_AT_END
383.25,383.5375859699858,,,,PENDING_AT_END
383.59999999999997,383.7048417467295,,,,PENDING_AT_END
383.95,384.1084948547455,,,,PENDING_AT_END
384.29999999999995,384.31587946216507,,,,PENDING_AT_END
384.65,384.75548219142854,,,,PENDING_AT_END
385.0,385.0494597177259,,,,PENDING_AT_END
385.34999999999997,385.6762954443753,,,,PENDING_AT_END
385.7,385.85522938822095,,,,PENDING_AT_END
386.04999999999995,386.29212747602014,,,,PENDING_AT_END
386.4,386.6949797582989,,,,PENDING_AT_END
386.75,386.86814861508583,,,,PENDING_AT_END
387.09999999999997,387.40746078964065,,,,PENDING_AT_END
387.45,387.4839651062636,,,,PENDING_AT_END
387.79999999999995,387.99713662626607,,,,PENDING_AT_END
388.15,388.1949274083046,,,,PENDING_AT_END
388.5,388.8567006750012,,,,PENDING_AT_END
388.84999999999997,388.94774779393157,,,,PENDING_AT_END
389.2,389.5875231904052,,,,PENDING_AT_END
389.54999999999995,389.604613277103,,,,PENDING_AT_END
389.9,390.294572980539,,,,PENDING_AT_END
390.25,390.3715946068728,,,,PENDING_AT_END
390.59999999999997,390.97417882455346,,,,PENDING_AT_END
390.95,391.0093845958365,,,,PENDING_AT_END
391.29999999999995,391.5470271263922,,,,PENDING_AT_END
391.65,391.9476335231777,,,,PENDING_AT_END
392.0,392.0065241517724,,,,PENDING_AT_END
392.34999999999997,392.64935196845687,,,,PENDING_AT_END
392.7,392.9775768288311,,,,PENDING_AT_END
393.04999999999995,393.19072593637543,,,,PENDING_AT_END
393.4,393.4824304086703,,,,PENDING_AT_END
393.75,394.08365058381855,,,,PENDING_AT_END
394.09999999999997,394.2348967607149,,,,PENDING_AT_END
394.45,394.7100638001479,,,,PENDING_AT_END
394.79999999999995,394.8281245831529,,,,PENDING_AT_END
395.15,395.44627655672946,,,,PENDING_AT_END
395.5,395.62812661618545,,,,PENDING_AT_END
395.84999999999997,395.9317209851619,,,,PENDING_AT_END
396.2,396.47822654826365,,,,PENDING_AT_END
396.54999999999995,396.6695072410906,,,,PENDING_AT_END
396.9,397.23440174237317,,,,PENDING_AT_END
397.25,397.51106741128444,,,,PENDING_AT_END
397.59999999999997,397.7120422856561,,,,PENDING_AT_END
397.95,398.22233628215344,,,,PENDING_AT_END
398.29999999999995,398.696559530856,,,,PENDING_AT_END
398.65,398.70385609952484,,,,PENDING_AT_END
399.0,399.1804312573439,,,,PENDING_AT_END
399.34999999999997,399.491268090141,,,,PENDING_AT_END
399.7,399.7134784368639,,,,PENDING_AT_END
400.04999999999995,400.10517366531417,,,,PENDING_AT_END
400.4,400.63076583346674,,,,PENDING_AT_END
400.75,400.80362392184384,,,,PENDING_AT_END
401.09999999999997,401.49015913994236,,,,PENDING_AT_END
401.45,401.5527044552643,,,,PENDING_AT_END
401.79999999999995,401.98686282452115,,,,PENDING_AT_END
402.15,402.1537789704837,,,,PENDING_AT_END
402.5,402.54081637561353,,,,PENDING_AT_END
402.84999999999997,402.97147887575437,,,,PENDING_AT_END
403.2,403.55929298526854,,,,PENDING_AT_END
403.54999999999995,403.85524085719703,,,,PENDING_AT_END
403.9,404.2319581337458,,,,PENDING_AT_END
404.25,404.5762296512354,,,,PENDING_AT_END
404.59999999999997,404.9167207632648,,,,PENDING_AT_END
404.95,405.3361550889379,,,,PENDING_AT_END
405.29999999999995,405.30975086441094,,,,PENDING_AT_END
405.65,405.65414151991536,,,,PENDING_AT_END
406.0,406.2378127256661,,,,PENDING_AT_END
406.34999999999997,406.6479695047156,,,,PENDING_AT_END
406.7,406.83596956020705,,,,PENDING_AT_END
407.04999999999995,407.41653732985185,,,,PENDING_AT_END
407.4,407.50412837501415,,,,PENDING_AT_END
407.75,407.97750584935363,,,,PENDING_AT_END
408.09999999999997,408.28276727264466,,,,PENDING_AT_END
408.45,408.5208946790934,,,,PENDING_AT_END
408.79999999999995,409.1136363472468,,,,PENDING_AT_END
409.15,409.4936708157737,,,,PENDING_AT_END
409.5,409.8442408013565,,,,PENDING_AT_END
409.84999999999997,410.15706167475724,,,,PENDING_AT_END
410.2,410.24927505464115,,,,PENDING_AT_END
410.54999999999995,410.8926349160656,,,,PENDING_AT_END
410.9,411.21423338770387,,,,PENDING_AT_END
411.25,411.3784980450604,,,,PENDING_AT_END
411.59999999999997,411.6233391285686,,,,PENDING_AT_END
411.95,412.2441317605954,,,,PENDING_AT_END
412.29999999999995,412.3150101371366,,,,PENDING_AT_END
412.65,412.9858938272307,,,,PENDING_AT_END
413.0,413.29849029660795,,,,PENDING_AT_END
413.34999999999997,413.7152926587916,,,,PENDING_AT_END
413.7,413.7247986270641,,,,PENDING_AT_END
414.04999999999995,414.4225968387401,,,,PENDING_AT_END
414.4,414.65187008926216,,,,PENDING_AT_END
414.75,414.9230188927962,,,,PENDING_AT_END
415.09999999999997,415.27184223081605,,,,PENDING_AT_END
415.45,415.4592090852662,,,,PENDING_AT_END
415.79999999999995,415.8618545811976,,,,PENDING_AT_END
416.15,416.25946045168007,,,,PENDING_AT_END
416.5,416.8171690627248,,,,PENDING_AT_END
416.84999999999997,417.19434888079996,,,,PENDING_AT_END
417.2,417.3499340010365,,,,PENDING_AT_END
417.54999999999995,417.7534401625611,,,,PENDING_AT_END
417.9,418.05605951069197,,,,PENDING_AT_END
418.25,418.3624194670532,,,,PENDING_AT_END
418.59999999999997,418.606391179682,,,,PENDING_AT_END
418.95,419.01278183405094,,,,PENDING_AT_END
419.29999999999995,419.615002443339,,,,PENDING_AT_END
419.65,419.6900492606122,,,,PENDING_AT_END
420.0,420.2928490903913,,,,PENDING_AT_END
420.34999999999997,420.6632725711699,,,,PENDING_AT_END
420.7,421.09243017982493,,,,PENDING_AT_END
421.04999999999995,421.32406808961366,,,,PENDING_AT_END
421.4,421.763983242986,,,,PENDING_AT_END
421.75,421.97421293079674,,,,PENDING_AT_END
422.09999999999997,422.4066971697859,,,,PENDING_AT_END
422.45,422.52021654609285,,,,PENDING_AT_END
422.79999999999995,422.96683709109755,,,,PENDING_AT_END
423.15,423.4348004352179,,,,PENDING_AT_END
423.5,423.6456892978772,,,,PENDING_AT_END
423.84999999999997,423.9119621751228,,,,PENDING_AT_END
424.2,424.34234708210676,,,,PENDING_AT_END
424.54999999999995,424.86858361142254,,,,PENDING_AT_END
424.9,424.95459778058773,,,,PENDING_AT_END
425.25,425.4079705338237,,,,PENDING_AT_END
425.59999999999997,425.9981107649509,,,,PENDING_AT_END
425.95,426.2386233000289,,,,PENDING_AT_END
426.29999999999995,426.6196887613065,,,,PENDING_AT_END
426.65,427.03220839622077,,,,PENDING_AT_END
427.0,427.0890549213816,,,,PENDING_AT_END
427.34999999999997,427.4711580641659,,,,PENDING_AT_END
427.7,427.73732804633863,,,,PENDING_AT_END
428.04999999999995,428.2113764966708,,,,PENDING_AT_END
428.4,428.7546947403746,,,,PENDING_AT_END
428.75,429.12068949325396,,,,PENDING_AT_END
429.09999999999997,429.36017078212825,,,,PENDING_AT_END
429.45,429.6574598946917,,,,PENDING_AT_END
429.79999999999995,430.03283832944885,,,,PENDING_AT_END
430.15,430.27281445366395,,,,PENDING_AT_END
430.5,430.5867586487195,,,,PENDING_AT_END
430.84999999999997,430.99472435606225,,,,PENDING_AT_END
431.2,431.2544499326561,,,,PENDING_AT_END
431.54999999999995,431.68199072005575,,,,PENDING_AT_END
431.9,432.1577243647765,,,,PENDING_AT_END
432.25,432.5168325814583,,,,PENDING_AT_END
432.59999999999997,432.61300623955657,,,,PENDING_AT_END
432.95,433.3489161587757,,,,PENDING_AT_END
433.29999999999995,433.45065738439087,,,,PENDING_AT_END
433.65,433.68973511147544,,,,PENDING_AT_END
434.0,434.2829382282656,,,,PENDING_AT_END
434.34999999999997,434.67084732554275,,,,PENDING_AT_END
434.7,434.7513514086966,,,,PENDING_AT_END
435.04999999999995,435.3621348755015,,,,PENDING_AT_END
435.4,435.70474594153234,,,,PENDING_AT_END
435.75,436.10395166708474,,,,PENDING_AT_END
436.09999999999997,436.23762979517954,,,,PENDING_AT_END
436.45,436.7149313614628,,,,PENDING_AT_END
436.79999999999995,437.1345329994905,,,,PENDING_AT_END
437.15,437.3219413067684,,,,PENDING_AT_END
437.5,437.6423908253845,,,,PENDING_AT_END
437.84999999999997,438.1875008465052,,,,PENDING_AT_END
438.2,438.36496065907903,,,,PENDING_AT_END
438.54999999999995,438.9430982458259,,,,PENDING_AT_END
438.9,439.10342109597514,,,,PENDING_AT_END
439.25,439.51137484259016,,,,PENDING_AT_END
439.59999999999997,439.8323386762734,,,,PENDING_AT_END
439.95,440.03370246180697,,,,PENDING_AT_END
440.29999999999995,440.35563946651996,,,,PENDING_AT_END
440.65,440.9696127138827,,,,PENDING_AT_END
441.0,441.3192570883365,,,,PENDING_AT_END
441.34999999999997,441.73517555442146,,,,PENDING_AT_END
441.7,441.8490235857517,,,,PENDING_AT_END
442.04999999999995,442.4435236952743,,,,PENDING_AT_END
442.4,442.4039212071905,,,,PENDING_AT_END
442.75,442.8039098250564,,,,PENDING_AT_END
443.09999999999997,443.35083269129706,,,,PENDING_AT_END
443.45,443.4946970552248,,,,PENDING_AT_END
443.79999999999995,443.9572891640763,,,,PENDING_AT_END
444.15,444.34508266825947,,,,PENDING_AT_END
444.5,444.59747470441107,,,,PENDING_AT_END
444.84999999999997,445.2259694125764,,,,PENDING_AT_END
445.2,445.31661712997396,,,,PENDING_AT_END
445.54999999999995,445.70534412402515,,,,PENDING_AT_END
445.9,446.09678586378493,,,,PENDING_AT_END
446.25,446.6169169134058,,,,PENDING_AT_END
446.59999999999997,446.63287194473247,,,,PENDING_AT_END
446.95,447.33052403516155,,,,PENDING_AT_END
447.29999999999995,447.46850478513704,,,,PENDING_AT_END
447.65,448.0315670019403,,,,PENDING_AT_END
448.0,448.060849739045,,,,PENDING_AT_END
448.34999999999997,448.36274244446867,,,,PENDING_AT_END
448.7,448.9131016288556,,,,PENDING_AT_END
449.04999999999995,449.0791712479378,,,,PENDING_AT_END
449.4,449.43430417237664,,,,PENDING_AT_END
449.74999999999994,449.79740135766036,,,,PENDING_AT_END
450.09999999999997,450.1355307738956,,,,PENDING_AT_END
450.45,450.49667686155334,,,,PENDING_AT_END
450.79999999999995,451.1647643076461,,,,PENDING_AT_END
451.15,451.2598632320679,,,,PENDING_AT_END
451.49999999999994,451.6224752865083,,,,PENDING_AT_END
451.84999999999997,452.1955831197569,,,,PENDING_AT_END
452.2,452.2552510315472,,,,PENDING_AT_END
452.54999999999995,452.7605529651581,,,,PENDING_AT_END
452.9,453.21288371661944,,,,PENDING_AT_END
453.24999999999994,453.2978903056368,,,,PENDING_AT_END
453.59999999999997,453.9827061793247,,,,PENDING_AT_END
453.95,453.9659372207041,,,,PENDING_AT_END
454.29999999999995,454.6432611209432,,,,PENDING_AT_END
454.65,454.7493773239221,,,,PENDING_AT_END
454.99999999999994,455.09168678500333,,,,PENDING_AT_END
455.34999999999997,455.58824366846676,,,,PENDING_AT_END
455.7,455.9454559502871,,,,PENDING_AT_END
456.04999999999995,456.3922992443187,,,,PENDING_AT_END
456.4,456.4193463983721,,,,PENDING_AT_END
456.74999999999994,456.81817940161244,,,,PENDING_AT_END
457.09999999999997,457.35982897125285,,,,PENDING_AT_END
457.45,457.64176055138756,,,,PENDING_AT_END
457.79999999999995,457.9653923385225,,,,PENDING_AT_END
458.15,458.17429640634805,,,,PENDING_AT_END
458.49999999999994,458.5843663521469,,,,PENDING_AT_END
458.84999999999997,459.21533439980163,,,,PENDING_AT_END
459.2,459.29812487269857,,,,PENDING_AT_END
459.54999999999995,459.5858857671748,,,,PENDING_AT_END
459.9,460.08223512571817,,,,PENDING_AT_END
460.24999999999994,460.550848822653,,,,PENDING_AT_END
460.59999999999997,460.70989485486376,,,,PENDING_AT_END
460.95,461.2454010250206,,,,PENDING_AT_END
461.29999999999995,461.33380360286037,,,,PENDING_AT_END
461.65,461.74126312217766,,,,PENDING_AT_END
461.99999999999994,462.3280674135953,,,,PENDING_AT_END
462.34999999999997,462.50102305970853,,,,PENDING_AT_END
462.7,462.7210792026189,,,,PENDING_AT_END
463.04999999999995,463.4281639180182,,,,PENDING_AT_END
463.4,463.552292105584,,,,PENDING_AT_END
463.74999999999994,463.94461968085426,,,,PENDING_AT_END
464.09999999999997,464.381837283489,,,,PENDING_AT_END
464.45,464.49989725710924,,,,PENDING_AT_END
464.79999999999995,464.82771911689065,,,,PENDING_AT_END
465.15,465.1818877466085,,,,PENDING_AT_END
465.49999999999994,465.8597865170272,,,,PENDING_AT_END
465.84999999999997,466.0392239881549,,,,PENDING_AT_END
466.2,466.2857392547027,,,,PENDING_AT_END
466.54999999999995,466.94740293957443,,,,PENDING_AT_END
466.9,467.0329591418082,,,,PENDING_AT_END
467.24999999999994,467.422265987815,,,,PENDING_AT_END
467.59999999999997,467.68978736326295,,,,PENDING_AT_END
467.95,468.03900907281974,,,,PENDING_AT_END
468.29999999999995,468.48097364229375,,,,PENDING_AT_END
468.65,468.7063556780024,,,,PENDING_AT_END
468.99999999999994,469.299462660611,,,,PENDING_AT_END
469.34999999999997,469.48225131252553,,,,PENDING_AT_END
469.7,470.06298780921867,,,,PENDING_AT_END
470.04999999999995,470.1198981100905,,,,PENDING_AT_END
470.4,470.6625927966704,,,,PENDING_AT_END
470.74999999999994,470.9209497375885,,,,PENDING_AT_END
471.09999999999997,471.24151837494577,,,,PENDING_AT_END
471.45,471.45248617888655,,,,PENDING_AT_END
471.79999999999995,472.15178991250764,,,,PENDING_AT_END
472.15,472.1832288502263,,,,PENDING_AT_END
472.49999999999994,472.62980891489923,,,,PENDING_AT_END
472.84999999999997,472.8546446896241,,,,PENDING_AT_END
473.2,473.212539529351,,,,PENDING_AT_END
473.54999999999995,473.5510864375859,,,,PENDING_AT_END
473.9,474.1983636811117,,,,PENDING_AT_END
474.24999999999994,474.4149656338756,,,,PENDING_AT_END
474.59999999999997,474.66180061115955,,,,PENDING_AT_END
474.95,475.26751312923983,,,,PENDING_AT_END
475.29999999999995,475.3065898652193,,,,PENDING_AT_END
475.65,475.8357426172324,,,,PENDING_AT_END
475.99999999999994,476.0566324785322,,,,PENDING_AT_END
476.34999999999997,476.4194204784538,,,,PENDING_AT_END
476.7,476.989562249991,,,,PENDING_AT_END
477.04999999999995,477.1007595649006,,,,PENDING_AT_END
477.4,477.6948997736731,,,,PENDING_AT_END
477.74999999999994,478.1495992487847,,,,PENDING_AT_END
478.09999999999997,478.1039433895799,,,,PENDING_AT_END
478.45,478.6975751499488,,,,PENDING_AT_END
478.79999999999995,479.0552333476584,,,,PENDING_AT_END
479.15,479.2032715954832,,,,PENDING_AT_END
479.49999999999994,479.68487038256893,,,,PENDING_AT_END
479.84999999999997,479.95165120985274,,,,PENDING_AT_END
480.2,480.46530238444774,,,,PENDING_AT_END
480.54999999999995,480.74337398510283,,,,PENDING_AT_END
480.9,481.1811416872273,,,,PENDING_AT_END
481.24999999999994,481.34396711110645,,,,PENDING_AT_END
481.59999999999997,481.7496382195532,,,,PENDING_AT_END
481.95,482.0603106831822,,,,PENDING_AT_END
482.29999999999995,482.6387726809937,,,,PENDING_AT_END
482.65,483.007967228903,,,,PENDING_AT_END
482.99999999999994,483.2358336596041,,,,PENDING_AT_END
483.34999999999997,483.6794611412758,,,,PENDING_AT_END
483.7,483.9330984607348,,,,PENDING_AT_END
484.04999999999995,484.15021465223174,,,,PENDING_AT_END
484.4,484.40032049683975,,,,PENDING_AT_END
484.74999999999994,484.97459038174253,,,,PENDING_AT_END
485.09999999999997,485.43157710198903,,,,PENDING_AT_END
485.45,485.6368656404273,,,,PENDING_AT_END
485.79999999999995,486.0544403214326,,,,PENDING_AT_END
486.15,486.41408739519864,,,,PENDING_AT_END
486.49999999999994,486.6696933258175,,,,PENDING_AT_END
486.84999999999997,487.0708638744447,,,,PENDING_AT_END
487.2,487.5944997066251,,,,PENDING_AT_END
487.54999999999995,487.68908437786865,,,,PENDING_AT_END
487.9,488.27244238384685,,,,PENDING_AT_END
488.24999999999994,488.25781574419403,,,,PENDING_AT_END
488.59999999999997,488.95166698450015,,,,PENDING_AT_END
488.95,489.06867737918725,,,,PENDING_AT_END
489.29999999999995,489.40560604591394,,,,PENDING_AT_END
489.65,489.6663573536481,,,,PENDING_AT_END
489.99999999999994,490.0088228495587,,,,PENDING_AT_END
490.34999999999997,490.4601684158492,,,,PENDING_AT_END
490.7,490.766731473809,,,,PENDING_AT_END
491.04999999999995,491.10680822467623,,,,PENDING_AT_END
491.4,491.5349962994858,,,,PENDING_AT_END
491.74999999999994,491.89877690008046,,,,PENDING_AT_END
492.09999999999997,492.1964347046971,,,,PENDING_AT_END
492.45,492.58304440331034,,,,PENDING_AT_END
492.79999999999995,493.1545994885614,,,,PENDING_AT_END
493.15,493.2504743254492,,,,PENDING_AT_END
493.49999999999994,493.6326124071806,,,,PENDING_AT_END
493.84999999999997,494.191242943919,,,,PENDING_AT_END
494.2,494.2640520747613,,,,PENDING_AT_END
494.54999999999995,494.79482046033695,,,,PENDING_AT_END
494.9,495.05026028561315,,,,PENDING_AT_END
495.24999999999994,495.3441528696489,,,,PENDING_AT_END
495.59999999999997,495.77534769395965,,,,PENDING_AT_END
495.95,496.1177944241825,,,,PENDING_AT_END
496.29999999999995,496.4183425222076,,,,PENDING_AT_END
496.65,496.7062223961028,,,,PENDING_AT_END
496.99999999999994,497.08869943281076,,,,PENDING_AT_END
497.34999999999997,497.4600457760784,,,,PENDING_AT_END
497.7,497.96875335218493,,,,PENDING_AT_END
498.04999999999995,498.2466261185957,,,,PENDING_AT_END
498.4,498.7046624785414,,,,PENDING_AT_END
498.74999999999994,498.9762877865389,,,,PENDING_AT_END
499.09999999999997,499.14704262947333,,,,PENDING_AT_END
499.45,499.7541310621413,,,,PENDING_AT_END
499.79999999999995,500.0720420899114,,,,PENDING_AT_END
500.15,500.1919349781406,,,,PENDING_AT_END
500.49999999999994,500.79848817809165,,,,PENDING_AT_END
500.84999999999997,500.9690904563635,,,,PENDING_AT_END
501.2,501.2815721920401,,,,PENDING_AT_END
501.54999999999995,501.7878851182551,,,,PENDING_AT_END
501.9,502.161554718208,,,,PENDING_AT_END
502.24999999999994,502.57892746107433,,,,PENDING_AT_END
502.59999999999997,502.9139875193494,,,,PENDING_AT_END
502.95,503.290627480198,,,,PENDING_AT_END
503.29999999999995,503.41394579075836,,,,PENDING_AT_END
503.65,503.7355294453623,,,,PENDING_AT_END
503.99999999999994,504.3243909051585,,,,PENDING_AT_END
504.34999999999997,504.731784220071,,,,PENDING_AT_END
504.7,504.7861431438533,,,,PENDING_AT_END
505.04999999999995,505.2545478717926,,,,PENDING_AT_END
505.4,505.5293081378835,,,,PENDING_AT_END
505.74999999999994,506.0534056940556,,,,PENDING_AT_END
506.09999999999997,506.16036377077984,,,,PENDING_AT_END
506.45,506.52654256830755,,,,PENDING_AT_END
506.79999999999995,506.836996160029,,,,PENDING_AT_END
507.15,507.3276045854003,,,,PENDING_AT_END
507.49999999999994,507.6865985649251,,,,PENDING_AT_END
507.84999999999997,507.9583435566123,,,,PENDING_AT_END
508.2,508.59962799477586,,,,PENDING_AT_END
508.54999999999995,508.77893130699636,,,,PENDING_AT_END
508.9,508.9045908550154,,,,PENDING_AT_END
509.24999999999994,509.5050120102257,,,,PENDING_AT_END
509.59999999999997,509.98179910703976,,,,PENDING_AT_END
509.95,510.3421258832237,,,,PENDING_AT_END
510.29999999999995,510.4635635185134,,,,PENDING_AT_END
510.65,510.6567642039671,,,,PENDING_AT_END
510.99999999999994,511.3169931500276,,,,PENDING_AT_END
511.34999999999997,511.6073508484946,,,,PENDING_AT_END
511.7,511.7266456520916,,,,PENDING_AT_END
512.05,512.3431800412482,,,,PENDING_AT_END
512.4,512.716518005736,,,,PENDING_AT_END
512.75,512.9385335384538,,,,PENDING_AT_END
513.1,513.2507048890096,,,,PENDING_AT_END
513.4499999999999,513.5498337195696,,,,PENDING_AT_END
513.8,513.9223636004299,,,,PENDING_AT_END
514.15,514.2042180111774,,,,PENDING_AT_END
514.5,514.5780985248259,,,,PENDING_AT_END
514.85,514.8937597979713,,,,PENDING_AT_END
515.1999999999999,515.2317784640612,,,,PENDING_AT_END
515.55,515.877204669149,,,,PENDING_AT_END
515.9,516.0718301821147,,,,PENDING_AT_END
516.25,516.508896417856,,,,PENDING_AT_END
516.6,516.8290898746508,,,,PENDING_AT_END
516.9499999999999,517.1743890938948,,,,PENDING_AT_END
517.3,517.6500813812775,,,,PENDING_AT_END
517.65,517.9801207017698,,,,PENDING_AT_END
518.0,518.2937572302624,,,,PENDING_AT_END
518.35,518.6847924340055,,,,PENDING_AT_END
518.6999999999999,519.0121336550916,,,,PENDING_AT_END
519.05,519.0878822915117,,,,PENDING_AT_END
519.4,519.54689765209,,,,PENDING_AT_END
519.75,519.8889915731475,,,,PENDING_AT_END
520.1,520.1538349876856,,,,PENDING_AT_END
520.4499999999999,520.6171176293645,,,,PENDING_AT_END
520.8,521.0399980680506,,,,PENDING_AT_END
521.15,521.4494068320461,,,,PENDING_AT_END
521.5,521.688752443896,,,,PENDING_AT_END
521.85,522.0411681571596,,,,PENDING_AT_END
522.1999999999999,522.5016532537571,,,,PENDING_AT_END
522.55,522.8954631999554,,,,PENDING_AT_END
522.9,523.1056864600085,,,,PENDING_AT_END
523.25,523.3564752794887,,,,PENDING_AT_END
523.6,523.6600466722713,,,,PENDING_AT_END
523.9499999999999,523.9800371146181,,,,PENDING_AT_END
524.3,524.3274583518235,,,,PENDING_AT_END
524.65,524.8325188101863,,,,PENDING_AT_END
525.0,525.1462688979284,,,,PENDING_AT_END
525.35,525.6216968700943,,,,PENDING_AT_END
525.6999999999999,525.9335086475368,,,,PENDING_AT_END
526.05,526.138301957805,,,,PENDING_AT_END
526.4,526.5731566809194,,,,PENDING_AT_END
526.75,526.8708286325862,,,,PENDING_AT_END
527.1,527.4856145709042,,,,PENDING_AT_END
527.4499999999999,527.6448625637532,,,,PENDING_AT_END
527.8,527.9536411933507,,,,PENDING_AT_END
528.15,528.2121381319579,,,,PENDING_AT_END
528.5,528.8535296859097,,,,PENDING_AT_END
528.85,528.9984768714797,,,,PENDING_AT_END
529.1999999999999,529.2223762696623,,,,PENDING_AT_END
529.55,529.5737476209772,,,,PENDING_AT_END
529.9,530.2251610994093,,,,PENDING_AT_END
530.25,530.2945335121556,,,,PENDING_AT_END
530.6,530.6230698101157,,,,PENDING_AT_END
530.9499999999999,530.9668063672683,,,,PENDING_AT_END
531.3,531.304999714273,,,,PENDING_AT_END
531.65,531.9756917742542,,,,PENDING_AT_END
532.0,532.0682884106591,,,,PENDING_AT_END
532.35,532.4322800581962,,,,PENDING_AT_END
532.6999999999999,532.8422280923631,,,,PENDING_AT_END
533.05,533.089650440917,,,,PENDING_AT_END
533.4,533.6441169631911,,,,PENDING_AT_END
533.75,534.0845698481633,,,,PENDING_AT_END
534.1,534.4712225248869,,,,PENDING_AT_END
534.4499999999999,534.5404582265047,,,,PENDING_AT_END
534.8,534.9878150932602,,,,PENDING_AT_END
535.15,535.3470929764293,,,,PENDING_AT_END
535.5,535.6672579414267,,,,PENDING_AT_END
535.85,535.9465773138155,,,,PENDING_AT_END
536.1999999999999,536.223597421129,,,,PENDING_AT_END
536.55,536.7338891170871,,,,PENDING_AT_END
536.9,537.25382263995,,,,PENDING_AT_END
537.25,537.5174426266262,,,,PENDING_AT_END
537.5999999999999,537.7578490451285,,,,PENDING_AT_END
537.9499999999999,538.0284018508736,,,,PENDING_AT_END
538.3,538.5014422407528,,,,PENDING_AT_END
538.65,538.8688864323257,,,,PENDING_AT_END
539.0,539.2300784588097,,,,PENDING_AT_END
539.3499999999999,539.4037211383793,,,,PENDING_AT_END
539.6999999999999,539.8434121021297,,,,PENDING_AT_END
540.05,540.1642275149982,,,,PENDING_AT_END
540.4,540.7076308719098,,,,PENDING_AT_END
540.75,540.9693341768257,,,,PENDING_AT_END
541.0999999999999,541.1201967340253,,,,PENDING_AT_END
541.4499999999999,541.521758099531,,,,PENDING_AT_END
541.8,542.1252925244075,,,,PENDING_AT_END
542.15,542.1803734435472,,,,PENDING_AT_END
542.5,542.5981807311111,,,,PENDING_AT_END
542.8499999999999,543.2423756736596,,,,PENDING_AT_END
543.1999999999999,543.4911934321125,,,,PENDING_AT_END
543.55,543.8254479890245,,,,PENDING_AT_END
543.9,543.9936971784767,,,,PENDING_AT_END
544.25,544.4231549289534,,,,PENDING_AT_END
544.5999999999999,544.7483365060866,,,,PENDING_AT_END
544.9499999999999,545.1412131363537,,,,PENDING_AT_END
545.3,545.4832269923804,,,,PENDING_AT_END
545.65,545.7208680757709,,,,PENDING_AT_END
546.0,546.3684832625252,,,,PENDING_AT_END
546.3499999999999,546.6934207199174,,,,PENDING_AT_END
546.6999999999999,546.7386289688526,,,,PENDING_AT_END
547.05,547.246269452721,,,,PENDING_AT_END
547.4,547.7382127934592,,,,PENDING_AT_END
547.75,548.1145731471372,,,,PENDING_AT_END
548.0999999999999,548.397421563328,,,,PENDING_AT_END
548.4499999999999,548.6588049315804,,,,PENDING_AT_END
548.8,549.0814916291877,,,,PENDING_AT_END
549.15,549.3660433215556,,,,PENDING_AT_END
549.5,549.7550574615957,,,,PENDING_AT_END
549.8499999999999,550.2122313918628,,,,PENDING_AT_END
550.1999999999999,550.3939971752706,,,,PENDING_AT_END
550.55,550.9491591447163,,,,PENDING_AT_END
550.9,551.0967037014963,,,,PENDING_AT_END
551.25,551.4809027811743,,,,PENDING_AT_END
551.5999999999999,551.625698060587,,,,PENDING_AT_END
551.9499999999999,552.3396219134085,,,,PENDING_AT_END
552.3,552.6767223814672,,,,PENDING_AT_END
552.65,552.7236978927921,,,,PENDING_AT_END
553.0,553.3383182499824,,,,PENDING_AT_END
553.3499999999999,553.6604984225683,,,,PENDING_AT_END
553.6999999999999,553.9664580114141,,,,PENDING_AT_END
554.05,554.4074436667531,,,,PENDING_AT_END
554.4,554.6280655897498,,,,PENDING_AT_END
554.75,555.1418717141551,,,,PENDING_AT_END
555.0999999999999,555.3713271178476,,,,PENDING_AT_END
555.4499999999999,555.7345941903392,,,,PENDING_AT_END
555.8,556.1255724097421,,,,PENDING_AT_END
556.15,556.2489105145681,,,,PENDING_AT_END
556.5,556.8325276658447,,,,PENDING_AT_END
556.8499999999999,556.8961458639344,,,,PENDING_AT_END
557.1999999999999,557.52518850425,,,,PENDING_AT_END
557.55,557.8112445462552,,,,PENDING_AT_END
557.9,558.2037707621095,,,,PENDING_AT_END
558.25,558.2670245103272,,,,PENDING_AT_END
558.5999999999999,558.9211927685653,,,,PENDING_AT_END
558.9499999999999,559.1333741944437,,,,PENDING_AT_END
559.3,559.4060992434559,,,,PENDING_AT_END
559.65,560.040717158054,,,,PENDING_AT_END
560.0,560.2537020647333,,,,PENDING_AT_END
560.3499999999999,560.7484541608862,,,,PENDING_AT_END
560.6999999999999,560.9407055699381,,,,PENDING_AT_END
561.05,561.39647124617,,,,PENDING_AT_END
561.4,561.6502955552934,,,,PENDING_AT_END
561.75,561.8671606906044,,,,PENDING_AT_END
562.0999999999999,562.1207432071521,,,,PENDING_AT_END
562.4499999999999,562.827880166693,,,,PENDING_AT_END
562.8,563.0557169163176,,,,PENDING_AT_END
563.15,563.4678699519692,,,,PENDING_AT_END
563.5,563.5305127212187,,,,PENDING_AT_END
563.8499999999999,564.1444124930974,,,,PENDING_AT_END
564.1999999999999,564.5511470758005,,,,PENDING_AT_END
564.55,564.8565715002956,,,,PENDING_AT_END
564.9,565.1053612817681,,,,PENDING_AT_END
565.25,565.4461207149564,,,,PENDING_AT_END
565.5999999999999,565.681423247961,,,,PENDING_AT_END
565.9499999999999,566.2099503764899,,,,PENDING_AT_END
566.3,566.6580133972561,,,,PENDING_AT_END
566.65,566.7970049684064,,,,PENDING_AT_END
567.0,567.052374189142,,,,PENDING_AT_END
567.3499999999999,567.4424112265817,,,,PENDING_AT_END
567.6999999999999,568.0711306346603,,,,PENDING_AT_END
568.05,568.1731201205546,,,,PENDING_AT_END
568.4,568.5456573760472,,,,PENDING_AT_END
568.75,569.1023917620421,,,,PENDING_AT_END
569.0999999999999,569.213731050922,,,,PENDING_AT_END
569.4499999999999,569.7032036816335,,,,PENDING_AT_END
569.8,570.1733626790167,,,,PENDING_AT_END
570.15,570.5169144505131,,,,PENDING_AT_END
570.5,570.551449436095,,,,PENDING_AT_END
570.8499999999999,571.0136007833157,,,,PENDING_AT_END
571.1999999999999,571.2204036784191,,,,PENDING_AT_END
571.55,571.7612365437355,,,,PENDING_AT_END
571.9,572.2224787444023,,,,PENDING_AT_END
572.25,572.6473207952272,,,,PENDING_AT_END
572.5999999999999,572.9865329817692,,,,PENDING_AT_END
572.9499999999999,573.260667100538,,,,PENDING_AT_END
573.3,573.5834356943947,,,,PENDING_AT_END
573.65,573.6675948615147,,,,PENDING_AT_END
574.0,574.2492255449911,,,,PENDING_AT_END
574.3499999999999,574.67271532175,,,,PENDING_AT_END
574.6999999999999,574.968396121309,,,,PENDING_AT_END
575.05,575.0922231809793,,,,PENDING_AT_END
575.4,575.7483559471501,,,,PENDING_AT_END
575.75,576.1183122922375,,,,PENDING_AT_END
576.0999999999999,576.1558527618984,,,,PENDING_AT_END
576.4499999999999,576.5145286967667,,,,PENDING_AT_END
576.8,577.0111942538472,,,,PENDING_AT_END
577.15,577.1803858534562,,,,PENDING_AT_END
577.5,577.8258956442985,,,,PENDING_AT_END
577.8499999999999,578.1795290298783,,,,PENDING_AT_END
578.1999999999999,578.2515367768948,,,,PENDING_AT_END
578.55,578.756505617863,,,,PENDING_AT_END
578.9,578.9358938233803,,,,PENDING_AT_END
579.25,579.4632150186555,,,,PENDING_AT_END
579.5999999999999,579.6552400481983,,,,PENDING_AT_END
579.9499999999999,580.1973575769008,,,,PENDING_AT_END
580.3,580.5376061355132,,,,PENDING_AT_END
580.65,580.8394820105801,,,,PENDING_AT_END
581.0,581.2744836597699,,,,PENDING_AT_END
581.3499999999999,581.5314285759825,,,,PENDING_AT_END
581.6999999999999,581.8579162277903,,,,PENDING_AT_END
582.05,582.2778908756206,,,,PENDING_AT_END
582.4,582.5175486953464,,,,PENDING_AT_END
582.75,583.1019056136151,,,,PENDING_AT_END
583.0999999999999,583.40885874014,,,,PENDING_AT_END
583.4499999999999,583.6566041491272,,,,PENDING_AT_END
583.8,584.0136630242723,,,,PENDING_AT_END
584.15,584.3111054646394,,,,PENDING_AT_END
584.5,584.6255879413625,,,,PENDING_AT_END
584.8499999999999,584.9386510021222,,,,PENDING_AT_END
585.1999999999999,585.389668135769,,,,PENDING_AT_END
585.55,585.5945928092935,,,,PENDING_AT_END
585.9,586.0107263663427,,,,PENDING_AT_END
586.25,586.2937692406315,,,,PENDING_AT_END
586.5999999999999,586.8753821550074,,,,PENDING_AT_END
586.9499999999999,587.1533424972753,,,,PENDING_AT_END
587.3,587.689530935243,,,,PENDING_AT_END
587.65,587.8750721541197,,,,PENDING_AT_END
588.0,588.1306624872173,,,,PENDING_AT_END
588.3499999999999,588.4968540418668,,,,PENDING_AT_END
588.6999999999999,588.7960716755109,,,,PENDING_AT_END
589.05,589.3284269243561,,,,PENDING_AT_END
589.4,589.5478692447435,,,,PENDING_AT_END
589.75,590.0390914825016,,,,PENDING_AT_END
590.0999999999999,590.4680619469736,,,,PENDING_AT_END
590.4499999999999,590.8379247224876,,,,PENDING_AT_END
590.8,590.8955474392299,,,,PENDING_AT_END
591.15,591.2660168786116,,,,PENDING_AT_END
591.5,591.6033773190945,,,,PENDING_AT_END
591.8499999999999,592.0567890104296,,,,PENDING_AT_END
592.1999999999999,592.4493769524239,,,,PENDING_AT_END
592.55,592.8172236901471,,,,PENDING_AT_END
592.9,592.9904990962553,,,,PENDING_AT_END
593.25,593.3363321043564,,,,PENDING_AT_END
593.5999999999999,593.9121136989154,,,,PENDING_AT_END
593.9499999999999,594.1637511912317,,,,PENDING_AT_END
594.3,594.6507577028704,,,,PENDING_AT_END
594.65,594.7573893512675,,,,PENDING_AT_END
595.0,595.0351479138853,,,,PENDING_AT_END
595.3499999999999,595.5124739669418,,,,PENDING_AT_END
595.6999999999999,595.8962330175292,,,,PENDING_AT_END
596.05,596.1635742913406,,,,PENDING_AT_END
596.4,596.7787686081084,,,,PENDING_AT_END
596.75,597.0627933586454,,,,PENDING_AT_END
597.0999999999999,597.2756917969384,,,,PENDING_AT_END
597.4499999999999,597.618945608339,,,,PENDING_AT_END
597.8,597.8191761601215,,,,PENDING_AT_END
598.15,598.3320486113181,,,,PENDING_AT_END
598.5,598.6765108271293,,,,PENDING_AT_END
598.8499999999999,599.0358866864033,,,,PENDING_AT_END
599.1999999999999,599.3080683275708,,,,PENDING_AT_END
599.55,599.5994699647456,,,,PENDING_AT_END
599.9,600.193884871319,,,,PENDING_AT_END
600.25,600.5748416806796,,,,PENDING_AT_END
600.5999999999999,600.6688975695606,,,,PENDING_AT_END
600.9499999999999,601.1395146210906,,,,PENDING_AT_END
601.3,601.3651314892704,,,,PENDING_AT_END
601.65,601.7535989996758,,,,PENDING_AT_END
602.0,602.2360931728026,,,,PENDING_AT_END
602.3499999999999,602.3813209552122,,,,PENDING_AT_END
602.6999999999999,602.9231712107604,,,,PENDING_AT_END
603.05,603.2018149738535,,,,PENDING_AT_END
603.4,603.7238473451276,,,,PENDING_AT_END
603.75,604.1476231247723,,,,PENDING_AT_END
604.0999999999999,604.3017905625975,,,,PENDING_AT_END
604.4499999999999,604.7957996481254,,,,PENDING_AT_END
604.8,604.8990294200137,,,,PENDING_AT_END
605.15,605.4868653486884,,,,PENDING_AT_END
605.5,605.8296030182362,,,,PENDING_AT_END
605.8499999999999,605.9697654557735,,,,PENDING_AT_END
606.1999999999999,606.5216681620528,,,,PENDING_AT_END
606.55,606.7339615306007,,,,PENDING_AT_END
606.9,607.2852788398778,,,,PENDING_AT_END
607.25,607.4429458177372,,,,PENDING_AT_END
607.5999999999999,607.8430602072297,,,,PENDING_AT_END
607.9499999999999,608.2199899445801,,,,PENDING_AT_END
608.3,608.5696183260588,,,,PENDING_AT_END
608.65,608.7641154794652,,,,PENDING_AT_END
609.0,609.0219158435646,,,,PENDING_AT_END
609.3499999999999,609.5768922646196,,,,PENDING_AT_END
609.6999999999999,610.034803619964,,,,PENDING_AT_END
610.05,610.1038739010417,,,,PENDING_AT_END
610.4,610.7404224543128,,,,PENDING_AT_END
610.75,611.0913150193064,,,,PENDING_AT_END
611.0999999999999,611.4085292693483,,,,PENDING_AT_END
611.4499999999999,611.5863165292734,,,,PENDING_AT_END
611.8,611.9059405619648,,,,PENDING_AT_END
612.15,612.1894725642238,,,,PENDING_AT_END
612.5,612.6795069657771,,,,PENDING_AT_END
612.8499999999999,613.2012204825403,,,,PENDING_AT_END
613.1999999999999,613.5506292732854,,,,PENDING_AT_END
613.55,613.7210917677648,,,,PENDING_AT_END
613.9,614.1921466944822,,,,PENDING_AT_END
614.25,614.5414843734088,,,,PENDING_AT_END
614.5999999999999,614.9087222519488,,,,PENDING_AT_END
614.9499999999999,615.2985210783444,,,,PENDING_AT_END
615.3,615.3549575356647,,,,PENDING_AT_END
615.65,615.7746044445302,,,,PENDING_AT_END
616.0,616.3444529881579,,,,PENDING_AT_END
616.3499999999999,616.3743507635277,,,,PENDING_AT_END
616.6999999999999,616.9393900068015,,,,PENDING_AT_END
617.05,617.2436131323416,,,,PENDING_AT_END
617.4,617.424394460409,,,,PENDING_AT_END
617.75,617.7586147252548,,,,PENDING_AT_END
618.0999999999999,618.2069907059451,,,,PENDING_AT_END
618.4499999999999,618.5169879397137,,,,PENDING_AT_END
618.8,618.909549192563,,,,PENDING_AT_END
619.15,619.3899422600867,,,,PENDING_AT_END
619.5,619.899412494271,,,,PENDING_AT_END
619.8499999999999,620.083140701938,,,,PENDING_AT_END
620.1999999999999,620.3773636394927,,,,PENDING_AT_END
620.55,620.7710997601007,,,,PENDING_AT_END
620.9,621.0292133779004,,,,PENDING_AT_END
621.25,621.534682382352,,,,PENDING_AT_END
621.5999999999999,621.9028804874445,,,,PENDING_AT_END
621.9499999999999,621.9923705657624,,,,PENDING_AT_END
622.3,622.440588225578,,,,PENDING_AT_END
622.65,622.8027814383405,,,,PENDING_AT_END
623.0,623.0523421392638,,,,PENDING_AT_END
623.3499999999999,623.4900131127636,,,,PENDING_AT_END
623.6999999999999,623.7919220661139,,,,PENDING_AT_END
624.05,624.3299900777456,,,,PENDING_AT_END
624.4,624.486354472872,,,,PENDING_AT_END
624.75,625.1265723793845,,,,PENDING_AT_END
625.0999999999999,625.1333938745815,,,,PENDING_AT_END
625.4499999999999,625.6820312617268,,,,PENDING_AT_END
625.8,625.8323675048348,,,,PENDING_AT_END
626.15,626.2658864168476,,,,PENDING_AT_END
626.5,626.8853326163016,,,,PENDING_AT_END
626.8499999999999,626.9562954319558,,,,PENDING_AT_END
627.1999999999999,627.3924808076675,,,,PENDING_AT_END
627.55,627.8773671552442,,,,PENDING_AT_END
627.9,628.057446561943,,,,PENDING_AT_END
628.25,628.4557393287887,,,,PENDING_AT_END
628.5999999999999,628.8406999169649,,,,PENDING_AT_END
628.9499999999999,629.0066381849366,,,,PENDING_AT_END
629.3,629.3158680510171,,,,PENDING_AT_END
629.65,629.7759375181009,,,,PENDING_AT_END
630.0,630.3282705424199,,,,PENDING_AT_END
630.3499999999999,630.606933838985,,,,PENDING_AT_END
630.6999999999999,630.7671357396645,,,,PENDING_AT_END
631.05,631.4135974198002,,,,PENDING_AT_END
631.4,631.4601266589378,,,,PENDING_AT_END
631.75,631.7641390864922,,,,PENDING_AT_END
632.0999999999999,632.3106223115769,,,,PENDING_AT_END
632.4499999999999,632.546666962549,,,,PENDING_AT_END
632.8,632.8868114189306,,,,PENDING_AT_END
633.15,633.5295730949246,,,,PENDING_AT_END
633.5,633.5797431792244,,,,PENDING_AT_END
633.8499999999999,634.160986369317,,,,PENDING_AT_END
634.1999999999999,634.4709703224838,,,,PENDING_AT_END
634.55,634.6184523322115,,,,PENDING_AT_END
634.9,635.1663630315755,,,,PENDING_AT_END
635.25,635.5404359160962,,,,PENDING_AT_END
635.5999999999999,635.9697626535853,,,,PENDING_AT_END
635.9499999999999,636.086919165573,,,,PENDING_AT_END
636.3,636.6978644871588,,,,PENDING_AT_END
636.65,636.9069816869916,,,,PENDING_AT_END
637.0,637.1562815879242,,,,PENDING_AT_END
637.3499999999999,637.6545065242788,,,,PENDING_AT_END
637.6999999999999,637.9319679188303,,,,PENDING_AT_END
638.05,638.4304589345529,,,,PENDING_AT_END
638.4,638.6068300442436,,,,PENDING_AT_END
638.75,638.8370903584678,,,,PENDING_AT_END
639.0999999999999,639.434818172371,,,,PENDING_AT_END
639.4499999999999,639.6004346995247,,,,PENDING_AT_END
639.8,639.9630935757336,,,,PENDING_AT_END
640.15,640.4672081578743,,,,PENDING_AT_END
640.5,640.5635539732234,,,,PENDING_AT_END
640.8499999999999,640.9194420077154,,,,PENDING_AT_END
641.1999999999999,641.3399335289411,,,,PENDING_AT_END
641.55,641.86142957365,,,,PENDING_AT_END
641.9,642.1891710502119,,,,PENDING_AT_END
642.25,642.6175304408382,,,,PENDING_AT_END
642.5999999999999,642.8802299797685,,,,PENDING_AT_END
642.9499999999999,643.057931156506,,,,PENDING_AT_END
643.3,643.5097740361903,,,,PENDING_AT_END
643.65,643.9458175405565,,,,PENDING_AT_END
644.0,644.1822864846399,,,,PENDING_AT_END
644.3499999999999,644.6663410314247,,,,PENDING_AT_END
644.6999999999999,645.0464514315755,,,,PENDING_AT_END
645.05,645.3249458367582,,,,PENDING_AT_END
645.4,645.6536692907438,,,,PENDING_AT_END
645.75,645.9652116462623,,,,PENDING_AT_END
646.0999999999999,646.2175991631498,,,,PENDING_AT_END
646.4499999999999,646.8292572776758,,,,PENDING_AT_END
646.8,646.8466254975324,,,,PENDING_AT_END
647.15,647.1840270513702,,,,PENDING_AT_END
647.5,647.5176213878442,,,,PENDING_AT_END
647.8499999999999,648.1033503788613,,,,PENDING_AT_END
648.1999999999999,648.5722300892379,,,,PENDING_AT_END
648.55,648.8712504046955,,,,PENDING_AT_END
648.9,649.031130542157,,,,PENDING_AT_END
649.25,649.629825834978,,,,PENDING_AT_END
649.5999999999999,649.8495254988068,,,,PENDING_AT_END
649.9499999999999,650.0947958272874,,,,PENDING_AT_END
650.3,650.6071813717315,,,,PENDING_AT_END
650.65,650.9429774659396,,,,PENDING_AT_END
651.0,651.3283734296128,,,,PENDING_AT_END
651.3499999999999,651.4121153021745,,,,PENDING_AT_END
651.6999999999999,651.8928005328772,,,,PENDING_AT_END
652.05,652.0635346340691,,,,PENDING_AT_END
652.4,652.6508917242808,,,,PENDING_AT_END
652.75,653.0453570747702,,,,PENDING_AT_END
653.0999999999999,653.489719037861,,,,PENDING_AT_END
653.4499999999999,653.8457517904623,,,,PENDING_AT_END
653.8,654.1463880015201,,,,PENDING_AT_END
654.15,654.1516996375382,,,,PENDING_AT_END
654.5,654.5202606777725,,,,PENDING_AT_END
654.8499999999999,655.1363403626447,,,,PENDING_AT_END
655.1999999999999,655.5693769752992,,,,PENDING_AT_END
655.55,655.9103263183708,,,,PENDING_AT_END
655.9,656.0461255394595,,,,PENDING_AT_END
656.25,656.4292524767704,,,,PENDING_AT_END
656.5999999999999,656.8946950143145,,,,PENDING_AT_END
656.9499999999999,657.1426172254461,,,,PENDING_AT_END
657.3,657.526545448357,,,,PENDING_AT_END
657.65,657.9110927286587,,,,PENDING_AT_END
658.0,658.0453840767393,,,,PENDING_AT_END
658.3499999999999,658.5675175947927,,,,PENDING_AT_END
658.6999999999999,658.9349815522766,,,,PENDING_AT_END
659.05,659.1057698374273,,,,PENDING_AT_END
659.4,659.4631879479601,,,,PENDING_AT_END
659.75,659.9495948353183,,,,PENDING_AT_END
660.0999999999999,660.1584188746942,,,,PENDING_AT_END
660.4499999999999,660.5058493100161,,,,PENDING_AT_END
660.8,660.9301482185283,,,,PENDING_AT_END
661.15,661.3411193476746,,,,PENDING_AT_END
661.5,661.7323634670365,,,,PENDING_AT_END
661.8499999999999,661.9227257720984,,,,PENDING_AT_END
662.1999999999999,662.4725593894492,,,,PENDING_AT_END
662.55,662.8753580299735,,,,PENDING_AT_END
662.9,663.0909308058511,,,,PENDING_AT_END
663.25,663.5024198158519,,,,PENDING_AT_END
663.5999999999999,663.796066003468,,,,PENDING_AT_END
663.9499999999999,663.9683719856968,,,,PENDING_AT_END
664.3,664.6853458344897,,,,PENDING_AT_END
664.65,664.7635193046784,,,,PENDING_AT_END
665.0,665.0165712767298,,,,PENDING_AT_END
665.3499999999999,665.5198660968206,,,,PENDING_AT_END
665.6999999999999,665.9113705309454,,,,PENDING_AT_END
666.05,666.2478321410731,,,,PENDING_AT_END
666.4,666.4117201559903,,,,PENDING_AT_END
666.75,667.0614310305837,,,,PENDING_AT_END
667.0999999999999,667.1907804058064,,,,PENDING_AT_END
667.4499999999999,667.5802561639763,,,,PENDING_AT_END
667.8,668.0941308517706,,,,PENDING_AT_END
668.15,668.5000676720916,,,,PENDING_AT_END
668.5,668.8572162399782,,,,PENDING_AT_END
668.8499999999999,668.9037220532334,,,,PENDING_AT_END
669.1999999999999,669.5842915931568,,,,PENDING_AT_END
669.55,669.6751371528603,,,,PENDING_AT_END
669.9,669.9688122985805,,,,PENDING_AT_END
670.25,670.3714744898866,,,,PENDING_AT_END
670.5999999999999,670.9831083663585,,,,PENDING_AT_END
670.9499999999999,670.9899701200853,,,,PENDING_AT_END
671.3,671.6931917179895,,,,PENDING_AT_END
671.65,672.0306615861276,,,,PENDING_AT_END
672.0,672.1859209073727,,,,PENDING_AT_END
672.3499999999999,672.6218999166936,,,,PENDING_AT_END
672.6999999999999,672.9688058943663,,,,PENDING_AT_END
673.05,673.4075912633914,,,,PENDING_AT_END
673.4,673.6360813619684,,,,PENDING_AT_END
673.75,674.0368947244856,,,,PENDING_AT_END
674.0999999999999,674.4258928350578,,,,PENDING_AT_END
674.4499999999999,674.6174729380679,,,,PENDING_AT_END
674.8,675.1271985010708,,,,PENDING_AT_END
675.15,675.2796180140462,,,,PENDING_AT_END
675.5,675.7806514291995,,,,PENDING_AT_END
675.8499999999999,675.9215174818526,,,,PENDING_AT_END
676.1999999999999,676.2051348957212,,,,PENDING_AT_END
676.55,676.7642445576585,,,,PENDING_AT_END
676.9,676.9398377775357,,,,PENDING_AT_END
677.25,677.2882702389268,,,,PENDING_AT_END
677.5999999999999,677.8545428822008,,,,PENDING_AT_END
677.9499999999999,677.9968051276988,,,,PENDING_AT_END
678.3,678.6139595013428,,,,PENDING_AT_END
678.65,678.9605658604827,,,,PENDING_AT_END
679.0,679.0515905018442,,,,PENDING_AT_END
679.3499999999999,679.5029630562519,,,,PENDING_AT_END
679.6999999999999,679.7548965526074,,,,PENDING_AT_END
680.05,680.1919434038348,,,,PENDING_AT_END
680.4,680.647385342047,,,,PENDING_AT_END
680.75,680.7946033103019,,,,PENDING_AT_END
681.0999999999999,681.1809685150195,,,,PENDING_AT_END
681.4499999999999,681.4708039169885,,,,PENDING_AT_END
681.8,682.1996771491326,,,,PENDING_AT_END
682.15,682.2089501595893,,,,PENDING_AT_END
682.5,682.5252442844546,,,,PENDING_AT_END
682.8499999999999,682.9131402288469,,,,PENDING_AT_END
683.1999999999999,683.278600416625,,,,PENDING_AT_END
683.55,683.6690336839374,,,,PENDING_AT_END
683.9,683.9157985885175,,,,PENDING_AT_END
684.25,684.5153381131922,,,,PENDING_AT_END
684.5999999999999,684.6271677680875,,,,PENDING_AT_END
684.9499999999999,685.1959222656582,,,,PENDING_AT_END
685.3,685.3151465999765,,,,PENDING_AT_END
685.65,685.9746489348994,,,,PENDING_AT_END
686.0,686.274801240279,,,,PENDING_AT_END
686.3499999999999,686.4510349376988,,,,PENDING_AT_END
686.6999999999999,686.9085164497995,,,,PENDING_AT_END
687.05,687.1371789947627,,,,PENDING_AT_END
687.4,687.4052284084349,,,,PENDING_AT_END
687.75,687.8766388048605,,,,PENDING_AT_END
688.0999999999999,688.2832717615963,,,,PENDING_AT_END
688.4499999999999,688.7997653075423,,,,PENDING_AT_END
688.8,688.8260386816244,,,,PENDING_AT_END
689.15,689.1806860172657,,,,PENDING_AT_END
689.5,689.8853410250958,,,,PENDING_AT_END
689.8499999999999,689.9408516291664,,,,PENDING_AT_END
690.1999999999999,690.5741750227174,,,,PENDING_AT_END
690.55,690.6383040018932,,,,PENDING_AT_END
690.9,691.1219163813695,,,,PENDING_AT_END
691.25,691.2939140051826,,,,PENDING_AT_END
691.5999999999999,691.8321900066994,,,,PENDING_AT_END
691.9499999999999,692.3149060136117,,,,PENDING_AT_END
692.3,692.6463003797148,,,,PENDING_AT_END
692.65,692.9605384411653,,,,PENDING_AT_END
693.0,693.2147723729254,,,,PENDING_AT_END
693.3499999999999,693.6754668215092,,,,PENDING_AT_END
693.6999999999999,693.9109832792057,,,,PENDING_AT_END
694.05,694.122792198935,,,,PENDING_AT_END
694.4,694.406850907569,,,,PENDING_AT_END
694.75,695.1120666026284,,,,PENDING_AT_END
695.0999999999999,695.314652230999,,,,PENDING_AT_END
695.4499999999999,695.8469444285741,,,,PENDING_AT_END
695.8,695.9676008651925,,,,PENDING_AT_END
696.15,696.4603648269973,,,,PENDING_AT_END
696.5,696.6024715166009,,,,PENDING_AT_END
696.8499999999999,696.9358826038547,,,,PENDING_AT_END
697.1999999999999,697.324041164398,,,,PENDING_AT_END
697.55,697.7200670753568,,,,PENDING_AT_END
697.9,698.1607883732637,,,,PENDING_AT_END
698.25,698.5968671229612,,,,PENDING_AT_END
698.5999999999999,698.7981345735136,,,,PENDING_AT_END
698.9499999999999,699.237026587131,,,,PENDING_AT_END
699.3,699.597402613947,,,,PENDING_AT_END
699.65,700.0177205270346,,,,PENDING_AT_END
700.0,700.2963388849403,,,,PENDING_AT_END
700.3499999999999,700.4731138793741,,,,PENDING_AT_END
700.6999999999999,700.8525492106479,,,,PENDING_AT_END
701.05,701.4058395435102,,,,PENDING_AT_END
701.4,701.6185346952028,,,,PENDING_AT_END
701.75,701.811749642779,,,,PENDING_AT_END
702.0999999999999,702.2092692324334,,,,PENDING_AT_END
702.4499999999999,702.6009491454812,,,,PENDING_AT_END
702.8,703.0181394010515,,,,PENDING_AT_END
703.15,703.2328502955269,,,,PENDING_AT_END
703.5,703.8756704382163,,,,PENDING_AT_END
703.8499999999999,704.1753286387095,,,,PENDING_AT_END
704.1999999999999,704.5510779146338,,,,PENDING_AT_END
704.55,704.8015736523257,,,,PENDING_AT_END
704.9,705.264171472464,,,,PENDING_AT_END
705.25,705.5153732782946,,,,PENDING_AT_END
705.5999999999999,705.9748491865384,,,,PENDING_AT_END
705.9499999999999,706.1791127465314,,,,PENDING_AT_END
706.3,706.393686515454,,,,PENDING_AT_END
706.65,706.7592975823162,,,,PENDING_AT_END
707.0,707.2724199239767,,,,PENDING_AT_END
707.3499999999999,707.6623900189893,,,,PENDING_AT_END
707.6999999999999,707.8876013365547,,,,PENDING_AT_END
708.05,708.442217928746,,,,PENDING_AT_END
708.4,708.669184953858,,,,PENDING_AT_END
708.75,708.9857552978224,,,,PENDING_AT_END
709.0999999999999,709.1023932601779,,,,PENDING_AT_END
709.4499999999999,709.5860997792323,,,,PENDING_AT_END
709.8,710.1801828854434,,,,PENDING_AT_END
710.15,710.2486918547871,,,,PENDING_AT_END
710.5,710.5749943348501,,,,PENDING_AT_END
710.8499999999999,710.9315034931308,,,,PENDING_AT_END
711.1999999999999,711.4846762763619,,,,PENDING_AT_END
711.55,711.9301566260419,,,,PENDING_AT_END
711.9,712.2842059864298,,,,PENDING_AT_END
712.25,712.5656927887592,,,,PENDING_AT_END
712.5999999999999,712.7726194735881,,,,PENDING_AT_END
712.9499999999999,713.2218997164617,,,,PENDING_AT_END
713.3,713.5353440052347,,,,PENDING_AT_END
713.65,713.7645893271257,,,,PENDING_AT_END
714.0,714.3332078469439,,,,PENDING_AT_END
714.3499999999999,714.5698754432274,,,,PENDING_AT_END
714.6999999999999,714.8121886929401,,,,PENDING_AT_END
715.05,715.4289281098968,,,,PENDING_AT_END
715.4,715.7598105977196,,,,PENDING_AT_END
715.75,715.9941235936956,,,,PENDING_AT_END
716.0999999999999,716.142111596597,,,,PENDING_AT_END
716.4499999999999,716.4584110145382,,,,PENDING_AT_END
716.8,716.8730163652081,,,,PENDING_AT_END
717.15,717.4429795638677,,,,PENDING_AT_END
717.5,717.5912745558282,,,,PENDING_AT_END
717.8499999999999,718.1247468140982,,,,PENDING_AT_END
718.1999999999999,718.4363142532274,,,,PENDING_AT_END
718.55,718.559911350593,,,,PENDING_AT_END
718.9,719.0367877240539,,,,PENDING_AT_END
719.25,719.5487946654905,,,,PENDING_AT_END
719.5999999999999,719.6486526803567,,,,PENDING_AT_END
719.9499999999999,719.9828642405565,,,,PENDING_AT_END
720.3,720.3889659747947,,,,PENDING_AT_END
720.65,720.7220786655531,,,,PENDING_AT_END
721.0,721.2941945425496,,,,PENDING_AT_END
721.3499999999999,721.4243883419836,,,,PENDING_AT_END
721.6999999999999,721.8093556859334,,,,PENDING_AT_END
722.05,722.2890776955978,,,,PENDING_AT_END
722.4,722.4508228829951,,,,PENDING_AT_END
722.75,723.1307987817536,,,,PENDING_AT_END
723.0999999999999,723.4742092350391,,,,PENDING_AT_END
723.4499999999999,723.7495683638571,,,,PENDING_AT_END
723.8,723.8718371459456,,,,PENDING_AT_END
724.15,724.4050114112739,,,,PENDING_AT_END
724.5,724.5348996447501,,,,PENDING_AT_END
724.8499999999999,725.0577420838467,,,,PENDING_AT_END
725.1999999999999,725.5674650799687,,,,PENDING_AT_END
725.55,725.9204336172916,,,,PENDING_AT_END
725.9,726.2904832150015,,,,PENDING_AT_END
726.25,726.4224704531061,,,,PENDING_AT_END
726.5999999999999,726.6989880903843,,,,PENDING_AT_END
726.9499999999999,727.2050377676577,,,,PENDING_AT_END
727.3,727.4643327121812,,,,PENDING_AT_END
727.65,727.9872559602444,,,,PENDING_AT_END
728.0,728.1627195288247,,,,PENDING_AT_END
728.3499999999999,728.3809919660696,,,,PENDING_AT_END
728.6999999999999,728.7441413516427,,,,PENDING_AT_END
729.05,729.3878009165151,,,,PENDING_AT_END
729.4,729.7417383171415,,,,PENDING_AT_END
729.75,729.9147327393287,,,,PENDING_AT_END
730.0999999999999,730.1594446528793,,,,PENDING_AT_END
730.4499999999999,730.4760316940666,,,,PENDING_AT_END
730.8,731.1775102195022,,,,PENDING_AT_END
731.15,731.3466747389431,,,,PENDING_AT_END
731.5,731.8763687310843,,,,PENDING_AT_END
731.8499999999999,732.2244186741434,,,,PENDING_AT_END
732.1999999999999,732.3180692459676,,,,PENDING_AT_END
732.55,732.8035487300681,,,,PENDING_AT_END
732.9,733.0205504842808,,,,PENDING_AT_END
733.25,733.437664511024,,,,PENDING_AT_END
733.5999999999999,733.78220178828,,,,PENDING_AT_END
733.9499999999999,734.3296373205013,,,,PENDING_AT_END
734.3,734.5527109160028,,,,PENDING_AT_END
734.65,735.0343331625373,,,,PENDING_AT_END
