timestamp,gen_time,sel_time,tx_time,rx_time,status
0.0,0.2847319124312863,155.95457348546753,155.95557348546754,156.12557348546753,TX
0.35,0.5777442273306055,154.47541816762165,154.47641816762166,154.64641816762165,TX
0.7,0.9773221487278718,155.04265178082332,155.04365178082332,155.2136517808233,TX
1.0499999999999998,1.1812160272200694,155.41610205862628,155.41710205862628,155.58710205862627,TX
1.4,1.4587840020532243,154.53539143745385,154.53639143745386,154.70639143745385,TX
1.75,2.0327626649765422,157.7841719139553,157.7851719139553,157.9551719139553,TX
2.0999999999999996,2.32119045694553,154.31249102869532,154.31349102869532,154.4834910286953,TX
2.4499999999999997,2.539541917621239,155.64285177838602,155.64385177838602,155.813851778386,TX
2.8,3.1811437588408653,157.60177240989145,157.60277240989146,157.77277240989145,TX
3.15,3.228481006471361,155.55927675652072,155.56027675652072,155.7302767565207,TX
3.5,3.7842590744435043,153.95332943144334,153.95432943144334,154.12432943144333,TX
3.8499999999999996,4.025421972812851,154.41928538100797,154.42028538100797,154.59028538100796,TX
4.199999999999999,4.253625094275922,156.92362698589923,156.92462698589924,157.09462698589923,TX
4.55,4.8705895898961105,163.68488240760905,163.68588240760906,163.85588240760904,TX
4.8999999999999995,5.170087186176425,,,,PENDING_AT_END
5.25,5.620420730152702,,,,PENDING_AT_END
5.6,5.895116436851387,,,,PENDING_AT_END
5.949999999999999,6.037249454227375,,,,PENDING_AT_END
6.3,6.480980373727491,,,,PENDING_AT_END
6.6499999999999995,6.8682001249331135,,,,PENDING_AT_END
7.0,7.145991803874347,,,,PENDING_AT_END
7.35,7.725877601283495,,,,PENDING_AT_END
7.699999999999999,7.76088955951591,,,,PENDING_AT_END
8.049999999999999,8.389568704010626,,,,PENDING_AT_END
8.399999999999999,8.467183969487415,,,,PENDING_AT_END
8.75,8.84181351448063,,,,PENDING_AT_END
9.1,9.1562976276908,,,,PENDING_AT_END
9.45,9.60851684754412,,,,PENDING_AT_END
9.799999999999999,9.924207901425737,,,,PENDING_AT_END
10.149999999999999,10.268441988284355,,,,PENDING_AT_END
10.5,10.895721080817012,,,,PENDING_AT_END
10.85,11.157726726018181,,,,PENDING_AT_END
11.2,11.458051442145369,,,,PENDING_AT_END
11.549999999999999,11.842039762916537,,,,PENDING_AT_END
11.899999999999999,11.930959797143398,,,,PENDING_AT_END
12.25,12.349951257188494,,,,PENDING_AT_END
12.6,12.653375899664665,,,,PENDING_AT_END
12.95,13.049453497902512,,,,PENDING_AT_END
13.299999999999999,13.635448795056002,,,,PENDING_AT_END
13.649999999999999,13.65816687340428,,,,PENDING_AT_END
14.0,14.069735938207764,,,,PENDING_AT_END
14.35,14.386303166195619,,,,PENDING_AT_END
14.7,14.838979590231943,,,,PENDING_AT_END
15.049999999999999,15.104574952428807,,,,PENDING_AT_END
15.399999999999999,15.610468780005252,,,,PENDING_AT_END
15.749999999999998,16.145382394981166,,,,PENDING_AT_END
16.099999999999998,16.494351712894936,,,,PENDING_AT_END
16.45,16.799050458937952,,,,PENDING_AT_END
16.799999999999997,17.04520693056365,,,,PENDING_AT_END
17.15,17.392911546617682,,,,PENDING_AT_END
17.5,17.520858893319016,,,,PENDING_AT_END
17.849999999999998,18.204578922559453,,,,PENDING_AT_END
18.2,18.521595074613874,,,,PENDING_AT_END
18.549999999999997,18.641745560355822,,,,PENDING_AT_END
18.9,19.063254172958864,,,,PENDING_AT_END
19.25,19.417176949812948,,,,PENDING_AT_END
19.599999999999998,19.79899149180775,,,,PENDING_AT_END
19.95,19.962001305478413,,,,PENDING_AT_END
20.299999999999997,20.51439000260713,,,,PENDING_AT_END
20.65,20.814334904988428,,,,PENDING_AT_END
21.0,21.227893256938373,,,,PENDING_AT_END
21.349999999999998,21.612176431125196,,,,PENDING_AT_END
21.7,21.770888543228228,,,,PENDING_AT_END
22.049999999999997,22.204374219605015,,,,PENDING_AT_END
22.4,22.696321407141106,,,,PENDING_AT_END
22.75,22.805467473393314,,,,PENDING_AT_END
23.099999999999998,23.304756373586937,,,,PENDING_AT_END
23.45,23.656649158839965,,,,PENDING_AT_END
23.799999999999997,23.836545372066034,,,,PENDING_AT_END
24.15,24.280891654593667,,,,PENDING_AT_END
24.5,24.502066869156153,,,,PENDING_AT_END
24.849999999999998,25.232497521440795,,,,PENDING_AT_END
25.2,25.236656544769662,,,,PENDING_AT_END
25.549999999999997,25.68400303975836,,,,PENDING_AT_END
25.9,25.999269910514812,,,,PENDING_AT_END
26.25,26.327357475949505,,,,PENDING_AT_END
26.599999999999998,26.69763331704299,,,,PENDING_AT_END
26.95,27.252900600670348,,,,PENDING_AT_END
27.299999999999997,27.698759263747668,,,,PENDING_AT_END
27.65,27.956930590191483,,,,PENDING_AT_END
28.0,28.034432326001202,,,,PENDING_AT_END
28.349999999999998,28.624460734697383,,,,PENDING_AT_END
28.7,28.7268587267864,,,,PENDING_AT_END
29.049999999999997,29.31113013479736,,,,PENDING_AT_END
29.4,29.735842152029292,,,,PENDING_AT_END
29.749999999999996,30.014438276556437,,,,PENDING_AT_END
30.099999999999998,30.243087387671533,,,,PENDING_AT_END
30.45,30.52475092339058,,,,PENDING_AT_END
30.799999999999997,30.808502195797296,,,,PENDING_AT_END
31.15,31.357650692826034,,,,PENDING_AT_END
31.499999999999996,31.606259688725157,,,,PENDING_AT_END
31.849999999999998,31.9959986135344,,,,PENDING_AT_END
32.199999999999996,32.44741982776198,,,,PENDING_AT_END
32.55,32.664341969769055,,,,PENDING_AT_END
32.9,32.92155940350556,,,,PENDING_AT_END
33.25,33.42632071675304,,,,PENDING_AT_END
33.599999999999994,33.995316643557814,,,,PENDING_AT_END
33.949999999999996,33.95048381094292,,,,PENDING_AT_END
34.3,34.45342389509494,,,,PENDING_AT_END
34.65,34.971472425447125,,,,PENDING_AT_END
35.0,35.27894694436415,,,,PENDING_AT_END
35.349999999999994,35.41991227700822,,,,PENDING_AT_END
35.699999999999996,35.787983135871606,,,,PENDING_AT_END
36.05,36.181977473720295,,,,PENDING_AT_END
36.4,36.67385230700804,,,,PENDING_AT_END
36.75,36.750021126670134,,,,PENDING_AT_END
37.099999999999994,37.39488157301149,,,,PENDING_AT_END
37.449999999999996,37.786718766659085,,,,PENDING_AT_END
37.8,37.820205868529044,,,,PENDING_AT_END
38.15,38.46978187339939,,,,PENDING_AT_END
38.5,38.530831748966676,,,,PENDING_AT_END
38.849999999999994,39.10977870223492,,,,PENDING_AT_END
39.199999999999996,39.35004425492803,,,,PENDING_AT_END
39.55,39.93854861452398,,,,PENDING_AT_END
39.9,40.12615878771475,,,,PENDING_AT_END
40.25,40.62149460283281,,,,PENDING_AT_END
40.599999999999994,40.92369676673309,,,,PENDING_AT_END
40.949999999999996,41.0821813577462,,,,PENDING_AT_END
41.3,41.694042784880224,,,,PENDING_AT_END
41.65,41.67327989597768,,,,PENDING_AT_END
42.0,42.142214972355575,,,,PENDING_AT_END
42.349999999999994,42.383053507239566,,,,PENDING_AT_END
42.699999999999996,42.80678304743048,,,,PENDING_AT_END
43.05,43.29659473115356,,,,PENDING_AT_END
43.4,43.58479563770711,,,,PENDING_AT_END
43.75,44.10845014832023,,,,PENDING_AT_END
44.099999999999994,44.34140574873807,,,,PENDING_AT_END
44.449999999999996,44.71303375625232,,,,PENDING_AT_END
44.8,44.94579666730992,,,,PENDING_AT_END
45.15,45.548627865037396,,,,PENDING_AT_END
45.5,45.58821721793059,,,,PENDING_AT_END
45.849999999999994,46.053433825783216,,,,PENDING_AT_END
46.199999999999996,46.25628004455779,,,,PENDING_AT_END
46.55,46.94567589653228,,,,PENDING_AT_END
46.9,47.27683931063458,,,,PENDING_AT_END
47.25,47.36524145855472,,,,PENDING_AT_END
47.599999999999994,47.97603726683592,,,,PENDING_AT_END
47.949999999999996,48.02639448971569,,,,PENDING_AT_END
48.3,48.512401238113796,,,,PENDING_AT_END
48.65,48.72119235715656,,,,PENDING_AT_END
49.0,49.283166583716664,,,,PENDING_AT_END
49.349999999999994,49.672916861968986,,,,PENDING_AT_END
49.699999999999996,50.0322588791874,,,,PENDING_AT_END
50.05,50.12724028236539,,,,PENDING_AT_END
50.4,50.762281547961756,,,,PENDING_AT_END
50.75,50.983152106843875,,,,PENDING_AT_END
51.099999999999994,51.22828693518302,,,,PENDING_AT_END
51.449999999999996,51.624598955855596,,,,PENDING_AT_END
51.8,52.155850663360766,,,,PENDING_AT_END
52.15,52.405540646271795,,,,PENDING_AT_END
52.5,52.78285545480179,,,,PENDING_AT_END
52.849999999999994,52.88761474937043,,,,PENDING_AT_END
53.199999999999996,53.46859393709419,,,,PENDING_AT_END
53.55,53.86914618694411,,,,PENDING_AT_END
53.9,54.002957690478674,,,,PENDING_AT_END
54.25,54.47232837579915,,,,PENDING_AT_END
54.599999999999994,54.98818174728103,,,,PENDING_AT_END
54.949999999999996,54.968305294159315,,,,PENDING_AT_END
55.3,55.64988555373557,,,,PENDING_AT_END
55.65,55.66671662388104,,,,PENDING_AT_END
56.0,56.04600536794547,,,,PENDING_AT_END
56.349999999999994,56.68704695533313,,,,PENDING_AT_END
56.699999999999996,56.79267288116049,,,,PENDING_AT_END
57.05,57.27582139303182,,,,PENDING_AT_END
57.4,57.54496969458234,,,,PENDING_AT_END
57.74999999999999,57.796210694633196,,,,PENDING_AT_END
58.099999999999994,58.45790864378776,,,,PENDING_AT_END
58.449999999999996,58.69979396035104,,,,PENDING_AT_END
58.8,59.16145432408587,,,,PENDING_AT_END
59.15,59.18471079924161,,,,PENDING_AT_END
59.49999999999999,59.62149491472213,,,,PENDING_AT_END
59.849999999999994,59.92776612999954,,,,PENDING_AT_END
60.199999999999996,60.26735688894525,,,,PENDING_AT_END
60.55,60.785609567771104,,,,PENDING_AT_END
60.9,61.26717942668488,,,,PENDING_AT_END
61.24999999999999,61.44671476346834,,,,PENDING_AT_END
61.599999999999994,61.675897854696444,,,,PENDING_AT_END
61.949999999999996,61.96996491979791,,,,PENDING_AT_END
62.3,62.46043219374344,,,,PENDING_AT_END
62.65,62.97559707109247,,,,PENDING_AT_END
62.99999999999999,63.388933032124235,,,,PENDING_AT_END
63.349999999999994,63.427162373721146,,,,PENDING_AT_END
63.699999999999996,63.84711823877321,,,,PENDING_AT_END
64.05,64.3149712576713,,,,PENDING_AT_END
64.39999999999999,64.45854602503151,,,,PENDING_AT_END
64.75,64.86648121242493,,,,PENDING_AT_END
65.1,65.49961253563592,,,,PENDING_AT_END
65.45,65.79401155175746,,,,PENDING_AT_END
65.8,66.04890848252087,,,,PENDING_AT_END
66.14999999999999,66.52635150717542,,,,PENDING_AT_END
66.5,66.73136583020226,,,,PENDING_AT_END
66.85,67.23053137736943,,,,PENDING_AT_END
67.19999999999999,67.22164499138833,,,,PENDING_AT_END
67.55,67.7781304422626,,,,PENDING_AT_END
67.89999999999999,67.94911235600314,,,,PENDING_AT_END
68.25,68.5476677834771,,,,PENDING_AT_END
68.6,68.76167859439713,,,,PENDING_AT_END
68.94999999999999,69.19709849688098,,,,PENDING_AT_END
69.3,69.65368280796504,,,,PENDING_AT_END
69.64999999999999,69.78860610696778,,,,PENDING_AT_END
70.0,70.32540390553464,,,,PENDING_AT_END
70.35,70.35492255958656,,,,PENDING_AT_END
70.69999999999999,70.94785362356896,,,,PENDING_AT_END
71.05,71.21054856583446,,,,PENDING_AT_END
71.39999999999999,71.50544568655532,,,,PENDING_AT_END
71.75,71.78760076976789,,,,PENDING_AT_END
72.1,72.28112009262608,,,,PENDING_AT_END
72.44999999999999,72.54341506571257,,,,PENDING_AT_END
72.8,73.18322287511963,,,,PENDING_AT_END
73.14999999999999,73.2844318945303,,,,PENDING_AT_END
73.5,73.69811286775203,,,,PENDING_AT_END
73.85,74.00310851812856,,,,PENDING_AT_END
74.19999999999999,74.42035493663278,,,,PENDING_AT_END
74.55,74.92492564007527,,,,PENDING_AT_END
74.89999999999999,74.91324011340485,,,,PENDING_AT_END
75.25,75.53968803779199,,,,PENDING_AT_END
75.6,75.61936231460652,,,,PENDING_AT_END
75.94999999999999,76.33707310566052,,,,PENDING_AT_END
76.3,76.48426522374747,,,,PENDING_AT_END
76.64999999999999,76.79270042999484,,,,PENDING_AT_END
77.0,77.35179160469676,,,,PENDING_AT_END
77.35,77.59763212211217,,,,PENDING_AT_END
77.69999999999999,77.71000383338912,,,,PENDING_AT_END
78.05,78.17135624901327,,,,PENDING_AT_END
78.39999999999999,78.71194114421421,,,,PENDING_AT_END
78.75,79.00497640418004,,,,PENDING_AT_END
79.1,79.19101934559541,,,,PENDING_AT_END
79.44999999999999,79.60353161061798,,,,PENDING_AT_END
79.8,79.95215266631324,,,,PENDING_AT_END
80.14999999999999,80.48801824540199,,,,PENDING_AT_END
80.5,80.84035669194424,,,,PENDING_AT_END
80.85,81.22408427471362,,,,PENDING_AT_END
81.19999999999999,81.26172976033175,,,,PENDING_AT_END
81.55,81.68621567435248,,,,PENDING_AT_END
81.89999999999999,82.20262165642275,,,,PENDING_AT_END
82.25,82.46077547720822,,,,PENDING_AT_END
82.6,82.61845403301984,,,,PENDING_AT_END
82.94999999999999,83.25286911551319,,,,PENDING_AT_END
83.3,83.69268092585462,,,,PENDING_AT_END
83.64999999999999,83.80377152388702,,,,PENDING_AT_END
84.0,84.0317308126865,,,,PENDING_AT_END
84.35,84.54871940933629,,,,PENDING_AT_END
84.69999999999999,84.90277918412653,,,,PENDING_AT_END
85.05,85.39525467906337,,,,PENDING_AT_END
85.39999999999999,85.62827878970647,,,,PENDING_AT_END
85.75,85.90329174204649,,,,PENDING_AT_END
86.1,86.16874737315004,,,,PENDING_AT_END
86.44999999999999,86.8015225010844,,,,PENDING_AT_END
86.8,86.80819471865003,,,,PENDING_AT_END
87.14999999999999,87.4979264342545,,,,PENDING_AT_END
87.5,87.88922901216631,,,,PENDING_AT_END
87.85,88.01977610203508,,,,PENDING_AT_END
88.19999999999999,88.51524220539119,,,,PENDING_AT_END
88.55,88.77238294996651,,,,PENDING_AT_END
88.89999999999999,88.95439542846974,,,,PENDING_AT_END
89.25,89.40846061433453,,,,PENDING_AT_END
89.6,89.78031328571771,,,,PENDING_AT_END
89.94999999999999,90.07917520673328,,,,PENDING_AT_END
90.3,90.46096413626411,,,,PENDING_AT_END
90.64999999999999,90.8787375525507,,,,PENDING_AT_END
91.0,91.18575547195582,,,,PENDING_AT_END
91.35,91.74619499272006,,,,PENDING_AT_END
91.69999999999999,92.04543640245444,,,,PENDING_AT_END
92.05,92.41211116529307,,,,PENDING_AT_END
92.39999999999999,92.47983648002504,,,,PENDING_AT_END
92.75,92.92579370131634,,,,PENDING_AT_END
93.1,93.11728599505071,,,,PENDING_AT_END
93.44999999999999,93.50993288549961,,,,PENDING_AT_END
93.8,93.84711853620247,,,,PENDING_AT_END
94.14999999999999,94.40940708470642,,,,PENDING_AT_END
94.5,94.57548416048635,,,,PENDING_AT_END
94.85,95.11505218522791,,,,PENDING_AT_END
95.19999999999999,95.45955002410261,,,,PENDING_AT_END
95.55,95.63036758548155,,,,PENDING_AT_END
95.89999999999999,96.08779376272243,,,,PENDING_AT_END
96.25,96.27220796487453,,,,PENDING_AT_END
96.6,96.7885261754073,,,,PENDING_AT_END
96.94999999999999,97.07810564276184,,,,PENDING_AT_END
97.3,97.46955985994789,,,,PENDING_AT_END
97.64999999999999,97.70944423130847,,,,PENDING_AT_END
98.0,98.34541205949577,,,,PENDING_AT_END
98.35,98.42090491118716,,,,PENDING_AT_END
98.69999999999999,98.89037031342662,,,,PENDING_AT_END
99.05,99.43804432943067,,,,PENDING_AT_END
99.39999999999999,99.46851927025675,,,,PENDING_AT_END
99.75,99.92775089729807,,,,PENDING_AT_END
100.1,100.28998914543973,,,,PENDING_AT_END
100.44999999999999,100.62789210307469,,,,PENDING_AT_END
100.8,101.10276892123598,,,,PENDING_AT_END
101.14999999999999,101.46457378958168,,,,PENDING_AT_END
101.5,101.71009380375142,,,,PENDING_AT_END
101.85,102.03772942127782,,,,PENDING_AT_END
102.19999999999999,102.37332828724769,,,,PENDING_AT_END
102.55,102.86110771390967,,,,PENDING_AT_END
102.89999999999999,103.1413259597809,,,,PENDING_AT_END
103.25,103.54754733953646,,,,PENDING_AT_END
103.6,103.69295298208226,,,,PENDING_AT_END
103.94999999999999,103.97148525650891,,,,PENDING_AT_END
104.3,104.623842996243,,,,PENDING_AT_END
104.64999999999999,105.03491537766824,,,,PENDING_AT_END
105.0,105.33602213303678,,,,PENDING_AT_END
105.35,105.64088574415433,,,,PENDING_AT_END
105.69999999999999,105.89555527779507,,,,PENDING_AT_END
106.05,106.33082730423932,,,,PENDING_AT_END
106.39999999999999,106.52846617293439,,,,PENDING_AT_END
106.75,106.89832856906636,,,,PENDING_AT_END
107.1,107.30989469721297,,,,PENDING_AT_END
107.44999999999999,107.6070000045307,,,,PENDING_AT_END
107.8,108.0968323721222,,,,PENDING_AT_END
108.14999999999999,108.30446085635838,,,,PENDING_AT_END
108.5,108.54552707667273,,,,PENDING_AT_END
108.85,109.02861642802432,,,,PENDING_AT_END
109.19999999999999,109.26808991022963,,,,PENDING_AT_END
109.55,109.82979706742056,,,,PENDING_AT_END
109.89999999999999,109.92931209687815,,,,PENDING_AT_END
110.25,110.46752350674129,,,,PENDING_AT_END
110.6,110.62855505814855,,,,PENDING_AT_END
110.94999999999999,111.15034718276075,,,,PENDING_AT_END
111.3,111.6789156216815,,,,PENDING_AT_END
111.64999999999999,111.82451268074185,,,,PENDING_AT_END
112.0,112.0514509971413,,,,PENDING_AT_END
112.35,112.72966466273726,,,,PENDING_AT_END
112.69999999999999,113.08756385276814,,,,PENDING_AT_END
113.05,113.1862532970165,,,,PENDING_AT_END
113.39999999999999,113.68508996814326,,,,PENDING_AT_END
113.74999999999999,114.09254111771345,,,,PENDING_AT_END
114.1,114.30147093749483,,,,PENDING_AT_END
114.44999999999999,114.65644490009905,,,,PENDING_AT_END
114.8,115.19269642683888,,,,PENDING_AT_END
115.14999999999999,115.50622282194779,,,,PENDING_AT_END
115.49999999999999,115.79840844172303,,,,PENDING_AT_END
115.85,116.14467906716484,,,,PENDING_AT_END
116.19999999999999,116.47232852777725,,,,PENDING_AT_END
116.55,116.87091977960019,,,,PENDING_AT_END
116.89999999999999,117.2396169973831,,,,PENDING_AT_END
117.24999999999999,117.39349005951756,,,,PENDING_AT_END
117.6,117.89992132304755,,,,PENDING_AT_END
117.94999999999999,118.20008362555211,,,,PENDING_AT_END
118.3,118.34342230118939,,,,PENDING_AT_END
118.64999999999999,118.71883969195717,,,,PENDING_AT_END
118.99999999999999,119.03216626846323,,,,PENDING_AT_END
119.35,119.69563800074084,,,,PENDING_AT_END
119.69999999999999,119.70282694001827,,,,PENDING_AT_END
120.05,120.18404767696875,,,,PENDING_AT_END
120.39999999999999,120.79247688799008,,,,PENDING_AT_END
120.74999999999999,121.13298952134568,,,,PENDING_AT_END
121.1,121.12742401455594,,,,PENDING_AT_END
121.44999999999999,121.77883848791672,,,,PENDING_AT_END
121.8,122.15600206918121,,,,PENDING_AT_END
122.14999999999999,122.4805667773136,,,,PENDING_AT_END
122.49999999999999,122.79110479281321,,,,PENDING_AT_END
122.85,123.14710602810578,,,,PENDING_AT_END
123.19999999999999,123.34861611076306,,,,PENDING_AT_END
123.55,123.93874421978565,,,,PENDING_AT_END
123.89999999999999,124.02631427414646,,,,PENDING_AT_END
124.24999999999999,124.63471705095962,,,,PENDING_AT_END
124.6,124.90962584438458,,,,PENDING_AT_END
124.94999999999999,125.263129380039,,,,PENDING_AT_END
125.3,125.33229342589736,,,,PENDING_AT_END
125.64999999999999,125.82233021733337,,,,PENDING_AT_END
125.99999999999999,126.13035717318401,,,,PENDING_AT_END
126.35,126.37123677235374,,,,PENDING_AT_END
126.69999999999999,126.8004690134905,,,,PENDING_AT_END
127.05,127.37051733139826,,,,PENDING_AT_END
127.39999999999999,127.4700708280118,,,,PENDING_AT_END
127.74999999999999,127.80590839650647,,,,PENDING_AT_END
128.1,128.107009491279,,,,PENDING_AT_END
128.45,128.5726181011084,,,,PENDING_AT_END
128.79999999999998,128.9847419070613,,,,PENDING_AT_END
129.15,129.26121779518175,,,,PENDING_AT_END
129.5,129.7631563999807,,,,PENDING_AT_END
129.85,130.10305436702149,,,,PENDING_AT_END
130.2,130.52446599031896,,,,PENDING_AT_END
130.54999999999998,130.90365099127908,,,,PENDING_AT_END
130.9,131.2755083568064,,,,PENDING_AT_END
131.25,131.4084144803747,,,,PENDING_AT_END
131.6,131.77502349660168,,,,PENDING_AT_END
131.95,132.33693415698144,,,,PENDING_AT_END
132.29999999999998,132.4520637626649,,,,PENDING_AT_END
132.65,132.8486334147241,,,,PENDING_AT_END
133.0,133.17628332624884,,,,PENDING_AT_END
133.35,133.56855367993214,,,,PENDING_AT_END
133.7,133.80301911339188,,,,PENDING_AT_END
134.04999999999998,134.4149236012369,,,,PENDING_AT_END
134.39999999999998,134.75800428352568,,,,PENDING_AT_END
134.75,134.85880288661082,,,,PENDING_AT_END
135.1,135.18324867969247,,,,PENDING_AT_END
135.45,135.7519160261927,,,,PENDING_AT_END
135.79999999999998,136.07799604327445,,,,PENDING_AT_END
136.14999999999998,136.26478521319865,,,,PENDING_AT_END
136.5,136.82040238364124,,,,PENDING_AT_END
136.85,137.03253795944855,,,,PENDING_AT_END
137.2,137.25509881155944,,,,PENDING_AT_END
137.54999999999998,137.6452581292497,,,,PENDING_AT_END
137.89999999999998,138.0365083017125,,,,PENDING_AT_END
138.25,138.3525527701292,,,,PENDING_AT_END
138.6,138.9563132086067,,,,PENDING_AT_END
138.95,139.33394820770053,,,,PENDING_AT_END
139.29999999999998,139.6009045038533,,,,PENDING_AT_END
139.64999999999998,139.74227887064285,,,,PENDING_AT_END
140.0,140.23374790556784,,,,PENDING_AT_END
140.35,140.68846121039437,,,,PENDING_AT_END
140.7,140.75319749949387,,,,PENDING_AT_END
141.04999999999998,141.26897783424474,,,,PENDING_AT_END
141.39999999999998,141.62673635633485,,,,PENDING_AT_END
141.75,141.89075585352225,,,,PENDING_AT_END
142.1,142.26568573912684,,,,PENDING_AT_END
142.45,142.64094742225672,,,,PENDING_AT_END
142.79999999999998,143.1758855996645,,,,PENDING_AT_END
143.14999999999998,143.24782765338745,,,,PENDING_AT_END
143.5,143.8598976539643,,,,PENDING_AT_END
143.85,144.0690329735069,,,,PENDING_AT_END
144.2,144.4440965690921,,,,PENDING_AT_END
144.54999999999998,144.60346635751168,,,,PENDING_AT_END
144.89999999999998,145.10455984658637,,,,PENDING_AT_END
145.25,145.57049205860056,,,,PENDING_AT_END
145.6,145.79746975920776,,,,PENDING_AT_END
145.95,146.04975909976406,,,,PENDING_AT_END
146.29999999999998,146.62210600618758,,,,PENDING_AT_END
146.64999999999998,146.66298089092822,,,,PENDING_AT_END
147.0,147.36283720708298,,,,PENDING_AT_END
147.35,147.67219839364176,,,,PENDING_AT_END
147.7,147.77572699293177,,,,PENDING_AT_END
148.04999999999998,148.29476528912417,,,,PENDING_AT_END
148.39999999999998,148.66905186673625,,,,PENDING_AT_END
148.75,148.96844986421553,,,,PENDING_AT_END
149.1,149.36258213402627,,,,PENDING_AT_END
149.45,149.82801481137267,,,,PENDING_AT_END
149.79999999999998,150.16634556208382,,,,PENDING_AT_END
150.14999999999998,150.25180473679694,,,,PENDING_AT_END
150.5,150.69288334359635,,,,PENDING_AT_END
150.85,150.998359428239,,,,PENDING_AT_END
151.2,151.24339922223885,,,,PENDING_AT_END
151.54999999999998,151.6548382217317,,,,PENDING_AT_END
151.89999999999998,152.14463687055303,,,,PENDING_AT_END
152.25,152.60292467519236,,,,PENDING_AT_END
152.6,152.61497873339593,,,,PENDING_AT_END
152.95,153.01366633463175,,,,PENDING_AT_END
153.29999999999998,153.54239425839657,,,,PENDING_AT_END
153.64999999999998,153.70809649030053,,,,PENDING_AT_END
154.0,154.22523910863578,,,,PENDING_AT_END
154.35,154.4467008538725,,,,PENDING_AT_END
154.7,154.8720350976157,,,,PENDING_AT_END
155.04999999999998,155.41339817817257,,,,PENDING_AT_END
155.39999999999998,155.7326509636278,,,,PENDING_AT_END
155.75,155.86739387083225,,,,PENDING_AT_END
156.1,156.41741346974786,,,,PENDING_AT_END
156.45,156.783056612437,,,,PENDING_AT_END
156.79999999999998,156.94906671967365,,,,PENDING_AT_END
157.14999999999998,157.44228747186338,,,,PENDING_AT_END
157.5,157.57559806276663,,,,PENDING_AT_END
157.85,157.9401389123383,,,,PENDING_AT_END
158.2,158.4712230134984,,,,PENDING_AT_END
158.54999999999998,158.8900365469136,,,,PENDING_AT_END
158.89999999999998,159.16434148009392,,,,PENDING_AT_END
159.25,159.43423555408725,,,,PENDING_AT_END
159.6,159.66924709246027,,,,PENDING_AT_END
159.95,160.10294183197766,,,,PENDING_AT_END
160.29999999999998,160.35464808780355,,,,PENDING_AT_END
160.64999999999998,160.99340943662577,,,,PENDING_AT_END
161.0,161.19803703483302,,,,PENDING_AT_END
161.35,161.36930330491444,,,,PENDING_AT_END
161.7,161.8200659466628,,,,PENDING_AT_END
162.04999999999998,162.33073468861775,,,,PENDING_AT_END
162.39999999999998,162.6399431096442,,,,PENDING_AT_END
162.75,162.9920838908664,,,,PENDING_AT_END
163.1,163.34194219637052,,,,PENDING_AT_END
163.45,163.49975069291423,,,,PENDING_AT_END
163.79999999999998,163.83631343421453,,,,PENDING_AT_END
164.14999999999998,164.4209240756794,,,,PENDING_AT_END
164.5,164.81326524630083,,,,PENDING_AT_END
164.85,164.9924811378913,,,,PENDING_AT_END
165.2,165.24862064756348,,,,PENDING_AT_END
165.54999999999998,165.62660282837183,,,,PENDING_AT_END
165.89999999999998,165.99546608175552,,,,PENDING_AT_END
166.25,166.63995881891913,,,,PENDING_AT_END
166.6,166.83319902715706,,,,PENDING_AT_END
166.95,167.1446790673345,,,,PENDING_AT_END
167.29999999999998,167.39054107374724,,,,PENDING_AT_END
167.64999999999998,167.6861311166752,,,,PENDING_AT_END
168.0,168.01827995553668,,,,PENDING_AT_END
168.35,168.43927485675616,,,,PENDING_AT_END
168.7,168.90412668792908,,,,PENDING_AT_END
169.04999999999998,169.3825436141054,,,,PENDING_AT_END
169.39999999999998,169.78843288006732,,,,PENDING_AT_END
169.75,170.04820544440315,,,,PENDING_AT_END
170.1,170.15752255608467,,,,PENDING_AT_END
170.45,170.47401892749997,,,,PENDING_AT_END
170.79999999999998,170.8032141648586,,,,PENDING_AT_END
171.14999999999998,171.3829152137539,,,,PENDING_AT_END
171.5,171.79431912286765,,,,PENDING_AT_END
171.85,172.0643402535804,,,,PENDING_AT_END
172.2,172.41852275199767,,,,PENDING_AT_END
172.54999999999998,172.7396590135326,,,,PENDING_AT_END
172.89999999999998,173.03805203728535,,,,PENDING_AT_END
173.25,173.59834401776897,,,,PENDING_AT_END
173.6,173.9625579639123,,,,PENDING_AT_END
173.95,173.96158140055564,,,,PENDING_AT_END
174.29999999999998,174.5920355153137,,,,PENDING_AT_END
174.64999999999998,174.72968634172065,,,,PENDING_AT_END
175.0,175.257553518451,,,,PENDING_AT_END
175.35,175.72880333506973,,,,PENDING_AT_END
175.7,176.00202058277767,,,,PENDING_AT_END
176.04999999999998,176.23410881598588,,,,PENDING_AT_END
176.39999999999998,176.52533639386564,,,,PENDING_AT_END
176.75,176.79088033671462,,,,PENDING_AT_END
177.1,177.44492903413308,,,,PENDING_AT_END
177.45,177.81080973320803,,,,PENDING_AT_END
177.79999999999998,177.97005144718165,,,,PENDING_AT_END
178.14999999999998,178.41343882528992,,,,PENDING_AT_END
178.5,178.89239428562524,,,,PENDING_AT_END
178.85,179.03772024252365,,,,PENDING_AT_END
179.2,179.51306071215458,,,,PENDING_AT_END
179.54999999999998,179.90997641165976,,,,PENDING_AT_END
179.89999999999998,180.11854803794859,,,,PENDING_AT_END
180.25,180.42303864457602,,,,PENDING_AT_END
180.6,180.61919312378902,,,,PENDING_AT_END
180.95,181.12582762009265,,,,PENDING_AT_END
181.29999999999998,181.46940252249968,,,,PENDING_AT_END
181.64999999999998,181.81771106158521,,,,PENDING_AT_END
182.0,182.253202202858,,,,PENDING_AT_END
182.35,182.45225325525215,,,,PENDING_AT_END
182.7,182.88365842750653,,,,PENDING_AT_END
183.04999999999998,183.17842857583904,,,,PENDING_AT_END
183.39999999999998,183.77232299698238,,,,PENDING_AT_END
183.75,184.11679100039674,,,,PENDING_AT_END
184.1,184.20100466257034,,,,PENDING_AT_END
184.45,184.7037535811436,,,,PENDING_AT_END
184.79999999999998,184.80937529095402,,,,PENDING_AT_END
185.14999999999998,185.36255543473163,,,,PENDING_AT_END
185.5,185.56522214375957,,,,PENDING_AT_END
185.85,185.95381347563645,,,,PENDING_AT_END
186.2,186.3648403303767,,,,PENDING_AT_END
186.54999999999998,186.78999686038813,,,,PENDING_AT_END
186.89999999999998,186.93867989109623,,,,PENDING_AT_END
187.25,187.3874959535334,,,,PENDING_AT_END
187.6,187.73805525073217,,,,PENDING_AT_END
187.95,188.03897734490766,,,,PENDING_AT_END
188.29999999999998,188.5218738863209,,,,PENDING_AT_END
188.64999999999998,189.02344196101262,,,,PENDING_AT_END
189.0,189.11762793207413,,,,PENDING_AT_END
189.35,189.47468772198906,,,,PENDING_AT_END
189.7,189.74465927256574,,,,PENDING_AT_END
190.04999999999998,190.4302508941917,,,,PENDING_AT_END
190.39999999999998,190.62445537635813,,,,PENDING_AT_END
190.75,191.0416863389388,,,,PENDING_AT_END
191.1,191.13586773418385,,,,PENDING_AT_END
191.45,191.71012483487914,,,,PENDING_AT_END
191.79999999999998,192.17610654973723,,,,PENDING_AT_END
192.14999999999998,192.25657725363328,,,,PENDING_AT_END
192.5,192.5348653969067,,,,PENDING_AT_END
192.85,193.0731637295892,,,,PENDING_AT_END
193.2,193.31030077689803,,,,PENDING_AT_END
193.54999999999998,193.82099865532697,,,,PENDING_AT_END
193.89999999999998,194.22068949776025,,,,PENDING_AT_END
194.25,194.57864310073188,,,,PENDING_AT_END
194.6,194.78841010304555,,,,PENDING_AT_END
194.95,195.0468826935915,,,,PENDING_AT_END
195.29999999999998,195.36951494599387,,,,PENDING_AT_END
195.64999999999998,195.86120447350908,,,,PENDING_AT_END
196.0,196.17949373381293,,,,PENDING_AT_END
196.35,196.47860476435736,,,,PENDING_AT_END
196.7,197.07681807923285,,,,PENDING_AT_END
197.04999999999998,197.06114549820333,,,,PENDING_AT_END
197.39999999999998,197.71400381852976,,,,PENDING_AT_END
197.75,197.77035463753538,,,,PENDING_AT_END
198.1,198.27679954204186,,,,PENDING_AT_END
198.45,198.69507236320158,,,,PENDING_AT_END
198.79999999999998,199.01867093470585,,,,PENDING_AT_END
199.14999999999998,199.54112337732676,,,,PENDING_AT_END
199.5,199.6178838177923,,,,PENDING_AT_END
199.85,199.89958672202172,,,,PENDING_AT_END
200.2,200.46634023051234,,,,PENDING_AT_END
200.54999999999998,200.80016947024987,,,,PENDING_AT_END
200.89999999999998,201.0464613375699,,,,PENDING_AT_END
201.25,201.26270231748407,,,,PENDING_AT_END
201.6,201.77713540253032,,,,PENDING_AT_END
201.95,202.07329985378254,,,,PENDING_AT_END
202.29999999999998,202.3208315227529,,,,PENDING_AT_END
202.64999999999998,202.92336413359675,,,,PENDING_AT_END
203.0,203.01896809586174,,,,PENDING_AT_END
203.35,203.51847849535446,,,,PENDING_AT_END
203.7,203.8970455996277,,,,PENDING_AT_END
204.04999999999998,204.32247571707396,,,,PENDING_AT_END
204.39999999999998,204.58656206146145,,,,PENDING_AT_END
204.75,204.9037994907041,,,,PENDING_AT_END
205.1,205.24511905695724,,,,PENDING_AT_END
205.45,205.45835760335314,,,,PENDING_AT_END
205.79999999999998,206.19453181514464,,,,PENDING_AT_END
206.14999999999998,206.25109117610208,,,,PENDING_AT_END
206.5,206.6231840154516,,,,PENDING_AT_END
206.85,206.95323341595193,,,,PENDING_AT_END
207.2,207.34436498345298,,,,PENDING_AT_END
207.54999999999998,207.73098789510735,,,,PENDING_AT_END
207.89999999999998,207.93602718772547,,,,PENDING_AT_END
208.25,208.32933064291018,,,,PENDING_AT_END
208.6,208.65266481083765,,,,PENDING_AT_END
208.95,209.3279904509393,,,,PENDING_AT_END
209.29999999999998,209.63346316670803,,,,PENDING_AT_END
209.64999999999998,209.8938832737793,,,,PENDING_AT_END
210.0,210.03206183898567,,,,PENDING_AT_END
210.35,210.41302124147623,,,,PENDING_AT_END
210.7,210.9151749126504,,,,PENDING_AT_END
211.04999999999998,211.34437628830878,,,,PENDING_AT_END
211.39999999999998,211.6995634806512,,,,PENDING_AT_END
211.75,212.09089224311714,,,,PENDING_AT_END
212.1,212.24928186754502,,,,PENDING_AT_END
212.45,212.70306683255376,,,,PENDING_AT_END
212.79999999999998,212.93218128774234,,,,PENDING_AT_END
213.14999999999998,213.34984893285662,,,,PENDING_AT_END
213.5,213.70344091516012,,,,PENDING_AT_END
213.85,213.97342084557457,,,,PENDING_AT_END
214.2,214.38354108247904,,,,PENDING_AT_END
214.54999999999998,214.56242485872096,,,,PENDING_AT_END
214.89999999999998,215.27916260856847,,,,PENDING_AT_END
215.25,215.47147084217448,,,,PENDING_AT_END
215.6,215.63643177058347,,,,PENDING_AT_END
215.95,216.21169898656115,,,,PENDING_AT_END
216.29999999999998,216.48925776905267,,,,PENDING_AT_END
216.64999999999998,216.7007101080173,,,,PENDING_AT_END
217.0,217.0715010255475,,,,PENDING_AT_END
217.35,217.6142144068596,,,,PENDING_AT_END
217.7,217.9561600322146,,,,PENDING_AT_END
218.04999999999998,218.36644305255695,,,,PENDING_AT_END
218.39999999999998,218.43526200759817,,,,PENDING_AT_END
218.75,218.9530205222024,,,,PENDING_AT_END
219.1,219.3652451070382,,,,PENDING_AT_END
219.45,219.7096167895209,,,,PENDING_AT_END
219.79999999999998,220.18748665081765,,,,PENDING_AT_END
220.14999999999998,220.22412894311185,,,,PENDING_AT_END
220.5,220.69094565357346,,,,PENDING_AT_END
220.85,220.87561751015167,,,,PENDING_AT_END
221.2,221.391293209967,,,,PENDING_AT_END
221.54999999999998,221.78502112264462,,,,PENDING_AT_END
221.89999999999998,222.0457444025692,,,,PENDING_AT_END
222.25,222.54838052080862,,,,PENDING_AT_END
222.6,222.6407609709714,,,,PENDING_AT_END
222.95,223.1022354718113,,,,PENDING_AT_END
223.29999999999998,223.37108338710667,,,,PENDING_AT_END
223.64999999999998,223.85190976592537,,,,PENDING_AT_END
224.0,224.26476230821305,,,,PENDING_AT_END
224.35,224.37867637836925,,,,PENDING_AT_END
224.7,225.02735164105195,,,,PENDING_AT_END
225.04999999999998,225.08158713147495,,,,PENDING_AT_END
225.39999999999998,225.57940640949374,,,,PENDING_AT_END
225.74999999999997,226.01846235266342,,,,PENDING_AT_END
226.1,226.41064919174252,,,,PENDING_AT_END
226.45,226.76527665673694,,,,PENDING_AT_END
226.79999999999998,227.14554343735702,,,,PENDING_AT_END
227.14999999999998,227.1919552016862,,,,PENDING_AT_END
227.49999999999997,227.79700064654637,,,,PENDING_AT_END
227.85,227.90202859939464,,,,PENDING_AT_END
228.2,228.41433689885082,,,,PENDING_AT_END
228.54999999999998,228.82340765096453,,,,PENDING_AT_END
228.89999999999998,228.90763822515072,,,,PENDING_AT_END
229.24999999999997,229.26763281573497,,,,PENDING_AT_END
229.6,229.85305778890242,,,,PENDING_AT_END
229.95,230.11357581220574,,,,PENDING_AT_END
230.29999999999998,230.41806150005996,,,,PENDING_AT_END
230.64999999999998,230.73231064858464,,,,PENDING_AT_END
230.99999999999997,231.04815780917622,,,,PENDING_AT_END
231.35,231.52302749717663,,,,PENDING_AT_END
231.7,232.09574732991706,,,,PENDING_AT_END
232.04999999999998,232.1894973390665,,,,PENDING_AT_END
232.39999999999998,232.41986949981435,,,,PENDING_AT_END
232.74999999999997,233.09844165000388,,,,PENDING_AT_END
233.1,233.4893358542977,,,,PENDING_AT_END
233.45,233.74993733184607,,,,PENDING_AT_END
233.79999999999998,233.98207175607544,,,,PENDING_AT_END
234.14999999999998,234.4414120211964,,,,PENDING_AT_END
234.49999999999997,234.69917609485432,,,,PENDING_AT_END
234.85,235.11757475585333,,,,PENDING_AT_END
235.2,235.5282551506744,,,,PENDING_AT_END
235.54999999999998,235.66876873773586,,,,PENDING_AT_END
235.89999999999998,236.2494593471539,,,,PENDING_AT_END
236.24999999999997,236.6287092231323,,,,PENDING_AT_END
236.6,236.9467058781036,,,,PENDING_AT_END
236.95,237.13254123045874,,,,PENDING_AT_END
237.29999999999998,237.60638540982401,,,,PENDING_AT_END
237.64999999999998,237.82667674018984,,,,PENDING_AT_END
237.99999999999997,238.25747535922622,,,,PENDING_AT_END
238.35,238.71145821087654,,,,PENDING_AT_END
238.7,238.7837252983232,,,,PENDING_AT_END
239.04999999999998,239.31620848063184,,,,PENDING_AT_END
239.39999999999998,239.52387571890478,,,,PENDING_AT_END
239.74999999999997,240.01198542530594,,,,PENDING_AT_END
240.1,240.39389211988234,,,,PENDING_AT_END
240.45,240.51051717097772,,,,PENDING_AT_END
240.79999999999998,240.97850822044634,,,,PENDING_AT_END
241.14999999999998,241.51417814018134,,,,PENDING_AT_END
241.49999999999997,241.88693565536354,,,,PENDING_AT_END
241.85,241.95454622311829,,,,PENDING_AT_END
242.2,242.59437878714175,,,,PENDING_AT_END
242.54999999999998,242.8295021060098,,,,PENDING_AT_END
242.89999999999998,243.2058082059321,,,,PENDING_AT_END
243.24999999999997,243.33793311128832,,,,PENDING_AT_END
243.6,243.96046705083867,,,,PENDING_AT_END
243.95,244.32851217269484,,,,PENDING_AT_END
244.29999999999998,244.3916125219428,,,,PENDING_AT_END
244.64999999999998,244.7898899915773,,,,PENDING_AT_END
244.99999999999997,245.3417249768285,,,,PENDING_AT_END
245.35,245.42345028724898,,,,PENDING_AT_END
245.7,245.8929617067564,,,,PENDING_AT_END
246.04999999999998,246.27868807538036,,,,PENDING_AT_END
246.39999999999998,246.7694030749908,,,,PENDING_AT_END
246.74999999999997,246.85313932752578,,,,PENDING_AT_END
247.1,247.4708112029967,,,,PENDING_AT_END
247.45,247.58406612498055,,,,PENDING_AT_END
247.79999999999998,247.92217367974294,,,,PENDING_AT_END
248.14999999999998,248.32264708269884,,,,PENDING_AT_END
248.49999999999997,248.76854819103275,,,,PENDING_AT_END
248.85,249.1269679894568,,,,PENDING_AT_END
249.2,249.3456961046307,,,,PENDING_AT_END
249.54999999999998,249.72212532109276,,,,PENDING_AT_END
249.89999999999998,250.24759943085797,,,,PENDING_AT_END
250.24999999999997,250.33326119585521,,,,PENDING_AT_END
250.6,250.77368329859004,,,,PENDING_AT_END
250.95,251.0925250277984,,,,PENDING_AT_END
251.29999999999998,251.3621167399978,,,,PENDING_AT_END
251.64999999999998,251.7360677809151,,,,PENDING_AT_END
251.99999999999997,252.14380116437982,,,,PENDING_AT_END
252.35,252.41980044182978,,,,PENDING_AT_END
252.7,252.70611625282152,,,,PENDING_AT_END
253.04999999999998,253.29971954439864,,,,PENDING_AT_END
253.39999999999998,253.55772673678996,,,,PENDING_AT_END
253.74999999999997,253.93839493764503,,,,PENDING_AT_END
254.1,254.19539406893588,,,,PENDING_AT_END
254.45,254.7817301912545,,,,PENDING_AT_END
254.79999999999998,255.12178343601667,,,,PENDING_AT_END
255.14999999999998,255.22710041559526,,,,PENDING_AT_END
255.49999999999997,255.70911601002646,,,,PENDING_AT_END
255.85,256.16507469756215,,,,PENDING_AT_END
256.2,256.23370212349033,,,,PENDING_AT_END
256.55,256.57826140623814,,,,PENDING_AT_END
256.9,257.04811704878273,,,,PENDING_AT_END
257.25,257.63432027877,,,,PENDING_AT_END
257.59999999999997,257.6374838167499,,,,PENDING_AT_END
257.95,258.0874800062301,,,,PENDING_AT_END
258.3,258.4206081517381,,,,PENDING_AT_END
258.65,258.75568040541145,,,,PENDING_AT_END
259.0,259.3553613015371,,,,PENDING_AT_END
259.34999999999997,259.5323318183918,,,,PENDING_AT_END
259.7,259.97695528791456,,,,PENDING_AT_END
260.05,260.14675139437946,,,,PENDING_AT_END
260.4,260.47970283529776,,,,PENDING_AT_END
260.75,260.9481383888973,,,,PENDING_AT_END
261.09999999999997,261.1772190601035,,,,PENDING_AT_END
261.45,261.57967008991983,,,,PENDING_AT_END
261.8,261.8640182171321,,,,PENDING_AT_END
262.15,262.27919591113584,,,,PENDING_AT_END
262.5,262.5954299667562,,,,PENDING_AT_END
262.84999999999997,263.0719291925266,,,,PENDING_AT_END
263.2,263.2281044460479,,,,PENDING_AT_END
263.55,263.68317656822563,,,,PENDING_AT_END
263.9,264.16262401317454,,,,PENDING_AT_END
264.25,264.37652720335404,,,,PENDING_AT_END
264.59999999999997,264.8630198321801,,,,PENDING_AT_END
264.95,265.17192291845043,,,,PENDING_AT_END
265.3,265.694536894176,,,,PENDING_AT_END
265.65,265.72196115079123,,,,PENDING_AT_END
266.0,266.26085378816515,,,,PENDING_AT_END
266.34999999999997,266.4270791645902,,,,PENDING_AT_END
266.7,267.062334695896,,,,PENDING_AT_END
267.05,267.4372564719669,,,,PENDING_AT_END
267.4,267.45141442650254,,,,PENDING_AT_END
267.75,267.77025105352243,,,,PENDING_AT_END
268.09999999999997,268.2836475611086,,,,PENDING_AT_END
268.45,268.60840994258723,,,,PENDING_AT_END
268.79999999999995,269.17021043951763,,,,PENDING_AT_END
269.15,269.16928441425523,,,,PENDING_AT_END
269.5,269.5220467657409,,,,PENDING_AT_END
269.84999999999997,270.0332203106604,,,,PENDING_AT_END
270.2,270.24002474958814,,,,PENDING_AT_END
270.54999999999995,270.8651436468348,,,,PENDING_AT_END
270.9,270.9468833717103,,,,PENDING_AT_END
271.25,271.51813833649317,,,,PENDING_AT_END
271.59999999999997,271.97288668657774,,,,PENDING_AT_END
271.95,271.9610925338704,,,,PENDING_AT_END
272.29999999999995,272.54370703295103,,,,PENDING_AT_END
272.65,272.77182193265844,,,,PENDING_AT_END
273.0,273.0871784641407,,,,PENDING_AT_END
273.34999999999997,273.3548978558552,,,,PENDING_AT_END
273.7,273.75702200813595,,,,PENDING_AT_END
274.04999999999995,274.43779617536916,,,,PENDING_AT_END
274.4,274.63063968513234,,,,PENDING_AT_END
274.75,274.8135130528009,,,,PENDING_AT_END
275.09999999999997,275.1514262860316,,,,PENDING_AT_END
275.45,275.706486672444,,,,PENDING_AT_END
275.79999999999995,276.1468429099084,,,,PENDING_AT_END
276.15,276.39266025181485,,,,PENDING_AT_END
276.5,276.7963892611283,,,,PENDING_AT_END
276.84999999999997,276.9609170686911,,,,PENDING_AT_END
277.2,277.3304346675472,,,,PENDING_AT_END
277.54999999999995,277.69759478726826,,,,PENDING_AT_END
277.9,277.9721027803912,,,,PENDING_AT_END
278.25,278.41550935256066,,,,PENDING_AT_END
278.59999999999997,278.83924968420007,,,,PENDING_AT_END
278.95,279.0596981076441,,,,PENDING_AT_END
279.29999999999995,279.4809674591354,,,,PENDING_AT_END
279.65,279.7385287942443,,,,PENDING_AT_END
280.0,280.0932554636795,,,,PENDING_AT_END
280.34999999999997,280.66587226975133,,,,PENDING_AT_END
280.7,280.92093293647366,,,,PENDING_AT_END
281.04999999999995,281.3919359533311,,,,PENDING_AT_END
281.4,281.45610339234713,,,,PENDING_AT_END
281.75,281.83594340346815,,,,PENDING_AT_END
282.09999999999997,282.49518929599554,,,,PENDING_AT_END
282.45,282.50216952941474,,,,PENDING_AT_END
282.79999999999995,282.80749864455163,,,,PENDING_AT_END
283.15,283.46068358089224,,,,PENDING_AT_END
283.5,283.7034749040938,,,,PENDING_AT_END
283.84999999999997,284.14875454936754,,,,PENDING_AT_END
284.2,284.59166655527207,,,,PENDING_AT_END
284.54999999999995,284.65156214308297,,,,PENDING_AT_END
284.9,284.9359731894358,,,,PENDING_AT_END
285.25,285.60482830781484,,,,PENDING_AT_END
285.59999999999997,285.9387651907743,,,,PENDING_AT_END
285.95,285.97724503351236,,,,PENDING_AT_END
286.29999999999995,286.619669004612,,,,PENDING_AT_END
286.65,286.93387701598147,,,,PENDING_AT_END
287.0,287.11131123308314,,,,PENDING_AT_END
287.34999999999997,287.47077733457473,,,,PENDING_AT_END
287.7,288.004159538088,,,,PENDING_AT_END
288.04999999999995,288.1288488008273,,,,PENDING_AT_END
288.4,288.44548910771766,,,,PENDING_AT_END
288.75,288.95118480444694,,,,PENDING_AT_END
289.09999999999997,289.3353414259563,,,,PENDING_AT_END
289.45,289.67200885540313,,,,PENDING_AT_END
289.79999999999995,290.17456188323297,,,,PENDING_AT_END
290.15,290.34966340492065,,,,PENDING_AT_END
290.5,290.5997938850271,,,,PENDING_AT_END
290.84999999999997,290.9583971809404,,,,PENDING_AT_END
291.2,291.2709408210554,,,,PENDING_AT_END
291.54999999999995,291.57141849897494,,,,PENDING_AT_END
291.9,292.12394252115644,,,,PENDING_AT_END
292.25,292.3759397102665,,,,PENDING_AT_END
292.59999999999997,292.94663780408774,,,,PENDING_AT_END
292.95,292.98754502811306,,,,PENDING_AT_END
293.29999999999995,293.5934090380558,,,,PENDING_AT_END
293.65,293.7748725636244,,,,PENDING_AT_END
294.0,294.1598139152485,,,,PENDING_AT_END
294.34999999999997,294.54727267643267,,,,PENDING_AT_END
294.7,294.95783247021706,,,,PENDING_AT_END
295.04999999999995,295.1317110526852,,,,PENDING_AT_END
295.4,295.6693910501666,,,,PENDING_AT_END
295.75,295.78957055321337,,,,PENDING_AT_END
296.09999999999997,296.3290860147245,,,,PENDING_AT_END
296.45,296.73603679729246,,,,PENDING_AT_END
296.79999999999995,297.0751661622613,,,,PENDING_AT_END
297.15,297.3440541070206,,,,PENDING_AT_END
297.5,297.8967858664481,,,,PENDING_AT_END
297.84999999999997,297.9059459471461,,,,PENDING_AT_END
298.2,298.4497443307402,,,,PENDING_AT_END
298.54999999999995,298.65284077935075,,,,PENDING_AT_END
298.9,298.9996100498241,,,,PENDING_AT_END
299.25,299.6429039044614,,,,PENDING_AT_END
299.59999999999997,299.7887842421224,,,,PENDING_AT_END
299.95,300.1339930172258,,,,PENDING_AT_END
300.29999999999995,300.36689838807774,,,,PENDING_AT_END
300.65,300.88970721118255,,,,PENDING_AT_END
301.0,301.16480811739257,,,,PENDING_AT_END
301.34999999999997,301.6803028054947,,,,PENDING_AT_END
301.7,301.94634878616745,,,,PENDING_AT_END
302.04999999999995,302.25886548423875,,,,PENDING_AT_END
302.4,302.5540422794088,,,,PENDING_AT_END
302.75,302.9576332098643,,,,PENDING_AT_END
303.09999999999997,303.10267739887894,,,,PENDING_AT_END
303.45,303.81116425586896,,,,PENDING_AT_END
303.79999999999995,304.15312760688505,,,,PENDING_AT_END
304.15,304.35173115236944,,,,PENDING_AT_END
304.5,304.7868003100672,,,,PENDING_AT_END
304.84999999999997,305.0003451346085,,,,PENDING_AT_END
305.2,305.37664468929887,,,,PENDING_AT_END
305.54999999999995,305.8092319579066,,,,PENDING_AT_END
305.9,306.1316968680875,,,,PENDING_AT_END
306.25,306.27841933692366,,,,PENDING_AT_END
306.59999999999997,306.8379898214759,,,,PENDING_AT_END
306.95,307.30604018258254,,,,PENDING_AT_END
307.29999999999995,307.34395767508863,,,,PENDING_AT_END
307.65,307.93400184868926,,,,PENDING_AT_END
308.0,308.1832457938557,,,,PENDING_AT_END
308.34999999999997,308.4263669191717,,,,PENDING_AT_END
308.7,308.93292143811146,,,,PENDING_AT_END
309.04999999999995,309.11406122067353,,,,PENDING_AT_END
309.4,309.5022728875646,,,,PENDING_AT_END
309.75,309.8375136550568,,,,PENDING_AT_END
310.09999999999997,310.49573764801363,,,,PENDING_AT_END
310.45,310.5237226031142,,,,PENDING_AT_END
310.79999999999995,311.06046594112854,,,,PENDING_AT_END
311.15,311.1528415844633,,,,PENDING_AT_END
311.5,311.67974828933416,,,,PENDING_AT_END
311.84999999999997,312.0258652418909,,,,PENDING_AT_END
312.2,312.3136475928489,,,,PENDING_AT_END
312.54999999999995,312.8365515069223,,,,PENDING_AT_END
312.9,313.15283353738323,,,,PENDING_AT_END
313.25,313.6039016138758,,,,PENDING_AT_END
313.59999999999997,313.8471871158578,,,,PENDING_AT_END
313.95,314.11999279757134,,,,PENDING_AT_END
314.29999999999995,314.45785475023536,,,,PENDING_AT_END
314.65,314.7264519907458,,,,PENDING_AT_END
315.0,315.28487716973495,,,,PENDING_AT_END
315.34999999999997,315.5629978790632,,,,PENDING_AT_END
315.7,315.80886740813236,,,,PENDING_AT_END
316.04999999999995,316.29321030312155,,,,PENDING_AT_END
316.4,316.64977674519787,,,,PENDING_AT_END
316.75,317.01000167708355,,,,PENDING_AT_END
317.09999999999997,317.33050097285076,,,,PENDING_AT_END
317.45,317.4622858785921,,,,PENDING_AT_END
317.79999999999995,318.14139994148593,,,,PENDING_AT_END
318.15,318.18672872593595,,,,PENDING_AT_END
318.5,318.70798936280346,,,,PENDING_AT_END
318.84999999999997,319.1587790929595,,,,PENDING_AT_END
319.2,319.2527794073232,,,,PENDING_AT_END
319.54999999999995,319.7147539200348,,,,PENDING_AT_END
319.9,320.2469889488,,,,PENDING_AT_END
320.25,320.35416896089475,,,,PENDING_AT_END
320.59999999999997,320.90530737220405,,,,PENDING_AT_END
320.95,321.038470731834,,,,PENDING_AT_END
321.29999999999995,321.39278760585853,,,,PENDING_AT_END
321.65,321.9956607463132,,,,PENDING_AT_END
322.0,322.12587611076356,,,,PENDING_AT_END
322.34999999999997,322.58851998075323,,,,PENDING_AT_END
322.7,322.77061507486866,,,,PENDING_AT_END
323.04999999999995,323.239300432911,,,,PENDING_AT_END
323.4,323.70223706910735,,,,PENDING_AT_END
323.75,323.78635545171585,,,,PENDING_AT_END
324.09999999999997,324.33618938185697,,,,PENDING_AT_END
324.45,324.4696436247261,,,,PENDING_AT_END
324.79999999999995,325.1306267936566,,,,PENDING_AT_END
325.15,325.5264275206688,,,,PENDING_AT_END
325.5,325.5747605607654,,,,PENDING_AT_END
325.84999999999997,325.9859928068067,,,,PENDING_AT_END
326.2,326.45877729554803,,,,PENDING_AT_END
326.54999999999995,326.9456264325996,,,,PENDING_AT_END
326.9,327.20448904326497,,,,PENDING_AT_END
327.25,327.429272788568,,,,PENDING_AT_END
327.59999999999997,327.8089321248614,,,,PENDING_AT_END
327.95,328.19215694162455,,,,PENDING_AT_END
328.29999999999995,328.3285956145072,,,,PENDING_AT_END
328.65,328.9979685443715,,,,PENDING_AT_END
329.0,329.19260941592836,,,,PENDING_AT_END
329.34999999999997,329.69301831465754,,,,PENDING_AT_END
329.7,330.043444122656,,,,PENDING_AT_END
330.04999999999995,330.35005848250773,,,,PENDING_AT_END
330.4,330.43292240867413,,,,PENDING_AT_END
330.75,330.7544477901761,,,,PENDING_AT_END
331.09999999999997,331.38771707031816,,,,PENDING_AT_END
331.45,331.6084074367755,,,,PENDING_AT_END
331.79999999999995,332.1400791775985,,,,PENDING_AT_END
332.15,332.3183193131249,,,,PENDING_AT_END
332.5,332.77742134799666,,,,PENDING_AT_END
332.84999999999997,333.15256079004945,,,,PENDING_AT_END
333.2,333.595899288809,,,,PENDING_AT_END
333.54999999999995,333.94797146315864,,,,PENDING_AT_END
333.9,333.9475543563756,,,,PENDING_AT_END
334.25,334.6187544547539,,,,PENDING_AT_END
334.59999999999997,334.9339286012037,,,,PENDING_AT_END
334.95,335.1383594135754,,,,PENDING_AT_END
335.29999999999995,335.6402636635471,,,,PENDING_AT_END
335.65,335.8893763618016,,,,PENDING_AT_END
336.0,336.37855548125947,,,,PENDING_AT_END
336.34999999999997,336.4112960090558,,,,PENDING_AT_END
336.7,337.0440809552584,,,,PENDING_AT_END
337.04999999999995,337.2984888776306,,,,PENDING_AT_END
337.4,337.72135814317176,,,,PENDING_AT_END
337.75,337.78191028532365,,,,PENDING_AT_END
338.09999999999997,338.2725764361829,,,,PENDING_AT_END
338.45,338.71255170327464,,,,PENDING_AT_END
338.79999999999995,338.8199064717427,,,,PENDING_AT_END
339.15,339.33460646703895,,,,PENDING_AT_END
339.5,339.6549806028263,,,,PENDING_AT_END
339.84999999999997,340.0654463721408,,,,PENDING_AT_END
340.2,340.537048828409,,,,PENDING_AT_END
340.54999999999995,340.68588098189855,,,,PENDING_AT_END
340.9,341.1675320324024,,,,PENDING_AT_END
341.25,341.3749068960692,,,,PENDING_AT_END
341.59999999999997,341.7590933424619,,,,PENDING_AT_END
341.95,342.00918818595795,,,,PENDING_AT_END
342.29999999999995,342.542106588245,,,,PENDING_AT_END
342.65,343.0131686323574,,,,PENDING_AT_END
343.0,343.02655608211523,,,,PENDING_AT_END
343.34999999999997,343.3878561715184,,,,PENDING_AT_END
343.7,344.091389386956,,,,PENDING_AT_END
344.04999999999995,344.26946125836525,,,,PENDING_AT_END
344.4,344.7107088650763,,,,PENDING_AT_END
344.75,344.82070436293725,,,,PENDING_AT_END
345.09999999999997,345.43065189600594,,,,PENDING_AT_END
345.45,345.50727073637,,,,PENDING_AT_END
345.79999999999995,345.8873455929794,,,,PENDING_AT_END
346.15,346.5148296734495,,,,PENDING_AT_END
346.5,346.59085392449344,,,,PENDING_AT_END
346.84999999999997,347.0857042798329,,,,PENDING_AT_END
347.2,347.2341939570012,,,,PENDING_AT_END
347.54999999999995,347.7863134643849,,,,PENDING_AT_END
347.9,348.24552024911134,,,,PENDING_AT_END
348.25,348.4597378647529,,,,PENDING_AT_END
348.59999999999997,348.8682136643793,,,,PENDING_AT_END
348.95,349.13985135403703,,,,PENDING_AT_END
349.29999999999995,349.480579797387,,,,PENDING_AT_END
349.65,349.7792544300439,,,,PENDING_AT_END
350.0,350.37808941734886,,,,PENDING_AT_END
350.34999999999997,350.5811385351994,,,,PENDING_AT_END
350.7,350.9609132467967,,,,PENDING_AT_END
351.04999999999995,351.39838007042374,,,,PENDING_AT_END
351.4,351.49108464618575,,,,PENDING_AT_END
351.75,351.97638905574377,,,,PENDING_AT_END
352.09999999999997,352.368975524278,,,,PENDING_AT_END
352.45,352.8432426481243,,,,PENDING_AT_END
352.79999999999995,353.17519576998984,,,,PENDING_AT_END
353.15,353.23978819487206,,,,PENDING_AT_END
353.5,353.5944905698884,,,,PENDING_AT_END
353.84999999999997,354.212356417369,,,,PENDING_AT_END
354.2,354.4877319621799,,,,PENDING_AT_END
354.54999999999995,354.62578754193123,,,,PENDING_AT_END
354.9,355.04355715878876,,,,PENDING_AT_END
355.25,355.3189932512422,,,,PENDING_AT_END
355.59999999999997,355.8547835987312,,,,PENDING_AT_END
355.95,355.99132992563096,,,,PENDING_AT_END
356.29999999999995,356.3244866667741,,,,PENDING_AT_END
356.65,357.0159583257679,,,,PENDING_AT_END
357.0,357.0326123256267,,,,PENDING_AT_END
357.34999999999997,357.62733584309973,,,,PENDING_AT_END
357.7,358.0991261800038,,,,PENDING_AT_END
358.04999999999995,358.2378206212778,,,,PENDING_AT_END
358.4,358.74570646093036,,,,PENDING_AT_END
358.75,359.01793654923154,,,,PENDING_AT_END
359.09999999999997,359.1829596750562,,,,PENDING_AT_END
359.45,359.6455764567916,,,,PENDING_AT_END
359.79999999999995,360.0794633045937,,,,PENDING_AT_END
360.15,360.43603083663663,,,,PENDING_AT_END
360.5,360.77449427762645,,,,PENDING_AT_END
360.84999999999997,361.2000982748935,,,,PENDING_AT_END
361.2,361.49438187250695,,,,PENDING_AT_END
361.54999999999995,361.5529786516714,,,,PENDING_AT_END
361.9,362.1076221143454,,,,PENDING_AT_END
362.25,362.4472221834013,,,,PENDING_AT_END
362.59999999999997,362.9367816813938,,,,PENDING_AT_END
362.95,363.26588181771166,,,,PENDING_AT_END
363.29999999999995,363.3250464375791,,,,PENDING_AT_END
363.65,364.02338211293693,,,,PENDING_AT_END
364.0,364.1987446173106,,,,PENDING_AT_END
364.34999999999997,364.5531634233051,,,,PENDING_AT_END
364.7,364.9536706419797,,,,PENDING_AT_END
365.04999999999995,365.3273594120699,,,,PENDING_AT_END
365.4,365.6632009251582,,,,PENDING_AT_END
365.75,366.03219619795334,,,,PENDING_AT_END
366.09999999999997,366.3351694082549,,,,PENDING_AT_END
366.45,366.4749245839319,,,,PENDING_AT_END
366.79999999999995,367.1482905352523,,,,PENDING_AT_END
367.15,367.548322548011,,,,PENDING_AT_END
367.5,367.85469232795833,,,,PENDING_AT_END
367.84999999999997,368.2344867656621,,,,PENDING_AT_END
368.2,368.45297842073836,,,,PENDING_AT_END
368.54999999999995,368.91346440331574,,,,PENDING_AT_END
368.9,368.9743991508865,,,,PENDING_AT_END
369.25,369.494441378141,,,,PENDING_AT_END
369.59999999999997,369.6703170543819,,,,PENDING_AT_END
369.95,370.00087382368537,,,,PENDING_AT_END
370.29999999999995,370.6072340261219,,,,PENDING_AT_END
370.65,370.6935664807013,,,,PENDING_AT_END
371.0,371.1292704525089,,,,PENDING_AT_END
371.34999999999997,371.3672920711287,,,,PENDING_AT_END
371.7,371.729184220455,,,,PENDING_AT_END
372.04999999999995,372.2330736721534,,,,PENDING_AT_END
372.4,372.41038751465794,,,,PENDING_AT_END
372.75,372.9130543265393,,,,PENDING_AT_END
373.09999999999997,373.3956326381063,,,,PENDING_AT_END
373.45,373.68961917148084,,,,PENDING_AT_END
373.79999999999995,373.82095848761855,,,,PENDING_AT_END
374.15,374.41039322484187,,,,PENDING_AT_END
374.5,374.68461542266175,,,,PENDING_AT_END
374.84999999999997,374.8914072054088,,,,PENDING_AT_END
375.2,375.5643269468383,,,,PENDING_AT_END
375.54999999999995,375.7659303883131,,,,PENDING_AT_END
375.9,376.11617595713483,,,,PENDING_AT_END
376.25,376.5924831293694,,,,PENDING_AT_END
376.59999999999997,376.9136419083915,,,,PENDING_AT_END
376.95,377.3131366891467,,,,PENDING_AT_END
377.29999999999995,377.5622910154523,,,,PENDING_AT_END
377.65,377.68021533600836,,,,PENDING_AT_END
378.0,378.3519815318624,,,,PENDING_AT_END
378.34999999999997,378.74550047747397,,,,PENDING_AT_END
378.7,378.9907653697018,,,,PENDING_AT_END
379.04999999999995,379.19457793043375,,,,PENDING_AT_END
379.4,379.41495281147445,,,,PENDING_AT_END
379.75,379.8750721860656,,,,PENDING_AT_END
380.09999999999997,380.49548071291116,,,,PENDING_AT_END
380.45,380.579912851194,,,,PENDING_AT_END
380.79999999999995,381.10047974296526,,,,PENDING_AT_END
381.15,381.1860535709976,,,,PENDING_AT_END
381.5,381.6813425255767,,,,PENDING_AT_END
381.84999999999997,381.9766843989294,,,,PENDING_AT_END
382.2,382.4038293054377,,,,PENDING_AT_END
382.54999999999995,382.6662529696015,,,,PENDING_AT_END
382.9,383.1415703010176,,,,PENDING_AT_END
383.25,383.55475248298853,,,,PENDING_AT_END
383.59999999999997,383.83578697913896,,,,PENDING_AT_END
383.95,384.1296227502401,,,,PENDING_AT_END
384.29999999999995,384.661003242833,,,,PENDING_AT_END
384.65,384.7378552644981,,,,PENDING_AT_END
385.0,385.29146446700076,,,,PENDING_AT_END
385.34999999999997,385.55439709571425,,,,PENDING_AT_END
385.7,385.76707035300575,,,,PENDING_AT_END
386.04999999999995,386.2535657210934,,,,PENDING_AT_END
386.4,386.73304891446537,,,,PENDING_AT_END
386.75,387.0963148970534,,,,PENDING_AT_END
387.09999999999997,387.30145540483767,,,,PENDING_AT_END
387.45,387.633348269072,,,,PENDING_AT_END
387.79999999999995,387.9529698499881,,,,PENDING_AT_END
388.15,388.458619872472,,,,PENDING_AT_END
388.5,388.7659190379097,,,,PENDING_AT_END
388.84999999999997,388.85835774497485,,,,PENDING_AT_END
389.2,389.59891607705396,,,,PENDING_AT_END
389.54999999999995,389.7487458082418,,,,PENDING_AT_END
389.9,390.19342173200994,,,,PENDING_AT_END
390.25,390.4771385051679,,,,PENDING_AT_END
390.59999999999997,390.60256014565635,,,,PENDING_AT_END
390.95,391.1233654316199,,,,PENDING_AT_END
391.29999999999995,391.49367645802465,,,,PENDING_AT_END
391.65,391.75584917322067,,,,PENDING_AT_END
392.0,392.3155751938384,,,,PENDING_AT_END
392.34999999999997,392.7247084035917,,,,PENDING_AT_END
392.7,393.0950457288639,,,,PENDING_AT_END
393.04999999999995,393.3829774381718,,,,PENDING_AT_END
393.4,393.708852623609,,,,PENDING_AT_END
393.75,393.91553174845467,,,,PENDING_AT_END
394.09999999999997,394.13665872309747,,,,PENDING_AT_END
394.45,394.4780958122894,,,,PENDING_AT_END
394.79999999999995,395.18227512806914,,,,PENDING_AT_END
395.15,395.45751888426037,,,,PENDING_AT_END
395.5,395.5859918962839,,,,PENDING_AT_END
395.84999999999997,396.094582587002,,,,PENDING_AT_END
396.2,396.3093148285929,,,,PENDING_AT_END
396.54999999999995,396.7072238608878,,,,PENDING_AT_END
396.9,397.0499049109379,,,,PENDING_AT_END
397.25,397.5177111422131,,,,PENDING_AT_END
397.59999999999997,397.74285446801315,,,,PENDING_AT_END
397.95,398.33143977267747,,,,PENDING_AT_END
398.29999999999995,398.63714069059574,,,,PENDING_AT_END
398.65,399.0283304796342,,,,PENDING_AT_END
399.0,399.3548219285732,,,,PENDING_AT_END
399.34999999999997,399.54085943649903,,,,PENDING_AT_END
399.7,399.83044118340894,,,,PENDING_AT_END
400.04999999999995,400.319967475045,,,,PENDING_AT_END
400.4,400.7538052525855,,,,PENDING_AT_END
400.75,400.95787704261636,,,,PENDING_AT_END
401.09999999999997,401.29952444587076,,,,PENDING_AT_END
401.45,401.6432590463061,,,,PENDING_AT_END
401.79999999999995,402.1423375948393,,,,PENDING_AT_END
402.15,402.2256190483231,,,,PENDING_AT_END
402.5,402.8283230554383,,,,PENDING_AT_END
402.84999999999997,402.95527439177835,,,,PENDING_AT_END
403.2,403.34256690511637,,,,PENDING_AT_END
403.54999999999995,403.67094029135615,,,,PENDING_AT_END
403.9,404.0967776420258,,,,PENDING_AT_END
404.25,404.57315604311907,,,,PENDING_AT_END
404.59999999999997,404.6954276605904,,,,PENDING_AT_END
404.95,405.2243706908004,,,,PENDING_AT_END
405.29999999999995,405.540987998519,,,,PENDING_AT_END
405.65,406.04150334489873,,,,PENDING_AT_END
406.0,406.1284289274279,,,,PENDING_AT_END
406.34999999999997,406.6174393179885,,,,PENDING_AT_END
406.7,406.7734248617516,,,,PENDING_AT_END
407.04999999999995,407.2106995917103,,,,PENDING_AT_END
407.4,407.5403955271614,,,,PENDING_AT_END
407.75,407.84214128284304,,,,PENDING_AT_END
408.09999999999997,408.200963055224,,,,PENDING_AT_END
408.45,408.815433665277,,,,PENDING_AT_END
408.79999999999995,408.99705074746,,,,PENDING_AT_END
409.15,409.421939642079,,,,PENDING_AT_END
409.5,409.8755182867701,,,,PENDING_AT_END
409.84999999999997,410.1080443480377,,,,PENDING_AT_END
410.2,410.4257317620956,,,,PENDING_AT_END
410.54999999999995,410.8548803335102,,,,PENDING_AT_END
410.9,410.9328292384092,,,,PENDING_AT_END
411.25,411.576293645908,,,,PENDING_AT_END
411.59999999999997,411.6246901810246,,,,PENDING_AT_END
411.95,411.9933101273144,,,,PENDING_AT_END
412.29999999999995,412.38345230970685,,,,PENDING_AT_END
412.65,412.6832596044585,,,,PENDING_AT_END
413.0,413.24284044825015,,,,PENDING_AT_END
413.34999999999997,413.66795303474925,,,,PENDING_AT_END
413.7,413.70970879025646,,,,PENDING_AT_END
414.04999999999995,414.2182886288899,,,,PENDING_AT_END
414.4,414.5236720928175,,,,PENDING_AT_END
414.75,415.03030783179986,,,,PENDING_AT_END
415.09999999999997,415.4574536905721,,,,PENDING_AT_END
415.45,415.4791758213001,,,,PENDING_AT_END
415.79999999999995,415.977504219451,,,,PENDING_AT_END
416.15,416.17518694831824,,,,PENDING_AT_END
416.5,416.85800084706887,,,,PENDING_AT_END
416.84999999999997,416.90188583741775,,,,PENDING_AT_END
417.2,417.271141760318,,,,PENDING_AT_END
417.54999999999995,417.6031372010118,,,,PENDING_AT_END
417.9,418.09399331169004,,,,PENDING_AT_END
418.25,418.621713884565,,,,PENDING_AT_END
418.59999999999997,418.8690351496728,,,,PENDING_AT_END
418.95,419.1817911082765,,,,PENDING_AT_END
419.29999999999995,419.46450821471535,,,,PENDING_AT_END
419.65,419.7000168600265,,,,PENDING_AT_END
420.0,420.3796219494934,,,,PENDING_AT_END
420.34999999999997,420.4944870086228,,,,PENDING_AT_END
420.7,420.79202764222117,,,,PENDING_AT_END
421.04999999999995,421.25190339567723,,,,PENDING_AT_END
421.4,421.69455259972835,,,,PENDING_AT_END
421.75,421.89220860059754,,,,PENDING_AT_END
422.09999999999997,422.1175179852319,,,,PENDING_AT_END
422.45,422.7405949131025,,,,PENDING_AT_END
422.79999999999995,423.16765780766366,,,,PENDING_AT_END
423.15,423.2028275681091,,,,PENDING_AT_END
423.5,423.7941106864149,,,,PENDING_AT_END
423.84999999999997,423.9435375864147,,,,PENDING_AT_END
424.2,424.5271296834953,,,,PENDING_AT_END
424.54999999999995,424.94474859645004,,,,PENDING_AT_END
424.9,425.0931290866722,,,,PENDING_AT_END
425.25,425.37988780469107,,,,PENDING_AT_END
425.59999999999997,425.8239087212367,,,,PENDING_AT_END
425.95,425.9821573475634,,,,PENDING_AT_END
426.29999999999995,426.59137558479347,,,,PENDING_AT_END
426.65,426.959309663092,,,,PENDING_AT_END
427.0,427.0669410384968,,,,PENDING_AT_END
427.34999999999997,427.6856748047989,,,,PENDING_AT_END
427.7,427.9969498442969,,,,PENDING_AT_END
428.04999999999995,428.1453175392602,,,,PENDING_AT_END
428.4,428.5904295975241,,,,PENDING_AT_END
428.75,429.0418279944264,,,,PENDING_AT_END
429.09999999999997,429.17297801550825,,,,PENDING_AT_END
429.45,429.45922606723883,,,,PENDING_AT_END
429.79999999999995,429.81794683447924,,,,PENDING_AT_END
430.15,430.4711261140168,,,,PENDING_AT_END
430.5,430.53083190333086,,,,PENDING_AT_END
430.84999999999997,431.11427941628705,,,,PENDING_AT_END
431.2,431.3703990925126,,,,PENDING_AT_END
431.54999999999995,431.6698012831122,,,,PENDING_AT_END
431.9,432.192599447215,,,,PENDING_AT_END
432.25,432.6011371772544,,,,PENDING_AT_END
432.59999999999997,432.8762267964227,,,,PENDING_AT_END
432.95,432.9540161393018,,,,PENDING_AT_END
433.29999999999995,433.6366078786464,,,,PENDING_AT_END
433.65,433.9219536302469,,,,PENDING_AT_END
434.0,434.32353216476986,,,,PENDING_AT_END
434.34999999999997,434.6856429808378,,,,PENDING_AT_END
434.7,434.976440357738,,,,PENDING_AT_END
435.04999999999995,435.3230714059297,,,,PENDING_AT_END
435.4,435.4643482090213,,,,PENDING_AT_END
435.75,435.8222099667786,,,,PENDING_AT_END
436.09999999999997,436.2888636724011,,,,PENDING_AT_END
436.45,436.79443121382207,,,,PENDING_AT_END
436.79999999999995,436.8982479214807,,,,PENDING_AT_END
437.15,437.19479114202124,,,,PENDING_AT_END
437.5,437.57156676575346,,,,PENDING_AT_END
437.84999999999997,437.8799301196006,,,,PENDING_AT_END
438.2,438.23776268045407,,,,PENDING_AT_END
438.54999999999995,438.7429351791084,,,,PENDING_AT_END
438.9,439.18196937207404,,,,PENDING_AT_END
439.25,439.3574796905925,,,,PENDING_AT_END
439.59999999999997,439.81299548336887,,,,PENDING_AT_END
439.95,440.1521057178135,,,,PENDING_AT_END
440.29999999999995,440.40439010781665,,,,PENDING_AT_END
440.65,440.89688594932,,,,PENDING_AT_END
441.0,441.1323975660564,,,,PENDING_AT_END
441.34999999999997,441.3572121817013,,,,PENDING_AT_END
441.7,441.90453727247126,,,,PENDING_AT_END
442.04999999999995,442.24598257572484,,,,PENDING_AT_END
442.4,442.5368450140003,,,,PENDING_AT_END
442.75,442.8607611926417,,,,PENDING_AT_END
443.09999999999997,443.10437217056625,,,,PENDING_AT_END
443.45,443.599497759484,,,,PENDING_AT_END
443.79999999999995,443.9015063253686,,,,PENDING_AT_END
444.15,444.3272837777163,,,,PENDING_AT_END
444.5,444.6082233258877,,,,PENDING_AT_END
444.84999999999997,445.1588768143816,,,,PENDING_AT_END
445.2,445.2448137521943,,,,PENDING_AT_END
445.54999999999995,445.73261352984343,,,,PENDING_AT_END
445.9,446.0358534870103,,,,PENDING_AT_END
446.25,446.2542733328645,,,,PENDING_AT_END
446.59999999999997,446.86286157032754,,,,PENDING_AT_END
446.95,447.2738075141056,,,,PENDING_AT_END
447.29999999999995,447.3058111441409,,,,PENDING_AT_END
447.65,447.98377686593017,,,,PENDING_AT_END
448.0,448.31349554642384,,,,PENDING_AT_END
448.34999999999997,448.5018191572929,,,,PENDING_AT_END
448.7,448.7197680129173,,,,PENDING_AT_END
449.04999999999995,449.19907779142295,,,,PENDING_AT_END
449.4,449.5764820082826,,,,PENDING_AT_END
449.74999999999994,450.11051607023836,,,,PENDING_AT_END
450.09999999999997,450.35170161839386,,,,PENDING_AT_END
450.45,450.50425834365643,,,,PENDING_AT_END
450.79999999999995,450.82319661547615,,,,PENDING_AT_END
451.15,451.1630960786389,,,,PENDING_AT_END
451.49999999999994,451.52484988047155,,,,PENDING_AT_END
451.84999999999997,452.00347190327676,,,,PENDING_AT_END
452.2,452.4160554249823,,,,PENDING_AT_END
452.54999999999995,452.90558731273927,,,,PENDING_AT_END
452.9,452.9738419368093,,,,PENDING_AT_END
453.24999999999994,453.5523037113664,,,,PENDING_AT_END
453.59999999999997,453.85589921456113,,,,PENDING_AT_END
453.95,454.1050963141883,,,,PENDING_AT_END
454.29999999999995,454.4159532862112,,,,PENDING_AT_END
454.65,454.9912551911792,,,,PENDING_AT_END
454.99999999999994,455.33491471694555,,,,PENDING_AT_END
455.34999999999997,455.5594380900083,,,,PENDING_AT_END
455.7,455.8698177878445,,,,PENDING_AT_END
456.04999999999995,456.2352696505902,,,,PENDING_AT_END
456.4,456.5461954616501,,,,PENDING_AT_END
456.74999999999994,457.09272258111906,,,,PENDING_AT_END
457.09999999999997,457.13838717553045,,,,PENDING_AT_END
457.45,457.8217810653504,,,,PENDING_AT_END
457.79999999999995,458.05518900735217,,,,PENDING_AT_END
458.15,458.37468514803595,,,,PENDING_AT_END
458.49999999999994,458.85690211022535,,,,PENDING_AT_END
458.84999999999997,459.05872203187033,,,,PENDING_AT_END
459.2,459.5561951615304,,,,PENDING_AT_END
459.54999999999995,459.84181766324105,,,,PENDING_AT_END
459.9,459.9939107402329,,,,PENDING_AT_END
460.24999999999994,460.5705368143884,,,,PENDING_AT_END
460.59999999999997,460.75199850959706,,,,PENDING_AT_END
460.95,461.1628550045246,,,,PENDING_AT_END
461.29999999999995,461.6450237984342,,,,PENDING_AT_END
461.65,461.804895901397,,,,PENDING_AT_END
461.99999999999994,462.08673035688247,,,,PENDING_AT_END
462.34999999999997,462.3977126123911,,,,PENDING_AT_END
462.7,462.7696908447712,,,,PENDING_AT_END
463.04999999999995,463.1525416934827,,,,PENDING_AT_END
463.4,463.74156870142815,,,,PENDING_AT_END
463.74999999999994,464.1463363636886,,,,PENDING_AT_END
464.09999999999997,464.2169552101396,,,,PENDING_AT_END
464.45,464.63387191107546,,,,PENDING_AT_END
464.79999999999995,464.86454937653673,,,,PENDING_AT_END
465.15,465.1725982197562,,,,PENDING_AT_END
465.49999999999994,465.6861531277206,,,,PENDING_AT_END
465.84999999999997,466.2180726268885,,,,PENDING_AT_END
466.2,466.4913295535625,,,,PENDING_AT_END
466.54999999999995,466.73158703461763,,,,PENDING_AT_END
466.9,466.99374279434676,,,,PENDING_AT_END
467.24999999999994,467.36479144134086,,,,PENDING_AT_END
467.59999999999997,467.77113430584,,,,PENDING_AT_END
467.95,468.2367983421074,,,,PENDING_AT_END
468.29999999999995,468.41177922703,,,,PENDING_AT_END
468.65,468.85823294668273,,,,PENDING_AT_END
468.99999999999994,469.37638229622934,,,,PENDING_AT_END
469.34999999999997,469.6923293066747,,,,PENDING_AT_END
469.7,470.04522297068246,,,,PENDING_AT_END
470.04999999999995,470.3580127653323,,,,PENDING_AT_END
470.4,470.670585742516,,,,PENDING_AT_END
470.74999999999994,470.97640692244903,,,,PENDING_AT_END
471.09999999999997,471.38278022520905,,,,PENDING_AT_END
471.45,471.5614977970086,,,,PENDING_AT_END
471.79999999999995,471.9635200912934,,,,PENDING_AT_END
472.15,472.37031742695933,,,,PENDING_AT_END
472.49999999999994,472.6585177962061,,,,PENDING_AT_END
472.84999999999997,473.2232392413003,,,,PENDING_AT_END
473.2,473.5199435469696,,,,PENDING_AT_END
473.54999999999995,473.86107172758443,,,,PENDING_AT_END
473.9,473.93318850344065,,,,PENDING_AT_END
474.24999999999994,474.55706649812413,,,,PENDING_AT_END
474.59999999999997,474.99136800785055,,,,PENDING_AT_END
474.95,475.3273910557577,,,,PENDING_AT_END
475.29999999999995,475.40377390215565,,,,PENDING_AT_END
475.65,475.82848202698597,,,,PENDING_AT_END
475.99999999999994,476.2690033386379,,,,PENDING_AT_END
476.34999999999997,476.72895565405173,,,,PENDING_AT_END
476.7,476.8386602209062,,,,PENDING_AT_END
477.04999999999995,477.2852241641473,,,,PENDING_AT_END
477.4,477.6098119783152,,,,PENDING_AT_END
477.74999999999994,478.1436152953541,,,,PENDING_AT_END
478.09999999999997,478.1055967024135,,,,PENDING_AT_END
478.45,478.51017797104265,,,,PENDING_AT_END
478.79999999999995,479.0828764818016,,,,PENDING_AT_END
479.15,479.26174985148623,,,,PENDING_AT_END
479.49999999999994,479.81878894255595,,,,PENDING_AT_END
479.84999999999997,480.22231058794335,,,,PENDING_AT_END
480.2,480.3121945975369,,,,PENDING_AT_END
480.54999999999995,480.631623035199,,,,PENDING_AT_END
480.9,481.09515624509356,,,,PENDING_AT_END
481.24999999999994,481.52819638422835,,,,PENDING_AT_END
481.59999999999997,481.91037747058687,,,,PENDING_AT_END
481.95,482.02386972011783,,,,PENDING_AT_END
482.29999999999995,482.4754789334496,,,,PENDING_AT_END
482.65,482.66706996937216,,,,PENDING_AT_END
482.99999999999994,483.2480991645363,,,,PENDING_AT_END
483.34999999999997,483.558517866346,,,,PENDING_AT_END
483.7,483.78020049155765,,,,PENDING_AT_END
484.04999999999995,484.10780519824414,,,,PENDING_AT_END
484.4,484.55542721593145,,,,PENDING_AT_END
484.74999999999994,484.8575238604506,,,,PENDING_AT_END
485.09999999999997,485.24483670856586,,,,PENDING_AT_END
485.45,485.7444492529774,,,,PENDING_AT_END
485.79999999999995,486.10857804622185,,,,PENDING_AT_END
486.15,486.2283194285285,,,,PENDING_AT_END
486.49999999999994,486.59957552460713,,,,PENDING_AT_END
486.84999999999997,486.8968851283333,,,,PENDING_AT_END
487.2,487.25653911135663,,,,PENDING_AT_END
487.54999999999995,487.6552417245588,,,,PENDING_AT_END
487.9,488.27563655714505,,,,PENDING_AT_END
488.24999999999994,488.5968161712403,,,,PENDING_AT_END
488.59999999999997,488.90370350750385,,,,PENDING_AT_END
488.95,489.25032138684577,,,,PENDING_AT_END
489.29999999999995,489.562895903137,,,,PENDING_AT_END
489.65,489.9444337527872,,,,PENDING_AT_END
489.99999999999994,490.131988448339,,,,PENDING_AT_END
490.34999999999997,490.5210299543418,,,,PENDING_AT_END
490.7,490.7296250077738,,,,PENDING_AT_END
491.04999999999995,491.150588706739,,,,PENDING_AT_END
491.4,491.69996862338917,,,,PENDING_AT_END
491.74999999999994,491.83798432231407,,,,PENDING_AT_END
492.09999999999997,492.28797892382084,,,,PENDING_AT_END
492.45,492.8437542199093,,,,PENDING_AT_END
492.79999999999995,493.1217105981683,,,,PENDING_AT_END
493.15,493.2771887313521,,,,PENDING_AT_END
493.49999999999994,493.5666022022331,,,,PENDING_AT_END
493.84999999999997,494.0941998601989,,,,PENDING_AT_END
494.2,494.36138664192805,,,,PENDING_AT_END
494.54999999999995,494.9085006606256,,,,PENDING_AT_END
494.9,495.1487909790171,,,,PENDING_AT_END
495.24999999999994,495.4405203720109,,,,PENDING_AT_END
495.59999999999997,495.8591320543979,,,,PENDING_AT_END
495.95,496.2265950892432,,,,PENDING_AT_END
496.29999999999995,496.4305427924803,,,,PENDING_AT_END
496.65,497.03488785370587,,,,PENDING_AT_END
496.99999999999994,497.33784166556467,,,,PENDING_AT_END
497.34999999999997,497.53556341596715,,,,PENDING_AT_END
497.7,498.0245432622864,,,,PENDING_AT_END
498.04999999999995,498.38460908541174,,,,PENDING_AT_END
498.4,498.4185832528002,,,,PENDING_AT_END
498.74999999999994,499.0656390923768,,,,PENDING_AT_END
499.09999999999997,499.2469800512509,,,,PENDING_AT_END
499.45,499.47812728542846,,,,PENDING_AT_END
499.79999999999995,499.94787235575154,,,,PENDING_AT_END
500.15,500.3882676753408,,,,PENDING_AT_END
500.49999999999994,500.5873131777344,,,,PENDING_AT_END
500.84999999999997,501.15404385955975,,,,PENDING_AT_END
501.2,501.517454992361,,,,PENDING_AT_END
501.54999999999995,501.60120049420823,,,,PENDING_AT_END
501.9,502.10956208728896,,,,PENDING_AT_END
502.24999999999994,502.5525923645259,,,,PENDING_AT_END
502.59999999999997,502.96696829060687,,,,PENDING_AT_END
502.95,503.20432069308646,,,,PENDING_AT_END
503.29999999999995,503.4319929356993,,,,PENDING_AT_END
503.65,503.76103551204756,,,,PENDING_AT_END
503.99999999999994,504.3551963965239,,,,PENDING_AT_END
504.34999999999997,504.46099987967153,,,,PENDING_AT_END
504.7,504.77195661494005,,,,PENDING_AT_END
505.04999999999995,505.28751458630165,,,,PENDING_AT_END
505.4,505.5857095102176,,,,PENDING_AT_END
505.74999999999994,505.92499705756023,,,,PENDING_AT_END
506.09999999999997,506.3983791539894,,,,PENDING_AT_END
506.45,506.6419277812709,,,,PENDING_AT_END
506.79999999999995,506.93138786425425,,,,PENDING_AT_END
507.15,507.30562583885694,,,,PENDING_AT_END
507.49999999999994,507.73138149772825,,,,PENDING_AT_END
507.84999999999997,508.13469854870306,,,,PENDING_AT_END
508.2,508.21693160556066,,,,PENDING_AT_END
508.54999999999995,508.9186327681997,,,,PENDING_AT_END
508.9,509.0342511259727,,,,PENDING_AT_END
509.24999999999994,509.56800482049135,,,,PENDING_AT_END
509.59999999999997,509.8906559423462,,,,PENDING_AT_END
509.95,510.2858486441299,,,,PENDING_AT_END
510.29999999999995,510.49182196916195,,,,PENDING_AT_END
510.65,510.8428032127032,,,,PENDING_AT_END
510.99999999999994,511.1551921701849,,,,PENDING_AT_END
511.34999999999997,511.53324927273223,,,,PENDING_AT_END
511.7,511.8979182878782,,,,PENDING_AT_END
512.05,512.2550528312056,,,,PENDING_AT_END
512.4,512.5828676974874,,,,PENDING_AT_END
512.75,513.0370333771484,,,,PENDING_AT_END
513.1,513.164393360806,,,,PENDING_AT_END
513.4499999999999,513.6913988241289,,,,PENDING_AT_END
513.8,513.8234153735907,,,,PENDING_AT_END
514.15,514.4371699329582,,,,PENDING_AT_END
514.5,514.8776125028335,,,,PENDING_AT_END
514.85,515.1702630271071,,,,PENDING_AT_END
515.1999999999999,515.2116272259044,,,,PENDING_AT_END
515.55,515.9038151294574,,,,PENDING_AT_END
515.9,516.1163426644054,,,,PENDING_AT_END
516.25,516.4009240930361,,,,PENDING_AT_END
516.6,516.9009273942496,,,,PENDING_AT_END
516.9499999999999,517.1462705623145,,,,PENDING_AT_END
517.3,517.4178137159274,,,,PENDING_AT_END
517.65,517.9713875302376,,,,PENDING_AT_END
518.0,518.3180621426275,,,,PENDING_AT_END
518.35,518.4495270449135,,,,PENDING_AT_END
518.6999999999999,518.8841864313978,,,,PENDING_AT_END
519.05,519.113109086295,,,,PENDING_AT_END
519.4,519.5955703962487,,,,PENDING_AT_END
519.75,520.0382293747759,,,,PENDING_AT_END
520.1,520.4501263195212,,,,PENDING_AT_END
520.4499999999999,520.5940766887235,,,,PENDING_AT_END
520.8,521.1391293243605,,,,PENDING_AT_END
521.15,521.2495355941097,,,,PENDING_AT_END
521.5,521.7748029199925,,,,PENDING_AT_END
521.85,522.2130301190547,,,,PENDING_AT_END
522.1999999999999,522.5793418405027,,,,PENDING_AT_END
522.55,522.617268989658,,,,PENDING_AT_END
522.9,522.9364064510731,,,,PENDING_AT_END
523.25,523.480161554425,,,,PENDING_AT_END
523.6,523.996982873667,,,,PENDING_AT_END
523.9499999999999,524.1848019297073,,,,PENDING_AT_END
524.3,524.656542398872,,,,PENDING_AT_END
524.65,524.8385134157933,,,,PENDING_AT_END
525.0,525.2206949058057,,,,PENDING_AT_END
525.35,525.6711340599446,,,,PENDING_AT_END
525.6999999999999,526.0069320210674,,,,PENDING_AT_END
526.05,526.2003583307771,,,,PENDING_AT_END
526.4,526.4990633441511,,,,PENDING_AT_END
526.75,527.1259375305235,,,,PENDING_AT_END
527.1,527.2822586974982,,,,PENDING_AT_END
527.4499999999999,527.7167989797,,,,PENDING_AT_END
527.8,528.1385008158343,,,,PENDING_AT_END
528.15,528.297649973705,,,,PENDING_AT_END
528.5,528.8533884865215,,,,PENDING_AT_END
528.85,529.1714586529203,,,,PENDING_AT_END
529.1999999999999,529.5922477290229,,,,PENDING_AT_END
529.55,529.603578349992,,,,PENDING_AT_END
529.9,530.2307107471833,,,,PENDING_AT_END
530.25,530.484977429883,,,,PENDING_AT_END
530.6,530.6226536438838,,,,PENDING_AT_END
530.9499999999999,531.1854115102457,,,,PENDING_AT_END
531.3,531.4008027606842,,,,PENDING_AT_END
531.65,531.710917220871,,,,PENDING_AT_END
532.0,532.3307226136135,,,,PENDING_AT_END
532.35,532.535232180246,,,,PENDING_AT_END
532.6999999999999,532.9193192054319,,,,PENDING_AT_END
533.05,533.0831631544509,,,,PENDING_AT_END
533.4,533.5873387074156,,,,PENDING_AT_END
533.75,534.0685409596358,,,,PENDING_AT_END
534.1,534.2990786226727,,,,PENDING_AT_END
534.4499999999999,534.7304254501904,,,,PENDING_AT_END
534.8,535.1532864712526,,,,PENDING_AT_END
535.15,535.4296772381118,,,,PENDING_AT_END
535.5,535.5738309181297,,,,PENDING_AT_END
535.85,536.0632518072711,,,,PENDING_AT_END
536.1999999999999,536.2946363287521,,,,PENDING_AT_END
536.55,536.5913097286402,,,,PENDING_AT_END
536.9,537.1060930103259,,,,PENDING_AT_END
537.25,537.4579036088567,,,,PENDING_AT_END
537.5999999999999,537.70905765414,,,,PENDING_AT_END
537.9499999999999,538.265392372312,,,,PENDING_AT_END
538.3,538.5484531600093,,,,PENDING_AT_END
538.65,539.0147169786243,,,,PENDING_AT_END
539.0,539.019334591416,,,,PENDING_AT_END
539.3499999999999,539.6353141871593,,,,PENDING_AT_END
539.6999999999999,539.95127443391,,,,PENDING_AT_END
540.05,540.4392329732946,,,,PENDING_AT_END
540.4,540.4832419896335,,,,PENDING_AT_END
540.75,541.1054357520645,,,,PENDING_AT_END
541.0999999999999,541.2737004083197,,,,PENDING_AT_END
541.4499999999999,541.574724111502,,,,PENDING_AT_END
541.8,541.9771237782115,,,,PENDING_AT_END
542.15,542.3462137439059,,,,PENDING_AT_END
542.5,542.8270054778075,,,,PENDING_AT_END
542.8499999999999,542.9145925345258,,,,PENDING_AT_END
543.1999999999999,543.5568805004099,,,,PENDING_AT_END
543.55,543.68906278503,,,,PENDING_AT_END
543.9,543.9518316920343,,,,PENDING_AT_END
544.25,544.3111912655179,,,,PENDING_AT_END
544.5999999999999,544.8358876923676,,,,PENDING_AT_END
544.9499999999999,545.1314469521034,,,,PENDING_AT_END
545.3,545.3253075980426,,,,PENDING_AT_END
545.65,545.8094274999222,,,,PENDING_AT_END
546.0,546.0315494194981,,,,PENDING_AT_END
546.3499999999999,546.3747773115881,,,,PENDING_AT_END
546.6999999999999,546.7380339655457,,,,PENDING_AT_END
547.05,547.2632218768347,,,,PENDING_AT_END
547.4,547.7727743301488,,,,PENDING_AT_END
547.75,547.8378424057985,,,,PENDING_AT_END
548.0999999999999,548.2149482778971,,,,PENDING_AT_END
548.4499999999999,548.6508097463264,,,,PENDING_AT_END
548.8,548.8576580454564,,,,PENDING_AT_END
549.15,549.233704172762,,,,PENDING_AT_END
549.5,549.8255772317057,,,,PENDING_AT_END
549.8499999999999,550.0138798347743,,,,PENDING_AT_END
550.1999999999999,550.2870573164445,,,,PENDING_AT_END
550.55,550.9312729319477,,,,PENDING_AT_END
550.9,550.9395323150158,,,,PENDING_AT_END
551.25,551.4793229085226,,,,PENDING_AT_END
551.5999999999999,551.7004761640549,,,,PENDING_AT_END
551.9499999999999,552.2868357519707,,,,PENDING_AT_END
552.3,552.545398713678,,,,PENDING_AT_END
552.65,552.7377579981152,,,,PENDING_AT_END
553.0,553.3557317155612,,,,PENDING_AT_END
553.3499999999999,553.4721277510139,,,,PENDING_AT_END
553.6999999999999,553.8970456822968,,,,PENDING_AT_END
554.05,554.3736695597263,,,,PENDING_AT_END
554.4,554.5526893174732,,,,PENDING_AT_END
554.75,555.0311244531902,,,,PENDING_AT_END
555.0999999999999,555.498289514597,,,,PENDING_AT_END
555.4499999999999,555.5666268320191,,,,PENDING_AT_END
555.8,555.9749921247997,,,,PENDING_AT_END
556.15,556.2019313194784,,,,PENDING_AT_END
556.5,556.6672522582098,,,,PENDING_AT_END
556.8499999999999,556.9523720305315,,,,PENDING_AT_END
557.1999999999999,557.323031569459,,,,PENDING_AT_END
557.55,557.7151987621742,,,,PENDING_AT_END
557.9,558.2315387065804,,,,PENDING_AT_END
558.25,558.2816943833209,,,,PENDING_AT_END
558.5999999999999,558.7720212355587,,,,PENDING_AT_END
558.9499999999999,559.0072865623321,,,,PENDING_AT_END
559.3,559.5038938389662,,,,PENDING_AT_END
559.65,559.8065967420622,,,,PENDING_AT_END
560.0,560.3752376494165,,,,PENDING_AT_END
560.3499999999999,560.5622736374869,,,,PENDING_AT_END
560.6999999999999,560.9773337720122,,,,PENDING_AT_END
561.05,561.148938993221,,,,PENDING_AT_END
561.4,561.6880931346653,,,,PENDING_AT_END
561.75,561.8583259770226,,,,PENDING_AT_END
562.0999999999999,562.3891108778344,,,,PENDING_AT_END
562.4499999999999,562.7110940399613,,,,PENDING_AT_END
562.8,562.8726224402844,,,,PENDING_AT_END
563.15,563.3484529359731,,,,PENDING_AT_END
563.5,563.7470152143194,,,,PENDING_AT_END
563.8499999999999,563.8898089991937,,,,PENDING_AT_END
564.1999999999999,564.4945019173127,,,,PENDING_AT_END
564.55,564.8640778249833,,,,PENDING_AT_END
564.9,565.0761920562812,,,,PENDING_AT_END
565.25,565.2579777346175,,,,PENDING_AT_END
565.5999999999999,565.8688234460506,,,,PENDING_AT_END
565.9499999999999,566.2978091784265,,,,PENDING_AT_END
566.3,566.559704709226,,,,PENDING_AT_END
566.65,566.7194309732976,,,,PENDING_AT_END
567.0,567.3026122508086,,,,PENDING_AT_END
567.3499999999999,567.4835708217918,,,,PENDING_AT_END
567.6999999999999,567.8779601330649,,,,PENDING_AT_END
568.05,568.2398344214057,,,,PENDING_AT_END
568.4,568.4188196718115,,,,PENDING_AT_END
568.75,568.9230239103331,,,,PENDING_AT_END
569.0999999999999,569.4697004467384,,,,PENDING_AT_END
569.4499999999999,569.662620894086,,,,PENDING_AT_END
569.8,570.174127514847,,,,PENDING_AT_END
570.15,570.4130523853968,,,,PENDING_AT_END
570.5,570.8288558925312,,,,PENDING_AT_END
570.8499999999999,571.0693852064132,,,,PENDING_AT_END
571.1999999999999,571.4767899373727,,,,PENDING_AT_END
571.55,571.8235906926404,,,,PENDING_AT_END
571.9,572.1449003914298,,,,PENDING_AT_END
572.25,572.2860285805496,,,,PENDING_AT_END
572.5999999999999,572.6331485785965,,,,PENDING_AT_END
572.9499999999999,573.232914603714,,,,PENDING_AT_END
573.3,573.3510124549252,,,,PENDING_AT_END
573.65,573.7414108119316,,,,PENDING_AT_END
574.0,574.0288822846253,,,,PENDING_AT_END
574.3499999999999,574.4237467578191,,,,PENDING_AT_END
574.6999999999999,574.9730030187769,,,,PENDING_AT_END
575.05,575.1277041719272,,,,PENDING_AT_END
575.4,575.7889445332365,,,,PENDING_AT_END
575.75,576.1063683188534,,,,PENDING_AT_END
576.0999999999999,576.3547404834023,,,,PENDING_AT_END
576.4499999999999,576.5927165144748,,,,PENDING_AT_END
576.8,576.9030856047045,,,,PENDING_AT_END
577.15,577.1877106281598,,,,PENDING_AT_END
577.5,577.6709603616005,,,,PENDING_AT_END
577.8499999999999,577.9549542052009,,,,PENDING_AT_END
578.1999999999999,578.4142216506522,,,,PENDING_AT_END
578.55,578.8951726784901,,,,PENDING_AT_END
578.9,579.0664414698846,,,,PENDING_AT_END
579.25,579.6264140104499,,,,PENDING_AT_END
579.5999999999999,579.7551740295687,,,,PENDING_AT_END
579.9499999999999,580.0382067072186,,,,PENDING_AT_END
580.3,580.5735713722263,,,,PENDING_AT_END
580.65,580.9232455585446,,,,PENDING_AT_END
581.0,581.16102566821,,,,PENDING_AT_END
581.3499999999999,581.5331692630141,,,,PENDING_AT_END
581.6999999999999,581.9072191188922,,,,PENDING_AT_END
582.05,582.1091560493066,,,,PENDING_AT_END
582.4,582.4797684271408,,,,PENDING_AT_END
582.75,582.7962201659582,,,,PENDING_AT_END
583.0999999999999,583.4049530217217,,,,PENDING_AT_END
583.4499999999999,583.4514383736101,,,,PENDING_AT_END
583.8,583.8366298877902,,,,PENDING_AT_END
584.15,584.1974765941303,,,,PENDING_AT_END
584.5,584.5488748426626,,,,PENDING_AT_END
584.8499999999999,584.9630906606615,,,,PENDING_AT_END
585.1999999999999,585.5610654249923,,,,PENDING_AT_END
585.55,585.7418435458694,,,,PENDING_AT_END
585.9,586.1498099271945,,,,PENDING_AT_END
586.25,586.5750443054444,,,,PENDING_AT_END
586.5999999999999,586.8724387003056,,,,PENDING_AT_END
586.9499999999999,586.9797090397093,,,,PENDING_AT_END
587.3,587.5403205282514,,,,PENDING_AT_END
587.65,587.826138194987,,,,PENDING_AT_END
588.0,588.1915236929599,,,,PENDING_AT_END
588.3499999999999,588.6726258713661,,,,PENDING_AT_END
588.6999999999999,588.9019293204352,,,,PENDING_AT_END
589.05,589.2121009597436,,,,PENDING_AT_END
589.4,589.4530779426274,,,,PENDING_AT_END
589.75,589.8469661239169,,,,PENDING_AT_END
590.0999999999999,590.1555160574653,,,,PENDING_AT_END
590.4499999999999,590.6953292664815,,,,PENDING_AT_END
590.8,591.02635364406,,,,PENDING_AT_END
591.15,591.5480353241823,,,,PENDING_AT_END
591.5,591.8170339358201,,,,PENDING_AT_END
591.8499999999999,592.0283929417865,,,,PENDING_AT_END
592.1999999999999,592.3647814502402,,,,PENDING_AT_END
592.55,592.8868689328367,,,,PENDING_AT_END
592.9,593.1411519637837,,,,PENDING_AT_END
593.25,593.536451087728,,,,PENDING_AT_END
593.5999999999999,593.6803137216205,,,,PENDING_AT_END
593.9499999999999,594.1051542488605,,,,PENDING_AT_END
594.3,594.3844610317242,,,,PENDING_AT_END
594.65,594.8852962258653,,,,PENDING_AT_END
595.0,595.104171508706,,,,PENDING_AT_END
595.3499999999999,595.3955128399193,,,,PENDING_AT_END
595.6999999999999,595.7693832396507,,,,PENDING_AT_END
596.05,596.3679337454964,,,,PENDING_AT_END
596.4,596.6020912446965,,,,PENDING_AT_END
596.75,597.0547366651999,,,,PENDING_AT_END
597.0999999999999,597.114965440958,,,,PENDING_AT_END
597.4499999999999,597.573461013725,,,,PENDING_AT_END
597.8,597.9602096213794,,,,PENDING_AT_END
598.15,598.4107366163845,,,,PENDING_AT_END
598.5,598.7466858784433,,,,PENDING_AT_END
598.8499999999999,599.2366715844612,,,,PENDING_AT_END
599.1999999999999,599.3466672075327,,,,PENDING_AT_END
599.55,599.8502192652488,,,,PENDING_AT_END
599.9,599.9361706848186,,,,PENDING_AT_END
600.25,600.3353424976688,,,,PENDING_AT_END
600.5999999999999,600.6260352510244,,,,PENDING_AT_END
600.9499999999999,600.9763823694892,,,,PENDING_AT_END
601.3,601.3537694997563,,,,PENDING_AT_END
601.65,601.8019693489322,,,,PENDING_AT_END
602.0,602.1027579610677,,,,PENDING_AT_END
602.3499999999999,602.6628938795607,,,,PENDING_AT_END
602.6999999999999,603.0282377178372,,,,PENDING_AT_END
603.05,603.3025377614913,,,,PENDING_AT_END
603.4,603.6600410695922,,,,PENDING_AT_END
603.75,604.0686174635603,,,,PENDING_AT_END
604.0999999999999,604.213287395369,,,,PENDING_AT_END
604.4499999999999,604.7011831116732,,,,PENDING_AT_END
604.8,604.9044487850967,,,,PENDING_AT_END
605.15,605.4533365067156,,,,PENDING_AT_END
605.5,605.6826494288573,,,,PENDING_AT_END
605.8499999999999,606.2106147704442,,,,PENDING_AT_END
606.1999999999999,606.3056191974309,,,,PENDING_AT_END
606.55,606.7381210669207,,,,PENDING_AT_END
606.9,606.9909179229643,,,,PENDING_AT_END
607.25,607.2971818650126,,,,PENDING_AT_END
607.5999999999999,607.647146914758,,,,PENDING_AT_END
607.9499999999999,608.265043016842,,,,PENDING_AT_END
608.3,608.3359870996844,,,,PENDING_AT_END
608.65,608.7186077068433,,,,PENDING_AT_END
609.0,609.0341586139855,,,,PENDING_AT_END
609.3499999999999,609.6085452423192,,,,PENDING_AT_END
609.6999999999999,609.744895025097,,,,PENDING_AT_END
610.05,610.0930783319343,,,,PENDING_AT_END
610.4,610.6364964174035,,,,PENDING_AT_END
610.75,610.9538812036642,,,,PENDING_AT_END
611.0999999999999,611.3478765948071,,,,PENDING_AT_END
611.4499999999999,611.7491912854615,,,,PENDING_AT_END
611.8,612.1813687370443,,,,PENDING_AT_END
612.15,612.3919912238317,,,,PENDING_AT_END
612.5,612.7707627588184,,,,PENDING_AT_END
612.8499999999999,613.0866379353633,,,,PENDING_AT_END
613.1999999999999,613.4173431318712,,,,PENDING_AT_END
613.55,613.6041207513949,,,,PENDING_AT_END
613.9,614.2986810901733,,,,PENDING_AT_END
614.25,614.3439671906567,,,,PENDING_AT_END
614.5999999999999,614.6756610438506,,,,PENDING_AT_END
614.9499999999999,615.2095585031849,,,,PENDING_AT_END
615.3,615.6482808237415,,,,PENDING_AT_END
615.65,616.0468476387717,,,,PENDING_AT_END
616.0,616.3135241341049,,,,PENDING_AT_END
616.3499999999999,616.5393671675265,,,,PENDING_AT_END
616.6999999999999,616.7475096086379,,,,PENDING_AT_END
617.05,617.3310543687658,,,,PENDING_AT_END
617.4,617.6792204707912,,,,PENDING_AT_END
617.75,618.0662616926259,,,,PENDING_AT_END
618.0999999999999,618.1623353799487,,,,PENDING_AT_END
618.4499999999999,618.4859321208768,,,,PENDING_AT_END
618.8,618.8060417561726,,,,PENDING_AT_END
619.15,619.1793864516741,,,,PENDING_AT_END
619.5,619.7302705800537,,,,PENDING_AT_END
619.8499999999999,620.1132420079625,,,,PENDING_AT_END
620.1999999999999,620.2834318119664,,,,PENDING_AT_END
620.55,620.6624744673015,,,,PENDING_AT_END
620.9,621.0025531148525,,,,PENDING_AT_END
621.25,621.6114659136554,,,,PENDING_AT_END
621.5999999999999,621.871421085377,,,,PENDING_AT_END
621.9499999999999,622.3294176721162,,,,PENDING_AT_END
622.3,622.6497440594958,,,,PENDING_AT_END
622.65,622.8143021551952,,,,PENDING_AT_END
623.0,623.3013734754365,,,,PENDING_AT_END
623.3499999999999,623.5384460660991,,,,PENDING_AT_END
623.6999999999999,624.0279068537244,,,,PENDING_AT_END
624.05,624.1071492520894,,,,PENDING_AT_END
624.4,624.7639020049356,,,,PENDING_AT_END
624.75,624.8832570472555,,,,PENDING_AT_END
625.0999999999999,625.4639123305565,,,,PENDING_AT_END
625.4499999999999,625.4707218040559,,,,PENDING_AT_END
625.8,626.1744292247306,,,,PENDING_AT_END
626.15,626.301049834285,,,,PENDING_AT_END
626.5,626.6854859780792,,,,PENDING_AT_END
626.8499999999999,626.8737063433846,,,,PENDING_AT_END
627.1999999999999,627.567999924904,,,,PENDING_AT_END
627.55,627.761448077521,,,,PENDING_AT_END
627.9,628.1152945549089,,,,PENDING_AT_END
628.25,628.6433177355013,,,,PENDING_AT_END
628.5999999999999,628.9511543113986,,,,PENDING_AT_END
628.9499999999999,628.9763311112855,,,,PENDING_AT_END
629.3,629.610077309532,,,,PENDING_AT_END
629.65,629.6587822271782,,,,PENDING_AT_END
630.0,630.0964436127747,,,,PENDING_AT_END
630.3499999999999,630.6472605394763,,,,PENDING_AT_END
630.6999999999999,630.9457007867035,,,,PENDING_AT_END
631.05,631.1578896241963,,,,PENDING_AT_END
631.4,631.7277109178013,,,,PENDING_AT_END
631.75,631.8127484388656,,,,PENDING_AT_END
632.0999999999999,632.2322363703911,,,,PENDING_AT_END
632.4499999999999,632.8342181257752,,,,PENDING_AT_END
632.8,633.0482024800942,,,,PENDING_AT_END
633.15,633.4259660737506,,,,PENDING_AT_END
633.5,633.7496618951375,,,,PENDING_AT_END
633.8499999999999,634.1950588868779,,,,PENDING_AT_END
634.1999999999999,634.2684628777762,,,,PENDING_AT_END
634.55,634.7609827858826,,,,PENDING_AT_END
634.9,634.9653626785704,,,,PENDING_AT_END
635.25,635.4345110621057,,,,PENDING_AT_END
635.5999999999999,635.836155138534,,,,PENDING_AT_END
635.9499999999999,636.1088068990201,,,,PENDING_AT_END
636.3,636.3937536650024,,,,PENDING_AT_END
636.65,637.0412184093371,,,,PENDING_AT_END
637.0,637.249955496914,,,,PENDING_AT_END
637.3499999999999,637.578110261479,,,,PENDING_AT_END
637.6999999999999,637.7042536924581,,,,PENDING_AT_END
638.05,638.2872299726585,,,,PENDING_AT_END
638.4,638.6115525486065,,,,PENDING_AT_END
638.75,638.8033562543133,,,,PENDING_AT_END
639.0999999999999,639.3643115285392,,,,PENDING_AT_END
639.4499999999999,639.5668659168344,,,,PENDING_AT_END
639.8,640.1298610691133,,,,PENDING_AT_END
640.15,640.4412481540443,,,,PENDING_AT_END
640.5,640.5729155429497,,,,PENDING_AT_END
640.8499999999999,640.9111396301319,,,,PENDING_AT_END
641.1999999999999,641.4876834530213,,,,PENDING_AT_END
641.55,641.7574367198092,,,,PENDING_AT_END
641.9,642.2846581547775,,,,PENDING_AT_END
642.25,642.5745969141922,,,,PENDING_AT_END
642.5999999999999,642.6340419737382,,,,PENDING_AT_END
642.9499999999999,643.1755750943036,,,,PENDING_AT_END
643.3,643.4084102847953,,,,PENDING_AT_END
643.65,643.6838060950314,,,,PENDING_AT_END
644.0,644.2687768156425,,,,PENDING_AT_END
644.3499999999999,644.7341552749658,,,,PENDING_AT_END
644.6999999999999,644.996303851275,,,,PENDING_AT_END
645.05,645.234987441203,,,,PENDING_AT_END
645.4,645.4006640387291,,,,PENDING_AT_END
645.75,645.8080276459923,,,,PENDING_AT_END
646.0999999999999,646.213018505756,,,,PENDING_AT_END
646.4499999999999,646.5156612751795,,,,PENDING_AT_END
646.8,646.9415401997785,,,,PENDING_AT_END
647.15,647.4386833324478,,,,PENDING_AT_END
647.5,647.6158012368301,,,,PENDING_AT_END
647.8499999999999,647.9575997023976,,,,PENDING_AT_END
648.1999999999999,648.4789206486329,,,,PENDING_AT_END
648.55,648.8842361278598,,,,PENDING_AT_END
648.9,649.068968485354,,,,PENDING_AT_END
649.25,649.5062211083957,,,,PENDING_AT_END
649.5999999999999,649.9469990795133,,,,PENDING_AT_END
649.9499999999999,650.0560653708552,,,,PENDING_AT_END
650.3,650.4241768667971,,,,PENDING_AT_END
650.65,650.7131703329286,,,,PENDING_AT_END
651.0,651.1997404441436,,,,PENDING_AT_END
651.3499999999999,651.6754826532606,,,,PENDING_AT_END
651.6999999999999,652.0864483313895,,,,PENDING_AT_END
652.05,652.1885512183298,,,,PENDING_AT_END
652.4,652.4900450101242,,,,PENDING_AT_END
652.75,653.0784804508751,,,,PENDING_AT_END
653.0999999999999,653.1882472969044,,,,PENDING_AT_END
653.4499999999999,653.572007006948,,,,PENDING_AT_END
653.8,653.8650773624729,,,,PENDING_AT_END
654.15,654.2437508588315,,,,PENDING_AT_END
654.5,654.5246945317583,,,,PENDING_AT_END
654.8499999999999,655.1838061775666,,,,PENDING_AT_END
655.1999999999999,655.3068082841274,,,,PENDING_AT_END
655.55,655.7447775916207,,,,PENDING_AT_END
655.9,656.1031429767392,,,,PENDING_AT_END
656.25,656.6432260217957,,,,PENDING_AT_END
656.5999999999999,656.6045185368118,,,,PENDING_AT_END
656.9499999999999,657.240349639006,,,,PENDING_AT_END
657.3,657.4204360472454,,,,PENDING_AT_END
657.65,657.6510280885365,,,,PENDING_AT_END
658.0,658.0846694288907,,,,PENDING_AT_END
658.3499999999999,658.7158258785657,,,,PENDING_AT_END
658.6999999999999,658.9316657960354,,,,PENDING_AT_END
659.05,659.1657511904261,,,,PENDING_AT_END
659.4,659.6399512546246,,,,PENDING_AT_END
659.75,660.1258432296827,,,,PENDING_AT_END
660.0999999999999,660.3150005584071,,,,PENDING_AT_END
660.4499999999999,660.8257850782653,,,,PENDING_AT_END
660.8,661.0232992660449,,,,PENDING_AT_END
661.15,661.526707954806,,,,PENDING_AT_END
661.5,661.8965343554098,,,,PENDING_AT_END
661.8499999999999,662.167962814292,,,,PENDING_AT_END
662.1999999999999,662.3405114873964,,,,PENDING_AT_END
662.55,662.750017257684,,,,PENDING_AT_END
662.9,663.088227098527,,,,PENDING_AT_END
663.25,663.3569408034459,,,,PENDING_AT_END
663.5999999999999,663.9064598847244,,,,PENDING_AT_END
663.9499999999999,664.2870273738,,,,PENDING_AT_END
664.3,664.6011696028302,,,,PENDING_AT_END
664.65,664.9424865381326,,,,PENDING_AT_END
665.0,665.0090973887159,,,,PENDING_AT_END
665.3499999999999,665.6242209710404,,,,PENDING_AT_END
665.6999999999999,666.0454107313595,,,,PENDING_AT_END
666.05,666.2691254072361,,,,PENDING_AT_END
666.4,666.4388934618236,,,,PENDING_AT_END
666.75,666.9400884722193,,,,PENDING_AT_END
667.0999999999999,667.3475372022497,,,,PENDING_AT_END
667.4499999999999,667.727657318574,,,,PENDING_AT_END
667.8,668.0263558091119,,,,PENDING_AT_END
668.15,668.1657455828303,,,,PENDING_AT_END
668.5,668.7594013437044,,,,PENDING_AT_END
668.8499999999999,668.9061584296949,,,,PENDING_AT_END
669.1999999999999,669.2818055702404,,,,PENDING_AT_END
669.55,669.7531915007773,,,,PENDING_AT_END
669.9,670.2076390609017,,,,PENDING_AT_END
670.25,670.262564223018,,,,PENDING_AT_END
670.5999999999999,670.9325766747945,,,,PENDING_AT_END
670.9499999999999,670.9985671496312,,,,PENDING_AT_END
671.3,671.543351807406,,,,PENDING_AT_END
671.65,671.9133778348602,,,,PENDING_AT_END
672.0,672.3139841768739,,,,PENDING_AT_END
672.3499999999999,672.5097983981059,,,,PENDING_AT_END
672.6999999999999,672.8992616511147,,,,PENDING_AT_END
673.05,673.4088224418708,,,,PENDING_AT_END
673.4,673.4980389233777,,,,PENDING_AT_END
673.75,674.0562321643513,,,,PENDING_AT_END
674.0999999999999,674.381928207391,,,,PENDING_AT_END
674.4499999999999,674.7603559903472,,,,PENDING_AT_END
674.8,675.1232684763838,,,,PENDING_AT_END
675.15,675.3726657148308,,,,PENDING_AT_END
675.5,675.5180618486943,,,,PENDING_AT_END
675.8499999999999,676.2094710180049,,,,PENDING_AT_END
676.1999999999999,676.5064668057001,,,,PENDING_AT_END
676.55,676.8312418588152,,,,PENDING_AT_END
676.9,677.1068174466451,,,,PENDING_AT_END
677.25,677.5837480135724,,,,PENDING_AT_END
677.5999999999999,677.6495803140747,,,,PENDING_AT_END
677.9499999999999,678.1601829134844,,,,PENDING_AT_END
678.3,678.6908918304359,,,,PENDING_AT_END
678.65,678.9219681451199,,,,PENDING_AT_END
679.0,679.3394085829366,,,,PENDING_AT_END
679.3499999999999,679.3636583253915,,,,PENDING_AT_END
679.6999999999999,679.9671307361313,,,,PENDING_AT_END
680.05,680.184951032852,,,,PENDING_AT_END
680.4,680.6978430422608,,,,PENDING_AT_END
680.75,681.0151244539436,,,,PENDING_AT_END
681.0999999999999,681.4437060391504,,,,PENDING_AT_END
681.4499999999999,681.5023753797599,,,,PENDING_AT_END
681.8,681.9588016388523,,,,PENDING_AT_END
682.15,682.4199714051355,,,,PENDING_AT_END
682.5,682.7066695005494,,,,PENDING_AT_END
682.8499999999999,683.0579650935779,,,,PENDING_AT_END
683.1999999999999,683.5996282664295,,,,PENDING_AT_END
683.55,683.9141905732829,,,,PENDING_AT_END
683.9,684.1153141417366,,,,PENDING_AT_END
684.25,684.2504285598629,,,,PENDING_AT_END
684.5999999999999,684.7357346978824,,,,PENDING_AT_END
684.9499999999999,685.1017402917831,,,,PENDING_AT_END
685.3,685.4582057670341,,,,PENDING_AT_END
685.65,685.8039965696975,,,,PENDING_AT_END
686.0,686.3097774600346,,,,PENDING_AT_END
686.3499999999999,686.4429702768002,,,,PENDING_AT_END
686.6999999999999,686.9525655106037,,,,PENDING_AT_END
687.05,687.3384489226344,,,,PENDING_AT_END
687.4,687.6711252085746,,,,PENDING_AT_END
687.75,688.0403769855127,,,,PENDING_AT_END
688.0999999999999,688.4108713902244,,,,PENDING_AT_END
688.4499999999999,688.5281717025836,,,,PENDING_AT_END
688.8,689.0988889244461,,,,PENDING_AT_END
689.15,689.2765181139667,,,,PENDING_AT_END
689.5,689.8501977054202,,,,PENDING_AT_END
689.8499999999999,690.0077080648957,,,,PENDING_AT_END
690.1999999999999,690.4646746886293,,,,PENDING_AT_END
690.55,690.6645695008633,,,,PENDING_AT_END
690.9,690.9788731638256,,,,PENDING_AT_END
691.25,691.3635369183867,,,,PENDING_AT_END
691.5999999999999,691.9903817341053,,,,PENDING_AT_END
691.9499999999999,691.9877518194213,,,,PENDING_AT_END
692.3,692.4298037706701,,,,PENDING_AT_END
692.65,693.0444234277792,,,,PENDING_AT_END
693.0,693.2927871362785,,,,PENDING_AT_END
693.3499999999999,693.5900967879084,,,,PENDING_AT_END
693.6999999999999,693.8549231048479,,,,PENDING_AT_END
694.05,694.2453942190875,,,,PENDING_AT_END
694.4,694.5608209987855,,,,PENDING_AT_END
694.75,694.917641530277,,,,PENDING_AT_END
695.0999999999999,695.1458114392465,,,,PENDING_AT_END
695.4499999999999,695.6139163508141,,,,PENDING_AT_END
695.8,695.995924635987,,,,PENDING_AT_END
696.15,696.2058350575468,,,,PENDING_AT_END
696.5,696.7801731363938,,,,PENDING_AT_END
696.8499999999999,697.228787178268,,,,PENDING_AT_END
697.1999999999999,697.5790656709438,,,,PENDING_AT_END
697.55,697.7775939053863,,,,PENDING_AT_END
697.9,698.1562662475682,,,,PENDING_AT_END
698.25,698.3405014440095,,,,PENDING_AT_END
698.5999999999999,698.9139634281225,,,,PENDING_AT_END
698.9499999999999,699.0021705918813,,,,PENDING_AT_END
699.3,699.6046776442174,,,,PENDING_AT_END
699.65,699.758689588427,,,,PENDING_AT_END
700.0,700.2592301755662,,,,PENDING_AT_END
700.3499999999999,700.6808410337178,,,,PENDING_AT_END
700.6999999999999,701.0969479703523,,,,PENDING_AT_END
701.05,701.4340625178265,,,,PENDING_AT_END
701.4,701.5312369046834,,,,PENDING_AT_END
701.75,702.0255357943465,,,,PENDING_AT_END
702.0999999999999,702.4549700658013,,,,PENDING_AT_END
702.4499999999999,702.6959002685702,,,,PENDING_AT_END
702.8,703.1235862008862,,,,PENDING_AT_END
703.15,703.3465299044011,,,,PENDING_AT_END
703.5,703.6789604318296,,,,PENDING_AT_END
703.8499999999999,704.213288618851,,,,PENDING_AT_END
704.1999999999999,704.2343590813681,,,,PENDING_AT_END
704.55,704.620447236098,,,,PENDING_AT_END
704.9,705.2323997352352,,,,PENDING_AT_END
705.25,705.4864176470176,,,,PENDING_AT_END
705.5999999999999,705.742770255395,,,,PENDING_AT_END
705.9499999999999,706.0208090202719,,,,PENDING_AT_END
706.3,706.6471123338692,,,,PENDING_AT_END
706.65,706.8872707336881,,,,PENDING_AT_END
707.0,707.2040988222284,,,,PENDING_AT_END
707.3499999999999,707.7262279536262,,,,PENDING_AT_END
707.6999999999999,707.7937607630034,,,,PENDING_AT_END
708.05,708.2868787959208,,,,PENDING_AT_END
708.4,708.6082937083867,,,,PENDING_AT_END
708.75,708.8855228700259,,,,PENDING_AT_END
709.0999999999999,709.2381314715308,,,,PENDING_AT_END
709.4499999999999,709.5963054091336,,,,PENDING_AT_END
709.8,710.0408363823778,,,,PENDING_AT_END
710.15,710.2153015100711,,,,PENDING_AT_END
710.5,710.5802324147023,,,,PENDING_AT_END
710.8499999999999,711.1748259682577,,,,PENDING_AT_END
711.1999999999999,711.3513297356482,,,,PENDING_AT_END
711.55,711.7177920220029,,,,PENDING_AT_END
711.9,711.9136490771222,,,,PENDING_AT_END
712.25,712.289710646367,,,,PENDING_AT_END
712.5999999999999,712.9084333499968,,,,PENDING_AT_END
712.9499999999999,713.0662192370547,,,,PENDING_AT_END
713.3,713.6298340612809,,,,PENDING_AT_END
713.65,713.7713741719302,,,,PENDING_AT_END
714.0,714.396340899405,,,,PENDING_AT_END
714.3499999999999,714.6039794381952,,,,PENDING_AT_END
714.6999999999999,714.7665442641791,,,,PENDING_AT_END
715.05,715.3631943486314,,,,PENDING_AT_END
715.4,715.417195412619,,,,PENDING_AT_END
715.75,716.0676709915238,,,,PENDING_AT_END
716.0999999999999,716.2205704636253,,,,PENDING_AT_END
716.4499999999999,716.7460574875903,,,,PENDING_AT_END
716.8,716.9926204688243,,,,PENDING_AT_END
717.15,717.3761190240399,,,,PENDING_AT_END
717.5,717.7559921513052,,,,PENDING_AT_END
717.8499999999999,717.9393566063038,,,,PENDING_AT_END
718.1999999999999,718.3714662273052,,,,PENDING_AT_END
718.55,718.8086751556743,,,,PENDING_AT_END
718.9,719.1360794096794,,,,PENDING_AT_END
719.25,719.3187970285351,,,,PENDING_AT_END
719.5999999999999,719.806731728996,,,,PENDING_AT_END
719.9499999999999,720.0242604927661,,,,PENDING_AT_END
720.3,720.5159459660131,,,,PENDING_AT_END
720.65,720.8638965765621,,,,PENDING_AT_END
721.0,721.0891336866196,,,,PENDING_AT_END
721.3499999999999,721.591544215989,,,,PENDING_AT_END
721.6999999999999,721.8194872762423,,,,PENDING_AT_END
722.05,722.2546363615113,,,,PENDING_AT_END
722.4,722.5108844908724,,,,PENDING_AT_END
722.75,723.1058111077398,,,,PENDING_AT_END
723.0999999999999,723.2262366329039,,,,PENDING_AT_END
723.4499999999999,723.6846071047645,,,,PENDING_AT_END
723.8,723.9677127816524,,,,PENDING_AT_END
724.15,724.4098156186448,,,,PENDING_AT_END
724.5,724.6133075367809,,,,PENDING_AT_END
724.8499999999999,725.0354273894593,,,,PENDING_AT_END
725.1999999999999,725.5975121315627,,,,PENDING_AT_END
725.55,725.5931111368452,,,,PENDING_AT_END
725.9,726.117519337164,,,,PENDING_AT_END
726.25,726.5566560229029,,,,PENDING_AT_END
726.5999999999999,726.9339937548464,,,,PENDING_AT_END
726.9499999999999,727.104516571715,,,,PENDING_AT_END
727.3,727.5215221685187,,,,PENDING_AT_END
727.65,727.9845129344229,,,,PENDING_AT_END
728.0,728.1308842946942,,,,PENDING_AT_END
728.3499999999999,728.4322635868409,,,,PENDING_AT_END
728.6999999999999,729.0985573072816,,,,PENDING_AT_END
729.05,729.1504945506299,,,,PENDING_AT_END
729.4,729.6774798963173,,,,PENDING_AT_END
729.75,730.0420392564872,,,,PENDING_AT_END
730.0999999999999,730.4614441910492,,,,PENDING_AT_END
730.4499999999999,730.546336226469,,,,PENDING_AT_END
730.8,731.0455138622797,,,,PENDING_AT_END
731.15,731.3275530544225,,,,PENDING_AT_END
731.5,731.5507011173972,,,,PENDING_AT_END
731.8499999999999,732.2073578346208,,,,PENDING_AT_END
732.1999999999999,732.2860209610816,,,,PENDING_AT_END
732.55,732.6772942405314,,,,PENDING_AT_END
732.9,733.0764636469877,,,,PENDING_AT_END
733.25,733.4670743553661,,,,PENDING_AT_END
733.5999999999999,733.7094141186553,,,,PENDING_AT_END
733.9499999999999,734.0313890211052,,,,PENDING_AT_END
734.3,734.5676226757571,,,,PENDING_AT_END
734.65,734.9817680820162,,,,PENDING_AT_END
