timestamp,gen_time,sel_time,tx_time,rx_time,status
0.0,0.20249991552923743,158.66052998289922,158.66152998289922,158.8315299828992,TX
0.35,0.6147022171435454,156.16206412273232,156.16306412273232,156.3330641227323,TX
0.7,1.020750627125366,158.68809378284598,158.689093782846,158.85909378284597,TX
1.0499999999999998,1.3209720454183485,157.79655148409816,157.79755148409816,157.96755148409815,TX
1.4,1.5697373358991369,157.28026217842427,157.28126217842427,157.45126217842426,TX
1.75,2.119278879690687,161.56025272709212,161.56125272709212,161.7312527270921,TX
2.0999999999999996,2.3352774444248308,161.44379309919597,161.44479309919598,161.61479309919596,TX
2.4499999999999997,2.604882217408045,157.76688644011892,157.76788644011893,157.93788644011892,TX
2.8,3.002520234771352,158.76053561864595,158.76153561864595,158.93153561864594,TX
3.15,3.222415263150928,154.92153512099068,154.9225351209907,155.09253512099068,TX
3.5,3.6640720553614115,159.60089543598343,159.60189543598344,159.77189543598342,TX
3.8499999999999996,3.973281120548241,158.92280261903164,158.92380261903165,159.09380261903164,TX
4.199999999999999,4.228057733531935,163.32919097761132,163.33019097761132,163.5001909776113,TX
4.55,4.562819827388794,157.18030107001854,157.18130107001855,157.35130107001854,TX
4.8999999999999995,5.115211465534602,,,,PENDING_AT_END
5.25,5.382725463627736,,,,PENDING_AT_END
5.6,5.9986914412854055,,,,PENDING_AT_END
5.949999999999999,6.316879572611677,,,,PENDING_AT_END
6.3,6.467831711319845,,,,PENDING_AT_END
6.6499999999999995,7.023217844703525,,,,PENDING_AT_END
7.0,7.044150572839049,,,,PENDING_AT_END
7.35,7.408154733136401,,,,PENDING_AT_END
7.699999999999999,7.831076719788362,,,,PENDING_AT_END
8.049999999999999,8.240824403447624,,,,PENDING_AT_END
8.399999999999999,8.46392519935732,,,,PENDING_AT_END
8.75,9.082766086061824,,,,PENDING_AT_END
9.1,9.321290850546356,,,,PENDING_AT_END
9.45,9.507428258183648,,,,PENDING_AT_END
9.799999999999999,10.108079521616835,,,,PENDING_AT_END
10.149999999999999,10.486026528828347,,,,PENDING_AT_END
10.5,10.566498547343897,,,,PENDING_AT_END
10.85,11.04621760475081,,,,PENDING_AT_END
11.2,11.424884961914398,,,,PENDING_AT_END
11.549999999999999,11.80653527333696,,,,PENDING_AT_END
11.899999999999999,12.113611201968464,,,,PENDING_AT_END
12.25,12.396812602614748,,,,PENDING_AT_END
12.6,12.8594093834299,,,,PENDING_AT_END
12.95,13.053301857642687,,,,PENDING_AT_END
13.299999999999999,13.682113375287562,,,,PENDING_AT_END
13.649999999999999,13.882999986600819,,,,PENDING_AT_END
14.0,14.249808245537238,,,,PENDING_AT_END
14.35,14.51173383601258,,,,PENDING_AT_END
14.7,14.955270351558411,,,,PENDING_AT_END
15.049999999999999,15.166881376802683,,,,PENDING_AT_END
15.399999999999999,15.687617083477043,,,,PENDING_AT_END
15.749999999999998,15.88906991981681,,,,PENDING_AT_END
16.099999999999998,16.499755434871492,,,,PENDING_AT_END
16.45,16.76135473053078,,,,PENDING_AT_END
16.799999999999997,17.150267125272478,,,,PENDING_AT_END
17.15,17.227320425108665,,,,PENDING_AT_END
17.5,17.785304874857992,,,,PENDING_AT_END
17.849999999999998,17.874684669691792,,,,PENDING_AT_END
18.2,18.517920348877016,,,,PENDING_AT_END
18.549999999999997,18.63580181436459,,,,PENDING_AT_END
18.9,19.25968050782778,,,,PENDING_AT_END
19.25,19.331280726563868,,,,PENDING_AT_END
19.599999999999998,19.811844919088077,,,,PENDING_AT_END
19.95,20.097364025013103,,,,PENDING_AT_END
20.299999999999997,20.461423808249656,,,,PENDING_AT_END
20.65,20.8476075918132,,,,PENDING_AT_END
21.0,21.19721994346851,,,,PENDING_AT_END
21.349999999999998,21.399302960739153,,,,PENDING_AT_END
21.7,22.000550414986176,,,,PENDING_AT_END
22.049999999999997,22.38384367601708,,,,PENDING_AT_END
22.4,22.50210760696958,,,,PENDING_AT_END
22.75,23.0339945492803,,,,PENDING_AT_END
23.099999999999998,23.438957950757374,,,,PENDING_AT_END
23.45,23.558393346517487,,,,PENDING_AT_END
23.799999999999997,23.922170299298365,,,,PENDING_AT_END
24.15,24.151911175427166,,,,PENDING_AT_END
24.5,24.798538454575045,,,,PENDING_AT_END
24.849999999999998,24.958691436160233,,,,PENDING_AT_END
25.2,25.513737542762048,,,,PENDING_AT_END
25.549999999999997,25.697836626798797,,,,PENDING_AT_END
25.9,25.918054289069765,,,,PENDING_AT_END
26.25,26.345376684588864,,,,PENDING_AT_END
26.599999999999998,26.944580778464232,,,,PENDING_AT_END
26.95,26.999214926513776,,,,PENDING_AT_END
27.299999999999997,27.590633959838172,,,,PENDING_AT_END
27.65,27.7749394326478,,,,PENDING_AT_END
28.0,28.310200712205024,,,,PENDING_AT_END
28.349999999999998,28.527813195493014,,,,PENDING_AT_END
28.7,29.09674042048236,,,,PENDING_AT_END
29.049999999999997,29.244506940719205,,,,PENDING_AT_END
29.4,29.63372491124607,,,,PENDING_AT_END
29.749999999999996,29.95962184590275,,,,PENDING_AT_END
30.099999999999998,30.164531419207048,,,,PENDING_AT_END
30.45,30.7431905822808,,,,PENDING_AT_END
30.799999999999997,31.001321022694476,,,,PENDING_AT_END
31.15,31.509350223333207,,,,PENDING_AT_END
31.499999999999996,31.79966325697907,,,,PENDING_AT_END
31.849999999999998,31.972201636892162,,,,PENDING_AT_END
32.199999999999996,32.38138084686974,,,,PENDING_AT_END
32.55,32.6324530176599,,,,PENDING_AT_END
32.9,33.00695116597003,,,,PENDING_AT_END
33.25,33.647955750193276,,,,PENDING_AT_END
33.599999999999994,33.884472669617594,,,,PENDING_AT_END
33.949999999999996,34.18028927988657,,,,PENDING_AT_END
34.3,34.59634061038258,,,,PENDING_AT_END
34.65,34.70968076257744,,,,PENDING_AT_END
35.0,35.345517967268336,,,,PENDING_AT_END
35.349999999999994,35.395962964883324,,,,PENDING_AT_END
35.699999999999996,36.04107853961609,,,,PENDING_AT_END
36.05,36.417880188216444,,,,PENDING_AT_END
36.4,36.59217622783677,,,,PENDING_AT_END
36.75,36.82796247545615,,,,PENDING_AT_END
37.099999999999994,37.26441905322034,,,,PENDING_AT_END
37.449999999999996,37.702427863550206,,,,PENDING_AT_END
37.8,38.15081626570732,,,,PENDING_AT_END
38.15,38.54671512626367,,,,PENDING_AT_END
38.5,38.6781421772622,,,,PENDING_AT_END
38.849999999999994,39.225859407681895,,,,PENDING_AT_END
39.199999999999996,39.40349165469805,,,,PENDING_AT_END
39.55,39.88432478148175,,,,PENDING_AT_END
39.9,40.23452612030594,,,,PENDING_AT_END
40.25,40.530898564989485,,,,PENDING_AT_END
40.599999999999994,40.97600811322627,,,,PENDING_AT_END
40.949999999999996,41.337011646410936,,,,PENDING_AT_END
41.3,41.3973550228916,,,,PENDING_AT_END
41.65,41.91673000301217,,,,PENDING_AT_END
42.0,42.36391448994556,,,,PENDING_AT_END
42.349999999999994,42.71410344260882,,,,PENDING_AT_END
42.699999999999996,43.03580303699031,,,,PENDING_AT_END
43.05,43.17904580291365,,,,PENDING_AT_END
43.4,43.78956754084518,,,,PENDING_AT_END
43.75,44.04794242589432,,,,PENDING_AT_END
44.099999999999994,44.157150078876626,,,,PENDING_AT_END
44.449999999999996,44.70902376387699,,,,PENDING_AT_END
44.8,45.036036342546765,,,,PENDING_AT_END
45.15,45.468437944144505,,,,PENDING_AT_END
45.5,45.777280777116374,,,,PENDING_AT_END
45.849999999999994,46.0482260866749,,,,PENDING_AT_END
46.199999999999996,46.24814887511207,,,,PENDING_AT_END
46.55,46.67952502428007,,,,PENDING_AT_END
46.9,47.18588613689334,,,,PENDING_AT_END
47.25,47.25080899229005,,,,PENDING_AT_END
47.599999999999994,47.85407159360294,,,,PENDING_AT_END
47.949999999999996,48.1401855566784,,,,PENDING_AT_END
48.3,48.671354649139644,,,,PENDING_AT_END
48.65,48.93025600916153,,,,PENDING_AT_END
49.0,49.10287400204321,,,,PENDING_AT_END
49.349999999999994,49.73520509876228,,,,PENDING_AT_END
49.699999999999996,49.76312214538512,,,,PENDING_AT_END
50.05,50.200808256727726,,,,PENDING_AT_END
50.4,50.717307132657986,,,,PENDING_AT_END
50.75,50.768696550409544,,,,PENDING_AT_END
51.099999999999994,51.14836700916581,,,,PENDING_AT_END
51.449999999999996,51.81015195578218,,,,PENDING_AT_END
51.8,51.96360350454472,,,,PENDING_AT_END
52.15,52.30873831762887,,,,PENDING_AT_END
52.5,52.697681103541996,,,,PENDING_AT_END
52.849999999999994,52.99084904535907,,,,PENDING_AT_END
53.199999999999996,53.39211872749451,,,,PENDING_AT_END
53.55,53.94986442327678,,,,PENDING_AT_END
53.9,54.075127414198214,,,,PENDING_AT_END
54.25,54.646245053874694,,,,PENDING_AT_END
54.599999999999994,54.95253858997786,,,,PENDING_AT_END
54.949999999999996,55.18026128111148,,,,PENDING_AT_END
55.3,55.582649838134586,,,,PENDING_AT_END
55.65,55.92541262945149,,,,PENDING_AT_END
56.0,56.04103435706817,,,,PENDING_AT_END
56.349999999999994,56.5219897902399,,,,PENDING_AT_END
56.699999999999996,56.996515685193195,,,,PENDING_AT_END
57.05,57.18031810226819,,,,PENDING_AT_END
57.4,57.56417393348618,,,,PENDING_AT_END
57.74999999999999,58.068702872875555,,,,PENDING_AT_END
58.099999999999994,58.21825173848404,,,,PENDING_AT_END
58.449999999999996,58.84983236103147,,,,PENDING_AT_END
58.8,58.98340767072821,,,,PENDING_AT_END
59.15,59.37778793788164,,,,PENDING_AT_END
59.49999999999999,59.742995798339756,,,,PENDING_AT_END
59.849999999999994,59.85940579380856,,,,PENDING_AT_END
60.199999999999996,60.31764376524287,,,,PENDING_AT_END
60.55,60.754688330137,,,,PENDING_AT_END
60.9,61.15162981182542,,,,PENDING_AT_END
61.24999999999999,61.44483229788674,,,,PENDING_AT_END
61.599999999999994,61.887715847513675,,,,PENDING_AT_END
61.949999999999996,62.13474199890387,,,,PENDING_AT_END
62.3,62.3541973618654,,,,PENDING_AT_END
62.65,62.99584365537151,,,,PENDING_AT_END
62.99999999999999,63.33927445675082,,,,PENDING_AT_END
63.349999999999994,63.525361260875,,,,PENDING_AT_END
63.699999999999996,63.75753463726712,,,,PENDING_AT_END
64.05,64.18909630272391,,,,PENDING_AT_END
64.39999999999999,64.49862987384425,,,,PENDING_AT_END
64.75,64.778745035518,,,,PENDING_AT_END
65.1,65.35613984460835,,,,PENDING_AT_END
65.45,65.84652628371755,,,,PENDING_AT_END
65.8,66.02982151528222,,,,PENDING_AT_END
66.14999999999999,66.2774269298025,,,,PENDING_AT_END
66.5,66.62359224854592,,,,PENDING_AT_END
66.85,67.01840310476038,,,,PENDING_AT_END
67.19999999999999,67.5543160452917,,,,PENDING_AT_END
67.55,67.60044427316028,,,,PENDING_AT_END
67.89999999999999,68.06741668300084,,,,PENDING_AT_END
68.25,68.58046445632803,,,,PENDING_AT_END
68.6,68.75358004512458,,,,PENDING_AT_END
68.94999999999999,69.13695725497254,,,,PENDING_AT_END
69.3,69.65653200302235,,,,PENDING_AT_END
69.64999999999999,69.713030081931,,,,PENDING_AT_END
70.0,70.26134865893366,,,,PENDING_AT_END
70.35,70.62282133461287,,,,PENDING_AT_END
70.69999999999999,70.87433476334914,,,,PENDING_AT_END
71.05,71.05857700225944,,,,PENDING_AT_END
71.39999999999999,71.67748188050997,,,,PENDING_AT_END
71.75,71.79299975133023,,,,PENDING_AT_END
72.1,72.3840116762982,,,,PENDING_AT_END
72.44999999999999,72.73117466673528,,,,PENDING_AT_END
72.8,72.81312580604292,,,,PENDING_AT_END
73.14999999999999,73.47525651509996,,,,PENDING_AT_END
73.5,73.65714840564218,,,,PENDING_AT_END
73.85,73.87586672972904,,,,PENDING_AT_END
74.19999999999999,74.30294654080126,,,,PENDING_AT_END
74.55,74.83062865025947,,,,PENDING_AT_END
74.89999999999999,75.24833908674329,,,,PENDING_AT_END
75.25,75.43850585289726,,,,PENDING_AT_END
75.6,75.63743867237906,,,,PENDING_AT_END
75.94999999999999,76.00402642534593,,,,PENDING_AT_END
76.3,76.61718521645905,,,,PENDING_AT_END
76.64999999999999,76.91880599574871,,,,PENDING_AT_END
77.0,77.3262149060188,,,,PENDING_AT_END
77.35,77.63488524088848,,,,PENDING_AT_END
77.69999999999999,77.8535511924,,,,PENDING_AT_END
78.05,78.22417074264867,,,,PENDING_AT_END
78.39999999999999,78.78805642820289,,,,PENDING_AT_END
78.75,78.86459480421539,,,,PENDING_AT_END
79.1,79.1017018447051,,,,PENDING_AT_END
79.44999999999999,79.54372469108068,,,,PENDING_AT_END
79.8,80.05396995299684,,,,PENDING_AT_END
80.14999999999999,80.26108646439543,,,,PENDING_AT_END
80.5,80.75088396063933,,,,PENDING_AT_END
80.85,81.11077168319798,,,,PENDING_AT_END
81.19999999999999,81.47664243537912,,,,PENDING_AT_END
81.55,81.71474944048474,,,,PENDING_AT_END
81.89999999999999,82.12607870184642,,,,PENDING_AT_END
82.25,82.33850185970945,,,,PENDING_AT_END
82.6,82.68946543246886,,,,PENDING_AT_END
82.94999999999999,83.01666581018281,,,,PENDING_AT_END
83.3,83.68652698248796,,,,PENDING_AT_END
83.64999999999999,83.94816563258867,,,,PENDING_AT_END
84.0,84.3653950604,,,,PENDING_AT_END
84.35,84.53654472991869,,,,PENDING_AT_END
84.69999999999999,84.96621178094156,,,,PENDING_AT_END
85.05,85.19627721176748,,,,PENDING_AT_END
85.39999999999999,85.75578689297372,,,,PENDING_AT_END
85.75,85.84590418033599,,,,PENDING_AT_END
86.1,86.48680646574286,,,,PENDING_AT_END
86.44999999999999,86.46280888603201,,,,PENDING_AT_END
86.8,86.93317252830589,,,,PENDING_AT_END
87.14999999999999,87.23974053915377,,,,PENDING_AT_END
87.5,87.54629781908864,,,,PENDING_AT_END
87.85,88.00126558773448,,,,PENDING_AT_END
88.19999999999999,88.52258215678805,,,,PENDING_AT_END
88.55,88.89290306734419,,,,PENDING_AT_END
88.89999999999999,89.20288320164492,,,,PENDING_AT_END
89.25,89.61504748360372,,,,PENDING_AT_END
89.6,89.82403640265719,,,,PENDING_AT_END
89.94999999999999,90.06864500450163,,,,PENDING_AT_END
90.3,90.43289939115094,,,,PENDING_AT_END
90.64999999999999,90.79891589621717,,,,PENDING_AT_END
91.0,91.16350475582544,,,,PENDING_AT_END
91.35,91.47612114584189,,,,PENDING_AT_END
91.69999999999999,91.71206894946238,,,,PENDING_AT_END
92.05,92.05445377824576,,,,PENDING_AT_END
92.39999999999999,92.6940292726391,,,,PENDING_AT_END
92.75,93.01623765935122,,,,PENDING_AT_END
93.1,93.49271094947375,,,,PENDING_AT_END
93.44999999999999,93.45335951257994,,,,PENDING_AT_END
93.8,94.18560788916629,,,,PENDING_AT_END
94.14999999999999,94.21257581002381,,,,PENDING_AT_END
94.5,94.87850649170124,,,,PENDING_AT_END
94.85,94.86444716025034,,,,PENDING_AT_END
95.19999999999999,95.35939107099651,,,,PENDING_AT_END
95.55,95.74708479013886,,,,PENDING_AT_END
95.89999999999999,96.21913737436215,,,,PENDING_AT_END
96.25,96.36571750966493,,,,PENDING_AT_END
96.6,96.65068294636143,,,,PENDING_AT_END
96.94999999999999,97.02638070685765,,,,PENDING_AT_END
97.3,97.67135451338775,,,,PENDING_AT_END
97.64999999999999,97.88467160934967,,,,PENDING_AT_END
98.0,98.33494842902084,,,,PENDING_AT_END
98.35,98.73692630439595,,,,PENDING_AT_END
98.69999999999999,98.91846510049498,,,,PENDING_AT_END
99.05,99.22360755698621,,,,PENDING_AT_END
99.39999999999999,99.46933395246499,,,,PENDING_AT_END
99.75,100.1234667936503,,,,PENDING_AT_END
100.1,100.32452655254943,,,,PENDING_AT_END
100.44999999999999,100.68868067905444,,,,PENDING_AT_END
100.8,101.14970241009941,,,,PENDING_AT_END
101.14999999999999,101.24860366974364,,,,PENDING_AT_END
101.5,101.67235423333929,,,,PENDING_AT_END
101.85,101.86399673039577,,,,PENDING_AT_END
102.19999999999999,102.4592628633591,,,,PENDING_AT_END
102.55,102.683890475826,,,,PENDING_AT_END
102.89999999999999,103.03833539206654,,,,PENDING_AT_END
103.25,103.39648179139911,,,,PENDING_AT_END
103.6,103.79302743911845,,,,PENDING_AT_END
103.94999999999999,104.25454574808916,,,,PENDING_AT_END
104.3,104.53495160005257,,,,PENDING_AT_END
104.64999999999999,104.95211583211044,,,,PENDING_AT_END
105.0,105.27791487858332,,,,PENDING_AT_END
105.35,105.49529264293776,,,,PENDING_AT_END
105.69999999999999,106.04639964874096,,,,PENDING_AT_END
106.05,106.13030245445556,,,,PENDING_AT_END
106.39999999999999,106.75099785781198,,,,PENDING_AT_END
106.75,106.85018561657657,,,,PENDING_AT_END
107.1,107.23383019035421,,,,PENDING_AT_END
107.44999999999999,107.47676680932972,,,,PENDING_AT_END
107.8,108.19170299819903,,,,PENDING_AT_END
108.14999999999999,108.33173697830024,,,,PENDING_AT_END
108.5,108.57915420611835,,,,PENDING_AT_END
108.85,109.15609249135346,,,,PENDING_AT_END
109.19999999999999,109.30047124864825,,,,PENDING_AT_END
109.55,109.8972482393212,,,,PENDING_AT_END
109.89999999999999,110.1119841535281,,,,PENDING_AT_END
110.25,110.25795757671904,,,,PENDING_AT_END
110.6,110.62645494229915,,,,PENDING_AT_END
110.94999999999999,111.34743387845907,,,,PENDING_AT_END
111.3,111.46924416627799,,,,PENDING_AT_END
111.64999999999999,111.71380144093034,,,,PENDING_AT_END
112.0,112.07894388716792,,,,PENDING_AT_END
112.35,112.45753776853346,,,,PENDING_AT_END
112.69999999999999,113.00531768825405,,,,PENDING_AT_END
113.05,113.20868443333278,,,,PENDING_AT_END
113.39999999999999,113.67329726629468,,,,PENDING_AT_END
113.74999999999999,113.78077805137586,,,,PENDING_AT_END
114.1,114.15947879832538,,,,PENDING_AT_END
114.44999999999999,114.72996503354469,,,,PENDING_AT_END
114.8,115.16637688705781,,,,PENDING_AT_END
115.14999999999999,115.4580085317355,,,,PENDING_AT_END
115.49999999999999,115.59930443510761,,,,PENDING_AT_END
115.85,116.17496314090829,,,,PENDING_AT_END
116.19999999999999,116.25100256456986,,,,PENDING_AT_END
116.55,116.82005913791319,,,,PENDING_AT_END
116.89999999999999,117.00468399495763,,,,PENDING_AT_END
117.24999999999999,117.60149846903614,,,,PENDING_AT_END
117.6,117.77986087214686,,,,PENDING_AT_END
117.94999999999999,118.24658480786235,,,,PENDING_AT_END
118.3,118.50402318565482,,,,PENDING_AT_END
118.64999999999999,119.04208994802703,,,,PENDING_AT_END
118.99999999999999,119.0009644362545,,,,PENDING_AT_END
119.35,119.45790863492496,,,,PENDING_AT_END
119.69999999999999,119.97639526160995,,,,PENDING_AT_END
120.05,120.1171295064177,,,,PENDING_AT_END
120.39999999999999,120.68821649683333,,,,PENDING_AT_END
120.74999999999999,120.77892068509881,,,,PENDING_AT_END
121.1,121.32334801714194,,,,PENDING_AT_END
121.44999999999999,121.55898782921898,,,,PENDING_AT_END
121.8,122.10975754809401,,,,PENDING_AT_END
122.14999999999999,122.37222258925762,,,,PENDING_AT_END
122.49999999999999,122.85188868334124,,,,PENDING_AT_END
122.85,123.11331838742217,,,,PENDING_AT_END
123.19999999999999,123.2985034181101,,,,PENDING_AT_END
123.55,123.85722164151348,,,,PENDING_AT_END
123.89999999999999,124.27936065883053,,,,PENDING_AT_END
124.24999999999999,124.47152132888444,,,,PENDING_AT_END
124.6,124.90572364007625,,,,PENDING_AT_END
124.94999999999999,125.2958129276272,,,,PENDING_AT_END
125.3,125.59096282368522,,,,PENDING_AT_END
125.64999999999999,125.94330882096797,,,,PENDING_AT_END
125.99999999999999,126.04775434377639,,,,PENDING_AT_END
126.35,126.40430393783521,,,,PENDING_AT_END
126.69999999999999,126.8607399926046,,,,PENDING_AT_END
127.05,127.09398626234393,,,,PENDING_AT_END
127.39999999999999,127.70163043119295,,,,PENDING_AT_END
127.74999999999999,127.99058956280273,,,,PENDING_AT_END
128.1,128.10331438996738,,,,PENDING_AT_END
128.45,128.45568201399203,,,,PENDING_AT_END
128.79999999999998,129.14067092543277,,,,PENDING_AT_END
129.15,129.27945220921927,,,,PENDING_AT_END
129.5,129.71673593761454,,,,PENDING_AT_END
129.85,130.08710796120172,,,,PENDING_AT_END
130.2,130.54904930893156,,,,PENDING_AT_END
130.54999999999998,130.68188018456922,,,,PENDING_AT_END
130.9,131.161753782359,,,,PENDING_AT_END
131.25,131.64570078703127,,,,PENDING_AT_END
131.6,131.61672020121367,,,,PENDING_AT_END
131.95,131.9982952930563,,,,PENDING_AT_END
132.29999999999998,132.30643156228237,,,,PENDING_AT_END
132.65,132.73665215457268,,,,PENDING_AT_END
133.0,133.28495934855744,,,,PENDING_AT_END
133.35,133.3600648711321,,,,PENDING_AT_END
133.7,134.09758766303457,,,,PENDING_AT_END
134.04999999999998,134.27114647578847,,,,PENDING_AT_END
134.39999999999998,134.6964300278196,,,,PENDING_AT_END
134.75,135.02795126355204,,,,PENDING_AT_END
135.1,135.45727374270027,,,,PENDING_AT_END
135.45,135.5856412481566,,,,PENDING_AT_END
135.79999999999998,136.1923713593151,,,,PENDING_AT_END
136.14999999999998,136.43408150440854,,,,PENDING_AT_END
136.5,136.63650971638322,,,,PENDING_AT_END
136.85,137.10662906324328,,,,PENDING_AT_END
137.2,137.48826326973318,,,,PENDING_AT_END
137.54999999999998,137.8129165006641,,,,PENDING_AT_END
137.89999999999998,138.22414349258543,,,,PENDING_AT_END
138.25,138.48652357038947,,,,PENDING_AT_END
138.6,138.61521459411014,,,,PENDING_AT_END
138.95,139.02375112164447,,,,PENDING_AT_END
139.29999999999998,139.34226452940075,,,,PENDING_AT_END
139.64999999999998,139.74436546265974,,,,PENDING_AT_END
140.0,140.02739487915403,,,,PENDING_AT_END
140.35,140.51437285453576,,,,PENDING_AT_END
140.7,140.8659364568245,,,,PENDING_AT_END
141.04999999999998,141.17138427620532,,,,PENDING_AT_END
141.39999999999998,141.40881615248236,,,,PENDING_AT_END
141.75,141.80483870196582,,,,PENDING_AT_END
142.1,142.35454851411308,,,,PENDING_AT_END
142.45,142.51430531714135,,,,PENDING_AT_END
142.79999999999998,143.1824039187434,,,,PENDING_AT_END
143.14999999999998,143.26624486120255,,,,PENDING_AT_END
143.5,143.6720658003175,,,,PENDING_AT_END
143.85,144.02920685359672,,,,PENDING_AT_END
144.2,144.3688101642602,,,,PENDING_AT_END
144.54999999999998,144.65331150634344,,,,PENDING_AT_END
144.89999999999998,145.1022880557619,,,,PENDING_AT_END
145.25,145.3096129676868,,,,PENDING_AT_END
145.6,145.87416875578188,,,,PENDING_AT_END
145.95,146.2408921699128,,,,PENDING_AT_END
146.29999999999998,146.526392807137,,,,PENDING_AT_END
146.64999999999998,146.9955800151531,,,,PENDING_AT_END
147.0,147.15861559145844,,,,PENDING_AT_END
147.35,147.41347704545134,,,,PENDING_AT_END
147.7,147.88281486576273,,,,PENDING_AT_END
148.04999999999998,148.37349030455195,,,,PENDING_AT_END
148.39999999999998,148.64875760826243,,,,PENDING_AT_END
148.75,149.07943379151823,,,,PENDING_AT_END
149.1,149.41336851966142,,,,PENDING_AT_END
149.45,149.55538392539256,,,,PENDING_AT_END
149.79999999999998,150.16058144477083,,,,PENDING_AT_END
150.14999999999998,150.43975221908397,,,,PENDING_AT_END
150.5,150.7395273151244,,,,PENDING_AT_END
150.85,151.1888940339451,,,,PENDING_AT_END
151.2,151.3555171340838,,,,PENDING_AT_END
151.54999999999998,151.8947918104491,,,,PENDING_AT_END
151.89999999999998,151.95945417881154,,,,PENDING_AT_END
152.25,152.34787657923727,,,,PENDING_AT_END
152.6,152.63161398090122,,,,PENDING_AT_END
152.95,153.28737153190286,,,,PENDING_AT_END
153.29999999999998,153.59803483317117,,,,PENDING_AT_END
153.64999999999998,153.79777767782582,,,,PENDING_AT_END
154.0,154.38744733538283,,,,PENDING_AT_END
154.35,154.49158061890435,,,,PENDING_AT_END
154.7,154.98617356986256,,,,PENDING_AT_END
155.04999999999998,155.398681185007,,,,PENDING_AT_END
155.39999999999998,155.703605000435,,,,PENDING_AT_END
155.75,155.90629724667792,,,,PENDING_AT_END
156.1,156.29638746038265,,,,PENDING_AT_END
156.45,156.79424839591684,,,,PENDING_AT_END
156.79999999999998,157.0049162913314,,,,PENDING_AT_END
157.14999999999998,157.18862043086017,,,,PENDING_AT_END
157.5,157.5090798356694,,,,PENDING_AT_END
157.85,158.24198939077465,,,,PENDING_AT_END
158.2,158.44944867594648,,,,PENDING_AT_END
158.54999999999998,158.88974586146273,,,,PENDING_AT_END
158.89999999999998,159.0212825364921,,,,PENDING_AT_END
159.25,159.6208470657507,,,,PENDING_AT_END
159.6,159.8279238482577,,,,PENDING_AT_END
159.95,160.25152063785816,,,,PENDING_AT_END
160.29999999999998,160.41628069475067,,,,PENDING_AT_END
160.64999999999998,160.6901707869706,,,,PENDING_AT_END
161.0,161.1082680116645,,,,PENDING_AT_END
161.35,161.36578588047135,,,,PENDING_AT_END
161.7,161.85424769563724,,,,PENDING_AT_END
162.04999999999998,162.4002552650097,,,,PENDING_AT_END
162.39999999999998,162.68257699588554,,,,PENDING_AT_END
162.75,162.97541559600086,,,,PENDING_AT_END
163.1,163.22918477115044,,,,PENDING_AT_END
163.45,163.7677227225533,,,,PENDING_AT_END
163.79999999999998,163.85207342436567,,,,PENDING_AT_END
164.14999999999998,164.20083126082125,,,,PENDING_AT_END
164.5,164.59044394797974,,,,PENDING_AT_END
164.85,165.03870548008732,,,,PENDING_AT_END
165.2,165.25909951625232,,,,PENDING_AT_END
165.54999999999998,165.65848634509248,,,,PENDING_AT_END
165.89999999999998,166.19098716967994,,,,PENDING_AT_END
166.25,166.64283338055787,,,,PENDING_AT_END
166.6,166.96698366251346,,,,PENDING_AT_END
166.95,167.10421925263006,,,,PENDING_AT_END
167.29999999999998,167.337610062709,,,,PENDING_AT_END
167.64999999999998,167.7245396984017,,,,PENDING_AT_END
168.0,168.0394949224371,,,,PENDING_AT_END
168.35,168.43702807924004,,,,PENDING_AT_END
168.7,169.04656283428818,,,,PENDING_AT_END
169.04999999999998,169.19562980179413,,,,PENDING_AT_END
169.39999999999998,169.73591284731754,,,,PENDING_AT_END
169.75,170.0617119054885,,,,PENDING_AT_END
170.1,170.29600297585515,,,,PENDING_AT_END
170.45,170.57823795540355,,,,PENDING_AT_END
170.79999999999998,170.95874431168605,,,,PENDING_AT_END
171.14999999999998,171.351594149309,,,,PENDING_AT_END
171.5,171.50532844867655,,,,PENDING_AT_END
171.85,171.97916480855716,,,,PENDING_AT_END
172.2,172.40159971475623,,,,PENDING_AT_END
172.54999999999998,172.78064349068816,,,,PENDING_AT_END
172.89999999999998,173.0249168273345,,,,PENDING_AT_END
173.25,173.63574544798178,,,,PENDING_AT_END
173.6,173.80723126894011,,,,PENDING_AT_END
173.95,174.0975972243288,,,,PENDING_AT_END
174.29999999999998,174.5533957028853,,,,PENDING_AT_END
174.64999999999998,175.02020358526482,,,,PENDING_AT_END
175.0,175.33615970355498,,,,PENDING_AT_END
175.35,175.62013156306463,,,,PENDING_AT_END
175.7,175.88953044269965,,,,PENDING_AT_END
176.04999999999998,176.26216026649732,,,,PENDING_AT_END
176.39999999999998,176.62583939595737,,,,PENDING_AT_END
176.75,177.12115040573462,,,,PENDING_AT_END
177.1,177.14999374326916,,,,PENDING_AT_END
177.45,177.51879384820217,,,,PENDING_AT_END
177.79999999999998,177.9733482468483,,,,PENDING_AT_END
178.14999999999998,178.3032295089152,,,,PENDING_AT_END
178.5,178.65235619429717,,,,PENDING_AT_END
178.85,178.9284578120046,,,,PENDING_AT_END
179.2,179.34818236429783,,,,PENDING_AT_END
179.54999999999998,179.9161468523678,,,,PENDING_AT_END
179.89999999999998,180.06591473761267,,,,PENDING_AT_END
180.25,180.30682866558993,,,,PENDING_AT_END
180.6,180.78339359592078,,,,PENDING_AT_END
180.95,181.22533575345045,,,,PENDING_AT_END
181.29999999999998,181.35554253530498,,,,PENDING_AT_END
181.64999999999998,181.81572723251242,,,,PENDING_AT_END
182.0,182.09438253963862,,,,PENDING_AT_END
182.35,182.6724801932991,,,,PENDING_AT_END
182.7,182.88800435465708,,,,PENDING_AT_END
183.04999999999998,183.14227837892108,,,,PENDING_AT_END
183.39999999999998,183.50172673500407,,,,PENDING_AT_END
183.75,183.96296933354694,,,,PENDING_AT_END
184.1,184.34520878714184,,,,PENDING_AT_END
184.45,184.69293465227997,,,,PENDING_AT_END
184.79999999999998,185.10103747248488,,,,PENDING_AT_END
185.14999999999998,185.28775499750748,,,,PENDING_AT_END
185.5,185.63568577657577,,,,PENDING_AT_END
185.85,186.24604892274826,,,,PENDING_AT_END
186.2,186.53401106167144,,,,PENDING_AT_END
186.54999999999998,186.87847639247295,,,,PENDING_AT_END
186.89999999999998,187.21163201615502,,,,PENDING_AT_END
187.25,187.2630864475995,,,,PENDING_AT_END
187.6,187.96203406143755,,,,PENDING_AT_END
187.95,188.26336986401174,,,,PENDING_AT_END
188.29999999999998,188.6287609989947,,,,PENDING_AT_END
188.64999999999998,188.98776114623007,,,,PENDING_AT_END
189.0,189.35760680888274,,,,PENDING_AT_END
189.35,189.35709916677453,,,,PENDING_AT_END
189.7,190.04435747103196,,,,PENDING_AT_END
190.04999999999998,190.24885340655047,,,,PENDING_AT_END
190.39999999999998,190.67117756597145,,,,PENDING_AT_END
190.75,190.760694308342,,,,PENDING_AT_END
191.1,191.15197765995273,,,,PENDING_AT_END
191.45,191.56848022449867,,,,PENDING_AT_END
191.79999999999998,192.14701877508807,,,,PENDING_AT_END
192.14999999999998,192.15709204713556,,,,PENDING_AT_END
192.5,192.79956012781435,,,,PENDING_AT_END
192.85,193.11421608256816,,,,PENDING_AT_END
193.2,193.42855674411732,,,,PENDING_AT_END
193.54999999999998,193.65698253051883,,,,PENDING_AT_END
193.89999999999998,193.98928393059055,,,,PENDING_AT_END
194.25,194.3959017266838,,,,PENDING_AT_END
194.6,194.68541883312932,,,,PENDING_AT_END
194.95,194.98819296656245,,,,PENDING_AT_END
195.29999999999998,195.6520863349406,,,,PENDING_AT_END
195.64999999999998,195.9070153572615,,,,PENDING_AT_END
196.0,196.27860692216967,,,,PENDING_AT_END
196.35,196.59851395807632,,,,PENDING_AT_END
196.7,196.71226030511554,,,,PENDING_AT_END
197.04999999999998,197.13678494151318,,,,PENDING_AT_END
197.39999999999998,197.77991221320133,,,,PENDING_AT_END
197.75,198.0443824014074,,,,PENDING_AT_END
198.1,198.1494785095065,,,,PENDING_AT_END
198.45,198.66143523285143,,,,PENDING_AT_END
198.79999999999998,199.13519166607549,,,,PENDING_AT_END
199.14999999999998,199.44936588235777,,,,PENDING_AT_END
199.5,199.8865328474899,,,,PENDING_AT_END
199.85,200.19269802443122,,,,PENDING_AT_END
200.2,200.4548593939839,,,,PENDING_AT_END
200.54999999999998,200.90537424512073,,,,PENDING_AT_END
200.89999999999998,201.06881150793947,,,,PENDING_AT_END
201.25,201.44454095351608,,,,PENDING_AT_END
201.6,201.89787584023773,,,,PENDING_AT_END
201.95,202.138277713901,,,,PENDING_AT_END
202.29999999999998,202.5583598543249,,,,PENDING_AT_END
202.64999999999998,202.7042973481153,,,,PENDING_AT_END
203.0,203.02069603119025,,,,PENDING_AT_END
203.35,203.7206870528984,,,,PENDING_AT_END
203.7,203.73178922433215,,,,PENDING_AT_END
204.04999999999998,204.39899308401797,,,,PENDING_AT_END
204.39999999999998,204.51811017394522,,,,PENDING_AT_END
204.75,204.9705216921284,,,,PENDING_AT_END
205.1,205.3037187494347,,,,PENDING_AT_END
205.45,205.54875984412934,,,,PENDING_AT_END
205.79999999999998,205.98731004251889,,,,PENDING_AT_END
206.14999999999998,206.3731236403388,,,,PENDING_AT_END
206.5,206.65771225398134,,,,PENDING_AT_END
206.85,207.16694214667362,,,,PENDING_AT_END
207.2,207.45696438415723,,,,PENDING_AT_END
207.54999999999998,207.72878618082038,,,,PENDING_AT_END
207.89999999999998,208.18462800823352,,,,PENDING_AT_END
208.25,208.56433923727536,,,,PENDING_AT_END
208.6,208.9011740545803,,,,PENDING_AT_END
208.95,209.20774005717539,,,,PENDING_AT_END
209.29999999999998,209.37535571714184,,,,PENDING_AT_END
209.64999999999998,210.0232779733746,,,,PENDING_AT_END
210.0,210.3729688086584,,,,PENDING_AT_END
210.35,210.4069868121542,,,,PENDING_AT_END
210.7,210.82980097595373,,,,PENDING_AT_END
211.04999999999998,211.28658914037337,,,,PENDING_AT_END
211.39999999999998,211.77647031729208,,,,PENDING_AT_END
211.75,211.80186871330125,,,,PENDING_AT_END
212.1,212.20547107794326,,,,PENDING_AT_END
212.45,212.5940333660992,,,,PENDING_AT_END
212.79999999999998,213.1056704744474,,,,PENDING_AT_END
213.14999999999998,213.34075726405086,,,,PENDING_AT_END
213.5,213.8079850470467,,,,PENDING_AT_END
213.85,214.03239520030078,,,,PENDING_AT_END
214.2,214.30090164650113,,,,PENDING_AT_END
214.54999999999998,214.72836051486266,,,,PENDING_AT_END
214.89999999999998,215.0356307925221,,,,PENDING_AT_END
215.25,215.31594220398404,,,,PENDING_AT_END
215.6,215.64266029196492,,,,PENDING_AT_END
215.95,216.27181015766013,,,,PENDING_AT_END
216.29999999999998,216.51021610163824,,,,PENDING_AT_END
216.64999999999998,216.78770997579903,,,,PENDING_AT_END
217.0,217.0372937861079,,,,PENDING_AT_END
217.35,217.72427389599554,,,,PENDING_AT_END
217.7,217.81278963245848,,,,PENDING_AT_END
218.04999999999998,218.1736047429799,,,,PENDING_AT_END
218.39999999999998,218.7981123061026,,,,PENDING_AT_END
218.75,218.84090971562557,,,,PENDING_AT_END
219.1,219.25138471183064,,,,PENDING_AT_END
219.45,219.66249792346446,,,,PENDING_AT_END
219.79999999999998,220.03297432609529,,,,PENDING_AT_END
220.14999999999998,220.3084944269404,,,,PENDING_AT_END
220.5,220.80634488026567,,,,PENDING_AT_END
220.85,221.0456745193661,,,,PENDING_AT_END
221.2,221.53287403734174,,,,PENDING_AT_END
221.54999999999998,221.89927256494084,,,,PENDING_AT_END
221.89999999999998,221.9705383980612,,,,PENDING_AT_END
222.25,222.56350831394138,,,,PENDING_AT_END
222.6,222.9032481215837,,,,PENDING_AT_END
222.95,223.26832862993223,,,,PENDING_AT_END
223.29999999999998,223.4141448034707,,,,PENDING_AT_END
223.64999999999998,223.78249025017084,,,,PENDING_AT_END
224.0,224.2752244789179,,,,PENDING_AT_END
224.35,224.62677777375106,,,,PENDING_AT_END
224.7,224.9351386152859,,,,PENDING_AT_END
225.04999999999998,225.27417834176592,,,,PENDING_AT_END
225.39999999999998,225.54740248520187,,,,PENDING_AT_END
225.74999999999997,225.95118742821094,,,,PENDING_AT_END
226.1,226.33762357625685,,,,PENDING_AT_END
226.45,226.62882957980872,,,,PENDING_AT_END
226.79999999999998,226.9899215789317,,,,PENDING_AT_END
227.14999999999998,227.50218400473392,,,,PENDING_AT_END
227.49999999999997,227.73049131244883,,,,PENDING_AT_END
227.85,228.2308718166419,,,,PENDING_AT_END
228.2,228.5317567892207,,,,PENDING_AT_END
228.54999999999998,228.82298778471275,,,,PENDING_AT_END
228.89999999999998,228.97106329657498,,,,PENDING_AT_END
229.24999999999997,229.38613320959016,,,,PENDING_AT_END
229.6,229.65232090844276,,,,PENDING_AT_END
229.95,230.20558756010104,,,,PENDING_AT_END
230.29999999999998,230.36008537706962,,,,PENDING_AT_END
230.64999999999998,231.03933960775646,,,,PENDING_AT_END
230.99999999999997,231.12689299973985,,,,PENDING_AT_END
231.35,231.51292093718413,,,,PENDING_AT_END
231.7,232.0408696097722,,,,PENDING_AT_END
232.04999999999998,232.33507529695382,,,,PENDING_AT_END
232.39999999999998,232.681630881564,,,,PENDING_AT_END
232.74999999999997,232.93968032476917,,,,PENDING_AT_END
233.1,233.48010203030648,,,,PENDING_AT_END
233.45,233.6146037571017,,,,PENDING_AT_END
233.79999999999998,234.19486335648625,,,,PENDING_AT_END
234.14999999999998,234.40793787971808,,,,PENDING_AT_END
234.49999999999997,234.71013567943723,,,,PENDING_AT_END
234.85,235.16724247952774,,,,PENDING_AT_END
235.2,235.40792699156304,,,,PENDING_AT_END
235.54999999999998,235.85468571355793,,,,PENDING_AT_END
235.89999999999998,236.10671224828775,,,,PENDING_AT_END
236.24999999999997,236.4238073116995,,,,PENDING_AT_END
236.6,236.88703172926384,,,,PENDING_AT_END
236.95,237.24851690208766,,,,PENDING_AT_END
237.29999999999998,237.3313714768681,,,,PENDING_AT_END
237.64999999999998,237.73993005713737,,,,PENDING_AT_END
237.99999999999997,238.22967650689353,,,,PENDING_AT_END
238.35,238.59736008858275,,,,PENDING_AT_END
238.7,238.81623053783255,,,,PENDING_AT_END
239.04999999999998,239.30488545992384,,,,PENDING_AT_END
239.39999999999998,239.79125680263394,,,,PENDING_AT_END
239.74999999999997,239.98431011776646,,,,PENDING_AT_END
240.1,240.38170525125375,,,,PENDING_AT_END
240.45,240.47585726712572,,,,PENDING_AT_END
240.79999999999998,241.08493687975485,,,,PENDING_AT_END
241.14999999999998,241.2841263912568,,,,PENDING_AT_END
241.49999999999997,241.67529101423295,,,,PENDING_AT_END
241.85,241.9418625472571,,,,PENDING_AT_END
242.2,242.4530228714114,,,,PENDING_AT_END
242.54999999999998,242.93449326643454,,,,PENDING_AT_END
242.89999999999998,242.9206636252623,,,,PENDING_AT_END
243.24999999999997,243.4975091048502,,,,PENDING_AT_END
243.6,243.78425051335623,,,,PENDING_AT_END
243.95,244.1477317198736,,,,PENDING_AT_END
244.29999999999998,244.52837892002614,,,,PENDING_AT_END
244.64999999999998,244.70505574465102,,,,PENDING_AT_END
244.99999999999997,245.26987349151577,,,,PENDING_AT_END
245.35,245.55207262311959,,,,PENDING_AT_END
245.7,246.0127750950557,,,,PENDING_AT_END
246.04999999999998,246.20162914956612,,,,PENDING_AT_END
246.39999999999998,246.73225281045757,,,,PENDING_AT_END
246.74999999999997,246.86682388712697,,,,PENDING_AT_END
247.1,247.4839747028432,,,,PENDING_AT_END
247.45,247.82746206111398,,,,PENDING_AT_END
247.79999999999998,248.15114351956086,,,,PENDING_AT_END
248.14999999999998,248.42158653874623,,,,PENDING_AT_END
248.49999999999997,248.72807692612972,,,,PENDING_AT_END
248.85,249.13320002102463,,,,PENDING_AT_END
249.2,249.4215821046443,,,,PENDING_AT_END
249.54999999999998,249.80266511486084,,,,PENDING_AT_END
249.89999999999998,250.2240363117013,,,,PENDING_AT_END
250.24999999999997,250.5677190963481,,,,PENDING_AT_END
250.6,250.60813010944125,,,,PENDING_AT_END
250.95,251.17005625581174,,,,PENDING_AT_END
251.29999999999998,251.557921776543,,,,PENDING_AT_END
251.64999999999998,251.65929653581674,,,,PENDING_AT_END
251.99999999999997,252.01206330984056,,,,PENDING_AT_END
252.35,252.64694196956017,,,,PENDING_AT_END
252.7,252.7711623028058,,,,PENDING_AT_END
253.04999999999998,253.37679889621674,,,,PENDING_AT_END
253.39999999999998,253.66712194805206,,,,PENDING_AT_END
253.74999999999997,253.98846023994,,,,PENDING_AT_END
254.1,254.2580449646181,,,,PENDING_AT_END
254.45,254.57789472367108,,,,PENDING_AT_END
254.79999999999998,254.9287246033205,,,,PENDING_AT_END
255.14999999999998,255.27934521015334,,,,PENDING_AT_END
255.49999999999997,255.63607791694304,,,,PENDING_AT_END
255.85,255.95134324689818,,,,PENDING_AT_END
256.2,256.4330764137722,,,,PENDING_AT_END
256.55,256.8519022308622,,,,PENDING_AT_END
256.9,256.9170978384169,,,,PENDING_AT_END
257.25,257.52971391796336,,,,PENDING_AT_END
257.59999999999997,257.7781219336335,,,,PENDING_AT_END
257.95,258.20298660903364,,,,PENDING_AT_END
258.3,258.61380095383737,,,,PENDING_AT_END
258.65,259.04635643006725,,,,PENDING_AT_END
259.0,259.0056080808157,,,,PENDING_AT_END
259.34999999999997,259.5545013070342,,,,PENDING_AT_END
259.7,259.7006259611641,,,,PENDING_AT_END
260.05,260.1560676355098,,,,PENDING_AT_END
260.4,260.7760283897908,,,,PENDING_AT_END
260.75,260.95593775121756,,,,PENDING_AT_END
261.09999999999997,261.293498986662,,,,PENDING_AT_END
261.45,261.52335709116727,,,,PENDING_AT_END
261.8,261.86265063482216,,,,PENDING_AT_END
262.15,262.21979818488285,,,,PENDING_AT_END
262.5,262.84312324128564,,,,PENDING_AT_END
262.84999999999997,263.2099229176077,,,,PENDING_AT_END
263.2,263.31719927452974,,,,PENDING_AT_END
263.55,263.9403819642088,,,,PENDING_AT_END
263.9,264.1769057559642,,,,PENDING_AT_END
264.25,264.6334418219152,,,,PENDING_AT_END
264.59999999999997,264.7694156627344,,,,PENDING_AT_END
264.95,265.2315081735231,,,,PENDING_AT_END
265.3,265.3514034587716,,,,PENDING_AT_END
265.65,265.7689644003394,,,,PENDING_AT_END
266.0,266.20650972783085,,,,PENDING_AT_END
266.34999999999997,266.6913923324492,,,,PENDING_AT_END
266.7,267.0799402952019,,,,PENDING_AT_END
267.05,267.1881324771493,,,,PENDING_AT_END
267.4,267.58265528715935,,,,PENDING_AT_END
267.75,267.9845294906638,,,,PENDING_AT_END
268.09999999999997,268.1621154062239,,,,PENDING_AT_END
268.45,268.5827549578665,,,,PENDING_AT_END
268.79999999999995,268.8720165570155,,,,PENDING_AT_END
269.15,269.23685733635614,,,,PENDING_AT_END
269.5,269.8640342034579,,,,PENDING_AT_END
269.84999999999997,269.93226877975127,,,,PENDING_AT_END
270.2,270.57720297347015,,,,PENDING_AT_END
270.54999999999995,270.6810186571837,,,,PENDING_AT_END
270.9,271.27781873474123,,,,PENDING_AT_END
271.25,271.43531830422023,,,,PENDING_AT_END
271.59999999999997,271.87020528747877,,,,PENDING_AT_END
271.95,272.22193822110904,,,,PENDING_AT_END
272.29999999999995,272.4990825398095,,,,PENDING_AT_END
272.65,272.7350703515133,,,,PENDING_AT_END
273.0,273.36128022587945,,,,PENDING_AT_END
273.34999999999997,273.66480646974077,,,,PENDING_AT_END
273.7,273.7520323586106,,,,PENDING_AT_END
274.04999999999995,274.369666438797,,,,PENDING_AT_END
274.4,274.7076158861363,,,,PENDING_AT_END
274.75,274.9628129835552,,,,PENDING_AT_END
275.09999999999997,275.29284259177047,,,,PENDING_AT_END
275.45,275.4692352688516,,,,PENDING_AT_END
275.79999999999995,276.06624631902446,,,,PENDING_AT_END
276.15,276.1536300340281,,,,PENDING_AT_END
276.5,276.7835437495919,,,,PENDING_AT_END
276.84999999999997,277.0861155910421,,,,PENDING_AT_END
277.2,277.43970620361614,,,,PENDING_AT_END
277.54999999999995,277.652704295519,,,,PENDING_AT_END
277.9,278.08812495145935,,,,PENDING_AT_END
278.25,278.4409532281012,,,,PENDING_AT_END
278.59999999999997,278.85181926755735,,,,PENDING_AT_END
278.95,279.2242893148296,,,,PENDING_AT_END
279.29999999999995,279.3729311939104,,,,PENDING_AT_END
279.65,279.85400185891933,,,,PENDING_AT_END
280.0,280.3822284453764,,,,PENDING_AT_END
280.34999999999997,280.51517428781193,,,,PENDING_AT_END
280.7,281.07614827948913,,,,PENDING_AT_END
281.04999999999995,281.44651380651123,,,,PENDING_AT_END
281.4,281.63853197406297,,,,PENDING_AT_END
281.75,281.9425477052997,,,,PENDING_AT_END
282.09999999999997,282.2056801795854,,,,PENDING_AT_END
282.45,282.60773122129746,,,,PENDING_AT_END
282.79999999999995,283.15495582433925,,,,PENDING_AT_END
283.15,283.5417389285931,,,,PENDING_AT_END
283.5,283.7416990869133,,,,PENDING_AT_END
283.84999999999997,284.0490144486204,,,,PENDING_AT_END
284.2,284.46740243218227,,,,PENDING_AT_END
284.54999999999995,284.73982692406037,,,,PENDING_AT_END
284.9,285.2174618835588,,,,PENDING_AT_END
285.25,285.60916937862817,,,,PENDING_AT_END
285.59999999999997,285.8999921056333,,,,PENDING_AT_END
285.95,286.13378538823036,,,,PENDING_AT_END
286.29999999999995,286.60027946512616,,,,PENDING_AT_END
286.65,286.7181113162334,,,,PENDING_AT_END
287.0,287.3072186089464,,,,PENDING_AT_END
287.34999999999997,287.497300924033,,,,PENDING_AT_END
287.7,287.86927815824885,,,,PENDING_AT_END
288.04999999999995,288.3125734263946,,,,PENDING_AT_END
288.4,288.49799195165224,,,,PENDING_AT_END
288.75,289.14582774560256,,,,PENDING_AT_END
289.09999999999997,289.12016714876296,,,,PENDING_AT_END
289.45,289.51145577832534,,,,PENDING_AT_END
289.79999999999995,290.10286737143167,,,,PENDING_AT_END
290.15,290.3047429440327,,,,PENDING_AT_END
290.5,290.89556869222986,,,,PENDING_AT_END
290.84999999999997,291.2168615417863,,,,PENDING_AT_END
291.2,291.348685964093,,,,PENDING_AT_END
291.54999999999995,291.6077631857502,,,,PENDING_AT_END
291.9,292.04496280052047,,,,PENDING_AT_END
292.25,292.46280756427495,,,,PENDING_AT_END
292.59999999999997,292.8910587481734,,,,PENDING_AT_END
292.95,293.3057814460389,,,,PENDING_AT_END
293.29999999999995,293.49584809603357,,,,PENDING_AT_END
293.65,293.7780703715363,,,,PENDING_AT_END
294.0,294.0042080029086,,,,PENDING_AT_END
294.34999999999997,294.73783410358493,,,,PENDING_AT_END
294.7,295.00370817510367,,,,PENDING_AT_END
295.04999999999995,295.3484470667105,,,,PENDING_AT_END
295.4,295.6644745364762,,,,PENDING_AT_END
295.75,295.8203430221158,,,,PENDING_AT_END
296.09999999999997,296.3754291600704,,,,PENDING_AT_END
296.45,296.7109834450346,,,,PENDING_AT_END
296.79999999999995,296.9190139407267,,,,PENDING_AT_END
297.15,297.3345006789003,,,,PENDING_AT_END
297.5,297.6544028021932,,,,PENDING_AT_END
297.84999999999997,298.2289149216593,,,,PENDING_AT_END
298.2,298.36607954427353,,,,PENDING_AT_END
298.54999999999995,298.8213715790663,,,,PENDING_AT_END
298.9,299.2758460851668,,,,PENDING_AT_END
299.25,299.3233655890223,,,,PENDING_AT_END
299.59999999999997,299.7515510025267,,,,PENDING_AT_END
299.95,300.054123236565,,,,PENDING_AT_END
300.29999999999995,300.57906770598584,,,,PENDING_AT_END
300.65,300.9654700327143,,,,PENDING_AT_END
301.0,301.08184382813056,,,,PENDING_AT_END
301.34999999999997,301.5119534899896,,,,PENDING_AT_END
301.7,302.0728142328159,,,,PENDING_AT_END
302.04999999999995,302.0929266892997,,,,PENDING_AT_END
302.4,302.62924425123583,,,,PENDING_AT_END
302.75,302.82042188304854,,,,PENDING_AT_END
303.09999999999997,303.48482843314565,,,,PENDING_AT_END
303.45,303.62655894557753,,,,PENDING_AT_END
303.79999999999995,303.9577851077855,,,,PENDING_AT_END
304.15,304.2692452676763,,,,PENDING_AT_END
304.5,304.5891860621574,,,,PENDING_AT_END
304.84999999999997,305.1969953947128,,,,PENDING_AT_END
305.2,305.2152999418469,,,,PENDING_AT_END
305.54999999999995,305.6773453267325,,,,PENDING_AT_END
305.9,306.15181889714347,,,,PENDING_AT_END
306.25,306.58473581772114,,,,PENDING_AT_END
306.59999999999997,306.7572994824906,,,,PENDING_AT_END
306.95,307.3468505245474,,,,PENDING_AT_END
307.29999999999995,307.3870848298038,,,,PENDING_AT_END
307.65,307.65660395044586,,,,PENDING_AT_END
308.0,308.2607782494839,,,,PENDING_AT_END
308.34999999999997,308.4303405952157,,,,PENDING_AT_END
308.7,308.75803724739256,,,,PENDING_AT_END
309.04999999999995,309.4202323201838,,,,PENDING_AT_END
309.4,309.7170168786961,,,,PENDING_AT_END
309.75,309.7715267639121,,,,PENDING_AT_END
310.09999999999997,310.37152908169395,,,,PENDING_AT_END
310.45,310.6055363215774,,,,PENDING_AT_END
310.79999999999995,310.82259456350005,,,,PENDING_AT_END
311.15,311.354167051501,,,,PENDING_AT_END
311.5,311.84805079323337,,,,PENDING_AT_END
311.84999999999997,312.2360217033627,,,,PENDING_AT_END
312.2,312.5239260843762,,,,PENDING_AT_END
312.54999999999995,312.88874238624555,,,,PENDING_AT_END
312.9,312.9221891995403,,,,PENDING_AT_END
313.25,313.37018398594637,,,,PENDING_AT_END
313.59999999999997,313.963799236719,,,,PENDING_AT_END
313.95,313.9932376745057,,,,PENDING_AT_END
314.29999999999995,314.3817926816371,,,,PENDING_AT_END
314.65,314.9116143654702,,,,PENDING_AT_END
315.0,315.30605911273824,,,,PENDING_AT_END
315.34999999999997,315.7067980550341,,,,PENDING_AT_END
315.7,315.7781645413448,,,,PENDING_AT_END
316.04999999999995,316.42287550475544,,,,PENDING_AT_END
316.4,316.69178800724865,,,,PENDING_AT_END
316.75,317.0494498808139,,,,PENDING_AT_END
317.09999999999997,317.49744090041764,,,,PENDING_AT_END
317.45,317.7023993082235,,,,PENDING_AT_END
317.79999999999995,318.04174081508995,,,,PENDING_AT_END
318.15,318.29595618227427,,,,PENDING_AT_END
318.5,318.56403662706236,,,,PENDING_AT_END
318.84999999999997,319.2187654364961,,,,PENDING_AT_END
319.2,319.5547353928184,,,,PENDING_AT_END
319.54999999999995,319.85616866887153,,,,PENDING_AT_END
319.9,320.13827880715394,,,,PENDING_AT_END
320.25,320.482297977058,,,,PENDING_AT_END
320.59999999999997,320.81765012262036,,,,PENDING_AT_END
320.95,321.1262667014027,,,,PENDING_AT_END
321.29999999999995,321.4875252863674,,,,PENDING_AT_END
321.65,321.6744756678779,,,,PENDING_AT_END
322.0,322.14421681850615,,,,PENDING_AT_END
322.34999999999997,322.55673158345434,,,,PENDING_AT_END
322.7,322.93390816961,,,,PENDING_AT_END
323.04999999999995,323.358119493833,,,,PENDING_AT_END
323.4,323.58968133356916,,,,PENDING_AT_END
323.75,324.1442765300934,,,,PENDING_AT_END
324.09999999999997,324.3773580300445,,,,PENDING_AT_END
324.45,324.81797343374836,,,,PENDING_AT_END
324.79999999999995,324.9536722529202,,,,PENDING_AT_END
325.15,325.4562314528266,,,,PENDING_AT_END
325.5,325.87217922835384,,,,PENDING_AT_END
325.84999999999997,325.98026321617493,,,,PENDING_AT_END
326.2,326.4815212534341,,,,PENDING_AT_END
326.54999999999995,326.6232322930513,,,,PENDING_AT_END
326.9,327.22883695048324,,,,PENDING_AT_END
327.25,327.4413032561823,,,,PENDING_AT_END
327.59999999999997,327.61985039310713,,,,PENDING_AT_END
327.95,328.0009169953283,,,,PENDING_AT_END
328.29999999999995,328.39891485636497,,,,PENDING_AT_END
328.65,328.96037213115517,,,,PENDING_AT_END
329.0,329.33014999361296,,,,PENDING_AT_END
329.34999999999997,329.4348579167741,,,,PENDING_AT_END
329.7,329.75147630092823,,,,PENDING_AT_END
330.04999999999995,330.25372579864234,,,,PENDING_AT_END
330.4,330.4780143215387,,,,PENDING_AT_END
330.75,331.0761483230049,,,,PENDING_AT_END
331.09999999999997,331.2682769865385,,,,PENDING_AT_END
331.45,331.5126416029463,,,,PENDING_AT_END
331.79999999999995,331.8998854977922,,,,PENDING_AT_END
332.15,332.45313785834617,,,,PENDING_AT_END
332.5,332.8377225563995,,,,PENDING_AT_END
332.84999999999997,332.9648509862296,,,,PENDING_AT_END
333.2,333.3438824519507,,,,PENDING_AT_END
333.54999999999995,333.7428118350613,,,,PENDING_AT_END
333.9,334.17727543752017,,,,PENDING_AT_END
334.25,334.5467398393379,,,,PENDING_AT_END
334.59999999999997,334.9963302942138,,,,PENDING_AT_END
334.95,335.1605203010616,,,,PENDING_AT_END
335.29999999999995,335.36911265760773,,,,PENDING_AT_END
335.65,335.9001615930979,,,,PENDING_AT_END
336.0,336.14976402837965,,,,PENDING_AT_END
336.34999999999997,336.6389732587052,,,,PENDING_AT_END
336.7,336.84127740501316,,,,PENDING_AT_END
337.04999999999995,337.21547045634054,,,,PENDING_AT_END
337.4,337.4339893802194,,,,PENDING_AT_END
337.75,337.92429330547577,,,,PENDING_AT_END
338.09999999999997,338.4950793859577,,,,PENDING_AT_END
338.45,338.595834977436,,,,PENDING_AT_END
338.79999999999995,339.0231900024414,,,,PENDING_AT_END
339.15,339.21260439799767,,,,PENDING_AT_END
339.5,339.5880458137176,,,,PENDING_AT_END
339.84999999999997,339.9974405895517,,,,PENDING_AT_END
340.2,340.5531639728834,,,,PENDING_AT_END
340.54999999999995,340.82632134123673,,,,PENDING_AT_END
340.9,341.0292653994452,,,,PENDING_AT_END
341.25,341.4460984756595,,,,PENDING_AT_END
341.59999999999997,341.6103328075099,,,,PENDING_AT_END
341.95,342.34532780616956,,,,PENDING_AT_END
342.29999999999995,342.47487168072144,,,,PENDING_AT_END
342.65,342.6522968136783,,,,PENDING_AT_END
343.0,343.26675940201096,,,,PENDING_AT_END
343.34999999999997,343.6571115080947,,,,PENDING_AT_END
343.7,343.9187751912422,,,,PENDING_AT_END
344.04999999999995,344.39790764663667,,,,PENDING_AT_END
344.4,344.47093434217084,,,,PENDING_AT_END
344.75,345.1213545269453,,,,PENDING_AT_END
345.09999999999997,345.4189512796268,,,,PENDING_AT_END
345.45,345.59272579834015,,,,PENDING_AT_END
345.79999999999995,345.8574878351186,,,,PENDING_AT_END
346.15,346.49154469501616,,,,PENDING_AT_END
346.5,346.71086211685076,,,,PENDING_AT_END
346.84999999999997,347.049141195726,,,,PENDING_AT_END
347.2,347.3498257181829,,,,PENDING_AT_END
347.54999999999995,347.9075091159161,,,,PENDING_AT_END
347.9,348.04029991269954,,,,PENDING_AT_END
348.25,348.61218008875437,,,,PENDING_AT_END
348.59999999999997,348.8595673215685,,,,PENDING_AT_END
348.95,349.07012830222965,,,,PENDING_AT_END
349.29999999999995,349.6772883300681,,,,PENDING_AT_END
349.65,349.8142154023833,,,,PENDING_AT_END
350.0,350.26567549797835,,,,PENDING_AT_END
350.34999999999997,350.69019703190776,,,,PENDING_AT_END
350.7,350.8995347269359,,,,PENDING_AT_END
351.04999999999995,351.21494405352166,,,,PENDING_AT_END
351.4,351.6703552733658,,,,PENDING_AT_END
351.75,351.8783835322673,,,,PENDING_AT_END
352.09999999999997,352.2819413771761,,,,PENDING_AT_END
352.45,352.5103562262561,,,,PENDING_AT_END
352.79999999999995,353.00796832217384,,,,PENDING_AT_END
353.15,353.19108335601743,,,,PENDING_AT_END
353.5,353.50392312682663,,,,PENDING_AT_END
353.84999999999997,354.2359619680729,,,,PENDING_AT_END
354.2,354.59948422774863,,,,PENDING_AT_END
354.54999999999995,354.9296758602661,,,,PENDING_AT_END
354.9,355.1903897544273,,,,PENDING_AT_END
355.25,355.26971210994225,,,,PENDING_AT_END
355.59999999999997,355.81853236272667,,,,PENDING_AT_END
355.95,356.32385199230856,,,,PENDING_AT_END
356.29999999999995,356.4920732298973,,,,PENDING_AT_END
356.65,356.8112485162617,,,,PENDING_AT_END
357.0,357.12419962829006,,,,PENDING_AT_END
357.34999999999997,357.72422018927915,,,,PENDING_AT_END
357.7,357.8402479492133,,,,PENDING_AT_END
358.04999999999995,358.06022468133915,,,,PENDING_AT_END
358.4,358.67105966907263,,,,PENDING_AT_END
358.75,358.9671746376488,,,,PENDING_AT_END
359.09999999999997,359.3602041185259,,,,PENDING_AT_END
359.45,359.57802419522335,,,,PENDING_AT_END
359.79999999999995,359.80421496960184,,,,PENDING_AT_END
360.15,360.1506033616125,,,,PENDING_AT_END
360.5,360.8617919374757,,,,PENDING_AT_END
360.84999999999997,361.07242351439487,,,,PENDING_AT_END
361.2,361.47217313892753,,,,PENDING_AT_END
361.54999999999995,361.71818686868687,,,,PENDING_AT_END
361.9,362.13781630245387,,,,PENDING_AT_END
362.25,362.571486258406,,,,PENDING_AT_END
362.59999999999997,362.7039979137589,,,,PENDING_AT_END
362.95,363.14981930981645,,,,PENDING_AT_END
363.29999999999995,363.3317517387517,,,,PENDING_AT_END
363.65,363.7348581685022,,,,PENDING_AT_END
364.0,364.21255623045954,,,,PENDING_AT_END
364.34999999999997,364.6587793163355,,,,PENDING_AT_END
364.7,364.91922131763334,,,,PENDING_AT_END
365.04999999999995,365.22070742659844,,,,PENDING_AT_END
365.4,365.477544572443,,,,PENDING_AT_END
365.75,365.90363886888565,,,,PENDING_AT_END
366.09999999999997,366.3535999545326,,,,PENDING_AT_END
366.45,366.6054648064458,,,,PENDING_AT_END
366.79999999999995,366.93219769967266,,,,PENDING_AT_END
367.15,367.52440903252136,,,,PENDING_AT_END
367.5,367.59358811467985,,,,PENDING_AT_END
367.84999999999997,368.17689542306726,,,,PENDING_AT_END
368.2,368.3770743288889,,,,PENDING_AT_END
368.54999999999995,368.8475012677135,,,,PENDING_AT_END
368.9,369.063369542283,,,,PENDING_AT_END
369.25,369.34154833018374,,,,PENDING_AT_END
369.59999999999997,369.98106913709495,,,,PENDING_AT_END
369.95,370.1808628406947,,,,PENDING_AT_END
370.29999999999995,370.64424771412575,,,,PENDING_AT_END
370.65,370.7124867909944,,,,PENDING_AT_END
371.0,371.34612363556437,,,,PENDING_AT_END
371.34999999999997,371.6269578350496,,,,PENDING_AT_END
371.7,372.06795094577234,,,,PENDING_AT_END
372.04999999999995,372.1181074187218,,,,PENDING_AT_END
372.4,372.4457773346189,,,,PENDING_AT_END
372.75,373.11994793139183,,,,PENDING_AT_END
373.09999999999997,373.23797124922424,,,,PENDING_AT_END
373.45,373.5225272751408,,,,PENDING_AT_END
373.79999999999995,373.99396931019476,,,,PENDING_AT_END
374.15,374.2326944069547,,,,PENDING_AT_END
374.5,374.85442736041193,,,,PENDING_AT_END
374.84999999999997,375.0494946665909,,,,PENDING_AT_END
375.2,375.31531975563445,,,,PENDING_AT_END
375.54999999999995,375.67528903797347,,,,PENDING_AT_END
375.9,376.0292529254068,,,,PENDING_AT_END
376.25,376.31583575640707,,,,PENDING_AT_END
376.59999999999997,376.8401145824485,,,,PENDING_AT_END
376.95,376.95346926247925,,,,PENDING_AT_END
377.29999999999995,377.6633135129016,,,,PENDING_AT_END
377.65,377.6515619404688,,,,PENDING_AT_END
378.0,378.1892952356653,,,,PENDING_AT_END
378.34999999999997,378.65061953191963,,,,PENDING_AT_END
378.7,378.71056825108616,,,,PENDING_AT_END
379.04999999999995,379.241280367566,,,,PENDING_AT_END
379.4,379.7636565555381,,,,PENDING_AT_END
379.75,379.97546903916316,,,,PENDING_AT_END
380.09999999999997,380.1655381995295,,,,PENDING_AT_END
380.45,380.4804140814235,,,,PENDING_AT_END
380.79999999999995,380.9421611277743,,,,PENDING_AT_END
381.15,381.3849992796386,,,,PENDING_AT_END
381.5,381.680358735431,,,,PENDING_AT_END
381.84999999999997,382.24060266903115,,,,PENDING_AT_END
382.2,382.3638759147455,,,,PENDING_AT_END
382.54999999999995,382.556429888523,,,,PENDING_AT_END
382.9,383.11305328235346,,,,PENDING_AT_END
383.25,383.54659319500865,,,,PENDING_AT_END
383.59999999999997,383.72683349126754,,,,PENDING_AT_END
383.95,383.9959406066135,,,,PENDING_AT_END
384.29999999999995,384.52265994576544,,,,PENDING_AT_END
384.65,384.8256334863644,,,,PENDING_AT_END
385.0,385.11921556140385,,,,PENDING_AT_END
385.34999999999997,385.7407934418937,,,,PENDING_AT_END
385.7,385.7927383464243,,,,PENDING_AT_END
386.04999999999995,386.22433484603414,,,,PENDING_AT_END
386.4,386.4819943327128,,,,PENDING_AT_END
386.75,386.9264881361888,,,,PENDING_AT_END
387.09999999999997,387.31148782827603,,,,PENDING_AT_END
387.45,387.59002989984737,,,,PENDING_AT_END
387.79999999999995,387.9801602357811,,,,PENDING_AT_END
388.15,388.26977553816425,,,,PENDING_AT_END
388.5,388.799003188597,,,,PENDING_AT_END
388.84999999999997,389.12320805394637,,,,PENDING_AT_END
389.2,389.3385420945381,,,,PENDING_AT_END
389.54999999999995,389.81183176300544,,,,PENDING_AT_END
389.9,390.044882787623,,,,PENDING_AT_END
390.25,390.2965873934172,,,,PENDING_AT_END
390.59999999999997,390.6452925944322,,,,PENDING_AT_END
390.95,391.20269922796507,,,,PENDING_AT_END
391.29999999999995,391.5140880115424,,,,PENDING_AT_END
391.65,392.03367589790355,,,,PENDING_AT_END
392.0,392.10557841944126,,,,PENDING_AT_END
392.34999999999997,392.66705836869113,,,,PENDING_AT_END
392.7,392.9403707442662,,,,PENDING_AT_END
393.04999999999995,393.20612123329795,,,,PENDING_AT_END
393.4,393.7675275934789,,,,PENDING_AT_END
393.75,393.84726333273727,,,,PENDING_AT_END
394.09999999999997,394.3257947990898,,,,PENDING_AT_END
394.45,394.5224361578791,,,,PENDING_AT_END
394.79999999999995,394.99155680313993,,,,PENDING_AT_END
395.15,395.34098865829924,,,,PENDING_AT_END
395.5,395.693349025481,,,,PENDING_AT_END
395.84999999999997,395.94480127822925,,,,PENDING_AT_END
396.2,396.4560840074951,,,,PENDING_AT_END
396.54999999999995,396.58174355072254,,,,PENDING_AT_END
396.9,396.9889040395843,,,,PENDING_AT_END
397.25,397.35966598843106,,,,PENDING_AT_END
397.59999999999997,397.782040859593,,,,PENDING_AT_END
397.95,398.09767624850116,,,,PENDING_AT_END
398.29999999999995,398.660985889479,,,,PENDING_AT_END
398.65,398.6790831499858,,,,PENDING_AT_END
399.0,399.34287981366356,,,,PENDING_AT_END
399.34999999999997,399.59833722138814,,,,PENDING_AT_END
399.7,400.0711091832765,,,,PENDING_AT_END
400.04999999999995,400.35238154400224,,,,PENDING_AT_END
400.4,400.73304255759456,,,,PENDING_AT_END
400.75,400.9376299748782,,,,PENDING_AT_END
401.09999999999997,401.2493251278781,,,,PENDING_AT_END
401.45,401.6870509590819,,,,PENDING_AT_END
401.79999999999995,402.067525462919,,,,PENDING_AT_END
402.15,402.4893375038308,,,,PENDING_AT_END
402.5,402.588376686355,,,,PENDING_AT_END
402.84999999999997,403.1421885585409,,,,PENDING_AT_END
403.2,403.52559029041123,,,,PENDING_AT_END
403.54999999999995,403.56619617831484,,,,PENDING_AT_END
403.9,404.2115887523546,,,,PENDING_AT_END
404.25,404.6172578902833,,,,PENDING_AT_END
404.59999999999997,404.72947493967166,,,,PENDING_AT_END
404.95,404.95491811132337,,,,PENDING_AT_END
405.29999999999995,405.4146610300263,,,,PENDING_AT_END
405.65,405.9457755062381,,,,PENDING_AT_END
406.0,406.17526006171147,,,,PENDING_AT_END
406.34999999999997,406.5019136170211,,,,PENDING_AT_END
406.7,406.920211664928,,,,PENDING_AT_END
407.04999999999995,407.16375298807736,,,,PENDING_AT_END
407.4,407.5290078840534,,,,PENDING_AT_END
407.75,407.97691002806175,,,,PENDING_AT_END
408.09999999999997,408.3286610371593,,,,PENDING_AT_END
408.45,408.5608996281115,,,,PENDING_AT_END
408.79999999999995,409.1702233290222,,,,PENDING_AT_END
409.15,409.26617994728315,,,,PENDING_AT_END
409.5,409.5502740170351,,,,PENDING_AT_END
409.84999999999997,410.113083174048,,,,PENDING_AT_END
410.2,410.547891758291,,,,PENDING_AT_END
410.54999999999995,410.59125951820806,,,,PENDING_AT_END
410.9,410.95389243420493,,,,PENDING_AT_END
411.25,411.49402708481045,,,,PENDING_AT_END
411.59999999999997,411.698785143905,,,,PENDING_AT_END
411.95,412.3033383277364,,,,PENDING_AT_END
412.29999999999995,412.32212985090837,,,,PENDING_AT_END
412.65,413.0416021220773,,,,PENDING_AT_END
413.0,413.1625679502971,,,,PENDING_AT_END
413.34999999999997,413.4446981883114,,,,PENDING_AT_END
413.7,413.8487437155166,,,,PENDING_AT_END
414.04999999999995,414.36657365916585,,,,PENDING_AT_END
414.4,414.7507129511645,,,,PENDING_AT_END
414.75,414.8973709690945,,,,PENDING_AT_END
415.09999999999997,415.4779556586513,,,,PENDING_AT_END
415.45,415.57550739625896,,,,PENDING_AT_END
415.79999999999995,416.1627384061252,,,,PENDING_AT_END
416.15,416.3841274758296,,,,PENDING_AT_END
416.5,416.71668089336197,,,,PENDING_AT_END
416.84999999999997,417.0781286817668,,,,PENDING_AT_END
417.2,417.59901289883425,,,,PENDING_AT_END
417.54999999999995,417.61257220954826,,,,PENDING_AT_END
417.9,417.97436179736326,,,,PENDING_AT_END
418.25,418.5315703812839,,,,PENDING_AT_END
418.59999999999997,418.83776448489226,,,,PENDING_AT_END
418.95,419.3164907574656,,,,PENDING_AT_END
419.29999999999995,419.5101389094891,,,,PENDING_AT_END
419.65,419.8740560993218,,,,PENDING_AT_END
420.0,420.30556285270814,,,,PENDING_AT_END
420.34999999999997,420.4800866086271,,,,PENDING_AT_END
420.7,420.8882757738359,,,,PENDING_AT_END
421.04999999999995,421.31065625804524,,,,PENDING_AT_END
421.4,421.62081221683707,,,,PENDING_AT_END
421.75,422.06130700320466,,,,PENDING_AT_END
422.09999999999997,422.41470761739043,,,,PENDING_AT_END
422.45,422.84369269964196,,,,PENDING_AT_END
422.79999999999995,422.9860277946351,,,,PENDING_AT_END
423.15,423.52577969260494,,,,PENDING_AT_END
423.5,423.599020379923,,,,PENDING_AT_END
423.84999999999997,424.0851958719848,,,,PENDING_AT_END
424.2,424.38754512803456,,,,PENDING_AT_END
424.54999999999995,424.63779696995323,,,,PENDING_AT_END
424.9,425.1564904833226,,,,PENDING_AT_END
425.25,425.45618858255364,,,,PENDING_AT_END
425.59999999999997,425.69890364965084,,,,PENDING_AT_END
425.95,426.12493789448007,,,,PENDING_AT_END
426.29999999999995,426.4539282691834,,,,PENDING_AT_END
426.65,426.66089011600377,,,,PENDING_AT_END
427.0,427.1998073567669,,,,PENDING_AT_END
427.34999999999997,427.5777531087272,,,,PENDING_AT_END
427.7,427.89943612367875,,,,PENDING_AT_END
428.04999999999995,428.37416543163624,,,,PENDING_AT_END
428.4,428.7719731787889,,,,PENDING_AT_END
428.75,429.1404328555201,,,,PENDING_AT_END
429.09999999999997,429.4163852896674,,,,PENDING_AT_END
429.45,429.7516321303107,,,,PENDING_AT_END
429.79999999999995,430.07444718373586,,,,PENDING_AT_END
430.15,430.26693455659574,,,,PENDING_AT_END
430.5,430.89838136841,,,,PENDING_AT_END
430.84999999999997,431.11470386697755,,,,PENDING_AT_END
431.2,431.37747615785673,,,,PENDING_AT_END
431.54999999999995,431.60619849145587,,,,PENDING_AT_END
431.9,432.05989193963137,,,,PENDING_AT_END
432.25,432.6280618119532,,,,PENDING_AT_END
432.59999999999997,432.9578861951024,,,,PENDING_AT_END
432.95,433.24173349436995,,,,PENDING_AT_END
433.29999999999995,433.68831145099807,,,,PENDING_AT_END
433.65,433.94616668828485,,,,PENDING_AT_END
434.0,434.27450746620207,,,,PENDING_AT_END
434.34999999999997,434.356887092975,,,,PENDING_AT_END
434.7,434.87657729271695,,,,PENDING_AT_END
435.04999999999995,435.1425291291197,,,,PENDING_AT_END
435.4,435.4727865269474,,,,PENDING_AT_END
435.75,436.12982891842,,,,PENDING_AT_END
436.09999999999997,436.261904580461,,,,PENDING_AT_END
436.45,436.5090865476389,,,,PENDING_AT_END
436.79999999999995,437.0067174797008,,,,PENDING_AT_END
437.15,437.28825268831747,,,,PENDING_AT_END
437.5,437.6543244339156,,,,PENDING_AT_END
437.84999999999997,437.85627986887863,,,,PENDING_AT_END
438.2,438.4484608122834,,,,PENDING_AT_END
438.54999999999995,438.8182844670963,,,,PENDING_AT_END
438.9,439.19513443217045,,,,PENDING_AT_END
439.25,439.42014201730456,,,,PENDING_AT_END
439.59999999999997,439.6484267981877,,,,PENDING_AT_END
439.95,440.1335251255097,,,,PENDING_AT_END
440.29999999999995,440.4277951037982,,,,PENDING_AT_END
440.65,440.8836214737628,,,,PENDING_AT_END
441.0,441.33606650164916,,,,PENDING_AT_END
441.34999999999997,441.7328965208682,,,,PENDING_AT_END
441.7,442.07824168142207,,,,PENDING_AT_END
442.04999999999995,442.22692045916494,,,,PENDING_AT_END
442.4,442.5111843133019,,,,PENDING_AT_END
442.75,443.0050037184826,,,,PENDING_AT_END
443.09999999999997,443.3214463117437,,,,PENDING_AT_END
443.45,443.7366711195686,,,,PENDING_AT_END
443.79999999999995,444.0361241364077,,,,PENDING_AT_END
444.15,444.4885309751255,,,,PENDING_AT_END
444.5,444.7212271406065,,,,PENDING_AT_END
444.84999999999997,445.11823844621864,,,,PENDING_AT_END
445.2,445.5928876504482,,,,PENDING_AT_END
445.54999999999995,445.81850254386904,,,,PENDING_AT_END
445.9,446.02166332604634,,,,PENDING_AT_END
446.25,446.4479376653711,,,,PENDING_AT_END
446.59999999999997,446.88473600839205,,,,PENDING_AT_END
446.95,447.2559256917253,,,,PENDING_AT_END
447.29999999999995,447.5762730346638,,,,PENDING_AT_END
447.65,447.9725655585594,,,,PENDING_AT_END
448.0,448.14582652209936,,,,PENDING_AT_END
448.34999999999997,448.64666170296636,,,,PENDING_AT_END
448.7,448.83549266343886,,,,PENDING_AT_END
449.04999999999995,449.30066236101743,,,,PENDING_AT_END
449.4,449.4567740721624,,,,PENDING_AT_END
449.74999999999994,449.9586294895915,,,,PENDING_AT_END
450.09999999999997,450.44817110484604,,,,PENDING_AT_END
450.45,450.8282225888102,,,,PENDING_AT_END
450.79999999999995,450.8132947289032,,,,PENDING_AT_END
451.15,451.3313755057477,,,,PENDING_AT_END
451.49999999999994,451.77928585104263,,,,PENDING_AT_END
451.84999999999997,451.8596141706383,,,,PENDING_AT_END
452.2,452.23282849430296,,,,PENDING_AT_END
452.54999999999995,452.6259527678849,,,,PENDING_AT_END
452.9,452.91817675950745,,,,PENDING_AT_END
453.24999999999994,453.4924039435845,,,,PENDING_AT_END
453.59999999999997,453.7793737208297,,,,PENDING_AT_END
453.95,453.9759303444012,,,,PENDING_AT_END
454.29999999999995,454.35139669041246,,,,PENDING_AT_END
454.65,454.6927028903889,,,,PENDING_AT_END
454.99999999999994,455.1552506522759,,,,PENDING_AT_END
455.34999999999997,455.4469328032516,,,,PENDING_AT_END
455.7,455.87996093565636,,,,PENDING_AT_END
456.04999999999995,456.06123743900037,,,,PENDING_AT_END
456.4,456.7724936580156,,,,PENDING_AT_END
456.74999999999994,456.9434020545037,,,,PENDING_AT_END
457.09999999999997,457.4777360454818,,,,PENDING_AT_END
457.45,457.8247479091096,,,,PENDING_AT_END
457.79999999999995,457.8897578252845,,,,PENDING_AT_END
458.15,458.37766494416417,,,,PENDING_AT_END
458.49999999999994,458.8256888167761,,,,PENDING_AT_END
458.84999999999997,459.15836283312916,,,,PENDING_AT_END
459.2,459.24465563681355,,,,PENDING_AT_END
459.54999999999995,459.94140952515716,,,,PENDING_AT_END
459.9,460.190018145959,,,,PENDING_AT_END
460.24999999999994,460.3182596335118,,,,PENDING_AT_END
460.59999999999997,460.63378845221604,,,,PENDING_AT_END
460.95,461.1392535302145,,,,PENDING_AT_END
461.29999999999995,461.4917771912852,,,,PENDING_AT_END
461.65,461.6510089453184,,,,PENDING_AT_END
461.99999999999994,462.3545460266652,,,,PENDING_AT_END
462.34999999999997,462.6253959452874,,,,PENDING_AT_END
462.7,462.9265434087376,,,,PENDING_AT_END
463.04999999999995,463.3815508155744,,,,PENDING_AT_END
463.4,463.6116728495716,,,,PENDING_AT_END
463.74999999999994,463.9622779554598,,,,PENDING_AT_END
464.09999999999997,464.11333564939497,,,,PENDING_AT_END
464.45,464.6737069167519,,,,PENDING_AT_END
464.79999999999995,465.073387291793,,,,PENDING_AT_END
465.15,465.3507439351206,,,,PENDING_AT_END
465.49999999999994,465.89111101585723,,,,PENDING_AT_END
465.84999999999997,466.02002071672183,,,,PENDING_AT_END
466.2,466.57336343158175,,,,PENDING_AT_END
466.54999999999995,466.756356203344,,,,PENDING_AT_END
466.9,466.94944897122195,,,,PENDING_AT_END
467.24999999999994,467.4272181754167,,,,PENDING_AT_END
467.59999999999997,467.6795805529825,,,,PENDING_AT_END
467.95,468.1078663153218,,,,PENDING_AT_END
468.29999999999995,468.43438885708656,,,,PENDING_AT_END
468.65,468.81550537659507,,,,PENDING_AT_END
468.99999999999994,469.37372295975405,,,,PENDING_AT_END
469.34999999999997,469.53992133581863,,,,PENDING_AT_END
469.7,469.84855737684865,,,,PENDING_AT_END
470.04999999999995,470.4236136774715,,,,PENDING_AT_END
470.4,470.6256487350337,,,,PENDING_AT_END
470.74999999999994,470.92956095273684,,,,PENDING_AT_END
471.09999999999997,471.19740548352894,,,,PENDING_AT_END
471.45,471.81560544596135,,,,PENDING_AT_END
471.79999999999995,472.1163014034245,,,,PENDING_AT_END
472.15,472.26624426573653,,,,PENDING_AT_END
472.49999999999994,472.8243535459131,,,,PENDING_AT_END
472.84999999999997,472.9773805676205,,,,PENDING_AT_END
473.2,473.49802002834446,,,,PENDING_AT_END
473.54999999999995,473.8055216153534,,,,PENDING_AT_END
473.9,474.25533477199644,,,,PENDING_AT_END
474.24999999999994,474.44255633324434,,,,PENDING_AT_END
474.59999999999997,474.863575914892,,,,PENDING_AT_END
474.95,475.0915166377342,,,,PENDING_AT_END
475.29999999999995,475.30477532235875,,,,PENDING_AT_END
475.65,475.6656396871174,,,,PENDING_AT_END
475.99999999999994,476.13128380980623,,,,PENDING_AT_END
476.34999999999997,476.6800321632715,,,,PENDING_AT_END
476.7,476.9995043353236,,,,PENDING_AT_END
477.04999999999995,477.31039456312305,,,,PENDING_AT_END
477.4,477.69495536238605,,,,PENDING_AT_END
477.74999999999994,477.9692490221997,,,,PENDING_AT_END
478.09999999999997,478.11031638273056,,,,PENDING_AT_END
478.45,478.66623181674464,,,,PENDING_AT_END
478.79999999999995,478.9280627125678,,,,PENDING_AT_END
479.15,479.28013336219965,,,,PENDING_AT_END
479.49999999999994,479.6790216301418,,,,PENDING_AT_END
479.84999999999997,479.9344920883852,,,,PENDING_AT_END
480.2,480.39377233536203,,,,PENDING_AT_END
480.54999999999995,480.6667844288231,,,,PENDING_AT_END
480.9,481.04391556317864,,,,PENDING_AT_END
481.24999999999994,481.43905234822415,,,,PENDING_AT_END
481.59999999999997,481.659591531892,,,,PENDING_AT_END
481.95,482.16055795854714,,,,PENDING_AT_END
482.29999999999995,482.36116640057594,,,,PENDING_AT_END
482.65,483.0264798406188,,,,PENDING_AT_END
482.99999999999994,483.00656646428394,,,,PENDING_AT_END
483.34999999999997,483.464503336208,,,,PENDING_AT_END
483.7,483.84793942588345,,,,PENDING_AT_END
484.04999999999995,484.365683807334,,,,PENDING_AT_END
484.4,484.6940569488703,,,,PENDING_AT_END
484.74999999999994,485.1245277785144,,,,PENDING_AT_END
485.09999999999997,485.22119004601194,,,,PENDING_AT_END
485.45,485.5478780690341,,,,PENDING_AT_END
485.79999999999995,485.9624269049733,,,,PENDING_AT_END
486.15,486.1555109158843,,,,PENDING_AT_END
486.49999999999994,486.76844680344715,,,,PENDING_AT_END
486.84999999999997,487.021248894234,,,,PENDING_AT_END
487.2,487.47221262103955,,,,PENDING_AT_END
487.54999999999995,487.59583221997616,,,,PENDING_AT_END
487.9,488.0373105544901,,,,PENDING_AT_END
488.24999999999994,488.39668961951037,,,,PENDING_AT_END
488.59999999999997,488.75296268155927,,,,PENDING_AT_END
488.95,489.1246903392354,,,,PENDING_AT_END
489.29999999999995,489.39238314225645,,,,PENDING_AT_END
489.65,489.7638130963345,,,,PENDING_AT_END
489.99999999999994,490.28185122095186,,,,PENDING_AT_END
490.34999999999997,490.52618025739065,,,,PENDING_AT_END
490.7,490.9617619286665,,,,PENDING_AT_END
491.04999999999995,491.0680155189099,,,,PENDING_AT_END
491.4,491.416572501873,,,,PENDING_AT_END
491.74999999999994,492.0817039260622,,,,PENDING_AT_END
492.09999999999997,492.2342860625743,,,,PENDING_AT_END
492.45,492.57034761915776,,,,PENDING_AT_END
492.79999999999995,493.1795852352402,,,,PENDING_AT_END
493.15,493.37149233098967,,,,PENDING_AT_END
493.49999999999994,493.555111596376,,,,PENDING_AT_END
493.84999999999997,494.1004773064779,,,,PENDING_AT_END
494.2,494.20924150468744,,,,PENDING_AT_END
494.54999999999995,494.8996561524028,,,,PENDING_AT_END
494.9,495.1282717186897,,,,PENDING_AT_END
495.24999999999994,495.5227084131155,,,,PENDING_AT_END
495.59999999999997,495.9707411278808,,,,PENDING_AT_END
495.95,496.1037707934086,,,,PENDING_AT_END
496.29999999999995,496.5427928232838,,,,PENDING_AT_END
496.65,496.7731002140755,,,,PENDING_AT_END
496.99999999999994,497.0967984507442,,,,PENDING_AT_END
497.34999999999997,497.52483790710306,,,,PENDING_AT_END
497.7,497.83931367915596,,,,PENDING_AT_END
498.04999999999995,498.3284047450194,,,,PENDING_AT_END
498.4,498.7582535584255,,,,PENDING_AT_END
498.74999999999994,499.0797572151011,,,,PENDING_AT_END
499.09999999999997,499.47817345571724,,,,PENDING_AT_END
499.45,499.8181257297926,,,,PENDING_AT_END
499.79999999999995,499.89010571476365,,,,PENDING_AT_END
500.15,500.4121661883406,,,,PENDING_AT_END
500.49999999999994,500.5844662981105,,,,PENDING_AT_END
500.84999999999997,500.9370137912137,,,,PENDING_AT_END
501.2,501.3171525135256,,,,PENDING_AT_END
501.54999999999995,501.6060418721164,,,,PENDING_AT_END
501.9,501.9658971616757,,,,PENDING_AT_END
502.24999999999994,502.3951279858506,,,,PENDING_AT_END
502.59999999999997,502.908486177057,,,,PENDING_AT_END
502.95,503.31652177495897,,,,PENDING_AT_END
503.29999999999995,503.3389114841357,,,,PENDING_AT_END
503.65,503.6653525934338,,,,PENDING_AT_END
503.99999999999994,504.2918198472884,,,,PENDING_AT_END
504.34999999999997,504.4442849914714,,,,PENDING_AT_END
504.7,504.72584858471856,,,,PENDING_AT_END
505.04999999999995,505.3552709155464,,,,PENDING_AT_END
505.4,505.5187147762513,,,,PENDING_AT_END
505.74999999999994,506.0071289410229,,,,PENDING_AT_END
506.09999999999997,506.1735911079068,,,,PENDING_AT_END
506.45,506.55885877802046,,,,PENDING_AT_END
506.79999999999995,507.0544206049202,,,,PENDING_AT_END
507.15,507.46337117139274,,,,PENDING_AT_END
507.49999999999994,507.7522688413554,,,,PENDING_AT_END
507.84999999999997,508.1340774190633,,,,PENDING_AT_END
508.2,508.36055104345786,,,,PENDING_AT_END
508.54999999999995,508.64911388358826,,,,PENDING_AT_END
508.9,509.1429874242401,,,,PENDING_AT_END
509.24999999999994,509.55816566956224,,,,PENDING_AT_END
509.59999999999997,509.8918524772967,,,,PENDING_AT_END
509.95,510.0539399574904,,,,PENDING_AT_END
510.29999999999995,510.38468754169844,,,,PENDING_AT_END
510.65,511.01287265404494,,,,PENDING_AT_END
510.99999999999994,511.2840220408105,,,,PENDING_AT_END
511.34999999999997,511.35727128765944,,,,PENDING_AT_END
511.7,511.98059031955273,,,,PENDING_AT_END
512.05,512.399193399853,,,,PENDING_AT_END
512.4,512.6897091673319,,,,PENDING_AT_END
512.75,513.0971119903345,,,,PENDING_AT_END
513.1,513.3174931371183,,,,PENDING_AT_END
513.4499999999999,513.7446571690353,,,,PENDING_AT_END
513.8,513.9983260829208,,,,PENDING_AT_END
514.15,514.2162867124144,,,,PENDING_AT_END
514.5,514.6264710459247,,,,PENDING_AT_END
514.85,514.9706364482946,,,,PENDING_AT_END
515.1999999999999,515.474969901369,,,,PENDING_AT_END
515.55,515.7005918684883,,,,PENDING_AT_END
515.9,516.1954961610958,,,,PENDING_AT_END
516.25,516.2703718708892,,,,PENDING_AT_END
516.6,516.8318198368012,,,,PENDING_AT_END
516.9499999999999,517.3280883891815,,,,PENDING_AT_END
517.3,517.3843027027651,,,,PENDING_AT_END
517.65,517.8491265589734,,,,PENDING_AT_END
518.0,518.0055646507515,,,,PENDING_AT_END
518.35,518.5859944716129,,,,PENDING_AT_END
518.6999999999999,519.087442204701,,,,PENDING_AT_END
519.05,519.4050159615217,,,,PENDING_AT_END
519.4,519.7878532660194,,,,PENDING_AT_END
519.75,520.1336988107362,,,,PENDING_AT_END
520.1,520.4644121991424,,,,PENDING_AT_END
520.4499999999999,520.4910589135374,,,,PENDING_AT_END
520.8,521.1573271126085,,,,PENDING_AT_END
521.15,521.2419291015204,,,,PENDING_AT_END
521.5,521.7506826953459,,,,PENDING_AT_END
521.85,521.9676229965083,,,,PENDING_AT_END
522.1999999999999,522.4410952750103,,,,PENDING_AT_END
522.55,522.8217454796452,,,,PENDING_AT_END
522.9,523.119806358504,,,,PENDING_AT_END
523.25,523.3959337593753,,,,PENDING_AT_END
523.6,523.6404591601521,,,,PENDING_AT_END
523.9499999999999,524.0509529391692,,,,PENDING_AT_END
524.3,524.404443618439,,,,PENDING_AT_END
524.65,524.8135415297301,,,,PENDING_AT_END
525.0,525.3981312041087,,,,PENDING_AT_END
525.35,525.497876973269,,,,PENDING_AT_END
525.6999999999999,525.7926536652793,,,,PENDING_AT_END
526.05,526.1119150187553,,,,PENDING_AT_END
526.4,526.5396723843188,,,,PENDING_AT_END
526.75,526.9186814907432,,,,PENDING_AT_END
527.1,527.1508922917884,,,,PENDING_AT_END
527.4499999999999,527.6109738933845,,,,PENDING_AT_END
527.8,528.0002314372432,,,,PENDING_AT_END
528.15,528.3078648572331,,,,PENDING_AT_END
528.5,528.8081107523051,,,,PENDING_AT_END
528.85,528.9147201382715,,,,PENDING_AT_END
529.1999999999999,529.5023663638354,,,,PENDING_AT_END
529.55,529.9045516955375,,,,PENDING_AT_END
529.9,530.0418621388909,,,,PENDING_AT_END
530.25,530.449268623566,,,,PENDING_AT_END
530.6,530.898242508289,,,,PENDING_AT_END
530.9499999999999,531.1837443051987,,,,PENDING_AT_END
531.3,531.4236316963681,,,,PENDING_AT_END
531.65,531.7620391618128,,,,PENDING_AT_END
532.0,532.0148499147754,,,,PENDING_AT_END
532.35,532.3739708442416,,,,PENDING_AT_END
532.6999999999999,532.9256275851952,,,,PENDING_AT_END
533.05,533.2522447127608,,,,PENDING_AT_END
533.4,533.7134576870541,,,,PENDING_AT_END
533.75,533.7978931947537,,,,PENDING_AT_END
534.1,534.4614972419487,,,,PENDING_AT_END
534.4499999999999,534.7108116067064,,,,PENDING_AT_END
534.8,534.8358205877496,,,,PENDING_AT_END
535.15,535.2847406142174,,,,PENDING_AT_END
535.5,535.6984143647373,,,,PENDING_AT_END
535.85,536.2231346560249,,,,PENDING_AT_END
536.1999999999999,536.2147291448526,,,,PENDING_AT_END
536.55,536.6610980247631,,,,PENDING_AT_END
536.9,537.0530618188913,,,,PENDING_AT_END
537.25,537.627495723447,,,,PENDING_AT_END
537.5999999999999,537.632994405225,,,,PENDING_AT_END
537.9499999999999,538.2837108490115,,,,PENDING_AT_END
538.3,538.6079989709033,,,,PENDING_AT_END
538.65,538.8291189226137,,,,PENDING_AT_END
539.0,539.3586617571634,,,,PENDING_AT_END
539.3499999999999,539.4831873805429,,,,PENDING_AT_END
539.6999999999999,540.0392657019642,,,,PENDING_AT_END
540.05,540.154996921915,,,,PENDING_AT_END
540.4,540.4419155221282,,,,PENDING_AT_END
540.75,540.8241420699064,,,,PENDING_AT_END
541.0999999999999,541.2044943341134,,,,PENDING_AT_END
541.4499999999999,541.8374183277637,,,,PENDING_AT_END
541.8,542.0728748579609,,,,PENDING_AT_END
542.15,542.3500901423091,,,,PENDING_AT_END
542.5,542.7531488929494,,,,PENDING_AT_END
542.8499999999999,543.0898380336253,,,,PENDING_AT_END
543.1999999999999,543.5166209084215,,,,PENDING_AT_END
543.55,543.8454161661746,,,,PENDING_AT_END
543.9,544.0143225810779,,,,PENDING_AT_END
544.25,544.6444096278224,,,,PENDING_AT_END
544.5999999999999,544.7027805688567,,,,PENDING_AT_END
544.9499999999999,545.2139438679013,,,,PENDING_AT_END
545.3,545.6357118713061,,,,PENDING_AT_END
545.65,545.9692646052941,,,,PENDING_AT_END
546.0,546.0458014304495,,,,PENDING_AT_END
546.3499999999999,546.4376779226423,,,,PENDING_AT_END
546.6999999999999,546.9921175385051,,,,PENDING_AT_END
547.05,547.2351629005602,,,,PENDING_AT_END
547.4,547.4178146548696,,,,PENDING_AT_END
547.75,547.9879748508513,,,,PENDING_AT_END
548.0999999999999,548.2940424884214,,,,PENDING_AT_END
548.4499999999999,548.6214286152573,,,,PENDING_AT_END
548.8,548.8083671945421,,,,PENDING_AT_END
549.15,549.2257402861434,,,,PENDING_AT_END
549.5,549.7190323913335,,,,PENDING_AT_END
549.8499999999999,549.9269331051237,,,,PENDING_AT_END
550.1999999999999,550.298612205965,,,,PENDING_AT_END
550.55,550.7068707791891,,,,PENDING_AT_END
550.9,551.0301050923346,,,,PENDING_AT_END
551.25,551.3159124532713,,,,PENDING_AT_END
551.5999999999999,551.9595817213462,,,,PENDING_AT_END
551.9499999999999,552.276700873599,,,,PENDING_AT_END
552.3,552.5680469525364,,,,PENDING_AT_END
552.65,552.6509722671063,,,,PENDING_AT_END
553.0,553.3206590696748,,,,PENDING_AT_END
553.3499999999999,553.4625271697637,,,,PENDING_AT_END
553.6999999999999,553.9703494105371,,,,PENDING_AT_END
554.05,554.1743971778051,,,,PENDING_AT_END
554.4,554.5046118195202,,,,PENDING_AT_END
554.75,555.0551598188088,,,,PENDING_AT_END
555.0999999999999,555.208104273687,,,,PENDING_AT_END
555.4499999999999,555.7687030201267,,,,PENDING_AT_END
555.8,555.9741322180444,,,,PENDING_AT_END
556.15,556.1995896792124,,,,PENDING_AT_END
556.5,556.6409215187766,,,,PENDING_AT_END
556.8499999999999,556.9629659538116,,,,PENDING_AT_END
557.1999999999999,557.3302200029885,,,,PENDING_AT_END
557.55,557.6865946334165,,,,PENDING_AT_END
557.9,557.9345253215939,,,,PENDING_AT_END
558.25,558.3289828185539,,,,PENDING_AT_END
558.5999999999999,558.9269020555753,,,,PENDING_AT_END
558.9499999999999,559.1220969460006,,,,PENDING_AT_END
559.3,559.3609743470881,,,,PENDING_AT_END
559.65,559.6853138572211,,,,PENDING_AT_END
560.0,560.2133449800485,,,,PENDING_AT_END
560.3499999999999,560.7255416158523,,,,PENDING_AT_END
560.6999999999999,561.0452354779478,,,,PENDING_AT_END
561.05,561.1940341065665,,,,PENDING_AT_END
561.4,561.4289576525761,,,,PENDING_AT_END
561.75,561.7535575168599,,,,PENDING_AT_END
562.0999999999999,562.3668052981841,,,,PENDING_AT_END
562.4499999999999,562.5592681674055,,,,PENDING_AT_END
562.8,562.8530096050224,,,,PENDING_AT_END
563.15,563.5370968092335,,,,PENDING_AT_END
563.5,563.644811119952,,,,PENDING_AT_END
563.8499999999999,563.9065452512093,,,,PENDING_AT_END
564.1999999999999,564.3924971411801,,,,PENDING_AT_END
564.55,564.5526512931817,,,,PENDING_AT_END
564.9,565.0607852515656,,,,PENDING_AT_END
565.25,565.4664669349888,,,,PENDING_AT_END
565.5999999999999,565.855445075219,,,,PENDING_AT_END
565.9499999999999,566.1542214778207,,,,PENDING_AT_END
566.3,566.4095481534218,,,,PENDING_AT_END
566.65,567.0007258103061,,,,PENDING_AT_END
567.0,567.3690643017646,,,,PENDING_AT_END
567.3499999999999,567.6288495064175,,,,PENDING_AT_END
567.6999999999999,567.8754407142291,,,,PENDING_AT_END
568.05,568.2383252175803,,,,PENDING_AT_END
568.4,568.4605187993983,,,,PENDING_AT_END
568.75,568.825258944051,,,,PENDING_AT_END
569.0999999999999,569.2227412165182,,,,PENDING_AT_END
569.4499999999999,569.7269065489289,,,,PENDING_AT_END
569.8,569.8737323244111,,,,PENDING_AT_END
570.15,570.3973212933894,,,,PENDING_AT_END
570.5,570.6954851434514,,,,PENDING_AT_END
570.8499999999999,571.2245191934862,,,,PENDING_AT_END
571.1999999999999,571.4933212631435,,,,PENDING_AT_END
571.55,571.6492922638399,,,,PENDING_AT_END
571.9,572.0626838549073,,,,PENDING_AT_END
572.25,572.3133429391721,,,,PENDING_AT_END
572.5999999999999,572.6989832825775,,,,PENDING_AT_END
572.9499999999999,573.0118603911352,,,,PENDING_AT_END
573.3,573.4637705329817,,,,PENDING_AT_END
573.65,573.8295301242089,,,,PENDING_AT_END
574.0,574.3663560024529,,,,PENDING_AT_END
574.3499999999999,574.5218178374735,,,,PENDING_AT_END
574.6999999999999,574.8165681613517,,,,PENDING_AT_END
575.05,575.4028353530598,,,,PENDING_AT_END
575.4,575.5342972454772,,,,PENDING_AT_END
575.75,575.9526436203523,,,,PENDING_AT_END
576.0999999999999,576.3034790481922,,,,PENDING_AT_END
576.4499999999999,576.4994484471696,,,,PENDING_AT_END
576.8,577.0538235093491,,,,PENDING_AT_END
577.15,577.2671587042877,,,,PENDING_AT_END
577.5,577.6539214060826,,,,PENDING_AT_END
577.8499999999999,578.2378125740479,,,,PENDING_AT_END
578.1999999999999,578.4560660949538,,,,PENDING_AT_END
578.55,578.7331217818039,,,,PENDING_AT_END
578.9,579.0176890688646,,,,PENDING_AT_END
579.25,579.5243981723518,,,,PENDING_AT_END
579.5999999999999,579.9902523504948,,,,PENDING_AT_END
579.9499999999999,580.0658115037337,,,,PENDING_AT_END
580.3,580.5428388077335,,,,PENDING_AT_END
580.65,580.7275529884915,,,,PENDING_AT_END
581.0,581.0291695094145,,,,PENDING_AT_END
581.3499999999999,581.5168326452044,,,,PENDING_AT_END
581.6999999999999,581.8386312026893,,,,PENDING_AT_END
582.05,582.4039302810875,,,,PENDING_AT_END
582.4,582.4627932399159,,,,PENDING_AT_END
582.75,583.0965331072487,,,,PENDING_AT_END
583.0999999999999,583.391073646397,,,,PENDING_AT_END
583.4499999999999,583.8037916076281,,,,PENDING_AT_END
583.8,583.9635478034754,,,,PENDING_AT_END
584.15,584.2542537322919,,,,PENDING_AT_END
584.5,584.8259933579072,,,,PENDING_AT_END
584.8499999999999,585.2355746354956,,,,PENDING_AT_END
585.1999999999999,585.201830777257,,,,PENDING_AT_END
585.55,585.8246979604075,,,,PENDING_AT_END
585.9,585.9919639152419,,,,PENDING_AT_END
586.25,586.5096540880879,,,,PENDING_AT_END
586.5999999999999,586.9590257806751,,,,PENDING_AT_END
586.9499999999999,587.2084668204228,,,,PENDING_AT_END
587.3,587.3836949400998,,,,PENDING_AT_END
587.65,587.7246902198546,,,,PENDING_AT_END
588.0,588.0765558543076,,,,PENDING_AT_END
588.3499999999999,588.5087329927785,,,,PENDING_AT_END
588.6999999999999,589.0607765904462,,,,PENDING_AT_END
589.05,589.3344964288981,,,,PENDING_AT_END
589.4,589.4825572874375,,,,PENDING_AT_END
589.75,589.7929212435592,,,,PENDING_AT_END
590.0999999999999,590.2800738084222,,,,PENDING_AT_END
590.4499999999999,590.455925519292,,,,PENDING_AT_END
590.8,590.8973302909803,,,,PENDING_AT_END
591.15,591.1664923218344,,,,PENDING_AT_END
591.5,591.5829487876731,,,,PENDING_AT_END
591.8499999999999,592.122235362333,,,,PENDING_AT_END
592.1999999999999,592.2886432683152,,,,PENDING_AT_END
592.55,592.6298822346382,,,,PENDING_AT_END
592.9,593.1616740564074,,,,PENDING_AT_END
593.25,593.5681955306911,,,,PENDING_AT_END
593.5999999999999,593.8658987490576,,,,PENDING_AT_END
593.9499999999999,594.3048148385527,,,,PENDING_AT_END
594.3,594.338334350324,,,,PENDING_AT_END
594.65,594.6562896672052,,,,PENDING_AT_END
595.0,595.159205244192,,,,PENDING_AT_END
595.3499999999999,595.461819027485,,,,PENDING_AT_END
595.6999999999999,596.0271218151191,,,,PENDING_AT_END
596.05,596.1130077786729,,,,PENDING_AT_END
596.4,596.5693498704885,,,,PENDING_AT_END
596.75,596.9650982381652,,,,PENDING_AT_END
597.0999999999999,597.4474860284304,,,,PENDING_AT_END
597.4499999999999,597.7985216247945,,,,PENDING_AT_END
597.8,597.8888326212784,,,,PENDING_AT_END
598.15,598.3614023591177,,,,PENDING_AT_END
598.5,598.7772493116188,,,,PENDING_AT_END
598.8499999999999,599.215779830857,,,,PENDING_AT_END
599.1999999999999,599.4577802803318,,,,PENDING_AT_END
599.55,599.6961457966418,,,,PENDING_AT_END
599.9,599.9775789620636,,,,PENDING_AT_END
600.25,600.2941394607831,,,,PENDING_AT_END
600.5999999999999,600.7104125642027,,,,PENDING_AT_END
600.9499999999999,601.3041183133963,,,,PENDING_AT_END
601.3,601.6576376534729,,,,PENDING_AT_END
601.65,601.8753471210122,,,,PENDING_AT_END
602.0,602.2176709887656,,,,PENDING_AT_END
602.3499999999999,602.3876988987906,,,,PENDING_AT_END
602.6999999999999,602.8938748933257,,,,PENDING_AT_END
603.05,603.1540362859043,,,,PENDING_AT_END
603.4,603.4346346225151,,,,PENDING_AT_END
603.75,603.8770083414906,,,,PENDING_AT_END
604.0999999999999,604.421386981262,,,,PENDING_AT_END
604.4499999999999,604.4585955043843,,,,PENDING_AT_END
604.8,604.9510320030895,,,,PENDING_AT_END
605.15,605.3205227882037,,,,PENDING_AT_END
605.5,605.7000432265409,,,,PENDING_AT_END
605.8499999999999,606.1884127622345,,,,PENDING_AT_END
606.1999999999999,606.2942722073666,,,,PENDING_AT_END
606.55,606.7020223777092,,,,PENDING_AT_END
606.9,606.9238418468525,,,,PENDING_AT_END
607.25,607.4088712305959,,,,PENDING_AT_END
607.5999999999999,607.9802298043403,,,,PENDING_AT_END
607.9499999999999,608.1141591903948,,,,PENDING_AT_END
608.3,608.6955440928132,,,,PENDING_AT_END
608.65,608.719835703998,,,,PENDING_AT_END
609.0,609.0574206152885,,,,PENDING_AT_END
609.3499999999999,609.695129638767,,,,PENDING_AT_END
609.6999999999999,609.897782747603,,,,PENDING_AT_END
610.05,610.30563899757,,,,PENDING_AT_END
610.4,610.4527309958477,,,,PENDING_AT_END
610.75,611.1232400474657,,,,PENDING_AT_END
611.0999999999999,611.4836799810435,,,,PENDING_AT_END
611.4499999999999,611.4919061739394,,,,PENDING_AT_END
611.8,612.112728180141,,,,PENDING_AT_END
612.15,612.5472519865522,,,,PENDING_AT_END
612.5,612.5585667338039,,,,PENDING_AT_END
612.8499999999999,613.2333149429969,,,,PENDING_AT_END
613.1999999999999,613.3705046235372,,,,PENDING_AT_END
613.55,613.8064895573236,,,,PENDING_AT_END
613.9,614.2771059000255,,,,PENDING_AT_END
614.25,614.5605397261522,,,,PENDING_AT_END
614.5999999999999,614.734940323362,,,,PENDING_AT_END
614.9499999999999,615.3321872485154,,,,PENDING_AT_END
615.3,615.3501490416081,,,,PENDING_AT_END
615.65,615.6741381988805,,,,PENDING_AT_END
616.0,616.1156362385545,,,,PENDING_AT_END
616.3499999999999,616.3809546271652,,,,PENDING_AT_END
616.6999999999999,617.0465791597368,,,,PENDING_AT_END
617.05,617.3877407777713,,,,PENDING_AT_END
617.4,617.756003315991,,,,PENDING_AT_END
617.75,617.9485677567816,,,,PENDING_AT_END
618.0999999999999,618.3606442601015,,,,PENDING_AT_END
618.4499999999999,618.6078735236405,,,,PENDING_AT_END
618.8,619.0836387175773,,,,PENDING_AT_END
619.15,619.503709937702,,,,PENDING_AT_END
619.5,619.5257182152186,,,,PENDING_AT_END
619.8499999999999,620.0757324725353,,,,PENDING_AT_END
620.1999999999999,620.4447146906781,,,,PENDING_AT_END
620.55,620.8070268999154,,,,PENDING_AT_END
620.9,620.9735741939165,,,,PENDING_AT_END
621.25,621.632406316467,,,,PENDING_AT_END
621.5999999999999,621.8123899173606,,,,PENDING_AT_END
621.9499999999999,622.1173597780847,,,,PENDING_AT_END
622.3,622.4496676684905,,,,PENDING_AT_END
622.65,623.0422479287785,,,,PENDING_AT_END
623.0,623.0857695234381,,,,PENDING_AT_END
623.3499999999999,623.5709379526761,,,,PENDING_AT_END
623.6999999999999,624.0051200908164,,,,PENDING_AT_END
624.05,624.2728612391054,,,,PENDING_AT_END
624.4,624.7238095452595,,,,PENDING_AT_END
624.75,625.1231422339795,,,,PENDING_AT_END
625.0999999999999,625.1454842576113,,,,PENDING_AT_END
625.4499999999999,625.4667888714149,,,,PENDING_AT_END
625.8,626.1815272576391,,,,PENDING_AT_END
626.15,626.3384177267122,,,,PENDING_AT_END
626.5,626.5783858956513,,,,PENDING_AT_END
626.8499999999999,627.0601817479308,,,,PENDING_AT_END
627.1999999999999,627.5894647701185,,,,PENDING_AT_END
627.55,627.5831028280363,,,,PENDING_AT_END
627.9,628.0122294001413,,,,PENDING_AT_END
628.25,628.3290732669191,,,,PENDING_AT_END
628.5999999999999,628.6071561223118,,,,PENDING_AT_END
628.9499999999999,629.1976483613549,,,,PENDING_AT_END
629.3,629.5411087539603,,,,PENDING_AT_END
629.65,630.0316200082156,,,,PENDING_AT_END
630.0,630.0104664472144,,,,PENDING_AT_END
630.3499999999999,630.3708196352161,,,,PENDING_AT_END
630.6999999999999,631.038207610817,,,,PENDING_AT_END
631.05,631.3455726077109,,,,PENDING_AT_END
631.4,631.5564608281167,,,,PENDING_AT_END
631.75,631.9091216081265,,,,PENDING_AT_END
632.0999999999999,632.1158251478741,,,,PENDING_AT_END
632.4499999999999,632.4529087949767,,,,PENDING_AT_END
632.8,632.8709085344819,,,,PENDING_AT_END
633.15,633.4107887057536,,,,PENDING_AT_END
633.5,633.6138181075228,,,,PENDING_AT_END
633.8499999999999,633.96416656528,,,,PENDING_AT_END
634.1999999999999,634.530129910488,,,,PENDING_AT_END
634.55,634.9071250309148,,,,PENDING_AT_END
634.9,635.0795535910835,,,,PENDING_AT_END
635.25,635.4593742600568,,,,PENDING_AT_END
635.5999999999999,635.8137044335695,,,,PENDING_AT_END
635.9499999999999,636.1618599731208,,,,PENDING_AT_END
636.3,636.3687134655211,,,,PENDING_AT_END
636.65,636.7424146061188,,,,PENDING_AT_END
637.0,637.1847384847058,,,,PENDING_AT_END
637.3499999999999,637.5631797764217,,,,PENDING_AT_END
637.6999999999999,638.0559031913582,,,,PENDING_AT_END
638.05,638.4257140164796,,,,PENDING_AT_END
638.4,638.4610704529167,,,,PENDING_AT_END
638.75,639.0638680691306,,,,PENDING_AT_END
639.0999999999999,639.1828852360634,,,,PENDING_AT_END
639.4499999999999,639.504073597714,,,,PENDING_AT_END
639.8,639.9814055552204,,,,PENDING_AT_END
640.15,640.4216006105383,,,,PENDING_AT_END
640.5,640.8856283687676,,,,PENDING_AT_END
640.8499999999999,640.9811895109888,,,,PENDING_AT_END
641.1999999999999,641.2148690584662,,,,PENDING_AT_END
641.55,641.6686860131997,,,,PENDING_AT_END
641.9,642.1683066423342,,,,PENDING_AT_END
642.25,642.5203887738253,,,,PENDING_AT_END
642.5999999999999,642.8202670058129,,,,PENDING_AT_END
642.9499999999999,643.3302900279931,,,,PENDING_AT_END
643.3,643.6571672448388,,,,PENDING_AT_END
643.65,643.8457211547221,,,,PENDING_AT_END
644.0,644.3533339958424,,,,PENDING_AT_END
644.3499999999999,644.4666564262948,,,,PENDING_AT_END
644.6999999999999,644.9563535603442,,,,PENDING_AT_END
645.05,645.252343978098,,,,PENDING_AT_END
645.4,645.5607273572308,,,,PENDING_AT_END
645.75,645.8745144348175,,,,PENDING_AT_END
646.0999999999999,646.3400615968353,,,,PENDING_AT_END
646.4499999999999,646.631808702785,,,,PENDING_AT_END
646.8,646.8208448232931,,,,PENDING_AT_END
647.15,647.3402207845867,,,,PENDING_AT_END
647.5,647.7516696626876,,,,PENDING_AT_END
647.8499999999999,648.1820667671382,,,,PENDING_AT_END
648.1999999999999,648.2694798521294,,,,PENDING_AT_END
648.55,648.9429335125374,,,,PENDING_AT_END
648.9,649.2014084590331,,,,PENDING_AT_END
649.25,649.3366740506881,,,,PENDING_AT_END
649.5999999999999,649.7644363849965,,,,PENDING_AT_END
649.9499999999999,650.1894612426632,,,,PENDING_AT_END
650.3,650.5092963345116,,,,PENDING_AT_END
650.65,650.8412163550921,,,,PENDING_AT_END
651.0,651.14015453863,,,,PENDING_AT_END
651.3499999999999,651.741227932687,,,,PENDING_AT_END
651.6999999999999,651.9598269682093,,,,PENDING_AT_END
652.05,652.3093295842918,,,,PENDING_AT_END
652.4,652.5120570952641,,,,PENDING_AT_END
652.75,653.1172455231433,,,,PENDING_AT_END
653.0999999999999,653.3176618285297,,,,PENDING_AT_END
653.4499999999999,653.6658650025512,,,,PENDING_AT_END
653.8,653.9443480850418,,,,PENDING_AT_END
654.15,654.1554443862275,,,,PENDING_AT_END
654.5,654.7966735586517,,,,PENDING_AT_END
654.8499999999999,655.1490708096765,,,,PENDING_AT_END
655.1999999999999,655.5877225131729,,,,PENDING_AT_END
655.55,655.7968290018471,,,,PENDING_AT_END
655.9,655.921684657728,,,,PENDING_AT_END
656.25,656.3253140035736,,,,PENDING_AT_END
656.5999999999999,656.7775202864095,,,,PENDING_AT_END
656.9499999999999,657.0079242113083,,,,PENDING_AT_END
657.3,657.5520597186053,,,,PENDING_AT_END
657.65,657.6811212235499,,,,PENDING_AT_END
658.0,658.0908085160431,,,,PENDING_AT_END
658.3499999999999,658.495027920578,,,,PENDING_AT_END
658.6999999999999,658.9350240907269,,,,PENDING_AT_END
659.05,659.2501296520304,,,,PENDING_AT_END
659.4,659.5131011938839,,,,PENDING_AT_END
659.75,659.8337911165847,,,,PENDING_AT_END
660.0999999999999,660.1439965152924,,,,PENDING_AT_END
660.4499999999999,660.7529449921093,,,,PENDING_AT_END
660.8,661.0693318409342,,,,PENDING_AT_END
661.15,661.382274605097,,,,PENDING_AT_END
661.5,661.6058568269561,,,,PENDING_AT_END
661.8499999999999,661.8962127239965,,,,PENDING_AT_END
662.1999999999999,662.2333584407339,,,,PENDING_AT_END
662.55,662.7122821868388,,,,PENDING_AT_END
662.9,662.9362540450294,,,,PENDING_AT_END
663.25,663.4972345342553,,,,PENDING_AT_END
663.5999999999999,663.679958525267,,,,PENDING_AT_END
663.9499999999999,664.3185139564233,,,,PENDING_AT_END
664.3,664.3835204521622,,,,PENDING_AT_END
664.65,664.7242370546077,,,,PENDING_AT_END
665.0,665.3396829841613,,,,PENDING_AT_END
665.3499999999999,665.5239115302752,,,,PENDING_AT_END
665.6999999999999,666.0944869493668,,,,PENDING_AT_END
666.05,666.3737809359186,,,,PENDING_AT_END
666.4,666.5532867612081,,,,PENDING_AT_END
666.75,667.0246302263947,,,,PENDING_AT_END
667.0999999999999,667.1828269841587,,,,PENDING_AT_END
667.4499999999999,667.8458769392602,,,,PENDING_AT_END
667.8,668.0972964593061,,,,PENDING_AT_END
668.15,668.2021811507956,,,,PENDING_AT_END
668.5,668.6545317095477,,,,PENDING_AT_END
668.8499999999999,669.1851517258192,,,,PENDING_AT_END
669.1999999999999,669.2906862265799,,,,PENDING_AT_END
669.55,669.5967885535333,,,,PENDING_AT_END
669.9,669.9377963849689,,,,PENDING_AT_END
670.25,670.2709939536576,,,,PENDING_AT_END
670.5999999999999,670.8198938159746,,,,PENDING_AT_END
670.9499999999999,671.0124654149719,,,,PENDING_AT_END
671.3,671.342161512398,,,,PENDING_AT_END
671.65,671.675522638784,,,,PENDING_AT_END
672.0,672.0342860421274,,,,PENDING_AT_END
672.3499999999999,672.5295512262614,,,,PENDING_AT_END
672.6999999999999,672.9408261680422,,,,PENDING_AT_END
673.05,673.2828329989168,,,,PENDING_AT_END
673.4,673.526574294165,,,,PENDING_AT_END
673.75,674.1184962443663,,,,PENDING_AT_END
674.0999999999999,674.2000194729751,,,,PENDING_AT_END
674.4499999999999,674.5837796353172,,,,PENDING_AT_END
674.8,674.8440536785236,,,,PENDING_AT_END
675.15,675.4163510669376,,,,PENDING_AT_END
675.5,675.7290629248678,,,,PENDING_AT_END
675.8499999999999,675.861536540252,,,,PENDING_AT_END
676.1999999999999,676.2294411170423,,,,PENDING_AT_END
676.55,676.908394896119,,,,PENDING_AT_END
676.9,676.9046458363702,,,,PENDING_AT_END
677.25,677.5866020465792,,,,PENDING_AT_END
677.5999999999999,677.9028340810951,,,,PENDING_AT_END
677.9499999999999,678.0830858481319,,,,PENDING_AT_END
678.3,678.6085412873058,,,,PENDING_AT_END
678.65,678.9691699320334,,,,PENDING_AT_END
679.0,679.0931001294782,,,,PENDING_AT_END
679.3499999999999,679.4932444010892,,,,PENDING_AT_END
679.6999999999999,680.0210276318109,,,,PENDING_AT_END
680.05,680.4490978635126,,,,PENDING_AT_END
680.4,680.5459206360521,,,,PENDING_AT_END
680.75,680.8976320984573,,,,PENDING_AT_END
681.0999999999999,681.2887370371811,,,,PENDING_AT_END
681.4499999999999,681.6228793389756,,,,PENDING_AT_END
681.8,681.9446044629278,,,,PENDING_AT_END
682.15,682.2554931733292,,,,PENDING_AT_END
682.5,682.595923237956,,,,PENDING_AT_END
682.8499999999999,683.2280931086186,,,,PENDING_AT_END
683.1999999999999,683.2600289484993,,,,PENDING_AT_END
683.55,683.6242879176327,,,,PENDING_AT_END
683.9,684.2713820248026,,,,PENDING_AT_END
684.25,684.4609024577837,,,,PENDING_AT_END
684.5999999999999,684.9028381418477,,,,PENDING_AT_END
684.9499999999999,685.1415748506612,,,,PENDING_AT_END
685.3,685.3391258956619,,,,PENDING_AT_END
685.65,685.8087409717267,,,,PENDING_AT_END
686.0,686.1306133620217,,,,PENDING_AT_END
686.3499999999999,686.5193725526979,,,,PENDING_AT_END
686.6999999999999,686.7674126157011,,,,PENDING_AT_END
687.05,687.2824478065002,,,,PENDING_AT_END
687.4,687.7867447411812,,,,PENDING_AT_END
687.75,687.8965329792607,,,,PENDING_AT_END
688.0999999999999,688.2783004773864,,,,PENDING_AT_END
688.4499999999999,688.6275178709255,,,,PENDING_AT_END
688.8,688.8324613322743,,,,PENDING_AT_END
689.15,689.2704056190847,,,,PENDING_AT_END
689.5,689.5175379317022,,,,PENDING_AT_END
689.8499999999999,690.0383274706764,,,,PENDING_AT_END
690.1999999999999,690.3993502805744,,,,PENDING_AT_END
690.55,690.6266571913693,,,,PENDING_AT_END
690.9,690.9514020374814,,,,PENDING_AT_END
691.25,691.448396038603,,,,PENDING_AT_END
691.5999999999999,691.8729078192234,,,,PENDING_AT_END
691.9499999999999,692.3219872403685,,,,PENDING_AT_END
692.3,692.6388160134431,,,,PENDING_AT_END
692.65,692.8472805937948,,,,PENDING_AT_END
693.0,693.3169519712856,,,,PENDING_AT_END
693.3499999999999,693.6573734383221,,,,PENDING_AT_END
693.6999999999999,693.7652858626656,,,,PENDING_AT_END
694.05,694.4440116289913,,,,PENDING_AT_END
694.4,694.5263633833137,,,,PENDING_AT_END
694.75,694.9358359454391,,,,PENDING_AT_END
695.0999999999999,695.4650736347514,,,,PENDING_AT_END
695.4499999999999,695.6997786155436,,,,PENDING_AT_END
695.8,696.1640460993169,,,,PENDING_AT_END
696.15,696.519809155238,,,,PENDING_AT_END
696.5,696.7379103714443,,,,PENDING_AT_END
696.8499999999999,697.135680967913,,,,PENDING_AT_END
697.1999999999999,697.360417681383,,,,PENDING_AT_END
697.55,697.8414785401637,,,,PENDING_AT_END
697.9,698.2447467125929,,,,PENDING_AT_END
698.25,698.2894534989516,,,,PENDING_AT_END
698.5999999999999,698.9883218023356,,,,PENDING_AT_END
698.9499999999999,699.0768993790917,,,,PENDING_AT_END
699.3,699.682840234379,,,,PENDING_AT_END
699.65,699.6874465109905,,,,PENDING_AT_END
700.0,700.1032233034446,,,,PENDING_AT_END
700.3499999999999,700.6393275298567,,,,PENDING_AT_END
700.6999999999999,700.7464038168108,,,,PENDING_AT_END
701.05,701.1671050599268,,,,PENDING_AT_END
701.4,701.7223864749095,,,,PENDING_AT_END
701.75,701.8747015744268,,,,PENDING_AT_END
702.0999999999999,702.245704361459,,,,PENDING_AT_END
702.4499999999999,702.5721414386218,,,,PENDING_AT_END
702.8,702.9665875060546,,,,PENDING_AT_END
703.15,703.2367334070037,,,,PENDING_AT_END
703.5,703.8661227365517,,,,PENDING_AT_END
703.8499999999999,704.2240931546803,,,,PENDING_AT_END
704.1999999999999,704.3774676503966,,,,PENDING_AT_END
704.55,704.9192356429728,,,,PENDING_AT_END
704.9,705.0879851934186,,,,PENDING_AT_END
705.25,705.5866222020529,,,,PENDING_AT_END
705.5999999999999,705.8855831511726,,,,PENDING_AT_END
705.9499999999999,705.986963255922,,,,PENDING_AT_END
706.3,706.6565420923293,,,,PENDING_AT_END
706.65,706.6502184858392,,,,PENDING_AT_END
707.0,707.1639468205044,,,,PENDING_AT_END
707.3499999999999,707.5888444880281,,,,PENDING_AT_END
707.6999999999999,707.8241061505815,,,,PENDING_AT_END
708.05,708.4275724897309,,,,PENDING_AT_END
708.4,708.6618616254731,,,,PENDING_AT_END
708.75,708.9670994590278,,,,PENDING_AT_END
709.0999999999999,709.2902343891271,,,,PENDING_AT_END
709.4499999999999,709.7757561981824,,,,PENDING_AT_END
709.8,709.876822484297,,,,PENDING_AT_END
710.15,710.1529759046219,,,,PENDING_AT_END
710.5,710.5488984037922,,,,PENDING_AT_END
710.8499999999999,711.2421898656935,,,,PENDING_AT_END
711.1999999999999,711.2363046197089,,,,PENDING_AT_END
711.55,711.7471682113508,,,,PENDING_AT_END
711.9,712.2531731394123,,,,PENDING_AT_END
712.25,712.2857341154263,,,,PENDING_AT_END
712.5999999999999,712.6115708511677,,,,PENDING_AT_END
712.9499999999999,712.9917063600011,,,,PENDING_AT_END
713.3,713.5601005103492,,,,PENDING_AT_END
713.65,713.6647083732884,,,,PENDING_AT_END
714.0,714.0414114912512,,,,PENDING_AT_END
714.3499999999999,714.4002889885064,,,,PENDING_AT_END
714.6999999999999,714.7852868721849,,,,PENDING_AT_END
715.05,715.1386626447947,,,,PENDING_AT_END
715.4,715.4361897100945,,,,PENDING_AT_END
715.75,716.1309460744928,,,,PENDING_AT_END
716.0999999999999,716.3525862003214,,,,PENDING_AT_END
716.4499999999999,716.70999081459,,,,PENDING_AT_END
716.8,716.9820308213302,,,,PENDING_AT_END
717.15,717.1618453798816,,,,PENDING_AT_END
717.5,717.5977562605285,,,,PENDING_AT_END
717.8499999999999,717.9771603926124,,,,PENDING_AT_END
718.1999999999999,718.4348525267263,,,,PENDING_AT_END
718.55,718.6930624275058,,,,PENDING_AT_END
718.9,719.235432778066,,,,PENDING_AT_END
719.25,719.3538112879164,,,,PENDING_AT_END
719.5999999999999,719.612261086892,,,,PENDING_AT_END
719.9499999999999,720.1778945537322,,,,PENDING_AT_END
720.3,720.5662815325695,,,,PENDING_AT_END
720.65,720.9908344347774,,,,PENDING_AT_END
721.0,721.3719544253822,,,,PENDING_AT_END
721.3499999999999,721.7143754402314,,,,PENDING_AT_END
721.6999999999999,721.816307794618,,,,PENDING_AT_END
722.05,722.1019520872269,,,,PENDING_AT_END
722.4,722.5595243594729,,,,PENDING_AT_END
722.75,722.7729003003526,,,,PENDING_AT_END
723.0999999999999,723.4577372964416,,,,PENDING_AT_END
723.4499999999999,723.6250749157456,,,,PENDING_AT_END
723.8,724.1279619245506,,,,PENDING_AT_END
724.15,724.2094209726209,,,,PENDING_AT_END
724.5,724.6163631739471,,,,PENDING_AT_END
724.8499999999999,724.8991888833675,,,,PENDING_AT_END
725.1999999999999,725.5480278381114,,,,PENDING_AT_END
725.55,725.6323101349808,,,,PENDING_AT_END
725.9,726.2049206933037,,,,PENDING_AT_END
726.25,726.3190111675947,,,,PENDING_AT_END
726.5999999999999,726.984157561245,,,,PENDING_AT_END
726.9499999999999,727.2329455703101,,,,PENDING_AT_END
727.3,727.6369532169988,,,,PENDING_AT_END
727.65,727.9844863597217,,,,PENDING_AT_END
728.0,728.1013915594772,,,,PENDING_AT_END
728.3499999999999,728.7494263573676,,,,PENDING_AT_END
728.6999999999999,728.8268414553332,,,,PENDING_AT_END
729.05,729.1666565914716,,,,PENDING_AT_END
729.4,729.5583022592742,,,,PENDING_AT_END
729.75,729.9245992307201,,,,PENDING_AT_END
730.0999999999999,730.2099002179789,,,,PENDING_AT_END
730.4499999999999,730.751157669807,,,,PENDING_AT_END
730.8,730.8583421412911,,,,PENDING_AT_END
731.15,731.2415298073064,,,,PENDING_AT_END
731.5,731.8371835293246,,,,PENDING_AT_END
731.8499999999999,732.1076883149904,,,,PENDING_AT_END
732.1999999999999,732.5578223019623,,,,PENDING_AT_END
732.55,732.9029230424578,,,,PENDING_AT_END
732.9,732.9505183867881,,,,PENDING_AT_END
733.25,733.2793147855896,,,,PENDING_AT_END
733.5999999999999,733.6316936594924,,,,PENDING_AT_END
733.9499999999999,734.3182261184191,,,,PENDING_AT_END
734.3,734.4046846073875,,,,PENDING_AT_END
734.65,734.6719256616362,,,,PENDING_AT_END
