timestamp,gen_time,sel_time,tx_time,rx_time,status
0.0,0.3258470599616754,159.61690162730469,159.6179016273047,159.78790162730468,TX
0.35,0.5451366491468179,156.45111126018446,156.45211126018447,156.62211126018445,TX
0.7,0.952802905277846,155.0797296812344,155.0807296812344,155.2507296812344,TX
1.0499999999999998,1.1716680637533665,156.9956047313181,156.99660473131812,157.1666047313181,TX
1.4,1.7311635252296003,158.63672714809164,158.63772714809164,158.80772714809163,TX
1.75,1.9151478020006771,161.13033754491002,161.13133754491002,161.30133754491,TX
2.0999999999999996,2.3161188924909757,160.19467788381883,160.19567788381883,160.36567788381882,TX
2.4499999999999997,2.737045561092312,160.75628529075374,160.75728529075374,160.92728529075373,TX
2.8,3.0846417849232166,157.81082563487323,157.81182563487323,157.98182563487322,TX
3.15,3.339430650952289,154.79215498524488,154.79315498524488,154.96315498524487,TX
3.5,3.5219408891429174,155.99722010758424,155.99822010758425,156.16822010758423,TX
3.8499999999999996,4.122809536071068,154.08347783519986,154.08447783519986,154.25447783519985,TX
4.199999999999999,4.3870099370981315,160.31059938500846,160.31159938500846,160.48159938500845,TX
4.55,4.626974790635578,160.6463010872113,160.6473010872113,160.8173010872113,TX
4.8999999999999995,5.168789615273288,,,,PENDING_AT_END
5.25,5.346385345617877,,,,PENDING_AT_END
5.6,5.855213425312655,,,,PENDING_AT_END
5.949999999999999,6.3000954296523375,,,,PENDING_AT_END
6.3,6.691256402225565,,,,PENDING_AT_END
6.6499999999999995,6.816475031965248,,,,PENDING_AT_END
7.0,7.042142063516298,,,,PENDING_AT_END
7.35,7.491375217140108,,,,PENDING_AT_END
7.699999999999999,8.074936437476914,,,,PENDING_AT_END
8.049999999999999,8.169304870365545,,,,PENDING_AT_END
8.399999999999999,8.691547071169751,,,,PENDING_AT_END
8.75,8.90453406300227,,,,PENDING_AT_END
9.1,9.318738508368126,,,,PENDING_AT_END
9.45,9.84212820642718,,,,PENDING_AT_END
9.799999999999999,10.148035566548115,,,,PENDING_AT_END
10.149999999999999,10.30834223678352,,,,PENDING_AT_END
10.5,10.700861399810776,,,,PENDING_AT_END
10.85,11.069558991152386,,,,PENDING_AT_END
11.2,11.503100549396343,,,,PENDING_AT_END
11.549999999999999,11.8484839186667,,,,PENDING_AT_END
11.899999999999999,12.178158776526978,,,,PENDING_AT_END
12.25,12.632291559788214,,,,PENDING_AT_END
12.6,12.977058631121645,,,,PENDING_AT_END
12.95,13.19642957141092,,,,PENDING_AT_END
13.299999999999999,13.367764214491364,,,,PENDING_AT_END
13.649999999999999,14.038745332511006,,,,PENDING_AT_END
14.0,14.241628354472319,,,,PENDING_AT_END
14.35,14.7439919479335,,,,PENDING_AT_END
14.7,15.055797517356293,,,,PENDING_AT_END
15.049999999999999,15.351564616697457,,,,PENDING_AT_END
15.399999999999999,15.672072338864627,,,,PENDING_AT_END
15.749999999999998,16.06852562951814,,,,PENDING_AT_END
16.099999999999998,16.36000421248625,,,,PENDING_AT_END
16.45,16.81363102085204,,,,PENDING_AT_END
16.799999999999997,16.944090634832932,,,,PENDING_AT_END
17.15,17.358056586852896,,,,PENDING_AT_END
17.5,17.67089763468976,,,,PENDING_AT_END
17.849999999999998,18.13291055060628,,,,PENDING_AT_END
18.2,18.366835167407995,,,,PENDING_AT_END
18.549999999999997,18.584671036093077,,,,PENDING_AT_END
18.9,19.166888398825215,,,,PENDING_AT_END
19.25,19.359229073068647,,,,PENDING_AT_END
19.599999999999998,19.940037743930358,,,,PENDING_AT_END
19.95,20.34000675839255,,,,PENDING_AT_END
20.299999999999997,20.391143249557622,,,,PENDING_AT_END
20.65,20.912309578762454,,,,PENDING_AT_END
21.0,21.347530800406624,,,,PENDING_AT_END
21.349999999999998,21.567785332344688,,,,PENDING_AT_END
21.7,21.917782205425677,,,,PENDING_AT_END
22.049999999999997,22.098522047385693,,,,PENDING_AT_END
22.4,22.63172085804105,,,,PENDING_AT_END
22.75,22.82624559482293,,,,PENDING_AT_END
23.099999999999998,23.287566391887747,,,,PENDING_AT_END
23.45,23.684246796572555,,,,PENDING_AT_END
23.799999999999997,24.121800387308653,,,,PENDING_AT_END
24.15,24.408160551883512,,,,PENDING_AT_END
24.5,24.81599426841268,,,,PENDING_AT_END
24.849999999999998,24.93139642624247,,,,PENDING_AT_END
25.2,25.58622246233772,,,,PENDING_AT_END
25.549999999999997,25.790987124948032,,,,PENDING_AT_END
25.9,26.214019698642794,,,,PENDING_AT_END
26.25,26.502655112653173,,,,PENDING_AT_END
26.599999999999998,26.843968530151347,,,,PENDING_AT_END
26.95,27.272821184999817,,,,PENDING_AT_END
27.299999999999997,27.33642357819049,,,,PENDING_AT_END
27.65,27.919379427661468,,,,PENDING_AT_END
28.0,28.063100961327386,,,,PENDING_AT_END
28.349999999999998,28.72215195536553,,,,PENDING_AT_END
28.7,28.71112118386262,,,,PENDING_AT_END
29.049999999999997,29.20422229830939,,,,PENDING_AT_END
29.4,29.438320083919685,,,,PENDING_AT_END
29.749999999999996,30.055752871534413,,,,PENDING_AT_END
30.099999999999998,30.172152221295473,,,,PENDING_AT_END
30.45,30.45236154683585,,,,PENDING_AT_END
30.799999999999997,30.861315856100497,,,,PENDING_AT_END
31.15,31.381976080237045,,,,PENDING_AT_END
31.499999999999996,31.645524970149697,,,,PENDING_AT_END
31.849999999999998,31.936499637583477,,,,PENDING_AT_END
32.199999999999996,32.57127226053132,,,,PENDING_AT_END
32.55,32.646946364085935,,,,PENDING_AT_END
32.9,33.23038805244857,,,,PENDING_AT_END
33.25,33.50486389327007,,,,PENDING_AT_END
33.599999999999994,33.87429331307665,,,,PENDING_AT_END
33.949999999999996,34.22155571599772,,,,PENDING_AT_END
34.3,34.416435512209006,,,,PENDING_AT_END
34.65,34.651948277931346,,,,PENDING_AT_END
35.0,35.22132527583072,,,,PENDING_AT_END
35.349999999999994,35.38181979408252,,,,PENDING_AT_END
35.699999999999996,35.89401364638061,,,,PENDING_AT_END
36.05,36.123436392082,,,,PENDING_AT_END
36.4,36.44887728258748,,,,PENDING_AT_END
36.75,36.987921726450736,,,,PENDING_AT_END
37.099999999999994,37.27057886267872,,,,PENDING_AT_END
37.449999999999996,37.52491910170007,,,,PENDING_AT_END
37.8,38.1334975394976,,,,PENDING_AT_END
38.15,38.223172985382156,,,,PENDING_AT_END
38.5,38.63907351077913,,,,PENDING_AT_END
38.849999999999994,38.857267141036886,,,,PENDING_AT_END
39.199999999999996,39.53926787957126,,,,PENDING_AT_END
39.55,39.64795395463014,,,,PENDING_AT_END
39.9,40.165234654466154,,,,PENDING_AT_END
40.25,40.432599793332685,,,,PENDING_AT_END
40.599999999999994,40.85424156880438,,,,PENDING_AT_END
40.949999999999996,41.10954118938461,,,,PENDING_AT_END
41.3,41.530118044309276,,,,PENDING_AT_END
41.65,41.925703200738845,,,,PENDING_AT_END
42.0,42.00312102049338,,,,PENDING_AT_END
42.349999999999994,42.35228126850802,,,,PENDING_AT_END
42.699999999999996,42.74207954006241,,,,PENDING_AT_END
43.05,43.282733650919354,,,,PENDING_AT_END
43.4,43.79907388315146,,,,PENDING_AT_END
43.75,44.04947219812627,,,,PENDING_AT_END
44.099999999999994,44.48048699338112,,,,PENDING_AT_END
44.449999999999996,44.600487249698695,,,,PENDING_AT_END
44.8,44.93710146201519,,,,PENDING_AT_END
45.15,45.53379385138623,,,,PENDING_AT_END
45.5,45.58502614444741,,,,PENDING_AT_END
45.849999999999994,46.153104189557325,,,,PENDING_AT_END
46.199999999999996,46.57560440389521,,,,PENDING_AT_END
46.55,46.889974395361264,,,,PENDING_AT_END
46.9,47.111839673633746,,,,PENDING_AT_END
47.25,47.35287146565672,,,,PENDING_AT_END
47.599999999999994,47.68748740489529,,,,PENDING_AT_END
47.949999999999996,48.29554736468288,,,,PENDING_AT_END
48.3,48.663868244821174,,,,PENDING_AT_END
48.65,48.84238380525628,,,,PENDING_AT_END
49.0,49.149087217191294,,,,PENDING_AT_END
49.349999999999994,49.3790922025222,,,,PENDING_AT_END
49.699999999999996,49.813871281501,,,,PENDING_AT_END
50.05,50.24712521524562,,,,PENDING_AT_END
50.4,50.5741452712381,,,,PENDING_AT_END
50.75,50.79610756967534,,,,PENDING_AT_END
51.099999999999994,51.28607844405283,,,,PENDING_AT_END
51.449999999999996,51.70054244714553,,,,PENDING_AT_END
51.8,52.15916370664695,,,,PENDING_AT_END
52.15,52.425980137444874,,,,PENDING_AT_END
52.5,52.680878424676635,,,,PENDING_AT_END
52.849999999999994,52.90334973479101,,,,PENDING_AT_END
53.199999999999996,53.25625263611388,,,,PENDING_AT_END
53.55,53.936944932300975,,,,PENDING_AT_END
53.9,54.262445440987285,,,,PENDING_AT_END
54.25,54.587506438060146,,,,PENDING_AT_END
54.599999999999994,54.6212915094095,,,,PENDING_AT_END
54.949999999999996,55.19929782818978,,,,PENDING_AT_END
55.3,55.56271551248807,,,,PENDING_AT_END
55.65,55.94311041450201,,,,PENDING_AT_END
56.0,56.207869830756394,,,,PENDING_AT_END
56.349999999999994,56.69441902598609,,,,PENDING_AT_END
56.699999999999996,56.91812639812556,,,,PENDING_AT_END
57.05,57.34083609343202,,,,PENDING_AT_END
57.4,57.51321288832157,,,,PENDING_AT_END
57.74999999999999,58.03535856177776,,,,PENDING_AT_END
58.099999999999994,58.356605020505285,,,,PENDING_AT_END
58.449999999999996,58.52148848425559,,,,PENDING_AT_END
58.8,58.881958085798416,,,,PENDING_AT_END
59.15,59.19530238026511,,,,PENDING_AT_END
59.49999999999999,59.766426252368866,,,,PENDING_AT_END
59.849999999999994,59.855047541931285,,,,PENDING_AT_END
60.199999999999996,60.349863156262394,,,,PENDING_AT_END
60.55,60.79012137910853,,,,PENDING_AT_END
60.9,61.184075517102166,,,,PENDING_AT_END
61.24999999999999,61.321179378823324,,,,PENDING_AT_END
61.599999999999994,61.87915760003351,,,,PENDING_AT_END
61.949999999999996,62.16855378518532,,,,PENDING_AT_END
62.3,62.35553294325841,,,,PENDING_AT_END
62.65,62.944410979015025,,,,PENDING_AT_END
62.99999999999999,63.140121281704005,,,,PENDING_AT_END
63.349999999999994,63.63455953732391,,,,PENDING_AT_END
63.699999999999996,63.853752166510155,,,,PENDING_AT_END
64.05,64.1943783824073,,,,PENDING_AT_END
64.39999999999999,64.66221624275728,,,,PENDING_AT_END
64.75,64.76717242563979,,,,PENDING_AT_END
65.1,65.16561031963903,,,,PENDING_AT_END
65.45,65.53809702429685,,,,PENDING_AT_END
65.8,65.8394912673135,,,,PENDING_AT_END
66.14999999999999,66.3369289802432,,,,PENDING_AT_END
66.5,66.63852896012529,,,,PENDING_AT_END
66.85,66.96605336119421,,,,PENDING_AT_END
67.19999999999999,67.41165286289026,,,,PENDING_AT_END
67.55,67.91214265449379,,,,PENDING_AT_END
67.89999999999999,67.98604205300647,,,,PENDING_AT_END
68.25,68.60621495063984,,,,PENDING_AT_END
68.6,68.79764297509084,,,,PENDING_AT_END
68.94999999999999,68.96062892705652,,,,PENDING_AT_END
69.3,69.5997199855967,,,,PENDING_AT_END
69.64999999999999,69.6833764892843,,,,PENDING_AT_END
70.0,70.17837364824277,,,,PENDING_AT_END
70.35,70.39432668123524,,,,PENDING_AT_END
70.69999999999999,71.02128189037145,,,,PENDING_AT_END
71.05,71.44488642490806,,,,PENDING_AT_END
71.39999999999999,71.58731250105699,,,,PENDING_AT_END
71.75,72.08173459691398,,,,PENDING_AT_END
72.1,72.31480704072544,,,,PENDING_AT_END
72.44999999999999,72.74474194984344,,,,PENDING_AT_END
72.8,73.18123398005308,,,,PENDING_AT_END
73.14999999999999,73.15282372885797,,,,PENDING_AT_END
73.5,73.62794345347837,,,,PENDING_AT_END
73.85,73.98323710319042,,,,PENDING_AT_END
74.19999999999999,74.40288040458253,,,,PENDING_AT_END
74.55,74.89986914770778,,,,PENDING_AT_END
74.89999999999999,75.20160496285344,,,,PENDING_AT_END
75.25,75.42292409671074,,,,PENDING_AT_END
75.6,75.69354475670968,,,,PENDING_AT_END
75.94999999999999,75.95629618218729,,,,PENDING_AT_END
76.3,76.36844658863781,,,,PENDING_AT_END
76.64999999999999,76.895916690151,,,,PENDING_AT_END
77.0,77.11954655076167,,,,PENDING_AT_END
77.35,77.54333097841075,,,,PENDING_AT_END
77.69999999999999,78.02276790419538,,,,PENDING_AT_END
78.05,78.42712826829556,,,,PENDING_AT_END
78.39999999999999,78.48348628771517,,,,PENDING_AT_END
78.75,79.09285201735244,,,,PENDING_AT_END
79.1,79.21316530390209,,,,PENDING_AT_END
79.44999999999999,79.71948361400342,,,,PENDING_AT_END
79.8,79.94440560278873,,,,PENDING_AT_END
80.14999999999999,80.228954535954,,,,PENDING_AT_END
80.5,80.74333374953838,,,,PENDING_AT_END
80.85,80.96240475708038,,,,PENDING_AT_END
81.19999999999999,81.22970395702316,,,,PENDING_AT_END
81.55,81.81589735550499,,,,PENDING_AT_END
81.89999999999999,81.91098746194648,,,,PENDING_AT_END
82.25,82.37894076942015,,,,PENDING_AT_END
82.6,82.7278915613968,,,,PENDING_AT_END
82.94999999999999,83.16104709881381,,,,PENDING_AT_END
83.3,83.50072023665878,,,,PENDING_AT_END
83.64999999999999,83.71552665694877,,,,PENDING_AT_END
84.0,84.1164853614952,,,,PENDING_AT_END
84.35,84.72163474407608,,,,PENDING_AT_END
84.69999999999999,84.87863239068471,,,,PENDING_AT_END
85.05,85.14307395154735,,,,PENDING_AT_END
85.39999999999999,85.59862933607162,,,,PENDING_AT_END
85.75,85.8502013428097,,,,PENDING_AT_END
86.1,86.28083369913688,,,,PENDING_AT_END
86.44999999999999,86.64685499384854,,,,PENDING_AT_END
86.8,87.093534621617,,,,PENDING_AT_END
87.14999999999999,87.37365301148607,,,,PENDING_AT_END
87.5,87.79043082364566,,,,PENDING_AT_END
87.85,88.24847547120956,,,,PENDING_AT_END
88.19999999999999,88.46016463771315,,,,PENDING_AT_END
88.55,88.70708134851635,,,,PENDING_AT_END
88.89999999999999,89.1639517435256,,,,PENDING_AT_END
89.25,89.58231114459139,,,,PENDING_AT_END
89.6,89.73589699844646,,,,PENDING_AT_END
89.94999999999999,90.1539747632512,,,,PENDING_AT_END
90.3,90.42877227761649,,,,PENDING_AT_END
90.64999999999999,90.93715446858344,,,,PENDING_AT_END
91.0,91.00311140145126,,,,PENDING_AT_END
91.35,91.54902024538148,,,,PENDING_AT_END
91.69999999999999,91.76536823046763,,,,PENDING_AT_END
92.05,92.11679917113354,,,,PENDING_AT_END
92.39999999999999,92.65649635373039,,,,PENDING_AT_END
92.75,93.14276034963933,,,,PENDING_AT_END
93.1,93.19694985428407,,,,PENDING_AT_END
93.44999999999999,93.7400337193535,,,,PENDING_AT_END
93.8,94.01939916070519,,,,PENDING_AT_END
94.14999999999999,94.37588313825667,,,,PENDING_AT_END
94.5,94.54712193860635,,,,PENDING_AT_END
94.85,95.1258419112776,,,,PENDING_AT_END
95.19999999999999,95.56310997973756,,,,PENDING_AT_END
95.55,95.60217443707849,,,,PENDING_AT_END
95.89999999999999,96.04440261157733,,,,PENDING_AT_END
96.25,96.28599636182608,,,,PENDING_AT_END
96.6,96.66306005437139,,,,PENDING_AT_END
96.94999999999999,97.28056681511782,,,,PENDING_AT_END
97.3,97.40224756904747,,,,PENDING_AT_END
97.64999999999999,97.82087106077488,,,,PENDING_AT_END
98.0,98.07817876890252,,,,PENDING_AT_END
98.35,98.50334067503857,,,,PENDING_AT_END
98.69999999999999,98.71241363606748,,,,PENDING_AT_END
99.05,99.40431797986612,,,,PENDING_AT_END
99.39999999999999,99.63861516725878,,,,PENDING_AT_END
99.75,99.89555069514952,,,,PENDING_AT_END
100.1,100.17150805980816,,,,PENDING_AT_END
100.44999999999999,100.46658296406633,,,,PENDING_AT_END
100.8,100.92591924090449,,,,PENDING_AT_END
101.14999999999999,101.17645730577233,,,,PENDING_AT_END
101.5,101.68762549352061,,,,PENDING_AT_END
101.85,102.13530285904383,,,,PENDING_AT_END
102.19999999999999,102.30926604526002,,,,PENDING_AT_END
102.55,102.93038543902223,,,,PENDING_AT_END
102.89999999999999,103.22078880392802,,,,PENDING_AT_END
103.25,103.53760609057161,,,,PENDING_AT_END
103.6,103.78435531273192,,,,PENDING_AT_END
103.94999999999999,104.21731734690925,,,,PENDING_AT_END
104.3,104.4086066083335,,,,PENDING_AT_END
104.64999999999999,104.79065748733031,,,,PENDING_AT_END
105.0,105.32479867296757,,,,PENDING_AT_END
105.35,105.52597329785448,,,,PENDING_AT_END
105.69999999999999,105.87425208065616,,,,PENDING_AT_END
106.05,106.25408604906842,,,,PENDING_AT_END
106.39999999999999,106.5622155903343,,,,PENDING_AT_END
106.75,106.82809704730138,,,,PENDING_AT_END
107.1,107.36294552114475,,,,PENDING_AT_END
107.44999999999999,107.5154110428519,,,,PENDING_AT_END
107.8,108.18213063414522,,,,PENDING_AT_END
108.14999999999999,108.46726689414565,,,,PENDING_AT_END
108.5,108.8317835571051,,,,PENDING_AT_END
108.85,109.02913239818298,,,,PENDING_AT_END
109.19999999999999,109.46409773112583,,,,PENDING_AT_END
109.55,109.56009593697759,,,,PENDING_AT_END
109.89999999999999,110.15388797908354,,,,PENDING_AT_END
110.25,110.46720989848595,,,,PENDING_AT_END
110.6,110.63209998589764,,,,PENDING_AT_END
110.94999999999999,111.04858104152203,,,,PENDING_AT_END
111.3,111.69306522803795,,,,PENDING_AT_END
111.64999999999999,111.858486238481,,,,PENDING_AT_END
112.0,112.2310196997596,,,,PENDING_AT_END
112.35,112.71556559540122,,,,PENDING_AT_END
112.69999999999999,112.73991937636373,,,,PENDING_AT_END
113.05,113.35122544750222,,,,PENDING_AT_END
113.39999999999999,113.73780638657324,,,,PENDING_AT_END
113.74999999999999,114.0783784356975,,,,PENDING_AT_END
114.1,114.23410728484004,,,,PENDING_AT_END
114.44999999999999,114.61274975091172,,,,PENDING_AT_END
114.8,115.11829132346868,,,,PENDING_AT_END
115.14999999999999,115.31084684272027,,,,PENDING_AT_END
115.49999999999999,115.67559124653367,,,,PENDING_AT_END
115.85,116.21084767899282,,,,PENDING_AT_END
116.19999999999999,116.43378857630643,,,,PENDING_AT_END
116.55,116.68533119895828,,,,PENDING_AT_END
116.89999999999999,117.0071897344723,,,,PENDING_AT_END
117.24999999999999,117.40964234989222,,,,PENDING_AT_END
117.6,117.61159497230182,,,,PENDING_AT_END
117.94999999999999,118.14357569825353,,,,PENDING_AT_END
118.3,118.52729771480942,,,,PENDING_AT_END
118.64999999999999,118.96605921713875,,,,PENDING_AT_END
118.99999999999999,119.17994018620895,,,,PENDING_AT_END
119.35,119.47256945172282,,,,PENDING_AT_END
119.69999999999999,119.7300405679106,,,,PENDING_AT_END
120.05,120.4097986682748,,,,PENDING_AT_END
120.39999999999999,120.74800067230352,,,,PENDING_AT_END
120.74999999999999,120.93668049203866,,,,PENDING_AT_END
121.1,121.41941359651125,,,,PENDING_AT_END
121.44999999999999,121.50157452787252,,,,PENDING_AT_END
121.8,121.86102816362823,,,,PENDING_AT_END
122.14999999999999,122.2322542892549,,,,PENDING_AT_END
122.49999999999999,122.50167857185475,,,,PENDING_AT_END
122.85,123.13158743675106,,,,PENDING_AT_END
123.19999999999999,123.3400027154602,,,,PENDING_AT_END
123.55,123.64200119169156,,,,PENDING_AT_END
123.89999999999999,124.08084646613837,,,,PENDING_AT_END
124.24999999999999,124.59959024835275,,,,PENDING_AT_END
124.6,124.77617114621535,,,,PENDING_AT_END
124.94999999999999,125.21284741799826,,,,PENDING_AT_END
125.3,125.42903812486541,,,,PENDING_AT_END
125.64999999999999,125.7258386156813,,,,PENDING_AT_END
125.99999999999999,126.05950737315213,,,,PENDING_AT_END
126.35,126.59690746342363,,,,PENDING_AT_END
126.69999999999999,126.84132532070907,,,,PENDING_AT_END
127.05,127.28522241903643,,,,PENDING_AT_END
127.39999999999999,127.67588819021758,,,,PENDING_AT_END
127.74999999999999,127.96284613987139,,,,PENDING_AT_END
128.1,128.30965376068363,,,,PENDING_AT_END
128.45,128.67225151501384,,,,PENDING_AT_END
128.79999999999998,129.11353609632167,,,,PENDING_AT_END
129.15,129.29430436405167,,,,PENDING_AT_END
129.5,129.70081252008333,,,,PENDING_AT_END
129.85,129.91986065798542,,,,PENDING_AT_END
130.2,130.3834318487564,,,,PENDING_AT_END
130.54999999999998,130.61855889743387,,,,PENDING_AT_END
130.9,131.14307357632046,,,,PENDING_AT_END
131.25,131.62984395381858,,,,PENDING_AT_END
131.6,131.68598412760682,,,,PENDING_AT_END
131.95,132.2399013589008,,,,PENDING_AT_END
132.29999999999998,132.58023493132768,,,,PENDING_AT_END
132.65,133.00669966842074,,,,PENDING_AT_END
133.0,133.25080635552376,,,,PENDING_AT_END
133.35,133.41536362975845,,,,PENDING_AT_END
133.7,134.06045664922874,,,,PENDING_AT_END
134.04999999999998,134.06200514404262,,,,PENDING_AT_END
134.39999999999998,134.72623096290948,,,,PENDING_AT_END
134.75,134.84707139603893,,,,PENDING_AT_END
135.1,135.30121166825555,,,,PENDING_AT_END
135.45,135.71639128155613,,,,PENDING_AT_END
135.79999999999998,135.87817927811702,,,,PENDING_AT_END
136.14999999999998,136.39257067978355,,,,PENDING_AT_END
136.5,136.71140342446665,,,,PENDING_AT_END
136.85,137.15631630535162,,,,PENDING_AT_END
137.2,137.3144727245978,,,,PENDING_AT_END
137.54999999999998,137.6643990673618,,,,PENDING_AT_END
137.89999999999998,137.95412606798806,,,,PENDING_AT_END
138.25,138.43196501507896,,,,PENDING_AT_END
138.6,138.83421446251046,,,,PENDING_AT_END
138.95,139.04300746714796,,,,PENDING_AT_END
139.29999999999998,139.58913458215832,,,,PENDING_AT_END
139.64999999999998,139.80715945004243,,,,PENDING_AT_END
140.0,140.27081398769258,,,,PENDING_AT_END
140.35,140.4023483029309,,,,PENDING_AT_END
140.7,140.79589848101978,,,,PENDING_AT_END
141.04999999999998,141.0809763179811,,,,PENDING_AT_END
141.39999999999998,141.69321708545937,,,,PENDING_AT_END
141.75,141.9165231784031,,,,PENDING_AT_END
142.1,142.28158952416558,,,,PENDING_AT_END
142.45,142.51640865143844,,,,PENDING_AT_END
142.79999999999998,143.18848600433918,,,,PENDING_AT_END
143.14999999999998,143.3393284626273,,,,PENDING_AT_END
143.5,143.63339612476022,,,,PENDING_AT_END
143.85,144.24224983115946,,,,PENDING_AT_END
144.2,144.29029907533658,,,,PENDING_AT_END
144.54999999999998,144.6438697244432,,,,PENDING_AT_END
144.89999999999998,145.02469513683008,,,,PENDING_AT_END
145.25,145.25118918996776,,,,PENDING_AT_END
145.6,145.75617162475217,,,,PENDING_AT_END
145.95,146.0132150323883,,,,PENDING_AT_END
146.29999999999998,146.6408398661147,,,,PENDING_AT_END
146.64999999999998,146.81440456337964,,,,PENDING_AT_END
147.0,147.07777267171696,,,,PENDING_AT_END
147.35,147.458067881404,,,,PENDING_AT_END
147.7,147.72364025746788,,,,PENDING_AT_END
148.04999999999998,148.1547212889527,,,,PENDING_AT_END
148.39999999999998,148.75101094285606,,,,PENDING_AT_END
148.75,148.78674647919655,,,,PENDING_AT_END
149.1,149.25934303310427,,,,PENDING_AT_END
149.45,149.52849806921307,,,,PENDING_AT_END
149.79999999999998,150.15289553013153,,,,PENDING_AT_END
150.14999999999998,150.543979675601,,,,PENDING_AT_END
150.5,150.57082106760828,,,,PENDING_AT_END
150.85,151.19946665589688,,,,PENDING_AT_END
151.2,151.28471219063147,,,,PENDING_AT_END
151.54999999999998,151.61853091061025,,,,PENDING_AT_END
151.89999999999998,152.2474969223981,,,,PENDING_AT_END
152.25,152.47264190441246,,,,PENDING_AT_END
152.6,152.67277895476488,,,,PENDING_AT_END
152.95,153.03685971556592,,,,PENDING_AT_END
153.29999999999998,153.4457748426776,,,,PENDING_AT_END
153.64999999999998,153.66286180997878,,,,PENDING_AT_END
154.0,154.1103752024959,,,,PENDING_AT_END
154.35,154.49552251506768,,,,PENDING_AT_END
154.7,155.0196850470203,,,,PENDING_AT_END
155.04999999999998,155.09687733274754,,,,PENDING_AT_END
155.39999999999998,155.76310405100588,,,,PENDING_AT_END
155.75,156.0109621046284,,,,PENDING_AT_END
156.1,156.22259309352452,,,,PENDING_AT_END
156.45,156.55835805198927,,,,PENDING_AT_END
156.79999999999998,156.9161961970747,,,,PENDING_AT_END
157.14999999999998,157.208919269097,,,,PENDING_AT_END
157.5,157.53099846573247,,,,PENDING_AT_END
157.85,158.03687543970207,,,,PENDING_AT_END
158.2,158.3060551103634,,,,PENDING_AT_END
158.54999999999998,158.78034543772034,,,,PENDING_AT_END
158.89999999999998,159.017211124276,,,,PENDING_AT_END
159.25,159.47705163160697,,,,PENDING_AT_END
159.6,159.7912205029772,,,,PENDING_AT_END
159.95,160.06552756180378,,,,PENDING_AT_END
160.29999999999998,160.60612369720027,,,,PENDING_AT_END
160.64999999999998,160.68242131361893,,,,PENDING_AT_END
161.0,161.22168541112984,,,,PENDING_AT_END
161.35,161.6374371448138,,,,PENDING_AT_END
161.7,161.7718527312764,,,,PENDING_AT_END
162.04999999999998,162.30018397798617,,,,PENDING_AT_END
162.39999999999998,162.52010193579957,,,,PENDING_AT_END
162.75,162.84505481572648,,,,PENDING_AT_END
163.1,163.1438642618037,,,,PENDING_AT_END
163.45,163.5968349935847,,,,PENDING_AT_END
163.79999999999998,163.86456800587186,,,,PENDING_AT_END
164.14999999999998,164.19449738896787,,,,PENDING_AT_END
164.5,164.89148099693614,,,,PENDING_AT_END
164.85,165.01314816854332,,,,PENDING_AT_END
165.2,165.5009724393222,,,,PENDING_AT_END
165.54999999999998,165.80667254212634,,,,PENDING_AT_END
165.89999999999998,165.96945499748608,,,,PENDING_AT_END
166.25,166.35067013400982,,,,PENDING_AT_END
166.6,166.75495807018362,,,,PENDING_AT_END
166.95,167.02121336634946,,,,PENDING_AT_END
167.29999999999998,167.53849275075922,,,,PENDING_AT_END
167.64999999999998,167.8504432856759,,,,PENDING_AT_END
168.0,168.17686377815465,,,,PENDING_AT_END
168.35,168.45127442312517,,,,PENDING_AT_END
168.7,168.99137598039,,,,PENDING_AT_END
169.04999999999998,169.17928345863342,,,,PENDING_AT_END
169.39999999999998,169.66072566481654,,,,PENDING_AT_END
169.75,169.99870837813114,,,,PENDING_AT_END
170.1,170.31132486725497,,,,PENDING_AT_END
170.45,170.64833696894243,,,,PENDING_AT_END
170.79999999999998,171.10586943818672,,,,PENDING_AT_END
171.14999999999998,171.3779677951693,,,,PENDING_AT_END
171.5,171.5473020653729,,,,PENDING_AT_END
171.85,171.94594618932624,,,,PENDING_AT_END
172.2,172.2008400412236,,,,PENDING_AT_END
172.54999999999998,172.73588708733345,,,,PENDING_AT_END
172.89999999999998,173.2238084170795,,,,PENDING_AT_END
173.25,173.35443622877773,,,,PENDING_AT_END
173.6,173.99262888712846,,,,PENDING_AT_END
173.95,174.2103657069066,,,,PENDING_AT_END
174.29999999999998,174.61877499678442,,,,PENDING_AT_END
174.64999999999998,174.73809649603555,,,,PENDING_AT_END
175.0,175.1111836477521,,,,PENDING_AT_END
175.35,175.70337732305777,,,,PENDING_AT_END
175.7,175.77096886610207,,,,PENDING_AT_END
176.04999999999998,176.32494565516018,,,,PENDING_AT_END
176.39999999999998,176.49384332313747,,,,PENDING_AT_END
176.75,176.88584173905213,,,,PENDING_AT_END
177.1,177.28621503058898,,,,PENDING_AT_END
177.45,177.8054602967432,,,,PENDING_AT_END
177.79999999999998,177.86860651749393,,,,PENDING_AT_END
178.14999999999998,178.27971274179265,,,,PENDING_AT_END
178.5,178.5786279469658,,,,PENDING_AT_END
178.85,178.8804878712467,,,,PENDING_AT_END
179.2,179.48968723864306,,,,PENDING_AT_END
179.54999999999998,179.5867160294661,,,,PENDING_AT_END
179.89999999999998,180.00039762379078,,,,PENDING_AT_END
180.25,180.64187690407,,,,PENDING_AT_END
180.6,180.96163561627313,,,,PENDING_AT_END
180.95,181.04544478280184,,,,PENDING_AT_END
181.29999999999998,181.49136034111697,,,,PENDING_AT_END
181.64999999999998,181.90598092580007,,,,PENDING_AT_END
182.0,182.330356889899,,,,PENDING_AT_END
182.35,182.50357108098197,,,,PENDING_AT_END
182.7,182.76719644757668,,,,PENDING_AT_END
183.04999999999998,183.13223524017562,,,,PENDING_AT_END
183.39999999999998,183.41897833343677,,,,PENDING_AT_END
183.75,184.07718802581934,,,,PENDING_AT_END
184.1,184.1284045842913,,,,PENDING_AT_END
184.45,184.55746045002905,,,,PENDING_AT_END
184.79999999999998,184.96630508009562,,,,PENDING_AT_END
185.14999999999998,185.32030948823905,,,,PENDING_AT_END
185.5,185.79455252809362,,,,PENDING_AT_END
185.85,186.08613520380632,,,,PENDING_AT_END
186.2,186.2456927529734,,,,PENDING_AT_END
186.54999999999998,186.56059398167613,,,,PENDING_AT_END
186.89999999999998,187.22360103984153,,,,PENDING_AT_END
187.25,187.48797317632034,,,,PENDING_AT_END
187.6,187.76528813911185,,,,PENDING_AT_END
187.95,188.24998061193787,,,,PENDING_AT_END
188.29999999999998,188.66525387558195,,,,PENDING_AT_END
188.64999999999998,188.89285436899195,,,,PENDING_AT_END
189.0,189.3523808026673,,,,PENDING_AT_END
189.35,189.40881405710869,,,,PENDING_AT_END
189.7,190.04332030056656,,,,PENDING_AT_END
190.04999999999998,190.07554460024497,,,,PENDING_AT_END
190.39999999999998,190.76514465657198,,,,PENDING_AT_END
190.75,190.98908851431537,,,,PENDING_AT_END
191.1,191.38002141305455,,,,PENDING_AT_END
191.45,191.4647896331124,,,,PENDING_AT_END
191.79999999999998,191.93526614609047,,,,PENDING_AT_END
192.14999999999998,192.31989625417447,,,,PENDING_AT_END
192.5,192.83980171612723,,,,PENDING_AT_END
192.85,192.9565040482216,,,,PENDING_AT_END
193.2,193.2334098379314,,,,PENDING_AT_END
193.54999999999998,193.7825233251124,,,,PENDING_AT_END
193.89999999999998,193.9409500989541,,,,PENDING_AT_END
194.25,194.61015676309074,,,,PENDING_AT_END
194.6,194.7273684412307,,,,PENDING_AT_END
194.95,195.00551725842695,,,,PENDING_AT_END
195.29999999999998,195.69637502786819,,,,PENDING_AT_END
195.64999999999998,195.68255865995678,,,,PENDING_AT_END
196.0,196.01763997078433,,,,PENDING_AT_END
196.35,196.71390965358708,,,,PENDING_AT_END
196.7,197.00461594776124,,,,PENDING_AT_END
197.04999999999998,197.12489856454837,,,,PENDING_AT_END
197.39999999999998,197.79313790941416,,,,PENDING_AT_END
197.75,197.81602299379682,,,,PENDING_AT_END
198.1,198.4713423484902,,,,PENDING_AT_END
198.45,198.69839360875227,,,,PENDING_AT_END
198.79999999999998,198.96624957856298,,,,PENDING_AT_END
199.14999999999998,199.54801214028072,,,,PENDING_AT_END
199.5,199.84402064535448,,,,PENDING_AT_END
199.85,200.2347696281279,,,,PENDING_AT_END
200.2,200.45554868022697,,,,PENDING_AT_END
200.54999999999998,200.5951280353233,,,,PENDING_AT_END
200.89999999999998,200.9690608264806,,,,PENDING_AT_END
201.25,201.47167367455694,,,,PENDING_AT_END
201.6,201.95542564117895,,,,PENDING_AT_END
201.95,202.0557093970404,,,,PENDING_AT_END
202.29999999999998,202.58080648963775,,,,PENDING_AT_END
202.64999999999998,202.86919837980076,,,,PENDING_AT_END
203.0,203.05640396884655,,,,PENDING_AT_END
203.35,203.36467452004692,,,,PENDING_AT_END
203.7,203.8848373431518,,,,PENDING_AT_END
204.04999999999998,204.2080118023242,,,,PENDING_AT_END
204.39999999999998,204.55229068284592,,,,PENDING_AT_END
204.75,204.99180435184962,,,,PENDING_AT_END
205.1,205.35466009900702,,,,PENDING_AT_END
205.45,205.83595919445946,,,,PENDING_AT_END
205.79999999999998,206.00210198424784,,,,PENDING_AT_END
206.14999999999998,206.25450741399504,,,,PENDING_AT_END
206.5,206.5129681138141,,,,PENDING_AT_END
206.85,206.87466168894568,,,,PENDING_AT_END
207.2,207.22697953070974,,,,PENDING_AT_END
207.54999999999998,207.5839109250255,,,,PENDING_AT_END
207.89999999999998,208.2352590449741,,,,PENDING_AT_END
208.25,208.30456597881732,,,,PENDING_AT_END
208.6,208.75690263513874,,,,PENDING_AT_END
208.95,209.2066554322114,,,,PENDING_AT_END
209.29999999999998,209.38913519037422,,,,PENDING_AT_END
209.64999999999998,209.84533504298201,,,,PENDING_AT_END
210.0,210.0986763736771,,,,PENDING_AT_END
210.35,210.68757629553457,,,,PENDING_AT_END
210.7,211.0669425231908,,,,PENDING_AT_END
211.04999999999998,211.07709188377382,,,,PENDING_AT_END
211.39999999999998,211.79190223918545,,,,PENDING_AT_END
211.75,211.98152609577244,,,,PENDING_AT_END
212.1,212.1678628787959,,,,PENDING_AT_END
212.45,212.73185228087488,,,,PENDING_AT_END
212.79999999999998,213.13722275591508,,,,PENDING_AT_END
213.14999999999998,213.44594704389266,,,,PENDING_AT_END
213.5,213.7834750767563,,,,PENDING_AT_END
213.85,214.08984895429987,,,,PENDING_AT_END
214.2,214.38278292112136,,,,PENDING_AT_END
214.54999999999998,214.67946741777567,,,,PENDING_AT_END
214.89999999999998,215.08821519523121,,,,PENDING_AT_END
215.25,215.42472672824067,,,,PENDING_AT_END
215.6,215.95815644190762,,,,PENDING_AT_END
215.95,216.30906781700185,,,,PENDING_AT_END
216.29999999999998,216.58093105484508,,,,PENDING_AT_END
216.64999999999998,216.89352172763296,,,,PENDING_AT_END
217.0,217.06817460236857,,,,PENDING_AT_END
217.35,217.44184882649395,,,,PENDING_AT_END
217.7,217.83600568865057,,,,PENDING_AT_END
218.04999999999998,218.24956499778582,,,,PENDING_AT_END
218.39999999999998,218.6299125983394,,,,PENDING_AT_END
218.75,219.0140309656286,,,,PENDING_AT_END
219.1,219.340327372078,,,,PENDING_AT_END
219.45,219.66385686352436,,,,PENDING_AT_END
219.79999999999998,220.13272654476455,,,,PENDING_AT_END
220.14999999999998,220.30598107410543,,,,PENDING_AT_END
220.5,220.67381939296683,,,,PENDING_AT_END
220.85,221.03761857542955,,,,PENDING_AT_END
221.2,221.4879563231043,,,,PENDING_AT_END
221.54999999999998,221.58988200140104,,,,PENDING_AT_END
221.89999999999998,222.04758872564622,,,,PENDING_AT_END
222.25,222.33736726524006,,,,PENDING_AT_END
222.6,222.70903771737144,,,,PENDING_AT_END
222.95,223.21906110505904,,,,PENDING_AT_END
223.29999999999998,223.34135075007813,,,,PENDING_AT_END
223.64999999999998,223.65177676013673,,,,PENDING_AT_END
224.0,224.1122965658227,,,,PENDING_AT_END
224.35,224.6887901551422,,,,PENDING_AT_END
224.7,224.92792021052742,,,,PENDING_AT_END
225.04999999999998,225.4400962985646,,,,PENDING_AT_END
225.39999999999998,225.53640005580507,,,,PENDING_AT_END
225.74999999999997,226.07339536080852,,,,PENDING_AT_END
226.1,226.39682984359686,,,,PENDING_AT_END
226.45,226.79982906321692,,,,PENDING_AT_END
226.79999999999998,227.0122955958711,,,,PENDING_AT_END
227.14999999999998,227.4569994704471,,,,PENDING_AT_END
227.49999999999997,227.75306935134475,,,,PENDING_AT_END
227.85,228.09758888969637,,,,PENDING_AT_END
228.2,228.58553209120947,,,,PENDING_AT_END
228.54999999999998,228.72021396075692,,,,PENDING_AT_END
228.89999999999998,228.90603133992727,,,,PENDING_AT_END
229.24999999999997,229.49696064418296,,,,PENDING_AT_END
229.6,229.68459161626467,,,,PENDING_AT_END
229.95,230.07290166520033,,,,PENDING_AT_END
230.29999999999998,230.48720118673802,,,,PENDING_AT_END
230.64999999999998,231.0168996822619,,,,PENDING_AT_END
230.99999999999997,231.0068364468418,,,,PENDING_AT_END
231.35,231.54446784653263,,,,PENDING_AT_END
231.7,232.0381042035874,,,,PENDING_AT_END
232.04999999999998,232.36887939921442,,,,PENDING_AT_END
232.39999999999998,232.43482902663033,,,,PENDING_AT_END
232.74999999999997,232.7854410573852,,,,PENDING_AT_END
233.1,233.21638549604873,,,,PENDING_AT_END
233.45,233.60576795686836,,,,PENDING_AT_END
233.79999999999998,234.06531425159207,,,,PENDING_AT_END
234.14999999999998,234.30187583658335,,,,PENDING_AT_END
234.49999999999997,234.83538413541137,,,,PENDING_AT_END
234.85,234.9642848995771,,,,PENDING_AT_END
235.2,235.2415132389259,,,,PENDING_AT_END
235.54999999999998,235.55933575295344,,,,PENDING_AT_END
235.89999999999998,236.21402195134954,,,,PENDING_AT_END
236.24999999999997,236.59184215151495,,,,PENDING_AT_END
236.6,236.73809296960363,,,,PENDING_AT_END
236.95,237.0673578115132,,,,PENDING_AT_END
237.29999999999998,237.5006837139995,,,,PENDING_AT_END
237.64999999999998,238.0430670225208,,,,PENDING_AT_END
237.99999999999997,238.24261748383398,,,,PENDING_AT_END
238.35,238.44365316725268,,,,PENDING_AT_END
238.7,238.8621118705675,,,,PENDING_AT_END
239.04999999999998,239.14616108934987,,,,PENDING_AT_END
239.39999999999998,239.46299102843136,,,,PENDING_AT_END
239.74999999999997,239.86056792629032,,,,PENDING_AT_END
240.1,240.19766882202217,,,,PENDING_AT_END
240.45,240.7591529889499,,,,PENDING_AT_END
240.79999999999998,241.105513971239,,,,PENDING_AT_END
241.14999999999998,241.52808544811813,,,,PENDING_AT_END
241.49999999999997,241.6323407561721,,,,PENDING_AT_END
241.85,242.1791827423789,,,,PENDING_AT_END
242.2,242.48909435836822,,,,PENDING_AT_END
242.54999999999998,242.71694252765516,,,,PENDING_AT_END
242.89999999999998,243.17272154964962,,,,PENDING_AT_END
243.24999999999997,243.3950086050434,,,,PENDING_AT_END
243.6,243.90962727762084,,,,PENDING_AT_END
243.95,244.1334989604236,,,,PENDING_AT_END
244.29999999999998,244.38940360690904,,,,PENDING_AT_END
244.64999999999998,245.00019338387165,,,,PENDING_AT_END
244.99999999999997,245.10080290007627,,,,PENDING_AT_END
245.35,245.6749671332523,,,,PENDING_AT_END
245.7,246.01956110217196,,,,PENDING_AT_END
246.04999999999998,246.19104791500396,,,,PENDING_AT_END
246.39999999999998,246.76819392964217,,,,PENDING_AT_END
246.74999999999997,246.81188388565258,,,,PENDING_AT_END
247.1,247.1304194127633,,,,PENDING_AT_END
247.45,247.51821299476376,,,,PENDING_AT_END
247.79999999999998,247.9323831109351,,,,PENDING_AT_END
248.14999999999998,248.47710747046608,,,,PENDING_AT_END
248.49999999999997,248.72032373794744,,,,PENDING_AT_END
248.85,248.96617592102083,,,,PENDING_AT_END
249.2,249.3831860744748,,,,PENDING_AT_END
249.54999999999998,249.78703046097067,,,,PENDING_AT_END
249.89999999999998,250.15608902588895,,,,PENDING_AT_END
250.24999999999997,250.2829164018025,,,,PENDING_AT_END
250.6,250.7967095488472,,,,PENDING_AT_END
250.95,251.07984832159536,,,,PENDING_AT_END
251.29999999999998,251.36795897439745,,,,PENDING_AT_END
251.64999999999998,251.71311938122483,,,,PENDING_AT_END
251.99999999999997,252.19211787756976,,,,PENDING_AT_END
252.35,252.6506054837541,,,,PENDING_AT_END
252.7,253.06311155013788,,,,PENDING_AT_END
253.04999999999998,253.29846622727436,,,,PENDING_AT_END
253.39999999999998,253.62504315282598,,,,PENDING_AT_END
253.74999999999997,254.05431413009015,,,,PENDING_AT_END
254.1,254.4968261046055,,,,PENDING_AT_END
254.45,254.58110212945155,,,,PENDING_AT_END
254.79999999999998,254.86484340789625,,,,PENDING_AT_END
255.14999999999998,255.46461526341488,,,,PENDING_AT_END
255.49999999999997,255.65896339862448,,,,PENDING_AT_END
255.85,255.9519181033332,,,,PENDING_AT_END
256.2,256.5493699210429,,,,PENDING_AT_END
256.55,256.9300835160481,,,,PENDING_AT_END
256.9,257.12549583797625,,,,PENDING_AT_END
257.25,257.2710941408343,,,,PENDING_AT_END
257.59999999999997,257.62408821827154,,,,PENDING_AT_END
257.95,258.0396282126449,,,,PENDING_AT_END
258.3,258.50680279534885,,,,PENDING_AT_END
258.65,258.75768198084245,,,,PENDING_AT_END
259.0,259.1750626593856,,,,PENDING_AT_END
259.34999999999997,259.3735399858959,,,,PENDING_AT_END
259.7,259.8048912786233,,,,PENDING_AT_END
260.05,260.08587049645934,,,,PENDING_AT_END
260.4,260.62814000759863,,,,PENDING_AT_END
260.75,260.78285925966907,,,,PENDING_AT_END
261.09999999999997,261.15156112993617,,,,PENDING_AT_END
261.45,261.5074008655991,,,,PENDING_AT_END
261.8,262.0256927512282,,,,PENDING_AT_END
262.15,262.27795153102215,,,,PENDING_AT_END
262.5,262.8555769780879,,,,PENDING_AT_END
262.84999999999997,262.93855046879395,,,,PENDING_AT_END
263.2,263.47789163155363,,,,PENDING_AT_END
263.55,263.68628349026795,,,,PENDING_AT_END
263.9,264.18286636469713,,,,PENDING_AT_END
264.25,264.3306865354649,,,,PENDING_AT_END
264.59999999999997,264.97663539829335,,,,PENDING_AT_END
264.95,265.29829877758647,,,,PENDING_AT_END
265.3,265.4500464251799,,,,PENDING_AT_END
265.65,265.74906310538563,,,,PENDING_AT_END
266.0,266.06440997903053,,,,PENDING_AT_END
266.34999999999997,266.4637280893839,,,,PENDING_AT_END
266.7,266.7281292418011,,,,PENDING_AT_END
267.05,267.10233639694155,,,,PENDING_AT_END
267.4,267.5737544648284,,,,PENDING_AT_END
267.75,267.8170315892153,,,,PENDING_AT_END
268.09999999999997,268.2084478260861,,,,PENDING_AT_END
268.45,268.65444881425543,,,,PENDING_AT_END
268.79999999999995,268.8562949270678,,,,PENDING_AT_END
269.15,269.30914896068157,,,,PENDING_AT_END
269.5,269.5984271383419,,,,PENDING_AT_END
269.84999999999997,269.9553845253144,,,,PENDING_AT_END
270.2,270.3630467208512,,,,PENDING_AT_END
270.54999999999995,270.5775791303133,,,,PENDING_AT_END
270.9,271.13952732830694,,,,PENDING_AT_END
271.25,271.46023081390865,,,,PENDING_AT_END
271.59999999999997,271.6755421771074,,,,PENDING_AT_END
271.95,272.00756921029466,,,,PENDING_AT_END
272.29999999999995,272.3718232472262,,,,PENDING_AT_END
272.65,272.80295899183136,,,,PENDING_AT_END
273.0,273.1397313386101,,,,PENDING_AT_END
273.34999999999997,273.5912929233703,,,,PENDING_AT_END
273.7,274.03214767929495,,,,PENDING_AT_END
274.04999999999995,274.31360467439447,,,,PENDING_AT_END
274.4,274.6766174301731,,,,PENDING_AT_END
274.75,274.7664267399515,,,,PENDING_AT_END
275.09999999999997,275.1409638515469,,,,PENDING_AT_END
275.45,275.8317793864398,,,,PENDING_AT_END
275.79999999999995,275.82638268614096,,,,PENDING_AT_END
276.15,276.18401155413517,,,,PENDING_AT_END
276.5,276.85372425855815,,,,PENDING_AT_END
276.84999999999997,277.0038367839106,,,,PENDING_AT_END
277.2,277.59695319904444,,,,PENDING_AT_END
277.54999999999995,277.6309329658311,,,,PENDING_AT_END
277.9,278.23130881410236,,,,PENDING_AT_END
278.25,278.5713502039831,,,,PENDING_AT_END
278.59999999999997,278.6925628544722,,,,PENDING_AT_END
278.95,279.1518413567996,,,,PENDING_AT_END
279.29999999999995,279.4494818666335,,,,PENDING_AT_END
279.65,279.76254855718264,,,,PENDING_AT_END
280.0,280.2116563875976,,,,PENDING_AT_END
280.34999999999997,280.47054473534166,,,,PENDING_AT_END
280.7,280.86785568193403,,,,PENDING_AT_END
281.04999999999995,281.3717361207754,,,,PENDING_AT_END
281.4,281.5719541074461,,,,PENDING_AT_END
281.75,282.0159881150148,,,,PENDING_AT_END
282.09999999999997,282.3707934201237,,,,PENDING_AT_END
282.45,282.70218446733026,,,,PENDING_AT_END
282.79999999999995,283.1672121351934,,,,PENDING_AT_END
283.15,283.1848647273258,,,,PENDING_AT_END
283.5,283.6884903130251,,,,PENDING_AT_END
283.84999999999997,284.0713300661453,,,,PENDING_AT_END
284.2,284.2193117282723,,,,PENDING_AT_END
284.54999999999995,284.61333830858507,,,,PENDING_AT_END
284.9,285.2634019615257,,,,PENDING_AT_END
285.25,285.2625660406958,,,,PENDING_AT_END
285.59999999999997,285.69611815193235,,,,PENDING_AT_END
285.95,286.1162016734049,,,,PENDING_AT_END
286.29999999999995,286.58994677059775,,,,PENDING_AT_END
286.65,286.93928092995816,,,,PENDING_AT_END
287.0,287.1652782127221,,,,PENDING_AT_END
287.34999999999997,287.72581702905205,,,,PENDING_AT_END
287.7,288.0132489695065,,,,PENDING_AT_END
288.04999999999995,288.2319677598481,,,,PENDING_AT_END
288.4,288.7413246644021,,,,PENDING_AT_END
288.75,288.88682722975386,,,,PENDING_AT_END
289.09999999999997,289.4816530628685,,,,PENDING_AT_END
289.45,289.60099006089905,,,,PENDING_AT_END
289.79999999999995,289.94283219977785,,,,PENDING_AT_END
290.15,290.2695180783594,,,,PENDING_AT_END
290.5,290.7469920005966,,,,PENDING_AT_END
290.84999999999997,290.87326902809144,,,,PENDING_AT_END
291.2,291.30007764071075,,,,PENDING_AT_END
291.54999999999995,291.9350953892,,,,PENDING_AT_END
291.9,291.9443307000797,,,,PENDING_AT_END
292.25,292.3823294544396,,,,PENDING_AT_END
292.59999999999997,292.944346915769,,,,PENDING_AT_END
292.95,293.0500473117889,,,,PENDING_AT_END
293.29999999999995,293.44329127601236,,,,PENDING_AT_END
293.65,293.9456314883289,,,,PENDING_AT_END
294.0,294.0444157096979,,,,PENDING_AT_END
294.34999999999997,294.71069705203325,,,,PENDING_AT_END
294.7,294.75588402563875,,,,PENDING_AT_END
295.04999999999995,295.29970476092194,,,,PENDING_AT_END
295.4,295.6296793231819,,,,PENDING_AT_END
295.75,295.8985855257673,,,,PENDING_AT_END
296.09999999999997,296.1940157229381,,,,PENDING_AT_END
296.45,296.4697265104573,,,,PENDING_AT_END
296.79999999999995,297.04730753818626,,,,PENDING_AT_END
297.15,297.450443044708,,,,PENDING_AT_END
297.5,297.57685627547244,,,,PENDING_AT_END
297.84999999999997,297.9497955953735,,,,PENDING_AT_END
298.2,298.4611204562968,,,,PENDING_AT_END
298.54999999999995,298.9015112670727,,,,PENDING_AT_END
298.9,298.9823099981702,,,,PENDING_AT_END
299.25,299.52148599250677,,,,PENDING_AT_END
299.59999999999997,299.99335895499536,,,,PENDING_AT_END
299.95,300.0745304196292,,,,PENDING_AT_END
300.29999999999995,300.5619300857783,,,,PENDING_AT_END
300.65,300.7759603927623,,,,PENDING_AT_END
301.0,301.29868477220975,,,,PENDING_AT_END
301.34999999999997,301.3613967462316,,,,PENDING_AT_END
301.7,301.70913520796074,,,,PENDING_AT_END
302.04999999999995,302.2006064273428,,,,PENDING_AT_END
302.4,302.4069455845122,,,,PENDING_AT_END
302.75,302.8054458254584,,,,PENDING_AT_END
303.09999999999997,303.41825677878427,,,,PENDING_AT_END
303.45,303.45568229670977,,,,PENDING_AT_END
303.79999999999995,303.9760065534157,,,,PENDING_AT_END
304.15,304.4369205418411,,,,PENDING_AT_END
304.5,304.627930482126,,,,PENDING_AT_END
304.84999999999997,305.2496299032071,,,,PENDING_AT_END
305.2,305.4985400105265,,,,PENDING_AT_END
305.54999999999995,305.66878148408443,,,,PENDING_AT_END
305.9,306.2259865924925,,,,PENDING_AT_END
306.25,306.4410047901779,,,,PENDING_AT_END
306.59999999999997,306.6628746244531,,,,PENDING_AT_END
306.95,307.3230181721934,,,,PENDING_AT_END
307.29999999999995,307.66178769462874,,,,PENDING_AT_END
307.65,307.8180262147164,,,,PENDING_AT_END
308.0,308.11425967682146,,,,PENDING_AT_END
308.34999999999997,308.74362822545964,,,,PENDING_AT_END
308.7,308.99390422102437,,,,PENDING_AT_END
309.04999999999995,309.15199020403884,,,,PENDING_AT_END
309.4,309.45432390705696,,,,PENDING_AT_END
309.75,310.02890530490504,,,,PENDING_AT_END
310.09999999999997,310.43411158588964,,,,PENDING_AT_END
310.45,310.6815595580745,,,,PENDING_AT_END
310.79999999999995,310.899699273868,,,,PENDING_AT_END
311.15,311.2197059559319,,,,PENDING_AT_END
311.5,311.6127494366576,,,,PENDING_AT_END
311.84999999999997,312.02471290697684,,,,PENDING_AT_END
312.2,312.3308765942605,,,,PENDING_AT_END
312.54999999999995,312.7411943343825,,,,PENDING_AT_END
312.9,312.9675499360111,,,,PENDING_AT_END
313.25,313.3170915146669,,,,PENDING_AT_END
313.59999999999997,313.6134308909108,,,,PENDING_AT_END
313.95,314.0415559224502,,,,PENDING_AT_END
314.29999999999995,314.6190427803248,,,,PENDING_AT_END
314.65,315.03311371314885,,,,PENDING_AT_END
315.0,315.20289890950914,,,,PENDING_AT_END
315.34999999999997,315.4324980570494,,,,PENDING_AT_END
315.7,315.8848387949717,,,,PENDING_AT_END
316.04999999999995,316.09466264295816,,,,PENDING_AT_END
316.4,316.5496957825011,,,,PENDING_AT_END
316.75,316.82229467194384,,,,PENDING_AT_END
317.09999999999997,317.2057870284638,,,,PENDING_AT_END
317.45,317.8445455723003,,,,PENDING_AT_END
317.79999999999995,318.02373573065574,,,,PENDING_AT_END
318.15,318.5076046677966,,,,PENDING_AT_END
318.5,318.7366963168082,,,,PENDING_AT_END
318.84999999999997,319.2061353916742,,,,PENDING_AT_END
319.2,319.4873299735471,,,,PENDING_AT_END
319.54999999999995,319.9314868210579,,,,PENDING_AT_END
319.9,320.0200623715822,,,,PENDING_AT_END
320.25,320.4913401584573,,,,PENDING_AT_END
320.59999999999997,320.98067941988273,,,,PENDING_AT_END
320.95,321.1036372264585,,,,PENDING_AT_END
321.29999999999995,321.5900914082938,,,,PENDING_AT_END
321.65,321.8999762910079,,,,PENDING_AT_END
322.0,322.02688786014653,,,,PENDING_AT_END
322.34999999999997,322.632747667135,,,,PENDING_AT_END
322.7,322.9335907109865,,,,PENDING_AT_END
323.04999999999995,323.1754269237405,,,,PENDING_AT_END
323.4,323.7265998732852,,,,PENDING_AT_END
323.75,324.0127245366566,,,,PENDING_AT_END
324.09999999999997,324.2172823518468,,,,PENDING_AT_END
324.45,324.5694108648078,,,,PENDING_AT_END
324.79999999999995,324.90056849648784,,,,PENDING_AT_END
325.15,325.27857188029395,,,,PENDING_AT_END
325.5,325.5953026229878,,,,PENDING_AT_END
325.84999999999997,326.0836715132173,,,,PENDING_AT_END
326.2,326.2120689161355,,,,PENDING_AT_END
326.54999999999995,326.5790201215998,,,,PENDING_AT_END
326.9,327.04816051176147,,,,PENDING_AT_END
327.25,327.3712636049778,,,,PENDING_AT_END
327.59999999999997,327.66248440438,,,,PENDING_AT_END
327.95,328.30041849875107,,,,PENDING_AT_END
328.29999999999995,328.6415256820244,,,,PENDING_AT_END
328.65,328.8605275493135,,,,PENDING_AT_END
329.0,329.1982060061048,,,,PENDING_AT_END
329.34999999999997,329.4961912880248,,,,PENDING_AT_END
329.7,329.8022583499364,,,,PENDING_AT_END
330.04999999999995,330.40623176100644,,,,PENDING_AT_END
330.4,330.7149852009687,,,,PENDING_AT_END
330.75,330.9508425849316,,,,PENDING_AT_END
331.09999999999997,331.2879704259696,,,,PENDING_AT_END
331.45,331.6452271240923,,,,PENDING_AT_END
331.79999999999995,332.07499738140893,,,,PENDING_AT_END
332.15,332.455799430743,,,,PENDING_AT_END
332.5,332.54997400907666,,,,PENDING_AT_END
332.84999999999997,333.1239422687925,,,,PENDING_AT_END
333.2,333.3503002120597,,,,PENDING_AT_END
333.54999999999995,333.92555437398994,,,,PENDING_AT_END
333.9,334.1994441090027,,,,PENDING_AT_END
334.25,334.49642621183114,,,,PENDING_AT_END
334.59999999999997,334.901369703497,,,,PENDING_AT_END
334.95,335.1194076195064,,,,PENDING_AT_END
335.29999999999995,335.35730110931024,,,,PENDING_AT_END
335.65,335.9066719172986,,,,PENDING_AT_END
336.0,336.1374848541727,,,,PENDING_AT_END
336.34999999999997,336.3677844129291,,,,PENDING_AT_END
336.7,336.75126991542453,,,,PENDING_AT_END
337.04999999999995,337.2514034232428,,,,PENDING_AT_END
337.4,337.4111435474673,,,,PENDING_AT_END
337.75,338.0689827343559,,,,PENDING_AT_END
338.09999999999997,338.22383497257835,,,,PENDING_AT_END
338.45,338.480687121932,,,,PENDING_AT_END
338.79999999999995,338.9934231188902,,,,PENDING_AT_END
339.15,339.4344341577066,,,,PENDING_AT_END
339.5,339.8314622301914,,,,PENDING_AT_END
339.84999999999997,340.0481148071328,,,,PENDING_AT_END
340.2,340.3079398861559,,,,PENDING_AT_END
340.54999999999995,340.8902461899022,,,,PENDING_AT_END
340.9,340.9171571632412,,,,PENDING_AT_END
341.25,341.3492760184581,,,,PENDING_AT_END
341.59999999999997,341.7654421630435,,,,PENDING_AT_END
341.95,342.03862402040846,,,,PENDING_AT_END
342.29999999999995,342.4192290842907,,,,PENDING_AT_END
342.65,342.9486108734826,,,,PENDING_AT_END
343.0,343.2349621820989,,,,PENDING_AT_END
343.34999999999997,343.4010010713395,,,,PENDING_AT_END
343.7,343.9740925334267,,,,PENDING_AT_END
344.04999999999995,344.08512112911137,,,,PENDING_AT_END
344.4,344.754096991623,,,,PENDING_AT_END
344.75,344.89002009177636,,,,PENDING_AT_END
345.09999999999997,345.2294454629511,,,,PENDING_AT_END
345.45,345.5209947749608,,,,PENDING_AT_END
345.79999999999995,345.9381243744152,,,,PENDING_AT_END
346.15,346.4090388094759,,,,PENDING_AT_END
346.5,346.78702308387415,,,,PENDING_AT_END
346.84999999999997,347.13465222096914,,,,PENDING_AT_END
347.2,347.46665591261973,,,,PENDING_AT_END
347.54999999999995,347.63048745652793,,,,PENDING_AT_END
347.9,347.9502008430966,,,,PENDING_AT_END
348.25,348.47461936996706,,,,PENDING_AT_END
348.59999999999997,348.7598450317677,,,,PENDING_AT_END
348.95,349.2249063637826,,,,PENDING_AT_END
349.29999999999995,349.50084929567106,,,,PENDING_AT_END
349.65,350.0181704553672,,,,PENDING_AT_END
350.0,350.38378876851516,,,,PENDING_AT_END
350.34999999999997,350.62202206269563,,,,PENDING_AT_END
350.7,350.86916198702835,,,,PENDING_AT_END
351.04999999999995,351.40380479810017,,,,PENDING_AT_END
351.4,351.6084274588094,,,,PENDING_AT_END
351.75,351.9532361211486,,,,PENDING_AT_END
352.09999999999997,352.23901045727297,,,,PENDING_AT_END
352.45,352.7470862402561,,,,PENDING_AT_END
352.79999999999995,352.84392465261385,,,,PENDING_AT_END
353.15,353.28004048873424,,,,PENDING_AT_END
353.5,353.83434031729666,,,,PENDING_AT_END
353.84999999999997,354.12093720560193,,,,PENDING_AT_END
354.2,354.23238034206514,,,,PENDING_AT_END
354.54999999999995,354.7185471994119,,,,PENDING_AT_END
354.9,355.1238711773925,,,,PENDING_AT_END
355.25,355.4829068448886,,,,PENDING_AT_END
355.59999999999997,355.72060645514824,,,,PENDING_AT_END
355.95,355.96725952197806,,,,PENDING_AT_END
356.29999999999995,356.39580554193424,,,,PENDING_AT_END
356.65,357.0236888490506,,,,PENDING_AT_END
357.0,357.0955933224798,,,,PENDING_AT_END
357.34999999999997,357.4503536713342,,,,PENDING_AT_END
357.7,357.95569066409513,,,,PENDING_AT_END
358.04999999999995,358.1866540478726,,,,PENDING_AT_END
358.4,358.75304330399774,,,,PENDING_AT_END
358.75,358.8754334274513,,,,PENDING_AT_END
359.09999999999997,359.3782409710089,,,,PENDING_AT_END
359.45,359.4966268416155,,,,PENDING_AT_END
359.79999999999995,360.16260499081534,,,,PENDING_AT_END
360.15,360.2376334166737,,,,PENDING_AT_END
360.5,360.7348049561209,,,,PENDING_AT_END
360.84999999999997,361.01613044436016,,,,PENDING_AT_END
361.2,361.27515187319324,,,,PENDING_AT_END
361.54999999999995,361.6026795424842,,,,PENDING_AT_END
361.9,362.26251968852114,,,,PENDING_AT_END
362.25,362.62244252286746,,,,PENDING_AT_END
362.59999999999997,362.8043039266723,,,,PENDING_AT_END
362.95,363.09927711306494,,,,PENDING_AT_END
363.29999999999995,363.5427965951087,,,,PENDING_AT_END
363.65,363.6769503938957,,,,PENDING_AT_END
364.0,364.051463702564,,,,PENDING_AT_END
364.34999999999997,364.7295181278744,,,,PENDING_AT_END
364.7,364.9564956358344,,,,PENDING_AT_END
365.04999999999995,365.2218626496301,,,,PENDING_AT_END
365.4,365.6270033283563,,,,PENDING_AT_END
365.75,366.0882658950659,,,,PENDING_AT_END
366.09999999999997,366.4567925075051,,,,PENDING_AT_END
366.45,366.6732171918139,,,,PENDING_AT_END
366.79999999999995,367.10392449110657,,,,PENDING_AT_END
367.15,367.5009421807165,,,,PENDING_AT_END
367.5,367.7318935527983,,,,PENDING_AT_END
367.84999999999997,368.0713784018283,,,,PENDING_AT_END
368.2,368.4102377786688,,,,PENDING_AT_END
368.54999999999995,368.7784273617078,,,,PENDING_AT_END
368.9,369.2309109047278,,,,PENDING_AT_END
369.25,369.5009892124132,,,,PENDING_AT_END
369.59999999999997,369.99616083624466,,,,PENDING_AT_END
369.95,370.2458103156036,,,,PENDING_AT_END
370.29999999999995,370.3341098534215,,,,PENDING_AT_END
370.65,370.819942977815,,,,PENDING_AT_END
371.0,371.0897867442919,,,,PENDING_AT_END
371.34999999999997,371.4890017991126,,,,PENDING_AT_END
371.7,371.8978642482369,,,,PENDING_AT_END
372.04999999999995,372.0703800984021,,,,PENDING_AT_END
372.4,372.6834485656168,,,,PENDING_AT_END
372.75,372.90547246805045,,,,PENDING_AT_END
373.09999999999997,373.4500213886225,,,,PENDING_AT_END
373.45,373.84569142813444,,,,PENDING_AT_END
373.79999999999995,373.8721723728237,,,,PENDING_AT_END
374.15,374.28901785258563,,,,PENDING_AT_END
374.5,374.7253595135563,,,,PENDING_AT_END
374.84999999999997,374.8814324570356,,,,PENDING_AT_END
375.2,375.3001758639012,,,,PENDING_AT_END
375.54999999999995,375.6440242558846,,,,PENDING_AT_END
375.9,376.2765165749803,,,,PENDING_AT_END
376.25,376.30365723515354,,,,PENDING_AT_END
376.59999999999997,376.71262699188395,,,,PENDING_AT_END
376.95,377.18456402396174,,,,PENDING_AT_END
377.29999999999995,377.58739598025716,,,,PENDING_AT_END
377.65,377.6539925876575,,,,PENDING_AT_END
378.0,378.1951430064155,,,,PENDING_AT_END
378.34999999999997,378.4315198003441,,,,PENDING_AT_END
378.7,378.7431676678453,,,,PENDING_AT_END
379.04999999999995,379.2923754724576,,,,PENDING_AT_END
379.4,379.62826722212276,,,,PENDING_AT_END
379.75,379.950963812656,,,,PENDING_AT_END
380.09999999999997,380.27009891642246,,,,PENDING_AT_END
380.45,380.63667637108625,,,,PENDING_AT_END
380.79999999999995,381.072869839226,,,,PENDING_AT_END
381.15,381.1567917163278,,,,PENDING_AT_END
381.5,381.70966615785005,,,,PENDING_AT_END
381.84999999999997,382.11694278224076,,,,PENDING_AT_END
382.2,382.2904888803134,,,,PENDING_AT_END
382.54999999999995,382.70532262028576,,,,PENDING_AT_END
382.9,383.0680244767311,,,,PENDING_AT_END
383.25,383.3099623744898,,,,PENDING_AT_END
383.59999999999997,383.6770592689873,,,,PENDING_AT_END
383.95,384.1152912085907,,,,PENDING_AT_END
384.29999999999995,384.43931920354714,,,,PENDING_AT_END
384.65,384.8381799674215,,,,PENDING_AT_END
385.0,385.2564692936447,,,,PENDING_AT_END
385.34999999999997,385.4911142125438,,,,PENDING_AT_END
385.7,385.8819095235279,,,,PENDING_AT_END
386.04999999999995,386.2066371548782,,,,PENDING_AT_END
386.4,386.69256423499974,,,,PENDING_AT_END
386.75,386.81648051967125,,,,PENDING_AT_END
387.09999999999997,387.34319431936984,,,,PENDING_AT_END
387.45,387.5737552070629,,,,PENDING_AT_END
387.79999999999995,387.8259536713417,,,,PENDING_AT_END
388.15,388.4697037288486,,,,PENDING_AT_END
388.5,388.85194901528473,,,,PENDING_AT_END
388.84999999999997,389.18523837320305,,,,PENDING_AT_END
389.2,389.48397411416573,,,,PENDING_AT_END
389.54999999999995,389.6368351902221,,,,PENDING_AT_END
389.9,390.19779703366555,,,,PENDING_AT_END
390.25,390.43750947774424,,,,PENDING_AT_END
390.59999999999997,390.60738647049067,,,,PENDING_AT_END
390.95,391.25095887818173,,,,PENDING_AT_END
391.29999999999995,391.42341519226727,,,,PENDING_AT_END
391.65,391.8595043902818,,,,PENDING_AT_END
392.0,392.2837793303862,,,,PENDING_AT_END
392.34999999999997,392.47184238989615,,,,PENDING_AT_END
392.7,392.9779056548684,,,,PENDING_AT_END
393.04999999999995,393.2023748314589,,,,PENDING_AT_END
393.4,393.69925985572877,,,,PENDING_AT_END
393.75,393.87995087244315,,,,PENDING_AT_END
394.09999999999997,394.3734042725701,,,,PENDING_AT_END
394.45,394.5417073094458,,,,PENDING_AT_END
394.79999999999995,394.9366162593336,,,,PENDING_AT_END
395.15,395.31526312852156,,,,PENDING_AT_END
395.5,395.54637435542577,,,,PENDING_AT_END
395.84999999999997,396.0559408089235,,,,PENDING_AT_END
396.2,396.50111832365764,,,,PENDING_AT_END
396.54999999999995,396.55514667619866,,,,PENDING_AT_END
396.9,396.99713392506476,,,,PENDING_AT_END
397.25,397.6402381287219,,,,PENDING_AT_END
397.59999999999997,397.60132235195255,,,,PENDING_AT_END
397.95,398.2872274053969,,,,PENDING_AT_END
398.29999999999995,398.64277902193146,,,,PENDING_AT_END
398.65,398.9190396419274,,,,PENDING_AT_END
399.0,399.2879496800384,,,,PENDING_AT_END
399.34999999999997,399.4818060830401,,,,PENDING_AT_END
399.7,399.966478609994,,,,PENDING_AT_END
400.04999999999995,400.21523151983786,,,,PENDING_AT_END
400.4,400.45549615520633,,,,PENDING_AT_END
400.75,400.77684294152914,,,,PENDING_AT_END
401.09999999999997,401.23393632829146,,,,PENDING_AT_END
401.45,401.81739141836596,,,,PENDING_AT_END
401.79999999999995,402.1871090938587,,,,PENDING_AT_END
402.15,402.49984848518386,,,,PENDING_AT_END
402.5,402.7840683910339,,,,PENDING_AT_END
402.84999999999997,402.8875549067731,,,,PENDING_AT_END
403.2,403.5720470701563,,,,PENDING_AT_END
403.54999999999995,403.7510066382947,,,,PENDING_AT_END
403.9,403.93144082864114,,,,PENDING_AT_END
404.25,404.44377065537924,,,,PENDING_AT_END
404.59999999999997,404.84115856000784,,,,PENDING_AT_END
404.95,405.2738157091714,,,,PENDING_AT_END
405.29999999999995,405.38363914679746,,,,PENDING_AT_END
405.65,405.80652278788057,,,,PENDING_AT_END
406.0,406.15397511241804,,,,PENDING_AT_END
406.34999999999997,406.4414140712984,,,,PENDING_AT_END
406.7,406.9603726587297,,,,PENDING_AT_END
407.04999999999995,407.42540497367577,,,,PENDING_AT_END
407.4,407.5214874073272,,,,PENDING_AT_END
407.75,407.82007474156353,,,,PENDING_AT_END
408.09999999999997,408.1294550825657,,,,PENDING_AT_END
408.45,408.5485053186367,,,,PENDING_AT_END
408.79999999999995,408.9656583188523,,,,PENDING_AT_END
409.15,409.4896199981164,,,,PENDING_AT_END
409.5,409.73260499690593,,,,PENDING_AT_END
409.84999999999997,409.9619524339923,,,,PENDING_AT_END
410.2,410.20406836924695,,,,PENDING_AT_END
410.54999999999995,410.63042061620104,,,,PENDING_AT_END
410.9,411.1735473885874,,,,PENDING_AT_END
411.25,411.49444420948396,,,,PENDING_AT_END
411.59999999999997,411.8868501668365,,,,PENDING_AT_END
411.95,412.2171372135402,,,,PENDING_AT_END
412.29999999999995,412.54048698627366,,,,PENDING_AT_END
412.65,413.0451556712185,,,,PENDING_AT_END
413.0,413.0123464817781,,,,PENDING_AT_END
413.34999999999997,413.43996594098377,,,,PENDING_AT_END
413.7,413.8444908029398,,,,PENDING_AT_END
414.04999999999995,414.1880144614962,,,,PENDING_AT_END
414.4,414.67539805828903,,,,PENDING_AT_END
414.75,415.0165178678699,,,,PENDING_AT_END
415.09999999999997,415.1430623312596,,,,PENDING_AT_END
415.45,415.53034758912116,,,,PENDING_AT_END
415.79999999999995,416.08419752493774,,,,PENDING_AT_END
416.15,416.44585577053704,,,,PENDING_AT_END
416.5,416.55045776321117,,,,PENDING_AT_END
416.84999999999997,417.12570951118533,,,,PENDING_AT_END
417.2,417.58114166166973,,,,PENDING_AT_END
417.54999999999995,417.68200893823666,,,,PENDING_AT_END
417.9,418.0806511754705,,,,PENDING_AT_END
418.25,418.2892574655475,,,,PENDING_AT_END
418.59999999999997,418.8525437782475,,,,PENDING_AT_END
418.95,418.9689744973579,,,,PENDING_AT_END
419.29999999999995,419.62249526032303,,,,PENDING_AT_END
419.65,419.96346912304034,,,,PENDING_AT_END
420.0,420.09980993585145,,,,PENDING_AT_END
420.34999999999997,420.49766143978474,,,,PENDING_AT_END
420.7,420.9005300893031,,,,PENDING_AT_END
421.04999999999995,421.27217956501715,,,,PENDING_AT_END
421.4,421.58243251976273,,,,PENDING_AT_END
421.75,421.77682358064,,,,PENDING_AT_END
422.09999999999997,422.38040353613525,,,,PENDING_AT_END
422.45,422.7591474157512,,,,PENDING_AT_END
422.79999999999995,422.9319050912611,,,,PENDING_AT_END
423.15,423.2636155004776,,,,PENDING_AT_END
423.5,423.84172654337465,,,,PENDING_AT_END
423.84999999999997,423.9668439680203,,,,PENDING_AT_END
424.2,424.41672430814396,,,,PENDING_AT_END
424.54999999999995,424.57889959067245,,,,PENDING_AT_END
424.9,425.0422160034178,,,,PENDING_AT_END
425.25,425.5697289518214,,,,PENDING_AT_END
425.59999999999997,425.83975730227286,,,,PENDING_AT_END
425.95,426.152132690662,,,,PENDING_AT_END
426.29999999999995,426.5030713811599,,,,PENDING_AT_END
426.65,427.00978439500705,,,,PENDING_AT_END
427.0,427.36372916997664,,,,PENDING_AT_END
427.34999999999997,427.71277394209216,,,,PENDING_AT_END
427.7,427.72953480579855,,,,PENDING_AT_END
428.04999999999995,428.09832157575045,,,,PENDING_AT_END
428.4,428.6348405345285,,,,PENDING_AT_END
428.75,428.92668690233427,,,,PENDING_AT_END
429.09999999999997,429.26546236654593,,,,PENDING_AT_END
429.45,429.6797376814164,,,,PENDING_AT_END
429.79999999999995,429.89843675613383,,,,PENDING_AT_END
430.15,430.44035297061475,,,,PENDING_AT_END
430.5,430.66328384535643,,,,PENDING_AT_END
430.84999999999997,430.99081950914996,,,,PENDING_AT_END
431.2,431.3655723745797,,,,PENDING_AT_END
431.54999999999995,431.68855156939526,,,,PENDING_AT_END
431.9,432.10325757235955,,,,PENDING_AT_END
432.25,432.648047835131,,,,PENDING_AT_END
432.59999999999997,432.9835227314647,,,,PENDING_AT_END
432.95,433.2312553195556,,,,PENDING_AT_END
433.29999999999995,433.6219825737204,,,,PENDING_AT_END
433.65,433.8046916190043,,,,PENDING_AT_END
434.0,434.3358724551424,,,,PENDING_AT_END
434.34999999999997,434.61220481791435,,,,PENDING_AT_END
434.7,434.96261955579786,,,,PENDING_AT_END
435.04999999999995,435.3333738295106,,,,PENDING_AT_END
435.4,435.6254213889432,,,,PENDING_AT_END
435.75,436.07584196634207,,,,PENDING_AT_END
436.09999999999997,436.4557481344265,,,,PENDING_AT_END
436.45,436.8327963445516,,,,PENDING_AT_END
436.79999999999995,437.0250892648247,,,,PENDING_AT_END
437.15,437.374759575295,,,,PENDING_AT_END
437.5,437.6054161536109,,,,PENDING_AT_END
437.84999999999997,438.1614784249559,,,,PENDING_AT_END
438.2,438.27588475248484,,,,PENDING_AT_END
438.54999999999995,438.890982874467,,,,PENDING_AT_END
438.9,439.2257591732026,,,,PENDING_AT_END
439.25,439.5461415077996,,,,PENDING_AT_END
439.59999999999997,439.7279359413922,,,,PENDING_AT_END
439.95,440.14210317979354,,,,PENDING_AT_END
440.29999999999995,440.623515054544,,,,PENDING_AT_END
440.65,440.81371169049567,,,,PENDING_AT_END
441.0,441.15803515934,,,,PENDING_AT_END
441.34999999999997,441.63873192036573,,,,PENDING_AT_END
441.7,441.79508526897,,,,PENDING_AT_END
442.04999999999995,442.26693281691087,,,,PENDING_AT_END
442.4,442.737696377745,,,,PENDING_AT_END
442.75,442.8873045105497,,,,PENDING_AT_END
443.09999999999997,443.2359745622171,,,,PENDING_AT_END
443.45,443.7607775143885,,,,PENDING_AT_END
443.79999999999995,444.18264631891725,,,,PENDING_AT_END
444.15,444.5162526608525,,,,PENDING_AT_END
444.5,444.782813545748,,,,PENDING_AT_END
444.84999999999997,445.0830482210243,,,,PENDING_AT_END
445.2,445.2361615827603,,,,PENDING_AT_END
445.54999999999995,445.6970016169379,,,,PENDING_AT_END
445.9,446.03867152249893,,,,PENDING_AT_END
446.25,446.41011162026166,,,,PENDING_AT_END
446.59999999999997,446.7774399832355,,,,PENDING_AT_END
446.95,447.0250032369543,,,,PENDING_AT_END
447.29999999999995,447.67843587162577,,,,PENDING_AT_END
447.65,447.8757283320932,,,,PENDING_AT_END
448.0,448.26046912364063,,,,PENDING_AT_END
448.34999999999997,448.64649891193,,,,PENDING_AT_END
448.7,449.00560087372236,,,,PENDING_AT_END
449.04999999999995,449.4337095497126,,,,PENDING_AT_END
449.4,449.7027170884345,,,,PENDING_AT_END
449.74999999999994,450.0526459788926,,,,PENDING_AT_END
450.09999999999997,450.25344929637623,,,,PENDING_AT_END
450.45,450.4561060038914,,,,PENDING_AT_END
450.79999999999995,450.846808926997,,,,PENDING_AT_END
451.15,451.4620789119148,,,,PENDING_AT_END
451.49999999999994,451.5347841297216,,,,PENDING_AT_END
451.84999999999997,452.1048470928063,,,,PENDING_AT_END
452.2,452.2122763824912,,,,PENDING_AT_END
452.54999999999995,452.7031446400465,,,,PENDING_AT_END
452.9,453.1247682952136,,,,PENDING_AT_END
453.24999999999994,453.3808717151622,,,,PENDING_AT_END
453.59999999999997,453.6918962520652,,,,PENDING_AT_END
453.95,453.96373506696665,,,,PENDING_AT_END
454.29999999999995,454.5124211653849,,,,PENDING_AT_END
454.65,454.86396319878577,,,,PENDING_AT_END
454.99999999999994,455.3980983583213,,,,PENDING_AT_END
455.34999999999997,455.5253363613361,,,,PENDING_AT_END
455.7,455.70028682550475,,,,PENDING_AT_END
456.04999999999995,456.10594185897423,,,,PENDING_AT_END
456.4,456.7609525139866,,,,PENDING_AT_END
456.74999999999994,457.11127317614404,,,,PENDING_AT_END
457.09999999999997,457.4705665219839,,,,PENDING_AT_END
457.45,457.7347824877938,,,,PENDING_AT_END
457.79999999999995,458.0202322302455,,,,PENDING_AT_END
458.15,458.3696530315285,,,,PENDING_AT_END
458.49999999999994,458.87740116437277,,,,PENDING_AT_END
458.84999999999997,458.91317732337535,,,,PENDING_AT_END
459.2,459.50334069404886,,,,PENDING_AT_END
459.54999999999995,459.7811360943848,,,,PENDING_AT_END
459.9,460.0707693648219,,,,PENDING_AT_END
460.24999999999994,460.5909708663127,,,,PENDING_AT_END
460.59999999999997,460.7714441477611,,,,PENDING_AT_END
460.95,461.0379358096208,,,,PENDING_AT_END
461.29999999999995,461.36555671079236,,,,PENDING_AT_END
461.65,461.6569808250646,,,,PENDING_AT_END
461.99999999999994,462.25874722434213,,,,PENDING_AT_END
462.34999999999997,462.43941807834875,,,,PENDING_AT_END
462.7,463.0097379155464,,,,PENDING_AT_END
463.04999999999995,463.25131483740734,,,,PENDING_AT_END
463.4,463.794770815658,,,,PENDING_AT_END
463.74999999999994,463.9001341085481,,,,PENDING_AT_END
464.09999999999997,464.26821097875535,,,,PENDING_AT_END
464.45,464.45038451987506,,,,PENDING_AT_END
464.79999999999995,465.0562396261115,,,,PENDING_AT_END
465.15,465.38172208556216,,,,PENDING_AT_END
465.49999999999994,465.7786077797487,,,,PENDING_AT_END
465.84999999999997,465.98900274159195,,,,PENDING_AT_END
466.2,466.4637410368237,,,,PENDING_AT_END
466.54999999999995,466.68039066043605,,,,PENDING_AT_END
466.9,467.2222115376204,,,,PENDING_AT_END
467.24999999999994,467.5855973746239,,,,PENDING_AT_END
467.59999999999997,467.93860544620094,,,,PENDING_AT_END
467.95,468.1855812978984,,,,PENDING_AT_END
468.29999999999995,468.49564741992447,,,,PENDING_AT_END
468.65,468.6635869125057,,,,PENDING_AT_END
468.99999999999994,469.10425593075473,,,,PENDING_AT_END
469.34999999999997,469.67748027876195,,,,PENDING_AT_END
469.7,469.78049072206323,,,,PENDING_AT_END
470.04999999999995,470.1475954922315,,,,PENDING_AT_END
470.4,470.5569880314208,,,,PENDING_AT_END
470.74999999999994,471.04032126246983,,,,PENDING_AT_END
471.09999999999997,471.10225503620603,,,,PENDING_AT_END
471.45,471.82850928229897,,,,PENDING_AT_END
471.79999999999995,472.1978268275908,,,,PENDING_AT_END
472.15,472.2582184195153,,,,PENDING_AT_END
472.49999999999994,472.6702828314729,,,,PENDING_AT_END
472.84999999999997,473.06990055040654,,,,PENDING_AT_END
473.2,473.4130719974492,,,,PENDING_AT_END
473.54999999999995,473.8485055177417,,,,PENDING_AT_END
473.9,473.99643472647267,,,,PENDING_AT_END
474.24999999999994,474.514432552606,,,,PENDING_AT_END
474.59999999999997,474.9020213048273,,,,PENDING_AT_END
474.95,475.15699366619623,,,,PENDING_AT_END
475.29999999999995,475.5010454727076,,,,PENDING_AT_END
475.65,475.8635199341908,,,,PENDING_AT_END
475.99999999999994,476.0232533271605,,,,PENDING_AT_END
476.34999999999997,476.4143311957434,,,,PENDING_AT_END
476.7,476.7849380760819,,,,PENDING_AT_END
477.04999999999995,477.0878078375357,,,,PENDING_AT_END
477.4,477.7870449053937,,,,PENDING_AT_END
477.74999999999994,478.070321652818,,,,PENDING_AT_END
478.09999999999997,478.26896865617965,,,,PENDING_AT_END
478.45,478.80287907248606,,,,PENDING_AT_END
478.79999999999995,478.851111955393,,,,PENDING_AT_END
479.15,479.25884879822854,,,,PENDING_AT_END
479.49999999999994,479.69813513689434,,,,PENDING_AT_END
479.84999999999997,480.0533564445215,,,,PENDING_AT_END
480.2,480.2194814672661,,,,PENDING_AT_END
480.54999999999995,480.56306612957576,,,,PENDING_AT_END
480.9,481.0311116889586,,,,PENDING_AT_END
481.24999999999994,481.2706995377119,,,,PENDING_AT_END
481.59999999999997,481.6056517179292,,,,PENDING_AT_END
481.95,481.98624941044915,,,,PENDING_AT_END
482.29999999999995,482.4175524752918,,,,PENDING_AT_END
482.65,482.6988600755691,,,,PENDING_AT_END
482.99999999999994,483.12619350733866,,,,PENDING_AT_END
483.34999999999997,483.66498468657386,,,,PENDING_AT_END
483.7,484.00742659787335,,,,PENDING_AT_END
484.04999999999995,484.05519844007756,,,,PENDING_AT_END
484.4,484.41023015698886,,,,PENDING_AT_END
484.74999999999994,485.1165459650155,,,,PENDING_AT_END
485.09999999999997,485.36860905306213,,,,PENDING_AT_END
485.45,485.83647042479805,,,,PENDING_AT_END
485.79999999999995,486.1700865448562,,,,PENDING_AT_END
486.15,486.33029787602914,,,,PENDING_AT_END
486.49999999999994,486.7076210394694,,,,PENDING_AT_END
486.84999999999997,487.2252738425738,,,,PENDING_AT_END
487.2,487.3030532639995,,,,PENDING_AT_END
487.54999999999995,487.72641117250225,,,,PENDING_AT_END
487.9,488.20331053051075,,,,PENDING_AT_END
488.24999999999994,488.3427170146429,,,,PENDING_AT_END
488.59999999999997,488.7236120752348,,,,PENDING_AT_END
488.95,489.1484587379785,,,,PENDING_AT_END
489.29999999999995,489.397604640855,,,,PENDING_AT_END
489.65,489.8107539497412,,,,PENDING_AT_END
489.99999999999994,490.22898203501694,,,,PENDING_AT_END
490.34999999999997,490.6781124996356,,,,PENDING_AT_END
490.7,490.9544909267706,,,,PENDING_AT_END
491.04999999999995,491.06297311948083,,,,PENDING_AT_END
491.4,491.6417530127653,,,,PENDING_AT_END
491.74999999999994,491.791853804024,,,,PENDING_AT_END
492.09999999999997,492.14292501084316,,,,PENDING_AT_END
492.45,492.66245169436326,,,,PENDING_AT_END
492.79999999999995,493.17852617077597,,,,PENDING_AT_END
493.15,493.30118523090425,,,,PENDING_AT_END
493.49999999999994,493.52707342363493,,,,PENDING_AT_END
493.84999999999997,493.9376140479548,,,,PENDING_AT_END
494.2,494.24368420601223,,,,PENDING_AT_END
494.54999999999995,494.93362270299576,,,,PENDING_AT_END
494.9,495.04006112007437,,,,PENDING_AT_END
495.24999999999994,495.3003410605565,,,,PENDING_AT_END
495.59999999999997,495.8641181723522,,,,PENDING_AT_END
495.95,496.2049604274426,,,,PENDING_AT_END
496.29999999999995,496.56189842162416,,,,PENDING_AT_END
496.65,496.9338907098029,,,,PENDING_AT_END
496.99999999999994,497.143384756536,,,,PENDING_AT_END
497.34999999999997,497.37710559100975,,,,PENDING_AT_END
497.7,497.7346346198513,,,,PENDING_AT_END
498.04999999999995,498.4111964272944,,,,PENDING_AT_END
498.4,498.66248621357033,,,,PENDING_AT_END
498.74999999999994,498.8285275690427,,,,PENDING_AT_END
499.09999999999997,499.2413491028581,,,,PENDING_AT_END
499.45,499.5700926448697,,,,PENDING_AT_END
499.79999999999995,500.0991956413221,,,,PENDING_AT_END
500.15,500.3811293968373,,,,PENDING_AT_END
500.49999999999994,500.5664208491499,,,,PENDING_AT_END
500.84999999999997,501.08096508169973,,,,PENDING_AT_END
501.2,501.2252213502696,,,,PENDING_AT_END
501.54999999999995,501.622576517801,,,,PENDING_AT_END
501.9,502.12588681414263,,,,PENDING_AT_END
502.24999999999994,502.49857904501215,,,,PENDING_AT_END
502.59999999999997,502.89533227926614,,,,PENDING_AT_END
502.95,503.18585089753975,,,,PENDING_AT_END
503.29999999999995,503.5914791693783,,,,PENDING_AT_END
503.65,503.7413077168475,,,,PENDING_AT_END
503.99999999999994,504.3086399887189,,,,PENDING_AT_END
504.34999999999997,504.44876101481265,,,,PENDING_AT_END
504.7,504.9168965748242,,,,PENDING_AT_END
505.04999999999995,505.2290632983427,,,,PENDING_AT_END
505.4,505.56749507483016,,,,PENDING_AT_END
505.74999999999994,505.9373040717517,,,,PENDING_AT_END
506.09999999999997,506.4410336239046,,,,PENDING_AT_END
506.45,506.4645094990544,,,,PENDING_AT_END
506.79999999999995,507.05310258384714,,,,PENDING_AT_END
507.15,507.4825563584725,,,,PENDING_AT_END
507.49999999999994,507.83661734678714,,,,PENDING_AT_END
507.84999999999997,508.0594352918185,,,,PENDING_AT_END
508.2,508.57516730821186,,,,PENDING_AT_END
508.54999999999995,508.9085090994696,,,,PENDING_AT_END
508.9,509.235012182805,,,,PENDING_AT_END
509.24999999999994,509.60769749045966,,,,PENDING_AT_END
509.59999999999997,509.9124398617416,,,,PENDING_AT_END
509.95,510.2825792590074,,,,PENDING_AT_END
510.29999999999995,510.3066780497064,,,,PENDING_AT_END
510.65,510.7349809782629,,,,PENDING_AT_END
510.99999999999994,511.24475762491846,,,,PENDING_AT_END
511.34999999999997,511.73950962266434,,,,PENDING_AT_END
511.7,511.92004531984884,,,,PENDING_AT_END
512.05,512.2635012401972,,,,PENDING_AT_END
512.4,512.5147080459898,,,,PENDING_AT_END
512.75,513.0176484546057,,,,PENDING_AT_END
513.1,513.3609905874563,,,,PENDING_AT_END
513.4499999999999,513.4585388765573,,,,PENDING_AT_END
513.8,513.8399679169372,,,,PENDING_AT_END
514.15,514.2286211562379,,,,PENDING_AT_END
514.5,514.5955273066791,,,,PENDING_AT_END
514.85,515.1262324027904,,,,PENDING_AT_END
515.1999999999999,515.4273897488846,,,,PENDING_AT_END
515.55,515.6318114210178,,,,PENDING_AT_END
515.9,516.1493938323039,,,,PENDING_AT_END
516.25,516.5236334527103,,,,PENDING_AT_END
516.6,516.7790863982012,,,,PENDING_AT_END
516.9499999999999,516.9534093891988,,,,PENDING_AT_END
517.3,517.4539314262631,,,,PENDING_AT_END
517.65,517.8027516938517,,,,PENDING_AT_END
518.0,518.2039197598899,,,,PENDING_AT_END
518.35,518.7009830057754,,,,PENDING_AT_END
518.6999999999999,518.8887694988322,,,,PENDING_AT_END
519.05,519.1893003729981,,,,PENDING_AT_END
519.4,519.5235669182515,,,,PENDING_AT_END
519.75,519.7819379375903,,,,PENDING_AT_END
520.1,520.2302815768636,,,,PENDING_AT_END
520.4499999999999,520.53898479409,,,,PENDING_AT_END
520.8,521.1299612756584,,,,PENDING_AT_END
521.15,521.1921757908991,,,,PENDING_AT_END
521.5,521.8250832035242,,,,PENDING_AT_END
521.85,522.0537419122903,,,,PENDING_AT_END
522.1999999999999,522.2225921551618,,,,PENDING_AT_END
522.55,522.7250854606307,,,,PENDING_AT_END
522.9,523.0796305489717,,,,PENDING_AT_END
523.25,523.5868864192137,,,,PENDING_AT_END
523.6,523.7973171802506,,,,PENDING_AT_END
523.9499999999999,524.1871662650602,,,,PENDING_AT_END
524.3,524.6950153222808,,,,PENDING_AT_END
524.65,524.9628940012273,,,,PENDING_AT_END
525.0,525.3251178373839,,,,PENDING_AT_END
525.35,525.5734731154224,,,,PENDING_AT_END
525.6999999999999,525.9427100602828,,,,PENDING_AT_END
526.05,526.3552957297366,,,,PENDING_AT_END
526.4,526.7498287803759,,,,PENDING_AT_END
526.75,526.7736302045639,,,,PENDING_AT_END
527.1,527.1624341950734,,,,PENDING_AT_END
527.4499999999999,527.8380493550973,,,,PENDING_AT_END
527.8,528.1963888598796,,,,PENDING_AT_END
528.15,528.277835901987,,,,PENDING_AT_END
528.5,528.6751413412983,,,,PENDING_AT_END
528.85,528.8633985828088,,,,PENDING_AT_END
529.1999999999999,529.4013925779587,,,,PENDING_AT_END
529.55,529.8509606060627,,,,PENDING_AT_END
529.9,529.9742798514313,,,,PENDING_AT_END
530.25,530.5218302215217,,,,PENDING_AT_END
530.6,530.6051757073677,,,,PENDING_AT_END
530.9499999999999,531.1170582801489,,,,PENDING_AT_END
531.3,531.4512285633025,,,,PENDING_AT_END
531.65,531.8455213234719,,,,PENDING_AT_END
532.0,532.1928697976791,,,,PENDING_AT_END
532.35,532.5878533925769,,,,PENDING_AT_END
532.6999999999999,532.9573631589702,,,,PENDING_AT_END
533.05,533.1565153651227,,,,PENDING_AT_END
533.4,533.6388395323519,,,,PENDING_AT_END
533.75,534.0149560956027,,,,PENDING_AT_END
534.1,534.1699869584382,,,,PENDING_AT_END
534.4499999999999,534.5794516752409,,,,PENDING_AT_END
534.8,535.1002597060217,,,,PENDING_AT_END
535.15,535.3361339034562,,,,PENDING_AT_END
535.5,535.5757371512755,,,,PENDING_AT_END
535.85,536.0119501211697,,,,PENDING_AT_END
536.1999999999999,536.4304750437781,,,,PENDING_AT_END
536.55,536.7156828596492,,,,PENDING_AT_END
536.9,537.2792101748549,,,,PENDING_AT_END
537.25,537.5292054097756,,,,PENDING_AT_END
537.5999999999999,537.6378978809546,,,,PENDING_AT_END
537.9499999999999,538.2480402538453,,,,PENDING_AT_END
538.3,538.4265420056249,,,,PENDING_AT_END
538.65,538.8310430179728,,,,PENDING_AT_END
539.0,539.3062069838575,,,,PENDING_AT_END
539.3499999999999,539.4921776307922,,,,PENDING_AT_END
539.6999999999999,539.9876704195154,,,,PENDING_AT_END
540.05,540.4390247547828,,,,PENDING_AT_END
540.4,540.5188684215483,,,,PENDING_AT_END
540.75,541.0743500857029,,,,PENDING_AT_END
541.0999999999999,541.42943964755,,,,PENDING_AT_END
541.4499999999999,541.6627374563997,,,,PENDING_AT_END
541.8,542.1932392771723,,,,PENDING_AT_END
542.15,542.2792555634363,,,,PENDING_AT_END
542.5,542.7881202769854,,,,PENDING_AT_END
542.8499999999999,543.1118780608285,,,,PENDING_AT_END
543.1999999999999,543.5792562770949,,,,PENDING_AT_END
543.55,543.779377987883,,,,PENDING_AT_END
543.9,543.9194122573948,,,,PENDING_AT_END
544.25,544.2950007522595,,,,PENDING_AT_END
544.5999999999999,544.8082502674022,,,,PENDING_AT_END
544.9499999999999,545.3293115887171,,,,PENDING_AT_END
545.3,545.6047590253515,,,,PENDING_AT_END
545.65,545.6912102813093,,,,PENDING_AT_END
546.0,546.0448868641695,,,,PENDING_AT_END
546.3499999999999,546.6443253381037,,,,PENDING_AT_END
546.6999999999999,546.8905292954836,,,,PENDING_AT_END
547.05,547.1498623394589,,,,PENDING_AT_END
547.4,547.4928893820746,,,,PENDING_AT_END
547.75,548.0958404223452,,,,PENDING_AT_END
548.0999999999999,548.1298270771495,,,,PENDING_AT_END
548.4499999999999,548.633978809201,,,,PENDING_AT_END
548.8,548.9147396675826,,,,PENDING_AT_END
549.15,549.3181839302016,,,,PENDING_AT_END
549.5,549.8972747476014,,,,PENDING_AT_END
549.8499999999999,550.1096037637242,,,,PENDING_AT_END
550.1999999999999,550.2241138299138,,,,PENDING_AT_END
550.55,550.7154831342425,,,,PENDING_AT_END
550.9,551.246263637681,,,,PENDING_AT_END
551.25,551.6459618912102,,,,PENDING_AT_END
551.5999999999999,551.6036981760576,,,,PENDING_AT_END
551.9499999999999,552.19340797229,,,,PENDING_AT_END
552.3,552.3809094473838,,,,PENDING_AT_END
552.65,552.9440930789993,,,,PENDING_AT_END
553.0,553.3969957741133,,,,PENDING_AT_END
553.3499999999999,553.6937924104418,,,,PENDING_AT_END
553.6999999999999,553.7893357612464,,,,PENDING_AT_END
554.05,554.2235671649087,,,,PENDING_AT_END
554.4,554.6810191126482,,,,PENDING_AT_END
554.75,554.8209909849149,,,,PENDING_AT_END
555.0999999999999,555.2939471492768,,,,PENDING_AT_END
555.4499999999999,555.6536581783088,,,,PENDING_AT_END
555.8,555.9713304282773,,,,PENDING_AT_END
556.15,556.2494496402793,,,,PENDING_AT_END
556.5,556.7502420821761,,,,PENDING_AT_END
556.8499999999999,557.1486216448113,,,,PENDING_AT_END
557.1999999999999,557.5599794219257,,,,PENDING_AT_END
557.55,557.7007289415678,,,,PENDING_AT_END
557.9,558.1752602435382,,,,PENDING_AT_END
558.25,558.5916441059308,,,,PENDING_AT_END
558.5999999999999,558.9109702722444,,,,PENDING_AT_END
558.9499999999999,559.1812335197648,,,,PENDING_AT_END
559.3,559.3976839402337,,,,PENDING_AT_END
559.65,559.8994671939955,,,,PENDING_AT_END
560.0,560.3542947601068,,,,PENDING_AT_END
560.3499999999999,560.4053626813854,,,,PENDING_AT_END
560.6999999999999,561.0077227065593,,,,PENDING_AT_END
561.05,561.2308281244445,,,,PENDING_AT_END
561.4,561.5356007131253,,,,PENDING_AT_END
561.75,561.8767169531095,,,,PENDING_AT_END
562.0999999999999,562.4522525396162,,,,PENDING_AT_END
562.4499999999999,562.5848973474575,,,,PENDING_AT_END
562.8,562.9882035429871,,,,PENDING_AT_END
563.15,563.3621864108401,,,,PENDING_AT_END
563.5,563.8810772944628,,,,PENDING_AT_END
563.8499999999999,563.9033907127452,,,,PENDING_AT_END
564.1999999999999,564.27695138614,,,,PENDING_AT_END
564.55,564.7675663858877,,,,PENDING_AT_END
564.9,565.2295549530978,,,,PENDING_AT_END
565.25,565.3310119027021,,,,PENDING_AT_END
565.5999999999999,565.6664751915976,,,,PENDING_AT_END
565.9499999999999,566.0577374398571,,,,PENDING_AT_END
566.3,566.5708932451575,,,,PENDING_AT_END
566.65,566.999542456591,,,,PENDING_AT_END
567.0,567.0581375433921,,,,PENDING_AT_END
567.3499999999999,567.3854692887589,,,,PENDING_AT_END
567.6999999999999,567.7440406789334,,,,PENDING_AT_END
568.05,568.2601338945253,,,,PENDING_AT_END
568.4,568.6686874669482,,,,PENDING_AT_END
568.75,569.0591594104787,,,,PENDING_AT_END
569.0999999999999,569.3861026106167,,,,PENDING_AT_END
569.4499999999999,569.7252080127931,,,,PENDING_AT_END
569.8,570.1637097943781,,,,PENDING_AT_END
570.15,570.3011334436536,,,,PENDING_AT_END
570.5,570.8742099775752,,,,PENDING_AT_END
570.8499999999999,571.2334333501333,,,,PENDING_AT_END
571.1999999999999,571.30037491167,,,,PENDING_AT_END
571.55,571.71718665875,,,,PENDING_AT_END
571.9,572.2221731042263,,,,PENDING_AT_END
572.25,572.63106984464,,,,PENDING_AT_END
572.5999999999999,572.9990627176035,,,,PENDING_AT_END
572.9499999999999,573.2030381276292,,,,PENDING_AT_END
573.3,573.3098341828857,,,,PENDING_AT_END
573.65,573.9238119350567,,,,PENDING_AT_END
574.0,574.137817024146,,,,PENDING_AT_END
574.3499999999999,574.7474306651327,,,,PENDING_AT_END
574.6999999999999,574.88783352542,,,,PENDING_AT_END
575.05,575.352969766986,,,,PENDING_AT_END
575.4,575.7008397128292,,,,PENDING_AT_END
575.75,576.0280256783528,,,,PENDING_AT_END
576.0999999999999,576.2652832523781,,,,PENDING_AT_END
576.4499999999999,576.4883930968368,,,,PENDING_AT_END
576.8,577.1963507886762,,,,PENDING_AT_END
577.15,577.2256840554415,,,,PENDING_AT_END
577.5,577.5491410279171,,,,PENDING_AT_END
577.8499999999999,578.0942840521186,,,,PENDING_AT_END
578.1999999999999,578.2715412399886,,,,PENDING_AT_END
578.55,578.7787645159704,,,,PENDING_AT_END
578.9,579.0122071179456,,,,PENDING_AT_END
579.25,579.5587572836703,,,,PENDING_AT_END
579.5999999999999,579.8850898890585,,,,PENDING_AT_END
579.9499999999999,580.020280381838,,,,PENDING_AT_END
580.3,580.6850105574777,,,,PENDING_AT_END
580.65,580.7391680870636,,,,PENDING_AT_END
581.0,581.2041714809943,,,,PENDING_AT_END
581.3499999999999,581.6288826346427,,,,PENDING_AT_END
581.6999999999999,582.0468161312909,,,,PENDING_AT_END
582.05,582.3557165324653,,,,PENDING_AT_END
582.4,582.7421179634088,,,,PENDING_AT_END
582.75,582.8241719196692,,,,PENDING_AT_END
583.0999999999999,583.1962611904298,,,,PENDING_AT_END
583.4499999999999,583.6819062061628,,,,PENDING_AT_END
583.8,584.1470165721546,,,,PENDING_AT_END
584.15,584.1879172590715,,,,PENDING_AT_END
584.5,584.7007200490252,,,,PENDING_AT_END
584.8499999999999,584.9598298649241,,,,PENDING_AT_END
585.1999999999999,585.3472227939313,,,,PENDING_AT_END
585.55,585.5757696772912,,,,PENDING_AT_END
585.9,586.1156625140098,,,,PENDING_AT_END
586.25,586.3156746396967,,,,PENDING_AT_END
586.5999999999999,586.8155088928268,,,,PENDING_AT_END
586.9499999999999,587.161934843325,,,,PENDING_AT_END
587.3,587.6689827141652,,,,PENDING_AT_END
587.65,587.7456145974562,,,,PENDING_AT_END
588.0,588.1045115523511,,,,PENDING_AT_END
588.3499999999999,588.351440072212,,,,PENDING_AT_END
588.6999999999999,589.0562161065108,,,,PENDING_AT_END
589.05,589.1888625603983,,,,PENDING_AT_END
589.4,589.4898631960988,,,,PENDING_AT_END
589.75,589.8312101242082,,,,PENDING_AT_END
590.0999999999999,590.4659420971825,,,,PENDING_AT_END
590.4499999999999,590.6520345304926,,,,PENDING_AT_END
590.8,590.9724369987096,,,,PENDING_AT_END
591.15,591.2263136098576,,,,PENDING_AT_END
591.5,591.7670951703274,,,,PENDING_AT_END
591.8499999999999,592.1984314102301,,,,PENDING_AT_END
592.1999999999999,592.203628630365,,,,PENDING_AT_END
592.55,592.9435415698492,,,,PENDING_AT_END
592.9,593.1318287843864,,,,PENDING_AT_END
593.25,593.5520035879215,,,,PENDING_AT_END
593.5999999999999,593.9804891448625,,,,PENDING_AT_END
593.9499999999999,594.0941158009856,,,,PENDING_AT_END
594.3,594.3401046914655,,,,PENDING_AT_END
594.65,594.9813273453509,,,,PENDING_AT_END
595.0,595.2014982151516,,,,PENDING_AT_END
595.3499999999999,595.6355167908569,,,,PENDING_AT_END
595.6999999999999,595.9616977815009,,,,PENDING_AT_END
596.05,596.0869514053902,,,,PENDING_AT_END
596.4,596.459103655158,,,,PENDING_AT_END
596.75,597.045657911282,,,,PENDING_AT_END
597.0999999999999,597.2466744126666,,,,PENDING_AT_END
597.4499999999999,597.6598036212259,,,,PENDING_AT_END
597.8,597.8690476323677,,,,PENDING_AT_END
598.15,598.3659578812354,,,,PENDING_AT_END
598.5,598.8628892169484,,,,PENDING_AT_END
598.8499999999999,598.9754915159522,,,,PENDING_AT_END
599.1999999999999,599.3168688653719,,,,PENDING_AT_END
599.55,599.8000427341769,,,,PENDING_AT_END
599.9,600.0192225141474,,,,PENDING_AT_END
600.25,600.4046405495719,,,,PENDING_AT_END
600.5999999999999,600.8740890076162,,,,PENDING_AT_END
600.9499999999999,601.1595406169414,,,,PENDING_AT_END
601.3,601.6492906866763,,,,PENDING_AT_END
601.65,601.865306264683,,,,PENDING_AT_END
602.0,602.084360197247,,,,PENDING_AT_END
602.3499999999999,602.5806479131281,,,,PENDING_AT_END
602.6999999999999,603.0404153178973,,,,PENDING_AT_END
603.05,603.2677499754409,,,,PENDING_AT_END
603.4,603.4708373413106,,,,PENDING_AT_END
603.75,603.9891939693434,,,,PENDING_AT_END
604.0999999999999,604.3604267407652,,,,PENDING_AT_END
604.4499999999999,604.5657919031233,,,,PENDING_AT_END
604.8,604.9867322919754,,,,PENDING_AT_END
605.15,605.500048561884,,,,PENDING_AT_END
605.5,605.585387368181,,,,PENDING_AT_END
605.8499999999999,605.9337348731697,,,,PENDING_AT_END
606.1999999999999,606.3586502826284,,,,PENDING_AT_END
606.55,606.6476347953571,,,,PENDING_AT_END
606.9,607.2407720522705,,,,PENDING_AT_END
607.25,607.3674053561313,,,,PENDING_AT_END
607.5999999999999,607.6167521450016,,,,PENDING_AT_END
607.9499999999999,608.1376357887915,,,,PENDING_AT_END
608.3,608.597687913162,,,,PENDING_AT_END
608.65,609.0369789239531,,,,PENDING_AT_END
609.0,609.060899551255,,,,PENDING_AT_END
609.3499999999999,609.6577951014467,,,,PENDING_AT_END
609.6999999999999,609.7942466138144,,,,PENDING_AT_END
610.05,610.1329938909441,,,,PENDING_AT_END
610.4,610.7562200707354,,,,PENDING_AT_END
610.75,610.874638571169,,,,PENDING_AT_END
611.0999999999999,611.1196405932769,,,,PENDING_AT_END
611.4499999999999,611.7801485532817,,,,PENDING_AT_END
611.8,611.9135927015031,,,,PENDING_AT_END
612.15,612.5045108546839,,,,PENDING_AT_END
612.5,612.6998438873329,,,,PENDING_AT_END
612.8499999999999,613.078385275843,,,,PENDING_AT_END
613.1999999999999,613.4526753726312,,,,PENDING_AT_END
613.55,613.7232428842992,,,,PENDING_AT_END
613.9,614.2994959212527,,,,PENDING_AT_END
614.25,614.3516508276857,,,,PENDING_AT_END
614.5999999999999,614.8607991567474,,,,PENDING_AT_END
614.9499999999999,615.0390278633189,,,,PENDING_AT_END
615.3,615.6988901665204,,,,PENDING_AT_END
615.65,615.66382777163,,,,PENDING_AT_END
616.0,616.3771140131205,,,,PENDING_AT_END
616.3499999999999,616.3744252345361,,,,PENDING_AT_END
616.6999999999999,617.0802997937491,,,,PENDING_AT_END
617.05,617.0891685288791,,,,PENDING_AT_END
617.4,617.5648194528666,,,,PENDING_AT_END
617.75,618.0574413757781,,,,PENDING_AT_END
618.0999999999999,618.2726131355134,,,,PENDING_AT_END
618.4499999999999,618.8438930265658,,,,PENDING_AT_END
618.8,619.1884377305021,,,,PENDING_AT_END
619.15,619.3596646048846,,,,PENDING_AT_END
619.5,619.6451332534464,,,,PENDING_AT_END
619.8499999999999,619.977261508423,,,,PENDING_AT_END
620.1999999999999,620.2289482125344,,,,PENDING_AT_END
620.55,620.8500521689732,,,,PENDING_AT_END
620.9,621.1133687306514,,,,PENDING_AT_END
621.25,621.382516272228,,,,PENDING_AT_END
621.5999999999999,621.8461285707765,,,,PENDING_AT_END
621.9499999999999,622.3205728794738,,,,PENDING_AT_END
622.3,622.6805283974957,,,,PENDING_AT_END
622.65,622.7109054182853,,,,PENDING_AT_END
623.0,623.3580258058755,,,,PENDING_AT_END
623.3499999999999,623.4907981308577,,,,PENDING_AT_END
623.6999999999999,624.005523061268,,,,PENDING_AT_END
624.05,624.0916367817933,,,,PENDING_AT_END
624.4,624.4007331326944,,,,PENDING_AT_END
624.75,624.8748794958801,,,,PENDING_AT_END
625.0999999999999,625.2707958044998,,,,PENDING_AT_END
625.4499999999999,625.464554039784,,,,PENDING_AT_END
625.8,626.0924457340909,,,,PENDING_AT_END
626.15,626.4596549553113,,,,PENDING_AT_END
626.5,626.7989828438872,,,,PENDING_AT_END
626.8499999999999,627.1459092249268,,,,PENDING_AT_END
627.1999999999999,627.5161526979808,,,,PENDING_AT_END
627.55,627.6230624463149,,,,PENDING_AT_END
627.9,628.0557864126296,,,,PENDING_AT_END
628.25,628.2524508991723,,,,PENDING_AT_END
628.5999999999999,628.767535604808,,,,PENDING_AT_END
628.9499999999999,628.9570349920901,,,,PENDING_AT_END
629.3,629.3415615482395,,,,PENDING_AT_END
629.65,629.7547386724128,,,,PENDING_AT_END
630.0,630.2640489796861,,,,PENDING_AT_END
630.3499999999999,630.4297006503077,,,,PENDING_AT_END
630.6999999999999,631.0317245204275,,,,PENDING_AT_END
631.05,631.2997038248359,,,,PENDING_AT_END
631.4,631.7636056894745,,,,PENDING_AT_END
631.75,632.0376222681396,,,,PENDING_AT_END
632.0999999999999,632.4564831936973,,,,PENDING_AT_END
632.4499999999999,632.5036390420838,,,,PENDING_AT_END
632.8,632.9249054291172,,,,PENDING_AT_END
633.15,633.1790365545882,,,,PENDING_AT_END
633.5,633.5095622373117,,,,PENDING_AT_END
633.8499999999999,634.0055446047379,,,,PENDING_AT_END
634.1999999999999,634.3966425911952,,,,PENDING_AT_END
634.55,634.7677389958139,,,,PENDING_AT_END
634.9,635.0277798145615,,,,PENDING_AT_END
635.25,635.4382553245832,,,,PENDING_AT_END
635.5999999999999,635.9719613618279,,,,PENDING_AT_END
635.9499999999999,636.2893479967942,,,,PENDING_AT_END
636.3,636.3590005335484,,,,PENDING_AT_END
636.65,636.6804612023549,,,,PENDING_AT_END
637.0,637.1396583350181,,,,PENDING_AT_END
637.3499999999999,637.6999407356311,,,,PENDING_AT_END
637.6999999999999,638.0644700845577,,,,PENDING_AT_END
638.05,638.1595222328688,,,,PENDING_AT_END
638.4,638.7587639308316,,,,PENDING_AT_END
638.75,639.0596747473621,,,,PENDING_AT_END
639.0999999999999,639.3288941925616,,,,PENDING_AT_END
639.4499999999999,639.588618055779,,,,PENDING_AT_END
639.8,640.0970143117136,,,,PENDING_AT_END
640.15,640.4888550902471,,,,PENDING_AT_END
640.5,640.5055943294194,,,,PENDING_AT_END
640.8499999999999,640.8805058264738,,,,PENDING_AT_END
641.1999999999999,641.2270685781306,,,,PENDING_AT_END
641.55,641.9200018883207,,,,PENDING_AT_END
641.9,642.1748067273619,,,,PENDING_AT_END
642.25,642.5523797844992,,,,PENDING_AT_END
642.5999999999999,642.846617974388,,,,PENDING_AT_END
642.9499999999999,643.0999449909447,,,,PENDING_AT_END
643.3,643.3675722844716,,,,PENDING_AT_END
643.65,643.914489298042,,,,PENDING_AT_END
644.0,644.0102137714341,,,,PENDING_AT_END
644.3499999999999,644.4884227741916,,,,PENDING_AT_END
644.6999999999999,645.0720526061922,,,,PENDING_AT_END
645.05,645.0621725345866,,,,PENDING_AT_END
645.4,645.570259161096,,,,PENDING_AT_END
645.75,645.9278026285597,,,,PENDING_AT_END
646.0999999999999,646.2010325984384,,,,PENDING_AT_END
646.4499999999999,646.585927242738,,,,PENDING_AT_END
646.8,647.1720366901825,,,,PENDING_AT_END
647.15,647.412823260424,,,,PENDING_AT_END
647.5,647.8104812923732,,,,PENDING_AT_END
647.8499999999999,648.0498463921665,,,,PENDING_AT_END
648.1999999999999,648.2322315730295,,,,PENDING_AT_END
648.55,648.7320326464619,,,,PENDING_AT_END
648.9,649.204142562499,,,,PENDING_AT_END
649.25,649.3927326984867,,,,PENDING_AT_END
649.5999999999999,649.8942169511627,,,,PENDING_AT_END
649.9499999999999,649.9763950829823,,,,PENDING_AT_END
650.3,650.5251627085181,,,,PENDING_AT_END
650.65,650.9698562796901,,,,PENDING_AT_END
651.0,651.2209612986296,,,,PENDING_AT_END
651.3499999999999,651.4163337597033,,,,PENDING_AT_END
651.6999999999999,652.0014972023918,,,,PENDING_AT_END
652.05,652.2815959190659,,,,PENDING_AT_END
652.4,652.4626456588679,,,,PENDING_AT_END
652.75,653.078275882551,,,,PENDING_AT_END
653.0999999999999,653.1719610795606,,,,PENDING_AT_END
653.4499999999999,653.8332829048378,,,,PENDING_AT_END
653.8,654.160186694708,,,,PENDING_AT_END
654.15,654.1788899760144,,,,PENDING_AT_END
654.5,654.8144553561615,,,,PENDING_AT_END
654.8499999999999,654.9223990411983,,,,PENDING_AT_END
655.1999999999999,655.4036044257476,,,,PENDING_AT_END
655.55,655.893810400365,,,,PENDING_AT_END
655.9,656.1720260898895,,,,PENDING_AT_END
656.25,656.3054766837081,,,,PENDING_AT_END
656.5999999999999,656.9378972185864,,,,PENDING_AT_END
656.9499999999999,657.2991757851613,,,,PENDING_AT_END
657.3,657.5190173000203,,,,PENDING_AT_END
657.65,657.6980792819624,,,,PENDING_AT_END
658.0,658.3261386786637,,,,PENDING_AT_END
658.3499999999999,658.5168221879221,,,,PENDING_AT_END
658.6999999999999,658.8720444952436,,,,PENDING_AT_END
659.05,659.183665764227,,,,PENDING_AT_END
659.4,659.4181947971912,,,,PENDING_AT_END
659.75,659.8810439072824,,,,PENDING_AT_END
660.0999999999999,660.122818349234,,,,PENDING_AT_END
660.4499999999999,660.7446679211495,,,,PENDING_AT_END
660.8,661.194740741588,,,,PENDING_AT_END
661.15,661.204348410006,,,,PENDING_AT_END
661.5,661.7999342617929,,,,PENDING_AT_END
661.8499999999999,662.0900571854809,,,,PENDING_AT_END
662.1999999999999,662.2926735248785,,,,PENDING_AT_END
662.55,662.7903138258914,,,,PENDING_AT_END
662.9,662.9954439135021,,,,PENDING_AT_END
663.25,663.3488259429287,,,,PENDING_AT_END
663.5999999999999,663.9856858095168,,,,PENDING_AT_END
663.9499999999999,664.2501606171392,,,,PENDING_AT_END
664.3,664.4461498977118,,,,PENDING_AT_END
664.65,664.946747639047,,,,PENDING_AT_END
665.0,665.0673546060514,,,,PENDING_AT_END
665.3499999999999,665.4502409863483,,,,PENDING_AT_END
665.6999999999999,665.8589732850018,,,,PENDING_AT_END
666.05,666.1107838624368,,,,PENDING_AT_END
666.4,666.7892696715584,,,,PENDING_AT_END
666.75,666.9744615263651,,,,PENDING_AT_END
667.0999999999999,667.3023313282736,,,,PENDING_AT_END
667.4499999999999,667.5626857974995,,,,PENDING_AT_END
667.8,667.8189091615636,,,,PENDING_AT_END
668.15,668.5150369254696,,,,PENDING_AT_END
668.5,668.8795232831624,,,,PENDING_AT_END
668.8499999999999,669.2377858182167,,,,PENDING_AT_END
669.1999999999999,669.5359149552343,,,,PENDING_AT_END
669.55,669.7427325208257,,,,PENDING_AT_END
669.9,670.0571938495481,,,,PENDING_AT_END
670.25,670.3527562743739,,,,PENDING_AT_END
670.5999999999999,670.838449673605,,,,PENDING_AT_END
670.9499999999999,671.1867484011233,,,,PENDING_AT_END
671.3,671.3617439384548,,,,PENDING_AT_END
671.65,671.9425369070833,,,,PENDING_AT_END
672.0,672.3030060123097,,,,PENDING_AT_END
672.3499999999999,672.6449509308472,,,,PENDING_AT_END
672.6999999999999,672.7076630806656,,,,PENDING_AT_END
673.05,673.1399058132927,,,,PENDING_AT_END
673.4,673.4105201885781,,,,PENDING_AT_END
673.75,673.9143547583835,,,,PENDING_AT_END
674.0999999999999,674.2018640661868,,,,PENDING_AT_END
674.4499999999999,674.4884115287288,,,,PENDING_AT_END
674.8,675.0226500463828,,,,PENDING_AT_END
675.15,675.4121442653112,,,,PENDING_AT_END
675.5,675.831795326257,,,,PENDING_AT_END
675.8499999999999,676.0863132376933,,,,PENDING_AT_END
676.1999999999999,676.2187231407025,,,,PENDING_AT_END
676.55,676.6777293467883,,,,PENDING_AT_END
676.9,676.9081415067097,,,,PENDING_AT_END
677.25,677.6398389221943,,,,PENDING_AT_END
677.5999999999999,677.9015795464213,,,,PENDING_AT_END
677.9499999999999,678.0589527962724,,,,PENDING_AT_END
678.3,678.5684282347893,,,,PENDING_AT_END
678.65,678.991976366924,,,,PENDING_AT_END
679.0,679.2643163654382,,,,PENDING_AT_END
679.3499999999999,679.4838319646851,,,,PENDING_AT_END
679.6999999999999,679.7110927100069,,,,PENDING_AT_END
680.05,680.1759812328753,,,,PENDING_AT_END
680.4,680.6228375051179,,,,PENDING_AT_END
680.75,681.1145221299273,,,,PENDING_AT_END
681.0999999999999,681.2866497799403,,,,PENDING_AT_END
681.4499999999999,681.5181581798337,,,,PENDING_AT_END
681.8,681.8237415510841,,,,PENDING_AT_END
682.15,682.1707943126061,,,,PENDING_AT_END
682.5,682.6012538948326,,,,PENDING_AT_END
682.8499999999999,682.9528622373059,,,,PENDING_AT_END
683.1999999999999,683.428955145749,,,,PENDING_AT_END
683.55,683.6426017986773,,,,PENDING_AT_END
683.9,683.9428886195773,,,,PENDING_AT_END
684.25,684.2786889626732,,,,PENDING_AT_END
684.5999999999999,684.6499496712815,,,,PENDING_AT_END
684.9499999999999,685.3258620984894,,,,PENDING_AT_END
685.3,685.6416440150567,,,,PENDING_AT_END
685.65,685.6539543033526,,,,PENDING_AT_END
686.0,686.0801637193858,,,,PENDING_AT_END
686.3499999999999,686.4524800400629,,,,PENDING_AT_END
686.6999999999999,686.857793842339,,,,PENDING_AT_END
687.05,687.3218404677202,,,,PENDING_AT_END
687.4,687.6016499539845,,,,PENDING_AT_END
687.75,687.860816439734,,,,PENDING_AT_END
688.0999999999999,688.4792289988097,,,,PENDING_AT_END
688.4499999999999,688.6084512005137,,,,PENDING_AT_END
688.8,689.0696833787365,,,,PENDING_AT_END
689.15,689.3447053425142,,,,PENDING_AT_END
689.5,689.5832429631914,,,,PENDING_AT_END
689.8499999999999,689.9675085597655,,,,PENDING_AT_END
690.1999999999999,690.3112546044555,,,,PENDING_AT_END
690.55,690.7013442319776,,,,PENDING_AT_END
690.9,691.0508148459959,,,,PENDING_AT_END
691.25,691.2519648296907,,,,PENDING_AT_END
691.5999999999999,691.6540402061316,,,,PENDING_AT_END
691.9499999999999,692.1075032215668,,,,PENDING_AT_END
692.3,692.5918444873632,,,,PENDING_AT_END
692.65,692.9569948652153,,,,PENDING_AT_END
693.0,693.3404805328896,,,,PENDING_AT_END
693.3499999999999,693.6679712071118,,,,PENDING_AT_END
693.6999999999999,693.805326611112,,,,PENDING_AT_END
694.05,694.109191906472,,,,PENDING_AT_END
694.4,694.6233315590192,,,,PENDING_AT_END
694.75,694.9672924846457,,,,PENDING_AT_END
695.0999999999999,695.1771842433104,,,,PENDING_AT_END
695.4499999999999,695.656703202707,,,,PENDING_AT_END
695.8,695.8842823728951,,,,PENDING_AT_END
696.15,696.4057630990561,,,,PENDING_AT_END
696.5,696.6422360713489,,,,PENDING_AT_END
696.8499999999999,697.1930351440094,,,,PENDING_AT_END
697.1999999999999,697.5162068174287,,,,PENDING_AT_END
697.55,697.8213522939209,,,,PENDING_AT_END
697.9,698.1342521119867,,,,PENDING_AT_END
698.25,698.3628156960151,,,,PENDING_AT_END
698.5999999999999,698.7224544531582,,,,PENDING_AT_END
698.9499999999999,699.1823456384153,,,,PENDING_AT_END
699.3,699.6094859521538,,,,PENDING_AT_END
699.65,699.6967866820161,,,,PENDING_AT_END
700.0,700.0072858188651,,,,PENDING_AT_END
700.3499999999999,700.5083694982757,,,,PENDING_AT_END
700.6999999999999,701.0096620312587,,,,PENDING_AT_END
701.05,701.1814436688517,,,,PENDING_AT_END
701.4,701.7897093905245,,,,PENDING_AT_END
701.75,701.8993870053662,,,,PENDING_AT_END
702.0999999999999,702.3759763566195,,,,PENDING_AT_END
702.4499999999999,702.6222235274873,,,,PENDING_AT_END
702.8,703.0242554822255,,,,PENDING_AT_END
703.15,703.5288593159881,,,,PENDING_AT_END
703.5,703.8741285146812,,,,PENDING_AT_END
703.8499999999999,703.9368113716437,,,,PENDING_AT_END
704.1999999999999,704.4962260994274,,,,PENDING_AT_END
704.55,704.7209414815793,,,,PENDING_AT_END
704.9,705.0601531370577,,,,PENDING_AT_END
705.25,705.4592959018632,,,,PENDING_AT_END
705.5999999999999,705.7839733013959,,,,PENDING_AT_END
705.9499999999999,706.0097878672528,,,,PENDING_AT_END
706.3,706.6336909671054,,,,PENDING_AT_END
706.65,706.8713902117821,,,,PENDING_AT_END
707.0,707.09939740401,,,,PENDING_AT_END
707.3499999999999,707.4476418539507,,,,PENDING_AT_END
707.6999999999999,707.8541894760323,,,,PENDING_AT_END
708.05,708.1570527677438,,,,PENDING_AT_END
708.4,708.6439256603418,,,,PENDING_AT_END
708.75,709.1016749499643,,,,PENDING_AT_END
709.0999999999999,709.3060571319759,,,,PENDING_AT_END
709.4499999999999,709.7523463297285,,,,PENDING_AT_END
709.8,709.8880854338747,,,,PENDING_AT_END
710.15,710.233677139748,,,,PENDING_AT_END
710.5,710.7496473841752,,,,PENDING_AT_END
710.8499999999999,711.2412311415608,,,,PENDING_AT_END
711.1999999999999,711.2961317527275,,,,PENDING_AT_END
711.55,711.6966779772508,,,,PENDING_AT_END
711.9,712.1961988767927,,,,PENDING_AT_END
712.25,712.6029888208188,,,,PENDING_AT_END
712.5999999999999,712.758852619057,,,,PENDING_AT_END
712.9499999999999,713.1587674518031,,,,PENDING_AT_END
713.3,713.5149196028162,,,,PENDING_AT_END
713.65,713.788290364111,,,,PENDING_AT_END
714.0,714.072336174846,,,,PENDING_AT_END
714.3499999999999,714.6723176883424,,,,PENDING_AT_END
714.6999999999999,715.0346729858755,,,,PENDING_AT_END
715.05,715.4018656022452,,,,PENDING_AT_END
715.4,715.5161119005228,,,,PENDING_AT_END
715.75,716.0960305065817,,,,PENDING_AT_END
716.0999999999999,716.1371968510273,,,,PENDING_AT_END
716.4499999999999,716.5515835422856,,,,PENDING_AT_END
716.8,717.1238720047545,,,,PENDING_AT_END
717.15,717.3455340916984,,,,PENDING_AT_END
717.5,717.787923173024,,,,PENDING_AT_END
717.8499999999999,718.0321188747234,,,,PENDING_AT_END
718.1999999999999,718.3316172548303,,,,PENDING_AT_END
718.55,718.8410055979771,,,,PENDING_AT_END
718.9,718.9806820829866,,,,PENDING_AT_END
719.25,719.5977713127559,,,,PENDING_AT_END
719.5999999999999,719.7798111702687,,,,PENDING_AT_END
719.9499999999999,720.1352850438265,,,,PENDING_AT_END
720.3,720.4101837776925,,,,PENDING_AT_END
720.65,720.8853854684613,,,,PENDING_AT_END
721.0,721.2463834346529,,,,PENDING_AT_END
721.3499999999999,721.5803694217886,,,,PENDING_AT_END
721.6999999999999,721.866804404434,,,,PENDING_AT_END
722.05,722.2636037709351,,,,PENDING_AT_END
722.4,722.641261858672,,,,PENDING_AT_END
722.75,722.8958375925508,,,,PENDING_AT_END
723.0999999999999,723.4167426597753,,,,PENDING_AT_END
723.4499999999999,723.8406649615173,,,,PENDING_AT_END
723.8,723.9345568018405,,,,PENDING_AT_END
724.15,724.3417099206025,,,,PENDING_AT_END
724.5,724.680287907222,,,,PENDING_AT_END
724.8499999999999,725.0938395660667,,,,PENDING_AT_END
725.1999999999999,725.2376369171733,,,,PENDING_AT_END
725.55,725.921785399411,,,,PENDING_AT_END
725.9,726.1653294271247,,,,PENDING_AT_END
726.25,726.5593259980892,,,,PENDING_AT_END
726.5999999999999,726.7003272236025,,,,PENDING_AT_END
726.9499999999999,727.0872492297593,,,,PENDING_AT_END
727.3,727.382237580146,,,,PENDING_AT_END
727.65,728.0088067960781,,,,PENDING_AT_END
728.0,728.2165739086388,,,,PENDING_AT_END
728.3499999999999,728.6895673266924,,,,PENDING_AT_END
728.6999999999999,728.9322228792206,,,,PENDING_AT_END
729.05,729.4190051855182,,,,PENDING_AT_END
729.4,729.6075555171527,,,,PENDING_AT_END
729.75,730.0483273029929,,,,PENDING_AT_END
730.0999999999999,730.2173351759027,,,,PENDING_AT_END
730.4499999999999,730.4938021472268,,,,PENDING_AT_END
730.8,731.0697713360098,,,,PENDING_AT_END
731.15,731.536550420176,,,,PENDING_AT_END
731.5,731.6255085600296,,,,PENDING_AT_END
731.8499999999999,732.0999598104927,,,,PENDING_AT_END
732.1999999999999,732.3111655202221,,,,PENDING_AT_END
732.55,732.6358307988396,,,,PENDING_AT_END
732.9,733.0895202781422,,,,PENDING_AT_END
733.25,733.5353638556956,,,,PENDING_AT_END
733.5999999999999,733.6646188283119,,,,PENDING_AT_END
733.9499999999999,733.9916297700937,,,,PENDING_AT_END
734.3,734.5738814219917,,,,PENDING_AT_END
734.65,734.9140944355516,,,,PENDING_AT_END
