timestamp,gen_time,sel_time,tx_time,rx_time,status
0.0,0.07066728573035626,151.02587013429917,151.02687013429917,151.19687013429916,TX
0.35,0.7447479468314192,158.44304471138875,158.44404471138876,158.61404471138874,TX
0.7,0.9056553540993548,154.91722061768027,154.91822061768028,155.08822061768026,TX
1.0499999999999998,1.2284564731696226,155.41704813310318,155.41804813310318,155.58804813310317,TX
1.4,1.6765890234692447,158.9412151708429,158.9422151708429,159.1122151708429,TX
1.75,2.000985625539999,157.43089406639518,157.4318940663952,157.60189406639518,TX
2.0999999999999996,2.3101464317316953,157.16328053751906,157.16428053751906,157.33428053751905,TX
2.4499999999999997,2.466109503483391,155.08974141567919,155.0907414156792,155.26074141567918,TX
2.8,3.0784004176504247,153.88563757743512,153.88663757743512,154.0566375774351,TX
3.15,3.2326204042134905,160.44413252294558,160.44513252294558,160.61513252294557,TX
3.5,3.8413885737621234,157.4305713047753,157.4315713047753,157.6015713047753,TX
3.8499999999999996,4.228552173017032,158.1148669614194,158.1158669614194,158.2858669614194,TX
4.199999999999999,4.513811901635446,160.65204415359815,160.65304415359816,160.82304415359815,TX
4.55,4.868527417121128,163.38268674815677,163.38368674815678,163.55368674815676,TX
4.8999999999999995,5.101424437229084,,,,PENDING_AT_END
5.25,5.500985054963344,,,,PENDING_AT_END
5.6,5.819766462287687,,,,PENDING_AT_END
5.949999999999999,5.967325376852054,,,,PENDING_AT_END
6.3,6.438162098244242,,,,PENDING_AT_END
6.6499999999999995,6.687394086239663,,,,PENDING_AT_END
7.0,7.187145870719576,,,,PENDING_AT_END
7.35,7.693726258684512,,,,PENDING_AT_END
7.699999999999999,8.038216028130105,,,,PENDING_AT_END
8.049999999999999,8.447513757785122,,,,PENDING_AT_END
8.399999999999999,8.471178172871774,,,,PENDING_AT_END
8.75,8.78860241823445,,,,PENDING_AT_END
9.1,9.275405377398643,,,,PENDING_AT_END
9.45,9.609800427936268,,,,PENDING_AT_END
9.799999999999999,9.913467947339806,,,,PENDING_AT_END
10.149999999999999,10.19423318990443,,,,PENDING_AT_END
10.5,10.660936625661098,,,,PENDING_AT_END
10.85,10.983685844914712,,,,PENDING_AT_END
11.2,11.522904520162978,,,,PENDING_AT_END
11.549999999999999,11.769421803734145,,,,PENDING_AT_END
11.899999999999999,11.92346413451546,,,,PENDING_AT_END
12.25,12.563448615105578,,,,PENDING_AT_END
12.6,12.80896669109171,,,,PENDING_AT_END
12.95,12.97978589761409,,,,PENDING_AT_END
13.299999999999999,13.57380954943971,,,,PENDING_AT_END
13.649999999999999,13.971969136200059,,,,PENDING_AT_END
14.0,14.170931103927348,,,,PENDING_AT_END
14.35,14.69920965482172,,,,PENDING_AT_END
14.7,14.951686936778515,,,,PENDING_AT_END
15.049999999999999,15.394859534075175,,,,PENDING_AT_END
15.399999999999999,15.697648319357512,,,,PENDING_AT_END
15.749999999999998,15.775201377775806,,,,PENDING_AT_END
16.099999999999998,16.15791878959273,,,,PENDING_AT_END
16.45,16.49252425061538,,,,PENDING_AT_END
16.799999999999997,16.854688943491112,,,,PENDING_AT_END
17.15,17.36576784843976,,,,PENDING_AT_END
17.5,17.85510593588132,,,,PENDING_AT_END
17.849999999999998,17.97316986556687,,,,PENDING_AT_END
18.2,18.519003654989913,,,,PENDING_AT_END
18.549999999999997,18.85692580387824,,,,PENDING_AT_END
18.9,18.994566996465927,,,,PENDING_AT_END
19.25,19.43434084299843,,,,PENDING_AT_END
19.599999999999998,19.724575085982554,,,,PENDING_AT_END
19.95,20.295326006078394,,,,PENDING_AT_END
20.299999999999997,20.41406427474721,,,,PENDING_AT_END
20.65,20.878374430239568,,,,PENDING_AT_END
21.0,21.277874219078278,,,,PENDING_AT_END
21.349999999999998,21.440915792470744,,,,PENDING_AT_END
21.7,21.958627040412463,,,,PENDING_AT_END
22.049999999999997,22.278150921826125,,,,PENDING_AT_END
22.4,22.602389800594764,,,,PENDING_AT_END
22.75,23.031122711683686,,,,PENDING_AT_END
23.099999999999998,23.166774565982895,,,,PENDING_AT_END
23.45,23.841523614663434,,,,PENDING_AT_END
23.799999999999997,24.02502248020567,,,,PENDING_AT_END
24.15,24.236730698864363,,,,PENDING_AT_END
24.5,24.764326020838425,,,,PENDING_AT_END
24.849999999999998,25.1431818379972,,,,PENDING_AT_END
25.2,25.482515334068697,,,,PENDING_AT_END
25.549999999999997,25.774787735282416,,,,PENDING_AT_END
25.9,25.936558721111027,,,,PENDING_AT_END
26.25,26.43797458319858,,,,PENDING_AT_END
26.599999999999998,26.70692418569814,,,,PENDING_AT_END
26.95,27.272853785232666,,,,PENDING_AT_END
27.299999999999997,27.34240930469155,,,,PENDING_AT_END
27.65,27.965038013692357,,,,PENDING_AT_END
28.0,28.126689874381583,,,,PENDING_AT_END
28.349999999999998,28.538133928247493,,,,PENDING_AT_END
28.7,28.927060787691108,,,,PENDING_AT_END
29.049999999999997,29.199809429444024,,,,PENDING_AT_END
29.4,29.744989410407747,,,,PENDING_AT_END
29.749999999999996,29.77435958610869,,,,PENDING_AT_END
30.099999999999998,30.206345592151596,,,,PENDING_AT_END
30.45,30.7694442600154,,,,PENDING_AT_END
30.799999999999997,30.937244792643682,,,,PENDING_AT_END
31.15,31.364527042488184,,,,PENDING_AT_END
31.499999999999996,31.726415980350854,,,,PENDING_AT_END
31.849999999999998,32.01173810696428,,,,PENDING_AT_END
32.199999999999996,32.24416623122813,,,,PENDING_AT_END
32.55,32.81924216836151,,,,PENDING_AT_END
32.9,33.23200178828984,,,,PENDING_AT_END
33.25,33.541581690074324,,,,PENDING_AT_END
33.599999999999994,33.794340442848124,,,,PENDING_AT_END
33.949999999999996,34.21822916690264,,,,PENDING_AT_END
34.3,34.567588215173885,,,,PENDING_AT_END
34.65,34.974485977929355,,,,PENDING_AT_END
35.0,35.043640308686776,,,,PENDING_AT_END
35.349999999999994,35.67530308749096,,,,PENDING_AT_END
35.699999999999996,35.928913917481715,,,,PENDING_AT_END
36.05,36.15625695347664,,,,PENDING_AT_END
36.4,36.518021127620635,,,,PENDING_AT_END
36.75,36.88891749102565,,,,PENDING_AT_END
37.099999999999994,37.13164628514936,,,,PENDING_AT_END
37.449999999999996,37.775954177295226,,,,PENDING_AT_END
37.8,38.1083763626625,,,,PENDING_AT_END
38.15,38.316122147237685,,,,PENDING_AT_END
38.5,38.70016137987655,,,,PENDING_AT_END
38.849999999999994,39.18252349973662,,,,PENDING_AT_END
39.199999999999996,39.32235538618597,,,,PENDING_AT_END
39.55,39.82102397014931,,,,PENDING_AT_END
39.9,40.26787206131639,,,,PENDING_AT_END
40.25,40.398316876454544,,,,PENDING_AT_END
40.599999999999994,40.92150216196387,,,,PENDING_AT_END
40.949999999999996,41.27381234245701,,,,PENDING_AT_END
41.3,41.58121609001009,,,,PENDING_AT_END
41.65,41.794943753385574,,,,PENDING_AT_END
42.0,42.08802191411233,,,,PENDING_AT_END
42.349999999999994,42.498065113285676,,,,PENDING_AT_END
42.699999999999996,42.90504844070056,,,,PENDING_AT_END
43.05,43.23679790534247,,,,PENDING_AT_END
43.4,43.63304341676315,,,,PENDING_AT_END
43.75,43.87630640079091,,,,PENDING_AT_END
44.099999999999994,44.10122659012812,,,,PENDING_AT_END
44.449999999999996,44.77785286714066,,,,PENDING_AT_END
44.8,45.1949466858715,,,,PENDING_AT_END
45.15,45.26213382204923,,,,PENDING_AT_END
45.5,45.53967211247445,,,,PENDING_AT_END
45.849999999999994,46.05780110206206,,,,PENDING_AT_END
46.199999999999996,46.457066166001574,,,,PENDING_AT_END
46.55,46.58497061230061,,,,PENDING_AT_END
46.9,47.02218680980926,,,,PENDING_AT_END
47.25,47.564996465539366,,,,PENDING_AT_END
47.599999999999994,47.84473772217059,,,,PENDING_AT_END
47.949999999999996,48.01781618944572,,,,PENDING_AT_END
48.3,48.5469879565601,,,,PENDING_AT_END
48.65,48.92402028045769,,,,PENDING_AT_END
49.0,49.07805477466998,,,,PENDING_AT_END
49.349999999999994,49.51369502961218,,,,PENDING_AT_END
49.699999999999996,49.76716166912542,,,,PENDING_AT_END
50.05,50.23025550889845,,,,PENDING_AT_END
50.4,50.54664436197148,,,,PENDING_AT_END
50.75,51.12928589670234,,,,PENDING_AT_END
51.099999999999994,51.321478564214146,,,,PENDING_AT_END
51.449999999999996,51.591182697637414,,,,PENDING_AT_END
51.8,52.117807758959415,,,,PENDING_AT_END
52.15,52.43645071567544,,,,PENDING_AT_END
52.5,52.736956510891716,,,,PENDING_AT_END
52.849999999999994,53.031720004042796,,,,PENDING_AT_END
53.199999999999996,53.372600943467226,,,,PENDING_AT_END
53.55,53.67029483175082,,,,PENDING_AT_END
53.9,54.197453952952124,,,,PENDING_AT_END
54.25,54.574810099317986,,,,PENDING_AT_END
54.599999999999994,54.931014115618964,,,,PENDING_AT_END
54.949999999999996,55.214237204217675,,,,PENDING_AT_END
55.3,55.31919492827227,,,,PENDING_AT_END
55.65,55.74985433126695,,,,PENDING_AT_END
56.0,56.3142098517132,,,,PENDING_AT_END
56.349999999999994,56.593497060912114,,,,PENDING_AT_END
56.699999999999996,56.96075974542378,,,,PENDING_AT_END
57.05,57.426659113641236,,,,PENDING_AT_END
57.4,57.638025286548874,,,,PENDING_AT_END
57.74999999999999,57.90142539049419,,,,PENDING_AT_END
58.099999999999994,58.282790272758334,,,,PENDING_AT_END
58.449999999999996,58.66544375382821,,,,PENDING_AT_END
58.8,58.86316583020022,,,,PENDING_AT_END
59.15,59.30862537437287,,,,PENDING_AT_END
59.49999999999999,59.53172896973124,,,,PENDING_AT_END
59.849999999999994,60.052851245214896,,,,PENDING_AT_END
60.199999999999996,60.55198802802558,,,,PENDING_AT_END
60.55,60.68105266578152,,,,PENDING_AT_END
60.9,60.90990694841431,,,,PENDING_AT_END
61.24999999999999,61.26656637316612,,,,PENDING_AT_END
61.599999999999994,61.65110448912745,,,,PENDING_AT_END
61.949999999999996,62.17771903466818,,,,PENDING_AT_END
62.3,62.4224276959787,,,,PENDING_AT_END
62.65,62.99485140210087,,,,PENDING_AT_END
62.99999999999999,63.31931742215898,,,,PENDING_AT_END
63.349999999999994,63.39605430069723,,,,PENDING_AT_END
63.699999999999996,64.06561611041899,,,,PENDING_AT_END
64.05,64.38074336121569,,,,PENDING_AT_END
64.39999999999999,64.68725180904092,,,,PENDING_AT_END
64.75,65.0556940315729,,,,PENDING_AT_END
65.1,65.10687441261385,,,,PENDING_AT_END
65.45,65.76332039136598,,,,PENDING_AT_END
65.8,65.87840023950038,,,,PENDING_AT_END
66.14999999999999,66.44683101508089,,,,PENDING_AT_END
66.5,66.81861638745468,,,,PENDING_AT_END
66.85,66.94770361226406,,,,PENDING_AT_END
67.19999999999999,67.35558055027553,,,,PENDING_AT_END
67.55,67.64677773787697,,,,PENDING_AT_END
67.89999999999999,68.13908772629024,,,,PENDING_AT_END
68.25,68.4709091079527,,,,PENDING_AT_END
68.6,68.80595082133567,,,,PENDING_AT_END
68.94999999999999,69.1868002963304,,,,PENDING_AT_END
69.3,69.47042924289902,,,,PENDING_AT_END
69.64999999999999,69.86223273993899,,,,PENDING_AT_END
70.0,70.19303920626908,,,,PENDING_AT_END
70.35,70.73657131788923,,,,PENDING_AT_END
70.69999999999999,70.81033261637432,,,,PENDING_AT_END
71.05,71.25485343970338,,,,PENDING_AT_END
71.39999999999999,71.74770587490652,,,,PENDING_AT_END
71.75,72.02388579618847,,,,PENDING_AT_END
72.1,72.46092471352878,,,,PENDING_AT_END
72.44999999999999,72.84843385458828,,,,PENDING_AT_END
72.8,73.12490461196377,,,,PENDING_AT_END
73.14999999999999,73.22314912726976,,,,PENDING_AT_END
73.5,73.8582117048488,,,,PENDING_AT_END
73.85,73.88274980366151,,,,PENDING_AT_END
74.19999999999999,74.20574770049478,,,,PENDING_AT_END
74.55,74.62704833954241,,,,PENDING_AT_END
74.89999999999999,75.26491445830656,,,,PENDING_AT_END
75.25,75.51306356461214,,,,PENDING_AT_END
75.6,75.76029519746433,,,,PENDING_AT_END
75.94999999999999,76.31441879366847,,,,PENDING_AT_END
76.3,76.46779930463772,,,,PENDING_AT_END
76.64999999999999,76.67209816952858,,,,PENDING_AT_END
77.0,77.30354959141488,,,,PENDING_AT_END
77.35,77.51520411309309,,,,PENDING_AT_END
77.69999999999999,78.05715958983168,,,,PENDING_AT_END
78.05,78.17125040799043,,,,PENDING_AT_END
78.39999999999999,78.69326677100223,,,,PENDING_AT_END
78.75,78.85290746010656,,,,PENDING_AT_END
79.1,79.40052540866091,,,,PENDING_AT_END
79.44999999999999,79.71477496865711,,,,PENDING_AT_END
79.8,79.95230241642254,,,,PENDING_AT_END
80.14999999999999,80.39659491855001,,,,PENDING_AT_END
80.5,80.62099590640562,,,,PENDING_AT_END
80.85,81.10934002717173,,,,PENDING_AT_END
81.19999999999999,81.48624115906972,,,,PENDING_AT_END
81.55,81.55559253814893,,,,PENDING_AT_END
81.89999999999999,82.07720915679396,,,,PENDING_AT_END
82.25,82.49615891757736,,,,PENDING_AT_END
82.6,82.85481651438704,,,,PENDING_AT_END
82.94999999999999,83.33051632451998,,,,PENDING_AT_END
83.3,83.38350687215696,,,,PENDING_AT_END
83.64999999999999,83.99558654438717,,,,PENDING_AT_END
84.0,84.09172616353953,,,,PENDING_AT_END
84.35,84.51393328539854,,,,PENDING_AT_END
84.69999999999999,85.05536208388224,,,,PENDING_AT_END
85.05,85.3006822499324,,,,PENDING_AT_END
85.39999999999999,85.74616725247638,,,,PENDING_AT_END
85.75,85.78755956182573,,,,PENDING_AT_END
86.1,86.48291739986956,,,,PENDING_AT_END
86.44999999999999,86.63443603546187,,,,PENDING_AT_END
86.8,86.81320831256288,,,,PENDING_AT_END
87.14999999999999,87.15790356301214,,,,PENDING_AT_END
87.5,87.83228941650853,,,,PENDING_AT_END
87.85,87.96080420592389,,,,PENDING_AT_END
88.19999999999999,88.37120515484105,,,,PENDING_AT_END
88.55,88.85398116635874,,,,PENDING_AT_END
88.89999999999999,89.29145266980329,,,,PENDING_AT_END
89.25,89.57136668086267,,,,PENDING_AT_END
89.6,89.6915408001282,,,,PENDING_AT_END
89.94999999999999,90.18076235818671,,,,PENDING_AT_END
90.3,90.53177852675775,,,,PENDING_AT_END
90.64999999999999,90.70634987806484,,,,PENDING_AT_END
91.0,91.12346038233781,,,,PENDING_AT_END
91.35,91.74871922452934,,,,PENDING_AT_END
91.69999999999999,92.08002760800079,,,,PENDING_AT_END
92.05,92.34126091377958,,,,PENDING_AT_END
92.39999999999999,92.69521383234765,,,,PENDING_AT_END
92.75,92.9964439209063,,,,PENDING_AT_END
93.1,93.49554061438221,,,,PENDING_AT_END
93.44999999999999,93.6785561235121,,,,PENDING_AT_END
93.8,94.07857047512151,,,,PENDING_AT_END
94.14999999999999,94.5160870869701,,,,PENDING_AT_END
94.5,94.6354517210545,,,,PENDING_AT_END
94.85,95.0474884329914,,,,PENDING_AT_END
95.19999999999999,95.4568132109026,,,,PENDING_AT_END
95.55,95.68042709978364,,,,PENDING_AT_END
95.89999999999999,95.92475071052415,,,,PENDING_AT_END
96.25,96.62978590120733,,,,PENDING_AT_END
96.6,96.98298668047548,,,,PENDING_AT_END
96.94999999999999,96.993843434546,,,,PENDING_AT_END
97.3,97.39727870853118,,,,PENDING_AT_END
97.64999999999999,97.85453165949046,,,,PENDING_AT_END
98.0,98.28638138222689,,,,PENDING_AT_END
98.35,98.71225811791447,,,,PENDING_AT_END
98.69999999999999,98.87741300441044,,,,PENDING_AT_END
99.05,99.19288161408362,,,,PENDING_AT_END
99.39999999999999,99.70561299920577,,,,PENDING_AT_END
99.75,99.91534919338972,,,,PENDING_AT_END
100.1,100.36976244618211,,,,PENDING_AT_END
100.44999999999999,100.78624055679049,,,,PENDING_AT_END
100.8,101.18322708893255,,,,PENDING_AT_END
101.14999999999999,101.21345685751022,,,,PENDING_AT_END
101.5,101.63393913265944,,,,PENDING_AT_END
101.85,102.09418610529451,,,,PENDING_AT_END
102.19999999999999,102.20991574133203,,,,PENDING_AT_END
102.55,102.91444186870704,,,,PENDING_AT_END
102.89999999999999,103.28157556452108,,,,PENDING_AT_END
103.25,103.61773967749932,,,,PENDING_AT_END
103.6,103.8829208505648,,,,PENDING_AT_END
103.94999999999999,104.33591589543144,,,,PENDING_AT_END
104.3,104.49342589888887,,,,PENDING_AT_END
104.64999999999999,104.93306237457544,,,,PENDING_AT_END
105.0,105.11408690740905,,,,PENDING_AT_END
105.35,105.55146168448371,,,,PENDING_AT_END
105.69999999999999,106.07059219070504,,,,PENDING_AT_END
106.05,106.42662309635794,,,,PENDING_AT_END
106.39999999999999,106.44946904413236,,,,PENDING_AT_END
106.75,107.12871679012036,,,,PENDING_AT_END
107.1,107.27824310843357,,,,PENDING_AT_END
107.44999999999999,107.78556289003666,,,,PENDING_AT_END
107.8,108.0149070284043,,,,PENDING_AT_END
108.14999999999999,108.37715163545316,,,,PENDING_AT_END
108.5,108.58064127468023,,,,PENDING_AT_END
108.85,109.10254984567854,,,,PENDING_AT_END
109.19999999999999,109.57299488792609,,,,PENDING_AT_END
109.55,109.90167834234457,,,,PENDING_AT_END
109.89999999999999,110.2527251738082,,,,PENDING_AT_END
110.25,110.34399849916286,,,,PENDING_AT_END
110.6,110.74305661850477,,,,PENDING_AT_END
110.94999999999999,111.20641724069512,,,,PENDING_AT_END
111.3,111.63141605178991,,,,PENDING_AT_END
111.64999999999999,111.85437743695125,,,,PENDING_AT_END
112.0,112.3103550559726,,,,PENDING_AT_END
112.35,112.63108327091098,,,,PENDING_AT_END
112.69999999999999,112.97608476012914,,,,PENDING_AT_END
113.05,113.38589810471522,,,,PENDING_AT_END
113.39999999999999,113.43588150876577,,,,PENDING_AT_END
113.74999999999999,113.7592127013527,,,,PENDING_AT_END
114.1,114.33425275893339,,,,PENDING_AT_END
114.44999999999999,114.56381107653178,,,,PENDING_AT_END
114.8,115.03549543119415,,,,PENDING_AT_END
115.14999999999999,115.50090035934049,,,,PENDING_AT_END
115.49999999999999,115.52799507838206,,,,PENDING_AT_END
115.85,115.8761525041063,,,,PENDING_AT_END
116.19999999999999,116.3018881741585,,,,PENDING_AT_END
116.55,116.57450061197427,,,,PENDING_AT_END
116.89999999999999,117.24397681235045,,,,PENDING_AT_END
117.24999999999999,117.26085208784293,,,,PENDING_AT_END
117.6,117.64688371687797,,,,PENDING_AT_END
117.94999999999999,118.10533444454458,,,,PENDING_AT_END
118.3,118.3393831873792,,,,PENDING_AT_END
118.64999999999999,118.93396459681806,,,,PENDING_AT_END
118.99999999999999,119.30565141714321,,,,PENDING_AT_END
119.35,119.70303573892494,,,,PENDING_AT_END
119.69999999999999,119.83318521443849,,,,PENDING_AT_END
120.05,120.216306555261,,,,PENDING_AT_END
120.39999999999999,120.43067276196795,,,,PENDING_AT_END
120.74999999999999,120.91572778671782,,,,PENDING_AT_END
121.1,121.1113214596173,,,,PENDING_AT_END
121.44999999999999,121.84171923219,,,,PENDING_AT_END
121.8,122.14858108636376,,,,PENDING_AT_END
122.14999999999999,122.3010523571998,,,,PENDING_AT_END
122.49999999999999,122.89225643875109,,,,PENDING_AT_END
122.85,122.92405057050081,,,,PENDING_AT_END
123.19999999999999,123.48287811734929,,,,PENDING_AT_END
123.55,123.79879670477767,,,,PENDING_AT_END
123.89999999999999,124.23895702102571,,,,PENDING_AT_END
124.24999999999999,124.4399388367119,,,,PENDING_AT_END
124.6,124.6419930293267,,,,PENDING_AT_END
124.94999999999999,125.14256114137959,,,,PENDING_AT_END
125.3,125.68141299719433,,,,PENDING_AT_END
125.64999999999999,125.71323693215216,,,,PENDING_AT_END
125.99999999999999,126.21558115677321,,,,PENDING_AT_END
126.35,126.4808373591693,,,,PENDING_AT_END
126.69999999999999,127.08086932861167,,,,PENDING_AT_END
127.05,127.30734541265467,,,,PENDING_AT_END
127.39999999999999,127.61374612976785,,,,PENDING_AT_END
127.74999999999999,128.09693960866585,,,,PENDING_AT_END
128.1,128.12415305312228,,,,PENDING_AT_END
128.45,128.58774048309152,,,,PENDING_AT_END
128.79999999999998,128.8514981135801,,,,PENDING_AT_END
129.15,129.38732684341178,,,,PENDING_AT_END
129.5,129.52507907572192,,,,PENDING_AT_END
129.85,130.1758191962882,,,,PENDING_AT_END
130.2,130.47600886390092,,,,PENDING_AT_END
130.54999999999998,130.87087058551307,,,,PENDING_AT_END
130.9,131.21907174358878,,,,PENDING_AT_END
131.25,131.27946434020566,,,,PENDING_AT_END
131.6,131.80017447459963,,,,PENDING_AT_END
131.95,132.3436364720926,,,,PENDING_AT_END
132.29999999999998,132.44860237576577,,,,PENDING_AT_END
132.65,132.91500903164527,,,,PENDING_AT_END
133.0,133.16604406970197,,,,PENDING_AT_END
133.35,133.50152230472585,,,,PENDING_AT_END
133.7,133.8938318805092,,,,PENDING_AT_END
134.04999999999998,134.22540969732486,,,,PENDING_AT_END
134.39999999999998,134.66409036201958,,,,PENDING_AT_END
134.75,134.7510777393618,,,,PENDING_AT_END
135.1,135.46008181196734,,,,PENDING_AT_END
135.45,135.57030905163998,,,,PENDING_AT_END
135.79999999999998,136.15517396069404,,,,PENDING_AT_END
136.14999999999998,136.5141562464268,,,,PENDING_AT_END
136.5,136.66936037440854,,,,PENDING_AT_END
136.85,137.14958927034374,,,,PENDING_AT_END
137.2,137.3522721934204,,,,PENDING_AT_END
137.54999999999998,137.90847019879126,,,,PENDING_AT_END
137.89999999999998,137.93456743035114,,,,PENDING_AT_END
138.25,138.3931161737662,,,,PENDING_AT_END
138.6,138.7154198080921,,,,PENDING_AT_END
138.95,139.33528472971386,,,,PENDING_AT_END
139.29999999999998,139.6916855600809,,,,PENDING_AT_END
139.64999999999998,139.77666773541142,,,,PENDING_AT_END
140.0,140.30695286483757,,,,PENDING_AT_END
140.35,140.40552944071433,,,,PENDING_AT_END
140.7,141.08455335451112,,,,PENDING_AT_END
141.04999999999998,141.44182740331215,,,,PENDING_AT_END
141.39999999999998,141.70740588790818,,,,PENDING_AT_END
141.75,141.91462163228306,,,,PENDING_AT_END
142.1,142.47767824109158,,,,PENDING_AT_END
142.45,142.76529822478005,,,,PENDING_AT_END
142.79999999999998,143.02806722505645,,,,PENDING_AT_END
143.14999999999998,143.5095630450429,,,,PENDING_AT_END
143.5,143.66446420704222,,,,PENDING_AT_END
143.85,144.02089230303594,,,,PENDING_AT_END
144.2,144.5144564109159,,,,PENDING_AT_END
144.54999999999998,144.87632464173484,,,,PENDING_AT_END
144.89999999999998,144.92034321423284,,,,PENDING_AT_END
145.25,145.43694396185174,,,,PENDING_AT_END
145.6,145.66988989264726,,,,PENDING_AT_END
145.95,146.27231031634676,,,,PENDING_AT_END
146.29999999999998,146.3476560962208,,,,PENDING_AT_END
146.64999999999998,146.97870396665513,,,,PENDING_AT_END
147.0,147.00471944886885,,,,PENDING_AT_END
147.35,147.39574982453425,,,,PENDING_AT_END
147.7,147.7975034579518,,,,PENDING_AT_END
148.04999999999998,148.28609238524868,,,,PENDING_AT_END
148.39999999999998,148.68360988391203,,,,PENDING_AT_END
148.75,148.91961383900303,,,,PENDING_AT_END
149.1,149.36816539776814,,,,PENDING_AT_END
149.45,149.56601635191947,,,,PENDING_AT_END
149.79999999999998,150.0262437610754,,,,PENDING_AT_END
150.14999999999998,150.50010287112286,,,,PENDING_AT_END
150.5,150.69245997978044,,,,PENDING_AT_END
150.85,150.93432405159362,,,,PENDING_AT_END
151.2,151.2939698258191,,,,PENDING_AT_END
151.54999999999998,151.5879796624267,,,,PENDING_AT_END
151.89999999999998,151.99535344263973,,,,PENDING_AT_END
152.25,152.60025095671665,,,,PENDING_AT_END
152.6,152.62906190863137,,,,PENDING_AT_END
152.95,153.09255175734967,,,,PENDING_AT_END
153.29999999999998,153.60091995488895,,,,PENDING_AT_END
153.64999999999998,153.9950638964209,,,,PENDING_AT_END
154.0,154.02170352360474,,,,PENDING_AT_END
154.35,154.56546317405204,,,,PENDING_AT_END
154.7,154.7049103705017,,,,PENDING_AT_END
155.04999999999998,155.32491698759296,,,,PENDING_AT_END
155.39999999999998,155.58891331406755,,,,PENDING_AT_END
155.75,155.87228741828335,,,,PENDING_AT_END
156.1,156.46730247145953,,,,PENDING_AT_END
156.45,156.65159771794333,,,,PENDING_AT_END
156.79999999999998,157.10009509399683,,,,PENDING_AT_END
157.14999999999998,157.54689072771782,,,,PENDING_AT_END
157.5,157.65080720488334,,,,PENDING_AT_END
157.85,158.1235423142863,,,,PENDING_AT_END
158.2,158.4821559358271,,,,PENDING_AT_END
158.54999999999998,158.66586308455558,,,,PENDING_AT_END
158.89999999999998,158.99242458617914,,,,PENDING_AT_END
159.25,159.31084240682293,,,,PENDING_AT_END
159.6,159.6477217642699,,,,PENDING_AT_END
159.95,160.02871609026192,,,,PENDING_AT_END
160.29999999999998,160.3176447247,,,,PENDING_AT_END
160.64999999999998,160.965671684813,,,,PENDING_AT_END
161.0,161.3177030145901,,,,PENDING_AT_END
161.35,161.40135321377736,,,,PENDING_AT_END
161.7,161.92802954545226,,,,PENDING_AT_END
162.04999999999998,162.3055955119423,,,,PENDING_AT_END
162.39999999999998,162.65981019540874,,,,PENDING_AT_END
162.75,162.8585300864322,,,,PENDING_AT_END
163.1,163.19863568059677,,,,PENDING_AT_END
163.45,163.63037527525972,,,,PENDING_AT_END
163.79999999999998,163.89323691682702,,,,PENDING_AT_END
164.14999999999998,164.2293390505456,,,,PENDING_AT_END
164.5,164.72401527542002,,,,PENDING_AT_END
164.85,165.23586390586937,,,,PENDING_AT_END
165.2,165.30077332403135,,,,PENDING_AT_END
165.54999999999998,165.61413032301206,,,,PENDING_AT_END
165.89999999999998,166.0867482470037,,,,PENDING_AT_END
166.25,166.279381367954,,,,PENDING_AT_END
166.6,166.91856783065575,,,,PENDING_AT_END
166.95,167.18832168695326,,,,PENDING_AT_END
167.29999999999998,167.66398006275168,,,,PENDING_AT_END
167.64999999999998,167.93467690296444,,,,PENDING_AT_END
168.0,168.12537972922655,,,,PENDING_AT_END
168.35,168.60619166741103,,,,PENDING_AT_END
168.7,169.0176993152586,,,,PENDING_AT_END
169.04999999999998,169.24210858712243,,,,PENDING_AT_END
169.39999999999998,169.72925628235896,,,,PENDING_AT_END
169.75,170.11565834011202,,,,PENDING_AT_END
170.1,170.22882506447112,,,,PENDING_AT_END
170.45,170.8257340290774,,,,PENDING_AT_END
170.79999999999998,171.19260238280035,,,,PENDING_AT_END
171.14999999999998,171.30202467455894,,,,PENDING_AT_END
171.5,171.7688926678461,,,,PENDING_AT_END
171.85,172.02336945850234,,,,PENDING_AT_END
172.2,172.37906835289073,,,,PENDING_AT_END
172.54999999999998,172.94653556178392,,,,PENDING_AT_END
172.89999999999998,173.06403573234763,,,,PENDING_AT_END
173.25,173.44396756616283,,,,PENDING_AT_END
173.6,173.6588090368284,,,,PENDING_AT_END
173.95,174.0337101438322,,,,PENDING_AT_END
174.29999999999998,174.5923632405334,,,,PENDING_AT_END
174.64999999999998,174.81195759368478,,,,PENDING_AT_END
175.0,175.32762731855235,,,,PENDING_AT_END
175.35,175.57480457490865,,,,PENDING_AT_END
175.7,175.80499071337852,,,,PENDING_AT_END
176.04999999999998,176.18079210906043,,,,PENDING_AT_END
176.39999999999998,176.63711646931097,,,,PENDING_AT_END
176.75,176.88637188406943,,,,PENDING_AT_END
177.1,177.37443906166718,,,,PENDING_AT_END
177.45,177.7846248730698,,,,PENDING_AT_END
177.79999999999998,178.03844326890513,,,,PENDING_AT_END
178.14999999999998,178.48446766448467,,,,PENDING_AT_END
178.5,178.50994100664167,,,,PENDING_AT_END
178.85,179.18691343220908,,,,PENDING_AT_END
179.2,179.292801708424,,,,PENDING_AT_END
179.54999999999998,179.71890859496986,,,,PENDING_AT_END
179.89999999999998,180.13374870559926,,,,PENDING_AT_END
180.25,180.50447275113527,,,,PENDING_AT_END
180.6,180.76203070894698,,,,PENDING_AT_END
180.95,181.1236528395292,,,,PENDING_AT_END
181.29999999999998,181.6719364977831,,,,PENDING_AT_END
181.64999999999998,182.03815409463976,,,,PENDING_AT_END
182.0,182.3603986592857,,,,PENDING_AT_END
182.35,182.37817382645315,,,,PENDING_AT_END
182.7,183.03473750024045,,,,PENDING_AT_END
183.04999999999998,183.29284770047602,,,,PENDING_AT_END
183.39999999999998,183.65262469993502,,,,PENDING_AT_END
183.75,184.0776138148222,,,,PENDING_AT_END
184.1,184.13620178028688,,,,PENDING_AT_END
184.45,184.46636505012174,,,,PENDING_AT_END
184.79999999999998,184.93464288897465,,,,PENDING_AT_END
185.14999999999998,185.22101422995155,,,,PENDING_AT_END
185.5,185.72158147980593,,,,PENDING_AT_END
185.85,185.9473897185541,,,,PENDING_AT_END
186.2,186.48661506693344,,,,PENDING_AT_END
186.54999999999998,186.9180010236304,,,,PENDING_AT_END
186.89999999999998,186.9718697653219,,,,PENDING_AT_END
187.25,187.3829399246705,,,,PENDING_AT_END
187.6,187.88888026386573,,,,PENDING_AT_END
187.95,188.10013586528345,,,,PENDING_AT_END
188.29999999999998,188.5243306524446,,,,PENDING_AT_END
188.64999999999998,189.00735798854151,,,,PENDING_AT_END
189.0,189.12730050717659,,,,PENDING_AT_END
189.35,189.38022311457027,,,,PENDING_AT_END
189.7,190.03807321696604,,,,PENDING_AT_END
190.04999999999998,190.08088337688523,,,,PENDING_AT_END
190.39999999999998,190.42224847967003,,,,PENDING_AT_END
190.75,191.08011939640022,,,,PENDING_AT_END
191.1,191.2383470597612,,,,PENDING_AT_END
191.45,191.5754478533687,,,,PENDING_AT_END
191.79999999999998,191.8375421053669,,,,PENDING_AT_END
192.14999999999998,192.35607514426079,,,,PENDING_AT_END
192.5,192.87305391360792,,,,PENDING_AT_END
192.85,192.91835951556217,,,,PENDING_AT_END
193.2,193.36610485957158,,,,PENDING_AT_END
193.54999999999998,193.7959128134573,,,,PENDING_AT_END
193.89999999999998,193.97874686830914,,,,PENDING_AT_END
194.25,194.55531118017234,,,,PENDING_AT_END
194.6,194.80437493487594,,,,PENDING_AT_END
194.95,195.04177552406975,,,,PENDING_AT_END
195.29999999999998,195.4097867212283,,,,PENDING_AT_END
195.64999999999998,196.00009847168718,,,,PENDING_AT_END
196.0,196.37000575546904,,,,PENDING_AT_END
196.35,196.50462682201297,,,,PENDING_AT_END
196.7,196.71897045770731,,,,PENDING_AT_END
197.04999999999998,197.11011752183126,,,,PENDING_AT_END
197.39999999999998,197.41328929579947,,,,PENDING_AT_END
197.75,198.1153460332829,,,,PENDING_AT_END
198.1,198.3187322662619,,,,PENDING_AT_END
198.45,198.50663877096156,,,,PENDING_AT_END
198.79999999999998,198.92672338231048,,,,PENDING_AT_END
199.14999999999998,199.30202035551827,,,,PENDING_AT_END
199.5,199.77111852308144,,,,PENDING_AT_END
199.85,200.1226170736592,,,,PENDING_AT_END
200.2,200.23052620809426,,,,PENDING_AT_END
200.54999999999998,200.6271054828226,,,,PENDING_AT_END
200.89999999999998,201.1022718951137,,,,PENDING_AT_END
201.25,201.3996543410155,,,,PENDING_AT_END
201.6,201.74183058888596,,,,PENDING_AT_END
201.95,202.11047698431258,,,,PENDING_AT_END
202.29999999999998,202.41401736401494,,,,PENDING_AT_END
202.64999999999998,202.66512027863547,,,,PENDING_AT_END
203.0,203.11944429526767,,,,PENDING_AT_END
203.35,203.55586175879264,,,,PENDING_AT_END
203.7,204.06648319502347,,,,PENDING_AT_END
204.04999999999998,204.40355963431975,,,,PENDING_AT_END
204.39999999999998,204.611422453913,,,,PENDING_AT_END
204.75,205.06997094195373,,,,PENDING_AT_END
205.1,205.33809872451698,,,,PENDING_AT_END
205.45,205.4823164154139,,,,PENDING_AT_END
205.79999999999998,205.98674364845076,,,,PENDING_AT_END
206.14999999999998,206.15237515538524,,,,PENDING_AT_END
206.5,206.80687775163904,,,,PENDING_AT_END
206.85,207.20593812582572,,,,PENDING_AT_END
207.2,207.367734352049,,,,PENDING_AT_END
207.54999999999998,207.92081969488416,,,,PENDING_AT_END
207.89999999999998,208.001668466203,,,,PENDING_AT_END
208.25,208.53145080363424,,,,PENDING_AT_END
208.6,208.89489257934113,,,,PENDING_AT_END
208.95,209.3440593798677,,,,PENDING_AT_END
209.29999999999998,209.6801755804722,,,,PENDING_AT_END
209.64999999999998,209.82092894943162,,,,PENDING_AT_END
210.0,210.3674526796355,,,,PENDING_AT_END
210.35,210.52644190505927,,,,PENDING_AT_END
210.7,210.7109004556611,,,,PENDING_AT_END
211.04999999999998,211.08218605810518,,,,PENDING_AT_END
211.39999999999998,211.48594802741212,,,,PENDING_AT_END
211.75,211.87549864372147,,,,PENDING_AT_END
212.1,212.15892343874177,,,,PENDING_AT_END
212.45,212.4533450426561,,,,PENDING_AT_END
212.79999999999998,212.9684693878955,,,,PENDING_AT_END
213.14999999999998,213.29441308213944,,,,PENDING_AT_END
213.5,213.6575495857091,,,,PENDING_AT_END
213.85,213.89204668772138,,,,PENDING_AT_END
214.2,214.3619499364782,,,,PENDING_AT_END
214.54999999999998,214.80822626783188,,,,PENDING_AT_END
214.89999999999998,214.97297679439959,,,,PENDING_AT_END
215.25,215.52368843796734,,,,PENDING_AT_END
215.6,215.73278939304666,,,,PENDING_AT_END
215.95,216.1691264832662,,,,PENDING_AT_END
216.29999999999998,216.44244850689736,,,,PENDING_AT_END
216.64999999999998,216.86747562667733,,,,PENDING_AT_END
217.0,217.07073198798662,,,,PENDING_AT_END
217.35,217.39042252516325,,,,PENDING_AT_END
217.7,217.76869973877035,,,,PENDING_AT_END
218.04999999999998,218.25481470793702,,,,PENDING_AT_END
218.39999999999998,218.7822777199794,,,,PENDING_AT_END
218.75,218.96185244416301,,,,PENDING_AT_END
219.1,219.1832223229588,,,,PENDING_AT_END
219.45,219.57851785068516,,,,PENDING_AT_END
219.79999999999998,219.90055339878265,,,,PENDING_AT_END
220.14999999999998,220.19082959968148,,,,PENDING_AT_END
220.5,220.59793179046193,,,,PENDING_AT_END
220.85,220.88786837052842,,,,PENDING_AT_END
221.2,221.56739860713907,,,,PENDING_AT_END
221.54999999999998,221.7804127611233,,,,PENDING_AT_END
221.89999999999998,221.97146602092948,,,,PENDING_AT_END
222.25,222.60350770912686,,,,PENDING_AT_END
222.6,222.78448650215162,,,,PENDING_AT_END
222.95,223.04299832701537,,,,PENDING_AT_END
223.29999999999998,223.3771223690985,,,,PENDING_AT_END
223.64999999999998,223.70955813922296,,,,PENDING_AT_END
224.0,224.3593259120119,,,,PENDING_AT_END
224.35,224.67094379993281,,,,PENDING_AT_END
224.7,224.84173654686867,,,,PENDING_AT_END
225.04999999999998,225.08645710362148,,,,PENDING_AT_END
225.39999999999998,225.77633883568632,,,,PENDING_AT_END
225.74999999999997,225.85516942634294,,,,PENDING_AT_END
226.1,226.1896043360919,,,,PENDING_AT_END
226.45,226.66686184414675,,,,PENDING_AT_END
226.79999999999998,226.91644811427736,,,,PENDING_AT_END
227.14999999999998,227.23862300243798,,,,PENDING_AT_END
227.49999999999997,227.51339036754408,,,,PENDING_AT_END
227.85,227.86462674787842,,,,PENDING_AT_END
228.2,228.32963311853922,,,,PENDING_AT_END
228.54999999999998,228.56807208447148,,,,PENDING_AT_END
228.89999999999998,229.07947259656203,,,,PENDING_AT_END
229.24999999999997,229.3675191482911,,,,PENDING_AT_END
229.6,229.91701828086545,,,,PENDING_AT_END
229.95,230.12449265598423,,,,PENDING_AT_END
230.29999999999998,230.33511483808078,,,,PENDING_AT_END
230.64999999999998,230.69364843354623,,,,PENDING_AT_END
230.99999999999997,231.08795521064067,,,,PENDING_AT_END
231.35,231.5757839212466,,,,PENDING_AT_END
231.7,231.7269911487171,,,,PENDING_AT_END
232.04999999999998,232.43269469591243,,,,PENDING_AT_END
232.39999999999998,232.78804471278113,,,,PENDING_AT_END
232.74999999999997,233.14135677639425,,,,PENDING_AT_END
233.1,233.42994508916237,,,,PENDING_AT_END
233.45,233.72778904468765,,,,PENDING_AT_END
233.79999999999998,233.98931882426112,,,,PENDING_AT_END
234.14999999999998,234.3534343490042,,,,PENDING_AT_END
234.49999999999997,234.68921388334982,,,,PENDING_AT_END
234.85,234.88419408543083,,,,PENDING_AT_END
235.2,235.3808477375257,,,,PENDING_AT_END
235.54999999999998,235.79383968102243,,,,PENDING_AT_END
235.89999999999998,236.14059042081772,,,,PENDING_AT_END
236.24999999999997,236.44565431228594,,,,PENDING_AT_END
236.6,236.91552545518883,,,,PENDING_AT_END
236.95,236.98437131525543,,,,PENDING_AT_END
237.29999999999998,237.63024068337623,,,,PENDING_AT_END
237.64999999999998,237.93135325457644,,,,PENDING_AT_END
237.99999999999997,238.2153102959488,,,,PENDING_AT_END
238.35,238.43045102302025,,,,PENDING_AT_END
238.7,238.7957124061403,,,,PENDING_AT_END
239.04999999999998,239.1344533385496,,,,PENDING_AT_END
239.39999999999998,239.56937250901456,,,,PENDING_AT_END
239.74999999999997,239.8882125525627,,,,PENDING_AT_END
240.1,240.36250278836698,,,,PENDING_AT_END
240.45,240.81893679143093,,,,PENDING_AT_END
240.79999999999998,241.11927541032557,,,,PENDING_AT_END
241.14999999999998,241.4584183734567,,,,PENDING_AT_END
241.49999999999997,241.52778310847853,,,,PENDING_AT_END
241.85,241.9923250983442,,,,PENDING_AT_END
242.2,242.25239670487196,,,,PENDING_AT_END
242.54999999999998,242.6055491358177,,,,PENDING_AT_END
242.89999999999998,243.1791654733076,,,,PENDING_AT_END
243.24999999999997,243.31156890961992,,,,PENDING_AT_END
243.6,243.65161379253922,,,,PENDING_AT_END
243.95,244.286028046738,,,,PENDING_AT_END
244.29999999999998,244.54816478322212,,,,PENDING_AT_END
244.64999999999998,244.68972160714497,,,,PENDING_AT_END
244.99999999999997,245.19596722858242,,,,PENDING_AT_END
245.35,245.73031740387202,,,,PENDING_AT_END
245.7,245.71103305826756,,,,PENDING_AT_END
246.04999999999998,246.084943678418,,,,PENDING_AT_END
246.39999999999998,246.46886255900233,,,,PENDING_AT_END
246.74999999999997,246.76834958657932,,,,PENDING_AT_END
247.1,247.23774858349285,,,,PENDING_AT_END
247.45,247.74027901238412,,,,PENDING_AT_END
247.79999999999998,248.1412333290049,,,,PENDING_AT_END
248.14999999999998,248.42638088484966,,,,PENDING_AT_END
248.49999999999997,248.68112894648843,,,,PENDING_AT_END
248.85,249.11011822995752,,,,PENDING_AT_END
249.2,249.30834389193672,,,,PENDING_AT_END
249.54999999999998,249.7689752480729,,,,PENDING_AT_END
249.89999999999998,250.1385747866342,,,,PENDING_AT_END
250.24999999999997,250.3488543159415,,,,PENDING_AT_END
250.6,250.88175464479875,,,,PENDING_AT_END
250.95,250.99607068029587,,,,PENDING_AT_END
251.29999999999998,251.52536344680388,,,,PENDING_AT_END
251.64999999999998,251.87879506478504,,,,PENDING_AT_END
251.99999999999997,252.22028221859298,,,,PENDING_AT_END
252.35,252.49499358028865,,,,PENDING_AT_END
252.7,252.71347983291253,,,,PENDING_AT_END
253.04999999999998,253.10532236301165,,,,PENDING_AT_END
253.39999999999998,253.52964279843104,,,,PENDING_AT_END
253.74999999999997,253.9086435430825,,,,PENDING_AT_END
254.1,254.20162934369134,,,,PENDING_AT_END
254.45,254.74667879307714,,,,PENDING_AT_END
254.79999999999998,254.95451672680397,,,,PENDING_AT_END
255.14999999999998,255.40292896134127,,,,PENDING_AT_END
255.49999999999997,255.65854602547662,,,,PENDING_AT_END
255.85,256.210806021715,,,,PENDING_AT_END
256.2,256.5645113919289,,,,PENDING_AT_END
256.55,256.9011374789689,,,,PENDING_AT_END
256.9,256.90432088687817,,,,PENDING_AT_END
257.25,257.4543105648444,,,,PENDING_AT_END
257.59999999999997,257.8441621045376,,,,PENDING_AT_END
257.95,258.32899640801617,,,,PENDING_AT_END
258.3,258.6213070648177,,,,PENDING_AT_END
258.65,258.6776542226496,,,,PENDING_AT_END
259.0,259.1998015692351,,,,PENDING_AT_END
259.34999999999997,259.42143150716726,,,,PENDING_AT_END
259.7,260.0734601566972,,,,PENDING_AT_END
260.05,260.05125389327173,,,,PENDING_AT_END
260.4,260.7089131725751,,,,PENDING_AT_END
260.75,261.03119246437404,,,,PENDING_AT_END
261.09999999999997,261.46218475301913,,,,PENDING_AT_END
261.45,261.61520169130034,,,,PENDING_AT_END
261.8,261.8609953570464,,,,PENDING_AT_END
262.15,262.36469272941804,,,,PENDING_AT_END
262.5,262.5705767120878,,,,PENDING_AT_END
262.84999999999997,263.15718290555964,,,,PENDING_AT_END
263.2,263.33146676424786,,,,PENDING_AT_END
263.55,263.68826381040907,,,,PENDING_AT_END
263.9,264.10360440132354,,,,PENDING_AT_END
264.25,264.3779271360122,,,,PENDING_AT_END
264.59999999999997,264.67622441975294,,,,PENDING_AT_END
264.95,265.00171510337526,,,,PENDING_AT_END
265.3,265.4264486299738,,,,PENDING_AT_END
265.65,265.7562973782984,,,,PENDING_AT_END
266.0,266.27682809908856,,,,PENDING_AT_END
266.34999999999997,266.41153471765205,,,,PENDING_AT_END
266.7,266.7243998902192,,,,PENDING_AT_END
267.05,267.1559418681065,,,,PENDING_AT_END
267.4,267.60944878242185,,,,PENDING_AT_END
267.75,267.86820258580485,,,,PENDING_AT_END
268.09999999999997,268.49135487208156,,,,PENDING_AT_END
268.45,268.73473090456883,,,,PENDING_AT_END
268.79999999999995,268.8625980257352,,,,PENDING_AT_END
269.15,269.4596523345833,,,,PENDING_AT_END
269.5,269.60709224896755,,,,PENDING_AT_END
269.84999999999997,270.17598677035375,,,,PENDING_AT_END
270.2,270.32308955591037,,,,PENDING_AT_END
270.54999999999995,270.9488968304812,,,,PENDING_AT_END
270.9,271.0998106468776,,,,PENDING_AT_END
271.25,271.60023121412144,,,,PENDING_AT_END
271.59999999999997,271.78732601459836,,,,PENDING_AT_END
271.95,272.1291742270951,,,,PENDING_AT_END
272.29999999999995,272.6071718993405,,,,PENDING_AT_END
272.65,272.9693737990922,,,,PENDING_AT_END
273.0,273.3609603275926,,,,PENDING_AT_END
273.34999999999997,273.6913175332929,,,,PENDING_AT_END
273.7,274.0792235468701,,,,PENDING_AT_END
274.04999999999995,274.3803528121434,,,,PENDING_AT_END
274.4,274.4351875397791,,,,PENDING_AT_END
274.75,275.00716649147773,,,,PENDING_AT_END
275.09999999999997,275.11342608782644,,,,PENDING_AT_END
275.45,275.84807365794774,,,,PENDING_AT_END
275.79999999999995,276.10959385621675,,,,PENDING_AT_END
276.15,276.459384146159,,,,PENDING_AT_END
276.5,276.7577720158173,,,,PENDING_AT_END
276.84999999999997,277.1956967418184,,,,PENDING_AT_END
277.2,277.4656424271796,,,,PENDING_AT_END
277.54999999999995,277.638805543966,,,,PENDING_AT_END
277.9,278.24453487856,,,,PENDING_AT_END
278.25,278.2644346221024,,,,PENDING_AT_END
278.59999999999997,278.70998932783124,,,,PENDING_AT_END
278.95,279.16152248059376,,,,PENDING_AT_END
279.29999999999995,279.43733517755857,,,,PENDING_AT_END
279.65,280.0408623327172,,,,PENDING_AT_END
280.0,280.18335354874785,,,,PENDING_AT_END
280.34999999999997,280.41883960249453,,,,PENDING_AT_END
280.7,280.71804718444565,,,,PENDING_AT_END
281.04999999999995,281.4189808849569,,,,PENDING_AT_END
281.4,281.79767634893653,,,,PENDING_AT_END
281.75,282.01353642174547,,,,PENDING_AT_END
282.09999999999997,282.2336970057416,,,,PENDING_AT_END
282.45,282.83949370420675,,,,PENDING_AT_END
282.79999999999995,283.1787875110617,,,,PENDING_AT_END
283.15,283.2769495543249,,,,PENDING_AT_END
283.5,283.64645133443764,,,,PENDING_AT_END
283.84999999999997,284.10617810145465,,,,PENDING_AT_END
284.2,284.5869928760987,,,,PENDING_AT_END
284.54999999999995,284.6447734705813,,,,PENDING_AT_END
284.9,284.9758870495523,,,,PENDING_AT_END
285.25,285.40036525748064,,,,PENDING_AT_END
285.59999999999997,285.6193922354416,,,,PENDING_AT_END
285.95,286.3465978656348,,,,PENDING_AT_END
286.29999999999995,286.61655902397433,,,,PENDING_AT_END
286.65,286.83713019686684,,,,PENDING_AT_END
287.0,287.29229040609914,,,,PENDING_AT_END
287.34999999999997,287.6997795722336,,,,PENDING_AT_END
287.7,287.98072133804766,,,,PENDING_AT_END
288.04999999999995,288.3412799460227,,,,PENDING_AT_END
288.4,288.65207993188426,,,,PENDING_AT_END
288.75,289.13497997713625,,,,PENDING_AT_END
289.09999999999997,289.39422514023244,,,,PENDING_AT_END
289.45,289.8412872120404,,,,PENDING_AT_END
289.79999999999995,289.89401661798865,,,,PENDING_AT_END
290.15,290.26631538396964,,,,PENDING_AT_END
290.5,290.5107544194698,,,,PENDING_AT_END
290.84999999999997,291.11533228598995,,,,PENDING_AT_END
291.2,291.50059658860033,,,,PENDING_AT_END
291.54999999999995,291.85353391181104,,,,PENDING_AT_END
291.9,292.03979905848917,,,,PENDING_AT_END
292.25,292.60453385751237,,,,PENDING_AT_END
292.59999999999997,292.87702117589237,,,,PENDING_AT_END
292.95,292.9880421835134,,,,PENDING_AT_END
293.29999999999995,293.3547088454096,,,,PENDING_AT_END
293.65,293.6542008361812,,,,PENDING_AT_END
294.0,294.3114551734026,,,,PENDING_AT_END
294.34999999999997,294.5544214899166,,,,PENDING_AT_END
294.7,295.04966096181175,,,,PENDING_AT_END
295.04999999999995,295.44031044772,,,,PENDING_AT_END
295.4,295.4874775749337,,,,PENDING_AT_END
295.75,296.03497758663127,,,,PENDING_AT_END
296.09999999999997,296.4461141680736,,,,PENDING_AT_END
296.45,296.58169156840546,,,,PENDING_AT_END
296.79999999999995,296.8260012759522,,,,PENDING_AT_END
297.15,297.4580393285995,,,,PENDING_AT_END
297.5,297.7551735584385,,,,PENDING_AT_END
297.84999999999997,297.96186847364487,,,,PENDING_AT_END
298.2,298.4600691316279,,,,PENDING_AT_END
298.54999999999995,298.87796727091825,,,,PENDING_AT_END
298.9,299.04130292134255,,,,PENDING_AT_END
299.25,299.53981100609315,,,,PENDING_AT_END
299.59999999999997,299.748079367426,,,,PENDING_AT_END
299.95,300.28536828397563,,,,PENDING_AT_END
300.29999999999995,300.3590004455307,,,,PENDING_AT_END
300.65,301.00360775725255,,,,PENDING_AT_END
301.0,301.36540309266945,,,,PENDING_AT_END
301.34999999999997,301.52411269714713,,,,PENDING_AT_END
301.7,301.9719696757564,,,,PENDING_AT_END
302.04999999999995,302.3904249615557,,,,PENDING_AT_END
302.4,302.78464391614636,,,,PENDING_AT_END
302.75,303.14679717810077,,,,PENDING_AT_END
303.09999999999997,303.17586465531105,,,,PENDING_AT_END
303.45,303.75307553151737,,,,PENDING_AT_END
303.79999999999995,304.19715291607804,,,,PENDING_AT_END
304.15,304.37032427248937,,,,PENDING_AT_END
304.5,304.6781610305072,,,,PENDING_AT_END
304.84999999999997,304.9182579065203,,,,PENDING_AT_END
305.2,305.22971710839664,,,,PENDING_AT_END
305.54999999999995,305.6285724312305,,,,PENDING_AT_END
305.9,305.9740707983751,,,,PENDING_AT_END
306.25,306.4478455072941,,,,PENDING_AT_END
306.59999999999997,306.6746042463944,,,,PENDING_AT_END
306.95,307.2629817427115,,,,PENDING_AT_END
307.29999999999995,307.4204211661306,,,,PENDING_AT_END
307.65,307.8689219572799,,,,PENDING_AT_END
308.0,308.0037442613914,,,,PENDING_AT_END
308.34999999999997,308.35993172231923,,,,PENDING_AT_END
308.7,308.80935983465696,,,,PENDING_AT_END
309.04999999999995,309.13671340137705,,,,PENDING_AT_END
309.4,309.5155317046473,,,,PENDING_AT_END
309.75,309.9072878593606,,,,PENDING_AT_END
310.09999999999997,310.47202411945153,,,,PENDING_AT_END
310.45,310.77816207161317,,,,PENDING_AT_END
310.79999999999995,310.99999753225563,,,,PENDING_AT_END
311.15,311.4400794920434,,,,PENDING_AT_END
311.5,311.82044083954213,,,,PENDING_AT_END
311.84999999999997,312.18741184810784,,,,PENDING_AT_END
312.2,312.4001037927606,,,,PENDING_AT_END
312.54999999999995,312.7474017296836,,,,PENDING_AT_END
312.9,313.09365221910525,,,,PENDING_AT_END
313.25,313.36041841439373,,,,PENDING_AT_END
313.59999999999997,313.69692694603617,,,,PENDING_AT_END
313.95,314.0549537285198,,,,PENDING_AT_END
314.29999999999995,314.4792682682495,,,,PENDING_AT_END
314.65,314.9232147247228,,,,PENDING_AT_END
315.0,315.1062441881402,,,,PENDING_AT_END
315.34999999999997,315.7180450663935,,,,PENDING_AT_END
315.7,316.01709706695357,,,,PENDING_AT_END
316.04999999999995,316.1553688296283,,,,PENDING_AT_END
316.4,316.49585860357627,,,,PENDING_AT_END
316.75,317.0795114889413,,,,PENDING_AT_END
317.09999999999997,317.497898058246,,,,PENDING_AT_END
317.45,317.81389317752377,,,,PENDING_AT_END
317.79999999999995,317.8582955617844,,,,PENDING_AT_END
318.15,318.37103930657577,,,,PENDING_AT_END
318.5,318.5601729134812,,,,PENDING_AT_END
318.84999999999997,319.1214516024815,,,,PENDING_AT_END
319.2,319.4285090375069,,,,PENDING_AT_END
319.54999999999995,319.67293527960123,,,,PENDING_AT_END
319.9,320.12296495523526,,,,PENDING_AT_END
320.25,320.4735518221937,,,,PENDING_AT_END
320.59999999999997,320.898846664397,,,,PENDING_AT_END
320.95,321.33433251230775,,,,PENDING_AT_END
321.29999999999995,321.4397405611793,,,,PENDING_AT_END
321.65,321.80484632958326,,,,PENDING_AT_END
322.0,322.14735973654797,,,,PENDING_AT_END
322.34999999999997,322.57051741329536,,,,PENDING_AT_END
322.7,322.87345171801275,,,,PENDING_AT_END
323.04999999999995,323.4020124551553,,,,PENDING_AT_END
323.4,323.652546977244,,,,PENDING_AT_END
323.75,324.1257504456188,,,,PENDING_AT_END
324.09999999999997,324.3714760922223,,,,PENDING_AT_END
324.45,324.68118678107936,,,,PENDING_AT_END
324.79999999999995,325.1817737761329,,,,PENDING_AT_END
325.15,325.5360858924324,,,,PENDING_AT_END
325.5,325.8744932384034,,,,PENDING_AT_END
325.84999999999997,325.85123695286046,,,,PENDING_AT_END
326.2,326.52024484504517,,,,PENDING_AT_END
326.54999999999995,326.82225983677563,,,,PENDING_AT_END
326.9,327.2267664415797,,,,PENDING_AT_END
327.25,327.28730793611135,,,,PENDING_AT_END
327.59999999999997,327.7687604342305,,,,PENDING_AT_END
327.95,328.0379084299081,,,,PENDING_AT_END
328.29999999999995,328.6070507186895,,,,PENDING_AT_END
328.65,328.90915604862437,,,,PENDING_AT_END
329.0,329.15770628620317,,,,PENDING_AT_END
329.34999999999997,329.4351953469656,,,,PENDING_AT_END
329.7,329.74323442728786,,,,PENDING_AT_END
330.04999999999995,330.1235348959907,,,,PENDING_AT_END
330.4,330.74046593089076,,,,PENDING_AT_END
330.75,331.0477843041796,,,,PENDING_AT_END
331.09999999999997,331.4210567918536,,,,PENDING_AT_END
331.45,331.56062655101954,,,,PENDING_AT_END
331.79999999999995,332.10502985678977,,,,PENDING_AT_END
332.15,332.3046824326327,,,,PENDING_AT_END
332.5,332.6149626957791,,,,PENDING_AT_END
332.84999999999997,332.9788898344155,,,,PENDING_AT_END
333.2,333.54438780963204,,,,PENDING_AT_END
333.54999999999995,333.90295386821197,,,,PENDING_AT_END
333.9,334.0533630987153,,,,PENDING_AT_END
334.25,334.51561831225433,,,,PENDING_AT_END
334.59999999999997,334.7335805964528,,,,PENDING_AT_END
334.95,335.22920848850794,,,,PENDING_AT_END
335.29999999999995,335.30450140888695,,,,PENDING_AT_END
335.65,335.91570494779364,,,,PENDING_AT_END
336.0,336.19762455948137,,,,PENDING_AT_END
336.34999999999997,336.6088343207287,,,,PENDING_AT_END
336.7,336.81188127636614,,,,PENDING_AT_END
337.04999999999995,337.34345325622735,,,,PENDING_AT_END
337.4,337.431803399311,,,,PENDING_AT_END
337.75,338.11127004396235,,,,PENDING_AT_END
338.09999999999997,338.39210362452155,,,,PENDING_AT_END
338.45,338.682686312223,,,,PENDING_AT_END
338.79999999999995,338.84474610046186,,,,PENDING_AT_END
339.15,339.45134043735493,,,,PENDING_AT_END
339.5,339.68413796345146,,,,PENDING_AT_END
339.84999999999997,339.94029607860017,,,,PENDING_AT_END
340.2,340.48264831460045,,,,PENDING_AT_END
340.54999999999995,340.8844764451186,,,,PENDING_AT_END
340.9,341.22987269902455,,,,PENDING_AT_END
341.25,341.5721251386377,,,,PENDING_AT_END
341.59999999999997,341.90715441005403,,,,PENDING_AT_END
341.95,342.0737072288708,,,,PENDING_AT_END
342.29999999999995,342.5499082395388,,,,PENDING_AT_END
342.65,342.67989865472407,,,,PENDING_AT_END
343.0,343.22270409550936,,,,PENDING_AT_END
343.34999999999997,343.6253366330214,,,,PENDING_AT_END
343.7,343.76633416842145,,,,PENDING_AT_END
344.04999999999995,344.17813212774934,,,,PENDING_AT_END
344.4,344.51091326052335,,,,PENDING_AT_END
344.75,345.00485138988404,,,,PENDING_AT_END
345.09999999999997,345.18915571403494,,,,PENDING_AT_END
345.45,345.82376576077985,,,,PENDING_AT_END
345.79999999999995,345.9472593917586,,,,PENDING_AT_END
346.15,346.5010426783912,,,,PENDING_AT_END
346.5,346.640567744588,,,,PENDING_AT_END
346.84999999999997,347.09748597531285,,,,PENDING_AT_END
347.2,347.2329358766394,,,,PENDING_AT_END
347.54999999999995,347.75489781636463,,,,PENDING_AT_END
347.9,348.02285423955755,,,,PENDING_AT_END
348.25,348.48853993452246,,,,PENDING_AT_END
348.59999999999997,348.73640296657703,,,,PENDING_AT_END
348.95,348.95471959761716,,,,PENDING_AT_END
349.29999999999995,349.3562507514862,,,,PENDING_AT_END
349.65,349.9422401565205,,,,PENDING_AT_END
350.0,350.1317077251292,,,,PENDING_AT_END
350.34999999999997,350.64611270888037,,,,PENDING_AT_END
350.7,350.9955229561713,,,,PENDING_AT_END
351.04999999999995,351.3148797272904,,,,PENDING_AT_END
351.4,351.62486463665243,,,,PENDING_AT_END
351.75,351.92543593626556,,,,PENDING_AT_END
352.09999999999997,352.2503907725658,,,,PENDING_AT_END
352.45,352.48413654290067,,,,PENDING_AT_END
352.79999999999995,352.95201051742606,,,,PENDING_AT_END
353.15,353.2762095163811,,,,PENDING_AT_END
353.5,353.50219719359063,,,,PENDING_AT_END
353.84999999999997,354.2096795877715,,,,PENDING_AT_END
354.2,354.40879783513384,,,,PENDING_AT_END
354.54999999999995,354.59519003424066,,,,PENDING_AT_END
354.9,355.138209998791,,,,PENDING_AT_END
355.25,355.5883183375722,,,,PENDING_AT_END
355.59999999999997,355.77648762292273,,,,PENDING_AT_END
355.95,356.1920740174182,,,,PENDING_AT_END
356.29999999999995,356.3469941699833,,,,PENDING_AT_END
356.65,356.79846938391074,,,,PENDING_AT_END
357.0,357.1114802377058,,,,PENDING_AT_END
357.34999999999997,357.65204276425226,,,,PENDING_AT_END
357.7,357.71195371466837,,,,PENDING_AT_END
358.04999999999995,358.1708739183258,,,,PENDING_AT_END
358.4,358.6017791142218,,,,PENDING_AT_END
358.75,359.1404699099834,,,,PENDING_AT_END
359.09999999999997,359.47493283382556,,,,PENDING_AT_END
359.45,359.835649509957,,,,PENDING_AT_END
359.79999999999995,359.8175462738427,,,,PENDING_AT_END
360.15,360.41553851966023,,,,PENDING_AT_END
360.5,360.84595353518046,,,,PENDING_AT_END
360.84999999999997,360.9120544444825,,,,PENDING_AT_END
361.2,361.5275953337486,,,,PENDING_AT_END
361.54999999999995,361.8413749859161,,,,PENDING_AT_END
361.9,361.95763037252686,,,,PENDING_AT_END
362.25,362.35198392144787,,,,PENDING_AT_END
362.59999999999997,362.60623118201937,,,,PENDING_AT_END
362.95,363.2682766753508,,,,PENDING_AT_END
363.29999999999995,363.61097422536636,,,,PENDING_AT_END
363.65,363.7449944624608,,,,PENDING_AT_END
364.0,364.0525344096941,,,,PENDING_AT_END
364.34999999999997,364.6870774880045,,,,PENDING_AT_END
364.7,364.80761715741045,,,,PENDING_AT_END
365.04999999999995,365.2908256395151,,,,PENDING_AT_END
365.4,365.79116479606625,,,,PENDING_AT_END
365.75,365.8682545913972,,,,PENDING_AT_END
366.09999999999997,366.22839195481134,,,,PENDING_AT_END
366.45,366.5157064929729,,,,PENDING_AT_END
366.79999999999995,367.1159169765224,,,,PENDING_AT_END
367.15,367.2982456932589,,,,PENDING_AT_END
367.5,367.5309625754245,,,,PENDING_AT_END
367.84999999999997,368.01244722958114,,,,PENDING_AT_END
368.2,368.53397631537115,,,,PENDING_AT_END
368.54999999999995,368.6693153191036,,,,PENDING_AT_END
368.9,369.14647858808655,,,,PENDING_AT_END
369.25,369.54584866013954,,,,PENDING_AT_END
369.59999999999997,369.65587110695907,,,,PENDING_AT_END
369.95,370.1905077079404,,,,PENDING_AT_END
370.29999999999995,370.6213425454796,,,,PENDING_AT_END
370.65,370.94055842439013,,,,PENDING_AT_END
371.0,371.3733831903038,,,,PENDING_AT_END
371.34999999999997,371.68615828727917,,,,PENDING_AT_END
371.7,371.9806824360359,,,,PENDING_AT_END
372.04999999999995,372.0638070174231,,,,PENDING_AT_END
372.4,372.4826386661355,,,,PENDING_AT_END
372.75,372.7880104017403,,,,PENDING_AT_END
373.09999999999997,373.1229663976682,,,,PENDING_AT_END
373.45,373.5056915606037,,,,PENDING_AT_END
373.79999999999995,373.9657006915137,,,,PENDING_AT_END
374.15,374.24215495809483,,,,PENDING_AT_END
374.5,374.8447837218473,,,,PENDING_AT_END
374.84999999999997,374.9980797339203,,,,PENDING_AT_END
375.2,375.43992470097425,,,,PENDING_AT_END
375.54999999999995,375.85607522945566,,,,PENDING_AT_END
375.9,376.0918839594451,,,,PENDING_AT_END
376.25,376.5453789388629,,,,PENDING_AT_END
376.59999999999997,376.9898160802472,,,,PENDING_AT_END
376.95,377.32596744747906,,,,PENDING_AT_END
377.29999999999995,377.42239114162464,,,,PENDING_AT_END
377.65,377.9011492893676,,,,PENDING_AT_END
378.0,378.3633028488234,,,,PENDING_AT_END
378.34999999999997,378.5535008037321,,,,PENDING_AT_END
378.7,379.0789754728726,,,,PENDING_AT_END
379.04999999999995,379.2329749894461,,,,PENDING_AT_END
379.4,379.7850927025978,,,,PENDING_AT_END
379.75,379.8983970821421,,,,PENDING_AT_END
380.09999999999997,380.36328983593916,,,,PENDING_AT_END
380.45,380.7916970306331,,,,PENDING_AT_END
380.79999999999995,380.9288192077581,,,,PENDING_AT_END
381.15,381.29541309355454,,,,PENDING_AT_END
381.5,381.8048281279192,,,,PENDING_AT_END
381.84999999999997,382.08022445282785,,,,PENDING_AT_END
382.2,382.34416763100404,,,,PENDING_AT_END
382.54999999999995,382.62871723096214,,,,PENDING_AT_END
382.9,383.14801638121355,,,,PENDING_AT_END
383.25,383.31524254625106,,,,PENDING_AT_END
383.59999999999997,383.82756791613946,,,,PENDING_AT_END
383.95,384.3443855705338,,,,PENDING_AT_END
384.29999999999995,384.51314820208677,,,,PENDING_AT_END
384.65,384.9582376528542,,,,PENDING_AT_END
385.0,385.37796241835133,,,,PENDING_AT_END
385.34999999999997,385.61576805146643,,,,PENDING_AT_END
385.7,385.94866106585863,,,,PENDING_AT_END
386.04999999999995,386.0663283894777,,,,PENDING_AT_END
386.4,386.5121603593252,,,,PENDING_AT_END
386.75,387.1454657222074,,,,PENDING_AT_END
387.09999999999997,387.20051797453647,,,,PENDING_AT_END
387.45,387.7404053251682,,,,PENDING_AT_END
387.79999999999995,388.1677539890186,,,,PENDING_AT_END
388.15,388.3821827081615,,,,PENDING_AT_END
388.5,388.5324419877006,,,,PENDING_AT_END
388.84999999999997,389.18467337946385,,,,PENDING_AT_END
389.2,389.4340958863193,,,,PENDING_AT_END
389.54999999999995,389.62806590008984,,,,PENDING_AT_END
389.9,390.1089461059919,,,,PENDING_AT_END
390.25,390.3961192355937,,,,PENDING_AT_END
390.59999999999997,390.9596091753163,,,,PENDING_AT_END
390.95,390.97018176151477,,,,PENDING_AT_END
391.29999999999995,391.45416566972017,,,,PENDING_AT_END
391.65,391.8678992513919,,,,PENDING_AT_END
392.0,392.2713388378037,,,,PENDING_AT_END
392.34999999999997,392.3505894419672,,,,PENDING_AT_END
392.7,392.8272959806056,,,,PENDING_AT_END
393.04999999999995,393.3949233863823,,,,PENDING_AT_END
393.4,393.5593763799179,,,,PENDING_AT_END
393.75,393.8065607778758,,,,PENDING_AT_END
394.09999999999997,394.21139865897777,,,,PENDING_AT_END
394.45,394.50038155527744,,,,PENDING_AT_END
394.79999999999995,394.8482540878448,,,,PENDING_AT_END
395.15,395.3434509984188,,,,PENDING_AT_END
395.5,395.59137475118223,,,,PENDING_AT_END
395.84999999999997,396.2027657613252,,,,PENDING_AT_END
396.2,396.3126283246709,,,,PENDING_AT_END
396.54999999999995,396.7040909086287,,,,PENDING_AT_END
396.9,397.193031169327,,,,PENDING_AT_END
397.25,397.35484656169797,,,,PENDING_AT_END
397.59999999999997,397.8852811777611,,,,PENDING_AT_END
397.95,398.2263722700213,,,,PENDING_AT_END
398.29999999999995,398.5238546340021,,,,PENDING_AT_END
398.65,398.9807538769312,,,,PENDING_AT_END
399.0,399.123395894592,,,,PENDING_AT_END
399.34999999999997,399.49538390646586,,,,PENDING_AT_END
399.7,399.8771001905862,,,,PENDING_AT_END
400.04999999999995,400.07665002119427,,,,PENDING_AT_END
400.4,400.7776654979598,,,,PENDING_AT_END
400.75,400.87096447688054,,,,PENDING_AT_END
401.09999999999997,401.4191844468551,,,,PENDING_AT_END
401.45,401.5411238113771,,,,PENDING_AT_END
401.79999999999995,402.09028638993766,,,,PENDING_AT_END
402.15,402.44828594930016,,,,PENDING_AT_END
402.5,402.61060811372545,,,,PENDING_AT_END
402.84999999999997,403.24620500712496,,,,PENDING_AT_END
403.2,403.49662545628945,,,,PENDING_AT_END
403.54999999999995,403.698591087758,,,,PENDING_AT_END
403.9,404.1886029473203,,,,PENDING_AT_END
404.25,404.29432515191854,,,,PENDING_AT_END
404.59999999999997,404.6210110510122,,,,PENDING_AT_END
404.95,405.2812601228373,,,,PENDING_AT_END
405.29999999999995,405.6979715658173,,,,PENDING_AT_END
405.65,405.70166485021196,,,,PENDING_AT_END
406.0,406.2038758483036,,,,PENDING_AT_END
406.34999999999997,406.6078531832482,,,,PENDING_AT_END
406.7,406.76110228002955,,,,PENDING_AT_END
407.04999999999995,407.0953170825534,,,,PENDING_AT_END
407.4,407.4410770949471,,,,PENDING_AT_END
407.75,407.77049672978137,,,,PENDING_AT_END
408.09999999999997,408.13528217120205,,,,PENDING_AT_END
408.45,408.83210551846554,,,,PENDING_AT_END
408.79999999999995,409.0039608000005,,,,PENDING_AT_END
409.15,409.52175342293367,,,,PENDING_AT_END
409.5,409.86334284070426,,,,PENDING_AT_END
409.84999999999997,410.12535107148886,,,,PENDING_AT_END
410.2,410.31677250146146,,,,PENDING_AT_END
410.54999999999995,410.81206317959004,,,,PENDING_AT_END
410.9,410.90009993653405,,,,PENDING_AT_END
411.25,411.5070386027144,,,,PENDING_AT_END
411.59999999999997,411.72532430304403,,,,PENDING_AT_END
411.95,412.19871823837497,,,,PENDING_AT_END
412.29999999999995,412.6800062706641,,,,PENDING_AT_END
412.65,412.66248007453737,,,,PENDING_AT_END
413.0,413.0420419174907,,,,PENDING_AT_END
413.34999999999997,413.566755004233,,,,PENDING_AT_END
413.7,413.83006816904555,,,,PENDING_AT_END
414.04999999999995,414.11542628525115,,,,PENDING_AT_END
414.4,414.4340174600179,,,,PENDING_AT_END
414.75,414.80587982391216,,,,PENDING_AT_END
415.09999999999997,415.41080474166455,,,,PENDING_AT_END
415.45,415.5043645962763,,,,PENDING_AT_END
415.79999999999995,415.816080171251,,,,PENDING_AT_END
416.15,416.4365147214435,,,,PENDING_AT_END
416.5,416.8772355828264,,,,PENDING_AT_END
416.84999999999997,416.9017042648009,,,,PENDING_AT_END
417.2,417.4256101284239,,,,PENDING_AT_END
417.54999999999995,417.8569751365184,,,,PENDING_AT_END
417.9,418.1322137430062,,,,PENDING_AT_END
418.25,418.6054006678039,,,,PENDING_AT_END
418.59999999999997,418.9716491103307,,,,PENDING_AT_END
418.95,419.050515490906,,,,PENDING_AT_END
419.29999999999995,419.3729311598868,,,,PENDING_AT_END
419.65,419.6938848988202,,,,PENDING_AT_END
420.0,420.3462507566552,,,,PENDING_AT_END
420.34999999999997,420.7114982849694,,,,PENDING_AT_END
420.7,421.01151212159965,,,,PENDING_AT_END
421.04999999999995,421.36705525552225,,,,PENDING_AT_END
421.4,421.40443213894855,,,,PENDING_AT_END
421.75,421.95623811086807,,,,PENDING_AT_END
422.09999999999997,422.4801833131059,,,,PENDING_AT_END
422.45,422.8418692993617,,,,PENDING_AT_END
422.79999999999995,423.13338923260517,,,,PENDING_AT_END
423.15,423.20859770876825,,,,PENDING_AT_END
423.5,423.8683361806301,,,,PENDING_AT_END
423.84999999999997,423.86555795032706,,,,PENDING_AT_END
424.2,424.20345137341593,,,,PENDING_AT_END
424.54999999999995,424.84474043909086,,,,PENDING_AT_END
424.9,425.0457771201993,,,,PENDING_AT_END
425.25,425.60676960937303,,,,PENDING_AT_END
425.59999999999997,425.9818213371246,,,,PENDING_AT_END
425.95,425.99486893347176,,,,PENDING_AT_END
426.29999999999995,426.56556953707434,,,,PENDING_AT_END
426.65,426.8716115191868,,,,PENDING_AT_END
427.0,427.25732926958847,,,,PENDING_AT_END
427.34999999999997,427.70142813508545,,,,PENDING_AT_END
427.7,427.7847910472073,,,,PENDING_AT_END
428.04999999999995,428.3488901058323,,,,PENDING_AT_END
428.4,428.597095076395,,,,PENDING_AT_END
428.75,429.13033944617257,,,,PENDING_AT_END
429.09999999999997,429.2135166781073,,,,PENDING_AT_END
429.45,429.56959720981894,,,,PENDING_AT_END
429.79999999999995,430.0022592772881,,,,PENDING_AT_END
430.15,430.3863794592577,,,,PENDING_AT_END
430.5,430.68159072286153,,,,PENDING_AT_END
430.84999999999997,430.91199893172524,,,,PENDING_AT_END
431.2,431.4797649763571,,,,PENDING_AT_END
431.54999999999995,431.81688258567056,,,,PENDING_AT_END
431.9,432.1320265610002,,,,PENDING_AT_END
432.25,432.2782503368952,,,,PENDING_AT_END
432.59999999999997,432.76210218564273,,,,PENDING_AT_END
432.95,433.2609343221505,,,,PENDING_AT_END
433.29999999999995,433.5925213100892,,,,PENDING_AT_END
433.65,433.814218585772,,,,PENDING_AT_END
434.0,434.26663646178883,,,,PENDING_AT_END
434.34999999999997,434.50569009596694,,,,PENDING_AT_END
434.7,434.8571912189438,,,,PENDING_AT_END
435.04999999999995,435.30097762410867,,,,PENDING_AT_END
435.4,435.4736889643534,,,,PENDING_AT_END
435.75,435.9221338517166,,,,PENDING_AT_END
436.09999999999997,436.3666774681407,,,,PENDING_AT_END
436.45,436.7444523247496,,,,PENDING_AT_END
436.79999999999995,437.0051654265609,,,,PENDING_AT_END
437.15,437.2042596268552,,,,PENDING_AT_END
437.5,437.88602017891446,,,,PENDING_AT_END
437.84999999999997,438.05137399083816,,,,PENDING_AT_END
438.2,438.4565839524892,,,,PENDING_AT_END
438.54999999999995,438.85987824338554,,,,PENDING_AT_END
438.9,439.0528576956483,,,,PENDING_AT_END
439.25,439.52920902021606,,,,PENDING_AT_END
439.59999999999997,439.6597780415199,,,,PENDING_AT_END
439.95,440.0981893495311,,,,PENDING_AT_END
440.29999999999995,440.55535464973127,,,,PENDING_AT_END
440.65,440.85252487910907,,,,PENDING_AT_END
441.0,441.127476066608,,,,PENDING_AT_END
441.34999999999997,441.5075699073978,,,,PENDING_AT_END
441.7,442.055214739389,,,,PENDING_AT_END
442.04999999999995,442.42454960345674,,,,PENDING_AT_END
442.4,442.5704458094326,,,,PENDING_AT_END
442.75,442.88734577429216,,,,PENDING_AT_END
443.09999999999997,443.4133491078724,,,,PENDING_AT_END
443.45,443.56855316070397,,,,PENDING_AT_END
443.79999999999995,444.0040552549324,,,,PENDING_AT_END
444.15,444.2673162470164,,,,PENDING_AT_END
444.5,444.56919736355405,,,,PENDING_AT_END
444.84999999999997,444.8621638292869,,,,PENDING_AT_END
445.2,445.3384361832968,,,,PENDING_AT_END
445.54999999999995,445.65625640089934,,,,PENDING_AT_END
445.9,445.94496838573525,,,,PENDING_AT_END
446.25,446.6447556243405,,,,PENDING_AT_END
446.59999999999997,446.67881571880747,,,,PENDING_AT_END
446.95,447.02972317969846,,,,PENDING_AT_END
447.29999999999995,447.6505517431058,,,,PENDING_AT_END
447.65,447.72110813890174,,,,PENDING_AT_END
448.0,448.26778108691565,,,,PENDING_AT_END
448.34999999999997,448.6576926031948,,,,PENDING_AT_END
448.7,448.8869628375118,,,,PENDING_AT_END
449.04999999999995,449.3124536044519,,,,PENDING_AT_END
449.4,449.71981401299706,,,,PENDING_AT_END
449.74999999999994,449.7629251267485,,,,PENDING_AT_END
450.09999999999997,450.1760961060441,,,,PENDING_AT_END
450.45,450.630178791432,,,,PENDING_AT_END
450.79999999999995,451.17077181734453,,,,PENDING_AT_END
451.15,451.28283211081873,,,,PENDING_AT_END
451.49999999999994,451.6114751488224,,,,PENDING_AT_END
451.84999999999997,451.91759265805655,,,,PENDING_AT_END
452.2,452.57819286374985,,,,PENDING_AT_END
452.54999999999995,452.91354256549505,,,,PENDING_AT_END
452.9,452.93736419947686,,,,PENDING_AT_END
453.24999999999994,453.62242164839637,,,,PENDING_AT_END
453.59999999999997,453.6693287350237,,,,PENDING_AT_END
453.95,454.0395149742241,,,,PENDING_AT_END
454.29999999999995,454.69759404363015,,,,PENDING_AT_END
454.65,455.03332475667526,,,,PENDING_AT_END
454.99999999999994,455.295650316274,,,,PENDING_AT_END
455.34999999999997,455.56145191369234,,,,PENDING_AT_END
455.7,455.9523626987912,,,,PENDING_AT_END
456.04999999999995,456.06172555601256,,,,PENDING_AT_END
456.4,456.69874929033654,,,,PENDING_AT_END
456.74999999999994,456.9938224161861,,,,PENDING_AT_END
457.09999999999997,457.10612352086724,,,,PENDING_AT_END
457.45,457.5543335218694,,,,PENDING_AT_END
457.79999999999995,457.8599184166934,,,,PENDING_AT_END
458.15,458.5232927883334,,,,PENDING_AT_END
458.49999999999994,458.84096089803114,,,,PENDING_AT_END
458.84999999999997,459.0244962784546,,,,PENDING_AT_END
459.2,459.4714085869213,,,,PENDING_AT_END
459.54999999999995,459.6478713523727,,,,PENDING_AT_END
459.9,460.15974897583453,,,,PENDING_AT_END
460.24999999999994,460.4163656830663,,,,PENDING_AT_END
460.59999999999997,460.67748987766146,,,,PENDING_AT_END
460.95,461.20007803706613,,,,PENDING_AT_END
461.29999999999995,461.50863756645333,,,,PENDING_AT_END
461.65,461.70293529595517,,,,PENDING_AT_END
461.99999999999994,462.2152131388347,,,,PENDING_AT_END
462.34999999999997,462.6236147163983,,,,PENDING_AT_END
462.7,462.7585525113605,,,,PENDING_AT_END
463.04999999999995,463.445512224181,,,,PENDING_AT_END
463.4,463.74738307152245,,,,PENDING_AT_END
463.74999999999994,463.7528603142726,,,,PENDING_AT_END
464.09999999999997,464.37858273292983,,,,PENDING_AT_END
464.45,464.4881803778699,,,,PENDING_AT_END
464.79999999999995,464.8598467768003,,,,PENDING_AT_END
465.15,465.194004271111,,,,PENDING_AT_END
465.49999999999994,465.79676855180054,,,,PENDING_AT_END
465.84999999999997,465.9173550210664,,,,PENDING_AT_END
466.2,466.39305846910537,,,,PENDING_AT_END
466.54999999999995,466.79194288074257,,,,PENDING_AT_END
466.9,467.10506414275847,,,,PENDING_AT_END
467.24999999999994,467.39742377332124,,,,PENDING_AT_END
467.59999999999997,467.8278805876135,,,,PENDING_AT_END
467.95,468.1117633173532,,,,PENDING_AT_END
468.29999999999995,468.552548018566,,,,PENDING_AT_END
468.65,468.68088454526685,,,,PENDING_AT_END
468.99999999999994,469.0351279153712,,,,PENDING_AT_END
469.34999999999997,469.7194321676796,,,,PENDING_AT_END
469.7,470.04944844758603,,,,PENDING_AT_END
470.04999999999995,470.270480438586,,,,PENDING_AT_END
470.4,470.4067761123515,,,,PENDING_AT_END
470.74999999999994,470.8169539853946,,,,PENDING_AT_END
471.09999999999997,471.1449948426045,,,,PENDING_AT_END
471.45,471.47188403105787,,,,PENDING_AT_END
471.79999999999995,472.18933489192545,,,,PENDING_AT_END
472.15,472.5354840247961,,,,PENDING_AT_END
472.49999999999994,472.5848172712462,,,,PENDING_AT_END
472.84999999999997,472.85850470007694,,,,PENDING_AT_END
473.2,473.2983857812123,,,,PENDING_AT_END
473.54999999999995,473.7010912755484,,,,PENDING_AT_END
473.9,474.2206585667036,,,,PENDING_AT_END
474.24999999999994,474.29913655333684,,,,PENDING_AT_END
474.59999999999997,474.7997653712825,,,,PENDING_AT_END
474.95,475.27206003672376,,,,PENDING_AT_END
475.29999999999995,475.3660035930495,,,,PENDING_AT_END
475.65,475.68304415733064,,,,PENDING_AT_END
475.99999999999994,476.22619072254287,,,,PENDING_AT_END
476.34999999999997,476.671767177993,,,,PENDING_AT_END
476.7,476.9505575709284,,,,PENDING_AT_END
477.04999999999995,477.2981454463445,,,,PENDING_AT_END
477.4,477.71859476705595,,,,PENDING_AT_END
477.74999999999994,477.9552748021344,,,,PENDING_AT_END
478.09999999999997,478.1752442487354,,,,PENDING_AT_END
478.45,478.45042665630723,,,,PENDING_AT_END
478.79999999999995,478.8078660501892,,,,PENDING_AT_END
479.15,479.3336630513354,,,,PENDING_AT_END
479.49999999999994,479.5532433401066,,,,PENDING_AT_END
479.84999999999997,480.12060849372523,,,,PENDING_AT_END
480.2,480.252316433555,,,,PENDING_AT_END
480.54999999999995,480.8736154438416,,,,PENDING_AT_END
480.9,481.13400671942986,,,,PENDING_AT_END
481.24999999999994,481.6227338890389,,,,PENDING_AT_END
481.59999999999997,481.83351829712745,,,,PENDING_AT_END
481.95,481.9725841630512,,,,PENDING_AT_END
482.29999999999995,482.47206415441053,,,,PENDING_AT_END
482.65,482.65049030740056,,,,PENDING_AT_END
482.99999999999994,483.20447888753534,,,,PENDING_AT_END
483.34999999999997,483.4287890002366,,,,PENDING_AT_END
483.7,483.9539683853022,,,,PENDING_AT_END
484.04999999999995,484.3818095493924,,,,PENDING_AT_END
484.4,484.43626082314165,,,,PENDING_AT_END
484.74999999999994,484.899599736619,,,,PENDING_AT_END
485.09999999999997,485.17647701437244,,,,PENDING_AT_END
485.45,485.68650697106403,,,,PENDING_AT_END
485.79999999999995,486.1303205557833,,,,PENDING_AT_END
486.15,486.5431313182655,,,,PENDING_AT_END
486.49999999999994,486.5360342314372,,,,PENDING_AT_END
486.84999999999997,487.10960074635017,,,,PENDING_AT_END
487.2,487.2470378622799,,,,PENDING_AT_END
487.54999999999995,487.8847208349099,,,,PENDING_AT_END
487.9,488.2069265797245,,,,PENDING_AT_END
488.24999999999994,488.30712733706156,,,,PENDING_AT_END
488.59999999999997,488.70863471977106,,,,PENDING_AT_END
488.95,489.3480081675979,,,,PENDING_AT_END
489.29999999999995,489.5423551118188,,,,PENDING_AT_END
489.65,489.74220288335414,,,,PENDING_AT_END
489.99999999999994,490.0330669804367,,,,PENDING_AT_END
490.34999999999997,490.48772298226464,,,,PENDING_AT_END
490.7,491.0258584739866,,,,PENDING_AT_END
491.04999999999995,491.1257925374265,,,,PENDING_AT_END
491.4,491.79378892540365,,,,PENDING_AT_END
491.74999999999994,492.09216361080297,,,,PENDING_AT_END
492.09999999999997,492.1455880116318,,,,PENDING_AT_END
492.45,492.6868442264684,,,,PENDING_AT_END
492.79999999999995,492.95230466022383,,,,PENDING_AT_END
493.15,493.39317177474527,,,,PENDING_AT_END
493.49999999999994,493.6397196818204,,,,PENDING_AT_END
493.84999999999997,493.99427706569446,,,,PENDING_AT_END
494.2,494.32160566123144,,,,PENDING_AT_END
494.54999999999995,494.78773017431286,,,,PENDING_AT_END
494.9,494.9301619551612,,,,PENDING_AT_END
495.24999999999994,495.6220078243567,,,,PENDING_AT_END
495.59999999999997,495.82003902810885,,,,PENDING_AT_END
495.95,496.3295787142112,,,,PENDING_AT_END
496.29999999999995,496.52173570198534,,,,PENDING_AT_END
496.65,497.01456003291025,,,,PENDING_AT_END
496.99999999999994,497.1975343596724,,,,PENDING_AT_END
497.34999999999997,497.44437211531914,,,,PENDING_AT_END
497.7,497.7495514921821,,,,PENDING_AT_END
498.04999999999995,498.3325428379567,,,,PENDING_AT_END
498.4,498.4735694419534,,,,PENDING_AT_END
498.74999999999994,498.8390984121299,,,,PENDING_AT_END
499.09999999999997,499.4604569805476,,,,PENDING_AT_END
499.45,499.55636802622286,,,,PENDING_AT_END
499.79999999999995,500.0590364848754,,,,PENDING_AT_END
500.15,500.42925289633854,,,,PENDING_AT_END
500.49999999999994,500.6803286171925,,,,PENDING_AT_END
500.84999999999997,501.07954334085406,,,,PENDING_AT_END
501.2,501.58396050307823,,,,PENDING_AT_END
501.54999999999995,501.5714993319506,,,,PENDING_AT_END
501.9,502.0069226782558,,,,PENDING_AT_END
502.24999999999994,502.5353608218458,,,,PENDING_AT_END
502.59999999999997,502.87730039794,,,,PENDING_AT_END
502.95,503.3370601621189,,,,PENDING_AT_END
503.29999999999995,503.41166059403724,,,,PENDING_AT_END
503.65,503.9190309468685,,,,PENDING_AT_END
503.99999999999994,504.24601685088425,,,,PENDING_AT_END
504.34999999999997,504.6713300453296,,,,PENDING_AT_END
504.7,504.8714189381022,,,,PENDING_AT_END
505.04999999999995,505.34312216538433,,,,PENDING_AT_END
505.4,505.68212010934644,,,,PENDING_AT_END
505.74999999999994,505.9398595526224,,,,PENDING_AT_END
506.09999999999997,506.45362884570847,,,,PENDING_AT_END
506.45,506.7524108529928,,,,PENDING_AT_END
506.79999999999995,507.1420436243276,,,,PENDING_AT_END
507.15,507.25362465130104,,,,PENDING_AT_END
507.49999999999994,507.6275866621217,,,,PENDING_AT_END
507.84999999999997,507.9376246629469,,,,PENDING_AT_END
508.2,508.23320464633747,,,,PENDING_AT_END
508.54999999999995,508.80440672345014,,,,PENDING_AT_END
508.9,509.28129540124337,,,,PENDING_AT_END
509.24999999999994,509.44735038120456,,,,PENDING_AT_END
509.59999999999997,509.96199662531916,,,,PENDING_AT_END
509.95,510.3432361905953,,,,PENDING_AT_END
510.29999999999995,510.33931290190696,,,,PENDING_AT_END
510.65,510.9809979427737,,,,PENDING_AT_END
510.99999999999994,511.34183584072304,,,,PENDING_AT_END
511.34999999999997,511.6578256627377,,,,PENDING_AT_END
511.7,511.88311526378055,,,,PENDING_AT_END
512.05,512.2557776825499,,,,PENDING_AT_END
512.4,512.662026953402,,,,PENDING_AT_END
512.75,513.0779960945013,,,,PENDING_AT_END
513.1,513.390480846626,,,,PENDING_AT_END
513.4499999999999,513.6659769051622,,,,PENDING_AT_END
513.8,513.9815730676305,,,,PENDING_AT_END
514.15,514.5307833586768,,,,PENDING_AT_END
514.5,514.8068526309373,,,,PENDING_AT_END
514.85,514.9861034155164,,,,PENDING_AT_END
515.1999999999999,515.2190092142179,,,,PENDING_AT_END
515.55,515.8003958648578,,,,PENDING_AT_END
515.9,515.9314991168457,,,,PENDING_AT_END
516.25,516.3184481678388,,,,PENDING_AT_END
516.6,516.6835459183843,,,,PENDING_AT_END
516.9499999999999,517.2981860884528,,,,PENDING_AT_END
517.3,517.5052440702493,,,,PENDING_AT_END
517.65,517.9488777248747,,,,PENDING_AT_END
518.0,518.0922406716195,,,,PENDING_AT_END
518.35,518.5185000036853,,,,PENDING_AT_END
518.6999999999999,518.8273650325158,,,,PENDING_AT_END
519.05,519.2970770012616,,,,PENDING_AT_END
519.4,519.5961501869939,,,,PENDING_AT_END
519.75,519.9699780970093,,,,PENDING_AT_END
520.1,520.1841650514638,,,,PENDING_AT_END
520.4499999999999,520.5088235520683,,,,PENDING_AT_END
520.8,520.8861562895429,,,,PENDING_AT_END
521.15,521.2812709814233,,,,PENDING_AT_END
521.5,521.5021507953038,,,,PENDING_AT_END
521.85,521.8782708267619,,,,PENDING_AT_END
522.1999999999999,522.3346436517519,,,,PENDING_AT_END
522.55,522.6894126748623,,,,PENDING_AT_END
522.9,522.962455434243,,,,PENDING_AT_END
523.25,523.6112824856548,,,,PENDING_AT_END
523.6,523.9160809087531,,,,PENDING_AT_END
523.9499999999999,524.2968324769353,,,,PENDING_AT_END
524.3,524.636453328234,,,,PENDING_AT_END
524.65,525.025174603181,,,,PENDING_AT_END
525.0,525.135353042476,,,,PENDING_AT_END
525.35,525.6329215018953,,,,PENDING_AT_END
525.6999999999999,525.9648961147244,,,,PENDING_AT_END
526.05,526.0817867933567,,,,PENDING_AT_END
526.4,526.4140320371301,,,,PENDING_AT_END
526.75,527.0288196119466,,,,PENDING_AT_END
527.1,527.3177699408792,,,,PENDING_AT_END
527.4499999999999,527.8424141923639,,,,PENDING_AT_END
527.8,527.8168023099151,,,,PENDING_AT_END
528.15,528.3436306326483,,,,PENDING_AT_END
528.5,528.8131813572852,,,,PENDING_AT_END
528.85,529.0429661386812,,,,PENDING_AT_END
529.1999999999999,529.2500005011676,,,,PENDING_AT_END
529.55,529.7532453892923,,,,PENDING_AT_END
529.9,529.9405122788238,,,,PENDING_AT_END
530.25,530.5432160394125,,,,PENDING_AT_END
530.6,530.8316349777928,,,,PENDING_AT_END
530.9499999999999,531.1731997421213,,,,PENDING_AT_END
531.3,531.5019372178438,,,,PENDING_AT_END
531.65,531.6533054259074,,,,PENDING_AT_END
532.0,532.206809445024,,,,PENDING_AT_END
532.35,532.5734418998164,,,,PENDING_AT_END
532.6999999999999,532.7194279910374,,,,PENDING_AT_END
533.05,533.4167647959271,,,,PENDING_AT_END
533.4,533.4882773295861,,,,PENDING_AT_END
533.75,533.9688589567997,,,,PENDING_AT_END
534.1,534.3521428573487,,,,PENDING_AT_END
534.4499999999999,534.4901059928578,,,,PENDING_AT_END
534.8,535.0977041959509,,,,PENDING_AT_END
535.15,535.2385116938607,,,,PENDING_AT_END
535.5,535.8571495146496,,,,PENDING_AT_END
535.85,535.9426223140935,,,,PENDING_AT_END
536.1999999999999,536.2087614016613,,,,PENDING_AT_END
536.55,536.7081383735808,,,,PENDING_AT_END
536.9,536.9764719343981,,,,PENDING_AT_END
537.25,537.4472816922544,,,,PENDING_AT_END
537.5999999999999,537.8253417729059,,,,PENDING_AT_END
537.9499999999999,538.1102375443619,,,,PENDING_AT_END
538.3,538.328627610178,,,,PENDING_AT_END
538.65,538.7174401980695,,,,PENDING_AT_END
539.0,539.2326987201673,,,,PENDING_AT_END
539.3499999999999,539.3507105900362,,,,PENDING_AT_END
539.6999999999999,539.7529223912692,,,,PENDING_AT_END
540.05,540.3399307861994,,,,PENDING_AT_END
540.4,540.4241262284673,,,,PENDING_AT_END
540.75,540.9380910176144,,,,PENDING_AT_END
541.0999999999999,541.1996496400077,,,,PENDING_AT_END
541.4499999999999,541.5647092218331,,,,PENDING_AT_END
541.8,541.9168536388643,,,,PENDING_AT_END
542.15,542.4758329404284,,,,PENDING_AT_END
542.5,542.7422384362746,,,,PENDING_AT_END
542.8499999999999,543.0928091406886,,,,PENDING_AT_END
543.1999999999999,543.4554736005631,,,,PENDING_AT_END
543.55,543.5952102185722,,,,PENDING_AT_END
543.9,543.9625398284678,,,,PENDING_AT_END
544.25,544.2817239599751,,,,PENDING_AT_END
544.5999999999999,544.905174348477,,,,PENDING_AT_END
544.9499999999999,545.1270657467279,,,,PENDING_AT_END
545.3,545.5925533259822,,,,PENDING_AT_END
545.65,545.9049589596647,,,,PENDING_AT_END
546.0,546.2918536802367,,,,PENDING_AT_END
546.3499999999999,546.5518751827569,,,,PENDING_AT_END
546.6999999999999,547.0264790059983,,,,PENDING_AT_END
547.05,547.1582396336437,,,,PENDING_AT_END
547.4,547.7428694439033,,,,PENDING_AT_END
547.75,547.7508325785561,,,,PENDING_AT_END
548.0999999999999,548.2975490390795,,,,PENDING_AT_END
548.4499999999999,548.6800452527149,,,,PENDING_AT_END
548.8,548.832437625171,,,,PENDING_AT_END
549.15,549.3918183294296,,,,PENDING_AT_END
549.5,549.6010112392494,,,,PENDING_AT_END
549.8499999999999,549.9182400441637,,,,PENDING_AT_END
550.1999999999999,550.3321378249501,,,,PENDING_AT_END
550.55,550.8269401184261,,,,PENDING_AT_END
550.9,551.1641374294735,,,,PENDING_AT_END
551.25,551.2740435933383,,,,PENDING_AT_END
551.5999999999999,551.7942592259378,,,,PENDING_AT_END
551.9499999999999,552.0341720579528,,,,PENDING_AT_END
552.3,552.5669830047834,,,,PENDING_AT_END
552.65,553.0437000395488,,,,PENDING_AT_END
553.0,553.3160006502533,,,,PENDING_AT_END
553.3499999999999,553.6913543999135,,,,PENDING_AT_END
553.6999999999999,553.931012966494,,,,PENDING_AT_END
554.05,554.2767429038583,,,,PENDING_AT_END
554.4,554.6118441458215,,,,PENDING_AT_END
554.75,554.7636146942621,,,,PENDING_AT_END
555.0999999999999,555.2292064093615,,,,PENDING_AT_END
555.4499999999999,555.4686661246611,,,,PENDING_AT_END
555.8,555.9189203498472,,,,PENDING_AT_END
556.15,556.5115587153374,,,,PENDING_AT_END
556.5,556.5876908570638,,,,PENDING_AT_END
556.8499999999999,556.8893519315254,,,,PENDING_AT_END
557.1999999999999,557.5594300361485,,,,PENDING_AT_END
557.55,557.8005180891678,,,,PENDING_AT_END
557.9,558.0717708542544,,,,PENDING_AT_END
558.25,558.2611167424584,,,,PENDING_AT_END
558.5999999999999,558.7380765613457,,,,PENDING_AT_END
558.9499999999999,558.9920570645849,,,,PENDING_AT_END
559.3,559.5743963154359,,,,PENDING_AT_END
559.65,559.6728764130895,,,,PENDING_AT_END
560.0,560.1253984875837,,,,PENDING_AT_END
560.3499999999999,560.7280046234175,,,,PENDING_AT_END
560.6999999999999,560.7790048907826,,,,PENDING_AT_END
561.05,561.3542118599382,,,,PENDING_AT_END
561.4,561.7840886750624,,,,PENDING_AT_END
561.75,562.022917815689,,,,PENDING_AT_END
562.0999999999999,562.1670869283209,,,,PENDING_AT_END
562.4499999999999,562.5484433514677,,,,PENDING_AT_END
562.8,562.9480873127861,,,,PENDING_AT_END
563.15,563.2341574458127,,,,PENDING_AT_END
563.5,563.8069034382074,,,,PENDING_AT_END
563.8499999999999,563.9891313206331,,,,PENDING_AT_END
564.1999999999999,564.412978640988,,,,PENDING_AT_END
564.55,564.7928647997853,,,,PENDING_AT_END
564.9,564.9501767892704,,,,PENDING_AT_END
565.25,565.4698836242535,,,,PENDING_AT_END
565.5999999999999,565.7535555475736,,,,PENDING_AT_END
565.9499999999999,566.280155364603,,,,PENDING_AT_END
566.3,566.3734116503754,,,,PENDING_AT_END
566.65,566.8769778671314,,,,PENDING_AT_END
567.0,567.1075640016234,,,,PENDING_AT_END
567.3499999999999,567.5564336667483,,,,PENDING_AT_END
567.6999999999999,568.0424467492707,,,,PENDING_AT_END
568.05,568.2094484511449,,,,PENDING_AT_END
568.4,568.602880178736,,,,PENDING_AT_END
568.75,568.8677953893884,,,,PENDING_AT_END
569.0999999999999,569.2621182659934,,,,PENDING_AT_END
569.4499999999999,569.7117867344297,,,,PENDING_AT_END
569.8,570.0131910662005,,,,PENDING_AT_END
570.15,570.2517259589803,,,,PENDING_AT_END
570.5,570.6760680257696,,,,PENDING_AT_END
570.8499999999999,570.9391818100851,,,,PENDING_AT_END
571.1999999999999,571.4473696171375,,,,PENDING_AT_END
571.55,571.7705909995361,,,,PENDING_AT_END
571.9,572.1271818823876,,,,PENDING_AT_END
572.25,572.5094861865498,,,,PENDING_AT_END
572.5999999999999,572.6335058658287,,,,PENDING_AT_END
572.9499999999999,573.1203642908303,,,,PENDING_AT_END
573.3,573.6883922463016,,,,PENDING_AT_END
573.65,574.0317510142016,,,,PENDING_AT_END
574.0,574.3731392342065,,,,PENDING_AT_END
574.3499999999999,574.4068488368334,,,,PENDING_AT_END
574.6999999999999,574.7722469311299,,,,PENDING_AT_END
575.05,575.1018124041354,,,,PENDING_AT_END
575.4,575.6061190958347,,,,PENDING_AT_END
575.75,575.7818349035563,,,,PENDING_AT_END
576.0999999999999,576.4303140351788,,,,PENDING_AT_END
576.4499999999999,576.7839412058744,,,,PENDING_AT_END
576.8,576.8078553898608,,,,PENDING_AT_END
577.15,577.1981257868409,,,,PENDING_AT_END
577.5,577.7126278804749,,,,PENDING_AT_END
577.8499999999999,578.1795213703119,,,,PENDING_AT_END
578.1999999999999,578.5838468110759,,,,PENDING_AT_END
578.55,578.6079750501342,,,,PENDING_AT_END
578.9,579.2041242513598,,,,PENDING_AT_END
579.25,579.6078787728743,,,,PENDING_AT_END
579.5999999999999,579.6447166415583,,,,PENDING_AT_END
579.9499999999999,580.0616276871527,,,,PENDING_AT_END
580.3,580.6704953714145,,,,PENDING_AT_END
580.65,581.0410182425875,,,,PENDING_AT_END
581.0,581.0837473898198,,,,PENDING_AT_END
581.3499999999999,581.3630778166391,,,,PENDING_AT_END
581.6999999999999,582.0784508029061,,,,PENDING_AT_END
582.05,582.3613978609048,,,,PENDING_AT_END
582.4,582.4226723144358,,,,PENDING_AT_END
582.75,582.892062590862,,,,PENDING_AT_END
583.0999999999999,583.3947856904163,,,,PENDING_AT_END
583.4499999999999,583.7872355017154,,,,PENDING_AT_END
583.8,583.9101175255923,,,,PENDING_AT_END
584.15,584.479378267106,,,,PENDING_AT_END
584.5,584.8463222057296,,,,PENDING_AT_END
584.8499999999999,584.9084443144986,,,,PENDING_AT_END
585.1999999999999,585.3771299923477,,,,PENDING_AT_END
585.55,585.8344859671333,,,,PENDING_AT_END
585.9,586.0809621860204,,,,PENDING_AT_END
586.25,586.498095991187,,,,PENDING_AT_END
586.5999999999999,586.9683888571581,,,,PENDING_AT_END
586.9499999999999,586.9999954958886,,,,PENDING_AT_END
587.3,587.5046429012029,,,,PENDING_AT_END
587.65,587.7597159557582,,,,PENDING_AT_END
588.0,588.3713231363133,,,,PENDING_AT_END
588.3499999999999,588.3532099255337,,,,PENDING_AT_END
588.6999999999999,589.085960894569,,,,PENDING_AT_END
589.05,589.1065442076938,,,,PENDING_AT_END
589.4,589.6128974802049,,,,PENDING_AT_END
589.75,589.8014053650302,,,,PENDING_AT_END
590.0999999999999,590.1676322161741,,,,PENDING_AT_END
590.4499999999999,590.4604108096397,,,,PENDING_AT_END
590.8,591.0421407500826,,,,PENDING_AT_END
591.15,591.2564024570034,,,,PENDING_AT_END
591.5,591.5155473766602,,,,PENDING_AT_END
591.8499999999999,592.0532037550263,,,,PENDING_AT_END
592.1999999999999,592.5629203209102,,,,PENDING_AT_END
592.55,592.6005421065825,,,,PENDING_AT_END
592.9,593.2940535980423,,,,PENDING_AT_END
593.25,593.4372479635642,,,,PENDING_AT_END
593.5999999999999,593.8765445393512,,,,PENDING_AT_END
593.9499999999999,594.1395344418044,,,,PENDING_AT_END
594.3,594.4184804384092,,,,PENDING_AT_END
594.65,594.8143657959973,,,,PENDING_AT_END
595.0,595.2889358050484,,,,PENDING_AT_END
595.3499999999999,595.6345708436054,,,,PENDING_AT_END
595.6999999999999,596.0882485095343,,,,PENDING_AT_END
596.05,596.1309525881941,,,,PENDING_AT_END
596.4,596.5426959377991,,,,PENDING_AT_END
596.75,597.07996673042,,,,PENDING_AT_END
597.0999999999999,597.1339960452337,,,,PENDING_AT_END
597.4499999999999,597.5193075228689,,,,PENDING_AT_END
597.8,597.9861561455566,,,,PENDING_AT_END
598.15,598.1831234362545,,,,PENDING_AT_END
598.5,598.85076681592,,,,PENDING_AT_END
598.8499999999999,599.1253351578432,,,,PENDING_AT_END
599.1999999999999,599.2054276070286,,,,PENDING_AT_END
599.55,599.6829910527729,,,,PENDING_AT_END
599.9,599.9404179168763,,,,PENDING_AT_END
600.25,600.6182754476927,,,,PENDING_AT_END
600.5999999999999,600.9093188617487,,,,PENDING_AT_END
600.9499999999999,601.2486271846443,,,,PENDING_AT_END
601.3,601.487336076698,,,,PENDING_AT_END
601.65,602.0155991279802,,,,PENDING_AT_END
602.0,602.060654445329,,,,PENDING_AT_END
602.3499999999999,602.3775160592934,,,,PENDING_AT_END
602.6999999999999,602.7494819363143,,,,PENDING_AT_END
603.05,603.3549054054363,,,,PENDING_AT_END
603.4,603.7048663420104,,,,PENDING_AT_END
603.75,603.9853463835129,,,,PENDING_AT_END
604.0999999999999,604.4719245787317,,,,PENDING_AT_END
604.4499999999999,604.5615686582786,,,,PENDING_AT_END
604.8,605.1312945080335,,,,PENDING_AT_END
605.15,605.1848942323351,,,,PENDING_AT_END
605.5,605.8510301003116,,,,PENDING_AT_END
605.8499999999999,606.0083982564572,,,,PENDING_AT_END
606.1999999999999,606.4190261586053,,,,PENDING_AT_END
606.55,606.8002592465696,,,,PENDING_AT_END
606.9,607.2360629484164,,,,PENDING_AT_END
607.25,607.3246398689041,,,,PENDING_AT_END
607.5999999999999,607.7890191282163,,,,PENDING_AT_END
607.9499999999999,608.2137667584008,,,,PENDING_AT_END
608.3,608.6424874017566,,,,PENDING_AT_END
608.65,608.9410912713644,,,,PENDING_AT_END
609.0,609.3405155812186,,,,PENDING_AT_END
609.3499999999999,609.7409826608286,,,,PENDING_AT_END
609.6999999999999,609.8994339476179,,,,PENDING_AT_END
610.05,610.2389748961289,,,,PENDING_AT_END
610.4,610.5063371890336,,,,PENDING_AT_END
610.75,611.0015363209759,,,,PENDING_AT_END
611.0999999999999,611.419399930192,,,,PENDING_AT_END
611.4499999999999,611.5600105003488,,,,PENDING_AT_END
611.8,612.0708256489097,,,,PENDING_AT_END
612.15,612.5033067670018,,,,PENDING_AT_END
612.5,612.8650560249996,,,,PENDING_AT_END
612.8499999999999,613.1909598632512,,,,PENDING_AT_END
613.1999999999999,613.2321528580741,,,,PENDING_AT_END
613.55,613.6772157466717,,,,PENDING_AT_END
613.9,614.2031358750477,,,,PENDING_AT_END
614.25,614.3270626678668,,,,PENDING_AT_END
614.5999999999999,614.7671158408828,,,,PENDING_AT_END
614.9499999999999,615.2217826936011,,,,PENDING_AT_END
615.3,615.4947763799817,,,,PENDING_AT_END
615.65,616.0495124080118,,,,PENDING_AT_END
616.0,616.3235411986875,,,,PENDING_AT_END
616.3499999999999,616.3918557196184,,,,PENDING_AT_END
616.6999999999999,616.9870233683636,,,,PENDING_AT_END
617.05,617.2132846249892,,,,PENDING_AT_END
617.4,617.5010113514237,,,,PENDING_AT_END
617.75,617.7913335406561,,,,PENDING_AT_END
618.0999999999999,618.4447469919803,,,,PENDING_AT_END
618.4499999999999,618.5083151731525,,,,PENDING_AT_END
618.8,619.0944116042294,,,,PENDING_AT_END
619.15,619.2221027745594,,,,PENDING_AT_END
619.5,619.560809473244,,,,PENDING_AT_END
619.8499999999999,620.07576504603,,,,PENDING_AT_END
620.1999999999999,620.3673234982924,,,,PENDING_AT_END
620.55,620.6390978216316,,,,PENDING_AT_END
620.9,621.0187050779606,,,,PENDING_AT_END
621.25,621.4491429755606,,,,PENDING_AT_END
621.5999999999999,621.9472374504528,,,,PENDING_AT_END
621.9499999999999,622.2080865147847,,,,PENDING_AT_END
622.3,622.491628646249,,,,PENDING_AT_END
622.65,622.8747840472876,,,,PENDING_AT_END
623.0,623.3991193017268,,,,PENDING_AT_END
623.3499999999999,623.6885773869801,,,,PENDING_AT_END
623.6999999999999,624.0893440420181,,,,PENDING_AT_END
624.05,624.2200422991909,,,,PENDING_AT_END
624.4,624.7958735384049,,,,PENDING_AT_END
624.75,624.934513416556,,,,PENDING_AT_END
625.0999999999999,625.3923711846423,,,,PENDING_AT_END
625.4499999999999,625.7449831765181,,,,PENDING_AT_END
625.8,625.8093037570677,,,,PENDING_AT_END
626.15,626.5353191751448,,,,PENDING_AT_END
626.5,626.8705587092286,,,,PENDING_AT_END
626.8499999999999,626.9821816756375,,,,PENDING_AT_END
627.1999999999999,627.4916539778982,,,,PENDING_AT_END
627.55,627.6970299192562,,,,PENDING_AT_END
627.9,628.2962445292013,,,,PENDING_AT_END
628.25,628.3993581248947,,,,PENDING_AT_END
628.5999999999999,628.8458317739633,,,,PENDING_AT_END
628.9499999999999,628.9980268438532,,,,PENDING_AT_END
629.3,629.4043941460714,,,,PENDING_AT_END
629.65,629.7107360558488,,,,PENDING_AT_END
630.0,630.3744576489437,,,,PENDING_AT_END
630.3499999999999,630.4423760124293,,,,PENDING_AT_END
630.6999999999999,630.75500942379,,,,PENDING_AT_END
631.05,631.268872446326,,,,PENDING_AT_END
631.4,631.4239043373481,,,,PENDING_AT_END
631.75,631.9250876144372,,,,PENDING_AT_END
632.0999999999999,632.3011054766853,,,,PENDING_AT_END
632.4499999999999,632.8471885535868,,,,PENDING_AT_END
632.8,633.1975098733724,,,,PENDING_AT_END
633.15,633.249498023611,,,,PENDING_AT_END
633.5,633.630291524086,,,,PENDING_AT_END
633.8499999999999,633.9420278336263,,,,PENDING_AT_END
634.1999999999999,634.3109361461583,,,,PENDING_AT_END
634.55,634.6218483690914,,,,PENDING_AT_END
634.9,634.9477164632762,,,,PENDING_AT_END
635.25,635.6105528463245,,,,PENDING_AT_END
635.5999999999999,635.6623552045551,,,,PENDING_AT_END
635.9499999999999,636.1728333128063,,,,PENDING_AT_END
636.3,636.6691252128339,,,,PENDING_AT_END
636.65,636.8473588964149,,,,PENDING_AT_END
637.0,637.234326969563,,,,PENDING_AT_END
637.3499999999999,637.7105624273352,,,,PENDING_AT_END
637.6999999999999,637.787407437456,,,,PENDING_AT_END
638.05,638.1811285840513,,,,PENDING_AT_END
638.4,638.7679071145093,,,,PENDING_AT_END
638.75,639.0039628165619,,,,PENDING_AT_END
639.0999999999999,639.4947339576124,,,,PENDING_AT_END
639.4499999999999,639.4706808644845,,,,PENDING_AT_END
639.8,640.0307195150447,,,,PENDING_AT_END
640.15,640.433203396199,,,,PENDING_AT_END
640.5,640.5971853371525,,,,PENDING_AT_END
640.8499999999999,641.1607027161053,,,,PENDING_AT_END
641.1999999999999,641.3126023784108,,,,PENDING_AT_END
641.55,641.6927185164295,,,,PENDING_AT_END
641.9,642.0492932785145,,,,PENDING_AT_END
642.25,642.4527302621689,,,,PENDING_AT_END
642.5999999999999,642.8425334937713,,,,PENDING_AT_END
642.9499999999999,643.0708946921235,,,,PENDING_AT_END
643.3,643.3954808716542,,,,PENDING_AT_END
643.65,643.9447021887166,,,,PENDING_AT_END
644.0,644.017474629788,,,,PENDING_AT_END
644.3499999999999,644.7032219703747,,,,PENDING_AT_END
644.6999999999999,644.739830832469,,,,PENDING_AT_END
645.05,645.1524560203381,,,,PENDING_AT_END
645.4,645.4055977750371,,,,PENDING_AT_END
645.75,645.8629533242147,,,,PENDING_AT_END
646.0999999999999,646.1294780535673,,,,PENDING_AT_END
646.4499999999999,646.6315328377242,,,,PENDING_AT_END
646.8,646.8092229655363,,,,PENDING_AT_END
647.15,647.1934218600073,,,,PENDING_AT_END
647.5,647.5297467867942,,,,PENDING_AT_END
647.8499999999999,648.1536831506585,,,,PENDING_AT_END
648.1999999999999,648.5272566422894,,,,PENDING_AT_END
648.55,648.7840895064528,,,,PENDING_AT_END
648.9,649.1265539552388,,,,PENDING_AT_END
649.25,649.5426026711455,,,,PENDING_AT_END
649.5999999999999,649.62162974886,,,,PENDING_AT_END
649.9499999999999,650.0499157359719,,,,PENDING_AT_END
650.3,650.6718600804786,,,,PENDING_AT_END
650.65,650.8040760550685,,,,PENDING_AT_END
651.0,651.3694131619895,,,,PENDING_AT_END
651.3499999999999,651.5224742045125,,,,PENDING_AT_END
651.6999999999999,651.7055230630689,,,,PENDING_AT_END
652.05,652.3764236522222,,,,PENDING_AT_END
652.4,652.6222373222182,,,,PENDING_AT_END
652.75,653.0969007445356,,,,PENDING_AT_END
653.0999999999999,653.1911783470073,,,,PENDING_AT_END
653.4499999999999,653.5634223161475,,,,PENDING_AT_END
653.8,654.0810210615955,,,,PENDING_AT_END
654.15,654.3026973560519,,,,PENDING_AT_END
654.5,654.8362368634898,,,,PENDING_AT_END
654.8499999999999,655.1933080891527,,,,PENDING_AT_END
655.1999999999999,655.428005049935,,,,PENDING_AT_END
655.55,655.6501494121956,,,,PENDING_AT_END
655.9,656.0459722751353,,,,PENDING_AT_END
656.25,656.305186160839,,,,PENDING_AT_END
656.5999999999999,656.9986726882066,,,,PENDING_AT_END
656.9499999999999,657.081411796409,,,,PENDING_AT_END
657.3,657.4935623433582,,,,PENDING_AT_END
657.65,657.7085913100497,,,,PENDING_AT_END
658.0,658.2151108044732,,,,PENDING_AT_END
658.3499999999999,658.4825645160104,,,,PENDING_AT_END
658.6999999999999,658.9869838100473,,,,PENDING_AT_END
659.05,659.1801115213657,,,,PENDING_AT_END
659.4,659.5123891276781,,,,PENDING_AT_END
659.75,659.8625663435901,,,,PENDING_AT_END
660.0999999999999,660.3389906195023,,,,PENDING_AT_END
660.4499999999999,660.653962695326,,,,PENDING_AT_END
660.8,661.1962456779615,,,,PENDING_AT_END
661.15,661.3841181083593,,,,PENDING_AT_END
661.5,661.7745444673274,,,,PENDING_AT_END
661.8499999999999,661.9368921905877,,,,PENDING_AT_END
662.1999999999999,662.4940261466542,,,,PENDING_AT_END
662.55,662.9200432390112,,,,PENDING_AT_END
662.9,663.2489092171212,,,,PENDING_AT_END
663.25,663.3624815386452,,,,PENDING_AT_END
663.5999999999999,663.7637995344912,,,,PENDING_AT_END
663.9499999999999,663.9737191698524,,,,PENDING_AT_END
664.3,664.643773093351,,,,PENDING_AT_END
664.65,665.0132630102931,,,,PENDING_AT_END
665.0,665.3260457685396,,,,PENDING_AT_END
665.3499999999999,665.4946967949913,,,,PENDING_AT_END
665.6999999999999,665.7655316774052,,,,PENDING_AT_END
666.05,666.3299502489665,,,,PENDING_AT_END
666.4,666.5642094484998,,,,PENDING_AT_END
666.75,666.7907345915778,,,,PENDING_AT_END
667.0999999999999,667.4716490828614,,,,PENDING_AT_END
667.4499999999999,667.5046533400088,,,,PENDING_AT_END
667.8,667.9200764134084,,,,PENDING_AT_END
668.15,668.1945406532153,,,,PENDING_AT_END
668.5,668.8519887115983,,,,PENDING_AT_END
668.8499999999999,668.8586787919114,,,,PENDING_AT_END
669.1999999999999,669.2643740385882,,,,PENDING_AT_END
669.55,669.7079579361314,,,,PENDING_AT_END
669.9,670.1839056433022,,,,PENDING_AT_END
670.25,670.6318286976859,,,,PENDING_AT_END
670.5999999999999,670.991532691012,,,,PENDING_AT_END
670.9499999999999,671.3443345101588,,,,PENDING_AT_END
671.3,671.5479099531369,,,,PENDING_AT_END
671.65,671.6817189715076,,,,PENDING_AT_END
672.0,672.304372482972,,,,PENDING_AT_END
672.3499999999999,672.5302470914678,,,,PENDING_AT_END
672.6999999999999,673.0960899677515,,,,PENDING_AT_END
673.05,673.0555460852336,,,,PENDING_AT_END
673.4,673.5729327457028,,,,PENDING_AT_END
673.75,673.8414644012387,,,,PENDING_AT_END
674.0999999999999,674.2187143564106,,,,PENDING_AT_END
674.4499999999999,674.6540018427644,,,,PENDING_AT_END
674.8,674.842696189,,,,PENDING_AT_END
675.15,675.411953240702,,,,PENDING_AT_END
675.5,675.846049306278,,,,PENDING_AT_END
675.8499999999999,676.16468780849,,,,PENDING_AT_END
676.1999999999999,676.2349174137393,,,,PENDING_AT_END
676.55,676.5989328839337,,,,PENDING_AT_END
676.9,677.1929701984776,,,,PENDING_AT_END
677.25,677.6015094208412,,,,PENDING_AT_END
677.5999999999999,677.6344725618192,,,,PENDING_AT_END
677.9499999999999,678.0751990133314,,,,PENDING_AT_END
678.3,678.5136409345369,,,,PENDING_AT_END
678.65,678.81040598896,,,,PENDING_AT_END
679.0,679.3608109211746,,,,PENDING_AT_END
679.3499999999999,679.5592204487798,,,,PENDING_AT_END
679.6999999999999,679.7927944678105,,,,PENDING_AT_END
680.05,680.3255623596472,,,,PENDING_AT_END
680.4,680.7606570555439,,,,PENDING_AT_END
680.75,680.7507626916147,,,,PENDING_AT_END
681.0999999999999,681.4939968922502,,,,PENDING_AT_END
681.4499999999999,681.6953286940521,,,,PENDING_AT_END
681.8,682.0069740688648,,,,PENDING_AT_END
682.15,682.2777737957468,,,,PENDING_AT_END
682.5,682.8402033804502,,,,PENDING_AT_END
682.8499999999999,682.9448773896227,,,,PENDING_AT_END
683.1999999999999,683.390102748485,,,,PENDING_AT_END
683.55,683.56888322894,,,,PENDING_AT_END
683.9,684.0622726114681,,,,PENDING_AT_END
684.25,684.5692196601856,,,,PENDING_AT_END
684.5999999999999,684.8338933891669,,,,PENDING_AT_END
684.9499999999999,685.009849755479,,,,PENDING_AT_END
685.3,685.5022948736148,,,,PENDING_AT_END
685.65,685.9758991588457,,,,PENDING_AT_END
686.0,686.2918450757652,,,,PENDING_AT_END
686.3499999999999,686.4866194334079,,,,PENDING_AT_END
686.6999999999999,686.7548018196729,,,,PENDING_AT_END
687.05,687.2373102260444,,,,PENDING_AT_END
687.4,687.74698588491,,,,PENDING_AT_END
687.75,687.9677460873588,,,,PENDING_AT_END
688.0999999999999,688.288547782146,,,,PENDING_AT_END
688.4499999999999,688.8225359787328,,,,PENDING_AT_END
688.8,688.8723343026811,,,,PENDING_AT_END
689.15,689.2563854463391,,,,PENDING_AT_END
689.5,689.6750409720098,,,,PENDING_AT_END
689.8499999999999,690.0883487036217,,,,PENDING_AT_END
690.1999999999999,690.3987633166349,,,,PENDING_AT_END
690.55,690.8338723533859,,,,PENDING_AT_END
690.9,691.2247080433134,,,,PENDING_AT_END
691.25,691.4466798655212,,,,PENDING_AT_END
691.5999999999999,691.734776550941,,,,PENDING_AT_END
691.9499999999999,692.0845429429531,,,,PENDING_AT_END
692.3,692.3522112998369,,,,PENDING_AT_END
692.65,693.0266061856163,,,,PENDING_AT_END
693.0,693.0361395232812,,,,PENDING_AT_END
693.3499999999999,693.6792697775472,,,,PENDING_AT_END
693.6999999999999,694.0337140320349,,,,PENDING_AT_END
694.05,694.4020363483401,,,,PENDING_AT_END
694.4,694.5661867425614,,,,PENDING_AT_END
694.75,694.8566981962654,,,,PENDING_AT_END
695.0999999999999,695.3421250547929,,,,PENDING_AT_END
695.4499999999999,695.7291230539469,,,,PENDING_AT_END
695.8,696.0275210873983,,,,PENDING_AT_END
696.15,696.5189175312847,,,,PENDING_AT_END
696.5,696.8418185405335,,,,PENDING_AT_END
696.8499999999999,697.0012071824606,,,,PENDING_AT_END
697.1999999999999,697.5680388210277,,,,PENDING_AT_END
697.55,697.8614051589677,,,,PENDING_AT_END
697.9,698.1771524893785,,,,PENDING_AT_END
698.25,698.3675621081975,,,,PENDING_AT_END
698.5999999999999,698.9928312549384,,,,PENDING_AT_END
698.9499999999999,699.2763797510084,,,,PENDING_AT_END
699.3,699.679979738379,,,,PENDING_AT_END
699.65,699.6669539789133,,,,PENDING_AT_END
700.0,700.2786860412691,,,,PENDING_AT_END
700.3499999999999,700.6966821803594,,,,PENDING_AT_END
700.6999999999999,700.846042072133,,,,PENDING_AT_END
701.05,701.3614202071512,,,,PENDING_AT_END
701.4,701.7894537796782,,,,PENDING_AT_END
701.75,702.0750522752026,,,,PENDING_AT_END
702.0999999999999,702.2082325028266,,,,PENDING_AT_END
702.4499999999999,702.6931840063777,,,,PENDING_AT_END
702.8,702.9102167862807,,,,PENDING_AT_END
703.15,703.4028276125681,,,,PENDING_AT_END
703.5,703.7816992107607,,,,PENDING_AT_END
703.8499999999999,704.1549320789159,,,,PENDING_AT_END
704.1999999999999,704.4841868408179,,,,PENDING_AT_END
704.55,704.5950594690287,,,,PENDING_AT_END
704.9,704.9041383417804,,,,PENDING_AT_END
705.25,705.2527260409367,,,,PENDING_AT_END
705.5999999999999,705.8461825720476,,,,PENDING_AT_END
705.9499999999999,706.1636943218858,,,,PENDING_AT_END
706.3,706.4856296444364,,,,PENDING_AT_END
706.65,706.9077479933729,,,,PENDING_AT_END
707.0,707.1503699498505,,,,PENDING_AT_END
707.3499999999999,707.6232374758044,,,,PENDING_AT_END
707.6999999999999,707.8404355939948,,,,PENDING_AT_END
708.05,708.2969845705793,,,,PENDING_AT_END
708.4,708.5229740186024,,,,PENDING_AT_END
708.75,708.788856739403,,,,PENDING_AT_END
709.0999999999999,709.2973985051883,,,,PENDING_AT_END
709.4499999999999,709.6867674712142,,,,PENDING_AT_END
709.8,710.1480091463804,,,,PENDING_AT_END
710.15,710.480001949346,,,,PENDING_AT_END
710.5,710.6529591513445,,,,PENDING_AT_END
710.8499999999999,711.2373975711728,,,,PENDING_AT_END
711.1999999999999,711.3495897882189,,,,PENDING_AT_END
711.55,711.9333723952936,,,,PENDING_AT_END
711.9,712.2430665097221,,,,PENDING_AT_END
712.25,712.4943800285728,,,,PENDING_AT_END
712.5999999999999,712.6284736742064,,,,PENDING_AT_END
712.9499999999999,713.1619809246073,,,,PENDING_AT_END
713.3,713.6065420403249,,,,PENDING_AT_END
713.65,713.9368844509253,,,,PENDING_AT_END
714.0,714.0762800919401,,,,PENDING_AT_END
714.3499999999999,714.4571291580651,,,,PENDING_AT_END
714.6999999999999,714.9953265554344,,,,PENDING_AT_END
715.05,715.3323830846214,,,,PENDING_AT_END
715.4,715.7099572807412,,,,PENDING_AT_END
715.75,715.8241439066871,,,,PENDING_AT_END
716.0999999999999,716.4158099252757,,,,PENDING_AT_END
716.4499999999999,716.5817134285768,,,,PENDING_AT_END
716.8,716.9119037795729,,,,PENDING_AT_END
717.15,717.5442497655616,,,,PENDING_AT_END
717.5,717.5182757124173,,,,PENDING_AT_END
717.8499999999999,717.9902768376335,,,,PENDING_AT_END
718.1999999999999,718.3178423093717,,,,PENDING_AT_END
718.55,718.8010420882617,,,,PENDING_AT_END
718.9,719.0977590633019,,,,PENDING_AT_END
719.25,719.4480829695158,,,,PENDING_AT_END
719.5999999999999,719.6240166218797,,,,PENDING_AT_END
719.9499999999999,720.3293709193266,,,,PENDING_AT_END
720.3,720.5132211667462,,,,PENDING_AT_END
720.65,720.8441861338914,,,,PENDING_AT_END
721.0,721.2924789997799,,,,PENDING_AT_END
721.3499999999999,721.5160823666845,,,,PENDING_AT_END
721.6999999999999,721.7119338003548,,,,PENDING_AT_END
722.05,722.2313405550692,,,,PENDING_AT_END
722.4,722.7043693843194,,,,PENDING_AT_END
722.75,722.9835430381402,,,,PENDING_AT_END
723.0999999999999,723.4483205453246,,,,PENDING_AT_END
723.4499999999999,723.5939262868322,,,,PENDING_AT_END
723.8,724.1341786899254,,,,PENDING_AT_END
724.15,724.5087035594232,,,,PENDING_AT_END
724.5,724.6904745415795,,,,PENDING_AT_END
724.8499999999999,725.0742401872292,,,,PENDING_AT_END
725.1999999999999,725.540244225676,,,,PENDING_AT_END
725.55,725.6950050067467,,,,PENDING_AT_END
725.9,726.1746122342962,,,,PENDING_AT_END
726.25,726.2919316267521,,,,PENDING_AT_END
726.5999999999999,726.9518369571583,,,,PENDING_AT_END
726.9499999999999,727.2015550075026,,,,PENDING_AT_END
727.3,727.3665352277706,,,,PENDING_AT_END
727.65,728.0403525748774,,,,PENDING_AT_END
728.0,728.019665020227,,,,PENDING_AT_END
728.3499999999999,728.558162364807,,,,PENDING_AT_END
728.6999999999999,728.9219298952665,,,,PENDING_AT_END
729.05,729.3179118616936,,,,PENDING_AT_END
729.4,729.692764806587,,,,PENDING_AT_END
729.75,730.051907051005,,,,PENDING_AT_END
730.0999999999999,730.2767119337279,,,,PENDING_AT_END
730.4499999999999,730.7545439579782,,,,PENDING_AT_END
730.8,731.1532723395887,,,,PENDING_AT_END
731.15,731.1651195179758,,,,PENDING_AT_END
731.5,731.624342544374,,,,PENDING_AT_END
731.8499999999999,732.1740996832114,,,,PENDING_AT_END
732.1999999999999,732.2185234294315,,,,PENDING_AT_END
732.55,732.760413513915,,,,PENDING_AT_END
732.9,732.9134707577672,,,,PENDING_AT_END
733.25,733.6435891875353,,,,PENDING_AT_END
733.5999999999999,733.8290006908228,,,,PENDING_AT_END
733.9499999999999,734.2081766706916,,,,PENDING_AT_END
734.3,734.5658747345906,,,,PENDING_AT_END
734.65,734.8428079715424,,,,PENDING_AT_END
