timestamp,gen_time,sel_time,tx_time,rx_time,status
0.0,0.09812943757407716,154.68782761395525,154.68882761395525,154.85882761395524,TX
0.35,0.3508205843974116,160.28651740700462,160.28751740700463,160.45751740700462,TX
0.7,0.9428113620875538,156.46157650063344,156.46257650063345,156.63257650063343,TX
1.0499999999999998,1.2189408476612784,156.59996275720013,156.60096275720014,156.77096275720012,TX
1.4,1.6155441700995934,159.278564686889,159.27956468688902,159.449564686889,TX
1.75,1.9521457843523122,160.70537024667394,160.70637024667394,160.87637024667393,TX
2.0999999999999996,2.4066858508387883,152.6923716035235,152.6933716035235,152.8633716035235,TX
2.4499999999999997,2.7623520202971243,158.515132514273,158.516132514273,158.686132514273,TX
2.8,3.0182047560600562,155.4350795124683,155.4360795124683,155.60607951246828,TX
3.15,3.38434413459238,157.46954924534722,157.47054924534723,157.64054924534722,TX
3.5,3.7439193196367997,155.01266121941447,155.01366121941447,155.18366121941446,TX
3.8499999999999996,3.8848032935020385,156.56275743924604,156.56375743924605,156.73375743924603,TX
4.199999999999999,4.27738731562407,156.5482276559521,156.5492276559521,156.7192276559521,TX
4.55,4.921666047375923,160.80888368829844,160.80988368829844,160.97988368829843,TX
4.8999999999999995,4.951975572195965,,,,PENDING_AT_END
5.25,5.413164469154131,,,,PENDING_AT_END
5.6,5.670289666291316,,,,PENDING_AT_END
5.949999999999999,6.341930743179921,,,,PENDING_AT_END
6.3,6.521457418891242,,,,PENDING_AT_END
6.6499999999999995,6.835446318917788,,,,PENDING_AT_END
7.0,7.064124640452029,,,,PENDING_AT_END
7.35,7.532587237013223,,,,PENDING_AT_END
7.699999999999999,7.7867560486074545,,,,PENDING_AT_END
8.049999999999999,8.384929876059234,,,,PENDING_AT_END
8.399999999999999,8.671480933914644,,,,PENDING_AT_END
8.75,8.903835262568819,,,,PENDING_AT_END
9.1,9.184571566749609,,,,PENDING_AT_END
9.45,9.768104782045743,,,,PENDING_AT_END
9.799999999999999,9.850986693807487,,,,PENDING_AT_END
10.149999999999999,10.536989216474336,,,,PENDING_AT_END
10.5,10.797377508631914,,,,PENDING_AT_END
10.85,11.239126727776537,,,,PENDING_AT_END
11.2,11.582265340395487,,,,PENDING_AT_END
11.549999999999999,11.648291578566306,,,,PENDING_AT_END
11.899999999999999,12.291070159572275,,,,PENDING_AT_END
12.25,12.365851015260372,,,,PENDING_AT_END
12.6,12.948187679049179,,,,PENDING_AT_END
12.95,12.970887234703781,,,,PENDING_AT_END
13.299999999999999,13.624933780225215,,,,PENDING_AT_END
13.649999999999999,13.656725529321562,,,,PENDING_AT_END
14.0,14.114465484188084,,,,PENDING_AT_END
14.35,14.67619431192688,,,,PENDING_AT_END
14.7,15.032501840606848,,,,PENDING_AT_END
15.049999999999999,15.191203883412639,,,,PENDING_AT_END
15.399999999999999,15.623691501112681,,,,PENDING_AT_END
15.749999999999998,15.834321724506522,,,,PENDING_AT_END
16.099999999999998,16.44139158413297,,,,PENDING_AT_END
16.45,16.730082953826024,,,,PENDING_AT_END
16.799999999999997,16.939152586629525,,,,PENDING_AT_END
17.15,17.228391164110846,,,,PENDING_AT_END
17.5,17.833487884556696,,,,PENDING_AT_END
17.849999999999998,18.174295744994605,,,,PENDING_AT_END
18.2,18.34921558801044,,,,PENDING_AT_END
18.549999999999997,18.793238044320503,,,,PENDING_AT_END
18.9,19.253588500261927,,,,PENDING_AT_END
19.25,19.510842375111558,,,,PENDING_AT_END
19.599999999999998,19.964298590356993,,,,PENDING_AT_END
19.95,20.17731398693486,,,,PENDING_AT_END
20.299999999999997,20.43718976586284,,,,PENDING_AT_END
20.65,21.01623710300673,,,,PENDING_AT_END
21.0,21.289141055501126,,,,PENDING_AT_END
21.349999999999998,21.608555156475244,,,,PENDING_AT_END
21.7,21.870354551279316,,,,PENDING_AT_END
22.049999999999997,22.238685811673122,,,,PENDING_AT_END
22.4,22.433454729218795,,,,PENDING_AT_END
22.75,23.089313722418105,,,,PENDING_AT_END
23.099999999999998,23.13474578715307,,,,PENDING_AT_END
23.45,23.820963667464515,,,,PENDING_AT_END
23.799999999999997,24.060345346140693,,,,PENDING_AT_END
24.15,24.504067789646726,,,,PENDING_AT_END
24.5,24.57110493461189,,,,PENDING_AT_END
24.849999999999998,25.12489679308911,,,,PENDING_AT_END
25.2,25.380621093606944,,,,PENDING_AT_END
25.549999999999997,25.57202903968927,,,,PENDING_AT_END
25.9,25.927125826069755,,,,PENDING_AT_END
26.25,26.3370768500247,,,,PENDING_AT_END
26.599999999999998,26.900130053315277,,,,PENDING_AT_END
26.95,26.98517115776559,,,,PENDING_AT_END
27.299999999999997,27.541094593937913,,,,PENDING_AT_END
27.65,27.877222430063107,,,,PENDING_AT_END
28.0,28.06807228686918,,,,PENDING_AT_END
28.349999999999998,28.411989369783353,,,,PENDING_AT_END
28.7,28.786530895789237,,,,PENDING_AT_END
29.049999999999997,29.322423966243484,,,,PENDING_AT_END
29.4,29.68571104837728,,,,PENDING_AT_END
29.749999999999996,30.082409443604963,,,,PENDING_AT_END
30.099999999999998,30.212051260412505,,,,PENDING_AT_END
30.45,30.837923409574127,,,,PENDING_AT_END
30.799999999999997,31.057756329445787,,,,PENDING_AT_END
31.15,31.28130781976838,,,,PENDING_AT_END
31.499999999999996,31.871931305107896,,,,PENDING_AT_END
31.849999999999998,32.23068935918966,,,,PENDING_AT_END
32.199999999999996,32.25858338912466,,,,PENDING_AT_END
32.55,32.718190159353895,,,,PENDING_AT_END
32.9,33.174748678980556,,,,PENDING_AT_END
33.25,33.25105721642058,,,,PENDING_AT_END
33.599999999999994,33.94393270265397,,,,PENDING_AT_END
33.949999999999996,34.13031234387409,,,,PENDING_AT_END
34.3,34.513694576677565,,,,PENDING_AT_END
34.65,34.82171847822517,,,,PENDING_AT_END
35.0,35.37813715769951,,,,PENDING_AT_END
35.349999999999994,35.72153625100299,,,,PENDING_AT_END
35.699999999999996,35.86134669569328,,,,PENDING_AT_END
36.05,36.16544968381095,,,,PENDING_AT_END
36.4,36.66776609756638,,,,PENDING_AT_END
36.75,37.054743844281106,,,,PENDING_AT_END
37.099999999999994,37.4652065886672,,,,PENDING_AT_END
37.449999999999996,37.465034820120714,,,,PENDING_AT_END
37.8,37.995666268774656,,,,PENDING_AT_END
38.15,38.24249334316929,,,,PENDING_AT_END
38.5,38.758291534693896,,,,PENDING_AT_END
38.849999999999994,39.11990272275415,,,,PENDING_AT_END
39.199999999999996,39.44470361815683,,,,PENDING_AT_END
39.55,39.83804082344376,,,,PENDING_AT_END
39.9,40.26334387137522,,,,PENDING_AT_END
40.25,40.285211134478246,,,,PENDING_AT_END
40.599999999999994,40.818870498599296,,,,PENDING_AT_END
40.949999999999996,41.183382947744,,,,PENDING_AT_END
41.3,41.42651688789404,,,,PENDING_AT_END
41.65,41.68547513934396,,,,PENDING_AT_END
42.0,42.29586445519281,,,,PENDING_AT_END
42.349999999999994,42.64396114849326,,,,PENDING_AT_END
42.699999999999996,43.088544919706756,,,,PENDING_AT_END
43.05,43.05110042198649,,,,PENDING_AT_END
43.4,43.507549098513785,,,,PENDING_AT_END
43.75,43.829808205356045,,,,PENDING_AT_END
44.099999999999994,44.13008661829731,,,,PENDING_AT_END
44.449999999999996,44.49043036596415,,,,PENDING_AT_END
44.8,44.86589379721022,,,,PENDING_AT_END
45.15,45.51512359720531,,,,PENDING_AT_END
45.5,45.64137829177986,,,,PENDING_AT_END
45.849999999999994,46.03001490614001,,,,PENDING_AT_END
46.199999999999996,46.586465938427715,,,,PENDING_AT_END
46.55,46.93794674156898,,,,PENDING_AT_END
46.9,47.25647517713072,,,,PENDING_AT_END
47.25,47.36232029913488,,,,PENDING_AT_END
47.599999999999994,47.76067131669974,,,,PENDING_AT_END
47.949999999999996,48.147688830809194,,,,PENDING_AT_END
48.3,48.45454183434228,,,,PENDING_AT_END
48.65,48.7801777104798,,,,PENDING_AT_END
49.0,49.00964244414217,,,,PENDING_AT_END
49.349999999999994,49.530557034353436,,,,PENDING_AT_END
49.699999999999996,49.96274263281523,,,,PENDING_AT_END
50.05,50.27752470155583,,,,PENDING_AT_END
50.4,50.492866892381066,,,,PENDING_AT_END
50.75,50.80117185812068,,,,PENDING_AT_END
51.099999999999994,51.21072676331187,,,,PENDING_AT_END
51.449999999999996,51.5063233275229,,,,PENDING_AT_END
51.8,51.927561750011066,,,,PENDING_AT_END
52.15,52.153527247746105,,,,PENDING_AT_END
52.5,52.714289097084006,,,,PENDING_AT_END
52.849999999999994,53.146801792832704,,,,PENDING_AT_END
53.199999999999996,53.599552515336605,,,,PENDING_AT_END
53.55,53.581736693860165,,,,PENDING_AT_END
53.9,54.02253142533727,,,,PENDING_AT_END
54.25,54.47844287430637,,,,PENDING_AT_END
54.599999999999994,54.70611687734825,,,,PENDING_AT_END
54.949999999999996,55.226458224147954,,,,PENDING_AT_END
55.3,55.634494675319644,,,,PENDING_AT_END
55.65,55.99434444530694,,,,PENDING_AT_END
56.0,56.35858591201439,,,,PENDING_AT_END
56.349999999999994,56.624662158775806,,,,PENDING_AT_END
56.699999999999996,56.869235256067405,,,,PENDING_AT_END
57.05,57.43269332902523,,,,PENDING_AT_END
57.4,57.54837472205035,,,,PENDING_AT_END
57.74999999999999,57.852353336940446,,,,PENDING_AT_END
58.099999999999994,58.16837608021784,,,,PENDING_AT_END
58.449999999999996,58.57011892990557,,,,PENDING_AT_END
58.8,58.861088991114215,,,,PENDING_AT_END
59.15,59.21027555990256,,,,PENDING_AT_END
59.49999999999999,59.700439949517225,,,,PENDING_AT_END
59.849999999999994,59.85928847090668,,,,PENDING_AT_END
60.199999999999996,60.291280992942795,,,,PENDING_AT_END
60.55,60.61123227900643,,,,PENDING_AT_END
60.9,60.90114423385264,,,,PENDING_AT_END
61.24999999999999,61.47784656727293,,,,PENDING_AT_END
61.599999999999994,61.85890438479311,,,,PENDING_AT_END
61.949999999999996,62.23060372992229,,,,PENDING_AT_END
62.3,62.68260870547145,,,,PENDING_AT_END
62.65,62.765752577110526,,,,PENDING_AT_END
62.99999999999999,63.22434977598292,,,,PENDING_AT_END
63.349999999999994,63.67569008267725,,,,PENDING_AT_END
63.699999999999996,63.882428209763965,,,,PENDING_AT_END
64.05,64.21964031366007,,,,PENDING_AT_END
64.39999999999999,64.72950600049388,,,,PENDING_AT_END
64.75,65.00455014572907,,,,PENDING_AT_END
65.1,65.27985545894288,,,,PENDING_AT_END
65.45,65.77813526748913,,,,PENDING_AT_END
65.8,66.17132518055168,,,,PENDING_AT_END
66.14999999999999,66.45344342990104,,,,PENDING_AT_END
66.5,66.56521637748446,,,,PENDING_AT_END
66.85,66.88992127633,,,,PENDING_AT_END
67.19999999999999,67.42025330545118,,,,PENDING_AT_END
67.55,67.73169255672276,,,,PENDING_AT_END
67.89999999999999,68.24579152193628,,,,PENDING_AT_END
68.25,68.28405489638988,,,,PENDING_AT_END
68.6,68.87373421753213,,,,PENDING_AT_END
68.94999999999999,69.18964818253164,,,,PENDING_AT_END
69.3,69.63448971340925,,,,PENDING_AT_END
69.64999999999999,70.03915004789924,,,,PENDING_AT_END
70.0,70.39672289502249,,,,PENDING_AT_END
70.35,70.41541247315209,,,,PENDING_AT_END
70.69999999999999,70.90727689831022,,,,PENDING_AT_END
71.05,71.42804951793757,,,,PENDING_AT_END
71.39999999999999,71.56984930894141,,,,PENDING_AT_END
71.75,72.14397060489489,,,,PENDING_AT_END
72.1,72.43034929527178,,,,PENDING_AT_END
72.44999999999999,72.8000383136559,,,,PENDING_AT_END
72.8,73.05986573202547,,,,PENDING_AT_END
73.14999999999999,73.24749033559767,,,,PENDING_AT_END
73.5,73.89678554744384,,,,PENDING_AT_END
73.85,74.1135740743749,,,,PENDING_AT_END
74.19999999999999,74.23065154418376,,,,PENDING_AT_END
74.55,74.88278076603395,,,,PENDING_AT_END
74.89999999999999,75.13160445340647,,,,PENDING_AT_END
75.25,75.46984752224154,,,,PENDING_AT_END
75.6,75.9277322764602,,,,PENDING_AT_END
75.94999999999999,76.31308667202211,,,,PENDING_AT_END
76.3,76.54764490990637,,,,PENDING_AT_END
76.64999999999999,76.69271916049068,,,,PENDING_AT_END
77.0,77.17723651277493,,,,PENDING_AT_END
77.35,77.38219457943921,,,,PENDING_AT_END
77.69999999999999,77.90819454908436,,,,PENDING_AT_END
78.05,78.27276486616093,,,,PENDING_AT_END
78.39999999999999,78.46582977365243,,,,PENDING_AT_END
78.75,78.84416476952003,,,,PENDING_AT_END
79.1,79.38301742908666,,,,PENDING_AT_END
79.44999999999999,79.59292216403739,,,,PENDING_AT_END
79.8,79.84828593930432,,,,PENDING_AT_END
80.14999999999999,80.287920084899,,,,PENDING_AT_END
80.5,80.51166524224575,,,,PENDING_AT_END
80.85,81.11762986742559,,,,PENDING_AT_END
81.19999999999999,81.43365216328223,,,,PENDING_AT_END
81.55,81.90751491264216,,,,PENDING_AT_END
81.89999999999999,82.061660341689,,,,PENDING_AT_END
82.25,82.42528329263942,,,,PENDING_AT_END
82.6,82.61954594703388,,,,PENDING_AT_END
82.94999999999999,83.27534235877053,,,,PENDING_AT_END
83.3,83.67640077771698,,,,PENDING_AT_END
83.64999999999999,83.7539752737968,,,,PENDING_AT_END
84.0,84.26561846138216,,,,PENDING_AT_END
84.35,84.56149291125516,,,,PENDING_AT_END
84.69999999999999,84.76903950789813,,,,PENDING_AT_END
85.05,85.24378123513286,,,,PENDING_AT_END
85.39999999999999,85.78495485224819,,,,PENDING_AT_END
85.75,86.08933948127239,,,,PENDING_AT_END
86.1,86.37846020244851,,,,PENDING_AT_END
86.44999999999999,86.62222861651804,,,,PENDING_AT_END
86.8,86.816407960892,,,,PENDING_AT_END
87.14999999999999,87.45178189015952,,,,PENDING_AT_END
87.5,87.53563685526146,,,,PENDING_AT_END
87.85,88.02405665195795,,,,PENDING_AT_END
88.19999999999999,88.56610813689721,,,,PENDING_AT_END
88.55,88.7161820388897,,,,PENDING_AT_END
88.89999999999999,89.27617722639935,,,,PENDING_AT_END
89.25,89.29819027177811,,,,PENDING_AT_END
89.6,89.89485124289149,,,,PENDING_AT_END
89.94999999999999,89.97605220087274,,,,PENDING_AT_END
90.3,90.59339172216285,,,,PENDING_AT_END
90.64999999999999,91.01699492189196,,,,PENDING_AT_END
91.0,91.10701551301676,,,,PENDING_AT_END
91.35,91.49810330671377,,,,PENDING_AT_END
91.69999999999999,91.88253203243738,,,,PENDING_AT_END
92.05,92.29295956685174,,,,PENDING_AT_END
92.39999999999999,92.7524761712324,,,,PENDING_AT_END
92.75,93.09451378763535,,,,PENDING_AT_END
93.1,93.3742728137565,,,,PENDING_AT_END
93.44999999999999,93.8011615362046,,,,PENDING_AT_END
93.8,93.88970918605757,,,,PENDING_AT_END
94.14999999999999,94.4833355203799,,,,PENDING_AT_END
94.5,94.54053180778271,,,,PENDING_AT_END
94.85,94.90935856178413,,,,PENDING_AT_END
95.19999999999999,95.20771817595966,,,,PENDING_AT_END
95.55,95.86863657917395,,,,PENDING_AT_END
95.89999999999999,96.09644173206651,,,,PENDING_AT_END
96.25,96.40445607478196,,,,PENDING_AT_END
96.6,96.99221255003891,,,,PENDING_AT_END
96.94999999999999,97.06054049595647,,,,PENDING_AT_END
97.3,97.40573225447902,,,,PENDING_AT_END
97.64999999999999,97.68482478209832,,,,PENDING_AT_END
98.0,98.13269722942988,,,,PENDING_AT_END
98.35,98.39249452956693,,,,PENDING_AT_END
98.69999999999999,98.74561043470982,,,,PENDING_AT_END
99.05,99.17802228381764,,,,PENDING_AT_END
99.39999999999999,99.76773674063095,,,,PENDING_AT_END
99.75,100.12170398069335,,,,PENDING_AT_END
100.1,100.36246340810425,,,,PENDING_AT_END
100.44999999999999,100.49095460610326,,,,PENDING_AT_END
100.8,101.06541681946179,,,,PENDING_AT_END
101.14999999999999,101.4456498891354,,,,PENDING_AT_END
101.5,101.60943664666306,,,,PENDING_AT_END
101.85,102.11942840791139,,,,PENDING_AT_END
102.19999999999999,102.23938881733827,,,,PENDING_AT_END
102.55,102.85698453449486,,,,PENDING_AT_END
102.89999999999999,102.92792168018194,,,,PENDING_AT_END
103.25,103.4517214323736,,,,PENDING_AT_END
103.6,103.77810559832372,,,,PENDING_AT_END
103.94999999999999,104.07966326775278,,,,PENDING_AT_END
104.3,104.66302405763888,,,,PENDING_AT_END
104.64999999999999,104.72640535555114,,,,PENDING_AT_END
105.0,105.25466196835862,,,,PENDING_AT_END
105.35,105.6436220270715,,,,PENDING_AT_END
105.69999999999999,105.98581162656336,,,,PENDING_AT_END
106.05,106.40824235410959,,,,PENDING_AT_END
106.39999999999999,106.79609586442074,,,,PENDING_AT_END
106.75,106.84027669829379,,,,PENDING_AT_END
107.1,107.38093983931898,,,,PENDING_AT_END
107.44999999999999,107.71585540149366,,,,PENDING_AT_END
107.8,108.04741704349799,,,,PENDING_AT_END
108.14999999999999,108.34575004018173,,,,PENDING_AT_END
108.5,108.85246150934216,,,,PENDING_AT_END
108.85,109.040904979234,,,,PENDING_AT_END
109.19999999999999,109.26261562962264,,,,PENDING_AT_END
109.55,109.59541323014732,,,,PENDING_AT_END
109.89999999999999,110.05286625914987,,,,PENDING_AT_END
110.25,110.36557739096605,,,,PENDING_AT_END
110.6,110.95710669992295,,,,PENDING_AT_END
110.94999999999999,110.98157273175488,,,,PENDING_AT_END
111.3,111.45553778699617,,,,PENDING_AT_END
111.64999999999999,111.72118769085536,,,,PENDING_AT_END
112.0,112.22551036579065,,,,PENDING_AT_END
112.35,112.42835066306318,,,,PENDING_AT_END
112.69999999999999,112.80216210293628,,,,PENDING_AT_END
113.05,113.1577698035682,,,,PENDING_AT_END
113.39999999999999,113.64478189573087,,,,PENDING_AT_END
113.74999999999999,113.93924762648113,,,,PENDING_AT_END
114.1,114.31364012629561,,,,PENDING_AT_END
114.44999999999999,114.74889089070575,,,,PENDING_AT_END
114.8,114.81241345555149,,,,PENDING_AT_END
115.14999999999999,115.48503593384258,,,,PENDING_AT_END
115.49999999999999,115.802518328825,,,,PENDING_AT_END
115.85,115.92782189099475,,,,PENDING_AT_END
116.19999999999999,116.26193889475104,,,,PENDING_AT_END
116.55,116.78019048377233,,,,PENDING_AT_END
116.89999999999999,117.29202696030184,,,,PENDING_AT_END
117.24999999999999,117.42161907585485,,,,PENDING_AT_END
117.6,117.75669062650593,,,,PENDING_AT_END
117.94999999999999,118.16399269580359,,,,PENDING_AT_END
118.3,118.67766534336577,,,,PENDING_AT_END
118.64999999999999,118.87483846009074,,,,PENDING_AT_END
118.99999999999999,119.3402679160124,,,,PENDING_AT_END
119.35,119.61795370076828,,,,PENDING_AT_END
119.69999999999999,119.70696726770962,,,,PENDING_AT_END
120.05,120.17234624193212,,,,PENDING_AT_END
120.39999999999999,120.7705481294541,,,,PENDING_AT_END
120.74999999999999,121.051523383479,,,,PENDING_AT_END
121.1,121.11840109501327,,,,PENDING_AT_END
121.44999999999999,121.8461308514151,,,,PENDING_AT_END
121.8,121.99887738236059,,,,PENDING_AT_END
122.14999999999999,122.45001599693946,,,,PENDING_AT_END
122.49999999999999,122.59558016776187,,,,PENDING_AT_END
122.85,123.19946719788538,,,,PENDING_AT_END
123.19999999999999,123.48618644298708,,,,PENDING_AT_END
123.55,123.69098406132356,,,,PENDING_AT_END
123.89999999999999,124.18061060451343,,,,PENDING_AT_END
124.24999999999999,124.40919185300952,,,,PENDING_AT_END
124.6,124.89663594254674,,,,PENDING_AT_END
124.94999999999999,125.26315073681829,,,,PENDING_AT_END
125.3,125.4440230428494,,,,PENDING_AT_END
125.64999999999999,125.7060101414149,,,,PENDING_AT_END
125.99999999999999,126.19945626906478,,,,PENDING_AT_END
126.35,126.42581766749385,,,,PENDING_AT_END
126.69999999999999,127.05808151811044,,,,PENDING_AT_END
127.05,127.37626925213594,,,,PENDING_AT_END
127.39999999999999,127.52420184884757,,,,PENDING_AT_END
127.74999999999999,127.82853526444079,,,,PENDING_AT_END
128.1,128.22981300743183,,,,PENDING_AT_END
128.45,128.6388843252724,,,,PENDING_AT_END
128.79999999999998,129.0221986709719,,,,PENDING_AT_END
129.15,129.42359586672782,,,,PENDING_AT_END
129.5,129.54760521447423,,,,PENDING_AT_END
129.85,129.91883892247395,,,,PENDING_AT_END
130.2,130.52705869870448,,,,PENDING_AT_END
130.54999999999998,130.55438551750834,,,,PENDING_AT_END
130.9,131.01870752135946,,,,PENDING_AT_END
131.25,131.4039518611612,,,,PENDING_AT_END
131.6,131.88580230361518,,,,PENDING_AT_END
131.95,132.03635702531602,,,,PENDING_AT_END
132.29999999999998,132.50567991409113,,,,PENDING_AT_END
132.65,132.8588024472826,,,,PENDING_AT_END
133.0,133.22817889298443,,,,PENDING_AT_END
133.35,133.63763471708288,,,,PENDING_AT_END
133.7,134.00221438785098,,,,PENDING_AT_END
134.04999999999998,134.22901249706476,,,,PENDING_AT_END
134.39999999999998,134.4448555171184,,,,PENDING_AT_END
134.75,135.12648022088894,,,,PENDING_AT_END
135.1,135.3736569029202,,,,PENDING_AT_END
135.45,135.8099180203667,,,,PENDING_AT_END
135.79999999999998,136.18289042211418,,,,PENDING_AT_END
136.14999999999998,136.3784398694105,,,,PENDING_AT_END
136.5,136.5323322244982,,,,PENDING_AT_END
136.85,136.97053264754672,,,,PENDING_AT_END
137.2,137.34105727677644,,,,PENDING_AT_END
137.54999999999998,137.8926690482712,,,,PENDING_AT_END
137.89999999999998,137.99057290309315,,,,PENDING_AT_END
138.25,138.53424544392806,,,,PENDING_AT_END
138.6,138.64939424141974,,,,PENDING_AT_END
138.95,139.05520903359195,,,,PENDING_AT_END
139.29999999999998,139.50399336218564,,,,PENDING_AT_END
139.64999999999998,139.90709190037904,,,,PENDING_AT_END
140.0,140.29169459809754,,,,PENDING_AT_END
140.35,140.7436196896812,,,,PENDING_AT_END
140.7,141.0051044769744,,,,PENDING_AT_END
141.04999999999998,141.3792470787739,,,,PENDING_AT_END
141.39999999999998,141.595419523908,,,,PENDING_AT_END
141.75,141.80129623085293,,,,PENDING_AT_END
142.1,142.37201422550763,,,,PENDING_AT_END
142.45,142.6521575437912,,,,PENDING_AT_END
142.79999999999998,142.84114312040768,,,,PENDING_AT_END
143.14999999999998,143.46413645625552,,,,PENDING_AT_END
143.5,143.65200049674627,,,,PENDING_AT_END
143.85,143.96991931000574,,,,PENDING_AT_END
144.2,144.5562502166011,,,,PENDING_AT_END
144.54999999999998,144.7668238376099,,,,PENDING_AT_END
144.89999999999998,145.22167126680125,,,,PENDING_AT_END
145.25,145.6275155789166,,,,PENDING_AT_END
145.6,145.7835124513568,,,,PENDING_AT_END
145.95,146.0237954349024,,,,PENDING_AT_END
146.29999999999998,146.40325234268428,,,,PENDING_AT_END
146.64999999999998,146.82443852575892,,,,PENDING_AT_END
147.0,147.32236073788033,,,,PENDING_AT_END
147.35,147.4301258909977,,,,PENDING_AT_END
147.7,147.9779642500484,,,,PENDING_AT_END
148.04999999999998,148.11712897499237,,,,PENDING_AT_END
148.39999999999998,148.44765666283314,,,,PENDING_AT_END
148.75,149.09968614077627,,,,PENDING_AT_END
149.1,149.47323568170677,,,,PENDING_AT_END
149.45,149.56586264528352,,,,PENDING_AT_END
149.79999999999998,150.0347665067508,,,,PENDING_AT_END
150.14999999999998,150.17357509437625,,,,PENDING_AT_END
150.5,150.65502088671883,,,,PENDING_AT_END
150.85,151.00782123950782,,,,PENDING_AT_END
151.2,151.205225595404,,,,PENDING_AT_END
151.54999999999998,151.7601675382476,,,,PENDING_AT_END
151.89999999999998,152.09773474033824,,,,PENDING_AT_END
152.25,152.40949313038374,,,,PENDING_AT_END
152.6,152.65049279412042,,,,PENDING_AT_END
152.95,152.96235120149942,,,,PENDING_AT_END
153.29999999999998,153.69957056381534,,,,PENDING_AT_END
153.64999999999998,153.87382298175987,,,,PENDING_AT_END
154.0,154.37751952656572,,,,PENDING_AT_END
154.35,154.43623423764913,,,,PENDING_AT_END
154.7,155.07079381660344,,,,PENDING_AT_END
155.04999999999998,155.0623693188243,,,,PENDING_AT_END
155.39999999999998,155.63119619841189,,,,PENDING_AT_END
155.75,155.93751098578747,,,,PENDING_AT_END
156.1,156.19250890171682,,,,PENDING_AT_END
156.45,156.57882132277842,,,,PENDING_AT_END
156.79999999999998,157.02327859965837,,,,PENDING_AT_END
157.14999999999998,157.39042851281255,,,,PENDING_AT_END
157.5,157.57128505958946,,,,PENDING_AT_END
157.85,157.97676030842652,,,,PENDING_AT_END
158.2,158.20988456554977,,,,PENDING_AT_END
158.54999999999998,158.60689096663347,,,,PENDING_AT_END
158.89999999999998,159.28041694879596,,,,PENDING_AT_END
159.25,159.52105463295055,,,,PENDING_AT_END
159.6,159.66313002129468,,,,PENDING_AT_END
159.95,160.16660389950232,,,,PENDING_AT_END
160.29999999999998,160.441017131476,,,,PENDING_AT_END
160.64999999999998,161.0117756511039,,,,PENDING_AT_END
161.0,161.03013930559257,,,,PENDING_AT_END
161.35,161.4939754857197,,,,PENDING_AT_END
161.7,161.89647695789392,,,,PENDING_AT_END
162.04999999999998,162.33935729897914,,,,PENDING_AT_END
162.39999999999998,162.78142499768796,,,,PENDING_AT_END
162.75,162.8815131731053,,,,PENDING_AT_END
163.1,163.41742333890792,,,,PENDING_AT_END
163.45,163.54074151697415,,,,PENDING_AT_END
163.79999999999998,163.9779152498812,,,,PENDING_AT_END
164.14999999999998,164.45814404601612,,,,PENDING_AT_END
164.5,164.76217864034925,,,,PENDING_AT_END
164.85,164.86715873843613,,,,PENDING_AT_END
165.2,165.35705339049235,,,,PENDING_AT_END
165.54999999999998,165.8750054682972,,,,PENDING_AT_END
165.89999999999998,166.11058486066554,,,,PENDING_AT_END
166.25,166.36242323291236,,,,PENDING_AT_END
166.6,166.8455117336607,,,,PENDING_AT_END
166.95,167.11356260042106,,,,PENDING_AT_END
167.29999999999998,167.3663371627326,,,,PENDING_AT_END
167.64999999999998,167.9714968609361,,,,PENDING_AT_END
168.0,168.20607355730215,,,,PENDING_AT_END
168.35,168.4252898036489,,,,PENDING_AT_END
168.7,168.78301997307454,,,,PENDING_AT_END
169.04999999999998,169.2833328308877,,,,PENDING_AT_END
169.39999999999998,169.63453052740084,,,,PENDING_AT_END
169.75,169.92652734550222,,,,PENDING_AT_END
170.1,170.29038292928888,,,,PENDING_AT_END
170.45,170.82925244564717,,,,PENDING_AT_END
170.79999999999998,170.8830541849442,,,,PENDING_AT_END
171.14999999999998,171.170486783064,,,,PENDING_AT_END
171.5,171.57765794106774,,,,PENDING_AT_END
171.85,172.10160882880703,,,,PENDING_AT_END
172.2,172.35157062503276,,,,PENDING_AT_END
172.54999999999998,172.65059512281871,,,,PENDING_AT_END
172.89999999999998,173.02864524886974,,,,PENDING_AT_END
173.25,173.48779530645686,,,,PENDING_AT_END
173.6,173.81935381168014,,,,PENDING_AT_END
173.95,174.3264322718578,,,,PENDING_AT_END
174.29999999999998,174.49406149937462,,,,PENDING_AT_END
174.64999999999998,174.77250021851393,,,,PENDING_AT_END
175.0,175.0594858814972,,,,PENDING_AT_END
175.35,175.6775919364279,,,,PENDING_AT_END
175.7,175.88136529122983,,,,PENDING_AT_END
176.04999999999998,176.41207183195328,,,,PENDING_AT_END
176.39999999999998,176.61447272222284,,,,PENDING_AT_END
176.75,176.83352492724475,,,,PENDING_AT_END
177.1,177.37348850871106,,,,PENDING_AT_END
177.45,177.5267606824541,,,,PENDING_AT_END
177.79999999999998,178.10203640191926,,,,PENDING_AT_END
178.14999999999998,178.54928166433024,,,,PENDING_AT_END
178.5,178.85471161553295,,,,PENDING_AT_END
178.85,179.1120293743729,,,,PENDING_AT_END
179.2,179.46840589230806,,,,PENDING_AT_END
179.54999999999998,179.5572659604122,,,,PENDING_AT_END
179.89999999999998,180.19983358123818,,,,PENDING_AT_END
180.25,180.6126006419928,,,,PENDING_AT_END
180.6,180.63467461862157,,,,PENDING_AT_END
180.95,181.23253902343532,,,,PENDING_AT_END
181.29999999999998,181.39584452156217,,,,PENDING_AT_END
181.64999999999998,181.90483969129446,,,,PENDING_AT_END
182.0,182.06181450766474,,,,PENDING_AT_END
182.35,182.74993409814348,,,,PENDING_AT_END
182.7,182.91375318454277,,,,PENDING_AT_END
183.04999999999998,183.13361924797883,,,,PENDING_AT_END
183.39999999999998,183.56418304418742,,,,PENDING_AT_END
183.75,183.78989818350806,,,,PENDING_AT_END
184.1,184.38794183545556,,,,PENDING_AT_END
184.45,184.73109679277184,,,,PENDING_AT_END
184.79999999999998,184.8568156883221,,,,PENDING_AT_END
185.14999999999998,185.33765236315014,,,,PENDING_AT_END
185.5,185.615597294189,,,,PENDING_AT_END
185.85,185.94319631748547,,,,PENDING_AT_END
186.2,186.23478515437978,,,,PENDING_AT_END
186.54999999999998,186.5756611164185,,,,PENDING_AT_END
186.89999999999998,186.90620311675497,,,,PENDING_AT_END
187.25,187.45206285364782,,,,PENDING_AT_END
187.6,187.65151299851718,,,,PENDING_AT_END
187.95,188.29803924648314,,,,PENDING_AT_END
188.29999999999998,188.50826511034396,,,,PENDING_AT_END
188.64999999999998,188.69471971215728,,,,PENDING_AT_END
189.0,189.0381483526932,,,,PENDING_AT_END
189.35,189.42563372030813,,,,PENDING_AT_END
189.7,189.87161501046614,,,,PENDING_AT_END
190.04999999999998,190.11902872191976,,,,PENDING_AT_END
190.39999999999998,190.61972624864137,,,,PENDING_AT_END
190.75,191.07600777666676,,,,PENDING_AT_END
191.1,191.43105616977599,,,,PENDING_AT_END
191.45,191.6414023333378,,,,PENDING_AT_END
191.79999999999998,192.0566519828503,,,,PENDING_AT_END
192.14999999999998,192.19125265590122,,,,PENDING_AT_END
192.5,192.7174611352358,,,,PENDING_AT_END
192.85,193.20279636563274,,,,PENDING_AT_END
193.2,193.59607400822426,,,,PENDING_AT_END
193.54999999999998,193.7130311383975,,,,PENDING_AT_END
193.89999999999998,193.94321634641062,,,,PENDING_AT_END
194.25,194.41627589568003,,,,PENDING_AT_END
194.6,194.6638068963413,,,,PENDING_AT_END
194.95,195.1231394280589,,,,PENDING_AT_END
195.29999999999998,195.39599447504352,,,,PENDING_AT_END
195.64999999999998,195.93161661031627,,,,PENDING_AT_END
196.0,196.0662372549496,,,,PENDING_AT_END
196.35,196.68424222292438,,,,PENDING_AT_END
196.7,197.05982901155176,,,,PENDING_AT_END
197.04999999999998,197.2183414179518,,,,PENDING_AT_END
197.39999999999998,197.61019447161664,,,,PENDING_AT_END
197.75,198.06658532382278,,,,PENDING_AT_END
198.1,198.15546808136256,,,,PENDING_AT_END
198.45,198.7201923472976,,,,PENDING_AT_END
198.79999999999998,199.08796765752598,,,,PENDING_AT_END
199.14999999999998,199.50764044287553,,,,PENDING_AT_END
199.5,199.72519439978947,,,,PENDING_AT_END
199.85,200.142972653886,,,,PENDING_AT_END
200.2,200.42606813835647,,,,PENDING_AT_END
200.54999999999998,200.71254230867183,,,,PENDING_AT_END
200.89999999999998,201.05372505241007,,,,PENDING_AT_END
201.25,201.48027617043437,,,,PENDING_AT_END
201.6,201.83093428632068,,,,PENDING_AT_END
201.95,202.0313395483987,,,,PENDING_AT_END
202.29999999999998,202.67496277177864,,,,PENDING_AT_END
202.64999999999998,202.6769007409726,,,,PENDING_AT_END
203.0,203.06355909271576,,,,PENDING_AT_END
203.35,203.66747051241694,,,,PENDING_AT_END
203.7,203.98796338315782,,,,PENDING_AT_END
204.04999999999998,204.41982079948033,,,,PENDING_AT_END
204.39999999999998,204.42858715551114,,,,PENDING_AT_END
204.75,204.92678150041354,,,,PENDING_AT_END
205.1,205.36715484202787,,,,PENDING_AT_END
205.45,205.6011920913623,,,,PENDING_AT_END
205.79999999999998,205.88536079451987,,,,PENDING_AT_END
206.14999999999998,206.53679054778485,,,,PENDING_AT_END
206.5,206.5184827228873,,,,PENDING_AT_END
206.85,207.06330634407672,,,,PENDING_AT_END
207.2,207.25213564841073,,,,PENDING_AT_END
207.54999999999998,207.8960678965149,,,,PENDING_AT_END
207.89999999999998,208.23693155561574,,,,PENDING_AT_END
208.25,208.35971943585247,,,,PENDING_AT_END
208.6,208.86320737205548,,,,PENDING_AT_END
208.95,209.2250920467813,,,,PENDING_AT_END
209.29999999999998,209.3882282466354,,,,PENDING_AT_END
209.64999999999998,209.68805520413162,,,,PENDING_AT_END
210.0,210.0522445954777,,,,PENDING_AT_END
210.35,210.58028579256748,,,,PENDING_AT_END
210.7,210.71107107951747,,,,PENDING_AT_END
211.04999999999998,211.22857639872925,,,,PENDING_AT_END
211.39999999999998,211.78425772044056,,,,PENDING_AT_END
211.75,212.1405730829553,,,,PENDING_AT_END
212.1,212.1706535824487,,,,PENDING_AT_END
212.45,212.48959005733917,,,,PENDING_AT_END
212.79999999999998,213.0189001917207,,,,PENDING_AT_END
213.14999999999998,213.23532287073363,,,,PENDING_AT_END
213.5,213.8293433225644,,,,PENDING_AT_END
213.85,213.9910177094317,,,,PENDING_AT_END
214.2,214.3869170342299,,,,PENDING_AT_END
214.54999999999998,214.56242707512948,,,,PENDING_AT_END
214.89999999999998,215.1717236365776,,,,PENDING_AT_END
215.25,215.52299497444352,,,,PENDING_AT_END
215.6,215.92207536889717,,,,PENDING_AT_END
215.95,216.1853246510579,,,,PENDING_AT_END
216.29999999999998,216.34374939283904,,,,PENDING_AT_END
216.64999999999998,216.93365649129083,,,,PENDING_AT_END
217.0,217.08929265061875,,,,PENDING_AT_END
217.35,217.46066989523658,,,,PENDING_AT_END
217.7,218.0728760306231,,,,PENDING_AT_END
218.04999999999998,218.23708151928483,,,,PENDING_AT_END
218.39999999999998,218.7738526817526,,,,PENDING_AT_END
218.75,218.81925759628314,,,,PENDING_AT_END
219.1,219.30640075376735,,,,PENDING_AT_END
219.45,219.7742523263949,,,,PENDING_AT_END
219.79999999999998,220.01507451738806,,,,PENDING_AT_END
220.14999999999998,220.15411338095345,,,,PENDING_AT_END
220.5,220.51031047301456,,,,PENDING_AT_END
220.85,220.89212611127127,,,,PENDING_AT_END
221.2,221.51797051402383,,,,PENDING_AT_END
221.54999999999998,221.57992874224115,,,,PENDING_AT_END
221.89999999999998,222.23637040639954,,,,PENDING_AT_END
222.25,222.51491112869985,,,,PENDING_AT_END
222.6,222.98326680599607,,,,PENDING_AT_END
222.95,223.1872849330444,,,,PENDING_AT_END
223.29999999999998,223.46388323346528,,,,PENDING_AT_END
223.64999999999998,223.7008982033114,,,,PENDING_AT_END
224.0,224.39797732951416,,,,PENDING_AT_END
224.35,224.56455768330667,,,,PENDING_AT_END
224.7,224.867910410406,,,,PENDING_AT_END
225.04999999999998,225.14784963551196,,,,PENDING_AT_END
225.39999999999998,225.79853129170738,,,,PENDING_AT_END
225.74999999999997,225.84546251185773,,,,PENDING_AT_END
226.1,226.31368913828263,,,,PENDING_AT_END
226.45,226.55632592458664,,,,PENDING_AT_END
226.79999999999998,227.10754845551358,,,,PENDING_AT_END
227.14999999999998,227.21529242470513,,,,PENDING_AT_END
227.49999999999997,227.643122510876,,,,PENDING_AT_END
227.85,228.0582842104612,,,,PENDING_AT_END
228.2,228.58230626339628,,,,PENDING_AT_END
228.54999999999998,228.94298354281491,,,,PENDING_AT_END
228.89999999999998,229.2880244729801,,,,PENDING_AT_END
229.24999999999997,229.27468324563986,,,,PENDING_AT_END
229.6,229.654046913948,,,,PENDING_AT_END
229.95,230.28983834854273,,,,PENDING_AT_END
230.29999999999998,230.55313169968665,,,,PENDING_AT_END
230.64999999999998,230.67803907093946,,,,PENDING_AT_END
230.99999999999997,231.15766291533564,,,,PENDING_AT_END
231.35,231.6556163531557,,,,PENDING_AT_END
231.7,231.84734929766347,,,,PENDING_AT_END
232.04999999999998,232.092205540427,,,,PENDING_AT_END
232.39999999999998,232.42797967631543,,,,PENDING_AT_END
232.74999999999997,232.85509194878344,,,,PENDING_AT_END
233.1,233.27641111602478,,,,PENDING_AT_END
233.45,233.84653584288276,,,,PENDING_AT_END
233.79999999999998,234.10260893452002,,,,PENDING_AT_END
234.14999999999998,234.24713029763348,,,,PENDING_AT_END
234.49999999999997,234.6125881916557,,,,PENDING_AT_END
234.85,235.244345154417,,,,PENDING_AT_END
235.2,235.37216873286064,,,,PENDING_AT_END
235.54999999999998,235.80027920430504,,,,PENDING_AT_END
235.89999999999998,236.0129866553491,,,,PENDING_AT_END
236.24999999999997,236.49869197763726,,,,PENDING_AT_END
236.6,236.8628495031284,,,,PENDING_AT_END
236.95,237.2129322209688,,,,PENDING_AT_END
237.29999999999998,237.55305219123127,,,,PENDING_AT_END
237.64999999999998,238.01358324985392,,,,PENDING_AT_END
237.99999999999997,238.31950923398747,,,,PENDING_AT_END
238.35,238.35311065082945,,,,PENDING_AT_END
238.7,238.79613637434886,,,,PENDING_AT_END
239.04999999999998,239.05764835854254,,,,PENDING_AT_END
239.39999999999998,239.55314441473848,,,,PENDING_AT_END
239.74999999999997,240.0610149881126,,,,PENDING_AT_END
240.1,240.11878755302112,,,,PENDING_AT_END
240.45,240.84861549984038,,,,PENDING_AT_END
240.79999999999998,240.8409006098531,,,,PENDING_AT_END
241.14999999999998,241.42656314115033,,,,PENDING_AT_END
241.49999999999997,241.6792715573171,,,,PENDING_AT_END
241.85,242.23464729608864,,,,PENDING_AT_END
242.2,242.33972839426303,,,,PENDING_AT_END
242.54999999999998,242.79974403023843,,,,PENDING_AT_END
242.89999999999998,243.05718874047272,,,,PENDING_AT_END
243.24999999999997,243.348562899342,,,,PENDING_AT_END
243.6,243.78181708999134,,,,PENDING_AT_END
243.95,244.28382011461775,,,,PENDING_AT_END
244.29999999999998,244.65069430677366,,,,PENDING_AT_END
244.64999999999998,244.85045649213504,,,,PENDING_AT_END
244.99999999999997,245.1633960175761,,,,PENDING_AT_END
245.35,245.6161839478688,,,,PENDING_AT_END
245.7,246.09870805800574,,,,PENDING_AT_END
246.04999999999998,246.38171716009626,,,,PENDING_AT_END
246.39999999999998,246.70040432720293,,,,PENDING_AT_END
246.74999999999997,246.99884850275814,,,,PENDING_AT_END
247.1,247.26575530439723,,,,PENDING_AT_END
247.45,247.54317030873045,,,,PENDING_AT_END
247.79999999999998,248.19332966247876,,,,PENDING_AT_END
248.14999999999998,248.47678705997157,,,,PENDING_AT_END
248.49999999999997,248.56929245468413,,,,PENDING_AT_END
248.85,249.09993469406064,,,,PENDING_AT_END
249.2,249.24910244526882,,,,PENDING_AT_END
249.54999999999998,249.65387174483536,,,,PENDING_AT_END
249.89999999999998,250.18881302068962,,,,PENDING_AT_END
250.24999999999997,250.3845354369041,,,,PENDING_AT_END
250.6,250.79400372177523,,,,PENDING_AT_END
250.95,251.10065345834386,,,,PENDING_AT_END
251.29999999999998,251.55940125575265,,,,PENDING_AT_END
251.64999999999998,251.7520489013748,,,,PENDING_AT_END
251.99999999999997,252.34767080023218,,,,PENDING_AT_END
252.35,252.58928802782802,,,,PENDING_AT_END
252.7,253.0093546345763,,,,PENDING_AT_END
253.04999999999998,253.0777519529279,,,,PENDING_AT_END
253.39999999999998,253.49788095180372,,,,PENDING_AT_END
253.74999999999997,253.83816146550814,,,,PENDING_AT_END
254.1,254.1148876560815,,,,PENDING_AT_END
254.45,254.49706335248635,,,,PENDING_AT_END
254.79999999999998,254.8894489643993,,,,PENDING_AT_END
255.14999999999998,255.47579406930464,,,,PENDING_AT_END
255.49999999999997,255.78608566774287,,,,PENDING_AT_END
255.85,256.11673459926425,,,,PENDING_AT_END
256.2,256.38680555714785,,,,PENDING_AT_END
256.55,256.9478180559327,,,,PENDING_AT_END
256.9,257.0585926655509,,,,PENDING_AT_END
257.25,257.49550434501464,,,,PENDING_AT_END
257.59999999999997,257.9369776173716,,,,PENDING_AT_END
257.95,258.2979337082351,,,,PENDING_AT_END
258.3,258.59107067003123,,,,PENDING_AT_END
258.65,259.02467449893186,,,,PENDING_AT_END
259.0,259.25628676736494,,,,PENDING_AT_END
259.34999999999997,259.56956828971414,,,,PENDING_AT_END
259.7,260.02107657395385,,,,PENDING_AT_END
260.05,260.0764452380284,,,,PENDING_AT_END
260.4,260.7522025209206,,,,PENDING_AT_END
260.75,261.01183833058315,,,,PENDING_AT_END
261.09999999999997,261.49282775393164,,,,PENDING_AT_END
261.45,261.83496691942395,,,,PENDING_AT_END
261.8,261.9067912508544,,,,PENDING_AT_END
262.15,262.18511489646073,,,,PENDING_AT_END
262.5,262.6319253172054,,,,PENDING_AT_END
262.84999999999997,263.21667949658826,,,,PENDING_AT_END
263.2,263.3527420118077,,,,PENDING_AT_END
263.55,263.8558177431733,,,,PENDING_AT_END
263.9,263.96585773904314,,,,PENDING_AT_END
264.25,264.30122400215623,,,,PENDING_AT_END
264.59999999999997,264.780195369752,,,,PENDING_AT_END
264.95,265.0595112834325,,,,PENDING_AT_END
265.3,265.31391426603915,,,,PENDING_AT_END
265.65,265.90605348244424,,,,PENDING_AT_END
266.0,266.17713504695234,,,,PENDING_AT_END
266.34999999999997,266.67696533180464,,,,PENDING_AT_END
266.7,267.00033239577016,,,,PENDING_AT_END
267.05,267.41071894256953,,,,PENDING_AT_END
267.4,267.47132360826026,,,,PENDING_AT_END
267.75,267.9349135014967,,,,PENDING_AT_END
268.09999999999997,268.4047496272871,,,,PENDING_AT_END
268.45,268.82258808812463,,,,PENDING_AT_END
268.79999999999995,268.825359640098,,,,PENDING_AT_END
269.15,269.3256574596289,,,,PENDING_AT_END
269.5,269.6371138271114,,,,PENDING_AT_END
269.84999999999997,270.24878277003705,,,,PENDING_AT_END
270.2,270.5246029922528,,,,PENDING_AT_END
270.54999999999995,270.7728515564571,,,,PENDING_AT_END
270.9,271.0674273902921,,,,PENDING_AT_END
271.25,271.42651556356634,,,,PENDING_AT_END
271.59999999999997,271.9049824777615,,,,PENDING_AT_END
271.95,272.05546015747615,,,,PENDING_AT_END
272.29999999999995,272.38864967350025,,,,PENDING_AT_END
272.65,272.7605877755052,,,,PENDING_AT_END
273.0,273.21292929522497,,,,PENDING_AT_END
273.34999999999997,273.705404923055,,,,PENDING_AT_END
273.7,274.03747125379795,,,,PENDING_AT_END
274.04999999999995,274.0833688407595,,,,PENDING_AT_END
274.4,274.58440408204433,,,,PENDING_AT_END
274.75,275.10861196494625,,,,PENDING_AT_END
275.09999999999997,275.33916651589306,,,,PENDING_AT_END
275.45,275.45446280504103,,,,PENDING_AT_END
275.79999999999995,276.0002138153104,,,,PENDING_AT_END
276.15,276.40076674811223,,,,PENDING_AT_END
276.5,276.69099008348485,,,,PENDING_AT_END
276.84999999999997,277.23798467506987,,,,PENDING_AT_END
277.2,277.2052187027322,,,,PENDING_AT_END
277.54999999999995,277.8960975144969,,,,PENDING_AT_END
277.9,278.04747168751874,,,,PENDING_AT_END
278.25,278.6202530548808,,,,PENDING_AT_END
278.59999999999997,278.8223334936178,,,,PENDING_AT_END
278.95,279.0184397326646,,,,PENDING_AT_END
279.29999999999995,279.34438176115043,,,,PENDING_AT_END
279.65,280.01011612830905,,,,PENDING_AT_END
280.0,280.01811199536087,,,,PENDING_AT_END
280.34999999999997,280.65072676934545,,,,PENDING_AT_END
280.7,281.0647614575918,,,,PENDING_AT_END
281.04999999999995,281.1443186916771,,,,PENDING_AT_END
281.4,281.5165627869043,,,,PENDING_AT_END
281.75,282.09027790388257,,,,PENDING_AT_END
282.09999999999997,282.48978105417706,,,,PENDING_AT_END
282.45,282.495770618197,,,,PENDING_AT_END
282.79999999999995,282.8004590874067,,,,PENDING_AT_END
283.15,283.21983787725367,,,,PENDING_AT_END
283.5,283.52940361268463,,,,PENDING_AT_END
283.84999999999997,284.0751142297227,,,,PENDING_AT_END
284.2,284.2285674256421,,,,PENDING_AT_END
284.54999999999995,284.559938379026,,,,PENDING_AT_END
284.9,285.25260499588705,,,,PENDING_AT_END
285.25,285.6221859995711,,,,PENDING_AT_END
285.59999999999997,285.65950794493875,,,,PENDING_AT_END
285.95,286.1610203500831,,,,PENDING_AT_END
286.29999999999995,286.6811625916108,,,,PENDING_AT_END
286.65,287.02321581002764,,,,PENDING_AT_END
287.0,287.1834372818522,,,,PENDING_AT_END
287.34999999999997,287.6465843764917,,,,PENDING_AT_END
287.7,287.9387823186241,,,,PENDING_AT_END
288.04999999999995,288.2998060878267,,,,PENDING_AT_END
288.4,288.59478720404707,,,,PENDING_AT_END
288.75,288.8196400044303,,,,PENDING_AT_END
289.09999999999997,289.2674428559682,,,,PENDING_AT_END
289.45,289.54638225480466,,,,PENDING_AT_END
289.79999999999995,290.02591250299145,,,,PENDING_AT_END
290.15,290.51589385858915,,,,PENDING_AT_END
290.5,290.5887339909822,,,,PENDING_AT_END
290.84999999999997,291.21091783360265,,,,PENDING_AT_END
291.2,291.56071984720455,,,,PENDING_AT_END
291.54999999999995,291.5548699890162,,,,PENDING_AT_END
291.9,292.224067259442,,,,PENDING_AT_END
292.25,292.31808655423765,,,,PENDING_AT_END
292.59999999999997,292.878091687926,,,,PENDING_AT_END
292.95,293.01520650720573,,,,PENDING_AT_END
293.29999999999995,293.35658254405143,,,,PENDING_AT_END
293.65,293.6533465267444,,,,PENDING_AT_END
294.0,294.1556764895896,,,,PENDING_AT_END
294.34999999999997,294.4051805082872,,,,PENDING_AT_END
294.7,294.8082263234074,,,,PENDING_AT_END
295.04999999999995,295.2432870595427,,,,PENDING_AT_END
295.4,295.5213365934562,,,,PENDING_AT_END
295.75,295.9611946416054,,,,PENDING_AT_END
296.09999999999997,296.117502534454,,,,PENDING_AT_END
296.45,296.6103994496728,,,,PENDING_AT_END
296.79999999999995,297.1200407411301,,,,PENDING_AT_END
297.15,297.3868161132467,,,,PENDING_AT_END
297.5,297.7048147514573,,,,PENDING_AT_END
297.84999999999997,298.1453726147344,,,,PENDING_AT_END
298.2,298.3002568258442,,,,PENDING_AT_END
298.54999999999995,298.82632139156556,,,,PENDING_AT_END
298.9,299.14365267463086,,,,PENDING_AT_END
299.25,299.5044509019373,,,,PENDING_AT_END
299.59999999999997,299.98609357228753,,,,PENDING_AT_END
299.95,300.18676265780806,,,,PENDING_AT_END
300.29999999999995,300.6457722626179,,,,PENDING_AT_END
300.65,300.719956464957,,,,PENDING_AT_END
301.0,301.16042702968684,,,,PENDING_AT_END
301.34999999999997,301.6329257655347,,,,PENDING_AT_END
301.7,301.93256703323635,,,,PENDING_AT_END
302.04999999999995,302.38095865186824,,,,PENDING_AT_END
302.4,302.72827877482257,,,,PENDING_AT_END
302.75,303.1090032229283,,,,PENDING_AT_END
303.09999999999997,303.11874375841734,,,,PENDING_AT_END
303.45,303.83797641264795,,,,PENDING_AT_END
303.79999999999995,303.8745805204403,,,,PENDING_AT_END
304.15,304.48486768792907,,,,PENDING_AT_END
304.5,304.86473358920193,,,,PENDING_AT_END
304.84999999999997,305.15950064052373,,,,PENDING_AT_END
305.2,305.5064698738832,,,,PENDING_AT_END
305.54999999999995,305.8386960472843,,,,PENDING_AT_END
305.9,306.2986909348415,,,,PENDING_AT_END
306.25,306.30296687023997,,,,PENDING_AT_END
306.59999999999997,306.8204253589067,,,,PENDING_AT_END
306.95,307.2781017532357,,,,PENDING_AT_END
307.29999999999995,307.54736854878377,,,,PENDING_AT_END
307.65,307.7144876505887,,,,PENDING_AT_END
308.0,308.2938166406633,,,,PENDING_AT_END
308.34999999999997,308.48256097201664,,,,PENDING_AT_END
308.7,308.9306776539261,,,,PENDING_AT_END
309.04999999999995,309.12570083051355,,,,PENDING_AT_END
309.4,309.76038057950063,,,,PENDING_AT_END
309.75,309.865831969131,,,,PENDING_AT_END
310.09999999999997,310.19025991095253,,,,PENDING_AT_END
310.45,310.5566193135152,,,,PENDING_AT_END
310.79999999999995,310.8300437204448,,,,PENDING_AT_END
311.15,311.224568207218,,,,PENDING_AT_END
311.5,311.7169709153969,,,,PENDING_AT_END
311.84999999999997,312.15136232856827,,,,PENDING_AT_END
312.2,312.2144360182104,,,,PENDING_AT_END
312.54999999999995,312.92159809427596,,,,PENDING_AT_END
312.9,313.2638135806808,,,,PENDING_AT_END
313.25,313.3876702082647,,,,PENDING_AT_END
313.59999999999997,313.7170001155086,,,,PENDING_AT_END
313.95,314.00703687861034,,,,PENDING_AT_END
314.29999999999995,314.3037719560007,,,,PENDING_AT_END
314.65,314.9658452359938,,,,PENDING_AT_END
315.0,315.1327082781687,,,,PENDING_AT_END
315.34999999999997,315.5990955292115,,,,PENDING_AT_END
315.7,316.0841297216015,,,,PENDING_AT_END
316.04999999999995,316.09706809862166,,,,PENDING_AT_END
316.4,316.79518488426106,,,,PENDING_AT_END
316.75,316.95738657486095,,,,PENDING_AT_END
317.09999999999997,317.4043330155851,,,,PENDING_AT_END
317.45,317.66271431413094,,,,PENDING_AT_END
317.79999999999995,318.1746091371085,,,,PENDING_AT_END
318.15,318.5385899974383,,,,PENDING_AT_END
318.5,318.74347962453805,,,,PENDING_AT_END
318.84999999999997,319.00615404734134,,,,PENDING_AT_END
319.2,319.57589057182173,,,,PENDING_AT_END
319.54999999999995,319.93853158584875,,,,PENDING_AT_END
319.9,320.2363139890833,,,,PENDING_AT_END
320.25,320.3717155585799,,,,PENDING_AT_END
320.59999999999997,320.78049570988975,,,,PENDING_AT_END
320.95,321.0554151018603,,,,PENDING_AT_END
321.29999999999995,321.52341530842193,,,,PENDING_AT_END
321.65,321.78154237053525,,,,PENDING_AT_END
322.0,322.04723598425767,,,,PENDING_AT_END
322.34999999999997,322.68580810690634,,,,PENDING_AT_END
322.7,322.75427162120735,,,,PENDING_AT_END
323.04999999999995,323.2244097244177,,,,PENDING_AT_END
323.4,323.77467063937854,,,,PENDING_AT_END
323.75,323.778804780295,,,,PENDING_AT_END
324.09999999999997,324.1733336145755,,,,PENDING_AT_END
324.45,324.5971253162092,,,,PENDING_AT_END
324.79999999999995,324.88933459529903,,,,PENDING_AT_END
325.15,325.52641298968,,,,PENDING_AT_END
325.5,325.8068252112065,,,,PENDING_AT_END
325.84999999999997,326.11931317315117,,,,PENDING_AT_END
326.2,326.22704321920065,,,,PENDING_AT_END
326.54999999999995,326.81760087746727,,,,PENDING_AT_END
326.9,326.9869606962354,,,,PENDING_AT_END
327.25,327.5491063779365,,,,PENDING_AT_END
327.59999999999997,327.9894301107657,,,,PENDING_AT_END
327.95,328.2044341005738,,,,PENDING_AT_END
328.29999999999995,328.5460468599174,,,,PENDING_AT_END
328.65,328.7832608584905,,,,PENDING_AT_END
329.0,329.30895292167384,,,,PENDING_AT_END
329.34999999999997,329.4507174472678,,,,PENDING_AT_END
329.7,330.01102588220766,,,,PENDING_AT_END
330.04999999999995,330.1620951507854,,,,PENDING_AT_END
330.4,330.6624193846935,,,,PENDING_AT_END
330.75,330.7737422506634,,,,PENDING_AT_END
331.09999999999997,331.16654164616335,,,,PENDING_AT_END
331.45,331.7230483069771,,,,PENDING_AT_END
331.79999999999995,331.88069987451536,,,,PENDING_AT_END
332.15,332.4093617372871,,,,PENDING_AT_END
332.5,332.7042106020782,,,,PENDING_AT_END
332.84999999999997,333.2286621362338,,,,PENDING_AT_END
333.2,333.4579955889331,,,,PENDING_AT_END
333.54999999999995,333.8571969967444,,,,PENDING_AT_END
333.9,334.18966190848846,,,,PENDING_AT_END
334.25,334.3494573924555,,,,PENDING_AT_END
334.59999999999997,334.8529348483475,,,,PENDING_AT_END
334.95,335.1693109594889,,,,PENDING_AT_END
335.29999999999995,335.49012260944096,,,,PENDING_AT_END
335.65,335.8035060710564,,,,PENDING_AT_END
336.0,336.26406211492736,,,,PENDING_AT_END
336.34999999999997,336.61561618093634,,,,PENDING_AT_END
336.7,336.9438844810075,,,,PENDING_AT_END
337.04999999999995,337.16614728783804,,,,PENDING_AT_END
337.4,337.4167476654774,,,,PENDING_AT_END
337.75,338.0746440320719,,,,PENDING_AT_END
338.09999999999997,338.4603449826573,,,,PENDING_AT_END
338.45,338.77666871886714,,,,PENDING_AT_END
338.79999999999995,338.8035101613598,,,,PENDING_AT_END
339.15,339.21345626377376,,,,PENDING_AT_END
339.5,339.78356932362817,,,,PENDING_AT_END
339.84999999999997,340.0237100236713,,,,PENDING_AT_END
340.2,340.38232439624977,,,,PENDING_AT_END
340.54999999999995,340.9446383075624,,,,PENDING_AT_END
340.9,341.2180914116459,,,,PENDING_AT_END
341.25,341.48398668277207,,,,PENDING_AT_END
341.59999999999997,341.6410298054133,,,,PENDING_AT_END
341.95,342.1409115753709,,,,PENDING_AT_END
342.29999999999995,342.682483982653,,,,PENDING_AT_END
342.65,342.6507196362138,,,,PENDING_AT_END
343.0,343.125560806659,,,,PENDING_AT_END
343.34999999999997,343.36147661719184,,,,PENDING_AT_END
343.7,343.76392007018006,,,,PENDING_AT_END
344.04999999999995,344.1262365389849,,,,PENDING_AT_END
344.4,344.40825323096124,,,,PENDING_AT_END
344.75,345.0219870358392,,,,PENDING_AT_END
345.09999999999997,345.1929816082699,,,,PENDING_AT_END
345.45,345.792027161072,,,,PENDING_AT_END
345.79999999999995,346.19342307718614,,,,PENDING_AT_END
346.15,346.17345575408433,,,,PENDING_AT_END
346.5,346.5033899625249,,,,PENDING_AT_END
346.84999999999997,346.86509824162096,,,,PENDING_AT_END
347.2,347.43503987196635,,,,PENDING_AT_END
347.54999999999995,347.8865891191043,,,,PENDING_AT_END
347.9,347.94375202375966,,,,PENDING_AT_END
348.25,348.4736514659195,,,,PENDING_AT_END
348.59999999999997,348.6202196495752,,,,PENDING_AT_END
348.95,349.33009694866377,,,,PENDING_AT_END
349.29999999999995,349.62744956183155,,,,PENDING_AT_END
349.65,350.00446231117337,,,,PENDING_AT_END
350.0,350.04494309059646,,,,PENDING_AT_END
350.34999999999997,350.73350545442366,,,,PENDING_AT_END
350.7,350.70146819411906,,,,PENDING_AT_END
351.04999999999995,351.39085343169927,,,,PENDING_AT_END
351.4,351.6175425226794,,,,PENDING_AT_END
351.75,352.11867374935696,,,,PENDING_AT_END
352.09999999999997,352.29242359552285,,,,PENDING_AT_END
352.45,352.49203299979644,,,,PENDING_AT_END
352.79999999999995,352.84581822124335,,,,PENDING_AT_END
353.15,353.2661138239655,,,,PENDING_AT_END
353.5,353.6861928776018,,,,PENDING_AT_END
353.84999999999997,354.08221158040345,,,,PENDING_AT_END
354.2,354.26422218807176,,,,PENDING_AT_END
354.54999999999995,354.6967981257601,,,,PENDING_AT_END
354.9,355.29045887009863,,,,PENDING_AT_END
355.25,355.5695138665394,,,,PENDING_AT_END
355.59999999999997,355.94911609532977,,,,PENDING_AT_END
355.95,356.3120737743197,,,,PENDING_AT_END
356.29999999999995,356.3704736522916,,,,PENDING_AT_END
356.65,356.76254725714114,,,,PENDING_AT_END
357.0,357.05580129204577,,,,PENDING_AT_END
357.34999999999997,357.4920324949098,,,,PENDING_AT_END
357.7,357.9703612235092,,,,PENDING_AT_END
358.04999999999995,358.19663191845507,,,,PENDING_AT_END
358.4,358.76651579505824,,,,PENDING_AT_END
358.75,358.9540552719901,,,,PENDING_AT_END
359.09999999999997,359.1197553294017,,,,PENDING_AT_END
359.45,359.64129699156007,,,,PENDING_AT_END
359.79999999999995,360.0324577006377,,,,PENDING_AT_END
360.15,360.2769291033235,,,,PENDING_AT_END
360.5,360.6210387324063,,,,PENDING_AT_END
360.84999999999997,361.23918609006574,,,,PENDING_AT_END
361.2,361.26998960053965,,,,PENDING_AT_END
361.54999999999995,361.83393877072433,,,,PENDING_AT_END
361.9,362.24394910946864,,,,PENDING_AT_END
362.25,362.3938228265913,,,,PENDING_AT_END
362.59999999999997,362.8647842413165,,,,PENDING_AT_END
362.95,363.3283091668433,,,,PENDING_AT_END
363.29999999999995,363.5834745184187,,,,PENDING_AT_END
363.65,363.74071554681507,,,,PENDING_AT_END
364.0,364.0250544837014,,,,PENDING_AT_END
364.34999999999997,364.4999346105314,,,,PENDING_AT_END
364.7,364.91204214368787,,,,PENDING_AT_END
365.04999999999995,365.24283227124613,,,,PENDING_AT_END
365.4,365.52481419519927,,,,PENDING_AT_END
365.75,366.06615604940066,,,,PENDING_AT_END
366.09999999999997,366.2620791858864,,,,PENDING_AT_END
366.45,366.5226278014946,,,,PENDING_AT_END
366.79999999999995,367.1376457099632,,,,PENDING_AT_END
367.15,367.5490333744623,,,,PENDING_AT_END
367.5,367.86936042281025,,,,PENDING_AT_END
367.84999999999997,368.0067454141526,,,,PENDING_AT_END
368.2,368.22323256824035,,,,PENDING_AT_END
368.54999999999995,368.74413701647927,,,,PENDING_AT_END
368.9,369.13961283938977,,,,PENDING_AT_END
369.25,369.4542682387439,,,,PENDING_AT_END
369.59999999999997,369.6615164046995,,,,PENDING_AT_END
369.95,370.30862120396995,,,,PENDING_AT_END
370.29999999999995,370.6349994081704,,,,PENDING_AT_END
370.65,370.65918124322457,,,,PENDING_AT_END
371.0,371.0426078133163,,,,PENDING_AT_END
371.34999999999997,371.46676293082174,,,,PENDING_AT_END
371.7,372.0128386169243,,,,PENDING_AT_END
372.04999999999995,372.08917412148173,,,,PENDING_AT_END
372.4,372.41590335060107,,,,PENDING_AT_END
372.75,372.7770355952796,,,,PENDING_AT_END
373.09999999999997,373.3563417764323,,,,PENDING_AT_END
373.45,373.6914000047488,,,,PENDING_AT_END
373.79999999999995,374.0909348190602,,,,PENDING_AT_END
374.15,374.44497282335385,,,,PENDING_AT_END
374.5,374.68366327777323,,,,PENDING_AT_END
374.84999999999997,374.8679929711057,,,,PENDING_AT_END
375.2,375.487648654712,,,,PENDING_AT_END
375.54999999999995,375.5544054542796,,,,PENDING_AT_END
375.9,376.0092169079461,,,,PENDING_AT_END
376.25,376.6295239357918,,,,PENDING_AT_END
376.59999999999997,376.9622218844891,,,,PENDING_AT_END
376.95,377.1963999009591,,,,PENDING_AT_END
377.29999999999995,377.67027366265165,,,,PENDING_AT_END
377.65,377.6625230655179,,,,PENDING_AT_END
378.0,378.28213583771026,,,,PENDING_AT_END
378.34999999999997,378.35533247104576,,,,PENDING_AT_END
378.7,378.8066669608374,,,,PENDING_AT_END
379.04999999999995,379.1199917352344,,,,PENDING_AT_END
379.4,379.48823230497396,,,,PENDING_AT_END
379.75,379.8899735495444,,,,PENDING_AT_END
380.09999999999997,380.2133906187856,,,,PENDING_AT_END
380.45,380.59241263604457,,,,PENDING_AT_END
380.79999999999995,381.1829581813513,,,,PENDING_AT_END
381.15,381.4534223938289,,,,PENDING_AT_END
381.5,381.8899679746869,,,,PENDING_AT_END
381.84999999999997,381.89920431599063,,,,PENDING_AT_END
382.2,382.2939313111821,,,,PENDING_AT_END
382.54999999999995,382.87826255932544,,,,PENDING_AT_END
382.9,383.28142564647464,,,,PENDING_AT_END
383.25,383.52404673857154,,,,PENDING_AT_END
383.59999999999997,383.8555727765384,,,,PENDING_AT_END
383.95,383.9949434499809,,,,PENDING_AT_END
384.29999999999995,384.3335372735802,,,,PENDING_AT_END
384.65,384.7617402805138,,,,PENDING_AT_END
385.0,385.29354663750917,,,,PENDING_AT_END
385.34999999999997,385.44640064408526,,,,PENDING_AT_END
385.7,385.99413419925605,,,,PENDING_AT_END
386.04999999999995,386.28010089996246,,,,PENDING_AT_END
386.4,386.5303259081353,,,,PENDING_AT_END
386.75,386.9357244747282,,,,PENDING_AT_END
387.09999999999997,387.4639621158032,,,,PENDING_AT_END
387.45,387.73644043694577,,,,PENDING_AT_END
387.79999999999995,388.0314819084682,,,,PENDING_AT_END
388.15,388.1922777942366,,,,PENDING_AT_END
388.5,388.6382775654155,,,,PENDING_AT_END
388.84999999999997,389.20818272630805,,,,PENDING_AT_END
389.2,389.5296306237414,,,,PENDING_AT_END
389.54999999999995,389.60980049238253,,,,PENDING_AT_END
389.9,390.1864036216824,,,,PENDING_AT_END
390.25,390.4047596888248,,,,PENDING_AT_END
390.59999999999997,390.7208767194997,,,,PENDING_AT_END
390.95,391.28403026491236,,,,PENDING_AT_END
391.29999999999995,391.50872780012105,,,,PENDING_AT_END
391.65,391.69093029923374,,,,PENDING_AT_END
392.0,392.050965633166,,,,PENDING_AT_END
392.34999999999997,392.57210991140363,,,,PENDING_AT_END
392.7,392.8551541272256,,,,PENDING_AT_END
393.04999999999995,393.37340650172405,,,,PENDING_AT_END
393.4,393.47951210694066,,,,PENDING_AT_END
393.75,393.90756539148856,,,,PENDING_AT_END
394.09999999999997,394.2041525162278,,,,PENDING_AT_END
394.45,394.70314817515606,,,,PENDING_AT_END
394.79999999999995,395.06540198063396,,,,PENDING_AT_END
395.15,395.38009700502346,,,,PENDING_AT_END
395.5,395.6852563172564,,,,PENDING_AT_END
395.84999999999997,396.2388971944767,,,,PENDING_AT_END
396.2,396.45004991352295,,,,PENDING_AT_END
396.54999999999995,396.83096481491657,,,,PENDING_AT_END
396.9,397.12958019173027,,,,PENDING_AT_END
397.25,397.4759584344298,,,,PENDING_AT_END
397.59999999999997,397.6607538538955,,,,PENDING_AT_END
397.95,398.0941909488353,,,,PENDING_AT_END
398.29999999999995,398.42222611983516,,,,PENDING_AT_END
398.65,398.94010284818387,,,,PENDING_AT_END
399.0,399.2942465633996,,,,PENDING_AT_END
399.34999999999997,399.48401509144406,,,,PENDING_AT_END
399.7,399.8279349037053,,,,PENDING_AT_END
400.04999999999995,400.36162365863277,,,,PENDING_AT_END
400.4,400.55434511672377,,,,PENDING_AT_END
400.75,401.0244096462135,,,,PENDING_AT_END
401.09999999999997,401.13470883236454,,,,PENDING_AT_END
401.45,401.52285615635986,,,,PENDING_AT_END
401.79999999999995,401.8082785010631,,,,PENDING_AT_END
402.15,402.4943310074897,,,,PENDING_AT_END
402.5,402.8445318900083,,,,PENDING_AT_END
402.84999999999997,403.0062918268912,,,,PENDING_AT_END
403.2,403.5298763691674,,,,PENDING_AT_END
403.54999999999995,403.8933737776979,,,,PENDING_AT_END
403.9,404.24874967608457,,,,PENDING_AT_END
404.25,404.30560326108116,,,,PENDING_AT_END
404.59999999999997,404.82147257279865,,,,PENDING_AT_END
404.95,405.11864381460776,,,,PENDING_AT_END
405.29999999999995,405.63563818348325,,,,PENDING_AT_END
405.65,405.87328865506777,,,,PENDING_AT_END
406.0,406.31144789688415,,,,PENDING_AT_END
406.34999999999997,406.4697262057576,,,,PENDING_AT_END
406.7,407.0461424156187,,,,PENDING_AT_END
407.04999999999995,407.217500501769,,,,PENDING_AT_END
407.4,407.4152004529225,,,,PENDING_AT_END
407.75,407.9453151135724,,,,PENDING_AT_END
408.09999999999997,408.2971469599045,,,,PENDING_AT_END
408.45,408.6534817213955,,,,PENDING_AT_END
408.79999999999995,409.03354299357693,,,,PENDING_AT_END
409.15,409.360822580942,,,,PENDING_AT_END
409.5,409.65414849127626,,,,PENDING_AT_END
409.84999999999997,410.1958200429596,,,,PENDING_AT_END
410.2,410.4082472157883,,,,PENDING_AT_END
410.54999999999995,410.74932882767837,,,,PENDING_AT_END
410.9,411.01658994918523,,,,PENDING_AT_END
411.25,411.3426313853205,,,,PENDING_AT_END
411.59999999999997,411.93091441307723,,,,PENDING_AT_END
411.95,412.1975048620781,,,,PENDING_AT_END
412.29999999999995,412.67476805613205,,,,PENDING_AT_END
412.65,412.94701182128426,,,,PENDING_AT_END
413.0,413.35979390133514,,,,PENDING_AT_END
413.34999999999997,413.55827087104973,,,,PENDING_AT_END
413.7,413.8371527279018,,,,PENDING_AT_END
414.04999999999995,414.36331033937256,,,,PENDING_AT_END
414.4,414.46213276779736,,,,PENDING_AT_END
414.75,415.05333265303636,,,,PENDING_AT_END
415.09999999999997,415.32243827733924,,,,PENDING_AT_END
415.45,415.47338448258296,,,,PENDING_AT_END
415.79999999999995,416.0282079328774,,,,PENDING_AT_END
416.15,416.30936745909287,,,,PENDING_AT_END
416.5,416.56465791569997,,,,PENDING_AT_END
416.84999999999997,416.916687021716,,,,PENDING_AT_END
417.2,417.59954395211906,,,,PENDING_AT_END
417.54999999999995,417.6787104394484,,,,PENDING_AT_END
417.9,418.12276958533926,,,,PENDING_AT_END
418.25,418.59928890242395,,,,PENDING_AT_END
418.59999999999997,418.8815702948363,,,,PENDING_AT_END
418.95,419.2638239333849,,,,PENDING_AT_END
419.29999999999995,419.3883341241004,,,,PENDING_AT_END
419.65,419.94868857066365,,,,PENDING_AT_END
420.0,420.3210979348877,,,,PENDING_AT_END
420.34999999999997,420.37590384178935,,,,PENDING_AT_END
420.7,420.99135712443154,,,,PENDING_AT_END
421.04999999999995,421.079526669419,,,,PENDING_AT_END
421.4,421.54242992355535,,,,PENDING_AT_END
421.75,421.8019006343683,,,,PENDING_AT_END
422.09999999999997,422.221064271698,,,,PENDING_AT_END
422.45,422.6525291750848,,,,PENDING_AT_END
422.79999999999995,423.06475251461165,,,,PENDING_AT_END
423.15,423.54080757897714,,,,PENDING_AT_END
423.5,423.530377636701,,,,PENDING_AT_END
423.84999999999997,423.95698467861035,,,,PENDING_AT_END
424.2,424.5079844290337,,,,PENDING_AT_END
424.54999999999995,424.9286706628311,,,,PENDING_AT_END
424.9,425.14257932848955,,,,PENDING_AT_END
425.25,425.3241649089151,,,,PENDING_AT_END
425.59999999999997,425.96860338935306,,,,PENDING_AT_END
425.95,426.1142401907709,,,,PENDING_AT_END
426.29999999999995,426.3314224001889,,,,PENDING_AT_END
426.65,426.8850684432425,,,,PENDING_AT_END
427.0,427.17904755405755,,,,PENDING_AT_END
427.34999999999997,427.62505153981255,,,,PENDING_AT_END
427.7,427.7984681967035,,,,PENDING_AT_END
428.04999999999995,428.1694163065057,,,,PENDING_AT_END
428.4,428.5807458108095,,,,PENDING_AT_END
428.75,428.92098880902006,,,,PENDING_AT_END
429.09999999999997,429.2469760784555,,,,PENDING_AT_END
429.45,429.52451643742205,,,,PENDING_AT_END
429.79999999999995,430.16808518324547,,,,PENDING_AT_END
430.15,430.4132286024817,,,,PENDING_AT_END
430.5,430.7949400824092,,,,PENDING_AT_END
430.84999999999997,430.85123546069707,,,,PENDING_AT_END
431.2,431.2469343351426,,,,PENDING_AT_END
431.54999999999995,431.82447933531614,,,,PENDING_AT_END
431.9,432.29377608574976,,,,PENDING_AT_END
432.25,432.5420694180234,,,,PENDING_AT_END
432.59999999999997,432.98843008697344,,,,PENDING_AT_END
432.95,433.3090984156559,,,,PENDING_AT_END
433.29999999999995,433.34112957453954,,,,PENDING_AT_END
433.65,433.8194905281081,,,,PENDING_AT_END
434.0,434.21536065672217,,,,PENDING_AT_END
434.34999999999997,434.6761656135869,,,,PENDING_AT_END
434.7,434.8938358852203,,,,PENDING_AT_END
435.04999999999995,435.31674066882374,,,,PENDING_AT_END
435.4,435.7625939493165,,,,PENDING_AT_END
435.75,435.89181338937374,,,,PENDING_AT_END
436.09999999999997,436.3557327683,,,,PENDING_AT_END
436.45,436.66828024666853,,,,PENDING_AT_END
436.79999999999995,437.1725814056524,,,,PENDING_AT_END
437.15,437.19709420396384,,,,PENDING_AT_END
437.5,437.8871502156518,,,,PENDING_AT_END
437.84999999999997,438.15399051528567,,,,PENDING_AT_END
438.2,438.58004951413096,,,,PENDING_AT_END
438.54999999999995,438.93356066146464,,,,PENDING_AT_END
438.9,438.9166115132774,,,,PENDING_AT_END
439.25,439.46216601240985,,,,PENDING_AT_END
439.59999999999997,439.73057489428226,,,,PENDING_AT_END
439.95,439.9869524599582,,,,PENDING_AT_END
440.29999999999995,440.6444134105234,,,,PENDING_AT_END
440.65,440.95048021310924,,,,PENDING_AT_END
441.0,441.21512906825274,,,,PENDING_AT_END
441.34999999999997,441.35711696703,,,,PENDING_AT_END
441.7,442.03577893732387,,,,PENDING_AT_END
442.04999999999995,442.0559667092597,,,,PENDING_AT_END
442.4,442.674653435099,,,,PENDING_AT_END
442.75,442.88868762640834,,,,PENDING_AT_END
443.09999999999997,443.2913724663661,,,,PENDING_AT_END
443.45,443.4742503076114,,,,PENDING_AT_END
443.79999999999995,443.9277022286144,,,,PENDING_AT_END
444.15,444.36487279374967,,,,PENDING_AT_END
444.5,444.88514865629884,,,,PENDING_AT_END
444.84999999999997,444.8742777712577,,,,PENDING_AT_END
445.2,445.45070115465404,,,,PENDING_AT_END
445.54999999999995,445.5918096608094,,,,PENDING_AT_END
445.9,446.2012113961904,,,,PENDING_AT_END
446.25,446.28534809323935,,,,PENDING_AT_END
446.59999999999997,446.90473895247527,,,,PENDING_AT_END
446.95,447.0735676128841,,,,PENDING_AT_END
447.29999999999995,447.3534692344325,,,,PENDING_AT_END
447.65,448.04363265914924,,,,PENDING_AT_END
448.0,448.2772282405376,,,,PENDING_AT_END
448.34999999999997,448.38082298053695,,,,PENDING_AT_END
448.7,448.72441467999755,,,,PENDING_AT_END
449.04999999999995,449.2175127262442,,,,PENDING_AT_END
449.4,449.5541678189642,,,,PENDING_AT_END
449.74999999999994,449.92242804741096,,,,PENDING_AT_END
450.09999999999997,450.4791947126659,,,,PENDING_AT_END
450.45,450.62363770070607,,,,PENDING_AT_END
450.79999999999995,450.86077364550704,,,,PENDING_AT_END
451.15,451.43116590305704,,,,PENDING_AT_END
451.49999999999994,451.68890250211774,,,,PENDING_AT_END
451.84999999999997,452.0595424787925,,,,PENDING_AT_END
452.2,452.22607956159453,,,,PENDING_AT_END
452.54999999999995,452.690536333871,,,,PENDING_AT_END
452.9,453.00916124496507,,,,PENDING_AT_END
453.24999999999994,453.6075290163497,,,,PENDING_AT_END
453.59999999999997,453.73464552291836,,,,PENDING_AT_END
453.95,454.33779839564994,,,,PENDING_AT_END
454.29999999999995,454.5957863809508,,,,PENDING_AT_END
454.65,454.8077190058592,,,,PENDING_AT_END
454.99999999999994,455.2539537664224,,,,PENDING_AT_END
455.34999999999997,455.4856846211939,,,,PENDING_AT_END
455.7,455.8296831984807,,,,PENDING_AT_END
456.04999999999995,456.4465069315354,,,,PENDING_AT_END
456.4,456.63675294091763,,,,PENDING_AT_END
456.74999999999994,457.0744907143937,,,,PENDING_AT_END
457.09999999999997,457.23214621000767,,,,PENDING_AT_END
457.45,457.7512140985837,,,,PENDING_AT_END
457.79999999999995,457.90650218778944,,,,PENDING_AT_END
458.15,458.33962255922563,,,,PENDING_AT_END
458.49999999999994,458.62544525464097,,,,PENDING_AT_END
458.84999999999997,458.8735421258444,,,,PENDING_AT_END
459.2,459.21225458115856,,,,PENDING_AT_END
459.54999999999995,459.700558584346,,,,PENDING_AT_END
459.9,460.15516490073264,,,,PENDING_AT_END
460.24999999999994,460.38467670737845,,,,PENDING_AT_END
460.59999999999997,460.95639603920546,,,,PENDING_AT_END
460.95,461.22212759221514,,,,PENDING_AT_END
461.29999999999995,461.66184631404644,,,,PENDING_AT_END
461.65,461.7525223650897,,,,PENDING_AT_END
461.99999999999994,462.30947951442425,,,,PENDING_AT_END
462.34999999999997,462.65549753924023,,,,PENDING_AT_END
462.7,462.85249988783636,,,,PENDING_AT_END
463.04999999999995,463.13845096532975,,,,PENDING_AT_END
463.4,463.7942908883872,,,,PENDING_AT_END
463.74999999999994,464.08559620752357,,,,PENDING_AT_END
464.09999999999997,464.1025584937025,,,,PENDING_AT_END
464.45,464.57319075070114,,,,PENDING_AT_END
464.79999999999995,464.9403550141335,,,,PENDING_AT_END
465.15,465.4096691464498,,,,PENDING_AT_END
465.49999999999994,465.8467676668591,,,,PENDING_AT_END
465.84999999999997,465.8672777221404,,,,PENDING_AT_END
466.2,466.50148331272254,,,,PENDING_AT_END
466.54999999999995,466.6311053285376,,,,PENDING_AT_END
466.9,466.9013312365554,,,,PENDING_AT_END
467.24999999999994,467.58225415235387,,,,PENDING_AT_END
467.59999999999997,467.75149603042854,,,,PENDING_AT_END
467.95,468.1638920752851,,,,PENDING_AT_END
468.29999999999995,468.5994257912405,,,,PENDING_AT_END
468.65,468.92433793220425,,,,PENDING_AT_END
468.99999999999994,469.2191655031741,,,,PENDING_AT_END
469.34999999999997,469.66410101311163,,,,PENDING_AT_END
469.7,469.7921003105244,,,,PENDING_AT_END
470.04999999999995,470.08496957507566,,,,PENDING_AT_END
470.4,470.6369423163113,,,,PENDING_AT_END
470.74999999999994,470.8292190006047,,,,PENDING_AT_END
471.09999999999997,471.3035157096734,,,,PENDING_AT_END
471.45,471.648190854215,,,,PENDING_AT_END
471.79999999999995,472.01672909633953,,,,PENDING_AT_END
472.15,472.51458445437845,,,,PENDING_AT_END
472.49999999999994,472.60612579963896,,,,PENDING_AT_END
472.84999999999997,472.8763630290567,,,,PENDING_AT_END
473.2,473.510140535017,,,,PENDING_AT_END
473.54999999999995,473.61015370819666,,,,PENDING_AT_END
473.9,474.24888424454707,,,,PENDING_AT_END
474.24999999999994,474.5668163569772,,,,PENDING_AT_END
474.59999999999997,474.7931936614653,,,,PENDING_AT_END
474.95,474.9704820674123,,,,PENDING_AT_END
475.29999999999995,475.3591207142789,,,,PENDING_AT_END
475.65,475.7076620478201,,,,PENDING_AT_END
475.99999999999994,476.0443978503336,,,,PENDING_AT_END
476.34999999999997,476.5670344173139,,,,PENDING_AT_END
476.7,476.9336558887599,,,,PENDING_AT_END
477.04999999999995,477.100550564841,,,,PENDING_AT_END
477.4,477.7062016678234,,,,PENDING_AT_END
477.74999999999994,478.0435118764753,,,,PENDING_AT_END
478.09999999999997,478.1786204431983,,,,PENDING_AT_END
478.45,478.45579078497605,,,,PENDING_AT_END
478.79999999999995,479.10193360662663,,,,PENDING_AT_END
479.15,479.50656184915204,,,,PENDING_AT_END
479.49999999999994,479.7649785893281,,,,PENDING_AT_END
479.84999999999997,479.85861858475056,,,,PENDING_AT_END
480.2,480.449583878734,,,,PENDING_AT_END
480.54999999999995,480.5953432808352,,,,PENDING_AT_END
480.9,481.0237924788488,,,,PENDING_AT_END
481.24999999999994,481.3907092589391,,,,PENDING_AT_END
481.59999999999997,481.72455026418044,,,,PENDING_AT_END
481.95,482.01097691210174,,,,PENDING_AT_END
482.29999999999995,482.39908891849245,,,,PENDING_AT_END
482.65,482.8840326866456,,,,PENDING_AT_END
482.99999999999994,483.22308703691255,,,,PENDING_AT_END
483.34999999999997,483.3940687750052,,,,PENDING_AT_END
483.7,483.74602811346386,,,,PENDING_AT_END
484.04999999999995,484.1841660994004,,,,PENDING_AT_END
484.4,484.59713551960533,,,,PENDING_AT_END
484.74999999999994,484.75529953807705,,,,PENDING_AT_END
485.09999999999997,485.4927083912067,,,,PENDING_AT_END
485.45,485.5246054222709,,,,PENDING_AT_END
485.79999999999995,485.9043953349434,,,,PENDING_AT_END
486.15,486.2622624483554,,,,PENDING_AT_END
486.49999999999994,486.56074049682246,,,,PENDING_AT_END
486.84999999999997,487.20629117249683,,,,PENDING_AT_END
487.2,487.35865479411854,,,,PENDING_AT_END
487.54999999999995,487.82963762623706,,,,PENDING_AT_END
487.9,488.02761981312983,,,,PENDING_AT_END
488.24999999999994,488.44598025749707,,,,PENDING_AT_END
488.59999999999997,488.9938800331832,,,,PENDING_AT_END
488.95,489.0216916403097,,,,PENDING_AT_END
489.29999999999995,489.3674672919411,,,,PENDING_AT_END
489.65,489.69916148320306,,,,PENDING_AT_END
489.99999999999994,490.0413690124872,,,,PENDING_AT_END
490.34999999999997,490.44982650795356,,,,PENDING_AT_END
490.7,490.7746814639941,,,,PENDING_AT_END
491.04999999999995,491.4017933902004,,,,PENDING_AT_END
491.4,491.6392157614017,,,,PENDING_AT_END
491.74999999999994,492.03785833704256,,,,PENDING_AT_END
492.09999999999997,492.2293078953847,,,,PENDING_AT_END
492.45,492.5821467574969,,,,PENDING_AT_END
492.79999999999995,492.9224918216521,,,,PENDING_AT_END
493.15,493.39835589288225,,,,PENDING_AT_END
493.49999999999994,493.6118589110055,,,,PENDING_AT_END
493.84999999999997,494.2099970918205,,,,PENDING_AT_END
494.2,494.4864592239575,,,,PENDING_AT_END
494.54999999999995,494.8061962925648,,,,PENDING_AT_END
494.9,495.11608852443703,,,,PENDING_AT_END
495.24999999999994,495.4167464750196,,,,PENDING_AT_END
495.59999999999997,495.6422162451732,,,,PENDING_AT_END
495.95,496.17013563530264,,,,PENDING_AT_END
496.29999999999995,496.3859680534233,,,,PENDING_AT_END
496.65,496.8068889224353,,,,PENDING_AT_END
496.99999999999994,497.1637721430424,,,,PENDING_AT_END
497.34999999999997,497.6938644045685,,,,PENDING_AT_END
497.7,497.8586082240552,,,,PENDING_AT_END
498.04999999999995,498.2812193667859,,,,PENDING_AT_END
498.4,498.4079032085165,,,,PENDING_AT_END
498.74999999999994,498.7608338407409,,,,PENDING_AT_END
499.09999999999997,499.3535443502911,,,,PENDING_AT_END
499.45,499.4654385156859,,,,PENDING_AT_END
499.79999999999995,500.0032893260536,,,,PENDING_AT_END
500.15,500.3423887530562,,,,PENDING_AT_END
500.49999999999994,500.7564547220805,,,,PENDING_AT_END
500.84999999999997,501.0160731697243,,,,PENDING_AT_END
501.2,501.55255338250737,,,,PENDING_AT_END
501.54999999999995,501.72972342486514,,,,PENDING_AT_END
501.9,502.2540040614613,,,,PENDING_AT_END
502.24999999999994,502.3437065996704,,,,PENDING_AT_END
502.59999999999997,502.6728216545475,,,,PENDING_AT_END
502.95,503.00224284896575,,,,PENDING_AT_END
503.29999999999995,503.37719824006604,,,,PENDING_AT_END
503.65,503.7594267542531,,,,PENDING_AT_END
503.99999999999994,504.38472332438863,,,,PENDING_AT_END
504.34999999999997,504.44413749820313,,,,PENDING_AT_END
504.7,504.70839109627724,,,,PENDING_AT_END
505.04999999999995,505.15045044265594,,,,PENDING_AT_END
505.4,505.4360475161908,,,,PENDING_AT_END
505.74999999999994,505.81883179391997,,,,PENDING_AT_END
506.09999999999997,506.153266759892,,,,PENDING_AT_END
506.45,506.77182570997314,,,,PENDING_AT_END
506.79999999999995,506.938725236299,,,,PENDING_AT_END
507.15,507.44433018511506,,,,PENDING_AT_END
507.49999999999994,507.57724101127206,,,,PENDING_AT_END
507.84999999999997,508.2430846165316,,,,PENDING_AT_END
508.2,508.3140464031572,,,,PENDING_AT_END
508.54999999999995,508.5891514935812,,,,PENDING_AT_END
508.9,509.1277087982676,,,,PENDING_AT_END
509.24999999999994,509.29434767889046,,,,PENDING_AT_END
509.59999999999997,509.7700943767922,,,,PENDING_AT_END
509.95,509.99694114519315,,,,PENDING_AT_END
510.29999999999995,510.59241188791066,,,,PENDING_AT_END
510.65,510.68165155097756,,,,PENDING_AT_END
510.99999999999994,511.2112135417919,,,,PENDING_AT_END
511.34999999999997,511.40887986218485,,,,PENDING_AT_END
511.7,512.0680123086106,,,,PENDING_AT_END
512.05,512.3698223871334,,,,PENDING_AT_END
512.4,512.6567129733859,,,,PENDING_AT_END
512.75,513.1354409295241,,,,PENDING_AT_END
513.1,513.2579245442927,,,,PENDING_AT_END
513.4499999999999,513.5193358000887,,,,PENDING_AT_END
513.8,513.8965689413731,,,,PENDING_AT_END
514.15,514.203826491938,,,,PENDING_AT_END
514.5,514.661070483161,,,,PENDING_AT_END
514.85,515.0631513071606,,,,PENDING_AT_END
515.1999999999999,515.2570041905864,,,,PENDING_AT_END
515.55,515.5857718492716,,,,PENDING_AT_END
515.9,515.9770880027648,,,,PENDING_AT_END
516.25,516.4407547239741,,,,PENDING_AT_END
516.6,516.7895827513818,,,,PENDING_AT_END
516.9499999999999,517.3470579703691,,,,PENDING_AT_END
517.3,517.5404786914717,,,,PENDING_AT_END
517.65,517.7920935194537,,,,PENDING_AT_END
518.0,518.1429761189243,,,,PENDING_AT_END
518.35,518.3544642504131,,,,PENDING_AT_END
518.6999999999999,518.9051979132945,,,,PENDING_AT_END
519.05,519.3139854088943,,,,PENDING_AT_END
519.4,519.4825220707284,,,,PENDING_AT_END
519.75,519.755992049624,,,,PENDING_AT_END
520.1,520.4425761320173,,,,PENDING_AT_END
520.4499999999999,520.5739034217889,,,,PENDING_AT_END
520.8,521.0379531153042,,,,PENDING_AT_END
521.15,521.2361334027572,,,,PENDING_AT_END
521.5,521.8660136504491,,,,PENDING_AT_END
521.85,521.9628471342809,,,,PENDING_AT_END
522.1999999999999,522.4379091350407,,,,PENDING_AT_END
522.55,522.9414774403035,,,,PENDING_AT_END
522.9,523.2345024277344,,,,PENDING_AT_END
523.25,523.5253575985851,,,,PENDING_AT_END
523.6,523.6188971299101,,,,PENDING_AT_END
523.9499999999999,524.2896371154505,,,,PENDING_AT_END
524.3,524.4897597663828,,,,PENDING_AT_END
524.65,525.0312314648805,,,,PENDING_AT_END
525.0,525.1622148916194,,,,PENDING_AT_END
525.35,525.3797698527393,,,,PENDING_AT_END
525.6999999999999,525.758017186727,,,,PENDING_AT_END
526.05,526.2550445690786,,,,PENDING_AT_END
526.4,526.6065371892176,,,,PENDING_AT_END
526.75,526.9972919369804,,,,PENDING_AT_END
527.1,527.4932855010044,,,,PENDING_AT_END
527.4499999999999,527.8071409337236,,,,PENDING_AT_END
527.8,527.8271238226948,,,,PENDING_AT_END
528.15,528.2217962507813,,,,PENDING_AT_END
528.5,528.6622022714655,,,,PENDING_AT_END
528.85,529.0988137709065,,,,PENDING_AT_END
529.1999999999999,529.3412603619346,,,,PENDING_AT_END
529.55,529.9278268154794,,,,PENDING_AT_END
529.9,530.1431649269192,,,,PENDING_AT_END
530.25,530.5879959488661,,,,PENDING_AT_END
530.6,530.7678875630196,,,,PENDING_AT_END
530.9499999999999,531.1925459884313,,,,PENDING_AT_END
531.3,531.4217174926468,,,,PENDING_AT_END
531.65,531.7070064277233,,,,PENDING_AT_END
532.0,532.1481066708964,,,,PENDING_AT_END
532.35,532.708765712446,,,,PENDING_AT_END
532.6999999999999,533.0278642600803,,,,PENDING_AT_END
533.05,533.0649518889843,,,,PENDING_AT_END
533.4,533.6943122814217,,,,PENDING_AT_END
533.75,534.102429364581,,,,PENDING_AT_END
534.1,534.4557795251877,,,,PENDING_AT_END
534.4499999999999,534.4908531748991,,,,PENDING_AT_END
534.8,534.8580021100038,,,,PENDING_AT_END
535.15,535.3494197081158,,,,PENDING_AT_END
535.5,535.7874202525838,,,,PENDING_AT_END
535.85,535.9374909042768,,,,PENDING_AT_END
536.1999999999999,536.4658013906388,,,,PENDING_AT_END
536.55,536.6654538378295,,,,PENDING_AT_END
536.9,536.9079916496586,,,,PENDING_AT_END
537.25,537.6230518215114,,,,PENDING_AT_END
537.5999999999999,537.8240764730333,,,,PENDING_AT_END
537.9499999999999,537.9576955439869,,,,PENDING_AT_END
538.3,538.3785315155731,,,,PENDING_AT_END
538.65,538.8249469035867,,,,PENDING_AT_END
539.0,539.0225040102575,,,,PENDING_AT_END
539.3499999999999,539.7153500804559,,,,PENDING_AT_END
539.6999999999999,540.0271270291904,,,,PENDING_AT_END
540.05,540.167863531397,,,,PENDING_AT_END
540.4,540.5034981778725,,,,PENDING_AT_END
540.75,541.0638007100249,,,,PENDING_AT_END
541.0999999999999,541.4236220323071,,,,PENDING_AT_END
541.4499999999999,541.501775640607,,,,PENDING_AT_END
541.8,541.9105717932473,,,,PENDING_AT_END
542.15,542.2845992245153,,,,PENDING_AT_END
542.5,542.7956634124891,,,,PENDING_AT_END
542.8499999999999,543.1774971983957,,,,PENDING_AT_END
543.1999999999999,543.4144631152795,,,,PENDING_AT_END
543.55,543.7314620289183,,,,PENDING_AT_END
543.9,544.1239194982699,,,,PENDING_AT_END
544.25,544.4850192831652,,,,PENDING_AT_END
544.5999999999999,544.6121760228104,,,,PENDING_AT_END
544.9499999999999,545.0777937038487,,,,PENDING_AT_END
545.3,545.6141683083595,,,,PENDING_AT_END
545.65,545.8834583705044,,,,PENDING_AT_END
546.0,546.0678072588594,,,,PENDING_AT_END
546.3499999999999,546.5204062406906,,,,PENDING_AT_END
546.6999999999999,546.842515241682,,,,PENDING_AT_END
547.05,547.2746628871553,,,,PENDING_AT_END
547.4,547.7472990134271,,,,PENDING_AT_END
547.75,548.0546563877913,,,,PENDING_AT_END
548.0999999999999,548.4740199584878,,,,PENDING_AT_END
548.4499999999999,548.8414042652206,,,,PENDING_AT_END
548.8,548.992433696048,,,,PENDING_AT_END
549.15,549.212448966848,,,,PENDING_AT_END
549.5,549.6879787202654,,,,PENDING_AT_END
549.8499999999999,550.0209686154528,,,,PENDING_AT_END
550.1999999999999,550.4378229765117,,,,PENDING_AT_END
550.55,550.8047499229767,,,,PENDING_AT_END
550.9,551.2767464059226,,,,PENDING_AT_END
551.25,551.5280610966449,,,,PENDING_AT_END
551.5999999999999,551.7454466480742,,,,PENDING_AT_END
551.9499999999999,551.9725463281621,,,,PENDING_AT_END
552.3,552.3903506041936,,,,PENDING_AT_END
552.65,552.7548899271131,,,,PENDING_AT_END
553.0,553.3183930403657,,,,PENDING_AT_END
553.3499999999999,553.6578315014763,,,,PENDING_AT_END
553.6999999999999,553.7345950980265,,,,PENDING_AT_END
554.05,554.405553008944,,,,PENDING_AT_END
554.4,554.587238768638,,,,PENDING_AT_END
554.75,555.0881554575451,,,,PENDING_AT_END
555.0999999999999,555.2572491027327,,,,PENDING_AT_END
555.4499999999999,555.8259276088353,,,,PENDING_AT_END
555.8,556.1178270478399,,,,PENDING_AT_END
556.15,556.4874683696622,,,,PENDING_AT_END
556.5,556.6441660839944,,,,PENDING_AT_END
556.8499999999999,557.2418795438116,,,,PENDING_AT_END
557.1999999999999,557.3918456673622,,,,PENDING_AT_END
557.55,557.5505956258714,,,,PENDING_AT_END
557.9,557.9167580265531,,,,PENDING_AT_END
558.25,558.4277752069609,,,,PENDING_AT_END
558.5999999999999,558.71484241802,,,,PENDING_AT_END
558.9499999999999,559.1369842525706,,,,PENDING_AT_END
559.3,559.3977789468752,,,,PENDING_AT_END
559.65,559.8774222610829,,,,PENDING_AT_END
560.0,560.1950387841982,,,,PENDING_AT_END
560.3499999999999,560.4806225180575,,,,PENDING_AT_END
560.6999999999999,560.7459014409102,,,,PENDING_AT_END
561.05,561.0598461442576,,,,PENDING_AT_END
561.4,561.631868305824,,,,PENDING_AT_END
561.75,562.110761516816,,,,PENDING_AT_END
562.0999999999999,562.332184336186,,,,PENDING_AT_END
562.4499999999999,562.7158312386583,,,,PENDING_AT_END
562.8,563.1953798028514,,,,PENDING_AT_END
563.15,563.3583133888761,,,,PENDING_AT_END
563.5,563.7769520208642,,,,PENDING_AT_END
563.8499999999999,564.1869920409924,,,,PENDING_AT_END
564.1999999999999,564.4671098517841,,,,PENDING_AT_END
564.55,564.759433411614,,,,PENDING_AT_END
564.9,565.029170207904,,,,PENDING_AT_END
565.25,565.2763658877225,,,,PENDING_AT_END
565.5999999999999,565.7020959755516,,,,PENDING_AT_END
565.9499999999999,566.1034357953635,,,,PENDING_AT_END
566.3,566.3973785426176,,,,PENDING_AT_END
566.65,566.8070383887779,,,,PENDING_AT_END
567.0,567.384464039565,,,,PENDING_AT_END
567.3499999999999,567.6355789285572,,,,PENDING_AT_END
567.6999999999999,567.792572020243,,,,PENDING_AT_END
568.05,568.0767983605792,,,,PENDING_AT_END
568.4,568.6188735204179,,,,PENDING_AT_END
568.75,568.7699782998627,,,,PENDING_AT_END
569.0999999999999,569.3330164763854,,,,PENDING_AT_END
569.4499999999999,569.6502889594425,,,,PENDING_AT_END
569.8,569.8002349283943,,,,PENDING_AT_END
570.15,570.3407493717501,,,,PENDING_AT_END
570.5,570.7511955623636,,,,PENDING_AT_END
570.8499999999999,571.1570906939944,,,,PENDING_AT_END
571.1999999999999,571.4076323437429,,,,PENDING_AT_END
571.55,571.9370839320807,,,,PENDING_AT_END
571.9,572.150141463742,,,,PENDING_AT_END
572.25,572.2995867022037,,,,PENDING_AT_END
572.5999999999999,572.8570570972929,,,,PENDING_AT_END
572.9499999999999,572.9756141084841,,,,PENDING_AT_END
573.3,573.4958008369556,,,,PENDING_AT_END
573.65,573.7319382884433,,,,PENDING_AT_END
574.0,574.3594462270767,,,,PENDING_AT_END
574.3499999999999,574.5602396619095,,,,PENDING_AT_END
574.6999999999999,574.7128590895292,,,,PENDING_AT_END
575.05,575.3233706381368,,,,PENDING_AT_END
575.4,575.4352569891652,,,,PENDING_AT_END
575.75,576.0521260223818,,,,PENDING_AT_END
576.0999999999999,576.2947188476107,,,,PENDING_AT_END
576.4499999999999,576.5661118339477,,,,PENDING_AT_END
576.8,577.1095759236343,,,,PENDING_AT_END
577.15,577.1573114290373,,,,PENDING_AT_END
577.5,577.754905592587,,,,PENDING_AT_END
577.8499999999999,578.2241260181759,,,,PENDING_AT_END
578.1999999999999,578.5727825811827,,,,PENDING_AT_END
578.55,578.7082089260316,,,,PENDING_AT_END
578.9,579.1632675332643,,,,PENDING_AT_END
579.25,579.4694483072356,,,,PENDING_AT_END
579.5999999999999,579.7179142021482,,,,PENDING_AT_END
579.9499999999999,580.1460114136227,,,,PENDING_AT_END
580.3,580.6735009899667,,,,PENDING_AT_END
580.65,581.0424641129713,,,,PENDING_AT_END
581.0,581.2290300579468,,,,PENDING_AT_END
581.3499999999999,581.6623779437364,,,,PENDING_AT_END
581.6999999999999,581.723053342362,,,,PENDING_AT_END
582.05,582.3742056040946,,,,PENDING_AT_END
582.4,582.6520071661174,,,,PENDING_AT_END
582.75,582.9740214103188,,,,PENDING_AT_END
583.0999999999999,583.3778879658373,,,,PENDING_AT_END
583.4499999999999,583.5951539980659,,,,PENDING_AT_END
583.8,583.9778242250441,,,,PENDING_AT_END
584.15,584.3663906587982,,,,PENDING_AT_END
584.5,584.8728805424917,,,,PENDING_AT_END
584.8499999999999,585.0814135220228,,,,PENDING_AT_END
585.1999999999999,585.5425042268442,,,,PENDING_AT_END
585.55,585.5861690171062,,,,PENDING_AT_END
585.9,586.1490764236067,,,,PENDING_AT_END
586.25,586.2757014278102,,,,PENDING_AT_END
586.5999999999999,586.9889593258135,,,,PENDING_AT_END
586.9499999999999,586.9720148466275,,,,PENDING_AT_END
587.3,587.4301734464791,,,,PENDING_AT_END
587.65,587.9874133625436,,,,PENDING_AT_END
588.0,588.1556933593047,,,,PENDING_AT_END
588.3499999999999,588.5858796518742,,,,PENDING_AT_END
588.6999999999999,588.7426386325777,,,,PENDING_AT_END
589.05,589.3752124436453,,,,PENDING_AT_END
589.4,589.7802089532369,,,,PENDING_AT_END
589.75,589.9396647619576,,,,PENDING_AT_END
590.0999999999999,590.428765784073,,,,PENDING_AT_END
590.4499999999999,590.7176895724705,,,,PENDING_AT_END
590.8,590.8794987227868,,,,PENDING_AT_END
591.15,591.3539697992231,,,,PENDING_AT_END
591.5,591.5554682147244,,,,PENDING_AT_END
591.8499999999999,592.0883693345388,,,,PENDING_AT_END
592.1999999999999,592.4098856690299,,,,PENDING_AT_END
592.55,592.6404054870213,,,,PENDING_AT_END
592.9,592.9989401213273,,,,PENDING_AT_END
593.25,593.3995592950416,,,,PENDING_AT_END
593.5999999999999,593.651512827246,,,,PENDING_AT_END
593.9499999999999,594.2168266306973,,,,PENDING_AT_END
594.3,594.5950484092787,,,,PENDING_AT_END
594.65,594.9781670489273,,,,PENDING_AT_END
595.0,595.2525582881499,,,,PENDING_AT_END
595.3499999999999,595.6027975102111,,,,PENDING_AT_END
595.6999999999999,595.7117353539155,,,,PENDING_AT_END
596.05,596.3484776803566,,,,PENDING_AT_END
596.4,596.5320371247293,,,,PENDING_AT_END
596.75,596.7610849359905,,,,PENDING_AT_END
597.0999999999999,597.153639533765,,,,PENDING_AT_END
597.4499999999999,597.4935476401007,,,,PENDING_AT_END
597.8,598.0881781247829,,,,PENDING_AT_END
598.15,598.4392625070838,,,,PENDING_AT_END
598.5,598.8279505374594,,,,PENDING_AT_END
598.8499999999999,599.125415903093,,,,PENDING_AT_END
599.1999999999999,599.3673984728688,,,,PENDING_AT_END
599.55,599.7138982544811,,,,PENDING_AT_END
599.9,599.9457656042526,,,,PENDING_AT_END
600.25,600.6056839364578,,,,PENDING_AT_END
600.5999999999999,600.9526129680457,,,,PENDING_AT_END
600.9499999999999,601.2592779514772,,,,PENDING_AT_END
601.3,601.6692283410541,,,,PENDING_AT_END
601.65,601.7517753959431,,,,PENDING_AT_END
602.0,602.0792857748199,,,,PENDING_AT_END
602.3499999999999,602.6146760996692,,,,PENDING_AT_END
602.6999999999999,603.0297952442271,,,,PENDING_AT_END
603.05,603.342013616148,,,,PENDING_AT_END
603.4,603.4180043969735,,,,PENDING_AT_END
603.75,603.9814251260191,,,,PENDING_AT_END
604.0999999999999,604.4311910691563,,,,PENDING_AT_END
604.4499999999999,604.6232784792961,,,,PENDING_AT_END
604.8,604.9949761596608,,,,PENDING_AT_END
605.15,605.4822208399363,,,,PENDING_AT_END
605.5,605.7233832527356,,,,PENDING_AT_END
605.8499999999999,605.9371115452414,,,,PENDING_AT_END
606.1999999999999,606.2746360551704,,,,PENDING_AT_END
606.55,606.6131933871579,,,,PENDING_AT_END
606.9,606.907268962333,,,,PENDING_AT_END
607.25,607.340062319251,,,,PENDING_AT_END
607.5999999999999,607.9432501808994,,,,PENDING_AT_END
607.9499999999999,608.084755916918,,,,PENDING_AT_END
608.3,608.5457358129811,,,,PENDING_AT_END
608.65,608.8402833406018,,,,PENDING_AT_END
609.0,609.2262605849501,,,,PENDING_AT_END
609.3499999999999,609.6848928372019,,,,PENDING_AT_END
609.6999999999999,609.8483746680632,,,,PENDING_AT_END
610.05,610.17844785948,,,,PENDING_AT_END
610.4,610.4693071159869,,,,PENDING_AT_END
610.75,610.9853871152675,,,,PENDING_AT_END
611.0999999999999,611.4038402533386,,,,PENDING_AT_END
611.4499999999999,611.6132463028988,,,,PENDING_AT_END
611.8,611.8566615826303,,,,PENDING_AT_END
612.15,612.5153036764362,,,,PENDING_AT_END
612.5,612.511126722502,,,,PENDING_AT_END
612.8499999999999,612.88217914035,,,,PENDING_AT_END
613.1999999999999,613.4533330305284,,,,PENDING_AT_END
613.55,613.6065406045625,,,,PENDING_AT_END
613.9,614.0592518389745,,,,PENDING_AT_END
614.25,614.6252145497258,,,,PENDING_AT_END
614.5999999999999,614.7925041956603,,,,PENDING_AT_END
614.9499999999999,614.985492506997,,,,PENDING_AT_END
615.3,615.4104849193357,,,,PENDING_AT_END
615.65,616.045011079461,,,,PENDING_AT_END
616.0,616.1234938629216,,,,PENDING_AT_END
616.3499999999999,616.3803721855065,,,,PENDING_AT_END
616.6999999999999,616.8576363400888,,,,PENDING_AT_END
617.05,617.3249984655865,,,,PENDING_AT_END
617.4,617.7382765821441,,,,PENDING_AT_END
617.75,618.0094334895102,,,,PENDING_AT_END
618.0999999999999,618.1239520513952,,,,PENDING_AT_END
618.4499999999999,618.6386421536041,,,,PENDING_AT_END
618.8,618.9935782840232,,,,PENDING_AT_END
619.15,619.5045976209486,,,,PENDING_AT_END
619.5,619.7275712151009,,,,PENDING_AT_END
619.8499999999999,620.1040928082732,,,,PENDING_AT_END
620.1999999999999,620.31752585641,,,,PENDING_AT_END
620.55,620.8266063023016,,,,PENDING_AT_END
620.9,621.0112506176789,,,,PENDING_AT_END
621.25,621.5673448700591,,,,PENDING_AT_END
621.5999999999999,621.6222228222989,,,,PENDING_AT_END
621.9499999999999,622.3151471190282,,,,PENDING_AT_END
622.3,622.3481526515284,,,,PENDING_AT_END
622.65,622.8564250130001,,,,PENDING_AT_END
623.0,623.3277083382648,,,,PENDING_AT_END
623.3499999999999,623.5810170348061,,,,PENDING_AT_END
623.6999999999999,623.7696841311007,,,,PENDING_AT_END
624.05,624.2196457600046,,,,PENDING_AT_END
624.4,624.7567256120293,,,,PENDING_AT_END
624.75,625.0569315105593,,,,PENDING_AT_END
625.0999999999999,625.4525243872313,,,,PENDING_AT_END
625.4499999999999,625.7748561488869,,,,PENDING_AT_END
625.8,625.8913409076793,,,,PENDING_AT_END
626.15,626.4522898307599,,,,PENDING_AT_END
626.5,626.8905245949209,,,,PENDING_AT_END
626.8499999999999,627.0024928523594,,,,PENDING_AT_END
627.1999999999999,627.3007572980408,,,,PENDING_AT_END
627.55,627.7527287025887,,,,PENDING_AT_END
627.9,628.0661212663882,,,,PENDING_AT_END
628.25,628.4139028638401,,,,PENDING_AT_END
628.5999999999999,628.8932770312986,,,,PENDING_AT_END
628.9499999999999,628.9624551290106,,,,PENDING_AT_END
629.3,629.3659567262762,,,,PENDING_AT_END
629.65,629.9464747851458,,,,PENDING_AT_END
630.0,630.2330469141662,,,,PENDING_AT_END
630.3499999999999,630.6522035232304,,,,PENDING_AT_END
630.6999999999999,631.0640600321971,,,,PENDING_AT_END
631.05,631.2463107914473,,,,PENDING_AT_END
631.4,631.4892849871472,,,,PENDING_AT_END
631.75,631.9861920651622,,,,PENDING_AT_END
632.0999999999999,632.481265071606,,,,PENDING_AT_END
632.4499999999999,632.5886542163702,,,,PENDING_AT_END
632.8,632.9499962634209,,,,PENDING_AT_END
633.15,633.2580174568817,,,,PENDING_AT_END
633.5,633.6899975520039,,,,PENDING_AT_END
633.8499999999999,633.8736740484248,,,,PENDING_AT_END
634.1999999999999,634.4396320697314,,,,PENDING_AT_END
634.55,634.8257595286425,,,,PENDING_AT_END
634.9,635.0966344308655,,,,PENDING_AT_END
635.25,635.4402247506239,,,,PENDING_AT_END
635.5999999999999,635.8436365313617,,,,PENDING_AT_END
635.9499999999999,636.3052346242038,,,,PENDING_AT_END
636.3,636.5906861947544,,,,PENDING_AT_END
636.65,636.9567252832959,,,,PENDING_AT_END
637.0,637.049560171147,,,,PENDING_AT_END
637.3499999999999,637.5899273942655,,,,PENDING_AT_END
637.6999999999999,637.7748565347321,,,,PENDING_AT_END
638.05,638.2843923772798,,,,PENDING_AT_END
638.4,638.6117968121415,,,,PENDING_AT_END
638.75,638.900489400919,,,,PENDING_AT_END
639.0999999999999,639.4679300166508,,,,PENDING_AT_END
639.4499999999999,639.8245815702809,,,,PENDING_AT_END
639.8,639.9967979742432,,,,PENDING_AT_END
640.15,640.3370904870554,,,,PENDING_AT_END
640.5,640.5419644127692,,,,PENDING_AT_END
640.8499999999999,641.1910589763509,,,,PENDING_AT_END
641.1999999999999,641.5021032595488,,,,PENDING_AT_END
641.55,641.7216856088485,,,,PENDING_AT_END
641.9,641.9784191150235,,,,PENDING_AT_END
642.25,642.5746967292366,,,,PENDING_AT_END
642.5999999999999,642.7210014601949,,,,PENDING_AT_END
642.9499999999999,643.0689879564444,,,,PENDING_AT_END
643.3,643.5874804917662,,,,PENDING_AT_END
643.65,643.8949455798748,,,,PENDING_AT_END
644.0,644.0351361369401,,,,PENDING_AT_END
644.3499999999999,644.5714179933912,,,,PENDING_AT_END
644.6999999999999,645.0965274965114,,,,PENDING_AT_END
645.05,645.2818394394706,,,,PENDING_AT_END
645.4,645.5214628613024,,,,PENDING_AT_END
645.75,646.0814064609267,,,,PENDING_AT_END
646.0999999999999,646.203394850967,,,,PENDING_AT_END
646.4499999999999,646.8480517034101,,,,PENDING_AT_END
646.8,647.10701853351,,,,PENDING_AT_END
647.15,647.508206958901,,,,PENDING_AT_END
647.5,647.6034457996518,,,,PENDING_AT_END
647.8499999999999,647.8726889493114,,,,PENDING_AT_END
648.1999999999999,648.3342311452617,,,,PENDING_AT_END
648.55,648.7906440152467,,,,PENDING_AT_END
648.9,648.9663706363934,,,,PENDING_AT_END
649.25,649.388849158242,,,,PENDING_AT_END
649.5999999999999,649.7257709417836,,,,PENDING_AT_END
649.9499999999999,650.0183686478589,,,,PENDING_AT_END
650.3,650.6525161983925,,,,PENDING_AT_END
650.65,650.8918563668079,,,,PENDING_AT_END
651.0,651.2995219451768,,,,PENDING_AT_END
651.3499999999999,651.601899849024,,,,PENDING_AT_END
651.6999999999999,651.7073824002267,,,,PENDING_AT_END
652.05,652.1988186150156,,,,PENDING_AT_END
652.4,652.4142251779259,,,,PENDING_AT_END
652.75,652.7715077298005,,,,PENDING_AT_END
653.0999999999999,653.4960255723802,,,,PENDING_AT_END
653.4499999999999,653.6329682290681,,,,PENDING_AT_END
653.8,654.0051623530269,,,,PENDING_AT_END
654.15,654.5071606642192,,,,PENDING_AT_END
654.5,654.8561388239882,,,,PENDING_AT_END
654.8499999999999,655.0610154359106,,,,PENDING_AT_END
655.1999999999999,655.4835020838444,,,,PENDING_AT_END
655.55,655.7609340459383,,,,PENDING_AT_END
655.9,656.0715157346812,,,,PENDING_AT_END
656.25,656.5694073690765,,,,PENDING_AT_END
656.5999999999999,656.9713560588225,,,,PENDING_AT_END
656.9499999999999,657.2597937996173,,,,PENDING_AT_END
657.3,657.3792997733638,,,,PENDING_AT_END
657.65,657.7014497279846,,,,PENDING_AT_END
658.0,658.2027838602155,,,,PENDING_AT_END
658.3499999999999,658.5533838650201,,,,PENDING_AT_END
658.6999999999999,658.9465883512429,,,,PENDING_AT_END
659.05,659.3405794817834,,,,PENDING_AT_END
659.4,659.6706432315106,,,,PENDING_AT_END
659.75,660.0240660159825,,,,PENDING_AT_END
660.0999999999999,660.4985115243264,,,,PENDING_AT_END
660.4499999999999,660.5103528565083,,,,PENDING_AT_END
660.8,661.1764554559791,,,,PENDING_AT_END
661.15,661.5380425731483,,,,PENDING_AT_END
661.5,661.8876878654419,,,,PENDING_AT_END
661.8499999999999,662.0734153859103,,,,PENDING_AT_END
662.1999999999999,662.4152073446095,,,,PENDING_AT_END
662.55,662.6922954019681,,,,PENDING_AT_END
662.9,663.2424029382938,,,,PENDING_AT_END
663.25,663.3261449171093,,,,PENDING_AT_END
663.5999999999999,663.8384075456129,,,,PENDING_AT_END
663.9499999999999,664.1922587012335,,,,PENDING_AT_END
664.3,664.5023407086694,,,,PENDING_AT_END
664.65,664.6892200439419,,,,PENDING_AT_END
665.0,665.2819052279735,,,,PENDING_AT_END
665.3499999999999,665.3594031577691,,,,PENDING_AT_END
665.6999999999999,665.7840625102662,,,,PENDING_AT_END
666.05,666.3649612622803,,,,PENDING_AT_END
666.4,666.7126852615808,,,,PENDING_AT_END
666.75,667.0923428578742,,,,PENDING_AT_END
667.0999999999999,667.4338338524581,,,,PENDING_AT_END
667.4499999999999,667.5576164907844,,,,PENDING_AT_END
667.8,667.8267625844708,,,,PENDING_AT_END
668.15,668.2667076181023,,,,PENDING_AT_END
668.5,668.8138941638895,,,,PENDING_AT_END
668.8499999999999,669.1279906254142,,,,PENDING_AT_END
669.1999999999999,669.2252776456104,,,,PENDING_AT_END
669.55,669.6323633418381,,,,PENDING_AT_END
669.9,670.1051485894799,,,,PENDING_AT_END
670.25,670.5775972381375,,,,PENDING_AT_END
670.5999999999999,670.9018094308444,,,,PENDING_AT_END
670.9499999999999,671.021353624773,,,,PENDING_AT_END
671.3,671.544089034129,,,,PENDING_AT_END
671.65,671.8938091946906,,,,PENDING_AT_END
672.0,672.2715287053161,,,,PENDING_AT_END
672.3499999999999,672.6390768084373,,,,PENDING_AT_END
672.6999999999999,672.7162149112531,,,,PENDING_AT_END
673.05,673.2354119370032,,,,PENDING_AT_END
673.4,673.5061671784237,,,,PENDING_AT_END
673.75,673.995696707206,,,,PENDING_AT_END
674.0999999999999,674.4241154643225,,,,PENDING_AT_END
674.4499999999999,674.4962701203691,,,,PENDING_AT_END
674.8,675.1025739775139,,,,PENDING_AT_END
675.15,675.1555436838133,,,,PENDING_AT_END
675.5,675.7234433653659,,,,PENDING_AT_END
675.8499999999999,676.0137951536074,,,,PENDING_AT_END
676.1999999999999,676.5273828944113,,,,PENDING_AT_END
676.55,676.9001482457195,,,,PENDING_AT_END
676.9,677.1896419369451,,,,PENDING_AT_END
677.25,677.4682570802261,,,,PENDING_AT_END
677.5999999999999,677.8202308683806,,,,PENDING_AT_END
677.9499999999999,678.3003370990001,,,,PENDING_AT_END
678.3,678.6857753932184,,,,PENDING_AT_END
678.65,678.8911838024309,,,,PENDING_AT_END
679.0,679.0433202913873,,,,PENDING_AT_END
679.3499999999999,679.3970537816147,,,,PENDING_AT_END
679.6999999999999,679.903411951993,,,,PENDING_AT_END
680.05,680.1698285995849,,,,PENDING_AT_END
680.4,680.593360033925,,,,PENDING_AT_END
680.75,680.8564673341443,,,,PENDING_AT_END
681.0999999999999,681.320706065527,,,,PENDING_AT_END
681.4499999999999,681.5685354321373,,,,PENDING_AT_END
681.8,681.8129129711012,,,,PENDING_AT_END
682.15,682.4635497420453,,,,PENDING_AT_END
682.5,682.5360857437224,,,,PENDING_AT_END
682.8499999999999,683.1762900132885,,,,PENDING_AT_END
683.1999999999999,683.3133870602522,,,,PENDING_AT_END
683.55,683.9130966415582,,,,PENDING_AT_END
683.9,684.2662351131247,,,,PENDING_AT_END
684.25,684.5573534724715,,,,PENDING_AT_END
684.5999999999999,684.6807262724544,,,,PENDING_AT_END
684.9499999999999,685.3236165176039,,,,PENDING_AT_END
685.3,685.5450550167261,,,,PENDING_AT_END
685.65,685.8199071223729,,,,PENDING_AT_END
686.0,686.2334010990107,,,,PENDING_AT_END
686.3499999999999,686.3742620822177,,,,PENDING_AT_END
686.6999999999999,687.0494005872589,,,,PENDING_AT_END
687.05,687.0656778524169,,,,PENDING_AT_END
687.4,687.5255628144847,,,,PENDING_AT_END
687.75,687.7567095238574,,,,PENDING_AT_END
688.0999999999999,688.2713776078092,,,,PENDING_AT_END
688.4499999999999,688.5037449649877,,,,PENDING_AT_END
688.8,688.9966593457661,,,,PENDING_AT_END
689.15,689.5446457269273,,,,PENDING_AT_END
689.5,689.7210921449048,,,,PENDING_AT_END
689.8499999999999,690.0840094224127,,,,PENDING_AT_END
690.1999999999999,690.3641285912269,,,,PENDING_AT_END
690.55,690.9015586531136,,,,PENDING_AT_END
690.9,690.9238025966621,,,,PENDING_AT_END
691.25,691.4277952536777,,,,PENDING_AT_END
691.5999999999999,691.7688907926577,,,,PENDING_AT_END
691.9499999999999,692.1122655512492,,,,PENDING_AT_END
692.3,692.5445546289473,,,,PENDING_AT_END
692.65,692.7514853499337,,,,PENDING_AT_END
693.0,693.2491215859227,,,,PENDING_AT_END
693.3499999999999,693.7061959764858,,,,PENDING_AT_END
693.6999999999999,694.0643201037639,,,,PENDING_AT_END
694.05,694.3212088921885,,,,PENDING_AT_END
694.4,694.5482689536983,,,,PENDING_AT_END
694.75,694.9379477190964,,,,PENDING_AT_END
695.0999999999999,695.248560940488,,,,PENDING_AT_END
695.4499999999999,695.7083516937536,,,,PENDING_AT_END
695.8,696.047211479626,,,,PENDING_AT_END
696.15,696.3166805313527,,,,PENDING_AT_END
696.5,696.5661537539843,,,,PENDING_AT_END
696.8499999999999,697.1729880867167,,,,PENDING_AT_END
697.1999999999999,697.4751251401254,,,,PENDING_AT_END
697.55,697.8335106295428,,,,PENDING_AT_END
697.9,698.1415041838419,,,,PENDING_AT_END
698.25,698.4742606872962,,,,PENDING_AT_END
698.5999999999999,698.9086978138057,,,,PENDING_AT_END
698.9499999999999,699.0727625105338,,,,PENDING_AT_END
699.3,699.4798728246008,,,,PENDING_AT_END
699.65,699.9016054969235,,,,PENDING_AT_END
700.0,700.2223550931703,,,,PENDING_AT_END
700.3499999999999,700.6191193214902,,,,PENDING_AT_END
700.6999999999999,701.0652260935859,,,,PENDING_AT_END
701.05,701.0667054690039,,,,PENDING_AT_END
701.4,701.4898320595668,,,,PENDING_AT_END
701.75,701.7704380721666,,,,PENDING_AT_END
702.0999999999999,702.4826052374094,,,,PENDING_AT_END
702.4499999999999,702.62759058888,,,,PENDING_AT_END
702.8,702.9573682368966,,,,PENDING_AT_END
703.15,703.1635057395091,,,,PENDING_AT_END
703.5,703.8306195721611,,,,PENDING_AT_END
703.8499999999999,704.1971830049556,,,,PENDING_AT_END
704.1999999999999,704.3310750426662,,,,PENDING_AT_END
704.55,704.6334399925336,,,,PENDING_AT_END
704.9,705.2490007549158,,,,PENDING_AT_END
705.25,705.3620671113686,,,,PENDING_AT_END
705.5999999999999,705.7755916469623,,,,PENDING_AT_END
705.9499999999999,706.273252022506,,,,PENDING_AT_END
706.3,706.3026137738709,,,,PENDING_AT_END
706.65,706.8178926632289,,,,PENDING_AT_END
707.0,707.2600045556669,,,,PENDING_AT_END
707.3499999999999,707.7290514934682,,,,PENDING_AT_END
707.6999999999999,708.0786838277985,,,,PENDING_AT_END
708.05,708.1273745947406,,,,PENDING_AT_END
708.4,708.4297548381711,,,,PENDING_AT_END
708.75,708.9372494287718,,,,PENDING_AT_END
709.0999999999999,709.2724955691333,,,,PENDING_AT_END
709.4499999999999,709.783598127777,,,,PENDING_AT_END
709.8,710.1416223762017,,,,PENDING_AT_END
710.15,710.2096102006705,,,,PENDING_AT_END
710.5,710.7783056768144,,,,PENDING_AT_END
710.8499999999999,710.8732704398924,,,,PENDING_AT_END
711.1999999999999,711.4692538980249,,,,PENDING_AT_END
711.55,711.8348530382823,,,,PENDING_AT_END
711.9,712.1492665150444,,,,PENDING_AT_END
712.25,712.6201392035287,,,,PENDING_AT_END
712.5999999999999,712.9341255722661,,,,PENDING_AT_END
712.9499999999999,713.1809371366045,,,,PENDING_AT_END
713.3,713.4419885208085,,,,PENDING_AT_END
713.65,713.6915666230005,,,,PENDING_AT_END
714.0,714.0122271630437,,,,PENDING_AT_END
714.3499999999999,714.4162526905836,,,,PENDING_AT_END
714.6999999999999,715.0369078740449,,,,PENDING_AT_END
715.05,715.1394411266522,,,,PENDING_AT_END
715.4,715.7351488874671,,,,PENDING_AT_END
715.75,715.7811110567322,,,,PENDING_AT_END
716.0999999999999,716.1800970046775,,,,PENDING_AT_END
716.4499999999999,716.5655707672262,,,,PENDING_AT_END
716.8,716.845752328881,,,,PENDING_AT_END
717.15,717.158401664385,,,,PENDING_AT_END
717.5,717.6356285453451,,,,PENDING_AT_END
717.8499999999999,717.9038078301301,,,,PENDING_AT_END
718.1999999999999,718.3850071840435,,,,PENDING_AT_END
718.55,718.6168878345225,,,,PENDING_AT_END
718.9,719.2282466137484,,,,PENDING_AT_END
719.25,719.6058079550578,,,,PENDING_AT_END
719.5999999999999,719.8588234050223,,,,PENDING_AT_END
719.9499999999999,720.2684297200491,,,,PENDING_AT_END
720.3,720.4827043353441,,,,PENDING_AT_END
720.65,720.9618090247287,,,,PENDING_AT_END
721.0,721.1734050991638,,,,PENDING_AT_END
721.3499999999999,721.6925583231584,,,,PENDING_AT_END
721.6999999999999,721.8272942767486,,,,PENDING_AT_END
722.05,722.3345357397477,,,,PENDING_AT_END
722.4,722.7117190874886,,,,PENDING_AT_END
722.75,723.1116448443743,,,,PENDING_AT_END
723.0999999999999,723.1449519297489,,,,PENDING_AT_END
723.4499999999999,723.5149092524251,,,,PENDING_AT_END
723.8,723.9984993642274,,,,PENDING_AT_END
724.15,724.5109915326547,,,,PENDING_AT_END
724.5,724.7245204757396,,,,PENDING_AT_END
724.8499999999999,725.1696511672278,,,,PENDING_AT_END
725.1999999999999,725.4628108684616,,,,PENDING_AT_END
725.55,725.6660369372214,,,,PENDING_AT_END
725.9,726.0192414090797,,,,PENDING_AT_END
726.25,726.5981350664879,,,,PENDING_AT_END
726.5999999999999,726.6570702419422,,,,PENDING_AT_END
726.9499999999999,727.3176210815426,,,,PENDING_AT_END
727.3,727.3028725292013,,,,PENDING_AT_END
727.65,727.9659123227285,,,,PENDING_AT_END
728.0,728.1327489955661,,,,PENDING_AT_END
728.3499999999999,728.5022802649587,,,,PENDING_AT_END
728.6999999999999,729.074723852183,,,,PENDING_AT_END
729.05,729.3146710898543,,,,PENDING_AT_END
729.4,729.4844663840082,,,,PENDING_AT_END
729.75,729.8183345175896,,,,PENDING_AT_END
730.0999999999999,730.3304264458488,,,,PENDING_AT_END
730.4499999999999,730.6139645001768,,,,PENDING_AT_END
730.8,730.8421820097622,,,,PENDING_AT_END
731.15,731.2499974757428,,,,PENDING_AT_END
731.5,731.7970792095034,,,,PENDING_AT_END
731.8499999999999,732.1697568506061,,,,PENDING_AT_END
732.1999999999999,732.2571103850318,,,,PENDING_AT_END
732.55,732.7633264865344,,,,PENDING_AT_END
732.9,733.1650528989059,,,,PENDING_AT_END
733.25,733.6276563045838,,,,PENDING_AT_END
733.5999999999999,733.9239203671916,,,,PENDING_AT_END
733.9499999999999,734.3270830210039,,,,PENDING_AT_END
734.3,734.6560427198335,,,,PENDING_AT_END
734.65,734.9628766797658,,,,PENDING_AT_END
