session,run,seq,policy,robot,t_gen_ns,t_selected_ns,t_tx_ns,t_rx_ns,deferral_ns,channel,rssi_dbm,snr_db,payload_hex,payload_bytes,freq_mhz,sf,bw_khz,cr,sent
HWS-002-FIFO,1,0,FIFO,limo02,1784022138059422368,1784022524189065060,0,0,386129642692,6,-83.21,1.21,0x99cfb390f25d04e7148b446878b798c76aaa7dec63e47df1e022c45370fd0b77819496cbf91c6ae8c53e321d32cfee39d4d078d5,52,868,7,125,4/5,0
HWS-002-FIFO,1,1,FIFO,limo01,1784022139292442680,1784022401083798919,0,0,261791356239,9,-96.58,-0.71,0x60c468e8df69d074961078d8da41d228845498b35b5f65e2908cd1ed13cdc2f3d59347bbad39f232449636e9ce84ad470fa7146f,52,868,7,125,4/5,0
HWS-002-FIFO,1,2,FIFO,limo01,1784022145313810926,1784022200780759429,0,0,55466948503,3,-88.35,4.45,0x50570119ddeee5cf2cb28699b303f171479663584ed6b9702ea5b19c33c57d4c95a0aeb3d445eb3ad4341f8b4b2203d6ee20e542,52,868,7,125,4/5,0
HWS-002-FIFO,1,3,FIFO,limo01,1784022149253074721,1784022336668052458,0,0,187414977737,9,-104.50,-4.43,0x309415c9e9c85ad68b291e269c3538b98b0ca1e26729bb8b48e9df65e465c21fda8f28ccccc4d06918cf460ebb5f436014c34178,52,868,7,125,4/5,0
HWS-002-FIFO,1,4,FIFO,limo01,1784022149930961538,1784022586213860678,0,0,436282899140,8,-86.13,9.69,0x2bfdeb3bf5704f8b594c8a0cf5151cfbf396440dd25aeb497a9cde0c9336fefaddf597117f91c715f8419049181ca03ac681e51c,52,868,7,125,4/5,0
HWS-002-FIFO,1,5,FIFO,limo01,1784022154943341049,1784022403486884219,0,0,248543543170,10,-91.79,10.97,0xb4a828a10d18970d95c30e44c17b191c8ba02d5dc8d7a0d1b483f5e8b06871de87f39571182bf8284149bae8e543d0ac46226857,52,868,7,125,4/5,0
HWS-002-FIFO,1,6,FIFO,limo01,1784022156301876122,1784022301418643902,0,0,145116767780,7,-81.14,0.17,0x7aceda0fcfaa799ba6a908493e51ba0b65a181f02af647c351442bc04b1149b8435837cf1c10768212ae5fb7eac4f9f69fe417d3,52,868,7,125,4/5,0
HWS-002-FIFO,1,7,FIFO,limo01,1784022163510420645,1784022386833791499,0,0,223323370854,0,-92.70,14.27,0x26d79ad9a167b3c50c75419e843aa81a599b9502ebf966b054ec426b5f955060749e978cca8c861e558cf21c407de03960e1d211,52,868,7,125,4/5,0
HWS-002-FIFO,1,8,FIFO,limo02,1784022164347006912,1784022522104285436,0,0,357757278524,6,-94.20,5.75,0x911fafb8f5f07abe14a5c3b6afca9611517f404df0daf3bc76ea99d54c938032bf55286950d178430004598e3180c30ea1b55514,52,868,7,125,4/5,0
HWS-002-FIFO,1,9,FIFO,limo02,1784022168554943791,1784022237172676598,1784022237172679713,1784022237343008970,68617732807,0,-94.12,4.01,0x1621736fd2f3de6425fdae208f47559f235fdec357b6f195af1f019c46d26bb8e776e0d435b8f120c0b90b3b8f67e35438f7e7d3,52,868,7,125,4/5,1
HWS-002-FIFO,1,10,FIFO,limo02,1784022173250289268,1784022305946570794,0,0,132696281526,3,-91.26,8.47,0x0a610819c5e8ed76970534360134370ba353260b9894fb4d59dd447f741bba9e5d2892f856c002e54c1bd43d0def3468fc6cb357,52,868,7,125,4/5,0
HWS-002-FIFO,1,11,FIFO,limo02,1784022176281311328,1784022303088188550,0,0,126806877222,1,-100.34,0.55,0xa28eeca4b1878a7a09e9fcd11a21195a9c36b5f0c109e3cc3fdf445ea38070084c17099416a08b9e2db6c22cb343f08cca3dc7ff,52,868,7,125,4/5,0
HWS-002-FIFO,1,12,FIFO,limo02,1784022177610178010,1784022273772562839,0,0,96162384829,4,-109.93,2.12,0x18f8365656a67682eacd95975a8117db8d313864b3ce6e13a900e3ddfc13e24c72e5d157100ca5bf145a6308c1ee49ace604aecd,52,868,7,125,4/5,0
HWS-002-FIFO,1,13,FIFO,limo02,1784022181337977901,1784022280192009396,0,0,98854031495,7,-95.76,2.26,0x36c44358726b66403f4072d916b1653fbbac22afb7a425429564d5a8ae7807bc405910939825dc0dbd387f1ef74007e09072fe79,52,868,7,125,4/5,0
HWS-002-FIFO,1,14,FIFO,limo02,1784022185517353457,1784022326560851742,0,0,141043498285,0,-108.02,8.73,0x497f4d063acdf7fcab1a447cd7d074298ee9ab290d82e7d6b84a3d5faeec5469968698353612de503237ada3eee67fb489f8eca1,52,868,7,125,4/5,0
HWS-002-FIFO,1,15,FIFO,limo01,1784022188609780666,1784022352046731063,0,0,163436950397,8,-90.07,10.71,0xca9dfdb1368ac751b2372741160a080d55e06299fb5aef3df06b0baab8e1ab1446e7dab02e6b8358dbd1d10a0481c33c2b601e1f,52,868,7,125,4/5,0
HWS-002-FIFO,1,16,FIFO,limo02,1784022194283659714,1784022349641049627,0,0,155357389913,7,-82.02,-3.28,0x2987726cc9a38dde2aff19bc37e4125536e9519fa7041693142916d58ec107f22c1902ab70da7737ae516679601550978a846b94,52,868,7,125,4/5,0
HWS-002-FIFO,1,17,FIFO,limo01,1784022198993558321,1784022341153749101,1784022341153752276,1784022341320290814,142160190780,0,-106.93,11.51,0x616734398e1dbb1e7ddc8dc8f27a4f6e9c726e1d6d7f3bdee0104fd19db8612740523e1dd7f488f88b3eb7d62acaac20d1ce0a06,52,868,7,125,4/5,1
HWS-002-FIFO,1,18,FIFO,limo02,1784022201733771988,1784022311665284020,0,0,109931512032,5,-98.80,0.79,0x7b42a5a5542a68d32cb520d13b077a544f74f7cc323d92b38e4c2fef80bb871ccadee396322833908ed9084a85bea99d7441469a,52,868,7,125,4/5,0
HWS-002-FIFO,1,19,FIFO,limo01,1784022204416881372,1784022340074872164,0,0,135657990792,10,-85.62,11.35,0x769f9d03dfc0253c3b1862d4dbb93cc71a81d42703dd50b4c8fb506e18fd6348627804c2969fe6652003e55f9743326965322eaa,52,868,7,125,4/5,0
HWS-002-FIFO,1,20,FIFO,limo01,1784022209375109588,1784022304256968380,0,0,94881858792,8,-93.26,-2.13,0xa0c0548fa635008d440e13dfb5e1343306ede22760f7ce7e88a00a3b2300732432198d1cdf20b9de7f2d469a7fa480b34f279785,52,868,7,125,4/5,0
HWS-002-FIFO,1,21,FIFO,limo01,1784022213110432621,1784022296447680653,0,0,83337248032,0,-87.10,3.10,0xaf98dcc3a0c0245fc43a3647aeab252931b0b2b13551b4d869b5b8ad69f01f39f3230048b19fe5fbd21d6a682b9136bc211447ea,52,868,7,125,4/5,0
HWS-002-FIFO,1,22,FIFO,limo02,1784022215730477635,1784022406426002506,0,0,190695524871,9,-107.73,6.34,0x2c854d2f344e7685f621ab21f5a2c229d8e9efc58ddd64fd5e2a3eb1ac52edccb3767147ddedc896ace74e5912d4fe2f9f5eac87,52,868,7,125,4/5,0
HWS-002-FIFO,1,23,FIFO,limo02,1784022218926029422,1784022338320337724,0,0,119394308302,5,-106.37,7.89,0x282423be39119bc3dcedeb10f8d6945178fd528b293048546b452184e3291b8c875495f41fa2ee1d11075245c1583ccef2332a0d,52,868,7,125,4/5,0
HWS-002-FIFO,1,24,FIFO,limo02,1784022223357369542,1784022340466993058,0,0,117109623516,10,-106.01,10.47,0xaa8343ef6d92d2e2ea0f0a8f5286a2fd2d35bf7d871c4cc458a654f4eda0a44c6795c7dad8bb49d578be1f6257be87df9cddafdf,52,868,7,125,4/5,0
HWS-002-FIFO,1,25,FIFO,limo01,1784022226032158126,1784022521477870508,0,0,295445712382,7,-82.96,10.98,0xc1f791066313fc7e9df89d41bbc8a4d39cd8a22503bd7e99ab2c2bf6f72376101020a2514648bc2ef9ea559bedac5d64cbc74957,52,868,7,125,4/5,0
HWS-002-FIFO,1,26,FIFO,limo02,1784022228791689093,1784022353372452759,0,0,124580763666,0,-100.66,11.99,0x51dce2776ecb706382c287fc88ac6b2e76ca73a7945ab12d80c613f872cde34061e1e8c018c8f5830ffd0fab6bd63a009dceb8bf,52,868,7,125,4/5,0
HWS-002-FIFO,1,27,FIFO,limo01,1784022233056535526,1784022702217846880,0,0,469161311354,0,-81.82,4.69,0xc54ec90e115de84f16bef7ceb396337db010fde80dac183955ba99776aa1e0d6a3d0d96cdb26cb9ab78c67b315d38262d306c38c,52,868,7,125,4/5,0
HWS-002-FIFO,1,28,FIFO,limo02,1784022233886331560,1784022399133887786,0,0,165247556226,5,-92.50,11.73,0xc1474df18a0f94c1db4adf160af594491ffd251eb3115173ac05f2d296b62d98e5d72bfe4c588d7e8314e9874b6e7c2d98945aa1,52,868,7,125,4/5,0
HWS-002-FIFO,1,29,FIFO,limo02,1784022239935644335,1784022532075311538,0,0,292139667203,2,-92.10,10.65,0xcf80d6cb75bf2e5067b2a0906e2c210b977dd37935b2a9ba06950ec6be2820b227e2466e6c5e63f21ca4ebea638d07183a165c8a,52,868,7,125,4/5,0
HWS-002-FIFO,1,30,FIFO,limo02,1784022243166117038,1784022320769856942,0,0,77603739904,4,-104.26,-1.15,0x259560d28079aaa2bc614d4eb77304cdb9fbe03e4bbce4e3b71b5d3e3859215973914ea888b1a6eacb185f971bc47688a1fd3f25,52,868,7,125,4/5,0
HWS-002-FIFO,1,31,FIFO,limo02,1784022246389108856,1784022453762224046,0,0,207373115190,4,-88.17,14.58,0x2abd2d2653b81414175e65edc7569d56ee2cdcc7bcd0fd5ae5f3bde7f3d67a568289cc03dd1b0f2eedb4f82e7ab5c0923a8013cc,52,868,7,125,4/5,0
HWS-002-FIFO,1,32,FIFO,limo01,1784022251536154454,1784022716756892593,0,0,465220738139,6,-91.16,6.98,0x6ea34bd8043697591f7b6ecc313c220b895cf0cec4ff6c6ab35445b656559413cec497c4b60b75cc8cbec3285eaed5c022f65f60,52,868,7,125,4/5,0
HWS-002-FIFO,1,33,FIFO,limo01,1784022254816910715,1784022397148869008,0,0,142331958293,7,-83.88,-0.32,0x134c85af14457bd8e06b75595ba6a19d5d4360c33022314562dfb5201081afe11885cdd4ba4615d252bef8d4403c3bbdd0116883,52,868,7,125,4/5,0
HWS-002-FIFO,1,34,FIFO,limo01,1784022257896199450,1784022374912098348,0,0,117015898898,3,-107.95,4.86,0x7ac6f384e7cb5ea7513ebf8b29247e8bd4b46562417bceaf56780471374db8cb3dc9902a2f3951ce740eec46362962fc07169db3,52,868,7,125,4/5,0
HWS-002-FIFO,1,35,FIFO,limo01,1784022261667020110,1784022475779703555,0,0,214112683445,0,-86.74,-4.53,0xcb94a0c6a812bcf6bae5dc91182fda43c911aa336c11b6a39cb0ac824e156bb0eba35389c29e1b59519bf4c287345dd288e34296,52,868,7,125,4/5,0
HWS-002-FIFO,1,36,FIFO,limo02,1784022263484028696,1784022324696136535,0,0,61212107839,7,-102.18,9.80,0x60a787dcfb3e89e1a32f8b4fb9a41c2d8ee2bf5a66debfb8087bddad692b853243c0192011becd778f5a97ab0a18c8c77c2f072e,52,868,7,125,4/5,0
HWS-002-FIFO,1,37,FIFO,limo01,1784022267641968198,1784022427723537945,0,0,160081569747,10,-104.38,14.10,0x9b7c031146fb756a342f7ed8019b05cfd3fa2544738f2bc08fc486fb171f215723519adaa03ea51bbba9c3a4e8b12cbaf4f21b22,52,868,7,125,4/5,0
HWS-002-FIFO,1,38,FIFO,limo02,1784022270546173817,1784022409968685730,0,0,139422511913,2,-100.38,7.57,0x79fa03e5a7ecb4853ab4131fb2d917536e41559aa5214af8b7984646ce6ed09063d3e0df6719201b51103ad015a969c5f3ca0c2e,52,868,7,125,4/5,0
HWS-002-FIFO,1,39,FIFO,limo01,1784022276401933808,1784022387028757724,0,0,110626823916,9,-93.34,5.23,0x7c4d17e445e825b42586da9b073c2780c63a0e8df22e51651324c2c328c548a30f5dfe95b7ad7ddaf20e627b2d06532b238e0f44,52,868,7,125,4/5,0
HWS-002-FIFO,1,40,FIFO,limo01,1784022277792618612,1784022377055482541,0,0,99262863929,3,-106.29,10.41,0x8979b43b18545c6ae5b973623c52e0c4317b105444a928ac66330406c2243d28cf2e804ad44f4c274e9faed177385260fb64de23,52,868,7,125,4/5,0
HWS-002-FIFO,1,41,FIFO,limo01,1784022280459359774,1784022483446660262,0,0,202987300488,6,-84.72,8.34,0x789a125900a9f337458ba848210a8f7216f513cab21dd82aca53f7e65c7693b94a675cf522d913c84b13a4904625a393f96b26a3,52,868,7,125,4/5,0
HWS-002-FIFO,1,42,FIFO,limo01,1784022286420610999,1784022419668083068,0,0,133247472069,6,-103.49,2.70,0x4917466013f0e0fc0f914b6ba2e6b9fde6f8875204f4f614c6a68303a1dc03b41afced3d9561e842cd456689f797457501e867cc,52,868,7,125,4/5,0
HWS-002-FIFO,1,43,FIFO,limo01,1784022289419245940,1784022409765680700,0,0,120346434760,8,-94.88,11.90,0x70ee709f0e70c7ca5cf6c0b9ce8f1818d931fabfd3645154f607e21d6a0dee6522da7db6f1ee7e0f0110190aafb429e21ec6a9cd,52,868,7,125,4/5,0
HWS-002-FIFO,1,44,FIFO,limo02,1784022292530086310,1784022429007039870,0,0,136476953560,3,-84.33,-2.75,0x8d562a4fc1be524408994a2cb0611e164514121356036f3cb108f7934a64057f3daacef5517ee792afe4064026441404b9bcc63f,52,868,7,125,4/5,0
HWS-002-FIFO,1,45,FIFO,limo02,1784022294152897005,1784022376075549389,0,0,81922652384,5,-102.37,-1.45,0xb008d26785b1408fa15ca9081565d055acff7f03516bc56ba248e00199d47ee7aab53a5c991aa107aa39a8d348f6cf72260b9ff4,52,868,7,125,4/5,0
HWS-002-FIFO,1,46,FIFO,limo02,1784022299882965390,1784022531677900481,0,0,231794935091,10,-96.85,14.46,0x01ba0660cbf3a505fd514111e32ffe8b0d2ed1660b68ec7f00e44241197ca459f5f760610acc702a3571f80d738b584e78210023,52,868,7,125,4/5,0
HWS-002-FIFO,1,47,FIFO,limo01,1784022304481831194,1784022565328203301,0,0,260846372107,10,-95.54,4.35,0x52286bcc89a31d30048ba83209c545fbd62816dfbb24426e6b917971825d68840593f800aaba578379df1dd8bd99c15ac896f4f9,52,868,7,125,4/5,0
HWS-002-FIFO,1,48,FIFO,limo01,1784022306432555772,1784022492793407741,0,0,186360851969,3,-87.54,1.62,0x3ba80a0b45e5a26c6565cb1fbd0f77813bd5bcfcd647a1b7c29f2ad15201f5b6a98695a8c2dcf8baa9a9421858248cad158ec01c,52,868,7,125,4/5,0
HWS-002-FIFO,1,49,FIFO,limo01,1784022311299306806,1784022461430124589,0,0,150130817783,0,-86.06,0.49,0xe0fbd27f61f85e48221d58786d805aef73af8322bea74d860831ff0df7af0b9608813352fc60e7e24eb22fd9543827791a5212fa,52,868,7,125,4/5,0
HWS-002-FIFO,1,50,FIFO,limo02,1784022313159726664,1784022525035036791,0,0,211875310127,10,-106.03,4.65,0x1a1965891efbbd402cf68a5843f4c80db2bfb40b89a8db782fd0b67bfb4bb9b9ed81d904b2e05bf36ca4943aca29579daa573229,52,868,7,125,4/5,0
HWS-002-FIFO,1,51,FIFO,limo01,1784022317287780195,1784022475302911581,0,0,158015131386,9,-87.81,5.21,0x11de0a97dbab1222b1456d8d7d69f6f1af2ff17e1e9eecb536bff218d484f156e4027402d96cf8d413cd0e72b622673ec0bef72d,52,868,7,125,4/5,0
HWS-002-FIFO,1,52,FIFO,limo02,1784022320808093586,1784022403222450407,0,0,82414356821,6,-99.59,-2.91,0x1c68a26c0c4e4672c15b91c29e598306654fcb47b7adb92f985fa16204a8ab472f9ef4e8c46980ad10777380fe01f18a18f0589d,52,868,7,125,4/5,0
HWS-002-FIFO,1,53,FIFO,limo01,1784022325925394786,1784022484875059490,0,0,158949664704,6,-81.21,12.28,0xc3e628931727ef10fd62f0ed1bd5e31c445a37822074edbefc8bef6b26cf1964d0bb8e7e757b0afa1fbf190602caa34a6029a51e,52,868,7,125,4/5,0
HWS-002-FIFO,1,54,FIFO,limo02,1784022328592868515,1784022473665016706,0,0,145072148191,1,-101.26,-3.85,0x8a656f63edb08d5122bb385c1da563e8ee8c1ae5cc6f21137209df7929d4167f267f88bbfe886ac0a42307fa9cbd50a5cfe1ef4a,52,868,7,125,4/5,0
HWS-002-FIFO,1,55,FIFO,limo02,1784022330908470747,1784022446088711087,0,0,115180240340,4,-91.28,13.08,0xa52439c8f390f5cf42bec7b05f65e20f0ad768143bc5916a4bb43492d7d8bce59f0ffe1010dbb69adf1ba120d668d41d879516d4,52,868,7,125,4/5,0
HWS-002-FIFO,1,56,FIFO,limo02,1784022334974409629,1784022483289013835,0,0,148314604206,3,-82.86,3.95,0xd16a1dfe7774a92093379c1ee6cb5728d65b070bbd00779a5409ed8155752a2194714bb4e326779421147ca83a14833b43bec45f,52,868,7,125,4/5,0
HWS-002-FIFO,1,57,FIFO,limo01,1784022338398030591,1784022575287675329,0,0,236889644738,2,-96.10,11.62,0xf4a15ad8acf7a044c47a2be5b434b00611ee216f30635535c761374c60f7e98636220e0a52e5e440f665a2dab3a36f8aa91132e0,52,868,7,125,4/5,0
HWS-002-FIFO,1,58,FIFO,limo01,1784022342659682351,1784022472774854312,0,0,130115171961,2,-94.33,8.60,0x4099f73200f3471c9a73b030e6af1de2965dd28a60390e454982c6a60aba9c52d822ac493b21dd9bbf2d2244ffb0fbe1485152c7,52,868,7,125,4/5,0
HWS-002-FIFO,1,59,FIFO,limo02,1784022346195149095,1784022711883663459,1784022711883664537,1784022712051871034,365688514364,10,-92.99,11.69,0x3b49116d3baa8d6e28f1c21658cc73cc0a82c05883b08cdcf09398e50430acbe41ce4e2d6257cd21001390b36f1e9a7ba9d92a8b,52,868,7,125,4/5,1
HWS-002-FIFO,1,60,FIFO,limo02,1784022348164604670,1784022430054741035,0,0,81890136365,2,-92.25,5.14,0x9f72489c20770c3aa87a082c165b9033a27e53f2242f132242f8357d2fc300e6142ef29f4995f41744eab9100ad5b1299b516420,52,868,7,125,4/5,0
HWS-002-FIFO,1,61,FIFO,limo02,1784022351326300286,1784022551689632708,0,0,200363332422,1,-106.48,-0.78,0x49669ae99d938c5534e697c9aac20956f5335f521b246c0a898bcef74de6605cb6d081b2b27e853fac9421273856d6fc17095ae2,52,868,7,125,4/5,0
HWS-002-FIFO,1,62,FIFO,limo01,1784022355342513062,1784022593493542696,0,0,238151029634,1,-95.23,9.84,0x1155260fc34af9742ec24adf0de711ff6c2e1b838f90a52fe07cc6e276051ea589638644b5648516864cd073264609e83a98ab30,52,868,7,125,4/5,0
HWS-002-FIFO,1,63,FIFO,limo02,1784022359035708858,1784022421281710896,0,0,62246002038,9,-84.61,-2.63,0x03266700679b7f21543b9492bad3af77d19353c6709e29283702a8c131f9ac3d85831aa00cffa24d1046dc7fd3d86dd528457b72,52,868,7,125,4/5,0
HWS-002-FIFO,1,64,FIFO,limo02,1784022363825019871,1784022481484671787,0,0,117659651916,2,-91.18,9.75,0x16132e18007117c0b1baa9358f3ec64f722fb98c7f11950fa29205bcb8463b1c045add031d5b9fc04c444548a47214c0357acdf5,52,868,7,125,4/5,0
HWS-002-FIFO,1,65,FIFO,limo01,1784022365720200052,1784022553901259610,0,0,188181059558,10,-96.64,8.25,0xfa7cbe4d83bfff4e1bf3c4f8e490eff391150cb6798ab57a525a9b14f89f62e97d740a2a29df3cff239e20716c9f3bd9d25e66b2,52,868,7,125,4/5,0
HWS-002-FIFO,1,66,FIFO,limo02,1784022368175002477,1784022702523648509,1784022702523653188,1784022702689597852,334348646032,2,-92.70,14.18,0x554745f00bb913f1c1db62148bda40fa9dfb126f4ce3b6d8a6aacb1d2a9ccad4c08cfa9526209a84ab54ff8115ae0ac04e8e0d6c,52,868,7,125,4/5,1
HWS-002-FIFO,1,67,FIFO,limo02,1784022372157090196,1784022510189828334,0,0,138032738138,3,-109.12,2.03,0xe554252ec09c30fda0c5abeecd7dad1e77b717b4e70e1e8be5f6f20be0481d40d108248cd56260dd3881d8fc7e426fed5bf6e327,52,868,7,125,4/5,0
HWS-002-FIFO,1,68,FIFO,limo02,1784022377124545150,1784022608080153511,0,0,230955608361,8,-87.07,0.89,0x4eb76b9ed688306aef8a368ef21668dfe4e4c264cc150b25704498acd5a7b35a6dac1e71e0139ce56e21c44e0810e86b8e87b6a2,52,868,7,125,4/5,0
HWS-002-FIFO,1,69,FIFO,limo02,1784022381313993985,1784022735260808710,0,0,353946814725,0,-83.28,-3.46,0xade626e6c3bbff84ac5b8465c84f6464c0bfdcbebd632354d3b3b8a0165f46b7c2cfa7756aca58a13703c4a64e08fbdef4bf1a4d,52,868,7,125,4/5,0
HWS-002-FIFO,1,70,FIFO,limo02,1784022383338606858,1784022479931968696,0,0,96593361838,10,-84.15,-3.25,0xd97a7bc95b3400cb819a3184539727d7588bf5eda2ffd80d4f21586b1ee7946d05e2cddf11b0ef30dad6c29930aaf05b79ee66f0,52,868,7,125,4/5,0
HWS-002-FIFO,1,71,FIFO,limo01,1784022387035050936,1784022559316847336,0,0,172281796400,2,-83.48,7.74,0xab46a2c28371ca81a6f0d3f486147fd70311fa6380ab8467d53756a2e7db13f086e046d5c47b2deb1a17f9839742ac67a6c5d4f1,52,868,7,125,4/5,0
HWS-002-FIFO,1,72,FIFO,limo01,1784022391033361310,1784022593933835167,0,0,202900473857,4,-86.01,12.25,0x80953816f7075362703f9c584ec9fcd1c0c51608fb68f654b11ec3f496556cb0841c32a498a8c60fdfd6891053e01f53adbcf6b2,52,868,7,125,4/5,0
HWS-002-FIFO,1,73,FIFO,limo01,1784022395695548022,1784022615077969594,0,0,219382421572,5,-89.05,10.33,0x2124e0f288520ded1aa61505df5125ff7230ac29b07d6144cf55b798bc6b5ec0decf9ee488d1b0884e381a650780a6bc55e7df6e,52,868,7,125,4/5,0
HWS-002-FIFO,1,74,FIFO,limo01,1784022400000480965,1784022684993695650,0,0,284993214685,10,-89.85,14.20,0x2797046466059558eff5be5aa128785df7ba2622c081e171d61a83145b3094ed67b64037ca76bb1faa038877f1362cb85f9ad2f9,52,868,7,125,4/5,0
HWS-002-FIFO,1,75,FIFO,limo01,1784022399894775536,1784022609784003531,0,0,209889227995,4,-87.92,9.43,0x423940e2b183f6309a6cf6a55b6348a842aea1759a2c0e1a15151a7999fe865bac6518471c3b04a900b6e40fd0235ea7eca67056,52,868,7,125,4/5,0
HWS-002-FIFO,1,76,FIFO,limo01,1784022403980908503,1784022764966066866,0,0,360985158363,9,-86.42,8.20,0x937320b4e6f13de2a9fd750753951b4fe7d6c218cf5530907b7c23521c053f60da7258578b80b824a14dfa5b6fbd425432ee0aa5,52,868,7,125,4/5,0
HWS-002-FIFO,1,77,FIFO,limo01,1784022407530020810,1784022560679246481,0,0,153149225671,7,-96.18,3.71,0x7a15d56b4ca85aa5f733d1039df952cbed4edf1848e62488412c4a481571192627b10d063d61c38401ce4a1cb56f47fca59c988f,52,868,7,125,4/5,0
HWS-002-FIFO,1,78,FIFO,limo01,1784022413736929753,1784022685659502717,0,0,271922572964,10,-99.09,-1.93,0x1c5aea8c51b127d25422cd2f6bf63ba8e32e6f9b31e187215af4d91bd43fdb96ec22255e608c08d64804881ead421c25476232e8,52,868,7,125,4/5,0
HWS-002-FIFO,1,79,FIFO,limo02,1784022413921085514,1784022501870698190,0,0,87949612676,8,-81.19,5.34,0xfc0371c6cd893deac7c6203fa8e2bf2ea9021398c5ec22240a3f73fd06247b8346aaf78c5af85cc828b9968b3063147697410fe5,52,868,7,125,4/5,0
HWS-002-FIFO,1,80,FIFO,limo02,1784022418873518704,1784022592034947972,0,0,173161429268,5,-101.44,3.08,0x95b94441db4f4d4c2dc03853adb6fc8bb61b91990798fa03eb034ffd8b6f4cbdb52a0119f8633ea8f4b4a17c6531218fef0421ea,52,868,7,125,4/5,0
HWS-002-FIFO,1,81,FIFO,limo01,1784022422019697369,1784022997707850488,0,0,575688153119,9,-103.51,4.13,0xf385efb95ef9f8ff0f9f11e92ed5061cc93095919e1b2a4e62fea29f5d4d83a3c6240389eab64f9894dcfc4c1f1791e2749c8bd2,52,868,7,125,4/5,0
HWS-002-FIFO,1,82,FIFO,limo02,1784022425812065074,1784022564095172968,0,0,138283107894,8,-91.60,11.13,0xf00facd4e4ee9b9b5304b41e80b138cb1f998bf2e37a57ab7784f186f3a8ac1516393f3cc1526ef98c034c526b60a8840c39e67d,52,868,7,125,4/5,0
HWS-002-FIFO,1,83,FIFO,limo02,1784022428341485240,1784022923414336778,0,0,495072851538,0,-94.50,-0.06,0x933f779969d31a9a54b8c7a88af8b8d3886654ea2afa4a39e40efa16ca3654891d61267e6760f70abcbdafdb77db618f07b21f7e,52,868,7,125,4/5,0
HWS-002-FIFO,1,84,FIFO,limo02,1784022432211555635,1784022766302892206,0,0,334091336571,0,-87.72,5.57,0x3e9a6cc20c7fbd4bb31c1f4e2e11c2258227b40c14a0ec68641a650561fc860aac86937f494d37c84f2c109befeeb331c4845794,52,868,7,125,4/5,0
HWS-002-FIFO,1,85,FIFO,limo01,1784022436114900679,1784022721054216206,0,0,284939315527,3,-94.69,4.67,0x4e494c83ac21e7bf9c0651358c6f53b778e1821c7f9df419e3ca6c5533984053d762588494546647f96bafc74f52946ffd136844,52,868,7,125,4/5,0
HWS-002-FIFO,1,86,FIFO,limo01,1784022438645083247,1784022511221612910,0,0,72576529663,9,-104.93,-3.47,0x77912c01dc5150d58f6c72553ee0a3bb4d8afd5363d4abf3f71a3523f01fb3053959912abca99d4dc0af1d9516a93525689da294,52,868,7,125,4/5,0
HWS-002-FIFO,1,87,FIFO,limo01,1784022445901002912,1784022559035299011,0,0,113134296099,1,-94.13,10.89,0x7384df200f417f1a2618dd8f826b734513496010b58ce1bc8a6e737000e4788561bd2cee98e93dd14d8a9088ab17e97191bf28ce,52,868,7,125,4/5,0
HWS-002-FIFO,1,88,FIFO,limo02,1784022447791152203,1784022597314144599,0,0,149522992396,2,-94.74,9.23,0xecfa63bb0455e5da2fea8a75b86710f791526e6f717da5999669a9d1a8d1fa708b30bca85c5ba1d4b56d9c25133e39a088c04d03,52,868,7,125,4/5,0
HWS-002-FIFO,1,89,FIFO,limo01,1784022450199277015,1784022616236580666,0,0,166037303651,8,-94.50,2.47,0x2efb408249d3210d5b592c64744b2edac5bbd95c780e957eac57c41dc186326eb11ae5cf748d54f1b6ae717706203c068b938f5a,52,868,7,125,4/5,0
HWS-002-FIFO,1,90,FIFO,limo02,1784022453969570269,1784022914753384210,0,0,460783813941,3,-104.73,7.45,0x832c7f1710850ae8f393ec2eaa378004d3c5bea76440428405da9b0aede315240273a0650153c62b2b3db80fab4db120fa689e1b,52,868,7,125,4/5,0
HWS-002-FIFO,1,91,FIFO,limo01,1784022457844606324,1784022527038237104,0,0,69193630780,5,-92.81,-4.67,0x526ee9e78f6c81bf9baa04571827e94d29e9375aa0d2028739ecfbe3f0f33d81e4d0e7c88132911af348509367d4493286196e7c,52,868,7,125,4/5,0
HWS-002-FIFO,1,92,FIFO,limo02,1784022460823627092,1784022713454097354,0,0,252630470262,6,-108.18,5.53,0xe30a4f03b3152bdd49760952c14d5a376daa247b399e622181409933725921f6f0c7eba0c8458cce6f3885e204d28fcbe867022e,52,868,7,125,4/5,0
HWS-002-FIFO,1,93,FIFO,limo01,1784022464376662549,1784022597554526912,0,0,133177864363,8,-99.78,4.22,0x2ee16355310099d45f3d5d2742f07e305d1b5ef1b517cd2605e5507549def99f7cbdbf5018b35608373b65d75834c1cfd4d5535c,52,868,7,125,4/5,0
HWS-002-FIFO,1,94,FIFO,limo02,1784022466820300041,1784022737439144171,1784022737439147462,1784022737609654693,270618844130,7,-109.86,4.74,0xf6407f1cc67145eca44867e2971d20b4269b0590ab5683653af5548bcf2be854b50eebb360208564e9c4b274efb92f0b2714e822,52,868,7,125,4/5,1
HWS-002-FIFO,1,95,FIFO,limo01,1784022471186029024,1784022677677700316,0,0,206491671292,0,-84.29,-0.92,0xd0e07c53eba5f82cdb53f7f640603910b0b7cf6a4d62012acf500d83acef7116acbcaa590fbb9466dc8accfb728f820097f9a9c2,52,868,7,125,4/5,0
HWS-002-FIFO,1,96,FIFO,limo01,1784022474854603809,1784022698313810323,0,0,223459206514,1,-92.21,2.23,0x181ffc80d3f84e35412ed455aadce506e1e17dcefc4cf8ff99d1b9bae5e9abfbeba2872a47811b758187bfc9e2a3153795653d32,52,868,7,125,4/5,0
HWS-002-FIFO,1,97,FIFO,limo01,1784022481147545885,1784022582525971298,0,0,101378425413,9,-104.81,14.23,0x64342c6ae42978ba185df80ad3fdd65d99ebb2e0b905ca8a7615abd75246717f143e605691af8339be4f848e7848c2ceb92479a5,52,868,7,125,4/5,0
HWS-002-FIFO,1,98,FIFO,limo02,1784022481746921817,1784022692429772337,0,0,210682850520,2,-97.91,4.83,0xa25c85f367f02cd53c4cf1c1f8653fd6ae4c699bd27ccc4282fcc1b43db9349ba4470b0215ad641d408de2b99bfa8b6f775949ed,52,868,7,125,4/5,0
HWS-002-FIFO,1,99,FIFO,limo02,1784022487747524657,1784022665795641559,0,0,178048116902,4,-86.50,14.40,0x5ec9e42b535d4664ed24642522c8e4d3689cd175513bcd1619252ee33b0efc8623747c6ba6e6a9600dccc012ab081ffe379c4722,52,868,7,125,4/5,0
HWS-002-FIFO,1,100,FIFO,limo02,1784022489843640250,1784022711714921358,0,0,221871281108,10,-100.98,-1.67,0x9e477352dd1696de69db211a0562d517493f2dd8c7b5ee1b7141f8f2fb2e554433e679d02a320b990bff87022b957b20857e6f2f,52,868,7,125,4/5,0
HWS-002-FIFO,1,101,FIFO,limo02,1784022491668892411,1784022572362399830,0,0,80693507419,6,-80.15,1.34,0xe8ec68d774bf4e632409d532c9d7ca7c8be409290561fb6104796813153bb61c30864704508285974812c939d70d02f8d2c16469,52,868,7,125,4/5,0
HWS-002-FIFO,1,102,FIFO,limo01,1784022496561933215,1784022655875150420,0,0,159313217205,9,-84.91,14.83,0x3a1a1514f32985f1c6fe6519136f4e93124141694f61c47422acc8e6f29e9f82683b8ddad450b979bfa15d24bf7c994b967cbac1,52,868,7,125,4/5,0
HWS-002-FIFO,1,103,FIFO,limo01,1784022500288989940,1784022742200946686,0,0,241911956746,3,-109.06,-4.58,0xc8898b47b25d441a2fcb368d0dd33c1689bbb74787a3d7470af5cd0243673e2ee7a33e78a16fcd591ee2a74aea67687baab6216d,52,868,7,125,4/5,0
HWS-002-FIFO,1,104,FIFO,limo01,1784022502148456544,1784022601653814746,0,0,99505358202,6,-87.50,6.63,0x6c93efe003014192b65ae74468633861874316fe2d10f147c4cc8f0d64e909d4604aabc471079e4940026b0f7bbff6d54459f160,52,868,7,125,4/5,0
HWS-002-FIFO,1,105,FIFO,limo02,1784022509526316953,1784022622982819075,0,0,113456502122,3,-107.35,-3.88,0x8b1d1aba1c093b3afe5f05b8dead0def6a979e8a6e0799068ab2d24e2c802f7f570fdf822d8858b35f0b02179f8641a2175a6150,52,868,7,125,4/5,0
HWS-002-FIFO,1,106,FIFO,limo02,1784022512934162710,1784022648486773054,0,0,135552610344,3,-99.24,-4.59,0x0c9eceea16e6608e49060bd6a62abcc0fd9f8004953d8f0125b6d6000830f2edeabafc20d3eb06385d0c9e619fc6b3c630eb19de,52,868,7,125,4/5,0
HWS-002-FIFO,1,107,FIFO,limo02,1784022516504963575,1784022718325667157,0,0,201820703582,5,-83.56,10.22,0x647266929b39c84f88a2038960b72970c0d94651d6d7501cb92f328624d208a572d1d70e293659dd2e1048427bbcb1aab0420661,52,868,7,125,4/5,0
HWS-002-FIFO,1,108,FIFO,limo01,1784022519296364821,1784022653287212044,0,0,133990847223,10,-96.34,9.17,0x04a40abce3a36dae1883f5c6cb22940e3f783e889aae9f0f1ffaf145d972e7e7b7f786e81d66ccb8c76ccaec80f4e92fd89a95da,52,868,7,125,4/5,0
HWS-002-FIFO,1,109,FIFO,limo01,1784022520718610238,1784022798272703731,0,0,277554093493,7,-94.06,11.83,0x405a1cee324f5d850bb655d076d5d248e611936125cf342a182201df732b6e72c3d6aa77d1336cba87e3a22dab471b6455648e24,52,868,7,125,4/5,0
HWS-002-FIFO,1,110,FIFO,limo01,1784022523487241067,1784022630399731261,0,0,106912490194,10,-89.44,10.38,0x1cd4058cc8ec515005ee6caec280c77df8a09a9634133d44658c6547bb56d13f598b23c9260bf6cf715854cb93c5cda7885b82a3,52,868,7,125,4/5,0
HWS-002-FIFO,1,111,FIFO,limo02,1784022528803666565,1784022639268306150,0,0,110464639585,3,-85.61,5.21,0x8ac48539f397c917ec00c61febd5752a5cfa69cd345e39aaee0163139060c876b9545f3ed2894badf629a48d9fcd5d1bb61cf132,52,868,7,125,4/5,0
HWS-002-FIFO,1,112,FIFO,limo01,1784022534232932351,1784022760367459329,0,0,226134526978,5,-104.21,9.40,0xfea6304191c27a025f6e3ad30b3df4168f8661899e4391f49446dfd22d76fedb1177bdd35df5a35c5ceb849a503343ab6cb1df91,52,868,7,125,4/5,0
HWS-002-FIFO,1,113,FIFO,limo01,1784022537281242554,1784022900843646724,0,0,363562404170,7,-96.17,6.68,0x37f9a647bb49e156a61e37e4cee6b770141c534978dcb6ea844f1959522950350075d5ce54e87647625dee9d2e1363be269a5f26,52,868,7,125,4/5,0
HWS-002-FIFO,1,114,FIFO,limo01,1784022540920486230,1784022751677285750,0,0,210756799520,0,-84.66,4.33,0xb3704de1899f1b3fc2497ce93e3a8deef993bfa4f9fb56112849aa3e5ed76f3012e3af0e2eb93b9222aa0dcd5e1d2aab3149cc5b,52,868,7,125,4/5,0
HWS-002-FIFO,1,115,FIFO,limo01,1784022541344726175,1784022641160962760,0,0,99816236585,7,-81.24,6.91,0x3fde703e2b0f3d29bb2346120da5670acbf3f3b3c4b90f20269057e6a7c5122f19bb247e47b05fe7be94c48f396c8f60ace7e6e0,52,868,7,125,4/5,0
HWS-002-FIFO,1,116,FIFO,limo01,1784022547016177294,1784022696206241501,0,0,149190064207,0,-92.79,10.48,0xacfe933cf1be22619110b088c2e4bece8f35bd4737c85ebf9c6042a59ed73480c184e22a4a0a5d128bd731dd667dbbef5053fba8,52,868,7,125,4/5,0
HWS-002-FIFO,1,117,FIFO,limo01,1784022550026029335,1784022937867778495,0,0,387841749160,2,-93.37,12.54,0xacd7fc09d4d5ce84ed66f254d9bf2d293acfadba9de46028ca6379e9242fe328aaa5b2a6d4162c41e7bf565151279be553a75d77,52,868,7,125,4/5,0
HWS-002-FIFO,1,118,FIFO,limo01,1784022553881875650,1784022714166572535,0,0,160284696885,10,-91.97,0.24,0xc395aea6f6e94cb365b543b264258bd4da88a7a330c5f7f392dbe4a3acc51ae84cb256d1fac4c83d0db7410fa4f315bb5856fc64,52,868,7,125,4/5,0
HWS-002-FIFO,1,119,FIFO,limo01,1784022556809143946,1784022654624843895,1784022654624845821,1784022654794016232,97815699949,0,-104.72,9.52,0x0c1959b8bb2aa604f252a89cc2b7f28855139aadf34caa637beb763a2aa1a273fa3795d3b83792646c80414c1a06d14dd88de079,52,868,7,125,4/5,1
HWS-002-FIFO,1,120,FIFO,limo02,1784022560361601121,1784022751933202574,0,0,191571601453,10,-92.39,6.69,0xd589dab211749d28100f4f35407bd2a5c65ceb8927ee6433b53ce4b5301f7b2c289d17d3e4c4a9bad5c5601adb9f770751e9299d,52,868,7,125,4/5,0
HWS-002-FIFO,1,121,FIFO,limo02,1784022564805999121,1784022731916286943,1784022731916289306,1784022732085493935,167110287822,1,-81.78,7.08,0x4c390c7761355354b847d92f59b8a3daf6dbe77acc443f4fe55e01fd24286016e9ac8308faeb08f94ad4b01d30f91ba5ead97508,52,868,7,125,4/5,1
HWS-002-FIFO,1,122,FIFO,limo01,1784022565801519426,1784022631233763798,0,0,65432244372,8,-99.32,8.67,0x8eb17f00648955cb2bb4638b7d4c4163ddd6bbfc6ee0a23612fc91e19bb7b03d3a4787d3d33c886454a52bf73c554bfe3eed19f3,52,868,7,125,4/5,0
HWS-002-FIFO,1,123,FIFO,limo01,1784022570678791673,1784022812529921171,0,0,241851129498,9,-92.63,4.05,0xbc36ec7529c26a9e87adb956156604c31189ece550ab8747a6b621fab5e70a7eb0cad1363ae46a79775082f2b3daae7e006094a7,52,868,7,125,4/5,0
HWS-002-FIFO,1,124,FIFO,limo02,1784022576263554085,1784022726427653239,0,0,150164099154,8,-93.69,3.60,0x6c233c533442b072caf1825a5e6d32f37ac8f81527f55c6f775c879089b197e2109f1fe4508f3112de43fa50ea3d059fef89fbf2,52,868,7,125,4/5,0
HWS-002-FIFO,1,125,FIFO,limo02,1784022577752808041,1784022680791740991,0,0,103038932950,8,-98.02,7.81,0xea6dce994601c8e499bf1d75591ef133fa986d2698414907720d137db5f34cdd941d5968fb5a781f7a7ae6f696523d2fa2070c5b,52,868,7,125,4/5,0
HWS-002-FIFO,1,126,FIFO,limo01,1784022579816865929,1784022655960688769,1784022655960692138,1784022656134649880,76143822840,9,-109.29,1.43,0x19f044a7cf535a51bae8db2a537354d2b1dc68ca4db1069a1848453d9c7913eb41131719acac0b0bab60413df9cfa9f32e2a594f,52,868,7,125,4/5,1
HWS-002-FIFO,1,127,FIFO,limo01,1784022583891077493,1784022786951474171,0,0,203060396678,4,-85.74,-3.98,0x461a1fd68ebca6b2b6d2f7413adb0c4994eddc18ebc52f86a5c0216d07c675330fdec17bd08912f2de4d19db86203a9d0f93104f,52,868,7,125,4/5,0
HWS-002-FIFO,1,128,FIFO,limo01,1784022589333791904,1784022701329424225,0,0,111995632321,0,-97.45,9.22,0x981e934a62c61bfd0e5fcd952b2d4b2b206f3440aa349f5381a222339d21e384c531f70ecd39831b40c654f334a356a6cc267283,52,868,7,125,4/5,0
HWS-002-FIFO,1,129,FIFO,limo02,1784022591218705032,1784022799774637681,0,0,208555932649,7,-98.61,10.14,0x3f766ffad8bafe827591c87628ce83649f246e14396d96b62a7b0660c2210ab90aebd738facbd7bd18d2af7f8180fb079d9de54f,52,868,7,125,4/5,0
HWS-002-FIFO,1,130,FIFO,limo02,1784022596508670516,1784022866666074593,0,0,270157404077,6,-102.60,3.30,0x81b4a4f73622984db849dcd5cfc8d77e680ee5e5339e34a7201eef75ebdf39994e2e8502b63f57a5dea28334822ad94518ff854d,52,868,7,125,4/5,0
HWS-002-FIFO,1,131,FIFO,limo02,1784022601261040676,1784022882042470668,0,0,280781429992,7,-106.85,10.32,0xd06c004439087c31bb87c870ef1f27bab21e01508df35f6da9f2d850add41445200008e2131914004469f57b42101c090606f16a,52,868,7,125,4/5,0
HWS-002-FIFO,1,132,FIFO,limo01,1784022604640769429,1784022674518919494,0,0,69878150065,5,-104.11,9.47,0xf60fa59c74c70fe2da6fe4a5acb12c0ceff5469d40f363c4a8ca1ad1cd10dbf902604f734c623e167183b7d6dac8912c8921d8d8,52,868,7,125,4/5,0
HWS-002-FIFO,1,133,FIFO,limo01,1784022606865165144,1784022693630172767,1784022693630174070,1784022693799763748,86765007623,7,-106.05,-3.77,0x678f838dc0a978b5dbcfb172ccc7a21a798dc80faafd24ec3871c731306d2bb2a3044f1d121736ca0e9b71508425a4cf57e399ca,52,868,7,125,4/5,1
HWS-002-FIFO,1,134,FIFO,limo02,1784022609762427076,1784022690194161127,0,0,80431734051,2,-94.70,1.82,0x4559877667e8d70e9cec1bc34d4fc90bacddb2a5cc9f61b08d78c11c7b0d0e38bc6d528d9176025635559e92023152ab782b8db5,52,868,7,125,4/5,0
HWS-002-FIFO,1,135,FIFO,limo02,1784022611598234068,1784022771744931816,0,0,160146697748,9,-105.20,9.41,0xcfc56776a0b7c6be688c696c8c2f91a6e9d61391fac06202988c40cfbf1d0ff9051dec07bfadc2cf2b263ab3c16bf7ccb271a1b1,52,868,7,125,4/5,0
HWS-002-FIFO,1,136,FIFO,limo01,1784022618165120848,1784022880322210862,0,0,262157090014,6,-86.32,13.74,0x8d6d391e19c3025f73b2bb2f9651a3a0a0645c355c312d91335a8fcd9e0bca9a10dc10a3de9ab9be2d226cd9ad7fab0c1edb18c6,52,868,7,125,4/5,0
HWS-002-FIFO,1,137,FIFO,limo01,1784022622466415578,1784022809107381795,0,0,186640966217,8,-92.24,-1.88,0x778a070940ceb2b3a5bc0836498779c34cb4f551bc24021425e1ac12881e4b40d354fa628c2754fbe1a1fa281d0586c86fdc0d79,52,868,7,125,4/5,0
HWS-002-FIFO,1,138,FIFO,limo02,1784022622620236641,1784023222620236641,0,0,600000000000,7,-83.88,-3.14,0x979ef498e747db18cc8347b44a21d4211b6c42b8664e339482eb648feeccf48c2e141c4b736be0acf66cdc98343ce555f050318d,52,868,7,125,4/5,0
HWS-002-FIFO,1,139,FIFO,limo01,1784022629071091052,1784022980282277337,0,0,351211186285,5,-85.54,0.71,0xcbb7f9238d60f7a583d30a3811e40945815b901c19029bfc578e30fc65fca722c46ac7b740a63332ff2513745925992cf43c2fd0,52,868,7,125,4/5,0
HWS-002-FIFO,1,140,FIFO,limo01,1784022630353310540,1784022804376366828,0,0,174023056288,8,-101.35,13.68,0xf5af0d4d8c305b6b3c309961f5e149d4e5f64557e0d8e88f7ea8011990e0f0b8cdc0c1a6864e570c1b9b5a7bd6e329829c15c143,52,868,7,125,4/5,0
HWS-002-FIFO,1,141,FIFO,limo01,1784022635819491004,1784022736549685241,0,0,100730194237,4,-104.89,3.97,0x9b5145e6d8fc82b123f2775ba3a8af97f70a96e52dd9178ed3b4261fc64a46dc01fa38998ddc0a783e03d57c54df92244bd00dd7,52,868,7,125,4/5,0
HWS-002-FIFO,1,142,FIFO,limo02,1784022638914569933,1784022723174148389,0,0,84259578456,6,-83.05,6.91,0xa7197bc54fd4fd477f6f64b5bcfccd134c428eeecd8272b53bf4196694cea8ba37869bbe4645bb1f76e9c243f18fd0bad753aa20,52,868,7,125,4/5,0
HWS-002-FIFO,1,143,FIFO,limo01,1784022640297043135,1784022734569749158,0,0,94272706023,3,-104.04,0.45,0x6b22083d37b021b4a685a8219dc30e892e2ff9e8447bad71c51ee5e3bc70e535458fce326df8885b5c6b24212117cccaa140886c,52,868,7,125,4/5,0
HWS-002-FIFO,1,144,FIFO,limo02,1784022646622097857,1784023051281050924,0,0,404658953067,10,-94.60,3.29,0x266781c73d8bd7aaa9fe1c609d2fe7623d79184ce61d3bca1b3fa35101a9c1a3b09b2d23fa95db18467832a5127f87dea7e71e48,52,868,7,125,4/5,0
HWS-002-FIFO,1,145,FIFO,limo01,1784022650369159386,1784022915105384061,0,0,264736224675,1,-80.92,1.95,0xe08f4aaa017251e24b8b521c903ac8124af599c6463119f4edf26c1ce836781d3c1a64d24284ea9a89b6441a8c39c0ccccbdf600,52,868,7,125,4/5,0
HWS-002-FIFO,1,146,FIFO,limo02,1784022654086980315,1784022811403362414,0,0,157316382099,1,-82.08,2.61,0x2069dab9fb1b7fc1b00d2fcfc0794142be9fae80a7e13c8b8ba73f1d05cd4e6c2c9ddf1b48c309ca2bad59dbd9d17dc807fe03e8,52,868,7,125,4/5,0
HWS-002-FIFO,1,147,FIFO,limo02,1784022656900916451,1784022791676660433,0,0,134775743982,6,-109.76,5.56,0xb82bab3209974065cb5eecd7f5dfb920f7f0398b366f43f4f12744a961db656b4321c6612ab968e8c6d8562b880b8c76bb03858d,52,868,7,125,4/5,0
HWS-002-FIFO,1,148,FIFO,limo01,1784022659494449197,1784022916821810596,0,0,257327361399,2,-100.74,-2.68,0x537aa4ae8b4180bef13a1dec6b9a8ffb614de81b3e6775079b3490606fbfebfe7c0091c0884efb2ca76ad9865770a12fd5545bb6,52,868,7,125,4/5,0
HWS-002-FIFO,1,149,FIFO,limo02,1784022663942598719,1784022926612181367,1784022926612186317,1784022926778899997,262669582648,5,-90.26,0.70,0xeacfd925f7813037a183cae7f6f0d5b2d1c4ef3b0ea57061e920c933d8fe7f1d8a69aae12eb1b31972cad78e4fa7a26a4c88a46f,52,868,7,125,4/5,1
HWS-002-FIFO,1,150,FIFO,limo02,1784022666301524543,1784022841155652010,0,0,174854127467,10,-85.76,9.37,0xa7c1b7276596dfdd6b9babf7069bd0b535a4a10f93d88fb410a168b1807248f9abc430d8bff65f5362be0433a7a63de45e390c63,52,868,7,125,4/5,0
HWS-002-FIFO,1,151,FIFO,limo01,1784022668708966353,1784022856111020553,0,0,187402054200,0,-109.18,10.13,0xb267502b6157eb369d3e5a054574b2843be95710431c2c99456b039fe74e8df543cfb10172fd5799930264450ccb45df783f5f47,52,868,7,125,4/5,0
HWS-002-FIFO,1,152,FIFO,limo02,1784022673063531475,1784022973731273976,0,0,300667742501,7,-93.87,6.41,0xa882f66af1cceea9f0b760bb66d9e056ad320942fdd736f5f4d2a1761541bca60e2b8c8cfe831e2625279ca2deee10c656eb12df,52,868,7,125,4/5,0
HWS-002-FIFO,1,153,FIFO,limo01,1784022678104464767,1784022900852081409,0,0,222747616642,3,-104.17,13.85,0x2b63c1142d63e6f878ff52b27bb851b3b372c6321451e0ea881bb96a11a83232b3375855bafcc0c73c88a4f475d4cbc4e6168ef2,52,868,7,125,4/5,0
HWS-002-FIFO,1,154,FIFO,limo02,1784022679800627577,1784022835267242957,1784022835267245047,1784022835439843793,155466615380,6,-94.48,-1.92,0xaa2be96cae89bc5780f3dd2ce783219be3f835adc9e84473924755df8a719b34de0a1cd957a962b6eba839d047a70ccb96a02f56,52,868,7,125,4/5,1
HWS-002-FIFO,1,155,FIFO,limo01,1784022684805991779,1784022852382363832,0,0,167576372053,6,-102.63,-2.31,0xf5624d6670740be982785c02b6b908920d7ea8f2e7ebd7b811f1c19ce09c5c266fa35451856591003166bf5b5b97a91e8d9871cd,52,868,7,125,4/5,0
HWS-002-FIFO,1,156,FIFO,limo01,1784022686167949426,1784022835291664524,0,0,149123715098,3,-106.94,13.35,0x748112e54094cf5e69d047cb53fe9ee07613bb97bb2f6181984d7bc06c884a482d15879e20189bdbdd88522cb12e0a37eeef5f0a,52,868,7,125,4/5,0
HWS-002-FIFO,1,157,FIFO,limo01,1784022689403575674,1784022801693168240,1784022801693171604,1784022801859426762,112289592566,0,-107.60,3.43,0x9b7e22fc3b0b110a0fc1e30fdca37164e2d74ce07bc570c608f806cfca6f76455e7d11226d320e97c0ab2cfb8a925a5058abdd11,52,868,7,125,4/5,1
HWS-002-FIFO,1,158,FIFO,limo02,1784022694601321761,1784022856215235970,0,0,161613914209,1,-103.54,-1.54,0xed65dde64fadc00c95768278e900af44fc9a0e6858aa7f911a2061f9f7d4779c4e12422f752bbcbd4988ac27896906c0853b7230,52,868,7,125,4/5,0
HWS-002-FIFO,1,159,FIFO,limo02,1784022699959498470,1784022896896226212,0,0,196936727742,3,-109.31,5.29,0x467ba12eaf38813834aac4f8b58dbf697a003423c545c9b23575522d3d40154b9a94f4a233420c60607dd8be77e24eec0145c266,52,868,7,125,4/5,0
HWS-002-FIFO,1,160,FIFO,limo01,1784022700841990141,1784022746547421875,0,0,45705431734,1,-98.37,0.29,0x92676b851d9eeacfcac8a8a4b795aafdd01b3df00d5459fbf68880c2741cbf935b49f9182e7f0ad17794cf21eef7897aae45685a,52,868,7,125,4/5,0
HWS-002-FIFO,1,161,FIFO,limo02,1784022705541179121,1784022831317436140,0,0,125776257019,8,-91.87,-3.37,0x1a8e6d6190b7b17ae86b4c61dff7d30744e20d6efa7b39867de67ee69225569a96661ad2fe6dfa586711d3ba3093b1b7148c03b5,52,868,7,125,4/5,0
HWS-002-FIFO,1,162,FIFO,limo01,1784022710212105556,1784022893621388483,0,0,183409282927,4,-83.46,15.00,0xe1fb92f9d6f4225ed7e7dae2f3be4bdf42a57100cd25e54a697e0071342f4e9227d1bd1f6af2ed2af171f42eb54d012ec7ee9cb5,52,868,7,125,4/5,0
HWS-002-FIFO,1,163,FIFO,limo02,1784022714238363930,1784022927225299886,0,0,212986935956,4,-104.18,-2.01,0x808b3991650a8ff8730ac3fe1ef1909598a24cd6cd62449683ef08186a916a31892b0e94f733416a00c8dabdb78588a9879e7d06,52,868,7,125,4/5,0
HWS-002-FIFO,1,164,FIFO,limo01,1784022716709660394,1784022951848222351,0,0,235138561957,4,-97.44,2.15,0x965a6e39a9be49951e7eff28e7c3f1c54f5cbeb90dd55ac7306896f1dcbe95883464e2bfdf2e1d82fd4d0e67711d89e72737338b,52,868,7,125,4/5,0
HWS-002-FIFO,1,165,FIFO,limo01,1784022718616030950,1784022937801962494,0,0,219185931544,9,-88.47,3.94,0xba34761f5bcd3d504fbf1704f85ca6a46f0a50976a5950237ea6c9664df576196a25c5cfaaa5b11072c248c025c3fb48a998ccee,52,868,7,125,4/5,0
HWS-002-FIFO,1,166,FIFO,limo02,1784022721840564404,1784022864547877363,0,0,142707312959,8,-100.63,-4.31,0x1cccce9770d65af595ed223c5e1349556c9843b54eea711c6e8d45af5b740f53b36b5d0270b091c71a22dd7e43ad7dc98d98c664,52,868,7,125,4/5,0
HWS-002-FIFO,1,167,FIFO,limo01,1784022726100612250,1784023141024886189,0,0,414924273939,8,-89.73,-2.46,0x0e46766da405b32892a765e9590b324acb7238ce86ce352690bf56b21588bd714a4cd3c3da374382c8bd7af09d1056203ad24721,52,868,7,125,4/5,0
HWS-002-FIFO,1,168,FIFO,limo02,1784022728421986441,1784022984872283943,0,0,256450297502,5,-107.24,-4.70,0x09787577b03e85eca5e79c748f2e02fb6c1712493acb61125f5892eff08635124efa6171778243a5388b54e4d5eabd02792f553f,52,868,7,125,4/5,0
HWS-002-FIFO,1,169,FIFO,limo02,1784022733922199348,1784022885337113006,0,0,151414913658,4,-82.32,7.64,0x5a15f3ab352b262c28978b8a5282f437aa5b6fa63acc8ee29d446c89a958f1b2a4489145b6648a9e0fe55b10bf1d58d5da979c58,52,868,7,125,4/5,0
HWS-002-FIFO,1,170,FIFO,limo02,1784022738796022517,1784022863955978514,1784022863955982831,1784022864124567466,125159955997,0,-102.37,9.63,0x32d55378ff82b4e7e8d7b023a1e87d4e7abe408a5deab46442c30b94af22abe8169e822df57841a75889aa2b5a4a49d2a4bf60b3,52,868,7,125,4/5,1
HWS-002-FIFO,1,171,FIFO,limo02,1784022742197288908,1784023002938614666,0,0,260741325758,0,-89.93,2.26,0xfab2755c8bfa60609c2076c8a96920acc725e7472412964cc389a10c83ec364437b2e91deea403655326f0f8f217be1bc2a9ca46,52,868,7,125,4/5,0
HWS-002-FIFO,1,172,FIFO,limo02,1784022743273204957,1784022806427837284,0,0,63154632327,2,-95.14,11.92,0xbe99096185db4e36819f77a9db40cc3b7e55ffb2b275c5d6c7949d2a9bd192f7ae83af5ba226834ad814f277b8e8d56d59edfcbd,52,868,7,125,4/5,0
HWS-002-FIFO,1,173,FIFO,limo01,1784022745820206960,1784022903249441403,0,0,157429234443,0,-101.20,14.31,0xc35b4bb71fb27014f8882e8b9a61d9d36022d2e83e72e8b8ce2c4fd4e2641c2e59a7bd37392e9fd4e674849eded16a97197d8257,52,868,7,125,4/5,0
HWS-002-FIFO,1,174,FIFO,limo02,1784022753040954698,1784022890112378382,0,0,137071423684,1,-89.32,11.54,0xaff3e661d938a88d19e8f54b88b147dd354830e3e1f16e41cf33593c378e611275284432041c1714fcf6ddce61dcceb08e27b14f,52,868,7,125,4/5,0
HWS-002-FIFO,1,175,FIFO,limo01,1784022754236404044,1784022862208299772,0,0,107971895728,6,-109.31,-1.57,0xad1543826f05ee0421b0f6ff0dd2e1089447108df141d58e0af103cf4dab4d3c81abad69ef9f770444cb775bcefba0905645f9be,52,868,7,125,4/5,0
HWS-002-FIFO,1,176,FIFO,limo02,1784022757825747330,1784022837215490565,0,0,79389743235,0,-91.68,6.53,0x382adff67e1752a3fa6890aaf9d8dba3720e4cf849691d36b7424f54ac68282a90ac6c9cd01444337e8ec26da87f1887e2caa7e5,52,868,7,125,4/5,0
HWS-002-FIFO,1,177,FIFO,limo02,1784022760720372935,1784023032105913495,0,0,271385540560,5,-104.68,3.76,0xea00ac264580d7e632c678964bffafe20b4a2db128c826a9ca1d752c1a58aef6ed30737c626faab94515b86c47fe45b766fe287b,52,868,7,125,4/5,0
HWS-002-FIFO,1,178,FIFO,limo02,1784022765537312005,1784023013652035027,0,0,248114723022,5,-87.16,10.17,0xa19f9df9a741db15c4e07549c399333d792ed27efdad15dd00eac29f2dcccdd4337ea14fa603300a4e0cf63c81e3f3583cbc3f2e,52,868,7,125,4/5,0
HWS-002-FIFO,1,179,FIFO,limo01,1784022770195641762,1784022952128874792,0,0,181933233030,10,-106.60,-3.38,0x40ceedc8e47575521b3020f91c23af47e39284ab76159b4b77d36294b4da6cbb8691690b3e21baf760d6f48ddb46f2ae52c64c2f,52,868,7,125,4/5,0
HWS-002-FIFO,1,180,FIFO,limo01,1784022773533468463,1784022876310964301,0,0,102777495838,10,-107.70,11.46,0xf29f603053485c5d138427379d5dc917aa42f9e1e3b0b96517b3c00f084f322139abfa19170668d512d56d84e654ec49923120df,52,868,7,125,4/5,0
HWS-002-FIFO,1,181,FIFO,limo02,1784022774638898556,1784022929535398407,0,0,154896499851,0,-105.43,-0.67,0xd963a93d43f3e9518521ba499d3a8f6126c0e19ffe83b082eb3638ec5cd548d58b6a3b36716686bd8c92c8d3fd860727b6dd39e9,52,868,7,125,4/5,0
HWS-002-FIFO,1,182,FIFO,limo02,1784022778300171345,1784023246216267563,0,0,467916096218,9,-81.87,4.16,0xc73a874320bc859b1a88316b87a5cdf0334ad51baa8b732859ae73a3f042b2a84a6a6efc67f35847906a266a0b590088d3ba2ad3,52,868,7,125,4/5,0
HWS-002-FIFO,1,183,FIFO,limo02,1784022783550689727,1784023025686672568,0,0,242135982841,4,-103.06,5.39,0xd11f1142ce7756e7e18b7114bdc04e4fe01d4e8ddca70a6b15b2850743f40b3812fe832997b3956fa34de043f3a49dad546cb0c6,52,868,7,125,4/5,0
HWS-002-FIFO,1,184,FIFO,limo02,1784022787154490007,1784022982647706256,0,0,195493216249,1,-94.50,0.46,0x06a19460c59a1404591032a28c6a748ed66a29c285cc3f659adb8021f563943ec42b88aeb997307e6d1233d3a3b0398f8bdd2c52,52,868,7,125,4/5,0
HWS-002-FIFO,1,185,FIFO,limo01,1784022789724698436,1784022948055697748,0,0,158330999312,9,-104.57,-2.48,0xce788c069b17ae9f46eeb60a2129eb698ae41f340d5447be588bdf4c45067a82f0f31b150e9615911091132f338b7f17695db4da,52,868,7,125,4/5,0
HWS-002-FIFO,1,186,FIFO,limo02,1784022793851526778,1784022933760042353,0,0,139908515575,0,-99.37,5.95,0x9b16772b3d4e5be25e9c800a713d82b0e9749bb8611db762ed98efb2854c7398170bd3d08792107f3c920d9ed01ce9f8c322badf,52,868,7,125,4/5,0
HWS-002-FIFO,1,187,FIFO,limo02,1784022798658139669,1784023023366525208,0,0,224708385539,6,-105.37,8.92,0xd40e192adec73dd9c15dcd1dc5361c603c516b558640b82c084ec54365eb852025779577006972ccd1ac59117fbe8660317bc395,52,868,7,125,4/5,0
HWS-002-FIFO,1,188,FIFO,limo01,1784022799105956670,1784023001081157527,0,0,201975200857,6,-109.77,-3.85,0x150b0f8363b7268288b53d5f88f53fc64230620973f4109f45b8816fc8a5310f99c69e08ab40bb56994b5079f7f64234933e20d2,52,868,7,125,4/5,0
HWS-002-FIFO,1,189,FIFO,limo02,1784022804214307093,1784022886833604483,0,0,82619297390,5,-83.43,12.24,0x54a2cf5694be7115c16bf1c44a4384b6c086c9d724a183b7cb59b8aad09a6b91eb93cbff9ae46dbe06ce10ba53df5aeff521b090,52,868,7,125,4/5,0
HWS-002-FIFO,1,190,FIFO,limo02,1784022807217063969,1784022843159882602,0,0,35942818633,4,-89.94,5.30,0x94190685d3cd406fe0c33e4d71a9e71207ed45c09d5fe8782e06832d260196196cea5e4dd404a03d850527fe2b36f5a00495a9ab,52,868,7,125,4/5,0
HWS-002-FIFO,1,191,FIFO,limo01,1784022809767251809,1784022959581943522,0,0,149814691713,9,-96.93,14.73,0x993087b6008d5da74857e3842a61a902200644d6dd56f7c992183d909b3958d49b426fc2c61d07d4517c9934d7d17e519f95b40c,52,868,7,125,4/5,0
HWS-002-FIFO,1,192,FIFO,limo02,1784022813040101066,1784022903566726227,0,0,90526625161,2,-85.32,7.47,0xf9b2003e32493bef0b74de45d88172dc7a2ca2baacc77f134ab756a7e77174bba9f93e48ca2300ffd7dd41421b595048d4d4cd93,52,868,7,125,4/5,0
HWS-002-FIFO,1,193,FIFO,limo01,1784022816959296471,1784023021842592940,0,0,204883296469,9,-83.45,13.58,0x0d126faf26a01e39ea330f9a29d0461154cd5f375f5f49f6594f959502f700a05e0209becafb0473219004af1c13dfa116523651,52,868,7,125,4/5,0
HWS-002-FIFO,1,194,FIFO,limo02,1784022821770618404,1784022982226816596,0,0,160456198192,9,-99.77,5.13,0xfbfa16ef480efedafb66ef3544979a6c87907051e62e1806c5792ad616fe84cd71a3cb10f6ddd1672c65b8f3c58c567ad844ec92,52,868,7,125,4/5,0
HWS-002-FIFO,1,195,FIFO,limo01,1784022823342035491,1784022934867411562,0,0,111525376071,3,-80.42,1.75,0x2693de00d1d6cc93ff72077ee9138d61aebd50213d197b3d126e1e52d3d8dac523666aac41a656e3afdb5c4548db99934c6b4a7c,52,868,7,125,4/5,0
HWS-002-FIFO,1,196,FIFO,limo01,1784022827824842183,1784023045724832985,1784023045724835481,1784023045897300765,217899990802,0,-87.50,9.70,0xdab6f1be844c4f6778cd5561f779d68152f319e5bf91737b4f12500cf182afb2418a7977a6d3bfd9cad9cbb3665ba23863673635,52,868,7,125,4/5,1
HWS-002-FIFO,1,197,FIFO,limo01,1784022834188782914,1784022967527538581,0,0,133338755667,8,-89.34,-2.60,0xcc21d5f357a1142e11626a33b36069a4beee8a3d16fd32fc5efb36c1952090e81fd40e61c245b7939dab82a6b13df4f84f47ada6,52,868,7,125,4/5,0
HWS-002-FIFO,1,198,FIFO,limo01,1784022836139949493,1784022929173551614,0,0,93033602121,1,-81.56,4.06,0x1f55ff79e470989e2589d24e128ecb83a9d5ee5a06b1054f042042eb80d1a6e8f2fd663abf793f7471d2126f313ce8edb9e80396,52,868,7,125,4/5,0
HWS-002-FIFO,1,199,FIFO,limo01,1784022839697883043,1784022938392826178,0,0,98694943135,9,-84.71,12.19,0x07076d8b9213c2f16ef22bc4e481b377d4d44f66b8eaa3acc0c10b57ba4544238f8b229a9b235356ff7ca82e1bded7da4734e343,52,868,7,125,4/5,0
HWS-002-FIFO,1,200,FIFO,limo02,1784022841488812251,1784023013086706407,0,0,171597894156,3,-80.92,6.15,0x6783dbe3e15c0cf03ec8a776d34958516f82c48c824b1be845a560315137e324eb4db27a5e4f2d0378a5b4a591f66534af13be67,52,868,7,125,4/5,0
HWS-002-FIFO,1,201,FIFO,limo02,1784022847023607858,1784023291460558134,0,0,444436950276,5,-96.90,-4.50,0x76771ac1631d2a44449dfe56366cd3f2f8d6bbe6d26d1231d021b4f3d9a0da1272c9de3921e9abccd6cf55f2d4bb84ff3f7752df,52,868,7,125,4/5,0
HWS-002-FIFO,1,202,FIFO,limo01,1784022851153564259,1784022963979292585,0,0,112825728326,10,-102.54,7.95,0x65eb3bbd3131e244c4e2c5170c44153c9f5fb0ba276cd63baa93dadf033311e63f22fffc5e57cabcde34b41536c7ebdbc1215bf7,52,868,7,125,4/5,0
HWS-002-FIFO,1,203,FIFO,limo02,1784022854688239535,1784022977979607290,0,0,123291367755,4,-100.33,-1.32,0xdaa433b38946ac53c6a002be80b855c33c36116e4b6621f069999d74ad230928a3b578e40813b8f38267741cf0c5600bf7e13b8c,52,868,7,125,4/5,0
HWS-002-FIFO,2,0,FIFO,limo02,1784022857621348451,1784023217416313256,0,0,359794964805,9,-102.13,-3.65,0x3047646ff14dbc1ada8e3a8e7697d6e68316aa1900f5e0b15eb8c54921097082bcee773c99c9e4f56cd85ec1b828bbf5d436f9df,52,868,7,125,4/5,0
HWS-002-FIFO,2,1,FIFO,limo01,1784022858818531065,1784022983460169007,0,0,124641637942,10,-97.48,-0.05,0x3e4cfd867ab18c8131a4983bd0665713fca1c375bcdb5636f38e32423640dba3e2b3e0cecb2dadb6888f05862727dbc6b5f61d9a,52,868,7,125,4/5,0
HWS-002-FIFO,2,2,FIFO,limo01,1784022862291038586,1784023047816230348,0,0,185525191762,2,-81.24,6.93,0x389ec406e22b5133cb9357d3b7ace35b564b3487c4957cedf19f3fa572d01dcf8d6d0b5783f766c4c44c8e4fd0c54a59c054155d,52,868,7,125,4/5,0
HWS-002-FIFO,2,3,FIFO,limo01,1784022868300797849,1784023015695638208,0,0,147394840359,8,-101.75,6.96,0xa8f1e3f0aa1bf9d1eeba5ecdc41aeea0bcdb4c0c72e72389ed09977a1b07e7858e494cf96eb195c6c52d4eb6f1049d923fd71fed,52,868,7,125,4/5,0
HWS-002-FIFO,2,4,FIFO,limo01,1784022871139684925,1784022999458283221,0,0,128318598296,5,-89.52,-0.87,0x6f690561e9c54a07d6b1850d93ab250a69088db0b83658d22e7e9837489160f7fc4e192ee9440a7ff48b63d078e3d759ff546fe9,52,868,7,125,4/5,0
HWS-002-FIFO,2,5,FIFO,limo01,1784022873903006536,1784023054665074262,0,0,180762067726,3,-82.12,11.18,0x560850341c5eb42224c7a58d886451580fe7a6acbeaf44f3b7b859f93dff75fcee21025505b33ad5f6830d5df39a27d90a0140b3,52,868,7,125,4/5,0
HWS-002-FIFO,2,6,FIFO,limo01,1784022876950847068,1784022991862975452,0,0,114912128384,4,-82.31,11.87,0x4b38caedef5bdb170b26900568dde39fd8dadb2486580fcab1331e9bd780f2e49bc455e9a59933e4520e2113ccdad65e44a69f4e,52,868,7,125,4/5,0
HWS-002-FIFO,2,7,FIFO,limo01,1784022881928054089,1784023041258959022,0,0,159330904933,2,-87.18,0.46,0x0e4cad7fbc75bd5da6d268a83ded3a0e2ad0f9cbac6950727c3bb2199f36e2657a2ae222b9b88ada3884659c1e900ddf4efd4d25,52,868,7,125,4/5,0
HWS-002-FIFO,2,8,FIFO,limo01,1784022885003321259,1784023016914488258,0,0,131911166999,7,-91.36,2.08,0xd9061e45eadc7a999b88eac2c11af4e0da08dbad623140682a5cda795da75b706343f05c754eb8de6daee7acb44aea975ef82034,52,868,7,125,4/5,0
HWS-002-FIFO,2,9,FIFO,limo01,1784022890185377302,1784022993240796420,0,0,103055419118,0,-98.38,1.65,0x1e929af7d9f3fb5f1e57abf6c776ea09f815263a958a1343800b7302088cebe783b4744aad133090f2f38abac59cd285ef7b42fb,52,868,7,125,4/5,0
HWS-002-FIFO,2,10,FIFO,limo01,1784022893682211215,1784023084287841350,0,0,190605630135,4,-92.91,7.77,0xd601917a61251fce52a5b29b0b533487f9088bc7c5dff6d96566230f8258664f4d04ce28d43d814362443ef69bd953034ce36c4e,52,868,7,125,4/5,0
HWS-002-FIFO,2,11,FIFO,limo01,1784022897076371986,1784023106953328936,0,0,209876956950,3,-104.97,5.97,0x723804f367da606463f280341cddddb6ac1f2e5b196f6536d8bc071d9e41fa78c53a942ae7793d7079d039a2ee4d956c1e87470d,52,868,7,125,4/5,0
HWS-002-FIFO,2,12,FIFO,limo01,1784022897565249786,1784022986945736477,0,0,89380486691,10,-99.65,-3.94,0xba7e81f552bdc6b682358b2580ee63129b1b5e6398511dd736147f26e43ef34efbe35e925c62372b993a60bbb565cfd3c167eb1d,52,868,7,125,4/5,0
HWS-002-FIFO,2,13,FIFO,limo01,1784022904458926129,1784023045698996859,1784023045699000902,1784023045872414365,141240070730,7,-96.16,5.96,0x01d681c75ffc286f9140fa13f9e760ac0270ab9d4bb57c420e77f189b696ef28cd02ce89907c55e7fcf09be42019c21a99e7a6b6,52,868,7,125,4/5,1
HWS-002-FIFO,2,14,FIFO,limo02,1784022905255464858,1784023026639277464,1784023026639280910,1784023026806951233,121383812606,6,-84.55,3.70,0xa692016f3f386616315b24389a35b9d017bccdfb5178db4be5b6c950024bf3a27934c9813a7044c5235e53c301c6d5121769332c,52,868,7,125,4/5,1
HWS-002-FIFO,2,15,FIFO,limo02,1784022910646793862,1784023209179848106,0,0,298533054244,7,-95.20,-4.77,0xf47ee49f4dc0b5506c85032bab6a4e3875e10cad3932f0b4fce5adcd142ae2dc9bd20ae097fe9fad9d5c3440c7ab60c3f48436eb,52,868,7,125,4/5,0
HWS-002-FIFO,2,16,FIFO,limo01,1784022912376354047,1784023000660433888,0,0,88284079841,2,-102.89,-2.42,0xd52f81d478f9c09e8c4038b1fc0a3e76a5df9c7030f3e0beea798c9eee716c47526d38e223df73a8d53d2de15bc166302621ddb8,52,868,7,125,4/5,0
HWS-002-FIFO,2,17,FIFO,limo01,1784022916424342977,1784022985272767956,0,0,68848424979,4,-80.42,10.31,0x7f48aa3516d8607a24da5f82cacbb0ff74f33e32efaf7160faa39938715f835594dc33fca6d35e371a0acdac80536001572e8791,52,868,7,125,4/5,0
HWS-002-FIFO,2,18,FIFO,limo01,1784022918432915839,1784023044267772261,0,0,125834856422,9,-104.01,-2.68,0xac2bf007d2a5508a2df47db92f524a02e5bf8a4a89a4d030ace9eebbb80065f21b5c94dfcdee951c6e37cc5693137b7dd5cd53b6,52,868,7,125,4/5,0
HWS-002-FIFO,2,19,FIFO,limo02,1784022923579685747,1784023173995215597,0,0,250415529850,7,-104.57,5.25,0x859f2646c7c321029d49f710c451f562154409275de656ac6bcd733eb1acb2e5e7c00d22e39d4de4d1376ff6e3dc8242a55d2fe0,52,868,7,125,4/5,0
HWS-002-FIFO,2,20,FIFO,limo01,1784022925910451848,1784023144711194103,0,0,218800742255,8,-90.10,12.68,0x09ec966615fcf31c1cb2d83a2dede6de5eef99df288988bb03262aa1bd891854827bf7749ed9c204cf2bd09b7b691c70fb4c4ebe,52,868,7,125,4/5,0
HWS-002-FIFO,2,21,FIFO,limo01,1784022929143282264,1784023146786796289,0,0,217643514025,7,-95.15,8.25,0xb26f434c1b3e74dda7eda8acee340c6df11a16aee5b9252c331f36b13d58f21b06c3dd501c6b75a73c59ee455c6cbb05b10bc43e,52,868,7,125,4/5,0
HWS-002-FIFO,2,22,FIFO,limo01,1784022935228060631,1784023170102319245,0,0,234874258614,9,-86.35,7.28,0xf582ad78003df207d0f06ea7288b44c95156c916bf5bfbe3c15bf7a7ca64d4932e2d2f4998850adc5646b6c97ae0589c00ac74c2,52,868,7,125,4/5,0
HWS-002-FIFO,2,23,FIFO,limo01,1784022936098389029,1784022987219420986,0,0,51121031957,0,-95.86,9.77,0xcf7da087de0d55936f65ff0935276e4f9484edee8b8530b288287128575d5e8a465a86d02e780aedc93f9bb0ff2b474def4c20c1,52,868,7,125,4/5,0
HWS-002-FIFO,2,24,FIFO,limo02,1784022940757175065,1784023036861437804,0,0,96104262739,2,-88.91,7.34,0x0850a2fb9a7b185ea102a13ea980a39aaf6f7915add6cd4de460b82ccf33b0756e99caa9037f2cedf79c7bab2efdf2e2531e0d73,52,868,7,125,4/5,0
HWS-002-FIFO,2,25,FIFO,limo01,1784022946665562713,1784023097642907794,0,0,150977345081,7,-84.40,6.14,0xed9e6caa372064dbee0b1b916b65dbda335159d8f8fa9d6be6f2d50c5f43010e0f548b9d30f1aafe358f66d84e12172a48cb9963,52,868,7,125,4/5,0
HWS-002-FIFO,2,26,FIFO,limo02,1784022946988440300,1784023079935693830,0,0,132947253530,10,-94.38,11.07,0xe67a3a0f9c44b8c4261cd7efa5b81d1ef8bf418014cd3b9f5310b519d959bb979f048b35b9c0fa90c860957a9094d8789f6e69bc,52,868,7,125,4/5,0
HWS-002-FIFO,2,27,FIFO,limo02,1784022951829075750,1784023051404501219,0,0,99575425469,5,-88.56,6.03,0x5a34e6224825497c0094b7eb48f71f3decbf055e2be2f2b03bc7f226ec30ab2059d3a9e63d32c55d0bf3d4c5cf76c7333c39c046,52,868,7,125,4/5,0
HWS-002-FIFO,2,28,FIFO,limo01,1784022954928852371,1784023039530914541,0,0,84602062170,3,-90.04,-3.04,0x9bb00d2d52f4f47923b3274465831498be61737ea8ff14da38cfb95fe7865124e51d5c95180a33068b2f2b2d92546651fb59948e,52,868,7,125,4/5,0
HWS-002-FIFO,2,29,FIFO,limo02,1784022960230664688,1784023044987890240,0,0,84757225552,4,-95.47,-0.41,0x3acafd560e8f9f874338ea77ddcee3c63c675ce2009fd51b267645e539b2e482dc2752899b506f84d75241086cb0e578615602f4,52,868,7,125,4/5,0
HWS-002-FIFO,2,30,FIFO,limo02,1784022962047486569,1784023057667961743,0,0,95620475174,1,-81.55,11.01,0x0d4f59968188a452e91f450caf86d83368ecf3c1575b7e540496c2ce89a2862f921b5749b2c8106f3d77866639e7b4e38ec26e46,52,868,7,125,4/5,0
HWS-002-FIFO,2,31,FIFO,limo02,1784022965037718700,1784023101125168485,0,0,136087449785,10,-100.74,8.44,0xbbd5287f5ae487591bfb75a991684e338fdbd3f1d078fa81bc48f7654b9e0b5e8aa0c76ed9c1dfd21e1c5478b4c8fc12eac1a6f6,52,868,7,125,4/5,0
HWS-002-FIFO,2,32,FIFO,limo01,1784022971266271605,1784023066044470914,0,0,94778199309,6,-109.96,12.66,0x0fdb46ccac04d20d99343317c7bdddcaf5a0d1541ce19c3433ccfbe961c0345251f9143905ef9e1b40b2a9523231e6afbb17bad2,52,868,7,125,4/5,0
HWS-002-FIFO,2,33,FIFO,limo01,1784022974431121066,1784023058649743816,0,0,84218622750,2,-103.34,12.69,0x33d31130c5ceab46f17cfd808255495fdc248eb67d75318b87e07c4bfc707cd960d9e8725880da6b5be04f484341f180d2998b50,52,868,7,125,4/5,0
HWS-002-FIFO,2,34,FIFO,limo01,1784022974769783536,1784023015044262269,0,0,40274478733,8,-82.99,9.54,0xd0730404e3ccecf094962c2cfbeb377125ee619a9579f79fde722f41526e08fb6e3f4b5ae2a4c48cd73decaf5d497114058cdf1d,52,868,7,125,4/5,0
HWS-002-FIFO,2,35,FIFO,limo01,1784022978262433894,1784023089345664611,0,0,111083230717,6,-96.00,12.28,0xdce7b05c9bc11a4637400b9078fcce34c1ad7b1c7a42fb698779bc5a72eccf634d37b6b178c2bbb03eb90cce9cc5ee05513ee3ab,52,868,7,125,4/5,0
HWS-002-FIFO,2,36,FIFO,limo01,1784022983704552423,1784023124256984149,0,0,140552431726,5,-90.29,6.13,0xdb609d4fd2d578c86d9fa444944ece939e465d1b1e38a395d34e3e7f4c36bca39903cc6dde77ce9dee15708e226ca5860c504171,52,868,7,125,4/5,0
HWS-002-FIFO,2,37,FIFO,limo02,1784022987141734415,1784023158477241340,0,0,171335506925,7,-83.45,9.91,0xf39b2c19d7b0ea419a2f84c713cdd283e1eb75d38b02c8f3232956411635b33d5923e7825c7b509a4198d2e606c4cda0e1da9645,52,868,7,125,4/5,0
HWS-002-FIFO,2,38,FIFO,limo01,1784022992380377853,1784023079554852719,0,0,87174474866,5,-102.15,-1.05,0x72169b72ef517ff343c687a8e0901f9d8049f70a9ce937c58ad1f6f7273bcec3f449cc9ee5ddde401d24058c46db13fab7da4518,52,868,7,125,4/5,0
HWS-002-FIFO,2,39,FIFO,limo01,1784022995434376619,1784023092322284970,0,0,96887908351,8,-87.01,0.59,0x3620d7d39f3c955d398cc751bed200e16d7dfa539d59af7b8d57495d98804a5d5a4443c347df5c242428a85ebe013d0745c1b42d,52,868,7,125,4/5,0
HWS-002-FIFO,2,40,FIFO,limo02,1784022996307218572,1784023093990217592,0,0,97682999020,8,-89.12,9.78,0x0ad47181510df044a3f73badb52b2530034abd600c8819201449ce1add25b9761dc439706e605a413afd1132cb39e715465582b1,52,868,7,125,4/5,0
HWS-002-FIFO,2,41,FIFO,limo01,1784023001895878218,1784023152734867743,0,0,150838989525,5,-91.77,13.14,0x7a9c637f7a2c34754451a78963d91dbb72677f6f2c96177826f591774ecb3f074b3aaf90c43a4432ecd2635cea06788ea20f2a12,52,868,7,125,4/5,0
HWS-002-FIFO,2,42,FIFO,limo01,1784023003912593858,1784023211776213867,0,0,207863620009,4,-99.36,3.43,0xfe9ae483d24c0a9f641a167aadcb0c4f96b66d42500aa3451f0858c77e02a99f851442f7840da99456305588d5e4be7a8a989f38,52,868,7,125,4/5,0
HWS-002-FIFO,2,43,FIFO,limo01,1784023009915582652,1784023067314062332,0,0,57398479680,1,-105.83,1.62,0x840e3404cd6f1c933a076f9139bc3cef72470083b3abc32a3b603bb11c3cd148b47dace18294554f9990d7b22125f29cd3036b1f,52,868,7,125,4/5,0
HWS-002-FIFO,2,44,FIFO,limo01,1784023011682551693,1784023138679891136,1784023138679893781,1784023138845334068,126997339443,0,-80.15,0.05,0x39a602bafc2dc87a0c2463a96b31e0d1ec73054340af43502225a3592e685cad3671cb45025a2ffbb7638f47228fdc2811b19c2a,52,868,7,125,4/5,1
HWS-002-FIFO,2,45,FIFO,limo01,1784023016522401156,1784023106853915604,0,0,90331514448,6,-81.69,-2.28,0x4915d9a54b6358b9a9231df81ba3b4c921b66c496157d837a2ef531ce0ceb1346ea6543a5ede387ad0cc7352ec0da58581d9ccac,52,868,7,125,4/5,0
HWS-002-FIFO,2,46,FIFO,limo02,1784023017791204127,1784023144421717551,0,0,126630513424,2,-87.65,5.45,0xd280c8b714ba6353ed572dff1223339e5ab713690426781a9e4c1b7180b03e47941c3fa6406ecae59f48a3c7c7608ee941637ae8,52,868,7,125,4/5,0
HWS-002-FIFO,2,47,FIFO,limo02,1784023021645821858,1784023312316100738,0,0,290670278880,5,-87.79,-4.98,0x172310833bbfb5d6c3d39b04b3c10fdb706bd61c98ac3b72237302b011762bb55f8f68795df06a23c700a51767fe8f11b9d2ea51,52,868,7,125,4/5,0
HWS-002-FIFO,2,48,FIFO,limo02,1784023025569400697,1784023257010736375,0,0,231441335678,3,-89.02,11.10,0x21d54042c69bc8c6f90d2edeafdf34ea99c3a104fc28d60eb574d0a92e8c142d93310f47389b165bda8d8c3a6df5b9732d09e97d,52,868,7,125,4/5,0
HWS-002-FIFO,2,49,FIFO,limo01,1784023028248356684,1784023459555400006,0,0,431307043322,7,-93.99,-1.58,0xb7cb83f60e7851561fa5488d8ed3e307b7c86dbb1d4d045cea4b48f5a35629810bccc3cf5ce6da260a99794c94a752163aeb367c,52,868,7,125,4/5,0
HWS-002-FIFO,2,50,FIFO,limo01,1784023033234267676,1784023168030035576,0,0,134795767900,0,-89.19,12.64,0x280f019cc00f03163523391053259165f2b14166088599dfb49c704179eb43073b1fbc52d1ec577f4a924c838481128c277212f3,52,868,7,125,4/5,0
HWS-002-FIFO,2,51,FIFO,limo01,1784023036735022911,1784023110713310149,0,0,73978287238,1,-82.68,10.26,0x517c95466af213ab68db209c662932706871321c74ca30b2acf2844d4d6aa4b7cd5109bfac4548f59b2deb82554a468190aab856,52,868,7,125,4/5,0
HWS-002-FIFO,2,52,FIFO,limo01,1784023037684821077,1784023200929729980,1784023200929733701,1784023201095834577,163244908903,3,-99.50,14.56,0x01e1cba2976f0e3babb3814680e0c00027c0e138469e3f4ececa7a68d0f108e4c9295a1c8330934d80c8af99d6dc93a33f0a2e0b,52,868,7,125,4/5,1
HWS-002-FIFO,2,53,FIFO,limo01,1784023041475729673,1784023239902920299,0,0,198427190626,9,-88.66,7.18,0x08982b6c5b12dcfa30bff2d2f6f1b4259271294feeed421cdd3ea8c0f419af26b832c0809dfd21427a37f00b1155b5f18d70fd64,52,868,7,125,4/5,0
HWS-002-FIFO,2,54,FIFO,limo01,1784023045850973431,1784023251462370629,0,0,205611397198,8,-106.80,-4.20,0xd222cadcc19dd325ee546114adcc2a7bbe934b01fdcae28d80dc27cbe624faf983fead4e3c1d677110d1cf359232416c2e9d6a00,52,868,7,125,4/5,0
HWS-002-FIFO,2,55,FIFO,limo02,1784023048934254538,1784023182095166301,0,0,133160911763,2,-86.92,14.42,0x2ddabf55884114efa7c28a909b9376a62f8deb9554b271ebd8d611c933068880c5201ec85f28696d5d6ff7ef12251a7f897bfd35,52,868,7,125,4/5,0
HWS-002-FIFO,2,56,FIFO,limo02,1784023054180147329,1784023330894878792,0,0,276714731463,6,-82.34,6.82,0xe8b6e46801499fb3640ef3f1d0128dd96e8434a4256a8fefdbdefa724d9e58d0af3bb8577658773cdb6faf3a6607158bb2f070ea,52,868,7,125,4/5,0
HWS-002-FIFO,2,57,FIFO,limo02,1784023055887565236,1784023237703395594,0,0,181815830358,6,-80.44,2.05,0x0df41147c0b3975a0b52fd16fe1a501b38a2385a0586287259fa2c2ad31b07d79d8fcb20651d72263ca3fa0d045f0dd30741a926,52,868,7,125,4/5,0
HWS-002-FIFO,2,58,FIFO,limo02,1784023062583037591,1784023277617961398,0,0,215034923807,5,-99.04,-0.64,0x58b6b86833980af65fb34351d251eb4e32bcc9f970eb655f60c8bbfafd8ed92b228e51622532804cb0076d8bd558d3aa7bf11957,52,868,7,125,4/5,0
HWS-002-FIFO,2,59,FIFO,limo01,1784023063177266192,1784023199782467768,0,0,136605201576,4,-82.48,6.07,0xb6b4b933b426c7abab1ddabb0a70b195f1fd1e704ad2ae3a948bb8057387d182731ac7a49437d264c1ba1c0febbdf73ddbfa49c2,52,868,7,125,4/5,0
HWS-002-FIFO,2,60,FIFO,limo02,1784023067364431242,1784023132786007088,0,0,65421575846,10,-108.52,2.28,0xfdcbf8732dd56a98344562b944f53eee40fd6c12a8fafea73045765e1925c1fe4257c105932810a57d9abc7e70005cd4a7616bc2,52,868,7,125,4/5,0
HWS-002-FIFO,2,61,FIFO,limo01,1784023071745228877,1784023179648326279,0,0,107903097402,9,-81.37,3.30,0xff540fe64d02d0f0713864d0f1dfb527cf7f5ef3a06bfe1c44874bda222de1abe203da3f33105ebbc972b4261fe3c4336ece3e8a,52,868,7,125,4/5,0
HWS-002-FIFO,2,62,FIFO,limo01,1784023073171234782,1784023233748043157,0,0,160576808375,6,-99.89,2.30,0x735a737734caea0ad0c2a32f856e5b235dd63bfe1faab954a40bb1235f5299c3147f20b035257fa733f262e01517437a7635c4f1,52,868,7,125,4/5,0
HWS-002-FIFO,2,63,FIFO,limo01,1784023077338000783,1784023262959788180,0,0,185621787397,7,-98.74,8.55,0x6c6c3dbde95a58f53fa8813023f79a2d7a23b3f55e5d92773b28a76698bb24878dd8409010908b8929e99162ab8f6f4eb93ff0c3,52,868,7,125,4/5,0
HWS-002-FIFO,2,64,FIFO,limo01,1784023082713861997,1784023271363130936,0,0,188649268939,8,-96.18,5.28,0x290a0020ebaff6ae250bdd2166cc640e55979d24f12fed4637666053f1c6231559ab7e0e0c64e78b67a9c06f1f8692152d3328f0,52,868,7,125,4/5,0
HWS-002-FIFO,2,65,FIFO,limo01,1784023084378688057,1784023382660607925,0,0,298281919868,3,-106.03,5.92,0x039e0f76e70a48570669cfdaa27a967695c080450e9fe7091bfe739a62819282ccca1165104acaa87e4baf511fc134e7a7392d96,52,868,7,125,4/5,0
HWS-002-FIFO,2,66,FIFO,limo02,1784023087924280211,1784023240370266423,0,0,152445986212,1,-89.32,-2.11,0x98e02043fdadd2ff3ba713cb93bb165ebbd71c6fd3d3ab50beac483700c6637ba4af33d0f9811aa00f734e3ab9f9eee298e6bd91,52,868,7,125,4/5,0
HWS-002-FIFO,2,67,FIFO,limo01,1784023092469778228,1784023258682390000,0,0,166212611772,5,-94.82,12.05,0xebefd01cc79058fdbc22f0f74ef19712be6254785170672f0eb349fe339756bdd88f5da8d868023ff233213a988f2922bc10845c,52,868,7,125,4/5,0
HWS-002-FIFO,2,68,FIFO,limo02,1784023097648447070,1784023595802803288,1784023595802806583,1784023595974688755,498154356218,0,-110.00,14.24,0x0d210ff04de68781cf6d1cf3001851ae409e3b2491351b679e06c3cf283aa5251a63ff770da1ae8c4650e2fbd7da06a64be7fd6c,52,868,7,125,4/5,1
HWS-002-FIFO,2,69,FIFO,limo01,1784023098592938666,1784023344988479614,0,0,246395540948,2,-100.34,-1.39,0x98930e9ee122c5416ff4724df95b4bd5754fa7b6327eff1f98688c9bf6ce91c8a7dc7fc967160395e1e8369aca2028ee6df08249,52,868,7,125,4/5,0
HWS-002-FIFO,2,70,FIFO,limo02,1784023104180211256,1784023274622595125,0,0,170442383869,1,-99.41,9.41,0xed03e8446e716b6834700a77190a80e4d4a6abe247f6493f01e1d79780a19bb1663df63d6fe5f4f4bec0456c144982d2cb89aece,52,868,7,125,4/5,0
HWS-002-FIFO,2,71,FIFO,limo01,1784023107679091540,1784023179089916280,0,0,71410824740,5,-99.94,5.32,0x4d8ba057236c0383bfe193c63d923679605a7630968bb91c6c96b6578bbecd191fbd821ceeeba7cc75ecdf031f1190d9121b3a60,52,868,7,125,4/5,0
HWS-002-FIFO,2,72,FIFO,limo01,1784023108092400473,1784023177553307899,0,0,69460907426,7,-107.78,4.77,0x33defadb4a071ed0415b1d852af2d7d8f76c6511e964f4a3934398c5c9cda1c9cc82d8ce31e9de5058c1ac7087015e2654509fb5,52,868,7,125,4/5,0
HWS-002-FIFO,2,73,FIFO,limo02,1784023112560187323,1784023227890433584,0,0,115330246261,6,-96.75,5.81,0xbebd6699e469c0f636ee32d20002975817c41a1ec4bf0b0e07122c9616c1473175984a98679455cdebf816efaf5027cf7d1dfdc1,52,868,7,125,4/5,0
HWS-002-FIFO,2,74,FIFO,limo02,1784023117583278186,1784023209541714714,0,0,91958436528,8,-84.17,4.03,0x9d38a0a21ff1758c5d6253f7aab36cfb9c14d2948a79eb4d00d27187d35f40f459000316e3e634d6cdb9e437e3928d5d6861bbaa,52,868,7,125,4/5,0
HWS-002-FIFO,2,75,FIFO,limo02,1784023119176357890,1784023192131509324,0,0,72955151434,6,-85.77,4.56,0x96b65e059ce37a5b73f846570ed15b7f1834b651228670e1140d96baec93a5c826afd69fddc6917c8cae6d3615df5eb260c8b07e,52,868,7,125,4/5,0
HWS-002-FIFO,2,76,FIFO,limo02,1784023125352407372,1784023234743556999,0,0,109391149627,6,-80.62,1.82,0xd392789529819b39ad0f22621ea219c8cef0ef1cbd82e2a06dd534669c9f4bd163eed400388757b042b1b64a6a8b4ce340c0d7dd,52,868,7,125,4/5,0
HWS-002-FIFO,2,77,FIFO,limo02,1784023128972939233,1784023277560594474,0,0,148587655241,9,-89.23,3.08,0xf03fb051aec2b1e8321c106c6a8f6edd2d720aaa847013e11a55401de39a11c6b62ad5d3727d7037849674a6ed63df367a7ccfde,52,868,7,125,4/5,0
HWS-002-FIFO,2,78,FIFO,limo02,1784023129867720885,1784023200884864103,0,0,71017143218,3,-97.44,-1.72,0x8783782bdbc61d79327b6b2fad9356d34f9f47aebde7f617c829dcae4460d019f38e412f9ba6ed11092bb13deb7a95a0cf154848,52,868,7,125,4/5,0
HWS-002-FIFO,2,79,FIFO,limo02,1784023134711537592,1784023317409728012,0,0,182698190420,1,-86.69,9.44,0xa06cc6cdbd75a35cb09d4f11867840fe58bb615ec5a371f6e5b3090ea1aa18b859ec118c6325b0d0e99392b32f5880821731ae5a,52,868,7,125,4/5,0
HWS-002-FIFO,2,80,FIFO,limo02,1784023139460552634,1784023492264579387,0,0,352804026753,7,-97.90,11.41,0xbbd5f570e7d8e91cf10052d2ccd1e37917e614c7f96b970f305d6811eb19d1f4f71da7e05154c48799e111f42960cfd14e9e93fb,52,868,7,125,4/5,0
HWS-002-FIFO,2,81,FIFO,limo02,1784023139872678033,1784023323447996748,0,0,183575318715,10,-107.44,5.18,0xa50e2e4bb225c9fcfca867128258323d312e74e01d8351a28df456f83f824b065da3d3fe0e98afdd9190b4c7561e6ac54ce9ff13,52,868,7,125,4/5,0
HWS-002-FIFO,2,82,FIFO,limo01,1784023145176600285,1784023188426113269,0,0,43249512984,8,-102.38,8.12,0x36dc68e5aab66ce9be4f8614037efd36123dbf715f7ba333a912c08a643997b0bb32a62f8b342e199bc477d6cbb3c287d610db15,52,868,7,125,4/5,0
HWS-002-FIFO,2,83,FIFO,limo02,1784023146622654444,1784023275638493295,0,0,129015838851,10,-103.40,12.73,0x2708b1e874e69b68bf4f747a78b77049b667af9ef8915672003bcbceafdbe303ae54233f2d3b4323ffbc3e7a8953d84db03749a2,52,868,7,125,4/5,0
HWS-002-FIFO,2,84,FIFO,limo01,1784023151165730904,1784023248281854568,0,0,97116123664,8,-90.40,-2.63,0xaed4cb281c20ae3d083bc50bb71939e6a972ea4647525a6dfb2fb6b5d319fb97e1143ceb988664aa6fa4563655a89042db183289,52,868,7,125,4/5,0
HWS-002-FIFO,2,85,FIFO,limo02,1784023153869253078,1784023396462583195,0,0,242593330117,4,-100.68,1.35,0xbe15590b0716db0555ceb0d13343635c45d29fbbc05c8d0e93a002fa2da0aaf60de2be9aefa19e31ae2392924ca0d558ed26da0e,52,868,7,125,4/5,0
HWS-002-FIFO,2,86,FIFO,limo01,1784023158474594453,1784023242648582996,1784023242648586218,1784023242814207474,84173988543,0,-81.28,14.55,0xcb5522e480dddc17cc8ffa53f38be47457eaeb79344792cbb2cbdcd76c7796183e4dc2ca9dee2a1e5f18f9caba78a5e5c057c30f,52,868,7,125,4/5,1
HWS-002-FIFO,2,87,FIFO,limo02,1784023162878646945,1784023364251818078,0,0,201373171133,2,-85.25,4.40,0x21a5d3e8cfc57339df138f5ccf1c6113b41dc5a6662d36d098271f73d9af12ea39551485380b4b35e816f54363015fc25dac1faf,52,868,7,125,4/5,0
HWS-002-FIFO,2,88,FIFO,limo02,1784023166214371655,1784023273573061127,0,0,107358689472,8,-93.04,-2.09,0x52167c1d633d64789f4a05f15b7af311d422d68ee03e638fe8b8fa9227b163bdfd8ca7933108ad330a19a1dc9fa59f3460bdee10,52,868,7,125,4/5,0
HWS-002-FIFO,2,89,FIFO,limo01,1784023170988906805,1784023486394920607,0,0,315406013802,1,-106.13,-4.71,0x3ba006eda11aec6f5652eee36a12d658794e25b37669f0df2cc966f9b91cb0e7645054c4baa0f07cc3bc4322465c42c0b6169a2a,52,868,7,125,4/5,0
HWS-002-FIFO,2,90,FIFO,limo02,1784023171725903311,1784023286160659045,0,0,114434755734,0,-85.01,11.51,0xcbc9d7e110530f93e1ab3a36580ede77169036d735d499e6b8c77f5ace3ac95dee3f545ccf26bd32e3055cfa2a266b8ac0c320fe,52,868,7,125,4/5,0
HWS-002-FIFO,2,91,FIFO,limo02,1784023177921233380,1784023377008467237,0,0,199087233857,0,-90.97,7.04,0x1696d2a855dc910b6974938cee7f7d48661659819905a82a46c012e52535a0b80a7ca73a4965eca3036e061b4b026f622c399934,52,868,7,125,4/5,0
HWS-002-FIFO,2,92,FIFO,limo01,1784023178747990386,1784023252370055366,0,0,73622064980,6,-94.44,4.94,0x2772584712cf8226df8c6ea36f9f8a783fc35e70171d2258c1dda2a20e7cff1fe7fa8cdbb1beb92c5c60b9b1ea17b936491b288c,52,868,7,125,4/5,0
HWS-002-FIFO,2,93,FIFO,limo02,1784023185490661076,1784023260307055205,0,0,74816394129,9,-80.24,7.27,0xc38bcb22436c24cb4af26f36d7681e3119ee4f5f75379a231710beb907ed446882cefda5618b548b373c274864b321a27d3d5e24,52,868,7,125,4/5,0
HWS-002-FIFO,2,94,FIFO,limo02,1784023187202888805,1784023271236607199,0,0,84033718394,5,-90.12,-1.91,0x8d83937b909ea2a7aaf81951348f3adb51eef2833b6766594d87d7b6a27b46aaf2743c51d37b55746a72462d20ff637ccaf57210,52,868,7,125,4/5,0
HWS-002-FIFO,2,95,FIFO,limo02,1784023189510550644,1784023366366930420,0,0,176856379776,9,-96.59,1.59,0xef2aa4af2dd210b4d52cb2ccb01c7215e6318ad62e8963b48826f5d961f6cfc8b82504850d2a4a9b8a8cffd99e8e1e3303ac0a4e,52,868,7,125,4/5,0
HWS-002-FIFO,2,96,FIFO,limo02,1784023195276235393,1784023360981756754,0,0,165705521361,2,-95.21,-0.08,0xe3c396713dfbd4f7ab2b5c87156256b480734ac2f29a37c21ebdca8b829b93e9a57144b63a020b3b7394f429589d439dcb5eab18,52,868,7,125,4/5,0
HWS-002-FIFO,2,97,FIFO,limo02,1784023199548041592,1784023405437233237,0,0,205889191645,1,-101.25,-3.67,0xa9a9681e52249f9c402a0835e6606c4fc9c7654ae3822e9fef2a544389599e51c6d039d6cf8e78fc274387e9cbc676cd993ab060,52,868,7,125,4/5,0
HWS-002-FIFO,2,98,FIFO,limo01,1784023201726037431,1784023431568762416,0,0,229842724985,6,-90.15,12.87,0x042b5febef6d606c67e4ac663072fbed80049e9bfb1705e64c222cbcf018b2234d11ce7ac4c37356b3a29ace3af2c21a03a813c2,52,868,7,125,4/5,0
HWS-002-FIFO,2,99,FIFO,limo01,1784023203416032447,1784023398067787624,0,0,194651755177,0,-106.64,-4.07,0xc3f6b71b677f94413b9748b16f902f131416c6ddac66612565755d002d7c399f49f89595fb0fbc89c44d3fa58c21bcbd41a2ce8e,52,868,7,125,4/5,0
HWS-002-FIFO,2,100,FIFO,limo02,1784023209374191927,1784023540409209605,0,0,331035017678,5,-92.67,-4.20,0x50c3b53a23f5ff9548b6b4a1a827c9e22505306d4f17a91fa71c5aa1e9ccb2b35504d3878108623bfcd3567782bb8baefa526666,52,868,7,125,4/5,0
HWS-002-FIFO,2,101,FIFO,limo01,1784023212485100862,1784023305037664653,0,0,92552563791,10,-80.69,-4.97,0xcfee6b746ac85927249bd091e083c3ebbaf9edd5be9fc49368dd57b0cb2d41b446bc7d9f49896cae0303a8f8b8ec81e976c88777,52,868,7,125,4/5,0
HWS-002-FIFO,2,102,FIFO,limo02,1784023215101644663,1784023513009193656,0,0,297907548993,10,-80.04,-1.01,0xf8d6598c81ad57628ad052d7321cb627766f860cceb0d69b9216c8b00cccbba29bc52907eb29c8cce46cc4ba3ad091977d759b9d,52,868,7,125,4/5,0
HWS-002-FIFO,2,103,FIFO,limo01,1784023217140180586,1784023544725967331,0,0,327585786745,0,-86.88,11.58,0xc0e73aa12be2e959471b880e860f8ddffb38aefe8b05baaa9dfb12f1d12d1275095619aec76577a8836c977f8480e8b0e34cb350,52,868,7,125,4/5,0
HWS-002-FIFO,2,104,FIFO,limo01,1784023220632825175,1784023384207811988,1784023384207814277,1784023384376964812,163574986813,8,-108.32,1.71,0xe495a9e364802433a24b5f81935822af1771f715cf6979fae041004863eb06785b2b9094e23d0066dc67d88ea7ba2f33ad3e0b58,52,868,7,125,4/5,1
HWS-002-FIFO,2,105,FIFO,limo02,1784023225770097450,1784023342515712974,0,0,116745615524,4,-94.03,10.64,0xb4b8c43c5a78f1259f46d64054a8898bb6880acccfdbd6b1a548e3f37e4bea03182d3ad137c964af13585c739b1818b7779c5fc8,52,868,7,125,4/5,0
HWS-002-FIFO,2,106,FIFO,limo01,1784023227963901482,1784023286641467184,0,0,58677565702,6,-81.67,-4.89,0x604a6ce21744c25b2770510200a84b4d84777379a29d2853977db31f824e357568a34237aeee3b516a043440827c6ea679053b1f,52,868,7,125,4/5,0
HWS-002-FIFO,2,107,FIFO,limo02,1784023233341887675,1784023455653488225,0,0,222311600550,7,-106.99,-2.94,0x306e080c767a4e19b86f6ae005a9b1ebf2a802093b667bd5221a707e54509b3ca359830bdc3fda67771ce58aa842efbe039f7d25,52,868,7,125,4/5,0
HWS-002-FIFO,2,108,FIFO,limo02,1784023238164335017,1784023531400962727,0,0,293236627710,4,-88.24,4.61,0xf19f0b6ff0e2891f9e0a9f7c1a49a49966d2750924046ba44eed25d5ec6cfa4ea8f636adeb1c9a1e081186a84d2e2c004c782b2b,52,868,7,125,4/5,0
HWS-002-FIFO,2,109,FIFO,limo02,1784023239445672497,1784023414230347076,0,0,174784674579,9,-88.39,12.89,0xff32e43c852bdbd1792de83fbc23a8ea3a11d045225fbfd6bbd8eafdd493d6c25d6597b1b4db35b6cb65b144747a573cdad5e959,52,868,7,125,4/5,0
HWS-002-FIFO,2,110,FIFO,limo02,1784023243223739959,1784023458298410089,0,0,215074670130,1,-101.89,-3.82,0xe0a14f0fec31e20f6cd830e819ae2bf60a8bfbd5e703f25b9099932ca98cd91ecb70bb6a49ccd9d471394d4224b162ee6bf64ce2,52,868,7,125,4/5,0
HWS-002-FIFO,2,111,FIFO,limo02,1784023248132963855,1784023457870552676,0,0,209737588821,2,-85.51,3.94,0x1db03b232f3c63012e720fc891589e209463a8bbc6fd2b84faecc891a15ee8fd68623a996005c0bb45214897f12ac3ade81f7eab,52,868,7,125,4/5,0
HWS-002-FIFO,2,112,FIFO,limo02,1784023248755018004,1784023343022964406,1784023343022968904,1784023343196212348,94267946402,9,-84.54,2.82,0x70e61840281876405bc0ae1c2f402754c451f9d464c3a0287d1176441768e292bcbd5955efc36bceb47672faa6078515e9e28e13,52,868,7,125,4/5,1
HWS-002-FIFO,2,113,FIFO,limo02,1784023251969273483,1784023316528953198,0,0,64559679715,0,-84.60,12.94,0x0d8e69fb125f63bf81b1a8fff744279a9be5658d001cc249e5b06f0fba70d98d89a808b9622010ce1e1aac3cfaa3b3a95baa32ea,52,868,7,125,4/5,0
HWS-002-FIFO,2,114,FIFO,limo02,1784023259216752049,1784023531568656567,0,0,272351904518,0,-82.96,3.89,0x9541139434fbd6737c23fbb049fc52ad14f6b0f71c0bb88aa87a18eec0cb4cf58fcaaafd400bbe30b93213933323762e960e52e4,52,868,7,125,4/5,0
HWS-002-FIFO,2,115,FIFO,limo01,1784023259607591115,1784023330745625238,0,0,71138034123,7,-94.84,2.19,0x057408baf9d79e4d025886e6b65b4e7689df388e3174ed41f0712b7158209f363d14785bdadbc6594b6014769b62a2e0bd3776fa,52,868,7,125,4/5,0
HWS-002-FIFO,2,116,FIFO,limo01,1784023263055013887,1784023334793793423,0,0,71738779536,8,-109.70,-4.86,0x19c969a5c2b6cc9f084e2ade4439002dc86c7f3191684067accf9ae198b3d71c917ddaa0bb6c19f3edfbb6180569f153691e8561,52,868,7,125,4/5,0
HWS-002-FIFO,2,117,FIFO,limo02,1784023269371860266,1784023430681358808,0,0,161309498542,6,-96.31,9.96,0xe0b0efca3859d4960209dfcccb1b3beed23d9bd34e49739c772f008583e58f860455b37cbdcdb25271b68fc3f3af7b5384239280,52,868,7,125,4/5,0
HWS-002-FIFO,2,118,FIFO,limo02,1784023271926275693,1784023366451099718,0,0,94524824025,3,-107.24,-2.70,0x5abda32a18686f7efc4049a73647d783392c8c432ab039514dd5c0fa0b362a46e519e688117f145fa0f848e61408f9f4c2b46b13,52,868,7,125,4/5,0
HWS-002-FIFO,2,119,FIFO,limo01,1784023276277316200,1784023476108895621,0,0,199831579421,6,-104.95,6.55,0xc9b65e31c012b3ba53acd4f6d8a22186c4f0d07bf0979f1bfe250cb1938cd1920bd98fb16699907526db5d62e2bd4ae22da2d845,52,868,7,125,4/5,0
HWS-002-FIFO,2,120,FIFO,limo02,1784023276671264736,1784023484985717859,0,0,208314453123,3,-85.03,5.38,0xa52729c3818c0fafa69c00994d96c9ce45af88be89969adad212184338a7e5c7370618f07449bebb4cdc8570e66e3e9739334289,52,868,7,125,4/5,0
HWS-002-FIFO,2,121,FIFO,limo02,1784023282294831209,1784023454922091066,0,0,172627259857,5,-88.62,8.23,0xf7fa919b6a2dba6b4c6d801088da55bcbf19d002a99411c1b9e1b5d22eaa0b3b37e8243dc61582f0514f498aabf790bb1d557805,52,868,7,125,4/5,0
HWS-002-FIFO,2,122,FIFO,limo01,1784023283897498676,1784023361618548234,0,0,77721049558,7,-102.71,1.60,0x43f7d28488532eeb0a2f2240500e062d95510fb758f9571af26486cda938f8dfb08d7efea65133b7f2bf098a8eda479432b5cee5,52,868,7,125,4/5,0
HWS-002-FIFO,2,123,FIFO,limo02,1784023288458198518,1784023582383161690,0,0,293924963172,0,-97.80,10.55,0x2a4820acf9c63330456545a85fda6d5147ee3a5e77cfeb7e30d6be37c350aeecb126c0511fe6f56b89fa1053f1a542a40f72f01d,52,868,7,125,4/5,0
HWS-002-FIFO,2,124,FIFO,limo02,1784023293038524577,1784023371419196707,0,0,78380672130,7,-102.70,8.16,0xbc934f4ac737e3aca481f95cf1a1105e42b4e18df00891425a95eef48e7d1729db77bc7b18ea05a4d0d67d026bd9c479e129299d,52,868,7,125,4/5,0
HWS-002-FIFO,2,125,FIFO,limo01,1784023295479964930,1784023399060758998,0,0,103580794068,8,-108.50,-3.93,0x2b43aee5e2253303af1bd7a32bbb4e9ec8681b0cc56e37f5f26674a13c683074aacf16f336f91934b25f381686fe70284df56ac5,52,868,7,125,4/5,0
HWS-002-FIFO,2,126,FIFO,limo01,1784023299042770538,1784023406534511411,0,0,107491740873,1,-108.34,7.09,0x67392e621e6f37337df49c28b21094134cb49ad90095e1fede805be7d9c2c4c76bddbd1bd741a7c7c653b9dd60d9c78834f4e520,52,868,7,125,4/5,0
HWS-002-FIFO,2,127,FIFO,limo01,1784023304009593134,1784023501951347482,0,0,197941754348,0,-94.80,-3.93,0x0136e8fdeed1d2b550304008d542f21419fa8e89533175dd12f3eb92a42fc03fe20853d169a9d7ee14256ae7b8c35399f729f968,52,868,7,125,4/5,0
HWS-002-FIFO,2,128,FIFO,limo02,1784023305754349853,1784023448994315299,0,0,143239965446,1,-95.58,-3.99,0xfac8d886936d55b2af6c37aff26cfd8442a7307128ef2e52924dbbcf320e2953fc938bfdeb16c965b521d25741ef3d987564c4a0,52,868,7,125,4/5,0
HWS-002-FIFO,2,129,FIFO,limo01,1784023308572677437,1784023417453593999,0,0,108880916562,4,-98.70,12.65,0xea876674edf6b8e70524ed80b05d4ed5a6f624b129f77102a3d7364584107944d2e4b0045421657942b686a1e801a7e0a933bfc4,52,868,7,125,4/5,0
HWS-002-FIFO,2,130,FIFO,limo02,1784023314305301066,1784023584017797581,0,0,269712496515,5,-83.07,3.75,0xd68d47a0a8127a9782e213dfa0d7d70d0687247d387d96bf577e44ad84379fa5b125cc55caad7e19e9f6a19d0c89710ce976db71,52,868,7,125,4/5,0
HWS-002-FIFO,2,131,FIFO,limo01,1784023316406699213,1784023414724306118,0,0,98317606905,4,-85.75,13.41,0xcbd0311199a1bb236a9c2fb82621f65ac612f5af8eaf172c63f0491b835100bc85a460428c7ea13ed1bab6d280190db74e86056d,52,868,7,125,4/5,0
HWS-002-FIFO,2,132,FIFO,limo01,1784023321389242031,1784023578957517414,0,0,257568275383,5,-84.22,-0.26,0x025a8006e8178421bcbe4daa855b03f34f2cd90a890494c161ba24bf1a5d5890184e78649a09afbc7772c78b5c2d75b9cd7e3e19,52,868,7,125,4/5,0
HWS-002-FIFO,2,133,FIFO,limo01,1784023325664749186,1784023478071506651,0,0,152406757465,1,-102.81,10.53,0x447e81aaf9ab3f40949e76e804c6a5130dfc8d3b504916bc5241edb6ba16b938ec16c1585f796775ab2ea81893e018008adaae88,52,868,7,125,4/5,0
HWS-002-FIFO,2,134,FIFO,limo01,1784023329286288103,1784023439433557739,0,0,110147269636,3,-86.20,13.62,0x0cf9791b8b1946704f08138780223e296f2903144b484ec04e366b1943693cfe15cc82568dded17523dc1f569e56960130323b76,52,868,7,125,4/5,0
HWS-002-FIFO,2,135,FIFO,limo02,1784023330329370957,1784023415923475115,0,0,85594104158,8,-87.17,0.91,0x9bd520457027353e0faa95f284f489f30ccae8c3b740f42841ca44f43fb077f94a6258c90243d7eeb039691d876c19b910786785,52,868,7,125,4/5,0
HWS-002-FIFO,2,136,FIFO,limo01,1784023335247214864,1784023627905812045,0,0,292658597181,6,-87.50,13.05,0x5d6e83ba6ade7483806887b9ee959de1495d328e1c64dbf6e42cf75d497a13bbe7ae3eca2a197e5450c707783462eaa255bb9758,52,868,7,125,4/5,0
HWS-002-FIFO,2,137,FIFO,limo02,1784023336768254993,1784023692203138946,0,0,355434883953,8,-97.18,9.90,0x28f82ee88f89fcb909c68171c7ca70cfaa6834d1d0cf6ceb552ab30fded6ab6ad61dfc086a202e78ec1a3ce09e70c65a0e962f10,52,868,7,125,4/5,0
HWS-002-FIFO,2,138,FIFO,limo02,1784023342239591098,1784023523792205207,0,0,181552614109,2,-87.68,-4.00,0x5aa3c9bd6e38890e01db2582b38d852ab5d48afd77563add7620f5a36be694cd8ec564d67ba97150f6899a35e519142ba54a38fc,52,868,7,125,4/5,0
HWS-002-FIFO,2,139,FIFO,limo01,1784023343424598594,1784023486980206875,0,0,143555608281,0,-104.11,6.87,0xf2355f838983555a0785565ab48ee6cefaa18d7870b5a0d5e33232fb08927701026d29c9e4b07d0f410420c251af3e291fb7b048,52,868,7,125,4/5,0
HWS-002-FIFO,2,140,FIFO,limo01,1784023348633877005,1784023573726280722,0,0,225092403717,5,-85.91,-5.00,0x8303cbeeeca8a65afc726d4002a44d5c208a7708bd40c77244b3f58e89f30c43687698e223cb7e33194bce095a8359ec57d44592,52,868,7,125,4/5,0
HWS-002-FIFO,2,141,FIFO,limo02,1784023352607262899,1784023564624564292,0,0,212017301393,10,-99.48,5.77,0x2609dae3b33da761805e1da733215c537751c4de347f049761bb103d73de6299b02255fe7a51ea294c6d6dce1e30eeb5139a02f2,52,868,7,125,4/5,0
HWS-002-FIFO,2,142,FIFO,limo02,1784023353881016381,1784023531822510991,0,0,177941494610,8,-109.08,12.25,0x183193eda5d7dd734143ecf19d3e296187bc71b96e2a50cff33dad076d6f8285ae8d2cb9df97a1c6fc333767d1e2da44bb7a1c09,52,868,7,125,4/5,0
HWS-002-FIFO,2,143,FIFO,limo02,1784023360115107763,1784023427925858415,1784023427925861321,1784023428094574539,67810750652,8,-97.72,-4.00,0xb3f348d373799859265f9c0e0ac9e0c70f4b556bd374598ad212c8519f258801a01fba69bc768581502cd1313dadf9ea83ebfcfc,52,868,7,125,4/5,1
HWS-002-FIFO,2,144,FIFO,limo02,1784023364393914720,1784023691963242062,0,0,327569327342,8,-80.17,14.08,0x295d3c41eeaf7004d8ef1692064814850681675fa734507c58bb9794e9f0641460f2e1771ab437d93c29d9b86244faef2845e4b2,52,868,7,125,4/5,0
HWS-002-FIFO,2,145,FIFO,limo02,1784023366860335425,1784023441550363795,0,0,74690028370,3,-106.38,-1.50,0x52e2f611ab076f555efe1a3ffa2249c0b5c10d95ded79f8dda192978af8359366a49c1fd2706cdd79c4fdfc4835580d1aa009329,52,868,7,125,4/5,0
HWS-002-FIFO,2,146,FIFO,limo02,1784023371122790853,1784023547724299870,0,0,176601509017,9,-106.75,1.40,0x5d1065092afa2d434e26fda99eab5c6eaa4bfadda3fdd1f34d1c49c8da22660475660aa1708ae14ea1b72ff6ce33d5f9ee93e6a5,52,868,7,125,4/5,0
HWS-002-FIFO,2,147,FIFO,limo01,1784023374856241496,1784023536929706434,0,0,162073464938,7,-93.82,7.39,0x4fec5196837e7cf5c14c7354c41dc477dc4ec077df264eda64074cc5dd66a224f5cf528cd736cbface91f3cf46fe9b9ffb3382b7,52,868,7,125,4/5,0
HWS-002-FIFO,2,148,FIFO,limo01,1784023377324570778,1784023544292387445,0,0,166967816667,4,-89.88,12.82,0x7d39ddec86a6c2c97fe1b9d0851752a280028d82e7fa6c4e3992ebe190b913ea8b8e072d2e3742697cb690d99cc95fc6f19b01d1,52,868,7,125,4/5,0
HWS-002-FIFO,2,149,FIFO,limo01,1784023379392224154,1784023979392224154,0,0,600000000000,2,-103.06,10.31,0xd7216ad524de75ee7f018e8e932a15dd4d3cb638457c80580b53919c9256db0c68ced834ab64415833b7f4ed9fd2dc123f5cb798,52,868,7,125,4/5,0
HWS-002-FIFO,2,150,FIFO,limo02,1784023382930754425,1784023569570530221,0,0,186639775796,1,-82.14,13.66,0xf80a3b99e7b9283733c6211570dc8f5669268c87169bc2f641a7ec460b989969bfb02adf0f7e7e219dde59c2216114781e6cf6f6,52,868,7,125,4/5,0
HWS-002-FIFO,2,151,FIFO,limo01,1784023386330865527,1784023620879669423,0,0,234548803896,2,-86.97,-2.18,0xb12d50659b3436050a1d98805e6c52da1a970b4eb9bd27535ff86dc22d616affd3b98eb11409d005bb7127e425e621f8deaab941,52,868,7,125,4/5,0
HWS-002-FIFO,2,152,FIFO,limo02,1784023390798008731,1784023662662664649,0,0,271864655918,8,-90.95,-4.17,0xc4aca4a99310bc34410668ab5ab514519df03cc871de9671a332ea5e9bd59011eac568b8000c8c288e704a1b29dc07a6c5f0f08e,52,868,7,125,4/5,0
HWS-002-FIFO,2,153,FIFO,limo02,1784023394874028879,1784023479693554134,0,0,84819525255,7,-83.78,14.64,0x62956470ddf234add7285c3db80983023076af7521504301bbc391d0bed595d3f817a2bb1a916b51e8e407d222912164c9fc1fa2,52,868,7,125,4/5,0
HWS-002-FIFO,2,154,FIFO,limo01,1784023396676328211,1784023496851926245,0,0,100175598034,2,-80.08,1.95,0xda64e300df0a540fe85485d75b8f7244ac3962474463ec184371d3dd7816eaf3e3ecd7f46da2f62330ae835c01831ad0c2622fc7,52,868,7,125,4/5,0
HWS-002-FIFO,2,155,FIFO,limo01,1784023399698354892,1784023554240663702,0,0,154542308810,0,-105.79,-2.84,0xa602a155a9a96dce62ae4dafc6c0d54fbaffccb27943ea6645a4003a3a79c6dd01d9badcce22a1af3cf73775c0d5a047418402e9,52,868,7,125,4/5,0
HWS-002-FIFO,2,156,FIFO,limo02,1784023404822163432,1784023631450787734,0,0,226628624302,2,-93.12,9.83,0xb81af4f85113bb8c2b979d20eb16261311477c9b226f4d1712dc02f9f31dea60b98503ad2d5396f455a0624689148d97ea5dc647,52,868,7,125,4/5,0
HWS-002-FIFO,2,157,FIFO,limo02,1784023407877469550,1784023579695393482,1784023579695395295,1784023579868635106,171817923932,10,-104.25,8.96,0x3bb27b6106139c6f08663fd9a79a2e0c1904d9e656c3fd062aaf044e9cd9957f28d9e5d9c430a8f0466624b709689bf6be9e1457,52,868,7,125,4/5,1
HWS-002-FIFO,2,158,FIFO,limo02,1784023412307605162,1784023590575078423,0,0,178267473261,1,-103.13,-0.95,0xc835f42131872f11e58f9e1d1960bc2d5973bfe5907b08e9f250b4f992ddc195756ac426738341c2f89b4940b309b4314b461140,52,868,7,125,4/5,0
HWS-002-FIFO,2,159,FIFO,limo01,1784023414823869961,1784023710495206306,0,0,295671336345,3,-99.28,8.83,0xa6baa82f094c621e08cd2f492779e7dddc07d8488de453619b6cbde5ce5457d5613eae63fdc44404c6a4ece22c6810ab26ed2495,52,868,7,125,4/5,0
HWS-002-FIFO,2,160,FIFO,limo02,1784023419523599962,1784023756514463481,0,0,336990863519,5,-103.65,13.27,0x675d59f817592804f989b98844c8b73a8cc70674493f8b07afae8b829c18fa80ac868012fa6f4b0e9b88c922a6126291b88287ee,52,868,7,125,4/5,0
HWS-002-FIFO,2,161,FIFO,limo02,1784023423036847434,1784023493560456852,0,0,70523609418,10,-86.44,8.86,0xec0d8023b9abb6f20909470f1fb17ca29c57be3a93a80bc4f6f36707d0717190b174028258db108e17047e4825122b8fc746aaf2,52,868,7,125,4/5,0
HWS-002-FIFO,2,162,FIFO,limo01,1784023427516915174,1784023654151474240,0,0,226634559066,6,-86.54,-4.32,0x3a7b8248c1f25c3184dc841c747051183b03be25c4c153a81e0a5a7bc8cebd9a7951e913d757fae2f82dcecc15baca2e91d1b07f,52,868,7,125,4/5,0
HWS-002-FIFO,2,163,FIFO,limo02,1784023429672496622,1784023498550090696,0,0,68877594074,5,-96.91,7.04,0xe022222ae919979bbe17011e0bfd1e82bfb44db0c71cc8481fff9942621f5c619714305fe4b85e02fc4092a15b9fd257b392f896,52,868,7,125,4/5,0
HWS-002-FIFO,2,164,FIFO,limo02,1784023432689151834,1784023578348114297,0,0,145658962463,1,-96.42,13.34,0x8bfee599b05d817e42d2aa9bad479a56978bfdc8550fc0e18aa88a31614bd14988f70b5b712c767e5418a29a1a6a74cbb12152ed,52,868,7,125,4/5,0
HWS-002-FIFO,2,165,FIFO,limo01,1784023435949144200,1784023519011351511,0,0,83062207311,7,-100.15,10.75,0x90e2b920ef7dc6ad78f11de4d70273af6e09f9d7a623de2c8abe744548d9007af23e6fa01acf1c64278adcddb0605555eba62c35,52,868,7,125,4/5,0
HWS-002-FIFO,2,166,FIFO,limo02,1784023441060791150,1784023529188286799,0,0,88127495649,5,-97.09,13.17,0x620d318bc28036c24269922e43e3c621d10f755f13e6638d43dc764b25e15e61f912c76197737245d4acdfbc46dd06825255f8b9,52,868,7,125,4/5,0
HWS-002-FIFO,2,167,FIFO,limo02,1784023445131603793,1784023663218638130,1784023663218643008,1784023663390455029,218087034337,5,-93.01,8.19,0x0bfef5d6873a1ee9100a22774bab02de1325e895c4779bf5b3f0b34d438e271d294a8f6a054733caa1b92a4d9a04cca717ca064c,52,868,7,125,4/5,1
HWS-002-FIFO,2,168,FIFO,limo01,1784023445395516450,1784023519377221447,0,0,73981704997,1,-97.99,12.77,0xced01ba22cf4fc8f982b5c37b14c5e7d06424b4074fa9fe36e7809e82024120efaa2b10cd8c63f8d37b3062fdd3b8e92479ccbb1,52,868,7,125,4/5,0
HWS-002-FIFO,2,169,FIFO,limo01,1784023450505852061,1784023575841501922,0,0,125335649861,9,-80.88,5.32,0x8413a5e85c93b4c1daa9e657a7c6e01dbd1430b5bd507a2e63726ff44488c67aafb561467f6f48cfbb5535766010342abf6da404,52,868,7,125,4/5,0
HWS-002-FIFO,2,170,FIFO,limo01,1784023453127626368,1784023677401152554,0,0,224273526186,7,-87.54,-0.23,0x94861331a805179d57b4f1e92dafb9cf044059276fe7eaf05927d97a019a7ad6829c5cefa0746c369dc2e0305ec69bfb04e9cccb,52,868,7,125,4/5,0
HWS-002-FIFO,2,171,FIFO,limo01,1784023456112995645,1784024000761865985,0,0,544648870340,5,-93.15,2.82,0x412de5048b668648d660a7f6f6a12fb68342c68f4be9f2e5df00d33b17fc4677fc5c13c61d4a18459fd37af6aab5618174bd3d20,52,868,7,125,4/5,0
HWS-002-FIFO,2,172,FIFO,limo02,1784023460617582451,1784023675369912948,0,0,214752330497,10,-93.91,12.24,0xcf6e8a949a957e0c77e4eed4af3a7ff07b002552a25abc80ac3fbfc54fdbfa790687c75f989c815c41dd497c3c7374a2d3e1d911,52,868,7,125,4/5,0
HWS-002-FIFO,2,173,FIFO,limo02,1784023464497528597,1784023624651395869,0,0,160153867272,4,-82.03,3.97,0x433a75aee78e4e16b3528e8a252901fddee72d41aef0fb071a39985aa15ee3b8763a997fa4365452b2b915f68c76f5e86986d8c0,52,868,7,125,4/5,0
HWS-002-FIFO,2,174,FIFO,limo02,1784023469869957228,1784023772288061747,0,0,302418104519,5,-92.46,-2.06,0x1f0d1aec835865e02ec732ab855707bd87878ba1acd88186295404151548ae4a17de191181eb9aa13995fdb3cbe482365cf68087,52,868,7,125,4/5,0
HWS-002-FIFO,2,175,FIFO,limo01,1784023469646575133,1784023554898561367,0,0,85251986234,1,-96.50,13.00,0x22335d5280ecb58baf733a64d92d4f6a911d79122afc0e8b8af0687a3a1a3c1494f7b819d594a9dac583f5629a6cbe461094ba20,52,868,7,125,4/5,0
HWS-002-FIFO,2,176,FIFO,limo01,1784023475778503442,1784023736779027950,0,0,261000524508,10,-82.89,-1.31,0xa781690e90e90ee2250b089c17d233abc77a6a893e4e63d8cae4235821876042a880bdae1a7783af39f775886169391a5b5f49b2,52,868,7,125,4/5,0
HWS-002-FIFO,2,177,FIFO,limo01,1784023477021824375,1784023673965993467,0,0,196944169092,4,-87.03,0.23,0x7cdb4682c6b26ab5aaf565aa8681800319408c39acd526b60c9d4341a8c8c3430110f855d7036e485171906b23b6ef6dcdd9f54a,52,868,7,125,4/5,0
HWS-002-FIFO,2,178,FIFO,limo02,1784023482687973134,1784023592175717260,0,0,109487744126,8,-102.83,-1.62,0x8865423d7a240c79251b9d927b61c52ff3d9623bfa6ebdb5476fd6bcc8425c6091a57b779797826865ad3001dad1a5690789a93c,52,868,7,125,4/5,0
HWS-002-FIFO,2,179,FIFO,limo02,1784023484074978363,1784023716046898939,0,0,231971920576,10,-82.99,1.22,0xf0831e82575a02ab5bedccd8d5fdf8b00791f121a964862c81d5d59b61406609677f0e09910d35074ad2410cbca1f4893a7ee3ba,52,868,7,125,4/5,0
HWS-002-FIFO,2,180,FIFO,limo01,1784023487256018530,1784023709995043321,0,0,222739024791,3,-105.05,0.79,0x983eacf6856f00b362864680b217c56dd3883e5c2cf244ac825becc44ada98847add2fa57bf22fc31acf251e7dcc1bfe76a301c1,52,868,7,125,4/5,0
HWS-002-FIFO,2,181,FIFO,limo02,1784023491785583798,1784023566637335258,0,0,74851751460,5,-83.74,9.74,0xd136cfecdb87b400cd00b03103c62e9b36faefb1f45bcd986a4203f5c6be11c19db9ed28ee7970199596c7623d13edc1d1bc3d35,52,868,7,125,4/5,0
HWS-002-FIFO,2,182,FIFO,limo01,1784023494884120096,1784023648163732828,0,0,153279612732,3,-81.43,7.97,0xb62474a3b878cf0773b7a020bb2803fc18339014ffe81af130331cccaf681ef4929ac7c78651a63d37e4f8916a93ae2ee5e48704,52,868,7,125,4/5,0
HWS-002-FIFO,2,183,FIFO,limo01,1784023501614970148,1784023643024601877,0,0,141409631729,9,-107.64,4.26,0x7153f6476bc1ee08a636391ea53c3917023d414de4cbb754e123ff2e864f83554a121c3c97cc831b18f679cc78031b96692ffdaa,52,868,7,125,4/5,0
HWS-002-FIFO,2,184,FIFO,limo01,1784023502108524466,1784023616543751302,0,0,114435226836,0,-83.58,2.93,0x3e0f57654ad72cc0408296a2d2d8e72c8bc2e9e3ba441a4c03d6841c98f036a443890925ff5901e185a9a24a370a99fe30d83903,52,868,7,125,4/5,0
HWS-002-FIFO,2,185,FIFO,limo01,1784023505655605744,1784023670073690669,0,0,164418084925,3,-107.37,13.33,0xb5491a1e964e507c8836465d0b6efb23f8c7bc50c90a2148b3cf42ad5c0ebdf6b192401d183fbe9283d86a6514acf069f3d64f8e,52,868,7,125,4/5,0
HWS-002-FIFO,2,186,FIFO,limo02,1784023508303852811,1784023678812690098,0,0,170508837287,6,-94.62,11.88,0xa234133e34eebfe7e25d5e166c49c8e1691aaab3da1c250962b7e783b743853eb43de405e4f74eccd1d6880bd4e3cd7d7a72d02d,52,868,7,125,4/5,0
HWS-002-FIFO,2,187,FIFO,limo01,1784023512893312768,1784023673149728864,0,0,160256416096,7,-100.13,13.54,0xbecddf9879d1fe94d674daa225b2ab3587647a7d81340f4f1cb5e2717e3456f42d92ff0f5ace7572827315486abe17b96ddde942,52,868,7,125,4/5,0
HWS-002-FIFO,2,188,FIFO,limo01,1784023516851013901,1784023595423330102,0,0,78572316201,7,-102.53,0.85,0x5a680d419b9695026fcb8f5c56537d23590dc6b7b8c21d709c6ffac6eafc0a2586f238cd638402fd43ee18e0b296ec6f4e74cdfe,52,868,7,125,4/5,0
HWS-002-FIFO,2,189,FIFO,limo02,1784023519948543574,1784023590188263742,0,0,70239720168,4,-89.64,8.80,0x355f96a4d9d82ed2303f7c6b015aeff034dbdab1699c1ffca99105815da16bde072792e2585dcc1c46fcee8caae9878c6aa7e176,52,868,7,125,4/5,0
HWS-002-FIFO,2,190,FIFO,limo01,1784023525862332844,1784023691998839016,0,0,166136506172,2,-103.69,-1.06,0x83d083472707808839f91bbbd6c45c386a41c6abcc13b703ed2f24867e1bbf485e2a732b70cd46cc6e2fd4246927ad58a723b085,52,868,7,125,4/5,0
HWS-002-FIFO,2,191,FIFO,limo02,1784023526476177140,1784023634414558755,0,0,107938381615,10,-97.60,3.66,0x62defab843567fff82f90f3972c91f0dac91bdab35784892a742833b8637f8aa73a9941ddc5be8fed99fe0abdccf65b9e776735b,52,868,7,125,4/5,0
HWS-002-FIFO,2,192,FIFO,limo02,1784023530586767383,1784023768187180047,0,0,237600412664,5,-83.22,5.90,0x9930a40c67db752443c4b69c8e20fe7a63439190686104e3d192530d85d5fa033f0c3280970ac5ed49d603e09909607b186e9e6e,52,868,7,125,4/5,0
HWS-002-FIFO,2,193,FIFO,limo02,1784023536297897510,1784023715315166076,0,0,179017268566,9,-101.81,6.46,0xedcc0928c4eb76f0b45db257b7aebb3262f39d68b5f097d667c3ccc1e346422f3312dc1a3a28d4ed9c47b1a0d21e13ff79e1a772,52,868,7,125,4/5,0
HWS-002-FIFO,2,194,FIFO,limo01,1784023538394394709,1784023729251742136,0,0,190857347427,5,-87.90,5.86,0x01fc234448eb97289314fd39d1d6ff718bc8af7eb7f0bd92f62599ccf6dc2aa7f15dbae39768bad1a00ec979b6f8206464aacbd3,52,868,7,125,4/5,0
HWS-002-FIFO,2,195,FIFO,limo01,1784023541223528531,1784023664035482093,1784023664035483723,1784023664208769691,122811953562,0,-82.28,2.27,0x304a8e3fec2846ab883bd77dd7373e984e4a1c98a35ab5403ea6150af4a906e468f20fa7fa69fd92ee9321c26a3affecdcd76c8a,52,868,7,125,4/5,1
HWS-002-FIFO,2,196,FIFO,limo01,1784023545962938726,1784023736455119244,0,0,190492180518,1,-96.42,6.46,0x291f8ac786cfb40e722a658d0201032d2ad7a42a0cd8a1376921958e0f43089fde18d0a6e6da67d68aa35e4b9cf4766c0a20edd9,52,868,7,125,4/5,0
HWS-002-FIFO,2,197,FIFO,limo01,1784023548116467275,1784023730181300943,0,0,182064833668,7,-102.36,2.81,0x5c59fdaaa38479427139930ca85c53c590a2028e86e6450a2598e3cd640184f9ca1fed0b9cbda0d1f50b260ee48201875a867737,52,868,7,125,4/5,0
HWS-002-FIFO,2,198,FIFO,limo01,1784023551563377895,1784023699585854935,0,0,148022477040,1,-104.93,5.69,0x4b34e3c4170794e065258fa95ae273245cc2df59654d02949a6e2eb64dbdfb054e19695405f1787f94dca047cdcb8603834d273c,52,868,7,125,4/5,0
HWS-002-FIFO,2,199,FIFO,limo02,1784023554453105821,1784023591198946788,0,0,36745840967,9,-105.75,-1.63,0x04290d00353575a627e83f1284698f1574f7069fbb0355dba0c9800af00202061a93879dea9155ffdd50c041b1141b35d72a59f2,52,868,7,125,4/5,0
HWS-002-FIFO,2,200,FIFO,limo01,1784023557653566846,1784023805232222563,0,0,247578655717,3,-85.14,-1.78,0xfdc8094c07fa1e27225b12dba519fa5ff8adb16f6ac20c0c105ffb2be7d0d0e0aa801f6e22f20cdb814fe5e0233b9eca6b5e64dd,52,868,7,125,4/5,0
HWS-002-FIFO,2,201,FIFO,limo01,1784023563102067411,1784023657905346458,0,0,94803279047,5,-103.70,13.95,0x6f6eb4c0c879993b5d19947774ef9b75b196d248e654d2d6b3eedac8df6611cddbb377dab6193dd195cc10e3989bfc5b0af33b8b,52,868,7,125,4/5,0
HWS-002-FIFO,2,202,FIFO,limo02,1784023567233872134,1784023643160730151,0,0,75926858017,8,-92.73,-2.38,0xfc4c2f2598ea37b545f15a5c5dfb9dabfd3a18d1e030b5f776da8c45c18f589631ad28bb2b9ed3d17a5ee5c94baa9c704584994d,52,868,7,125,4/5,0
HWS-002-FIFO,2,203,FIFO,limo01,1784023571210268113,1784023653717095193,0,0,82506827080,1,-102.27,-4.90,0xa79f1e6e1a4d4bfdc7daad15432c1576c66f1c7281e4153f8a2cf0e7a06400c3c83221dc60676f872fd652901cc46093f5a3823e,52,868,7,125,4/5,0
HWS-002-FIFO,2,204,FIFO,limo01,1784023574967190909,1784023693683437267,0,0,118716246358,6,-98.67,4.95,0x8ea037ebf49f2aeeff6fa27bd7799485b1e72556794b383ae5731730a3e782033305027270080a2421d818ff3571d7c37e89f66c,52,868,7,125,4/5,0
HWS-002-FIFO,3,0,FIFO,limo02,1784023575254386230,1784023744192831316,0,0,168938445086,2,-83.11,-4.79,0x22163a91b8350e246c59e56cd2d8bd1fa54240934bc14e23b450c0aa4979408d94bc509248ec5c4d1d4fe5895654f8c75fdd720e,52,868,7,125,4/5,0
HWS-002-FIFO,3,1,FIFO,limo01,1784023582241698737,1784023824209342622,0,0,241967643885,9,-98.19,10.51,0xc9274b6cab2f04a665efebac87b57d578592b5069bca4b877e63f575491c6850166f2c6196260527f23cc4de0013f3ce2f1da88d,52,868,7,125,4/5,0
HWS-002-FIFO,3,2,FIFO,limo02,1784023585585170168,1784023708141847139,0,0,122556676971,0,-96.56,3.67,0x1269e2557aa9223c5354f0a1d4591e4422272db00b4df4d6bc8bd8f15b289684aeea167287f4d1d1e70dd311c8bc007408d8eaea,52,868,7,125,4/5,0
HWS-002-FIFO,3,3,FIFO,limo01,1784023587881929029,1784023893613457018,0,0,305731527989,1,-90.78,-3.21,0xfd94696a9f1c8e26c2bf38ea5a0dae0cd94916d3494798235dbf18154d1ec0dd6c394ef7b6ba5dcf00c92eaae9587b47ed21de35,52,868,7,125,4/5,0
HWS-002-FIFO,3,4,FIFO,limo02,1784023592421757607,1784023717813759973,0,0,125392002366,0,-100.49,0.27,0x7287570feeb9f4cbf0356b28d6bd2ca8f142bfa2b4cd4aea45860dbf86f215f13d8e976776ed735bb034c1d52ef175588b4c839e,52,868,7,125,4/5,0
HWS-002-FIFO,3,5,FIFO,limo01,1784023594901547749,1784023778311044636,0,0,183409496887,4,-96.02,13.80,0x49c2d1249bd79900df46051b6118c0e3e5c6bce9ee487b1d25531a011050e136e3ae659e9a9a44117b5c78c022b3d629b07d7331,52,868,7,125,4/5,0
HWS-002-FIFO,3,6,FIFO,limo01,1784023599756099314,1784023745770066865,0,0,146013967551,4,-85.42,9.65,0x05e29d47d6979fd05e1b84224b3719a946c415cc1575ca3d360a1945bc09b47224f95d83d74c2795509f7be08eec48907c6984c8,52,868,7,125,4/5,0
HWS-002-FIFO,3,7,FIFO,limo02,1784023602522105713,1784023829610226689,0,0,227088120976,0,-108.26,-4.84,0x725d8fa6e122eb119bea78a79077a94f157e9c3346351958ee6abf204f8642804ce6aa0316faf4c95f9fe6df8f42a0f331ecb278,52,868,7,125,4/5,0
HWS-002-FIFO,3,8,FIFO,limo02,1784023602726208170,1784023774515997316,0,0,171789789146,6,-85.09,-3.78,0xbcfdba6e029fb6ce46e56c77cace2b655eaf12b4fad22fe162eea864b3aed8cd857bcb2b6551421adedace5f37c7dfc9842b80fc,52,868,7,125,4/5,0
HWS-002-FIFO,3,9,FIFO,limo01,1784023606611089147,1784023753022955934,0,0,146411866787,3,-81.50,9.79,0x7f66d6d733499bc0352dd8fde09981c80d5f7e9dc51d632599656e3a0550b34fdbc7750c3a44c7801aa2ebb734a36da7e5bb54e8,52,868,7,125,4/5,0
HWS-002-FIFO,3,10,FIFO,limo02,1784023610516424573,1784023666229939593,0,0,55713515020,0,-86.13,8.34,0x14450c1a3bd40aec373e857f45c1f1e94fa392fe8d428e6ce7b54a389bbbcf4e8c697133fbfe4cab6b00746a2d1ed6c118413e28,52,868,7,125,4/5,0
HWS-002-FIFO,3,11,FIFO,limo02,1784023615776194482,1784024107577952796,0,0,491801758314,7,-109.68,12.09,0xff8d07fbeb37dd01fb219f2ee9f64aff234745a0cc79bc0eae497c57e29c9f5b406321437032ecea23dda9fad8e7378fcba6b542,52,868,7,125,4/5,0
HWS-002-FIFO,3,12,FIFO,limo02,1784023619585033251,1784023741324593152,0,0,121739559901,0,-103.32,8.44,0xdaf23e9f342a8104570d20c7aa457cfb8b26a9cdc4dbfff4d4564819c5ec1254dab4f6c850b8c51fdc7f3fe58184dc75cabdaaa2,52,868,7,125,4/5,0
HWS-002-FIFO,3,13,FIFO,limo01,1784023623719414321,1784023720027024227,0,0,96307609906,4,-103.94,5.04,0x656974a89d3ba0d845206b099a817cf5f7a00c59afa99d14a8f3f9fa4a7a26968b0c542e9302ef454951f430e564beb47522250b,52,868,7,125,4/5,0
HWS-002-FIFO,3,14,FIFO,limo02,1784023625003353407,1784023704071818032,0,0,79068464625,5,-97.38,8.97,0x25f7f6954ee19a1593ea95be5b049e5307070f9dc0360804662a5c92db93044e91d525eb8749213d7b86e2483b4af065496ff25f,52,868,7,125,4/5,0
HWS-002-FIFO,3,15,FIFO,limo01,1784023630467347297,1784023733207100945,0,0,102739753648,7,-106.49,12.41,0x40caa18b0ce9a1e96bec50ff23261652c4cd58f46cd25310083cfb1cfee0bcd7eb2a380bee6399fef476d9e40eaf6caefdcf0ca9,52,868,7,125,4/5,0
HWS-002-FIFO,3,16,FIFO,limo01,1784023631813400425,1784023853326072590,0,0,221512672165,9,-104.50,12.47,0x56800e9ff297e26aaa1e25a6b72075d252a233207b3c373d2fa04d9c567df436cd7392b0100a7ce4c8f86fddf9873d027fd9fb38,52,868,7,125,4/5,0
HWS-002-FIFO,3,17,FIFO,limo01,1784023636738891482,1784023760931806441,0,0,124192914959,3,-102.24,-3.15,0xc925a40f6a92ad4fa0003ee00834ee082bf4fd645c4fd1d8f32c43bbef21c43b83d68bbb528f1c8d353259437f97517939b8204e,52,868,7,125,4/5,0
HWS-002-FIFO,3,18,FIFO,limo02,1784023639894220209,1784023836434521320,0,0,196540301111,5,-89.85,8.90,0x8336059037c2fa0476bf3e3a3b3718889003fb6969f437d506e3a048913b83396e33a9cf0bbf489b090f8750a09f00251668766f,52,868,7,125,4/5,0
HWS-002-FIFO,3,19,FIFO,limo02,1784023642921056142,1784023845777541702,0,0,202856485560,8,-91.11,-0.21,0x009477b0f8efcd97ed623d39ae33424cbaef1acfda7eba0edeea6e45bea428f251bebc5466c901b3717abbfb60a9e90f6c598011,52,868,7,125,4/5,0
HWS-002-FIFO,3,20,FIFO,limo01,1784023645403175811,1784023741261190206,0,0,95858014395,6,-101.16,-0.90,0x7f79360e11abb9e2b48480f72c05c0d2da954a0fd6c2f4c8ac49f791f60a51dc0831c4ea15774f5aa41d8a71944aff25336cb5c6,52,868,7,125,4/5,0
HWS-002-FIFO,3,21,FIFO,limo02,1784023648375008288,1784023780461797290,0,0,132086789002,10,-108.24,7.18,0x2ee1fd8e9cefe3bbb77ac36a14a6d8ef06f8915fdf828845cdc49fe4920992a0a5196ab8b886740027cef9055800208d1ef2df28,52,868,7,125,4/5,0
HWS-002-FIFO,3,22,FIFO,limo02,1784023654413356592,1784023831031353078,0,0,176617996486,4,-91.13,-2.55,0xf97ea7e2fa7627c3b57d86b9ae331c651b78883699944f554b7f60e463a1e60de390a780f981a787d0f04d3ec1b2334d997fb9ea,52,868,7,125,4/5,0
HWS-002-FIFO,3,23,FIFO,limo01,1784023656293841202,1784023930935388351,0,0,274641547149,9,-107.79,3.46,0x3d888c3b884915228e2f894cba351c6af1183e0090748d22f4380ff70beb6ed72d0c81360abf3814fa30c88a84e3b0f73d70dc66,52,868,7,125,4/5,0
HWS-002-FIFO,3,24,FIFO,limo02,1784023661560290541,1784023870735549896,0,0,209175259355,5,-107.17,10.36,0x0d589083f9a98b97f0f746e28daa19610467c7a754a896f50077de176158ab8c4c1b9be4b9dd3a3a2b8c8727d677f570cbfa0566,52,868,7,125,4/5,0
HWS-002-FIFO,3,25,FIFO,limo02,1784023662005145006,1784023849927259216,0,0,187922114210,0,-102.96,-1.07,0xc205e088a3c55065cae96bd3df6ff8edd8e906730961465e1363b0a0ea4c2578c498ba7ba74797a06392a1743c66efc485454823,52,868,7,125,4/5,0
HWS-002-FIFO,3,26,FIFO,limo02,1784023665239142275,1784023819698207713,0,0,154459065438,4,-91.95,-1.30,0x7c112f8b5c99165b03a870d2656dbb6f8ae3796cb75c1ae22eb0f7aae47f01364224281cdbaeb8b5b3bcc0eb4a58c8ed5b09a7f8,52,868,7,125,4/5,0
HWS-002-FIFO,3,27,FIFO,limo02,1784023670375877083,1784024217104472864,0,0,546728595781,5,-107.92,5.92,0x485b92813931bebe7727c6460aaa3522d079b57174587962cc66ee411f09bae376e0a457fa31e7209eae0ab0a7e12686971ac904,52,868,7,125,4/5,0
HWS-002-FIFO,3,28,FIFO,limo02,1784023672824138260,1784023942026808837,0,0,269202670577,9,-86.27,2.43,0xe535deed4ae9c4980f78a6a48481f283dea7a8a020d8fd947efb9fbf9bef6764784cadbcecb2ade8e422aef380834104d7b919bb,52,868,7,125,4/5,0
HWS-002-FIFO,3,29,FIFO,limo02,1784023676694804543,1784023970538547105,0,0,293843742562,9,-93.02,2.68,0x6cf5fcd8ece002d0ce55090613c8be399514bb3ece7b439a75f4e03457c1fefac60c5032527428a112cac3840b85d7700a4eb50b,52,868,7,125,4/5,0
HWS-002-FIFO,3,30,FIFO,limo02,1784023678985336035,1784023790048599905,0,0,111063263870,1,-105.73,2.54,0xd55a92f8783ac2ce77562380957eca846c40112c7544bf2c3ebafffcd23893dc47544c56d3d2abd1a6d8f4e51dc2f6b1900a79b3,52,868,7,125,4/5,0
HWS-002-FIFO,3,31,FIFO,limo02,1784023684088108978,1784023796304378037,0,0,112216269059,7,-101.51,10.55,0x25dd2e54ee6ba87a927254df1f2b1d5619aee0a3134677e80388536faacb946e45f3e785d19a58fd4bf3ee6a49f311e213e2b3f1,52,868,7,125,4/5,0
HWS-002-FIFO,3,32,FIFO,limo01,1784023689290018870,1784023796835308542,1784023796835313431,1784023797005402387,107545289672,6,-82.77,9.11,0x20270246d4dc8eff756719ef95e9901e3428147648e2ca7340969a73152474417dcffab8c93a73f80e684f180e262fe9a57082d0,52,868,7,125,4/5,1
HWS-002-FIFO,3,33,FIFO,limo01,1784023690679901184,1784023814089094021,0,0,123409192837,10,-107.99,10.09,0xadc0cb8e2b06beb5e638d1e2b872020de98ecfa6bd2a0f93d4d5776fd82107dba5470856a87d65559bba2a2fce331248bd00e1c5,52,868,7,125,4/5,0
HWS-002-FIFO,3,34,FIFO,limo02,1784023695460001778,1784023800319655662,0,0,104859653884,5,-89.68,-1.98,0xc517ede6b3704f1c7bea82d1201c5d83f1cdb479eb033da23c90ba91bc732c4442a17ec481b21bec334fdee4a54b296bd4c60682,52,868,7,125,4/5,0
HWS-002-FIFO,3,35,FIFO,limo01,1784023697633207554,1784023821898961881,0,0,124265754327,0,-90.72,3.27,0x54d0df0af97c0092c102494900074034a379897d7b5ad71eea8d2598e2443aa6a5234f5c136c80000424b950fd28fa1cee4e911a,52,868,7,125,4/5,0
HWS-002-FIFO,3,36,FIFO,limo01,1784023703396277398,1784023930432847303,0,0,227036569905,6,-84.34,0.38,0x36ec8855128845a2f3b3f129be99b88e49bcbdaf22d43c666680d2184ac2beff733feff6b2656864d95b8263e49a914e27af3150,52,868,7,125,4/5,0
HWS-002-FIFO,3,37,FIFO,limo02,1784023704859670872,1784023941757468160,0,0,236897797288,1,-88.28,6.20,0x74edb8d1ee91a2b54f6b75d9489a593454a7f7486b56489c8b1d4a52f3633d0b815c0d23884662ccc3aa3bcc6bb290b695e7305a,52,868,7,125,4/5,0
HWS-002-FIFO,3,38,FIFO,limo01,1784023707875721311,1784023986526950503,0,0,278651229192,7,-91.38,8.46,0x73cbe3633b73c95d9c37a24bd1a31182e92f7602d588f2f74e08ce0c57ef55f9c5943bb105bb229abad2e276990cb55e5cd3d0c0,52,868,7,125,4/5,0
HWS-002-FIFO,3,39,FIFO,limo02,1784023711657742696,1784023799330340990,0,0,87672598294,9,-97.65,0.40,0x08889f2722ca283e0ef8f8d1b50043ae58d31470fd098a60bc3eac9b3e97dca6546760292c7b14ff686929917629b089d0f50af1,52,868,7,125,4/5,0
HWS-002-FIFO,3,40,FIFO,limo01,1784023714859372048,1784023890016172565,0,0,175156800517,0,-80.09,-3.08,0x0086decc0747b5666faaa68e57564c6dd3a0ba815db4b1aafbfee68d5da26b9c4075fe811cd3167d402f50f6e50bd4a63762bc80,52,868,7,125,4/5,0
HWS-002-FIFO,3,41,FIFO,limo01,1784023720917494913,1784023898984117202,0,0,178066622289,0,-86.82,3.38,0x0a6a6dba8c165abb2ac08955fced06784237fa8ee42eddef3bf0d75c511428a3386daebd355541870283a2f41d135c7b3bf90e83,52,868,7,125,4/5,0
HWS-002-FIFO,3,42,FIFO,limo01,1784023723615009340,1784023824591468091,0,0,100976458751,3,-89.31,4.58,0x0556d2a83f41a33d279277d59ec0f83590407dd2d1ebe665f4b8a4152f08654271c863a1f51bb161c70f7aa9025790c9249d97e5,52,868,7,125,4/5,0
HWS-002-FIFO,3,43,FIFO,limo02,1784023725267483698,1784023812538464617,0,0,87270980919,5,-91.77,8.76,0x2fdc178f4c91b2aa44ed2940e335bed49127a277925e32f17c2b922d78f53165286627fca69914a532d93906318f866670e57139,52,868,7,125,4/5,0
HWS-002-FIFO,3,44,FIFO,limo01,1784023729496242522,1784023892208225410,0,0,162711982888,0,-109.12,14.79,0x418e8bcc4135171da9e1d1151337f03fa3879a44b6d64998d8ca69c6ed65026cdb3eededc06350e83425c9e83c17ca385e078a61,52,868,7,125,4/5,0
HWS-002-FIFO,3,45,FIFO,limo01,1784023733887713681,1784023933766526483,0,0,199878812802,7,-98.82,10.81,0xb5a78c4efd13270739049e49c3dd65b57ad9982c4067b7d798a55df25c8b54cdaadb500454da2b63e873107fd4a320d0f5de2e86,52,868,7,125,4/5,0
HWS-002-FIFO,3,46,FIFO,limo01,1784023736663158523,1784024201291521995,0,0,464628363472,5,-94.40,7.47,0x0d77f9a1990546d4c63182b78f32bd1455c9fae00a40c60bd70d706801310826dbd695afe9342c4d509a63ed4f70768825158779,52,868,7,125,4/5,0
HWS-002-FIFO,3,47,FIFO,limo01,1784023740240031178,1784023880178406442,0,0,139938375264,1,-98.19,3.51,0x9314a7f5c4b174676dc60b58bdb3939d8cd170e6a5c730d6ac972df3047be5de023eef1df6bc145c9a1bb092ea5c4ccbe1a3124d,52,868,7,125,4/5,0
HWS-002-FIFO,3,48,FIFO,limo02,1784023744487555695,1784023859079150702,0,0,114591595007,8,-108.25,-0.56,0x7aaf5475aaed6bc3671021f2f11073c8ba0d065e572510c071968d15038349ea84ceed9ec68f9209f8e1dc5f7c25f3bc514f7069,52,868,7,125,4/5,0
HWS-002-FIFO,3,49,FIFO,limo01,1784023747724987503,1784023829618163429,0,0,81893175926,7,-89.86,0.18,0x030924fa170ce5d877d66ebd48467a8990c4efa4576846b1479bdb2c65fd2b44832479494c4861ed2b9c348e7602277b71ae7308,52,868,7,125,4/5,0
HWS-002-FIFO,3,50,FIFO,limo01,1784023748475860360,1784023935208015854,0,0,186732155494,0,-108.12,-1.36,0x9396b7918dcfe011251552be1c2996e07df1a1bd3a71a0ce29c73660dd2f7024e2265f0190468ea20ea35c1978dd38c6c434e353,52,868,7,125,4/5,0
HWS-002-FIFO,3,51,FIFO,limo02,1784023755434890982,1784023898235282290,0,0,142800391308,4,-89.22,9.94,0x54dfaa67b840d71a4bab366937e98f079c023930ee443fea1b95ffc52ec7ec18b6f73e3ed489682186797840c89b4eae060cf6d5,52,868,7,125,4/5,0
HWS-002-FIFO,3,52,FIFO,limo02,1784023755805002792,1784023857689398523,0,0,101884395731,1,-81.94,13.17,0xa02afad39729d953c1cdd1b25dff65fd1a58428a507c1d2a2b9952b379268958160f4044b112189a82fc5304960f61e8e60ba955,52,868,7,125,4/5,0
HWS-002-FIFO,3,53,FIFO,limo02,1784023758700833823,1784023911421550357,0,0,152720716534,6,-96.79,3.75,0x9516eb6f8ff13a8b6ff685603cea4c3d5447e0a87568e71176a53c81fd72765b11b1f61dda925930e5a3c34d5340dffc6f59c10a,52,868,7,125,4/5,0
HWS-002-FIFO,3,54,FIFO,limo02,1784023764190410425,1784023839120613587,0,0,74930203162,9,-82.60,4.48,0x855cec50ad48c2504ea7b6dc4b187fbd98ac0bdc470e024dde41cce74729134367b757086e3978bf54047ddedf64010af347a379,52,868,7,125,4/5,0
HWS-002-FIFO,3,55,FIFO,limo01,1784023768044623556,1784024020945325660,0,0,252900702104,8,-84.81,-0.53,0xdd1d48d106000d67e97cca2293ac665c4ecf8b7b293539b8ea261b699b6431b992eeda19b4b9eacd4f73e2feff94484cb626fb10,52,868,7,125,4/5,0
HWS-002-FIFO,3,56,FIFO,limo02,1784023769701944082,1784023935537344334,0,0,165835400252,9,-104.71,4.02,0xc29fcd0a9015624157603a9a5e6efb9b93ab04f670635a7ced2abbf92e7b1dde0f8785e7a7f4a86d735a7b5de5b86dabff0a31ef,52,868,7,125,4/5,0
HWS-002-FIFO,3,57,FIFO,limo01,1784023774766524054,1784023898984465031,0,0,124217940977,4,-88.54,6.15,0x923846f70bf8fa6e6ca8c8d8b1c7e9bc38ad63fef05b2b8feb3deab847857eef46bda7714ec6b20006a50968db604138eef7be85,52,868,7,125,4/5,0
HWS-002-FIFO,3,58,FIFO,limo02,1784023778999048260,1784024008645021789,0,0,229645973529,6,-80.38,3.25,0x6bd4224a7f1e1991e3bf882a9d7d6f5a75de908557e1eaa4028a13f26c21e0132e61a1229228f0169dd946e907ec4e7e973738d4,52,868,7,125,4/5,0
HWS-002-FIFO,3,59,FIFO,limo01,1784023781506762869,1784023968199532818,0,0,186692769949,8,-80.59,0.73,0x3b4fff9781d0d4edf02378536706dbe853476ca565b0d44a43030c186d25f75f946f97fedba85a46785959a05b1c7f8aa6107c59,52,868,7,125,4/5,0
HWS-002-FIFO,3,60,FIFO,limo01,1784023783644543583,1784023846041068012,0,0,62396524429,5,-85.58,-0.70,0x52222397ca44b626ba71f1d5d6712151fe062e411fd900aa6be2fea4911d0dfaab1ec07ab4821c9c06e4f3a8650b4d36ce15e37f,52,868,7,125,4/5,0
HWS-002-FIFO,3,61,FIFO,limo01,1784023786757042431,1784023895451566590,0,0,108694524159,0,-95.36,11.62,0x4057cfa775fa1eba44beb6d24ac80eae962142869ca733e8c0bbed0b2bf5630792cc4f7d88b4aa471d6a1e9b9c073e81ef83859e,52,868,7,125,4/5,0
HWS-002-FIFO,3,62,FIFO,limo01,1784023790156487577,1784023981656645188,0,0,191500157611,6,-96.13,4.53,0x4db4e5008a07a73ce7299904ef6918517a32b787acf620fe7b385c154a022d018e9de16515c7f7b84e3855bc97547507268c3c5f,52,868,7,125,4/5,0
HWS-002-FIFO,3,63,FIFO,limo01,1784023793577999771,1784023970179420314,0,0,176601420543,1,-88.86,-1.71,0x71a8f432e9c803dab48aab81f70a404415e272a75ea93a16810feb4bc29f53898b5ccd9e50061374cd8f0b18bc26fe91dabdab40,52,868,7,125,4/5,0
HWS-002-FIFO,3,64,FIFO,limo01,1784023800075966833,1784023951939998479,0,0,151864031646,0,-91.50,5.69,0x067a4f31b5bc86305394881cdd79231e49d50927e87013162383c991e4fe2a48e7934d5e4988c96de7fd8c5390a007be8487f355,52,868,7,125,4/5,0
HWS-002-FIFO,3,65,FIFO,limo02,1784023802894174533,1784023930272211139,0,0,127378036606,6,-108.80,-1.50,0x259df8b1e1ca055440980c7c457b1c10541bc4afbfcccf4428ebca9c1663e62a8300aa98722600fde9c2cd41e12fd7bd6c5309a5,52,868,7,125,4/5,0
HWS-002-FIFO,3,66,FIFO,limo02,1784023806718623293,1784023944951875585,0,0,138233252292,10,-97.95,5.03,0x51722d27d36226ef42aec0797c9c8c229d8c9627e8c0ab7ff04b914e7e775770fe024bfd74841aaebe2b33e5045188b593f7a82c,52,868,7,125,4/5,0
HWS-002-FIFO,3,67,FIFO,limo01,1784023807590104814,1784023928927811370,0,0,121337706556,4,-81.37,1.50,0x61f37ee6a89c3268fa06cab3ddd7aa6bfd9583fd6d433c32391f47d06369d8b247e7a0278b9c8e8273243a971d67440728f7e4bc,52,868,7,125,4/5,0
HWS-002-FIFO,3,68,FIFO,limo02,1784023813396805157,1784023934938003903,0,0,121541198746,10,-96.06,3.88,0x62b930c1dd57b995561070d43218341ee16473013dd78c484a9f5250f3cdc825aab2deba302e1fc0eab0bfcafcf1eef1c8198e2a,52,868,7,125,4/5,0
HWS-002-FIFO,3,69,FIFO,limo01,1784023816871753801,1784023932855517799,0,0,115983763998,2,-95.04,1.99,0xc1d60867cf1f70dd8284280102eebe3df5fd371d78bf42c5672d2873ad7dbada91e63f43c856d21ef73786b3f001438df9932411,52,868,7,125,4/5,0
HWS-002-FIFO,3,70,FIFO,limo02,1784023819928118374,1784023954847189389,0,0,134919071015,2,-91.06,13.74,0x2e2c3da98aba78262bd2a5d560f4fbe53f65569b92d330f33a9e9cb0136042bdbc369a1c703b5006a46ab5d272ea503fe4217ef1,52,868,7,125,4/5,0
HWS-002-FIFO,3,71,FIFO,limo01,1784023824304753898,1784024085316614967,0,0,261011861069,1,-107.28,3.00,0x1e29c8a99506fc07b92eeb28aad468d6b38d42f80884732be2526d3385b816e11daf5073e560f2615986bdeb7fd598aedd163228,52,868,7,125,4/5,0
HWS-002-FIFO,3,72,FIFO,limo01,1784023825188351450,1784024235936395580,0,0,410748044130,0,-83.64,-0.60,0x61b3ad3499a80233774098e3ca72adfe4b6ac816304cb3e49ae2ee3c093801bc7e09a7298f686f85c29784d4df3fcee6fe3b92cb,52,868,7,125,4/5,0
HWS-002-FIFO,3,73,FIFO,limo01,1784023828381255893,1784023919911538623,0,0,91530282730,5,-109.36,13.13,0x36d5e24fd22987b0e4be9fd2dd48b145bf4d2bbd04fd0843cc90c463d0bafa87072047e26b764fffd702e48d0169ea803509668f,52,868,7,125,4/5,0
HWS-002-FIFO,3,74,FIFO,limo01,1784023833403776128,1784023975114914684,0,0,141711138556,10,-96.90,4.90,0x7cd54b0d4b83187be4b122ae1491788d8abb52ba7ff1dc7653784988a5f8f7216fdbf716bdabb0835d013cbfb832367c901c368b,52,868,7,125,4/5,0
HWS-002-FIFO,3,75,FIFO,limo02,1784023836236087435,1784024064843088322,0,0,228607000887,1,-86.65,12.88,0xcbd3fd74fe8b34e8b6cddcfba203bd532c3730cdb59eaf9af088006fa4a16c18dc9727939e807d4613a8bce0ef7a009fea1490ac,52,868,7,125,4/5,0
HWS-002-FIFO,3,76,FIFO,limo02,1784023840507420192,1784024047402702656,0,0,206895282464,0,-109.61,-3.79,0xadac79d164dfcb3e80e08314546859d4a7b986ea7a40706135e985b56b9435dd3c6cf38c4da90913483428b0de4a6d82290172fe,52,868,7,125,4/5,0
HWS-002-FIFO,3,77,FIFO,limo02,1784023845410017866,1784024058364603732,1784024058364608618,1784024058530185242,212954585866,2,-96.88,7.85,0x5a2e45b94ccc15f3e75073beafaba0f34542de41bb9bea10fdc287cb4ce92ac0175ca3d709ba52f86c5e74807b00034cfea11ebc,52,868,7,125,4/5,1
HWS-002-FIFO,3,78,FIFO,limo01,1784023845297446343,1784024058255193345,0,0,212957747002,9,-81.94,5.39,0x35bd793332c3d3cd9bce78d1e98c2b5d2cf0919be60c0fe207dc13f9307c30564b707917cf583ea9c7c4c7688817d83d2de8f7dd,52,868,7,125,4/5,0
HWS-002-FIFO,3,79,FIFO,limo01,1784023851843170730,1784023931962715371,0,0,80119544641,4,-102.03,-2.94,0x273a873e52451de9af57ffb3083d6efa2dad0435aa5774a973ed93b188cc7ec6472145d0d27c3a47fe9f009794b9b73f2c41b2f5,52,868,7,125,4/5,0
HWS-002-FIFO,3,80,FIFO,limo01,1784023852992180132,1784023971753777774,0,0,118761597642,10,-107.84,14.44,0x47a33140af1180211a406659a87bd514a177da20897344edf69308377dc149f6f842c7b1c1263374fa4ef011f424925bf0d5972c,52,868,7,125,4/5,0
HWS-002-FIFO,3,81,FIFO,limo01,1784023857394788965,1784024048945715860,0,0,191550926895,10,-89.82,4.44,0x4539228fb96986caaaf516025913d265b132a444fbc7a25e4e60d168f3de62f9b0d15651b359a82fa5614e675fb1c6e04a60e689,52,868,7,125,4/5,0
HWS-002-FIFO,3,82,FIFO,limo01,1784023859679956129,1784024204503846844,0,0,344823890715,6,-85.91,1.66,0x0fd790ee1dead424ce000aee354d5c593e1a19600140e761e9e3f44b12d9b29eb1db6b4a5e749b019c5a8ef9cf92b5acae1ab1b2,52,868,7,125,4/5,0
HWS-002-FIFO,3,83,FIFO,limo01,1784023865002251162,1784024011843037727,0,0,146840786565,7,-82.63,5.27,0xbbd9d1e8359eaf74acf4ca276d46f72218e3036c51d598bf84c84081647771cb2aebf744b75a4bf6e1aa32adb0e14dad8967511a,52,868,7,125,4/5,0
HWS-002-FIFO,3,84,FIFO,limo02,1784023866784313095,1784023994918166192,0,0,128133853097,0,-102.34,-1.12,0xd0f20af6555b4265bcab03e808c8311d411013628784950785fc9951e5e30dfea9887f9169cde83a5377fc4810942e8a1964677c,52,868,7,125,4/5,0
HWS-002-FIFO,3,85,FIFO,limo02,1784023870663027701,1784023963819646526,0,0,93156618825,5,-103.94,6.05,0xf9f77b0b6d3c0d305be23e9f29b736333ebcfac53bfe94fbc388f3b0246777f70464f6b4d362f92b87ebed7bbe13e88fc20fa994,52,868,7,125,4/5,0
HWS-002-FIFO,3,86,FIFO,limo02,1784023875035526405,1784024013274591179,0,0,138239064774,2,-107.36,9.51,0x57c535b95d463255a99c0890abd64e0e2bb3eadfdfb9ecfdf54248453885e8e8d1e61d66f132db0edf075f0e2edbf4376deac1bf,52,868,7,125,4/5,0
HWS-002-FIFO,3,87,FIFO,limo02,1784023879159527083,1784023966334242121,0,0,87174715038,4,-107.97,10.87,0xe3d122cc6fc96dd52ada8b6fde883b341b77347c13367287f60a560f55efbef4fdeb1d2ae26dc28509155f1e789640a5e98595ac,52,868,7,125,4/5,0
HWS-002-FIFO,3,88,FIFO,limo02,1784023879972269605,1784024190630720085,0,0,310658450480,3,-89.54,8.31,0x2bb64a25c6944f2d39efebf5fdf3b0b22bdc54e2913ad894ede4cf6f572fec5e2a994a71a524345093e4608d8fa757d91c764b33,52,868,7,125,4/5,0
HWS-002-FIFO,3,89,FIFO,limo01,1784023883177846160,1784023988944285927,1784023988944289389,1784023989114305334,105766439767,9,-98.70,4.77,0x4697667aff317d246a1ea57c61df63bc0a28d74a72bebcd0be237791b3c8310741bd35e8db1b7a278513542b94ddd088965bced0,52,868,7,125,4/5,1
HWS-002-FIFO,3,90,FIFO,limo02,1784023887510605013,1784024161814592256,0,0,274303987243,6,-81.90,8.33,0x12f05be52890faa0601f9d4b5289c13b6edfeb3d280b80930d7cb77cca03a0c1e8ae46d30fe4ee651b4ce98f39bea1039c103c57,52,868,7,125,4/5,0
HWS-002-FIFO,3,91,FIFO,limo01,1784023891060613598,1784023979478418838,0,0,88417805240,9,-82.85,12.73,0x8e1da74c21c597fb4fd0bf2e5799ac3be8c6b4d79838e1dbd961d3cce891cf4f6fdf5db264dc2b470b3bb9ec2eff07db545ad2e8,52,868,7,125,4/5,0
HWS-002-FIFO,3,92,FIFO,limo02,1784023894636853122,1784024146128397596,0,0,251491544474,4,-109.48,9.74,0x7978ad60299969f4a280661e0fb70e9f5785c8427f88bea00979bb1d7a7cdbac0d2c702a7e20e05dc4f7fdbc6637199ec572af14,52,868,7,125,4/5,0
HWS-002-FIFO,3,93,FIFO,limo02,1784023900564279698,1784024376036270719,0,0,475471991021,9,-85.23,0.79,0x9b2be20eefc99da769629bb8d1986c6fae56bae6dac72fa0599ddc12b9dc077ec0aa8b0e24602fa08c4fb8b0dacf4496816ecd50,52,868,7,125,4/5,0
HWS-002-FIFO,3,94,FIFO,limo01,1784023901506487115,1784024090239276134,0,0,188732789019,7,-87.98,-1.19,0xe07a4b419c748fd8833249232d87196b66d28c6fae0e92dc0637c1d368346ab5c9dfd8c1f47d900e19fbb88b1b08d0a493fe3edf,52,868,7,125,4/5,0
HWS-002-FIFO,3,95,FIFO,limo01,1784023905362674430,1784024004927414956,0,0,99564740526,8,-103.88,13.88,0xa8a2c417057d6ef6433fe138a7ed8c93916a5ecf5e10f2c15024e7c987dd70ee288ef71ca4ec4dfab8822cb151340dfef5669d85,52,868,7,125,4/5,0
HWS-002-FIFO,3,96,FIFO,limo02,1784023908399322564,1784024050174403538,0,0,141775080974,9,-94.98,7.54,0x8520dc4b4a193313c4a66454323527671146331942086bc75c02cdd96c76d72badb041f7184ce87bdf09831729dc91e89c037b99,52,868,7,125,4/5,0
HWS-002-FIFO,3,97,FIFO,limo02,1784023912362868603,1784024019259068115,0,0,106896199512,4,-100.12,-1.72,0x0a5aea7b663eff23845273e3377c4fba853cf7c4031aa806f2dca83dbf2ae5c3a5d680d89efff603f3fbb15637a583ac461b8619,52,868,7,125,4/5,0
HWS-002-FIFO,3,98,FIFO,limo02,1784023914401375998,1784024162438687408,0,0,248037311410,5,-102.88,14.02,0x22c93b287d5a17c6efe103c3abe12cb8aeedd72631e49b93a82dde4d07032042a19cf64da59c28a2b0e32da8759ef5c9e1f2bbdd,52,868,7,125,4/5,0
HWS-002-FIFO,3,99,FIFO,limo01,1784023920327566580,1784024023837302978,0,0,103509736398,0,-83.60,9.42,0xdb81418a6d64a1933fe44c6578d924c3bb836f5acf079b2a99740877f423c117ea024562b2fedf6ce8dc90cdfdc745bf03fdf1fe,52,868,7,125,4/5,0
HWS-002-FIFO,3,100,FIFO,limo02,1784023921768431381,1784024088508569079,0,0,166740137698,8,-81.27,-2.47,0x8c7cb840fcc25294567bdd1854ad4a05df0ef9b485faaa82258097be154874b578bc6b1a6f1dd2655aa1aa0fb49ba5e19c52dc27,52,868,7,125,4/5,0
HWS-002-FIFO,3,101,FIFO,limo02,1784023926891616063,1784024122946930021,0,0,196055313958,4,-86.73,10.46,0x7b4d6cc62ea93839caec7d30ca5fcf9e87d9dd73af9fba068fe26ca3ec9c3c0028119f2f7b142dc6d5d4655aa8284367309f608e,52,868,7,125,4/5,0
HWS-002-FIFO,3,102,FIFO,limo01,1784023929942750043,1784024232048127166,0,0,302105377123,10,-96.41,3.11,0x3a1738b59fe46f68cc23b8a4173a0eccfdf3b115687ab87ace4bed89c34b910d056d064bfc166b2fae11a85315ce82c9d8dea02c,52,868,7,125,4/5,0
HWS-002-FIFO,3,103,FIFO,limo02,1784023933164959628,1784023999547828170,0,0,66382868542,8,-99.41,8.05,0xf6d548e4e1949305fef62b4f83b7a8461c7d1426fc9e6d6679502dfe262eca00e8c5c9a28eee01098e38e1df5be5707658f12526,52,868,7,125,4/5,0
HWS-002-FIFO,3,104,FIFO,limo01,1784023935599872040,1784024035152092243,0,0,99552220203,8,-99.12,13.12,0x053008ace5d6f7f2f0d2750ae31b6641c6061e6bcc71e5a6b24b053ed8869a79fb23ed23ccf8e9e8ac297936cb81a9c6e53f7173,52,868,7,125,4/5,0
HWS-002-FIFO,3,105,FIFO,limo02,1784023939824791627,1784024049285645763,0,0,109460854136,10,-86.73,5.22,0xc7285ef6975fc2b7516dec664ed82dbab96bd798c3ea651d297231e310cbafe874566483fd6e638a9a2311f82d0b9c65f2bf288d,52,868,7,125,4/5,0
HWS-002-FIFO,3,106,FIFO,limo02,1784023943627451494,1784024301704896372,0,0,358077444878,1,-81.74,6.04,0x73cdbe91b32932e1aebdd89dd4d65a9b150e7f897f1d4a7e8fd159d7af91b6871b4b4134f5c7ab175949f21e78daf4ec8a89b824,52,868,7,125,4/5,0
HWS-002-FIFO,3,107,FIFO,limo01,1784023946616365036,1784024176362993941,0,0,229746628905,0,-102.58,13.46,0x15236be9a89777ba31102d1df010ae84d890bc0c368a48910c765754eedbd0e9b64c4549621b0bb612eac4f01112ca91a242a915,52,868,7,125,4/5,0
HWS-002-FIFO,3,108,FIFO,limo01,1784023952841958306,1784024057175708801,0,0,104333750495,8,-97.61,11.33,0xee6c53b13aa5ea845727bb3253df4e37cd6fa4f105c88378c96ab62022adfb4b98d9e6418442273b37bba2a39668b42688709227,52,868,7,125,4/5,0
HWS-002-FIFO,3,109,FIFO,limo02,1784023954308639216,1784024176152912411,0,0,221844273195,1,-86.81,7.68,0xe011211b289ef7cb7334d18047df00c11ceef92325d179a240e8ab9a8e7dff4c74d92a3ac10de5abcfd4786d1739576835eff95e,52,868,7,125,4/5,0
HWS-002-FIFO,3,110,FIFO,limo01,1784023956514177471,1784024120317532432,0,0,163803354961,1,-87.80,10.42,0xb2e74d016ffdc2cd1b17e271b9781ded83fb4ba309dbe9df3b87b127103e25908c5552165531d5215337e044e30672be725d9919,52,868,7,125,4/5,0
HWS-002-FIFO,3,111,FIFO,limo02,1784023959943889699,1784024037503985797,0,0,77560096098,6,-94.76,1.13,0xa94be7747d3ed6c665d9bcd96ba8f88c7f66b334d58e60b92f64e75ed97fde052cd5ab654c1a55d4a6f4b2ab3b35c25736fdcb81,52,868,7,125,4/5,0
HWS-002-FIFO,3,112,FIFO,limo01,1784023965341429251,1784024142855543554,0,0,177514114303,2,-99.93,-0.04,0x378880265d9b4a61a6682430a0f3a11c54a1f973951447fb711710b5cb1f07f74f74878403e9657ecd222c3649bfb4d0a5627bb4,52,868,7,125,4/5,0
HWS-002-FIFO,3,113,FIFO,limo01,1784023967725302674,1784024154523665965,0,0,186798363291,3,-80.32,-1.34,0x725a06c675b3464494718e78a0945ef7abafce1e0df2846c2564f081fad6e7c55f3a7fe0ff3e2de88d6ce5b03ee9607ad13b4461,52,868,7,125,4/5,0
HWS-002-FIFO,3,114,FIFO,limo01,1784023972674452469,1784024053519875013,0,0,80845422544,9,-92.06,1.42,0x4d678db34744d0809e6a319665e58f96cee8ea0e5c1abe8bc140bccb5f7437cfa50ba9f86291915e1b828af9c2cb5d791dcc132f,52,868,7,125,4/5,0
HWS-002-FIFO,3,115,FIFO,limo02,1784023976713636161,1784024060211094290,1784024060211098702,1784024060378428141,83497458129,9,-105.47,0.81,0x9ed60013a15fc1bc72949e77de52229a2bdd2bcc96679c0e5aa0725abc735c0a2d7a09bd486468d19729a9bed3f7040ece532931,52,868,7,125,4/5,1
HWS-002-FIFO,3,116,FIFO,limo01,1784023977305387043,1784024054786201906,0,0,77480814863,3,-105.08,13.25,0x578d04a43354d08c9657075d8d852a823f57d88cdcbfd66ac24c19715e120d492f14fac30e4c2419a437d5e535dbc02517450959,52,868,7,125,4/5,0
HWS-002-FIFO,3,117,FIFO,limo02,1784023980183171811,1784024115939643411,0,0,135756471600,9,-81.33,10.90,0x242c5bb48d19472897294ada54f141f82f25215c686d903b0d91a8f0378b6df0c55bbc4841f06ab202ea286b6b29d9f82be8114d,52,868,7,125,4/5,0
HWS-002-FIFO,3,118,FIFO,limo02,1784023983779718897,1784024094803805267,0,0,111024086370,10,-92.14,5.58,0xe0c36e6df077e69d4532bc29ad3432d2ef71c9689d9ab7ef82f14166cb61883e3d9b9a5134d9275f5e67c103e335c8519b94a97f,52,868,7,125,4/5,0
HWS-002-FIFO,3,119,FIFO,limo02,1784023990405798744,1784024116051402744,0,0,125645604000,7,-108.32,2.06,0xd479aec7abddc24ffbf3bfea5a2f1af3d07942ebf529598fa64ea0dd92b8d50da0b23016017b25a6980e129bdd7251623961e2fb,52,868,7,125,4/5,0
HWS-002-FIFO,3,120,FIFO,limo01,1784023991287297014,1784024179709927564,1784024179709930282,1784024179882246667,188422630550,2,-85.80,-2.26,0xc69150a24c86de512a292dc8920419c0682a3953b3d406b013244638a93e25023530fa03fd4ce4c81a15cbf52f6f7e2ab13bfa37,52,868,7,125,4/5,1
HWS-002-FIFO,3,121,FIFO,limo01,1784023994987185626,1784024131501309798,0,0,136514124172,0,-96.46,0.39,0x14297ef3968d5922d51049755c61ef7c4e88e4521898e73c69b05ab2476601225e0fc6d76fd1ceb2e07fcea05b743aafee84d4d7,52,868,7,125,4/5,0
HWS-002-FIFO,3,122,FIFO,limo02,1784023999734555427,1784024302412973274,0,0,302678417847,10,-101.05,14.51,0x23fde96446eb8063c8eb50b4009b59d71cffa2b26c052ee47343f32ec806b1209c41a8fa19bb77fd807d93db97225748f61152bd,52,868,7,125,4/5,0
HWS-002-FIFO,3,123,FIFO,limo02,1784024003513464773,1784024414413408211,0,0,410899943438,1,-105.25,10.47,0xca3038a97d0396023a4a96ea3cad76017d2787144da4c09dd7a22c67bba9b72b887c5e2eee3eb1b1bbb8e8cba6d697a2acf47390,52,868,7,125,4/5,0
HWS-002-FIFO,3,124,FIFO,limo02,1784024005430955910,1784024208074347846,0,0,202643391936,4,-91.94,-1.94,0x23497a6e93158f4891133a4fd56be5248d7e184598126953e0dcccec73484d79e034837654d4d8c5cc87127ec0b201ca3daaa20a,52,868,7,125,4/5,0
HWS-002-FIFO,3,125,FIFO,limo01,1784024009816563937,1784024211866322048,0,0,202049758111,5,-88.61,8.50,0xa6d437fb9b7389b33ad7c72101aa709b697938403b76303a392aaafb73680fff1845e28f40ce7f0a6a21f2e73ea93ba37a0e3571,52,868,7,125,4/5,0
HWS-002-FIFO,3,126,FIFO,limo01,1784024014553826073,1784024123336579221,0,0,108782753148,10,-89.42,1.34,0x86a63b9d37d7788be421fcfc738fa641e12061b25807efe35745750953cb93ed8feb83f3bef61e1ef913f2f9716230b5cb058fcc,52,868,7,125,4/5,0
HWS-002-FIFO,3,127,FIFO,limo02,1784024016179519912,1784024162571410581,0,0,146391890669,1,-84.76,5.58,0xf7ebf03d1b71a47dd1ed2a85e07a727da6f04a85243d67462da7776dadd76057c473e68059ed7118b2a6a9d9d991f05265e96eda,52,868,7,125,4/5,0
HWS-002-FIFO,3,128,FIFO,limo01,1784024021469361984,1784024142532582183,0,0,121063220199,2,-80.01,-2.22,0x7dc175d10d36168ea108a71a3860b04d1eebe48440770f66821b5dbe7cb3b131274304669fe47308cb7b7fb08a001ca32eb8991b,52,868,7,125,4/5,0
HWS-002-FIFO,3,129,FIFO,limo02,1784024024765844810,1784024134355577768,1784024134355581303,1784024134523431163,109589732958,0,-94.22,-2.51,0xfeaf363e1da1ee102bb20d78db52e4df4a4bafa91da9bd55c0bd2b7ae4d6130e9a5151d712febe579c42914035baaf69f8f9f0f0,52,868,7,125,4/5,1
HWS-002-FIFO,3,130,FIFO,limo01,1784024025220608053,1784024300663007321,1784024300663011169,1784024300836943121,275442399268,3,-97.32,5.79,0xd114407bf10e986e48958f1a3d5483027666d8161a18502491b69e66e9b2ad4fe62a56a6ea2fa60a8db9c10ff5be8203824b7001,52,868,7,125,4/5,1
HWS-002-FIFO,3,131,FIFO,limo02,1784024031136892778,1784024175012784902,0,0,143875892124,2,-107.95,1.05,0xd75cf07828ea511eca8a61b39fae3ecc6f6c2762f32646b0f19a5493ef555961ed22fc140d4e2198753520a71d61a99db083c37e,52,868,7,125,4/5,0
HWS-002-FIFO,3,132,FIFO,limo02,1784024035257095881,1784024502508565158,0,0,467251469277,10,-95.67,9.00,0xa825df6d5cf647e1315237b995b1d1c5595340c565f978d754d40e6fe0f98e8be184f609e68eb156a30410554d27813c7eb0024f,52,868,7,125,4/5,0
HWS-002-FIFO,3,133,FIFO,limo01,1784024036853764062,1784024258789382325,0,0,221935618263,1,-92.15,2.68,0x69a57a5280e05d1c66a0887a2414f48a01fcf1b4f2ffef42edc7803369f6db998ab94906998095b8bb59c3435bfbabafd274ea00,52,868,7,125,4/5,0
HWS-002-FIFO,3,134,FIFO,limo01,1784024041123428190,1784024120617207594,0,0,79493779404,0,-87.14,-2.94,0xbc96dcd64a5e76c4584b6cfc9b4e5a5cf0cad0358653cf4039344ffd7473630ce09c8738eddfa7ec3a99fca437ce6571ac0b1d3c,52,868,7,125,4/5,0
HWS-002-FIFO,3,135,FIFO,limo01,1784024045196965805,1784024141232576717,0,0,96035610912,1,-106.87,13.79,0x57d017edd9d7425ea8d58dd24c8f4265f11578224e6fa86fe3a012122afc88ce4fed7e8a4ce63e44a0bc842326ca16ea7a7d7c4f,52,868,7,125,4/5,0
HWS-002-FIFO,3,136,FIFO,limo02,1784024047707189866,1784024095527636371,0,0,47820446505,4,-92.20,5.20,0xb03347d7ca9be1d8b9263e899871704701c22daa2d49170c2a53480d87fe0d71f9d6a29de235db4d1a57bb96a81f2958233bcb94,52,868,7,125,4/5,0
HWS-002-FIFO,3,137,FIFO,limo02,1784024051783867140,1784024347113317290,0,0,295329450150,8,-94.16,8.68,0xaf9b114fb80cb11d5592daa8e4e346ec242d1a390175f57dd8414a633c8c115b543704bbed4e932b51cdaab875eac6c55c6d42e8,52,868,7,125,4/5,0
HWS-002-FIFO,3,138,FIFO,limo01,1784024053689585495,1784024154619322470,0,0,100929736975,1,-105.96,5.53,0x3967fa6d4bdab7bfc58e806ebd6d071b251c7159979e231edf3255b911b7a72dc3ea186bfeb42f37bd5a82d1360eff2ff3784c41,52,868,7,125,4/5,0
HWS-002-FIFO,3,139,FIFO,limo02,1784024056950243224,1784024515315771350,0,0,458365528126,6,-108.95,9.96,0xb361483265b410d0c14565ec59cf1f1c1f08e46f0af0ff52a0a20d7a76d5121fb370291185cc3c3357289e8a6f3a6842a34c0ff6,52,868,7,125,4/5,0
HWS-002-FIFO,3,140,FIFO,limo01,1784024061512197267,1784024220364976147,0,0,158852778880,2,-92.74,5.80,0xdf002fb5c6a1ece63588603dcf7ab128f4bad6fe9ef0c2a9eefae8e081f114eaf063ff2b0ad309ca6d82620e16859b292a33725c,52,868,7,125,4/5,0
HWS-002-FIFO,3,141,FIFO,limo01,1784024066892862107,1784024137603169280,0,0,70710307173,0,-106.43,9.79,0x30f8f62e933f1bc8936c072eaeabd0a4d58de48c69e7baaf21bafd7d8ed429e284f5a6472f78e1164545021d10d74eca6edb588a,52,868,7,125,4/5,0
HWS-002-FIFO,3,142,FIFO,limo02,1784024070107775708,1784024166326765474,0,0,96218989766,1,-106.73,8.24,0x271ac30361ae3c6e817514ea370131232ec53ea356b30a1c5d659875fe4fb7a1add539b7505d76f64491221601ec7b6f379be001,52,868,7,125,4/5,0
HWS-002-FIFO,3,143,FIFO,limo01,1784024073394965143,1784024123341092487,0,0,49946127344,7,-84.74,7.46,0xfb11c260c6dd52ed76ff3e34e0f3315598de47a49b6642e45c0a5dfe3822ea6f0dcd7d335fd701af35a267317438940e8b8021fe,52,868,7,125,4/5,0
HWS-002-FIFO,3,144,FIFO,limo01,1784024077192858701,1784024677192858701,0,0,600000000000,9,-81.49,10.49,0xf8e202373658d07e7c05faf3fa7fe174dc7ebef2ccaeb867c87f6ee3c3150652c5617d8ca7a4566ae99da6e95ae203b20b0af064,52,868,7,125,4/5,0
HWS-002-FIFO,3,145,FIFO,limo02,1784024080628313050,1784024253726357952,0,0,173098044902,7,-80.96,4.65,0x1bb57f6897f7f0ad34e87d749a7caae14c03d6370fceb1b612007eab0f3060f21ce3f375d49e26c7a3e26eeb88e6124c791e8f8c,52,868,7,125,4/5,0
HWS-002-FIFO,3,146,FIFO,limo02,1784024082818778938,1784024277130555901,0,0,194311776963,0,-88.58,4.00,0x091997e2fc9d49296f8968114724e5959c80857b8e469b079ac4223621837c80eb5649d5437649f0e377be03121138dc9740ebe5,52,868,7,125,4/5,0
HWS-002-FIFO,3,147,FIFO,limo02,1784024085897444534,1784024134675367678,0,0,48777923144,6,-83.36,9.64,0x14d101fe027a718d5164bbbda5fe46251b8ac015d497673da2cf912893ba967c66121ea209a3ff864d053c5ba97911798e438cc0,52,868,7,125,4/5,0
HWS-002-FIFO,3,148,FIFO,limo02,1784024087587333873,1784024158384517256,0,0,70797183383,8,-101.86,4.96,0xcbea500652620aa7d6436ee9c0c3440f6873683392f5fc098015f6c44485c972afe68d4b81130a72b1fdea48f08576919d5a363c,52,868,7,125,4/5,0
HWS-002-FIFO,3,149,FIFO,limo02,1784024092052316662,1784024220976313041,0,0,128923996379,1,-102.04,12.20,0x371fc6cbe60a18c652206cf8df116edae98501039eeeb18358d76001333f0c01fdac09c1f4084ab5882efebfd9bcd9248514cfd6,52,868,7,125,4/5,0
HWS-002-FIFO,3,150,FIFO,limo02,1784024095160399068,1784024487763564319,0,0,392603165251,4,-96.62,4.15,0x69149f764f20ec156eaf20afaa3aa80ece50ff1e03d1b09cf1fc50ea8e98ec465098d12b8873d84db1d15f1b13373372625569d4,52,868,7,125,4/5,0
HWS-002-FIFO,3,151,FIFO,limo02,1784024099804170572,1784024331338660451,1784024331338665243,1784024331506709834,231534489879,2,-109.32,7.24,0x162193a5944dfb40e21ba8d76e7d11ded797834d8906f2aa5c95367125d7b55c3542bbc7822a9801f4e50c394d09ec5407a5bbfe,52,868,7,125,4/5,1
HWS-002-FIFO,3,152,FIFO,limo02,1784024104565618544,1784024193069914014,0,0,88504295470,7,-86.34,-0.65,0x7f2fc89e3e56944eeba89c8df4a22e63a200442060f98105e92a361681d58eb425a04de4e988d07ffc1249781b7157a4cf7d5089,52,868,7,125,4/5,0
HWS-002-FIFO,3,153,FIFO,limo01,1784024107188159208,1784024516351390638,0,0,409163231430,2,-101.62,1.07,0xa9beb0c6d8118894bdc848820fabaabfce5dffcebc14f2a165eba1983d6324325a8e3518e479102c1553dc0415867a97727f8a8c,52,868,7,125,4/5,0
HWS-002-FIFO,3,154,FIFO,limo02,1784024111080719450,1784024215562320443,0,0,104481600993,9,-102.22,-1.46,0x455a603faff83b9f00923e4fdb06fee734dfb96cca69775ea58e7e0369e280e350e9ebd0c3230744d902ee5fa9f0c4f2e4ffc7da,52,868,7,125,4/5,0
HWS-002-FIFO,3,155,FIFO,limo02,1784024111862141809,1784024181231419753,0,0,69369277944,7,-101.22,-2.32,0x69b9d36381938eba277a59bff17c96684785759b486f6b31e1c3f3d35fcd042b5ae242095fc8971e626c33e012d4c2f8a12a851b,52,868,7,125,4/5,0
HWS-002-FIFO,3,156,FIFO,limo01,1784024118660126369,1784024231442182644,0,0,112782056275,9,-88.22,4.62,0x04185380d49a776d0312af1a6c05738c07e9dde2b5e41a08ddc67e909178aba8ce1f9a29ec8c24dfec405b8d70c62017dc5a37df,52,868,7,125,4/5,0
HWS-002-FIFO,3,157,FIFO,limo01,1784024120558602895,1784024319721466033,0,0,199162863138,2,-107.26,7.92,0xcb4fe73c03c49922590059e92e0342249d7f6cfbb0599024e60e78b28799129c25dabad4cd47f95994c523957dd57ac12ddc1e92,52,868,7,125,4/5,0
HWS-002-FIFO,3,158,FIFO,limo01,1784024124348749246,1784024283114491784,0,0,158765742538,1,-94.83,4.11,0xce47dbeb4d99a29e142ea34e846483bec1c13858689125a9207ec2836cf791fa4fb97570b0cbdcefb5ccadca916fde3415d17b81,52,868,7,125,4/5,0
HWS-002-FIFO,3,159,FIFO,limo01,1784024128433554799,1784024288679963859,0,0,160246409060,2,-85.19,-1.12,0xba0b3e09317e08c70911309327a499731b2c550fa2d22dd5949bc62b31ddb76930efd9babed9258a353a08e0376219aaa155f739,52,868,7,125,4/5,0
HWS-002-FIFO,3,160,FIFO,limo02,1784024129385165831,1784024243849516593,0,0,114464350762,3,-98.89,14.51,0xbc7c4aeb7ab42cf94a4113c22cada78d128948f14483b4248e832962863f033f50e207005a98299164e6e80ea3c9a3fa249b43db,52,868,7,125,4/5,0
HWS-002-FIFO,3,161,FIFO,limo02,1784024133276780643,1784024357261763563,0,0,223984982920,4,-99.84,11.68,0x8482c75de35796ac0b0991df21a1f25109e32a80dc03b5dac47d9ca45aeffbf937605b5eee28e705bd85d03c67efe23ac2456805,52,868,7,125,4/5,0
HWS-002-FIFO,3,162,FIFO,limo01,1784024136409052782,1784024285619153720,0,0,149210100938,3,-88.75,-4.98,0x4259157bd63323777ec55253660328f78ef9d53e68eb4aaad514e459cdc367e49f2343aeef878c6d7c76162304a6ea5e8743edb6,52,868,7,125,4/5,0
HWS-002-FIFO,3,163,FIFO,limo02,1784024142893708945,1784024253546583542,0,0,110652874597,5,-89.28,0.33,0x952958925223d4c4678cd388961c601127ebd0471968b44085d31bb01db52ea6b142ef4b30a090d6a05e7b92bd7caab47eee0c06,52,868,7,125,4/5,0
HWS-002-FIFO,3,164,FIFO,limo01,1784024142891834083,1784024251657780379,0,0,108765946296,8,-104.19,-1.02,0x7f8bbc8005d59c0beb188e60ecddd2682c0487c3d5a1864ccd93191f489c8aad4dc1a570b5ab0811351283be34a48255dd5eb920,52,868,7,125,4/5,0
HWS-002-FIFO,3,165,FIFO,limo01,1784024148264351915,1784024298283143218,0,0,150018791303,10,-104.55,4.91,0x7a83df7e2013a77cabf70002118350d279eb0824f6eea096d48097b28d25ae213321dbeed879fe0e2b9a6a14ff47f4f525addc19,52,868,7,125,4/5,0
HWS-002-FIFO,3,166,FIFO,limo01,1784024149789214152,1784024314933557477,0,0,165144343325,2,-85.57,-1.07,0x165b65997e6461bc0c9fa3f9c0958086cc640f17552c4db42e42ac7bf2d74918eeeb9b63ddf9ee416abbea5cf1b9f6ac391fb3f6,52,868,7,125,4/5,0
HWS-002-FIFO,3,167,FIFO,limo02,1784024155027865038,1784024235126604586,0,0,80098739548,8,-82.38,3.68,0xe082c7d0f414d16e46a186ab66cc987c707f8882de23616db2f410e364092dde10cb671d2ea388b03afe4f338e1e830e3403da64,52,868,7,125,4/5,0
HWS-002-FIFO,3,168,FIFO,limo01,1784024159040048687,1784024239402876705,0,0,80362828018,0,-109.22,-2.11,0x8a293e3bacca267bdbf0070c2ce61006b1aa70306e8980b88326af9cadd150c47c6fc5302b18cb9e8ba6fc90ea3dd3f321e162cf,52,868,7,125,4/5,0
HWS-002-FIFO,3,169,FIFO,limo01,1784024160434895653,1784024317138198072,0,0,156703302419,7,-86.29,6.09,0x6edeb01ca750fabd096e7c2c6d60f8f437d595d1e5f68c6c989dec22e8f92d434c6d9d040a5745eafccf3ab7630980e25080cce4,52,868,7,125,4/5,0
HWS-002-FIFO,3,170,FIFO,limo01,1784024166159987073,1784024391443914726,1784024391443918179,1784024391610850553,225283927653,0,-104.27,-3.05,0x640305c27d059ea7594c4e8250fbe7641e4e9070aeb264b4158170bf34a09e3999d01cb6edcb65478bedfef138dbd5bb27f0942d,52,868,7,125,4/5,1
HWS-002-FIFO,3,171,FIFO,limo02,1784024170427896894,1784024269092619835,1784024269092624561,1784024269257744318,98664722941,1,-83.98,7.05,0xd2983a5e2161455f16a65fe90deb6349ff343091f6be4aee13e7079f30234c6555d7fcce8f639880e8bed5e2e86d5e22241ef034,52,868,7,125,4/5,1
HWS-002-FIFO,3,172,FIFO,limo01,1784024171244902430,1784024341563774758,0,0,170318872328,5,-103.37,11.96,0xc25e366d47b267149a75ac45aa57048e5368668733e6e2ba440fcc56af0a6fdd2c309f3bdc9ad8d85dc5861f8da22a67856f8702,52,868,7,125,4/5,0
HWS-002-FIFO,3,173,FIFO,limo02,1784024174203242171,1784024427332677246,0,0,253129435075,1,-104.57,11.04,0x50b6f6fd1d5d6485e26e25b306121d2cdf05048a950fe72fb2b7718a9bd72eb5fcf127b6bc0ae28b0234aaff0520091a9d1cb6e4,52,868,7,125,4/5,0
HWS-002-FIFO,3,174,FIFO,limo02,1784024179883557887,1784024494652104768,0,0,314768546881,2,-105.40,-1.76,0x29efd9adbf0aee9b937c9facd205f43261632b13dbc57bcda38c4ecd55fd5878cd00f19b6bf713df23a6f0558e74a0a99e65764b,52,868,7,125,4/5,0
HWS-002-FIFO,3,175,FIFO,limo02,1784024183791102031,1784024451296894766,0,0,267505792735,4,-95.01,9.17,0xe248427f41f94f9a047a0bb7ceeac075b7be088fd40b7ca8e701cdad67ac8bf83839b6e32526c2bd4aefad544eee7ffa5742fa44,52,868,7,125,4/5,0
HWS-002-FIFO,3,176,FIFO,limo01,1784024185282080113,1784024265113868472,0,0,79831788359,9,-93.86,2.41,0x8c5521467c67bd017254416453a601965c000d32ef5c7a0392480f33329e680a487acc71aa19e45d306f2224cb5c05f36c836746,52,868,7,125,4/5,0
HWS-002-FIFO,3,177,FIFO,limo01,1784024191357587460,1784024479740981766,0,0,288383394306,6,-93.17,0.85,0x5d676c85e29125949cd6b77551f2e8315e5620d8b64616d9310e43813591284143d068eced36a6a16b7c6a4f015a1b7b2fbe366b,52,868,7,125,4/5,0
HWS-002-FIFO,3,178,FIFO,limo02,1784024191774757667,1784024349418659621,0,0,157643901954,9,-107.53,10.19,0xb364eddd7ac1d8c775c45fdf2fefdf40460879c680a1f44fb56de39d9e8510e377f01058c2fa2c1634872cdaf669ff31f2175192,52,868,7,125,4/5,0
HWS-002-FIFO,3,179,FIFO,limo02,1784024196283714461,1784024303003773738,0,0,106720059277,10,-92.76,6.80,0x6085a693639dad7131476c030fe0893a26aaf33b8cc786086c926ee3ddf7e2a3b37b89aec2b93738db1ee64fdba94e28fbd82535,52,868,7,125,4/5,0
HWS-002-FIFO,3,180,FIFO,limo01,1784024199320749426,1784024273893253638,1784024273893255325,1784024274067485408,74572504212,5,-94.51,6.38,0x131893adab9bfb8f237060b2f0a70f573b8653675bc6fecdb29ac12fe4b99cb221c5be154b0e9e24765663acc5d790c6275bac84,52,868,7,125,4/5,1
HWS-002-FIFO,3,181,FIFO,limo02,1784024205274435321,1784024358621311327,0,0,153346876006,0,-93.19,3.13,0x73fa9531c295b53a9d4d1d3314657f0624db71bc1f14f46ea532712d9bdbed9e73370c96d5ed7999a7a288298e59e901f1520ef3,52,868,7,125,4/5,0
HWS-002-FIFO,3,182,FIFO,limo02,1784024207483280949,1784024347455750847,0,0,139972469898,4,-91.73,6.87,0xa319e19a516103120e6a297b0aaa3728af764ee5f6704d51f68a7eebfccb14d401b032bf2f3ec38c645066acd0982e8fa79bf7c3,52,868,7,125,4/5,0
HWS-002-FIFO,3,183,FIFO,limo01,1784024210542837466,1784024264377802312,0,0,53834964846,9,-96.73,10.65,0x14e9e98182e149eb449e2eedfa756e3d8d7c5e530c8eba1b62f77218188b58f29cb616b7fe79be9003528d5dafa49b2673535cf2,52,868,7,125,4/5,0
HWS-002-FIFO,3,184,FIFO,limo02,1784024212252186372,1784024789343056647,0,0,577090870275,6,-102.41,0.53,0x5ffe8b898304064d9e211ad84fafd71ff22e108ddea1977230c0240a38d61643ebd0f3d49361a2176585683b5513e90fd82aa914,52,868,7,125,4/5,0
HWS-002-FIFO,3,185,FIFO,limo02,1784024215567003988,1784024311507475536,0,0,95940471548,8,-85.12,3.62,0xb00c730ba2d961283d0087acdb2f8a54d2f4385d72bd8d74e5bb44dffb55591a56b7ff51bd25298597355fbe57c195eb12f8eb4c,52,868,7,125,4/5,0
HWS-002-FIFO,3,186,FIFO,limo01,1784024221118265660,1784024416221773216,0,0,195103507556,9,-100.48,-3.29,0x976ed9608914386f8e9eaa751a0ee297e955993840b66743d4f7233f1f0ea9333dd7141f76dc30f2d06c8ba7de034b950d66bbed,52,868,7,125,4/5,0
HWS-002-FIFO,3,187,FIFO,limo01,1784024225481230490,1784024474188927178,0,0,248707696688,5,-102.83,-3.93,0x2dc4dabbdf687a8e68a49c8e3ba8470ed9b16273ed6e6dfe781931467132f07065ca207c857865b521fd9d07cc2b688fffba5e11,52,868,7,125,4/5,0
HWS-002-FIFO,3,188,FIFO,limo01,1784024228027416787,1784024479929224069,0,0,251901807282,3,-91.49,8.61,0xc60e463da03850c17e4dfdfde182769f2b23eaff3df4a8d8b54b02a1f81b0ef9bbbe34c29073b80637ce9c6afa4eb4e0ce9f4b3d,52,868,7,125,4/5,0
HWS-002-FIFO,3,189,FIFO,limo02,1784024232849461489,1784024832849461489,0,0,600000000000,0,-82.97,2.88,0x839acf854a488ac01e9c65af9336d1dabd0d48a2bfeff649f3ac04c6b558ed565dbdf3ba58a67c17cbf242b66fc883f8ac4f7862,52,868,7,125,4/5,0
HWS-002-FIFO,3,190,FIFO,limo02,1784024234900409530,1784024474311147165,0,0,239410737635,8,-83.41,14.87,0x32528be9ca70a5f41960bb9757047b7913cc5c7369054ecdc42d3789932d9795687db1402e7c721d0dd62b1495b38aa6ba93e600,52,868,7,125,4/5,0
HWS-002-FIFO,3,191,FIFO,limo01,1784024236207420399,1784024397213693294,1784024397213697432,1784024397381352327,161006272895,2,-89.36,-3.03,0x2a61b89a54d4943c73b991f602a95880ae2e3625a873d45e1b2cb9cc76a4f56321166c8d08407c3a1b1dead90694c9a5d0985ae9,52,868,7,125,4/5,1
HWS-002-FIFO,3,192,FIFO,limo02,1784024242787364207,1784024381392550567,0,0,138605186360,2,-98.75,-1.77,0x28572f1c5e1b6704cf7c27f0ed8a7c5f3975256201deff00f94fd11e138e5e6a52e426b5fe747d71323087eabce82abfc69bc35f,52,868,7,125,4/5,0
HWS-002-FIFO,3,193,FIFO,limo01,1784024246912421650,1784024411621336020,0,0,164708914370,4,-90.86,-1.15,0x7dcbe69da0eb2dfaf5a6106641f31fd861d03855c65a9a53f3cd48c4f9eaeabf561c5101b7759086057ffa966ae96fb320546a04,52,868,7,125,4/5,0
HWS-002-FIFO,3,194,FIFO,limo02,1784024246920392585,1784024365085119463,0,0,118164726878,1,-92.61,5.86,0xeeb3119e924f2677968b1d71f58cf6e5a3095032c8b3232691f6ff4d7edc016c10bf06091f87e2b884b7d83a712dfcc31e8484b3,52,868,7,125,4/5,0
HWS-002-FIFO,3,195,FIFO,limo01,1784024251323009004,1784024413528214386,0,0,162205205382,10,-94.18,5.93,0x2ab49948b70bcff210a817f00dae638304b8ba4e4f6eca160cea38324931bbe2e91b7b486c2407b5caa8a8c702c8868b7d7008e7,52,868,7,125,4/5,0
HWS-002-FIFO,3,196,FIFO,limo01,1784024253803951903,1784024413480999684,0,0,159677047781,0,-87.45,14.87,0x3db7b5880eba45d9580f34340d5b90345d73bfd320a219072ca54744519b09f31a336b1daf69e79395d4bd60c4bd9db31aa5ffce,52,868,7,125,4/5,0
HWS-002-FIFO,3,197,FIFO,limo01,1784024257173488216,1784024318689800072,0,0,61516311856,3,-108.75,4.29,0x8b1d84793c54f7f8616f3edffc425bf46dfe4a9a19b9c35083417fcf44322d9443f9c11feeee8aa6fa3dca383bbef9c4a6a59fdb,52,868,7,125,4/5,0
HWS-002-FIFO,3,198,FIFO,limo02,1784024264197934642,1784024354578043777,0,0,90380109135,8,-82.69,12.19,0xd0a0245c9ac22733f5efef305e9b166b0a753a8b5f1b10e11850a08501efe464a583f728d6260b5911328cce0bdb02716380e770,52,868,7,125,4/5,0
HWS-002-FIFO,3,199,FIFO,limo02,1784024265196520003,1784024371581068679,0,0,106384548676,10,-92.57,-3.57,0xaad8179d1fd70974a3d0a65e584b85c7e72cf2c65c99d568fe4b895c5302c81b31c1b2c025d9f68c34913f0f421068e65ffa454a,52,868,7,125,4/5,0
HWS-002-FIFO,3,200,FIFO,limo01,1784024267434039179,1784024415187638838,0,0,147753599659,5,-87.83,13.22,0xec358afea1938d0a44025b11a48652a9980bd9641cfc0f38be5ce5bd60b4ca08add90f3fde5bdc83950a8b159e88c9d6209cf0b9,52,868,7,125,4/5,0
HWS-002-FIFO,3,201,FIFO,limo01,1784024273643163640,1784024390466428241,0,0,116823264601,5,-94.10,0.69,0x5ef869338f2da1613cb86083a59b58c580b6fd65468aa771b4ba92521f5a637431114a3789e7db67d26d78ffe33337c5bdda0aff,52,868,7,125,4/5,0
HWS-002-FIFO,3,202,FIFO,limo01,1784024274743740303,1784024412287089771,0,0,137543349468,10,-101.11,8.32,0xb9da47e9f494e6064af1b1142da6aeecce6df219a98fc7f2ba6fef5d7c5d35a604401a2fbd6360c0e1a7058f518b1f7bedc736ca,52,868,7,125,4/5,0
HWS-002-FIFO,3,203,FIFO,limo01,1784024277938526608,1784024440386183073,0,0,162447656465,8,-100.02,-4.14,0x4d3398e045133dfa9319491a417b819d64d690ef178f2994024ee1c1709ede7dafb5e8d2898464457e1e3cf4c20386a8f1e08883,52,868,7,125,4/5,0
HWS-002-FIFO,3,204,FIFO,limo02,1784024282070239811,1784024449919962476,0,0,167849722665,0,-82.26,-3.32,0x727ce30d17cb7983df2a2364436b7f75fa7842e8729d10a877a8c9c2abeec5ce92abf555a87a1b5c8688338116fdc5fd55fc6f18,52,868,7,125,4/5,0
HWS-002-FIFO,3,205,FIFO,limo01,1784024285440163131,1784024390481484439,1784024390481486968,1784024390653635107,105041321308,10,-95.70,13.73,0xec9f9aed8e8a6a7fc56bb0bf4d51bc24704a1604c4f5c1894e54a53a5f686bcdc3563628605b409d72b806a488b7aafb906dbe35,52,868,7,125,4/5,1
HWS-002-FIFO,3,206,FIFO,limo02,1784024292066410884,1784024389710472199,0,0,97644061315,8,-102.52,5.88,0x8ceff5598f99c13b7cf48a00b7f1047377895dc509aa0f4cd68cb4bd02a33b96fb3ceaf48006a81defb152e6e3ffe7b30a1ea268,52,868,7,125,4/5,0
HWS-002-FIFO,3,207,FIFO,limo02,1784024293216814420,1784024372473636624,0,0,79256822204,3,-96.28,4.11,0xea3e866a95c11c0fffc385a66e53bc741086783d7b35b0d72cca4fb37611a834bb12ec1839c17231172b63f54a008cf097e2f733,52,868,7,125,4/5,0
HWS-002-FIFO,4,0,FIFO,limo02,1784024297875079854,1784024594262243251,0,0,296387163397,9,-104.84,10.41,0xbade265e34c66d39e6b187f049a75c1361b9323bd83b4630936eef175f759762382ffed284be10fcd3df38d7ede65f763e8fbe6d,52,868,7,125,4/5,0
HWS-002-FIFO,4,1,FIFO,limo02,1784024300579028967,1784024796206113932,0,0,495627084965,2,-81.37,-4.99,0xa5b0d378eb73725c66e2ad1565978339aa2a78a0a61bbd0bdd2ba1fe7eeb6aa2e2cc6278371381bfa3885520bc25a35df92d569b,52,868,7,125,4/5,0
HWS-002-FIFO,4,2,FIFO,limo02,1784024302446594298,1784024397486271574,0,0,95039677276,4,-89.86,-2.53,0xab7795bab3c8cf523d1201ebedc75768c7a039b415e4f99320698931560cae4948273117b1740edb963e3b4c937dfdc6ad9cd4cc,52,868,7,125,4/5,0
HWS-002-FIFO,4,3,FIFO,limo02,1784024308737407145,1784024596185002201,0,0,287447595056,2,-82.67,7.85,0xe28cb7735b6772ef560265adf321481dc99eb8b6506bc6c7a2770c1c42462cef1ac8087cfc30ca20d826c805466f7bfbe4fbd05b,52,868,7,125,4/5,0
HWS-002-FIFO,4,4,FIFO,limo02,1784024309365050528,1784024537037975808,0,0,227672925280,2,-83.73,9.59,0x4e57066c8ec571cc78f9823d34a5e2e127f69b266e02988e2030d7bd4f4e0261634b73b5860c86aea78cdcb21f202a4bc26643da,52,868,7,125,4/5,0
HWS-002-FIFO,4,5,FIFO,limo02,1784024314693151715,1784024444961664168,0,0,130268512453,4,-89.37,6.25,0x35edfd28f2ed4138e11d4ff87e7454cfcb81286fc5b29846fec86e4331688e253f08a1d75f68c659964a0c4795a635276281b391,52,868,7,125,4/5,0
HWS-002-FIFO,4,6,FIFO,limo01,1784024318441758641,1784024554015868837,0,0,235574110196,10,-80.09,13.24,0x8f6dce4e54abbc0d171cc07ee030fdc653bf7120b3789cd3dcbd3d1375291846ca2ea80cca0105e0c0f381544c98deca8f2f2444,52,868,7,125,4/5,0
HWS-002-FIFO,4,7,FIFO,limo01,1784024322491982122,1784024527174426029,0,0,204682443907,4,-101.65,12.90,0x93ebc8ab1aed385dde265e277394f7cfeff57bbf513b01405b4d490d965b9c3863d77909779e8e25592fff2fb4b42ea2045847f5,52,868,7,125,4/5,0
HWS-002-FIFO,4,8,FIFO,limo01,1784024324251917335,1784024427374006646,0,0,103122089311,9,-94.28,5.03,0xc9310fa0a08527a07cda95699aa07b30f42f3e7d080d94b7930de87ca37f4d85522f8bbaf1493867cc300780353fbe280a481c04,52,868,7,125,4/5,0
HWS-002-FIFO,4,9,FIFO,limo01,1784024329549339354,1784024490348433431,0,0,160799094077,10,-94.14,6.72,0x1f4b78b42240b437f92b3a2a04107a17a28a1dac30a25713ee2e62bac959173a41470a18ebb85c6a7a01e05e6a958c96c3062d3c,52,868,7,125,4/5,0
HWS-002-FIFO,4,10,FIFO,limo02,1784024331093727777,1784024382874577225,0,0,51780849448,9,-97.06,-1.26,0x463359704209da0a6352b493459a8d8e8f1d6601cc48f3962ca52357246806f4763a720fc4b689d5bd8164f24183376f4294bc31,52,868,7,125,4/5,0
HWS-002-FIFO,4,11,FIFO,limo02,1784024335287903203,1784024444192141051,0,0,108904237848,7,-106.39,1.48,0x53601bc8587b78a3c28c30dc34e06c8f0ca77427c3cfe95e649164302a34a75bf9c46c8e7123d5dcef7dce88eb5cca755cae6f86,52,868,7,125,4/5,0
HWS-002-FIFO,4,12,FIFO,limo01,1784024337027636087,1784024408349195176,0,0,71321559089,5,-92.56,12.29,0x80584c0d5fdb1b1cabb2dcc28c692b312f64d35de0b6ec29f9bf4e7380e9ec6f45b76f09a2e26fb1a3b591cdbc3f4fdb44b99d54,52,868,7,125,4/5,0
HWS-002-FIFO,4,13,FIFO,limo02,1784024342179758256,1784024491158249668,0,0,148978491412,6,-98.96,10.92,0xb39e2f506b2334f18678addd65ff1546fba32aae3798e59e2b94a76307de9d39030870bcded11f7f4d5f47c8fc9fecc9b6e59a51,52,868,7,125,4/5,0
HWS-002-FIFO,4,14,FIFO,limo02,1784024345008465563,1784024429763742226,0,0,84755276663,2,-93.55,8.91,0x3a1c63db3a1ac25ff160c75c6b916fbf72ca3d8e67aa77948da62fb14f7c3c63f07fbf95a5013b8f071c4851428df316ad51b9f1,52,868,7,125,4/5,0
HWS-002-FIFO,4,15,FIFO,limo01,1784024346548099626,1784024482781422202,0,0,136233322576,7,-101.57,7.45,0x1766952881e05ef52df2e0933dda0600676aa7f3b2072af28cb45bfd1bfe00ab259e0f23497c21723e637fa5cc3871ded0b96ebb,52,868,7,125,4/5,0
HWS-002-FIFO,4,16,FIFO,limo01,1784024352456586697,1784024568394226829,0,0,215937640132,1,-99.52,11.33,0xe912f68b70d6bf265f8fcf9eae1fc3097f3e5c53a8aefdbd6c0f157ed3ca45963ad66b40c74340e250e6732fc81a9baa0c49917b,52,868,7,125,4/5,0
HWS-002-FIFO,4,17,FIFO,limo01,1784024353587666453,1784024539562442913,0,0,185974776460,6,-101.84,-0.17,0x0ee6992261d030fcf6eea8ea83c2601da7b7616f32f74c01662c46b3469dad91f435da35bdf1f5b93ee89553ef5e43a0bc518772,52,868,7,125,4/5,0
HWS-002-FIFO,4,18,FIFO,limo01,1784024356930747988,1784024447059801012,0,0,90129053024,4,-107.38,1.34,0x9b280acf66f1ba4fe7cf999941a76fb427c5bed956cbb7fa82c8dbb3dc99883775ae093a06c5d0198e243e3e3bb67bf25819acb1,52,868,7,125,4/5,0
HWS-002-FIFO,4,19,FIFO,limo01,1784024363461642848,1784024510433522190,0,0,146971879342,3,-85.25,6.81,0xac0f923e3abb043ab678d50d388ce16ccbcf7136cb78791b6d905c6c4b0aa2d59f6ee1b67610aa7e88d71d5472b2a80f428a96e3,52,868,7,125,4/5,0
HWS-002-FIFO,4,20,FIFO,limo01,1784024364922278786,1784024521427488605,0,0,156505209819,5,-95.00,12.97,0x910e7c3c05c0852dc0756a35c25b428ce8dade790ffeee48887596d18a2f29a440094be0710acd0ee5780a34e4c2359124b9b3bf,52,868,7,125,4/5,0
HWS-002-FIFO,4,21,FIFO,limo01,1784024370456238429,1784024547146929800,0,0,176690691371,5,-81.58,12.63,0xab037d0a33302700b7439256f45bbec59369bf368bd1ddbeab996fafc83e419e13ea6a732e3735c5154bf6ccacdeb01541f069a2,52,868,7,125,4/5,0
HWS-002-FIFO,4,22,FIFO,limo02,1784024372706835563,1784024534746089196,0,0,162039253633,5,-93.97,8.59,0x89b375d85cba0b37a01cde5c368bcf33d37c7aef14c5cf50b8a79006a0bed446fb16a414718f944db9eab6223f15baabd870b566,52,868,7,125,4/5,0
HWS-002-FIFO,4,23,FIFO,limo01,1784024374533449716,1784024540930379861,1784024540930383501,1784024541103727205,166396930145,8,-104.80,11.94,0x65a930c5754b62fe5f32229b5a83907349c95f6000218b61bfa54e3a0ae5019a99d178c8bba68e7ce1a20b7664bed4ace5672a17,52,868,7,125,4/5,1
HWS-002-FIFO,4,24,FIFO,limo02,1784024379721565223,1784024485143332378,0,0,105421767155,1,-97.70,10.67,0x5387b37272c55cf6aa355c367d3af6745dac7d5f464528536c590589a0e1be8f92dbb2f46f9d2308c711ccc15dca114d604c4708,52,868,7,125,4/5,0
HWS-002-FIFO,4,25,FIFO,limo02,1784024381927218582,1784024600030545365,0,0,218103326783,3,-85.49,6.47,0xda85dfc3d5d84f18875b5c1d34ba1cfc43732379164e330f9f2c477238a01e2df224746ce636935f36a5765f52d8b0aee1db3709,52,868,7,125,4/5,0
HWS-002-FIFO,4,26,FIFO,limo01,1784024386250446020,1784024680439661724,0,0,294189215704,0,-107.47,3.65,0xf5278bea89d4003dd8b0de8c3fa17db166a81e522426f9b0bc5d2ea49aca8d9fe77ed67978cc39c59df29d4e08b2b940c3c415b5,52,868,7,125,4/5,0
HWS-002-FIFO,4,27,FIFO,limo01,1784024388330974820,1784024575207438826,0,0,186876464006,10,-99.69,-5.00,0x32a80d7f9571f1d57a38098de3f6be713bf9a41cb8905224a445aa30a646f56d2821e6e0e40beae5e01b5bc8f5a8b5a3027a0ced,52,868,7,125,4/5,0
HWS-002-FIFO,4,28,FIFO,limo02,1784024393220083441,1784024573755052645,0,0,180534969204,10,-97.31,11.50,0x535d038b8a7665e97a708eff729ae4655c4afdeeb7c3f6243ee03b7d128312cb5419f303dcc7796463cc86d2641ba193d928ec8a,52,868,7,125,4/5,0
HWS-002-FIFO,4,29,FIFO,limo01,1784024397164757706,1784024597187613376,1784024597187615520,1784024597353554828,200022855670,5,-103.76,-3.55,0x923c017a5f6af27d41920bc909cca0f080eae19048d2c0bd934f53971e0e531d42cc3603672254446edb524913ac787d76bab5a3,52,868,7,125,4/5,1
HWS-002-FIFO,4,30,FIFO,limo01,1784024397390618937,1784024686132480430,0,0,288741861493,5,-93.16,-2.10,0xebaadcfe6718472712c338d7c19654245b9be7201358315ef19510f496cc80f55923c89618b50b088b63f625fbc57fc6bebb703d,52,868,7,125,4/5,0
HWS-002-FIFO,4,31,FIFO,limo01,1784024403161239219,1784024521952359611,1784024521952362558,1784024522123702790,118791120392,6,-84.97,12.29,0xa3415c0111efbab6cf1037c36d4e89e9f8a41951307268a4f6161c9ffc85a84e5dc1f7e217b699bb20b6c915b929f81d029f802f,52,868,7,125,4/5,1
HWS-002-FIFO,4,32,FIFO,limo02,1784024404519854626,1784025002923817698,0,0,598403963072,0,-86.13,-1.65,0xe30b0bb94d14f8a788abbb13500bc4c28776c314e4febcf0cfca629169b3e5c1a279d1e7b4e59d9e8f8145c201dbb045b54f5b5f,52,868,7,125,4/5,0
HWS-002-FIFO,4,33,FIFO,limo01,1784024411036006302,1784024729838713469,0,0,318802707167,8,-84.01,9.53,0x55b9b3335bcd40cfd92107e3d2ce50ecafff50d0cf94fc409264dc7a1ea3cd66533e4da344de7bab84b2fae60508f7e644a38a88,52,868,7,125,4/5,0
HWS-002-FIFO,4,34,FIFO,limo02,1784024411846484071,1784024693287516602,0,0,281441032531,9,-109.31,10.98,0x07de7d6c59baa58c75bbfa954561357e5d10d4bb1aa916c1d0ff3e8b75e3333ebb9da5610bad5fc8fd2c1710c48dfb6d19cb068d,52,868,7,125,4/5,0
HWS-002-FIFO,4,35,FIFO,limo02,1784024415751011648,1784024631396295786,0,0,215645284138,7,-104.87,7.32,0xc1dd67a703d68f7ad413339d545d13a651cb9f5b0f6439ae6b7d002ad2396ada0937f9f11e29de548f09c99a5165f7edb2a3dbce,52,868,7,125,4/5,0
HWS-002-FIFO,4,36,FIFO,limo02,1784024419554552621,1784024583069154375,0,0,163514601754,5,-98.45,6.84,0xd5d32fb630ec4d1d6b00659e2d8bda2c73cfe76010d280a37ac6b98fe4dab2d92307199905f9710525bdcbe0744f9c0a24941d02,52,868,7,125,4/5,0
HWS-002-FIFO,4,37,FIFO,limo01,1784024425198082255,1784024513855668576,0,0,88657586321,4,-109.31,8.94,0x0bbfe04d4eb6386f6d37db541da0974e02db50dd35705c9215b3a583db8a806288c41a7857d78c1d75d8e5453838daee17ed63ef,52,868,7,125,4/5,0
HWS-002-FIFO,4,38,FIFO,limo01,1784024427704457308,1784024716914245106,0,0,289209787798,10,-81.67,12.12,0x83a169d2566b57f91838ab3d9237bb2a0ec8c9f699c10e9b8753aa21a822a08db695c7d1a9815fd764ab7b32cd3ecae2056479b6,52,868,7,125,4/5,0
HWS-002-FIFO,4,39,FIFO,limo01,1784024431443992446,1784024618612748669,0,0,187168756223,0,-85.00,6.66,0xfaf19d7b87094fe232d800e5dda63a6294499176e860f0aebc7f04351d08b2ec7519f118cf1aed46c5de1f2fb4834a9d19519c18,52,868,7,125,4/5,0
HWS-002-FIFO,4,40,FIFO,limo02,1784024432481762023,1784024575549369863,0,0,143067607840,7,-104.44,-2.47,0xf4a3a84b86130a9b9a376a869eecab0c4057684f7af008b201e5ae6ffb613a1c1e76d1b5581f0aebf1ce8589ae324cd85123e88d,52,868,7,125,4/5,0
HWS-002-FIFO,4,41,FIFO,limo02,1784024436089309975,1784024531648357410,0,0,95559047435,10,-95.72,7.65,0xe93640a5c326dae656b7e9c12da11b0b4e28d995a6181a967c729b433d5a473e15e75cff46466eb44f27a3e3607133d8b862fcdc,52,868,7,125,4/5,0
HWS-002-FIFO,4,42,FIFO,limo01,1784024440771217194,1784024733720856489,0,0,292949639295,1,-107.97,5.11,0x51a8a6c30b5107c88a585fd80b84b68555803687628708380eafaf48d2a9f0339e2e1a5adfba05ce84afc1ad0871eba2a4859236,52,868,7,125,4/5,0
HWS-002-FIFO,4,43,FIFO,limo02,1784024442876988263,1784024548367934491,0,0,105490946228,1,-97.63,6.71,0x16c10a7370b568f57260ff146d4eca559c07ff68db368e0566ff5c429f917925280e9e0556e58a42479b72f395d923c528ae2595,52,868,7,125,4/5,0
HWS-002-FIFO,4,44,FIFO,limo01,1784024445149904224,1784024560477241585,0,0,115327337361,2,-96.24,1.38,0xa7272581c9836f571aa80dfac2da7355e92940e40c558d43ecbf9a01a53227872e997ec7ba8f1f15e9cf6fc843d2f441c12940a5,52,868,7,125,4/5,0
HWS-002-FIFO,4,45,FIFO,limo02,1784024449965319568,1784024602802234150,0,0,152836914582,1,-109.84,-2.92,0xf3fb4c2e0562e0e8576bbb7a8bbb378f7fe78bda54fd28bbf924581600459fd7a3a66eb23447b2b14e72c5cdfa9b29085d97510a,52,868,7,125,4/5,0
HWS-002-FIFO,4,46,FIFO,limo02,1784024455721424819,1784024797197377436,0,0,341475952617,5,-85.72,1.42,0x7fbc4f82027e7cc16d908870c2ffecddcf39e1575340d9028e9087be28868f0ee241c76cc0259bc72356ceba250667824da48b5a,52,868,7,125,4/5,0
HWS-002-FIFO,4,47,FIFO,limo02,1784024457074949250,1784024598925042543,0,0,141850093293,1,-99.91,12.44,0x61e85e4ee9afcf98d6d196ba31ea22414c811d7a8b2134f1b9c474141f385a26b2b46c614dc90e93f7533f83f7a4acd74d63166e,52,868,7,125,4/5,0
HWS-002-FIFO,4,48,FIFO,limo01,1784024459043286644,1784024640907567570,0,0,181864280926,1,-82.75,13.42,0x11c4b47707d2b0bb961659c1b767d1d385b2cf7ae11d2629867db8f184864b83e11f68342c40be648dad5acd8cd18a6d32695079,52,868,7,125,4/5,0
HWS-002-FIFO,4,49,FIFO,limo01,1784024463626042905,1784024636408694025,0,0,172782651120,10,-83.88,11.33,0x849638f0d081c1c68bc35a68ee504d5eb68eabde81d401c96ed922a824cc97b6b1792c712c67aabc703879df0e3dac05f29e8dfb,52,868,7,125,4/5,0
HWS-002-FIFO,4,50,FIFO,limo02,1784024469499980630,1784024618521864539,0,0,149021883909,1,-100.76,5.13,0x6bcab6a6935ea837f0a8d262b954612601e104c93d1fbb80860c9ea9fbe913fa3431eb5d6ec450bf5b8eceafdbd9d75790187e8f,52,868,7,125,4/5,0
HWS-002-FIFO,4,51,FIFO,limo02,1784024471056797324,1784024650584943133,0,0,179528145809,2,-88.95,-4.81,0x08ecbe09e98c168a33267fa0ede98c52eb11010d034e8a7a709dfb08e062a817c4938fece49f0d9096a03a368fa7fe81402757d5,52,868,7,125,4/5,0
HWS-002-FIFO,4,52,FIFO,limo01,1784024474903156436,1784024669884594280,0,0,194981437844,8,-97.75,1.88,0x8aa855b5c239632d0ad6e9c5f0802c0614de74a66b4a57e8d84a2e62b1d41997fe7450eab4e254f5ad9071f37a1aa42760fafa47,52,868,7,125,4/5,0
HWS-002-FIFO,4,53,FIFO,limo02,1784024478271005915,1784024822670888662,0,0,344399882747,2,-102.51,4.25,0xb27a8cd1aca45fdd5a0498e62f976de59b4dd1ec227ccb15f8039515800cfa4828b6c2f7af125e1a53970b577bcacc126755b917,52,868,7,125,4/5,0
HWS-002-FIFO,4,54,FIFO,limo01,1784024480360403985,1784024639685680873,0,0,159325276888,9,-97.44,13.01,0x9a87097e25e3d2deca156fe9bcd8d89a6b8599960e8827db1defbf58fe8f12f4b9abe8d1cebec2aabfbfd34dc35c9875ef2cc480,52,868,7,125,4/5,0
HWS-002-FIFO,4,55,FIFO,limo01,1784024484400020754,1784024740527414307,0,0,256127393553,10,-86.94,10.09,0xfd4e6da20f9f30cc0fafa4a5fb4f3f3282d02daa0476e34808749128ae2c132d8f964ec3e568439071b57d15f04842b82ba7b2db,52,868,7,125,4/5,0
HWS-002-FIFO,4,56,FIFO,limo01,1784024489164125529,1784024647268870964,0,0,158104745435,3,-87.91,-3.22,0xe08af7621082e5d6ea54d773a410aa8ec22e422d28d1e9234f9a0dadbf3ba01ed44656118fdf3c640409db93cf26f9241f0b4ad2,52,868,7,125,4/5,0
HWS-002-FIFO,4,57,FIFO,limo02,1784024489556169628,1784024571112665198,0,0,81556495570,6,-88.48,-4.18,0xa1cfc27ddcea8c866d8a8cb7bf91521e1d4b68d6afee58e35e6dfe2ae916cca3cc867e3440e4419b1771cde77217dc806f04f309,52,868,7,125,4/5,0
HWS-002-FIFO,4,58,FIFO,limo01,1784024493007118128,1784024587085091696,0,0,94077973568,6,-81.18,11.40,0x39b5842a1ae1dc6bd492476bb99b309ad8df133f580d27f43efde0245f23b4053fb0dd0f5d0f099d55488dc02aaf085fefe078de,52,868,7,125,4/5,0
HWS-002-FIFO,4,59,FIFO,limo02,1784024497942113871,1784024662191295929,0,0,164249182058,2,-101.69,11.67,0xcf4d17aae9523a1f0e09a4f321f279275e2c58c427d9fdf39957d09317ca21f1f0089c9b2684b2d61c6a82d928f6997e0b073a84,52,868,7,125,4/5,0
HWS-002-FIFO,4,60,FIFO,limo02,1784024500878774234,1784024738112303807,0,0,237233529573,4,-82.54,14.01,0x606933705c14e03a0744803e4570df1cecdf801fcf438668ab04159dbb8f4bee304ecb563f779af5eb9af61367d2b822a51f00b9,52,868,7,125,4/5,0
HWS-002-FIFO,4,61,FIFO,limo01,1784024505289108966,1784024647113910983,0,0,141824802017,6,-96.82,-3.66,0x377ba0cd17048d15cc619d4e068cd0b1bc073bfe5417a66d765ed5fc82a5fa3e47dc31992f5a8c239d3ed9703e4c0c0eaea7a16e,52,868,7,125,4/5,0
HWS-002-FIFO,4,62,FIFO,limo01,1784024510031228391,1784024689929317507,0,0,179898089116,10,-104.60,-2.97,0x56b376337ce4de04fc0ed7df3b528bb989cb04dca22d7048c9673d4522a3d111a138522d8fe7a8f39db1390d5a0560a0225d8e57,52,868,7,125,4/5,0
HWS-002-FIFO,4,63,FIFO,limo01,1784024512980843309,1784024670394242248,0,0,157413398939,7,-100.78,11.82,0xef00e13f51455cdfc06eaa65aa8068fbf5aafc8a9fe97f80b414b64a0e6c71d99ef3adfba1f7bee8bc7729e53acfe2a9d9b627b5,52,868,7,125,4/5,0
HWS-002-FIFO,4,64,FIFO,limo02,1784024516833419288,1784024727691065271,0,0,210857645983,9,-106.60,3.62,0xb536c991876f1402c8172e8dc010297231632719b656e63c6a78f1a5c606e0de9cb633bfad6616c5dff9ec0d20495afa301c76d5,52,868,7,125,4/5,0
HWS-002-FIFO,4,65,FIFO,limo02,1784024517394257105,1784024954330360642,1784024954330362516,1784024954504999471,436936103537,9,-100.87,6.47,0x6212441f70ba18e172996e8415e2c8582bee5a0bca27a391674212c111c448ab5fbf19577f34c41aab6f21545b4244f20941198b,52,868,7,125,4/5,1
HWS-002-FIFO,4,66,FIFO,limo02,1784024524179988677,1784024635241776629,0,0,111061787952,4,-101.40,11.52,0xc4f9ae8eaa0accbc71b393f4e369286325a316f48c814862420db4ac558dc7a53dd303e2e0b39993b3425fe4aea8240508206d85,52,868,7,125,4/5,0
HWS-002-FIFO,4,67,FIFO,limo01,1784024526481491978,1784024691956640054,0,0,165475148076,2,-105.33,-1.27,0x54c70b781a237590402f0ed8677598d2671abf0ab90fcb6bb2aa21b6cb6dd21377a848b6f7a95c236dc815953d2906816bd5ae6b,52,868,7,125,4/5,0
HWS-002-FIFO,4,68,FIFO,limo01,1784024530834326791,1784024838859688790,0,0,308025361999,9,-95.73,9.83,0x0ca08e0ad492c36fa264e5f4285edf291181de87d43fdcb081b85e02a4965393bf2ed72c4f43299e2248ba597940756ffe08aa59,52,868,7,125,4/5,0
HWS-002-FIFO,4,69,FIFO,limo02,1784024532654538410,1784024587458195596,0,0,54803657186,2,-88.12,-3.52,0x1cf480ac41220c191b8b25aadfc8f71a35fd910fad3582c30e0cdbeccea652e0667dafaf0521d24d1afaeff1fcb467a7bd8b44eb,52,868,7,125,4/5,0
HWS-002-FIFO,4,70,FIFO,limo02,1784024534394567364,1784024742979843005,0,0,208585275641,0,-84.15,3.11,0xa76a12ec73eb8491e8a35d5006b743dad995391164f41545ce99cec65e997354381b6c1dd9d595b22487594f4b9b364c5ae8be77,52,868,7,125,4/5,0
HWS-002-FIFO,4,71,FIFO,limo01,1784024538840360079,1784024714162106856,0,0,175321746777,3,-84.02,12.20,0xf848b8ae316269071ee7f8d9c872ed6e36c3389426c5b15cadaff896a67d12fe8e62bef2ef972d911e45f52bb9cbe653ff7b1c13,52,868,7,125,4/5,0
HWS-002-FIFO,4,72,FIFO,limo02,1784024542902724214,1784024705532083184,0,0,162629358970,4,-83.73,1.23,0x8ffb093ac2b12efef591eab564cdbfe96ba53587b4619feed6e375a1f2e4b4a65a6d7c294b30f0ff0e1e1a51e87eab55a5369803,52,868,7,125,4/5,0
HWS-002-FIFO,4,73,FIFO,limo01,1784024544551793227,1784024653802688057,0,0,109250894830,10,-105.33,-2.52,0xa4efa12d15614dabaee401657975f2ff8cbfd3032ee61c41c9b8849c0804f24013aad6d0599e418cda8be82adb7f699443f23028,52,868,7,125,4/5,0
HWS-002-FIFO,4,74,FIFO,limo02,1784024550649159798,1784024604356815092,0,0,53707655294,10,-105.13,-0.45,0xde207826bc187be7f3bd8798db5257435eabd3885b4aeda0dfb7b35c408edf19429447afc72ab35422ea35fd7b0817245073a69c,52,868,7,125,4/5,0
HWS-002-FIFO,4,75,FIFO,limo01,1784024551429850412,1784024658369332410,0,0,106939481998,1,-98.00,14.32,0x39a598c7e5791f9a85867e620477f24973b20bd8f05e7d8ed3d66abef518321ec31f7c4b2dd5c8e28dfc1f60aa86b1cad85930da,52,868,7,125,4/5,0
HWS-002-FIFO,4,76,FIFO,limo01,1784024556544708589,1784024707101226871,0,0,150556518282,2,-100.87,11.66,0x9b1310f83eef796f137593ca6e2679ba07dd12cb3953cafbf60af27a82459247a4c1b087cadcd38654e87752091e0cf373982f5c,52,868,7,125,4/5,0
HWS-002-FIFO,4,77,FIFO,limo02,1784024558046134410,1784024661433265925,0,0,103387131515,2,-100.28,7.27,0x8df1c0744c69954253ded5c460d96427629fe08d165ddc421039374813edebc553902d03194d0a8b5c455f5f89bf75a1cc11e865,52,868,7,125,4/5,0
HWS-002-FIFO,4,78,FIFO,limo01,1784024561623038176,1784024671938108216,0,0,110315070040,3,-92.23,14.58,0xc6d868debb479d726c1ee0f569ad801af287405222b3d4fb7794b34ccb7c92274408b81e8b383949955a0b9add14ffd64d2e3238,52,868,7,125,4/5,0
HWS-002-FIFO,4,79,FIFO,limo02,1784024566278515021,1784024751081606795,0,0,184803091774,0,-90.35,10.41,0xbdf4c126ed681482564184efa122f0c3e9a17be53b1872b17f59f477277e8611b7ee08b9cb6e7e614acb8a72d0f909d903704511,52,868,7,125,4/5,0
HWS-002-FIFO,4,80,FIFO,limo01,1784024571921524937,1784024716955767514,1784024716955769557,1784024717127610084,145034242577,2,-92.65,-4.89,0x2fd9496aa5092c20f60169a2df1e3b45e261759160979c059a6110c0caedd7a2e10769ab0bd8ffcf97700554520f34494b7e0418,52,868,7,125,4/5,1
HWS-002-FIFO,4,81,FIFO,limo01,1784024571694821875,1784024824323684718,0,0,252628862843,2,-87.30,4.54,0x6bbf419b45fea48db7339e05de4af3d6765193cd076695294decb8f890cf8139c988fef2d96f35cb534f412e57904bfae1a6f817,52,868,7,125,4/5,0
HWS-002-FIFO,4,82,FIFO,limo02,1784024576093014762,1784024689099351878,0,0,113006337116,9,-104.24,-0.54,0x43b30fc154a73c863410a40d747fc87fd5b9c28d737c1ab88a2c0b95145d8e5cb3b9bb6d4a9a0715edd282ebabcd5560467e7b1d,52,868,7,125,4/5,0
HWS-002-FIFO,4,83,FIFO,limo02,1784024581327587320,1784024696375268232,0,0,115047680912,3,-109.85,6.58,0x78a4400850077a017f3acfebcf0842b81e96ba0dce27ce746619e80650760eaef51865b7c54f97d8473330331591842ce361a1fb,52,868,7,125,4/5,0
HWS-002-FIFO,4,84,FIFO,limo01,1784024585495028716,1784024724274555575,0,0,138779526859,3,-80.76,10.34,0xb0e5ad5700c7028b76c2e91fad9e7e663583980119b58ef30ac2addedb20e08baf1fc7220806bc9b8a0273df767b9611850475da,52,868,7,125,4/5,0
HWS-002-FIFO,4,85,FIFO,limo01,1784024587395510792,1784024708145295547,0,0,120749784755,3,-81.60,10.25,0x71700a39e0d8baa5b0f27244638c29dda5e83576baf925b3899b026ae5fc2f8fa942ca2d2924ee5295c16efe12600db15245f44f,52,868,7,125,4/5,0
HWS-002-FIFO,4,86,FIFO,limo01,1784024592012941363,1784024681345824744,0,0,89332883381,6,-80.91,2.49,0x179ab2c39f644ded6b1045f42492ab88ca79df37a42e05f2cbb1ec51322863b8b13c0772a8866dcfa4f67d54bcc6e2c9086456aa,52,868,7,125,4/5,0
HWS-002-FIFO,4,87,FIFO,limo02,1784024595519503132,1784024778353575738,0,0,182834072606,4,-85.48,-2.65,0xf72e7f8916444ea094d2e1e8f23d8a9862ab613609c85c9763e9a4e1715e89e999732cee996371b06ab42885f907c98238a7279e,52,868,7,125,4/5,0
HWS-002-FIFO,4,88,FIFO,limo01,1784024596711035778,1784024917432233246,0,0,320721197468,4,-109.47,3.04,0x2ee64fac3b63093644d2f72da75fb6981540765720cdff3e3b9755c521d4b1bca32054603b88ead770e17cf3906e752033f7dde6,52,868,7,125,4/5,0
HWS-002-FIFO,4,89,FIFO,limo01,1784024600782381136,1784024838650136635,0,0,237867755499,2,-88.88,11.05,0xaaccbc86c2668827e17cd71ffb695dcc55077d2f0b7a6a0d86d8e57573a78bddc36b3697f532db0ef4fe97b3cb50eab14adc0851,52,868,7,125,4/5,0
HWS-002-FIFO,4,90,FIFO,limo02,1784024602722114951,1784024763401503676,1784024763401505521,1784024763571608126,160679388725,9,-103.75,10.26,0xa7be3016547e50d047a2d9b6da531605e19e1ff680ff692ac61416ef77cb29d6b3d3b314ccaecfedb48c96beeae086f2cca06c50,52,868,7,125,4/5,1
HWS-002-FIFO,4,91,FIFO,limo02,1784024605635229559,1784024668513895026,0,0,62878665467,1,-80.35,6.83,0x7b1938ff535bb8bfd5407bc1fd7b90e70e3c02c1fcd10d8fe3deaea2234216f0e0fb11808d376fa3895a6145097f10ff08b59528,52,868,7,125,4/5,0
HWS-002-FIFO,4,92,FIFO,limo02,1784024610968540759,1784024805090197405,0,0,194121656646,10,-88.41,6.74,0xa2064ee4ee55c17e8eeb52e7b313d733c34599848f478d1a6c645f649b13839d81a56ffe3306fa9488e75c580ff2e23d8ffccaab,52,868,7,125,4/5,0
HWS-002-FIFO,4,93,FIFO,limo01,1784024615004613183,1784024713065662947,0,0,98061049764,2,-105.12,-1.69,0x874e419d9784615b117803ca2709a12d9e1721a845f3acaaa791e87ca86cbd130082ac28040e76dd30ccee0551ce7513e9c88021,52,868,7,125,4/5,0
HWS-002-FIFO,4,94,FIFO,limo01,1784024618825921326,1784024766037722931,0,0,147211801605,4,-100.99,8.85,0x7b6f4cb107abb9f6b31baf5efa378d14e4fdfacac4980e59180734aa1b6f98dd33e4de89c2a8cfb1fb3b3bfcdbe9da01f21caa2b,52,868,7,125,4/5,0
HWS-002-FIFO,4,95,FIFO,limo01,1784024619761627871,1784024687341955179,0,0,67580327308,1,-102.21,-1.35,0x66577828222d3184880c02c2f103d5ec68676be9521d092fe0b9c86389f981a13357680d0fe5a639e0ea4d6753b00c47da69a52b,52,868,7,125,4/5,0
HWS-002-FIFO,4,96,FIFO,limo01,1784024623271290162,1784024743378265187,0,0,120106975025,1,-91.24,2.45,0x1f1515bdb1a91d7c2d1b160fe54b37018b3d0564172dd8fafa20089d35af9783d534ec461f22e11f36d8f985482968147b98563b,52,868,7,125,4/5,0
HWS-002-FIFO,4,97,FIFO,limo02,1784024628838475645,1784024835698842866,0,0,206860367221,7,-86.14,0.43,0xf480646f0362d487d051b3d952a82cc5462c9bd082524966bf21d18321938200e3a759f5d24a7138d1656de7a7b59b5d6aacc82b,52,868,7,125,4/5,0
HWS-002-FIFO,4,98,FIFO,limo01,1784024631895506654,1784024743107223770,0,0,111211717116,9,-97.24,-1.07,0xcec1b590b8dd926aa041b5bff2f2211179218d47c8c708e9f23467e1306236f9ab3e9dd713733baaf11e239cc84c7a70e0536c43,52,868,7,125,4/5,0
HWS-002-FIFO,4,99,FIFO,limo01,1784024633080830990,1784024683255135653,0,0,50174304663,0,-86.55,13.31,0x3a29ca2a49c06e3469aa0559fe30118755d2f77af6770d88c72ac216e0869328b00c8df5e434be385b27b71ed192c38a88aa5589,52,868,7,125,4/5,0
HWS-002-FIFO,4,100,FIFO,limo01,1784024639597747708,1784024740425654254,0,0,100827906546,5,-90.75,-3.68,0x006720a5425868d7295b15ebe24eec0b87d04a7b9e221234857ee66b586c6b5833f0cdc4ef973c1731b719c4f57d0dcc4b7db88f,52,868,7,125,4/5,0
HWS-002-FIFO,4,101,FIFO,limo01,1784024642129145586,1784024760170618932,0,0,118041473346,4,-101.14,-2.54,0xef5cbea84804184ff30cdd3562113a203fdbb3bbfa68c4199e4115efad45f04c8d170f65cdc50991277eec8db8f8b9599a1827e7,52,868,7,125,4/5,0
HWS-002-FIFO,4,102,FIFO,limo02,1784024644955659557,1784024730994485355,0,0,86038825798,5,-97.65,14.65,0xa470582b90898acc1aaa49eb478dc497859ef44da160ec49a50063034810138eccf2e4decb0428623ce1ddcdf4188772d20a497d,52,868,7,125,4/5,0
HWS-002-FIFO,4,103,FIFO,limo01,1784024648471046596,1784024871396478468,1784024871396479660,1784024871568297726,222925431872,10,-81.69,1.69,0xc77e516e7df8cbcd2cd1e6df4a5def18586abb9075624642efc7895075294c7687ac862e24c6b04f8fc9fa1260b5d8f1d9204b47,52,868,7,125,4/5,1
HWS-002-FIFO,4,104,FIFO,limo02,1784024652121779871,1784024702240024926,0,0,50118245055,6,-82.41,1.76,0xd2adbed5358e5d4508532ca2293edd2f2f6545eda398a96b8d7d461d2e58db945bf833f5eb377ed368eebf00180331e4f7f5ab1e,52,868,7,125,4/5,0
HWS-002-FIFO,4,105,FIFO,limo01,1784024655332283815,1784024752120255510,0,0,96787971695,3,-109.21,1.72,0x4063a9da37455d43bcc521588689dc35459bb130d6974a190f0a728d5cefbc74e671f917fd3c6493694adf9a8f286c3e712cb76e,52,868,7,125,4/5,0
HWS-002-FIFO,4,106,FIFO,limo02,1784024660380148817,1784024783081952968,0,0,122701804151,5,-80.73,11.81,0xaa5132bc9f01571703a8556851002d30aa1774d3ba463783c414b3df4efb0df881ed4226f5bf8a31619224d16dc9d93a597e16f8,52,868,7,125,4/5,0
HWS-002-FIFO,4,107,FIFO,limo01,1784024661390615127,1784024890574884039,0,0,229184268912,10,-98.66,6.99,0x7028215025b6250a2625686b91cf9b660211a66f713ff5ed58b66a0f90843b80bbbb267ff89f31e7663093c47b1f6fa612c9fcb0,52,868,7,125,4/5,0
HWS-002-FIFO,4,108,FIFO,limo01,1784024664548913664,1784025262160198729,0,0,597611285065,8,-98.66,4.58,0x6c291212723f71c317d87fda841a1089a1cab156dac2a1d55c21e305a53f6800b483700cc0053d7b7cae227992b7377386d5f0c9,52,868,7,125,4/5,0
HWS-002-FIFO,4,109,FIFO,limo02,1784024670529550240,1784024767995159493,0,0,97465609253,5,-80.43,2.31,0xfaef9eb2f03133344d0d8f0015b93493cb491171001f22373b85dcf24ffdd206776bbe165eac7dba20091bbfa6fa3924e23e02b8,52,868,7,125,4/5,0
HWS-002-FIFO,4,110,FIFO,limo01,1784024670973310037,1784024807589749309,0,0,136616439272,6,-87.37,-4.17,0x950e76de3413284030332dc152662cffa154fb3389fa433d680e90c436e2d42eedee4214feb6d7b839d8d26c4a3b7e654314ea4a,52,868,7,125,4/5,0
HWS-002-FIFO,4,111,FIFO,limo01,1784024675984612167,1784024729958655376,0,0,53974043209,3,-85.03,6.43,0x95b0a75f40a6d8b0d18a146165ce58c9e3501047e205a79306606e7ca42c42e58f05d52fe279f0179f4c91f8d3aad31aa512611c,52,868,7,125,4/5,0
HWS-002-FIFO,4,112,FIFO,limo01,1784024681106181445,1784024763657783833,0,0,82551602388,6,-95.47,8.90,0x121c7e2563eec9437fa6f67ca1c0ea10daac363603f442df84e2ec8a70bee7dd613a81299e1e5f7bc65aab062741ff2a547519b3,52,868,7,125,4/5,0
HWS-002-FIFO,4,113,FIFO,limo01,1784024681727177974,1784024832483745818,0,0,150756567844,3,-108.79,6.08,0x3db2853846704e653fdcc0645ab61faf8b4e617d3927d2dc50f37df676404c085999d7ea6b3e03f1077de5abb9c2d8e1f9e9fd72,52,868,7,125,4/5,0
HWS-002-FIFO,4,114,FIFO,limo01,1784024687588026706,1784024820593310081,0,0,133005283375,0,-80.93,1.56,0x3dc65d07760478aee892beddc9e73f205e02518355e9f3003925e0ef8e945ec52a8807b390ec38194f30aa18e8fa741e5af47bf8,52,868,7,125,4/5,0
HWS-002-FIFO,4,115,FIFO,limo01,1784024689901544425,1784025004180688599,0,0,314279144174,2,-87.11,9.93,0xbcce15516ddc3d67255263710ce36e524e59999ea6fec922a1297fba3b7379aa545b4b7487763ef61d31ed408810aeca1f68ce98,52,868,7,125,4/5,0
HWS-002-FIFO,4,116,FIFO,limo01,1784024692160867622,1784024888106512524,0,0,195945644902,9,-102.73,3.49,0x02df10127cef3d7c759206ffd35c715e99225579fd4f98a18a65f29dd13763c24e76a715382ab24d80f24e72a9b4cc993c8545fe,52,868,7,125,4/5,0
HWS-002-FIFO,4,117,FIFO,limo02,1784024698210939256,1784024954491414301,0,0,256280475045,3,-88.84,-0.75,0x0c6202c259e4c309314ce736f63df34542c62086d74c6e7eb190470c8f76528a2fcddd0ac183f67662fad11e21e2426ed7da2561,52,868,7,125,4/5,0
HWS-002-FIFO,4,118,FIFO,limo02,1784024700548451821,1784024864227652561,0,0,163679200740,10,-92.65,0.26,0x570ce9dc869079a1089c3f6d087e93489cc9075e92361d72c8a6de11f0620516e7898a56c65fe92f015d0766d3a5145244ad5a13,52,868,7,125,4/5,0
HWS-002-FIFO,4,119,FIFO,limo01,1784024701850309984,1784024851564391544,0,0,149714081560,7,-104.27,-1.08,0x1de18fe4391e42e71c6e202f9f2b6149e36406486316f06c9774550130cd9c9a2148cfec524f9f7d509fc208d1931f1dfa3f1af8,52,868,7,125,4/5,0
HWS-002-FIFO,4,120,FIFO,limo01,1784024707922608046,1784024797730577468,0,0,89807969422,4,-97.12,10.90,0x5695599fdb3a011fb5938373aeb560880eb308e244654bf805024d1cab8731866d0132854c42a6420f4b82c33ea8cc59da48ae03,52,868,7,125,4/5,0
HWS-002-FIFO,4,121,FIFO,limo01,1784024711299835530,1784024939640140558,0,0,228340305028,7,-101.33,-4.14,0x61e75962ba585d88482e271c39069398aeacea9bf17ba52b64e132d0c215afcebcb8fd0d9f75fe7c662f80f917be6507b8712ae8,52,868,7,125,4/5,0
HWS-002-FIFO,4,122,FIFO,limo01,1784024712043135658,1784025046720291755,0,0,334677156097,8,-100.45,9.83,0xd3ed762129e2a73e00f693e063cbb0016387be8c0c399eb777220af1b8d1cd8cdc3119f04444c8be9a617d081d24166bd4707f39,52,868,7,125,4/5,0
HWS-002-FIFO,4,123,FIFO,limo01,1784024718490442718,1784024952279813989,0,0,233789371271,7,-84.04,2.10,0x9d687ccce4f273a4f2d894dbc5b1a44729881ad10b71de88bd8b2f2a4509da40a162a7b44ecd5bd77e5dbac976a6d135db40beda,52,868,7,125,4/5,0
HWS-002-FIFO,4,124,FIFO,limo01,1784024720039418993,1784024865221118179,1784024865221119849,1784024865388640927,145181699186,3,-93.27,5.84,0x740aef8463bdc08f582034ae86bef1d74c3707becf02762ae2f8b0649a4a227d5a9fdcac17e6299c9439885e1d7063bf44c391fb,52,868,7,125,4/5,1
HWS-002-FIFO,4,125,FIFO,limo01,1784024722456305038,1784024940111005139,0,0,217654700101,10,-99.43,-4.41,0x7e8e48b5bc2a3fe7f8f4a94c1dbf5a7b8cb68368ef871324d3b7b1a75923d49addcab38640c1e5ab7be8d50607aaf84a22d7bc58,52,868,7,125,4/5,0
HWS-002-FIFO,4,126,FIFO,limo01,1784024728745676901,1784024814972001128,0,0,86226324227,5,-104.30,2.51,0xddddeae9a86bc7ef47ea8b8929df1461bbf7ec632a843852a230a588f168a0c368e0d3f21ab89461558db0e4f72de46b90ffa448,52,868,7,125,4/5,0
HWS-002-FIFO,4,127,FIFO,limo02,1784024729943296750,1784024936387865003,0,0,206444568253,10,-86.81,4.38,0x09dfe7f53bff4797f3df4cf2bb3810fc6cc6449564e0a75d80a098dbafcb5c7c244bb917421217ad1a0762e54c7afdf848b4fa84,52,868,7,125,4/5,0
HWS-002-FIFO,4,128,FIFO,limo02,1784024734295372721,1784024848114520485,0,0,113819147764,5,-96.28,12.43,0xc9afa3d8db77eae23ced468d175ced7f774397a6e9969dfb5c1de24ba1fc14e958bb97f756f1ffac399044db1944090053bc3f2a,52,868,7,125,4/5,0
HWS-002-FIFO,4,129,FIFO,limo02,1784024737590050172,1784024907310062861,0,0,169720012689,10,-96.92,-0.77,0xd258dc56a1533f5fc1d253201f73cc5657b5754268f89d62db0156186d585701b9652484b4163dc5180aa0a328ad2fe442dab482,52,868,7,125,4/5,0
HWS-002-FIFO,4,130,FIFO,limo01,1784024740546964187,1784024991971923309,0,0,251424959122,9,-109.98,1.60,0x6fa3ec4ced147f4aed904a3368482b7fcea99339fea57146498d6e90e426d7b0c22c8c7fd2035bf6e5fed2b784566da4b3156194,52,868,7,125,4/5,0
HWS-002-FIFO,4,131,FIFO,limo02,1784024742296341052,1784024904492319980,0,0,162195978928,4,-80.20,8.13,0x17e7fd7777e266679c688e96c4136da130d88b3ccbf40740875df76f88ace304e8fc38a324a6a505c10fcb1c8d2422a9196ac169,52,868,7,125,4/5,0
HWS-002-FIFO,4,132,FIFO,limo02,1784024746936565440,1784024889785854552,0,0,142849289112,6,-86.14,8.43,0xeb1c20ee266a7ac273594fcb9f3e66f8a9a45810d56518b93a1e302559650898cfce475d3cfe67b2415d2ce6c0c88a37074eea5c,52,868,7,125,4/5,0
HWS-002-FIFO,4,133,FIFO,limo01,1784024751788737868,1784024873464678486,0,0,121675940618,8,-106.04,3.38,0xac00c771381fe1f4b134153366c3778e212c290141c73c97553101f3cc1d8287fcee7dbb7e20d8e0fd1038018689cb8d0e4559f1,52,868,7,125,4/5,0
HWS-002-FIFO,4,134,FIFO,limo01,1784024752376652774,1784024869887799796,0,0,117511147022,7,-86.53,10.33,0x1c463909fcb748fbcc0ba1b23aca55ff283920a337ff40794a6da1036911131f49ad9906d96731ffdfac3d78e708811dd5723a98,52,868,7,125,4/5,0
HWS-002-FIFO,4,135,FIFO,limo01,1784024756515468072,1784024983266616557,0,0,226751148485,2,-105.74,1.41,0xd700da9a89b5b046f50733a6492c86d332a2780d42db9690e0fffdf639d5a9d123808f9c68641d6820227260f5f306a737b5b5f2,52,868,7,125,4/5,0
HWS-002-FIFO,4,136,FIFO,limo02,1784024762032099547,1784024949070849983,0,0,187038750436,2,-106.00,6.92,0x34b128c82935b60ede9e53249491ec239b11434e12698e87dcf8473e1b524035134742d1b94f3d5171deb6a59f8a52f6362ef1ad,52,868,7,125,4/5,0
HWS-002-FIFO,4,137,FIFO,limo02,1784024763462888862,1784024865484214086,0,0,102021325224,10,-81.67,9.62,0xeb7377cb0eda991c37de55a5e41d98d98f480a3472b0edfad30381a590a473c4f37e9531e10b163a7eb9f5828664feee7fbbb5cd,52,868,7,125,4/5,0
HWS-002-FIFO,4,138,FIFO,limo02,1784024769295661454,1784024852746573751,0,0,83450912297,0,-93.70,8.53,0x826e7199530659b515a460ec10a6720acf27d9a871106d2babbd0251ad53663290d5bf4678c23e1230bd162050f5d6bb5dd86c43,52,868,7,125,4/5,0
HWS-002-FIFO,4,139,FIFO,limo02,1784024772236709474,1784025141515681560,0,0,369278972086,3,-109.02,11.99,0x572a3d1ae7973856aea7f8e6a9868858c353edd6437ce9ce306f2a1870bcdb34e08c4d4d9f5779b5dd0efd00280e5eaa150e40c1,52,868,7,125,4/5,0
HWS-002-FIFO,4,140,FIFO,limo02,1784024775535728557,1784024914357568481,0,0,138821839924,10,-91.50,10.59,0x9a3bc03fe6fc83a286ca5274149043c534e1d59e539492da5bdd8caadaec2990e33f8a919179fb760efe558bf123b07c6d44b3fe,52,868,7,125,4/5,0
HWS-002-FIFO,4,141,FIFO,limo01,1784024777994421680,1784024989590935001,0,0,211596513321,3,-89.91,-4.71,0x4b9c302a27454d61621feaafe3b33779960687504258548b67d311bdda28fb7feebc5bfef6c33d505e7ac20d8ae9eb98ac55e637,52,868,7,125,4/5,0
HWS-002-FIFO,4,142,FIFO,limo01,1784024782103973576,1784024912132941491,0,0,130028967915,8,-83.41,1.87,0x6e6340628b82c89d71d6ef2ed7a0452fa3e9db0a354c125a10b374c8ad5f7440e47299da7050499b3c5f27744c7fb2e7f9f716c1,52,868,7,125,4/5,0
HWS-002-FIFO,4,143,FIFO,limo01,1784024783057377246,1784025114441368664,0,0,331383991418,7,-85.76,11.66,0x94a0b508ded9006ea7abc8cb13d8770861fbb3904ebed606e89a8b5f64e5cd17a21142207d59a77966dd4c8d0c0e7488562b4a2f,52,868,7,125,4/5,0
HWS-002-FIFO,4,144,FIFO,limo02,1784024789248641417,1784024965628120986,0,0,176379479569,9,-91.75,-0.04,0xfc544f1d7b22804ce4b0bbe0f32181f54385afe38140405c791f0aefd6f886ca20368565d5434313ff83b0df52a119d64aea7d9a,52,868,7,125,4/5,0
HWS-002-FIFO,4,145,FIFO,limo01,1784024793516268131,1784024988422774008,0,0,194906505877,7,-85.91,4.98,0xba920340711bef298f2df076b2f06eb7ab07e56aa9954ea49aa1b1032cb16bd1bf9a2aa9d56c0811af0b5237a24601361416128e,52,868,7,125,4/5,0
HWS-002-FIFO,4,146,FIFO,limo01,1784024793659765121,1784024944558629528,0,0,150898864407,2,-84.41,5.01,0xff3c6ef525b49e264746cdaed3775d4fdd0c6f924da0324eda5e580562290422a59c371b31c2981948c183be0487da63f5ee763b,52,868,7,125,4/5,0
HWS-002-FIFO,4,147,FIFO,limo02,1784024797619928206,1784025254604461977,0,0,456984533771,8,-93.70,7.39,0x81af3cbec65a33bf18dd51a80b0ffb01d2fb0f15a8e315a05c9673d9f51794e7d1d0c2789f382e627a1cbfc902702011720d349d,52,868,7,125,4/5,0
HWS-002-FIFO,4,148,FIFO,limo01,1784024801720513365,1784024960103583098,0,0,158383069733,10,-105.74,-3.09,0x5c6f69e3de48d9464bf17efd8ce9bf6e6affe961d252e451fd83c3ebddde893bc5425763f868246747205eef4e3026c83c372e50,52,868,7,125,4/5,0
HWS-002-FIFO,4,149,FIFO,limo02,1784024807056935603,1784025177806001907,0,0,370749066304,1,-84.27,2.98,0x83e5ff434153b74170260b2715345889ddbc5aeb51af000e2a3c5973a1c857f303c99b67b411a6b517cbd2f1c29c3f0b77da051b,52,868,7,125,4/5,0
HWS-002-FIFO,4,150,FIFO,limo02,1784024809421734497,1784025008174437472,0,0,198752702975,5,-92.03,4.43,0x834614899c98592978424a4fe62ccb1d6c062a6299fc6965a6dd19b3deb54ba8d60d54113a22a91ea54b5f5316858a1b7997275d,52,868,7,125,4/5,0
HWS-002-FIFO,4,151,FIFO,limo02,1784024811256737037,1784025009212428112,0,0,197955691075,2,-103.53,13.53,0xf8793ac38b854266fb0622fd7d9eb2a79ecd35d2e55137db8d945c472e8d945c88a3cf3d0de52cd3f61327b55b8dea9f1cbaedad,52,868,7,125,4/5,0
HWS-002-FIFO,4,152,FIFO,limo01,1784024813702126826,1784024904199631191,0,0,90497504365,0,-92.57,13.14,0xd91a574fe00e213f96030132b321cf8df03bc1349f5009394061ab27b7688ecf8cbf3333c3fab0b97266cea917f5c50dfd23685d,52,868,7,125,4/5,0
HWS-002-FIFO,4,153,FIFO,limo02,1784024820972010006,1784024998930787542,0,0,177958777536,5,-86.11,4.28,0x55729a96c7bcd85f9fa809b586ab4b7e190d835ade2fb8fc357582c2be79158051608ed7a7a238a6f87761ad513c2d074bd74777,52,868,7,125,4/5,0
HWS-002-FIFO,4,154,FIFO,limo02,1784024820823088848,1784025220258438832,0,0,399435349984,2,-99.14,14.78,0xfe0e8cc25ee95c2280caae6f5b599fd9b06cf89ef7040d9b47caffb4069f82ddc58151fef318996a6ee5cb06859aa0e9bd83b261,52,868,7,125,4/5,0
HWS-002-FIFO,4,155,FIFO,limo01,1784024827103940234,1784025022142866616,0,0,195038926382,4,-86.86,1.67,0xceaec519da7655d5ffc87da439bc2c510c4045dc2607aeab9b9fff76e17ac028d28416b1269e416d80b3f4698e13a51966d4c62a,52,868,7,125,4/5,0
HWS-002-FIFO,4,156,FIFO,limo01,1784024828968644309,1784024940317809432,0,0,111349165123,6,-103.04,-3.34,0x321af4f331c76a5619cca2266acb126e3aba75ee7ecf7a2d3a42c1d52e027a1805e349363f6e138214804c5c3a66bd635c7fa9c1,52,868,7,125,4/5,0
HWS-002-FIFO,4,157,FIFO,limo01,1784024834562228476,1784025074319228980,0,0,239757000504,8,-89.74,7.61,0x363e11b57413e98394b4dbdbfb6cf7318a7898910086a1347af48edf7ca1cdfecf715c4b387e2f3062cdfe621899e96b5503ed56,52,868,7,125,4/5,0
HWS-002-FIFO,4,158,FIFO,limo01,1784024838061517248,1784025020737628202,0,0,182676110954,4,-101.95,1.91,0x5c7ef2040ef63390aef419e1ec07e59cf2d446c1a27b118ae3e80d160fe3e8ea5d15983dbe57bca9a6945d4f08f2cefac7d6494f,52,868,7,125,4/5,0
HWS-002-FIFO,4,159,FIFO,limo01,1784024837734604897,1784024984204168249,0,0,146469563352,2,-104.21,1.42,0xd7a00d05892d606cea190b58c2a169ccfdacef072b31f9518358af4474f8bbabee829cd6deeeb388c195f742050045beac4ab7bc,52,868,7,125,4/5,0
HWS-002-FIFO,4,160,FIFO,limo01,1784024841498518084,1784025078495109581,0,0,236996591497,5,-86.55,5.16,0xa5a3ca6176e5b2fb541d9e473d7ca17a591e7dd75833cf50fb20049224a139b2430ca1aace15a8bfce8ca5a5dcf218b8a990c1d2,52,868,7,125,4/5,0
HWS-002-FIFO,4,161,FIFO,limo01,1784024844702147209,1784025020550887521,0,0,175848740312,0,-92.16,-2.61,0xe0564aa29288e6cf13263f78a738ed89ebe3bfb723f03c446ac2f958a11d808a7c928294a5a6e9f84f6202af22ab225f69485646,52,868,7,125,4/5,0
HWS-002-FIFO,4,162,FIFO,limo02,1784024850438848841,1784024995434997559,0,0,144996148718,0,-100.55,13.63,0x362c750b8298c6349e020ff1b6df0dae71bffa0d2d0916b29a97193602e151762e5697ae743d7a0f78aa062969e8a1e43fb927ef,52,868,7,125,4/5,0
HWS-002-FIFO,4,163,FIFO,limo02,1784024854723173239,1784025115070381683,0,0,260347208444,7,-103.04,10.63,0x5f00dd4ddc959c148e37534c62d8f3275f28bb52819ce675e72ca5712a1f0cb6ed4021f2a860fff6482f4ceb71030d3468383efa,52,868,7,125,4/5,0
HWS-002-FIFO,4,164,FIFO,limo01,1784024856337697367,1784025000881007212,0,0,144543309845,10,-105.87,4.72,0xb893ece7f41db47cb7fbec8e27038028e68381e0bfeb7a3da6f536e957095ec69522b8b82fd3a6ef3b7fc04c5d53ce2658fcd13b,52,868,7,125,4/5,0
HWS-002-FIFO,4,165,FIFO,limo02,1784024861154589369,1784025096779963159,1784025096779966484,1784025096947531742,235625373790,4,-86.28,0.16,0x5657b9a28fe1c8855b44e2002958402ee3f25c008735e92060f28890f7b58d16e12ded68e7e9206ec388c1136ea75d6198bca434,52,868,7,125,4/5,1
HWS-002-FIFO,4,166,FIFO,limo02,1784024862899623937,1784024947357305109,0,0,84457681172,4,-103.12,12.12,0x88e057eeb5b03b07a4b7448b6c96de01ea803469750ad90ca05cfb899acebfa659e71b8a427c8df60bb3dc726954ba634209d11f,52,868,7,125,4/5,0
HWS-002-FIFO,4,167,FIFO,limo02,1784024866819400022,1784025120102804841,0,0,253283404819,0,-98.46,11.63,0x58356a3586d8dcd5f2aadf098d4351fbd4cce498b73094d9a10c073ada537cd3c10f97a6bdbb52aeaf5415700e1db2856c4de284,52,868,7,125,4/5,0
HWS-002-FIFO,4,168,FIFO,limo01,1784024869129026445,1784025282018726369,0,0,412889699924,9,-106.83,7.25,0xfa37d88422e185d6a226c0ca958d9d9d729fe2177ee7fc9f2ca0ba66b6846d9d258d4e1665e1458e3761577df5b94289878a91e5,52,868,7,125,4/5,0
HWS-002-FIFO,4,169,FIFO,limo02,1784024873015532784,1784024943473374225,0,0,70457841441,8,-86.78,-1.23,0xdf0cc63eae7009763270b8592bd6a7a59b48ea42d0d55f6d4b6ad83700a1c2a1b28e8845bc0694a2f27751a229f52eecbca61b4a,52,868,7,125,4/5,0
HWS-002-FIFO,4,170,FIFO,limo01,1784024878582383407,1784025180774098845,0,0,302191715438,5,-92.90,6.77,0xe6212df39adebd033b2d5d42d32ca644be7610da768249bbe97f93b60cba63e9bdc062f7ebf7465862ae98a86523e910a1a77629,52,868,7,125,4/5,0
HWS-002-FIFO,4,171,FIFO,limo01,1784024880439971870,1784025392259109261,0,0,511819137391,10,-105.45,13.38,0x76fb7b29dcf0184065006b4f9ed6de4175afa3666950d0da7e28a9699b2a74f46986b352ffebb587aa5be147d3d8fb23a97ea10d,52,868,7,125,4/5,0
HWS-002-FIFO,4,172,FIFO,limo02,1784024883539700091,1784025015683360248,0,0,132143660157,10,-96.54,2.29,0x1a110f7c4411c6342ea8cfce1c9c46cc792f66e42547d631872bf459ef75a088b525381bf6cb13734cbe45667f1961de7c4f0b1a,52,868,7,125,4/5,0
HWS-002-FIFO,4,173,FIFO,limo02,1784024887230546149,1784025169077153906,0,0,281846607757,7,-105.21,-4.66,0xa1cbd0992cbe4298d9b76e5bd5b979f4c2f346955827ead4ba8b8bb0a96f21faaa5b414ac6f966ef214e29262ea6e5703b561ad2,52,868,7,125,4/5,0
HWS-002-FIFO,4,174,FIFO,limo02,1784024890513942103,1784024969259389734,0,0,78745447631,8,-109.37,13.63,0x0a51b41f53065644f70c86e47657e6e713e27eb992bef6011fa469c3b23620e2eb3aeb5f83c9e5804ce4a5cc268a777a8dfc8475,52,868,7,125,4/5,0
HWS-002-FIFO,4,175,FIFO,limo01,1784024895358215785,1784024929352429735,0,0,33994213950,2,-93.03,-4.08,0x013a291e5092a790bd04d462b031efc30e717f19777e75a94cd6f00b589287f66c0a134f7761d90c48c4abc1eeb4132619a0746e,52,868,7,125,4/5,0
HWS-002-FIFO,4,176,FIFO,limo01,1784024897563200914,1784025062065436437,0,0,164502235523,9,-90.02,-4.86,0x4f3404eea5fcf688a2991528f5ba95e0f6b0e4c35338b0a5d1e46663e7d8c7589c5052781297b7e4153324461c238df4e78178ad,52,868,7,125,4/5,0
HWS-002-FIFO,4,177,FIFO,limo01,1784024899488838309,1784024988624049435,1784024988624050857,1784024988797554399,89135211126,8,-81.49,4.31,0x8cf8d618556303ddffdf48c19ae2e19457a00374735cac84062816f3515dec5e85cca4b65d2f5c6cf596beeb5149124939b903ce,52,868,7,125,4/5,1
HWS-002-FIFO,4,178,FIFO,limo01,1784024904642133811,1784025079292188488,0,0,174650054677,6,-107.07,11.12,0x3c9b844b572bab4cd03f962e92e9e356bfcf19bdcb333ee52f8a2a745092729b8a98e533ed51cc8ae277cce99030ee2f50f991bd,52,868,7,125,4/5,0
HWS-002-FIFO,4,179,FIFO,limo02,1784024908312848306,1784025307357584437,0,0,399044736131,0,-104.26,13.84,0x0735f1d435355d3eb3255e8a92a44514a678ed920e0611c723528bf06d6c84a95f0dd1f5f8b183d2b2944bc39fadecd08060c142,52,868,7,125,4/5,0
HWS-002-FIFO,4,180,FIFO,limo01,1784024911686306861,1784025040635073087,0,0,128948766226,4,-104.90,7.20,0xa3e4921edfc127bea8d70133cb64e901b54f6f93e91bcd660e4d7d8f36857c1cc697a66d112b55f1d3b3171afe7e6687bd4690d6,52,868,7,125,4/5,0
HWS-002-FIFO,4,181,FIFO,limo01,1784024914914982381,1784025033539350490,0,0,118624368109,0,-83.99,7.18,0xefbf86ca5e932b184ac629a47bb22f1555b258ebc1d43b78bb6579ad8a4078e0a6459109a7912bba091954e3836d5f7030263ec7,52,868,7,125,4/5,0
HWS-002-FIFO,4,182,FIFO,limo02,1784024917086748655,1784025032724396787,0,0,115637648132,4,-99.87,11.99,0xac53fd623ed326e379273e72938dbf6afa99829af0682c32e2d1f82b1fc70473fa5455138bdf7da661f20f05094499fe9f6f91f0,52,868,7,125,4/5,0
HWS-002-FIFO,4,183,FIFO,limo02,1784024922952341915,1784025029454709134,0,0,106502367219,4,-80.29,-3.28,0x095d7be91fd4b63de4f49d3b00e1392ac89c57d275a426d15b06dc62f1af8242e1065cd5ce93a2bf4bbb38035cf3e8956cb73881,52,868,7,125,4/5,0
HWS-002-FIFO,4,184,FIFO,limo02,1784024923373729941,1784025024752094417,0,0,101378364476,0,-100.71,14.53,0xd23c9bbf180fe4d0cb69cc2a9c3bb9ab0ad3fdeefa8fd7c58669974cd5fe3908c7e1be265b46f58c4f0ddf6182f384c90a097b5c,52,868,7,125,4/5,0
HWS-002-FIFO,4,185,FIFO,limo02,1784024926647826458,1784025181400340406,1784025181400341641,1784025181569841546,254752513948,6,-82.38,12.53,0x9bcb9353c8948e5ac6cdf8ae5f3edfe5871afcdd5368efde3f6a762e6f571c94f0c91d2eb85ffdc9dc9895141c2f5aee6f6b9e8c,52,868,7,125,4/5,1
HWS-002-FIFO,4,186,FIFO,limo02,1784024931789576849,1784025158117592429,0,0,226328015580,0,-90.41,12.75,0xdc4811ca93317d094f9d2d1ca67ae59a6174cd1b13f1f061ae1d075e528bad842ce5f11ec4ef6f4d412076ce5804d0dd8091363d,52,868,7,125,4/5,0
HWS-002-FIFO,4,187,FIFO,limo02,1784024934734232686,1784025057405510271,1784025057405514640,1784025057574375846,122671277585,9,-104.92,-0.83,0x4ea544241ba6fb75c5e6719e1296839234021e4eab1c6fa3739201076b596acdcc46a27eb621dcbb0ee05f9005d0d90fd838445b,52,868,7,125,4/5,1
HWS-002-FIFO,4,188,FIFO,limo02,1784024938130822224,1784025196055805280,1784025196055808409,1784025196228213824,257924983056,8,-82.50,-1.56,0x0ce2b92be4370e3ca23942b9e43baba0cd1f7b3668bc7d681c197829cf9f1303af79e1d525d374529065887e5e9256015f90f88a,52,868,7,125,4/5,1
HWS-002-FIFO,4,189,FIFO,limo01,1784024940184943071,1784025058257971230,0,0,118073028159,5,-90.94,4.82,0x37162c911657645fc1cca0292b62be5790caec369a68a84be8f87854f46921014315d63619ce0825088986f0e5d6f1197e909d85,52,868,7,125,4/5,0
HWS-002-FIFO,4,190,FIFO,limo02,1784024944404062149,1784025380598380209,0,0,436194318060,9,-91.78,1.52,0x2734446b63865d733fa10e9d60d1e95ac39886c3f6a1cdc8710e0aa90265df906dcb0022ccb695dc9d97481d21aa19af1520313b,52,868,7,125,4/5,0
HWS-002-FIFO,4,191,FIFO,limo01,1784024948162891779,1784025008540430429,0,0,60377538650,5,-90.31,-0.07,0x24d850a29abf48729fe3a78e4100865804ce5557fe0571ef73b95620d18a9567a6382faa972efb1b3165da9a1c6cce3d5f35d735,52,868,7,125,4/5,0
HWS-002-FIFO,4,192,FIFO,limo02,1784024950483189416,1784025048546574631,0,0,98063385215,0,-94.46,1.31,0xf328394884992c2ffa2edafbdc8e8247672378048ae73b599c421fb210ec39702413f0abceaa9d1ca835c1d5c9692294f085d6f3,52,868,7,125,4/5,0
HWS-002-FIFO,4,193,FIFO,limo02,1784024956096618893,1784025326268762855,0,0,370172143962,5,-101.09,4.23,0x54aac4b9784f515fc3ab088316159b757c699d6c0a824b83b498eb67db169fd870e4425fabb0bbf2da92381ed6c653bc4963843e,52,868,7,125,4/5,0
HWS-002-FIFO,4,194,FIFO,limo01,1784024957357622493,1784025040902842680,0,0,83545220187,0,-90.32,3.65,0x88793d7b52c5a3f63c9e1f1ad3f18f24bb4b2bf91b54af8c962a0623b90d144bbdc9b82c8d4b761a69fdde9937266c2aeebe905d,52,868,7,125,4/5,0
HWS-002-FIFO,4,195,FIFO,limo01,1784024963906213084,1784025093702682910,0,0,129796469826,1,-103.70,4.46,0xea2a55b0c7c0dca70a62134b63914eb5fe09111b432895831f470d3642411c3bebabe5b418aa67ff9685456ea3f3e28cfe8c7699,52,868,7,125,4/5,0
HWS-002-FIFO,4,196,FIFO,limo02,1784024966391255964,1784025094971355858,0,0,128580099894,0,-92.82,-0.78,0x8512b4b7f38624ec0cdc440a41f30d4d5d993a3cb58a5c2ad91f32cee1254c83f7bd3395d361a6a26f91217e6a44c20a43708754,52,868,7,125,4/5,0
HWS-002-FIFO,4,197,FIFO,limo01,1784024969806691713,1784025088581447845,0,0,118774756132,6,-95.54,-1.33,0xaf2fab2828220c8803f7604d4ceda4791f2299822fa25e6f88aad465618a6b0371aac6ebeb1118821586f39aa931a697c6cd9b60,52,868,7,125,4/5,0
HWS-002-FIFO,4,198,FIFO,limo01,1784024971098403609,1784025320443005085,0,0,349344601476,0,-89.17,-3.48,0x28cb53ad42dfefbc14b4681a25b19b9d358abd9564e2a02770558c27244442e6930973ef04c3f854f9214d7846b8211f4e53e5bc,52,868,7,125,4/5,0
HWS-002-FIFO,4,199,FIFO,limo01,1784024977488472401,1784025179409683455,0,0,201921211054,6,-82.17,9.29,0xcc8ba1e1064ba30f5fb9df8073bf86a09004f3c880794092ecfd2e54ab5cb4649b2a61498533cea525486affac90d413317bca37,52,868,7,125,4/5,0
HWS-002-FIFO,4,200,FIFO,limo01,1784024981222103433,1784025060747155747,0,0,79525052314,10,-96.98,-4.20,0x5d6da1821ad35b89a74d0bb97da010e91903e429b34d43aa631255ed3bdcee0fd6d97c953d549ef3bdf10772d0fc1e47790ba0ef,52,868,7,125,4/5,0
HWS-002-FIFO,4,201,FIFO,limo02,1784024980928472842,1784025175871246071,0,0,194942773229,10,-107.16,12.10,0x81fe19f3373621f696238241f2c4f8555d3e1778dc80bb80794b2eaf672f6d6180601877a94376a5593806f611ed730b96e4cbd9,52,868,7,125,4/5,0
HWS-002-FIFO,4,202,FIFO,limo01,1784024988006006472,1784025287467839383,0,0,299461832911,8,-86.69,9.50,0x07529534f77048935d696c151bc003536b3ee8d7f0a8c99f80ecf2ec90c4398c27364b661a153e6b0072a56a240905d522579507,52,868,7,125,4/5,0
HWS-002-FIFO,4,203,FIFO,limo01,1784024990016095709,1784025175970844972,0,0,185954749263,9,-108.52,0.70,0xd983eec4a3c3046eb2413b22063114cc9ad9b0839f4f91f630dc44f6b698d97c0804302fe311606a536e8ff5378407120517fbbb,52,868,7,125,4/5,0
HWS-002-FIFO,4,204,FIFO,limo02,1784024992502459587,1784025182631608487,0,0,190129148900,1,-107.60,0.93,0xf975bb4e349dd502d40f21a11734d9e60b36eb08a64bd9ebca596d42fca4fe1539fabead950f0fdfd1723b9b673ab00f989d099e,52,868,7,125,4/5,0
HWS-002-FIFO,4,205,FIFO,limo02,1784024995796477173,1784025202989914796,0,0,207193437623,7,-86.08,12.46,0xdf9878907f1b6df2b58398458d36d028877af4b228c7ca14dd4a6000870857f0d1f784d0dcabc86af3c8c02bbe6194a03b9442f2,52,868,7,125,4/5,0
HWS-002-FIFO,4,206,FIFO,limo02,1784024998733827683,1784025285953234951,0,0,287219407268,8,-109.11,8.29,0xd25978e17354fbe8d830167e767c46ac5a8a50070f96b31889bc2667bbdabc1208ccfe47218595a6875c11ff4293541fc9f0b7c2,52,868,7,125,4/5,0
HWS-002-FIFO,4,207,FIFO,limo02,1784025003805755081,1784025096174451455,0,0,92368696374,0,-83.28,1.71,0x860ef163fe3a9bde699f2175f6ed0862ee176015aa1b5a778e167631b352e910f3aee077f0fbc4d4cd8f018480eead3f4c5f38ca,52,868,7,125,4/5,0
HWS-002-FIFO,4,208,FIFO,limo01,1784025007542420725,1784025054909043713,0,0,47366622988,5,-87.63,-0.43,0xc9ae9d342f3ca6d4964fa580598878b6457d7d02b9f2ec41166d6214bd7059f9ee9120a4ae54d19df4dfd1ca743f2e0aa58ab8d3,52,868,7,125,4/5,0
HWS-002-FIFO,4,209,FIFO,limo02,1784025009983098906,1784025102754497809,0,0,92771398903,1,-104.14,10.88,0x697d6470ab8b3174b55d08f2fc77783e58a743b4a4655c9149749932ea0a5410f82d80b49e7b7b759a4daf1d617c50d45da61387,52,868,7,125,4/5,0
HWS-002-FIFO,4,210,FIFO,limo02,1784025014144341522,1784025130144154451,0,0,115999812929,6,-84.36,2.73,0xd084c87e52994e0f214aaea7e2294783d7fcdceef9321b4f41607dbb8bd55870a946fe87cec4831956715982cf22658130e336aa,52,868,7,125,4/5,0
HWS-002-FIFO,5,0,FIFO,limo02,1784025015748314582,1784025106727370698,0,0,90979056116,2,-98.29,6.16,0x75eae2c72f14a6522e6f6d57591e93ab36f884175c988be0b9053513eb2c1ab5cdf7d93e3e74fd1a668db6a233a64ea4109a25dd,52,868,7,125,4/5,0
HWS-002-FIFO,5,1,FIFO,limo02,1784025021447978498,1784025259925538035,0,0,238477559537,5,-105.00,11.01,0x84f76bff28ee9b76a95ece63ab57b1a4ddf1f96051eed635737466d0982b1544953002bfaf46cd312a8e1669b779fe1e676a6e0b,52,868,7,125,4/5,0
HWS-002-FIFO,5,2,FIFO,limo02,1784025023529177635,1784025186639220311,0,0,163110042676,4,-90.11,-4.23,0x484b9e0e274121bedb5e5a51d2175f13d03083dc2e766854b705012559db7489b7abea00beee08c663dfd40697781a191d630c32,52,868,7,125,4/5,0
HWS-002-FIFO,5,3,FIFO,limo02,1784025025706302219,1784025176251228390,0,0,150544926171,8,-81.35,6.12,0xce819c954352d827933278845fde93897f6e1af5b881ae380ab63f3e1c0d9d0cdf338b472ca811a46a6c352a130914253663d5ab,52,868,7,125,4/5,0
HWS-002-FIFO,5,4,FIFO,limo01,1784025029911355410,1784025211386721629,0,0,181475366219,10,-100.98,-2.52,0xe33167e9ca54cc53dad52f88f4fab8c70bd84e96a2885c44e3232b18bb14b491bfdfd32f7390cde8033ad426cc3d961703dc8ea6,52,868,7,125,4/5,0
HWS-002-FIFO,5,5,FIFO,limo01,1784025033093054891,1784025092004436820,0,0,58911381929,0,-87.62,4.35,0x6afb627ce66bde7d8cbb8366970d156993b269e042ece0940b999e4f39229a000139f43428a1c6dc5c157d4bd2dd67f7f0b64dc0,52,868,7,125,4/5,0
HWS-002-FIFO,5,6,FIFO,limo02,1784025037270055489,1784025553193319056,0,0,515923263567,6,-80.15,4.62,0x70bbf6017e00ccb0bce0df5bda0b8b9b8f993a824adb2f7ad62393bf297f5cf2f1d8a4c65667c20241920ec562f45dad4156be2d,52,868,7,125,4/5,0
HWS-002-FIFO,5,7,FIFO,limo02,1784025039511521764,1784025222976725708,0,0,183465203944,2,-91.58,7.30,0xcb07d043668eb8bd2ae163af111e8ee7d8c418d7fe5e14b5ad6191ca3a7e8aed620adaa1c71fa1e6e7125d0f430357a0fc78b1bd,52,868,7,125,4/5,0
HWS-002-FIFO,5,8,FIFO,limo01,1784025042980400331,1784025167343595349,0,0,124363195018,4,-95.44,8.60,0xe5b6f971a9fb70f26cba89e645acb5b41ca0d3a1b53ee0fe07e038888b07d539b4dd3b0cebf4a9439a6a86313b5d545301a2cd98,52,868,7,125,4/5,0
HWS-002-FIFO,5,9,FIFO,limo01,1784025045909488041,1784025187785736309,0,0,141876248268,9,-84.52,2.62,0x9549c95e006beb732ddfa0bd046d3cf59d1e461077e528d938a277e202745c842374bd5915e3b4d9344de36dae9be4a31ca4def8,52,868,7,125,4/5,0
HWS-002-FIFO,5,10,FIFO,limo01,1784025051917291337,1784025308287796691,0,0,256370505354,0,-97.69,7.49,0x75cc1c8aa54b290f1fa4958ba5db9754bda8c1175d7ccfa433214f322b4d5d3b830ef365475a6eefb97f562fbc97fb1bc8c44a14,52,868,7,125,4/5,0
HWS-002-FIFO,5,11,FIFO,limo01,1784025052618891357,1784025182634319083,1784025182634322253,1784025182803030991,130015427726,0,-86.77,-1.19,0xafab6a1a2c37f40737f8e6e58a9fc28a8c6f90ace00d778a151f9956a11186c42484b235a7eab9d1122895b36b32bf6c4d87fd8b,52,868,7,125,4/5,1
HWS-002-FIFO,5,12,FIFO,limo02,1784025056714851130,1784025137541401428,0,0,80826550298,4,-81.87,4.84,0x3d5d36a62f08cab60d2a61eb8c5ed4800e5e9c066f99d123900dcf77209b578a59dda987df99d385e775e1801c7876a7145821a5,52,868,7,125,4/5,0
HWS-002-FIFO,5,13,FIFO,limo01,1784025060281389689,1784025370948251275,0,0,310666861586,10,-109.44,2.38,0xbc47bc02ad541948c75387e1cfabcdc337a9d1d1db76e1689bf9c96726a833d5fa6dc3a1c0af248093a2a7bbfb275a7d637c735e,52,868,7,125,4/5,0
HWS-002-FIFO,5,14,FIFO,limo02,1784025063660562840,1784025228179646504,0,0,164519083664,0,-95.27,0.51,0x48844d11ba94832bce3281e06b4e76823f50fcc3e824cf92b5998960d61e49ae55c71de03f8328524a092abdae8fa3c3be783534,52,868,7,125,4/5,0
HWS-002-FIFO,5,15,FIFO,limo01,1784025066718297981,1784025181002056295,0,0,114283758314,5,-98.57,-4.41,0x10cf581a482e02586b32ceb31912bcbc6d73c29e21551de4272b0a44b605e475dfb5a723bf8a3494c5548af71fea734510740f3b,52,868,7,125,4/5,0
HWS-002-FIFO,5,16,FIFO,limo01,1784025069958484993,1784025251365812469,0,0,181407327476,4,-98.76,14.53,0xf42abf1488f018f8d489931dcd386bd8d1fe1cf179e77acd07e6cfd0b22979095c16943add205a021bdcaeb56fa13904790e2787,52,868,7,125,4/5,0
HWS-002-FIFO,5,17,FIFO,limo01,1784025076417906880,1784025277128677514,0,0,200710770634,9,-81.64,14.13,0x25d9626cb3c712f644a12182a7fc4690c5813006121faeaef0e7600fae60aa6a0fc7f60fc18062911f6c12b6d97b21c1e699a2b1,52,868,7,125,4/5,0
HWS-002-FIFO,5,18,FIFO,limo02,1784025079491045828,1784025194584608232,0,0,115093562404,0,-104.27,9.70,0xc5bf80a278fc576041954a4b861b904872c7327f219c15a391c511f9c7b9dd2f8714f269d7e17f92847cd0b125e76605898b6e2b,52,868,7,125,4/5,0
HWS-002-FIFO,5,19,FIFO,limo02,1784025082693166847,1784025173250127455,0,0,90556960608,0,-106.83,8.41,0xcbc9d47dfa7a8b99b5dcc1bc13c7593f71adc43737f94a57a37214bae31d30bcfe1018358c0cd1df568a54f50576bb3645cd48d4,52,868,7,125,4/5,0
HWS-002-FIFO,5,20,FIFO,limo02,1784025086339170141,1784025272700324073,0,0,186361153932,6,-96.75,0.03,0xaf816d63e7b955499c2f79d129added5c78c93c4685e9dde651801a0b84d490dffbd9b77cd289edae5312020116022e7365eaa98,52,868,7,125,4/5,0
HWS-002-FIFO,5,21,FIFO,limo02,1784025088762640231,1784025243522609444,0,0,154759969213,7,-81.22,-3.97,0xc19b87cf468a9ece93ae46fd1f8cf13bac73833ccd217034d279e31bacc17f8b7b57e77a42040e81cbd3927399304304998eb180,52,868,7,125,4/5,0
HWS-002-FIFO,5,22,FIFO,limo01,1784025093296540909,1784025359141587500,0,0,265845046591,9,-80.85,10.20,0x0702c827873c8c2f28ac33d79d0a8d6224ca5ed8bf6093854168b40cdb5f84159be9b95ea532ca0b3c234445c854ea5062ac1c6a,52,868,7,125,4/5,0
HWS-002-FIFO,5,23,FIFO,limo01,1784025095999507982,1784025280057898069,0,0,184058390087,8,-86.09,0.97,0x548cd9a15167335f2c06c549353e5188cc91f0165e388b3c25269bdbebb43a6c76880925ceaa40698c1ec5b8a578155061dc5dbb,52,868,7,125,4/5,0
HWS-002-FIFO,5,24,FIFO,limo02,1784025098413419882,1784025314717130362,0,0,216303710480,0,-104.84,4.70,0x06093c1bbb9fabb3c6eee16e2947ddc00582ab86fc54ef61be7eafb25070ad4724a48016d895299eb8e427e6247e847c6c4a4d92,52,868,7,125,4/5,0
HWS-002-FIFO,5,25,FIFO,limo01,1784025101411942188,1784025412714609490,0,0,311302667302,2,-87.87,12.40,0x7d903fdea53339f06935ae798fec1b836d461f78adfb828b4a56b3b02835d3f407831ae0e8471aff960e9ddb5fb5bf55f6ad4553,52,868,7,125,4/5,0
HWS-002-FIFO,5,26,FIFO,limo01,1784025105029224005,1784025206829286575,0,0,101800062570,1,-101.88,9.86,0xff483467f2095ff7f0aed598e34c38f7fb69846662a0b539fa5e953a41776dd1ed6f80d7433a077d6019809d665f13cab108d883,52,868,7,125,4/5,0
HWS-002-FIFO,5,27,FIFO,limo01,1784025109581691545,1784025250513851055,0,0,140932159510,6,-94.85,-4.92,0xeffaed30d2448e6717a36144842de080c226eed6b2e9fbbbcc78f4cd54a1f4bb551fe1422ac537663cd6d3f9dbbf01507ff7a2e9,52,868,7,125,4/5,0
HWS-002-FIFO,5,28,FIFO,limo01,1784025114240540176,1784025316956397235,0,0,202715857059,10,-102.48,13.07,0x06f0ad12b4ea77bc8db3dde79f00971994d405f84edd20359d0e3d0f1b77ddc549e33eec3444da17fc786d7bbfb95d3fd6f1b00a,52,868,7,125,4/5,0
HWS-002-FIFO,5,29,FIFO,limo01,1784025115345739521,1784025306478746064,0,0,191133006543,0,-85.39,3.13,0x6bb72c7111d73afeb6f9e13b50771d0f7c8ae6bda8ec252c99f17f84e1795f205c2eb17cc829df3ae7dab49b67e22d07611d03f7,52,868,7,125,4/5,0
HWS-002-FIFO,5,30,FIFO,limo02,1784025118271768030,1784025364821660255,0,0,246549892225,2,-85.20,-1.09,0xde4c62c119d6d7632a671b61ac85f1fdfe53ba1bbbcf4531938acabe73c43cf2f57552c3debb55921e278b0197c71de344c0b446,52,868,7,125,4/5,0
HWS-002-FIFO,5,31,FIFO,limo01,1784025122028340036,1784025206086710194,0,0,84058370158,5,-80.30,3.29,0xc1854f38bd3b0f92f2b2d3f0862e5f2ffb476bf4f91712a5d91aff29f52f6277405c9ce80d45f730794a2be65475aec1a7a19a90,52,868,7,125,4/5,0
HWS-002-FIFO,5,32,FIFO,limo01,1784025126436874639,1784025214539276281,0,0,88102401642,0,-81.29,3.18,0x6b4f491d5b606e90cb6a1a1a00f1a171b3324dd9dcf5b8c42525098769f8ec051f027391667bcb5f13da70ef2bd6d8493906f1a4,52,868,7,125,4/5,0
HWS-002-FIFO,5,33,FIFO,limo02,1784025131147589469,1784025472409566228,0,0,341261976759,3,-96.66,-3.78,0xfb9a65f5acf86e784b9816cc0cc64ce488d87d0e16a9cb130d04961e39cb246b5ef5cbb0651bbae8f03d86aeb9f1de3782418caf,52,868,7,125,4/5,0
HWS-002-FIFO,5,34,FIFO,limo01,1784025131528703201,1784025364910727820,0,0,233382024619,1,-84.69,8.80,0x8bea0edfbd4bffeeaa4e512c9062c8fca94aa9946bcd527f0f0c6b512a817f7cf47cb63785239205c5b07e440bdf748c76961392,52,868,7,125,4/5,0
HWS-002-FIFO,5,35,FIFO,limo01,1784025136668899801,1784025409012497166,0,0,272343597365,5,-90.84,-2.03,0x7f0ffb3ea75c342514796e4b25beaf26b550775b2792767dee398c8dd9a55a950584211492a4ffaa1fdc89fbaafa3e468d6e6cc4,52,868,7,125,4/5,0
HWS-002-FIFO,5,36,FIFO,limo01,1784025137863113298,1784025218415037944,0,0,80551924646,8,-109.72,7.21,0x6a730939c12d8eaf028776ec81cb3d178852393b53e7664b15e85a6d985deaef27c76714c9debfcfb7812ed9411e74961999522f,52,868,7,125,4/5,0
HWS-002-FIFO,5,37,FIFO,limo02,1784025144303793592,1784025352891759790,1784025352891761381,1784025353063280582,208587966198,7,-102.46,4.61,0x9b2cbe6d5f5abdaf95943c20593f65f3475bc675ab1d9673e575fbd3e007ed31e6df830be108cf6762338ede6a836862d00bf8d3,52,868,7,125,4/5,1
HWS-002-FIFO,5,38,FIFO,limo02,1784025146280965842,1784025205164439517,1784025205164441556,1784025205338790940,58883473675,2,-84.87,1.84,0x8fb560ddfa7e0fab3f663092a44d65bb1a9752e75b3c74b6b08c797087f03ff2043a4d46fedb4dd8f0b974c364f9897865ae3fd1,52,868,7,125,4/5,1
HWS-002-FIFO,5,39,FIFO,limo01,1784025148380737920,1784025234238893448,0,0,85858155528,5,-99.73,2.40,0xa7767a4f855b6c1917390c216f4a977534dc8f2af19de6dd72b727acf5a5e7372378fdb6f1e8338b3ffe3ce9ad59bdf38b94fe78,52,868,7,125,4/5,0
HWS-002-FIFO,5,40,FIFO,limo02,1784025152115551795,1784025543202097920,0,0,391086546125,4,-85.86,-1.68,0xf06ae175e82f5481ed4b6645980017b457c3ef61d434241f1e56375da413fc67575c40ef6c1aeb8c8ab3c32777b6197fcfe92bcc,52,868,7,125,4/5,0
HWS-002-FIFO,5,41,FIFO,limo01,1784025156601930209,1784025382822025629,0,0,226220095420,5,-109.37,2.85,0xc7aa3309b9ad071e1aca1dc20567bb3d559ad9674079afc92d38ac31531267fec6bc940449b2997bcaa9f78ecf4d165031c23de5,52,868,7,125,4/5,0
HWS-002-FIFO,5,42,FIFO,limo02,1784025160941840389,1784025318398116712,0,0,157456276323,10,-85.54,-2.60,0xebe8d352e092f39c4eb0f482ece5a60fa9635e9a7262af8627bd18c3999ebe37269829ba0f8bec5b38b9281360325a88a52e4aae,52,868,7,125,4/5,0
HWS-002-FIFO,5,43,FIFO,limo01,1784025162241938120,1784025498482546032,0,0,336240607912,1,-100.78,-0.34,0x31f072095f497a18d0c8f31cfcb9e03bb9853de9c0d34bde69829b6e23b22c3910dcfa41867c090868ca3f1a12b5c4745f15a1a6,52,868,7,125,4/5,0
HWS-002-FIFO,5,44,FIFO,limo02,1784025166556497458,1784025328930808409,0,0,162374310951,4,-102.15,-2.43,0x7a928321c1fd34413f576ef507bd7c6ff0a3bbecb7a220463dd129e22edf1dd3f9a94604d4ade55c55511ffc365757929d9a5c86,52,868,7,125,4/5,0
HWS-002-FIFO,5,45,FIFO,limo01,1784025168752033962,1784025268934222728,0,0,100182188766,1,-89.51,-4.38,0xbca1d782a3a978335f6e1ace7a4298b23eaa35797f4f409ecd2621a82309ac724ac5b1fe97986eb811166d52767d2496ea3dbf0a,52,868,7,125,4/5,0
HWS-002-FIFO,5,46,FIFO,limo02,1784025175650657539,1784025362352081864,0,0,186701424325,2,-104.35,-4.08,0x1d8430da4c47b61dc17da47751c94be2b1763f1a19f0321b5d1d444696fbd44fc76b694f11a4913ec3bcf63234f3753ffd261141,52,868,7,125,4/5,0
HWS-002-FIFO,5,47,FIFO,limo02,1784025177920801923,1784025501119162480,0,0,323198360557,4,-83.36,12.47,0xbb8ed41c4ac5ccdba59ed618793583de424adbc5d0bbd9f66d456b3e39ac50cb939dad3d0622a0b635df67cb2802a07d10bc3a60,52,868,7,125,4/5,0
HWS-002-FIFO,5,48,FIFO,limo01,1784025182487205038,1784025254993347602,0,0,72506142564,3,-85.73,1.34,0x1d0e3a0b6ce522d3a91806b79816c14c9af9efd37d843d0e137da81c6bc34c858f06e635e0635c15554f7767fb9f69bd02bea3a6,52,868,7,125,4/5,0
HWS-002-FIFO,5,49,FIFO,limo01,1784025182302297188,1784025341995487132,0,0,159693189944,7,-90.46,8.85,0x37f42701e155d2e9934b11b6cca865b1cc9f46aef902e16b7e2665158d266e9b2be51a2e911b11b45fd72e53e53ec537a94440d8,52,868,7,125,4/5,0
HWS-002-FIFO,5,50,FIFO,limo01,1784025187671459671,1784025594586358226,1784025594586360689,1784025594753739335,406914898555,6,-91.93,-1.88,0x5ee3bc62fb5e77dd9e1eb7047a03eba06bb8a2cdf1570bd2c645521f69f3acde72bc8e44961f4fc47802c11de11b1034f37ec4b4,52,868,7,125,4/5,1
HWS-002-FIFO,5,51,FIFO,limo02,1784025191708775532,1784025525502253423,0,0,333793477891,4,-101.84,8.46,0xd3f15e36c3a4a40b27b713ce49a0f4ca4f91a35eab16b617d1cdddcddc32f57155d3b265764b6787236f64157f9d81ee5243c887,52,868,7,125,4/5,0
HWS-002-FIFO,5,52,FIFO,limo02,1784025194965555930,1784025314440187932,0,0,119474632002,10,-98.51,-1.25,0x9bddcdf8077be22b93cd0dcc540a29a3b29b24c98d7afd11940f417ff38e1d08aa7c2563c9c0ae68803b877c0bcff4da953ae457,52,868,7,125,4/5,0
HWS-002-FIFO,5,53,FIFO,limo02,1784025196177546671,1784025371588993863,0,0,175411447192,6,-107.74,14.73,0xfff7fd75933b9101a947dbdefd86346ba63e9ed648648d4d797c236068c56d697e195c8cc8d920a2d11a793be0cd4e94be369312,52,868,7,125,4/5,0
HWS-002-FIFO,5,54,FIFO,limo02,1784025202426652983,1784025335109392117,0,0,132682739134,8,-100.61,7.62,0xd7571aafadde7ace23ed932f3ff623fbb86527e127544ff205f0d566b03a3b4af36c20979bb65a6205f6b28e84e6f1bada206bf9,52,868,7,125,4/5,0
HWS-002-FIFO,5,55,FIFO,limo02,1784025203044813288,1784025286488972179,0,0,83444158891,6,-105.17,-0.26,0x0cedc151ab3a46fb616e0aa5d3da0309fe39c4649c305b97e388890e115910beeabd788ccda50e41e47cf0c9575b4a9d1bcbd3c8,52,868,7,125,4/5,0
HWS-002-FIFO,5,56,FIFO,limo01,1784025209277490224,1784025382363260090,1784025382363261275,1784025382535967302,173085769866,2,-92.93,5.99,0x90bb032e12fb710d08b4ba632073e8b66dae1dff541d0055d6c4e57a857b59229eb6c09b39ceb74e665ea386b4a42697554e82a7,52,868,7,125,4/5,1
HWS-002-FIFO,5,57,FIFO,limo02,1784025209524639316,1784025358004265978,0,0,148479626662,5,-96.05,-2.06,0xc52ba2ab8baa72282d1e2e2d53d8157d64e259113b1a6e799f861569dc8f2788403f3965c434130197e7a837a3389bb470cd7825,52,868,7,125,4/5,0
HWS-002-FIFO,5,58,FIFO,limo02,1784025213308895752,1784025530033529489,0,0,316724633737,3,-82.64,5.64,0x58fcd4f0a20ef6b14bed4a9a3eca8cfc0ceb76a7dd83f9f081eba76dc7bce357250bec4cecec104ae5a6d9413908e558ee681a66,52,868,7,125,4/5,0
HWS-002-FIFO,5,59,FIFO,limo02,1784025218899157400,1784025305056875023,0,0,86157717623,4,-89.76,9.53,0xa15059cca58efdf206fd87633b17bef18a3acb0687c8dd76231faab56bfb4548e6e5e32671420bd260c07ee8b6d477e4a25d38bd,52,868,7,125,4/5,0
HWS-002-FIFO,5,60,FIFO,limo01,1784025222547231399,1784025333768031392,0,0,111220799993,10,-98.10,-4.59,0xeb090eefffaa16c5c38b46c1dd84d8dae192c35d6365af451e8cf135dc6cb7ad3ea9070c43d99f53fc796d1e87ebcbefb84dbaf8,52,868,7,125,4/5,0
HWS-002-FIFO,5,61,FIFO,limo01,1784025225423937996,1784025356034665177,0,0,130610727181,4,-97.28,0.01,0x55d61ec03c89bb1c658d2cfb49fc664bbf4aff1d660301dac4d478575bfe314d5466974e5be529d2f8e3177342d9ecdd64c8acdf,52,868,7,125,4/5,0
HWS-002-FIFO,5,62,FIFO,limo01,1784025227462793845,1784025397185599451,0,0,169722805606,3,-81.01,-2.97,0xbf5820f68bf51712184b434533d4e5a17b41cff965b01d1b1379e9addb582e600936831ea0aa857d6b4a594de949507197206f65,52,868,7,125,4/5,0
HWS-002-FIFO,5,63,FIFO,limo02,1784025233626548462,1784025294639228215,0,0,61012679753,5,-81.54,3.37,0x56fdcc53077095f05f7dda25e02313a3accf799692f699280a9e5bee6a2cfc6793481a57b6810352546c43c28b61a0140bfdfb8d,52,868,7,125,4/5,0
HWS-002-FIFO,5,64,FIFO,limo01,1784025237387404662,1784025349564832575,0,0,112177427913,10,-96.34,2.73,0x5702a53643b69b98e3a1ab7dba13ba6b9be1ccd3c29ae1ada3671f8e491940c2283b5660bab1cf9ba683e1958222da958aa9afe0,52,868,7,125,4/5,0
HWS-002-FIFO,5,65,FIFO,limo02,1784025237993624181,1784025477718758099,0,0,239725133918,2,-108.33,7.74,0xe3a30176e856f3bf21b38b5ed13c0bb65ba52cd161284fe08c8864146c06ef155f0769c0a749587eaf7bc884ad1042b93f626266,52,868,7,125,4/5,0
HWS-002-FIFO,5,66,FIFO,limo02,1784025241631419838,1784025443176856893,0,0,201545437055,0,-84.56,-3.83,0xe2566d9ca4b7fe532582b9f2c65e3c78a68faadf7264017cb3231fa8ea0ef3cd5244ad3b8a3f3f5d1d6561844f1dd690a12a280c,52,868,7,125,4/5,0
HWS-002-FIFO,5,67,FIFO,limo01,1784025244542927785,1784025558722731727,0,0,314179803942,2,-93.68,6.11,0xda3ed13e3ba10369ff55694237bb44e016a5bbe6c5ff4ee086a0446ffabae1c4777d04ebbe2eda1735e2042d381fc8977a4268fd,52,868,7,125,4/5,0
HWS-002-FIFO,5,68,FIFO,limo02,1784025249314742332,1784025336271263833,0,0,86956521501,4,-102.48,4.35,0x87cdfb67c156485b421ed1b6835a0690e952f8f577a66bca7f0854f9b3289028512d6e96be27895681eff4a6c6b4aff8ee56e49f,52,868,7,125,4/5,0
HWS-002-FIFO,5,69,FIFO,limo02,1784025253409014582,1784025392897077338,0,0,139488062756,9,-83.49,8.13,0xf3fc4990c2db2c7dfbe1523240ab3c57e0be83c8dde3ccebf0c923ef666c0408aeda475a5bcf68a21f96ffdca2d9cebdcf990ee7,52,868,7,125,4/5,0
HWS-002-FIFO,5,70,FIFO,limo01,1784025255626824394,1784025415382895360,1784025415382899741,1784025415554696269,159756070966,1,-105.19,0.38,0xfa437d9a23a3b673a1c3976de54c1b11f7d7dcceb4837fcf918b0f91099795eaafb99540da52f1ea734f0d5aa5ddef4fd00d65b3,52,868,7,125,4/5,1
HWS-002-FIFO,5,71,FIFO,limo01,1784025258121624935,1784025426038232055,0,0,167916607120,8,-85.82,13.18,0xc77b262f4e4a44f4786e3143b4527cc19cca674f170c68bea779c3b64ce67a9cc2b74cdf457f6e9daea933e55e8377f1325ed4e4,52,868,7,125,4/5,0
HWS-002-FIFO,5,72,FIFO,limo01,1784025263889331270,1784025527306481157,0,0,263417149887,6,-102.44,-4.38,0xc2177d7f01d11d6f0c26a291eefb15f1779260380884c1d19a86a9648a5719fb622f1f0c12cc26041a82bbb9c2ba011c916ff9c8,52,868,7,125,4/5,0
HWS-002-FIFO,5,73,FIFO,limo02,1784025264477627606,1784025342901203274,0,0,78423575668,3,-82.03,-3.92,0x5fa920a19e6080bd57d698384d29e28dffe122477128dd2a4387d9f037e62ea69d937494e3e696a86c5120030eece891f9b903cc,52,868,7,125,4/5,0
HWS-002-FIFO,5,74,FIFO,limo01,1784025271005404006,1784025406307602723,0,0,135302198717,10,-80.60,12.68,0x3074681fe61799b0b3e26648a15bf4e4d4f169646c98c63f8a1cae9903d90ae80e0b8d45a174d035e87e0e7cd006cfa259c8f665,52,868,7,125,4/5,0
HWS-002-FIFO,5,75,FIFO,limo01,1784025271403901956,1784025432108282072,0,0,160704380116,9,-93.19,6.79,0x59b1570aec6b6c6851eaa066537b7cfa24951eb2d1fb8a809be2bec95ea5505cd0283088f0fb6836f33e66433c8bb1f6f2f3a989,52,868,7,125,4/5,0
HWS-002-FIFO,5,76,FIFO,limo02,1784025278198415102,1784025490323661510,0,0,212125246408,4,-109.03,4.70,0x77c2f0813eb1dacf56f69e2ee176537a8692d0362b3590910ebfc3232dd61fb3a523718c24db34dbc7927f7e00c57678ecd98fc9,52,868,7,125,4/5,0
HWS-002-FIFO,5,77,FIFO,limo01,1784025278980661245,1784025401321944977,0,0,122341283732,8,-81.18,8.49,0xa7ad5699fda2655302212a52638fed8e488c143a558848e2c25c9fa3adf40d5bcca9b5d7f2a73e002a3c1d3e5ec4c54368b3efb2,52,868,7,125,4/5,0
HWS-002-FIFO,5,78,FIFO,limo02,1784025281424231018,1784025405737465058,1784025405737469183,1784025405912384745,124313234040,5,-88.91,11.47,0x8fc83de4a07feb30204f656e372764437149c7e50959bd4115f851a80a8d12432cab67b65015019e6426d9006a386614064227c1,52,868,7,125,4/5,1
HWS-002-FIFO,5,79,FIFO,limo02,1784025286893898563,1784025600583431998,0,0,313689533435,7,-107.39,14.73,0xa2be2f74e64c0abd9edbcc004db248cdd65b7585a870d6e39019afc303435a4907e4ab897be88dcd7256cf72e4069b1897655324,52,868,7,125,4/5,0
HWS-002-FIFO,5,80,FIFO,limo02,1784025291390821625,1784025516683632573,0,0,225292810948,5,-104.43,8.66,0xf80372ab50150100c7e1a24a76b34d2f7041d765c39921b59e735d87c7e4d5d81032eef811fcf3229459bda86981289a1c6be7da,52,868,7,125,4/5,0
HWS-002-FIFO,5,81,FIFO,limo01,1784025291643172878,1784025352838930727,0,0,61195757849,9,-82.36,3.72,0xe9014dd5734b9516ed6c2203c68575cf73c4321210741276b41d4c2e6845262d90a72d2ad9425ea5ddd4f2aeeb3ef0e6eedf6586,52,868,7,125,4/5,0
HWS-002-FIFO,5,82,FIFO,limo01,1784025297419684869,1784025443271148062,0,0,145851463193,2,-85.50,12.77,0xaf73383de89f13e9927e1ae3bf525ef134a85eda15b717addfd1de22e2add6637e169f91b7b9520868a43d20beb755b7cf8b7e98,52,868,7,125,4/5,0
HWS-002-FIFO,5,83,FIFO,limo01,1784025299513883469,1784025397330974100,0,0,97817090631,3,-92.75,10.67,0x91e34594fb1f656a13bfa5b255b5912de0a6b1a0ef05fcc7796ecd5c510b69b187964144febbfc5ed21eed6c96509a727cf85f62,52,868,7,125,4/5,0
HWS-002-FIFO,5,84,FIFO,limo02,1784025305588510904,1784025531091914024,0,0,225503403120,5,-95.34,10.92,0x5df1d065c492f5d76f67afa8aa64e0f0645e9b270f931e56116343272c06d5156e5d7362eb58205d85e514b379af4a90925013be,52,868,7,125,4/5,0
HWS-002-FIFO,5,85,FIFO,limo02,1784025305720698203,1784025458960220371,0,0,153239522168,0,-88.38,11.33,0xbb29bad9d51b1e098769990a46fd4c7ea2612366b392a9d1662f269bc78d5ccf53716a9ade0acb749e76b2a1b79e22fdfcab1db8,52,868,7,125,4/5,0
HWS-002-FIFO,5,86,FIFO,limo02,1784025311826437577,1784025395447860757,0,0,83621423180,6,-98.85,2.10,0x28639baa3fde3896cf8052ce81584c9c982c596f88973339bfa643da750a5c1921968af087182f240a8f20eddf70c6bc6c815f32,52,868,7,125,4/5,0
HWS-002-FIFO,5,87,FIFO,limo01,1784025312475863260,1784025527411502990,0,0,214935639730,4,-105.79,0.73,0xc28808659ab59fe955c52bd4dd5f087c4e98f33755c2c7b21ee342edc06fb874465ad028dbc4b7882272479dedffa18df91e1689,52,868,7,125,4/5,0
HWS-002-FIFO,5,88,FIFO,limo02,1784025318672357854,1784025637841967730,0,0,319169609876,8,-82.68,-3.24,0x285924c46935bcb78b21c3eb4f721cffc4875098c6526d527d8802ce7422b54e377ca247f1bacef858d675b199ae20e8bf95ca15,52,868,7,125,4/5,0
HWS-002-FIFO,5,89,FIFO,limo01,1784025321543240962,1784025473538098517,0,0,151994857555,6,-92.79,10.93,0xfd71d333824c9bb2fb21bc300efa00db295489ea6081305ab8741522ba2ea8af40e9aed7f16fe2e5dba22373d1cf5a17027b708e,52,868,7,125,4/5,0
HWS-002-FIFO,5,90,FIFO,limo02,1784025322516621692,1784025409312681061,0,0,86796059369,3,-91.03,3.29,0x2a70ea53e95abc70f7d0d4146f5c1277216058d5edbc474d7af235731fd97f30e827902e5972cc716debb5bebac0534662002af9,52,868,7,125,4/5,0
HWS-002-FIFO,5,91,FIFO,limo02,1784025328283335198,1784025425094829954,0,0,96811494756,2,-89.59,-0.82,0x53072e8cc7c33f4625696f241d6a0e9deb50faa47731a2a2cb465560235ab3ca3600a6659411d2aefe848ef6bc89a8e37ede0f43,52,868,7,125,4/5,0
HWS-002-FIFO,5,92,FIFO,limo02,1784025329909178310,1784025455681168430,0,0,125771990120,6,-86.25,4.59,0x40427d292d5a41b7cc5e783d4182929872084008bcbc902b5112b4a24d626bbbafc7e4c6f7387d4d504a175507cadc00d55dead2,52,868,7,125,4/5,0
HWS-002-FIFO,5,93,FIFO,limo02,1784025334347104069,1784025613841115883,0,0,279494011814,9,-90.49,6.46,0x58c14dc8be58e4123e63ea0b33ee722748206c3d0179491b45fcae3f72702356fc58ef5df0b5a18e8a00a660c56cd25f8d884946,52,868,7,125,4/5,0
HWS-002-FIFO,5,94,FIFO,limo02,1784025336291388400,1784025565234621859,0,0,228943233459,2,-105.87,3.84,0xece3421c5e0c6b46233e6539b58e1f4d41cb4515948cbee5166ac7088ba6104940ffb2ff3441a94b1e5ad82b0a37944bf4cfecb1,52,868,7,125,4/5,0
HWS-002-FIFO,5,95,FIFO,limo01,1784025342608254684,1784025476723272652,0,0,134115017968,2,-82.23,-1.59,0xc7d432fc9321311a03fe7947b1b5d886cb87821aaf91e95262975744c34f3d045d49d982ab98922ef6addbf766a482746517f94a,52,868,7,125,4/5,0
HWS-002-FIFO,5,96,FIFO,limo01,1784025344433995966,1784025554639916526,0,0,210205920560,4,-87.09,13.70,0xe43efe94eb3d7027f000f6e11fa9e9989576e14e3d16d33b041d95a00d05ce58be1274d44ea611a4e86350163ccd36fa7e06f1e3,52,868,7,125,4/5,0
HWS-002-FIFO,5,97,FIFO,limo02,1784025348520473189,1784025496334084178,0,0,147813610989,0,-107.29,2.44,0xb0d872279b04adcbec8ba0253ca17149ca12d5b7e279b5a04758c2b2fbcd945ae0ab828fcdc55fae1fffbb3e95b261c4b6692825,52,868,7,125,4/5,0
HWS-002-FIFO,5,98,FIFO,limo01,1784025351085975212,1784025447577901280,0,0,96491926068,7,-94.24,0.99,0xef9c02d202db25869ee848e08d2f9635c1d8ca445bddda40b8212cfeaa00e165a866685133b7f0cae9dcaea1b58cfeaa8d2d6dcf,52,868,7,125,4/5,0
HWS-002-FIFO,5,99,FIFO,limo02,1784025355270121467,1784025460066554837,0,0,104796433370,6,-95.55,8.13,0xfc4e0fa8dec63643890b3c35db43fb0994e24ce429d9e58f6b32ebab3d3810e6b4d690943c7265b68f3b804d01c4b532c28adbe3,52,868,7,125,4/5,0
HWS-002-FIFO,5,100,FIFO,limo01,1784025358579590446,1784025503501672396,0,0,144922081950,4,-85.34,14.59,0x5d13655cece10497462b474ebdbc59e4c7da0f37e50f374d19d345d8cd802124bca11535524baaf455e6249e359fe3e96c948066,52,868,7,125,4/5,0
HWS-002-FIFO,5,101,FIFO,limo01,1784025362785617548,1784025707661392610,0,0,344875775062,6,-89.78,5.50,0x6cd55016cb131e5b33ddbbe98df8e91bc2a32928ebe4ba43c1e31eed3ebfb9589bda4b2f15600c0940f326cb3eabf1b4c5e4223e,52,868,7,125,4/5,0
HWS-002-FIFO,5,102,FIFO,limo02,1784025364830240151,1784025557295051720,0,0,192464811569,8,-99.88,-1.99,0x92e7c068907e4383a83902949fe11adbe3c32c27f06c0535df1523c97657add5d3c1dc85cb89c0371cdd2c404e520cc1fedca4a9,52,868,7,125,4/5,0
HWS-002-FIFO,5,103,FIFO,limo01,1784025367084318949,1784025560127627538,0,0,193043308589,6,-83.67,-0.58,0xc98074f92e17416f611776eb88fb5b6852359dc6b01c17f0ec768750da49e159381bb452086a565eb4870a286ca119d935fbb492,52,868,7,125,4/5,0
HWS-002-FIFO,5,104,FIFO,limo02,1784025373219106227,1784025524367872735,0,0,151148766508,7,-108.25,5.83,0x583caf8180fe0831c7be3811a1488d429c318c1f2d84783e3fbb72f4d7f36c6277b91c14e70fcb9c6f2145ff7f51ae93b6591901,52,868,7,125,4/5,0
HWS-002-FIFO,5,105,FIFO,limo01,1784025374113572837,1784025528726028039,0,0,154612455202,8,-97.81,4.20,0xa676fdda3f0c69ff373fc9d84f27b0f25cb3e8bcf3d44a6ad95b0041f24805ccaadc64d6d8e5900d79afe6ac239f843ca67d9415,52,868,7,125,4/5,0
HWS-002-FIFO,5,106,FIFO,limo01,1784025380475441970,1784025526178549395,0,0,145703107425,6,-102.56,-1.74,0x3bcc6d66e17612f6fb3b55a6229f82f5c4bea90b68ed61ab3fdd2b4da896e11887e98bf4de67f790231bf3bb2456d75a7b85eb32,52,868,7,125,4/5,0
HWS-002-FIFO,5,107,FIFO,limo02,1784025381697635581,1784025538469355199,0,0,156771719618,1,-86.94,12.80,0xe745f3846f08fbbb0a4b152a84f6c39f213af07b63ffb96c302f0bde7f2d1ee3019929ff63ec1d67c8d55f9fd3a897f2e51739de,52,868,7,125,4/5,0
HWS-002-FIFO,5,108,FIFO,limo02,1784025386516197320,1784025593368251591,0,0,206852054271,4,-89.31,-2.36,0xf29456299b4608f9600b54a4ec8037ffaca74ec6399b3f721de8e15cab0bb06830ef6dc40edd1001d8248ce798ca00eea9f7fefd,52,868,7,125,4/5,0
HWS-002-FIFO,5,109,FIFO,limo01,1784025387262467310,1784025438459023725,0,0,51196556415,2,-103.41,13.58,0xeb875c069531da03771ee255ab089bfdad461fb6e7e2963c22907fc8ff3c8a550f7b3557db933f31b38bc05725b7fa9835241c44,52,868,7,125,4/5,0
HWS-002-FIFO,5,110,FIFO,limo01,1784025392273021430,1784025569211992670,1784025569211996857,1784025569384145165,176938971240,10,-108.44,-2.96,0x3995d66727e9e3b793e907b991358159f1a07a4adbe0aca4af7d429b5bba066c9211bb4de2ec2d72629b0af7242aae305bda33a5,52,868,7,125,4/5,1
HWS-002-FIFO,5,111,FIFO,limo01,1784025394621078616,1784025532181547542,0,0,137560468926,6,-82.41,-4.83,0x509914f2b4d4ab9a4c40ace1392f22e58cd514701b66cad4835b34241cf1651f022e6b3dfb672a7abb2e8855b8e8a6e60fb75e7e,52,868,7,125,4/5,0
HWS-002-FIFO,5,112,FIFO,limo02,1784025397742106355,1784025584315802721,0,0,186573696366,6,-92.57,8.95,0x49ab0a54f8ac8c4ffadeb0ded7d5afcd99e662f61f002cd4e04a106f94342e41cb0f6259032e620d7d636cf90e6565a3a59db57a,52,868,7,125,4/5,0
HWS-002-FIFO,5,113,FIFO,limo01,1784025404354837033,1784025573419631384,0,0,169064794351,2,-93.58,1.33,0x613acf8d48bdef346a2520dac8490fec21b27bd310409e5fe09fb232fed82e6b1dbaff67d1d75e4f9926e5ad5fbd377ec2a79cce,52,868,7,125,4/5,0
HWS-002-FIFO,5,114,FIFO,limo01,1784025405499999598,1784025616340220702,0,0,210840221104,2,-106.95,5.78,0xb682bd0858fad574a15e0db6367039446288248006d54c6499019a3d194f6729ebcaa9f795b0805c2c15275bad4fbb50b5ef83d8,52,868,7,125,4/5,0
HWS-002-FIFO,5,115,FIFO,limo02,1784025411157197953,1784025649723092329,0,0,238565894376,8,-95.17,7.54,0xf32e6b1dbba53ad4191196ffb85f187497a2ec8600c69179edafa63c7f2bf826914099caa2ce2fd71b7a5246aaaeb91fa511a382,52,868,7,125,4/5,0
HWS-002-FIFO,5,116,FIFO,limo01,1784025412939905584,1784025727617701781,0,0,314677796197,4,-81.81,2.12,0x885f3c85e6c0120b4e2835c59d2c4191ec8169e16767c90569e32075d0eebb78071a731b21ed50ad7a281543067f8aa49f38d7f0,52,868,7,125,4/5,0
HWS-002-FIFO,5,117,FIFO,limo01,1784025415432010735,1784025664541951589,1784025664541953528,1784025664708103734,249109940854,8,-95.56,-4.42,0x7a0e37d789421caed751553ee366230b085d3acb8dc8e273e58a0c79a23c0372b23dca4a3fba8eaada8e2e1ac933bf7660ee7d58,52,868,7,125,4/5,1
HWS-002-FIFO,5,118,FIFO,limo01,1784025418674929660,1784025565942313844,1784025565942316820,1784025566109273513,147267384184,5,-80.78,11.85,0xf31a4d417923c7349383b7305220875ea656974b928e84ba26e78bc28961c9935e139906068f62a26aff9c201f73ffe85fb8d93a,52,868,7,125,4/5,1
HWS-002-FIFO,5,119,FIFO,limo01,1784025422497125007,1784025857436096467,0,0,434938971460,3,-100.20,10.90,0xc76987518cf52b0951f74ea1ccd34d1b1ece403a2e32eed260d000e4146c77e4764501ef1ae9035976d4129ed5bb9cda104c9589,52,868,7,125,4/5,0
HWS-002-FIFO,5,120,FIFO,limo02,1784025427699812210,1784025550619165897,0,0,122919353687,8,-90.68,-2.67,0x2d434fc0f312831d9808c6a40e4e97e82b5c4e3254e84de0b5f61bf9715f0456da781708c4664d7cc7d555cf10481312f54bfdaf,52,868,7,125,4/5,0
HWS-002-FIFO,5,121,FIFO,limo02,1784025431083369199,1784025769380905140,0,0,338297535941,2,-86.46,2.71,0x525465aef449109be17456f21116c84921985781cbb9f517c1ee3fe7d9b26dce31cb638556397aa32014a343bdd9bd9c7586178e,52,868,7,125,4/5,0
HWS-002-FIFO,5,122,FIFO,limo01,1784025431607337399,1784025574410119171,0,0,142802781772,5,-94.02,6.68,0xa44e139ec5a6b5dfac21021481f22051fcb836ac2ef29115e825f0b2c85d38a2efa01457330dcc1bd95b467a066ac174af8a6874,52,868,7,125,4/5,0
HWS-002-FIFO,5,123,FIFO,limo02,1784025436154146051,1784025537850796133,0,0,101696650082,5,-85.77,11.10,0x54e47ce013b524a8bd22dbef7bc96ec67d4a29c5c1a2e1ad687ed3b536dffb5d8e55d0191ae3016559e240bf8d2d4866d1b95e7e,52,868,7,125,4/5,0
HWS-002-FIFO,5,124,FIFO,limo01,1784025441616507449,1784025633681633306,0,0,192065125857,1,-90.73,3.42,0xbcaf25b7506c6f9b06c6ca42581f463ee411e8b6fc06a7e06041fa6d741ca45126dffd6aee2dcfc04e12359aa9907a647432c2ad,52,868,7,125,4/5,0
HWS-002-FIFO,5,125,FIFO,limo02,1784025443796797907,1784025579484550638,0,0,135687752731,2,-95.95,4.47,0x257de532e04dea511e177e24c83934041d4ebd49733f0a6d7ce5205885f36900b46b47003dbcea89955848f440d4056d375d553b,52,868,7,125,4/5,0
HWS-002-FIFO,5,126,FIFO,limo02,1784025446901737030,1784025544844489310,0,0,97942752280,1,-84.52,-4.42,0x1e1369b98fbcc2a07c2f7337a2057d9d95267635777a6c45bb620c2938dea576624bc031c358544dd8ee9ede0ebde033c635370f,52,868,7,125,4/5,0
HWS-002-FIFO,5,127,FIFO,limo02,1784025452183672652,1784025587309849622,0,0,135126176970,5,-93.99,3.56,0x98472bd6840f6f63b767567334466a786a51ef99080c6bf7d88ed65bc0f9d27ac6ac3c5d3bc5c0310f0ec8f4388c472026d2c022,52,868,7,125,4/5,0
HWS-002-FIFO,5,128,FIFO,limo02,1784025453850936095,1784025641957425636,0,0,188106489541,7,-109.80,9.59,0x841efef347e8b969529f47e298ae5cb3ca6bf892fe4b0eae9fbe7416a3d9bec7ce9a85eee336f3edb6cb768f818539e3dd5b12c7,52,868,7,125,4/5,0
HWS-002-FIFO,5,129,FIFO,limo01,1784025456067336640,1784025548010862035,0,0,91943525395,0,-95.49,2.58,0x8f1d1fc9945c9d4367738439c3a281a67b027e0db16d204f2e4b1c0531196abf8624827406cebd90a05d0dc7ae030344b27d5652,52,868,7,125,4/5,0
HWS-002-FIFO,5,130,FIFO,limo01,1784025458757428149,1784025576167902237,0,0,117410474088,7,-92.75,-3.02,0xcfe34dc29612f923a9f7b28b5e306a41d26c88562115b7e93893b05ed764fce748b9dde525a5ed2be28559d39e619e214d5f0889,52,868,7,125,4/5,0
HWS-002-FIFO,5,131,FIFO,limo01,1784025464391029134,1784025623708201306,0,0,159317172172,3,-99.31,4.17,0x56188b9c63dc9b56533810afbbbd65602d776987afb9db9a013ca61e66f2c3168ae283b0d02b548fac3068b7f26f801608b68e90,52,868,7,125,4/5,0
HWS-002-FIFO,5,132,FIFO,limo02,1784025469370732387,1784025681640007040,0,0,212269274653,3,-87.10,8.59,0xaab6dd8761d9787238bc36a5271138b81e94f56c78e4308618074312e107a55a6838643038a4af1ce48c23dcdf5639b3c1901f2b,52,868,7,125,4/5,0
HWS-002-FIFO,5,133,FIFO,limo01,1784025472019903989,1784025656206320880,0,0,184186416891,9,-100.05,-4.58,0x2b17911889d25907a0f00babd985e36b58cd750eb7173122df1df70e70a3098d5e289e464d37a3cb40735fe47719e770569d5763,52,868,7,125,4/5,0
HWS-002-FIFO,5,134,FIFO,limo01,1784025473588932864,1784025698469992617,0,0,224881059753,10,-107.10,9.02,0x40977cf16c2b958cc9d067c5e5b12c94c8acff1a701a793ce140c3e2f5aea66cba68cb4b1dfeb754023af616e25644b4eaa325a2,52,868,7,125,4/5,0
HWS-002-FIFO,5,135,FIFO,limo02,1784025477376110250,1784025662909522254,0,0,185533412004,4,-98.40,9.05,0xe23b5d765e587a443922a2b265f8bb707c61646295cefd2243c3ccc3689f2cef4c2e8ca235399306c7e6e3a8c7123d587f073b1c,52,868,7,125,4/5,0
HWS-002-FIFO,5,136,FIFO,limo01,1784025480926144191,1784025580979465716,0,0,100053321525,5,-100.52,-1.34,0x0433282a4f88134939b80b0447c07c7b736e37cec5a9a5c583e88d31cb7729bc8e42c00e4c1c334ee0d997ae91dcc62f60e96f45,52,868,7,125,4/5,0
HWS-002-FIFO,5,137,FIFO,limo02,1784025483008869544,1784025575855978929,0,0,92847109385,6,-93.88,8.49,0x8d7a1602e39f4570e3a5c24b883b3c0c98bc8e7e4c19030b96a7ceafb6ed67c1fb55ff40b5c54213185920ac75543ea3c1221d34,52,868,7,125,4/5,0
HWS-002-FIFO,5,138,FIFO,limo02,1784025488324064042,1784025600143101861,0,0,111819037819,0,-95.44,13.18,0x74a6b0c55434ea5c1a97d5943ac3f81b0594331c9fa769e22529eb6152bd7042b87f24b61d7876a16ac6113db26ed2fbb06aa6bc,52,868,7,125,4/5,0
HWS-002-FIFO,5,139,FIFO,limo02,1784025492393166326,1784025626793370088,0,0,134400203762,0,-93.19,-3.87,0xbe65c3e02d8db7329cc3391545c7834792b5237a66f1543962b1ed23875821c53be171d2aa7d398a1a3577052767e8da52644840,52,868,7,125,4/5,0
HWS-002-FIFO,5,140,FIFO,limo02,1784025493451071238,1784025684985608293,0,0,191534537055,0,-91.14,11.16,0xb8d4691945edab9bc0977955b3f3df1eed6e94457e12258c6cc8c1cf7e4875fc1f44d1b74755b04af8fb5e872a0d36b2e72ee1f7,52,868,7,125,4/5,0
HWS-002-FIFO,5,141,FIFO,limo02,1784025499992903510,1784025700991988909,0,0,200999085399,5,-82.78,6.78,0x9da81e10a2a0e9b45d9bf834d909b748f9242ea23916004b231dc0813ef706459fc0159601e835218a5a9ba8b169f0b0dabb33c4,52,868,7,125,4/5,0
HWS-002-FIFO,5,142,FIFO,limo01,1784025503065166004,1784025606613804032,0,0,103548638028,5,-94.36,8.83,0x0e3d39d69deb45e85cc30c4b9fe5837ef7834bffe6e9919bde66a8fdd0e04dbac5bc12f0f7add8004174b2bd71b76f73f6fd406a,52,868,7,125,4/5,0
HWS-002-FIFO,5,143,FIFO,limo01,1784025506568462781,1784025689459709438,0,0,182891246657,0,-86.07,13.11,0x0b6419d290069889eb3ae0697e471ab2b0f396e8e6cd8d62bb3630603c271f19339ddced7fcc3a852139e408a8c478e2a6ef4b3c,52,868,7,125,4/5,0
HWS-002-FIFO,5,144,FIFO,limo02,1784025509873103484,1784025598299247942,0,0,88426144458,7,-104.25,6.89,0xd84031fbe3b2264b52bcdb283b99e0e763c2882d4f1b2e0017d4cde4c48a9c5a80eecc6f475c4b270fd41d84226ff9dc58dfe18c,52,868,7,125,4/5,0
HWS-002-FIFO,5,145,FIFO,limo01,1784025512427056837,1784025696160639441,0,0,183733582604,3,-104.77,10.46,0xc61dede6f33b2c9cff8ffad67dc43482acc7092494eec317a63751ada3f4138035c6bcd42d091c85b850b4d01fd830cbe4e56f63,52,868,7,125,4/5,0
HWS-002-FIFO,5,146,FIFO,limo02,1784025516843037223,1784025632517144704,0,0,115674107481,4,-103.31,13.96,0xc1e4997cd0dd6d1aace76bad834d800ac23f288a3b45bb40713a16f76187b1bd61a349f13a18a612a6bc02947b5b58600c26a025,52,868,7,125,4/5,0
HWS-002-FIFO,5,147,FIFO,limo01,1784025520576875077,1784025680754128359,0,0,160177253282,2,-107.05,7.57,0x2af7fac4ad78be4adde196741f1eed920bd5cd4bc5c44c9a0c50136f7222fff60afd3137e21931fce23d741119e876cc8718eda4,52,868,7,125,4/5,0
HWS-002-FIFO,5,148,FIFO,limo01,1784025520626050865,1784025637200864542,0,0,116574813677,4,-96.20,5.71,0x138fe0ba5884d3d19fd21656e63202c92e4df31f42dce29446baf80d4ceea8f679df3da0e2f148e5514fec79d62939c38cb74f8c,52,868,7,125,4/5,0
HWS-002-FIFO,5,149,FIFO,limo02,1784025524614691207,1784025789903873830,0,0,265289182623,1,-80.60,11.68,0xf67daf05a8cbecf1571ad3e7484a35fe7d00a3f6d0eac11e02fe943aa8b77014b65c7197e30ce7882257c02dc10e9cd953fdb6ca,52,868,7,125,4/5,0
HWS-002-FIFO,5,150,FIFO,limo01,1784025528122478372,1784025808771468198,0,0,280648989826,5,-96.86,5.79,0xdb2ec948bc3c25a2c9e8f70bad125f43ace8086163bfeb6d484101e2793ba9a6bde303f455d16657a69971099c0f98489baccb71,52,868,7,125,4/5,0
HWS-002-FIFO,5,151,FIFO,limo02,1784025533708856396,1784025808624207683,0,0,274915351287,1,-88.31,6.48,0x229d701104cc8c7170358b7d50fbc90b3bf739b3ff3cef6b8b767c0a2cd3df4328bd70cefbee1f420b6bbd26bc5b60157873d2c1,52,868,7,125,4/5,0
HWS-002-FIFO,5,152,FIFO,limo01,1784025536817268613,1784025726904130279,0,0,190086861666,8,-104.48,6.86,0xe70c54be2a97ce5ba4ab2a7443e8495a60c7652f8a0f227fcb0ac8e4dd995f58737c297f418bd673515898c7355a226a66484ca3,52,868,7,125,4/5,0
HWS-002-FIFO,5,153,FIFO,limo01,1784025540501706854,1784025669114621716,0,0,128612914862,2,-91.04,3.78,0xffb2812a913fca2934e56c9d1de1a5e883846e08227ab972b63cb24de65035178dcfde9d1858aded54800c495ad48100e496b4a8,52,868,7,125,4/5,0
HWS-002-FIFO,5,154,FIFO,limo01,1784025542208167484,1784025714330772778,0,0,172122605294,4,-87.10,4.21,0xc0c03cd97c82e051a7423945574cd9e3fb301e1d0b317d3780b24f5770c701207861f725605b35693ed4d3465160e3200c670271,52,868,7,125,4/5,0
HWS-002-FIFO,5,155,FIFO,limo02,1784025544405818751,1784025667402726773,0,0,122996908022,5,-94.98,0.84,0x88d79c72d47b447496b41cbaa23ac0165c7fe8f700c98ec768c73f705cb66fcd068dc6d909baa37952a0dd5b591b7d446043b6d0,52,868,7,125,4/5,0
HWS-002-FIFO,5,156,FIFO,limo01,1784025548482634975,1784025846088119285,0,0,297605484310,8,-81.30,5.59,0xfea64889e96ad7bc64256892a216dd766a0c65dc2372edf6e6d37699a403a571ad33980fdf8036d5e4fe68fe37d755cac7c6ad9f,52,868,7,125,4/5,0
HWS-002-FIFO,5,157,FIFO,limo02,1784025553807758366,1784025693491375085,0,0,139683616719,5,-104.60,3.59,0xdf3575d2dd36d80f6c1a8bbbb2941d526015d2b3707983aade56bfa25c9fa4a06054b2fd641a013b80b3feedfbeb965c6a0224bb,52,868,7,125,4/5,0
HWS-002-FIFO,5,158,FIFO,limo02,1784025555169390326,1784025687373483737,0,0,132204093411,10,-103.35,4.37,0x9f38bbb350131000ba7e0fa628acba7b3b4b386ea60a3bcf324336a68c77204657c41a457300beeef3eed979086454689f674acf,52,868,7,125,4/5,0
HWS-002-FIFO,5,159,FIFO,limo02,1784025560053985565,1784025668375931260,0,0,108321945695,8,-99.56,8.48,0x5e5c9d5fdce01c85f0f430168bfbec3d38090c606a67057648d4507ff3aa2a3cee18a011d0a287a42eb2952bf18e9280d66a7ba7,52,868,7,125,4/5,0
HWS-002-FIFO,5,160,FIFO,limo01,1784025564166518746,1784025620480249708,1784025620480253139,1784025620651897205,56313730962,5,-93.62,8.22,0x255b85648eac466fcad8f676da6cd2add35390d75930ef992e5de1c56f8d5401ab127cfce9236c24873a5fe6663dcad3df4e1871,52,868,7,125,4/5,1
HWS-002-FIFO,5,161,FIFO,limo01,1784025564689562721,1784025647760829375,0,0,83071266654,0,-100.74,5.07,0xc56e0dcf6ff4ff57d7ba87ac74f94a35623ec9cd4c66e3c098e447260bbf3301d8bc9eece570dcfe4cdfcad3f2e29ae0839ba2b9,52,868,7,125,4/5,0
HWS-002-FIFO,5,162,FIFO,limo01,1784025567868331798,1784025634921989360,0,0,67053657562,3,-99.70,5.12,0xd65dd60b6ecc4c344102747b2361d91254e56508f6116f80c0a897c17d8bce8bd05cfb781d5f32768eefc1c980c646c6f4b3ef7e,52,868,7,125,4/5,0
HWS-002-FIFO,5,163,FIFO,limo02,1784025574052201107,1784025857097253341,0,0,283045052234,1,-101.66,6.25,0xe56b3180f5b568e3058982feb90fc4ceffa31ace7892e7685c8edf134ac02c89ad49b8e2cb3c9b474b1689a6a62e5608ddc60c42,52,868,7,125,4/5,0
HWS-002-FIFO,5,164,FIFO,limo02,1784025575228804562,1784025706029574335,0,0,130800769773,4,-97.97,12.13,0xe7c131613e08473bcabf2a4494a2f10a8e4750560dcc94fe42b61ee93d19921c28b444451e22b2a47c34db6335ca774e80e520d4,52,868,7,125,4/5,0
HWS-002-FIFO,5,165,FIFO,limo01,1784025580247036621,1784025732805553639,0,0,152558517018,4,-82.14,-1.87,0x36891e20412ccc105c84ec821e8530f912604650bf0ef6af5fc3eb968494e3a70e7ce2c4bd55c2c7a78a33b81d8877b5516b6846,52,868,7,125,4/5,0
HWS-002-FIFO,5,166,FIFO,limo01,1784025583941332125,1784025722867232848,0,0,138925900723,0,-98.09,6.02,0xe0ecc2eb60aa0a3ce0b0c659c439d9a1083056da9da99f3e5210f8b946522ed51df83fd112cc7fd25b53cb88e1443be7ef0a651d,52,868,7,125,4/5,0
HWS-002-FIFO,5,167,FIFO,limo02,1784025586640109857,1784025752802790687,0,0,166162680830,5,-86.62,12.18,0x22507a379c7e4ac04244a6293cea2e3fa421319026e7c88dd89aac0f87a9cd48a1baa3f6138d048e265c858b1d8e1ab547c85fc7,52,868,7,125,4/5,0
HWS-002-FIFO,5,168,FIFO,limo01,1784025589979575662,1784025827070523617,0,0,237090947955,1,-97.18,-4.25,0x557c115e9fc098a1294907311dc25406acf279d9831c25756ffaf6c0d7c00b83581623858c1fecaaa928658f7c6227ec96cf244a,52,868,7,125,4/5,0
HWS-002-FIFO,5,169,FIFO,limo01,1784025592813785816,1784025725764372265,0,0,132950586449,9,-89.34,4.47,0xae693e4d5a56a24f83bb96cae5960e9933fc3a33037b3dd58a91d974284933294e579c0ddfdcc1aa06d01ab1c19b2e475083217a,52,868,7,125,4/5,0
HWS-002-FIFO,5,170,FIFO,limo02,1784025598582564981,1784025778669425592,0,0,180086860611,1,-104.45,7.20,0x5de3d05001b8a6af5c1ce7bb4bddca52d1eebdf9cacb995c18f12be6d0308aae69b9b64ef9d68fc051d151c70b4827ba30ce0c7b,52,868,7,125,4/5,0
HWS-002-FIFO,5,171,FIFO,limo01,1784025600684088440,1784025702762287952,0,0,102078199512,10,-88.92,14.13,0xde5a88c360b2ca1a73172a22691c418ccdf71c9bb53c7aad2f7f6a831834e5aae2bd8e46c3b8e9698718f4aa62e86367df4a6cae,52,868,7,125,4/5,0
HWS-002-FIFO,5,172,FIFO,limo02,1784025604287444337,1784025722432601459,0,0,118145157122,10,-109.22,12.00,0x49a5ab19989d1c3ca84ab005f2dc032c6b3c04a999bb55b8c626acd49502de20390c975d72e8a102b631e8c75e47f0647a270ced,52,868,7,125,4/5,0
HWS-002-FIFO,5,173,FIFO,limo02,1784025607592008760,1784025706425558909,0,0,98833550149,9,-104.30,6.88,0xab31a7b8b17f7729747cd17f981a4402bc5fe0de8f2fa657e356b1b41aa17fd3dc4b5e7fc5d31c937b980aeff7ecfedf061f3bc5,52,868,7,125,4/5,0
HWS-002-FIFO,5,174,FIFO,limo01,1784025609293495977,1784026003997520557,0,0,394704024580,1,-102.58,2.67,0xd1c47f0e27fe1454e91c00e4671980ea8cb74a1f84bf50b62454dc74122e4db6e4c2a5f6a4dfd5447822e42fbe355d90de14fb5d,52,868,7,125,4/5,0
HWS-002-FIFO,5,175,FIFO,limo01,1784025615721009232,1784025740455845249,0,0,124734836017,8,-85.85,1.33,0x025fad44bea6eb2b8a85900a3a83484736d05453daf30ba6c49c0623f516599479f64e18ee3b3066c394f81b382650df5ba9211d,52,868,7,125,4/5,0
HWS-002-FIFO,5,176,FIFO,limo02,1784025618498588614,1784025792755883910,0,0,174257295296,8,-106.98,7.41,0x99b2540f7846a209a0152020c746e8e5266109ae76181f0dff1cdc5bbf3c5edf5d2c7403610ab9159db28a10ecf17a25ea30a3d8,52,868,7,125,4/5,0
HWS-002-FIFO,5,177,FIFO,limo01,1784025622583081247,1784025690819416520,0,0,68236335273,9,-89.56,-0.37,0x308c422aa3825a121fdec05093b96194ccdb62f17d2ab024019c1e3fa662acfea69ae42926f79872c218455c5c89e40f1bfd2aa0,52,868,7,125,4/5,0
HWS-002-FIFO,5,178,FIFO,limo01,1784025622446932435,1784025716952922631,0,0,94505990196,5,-108.12,9.31,0x8b7991c940bc8ea49126b44366bcec04754bb1f3f43f6a5aec41ec1cd36e8b8f5a73f20a57f98133fecb6e231517c7dbe7dacfec,52,868,7,125,4/5,0
HWS-002-FIFO,5,179,FIFO,limo01,1784025627491040638,1784025782257173507,0,0,154766132869,1,-99.28,13.65,0xc565ab940d5f7ae283bd9ca6b11b0a5d252145ae9704ecdeb9a86d636c8c8717ab2cc3b9b6b9dd058814a1ccfe916b39aecf93a6,52,868,7,125,4/5,0
HWS-002-FIFO,5,180,FIFO,limo02,1784025633145938012,1784025801782525079,0,0,168636587067,8,-80.58,3.68,0xce37e8319cbcbeb215281b6b1ecc4775ea9da0a106a1831f24812465a611f5fc2744cce2676281f31ce8b45fa69f81efa01487ed,52,868,7,125,4/5,0
HWS-002-FIFO,5,181,FIFO,limo02,1784025634943952743,1784025749317760883,0,0,114373808140,4,-82.38,10.63,0xa888893ea969d2b9671584d830a6fa491b8add0014234b0746bff0ffeaf07238bf9c6ccec7609784287e095c9fd436a1d582144f,52,868,7,125,4/5,0
HWS-002-FIFO,5,182,FIFO,limo01,1784025637807834914,1784025816412297165,0,0,178604462251,1,-103.11,7.50,0x7fe7887b089c921a9e112d8650358d6de2e60899b10192dc709aecbe490b2bfd36bd7eb56d346f410f8d9c76e0406464a9c9bed1,52,868,7,125,4/5,0
HWS-002-FIFO,5,183,FIFO,limo02,1784025642917410803,1784025695474525692,0,0,52557114889,8,-96.82,6.99,0x231a584fad47a8818e36465f3d01e67c8867e6e884811a2b736734fa11e7ac2bb46d8be6cf1558c6d7ca368cfad52eafc661e848,52,868,7,125,4/5,0
HWS-002-FIFO,5,184,FIFO,limo02,1784025645287553504,1784025772599604757,0,0,127312051253,9,-101.31,1.13,0x472f1bfa70a1e07938e07754c38892aa70051de6a54dfca42b6404bbff0aa65e54010d5ce39ed3d7dcb306785ae7e513574d4b83,52,868,7,125,4/5,0
HWS-002-FIFO,5,185,FIFO,limo01,1784025649776008971,1784025717764488464,0,0,67988479493,6,-80.26,-0.01,0x93d01063598f38db5d28210a03e2c9267c3f000827e4d9a6ff1d33695e0779c814f0400a8abc0ad8d5ba7a0a64be0bfc6d5db310,52,868,7,125,4/5,0
HWS-002-FIFO,5,186,FIFO,limo02,1784025651374891132,1784025808080441016,0,0,156705549884,5,-104.32,5.04,0x88df30038fc26ce6f32a7c85ed3588d564a4eba2f2ac87d10d8de361cc3ae7fb61fb6dfd3822d79c31a62368fafafd58d622651a,52,868,7,125,4/5,0
HWS-002-FIFO,5,187,FIFO,limo02,1784025655260850204,1784025854740857178,0,0,199480006974,10,-91.20,2.92,0x35fc0b472a8fba5c937bd757c815169ce172607ee0c1e649de45a8358c4ed11c733b8a0a74e066a57784933969ded1d0a6caee9b,52,868,7,125,4/5,0
HWS-002-FIFO,5,188,FIFO,limo02,1784025659060956135,1784025778577435293,0,0,119516479158,1,-100.28,10.42,0x466ac2a79c90ca8b82a4d5587d8b06a376d66b4bf5a46b432e12fc753a6408c0b477d1be2033c229f43f7d01f671fbbf75fa5df8,52,868,7,125,4/5,0
HWS-002-FIFO,5,189,FIFO,limo01,1784025660823868274,1784025777478640842,0,0,116654772568,3,-101.26,-4.52,0x05013c9d6900737cc67a0a31af63ab389ececa14227756962976b01fcf3b79086d5f08444c3bc9dc1065414b443a4dd5390095d7,52,868,7,125,4/5,0
HWS-002-FIFO,5,190,FIFO,limo02,1784025664029858172,1784025727876269040,1784025727876271105,1784025728050191871,63846410868,4,-107.85,5.46,0x01d276e04635ae8675bca55012bd9f1bd72ad32c8c1f960db5ed17eee270d7f298ec3cfa226214aaa73943c1df3e4c12858470f7,52,868,7,125,4/5,1
HWS-002-FIFO,5,191,FIFO,limo01,1784025669400284552,1784025814404867852,1784025814404871809,1784025814571182522,145004583300,8,-94.79,14.92,0xf05bb34d504f075dbadab5e4eda7b94559d54171f9776cc4cd0de89a14d6478a69c8a6fb7ac8871b8355da309101ed213ad8659c,52,868,7,125,4/5,1
HWS-002-FIFO,5,192,FIFO,limo01,1784025674052600741,1784025731629921204,0,0,57577320463,5,-90.29,5.84,0x57b54dae08073e73e7912db5c36b7bade436088ea21e0ee00feb67f89b493ae461db6fe497adb75b44eb5632320f15d494df1d35,52,868,7,125,4/5,0
HWS-002-FIFO,5,193,FIFO,limo01,1784025674535250773,1784025843947316732,0,0,169412065959,6,-98.72,4.16,0x2aebb278478b48aadaaee52b93d3f0ed76b9e09c850bc28e84ff3764f65eb2bf4c7e46154151e401876a022db382aa20f3c28238,52,868,7,125,4/5,0
HWS-002-FIFO,5,194,FIFO,limo02,1784025680147476482,1784025814222912740,0,0,134075436258,7,-88.28,8.71,0x7fc91d4c7da4593387ec834a4116e6a32817e1d89b710ae2389ee9b94ae5c38925b0c5819e6468f8bfb7f0ef88b664b225c63b38,52,868,7,125,4/5,0
HWS-002-FIFO,5,195,FIFO,limo02,1784025682493377851,1784025808584834969,0,0,126091457118,3,-81.07,9.17,0xbb6080a38d282772e62d28c05fe6a610b6667777f9d35cab9990d4074b4c468ef910f7f12407fc7e9fc4210d5cfa37e87139067b,52,868,7,125,4/5,0
HWS-002-FIFO,5,196,FIFO,limo02,1784025684661888538,1784025748795291984,0,0,64133403446,10,-98.68,12.64,0x88603aa399ec65d7a7138af0946c82eda00d624df964b7130fe1d39a494f618c814636b7aae81803653ebf90d79d28a91c7c6d6d,52,868,7,125,4/5,0
HWS-002-FIFO,5,197,FIFO,limo01,1784025688503763296,1784025774653286242,0,0,86149522946,3,-100.24,1.07,0xb52f343e0f5341161c5b9d7ae7fcda61a9c0a870f8c3352c127c4e6f98893a7173671b4db07ef7b5cce9a44ca4b537c86c58fa70,52,868,7,125,4/5,0
HWS-002-FIFO,5,198,FIFO,limo02,1784025690659019003,1784025806786151885,0,0,116127132882,9,-91.26,2.56,0xd80a7d3d42f4afae39f8f2d75f52f5d8753eda78663ecbb12641ead5673470a6c480c65a38292576af466393a06b38754a5d4716,52,868,7,125,4/5,0
HWS-002-FIFO,5,199,FIFO,limo01,1784025695602336345,1784025823447799361,0,0,127845463016,10,-100.34,1.28,0x60a9a0ca61e80cf8007ddb2196a28f50dd316f7b707f3a3d52699b8bc48ad02ea822990c294e040a6101484e7ab188eb6dfb01fe,52,868,7,125,4/5,0
HWS-002-FIFO,5,200,FIFO,limo02,1784025700991168413,1784026031324792604,1784026031324797068,1784026031491965093,330333624191,9,-81.69,13.19,0xe4bc7c8dfd07354a2ad88266a0d917fb32a82cc4ba667938eece31e7eba5ecd4751c018605c867e934575006fd976b5b4773d61a,52,868,7,125,4/5,1
HWS-002-FIFO,5,201,FIFO,limo02,1784025702914826523,1784025972848376164,0,0,269933549641,0,-104.90,7.06,0x4f4aedfac7f0bed22a9683d7d3037855f86d1f57e4acb1828e0fcc8233877a455446c51faf5b87fd095d0440e77be3835966b856,52,868,7,125,4/5,0
HWS-002-FIFO,5,202,FIFO,limo02,1784025706326874485,1784025839025264972,0,0,132698390487,9,-95.25,14.38,0x052430604c3b043ec14aa58d4185ae796b81da6dcfd043dd073dfffc99ad0a5ae3bdd3d7149e1f038da7e2037dfad911eec8d39b,52,868,7,125,4/5,0
HWS-002-FIFO,5,203,FIFO,limo01,1784025711165722116,1784025956276854687,0,0,245111132571,1,-105.84,-4.13,0xaafa1f6362d12831192a6be61ccc7c49eae04dc8d4b6d97992a35fa9725a74e0887b6999a2cbb7ad2d438b7aa787b0c6c3c0c761,52,868,7,125,4/5,0
HWS-002-FIFO,5,204,FIFO,limo01,1784025711998885388,1784025952393133529,0,0,240394248141,3,-99.92,4.18,0xfc854ee0c0aee519dd2fa98e62b3c807b445b721ea139bcdbf3c4f6c82e6fad4d9d76cda242599a0cec81190d4aa9bff4fae69c9,52,868,7,125,4/5,0
HWS-002-FIFO,5,205,FIFO,limo02,1784025715964629310,1784025843034832274,0,0,127070202964,6,-109.40,4.26,0x289467691016c5534ffba6b983c9839f1eed4f1040fc59e3af878121939f05d8f0f5f9a4d3a21d6eab128fb408b4935aa5e5eb3b,52,868,7,125,4/5,0
HWS-002-FIFO,5,206,FIFO,limo01,1784025721676656388,1784025995565199414,0,0,273888543026,10,-97.62,1.49,0x37b670c91bff57fcedea66d71b98303ae275304ed695feb7c5ecd81f252871b181622bfda30b726f3bc2e71b7e7af856b16e3b53,52,868,7,125,4/5,0
HWS-002-FIFO,5,207,FIFO,limo01,1784025721562534122,1784025833920282066,0,0,112357747944,10,-108.90,-0.93,0x933f62cf1f42c74f19d704445ebae4327fa8ab04f00e22308adb1ab1cd7de3246356a053abb66311e57a197ed36502974afe984a,52,868,7,125,4/5,0
HWS-002-FIFO,5,208,FIFO,limo02,1784025725231214242,1784025839413320650,0,0,114182106408,6,-84.85,-1.87,0x600d149977c1a3e18e0284c3c824b0fa8bb074045fca76f80dec37f2130944828a3b6a9ee8fd554ab8663bc27213eae65a943963,52,868,7,125,4/5,0
HWS-002-FIFO,5,209,FIFO,limo01,1784025728461275403,1784025858061775007,1784025858061779044,1784025858235749956,129600499604,5,-84.45,2.23,0xd0403c3c6278d27bf96df3d9a5ae2b4dced08392d1bdef6c2a7b5d699ba58eeb3d5bf680de4e47b1f9778df10820858f65d3a282,52,868,7,125,4/5,1
HWS-002-FIFO,5,210,FIFO,limo02,1784025733682398161,1784025881488684628,0,0,147806286467,6,-86.29,13.91,0x78e150aa0e808c78b41722a1c429024ddf944af60a80f8e56adba926f8c6ee51692af798793144dffffe02bcd217cb5f1ff3fe9f,52,868,7,125,4/5,0
HWS-002-FIFO,6,0,FIFO,limo01,1784025735064444950,1784025838902797116,0,0,103838352166,10,-94.91,11.61,0x864cefb6eeec193e61a7e8c985d874e92811e58bf7ad4974cda822618bf5dfeec5ba99853c51619d793c1faa38f77e8e33a56ebb,52,868,7,125,4/5,0
HWS-002-FIFO,6,1,FIFO,limo01,1784025740926299720,1784025924038831930,0,0,183112532210,9,-88.54,3.19,0x30a79ed950ed031baed12e4abc005a137fac3e97b502dc52b36b62de34fa3a4681af7103948c6588467a625639b80eab6756abc0,52,868,7,125,4/5,0
HWS-002-FIFO,6,2,FIFO,limo02,1784025743458715126,1784025974222983580,0,0,230764268454,1,-98.85,13.90,0x5b69b743bf9fcd6e650a89c428be9cce5528824420cc037414ec2b5466c49e56953901e475f2c986f5fd8001652b494a9d17fcc1,52,868,7,125,4/5,0
HWS-002-FIFO,6,3,FIFO,limo01,1784025746292431667,1784025833909452618,0,0,87617020951,6,-99.79,0.31,0x1b38d63387437628275653f1a57612f6c9391e367bcd921a66a3033107f8dd8336a493d54bb1d24f05cefdc519d95a7e43af3494,52,868,7,125,4/5,0
HWS-002-FIFO,6,4,FIFO,limo02,1784025751224417102,1784025984331544750,0,0,233107127648,6,-102.43,5.36,0x8bdf960e49eebe9e39483041cbeedc09e5ffadbb0d20387e6763705ffe6be126881bb18ebf004ec3372d965469bdd2dc074b2bd9,52,868,7,125,4/5,0
HWS-002-FIFO,6,5,FIFO,limo01,1784025755580328973,1784025848893106622,0,0,93312777649,10,-102.40,11.81,0xc75a62df8c6d68216efefe0e84559c15f2bbc34f28eb3684ed4ecd661a0a2a481d9cd86667356787ab2da332708be73427b244f8,52,868,7,125,4/5,0
HWS-002-FIFO,6,6,FIFO,limo02,1784025757720415128,1784025964734840520,0,0,207014425392,1,-89.83,12.59,0x36cf5515a0b19f01224c82757bc98baed784b3979de1cc8b19ab2bce1716d2d9a46fb45f952b3e38b410201bd1d7dc613f76d5a6,52,868,7,125,4/5,0
HWS-002-FIFO,6,7,FIFO,limo02,1784025760618156487,1784025871777822523,0,0,111159666036,6,-98.54,11.80,0xab7697b083ab6b07b578a4c52a8caef5ff28bd2492a3f6128d030ff665f3e2c573e0bf8a21d2b0736cf84b907fb77182215530a9,52,868,7,125,4/5,0
HWS-002-FIFO,6,8,FIFO,limo02,1784025764548269247,1784025982483766867,0,0,217935497620,5,-109.70,12.81,0xc7071ca83dd586a59e3298d9438bfa0f7588f4e6b814cbb33490956e79421781d28054876c03d5c1c6b397f08338f9a6d351f391,52,868,7,125,4/5,0
HWS-002-FIFO,6,9,FIFO,limo02,1784025765747533906,1784026006841219372,0,0,241093685466,0,-100.12,14.27,0xe73f1a43789336959371f76b8c185952651422c336b8e3b407df1d34cc7e3a3987e6feda5b23bf73962f62eeeb861ecaadc8f787,52,868,7,125,4/5,0
HWS-002-FIFO,6,10,FIFO,limo01,1784025771837154516,1784026134073145077,0,0,362235990561,1,-82.34,1.48,0xcc3d6b4111bda14b77f33a37e14cccf4875ff15605ec8ade5d5e3bca2a370bf6c9a05355ec1b8c1e2002540cda279d1a365908bd,52,868,7,125,4/5,0
HWS-002-FIFO,6,11,FIFO,limo01,1784025776259510802,1784026092853729730,0,0,316594218928,9,-102.67,5.50,0x719722369f75c0c00bab200dd1d79f7abe683953f2ce030a41949eb3889290ef753ee7b8d4c23626dc2ece3908a25d16b83fb5f2,52,868,7,125,4/5,0
HWS-002-FIFO,6,12,FIFO,limo01,1784025776108556127,1784025956097544410,0,0,179988988283,6,-83.27,-3.44,0xb804ac197467fa4fa5b35784d93abba0a44076366b304d2a0fa7cf1ee619621ecc536e0ebff38c64de39f7be7107c038b7c09be6,52,868,7,125,4/5,0
HWS-002-FIFO,6,13,FIFO,limo02,1784025783106238632,1784026383106238632,0,0,600000000000,0,-107.89,2.85,0xd7e8786575bd9cfc59d321d60aa139aca421df23a1fe4bd40688e88ac10ed41366592b9aa77e22517fb3b642697c588a0499c1d5,52,868,7,125,4/5,0
HWS-002-FIFO,6,14,FIFO,limo02,1784025782783069264,1784026197853324869,0,0,415070255605,1,-81.08,-1.30,0x63b7b52c5e88007337ed13eaccd919ccfb2c40545b7198d04fc9d41b921eb0198556e167400a375c49ee9ec3ee9362d60b4dc6a0,52,868,7,125,4/5,0
HWS-002-FIFO,6,15,FIFO,limo02,1784025786470481890,1784025858404463571,0,0,71933981681,10,-108.48,-4.57,0x84463b6be5232d1130a510f5057b81d85987fef5eccfd65b428b1e3e0e0e5bad43a74b556e9b56148d86e7ed8d6d648f69ab429d,52,868,7,125,4/5,0
HWS-002-FIFO,6,16,FIFO,limo02,1784025792436497695,1784025935671391276,0,0,143234893581,1,-82.36,4.50,0xb5eebfb14ce1be8273b4e08892a31a082fb2473988e0228b484b43a02f915460307c2bb8d0f94048ae2449bdc4093166441b114d,52,868,7,125,4/5,0
HWS-002-FIFO,6,17,FIFO,limo02,1784025796499394053,1784026009121428183,0,0,212622034130,3,-94.00,14.49,0x446fb139f9b3019b6c18056d51ae36cbeca2f4f371ef1b1d6a1e8bc68d309c3e46baf818c99912383e7d393d256ed288d957ea82,52,868,7,125,4/5,0
HWS-002-FIFO,6,18,FIFO,limo02,1784025796432838901,1784025937012183853,1784025937012188540,1784025937181949418,140579344952,8,-87.37,-3.49,0x80bec56ca6957fd00dd493a995c10672d4b044c5d30453879b5b977090a3a5493a8c22d5895927b181988231e7f2378143bfe4a6,52,868,7,125,4/5,1
HWS-002-FIFO,6,19,FIFO,limo01,1784025803476799231,1784026121072177870,0,0,317595378639,1,-90.47,3.82,0x04f323ae9929298299ea693522673d55cea0395f53035d7e53c6e4c80f0a54bec832465fc61befc789906d7412a0dfad03aa60dd,52,868,7,125,4/5,0
HWS-002-FIFO,6,20,FIFO,limo01,1784025803797350451,1784026230190776205,0,0,426393425754,9,-81.60,4.79,0x333021fd3b78be4cf84bda8b7def9ba96baa1cdab22fa82e957208ab95d80532abec5c2dcaf7486b7280613c59eecf328dc83e22,52,868,7,125,4/5,0
HWS-002-FIFO,6,21,FIFO,limo01,1784025806975861770,1784026022764377246,0,0,215788515476,1,-99.76,-1.67,0xd874dd203cc7c92a55aaf9843eef55acf0df4125ae167967194ecdf0901b1a08b80430934fdd0f7388ef4704c335d870179044bf,52,868,7,125,4/5,0
HWS-002-FIFO,6,22,FIFO,limo02,1784025812586703925,1784025993442168544,0,0,180855464619,8,-105.58,5.52,0x69e1c86f3664d227c72c8e3852aa6e5ba85f18bfedf68aad29786abe220bf88880c0a4732da0f0e5f51c7647528a161d5a4b7f0d,52,868,7,125,4/5,0
HWS-002-FIFO,6,23,FIFO,limo01,1784025814585986180,1784025983951310234,0,0,169365324054,3,-108.14,12.59,0xb4ce957f7eeabccaf22c183d5a4d27cd5bb296566f7302da663d441c9c84bd417031371f8f693adedc83f6cc84f7b481e265214a,52,868,7,125,4/5,0
HWS-002-FIFO,6,24,FIFO,limo02,1784025820510875234,1784026004518799529,0,0,184007924295,7,-100.18,-2.69,0xc32fa51a28e65584b7d2ac2f03659c3ef800fc3666428fc2ef06aa8d87aa7b0595770bf6d5a1911b1b1988477dc3cc8bf35289fd,52,868,7,125,4/5,0
HWS-002-FIFO,6,25,FIFO,limo01,1784025822470629858,1784026011284563451,1784026011284564858,1784026011455663240,188813933593,1,-99.00,5.54,0xe4f3f4de0832b9fcf47571a8e2254e0825364551a26f587b3af84f86fa1e7600249bf32bb3cacb9c6434b8f74b205a73a1696351,52,868,7,125,4/5,1
HWS-002-FIFO,6,26,FIFO,limo01,1784025825518634534,1784026003947526183,0,0,178428891649,2,-101.81,8.29,0xebcf04fcc4032ad624c08439153e51b780c8605d177676d4c952347ebb0b764b5a488a13ecea0d348ec1a9bc001d70f064d4e2d0,52,868,7,125,4/5,0
HWS-002-FIFO,6,27,FIFO,limo01,1784025828051011269,1784025962766796218,0,0,134715784949,0,-86.15,6.11,0x35865828bd9c8c43f30dbdd592b5c595d2bd3b5eab029ac44a17ecce457c6718b37baf9b508951d7096a0dc8ad657b1f37f66de4,52,868,7,125,4/5,0
HWS-002-FIFO,6,28,FIFO,limo01,1784025834374095910,1784026061749256009,0,0,227375160099,3,-109.42,-4.19,0xc6f003b1be4fddb12023fcf7fef03f94e50c65bb76f63610bece50ff6dccdc23e4b746f8e016d7c3aceb2fd5c9a4cf093efabcee,52,868,7,125,4/5,0
HWS-002-FIFO,6,29,FIFO,limo02,1784025834237886674,1784025960199625064,0,0,125961738390,0,-91.58,3.46,0xd6213cea6b9140a1b6f7e6099129ddac783dba10a35d3cd74b6f6085eb10a2c1a86169630d5826c2fd516d61d9ebf2801189daec,52,868,7,125,4/5,0
HWS-002-FIFO,6,30,FIFO,limo02,1784025840781622220,1784026145109738964,0,0,304328116744,9,-87.49,9.63,0x32841fd60baec90b474c4a61e867ef16358dae11420f26e895b3976a5829079edd436bb6039eaaa09682e2011f4ab56a7660d50a,52,868,7,125,4/5,0
HWS-002-FIFO,6,31,FIFO,limo02,1784025840975470783,1784026007358004997,0,0,166382534214,4,-81.22,9.01,0x47980d122fd2039cef8987694a23696ea3bf7d415045bca71c537a267162912dee3ffc1141dfb8d9bfa534e8e56a3956441914fc,52,868,7,125,4/5,0
HWS-002-FIFO,6,32,FIFO,limo02,1784025844764826760,1784026060709624774,0,0,215944798014,6,-102.85,8.86,0x10e0bf00651dd0a03b8f8f3469a69f5483f0c054a7edbee73f2943130b0dffca686018b8e6e0e9c89fec0e7f120b2fbcfe90b74d,52,868,7,125,4/5,0
HWS-002-FIFO,6,33,FIFO,limo01,1784025851065061606,1784025989957659578,0,0,138892597972,8,-88.70,9.99,0xf8abd80b8ece8833ca177c414f2d679233d15170b3468dccaae781d632ceb38d5d3a5e25daf336f8520d7cf88e01dd04a73e4828,52,868,7,125,4/5,0
HWS-002-FIFO,6,34,FIFO,limo02,1784025851970319802,1784025955026570111,0,0,103056250309,3,-83.19,-0.88,0xb1382ebe58ed3d1cce834fd175170e030409ed6d0f1d1b2436453cb0b72cb513439f340cb987cf356f4369c6bc33dd755c17cac5,52,868,7,125,4/5,0
HWS-002-FIFO,6,35,FIFO,limo02,1784025856220741106,1784025942434565638,0,0,86213824532,2,-80.98,-2.27,0xba934b88145ad8b68ef7bf2b6a28186807d3365ccb35b1c85013750f739f9a08a765eac17e6555fbeb2b69d715bfc85428f12916,52,868,7,125,4/5,0
HWS-002-FIFO,6,36,FIFO,limo01,1784025860340491371,1784026019248403180,0,0,158907911809,0,-86.37,11.01,0xbc2b2d0c8e9600ead1b923a34e18b3064d8b1e87f1f7f5cb56bd62182c93756da50cfc71096951de535316c446d5c7e3989ec0ef,52,868,7,125,4/5,0
HWS-002-FIFO,6,37,FIFO,limo01,1784025863221924992,1784026016588140076,0,0,153366215084,3,-102.40,10.91,0xa603bda7242e47645e68ceb99d14ca67b7fcda8170bd6bf75217f9ff634d1995dc819759589e8e20b561d98fc9c035f0e84cf499,52,868,7,125,4/5,0
HWS-002-FIFO,6,38,FIFO,limo02,1784025866666222183,1784026024751672406,0,0,158085450223,3,-92.45,3.03,0x2d6b9047dfcaac0adbdaad7ba9c1cb65be949405877d5b4eeb073d05c05f79e1c5fa9dd7ec0f0bd027dd845131fd1e3d75bc408a,52,868,7,125,4/5,0
HWS-002-FIFO,6,39,FIFO,limo01,1784025868709748356,1784026086092746289,0,0,217382997933,10,-102.32,-2.55,0x38d7ea5b5f983d185678d10ebcab2a3ff813b58e67e8fd9d1c2b908059684f81416906916210033bc451cca603f538503497aee1,52,868,7,125,4/5,0
HWS-002-FIFO,6,40,FIFO,limo02,1784025873228980759,1784026041156158746,0,0,167927177987,10,-101.52,-3.90,0x2fc3a47c3b2021164f5e419f82b627e80a3081ea4afeca8184f6c8a856e100e773d553f5d3344935aea4f94c901fa0a254d67f20,52,868,7,125,4/5,0
HWS-002-FIFO,6,41,FIFO,limo01,1784025874957414914,1784026150147365517,0,0,275189950603,2,-84.77,13.34,0x6a450e630fe0c3cf3d83b4376d4bcb6cf950d4f56b3fa39ffa66ca40a51547c4874d996ef5aed6480ae86ee089bded996872dd28,52,868,7,125,4/5,0
HWS-002-FIFO,6,42,FIFO,limo01,1784025880569261236,1784026030467412664,0,0,149898151428,6,-101.93,-2.43,0xda06ea8a1237d577fb63e27d5797c4633e0a34d8b0428f776fdde6640c379ff6493896c3516701d34ce0e8461255dbc9c292b465,52,868,7,125,4/5,0
HWS-002-FIFO,6,43,FIFO,limo02,1784025885174377240,1784025963904055387,1784025963904059763,1784025964069454686,78729678147,3,-100.87,6.22,0x9be209bda837e856eda065ac3835908dec60a382eb0f5140b9f11d3485ed70a516bf37a00053f9653b534abec609e87a658969b1,52,868,7,125,4/5,1
HWS-002-FIFO,6,44,FIFO,limo01,1784025886512056005,1784026009041692405,1784026009041695260,1784026009209588701,122529636400,9,-85.86,4.56,0x72b42fd2c857d3beef29a85281841589ed3948982296d297e48bbe54f78e3635850f352e9d24266ec2f397cc7f439fac68b848c7,52,868,7,125,4/5,1
HWS-002-FIFO,6,45,FIFO,limo01,1784025890240559185,1784025991065773657,0,0,100825214472,8,-96.74,3.78,0x0895aad4a6b0f10ffd0758e388dcf8fe710c215dcaaf8acb66ec03bbdcaf21e257af3f31686412d1c89153a3d1044b0aea42b56d,52,868,7,125,4/5,0
HWS-002-FIFO,6,46,FIFO,limo02,1784025895755569633,1784026059174033952,0,0,163418464319,0,-105.68,5.23,0x78eba68d35b2639e1cc125e0ebab011c9c64db607f134feab30cd16a04a13c4cda7b7ab1805c2b12c84c3a81beb100e8271dcf48,52,868,7,125,4/5,0
HWS-002-FIFO,6,47,FIFO,limo02,1784025898977302750,1784025980506061048,0,0,81528758298,9,-81.51,4.54,0x16956555fecc9db84288b344a79af4a20be16ce64f1f2ed0117f2b0b8975b4b78652428ab75b640b0c22e7ca9940b0494ba76ae8,52,868,7,125,4/5,0
HWS-002-FIFO,6,48,FIFO,limo01,1784025900395987383,1784026130620403510,0,0,230224416127,2,-86.22,13.17,0x0521202f9fc5f23eebccf712fbc2f1ed00afc617f4be0a52a8725181a6c2d02f5610e8e21b14a6ddd7c6639c87c5a44653cd36e2,52,868,7,125,4/5,0
HWS-002-FIFO,6,49,FIFO,limo01,1784025904421719216,1784026038822427324,0,0,134400708108,5,-102.06,7.53,0x902520df10360101db4a11418af80621a7dc503e4804b94b75c62a7d689a02d489025e78a08cc4124c05b3a3fe1edc474c4facc9,52,868,7,125,4/5,0
HWS-002-FIFO,6,50,FIFO,limo02,1784025905932205164,1784026053348768085,1784026053348769588,1784026053520432986,147416562921,2,-90.89,10.39,0x86c7acc73f4609ba9231bebc5a10ea46fefdb9e0d01ea3602313e05d0686b965b09e2516b47fb260eeb170f79cc03d6f4940405f,52,868,7,125,4/5,1
HWS-002-FIFO,6,51,FIFO,limo02,1784025911178301565,1784026161777273115,1784026161777274940,1784026161950752032,250598971550,3,-106.42,14.59,0x62e0ac792834e48303710bdd27f3b2ee49c917b8f9f6c58fc217fef5f8394958486b241a7a4a83340b5c48d8840cbfac1526eb52,52,868,7,125,4/5,1
HWS-002-FIFO,6,52,FIFO,limo02,1784025913660489288,1784026071414453683,0,0,157753964395,5,-81.75,1.00,0x8761d4b062bf7298eeda998d62c7923f746ff27bb6dc102f9b954246b55b86591964d160103c60f30cecce31baa442bc3ff55fd8,52,868,7,125,4/5,0
HWS-002-FIFO,6,53,FIFO,limo01,1784025915990966347,1784026158158614420,0,0,242167648073,0,-106.18,8.86,0xba2f6c4bbbeeee6eb3b74ca0faf21d259b8f590ca7e7b8359e4b603f3aaa1224264782e0bfd51f1be0cb98eb01f1138e14b56231,52,868,7,125,4/5,0
HWS-002-FIFO,6,54,FIFO,limo01,1784025921840211257,1784025993945152651,0,0,72104941394,3,-89.44,11.27,0x6e0daa8fc86578c3bc47a0844c7a3671086f162908b0e67ab0b158e842cc68759270683850766747f93b0547c62383c0d3c21a12,52,868,7,125,4/5,0
HWS-002-FIFO,6,55,FIFO,limo01,1784025925913786359,1784026050086285828,0,0,124172499469,7,-98.58,-2.48,0x84cd9571a642af6356910ce064965cc8c55afa8f1934c35ef60b40d9ad545372431f74b7c7d86e1c1b2ea77b179be6cd97237f1e,52,868,7,125,4/5,0
HWS-002-FIFO,6,56,FIFO,limo01,1784025927475111583,1784026091214026864,0,0,163738915281,3,-105.96,8.74,0x4f6626055564042a9d35f185c9fd8275d6d7bb4af3e97e5955a10a6b1f2e28afd89c425f691dccf3629329441dbb277d0e83f5bb,52,868,7,125,4/5,0
HWS-002-FIFO,6,57,FIFO,limo02,1784025933469854965,1784026161906605057,0,0,228436750092,9,-101.78,-0.57,0x940433c7038b82abe3ad9ce456b3d37f4ae7205144f1f2494594b5d4548cb01ef909e9abe264a8a3b0c832b08facf1bc705a62af,52,868,7,125,4/5,0
HWS-002-FIFO,6,58,FIFO,limo02,1784025933815813167,1784026277971204259,0,0,344155391092,4,-106.19,3.33,0x7d39e3aaf3c3838454704f3d94216ce50df453da079cdb4ac1d7daf279a2c50c44c9eb451d306ba341e36b5b59a3500f493c9cb4,52,868,7,125,4/5,0
HWS-002-FIFO,6,59,FIFO,limo02,1784025937278676117,1784026069945632000,0,0,132666955883,10,-101.96,-4.43,0xb0f50b1c420b270e1245660facf178a85b80a7f6d3cd795a8e4513075edea1cc061f115873f89f077619141d7733d4dec836ade8,52,868,7,125,4/5,0
HWS-002-FIFO,6,60,FIFO,limo01,1784025941879226596,1784026026303161179,0,0,84423934583,9,-100.50,-4.51,0x45356640bbc7c022f2dfc4ceb5157486b8572cb661709afa63bac253b93cfdbee14f05a3e119f9241147437aa47ce9366c95eae0,52,868,7,125,4/5,0
HWS-002-FIFO,6,61,FIFO,limo02,1784025945304464243,1784026075421441960,0,0,130116977717,9,-93.31,0.04,0xe34558bbddc7dc35d1a1fc0dde870fde5deb8ef6929cd66b2fb8b0114e13fecc2040a87d46e0e68999b118d3fc70e30a70b07522,52,868,7,125,4/5,0
HWS-002-FIFO,6,62,FIFO,limo02,1784025949067472651,1784026025347726386,0,0,76280253735,0,-90.31,6.59,0x3f1fabf9a461caeed4eb2943f05941ef474d7f36f3dc97540fbf675e27e01d64f717b7cd52dcb200eaa9d5695e77966f4500e9b5,52,868,7,125,4/5,0
HWS-002-FIFO,6,63,FIFO,limo02,1784025950588427927,1784026233652862837,1784026233652864239,1784026233827504802,283064434910,2,-102.89,4.06,0x7c19d01c2ee6fabbbb13c61f8d34703cda2a9e766933f539b378314d117fe5785ec208e589eab50e596f230a9eb36ff7642b0eb4,52,868,7,125,4/5,1
HWS-002-FIFO,6,64,FIFO,limo01,1784025954358982472,1784026085888274209,0,0,131529291737,0,-85.03,5.28,0x53a451568c5f635b1f7a3033aaa66c945fa44672397967662c1616693ca3ca47e4e580fab88907931540c68558623e79e147c162,52,868,7,125,4/5,0
HWS-002-FIFO,6,65,FIFO,limo02,1784025960068782160,1784026046614335931,1784026046614339008,1784026046783946991,86545553771,7,-88.19,5.75,0x88223f586f657ffc9eb74398d2378c8bc66471597c2707aa55f8f46d781dc6a22a84dbf5daf9ea7f0425d3b352cb5895779683a6,52,868,7,125,4/5,1
HWS-002-FIFO,6,66,FIFO,limo02,1784025961939764642,1784026140213262210,0,0,178273497568,10,-90.75,-0.72,0x995550dea0f50b427ad49d213967ee95814b0e9f319564414fba28da92a81cbf2c393daa040c00c73eabf50d23d53b8a9bff3e5d,52,868,7,125,4/5,0
HWS-002-FIFO,6,67,FIFO,limo01,1784025965259927788,1784026322208444431,0,0,356948516643,6,-87.27,14.38,0x9eb8a0e56eb32a880ab98dc4f9bbd95c74e7e10437e40ca36b969d10f688a830c2b8a1a2da9bf18f116730c539b365da3048a7c2,52,868,7,125,4/5,0
HWS-002-FIFO,6,68,FIFO,limo02,1784025968996045691,1784026119746443274,0,0,150750397583,0,-89.14,6.61,0x538fea9209b51ecc2a57400e2b080928616d08ec3e7b2583b8de75431d8519384e0a78f140c742c5c3fbb05083ed6eb43bc08724,52,868,7,125,4/5,0
HWS-002-FIFO,6,69,FIFO,limo02,1784025973135599891,1784026295719651201,0,0,322584051310,10,-86.34,6.02,0xca2c20082579847a904906a75244354872264384b80ea03fb92c331a0d57594b4e07e347ef79fc28054e1b4d9939d6d814a30a2f,52,868,7,125,4/5,0
HWS-002-FIFO,6,70,FIFO,limo01,1784025975683420243,1784026029247943600,0,0,53564523357,7,-109.50,5.67,0xe4be3a2ba8d5db399fd296a03ea90bcf0fb6786dd07d18f353e4804dd99ffc42544bb326cfab39adca5ac558f80d3f05d309cfd6,52,868,7,125,4/5,0
HWS-002-FIFO,6,71,FIFO,limo02,1784025979893692160,1784026139503652439,0,0,159609960279,7,-81.43,14.62,0xa179d5355e96417c5b7bb636f7059b472839cc1c5d6efb991c87f29cb0d16ba596fcf1a692464adaac7642e581c7399ff55482db,52,868,7,125,4/5,0
HWS-002-FIFO,6,72,FIFO,limo01,1784025984563092587,1784026088503004186,0,0,103939911599,4,-92.48,-0.37,0xc772a7c0524982ffd1213a85ecf7e73e837416ea788dd2e2224416d4753f9357fff6d47c36ebd951d5d72406eb110ed7c7f69652,52,868,7,125,4/5,0
HWS-002-FIFO,6,73,FIFO,limo01,1784025987791736309,1784026124718908851,0,0,136927172542,6,-96.03,9.38,0xc186f406496a57be623ffb01043dd6b8f32c46d296519fb6ecd812b3de93eb2935e95586d11358d8072bdd4fdbef8a4549ed1865,52,868,7,125,4/5,0
HWS-002-FIFO,6,74,FIFO,limo02,1784025988932290621,1784026079277770110,0,0,90345479489,3,-92.07,7.60,0x4989a6a0ded3d7acfcbc61b75583d5ee0669b9c321d87d5d2703f8b7fadfe24345263ffaa43312d31656cdde711e89dffce2dd16,52,868,7,125,4/5,0
HWS-002-FIFO,6,75,FIFO,limo02,1784025991195388423,1784026195220666792,0,0,204025278369,2,-90.04,-3.76,0x50ca1422802edada561e47deef64f3baf606128d064a311d0fd93b1ebf8ea718646e17894a44e23e5e170c74a9af1786bb8ae3bf,52,868,7,125,4/5,0
HWS-002-FIFO,6,76,FIFO,limo01,1784025997220235525,1784026078694347520,0,0,81474111995,8,-99.43,5.31,0xbc32009772e780983b455bf014769d39f31997045aded5a6aa59e9a1129ed9715733f99a4a3f76b7d927df304e5baafc5bd21fa9,52,868,7,125,4/5,0
HWS-002-FIFO,6,77,FIFO,limo01,1784026001198770991,1784026298353519831,1784026298353521672,1784026298523137768,297154748840,0,-105.28,11.92,0x9feb49c40283a546eb415ff5eac52fa5d46bbdaa93a2284924c076dcfc966d86d4a2050c126ee97a9aa151431e07bc2a957fdc9d,52,868,7,125,4/5,1
HWS-002-FIFO,6,78,FIFO,limo01,1784026005113865529,1784026084051841829,0,0,78937976300,7,-85.65,2.05,0x7b591b2afafc17a9e55105e13ae3f655d7eefba5b840a96db843b825f440f7cccec04e9fc126a2dd3b7887a1cc331933fea4deb4,52,868,7,125,4/5,0
HWS-002-FIFO,6,79,FIFO,limo01,1784026008359295195,1784026157729611481,0,0,149370316286,0,-92.61,3.47,0x510f5e1197e2a7097a9c71a8c2ea4823d5fa121f52756fcbe5047d1401647e5d720a42dc00436ef24ebe546571ef8f4340aee812,52,868,7,125,4/5,0
HWS-002-FIFO,6,80,FIFO,limo02,1784026009258832501,1784026091449108050,0,0,82190275549,10,-82.37,5.89,0x406d8060f0a9ee04ee6cd3e36afeb38e19a5cdf21c621ba5f73e698a0e804320663e6562c56accfc8f6c200f46f784f98619a186,52,868,7,125,4/5,0
HWS-002-FIFO,6,81,FIFO,limo01,1784026011755647642,1784026187575609471,0,0,175819961829,4,-89.04,1.85,0xbb714f90e3bddacaf800f1f6335c62afe820dfa5c5d65e978bffb9cce1bcb77ed2c58427a8816130563999133c4adee199009215,52,868,7,125,4/5,0
HWS-002-FIFO,6,82,FIFO,limo02,1784026016648225758,1784026126955052101,0,0,110306826343,1,-103.72,4.90,0x34fedb422f0d9825c5fe7938946394ce86f71897c192caef3ffb0235493fc139a68c86df58ca71e16399923ab56ba9ea9ee05a20,52,868,7,125,4/5,0
HWS-002-FIFO,6,83,FIFO,limo02,1784026020284920281,1784026540682953831,0,0,520398033550,10,-84.95,-0.77,0x003addd0c201b2c32d98b1444bb4bcd0d891b27f66079897ce11fbc09e4cd5a47674c61c7f3066eb18d77fb8c0e32b1b1dfff3d6,52,868,7,125,4/5,0
HWS-002-FIFO,6,84,FIFO,limo01,1784026023822622288,1784026333135724598,0,0,309313102310,8,-100.13,3.86,0x9bb26d534703de1c0a187d033ab6ad9e2b9f6c7a4fc2ab9bb725f9467be4477314bd6f1bb2a89db240e7243ed3e1658d51021c76,52,868,7,125,4/5,0
HWS-002-FIFO,6,85,FIFO,limo01,1784026028720858700,1784026133382906014,0,0,104662047314,6,-91.36,-3.83,0x51a479ea86ce9a914430e7f6bfe095ac8c48ebaedafd2a99d24349871794de401402fe5ef32f6eb3daf6aa489e92af467e18273b,52,868,7,125,4/5,0
HWS-002-FIFO,6,86,FIFO,limo01,1784026030598974797,1784026268734237585,0,0,238135262788,1,-82.42,7.23,0x7c31eb2c56e5963ddc3dbcf7531f32fa12dcb111c579f86791a9d60e249379fbfc5c8ad2eef88382828d4c56efac665f21b1b606,52,868,7,125,4/5,0
HWS-002-FIFO,6,87,FIFO,limo01,1784026033517612655,1784026299260157273,0,0,265742544618,2,-81.11,1.77,0x6769d7868d4efba90638976fdd3e96f48cd122d416ad0734fbe7f893bff3993c4a741a4d1755574da0c264e2383ee1edfc3f4f96,52,868,7,125,4/5,0
HWS-002-FIFO,6,88,FIFO,limo02,1784026038205394419,1784026280730070534,0,0,242524676115,10,-93.59,12.69,0xc3ea105a00e324602a876007b290acffae4cd48b9cf6fb138706b89698033267ace61e63acd51d1053759b4110c12689984e3857,52,868,7,125,4/5,0
HWS-002-FIFO,6,89,FIFO,limo01,1784026040747664253,1784026130904964234,0,0,90157299981,8,-81.83,10.86,0x83493ff74647693ad88a4b1a2ede068ef4050ce07c410a6b232ef2387d383dcffe634bf05b4dce2b5bdde63cf395e1d0704315e1,52,868,7,125,4/5,0
HWS-002-FIFO,6,90,FIFO,limo02,1784026042910589916,1784026144379196750,0,0,101468606834,1,-85.15,-3.87,0x50e7bbcc0a5e09ba348626d980aacc3abd89bd03dbb57995429ec78419b5aa38efad8768e731e5bd1d7ca5cfd889a30dcd9f5dd6,52,868,7,125,4/5,0
HWS-002-FIFO,6,91,FIFO,limo01,1784026046408821510,1784026091348527172,0,0,44939705662,5,-88.85,8.77,0x850cfe171bf59eb4b59aa983272cd0b83d293aef1a334f6b3f82fc53792dd79fc92b07ff172e35b2620d03576f03aaed90acc16c,52,868,7,125,4/5,0
HWS-002-FIFO,6,92,FIFO,limo02,1784026052641232819,1784026359473439761,0,0,306832206942,8,-109.82,11.24,0x41bae6c7b8ce8980ded32dfadd62b056ba3253060280795445eed86519743190bcd10669891aca49b3bf1e9d8a11d2766cba1e01,52,868,7,125,4/5,0
HWS-002-FIFO,6,93,FIFO,limo02,1784026052993143808,1784026159149600081,0,0,106156456273,3,-98.91,7.92,0xd3bca4ab5e15604f6c8e5ea9a7024f1b229fbe4612633e5b4b5aa6003ee452fab74d3043619fcc0a6e90fe964f3783421d634968,52,868,7,125,4/5,0
HWS-002-FIFO,6,94,FIFO,limo02,1784026057881019008,1784026161650134562,0,0,103769115554,0,-107.73,11.69,0x450d4e1c63616231cb712e2af79c259308efcec6d3a0a1943f18595d471cd914d34c04bac375f24fc93e72e1803b3ec554ef600d,52,868,7,125,4/5,0
HWS-002-FIFO,6,95,FIFO,limo02,1784026060449073772,1784026201828380521,0,0,141379306749,9,-96.07,12.62,0x87fda44a4e6e1b3d639a4c3512622a5097a6613c2295727a7a3b0340d265cafa7b7ef4e4fc7d9195af4b92309912097294506284,52,868,7,125,4/5,0
HWS-002-FIFO,6,96,FIFO,limo02,1784026066230108380,1784026530034957775,0,0,463804849395,5,-86.04,-3.82,0xc074afb6459d827ad81344f0b4fff18ea3570dcbb2e8836cc88256f1f63187a4d5567fc98ef50b0720d10c9307a59008bc547ab3,52,868,7,125,4/5,0
HWS-002-FIFO,6,97,FIFO,limo01,1784026066726231014,1784026173560426036,0,0,106834195022,8,-99.37,2.05,0xc8ec8250ab711852d182b56ccbc403fb49ebe06c016079e36d6ddafc7993f545496fa0b97245878e8b4f2e05c12dd77e5f27403d,52,868,7,125,4/5,0
HWS-002-FIFO,6,98,FIFO,limo01,1784026070164028929,1784026365499433183,0,0,295335404254,7,-97.47,-1.67,0x7bc4b72476f1279b9af2a6f25137cd0870fc09193c00be65739c49682d77a77ee361134da48a6c812b8497d7f43b257543409dbd,52,868,7,125,4/5,0
HWS-002-FIFO,6,99,FIFO,limo02,1784026076476352087,1784026195910452454,0,0,119434100367,0,-103.98,-0.37,0xf3a9913ae021fecd65ef13ccd23bb94d71ca9807f73e6a0b7f34cfdab1bf013c50711c788dc8528c2ae45feaa71547736018875e,52,868,7,125,4/5,0
HWS-002-FIFO,6,100,FIFO,limo02,1784026077302680984,1784026322287916672,0,0,244985235688,4,-100.61,14.86,0x8339c97b82df4506521aa5f90eb4665073301588595d312004b922d968eaa9dbd3578d01824f623e25f81f9abe7d215a64fa0017,52,868,7,125,4/5,0
HWS-002-FIFO,6,101,FIFO,limo02,1784026081716168496,1784026201247740025,0,0,119531571529,9,-103.41,3.86,0xbfebb60bf635a9c5c51c908b4ba1730542a75568069b99f1ef4a25b2f67e7b97281ac643156d3fced3414697256154cb84b2a8ba,52,868,7,125,4/5,0
HWS-002-FIFO,6,102,FIFO,limo02,1784026083873934247,1784026171914155772,0,0,88040221525,1,-81.37,4.57,0x6193fd1f0af26d826d3818bbb83cc7b29ab35570b20f73415b0c19d2e8b13e64b4c94b26339e855b5b751afdcad0de5b954c4eaf,52,868,7,125,4/5,0
HWS-002-FIFO,6,103,FIFO,limo01,1784026089820262949,1784026252772140749,0,0,162951877800,1,-90.58,0.77,0xc9160ef46a52bb679a6e02c63b7a88e999e9ba327ba7a930746c3990041f8b282dcbddb1ce9bd2ff91404bbf30a5fd824b8af759,52,868,7,125,4/5,0
HWS-002-FIFO,6,104,FIFO,limo01,1784026093181935563,1784026240052704631,0,0,146870769068,6,-82.57,-4.90,0x1789d1dd7f8b4e54133ebc564e813c82de65861c70ca7c5c60665b571b49175d78a0ba63356d019b9711d9c69dd46fcf3e609679,52,868,7,125,4/5,0
HWS-002-FIFO,6,105,FIFO,limo02,1784026095479746345,1784026386807881779,0,0,291328135434,10,-82.42,-2.82,0x1cf29ad20cfc073d1fa44b63737f7878f0f10712e572a351d2eb183933773cb41dcf7a7ac1924a4edf9212b733463c1b1a3300fc,52,868,7,125,4/5,0
HWS-002-FIFO,6,106,FIFO,limo01,1784026097843141489,1784026290434479150,0,0,192591337661,2,-108.42,6.28,0x2df057d3c7333e990520adb466ebb3f40cff05872c3c74d6f9791d40257f6feff7068a9f71ed05585977c420e9f06bc427acf986,52,868,7,125,4/5,0
HWS-002-FIFO,6,107,FIFO,limo01,1784026101228849457,1784026401459076964,0,0,300230227507,6,-97.34,13.28,0xe79268e62787b7520673e89a71bf21c7bd432c375285e2e86054dd93c0fca706e17eaa7c7b263b6307b7949f9d978bf7594a5962,52,868,7,125,4/5,0
HWS-002-FIFO,6,108,FIFO,limo01,1784026106867668727,1784026260562609173,0,0,153694940446,8,-81.90,6.27,0xce277c09c00cc80dc7ec3b966127bc831129d49d8dbeddc26bec6fcaf4e37d7e9fc33935a1f36958165852c7a12d66b40aa969b2,52,868,7,125,4/5,0
HWS-002-FIFO,6,109,FIFO,limo02,1784026108506534274,1784026268424295503,0,0,159917761229,1,-85.29,0.35,0xc9fc481511a3876e6ea4b02b442e24e197eb41d5a1116bc2712a4e24243c75c98dcc9baf7e61799fb4da63a6d91eef9e266bc1ee,52,868,7,125,4/5,0
HWS-002-FIFO,6,110,FIFO,limo01,1784026113128935219,1784026312689915897,1784026312689917895,1784026312859201874,199560980678,1,-96.01,11.91,0x9a92a58c7cde8f5995608e227169730b7918438ec9dccf5991dc66f09758b5a0ffa6b2a6a5f9f026ed9a08bfa7a20615d8d841f5,52,868,7,125,4/5,1
HWS-002-FIFO,6,111,FIFO,limo02,1784026117500283145,1784026284326758553,0,0,166826475408,1,-106.97,6.97,0xd03fb16c3bd5f84d1369031e5fa0db9496d3e7871d97729e99faafd77400da88723341c6d36a7ce39e57ad815a583a6b692eca98,52,868,7,125,4/5,0
HWS-002-FIFO,6,112,FIFO,limo01,1784026119343824469,1784026241171580364,0,0,121827755895,5,-108.44,8.46,0x42c0da6230630ebbb063d3d1f3e9e63b82fc0f743e39e273dfd4874a8837b99601a9a960dacfa8d8f75d2ce86b4ff12037c6992f,52,868,7,125,4/5,0
HWS-002-FIFO,6,113,FIFO,limo02,1784026121255232779,1784026457679469929,0,0,336424237150,8,-82.91,1.29,0x2646b3457ceefbc6bf43dcb7f3277c7618dcc952b0e35c30a3ea3d86b3e04c526bca7181eaacd45c72942c37e706a05735b85123,52,868,7,125,4/5,0
HWS-002-FIFO,6,114,FIFO,limo02,1784026127400448076,1784026321764719680,0,0,194364271604,9,-97.34,7.29,0x9df2228ac39aba43824e92067360963f5ab1f1e074f4e8b6eded6e3d017a50809c40be4a95df44fcf4c2e0b2ef6501c6b14834c7,52,868,7,125,4/5,0
HWS-002-FIFO,6,115,FIFO,limo01,1784026130738413117,1784026237876767109,0,0,107138353992,10,-81.77,2.74,0x338db1a43668c91a51fc51c64d4b51373dbc74322305fdc05ba1a0175e3b5302def9a4e580ac1f64bbb8acf4018f2b4db2fc3c71,52,868,7,125,4/5,0
HWS-002-FIFO,6,116,FIFO,limo01,1784026132064760168,1784026232558185111,0,0,100493424943,10,-101.50,-0.73,0x30bf83478e573a4e7b99fe9a72e090b155cc5d591ed3dd99b19c80c00cffacb72e173ec42f852233bf9fdac32771e02c19ed5aa4,52,868,7,125,4/5,0
HWS-002-FIFO,6,117,FIFO,limo02,1784026136363232598,1784026246577928184,0,0,110214695586,9,-97.37,-0.03,0x725189df5e8abf70d191eeb96d5ddc5b367e726ec62fa56803a28cedb98c6ceace27f02138ae09f62cdef3ca6055f7fa3946e2f0,52,868,7,125,4/5,0
HWS-002-FIFO,6,118,FIFO,limo01,1784026138109417336,1784026294657585884,0,0,156548168548,8,-85.48,2.70,0xbcd9b938eaf5e1e5a57fbdb35d1e17814d39e6572aded2d25f087a73b9e86ec178d4d1a17b92b4cad789d4719ecfb890a5cd5643,52,868,7,125,4/5,0
HWS-002-FIFO,6,119,FIFO,limo01,1784026144170946990,1784026253369692416,1784026253369696931,1784026253539999265,109198745426,10,-82.83,0.86,0x06a89e22f420657f881ccc229ca9ffa4549dddf352931e908d0b87063fd694015959e16b9218b74155cf24ece35f5f249c6945a8,52,868,7,125,4/5,1
HWS-002-FIFO,6,120,FIFO,limo01,1784026148183878945,1784026313786932966,0,0,165603054021,0,-92.14,2.66,0xa7237fb9b3225e4f54188d5ebe434fe2138c81d7c1cdd0ec4259e0c253523c3cc2c876714b3eefd243792f8117e9ee0504c3e9d5,52,868,7,125,4/5,0
HWS-002-FIFO,6,121,FIFO,limo02,1784026151171503458,1784026280987845241,0,0,129816341783,5,-100.61,9.48,0x280a988ee39b8289bf88a2e0c82b91160b4f7ee9e5a4344946919da42d65d539955c052bf0e83106259f636080396152a07469cf,52,868,7,125,4/5,0
HWS-002-FIFO,6,122,FIFO,limo02,1784026154392960976,1784026245112615919,0,0,90719654943,1,-81.61,0.43,0xad79aa7442352029903ee3bc007284d2a25e8c11282cba31b78dd124764e61ade684de163209d8a3be3873493eaf6d8c25fb6307,52,868,7,125,4/5,0
HWS-002-FIFO,6,123,FIFO,limo01,1784026156335424700,1784026260647730424,0,0,104312305724,5,-106.89,1.76,0x55cbab5d416cb197aefa341573186649ba1daa0c938c06a86aa4c7792c143f34df5564b39190e53adc780430602b42e620389d2b,52,868,7,125,4/5,0
HWS-002-FIFO,6,124,FIFO,limo01,1784026158756931373,1784026397503964918,1784026397503968610,1784026397669820826,238747033545,1,-86.79,10.53,0xc80638a68cc8c0063d6e4577f77166bc015436d5b92b2e0241101c2418d0b65b0734e45b39df884ccd653cdcc3285b0b41ca1d78,52,868,7,125,4/5,1
HWS-002-FIFO,6,125,FIFO,limo01,1784026164843793552,1784026236929663817,0,0,72085870265,8,-86.31,1.25,0x2c3ff4260cb8ddf346d267f0ed0829e0b83fe91a906b9ae24f663dc3926c572102c2cad3b955a2b1837dcb2c77a96e4291e4b077,52,868,7,125,4/5,0
HWS-002-FIFO,6,126,FIFO,limo01,1784026165097002131,1784026297717526480,0,0,132620524349,3,-98.02,5.03,0x8202ee9db9b7c9a6489ad75758b87f675a17cbe5b5214a7d3f6c4c793a6c6710db18bd2ba312c9067629bd876ef3ced2ec92424d,52,868,7,125,4/5,0
HWS-002-FIFO,6,127,FIFO,limo01,1784026168395286507,1784026226529112138,0,0,58133825631,7,-98.21,9.40,0x94a90beecdc93e35ee090fad52980b689d550bde086866873b785d235aedc8d87f58730de96fddc30d1f43405da808ce31d1f1e6,52,868,7,125,4/5,0
HWS-002-FIFO,6,128,FIFO,limo01,1784026175749074426,1784026231145613997,0,0,55396539571,6,-98.97,-3.42,0x0b8b7a55cb03057fe382366d2131644e5cfa63148b4f7a0d99993f5cb4bb64e53b63fd44a9ceba40d3a66736938a64cf303915ba,52,868,7,125,4/5,0
HWS-002-FIFO,6,129,FIFO,limo01,1784026177839908531,1784026272437077924,0,0,94597169393,7,-89.06,8.53,0x368fdb2421742fe7ac0ca2fcf82b02432c88f345b2e48fa1c677d7f7b69b0a3adf1cb3f9b0c76e58f88e3f63b429795c0c78bd31,52,868,7,125,4/5,0
HWS-002-FIFO,6,130,FIFO,limo02,1784026180687591688,1784026235240349248,0,0,54552757560,0,-83.31,2.32,0x7813c9db2cae68d676d8f72aa399d074ba32890887c6d9d32dd07ebd8a363dffc44569b5fe18c41c3846c636c5e729eaa48ffd75,52,868,7,125,4/5,0
HWS-002-FIFO,6,131,FIFO,limo01,1784026185288520073,1784026411660849883,0,0,226372329810,10,-108.63,-2.05,0x673d3aeea1fa351371f93f51b5961d873ba8e09b496ac81239eb0ab2054cbe562ff54d11e32ddeb8d2c88733d5e85da6486915e0,52,868,7,125,4/5,0
HWS-002-FIFO,6,132,FIFO,limo02,1784026186555090329,1784026410327500477,0,0,223772410148,9,-82.61,12.80,0x83405a6bb73c5112a20248896ff010de3b3a352eeb4cb33c871d14e591bd3988c1ce725cfcfe8e14792c630f97ad754bd908179c,52,868,7,125,4/5,0
HWS-002-FIFO,6,133,FIFO,limo01,1784026188868350279,1784026327211190017,0,0,138342839738,0,-109.47,-0.72,0x158455b6b7cec563b5118f1a4e2f954dde3b9fd0e9de95fb6f074f7cf6d70ab7bc35ba92c93c0a5de919e98a515157b8793ec383,52,868,7,125,4/5,0
HWS-002-FIFO,6,134,FIFO,limo01,1784026195872687000,1784026357241062379,0,0,161368375379,8,-95.67,-4.08,0x2d881abc71e0edf8a72f251c8570c3190e6f6c2adfd7e5e1ab5b81a220d6d0094473f13b16164e52a8f388ee0a56b03a9b109245,52,868,7,125,4/5,0
HWS-002-FIFO,6,135,FIFO,limo02,1784026199262884146,1784026312543861421,0,0,113280977275,10,-83.37,9.29,0xcdf3a3939ba61447703f3f5f91474a2c23ce238e8cd001c718db0b3bcae88e7c7baa1e1a31f78cb5db0d2eb6a6859e2999f30475,52,868,7,125,4/5,0
HWS-002-FIFO,6,136,FIFO,limo01,1784026201434496447,1784026285562065263,0,0,84127568816,5,-83.99,-4.23,0x4f528832de3146aade0dbbf92029d7bb673fd7807a23f2a1282176eaaa4645d7a4cc8a4b34aa8cba6d7417d3696a28576626185d,52,868,7,125,4/5,0
HWS-002-FIFO,6,137,FIFO,limo02,1784026206383935552,1784026321360510894,0,0,114976575342,10,-97.31,0.00,0x27cd178b09a5ccca27991dd5a56a03649edbb959737bd80a1fa758095b87255ec91acccc9ff948804a5b62d149b2311b8520f979,52,868,7,125,4/5,0
HWS-002-FIFO,6,138,FIFO,limo02,1784026207323999531,1784026528523840115,0,0,321199840584,3,-106.64,11.72,0x2deef6bb4ca33439fd94726535adfe9185e7782eb460bf64f68649446c62c67d6fe0fda66495f55b1d2d7b7eec2e6b1ec1d20810,52,868,7,125,4/5,0
HWS-002-FIFO,6,139,FIFO,limo01,1784026211234106812,1784026375746090947,0,0,164511984135,6,-96.21,2.19,0xf5010ca77408442a9f8172fa37b6d8a2fe35e291ccfb71c7ac147dbabd3d89bb4fa93a1f35c2d226fe6e1d99b4998651b6ab89bd,52,868,7,125,4/5,0
HWS-002-FIFO,6,140,FIFO,limo02,1784026214600455684,1784026395494992790,0,0,180894537106,5,-99.14,1.76,0x2cf0a49a51bc9a2a071b9c0887d5550b3fa03eb36d3928ba8ef5b6b6723caafe595ae2f66774558ee5d452377b9bbc3877bd3985,52,868,7,125,4/5,0
HWS-002-FIFO,6,141,FIFO,limo02,1784026217401062505,1784026359117908990,0,0,141716846485,8,-97.97,14.51,0x3206f6ad786b070c36c600121c9b4a9cdfec8133a75318d5527fa0d4f3ac3965e9d04dfc26cf5569805fb8e5ece9f0d630fccf3a,52,868,7,125,4/5,0
HWS-002-FIFO,6,142,FIFO,limo02,1784026223543563847,1784026400277795314,0,0,176734231467,2,-98.18,3.72,0xa0c44bc741e590e9768fd1fb9ca9c3c3668ebaf0b2ba6d09413725b3815860f1938d9c56c9771538f9d1ca4b30326f9f14d572ac,52,868,7,125,4/5,0
HWS-002-FIFO,6,143,FIFO,limo01,1784026223083796401,1784026366600249368,0,0,143516452967,2,-102.27,-1.56,0x35797915416f4f13f4571c1a46b32835ea7372458189dc158aa9ce0ef3fa0119fd3577e3a47c9b690414e15010698f0934b2adec,52,868,7,125,4/5,0
HWS-002-FIFO,6,144,FIFO,limo02,1784026229135464165,1784026385901964874,0,0,156766500709,7,-99.42,3.13,0xd37c2853d02999816d9d1cd53a20fa70726662060446eff0d6ed7fd1992d21f2520305f803f0b217f1279b2fb10625b0a27b018e,52,868,7,125,4/5,0
HWS-002-FIFO,6,145,FIFO,limo01,1784026231533335324,1784026420146399118,0,0,188613063794,10,-100.90,-2.18,0x87ab4c1464a41f5e455326e2813cc09a34be8de0fec0fe624730f720b283cd5cb7f2ac7d1ca7b3cc9c6098fb65a8d26ba66da7c0,52,868,7,125,4/5,0
HWS-002-FIFO,6,146,FIFO,limo01,1784026234991091508,1784026354096647312,0,0,119105555804,3,-84.22,10.23,0x39b9f36dc90e9700be4465db593f3c6b6b6104c1e8c22ee32c95f98609bcba07086a981cef7a2f488b057985b0ee2bd4d637044b,52,868,7,125,4/5,0
HWS-002-FIFO,6,147,FIFO,limo02,1784026239341506939,1784026592078462956,0,0,352736956017,2,-81.63,3.68,0x192f656223bca5eec4622dabbb9bbd1f264b01371af1d1a01e59d9967aa26ede2948473e9290e5058b92e5409f490c632363d7a3,52,868,7,125,4/5,0
HWS-002-FIFO,6,148,FIFO,limo02,1784026241152000361,1784026336887870419,0,0,95735870058,10,-83.29,9.78,0x15972ad99d253367198e90cbb15f55cd4de1f828373261aa21ad7aeed7f883ca585edb3d0dd9d4487c69e0d195cdfdcfdd1e69ec,52,868,7,125,4/5,0
HWS-002-FIFO,6,149,FIFO,limo01,1784026243857028123,1784026335869953273,1784026335869955000,1784026336037312181,92012925150,7,-84.48,-4.58,0x261bf2fbe9d071bbefa5078798441c81db8917f28b78278b5d225a26696f03b6676465197541369fed0d7cd42c16d06a748abc48,52,868,7,125,4/5,1
HWS-002-FIFO,6,150,FIFO,limo01,1784026249868882973,1784026390330562194,0,0,140461679221,7,-99.93,7.34,0x6b0983f3895037c4cadf22cb65354822d65c2039f58c3414b12e674e06111f7d68d49a4002a6cccf25b8d416d50c26a030f05475,52,868,7,125,4/5,0
HWS-002-FIFO,6,151,FIFO,limo01,1784026251287728229,1784026333924124313,0,0,82636396084,2,-98.32,12.15,0x3ff75a7915ae503a8c3a5894ec59f71834882524e5db893cafdf459d0707e9a0ea43d661c72060ef0c0f85cbf28cabc15a421d18,52,868,7,125,4/5,0
HWS-002-FIFO,6,152,FIFO,limo02,1784026254130199793,1784026661202549821,0,0,407072350028,6,-100.88,-2.78,0x63616f62228c74da7865fe462e23dffd86b739e2f0555774795a54db5d50e42e11cc26ec1e284f981468bcf95ded850602dac932,52,868,7,125,4/5,0
HWS-002-FIFO,6,153,FIFO,limo02,1784026259401021658,1784026353071400862,0,0,93670379204,0,-107.92,0.46,0x7aa94c72008a9646bd68a95de1b60fa4c4e4467da2d2ff8f23452c3c22ddedd31d22632aba3bce6a5130ce2735afe4eb9bf9a5e6,52,868,7,125,4/5,0
HWS-002-FIFO,6,154,FIFO,limo01,1784026263814713349,1784026376127929458,0,0,112313216109,6,-102.80,-4.73,0x2eef74eb3fec45793f55b4ab6b41ba456c4d33c2119b0064b0bf355b4b3c15e293ee1aad632af45520a4e2ad10a7b0fb14a32f81,52,868,7,125,4/5,0
HWS-002-FIFO,6,155,FIFO,limo01,1784026267756952024,1784026297475416960,0,0,29718464936,5,-81.47,2.74,0x69d5e6ffd31479d9ec8392f769190b310e13b814cfd9f1d37b1766ac54a89ea3d73f8c43bc065275143566eb6038d2ce735455df,52,868,7,125,4/5,0
HWS-002-FIFO,6,156,FIFO,limo02,1784026269990987351,1784026450330495276,0,0,180339507925,6,-94.39,3.43,0xabc8ca23541836f602ae6938f37c3ee6d7c96c5582d0717042d0216b091d22a5e99e63038ba1bb8a1ed811f9ea98affc5bfff631,52,868,7,125,4/5,0
HWS-002-FIFO,6,157,FIFO,limo02,1784026272524322898,1784026417264290096,0,0,144739967198,6,-105.07,4.56,0xfb68220b7420565d9e2e4aa727d4b5c77160a47d7eb248960188198f84f9acccaa5818f4db05aaf24c76e9f9f04b5b73cb30d365,52,868,7,125,4/5,0
HWS-002-FIFO,6,158,FIFO,limo01,1784026276359123121,1784026547223313966,0,0,270864190845,9,-102.31,-2.52,0x919a4c43a9f180ab062d9d6f5315676fa5c40b604d61d03b2a86db5ed82f728552072ecd0550bd6c925966902a47bfc478be3fc0,52,868,7,125,4/5,0
HWS-002-FIFO,6,159,FIFO,limo01,1784026278549442896,1784026509840971428,0,0,231291528532,2,-105.58,2.94,0xdada9606722d11beb7476b6d314d2e956b7bc22d966f10038b0f5bd3ce19db17059b7214d761b775f5355c2d519bbe9beacde4cb,52,868,7,125,4/5,0
HWS-002-FIFO,6,160,FIFO,limo01,1784026281462015702,1784026453448990568,0,0,171986974866,2,-92.70,10.32,0x58cd05ac5290c9bb1d2df0454f76f4252c1350c3e740ff00b711865a1c79e367f32b491afff9b22ba0f9e7ae33d81b1c72fc5e54,52,868,7,125,4/5,0
HWS-002-FIFO,6,161,FIFO,limo02,1784026286991372154,1784026530435122041,0,0,243443749887,9,-97.75,10.64,0xe54e3dcb893887e7a594a83263b04463dad5ab8d530e0ac1a6268a999482fde977e0eec03b0e70b34feeae77b8278eb6be7951ca,52,868,7,125,4/5,0
HWS-002-FIFO,6,162,FIFO,limo01,1784026288193663952,1784026417207304006,0,0,129013640054,2,-90.57,-0.74,0xa4574755b93f907717ebb10a6d83144fc75b75b7442cdbf45d6b5180019821de0d42924cd35a5e7c0046a47b8819adbf3b423be8,52,868,7,125,4/5,0
HWS-002-FIFO,6,163,FIFO,limo01,1784026291415237113,1784026371662973378,0,0,80247736265,1,-88.45,-3.81,0x9ca72ca3919279806db6ff77dabd708ba7a59b9e08907eb821637b6d308a81ec913fd5216921fa1effc01d9e8fecc984918577ab,52,868,7,125,4/5,0
HWS-002-FIFO,6,164,FIFO,limo01,1784026297385086657,1784026455448947345,0,0,158063860688,3,-93.54,14.55,0xc515689d60d3d60412bf4007007d64c9981e1842ed287bafe4889a84a339722a94aeebc8ddcfefae87d298231efcb060cfd0a573,52,868,7,125,4/5,0
HWS-002-FIFO,6,165,FIFO,limo02,1784026301865078992,1784026437801095108,0,0,135936016116,3,-105.43,1.69,0xfa1433c39921dba05b522ead732abe5c0418835e270ca7a49a406e2624c24d852a4cd732a6b9bb9e3c31cd42f0fa03e0a7acc881,52,868,7,125,4/5,0
HWS-002-FIFO,6,166,FIFO,limo02,1784026303057747765,1784026465962563054,0,0,162904815289,3,-99.91,11.43,0x21493d5a3e6bb60fb8c451629188a3726258c727a039815cf194b34ec07628772de9bf2ece79f3a92f4c11fdbdb02ef8c5f96f7a,52,868,7,125,4/5,0
HWS-002-FIFO,6,167,FIFO,limo02,1784026308150365608,1784026420908799252,0,0,112758433644,4,-106.65,5.30,0x968f71f83a5327989fa5e3485ab2b7c87f784fc26d388e118f5ca1c2d63124d3647cb0d1f9074f74272e61115d941c4e9e1187d7,52,868,7,125,4/5,0
HWS-002-FIFO,6,168,FIFO,limo02,1784026308283881099,1784026401789911035,0,0,93506029936,4,-80.46,0.64,0x3e3af3df6ddfa102290de0d44dbd2a5157447d46e43ce884bb4295b55778a8651189f5c8fb12a562183880e8736e4184fd38e1b1,52,868,7,125,4/5,0
HWS-002-FIFO,6,169,FIFO,limo01,1784026312215844410,1784026447643298076,0,0,135427453666,3,-87.52,14.63,0x5bbccf39726aadfd688b897faaf752c53e6b24e24fc3e15580b9b7eecc2203ad525b3d380f4115397666a9217e383b4cdb670d46,52,868,7,125,4/5,0
HWS-002-FIFO,6,170,FIFO,limo01,1784026317669013889,1784026407318709056,0,0,89649695167,0,-84.49,-0.97,0x6b462f3b0c792c9f820973cd71e643e645f097c379c1fb2d1ba55652f90288d9afaa69c4a9131999d0afea86f082d59f8a7f1c8a,52,868,7,125,4/5,0
HWS-002-FIFO,6,171,FIFO,limo02,1784026321464460031,1784026471461646146,0,0,149997186115,7,-104.02,-2.48,0xac0081db9d90d7868718adeea3f144cfc1bd9bf15b1b94b36e6d52b02bd951b3236deb84b9f05f3bb5a2bad5edea110578c2d8d8,52,868,7,125,4/5,0
HWS-002-FIFO,6,172,FIFO,limo01,1784026322899069135,1784026501791240573,1784026501791244705,1784026501959605142,178892171438,3,-87.65,1.66,0x95acff7d5b48c53cab6f2f63398a9f77115ce4131ef487d5f63b1cece558cb6c5e59a23c8864e152ec01aad943e348a44b0cd334,52,868,7,125,4/5,1
HWS-002-FIFO,6,173,FIFO,limo02,1784026327040062631,1784026394699934840,0,0,67659872209,3,-80.17,6.55,0x5ca5ddc40ca2466bcafd43db4e3bd278eecab4804fd404b9e2cb576f01f02b77f14657d6b6a833be9b3586ec6df4d59e70739d61,52,868,7,125,4/5,0
HWS-002-FIFO,6,174,FIFO,limo02,1784026329211394383,1784026526331445469,0,0,197120051086,0,-86.09,-4.82,0x5798762a7ba09b10fe3c5a585dcd0767479702ea154ac266d2baaf7864de908d175976085ddd4fe7bcbbb0c713a67033a1001e30,52,868,7,125,4/5,0
HWS-002-FIFO,6,175,FIFO,limo01,1784026335592606552,1784026399624538387,0,0,64031931835,0,-104.80,6.94,0x2a00dedf6b82ce564a2ceae782e96f8772236cd710da800a0857fc7ab34f76fdf7ad5ef6dbcb411bb761f071013f2d0d9c74f84d,52,868,7,125,4/5,0
HWS-002-FIFO,6,176,FIFO,limo01,1784026335571218151,1784026473952787984,0,0,138381569833,8,-87.60,10.53,0x088d61b8d2ac495667c1ad2f6f10f6be15dbbd03de6855724f09541d177cecef5141122b8b6d4cb0f1d6ce5e60e5e665a7ffa7be,52,868,7,125,4/5,0
HWS-002-FIFO,6,177,FIFO,limo01,1784026342036101460,1784026467688730542,0,0,125652629082,9,-86.96,-1.38,0xa56ea5a4136aba3d5d9fea92a5e7945b11454fd7dfb5549bd8a54b46116ff595ceb9312b8c207f689039ce1b948be532914d4cae,52,868,7,125,4/5,0
HWS-002-FIFO,6,178,FIFO,limo01,1784026346134105212,1784026492496339650,0,0,146362234438,6,-87.12,10.76,0xe8e600bf73c43e78b222ab4fa290d988d89945105838ecedff2b36dc9be7bc1012df7fe29c7cf57ae3506a2cb2185bf4ec964d52,52,868,7,125,4/5,0
HWS-002-FIFO,6,179,FIFO,limo01,1784026349736896991,1784026521590400885,0,0,171853503894,1,-90.95,4.46,0xa4ce8ff38557219e73e3bc856a2d58299683ff3202f33edb83f1e44382cd5de891670c66f008938c0b1055ec93fae5c85e1483c8,52,868,7,125,4/5,0
HWS-002-FIFO,6,180,FIFO,limo02,1784026351372328232,1784026434879997555,0,0,83507669323,10,-85.95,4.39,0x34d831e365f72774230a5db8754c1301f5a088e8f9144b227e77675e54efa5ba45cf9c743a6343682580cf1434de721c1b25001e,52,868,7,125,4/5,0
HWS-002-FIFO,6,181,FIFO,limo02,1784026355020815460,1784026517982859319,0,0,162962043859,10,-82.24,14.59,0x3ed29b36967077534c4a99b9b7a849fbfa039bd262ee3f4ab2004c9c715fe7d2c6c5e7fa3599dbb96d4c4ffb84c3f5ae4eb8ef1b,52,868,7,125,4/5,0
HWS-002-FIFO,6,182,FIFO,limo02,1784026358305600339,1784026489955388616,0,0,131649788277,3,-88.71,0.68,0xbf3294e6688ef51c7df4de5f8864bb19465e1f324e39310a4d0c2f51fb31d893a9cedb8378771dd5a5173b5fcb2a3a1444f17dc1,52,868,7,125,4/5,0
HWS-002-FIFO,6,183,FIFO,limo01,1784026362311257601,1784026561676972784,0,0,199365715183,0,-85.47,4.42,0x35f1df3de6f22e6fc6242d3819532102bb3485e56524a8e8164109ceaaeadf67d5b9383f86037736a5c777d55f108cd6453faa86,52,868,7,125,4/5,0
HWS-002-FIFO,6,184,FIFO,limo01,1784026364002287356,1784026647079947779,0,0,283077660423,4,-99.19,0.87,0x0fec7beb464bd1d4e56c8cf8be7db5aee5d3413a066d67ada232edbc0fec7fc8df15e1a4b99f1d61aff8f31c1ffebccf6400df45,52,868,7,125,4/5,0
HWS-002-FIFO,6,185,FIFO,limo01,1784026368075134783,1784026657771211876,0,0,289696077093,6,-106.16,6.19,0x6d217edf70aba9a9cc2dad59f91efb2a06e57ea0f7c767a4dd72277878460fd75650e8ffc7dd2d16da123c4c047909a1b18a77b0,52,868,7,125,4/5,0
HWS-002-FIFO,6,186,FIFO,limo01,1784026373500258369,1784026621492720320,0,0,247992461951,7,-85.88,14.03,0xd5b7235a00a989f458d44279b42d33b11c7c568eb699a265314c8edcc34f1211108fe62436a14577c6e01e8381bf271e4ab3dce0,52,868,7,125,4/5,0
HWS-002-FIFO,6,187,FIFO,limo01,1784026376998499445,1784026473019713246,0,0,96021213801,5,-98.65,-3.68,0xedc09115c48f73535817c34acb2925a633f1531d81a897b1e8f617a9a25ee8302144d8581586a25904b087812c47e4ed278d8224,52,868,7,125,4/5,0
HWS-002-FIFO,6,188,FIFO,limo01,1784026378755201147,1784026491472089729,1784026491472094220,1784026491644410721,112716888582,5,-99.73,14.56,0x3a1f2fa98b8a4142f2e80cf4e7c7ab5e8de3eb2d2bf7ca99547107e902d821fd38c0a8bce5fed6ccbdef4ac805f358a070e79748,52,868,7,125,4/5,1
HWS-002-FIFO,6,189,FIFO,limo01,1784026380513010025,1784026741522328353,0,0,361009318328,7,-87.57,-1.01,0x72dcc4a2cd2d54624d2cf393ef766e96717953629f45e63035b2eb8ae59e53c5bc82ebbb28f0de90256a7096979fec55749c7144,52,868,7,125,4/5,0
HWS-002-FIFO,6,190,FIFO,limo01,1784026386660083440,1784026522175231334,0,0,135515147894,7,-87.23,10.12,0x7b1aa528936b84ca1b86f467bb00c326de6e104f923c52e17f446a5550489770a04fc809f7b07bda4a4bee6482dbc527ed72e29e,52,868,7,125,4/5,0
HWS-002-FIFO,6,191,FIFO,limo01,1784026389962824120,1784026554111084610,0,0,164148260490,7,-83.40,6.66,0xeaf293fad35e3bfd8d556aff03082287350165b1c037dfd5b812afe22fd7cca042f1fc5e87e02ee8d547679d0529cdfbb370d194,52,868,7,125,4/5,0
HWS-002-FIFO,6,192,FIFO,limo02,1784026390643422902,1784026508173709214,0,0,117530286312,10,-87.89,12.73,0xc266fbf6d5ae4cd4e8e300cccc6800721ab240b241ac0acf1a7f2c3e0b48e788ed0ed1e27ed9d256465d5b9937e6ad36f9496668,52,868,7,125,4/5,0
HWS-002-FIFO,6,193,FIFO,limo01,1784026394939982318,1784026454216839786,0,0,59276857468,9,-102.81,9.16,0x3b2adaf748b8c3dc84222fdb841b0e96c158058af4fb839436cb6bc612fc3364aa07ebafd2f98655753cb3df67c36d97f06f51a9,52,868,7,125,4/5,0
HWS-002-FIFO,6,194,FIFO,limo01,1784026397908777027,1784026548074933845,0,0,150166156818,1,-100.21,3.21,0xe4f8cc5160f1d40e6ef6cc9095ff9d6b1f30d8f168c1e2bccc88573ec92c31fc08f13da7d1c92b571c4e350b287b6192a06b1b29,52,868,7,125,4/5,0
HWS-002-FIFO,6,195,FIFO,limo01,1784026401109480370,1784026498085288114,0,0,96975807744,3,-95.68,2.40,0x3f36b7683cac4eae6d305c89652cb19bc24243153e561c0d37e6731cdca1806c3eb94bc2dbbcfce8429926073a246624a679b87c,52,868,7,125,4/5,0
HWS-002-FIFO,6,196,FIFO,limo02,1784026405959293742,1784026513229860399,0,0,107270566657,9,-81.97,-0.92,0x5982d4050d01dc00df1c37086736e79490624a2e3216dfe0403e1c35702cd1237a7acfa737e72e9141c73735ce9232d54a6e24ec,52,868,7,125,4/5,0
HWS-002-FIFO,6,197,FIFO,limo01,1784026409487329846,1784026524430859941,0,0,114943530095,8,-91.64,5.08,0xbafdbf0455d42fb5395e582099cff3ed95a424aa837797a76359d04a2bcfb91048f7ed8e800802e97b54653a23129482c61d36a6,52,868,7,125,4/5,0
HWS-002-FIFO,6,198,FIFO,limo01,1784026410750950066,1784026610487387459,0,0,199736437393,2,-85.81,13.66,0x3aa355bd5b40f441461f6931570788fcee36329efc7dd3ad6408c38780f6510289bcaf146dbc428e8b330f98d2e466375724a7a2,52,868,7,125,4/5,0
HWS-002-FIFO,6,199,FIFO,limo02,1784026415690308952,1784026761981591381,0,0,346291282429,9,-91.02,7.03,0x460343bb5e84697cb04f53634b4710bcfc5d27ae1be1c0218b1fa25fff31a4ef3fd5a43721033f3dca1893e8df4f5ed79acd6963,52,868,7,125,4/5,0
HWS-002-FIFO,6,200,FIFO,limo01,1784026419790725671,1784026615056202075,0,0,195265476404,5,-98.02,11.12,0xf1776345638cdbf8fe28cdc825932bf03f2d326f330559acc17085028925a597fbda5673d501f3f49952e6d1e18900bc2d0dc76a,52,868,7,125,4/5,0
HWS-002-FIFO,6,201,FIFO,limo02,1784026423147755664,1784026740806520569,0,0,317658764905,2,-99.79,-2.55,0x6c20f9f4a56d62bbb4652a4afe25090d7ca1602fb6b3742754cdd48001e1c6280d5b479aa2f836013b5828f11988b89fb4a720ad,52,868,7,125,4/5,0
HWS-002-FIFO,6,202,FIFO,limo01,1784026424492287187,1784026599655261266,0,0,175162974079,5,-95.38,2.25,0x26f712da9e4e4ebf24aa592162673cea3344aac036fa0eb914d3e48ffc015fcece5b93855294961d4356bbb09065a0394d7b58e0,52,868,7,125,4/5,0
HWS-002-FIFO,6,203,FIFO,limo01,1784026428746433831,1784026623269261318,0,0,194522827487,6,-80.77,4.40,0x775fee4f275ca4935bcab605645f2eec45b6eb8468b4446f6a1daad5cd46b77d7222ea321dce9cfef0cecc93ee909ff8bf57bc70,52,868,7,125,4/5,0
HWS-002-FIFO,6,204,FIFO,limo02,1784026433064400512,1784026510870177929,0,0,77805777417,10,-109.08,14.62,0xe1b51358ad1701f845b52e4124321298c4916ddd1948ea6ce806076014de884027b62b820b405ada09a2f497ad255e2cb6224524,52,868,7,125,4/5,0
HWS-002-FIFO,6,205,FIFO,limo01,1784026435473630105,1784026623683071811,0,0,188209441706,2,-81.37,0.73,0x0ce7d1f82481348007a339f06499cd075b3842b818623ea3c73ada37d2947c02b527e70a3f4b24714c0fe621af3892f062cea999,52,868,7,125,4/5,0
HWS-002-FIFO,6,206,FIFO,limo01,1784026438892642342,1784026771718882128,0,0,332826239786,3,-92.60,-3.80,0x1f0b13fd1a4fc3da5e3f86a4706cc0183ad18a76ff43520e639bcfc9405a7758caa6ca0724e23ecdd25b24fe26d30d12621daa2a,52,868,7,125,4/5,0
HWS-002-FIFO,6,207,FIFO,limo01,1784026443172615844,1784026666958799157,0,0,223786183313,9,-109.20,11.26,0x2b0f61af97b4ae747866f7a01d2b8a96f8882bb17de042b0753ed07268a1724d313ae9149983fc8300133f009b83be2bff6ba844,52,868,7,125,4/5,0
HWS-002-FIFO,6,208,FIFO,limo02,1784026445699184095,1784026523191355551,0,0,77492171456,3,-86.05,-1.29,0x24d5c2ab8188efcc06fc2b0443167d44594e277149e6f859ece41494fb83055c499eff73e7c790631a2107ad52c7be13ec0bda13,52,868,7,125,4/5,0
HWS-002-FIFO,6,209,FIFO,limo01,1784026452168086224,1784026587698697666,0,0,135530611442,7,-87.54,8.38,0xb1c6db0e4006da9529db9758d2f4f0e529f9720370f16c7808fabfae6e88f0a6b2bcd8bd8b3322735513e84a3e132beba38bdebc,52,868,7,125,4/5,0
HWS-002-FIFO,6,210,FIFO,limo01,1784026455576413206,1784026569657883597,0,0,114081470391,2,-106.12,2.63,0x83ec6e76b4aae72b9ea7998944e353648c335b07d369d177835f33370f28f98665a8db0a51cf33c8a30b084bca0b1a3a535d5321,52,868,7,125,4/5,0
HWS-002-FIFO,7,0,FIFO,limo02,1784026455775882651,1784026713368494832,0,0,257592612181,4,-106.87,6.49,0xc99d2f62f8de94f1147ff2cb6176188d2b9568935a39b7b1beb8eb23399daa6dadd5bdea629e44cf4594ea3a1d9a732f07555d9b,52,868,7,125,4/5,0
HWS-002-FIFO,7,1,FIFO,limo01,1784026460551427839,1784026585308395941,0,0,124756968102,5,-84.85,12.01,0x0e9a1f93dd36469df7be20a3b31f7b359beb4569e8d87977bb438ffac1d71f0377343e408b265d5e7595c05e30f0b34dd8e9799e,52,868,7,125,4/5,0
HWS-002-FIFO,7,2,FIFO,limo01,1784026463993074485,1784026634320217677,0,0,170327143192,9,-100.31,4.98,0x75f030bd93d571ea3ccfc69f7c6275c64210366cd329c13300500173f6bcc44e341b5976a28531f58c02f8f42d968480f26880af,52,868,7,125,4/5,0
HWS-002-FIFO,7,3,FIFO,limo01,1784026467647937063,1784026635524179207,0,0,167876242144,2,-85.67,1.81,0x7cc704f0d5fc615d464a989df8f7561de4e51b0e2300b41bc14d5eced831a9f26fa8b6a003b09036256524ecaef5874af13c3274,52,868,7,125,4/5,0
HWS-002-FIFO,7,4,FIFO,limo02,1784026472628098097,1784026647729412281,0,0,175101314184,7,-93.79,2.77,0x61498d74e46ef49419f5ad8ca6755ec6f40e944e71b5afe972c5beb8d8b28fc5193dfcf55d78f6f74c526b661b25fa818589b205,52,868,7,125,4/5,0
HWS-002-FIFO,7,5,FIFO,limo02,1784026472653688508,1784026603483018004,0,0,130829329496,2,-108.99,4.55,0xdfeca60f8f5e1c8468766511c9d5850ab2bb8d786d8ffd3f6f2f28701713382a725cd9645193e23e49fbfd31b228645445655214,52,868,7,125,4/5,0
HWS-002-FIFO,7,6,FIFO,limo02,1784026478909889960,1784026648536332923,0,0,169626442963,10,-97.09,-1.18,0x06dc01a77cf5dfdcd8ba2410ae1f2f822971de8ac3323ffe3814bca9416275e2940b651a87e9adbd615394fe3422a48f494decbb,52,868,7,125,4/5,0
HWS-002-FIFO,7,7,FIFO,limo01,1784026482985332641,1784026602174537102,0,0,119189204461,10,-95.52,12.88,0xe231caf898c73ff28e6db41b2ffbfff3bc8fcca23523a78ecc3f674a39184f09e2c9ce07cdb5ccd059932c8c94f84911f78ceda8,52,868,7,125,4/5,0
HWS-002-FIFO,7,8,FIFO,limo01,1784026483219107668,1784026595541276500,0,0,112322168832,10,-90.41,6.85,0x4213e465456bf8a8cbc34eedca2a7a3b4ae9f74d9905d48f8b6b633be7a05961db7974bc85849c4908e33acb1a4e3b5f1e02c7be,52,868,7,125,4/5,0
HWS-002-FIFO,7,9,FIFO,limo01,1784026489438516091,1784026623762067721,1784026623762070792,1784026623936000675,134323551630,7,-107.05,11.44,0x36b41aa9f058e3fa31f582477f7a88bccafb7a170e4d9de5e7067e07a38b47f94bca5cfd9407d3a4808670e70c44895052f78a47,52,868,7,125,4/5,1
HWS-002-FIFO,7,10,FIFO,limo02,1784026490300848856,1784026537882631337,0,0,47581782481,5,-99.21,0.92,0x989c583fb4763076fb1258a0590a58e07a07a953b18fcfe1d4b79fb6ec71361c8b844d94019057321f1effbf9583e671c9963385,52,868,7,125,4/5,0
HWS-002-FIFO,7,11,FIFO,limo01,1784026495067904671,1784026686331893880,0,0,191263989209,7,-95.16,3.49,0x2975bf05e3e610cc7c5e890c6cac42dc7894c1afcc5056298d801e06b4a9576fe6c63298083cd64b22870d096aee5e9c4d21e622,52,868,7,125,4/5,0
HWS-002-FIFO,7,12,FIFO,limo02,1784026500174976770,1784026628849685674,1784026628849689124,1784026629015198459,128674708904,1,-91.67,12.90,0x457b11ba15b3e2bce65c68c3eac648934d794ff7a5d9da032d983d71acd42728d9d821f8737870cf8297a089b1e145e89e3ee52c,52,868,7,125,4/5,1
HWS-002-FIFO,7,13,FIFO,limo01,1784026504125725567,1784026638969403240,0,0,134843677673,7,-82.33,8.78,0x7572dc4c481b3cd534e7fc44ea3d774a5d4122542730965131852fba7d76ea86d0e4c2268c4851a516df87381c4369510ac428ad,52,868,7,125,4/5,0
HWS-002-FIFO,7,14,FIFO,limo01,1784026504744587464,1784026682795955152,0,0,178051367688,5,-92.65,-4.47,0xe1a3defda12c76fa4da6b8742c3380020c6a0e6d7840a595ce3bad5c63bc52e59cfc7d34f6fa2f43ccdd28f27437101c93e509dd,52,868,7,125,4/5,0
HWS-002-FIFO,7,15,FIFO,limo01,1784026510525170906,1784026692059811251,0,0,181534640345,0,-85.87,-1.58,0x9f8bbd8c2f0a5bb26b0b2977fd190916596b25908aa8a92f6af01679a3a47a2988a1c2436e66629b03a9b90a2c13cc99cb247841,52,868,7,125,4/5,0
HWS-002-FIFO,7,16,FIFO,limo01,1784026512367310150,1784026570418396183,0,0,58051086033,6,-91.86,9.84,0xccdbe7cb1ea655e62b5ea5d00a66c4fa3a944aa115f64f398473c2fb8ad29b6965da5169502891986f88207766ebf23c7c23ff69,52,868,7,125,4/5,0
HWS-002-FIFO,7,17,FIFO,limo01,1784026518476515094,1784026661267010001,0,0,142790494907,3,-88.18,10.67,0xff8c9be9e47c11f6a9c383ab8dd45e616b0041d66c7c1047075bfd6dfc66dc4b575a20388550284c01704324c91e965ad49f25b6,52,868,7,125,4/5,0
HWS-002-FIFO,7,18,FIFO,limo01,1784026518427380136,1784026706723119745,0,0,188295739609,0,-92.86,7.51,0xa67cfcc17d24f3e1452fc18ac5f3567aa67be9c7df6b375e24302a9d48b5ffe724a71dab1d78d047306727acda2148a7229bc730,52,868,7,125,4/5,0
HWS-002-FIFO,7,19,FIFO,limo01,1784026524730989480,1784026757844574320,1784026757844579307,1784026758016918093,233113584840,2,-85.22,11.02,0x585c1bd0a4926bbcf8a702676e190472e8f0acdb4eb2588f7868e9014656940313096d85c60411e00d46171c5dfd5f1cadbbf761,52,868,7,125,4/5,1
HWS-002-FIFO,7,20,FIFO,limo01,1784026526745210033,1784026675511198164,0,0,148765988131,4,-98.44,1.05,0x3aa7e24281c5d98b0c147b222f95da2cfc2ca600399bdfb6729725c400360cc84ccbb204b992db950d60885e96727e89ae736a99,52,868,7,125,4/5,0
HWS-002-FIFO,7,21,FIFO,limo01,1784026530092267892,1784026625890989147,0,0,95798721255,5,-80.67,12.83,0xddbe98a19aee4ef607561c4ffa201f18bbd53d207b235eb4883e693b3183a27c7cfd1da1f33ca7f940dfa3e1509aadf691e491f8,52,868,7,125,4/5,0
HWS-002-FIFO,7,22,FIFO,limo01,1784026533839027155,1784026685180181893,0,0,151341154738,5,-104.46,14.79,0x48a2adc4d6339aedc9595d86ce25b68f29cf9c49fedc31c4cea706e4dd06b79ee3e86d6aa8fc29a133058b613a22738bd3f5d116,52,868,7,125,4/5,0
HWS-002-FIFO,7,23,FIFO,limo01,1784026536841229902,1784026714062178822,0,0,177220948920,2,-89.29,4.44,0xc0bc76de4c052a564c8c1789b4f377570f513e307d48ce67f5b3f1fa7e499060b057429da11aabdae249e05879bec26ad519aba1,52,868,7,125,4/5,0
HWS-002-FIFO,7,24,FIFO,limo01,1784026540840463279,1784027140840463279,0,0,600000000000,10,-85.24,7.86,0x194fd0ae7b7b19732d7661b1c4fa5a7af05980885bc9ed562b48194bfd57471414e8adf2c35fec29f862967d56512b2e0c53d940,52,868,7,125,4/5,0
HWS-002-FIFO,7,25,FIFO,limo02,1784026545927238930,1784026831709264331,0,0,285782025401,5,-104.84,2.82,0xe86d53ef8ac2ef961c17e9d628af9f3ba3c4452d0538ae15fb7c748d08e4081572f7b65f26a2c4f47dea700e14a2489b6d8ebd1e,52,868,7,125,4/5,0
HWS-002-FIFO,7,26,FIFO,limo01,1784026549070582747,1784026660390611717,0,0,111320028970,3,-103.42,9.82,0x26d498626503a636aec28e8423400960977f4cbfe33a5e12556feda8e1b2463f354495610cb18a2d035c3c5d47dbdef9e1c6e43e,52,868,7,125,4/5,0
HWS-002-FIFO,7,27,FIFO,limo02,1784026551722729677,1784026721217381202,0,0,169494651525,5,-107.76,1.35,0x0efcf9a02b1dbd79e654fd7f048af7406050fe39bd536d77b2666604f2a2039795b8f6f74a950c52fc5b9751e9d1cc0dee4f4214,52,868,7,125,4/5,0
HWS-002-FIFO,7,28,FIFO,limo02,1784026557157550758,1784026768345749913,0,0,211188199155,5,-105.66,-1.31,0x08897a143a494ccfa01ca10b324faa3b188b43ebbc0da87dd485a1b48f171d9406556a40b201fa38da22a7edcd7744c3e4ae9eed,52,868,7,125,4/5,0
HWS-002-FIFO,7,29,FIFO,limo01,1784026559549017741,1784026858580875708,0,0,299031857967,4,-88.16,0.00,0xfbe71dd381824f019c057133d17c13aa188e976e83b3bc7176d9b8f58d1309c9b32520abaa89ef7ec43a09487f767e2283063c93,52,868,7,125,4/5,0
HWS-002-FIFO,7,30,FIFO,limo02,1784026560997559232,1784026705521035115,0,0,144523475883,10,-109.41,10.65,0x808edd1fc6e0988e72db2a2362d3156efdc23796b18aad7a94f23adad3eff1855a62f8dd6353c8734a61752b35044641319046cb,52,868,7,125,4/5,0
HWS-002-FIFO,7,31,FIFO,limo02,1784026564545114237,1784026667884330567,0,0,103339216330,5,-103.33,9.27,0x3e15147517a0bf75085b936af4973d280b473df98e3b2a58072e09ba13bfd6bb3e3cb90ca520ebc49f471d2339c33b4bac1ef61e,52,868,7,125,4/5,0
HWS-002-FIFO,7,32,FIFO,limo02,1784026570114356531,1784026673196422177,0,0,103082065646,4,-100.06,9.61,0x9c427be452c3ff39e04f46cd54889f3a0b0658eacf1003e42b65532c696dbd6c77d6a66fc25f7a4dae0e0427e25259718fa6bbe9,52,868,7,125,4/5,0
HWS-002-FIFO,7,33,FIFO,limo01,1784026571849398972,1784026674164103631,0,0,102314704659,8,-84.81,-2.51,0x461aeddd1300b56bedb397ef2a0a4bb24741ee7f84565bf6769ce515d7a08bf25ce9b6f19ccb1bc015cf5d070b19594468fb53b0,52,868,7,125,4/5,0
HWS-002-FIFO,7,34,FIFO,limo01,1784026574618314224,1784026726918833305,0,0,152300519081,6,-82.92,12.38,0x118f071c509cab4fbe7483a15a6aaab8e1450d026fc70fe00a71737495bb5777b6920a4e7d7a7ec0bd5a59e268d62501564d8c3e,52,868,7,125,4/5,0
HWS-002-FIFO,7,35,FIFO,limo02,1784026578677104848,1784026717213490435,0,0,138536385587,1,-83.09,-2.32,0x2171738c2605a29f30499beb20ff4acaf68e8e4f6d22dbf271ee6ab962a49e566d79b92b4655931965efc7ec07991df30fd82326,52,868,7,125,4/5,0
HWS-002-FIFO,7,36,FIFO,limo02,1784026582759921320,1784026684135209209,0,0,101375287889,3,-107.84,3.36,0x8e7d0504dcfb2f2065ee06ecff7a2fa054e81a1cb5c85f4fd7b1ea0cd844973aca0c75244679d9d628e15084ebbda53454aef784,52,868,7,125,4/5,0
HWS-002-FIFO,7,37,FIFO,limo02,1784026585079633247,1784026693649557777,0,0,108569924530,10,-81.77,13.49,0x68b4f378d5df2035e76eb20be03352f1548c4bdb8f802ea90bca6693ce2791da630b931acb4bfb161f3baf0d93081100e21820b1,52,868,7,125,4/5,0
HWS-002-FIFO,7,38,FIFO,limo02,1784026589378776228,1784026890900316337,0,0,301521540109,6,-85.34,7.80,0xbb563e819ddb40fd48722a7964d28732485ab0616e7d7f54850860171da2ecbf47022dd9b06ba0dda12083abe9eefeed4ce7770c,52,868,7,125,4/5,0
HWS-002-FIFO,7,39,FIFO,limo01,1784026593585703561,1784026749487392878,0,0,155901689317,7,-101.73,3.98,0x129b3e0ec9aa9241228f3960a510253058973acf6807eb3ea975758ea1a0469a882dfef752225327433afe7e7f17ed8057be3d34,52,868,7,125,4/5,0
HWS-002-FIFO,7,40,FIFO,limo02,1784026595536476990,1784026754606509001,1784026754606513618,1784026754781195014,159070032011,1,-86.14,4.58,0x09604b6dea6ecba071934e32904dbbeeb136a827e74ac6b425c1de8b2e9d206ee8aea908025037cff0b5623d5ca38e5e99350ce6,52,868,7,125,4/5,1
HWS-002-FIFO,7,41,FIFO,limo01,1784026601569092838,1784026804792737378,0,0,203223644540,4,-94.98,9.16,0xef89526c8d5abe6225fe1cfe12b00b8057dd047e3bdbf97d34e4f4b97408b507825eed27f8c936c7fd14c03992115a47138e57dc,52,868,7,125,4/5,0
HWS-002-FIFO,7,42,FIFO,limo01,1784026605117713931,1784026765062621573,0,0,159944907642,4,-103.75,-2.53,0xb6825145400fc1442da13881649a036c4801941be0baaa74b85ceb26b2be597efb0b6e92d4778335ae80a2c4b7f5f73c30c5d7e1,52,868,7,125,4/5,0
HWS-002-FIFO,7,43,FIFO,limo02,1784026607997727654,1784026787164014100,0,0,179166286446,7,-89.41,11.11,0x32369ab9b8fa26a0c1c32f61e9a4267bff0be7e394e7f408ac7f18f5d10a49a0554db36427a9b24cc8a3ca7ebe494b126f02041a,52,868,7,125,4/5,0
HWS-002-FIFO,7,44,FIFO,limo01,1784026612430438103,1784026760829501937,0,0,148399063834,8,-83.45,2.14,0x7e5c04a2d4ef307ec451025308c40e0a7fb390a22463782ef118a56bbcd3d8c5028043398d3ee1b63ed6b19675e71e0dc3af015e,52,868,7,125,4/5,0
HWS-002-FIFO,7,45,FIFO,limo02,1784026617044001598,1784026763138896648,0,0,146094895050,1,-94.47,-4.31,0x47b5cacae89c36c92291224080ca83959d614cd881341a2b84b94615287b4b5014c85eda96e945f7ccef3d39768a9a217841c9e5,52,868,7,125,4/5,0
HWS-002-FIFO,7,46,FIFO,limo02,1784026617870970063,1784026762507468717,0,0,144636498654,6,-88.65,-0.63,0xf3a219a4335d86dca257c2f3777ee4d1a2308c007fc49c6013ee1ba5c01976972521d5922c52384effc3e4475cc9cc7ae30471ac,52,868,7,125,4/5,0
HWS-002-FIFO,7,47,FIFO,limo02,1784026620666195408,1784026782656907745,0,0,161990712337,1,-97.51,14.00,0x22cd70a5648bc2a3b28e8c731db8b6a5386fa6cf6530a4fec273d8282d7b9c2ffd67e8bc96fdf1511ca4eea092a4d1b1c366773c,52,868,7,125,4/5,0
HWS-002-FIFO,7,48,FIFO,limo01,1784026625366611386,1784026722551632925,0,0,97185021539,0,-84.17,12.16,0xd2266e255b0543af58b2314c88d1205f7fb0b9c191b6be40609c943abf723013f82aa105103469d0a7e0ebb0c5c7f944d78f1a5c,52,868,7,125,4/5,0
HWS-002-FIFO,7,49,FIFO,limo02,1784026627652514462,1784026850317670759,0,0,222665156297,6,-83.44,-1.68,0xcb1289d2d66bad657eb3e60f1f0c4da2ea562a5a877b6a3ff2592482e7c1a26305f33c0e560495e4cea90de8812ae0cd61541b1d,52,868,7,125,4/5,0
HWS-002-FIFO,7,50,FIFO,limo02,1784026632719335518,1784026764445885596,0,0,131726550078,0,-100.07,-2.96,0x5fa75d0c1274859f39b94ecdf15be87c34687cf08757952b8cf67092c5b830a133a41258588f8c7a638dd1e1ddb3668ddfdcea7e,52,868,7,125,4/5,0
HWS-002-FIFO,7,51,FIFO,limo02,1784026636782459033,1784026771744478655,0,0,134962019622,9,-91.06,10.53,0x6c151d3e62008a016cb50a26403ff8e9576e9b1d08ff9d92759906c620d03afffe3b7c9ce5d25d4de5af989140a49627a8c3a0db,52,868,7,125,4/5,0
HWS-002-FIFO,7,52,FIFO,limo01,1784026638692783328,1784026807500314104,0,0,168807530776,8,-83.97,-0.22,0xa26335342a31b96bdf3c7650c1e3769c96cd03633aeb07d1fb7dad42ae7f262c660c7e56c5514c8fae32ca6e23ebe7052f12333c,52,868,7,125,4/5,0
HWS-002-FIFO,7,53,FIFO,limo02,1784026642481158098,1784026864326337218,0,0,221845179120,8,-86.11,5.79,0x6d31b40ea16506f1ec97cd19f5f7076545c40baca7e2895562d1c8b33a37d7f9904c2796287ee34ed4f5a05644df427b860cba7a,52,868,7,125,4/5,0
HWS-002-FIFO,7,54,FIFO,limo01,1784026645655649676,1784026880432714255,0,0,234777064579,8,-88.45,0.26,0xb4e858267b7c06532f092d86254001b513b6f1dfe8a83d5ee05f8ca06621317dd2430cacf234add4e94b430612e51b6f8250520d,52,868,7,125,4/5,0
HWS-002-FIFO,7,55,FIFO,limo01,1784026648848418985,1784026854020438460,0,0,205172019475,10,-89.43,-0.27,0x892c1485264f84bc749612b2e191f5ee2a0c4e8d6f89d9d911cdc192e737ca76c3b7740abc3fa79a57e10ce5d2545dd3caabe998,52,868,7,125,4/5,0
HWS-002-FIFO,7,56,FIFO,limo02,1784026652937961027,1784026835951167644,0,0,183013206617,3,-98.00,-3.29,0xb3e305cef21b33fa1016d0a9c34f2e94145b37c108b9e2bfd4a7f8841fdb82c4fa145432e9565f3ff8466e4ae2ab303931447080,52,868,7,125,4/5,0
HWS-002-FIFO,7,57,FIFO,limo02,1784026656057130292,1784026760158430629,0,0,104101300337,1,-98.76,12.55,0xe85af21748c42534740763d83ab4333a669f655b4549f48e16d4584ff7fe8f90ce6dfd72ce97717902789e35ad3eeba5b8ef85f5,52,868,7,125,4/5,0
HWS-002-FIFO,7,58,FIFO,limo01,1784026659205416703,1784026818486172591,0,0,159280755888,4,-89.39,5.19,0xa55b014f56bf12cd9281690aee807c786c3a015f3f84d116d498bf0dd00c2f7c4015102a6ceb971236c8eb3dca79b596d8652259,52,868,7,125,4/5,0
HWS-002-FIFO,7,59,FIFO,limo02,1784026664546420411,1784026769967163698,0,0,105420743287,4,-100.21,4.84,0xb8e0b549091a271683af05d811a5fbfbd193c072465f29e8cd70b05428cf0f47be76c4889b1fd31537c06b9e258f27f63224629b,52,868,7,125,4/5,0
HWS-002-FIFO,7,60,FIFO,limo01,1784026668127627280,1784026813307172459,1784026813307174707,1784026813479013786,145179545179,2,-82.37,-2.45,0xbe48793c31ba519a8150eb38a73d4eb3b4e529f541f7cff512a9d868715bf7e4610408cbea821071fdd9f854674dff0adeb1939b,52,868,7,125,4/5,1
HWS-002-FIFO,7,61,FIFO,limo02,1784026671354753515,1784026907166513113,0,0,235811759598,8,-104.12,13.62,0x6c7e7bab0be44a064a00106a8d55ad482ec9b6ed94b065a45583d5357d4b6fa84cd467cc313664ed87f4ee239324fe6c96075688,52,868,7,125,4/5,0
HWS-002-FIFO,7,62,FIFO,limo02,1784026674456317030,1784026922359913360,0,0,247903596330,5,-91.36,6.26,0xea5f74e82c535299eeffae4ee37eec6f36e30b88a5f043fc9423e138b26fa5b642a3c809e002b2ff6efd4d40ed2b433e54223297,52,868,7,125,4/5,0
HWS-002-FIFO,7,63,FIFO,limo01,1784026680015873263,1784026772121346783,0,0,92105473520,3,-94.16,9.64,0xde80fd57689b9face588d05a78be88ef7150446253b01dbb5940c7922dc82a84268afe60fa109e8b91a0fa0d6773d4be560429ad,52,868,7,125,4/5,0
HWS-002-FIFO,7,64,FIFO,limo01,1784026680486550039,1784026775478582454,0,0,94992032415,1,-107.33,2.91,0xf9c9d8e1a4c415ca9734c6f43cf9111ceb2100fa5d65ac0df33523da104921f502c0e6881965a0136ca8321ed8861b0aa300c402,52,868,7,125,4/5,0
HWS-002-FIFO,7,65,FIFO,limo02,1784026684514527947,1784026873572536285,0,0,189058008338,5,-101.81,11.50,0x8a53ff62532657668124ecb24dbf3eb7bfc97754c51a42f45a22e375032626ad2813b573cb0441acb832c4054bd6fd6acb2063ed,52,868,7,125,4/5,0
HWS-002-FIFO,7,66,FIFO,limo01,1784026688408523172,1784026882713265698,0,0,194304742526,8,-109.69,13.82,0xc0d79d52b72ceadbdb6a5cef4c02a9f6099938dfb992322dfc3b308811bb8341d6f2b9ea47db13a890a45bd4f44d29835e271a81,52,868,7,125,4/5,0
HWS-002-FIFO,7,67,FIFO,limo01,1784026690839805637,1784026794321203457,0,0,103481397820,3,-95.82,1.55,0x6e11923ee762204021742dde9d027f2f4275f525e7443e2f9877e306196eb1a6951db48e9c890fd53c630c4db738ad0b7afdf724,52,868,7,125,4/5,0
HWS-002-FIFO,7,68,FIFO,limo02,1784026695605519101,1784027216546023327,0,0,520940504226,1,-82.79,10.27,0x94f6b8a1d6029bd0da7816f441181d216dcd5dc789f033f3c3b96f57a95516507544087192c379e6dc530c48db04245f85a38a43,52,868,7,125,4/5,0
HWS-002-FIFO,7,69,FIFO,limo02,1784026697952035728,1784026855230642622,0,0,157278606894,0,-92.33,9.69,0xef50c85b7349033a7210bc2b1f2cbd1d122b2cd0b1b872574f298c5c8ec3144669772c8599e9e3f29e8f2976f61e01886d0e9d89,52,868,7,125,4/5,0
HWS-002-FIFO,7,70,FIFO,limo01,1784026704254390788,1784026924222658609,0,0,219968267821,0,-81.21,-4.86,0x05d7aa2a74d3aec62dbee553fa01fc3fdd0dd63ca598a1c0d3c85f71dd3781a451674f373a54f695faec8aee0e5590b004c6d643,52,868,7,125,4/5,0
HWS-002-FIFO,7,71,FIFO,limo02,1784026706867376963,1784026784085838556,0,0,77218461593,10,-83.14,4.06,0x068ee5dc5a15a92349a60bc7be7203c282fd0a52cb2140ef4d4894a955ba5e57b94741a772c3405e273d6d422b850634ade356aa,52,868,7,125,4/5,0
HWS-002-FIFO,7,72,FIFO,limo01,1784026711327849499,1784026959662816624,0,0,248334967125,0,-83.05,13.03,0xe3a6ec4ac7443104817c8a7fa459b058b8bbd485e73476e36f20517b66086486b0e3bbfd68c7ca8785efdaae369ebf48fb06bfd3,52,868,7,125,4/5,0
HWS-002-FIFO,7,73,FIFO,limo02,1784026714559331786,1784026792426505370,0,0,77867173584,4,-82.32,9.24,0x6a312b23afa56c8dae0139bdff599e0f731ce0ed30d6390e327cca5c34e6eb786ce61ccb02f31f57bb81872015487aaa89306622,52,868,7,125,4/5,0
HWS-002-FIFO,7,74,FIFO,limo02,1784026715562512909,1784026917950614932,0,0,202388102023,0,-85.25,2.79,0x946c8f929b7b7173ee8900f77b4985b500583a382cce172ef03118a582e6ac10843ac3ab542f7bed685eea61aa40c5a2456c6c5e,52,868,7,125,4/5,0
HWS-002-FIFO,7,75,FIFO,limo01,1784026722126900336,1784026957931867277,0,0,235804966941,8,-107.87,10.34,0xeae0ba104152f565ba763a66f248656ea84509b28189387d4cc91e65a2d1ceadbe32d1d4f93caf48b0c19325fe9eb246502fc6fe,52,868,7,125,4/5,0
HWS-002-FIFO,7,76,FIFO,limo02,1784026724043386000,1784026937173695480,0,0,213130309480,6,-84.60,-2.44,0x2185079991a1d03042e27baf647d88e803abd05d869bd0861fcb6a802abb87504e35e8e9d274617729ad9509b70a1bb65aea4cb3,52,868,7,125,4/5,0
HWS-002-FIFO,7,77,FIFO,limo01,1784026727430091233,1784026808114649079,0,0,80684557846,7,-96.07,-3.96,0x37a6dcf372599e9a6f10bfef51de4d0178102d07c593b198d0f5abd9821dd32d27aefcca8dad9cc95814d354f1273bcd8f8ae93e,52,868,7,125,4/5,0
HWS-002-FIFO,7,78,FIFO,limo01,1784026730637435664,1784026823956614301,0,0,93319178637,8,-100.19,4.15,0xb4051055376be950b0fa962481cf0ef60e2b68aa9e708cda1fe880fe9fb3f80f3a88211aed9a35d2062db11c962625283782c953,52,868,7,125,4/5,0
HWS-002-FIFO,7,79,FIFO,limo01,1784026735649715469,1784027093490877649,0,0,357841162180,2,-97.13,-1.42,0xa144fff7686c7e9df5458b3a34ff5b7c4ebb08d45f11262ee45bc78f71b7f38f670759bcfc0087c96faf38afa40fb12ee3bde774,52,868,7,125,4/5,0
HWS-002-FIFO,7,80,FIFO,limo01,1784026739580490661,1784027137689310294,1784027137689313399,1784027137858630252,398108819633,4,-95.02,-0.89,0x3f66826a2a172f94a190f346e80f0fd30491a7b7bad33419ecf7bd7dca8583456b2b4303525f1b5e0b122f9faca3c543fa4e69bb,52,868,7,125,4/5,1
HWS-002-FIFO,7,81,FIFO,limo01,1784026742424171210,1784026926741131117,0,0,184316959907,2,-108.11,4.51,0xed11207156f8e6c10a6bd1865b887d3c4401b2610a1ac8210d7c838d1e3d460c272121608ab581e4053b0df9c29e7a17aab05f54,52,868,7,125,4/5,0
HWS-002-FIFO,7,82,FIFO,limo01,1784026744232136760,1784026973367022191,1784026973367024491,1784026973537462532,229134885431,5,-95.06,13.18,0xea1df3cc882f3903af824121be8bbde198c2b4e496ca8bad7cf83e046f2a840bb8a3bdfbd70737aceaa622cfef7fa032eee675e9,52,868,7,125,4/5,1
HWS-002-FIFO,7,83,FIFO,limo01,1784026747182260598,1784026896541158289,0,0,149358897691,0,-101.22,7.53,0x72442695f150c1e2a19ddee8630b470567ccffed295342ff43e4470d57866c81d0fd2920ee7f233d955e9cd7210eefc1b9682542,52,868,7,125,4/5,0
HWS-002-FIFO,7,84,FIFO,limo01,1784026750921023745,1784026930631247634,0,0,179710223889,8,-88.47,0.99,0x21274e6fdf784d74c3be7201bdc33a3b393eb86ec916072a145d64105522c600223e84fdd50b93e0d4dd369bb79e729241cca554,52,868,7,125,4/5,0
HWS-002-FIFO,7,85,FIFO,limo02,1784026755991360347,1784026949843647092,0,0,193852286745,4,-99.31,2.73,0x07049ca9478e601e1d0689525891803ee56f54eaf2ebfbfad1e768d9a3d063e522d982cdc94ee8fb4f14778bb13fc023538a0c2e,52,868,7,125,4/5,0
HWS-002-FIFO,7,86,FIFO,limo01,1784026760781660748,1784027024449911209,0,0,263668250461,4,-107.67,11.75,0x4705c977293daa5bd7c184e95386098c00a6fe18d93f6762492f602f5138d794363a86e51eb5028e46e7ee5912962d696346c5ae,52,868,7,125,4/5,0
HWS-002-FIFO,7,87,FIFO,limo01,1784026764105607628,1784026919880321582,0,0,155774713954,1,-93.52,-3.77,0x7b0926397090b51f4e4a40ff7c0da17a48074d05e30c33e3dd96a884ba1b64ad71ee987232f39cc7cdea21cfd333cce448d8466c,52,868,7,125,4/5,0
HWS-002-FIFO,7,88,FIFO,limo02,1784026764428195410,1784027082000643500,0,0,317572448090,9,-106.89,7.50,0x9155f88a160d51392814386121d2a357cac86bd627b1d2c77c4de5319640fa1acdb5e183255f29d83e06b5d78eeda7e628e09c97,52,868,7,125,4/5,0
HWS-002-FIFO,7,89,FIFO,limo02,1784026769955804190,1784026961013558881,0,0,191057754691,1,-85.28,6.55,0x64c4362132ca869eb7ded58c74a3f2eef9289ecd9914b29be2a9cba47992910ae16e77061eea18ee28580ffe41bce6f610296fd9,52,868,7,125,4/5,0
HWS-002-FIFO,7,90,FIFO,limo02,1784026771691621004,1784026937549479691,0,0,165857858687,3,-101.06,-1.81,0x6f8242406a304c60c5b1ea9716834e2cd6964c5a7c51b7828f02c6b89d1e9f71b7613f4513f77ce96a9afd20c2427e3679b29862,52,868,7,125,4/5,0
HWS-002-FIFO,7,91,FIFO,limo02,1784026775633662308,1784026941309684102,0,0,165676021794,9,-106.63,11.37,0xfd4a27b10bcf646a9198334883cb97f963e7c7f08977b5e660a933b6b1ed4affa69ff64d60222ba9cef042c7439ee33e0a32b99e,52,868,7,125,4/5,0
HWS-002-FIFO,7,92,FIFO,limo02,1784026778846972977,1784027032789065216,0,0,253942092239,6,-98.10,-2.35,0xaccd8ad7b6b8b084035c63e2b44c941ded3edb971419ce65f718eafa51e49116f809a7a0d839ecac75ff4199da6009b9616e8ff5,52,868,7,125,4/5,0
HWS-002-FIFO,7,93,FIFO,limo02,1784026785216865663,1784026877151802321,0,0,91934936658,1,-98.97,2.82,0x967c337fe08d0437d0b5d9a390bf6eb55d8c988a397bd32adc1130f0d5c7afebd5e35d3218e73c5c252cfcb6f88bf4b81ab99af0,52,868,7,125,4/5,0
HWS-002-FIFO,7,94,FIFO,limo01,1784026787833967069,1784026892618703532,1784026892618708244,1784026892788289868,104784736463,4,-91.74,0.98,0x6bcc29ed3815f4e3d1fd1c9067767da3b0774e2dd883362b094ab818e096f5f2afb5cf7770016fc56facd4d6f298e8accd1cd142,52,868,7,125,4/5,1
HWS-002-FIFO,7,95,FIFO,limo01,1784026790576481033,1784026970969739751,0,0,180393258718,8,-107.29,8.12,0xf0d6a0f5a51bc2d9bd231eae741835c3ed0ca63875dd4da1fc0109adbc3ec013e998a00c02ad593f12961984e6a3ace9c7f682cb,52,868,7,125,4/5,0
HWS-002-FIFO,7,96,FIFO,limo01,1784026795069053842,1784026952727824828,1784026952727829040,1784026952894377350,157658770986,4,-105.50,-0.13,0xf843de17e65c80e970b328466301e383a443150e42c987cf2c31dd8115aa6b1a06b006896ca45d1afbeb26646d6a2d1ac38d8a5a,52,868,7,125,4/5,1
HWS-002-FIFO,7,97,FIFO,limo02,1784026796481951203,1784027033042446777,0,0,236560495574,8,-102.30,-2.73,0xcb7b6b1da5acf122d480bd7d1fa9971cf04bb7a9fd15147b59f3ea14c027af4c41343b7ec03f52ca06e17c3fb6055946157217f0,52,868,7,125,4/5,0
HWS-002-FIFO,7,98,FIFO,limo02,1784026800281732179,1784026926354088581,0,0,126072356402,0,-81.53,1.88,0x806492e53573fbb0946926966fdfc2f3a35561efc00d44aec3e34edaea76f9d780b417d2ec7db2305c8e90bf28111bdbc8691386,52,868,7,125,4/5,0
HWS-002-FIFO,7,99,FIFO,limo02,1784026803129037476,1784026936990157890,0,0,133861120414,3,-103.71,-4.05,0xd55d517e8eaf5a5786b37180e8a25ee992683bb0e2d7e286bab611a0afcabdd29dcba175073cbf6f257795450effe65dc97bfa1f,52,868,7,125,4/5,0
HWS-002-FIFO,7,100,FIFO,limo01,1784026809241256365,1784027013178736091,0,0,203937479726,10,-97.05,14.37,0xe268c3994005e00cf7ae5fa8ecf8da34ebb317892c8976b7077ac2e2bfbd23fa963f1de15a6696990d6d2bbef095367ba2612e4d,52,868,7,125,4/5,0
HWS-002-FIFO,7,101,FIFO,limo02,1784026812320484489,1784026913547095881,0,0,101226611392,10,-97.07,13.00,0x3410a35d90159d3870672c038483cf34986fb040ea2577047f0b91d462cb166c6482b9fcffa8ce5ee77f33956711a23773b86038,52,868,7,125,4/5,0
HWS-002-FIFO,7,102,FIFO,limo02,1784026814803879432,1784026958344828392,0,0,143540948960,8,-84.72,1.85,0x9ce9ab049c9fccb7603de3fe16cee2f04695c41e916eae5138271b3098d003e1520f09df5073a78eb88ce7ce73268f3b1919650a,52,868,7,125,4/5,0
HWS-002-FIFO,7,103,FIFO,limo02,1784026817953908031,1784026923573512652,0,0,105619604621,3,-86.67,2.78,0x44d054ecc70a185dd48d23aa5c92dfe2d618f58d7812084548b7b44ffbb80178d4e17cf379a1df753a201a1ff6f86e70c4a134c4,52,868,7,125,4/5,0
HWS-002-FIFO,7,104,FIFO,limo01,1784026820296569706,1784027033518170673,0,0,213221600967,6,-101.93,-2.18,0xbc0bd567664a64dd09c1d8e87c184a789f06056b45dc4ad63b372fdde93ff13e0f04bc39c2b1f86027d720dbefb350541c33df7f,52,868,7,125,4/5,0
HWS-002-FIFO,7,105,FIFO,limo01,1784026826519779919,1784026958585640079,0,0,132065860160,9,-95.20,11.49,0x012cee784cf36a262343776f90b27f3e6565e4be0cd388e120a1bef2615d3887d6aef1e538240c58f03913b519323169012f84fe,52,868,7,125,4/5,0
HWS-002-FIFO,7,106,FIFO,limo01,1784026828134315835,1784026952565925194,0,0,124431609359,7,-93.02,10.63,0x4ab1d6ef881305c69d49e226a08bbc1822a29bf073c4a52333ce973aefd168cba8465b275cbc72a7013864167531afe100dc5550,52,868,7,125,4/5,0
HWS-002-FIFO,7,107,FIFO,limo02,1784026834336087377,1784026916537812313,0,0,82201724936,0,-95.70,1.53,0x9426560f815cf11fc7d2ba9ea1799a1e400306b0078fad6e2f06a4c99940a4c20a0f2e3ba97606ec59b1c484994c49544d2d6ec1,52,868,7,125,4/5,0
HWS-002-FIFO,7,108,FIFO,limo02,1784026835005124669,1784026956853920913,0,0,121848796244,8,-92.53,6.51,0x74a1244b691d618857ee4cfea973ea6a59475e49e69dae5e20c150616fac7a4ece7f4f3398a455af8c3a3b00763257baa30186e0,52,868,7,125,4/5,0
HWS-002-FIFO,7,109,FIFO,limo01,1784026837993405970,1784027017221861928,0,0,179228455958,4,-109.62,6.97,0x3dfba6889d672399958eb18643eaef84d392056d38565ab45ebc11b22d2660d27a697ad5decc6e17f0c9bc5f24cec5798a02e571,52,868,7,125,4/5,0
HWS-002-FIFO,7,110,FIFO,limo02,1784026844727553419,1784026918549566090,0,0,73822012671,9,-88.88,6.81,0x55e59964aa3a8870cbd98f7f8e158f398da4069d30b7d5ee8a31f61e42c67033c16f1055bd2021f2295997c13dd367337a51dcc4,52,868,7,125,4/5,0
HWS-002-FIFO,7,111,FIFO,limo02,1784026845656992651,1784027080356731966,0,0,234699739315,4,-101.62,12.81,0xa2f7f3afc925d71a9ac5b02f49e44c30aaf1882bce79cefed59a4b5ca2ef4c52672ce0a3880e97c1c57ee624d99ae88921c48412,52,868,7,125,4/5,0
HWS-002-FIFO,7,112,FIFO,limo02,1784026848484980604,1784027033809434125,0,0,185324453521,0,-90.80,7.27,0xf96635edb5e320aaf26037105f0a6cdcfb666304db296895d3eab5fb36d35ce7834ed3399bdf0ada22c2534f6ee4f337d774f0ae,52,868,7,125,4/5,0
HWS-002-FIFO,7,113,FIFO,limo01,1784026853935687503,1784026974167490550,0,0,120231803047,6,-102.12,-0.13,0xe17dfaf7a686cbda8d99038f5909c0e94d710257f4c635b59b3bfb04369974763adb3adcd5b33607df57fafa6f6b8cb06c672467,52,868,7,125,4/5,0
HWS-002-FIFO,7,114,FIFO,limo01,1784026858113813587,1784027063402606825,0,0,205288793238,10,-109.64,4.48,0x77a3a46ec197c2908c887d00b9c3d5ae36e6ee3217839e372e1952383ae44c247017500ddb1e8c510d39b9667a0869b0e8f22925,52,868,7,125,4/5,0
HWS-002-FIFO,7,115,FIFO,limo02,1784026860954773804,1784027110889096796,0,0,249934322992,8,-107.08,5.09,0x044af93b05f72fb8196c3dcec4e457e6a170aeb280bd420389c6617d791d299ce9dd5ca7fff798d1e3caa0d4a317750305d4c4ab,52,868,7,125,4/5,0
HWS-002-FIFO,7,116,FIFO,limo01,1784026864674212430,1784027067527813391,0,0,202853600961,4,-87.34,2.48,0x66e319b0918a24818e1d2fbaeffd43d19a592e8654c356ad93f96f6af686d90dcd48961ef94457566ce83be392f3a4a61d233701,52,868,7,125,4/5,0
HWS-002-FIFO,7,117,FIFO,limo01,1784026868513725138,1784026995023325257,0,0,126509600119,1,-106.32,10.21,0x546f97ebd7b690a646ebbf8365df109ebf588c15ae253ef002d7240a9439d0dd249ae05495172d0580cd00273de13ad07bbf0cac,52,868,7,125,4/5,0
HWS-002-FIFO,7,118,FIFO,limo02,1784026870572957019,1784026926439431316,0,0,55866474297,2,-89.34,-4.32,0x46cb907042e6f55edf680fa502334abcc71a03fd201a5a82227e622d86b9dcd67577cb74e7d8e533f0bd39d86feca4b5d2890b31,52,868,7,125,4/5,0
HWS-002-FIFO,7,119,FIFO,limo01,1784026874207195959,1784027096534889654,0,0,222327693695,8,-95.42,12.45,0x12db20a0c0407fc352020716b0fbeee99373c21ef30303dcd4e908ad991d5a10ec43f604dd84105762c019c8de90443c8d522e31,52,868,7,125,4/5,0
HWS-002-FIFO,7,120,FIFO,limo02,1784026879321934593,1784026940898740781,0,0,61576806188,1,-103.15,0.21,0x2e21134f0e1a0fa3920973d9882ca0f6f4634ba975dbc0ad3e16375a21a970db9e498641366064a0b44c2ecfba775c73332a7c3a,52,868,7,125,4/5,0
HWS-002-FIFO,7,121,FIFO,limo02,1784026879994081798,1784027081366989693,0,0,201372907895,8,-81.92,14.02,0x59cfb8e62d6bae0124dc15aa335cdcb6cb460cccdbcb4153fffb9949d85d0722d18d0f180899f31926de82d12486d03019483080,52,868,7,125,4/5,0
HWS-002-FIFO,7,122,FIFO,limo01,1784026883964636283,1784027035933073005,0,0,151968436722,5,-106.03,-4.83,0x899293e2f3d7999b2b147aecf4c08ecf0114aaed4d9d2d96cb852e8c081d888fd8dc8eefc8225307c488224f705fcfd63acd1513,52,868,7,125,4/5,0
HWS-002-FIFO,7,123,FIFO,limo01,1784026888987701741,1784027083132934772,0,0,194145233031,0,-93.73,8.16,0xf5c6d2996f8b12e4ffa1dd2a81befd43ca15e535c1fb8266d58d78e2bea79e63ffe1251fb9b510281674e245136989650d6272c8,52,868,7,125,4/5,0
HWS-002-FIFO,7,124,FIFO,limo02,1784026893534470302,1784027124831203717,0,0,231296733415,2,-87.20,12.01,0x917ba8ddfeb9007239ac1f1d22e6b14b513ff1c562166f2770283b724699204e1ced5e0b66e977a33f1a7c67f53fd76e721a0f77,52,868,7,125,4/5,0
HWS-002-FIFO,7,125,FIFO,limo02,1784026896206458527,1784027135407267889,0,0,239200809362,2,-89.97,-1.75,0x40ea15a9ce7ded44cac82aa70d169348976ad70dcfbc76bb21951711d5c6639b958eea109cdee1b59c97025c4681f4e324f452c6,52,868,7,125,4/5,0
HWS-002-FIFO,7,126,FIFO,limo01,1784026899581654969,1784027124577117648,0,0,224995462679,9,-80.75,5.35,0x0a74a96ee27830340ebf8c7bfeeb86b1bcce039590b32fdfb4d8af26ce087bc6f9d6727f04eb60a7648c556365429f5a190cd323,52,868,7,125,4/5,0
HWS-002-FIFO,7,127,FIFO,limo02,1784026901794330265,1784027056064058365,0,0,154269728100,10,-85.82,1.17,0xaeab1afa9b615da977a5824ca15c90251275a49acb42e568dbbd9aae1ea8803d5b6610c38f61e720ba05f7135e8a08968473565b,52,868,7,125,4/5,0
HWS-002-FIFO,7,128,FIFO,limo01,1784026905196594451,1784027275739873988,0,0,370543279537,2,-80.60,7.22,0x835fcad39d737ee042fdf350d782839bdae2beb800360850e9ee6067fed2e66acc226642c0e48d84273a5904c4902239e2b7c404,52,868,7,125,4/5,0
HWS-002-FIFO,7,129,FIFO,limo01,1784026909580026818,1784027078196853301,0,0,168616826483,4,-88.29,11.19,0x7cc467bb0482ad7511437c38562e7f28a623339933b23b0550f525fa0c5ffaffa3fd8df7f3785ea0e5c289cd3e855f8b910f2ad4,52,868,7,125,4/5,0
HWS-002-FIFO,7,130,FIFO,limo02,1784026913045418903,1784027326114495732,0,0,413069076829,7,-91.39,12.67,0x534937e2515a4bcc5b7506fcc8ae33fb347044ab8180f88505d40f4bd8f1395a8726831246c412720391daf32c980f59ff4085e2,52,868,7,125,4/5,0
HWS-002-FIFO,7,131,FIFO,limo02,1784026918107527756,1784027072638185507,0,0,154530657751,5,-104.27,-3.26,0xb83237813c89f1395f8dc60c0fef50290e068c1fc10031402d795bb6b7dbbe864d85c83a66454dd11182e14cd6ccf798f798bc67,52,868,7,125,4/5,0
HWS-002-FIFO,7,132,FIFO,limo01,1784026919482266467,1784027243880581607,0,0,324398315140,1,-98.03,1.69,0x611dfac3a49db07f4e0d188ed96e7e65a60323ccd22a4f326f5f9fb35c6298bbefdb6eeb5ece72b90804563ec664daeb5527d693,52,868,7,125,4/5,0
HWS-002-FIFO,7,133,FIFO,limo01,1784026925380729297,1784027070194704689,0,0,144813975392,6,-87.36,1.61,0x48e6caf450c14829fd919b6ad7c12a5d931074b23ec4e401a48c2c32b25e221f15abfe75622d157fa66d29bbc8c295bd1c7e71c5,52,868,7,125,4/5,0
HWS-002-FIFO,7,134,FIFO,limo02,1784026926530728182,1784027060965362718,0,0,134434634536,7,-88.14,11.86,0xa3911f9d7278b29f517d25741ad16fc55967f10f1e7ac0cbe05cbbd7671744cc15726f36302c7937c481f34dd0d78bdf7d3915ff,52,868,7,125,4/5,0
HWS-002-FIFO,7,135,FIFO,limo01,1784026931488571369,1784027067787765838,0,0,136299194469,7,-87.64,9.24,0x8f74058f1444d8267bb97884b97f49feefe81512a3eb4af064dfea23f3dcca9d975804cbcec9509f9ca19c5a852b656a989d7075,52,868,7,125,4/5,0
HWS-002-FIFO,7,136,FIFO,limo02,1784026936245205090,1784027051062002604,0,0,114816797514,2,-84.16,10.00,0x5ebb32073b6365db536392e5b112a922ca4d3625419e05e9a263a0b686d80f677d8513537ffdb9f91f37bc314c9c5ee6e1bf53e9,52,868,7,125,4/5,0
HWS-002-FIFO,7,137,FIFO,limo01,1784026937370289457,1784027199365270199,0,0,261994980742,4,-108.94,6.03,0x2ed853679f6b5763a4c093efa7911697603b404c3c4e7d2d268e0a7bbf44d66849c54cb65210dddc563a7f613caecf6d95d45aba,52,868,7,125,4/5,0
HWS-002-FIFO,7,138,FIFO,limo01,1784026940259728876,1784027093758027798,1784027093758029952,1784027093930414577,153498298922,2,-93.71,-1.66,0xa6498434c0dc571d365ca886ced85d674c0fec5a282832bc382daee802d6364b7e71007a04f0c4aa6a52f8e8a2641d6f6c953789,52,868,7,125,4/5,1
HWS-002-FIFO,7,139,FIFO,limo02,1784026944218899294,1784027100489754884,0,0,156270855590,6,-104.34,8.17,0x21a4fe8b1df7b810c2ae84be8f3c1f3e6d1c06a0a5c9d847010e51e17aafc075553583eac139dcd85949ba61252db2ebd9ef7bb5,52,868,7,125,4/5,0
HWS-002-FIFO,7,140,FIFO,limo02,1784026949081620202,1784027466671438646,0,0,517589818444,9,-81.61,5.81,0x6e740d27098915a61e136e0d7928f40efa7a57c64fec8737ea6d72600aad8278872db9539e07d39b8453a772e007b538db2996f4,52,868,7,125,4/5,0
HWS-002-FIFO,7,141,FIFO,limo01,1784026950517427144,1784027080251515695,0,0,129734088551,0,-89.26,9.12,0x0438b61891eb70d008861377b7119569877a0b5e49a1223f1b4c5b269ce071c55c74dbe0f00ca5ecc2ae8426b79c496743b58283,52,868,7,125,4/5,0
HWS-002-FIFO,7,142,FIFO,limo01,1784026956220720522,1784027165687732541,0,0,209467012019,8,-107.75,11.48,0xe861c0887ec26d449d59ce11c6c7ab66bb145502dbd92768ac3d3b8aecfa54bf29002f517190fccc003beddaf3390bca2600e812,52,868,7,125,4/5,0
HWS-002-FIFO,7,143,FIFO,limo02,1784026958635782468,1784027265503326993,0,0,306867544525,2,-103.51,0.45,0xc91d797738b92a8ee1cb8636e1cf0633326e9dfdaf78890b9ac7ac17e96afeba506765c38191406cc58a5b1977a7a417b682e4e9,52,868,7,125,4/5,0
HWS-002-FIFO,7,144,FIFO,limo02,1784026963170519268,1784027053209250746,0,0,90038731478,2,-93.59,10.61,0xe99a0bfa6a79449d3be4fe8f8a6605283c94e626793cdd507064cc435291f35d9fc069e613905a1f95bf1cb1d95e3332af8c9693,52,868,7,125,4/5,0
HWS-002-FIFO,7,145,FIFO,limo02,1784026967944878983,1784027055097837890,0,0,87152958907,5,-98.44,9.99,0xadd9a277a59b994e57201a21e0eca6707e3a2a314dd10d2e140fa2a88e3d4a61a097cc1a73b1d95e4159a18b483c32bd49957acf,52,868,7,125,4/5,0
HWS-002-FIFO,7,146,FIFO,limo02,1784026969127939234,1784027086694256284,0,0,117566317050,9,-95.59,13.21,0xb94bc74d64e4cafe6ee2f28d405135df493ae1aed935d8d9a67c809cfa5334337ebf78f1e6d13e6b89180d53ae60c3b5a89d3ca4,52,868,7,125,4/5,0
HWS-002-FIFO,7,147,FIFO,limo01,1784026972943673814,1784027070377281424,0,0,97433607610,6,-102.74,8.14,0x79c100a598a0f9bafb805a1d6d39086363007ff4e2173d8c0f2d2aa29762c4231866608249ef11b47190f32b71fac4f7e1347842,52,868,7,125,4/5,0
HWS-002-FIFO,7,148,FIFO,limo01,1784026978607198349,1784027059175146476,0,0,80567948127,9,-81.00,-4.66,0x86faf32d4c77de130bd1c0ed83e8e361d415c025c904d5638536efcb955e67840e7ef48ebc1a9b147d307f494a0a23a656915ccc,52,868,7,125,4/5,0
HWS-002-FIFO,7,149,FIFO,limo02,1784026980802483838,1784027116021764919,0,0,135219281081,7,-99.40,-3.50,0x6de96a2b2942c3a2c49f3c1f3c53f5141d9c71feecd476419857c056a9d59fc9539d5a56936dcfb752285d47699b0073a0fb372c,52,868,7,125,4/5,0
HWS-002-FIFO,7,150,FIFO,limo01,1784026985188017364,1784027058646845814,0,0,73458828450,2,-109.09,6.63,0xada7426d52273e738400f7755f69f8b5be38b0c16b15c7b4b737ece1551ee1d83818229bac28d7b8309ba2b1c7faca18dc0cf93d,52,868,7,125,4/5,0
HWS-002-FIFO,7,151,FIFO,limo02,1784026988240375850,1784027157474163904,0,0,169233788054,6,-108.44,5.53,0xdbb1f447b166cc2aaef736a7ea3709ec5f147fd822e9c26335a356b7a95d1de115af260767562ad4e92ffac0aad3cecb28817d73,52,868,7,125,4/5,0
HWS-002-FIFO,7,152,FIFO,limo01,1784026992137680551,1784027259779565366,0,0,267641884815,7,-105.16,5.16,0xc510bb0751c8e7535f05e9da720f21ad76da6bffe2a220ebd81560ee26895eb5dd3479c25d96b124167dde4a1b64c938b149d677,52,868,7,125,4/5,0
HWS-002-FIFO,7,153,FIFO,limo01,1784026995258529580,1784027072921501676,0,0,77662972096,5,-80.08,7.44,0x2a0a7478adbeedf09b17b32e9e47745301976074aa97559cabd4b9976e1548a07046168fd3d868ff5881adfa5019bb496abef5f3,52,868,7,125,4/5,0
HWS-002-FIFO,7,154,FIFO,limo01,1784026996228070814,1784027161397655506,0,0,165169584692,7,-96.53,3.59,0x813511e940e26d9e79ae2176e9f453111e73ae7616678afc08b45a952f814090e0b5bc8837b4eb537a73649482c5c6728da3db0e,52,868,7,125,4/5,0
HWS-002-FIFO,7,155,FIFO,limo01,1784027001092663959,1784027090110347392,1784027090110351892,1784027090281950706,89017683433,8,-85.48,-1.45,0x25cf7df792f814a45027c797b74545173851e49cabb117954c5465f6026749c7ee0b1d123ea106f8741b466aa546cae62bf966d6,52,868,7,125,4/5,1
HWS-002-FIFO,7,156,FIFO,limo01,1784027006509709507,1784027574047350502,1784027574047355380,1784027574214577453,567537640995,6,-87.27,-3.96,0x009f86cb874b454fe44fc2d9d5ec4c87215382c34da16add4f01b2235f85dce0f60ba60ce91473739fd6c7df82cf015d26d97247,52,868,7,125,4/5,1
HWS-002-FIFO,7,157,FIFO,limo01,1784027008544274647,1784027196542541197,0,0,187998266550,0,-106.30,10.10,0xd2eb0d69f27b359e185112d9ed8f5aede33ab206368f623265d154ab654fa158ece98c345251c752eacaf61c070a7ecfe6cdc5d7,52,868,7,125,4/5,0
HWS-002-FIFO,7,158,FIFO,limo02,1784027012373583850,1784027389496994348,0,0,377123410498,9,-108.75,13.82,0xe0a795bbc16afc90072a50ffcd1a94c69ce63243c7aa23e699f17eea0b0884004d9d21196e4538232d18ecf16ee17ed5799b90f9,52,868,7,125,4/5,0
HWS-002-FIFO,7,159,FIFO,limo02,1784027014070191494,1784027088401981546,0,0,74331790052,4,-82.13,-0.97,0x7404b90444c29a72aafe8420d41d3e61c34222999d9535cfaf02be3925762b12b185a7c61447caec42068af3deaeac5ad70736f6,52,868,7,125,4/5,0
HWS-002-FIFO,7,160,FIFO,limo01,1784027017486748392,1784027345973036332,0,0,328486287940,0,-88.05,3.82,0x53bfb17dc33295696a8b059054f7ea3d23965d46b93c24e03170b2e99e4701eabafd60293d6e7921d1535f9efa0e7c1cea7ee615,52,868,7,125,4/5,0
HWS-002-FIFO,7,161,FIFO,limo02,1784027024436475930,1784027176694394535,0,0,152257918605,8,-86.93,11.30,0x76851bd2ad9948210a36c17d8d39907150e45647f3ae24c926516e088435b2a9a4bfc32fa310d8e89f4f50895113b8919debb1bc,52,868,7,125,4/5,0
HWS-002-FIFO,7,162,FIFO,limo02,1784027027722161254,1784027254215577372,0,0,226493416118,10,-92.51,11.91,0x28add0048abe2b562dc005357e50d35df6c95da1ddc310ce35c2baa51caf0957000af153ef990c2fb5651028575d84a3aee241fd,52,868,7,125,4/5,0
HWS-002-FIFO,7,163,FIFO,limo01,1784027029480687630,1784027188871991654,1784027188871994849,1784027189045880147,159391304024,8,-106.11,4.17,0x0b17db3934dc2a1fe12df0b9d1e81ceaa3144fae645795eff0bfe18222dc3c081dc23d48a980ebbef0d17fbb1919f7a1bc69e15f,52,868,7,125,4/5,1
HWS-002-FIFO,7,164,FIFO,limo01,1784027032889556821,1784027222633329957,0,0,189743773136,6,-86.43,11.28,0x52bedab08c50c6967c7f6483de0183aa241d2ca8d538c7e84e5d967ce32bf8a33f3bab37afb7413b8a81c50156c0905c6d214c24,52,868,7,125,4/5,0
HWS-002-FIFO,7,165,FIFO,limo02,1784027035645312183,1784027134451008013,0,0,98805695830,4,-80.32,4.18,0xc6b9424697b13a084e2f42464b5a49fc6a04d6ca4c93d0effa7b9e6cb8fc20d00f544958439a6206695794199b183654c411004a,52,868,7,125,4/5,0
HWS-002-FIFO,7,166,FIFO,limo02,1784027040114671739,1784027277194953443,0,0,237080281704,2,-86.20,8.68,0xafb3b8e65272605741e5fbb36a06aa053321944d51aec0c37380ac6a2a79fd27de4baab9959f4dff79e7eb68d80f414fb44c1e37,52,868,7,125,4/5,0
HWS-002-FIFO,7,167,FIFO,limo02,1784027045028726603,1784027224186758244,0,0,179158031641,3,-98.30,-1.96,0xdb2e8265148036fd8e4dd74fb76dda52d7cb992a7b40a8400ab6c794647764048ae410e12f02a6f27a7bd154fbac724b08175e48,52,868,7,125,4/5,0
HWS-002-FIFO,7,168,FIFO,limo02,1784027045629734695,1784027115788749555,0,0,70159014860,3,-89.17,10.07,0x27128f0e12e703c90da49034e1daaa00f54c7f3435e4ee48dce11af91d1072c25766d6fc85b17deda15bdcc6413c9e9e56d8df6d,52,868,7,125,4/5,0
HWS-002-FIFO,7,169,FIFO,limo02,1784027051877448706,1784027171215842609,0,0,119338393903,6,-80.86,5.76,0x4e1a1ba314e388636376bc060e632dd1ad1653d6a49714956f387650a7abfcf6a10dea989172af3e45df67eb4dd14fe048b9b081,52,868,7,125,4/5,0
HWS-002-FIFO,7,170,FIFO,limo01,1784027053459563575,1784027153954024690,0,0,100494461115,7,-104.01,5.08,0x1b0c14c5c8f0330e1fa65f367adfcdadd6e187db930e7bdeab7aca78fa87cd5c56d3f6ab5cb56659bb5aff9be208c19a57973525,52,868,7,125,4/5,0
HWS-002-FIFO,7,171,FIFO,limo01,1784027059226536492,1784027175088167004,0,0,115861630512,10,-102.01,8.01,0xa9d8fba0a17ad8ed8ab51acd1a9c043b0c9e5b3773598ba0251f4dfa274d0ae49e103d3df23f838a160f75bb3b1e2a1b3da95f70,52,868,7,125,4/5,0
HWS-002-FIFO,7,172,FIFO,limo01,1784027062887991660,1784027252799833618,0,0,189911841958,5,-107.57,11.89,0xda2141c27b2f538ae19ebd63b5dfba20323096b4f572a19077c98c9eefa44b14582a74c9f3cb850206f7a417c9044985651b3894,52,868,7,125,4/5,0
HWS-002-FIFO,7,173,FIFO,limo02,1784027063810862547,1784027566834095054,0,0,503023232507,10,-105.75,4.83,0x323d7920ab921bf7e87900940923b1c0a511a5e262f9e8b99ea42531017dc6cfa2c0a623b1c86c6faae3a30a936fab38f1ab2229,52,868,7,125,4/5,0
HWS-002-FIFO,7,174,FIFO,limo01,1784027068287738187,1784027228959997387,0,0,160672259200,7,-82.80,-1.72,0xed36e31d8c313ed2073a5d5b4508f797024456af9bcd08d030821d1c7fb18b086b5bdced7e3a1fe5b29615393941e6d5a37cfe51,52,868,7,125,4/5,0
HWS-002-FIFO,7,175,FIFO,limo02,1784027071851559355,1784027311502697340,0,0,239651137985,9,-87.71,-2.21,0xad8c8fe38c7fca75c7dbbd95c5d4efae73fe1d4d4a24b97f2e282c6b79025bddfaa56d8c8dd8e7669c47cb9f075e33f339bd8df6,52,868,7,125,4/5,0
HWS-002-FIFO,7,176,FIFO,limo01,1784027073286423121,1784027256110968088,0,0,182824544967,8,-104.96,1.48,0x85b6afca0d6dc272ddf0ef13893bc85106f15eb8f53002a7757d54f66fb2368ba36398f6d594514dc685b9c14655a7bfa105089e,52,868,7,125,4/5,0
HWS-002-FIFO,7,177,FIFO,limo01,1784027077512675838,1784027195931990578,0,0,118419314740,1,-101.77,-1.57,0xb6e5833a719cf49f260b0f479bfe861ce08796e0712c5ee7027b0f1492c40b0d37bb37f39c61e7582cdfe7fc411943fd8dde690c,52,868,7,125,4/5,0
HWS-002-FIFO,7,178,FIFO,limo01,1784027082982860849,1784027194036531780,0,0,111053670931,7,-83.93,7.79,0xe96c479ce307f96e3664f54e39bb9c3dbcfea727121068b069608827f412471a91c9b7548eda09b790b9d59ee6c4b9a28b6095af,52,868,7,125,4/5,0
HWS-002-FIFO,7,179,FIFO,limo01,1784027085826761492,1784027258519198109,0,0,172692436617,0,-109.16,-1.47,0x5d21ef999099bfa0e0de19f37cb4828865b7466005fa6434c8c0b8e6b5f769dc461ae7001e2af19dd7edf81f4cecc0d5de65b255,52,868,7,125,4/5,0
HWS-002-FIFO,7,180,FIFO,limo02,1784027087921456978,1784027187616933599,0,0,99695476621,8,-88.81,9.28,0x9fc0e0ea67e28ca92e5b8f1c189ac055e5537ab9e91e85dd053150026b2a470575ba3337d8b488c7ae401b1c60afb77320d88a48,52,868,7,125,4/5,0
HWS-002-FIFO,7,181,FIFO,limo01,1784027094067236733,1784027284054922797,0,0,189987686064,7,-107.25,11.27,0x828cf1d1b6f34227877a5ead869fac3f9a9b323dd6df7c92f372a242b4cf951c186a181b517a8cba48057682d0113ba0580a79e8,52,868,7,125,4/5,0
HWS-002-FIFO,7,182,FIFO,limo01,1784027097258285830,1784027448844371777,0,0,351586085947,8,-99.60,3.63,0x2537b5b8de9e26d968295268e931535aeb70aa068b32e9b0318bc749122b0d1eb4e75ecaf485150d11f055feefd7d2884ed9f378,52,868,7,125,4/5,0
HWS-002-FIFO,7,183,FIFO,limo02,1784027101535433288,1784027198432341554,0,0,96896908266,1,-81.13,4.55,0xec330f686aa631acd24c415f114dcf6215d8c09ba9d94f5331b864adb56539f79231cb6fd4bddf652a97ba859354f9ebd2c89637,52,868,7,125,4/5,0
HWS-002-FIFO,7,184,FIFO,limo02,1784027105210577938,1784027227874017362,0,0,122663439424,7,-84.61,10.06,0x1a5bd1bbec6230f1856dea4abc065a37af899b07f40e75e854509adf700c72042bd57ec5e4344df902078db862619604070e1373,52,868,7,125,4/5,0
HWS-002-FIFO,7,185,FIFO,limo01,1784027106042842461,1784027228113899642,0,0,122071057181,0,-88.80,-3.53,0x5a82b403811385c3410ca12e03779343309843f363673e1f63a88e449cd81091bc45203edf2ad7e081e73ec1721852e6ac098215,52,868,7,125,4/5,0
HWS-002-FIFO,7,186,FIFO,limo02,1784027111179042246,1784027210309219382,0,0,99130177136,0,-89.54,6.63,0xe43159372f925b5f57a5700bdf7d11e481a47bd7817a0c6de1ff54339f230139d8ee1e224332c068a764f4f025bb5095dfda7b4a,52,868,7,125,4/5,0
HWS-002-FIFO,7,187,FIFO,limo02,1784027114373519999,1784027243054347363,0,0,128680827364,0,-84.83,14.82,0xd72dab2f73c8281785f586a30c4cb0c123a7ce1420c405137b47dfa2166d2a0793aa8d865e6c32f009bde680100ab8795f8cd55d,52,868,7,125,4/5,0
HWS-002-FIFO,7,188,FIFO,limo02,1784027118004305926,1784027196314690345,0,0,78310384419,3,-82.83,0.56,0x89c086505b7ed3aeb70f4f29639443283e3b82baae6529e6da91016dc950e910c619f4c84ec9dd1ed676771c626e0f35da54f17c,52,868,7,125,4/5,0
HWS-002-FIFO,7,189,FIFO,limo01,1784027122391846355,1784027225378648719,0,0,102986802364,7,-102.16,-4.43,0x0d901549c8d85be6086693399e437fc97119f7da48c47b4b6e4de56d144aac1023c94bd2602a1479d5bfb3d51d0f5650e2157771,52,868,7,125,4/5,0
HWS-002-FIFO,7,190,FIFO,limo02,1784027123710096009,1784027360075345559,0,0,236365249550,3,-105.66,1.33,0x25315b3a467a137e6b825e50a8899cd4d2ccad99bee66bafcc3f2c297654d1593077bf7e1634545e4b41dad5ea7e7d3e38f8fc4f,52,868,7,125,4/5,0
HWS-002-FIFO,7,191,FIFO,limo01,1784027128098954386,1784027341429826107,0,0,213330871721,4,-96.46,8.96,0x046f80bb0d1aaffd0aa245d8e8fef189133dc89a8dfb322b381d3e25935d0e197ab0cf1f998301c9ffaae551d8d34e2421afc873,52,868,7,125,4/5,0
HWS-002-FIFO,7,192,FIFO,limo01,1784027131528192425,1784027272538891685,0,0,141010699260,7,-102.14,11.57,0x0456d48d14a1ec6b8d6c512067f763d0510c55dbbc27fe78d2d42295cecfb15331b8fa7c79c4320f54888fd68f622e4b0dc59257,52,868,7,125,4/5,0
HWS-002-FIFO,7,193,FIFO,limo02,1784027133510238910,1784027404086883002,1784027404086884140,1784027404254345274,270576644092,3,-83.26,-2.46,0xc1cab47dd3c7596420733f774b781a3575303fbe071f7091c7148cac76a4132842a165a388c0029d22f796ccd74f4162d01bb635,52,868,7,125,4/5,1
HWS-002-FIFO,7,194,FIFO,limo02,1784027138800080041,1784027260361091971,0,0,121561011930,6,-90.51,5.06,0x600659eb96b9cbb23e5aa34c86b5fd5cbcf6c3147a1cce9b161fc2320ea734b02e2c4a6919926cc3bf2bda5b7549ffb8bff2d95e,52,868,7,125,4/5,0
HWS-002-FIFO,7,195,FIFO,limo02,1784027143146287269,1784027272724629808,0,0,129578342539,4,-91.16,4.85,0xd5aa70343d90c01afe835578639de8f17958f62a14c00d74cfaed25e8040cddaffa997227a1590c9ebaff4e5e45555d7a36f8714,52,868,7,125,4/5,0
HWS-002-FIFO,7,196,FIFO,limo01,1784027146138908273,1784027242958537736,0,0,96819629463,4,-80.45,-1.86,0x2aad611bf476ae139a6fc8304e3d26f4527760308ffcdadd9377d72387c0aa1fbb8a295a6352c1a6a7155256165ea1fb85153d0b,52,868,7,125,4/5,0
HWS-002-FIFO,7,197,FIFO,limo02,1784027149336785497,1784027319634852233,0,0,170298066736,10,-98.35,-4.15,0x6b59d8ca07b30e80990cd4bc1c2dba46bf55557bc394fb315ee986f468dc5ab67fd4d51b6f06793df3f33dcdb1279e79dfa05fb4,52,868,7,125,4/5,0
HWS-002-FIFO,7,198,FIFO,limo02,1784027154396118963,1784027239589348298,0,0,85193229335,7,-108.81,1.11,0x00cef2d2cb7a4af0a6c85d079235b913753fb394d9ea516dd9b417bcddb09b49cf677f1d1abacdbb29570472278640ac6234e52d,52,868,7,125,4/5,0
HWS-002-FIFO,7,199,FIFO,limo02,1784027157509517616,1784027333536495248,0,0,176026977632,8,-93.53,-4.34,0x1b2ce9ca3d492b704436269d7001e7d4b540344e23819e1650c952f1966fdc3b147f2ab66e3dc56aaee83f0b1ac2f889b696897e,52,868,7,125,4/5,0
HWS-002-FIFO,7,200,FIFO,limo02,1784027159917708490,1784027307226275516,0,0,147308567026,8,-106.20,10.26,0x84191e4325b03300e30b50cf9162af78a29519db834b8f212107ec787d4a8898858e2721f044a999a7806846c85a57f38f7da9fe,52,868,7,125,4/5,0
HWS-002-FIFO,7,201,FIFO,limo02,1784027162281037932,1784027500646597125,0,0,338365559193,8,-104.68,9.37,0xc362b8b61905a52d2bc8dba48eea038c52d41ec9b4ed0080e069a2669e76ac9228254ce807dab197273b56a25c91d345082a985a,52,868,7,125,4/5,0
HWS-002-FIFO,7,202,FIFO,limo02,1784027166745582183,1784027286574706752,0,0,119829124569,7,-81.16,9.90,0xad646c538c69d2ad8dced57a85620063eb0a9f6de2e289832ac1053c071db87c8cd6c9ff1dc7570e254bf51376355d5b208e4504,52,868,7,125,4/5,0
HWS-002-FIFO,7,203,FIFO,limo01,1784027168947322351,1784027242905723114,1784027242905724538,1784027243070885489,73958400763,10,-105.23,10.38,0x428351aaf03ec6a5806674c895c75eaacbd4926457fc69467cfae7fb0b5956c692028fb7b6a6bce6ebab2a3244441282ab01fd3a,52,868,7,125,4/5,1
HWS-002-FIFO,7,204,FIFO,limo01,1784027174867353059,1784027378426876641,0,0,203559523582,8,-89.61,12.59,0xa50fae8b737b1cf3cf0f99802ce247c523bf93f31237d83825c9113b766df52a5dfde56677e4a58debc2151f1a268b80e15b6454,52,868,7,125,4/5,0
HWS-002-FIFO,8,0,FIFO,limo01,1784027176209158121,1784027333049055678,0,0,156839897557,8,-93.40,0.08,0xd33f23090e14fa85523e9b65d74d1226dd77ded2557be9b2700385a1f512dcfd4e5bbdc0a606fa88c477efa3542c6cc3c00ecc7f,52,868,7,125,4/5,0
HWS-002-FIFO,8,1,FIFO,limo02,1784027179885931745,1784027315303967888,0,0,135418036143,1,-99.39,2.21,0x1d8325c8b6724ed173a4110db84e7abeaabf58aa99d2cf71aa536469f6064bccefd4a93d79cec982d2ac1e1c3707c69bfb6e4765,52,868,7,125,4/5,0
HWS-002-FIFO,8,2,FIFO,limo01,1784027182758402600,1784027450347626526,0,0,267589223926,10,-101.70,0.37,0xee68b1d8be75e3f82883133b8235d09bb45e53ed93d72cdf982fd81e1372e8f45f670ea98f2fe85d2b326cf4ea6aea05cc2a7f85,52,868,7,125,4/5,0
HWS-002-FIFO,8,3,FIFO,limo01,1784027186556192643,1784027260842932889,0,0,74286740246,4,-107.87,3.53,0x1a288274339b0ca42e0458b679eebdc248f2117270b4d34dd366dc701fca255aea3e24e8f62a58116aaac7c9ca2acc3bd7c8bcf6,52,868,7,125,4/5,0
HWS-002-FIFO,8,4,FIFO,limo02,1784027192252337142,1784027298822251867,0,0,106569914725,3,-83.28,13.10,0xaefee193ccf7482086211851c510d958345ed83f8be391084e83a59e1168705dbea3312e57ae4bd604edd4d3585f28aae60f5b9f,52,868,7,125,4/5,0
HWS-002-FIFO,8,5,FIFO,limo02,1784027194539934550,1784027328855323740,1784027328855328590,1784027329027373929,134315389190,10,-103.27,5.04,0x462d0ab846eaae3d477d10585d57418f53e2883403e359abe40a74e71aa19a5e81171d3cacedcd97af1e4e98c61c8a3a9ec5c982,52,868,7,125,4/5,1
HWS-002-FIFO,8,6,FIFO,limo01,1784027199340671597,1784027383327331582,0,0,183986659985,6,-102.25,11.15,0xffe7eca2040d51ce5fc6d41b46c63fc873e9445f5e3d78990ce7a08e2518cc5c20f52e3ceb312c0e04860eb3ccc2e12f4a50049d,52,868,7,125,4/5,0
HWS-002-FIFO,8,7,FIFO,limo01,1784027200836205340,1784027369911778447,0,0,169075573107,3,-91.38,8.79,0x1389cd8beaa5862956f8565e67f8ff5950f0a815d06f626696f9ac861f5c0e494b6b6f6896d6ab42e11d803def346d76bb15ee74,52,868,7,125,4/5,0
HWS-002-FIFO,8,8,FIFO,limo02,1784027205594438556,1784027500295817328,0,0,294701378772,0,-94.66,8.14,0xe1525c070666954e01cf4d3815be6e1676937512c099cad16c8cc3ca963878de6cfc40f855fa9db06c9bfc6b767a0786f3d970cd,52,868,7,125,4/5,0
HWS-002-FIFO,8,9,FIFO,limo02,1784027210532892282,1784027330093634506,0,0,119560742224,5,-94.76,12.26,0x60928807e302c9be081eb589c0f192cf24a489d3f90de9c3543b9afde0bee3157066caf91f649715bd60e9758f8e42f053f9bc89,52,868,7,125,4/5,0
HWS-002-FIFO,8,10,FIFO,limo01,1784027212139432237,1784027372627187432,0,0,160487755195,10,-105.59,12.23,0x837bde6b4a5540c16f31e83dad5eee5c601980cc0f83835d4c3cce979752c8ef66711f7e21dedbfbb3163c13a69a0c4681a54311,52,868,7,125,4/5,0
HWS-002-FIFO,8,11,FIFO,limo01,1784027217834447572,1784027430869247091,1784027430869249253,1784027431036252275,213034799519,9,-99.46,3.10,0x51e712538095b290be83c90d02968b33a9c6d47cda9fc1bab30bdaee87da9df1ec73e0644ec6084ab13488752f00015f09b32309,52,868,7,125,4/5,1
HWS-002-FIFO,8,12,FIFO,limo02,1784027221063111619,1784027343523556054,0,0,122460444435,10,-88.78,1.11,0x53e25466e0e872e21f534987663f7a0ac3dc4b195e0c70f36f5d411c2fa6531c0d7cce1e9b03feb9f1b72894af63397e5025e674,52,868,7,125,4/5,0
HWS-002-FIFO,8,13,FIFO,limo01,1784027224985371919,1784027658124534135,0,0,433139162216,8,-106.69,4.15,0x326db786d20d0c8e9b4d78bcfb78d732030403a7e7dfd38f2f665c86eb712aa083ca839fad2e5061374a981e1b8910e901d7e5e8,52,868,7,125,4/5,0
HWS-002-FIFO,8,14,FIFO,limo02,1784027227536670913,1784027383028494494,0,0,155491823581,10,-91.83,8.18,0xc1c4828bd1794f98603d2d19967453a6813a263bf3c3bf45487ed2583d0a93e07d6c3659bf5b0f7cfae99bf0c7147b0c1018843d,52,868,7,125,4/5,0
HWS-002-FIFO,8,15,FIFO,limo01,1784027231310228458,1784027408465988293,0,0,177155759835,6,-96.75,8.90,0xf249165c0984d206fb35201abb28d6f787ff04dfa568f8489ca9d2117920586f5e259ed7a388df9a92d195ef6871d1e92a270820,52,868,7,125,4/5,0
HWS-002-FIFO,8,16,FIFO,limo01,1784027233719328648,1784027361854852234,0,0,128135523586,2,-85.53,7.81,0xa885bd2d0cbb802bfbc49190c39d4093ccba3cf30ab56b970468a890b529713f9f088ee338b73f3e64cb345c4097654a47f73d73,52,868,7,125,4/5,0
HWS-002-FIFO,8,17,FIFO,limo02,1784027238188040951,1784027436775242881,0,0,198587201930,3,-102.33,8.08,0x24bf3d020296e4d4deafcb7cc3531c949e9170513cff6c91f775959bf9cd6d1aafcecfb8b1159eed681a1c833e29f91e94030b0d,52,868,7,125,4/5,0
HWS-002-FIFO,8,18,FIFO,limo02,1784027242211132212,1784027347729227036,0,0,105518094824,1,-83.20,-0.81,0x29b7eb4d4f71158098754512e9b69b6b0f9c2b881ff2f509d78e2e7234158600210b6084435a9d5cdf1cc9274c87560ebdb739cc,52,868,7,125,4/5,0
HWS-002-FIFO,8,19,FIFO,limo02,1784027245255098721,1784027363027027381,0,0,117771928660,6,-86.72,14.88,0x80cb9c588a0b6b06de59da0ec6c00790c6a9ce4777e604ef981047bd848285076b204c03a5f55ebde6df8e6fd9d64aeb4c5bd1ce,52,868,7,125,4/5,0
HWS-002-FIFO,8,20,FIFO,limo02,1784027248637215446,1784027314812375214,0,0,66175159768,0,-84.83,5.90,0x73bc2e4ea6e8d545d853166cd8e2c1713965099aa040eeeb71ee0e60db6962a187a3c4be5598f0ea77e1ff29e8b02f395a579cef,52,868,7,125,4/5,0
HWS-002-FIFO,8,21,FIFO,limo01,1784027253786336215,1784027475960166158,0,0,222173829943,8,-107.40,7.76,0xa3617af0dfd6e12eff02baacb3fc261dc35a9717573535be1de72fa5248658540d0214c655df480baf5da43a5fd0d4d582b53af2,52,868,7,125,4/5,0
HWS-002-FIFO,8,22,FIFO,limo01,1784027256384439432,1784027407939990954,0,0,151555551522,8,-98.60,-0.60,0x2b9cb50a3ed363322b4cee24b3a920ae4f5f2bddf83365cff23bc69c216bcd000179e1bb21e73400ec53f46678a9382badfdbcef,52,868,7,125,4/5,0
HWS-002-FIFO,8,23,FIFO,limo02,1784027258361892802,1784027666537913521,0,0,408176020719,10,-95.54,4.55,0x5278659e8a551cd65dc3b8bef8611a9705d867fd15ff02e36dedf3648e5a31dd6ce4c37ec34f671c5517713840b9626a1a6c1aa2,52,868,7,125,4/5,0
HWS-002-FIFO,8,24,FIFO,limo01,1784027264289307317,1784027535091528805,0,0,270802221488,2,-108.85,2.55,0x99b56c8e2e8e644989331e1c04c4c83754febb7cedfc2870d9fa2a43270136498506879b52e03fd9b9673e47dec007408428d697,52,868,7,125,4/5,0
HWS-002-FIFO,8,25,FIFO,limo02,1784027268403596423,1784027452789804639,0,0,184386208216,0,-101.63,12.34,0x6cec0a29b883e432d5e89d40f93173f790b101314c6dbbd9b3b125b31401fb4411f8b5c918d2e78e43d378c1fb951b26dd63a93e,52,868,7,125,4/5,0
HWS-002-FIFO,8,26,FIFO,limo01,1784027270619608846,1784027353605917463,0,0,82986308617,1,-88.47,4.27,0xe9d241576a98b41846984c67f6d52a6a42c559a5531aa8bc822952542bf1b3340d1a46265b778473638f6aa07533e364270ceddd,52,868,7,125,4/5,0
HWS-002-FIFO,8,27,FIFO,limo02,1784027273106507673,1784027494358666272,0,0,221252158599,1,-107.93,14.03,0x77730ee8ed0677c926009cfcdbf0a91788afab17d842f87b71f49fdf93df5a460af69120cd81e806ccfa2ad35f3e2d759b3b96a0,52,868,7,125,4/5,0
HWS-002-FIFO,8,28,FIFO,limo02,1784027279135025092,1784027337874631770,0,0,58739606678,7,-109.41,7.02,0x4896d0b469d50bc0f312e6ccf54e5c54127842d1ac45d0d4e6244bad70ead152bf9764819eeb2b99055f21aba70504c0764abbc9,52,868,7,125,4/5,0
HWS-002-FIFO,8,29,FIFO,limo02,1784027279287107572,1784027609616706301,0,0,330329598729,10,-97.69,3.20,0x880f1a2d25108bf27f4a131ac6a557f5077e780f0e4c597fd2a918d53adb2aed21fc36af7ec6af8d6759872a9c6eee2f3eafd7b5,52,868,7,125,4/5,0
HWS-002-FIFO,8,30,FIFO,limo02,1784027282560782901,1784027478438198909,0,0,195877416008,5,-104.40,2.56,0x4d53b4cc18653a7ca837030f87dfe0fccc3b75224345e604068ecd4abd818ebebd984281853cac1abe4244789907ad92a2075725,52,868,7,125,4/5,0
HWS-002-FIFO,8,31,FIFO,limo01,1784027287228709908,1784027405244763894,0,0,118016053986,9,-99.58,14.72,0x815031f9b9d462a39c99ef62b082d59fc41bf12495850ad50647749684bcd60d4641712e1773bd764b7a7fecb361adbbacd86f3a,52,868,7,125,4/5,0
HWS-002-FIFO,8,32,FIFO,limo02,1784027290033720473,1784027453798572083,0,0,163764851610,3,-90.10,11.79,0xe595960bee788d0c5b4cae47f3b4c7441aa4ca0183126cf62a9cc5efd630c48a0730a51855465aed12f91a573fa2318a1c7993cd,52,868,7,125,4/5,0
HWS-002-FIFO,8,33,FIFO,limo02,1784027293283587603,1784027387108218827,0,0,93824631224,5,-99.88,11.78,0xde5fdece4440b2588a00be54146e2c5e962a174798fdd553967ffabc73e20c82b1cbba907c4eda0ff98271b1d539718656779def,52,868,7,125,4/5,0
HWS-002-FIFO,8,34,FIFO,limo02,1784027296813246154,1784027371397767325,0,0,74584521171,8,-100.01,11.17,0x102555edf9d6a7737aa0cc0615ba121676af4c7f3135bed427388b81ad26746240c9a8654a670881bd2d418f4e77ef72272e59f9,52,868,7,125,4/5,0
HWS-002-FIFO,8,35,FIFO,limo01,1784027302035233757,1784027527723751137,0,0,225688517380,5,-80.14,12.63,0x2034b97e8d16df112961c662634b7b2a0e12bf1be85fd2347e66901308bf0beeef99f5ead470c5277609bd84cfd3cfdc34f01a07,52,868,7,125,4/5,0
HWS-002-FIFO,8,36,FIFO,limo02,1784027304016096594,1784027367359123762,0,0,63343027168,5,-98.32,-1.27,0x68345e17070c9ef8e927877601cded494a00e7a8dc0983c6f5c9414825f67a8cd3afb667b6ae70f20b7483fd228aedfdd05aebcd,52,868,7,125,4/5,0
HWS-002-FIFO,8,37,FIFO,limo02,1784027307721697286,1784027410150492504,0,0,102428795218,8,-92.17,-4.21,0x83b168d049ded965786100493a0412c1c3305e5ed8d740ca63381870289d06cda935ac432a1427d01c06606c859f36ab10c8a4b8,52,868,7,125,4/5,0
HWS-002-FIFO,8,38,FIFO,limo01,1784027312979140442,1784027470728057257,0,0,157748916815,1,-82.95,8.24,0x6c60750a0d1dc43a51f305070a84ae16b507b7225751a19b5e155fb62be56b096fc5e08f4f25355e0117c26afc6da00937cee77c,52,868,7,125,4/5,0
HWS-002-FIFO,8,39,FIFO,limo01,1784027315425756253,1784027591696825132,0,0,276271068879,6,-104.89,11.51,0xe267bd831ff5927d385e366497c667fc3e4461211e1fbf14cd47058dcf99416fa92f6657202e5a08c3b9554296574944c2bb4dc5,52,868,7,125,4/5,0
HWS-002-FIFO,8,40,FIFO,limo01,1784027321911350931,1784027476443328609,0,0,154531977678,1,-107.65,-4.60,0xa884ecb72aba8fb9bee4c923cd320da44ee94664ece646750a7094d8c4ec05b6f02d00291c904a70179d556604ccae2466163c7d,52,868,7,125,4/5,0
HWS-002-FIFO,8,41,FIFO,limo02,1784027322336982792,1784027746247543573,0,0,423910560781,10,-108.55,4.67,0x4d68e096fcdc219fff8ee6b666eeb934f9d18a552a5be81808665d5dacafbbb2a5c3aedb88b776d331f6d43efe2fc77e3d2f03bf,52,868,7,125,4/5,0
HWS-002-FIFO,8,42,FIFO,limo02,1784027329344219357,1784027619706840771,0,0,290362621414,5,-95.83,11.63,0xdd78e0ee46463e1dfc4e16bd2fb21b0494253614bd27946ecabbbb75f740a20c6b017687bbc90abea5401b803079529a67e7ebbb,52,868,7,125,4/5,0
HWS-002-FIFO,8,43,FIFO,limo01,1784027329717031953,1784027507318619427,0,0,177601587474,9,-88.82,9.93,0x7acfba1319cdd210a32c2df937a0aadc97546fc7640aabfee4678e98f25d6c0fec5acb594af495e9ac6957d00f6bfb5e56d3ae41,52,868,7,125,4/5,0
HWS-002-FIFO,8,44,FIFO,limo02,1784027333463273389,1784027444850081704,1784027444850085432,1784027445022529595,111386808315,1,-86.60,14.31,0x7e891f159fda8deeef69db6319bb4bad3af31589e868ce2d10f627239b6a8ed28e5cf58f0d26aa8cea5b8e025bfa13c5a870762a,52,868,7,125,4/5,1
HWS-002-FIFO,8,45,FIFO,limo02,1784027336655683953,1784027441569319676,0,0,104913635723,1,-84.56,-2.06,0x551aa2b06ce6d1e6a1a60c7ac6870eea8ce25c1898732a9e5c229a5933c815aa6107dc42bcd7784be15a8765314ed5d9c65f5f1f,52,868,7,125,4/5,0
HWS-002-FIFO,8,46,FIFO,limo01,1784027340000271845,1784027395081821697,0,0,55081549852,4,-100.30,-0.31,0x55c460e0a2fc1d6fa9f35ac68acb4081345d55bcdc4bf668f6eb5bbc198404af20202c0393cbe01c2ef622c101b8acac730ed43f,52,868,7,125,4/5,0
HWS-002-FIFO,8,47,FIFO,limo02,1784027344089754187,1784027439371865246,0,0,95282111059,1,-89.94,-0.84,0x96ed4ae33f70248034be9fcb11ae6e6453c9cf71785261e564cb35e5b1747e3395054fb99650c46d8dd5e8f4cfec7c92a09586fd,52,868,7,125,4/5,0
HWS-002-FIFO,8,48,FIFO,limo02,1784027350167895008,1784027488941049306,0,0,138773154298,10,-103.63,12.00,0xb41f3f481e0b958b5a5347368861d437327620ec5448ecac2a31cd2c6160c52f78af84b259fd9a32c68bbffbf18a0606efc3ef0c,52,868,7,125,4/5,0
HWS-002-FIFO,8,49,FIFO,limo02,1784027352420175460,1784027531979654196,0,0,179559478736,1,-93.02,4.50,0xff3340e7a74fa88254338b1158cc3a864e2d750e60106a734a1e9a17f4c3a122d25a92cd0005401578fab909d77db3d7e7d3a828,52,868,7,125,4/5,0
HWS-002-FIFO,8,50,FIFO,limo01,1784027356361475087,1784027457346020486,0,0,100984545399,7,-95.43,3.26,0x97267bfa55618140f61ddfe65abb4fa5beef2836f0a75c000f3bc675a7edc113b18bc73d24e44faff8b60f9229778db0498d09ab,52,868,7,125,4/5,0
HWS-002-FIFO,8,51,FIFO,limo02,1784027358600361026,1784027423147769233,0,0,64547408207,1,-103.12,14.87,0xbfbb13f7d9357208b944a5f5d9a3f59b304215e0b34617422bb44e8e6486a3be08bcdb2b12b22c45020506767faee48496399806,52,868,7,125,4/5,0
HWS-002-FIFO,8,52,FIFO,limo01,1784027364422723613,1784027557686636952,0,0,193263913339,6,-103.03,7.03,0x676734403ce5adb75f324fc68277486c0b5125889e40088a7c238ac1e6a3461406af33bcf7c11047956299f729c0ccbe478ff08e,52,868,7,125,4/5,0
HWS-002-FIFO,8,53,FIFO,limo01,1784027366960401295,1784027504024656944,0,0,137064255649,1,-88.81,1.66,0x6a683aa183b1150c8ab2c7912def7b94b0d4d41d33656e8bef5bfe64472a66be644952446da18c716a5ad5fd8286e8703491e155,52,868,7,125,4/5,0
HWS-002-FIFO,8,54,FIFO,limo02,1784027368766175730,1784027462478455791,0,0,93712280061,10,-99.89,3.50,0x0c554b7186ec30e91c29f2312ba68e9be43083be8dcbeccd26f9ea7e7b8383989db12f45e9497325de4aa646c96617094a180242,52,868,7,125,4/5,0
HWS-002-FIFO,8,55,FIFO,limo02,1784027375862054448,1784027564975949735,1784027564975952363,1784027565150910687,189113895287,7,-92.62,12.26,0x207dacaa67123c833e52b9f4e3c4633ad60e7abbf5f7bfbac2a5ebf8ac8fd51249dfc10d147f1fe5e93ae0247dfab8652961d879,52,868,7,125,4/5,1
HWS-002-FIFO,8,56,FIFO,limo01,1784027378195258302,1784027468908795868,0,0,90713537566,10,-106.48,8.56,0x830f13dc8175e2f3510d7df2250ee23ffd20efc35f6e69cadb45b02713f31d0aab240765c7ee957f27fad09f5cede1fb28192b88,52,868,7,125,4/5,0
HWS-002-FIFO,8,57,FIFO,limo02,1784027382959490805,1784027487400900850,0,0,104441410045,1,-89.14,8.53,0x99ece2886c106e979d0529a97928ab12e48f34860998153dfcbb1b0805917b2db2e52dced9c46a9e18b7b5adb28ba7be864c8c04,52,868,7,125,4/5,0
HWS-002-FIFO,8,58,FIFO,limo01,1784027383914767170,1784027680751100233,0,0,296836333063,0,-95.36,14.79,0xde6fd5f77f81ed3b82ac681630e20d930c900dd7a2a601977f70f26b1e32cc182691894c4ea38ec2c9e84e737ac065a90a845063,52,868,7,125,4/5,0
HWS-002-FIFO,8,59,FIFO,limo01,1784027388437999434,1784027434748136917,1784027434748140174,1784027434915561721,46310137483,4,-95.90,-1.41,0x0a556d560061595e15cd4c9f60709cdbbad0d7a56d7cfbba63d5c8f8e06c2f3bf5b0a5c17b614155a47075fa5caad2b89d83e1af,52,868,7,125,4/5,1
HWS-002-FIFO,8,60,FIFO,limo02,1784027393869233998,1784027783587399695,0,0,389718165697,4,-99.54,6.98,0xfcd03be6f535f66520855627b375a1b2b2cacdb0449d20c7b9fa9c68bfa4efa15e9e6a8d4942617ed0e283cd85b99a03da7f63db,52,868,7,125,4/5,0
HWS-002-FIFO,8,61,FIFO,limo02,1784027395410212088,1784027605180484212,0,0,209770272124,3,-106.39,11.10,0x9dc7023bee475ba68df88799ddfde28c694a98b3a588f133548264175eb69fd7849e1f6b380104d95db6a695f827c010a96bcfab,52,868,7,125,4/5,0
HWS-002-FIFO,8,62,FIFO,limo01,1784027400082148812,1784027544914287230,0,0,144832138418,9,-95.17,2.26,0xd736c9863494ad2af6bb3a55337b9679c871e3fb4c975cf7f13696bc9da17006316cdeba673bb87a10a1d6e86c28e42f6fa44b64,52,868,7,125,4/5,0
HWS-002-FIFO,8,63,FIFO,limo02,1784027404536753499,1784027688138190982,0,0,283601437483,8,-95.75,2.39,0x41a12374af1ef044e1dbbff3fb2ade646ea8bc44e162f879a2391c4173586134fb6f1f9232bc950434e27f8bf3c6fbf7a6a07951,52,868,7,125,4/5,0
HWS-002-FIFO,8,64,FIFO,limo01,1784027407305714514,1784027559340633603,0,0,152034919089,1,-84.80,3.35,0x74fc0caf1114619cbfdd78c45770158b17b97fc50db40644ae56307b7473249fe121337cb2f97f2257e51f033d46181374e35ce3,52,868,7,125,4/5,0
HWS-002-FIFO,8,65,FIFO,limo01,1784027410160830532,1784027468954234390,0,0,58793403858,4,-83.69,-2.63,0xfe72514422d2b77410a3ca5e173306d2394f495fa7920d33fd97a286bff7b07b510552f577738e291d2649456f51f3722c8876fc,52,868,7,125,4/5,0
HWS-002-FIFO,8,66,FIFO,limo01,1784027414589684891,1784027569372224748,0,0,154782539857,5,-84.57,3.45,0xa59a8b9f07d8c16ade5737e4d3f032be2e267397a467345020694d5bd517dd60730306e52965256cc81781ca5fd2cc49780d75b9,52,868,7,125,4/5,0
HWS-002-FIFO,8,67,FIFO,limo02,1784027415557638751,1784027501292610210,0,0,85734971459,4,-84.87,7.54,0x3fb07411dc30af0e526772aee3a1ebaa6c71dd533a6adf88c69c368b759b8db0d561b6d86fe13bb288d3e4551bd4305cbad00fbc,52,868,7,125,4/5,0
HWS-002-FIFO,8,68,FIFO,limo02,1784027420229666344,1784027700505028197,0,0,280275361853,7,-107.46,6.67,0x9c168b363e5499e71df01f91af41596941cb08923df2deed06b279bd76ede6ffe121584aaf7af56d1c8b9d422b4939b9c2dd3d1c,52,868,7,125,4/5,0
HWS-002-FIFO,8,69,FIFO,limo02,1784027425064941520,1784027559228026053,0,0,134163084533,1,-86.63,-1.68,0xa1a096c195925da3a0815f47a9d2d11537d7f07f6b8c6f425f5bddb34cbb56e2f3f063c625f7ef7fa8d4bf9b55cb09ba121ffa27,52,868,7,125,4/5,0
HWS-002-FIFO,8,70,FIFO,limo02,1784027428571136427,1784027522281376483,0,0,93710240056,4,-89.11,8.69,0xb437aade85e78a59077a36769b82d24635db75707305c6d1e77bb6eb9b7c7c82c79be2da054e8b889571f7e8db77726bb03eeb16,52,868,7,125,4/5,0
HWS-002-FIFO,8,71,FIFO,limo01,1784027431307040173,1784028031307040173,1784028031307045037,1784028031477119104,600000000000,8,-91.57,6.51,0x94693abddd4ad92f65bdef0a6b17b1a9682238b5131624be91a31079f89f8a3dbdecc3681e61e8507010349e96d96e99bfa19b2f,52,868,7,125,4/5,1
HWS-002-FIFO,8,72,FIFO,limo01,1784027434632083709,1784027570132496457,0,0,135500412748,1,-105.98,14.86,0x8ac7f78822f8ea846f2c2bafb66f57bb9048c2df9ccea581720252743181720a899aab7aba17848d8bb90ca339b3b4f00570e762,52,868,7,125,4/5,0
HWS-002-FIFO,8,73,FIFO,limo02,1784027439883774920,1784027644503417565,0,0,204619642645,3,-84.93,0.44,0xc86d66ea748b5867d8f24ec4e92fa7f47e9a31129116146efeb45c6936f9d1bd2641742694f5cbb7b60ef8b49d0a4597442c5bcf,52,868,7,125,4/5,0
HWS-002-FIFO,8,74,FIFO,limo02,1784027440583847874,1784027531298258429,0,0,90714410555,4,-90.40,4.10,0xd9485dbbf371947169745e8153175dcae9c39dc8f4dcb729ab4e57388ca1aa3bc4287762f6743aa0c06e5c07e43c4e90a237c897,52,868,7,125,4/5,0
HWS-002-FIFO,8,75,FIFO,limo02,1784027443700625420,1784027604019157474,0,0,160318532054,1,-101.54,10.11,0x82916236bf25adf076daae56f475725311ab4bbf3c721c815aa0fcd09c756218773cf2cc92440c32cdfb403354d4ac11932e4557,52,868,7,125,4/5,0
HWS-002-FIFO,8,76,FIFO,limo01,1784027448233548168,1784027541792870348,0,0,93559322180,7,-99.08,1.64,0x22030271bd00c9ba5e7c682bf3c2951e52e3c7f2fd2907fd49438c9161c248af7a491b6729fbb40a8077dab7fbdfc4c118fc0717,52,868,7,125,4/5,0
HWS-002-FIFO,8,77,FIFO,limo02,1784027452443929076,1784027586456600210,0,0,134012671134,3,-96.75,-4.63,0xbd123b7fd28405b6c06ca1ddd34ea6b730a8f9b4a47194d900800845178a9a2e84f67ea8504b7c5ef121db30fb1146e1f3bded3b,52,868,7,125,4/5,0
HWS-002-FIFO,8,78,FIFO,limo01,1784027454837712270,1784027567336218183,0,0,112498505913,3,-101.10,7.65,0x370f40fa2446f3587c822186f069b2bff5173537e5794f611d4d82a8b74179b65cdc851d3995045c2b82f60526663e6343c01968,52,868,7,125,4/5,0
HWS-002-FIFO,8,79,FIFO,limo01,1784027458857867262,1784027562637981861,0,0,103780114599,10,-81.77,12.92,0xf9a6b2cd1500e3632169d5ea41f094fd7d0874591661068f11fc833c6011866291c36b0c9cf5caacfb86d8e641a7dc710a9d63b4,52,868,7,125,4/5,0
HWS-002-FIFO,8,80,FIFO,limo02,1784027463045789940,1784027656753641803,0,0,193707851863,6,-104.72,-3.52,0xddebd775c93e762a2fc01db7bf8df1cc4ccfe3ecbd4be36cee6e0bda7d6a5746a42d818424b317232caae596b8396d539de5dcea,52,868,7,125,4/5,0
HWS-002-FIFO,8,81,FIFO,limo01,1784027467959421961,1784027644545498696,0,0,176586076735,8,-99.21,14.96,0x49458b65757b634198ffd024ae2f3adabedba32396be25782b3db019fc0430afca1fee4fec76b1d9e1040dfca0480194442f7bb1,52,868,7,125,4/5,0
HWS-002-FIFO,8,82,FIFO,limo02,1784027471049242200,1784027546940185886,0,0,75890943686,9,-86.43,11.26,0x98397d6b22a73d5daf80de30fd434e5a894a86f15859a4836e4670ca287de905ba40e8d3c712a88c8c8985bdb1e236e420d29d57,52,868,7,125,4/5,0
HWS-002-FIFO,8,83,FIFO,limo02,1784027472678366095,1784027792945687506,0,0,320267321411,10,-99.84,1.46,0x12bd27ca19f1c2a893d254e67948b10397f2e97d4c1ef74b877597665e5c18c5ff636dca1618a50950a7540cc4a6596074349cb8,52,868,7,125,4/5,0
HWS-002-FIFO,8,84,FIFO,limo01,1784027478215937624,1784027570615818677,0,0,92399881053,4,-105.77,6.97,0x441d40b715e1f0378617aa5f6c8c905b3ff30fbbe6d8f2a9b951063f6b612cf42269e39aa3d007cb95679150a474a10053ec5748,52,868,7,125,4/5,0
HWS-002-FIFO,8,85,FIFO,limo02,1784027480035518630,1784027616107266847,1784027616107269997,1784027616274546934,136071748217,9,-98.38,-1.71,0x96db599e383de1dbb24d67c4bd37b1a09129db3bdb0330b222c2e9d51494bb5734e5d6259f0456780379c4c0982e6c29bd4d3faa,52,868,7,125,4/5,1
HWS-002-FIFO,8,86,FIFO,limo02,1784027486364417268,1784027552777089442,0,0,66412672174,10,-96.88,6.11,0x3a30602c0dab27292e0a7325194ec37bd6eef778e359ba349eb07670724594de5c93d31bd45dfae7672e69f3b6e07afbcb868638,52,868,7,125,4/5,0
HWS-002-FIFO,8,87,FIFO,limo02,1784027487606762680,1784028087606762680,0,0,600000000000,1,-98.86,-4.42,0xf3fbb4f6fb271b0a5c5ece9824cf9bedee3d289c5b53dec7f8bb7188fa80d2b3276ece80934b11650d94b8ae474f462f78d69b84,52,868,7,125,4/5,0
HWS-002-FIFO,8,88,FIFO,limo02,1784027491639024545,1784027660839106214,0,0,169200081669,9,-99.96,2.09,0x7e1d754ad6584d56c065c20deb24599fbf078db04c367bb0d87736fd6dd15edbe44bbbcc15537e73ce69f66416c90bb76e8f38b6,52,868,7,125,4/5,0
HWS-002-FIFO,8,89,FIFO,limo01,1784027495606285830,1784027703138078819,0,0,207531792989,7,-95.35,1.84,0xcd1c3919bf2bd0c405a296ecbbcb1489ec80a59743322df4a75ed422919078495dcd15ff1414d97e8f7c0fdea4423eb89f043bd2,52,868,7,125,4/5,0
HWS-002-FIFO,8,90,FIFO,limo01,1784027499358826594,1784027629354409643,0,0,129995583049,3,-99.12,-1.88,0x7bc5ec7f3effa53e1c049c43ae50107df412e64beb146aa3fd2fcbd3c24fbadd538e25eb9c4c4f328ec301147b20e734b92fa5c5,52,868,7,125,4/5,0
HWS-002-FIFO,8,91,FIFO,limo02,1784027504967605282,1784027711397348970,0,0,206429743688,0,-81.83,-1.39,0x83bc4414e7eda9bc80fb8660b378551dabb88a164b2486b50b05358751532900613651af01566e6442c3eaa783f350c3bb6ebc44,52,868,7,125,4/5,0
HWS-002-FIFO,8,92,FIFO,limo01,1784027507725243588,1784027672230767833,0,0,164505524245,4,-88.33,3.19,0x00f6429a53eab0bd7e4cd66a48d6c1ae6624799d3c2fbcc96ef0ca00552d7c2aa7ce49e05ca5e9f24fedda8ffea4afe7f5ec45e9,52,868,7,125,4/5,0
HWS-002-FIFO,8,93,FIFO,limo01,1784027509881847323,1784027698741281173,0,0,188859433850,7,-81.44,1.43,0x588ce224e3c4d4c2974708997fbcadc54688f7ef204fcb3d8de372f0d20c785569e7c77c62006fdc3f84c96e702cb61586023174,52,868,7,125,4/5,0
HWS-002-FIFO,8,94,FIFO,limo02,1784027515487971447,1784027935880130536,0,0,420392159089,2,-93.35,-0.64,0xb3cfe6a13f6afd61d817db8e7710ee10aa3e608a76b7204bbbe4b191e73a49864c530baa4a73ee93d556fad07aa11d723fd6f58e,52,868,7,125,4/5,0
HWS-002-FIFO,8,95,FIFO,limo02,1784027518452848185,1784027664794778207,0,0,146341930022,2,-108.27,5.89,0x0468b62ac244965251de870dc49f3472e63199337014d6a5d79e59d9eacf45b1c2e5043c7800656d86170d09ae6e095035b03b3f,52,868,7,125,4/5,0
HWS-002-FIFO,8,96,FIFO,limo02,1784027519360380912,1784027781384460582,0,0,262024079670,8,-83.36,0.68,0x322cb7b20e468415971e66f40857081438d1c927bd1978cc4bbdcc23d98fa6c3eedbed67d3cacff894d1482fee3ae4df4a5e026e,52,868,7,125,4/5,0
HWS-002-FIFO,8,97,FIFO,limo02,1784027526229807572,1784027762056906096,0,0,235827098524,9,-100.56,-2.52,0xe7b69f3bb42da97e5735e788f06b11a6cd0b8b7d989bda3c5551a41509fccb8e2b37a5db45fa2e7eef77662cdc13f19e8e4c076c,52,868,7,125,4/5,0
HWS-002-FIFO,8,98,FIFO,limo02,1784027527211886735,1784027678249338832,0,0,151037452097,9,-106.35,0.46,0x86c45a04df44a8e7f83cbf6767ac7b292d77eefb66adea9118c0dd565c9ffa92508f23fc74923692b6a0577726481aedc789c24e,52,868,7,125,4/5,0
HWS-002-FIFO,8,99,FIFO,limo01,1784027530626945046,1784027668314171012,0,0,137687225966,0,-90.39,4.93,0x71c621e9689871c00404effb237591d4a375fd697f87e99fc9792bc9494a58c40d0fa2eaf3295c9a1c802a88d2b66b75890afe3b,52,868,7,125,4/5,0
HWS-002-FIFO,8,100,FIFO,limo02,1784027536899777777,1784028067926897517,0,0,531027119740,3,-86.88,-2.66,0xd00f791e614b4a77d0334889ddd9d13ac457e7db4195481a7102b8e02e747b6ce886af5ddb2a27eab65f47c8440cd6b8f7f2cc72,52,868,7,125,4/5,0
HWS-002-FIFO,8,101,FIFO,limo02,1784027539935110737,1784027735835787989,0,0,195900677252,7,-88.61,-0.39,0xb91be9ae0785e9495bbfa62423c19b2ef664aa3db8bbf349f7efde3ed12f92d97f736f9a4e8af193fda48b80c8afd5e890294db3,52,868,7,125,4/5,0
HWS-002-FIFO,8,102,FIFO,limo01,1784027543211626384,1784027687647532575,0,0,144435906191,5,-84.41,5.17,0x3cb30ee502e150893610461bbe835a021e04a264928b216f35823d2fafa37408f5c0f82ad89c8c0a19a0568f66a781b2657ff0da,52,868,7,125,4/5,0
HWS-002-FIFO,8,103,FIFO,limo02,1784027545192175174,1784027629793829326,0,0,84601654152,5,-107.66,14.65,0x7831636e75c952995d8c87accb783f4755999f528c00a0ccf572a4ce80a088ad30a2fc4b37859e17e22f46f6fb0797d3173e7210,52,868,7,125,4/5,0
HWS-002-FIFO,8,104,FIFO,limo02,1784027548471435918,1784027859480222381,0,0,311008786463,9,-84.74,1.18,0x35a13cf67933833737ccf6a8dd80a7b8b7fa0609ec03500a68d7d880035e826d64575510d6bd0fa717c49bd0ad64fec680752611,52,868,7,125,4/5,0
HWS-002-FIFO,8,105,FIFO,limo02,1784027552884470784,1784027858137921939,0,0,305253451155,1,-100.27,14.25,0x98ffbc03b1ab1add9030e5237eafb5dd2c46802cab626a16df1a3c1957ab2e83289a22069efd211791403222c635bd87cf0ca774,52,868,7,125,4/5,0
HWS-002-FIFO,8,106,FIFO,limo02,1784027555500386716,1784027755213837589,0,0,199713450873,10,-88.94,10.49,0x57f0821b0a3e299f3abb25cdbf536bf04795471295c5c664c1aa2bc3c7a7f89c591b3e7fb482c18c662b5af508a25ef7da4ce047,52,868,7,125,4/5,0
HWS-002-FIFO,8,107,FIFO,limo01,1784027561400591219,1784027726319038321,0,0,164918447102,10,-80.39,11.00,0x00277fe89f625442253dd33a35daf48ab1512338ec3899a6063083561b6c56ef5b5390fc15474eb930f8a23d2424227019eb2ead,52,868,7,125,4/5,0
HWS-002-FIFO,8,108,FIFO,limo01,1784027565033137518,1784027673150821226,0,0,108117683708,3,-109.67,3.86,0xaa0dbc76b84e43ab3ccd0f1180cbb477e68d11d1fac89018b30d6d8571ca2cd3a94d947f5c2413f2b538296530265851c0874e34,52,868,7,125,4/5,0
HWS-002-FIFO,8,109,FIFO,limo02,1784027566231147364,1784027831960408120,0,0,265729260756,3,-104.53,7.02,0x8f8ac95d32b5dae361838e54fd54e979e3018b37aa925ccd494b920c2dfa24dcc832c4da9d50f9578b5d70a4460b9bc4ccb1fe04,52,868,7,125,4/5,0
HWS-002-FIFO,8,110,FIFO,limo02,1784027572518561473,1784028012030431667,0,0,439511870194,9,-88.65,11.68,0x62da443275d44d7674ed2bc6e6c45e845ff59b51a412a509c12e5e86d69701e2794038e050e68dfef5f162d91b60b5d283d85da5,52,868,7,125,4/5,0
HWS-002-FIFO,8,111,FIFO,limo01,1784027574044572387,1784027791749575025,0,0,217705002638,2,-87.54,14.14,0x6cb25ea455a58debdec9b1996fee85ed19d434eebcce308094a15a9aa35fa1e4086f970f2576d78645b2ebad42ca7f961457e725,52,868,7,125,4/5,0
HWS-002-FIFO,8,112,FIFO,limo01,1784027579583997354,1784027743021390034,0,0,163437392680,7,-99.62,9.85,0x9dc30d5ce7e2ce6020f0ed7427a02b79653663dac2539b9f591771bef29728626c9baab7d04ba23f62dcbb68506e44d900268d13,52,868,7,125,4/5,0
HWS-002-FIFO,8,113,FIFO,limo01,1784027583379936134,1784027807272632754,0,0,223892696620,1,-83.69,13.72,0x3a35cf58a95930ed7a0fc43f79434eb304fc7d3a953acd70f11c41488b53ebf3d93332297e7a8daf15d7409e96b124568b3b2125,52,868,7,125,4/5,0
HWS-002-FIFO,8,114,FIFO,limo01,1784027587154751363,1784027753199588508,0,0,166044837145,3,-97.19,14.38,0x3532e68c7d871dd67d2e901f28e72189f7045f37a5f9351e75beb09c841c63954491a4620fb10a1f7a228de888110c5c7a7fc7ce,52,868,7,125,4/5,0
HWS-002-FIFO,8,115,FIFO,limo02,1784027588178583651,1784028026025291764,0,0,437846708113,1,-80.47,2.13,0x290a98d7ae29d4d6bcc74a4807dad72f07da289fe5214277ce41730b3dce823a16109cf14940cad198b9c95fec8041a6027426ab,52,868,7,125,4/5,0
HWS-002-FIFO,8,116,FIFO,limo01,1784027592207201273,1784027747341682882,0,0,155134481609,2,-90.42,-4.88,0x8b9e087d86fd935a924dc380301dd66732d34310a4974f33e45c053e02377c93dae4199a47d7b6e194cc0e490dc1ef027b3a0a0b,52,868,7,125,4/5,0
HWS-002-FIFO,8,117,FIFO,limo01,1784027595308541376,1784027705410646028,0,0,110102104652,3,-102.65,2.34,0x80bf229e7daf498aebb68f216b85a1d8667af793d7605bcd8e6aa4a4f105e7cd8e2fe70d9afa19b40d285c9a58abfe6fa2a97fd1,52,868,7,125,4/5,0
HWS-002-FIFO,8,118,FIFO,limo01,1784027600841680328,1784027657487395785,0,0,56645715457,2,-109.25,11.72,0x4e979e5a67578036f00a0071efac51afe02c57228074cc7e5e765dd16d9d96b8cf2775b37f0ae7268bb3d367ebf51da54ce49dbf,52,868,7,125,4/5,0
HWS-002-FIFO,8,119,FIFO,limo02,1784027602039326734,1784027714582647862,0,0,112543321128,7,-94.88,-4.57,0x3557934c2735b8b88e500f8de3df66f43e6f9518506595e259e6574d2763256881724301e81440c1cbcdd08cb66717cd0ae5e070,52,868,7,125,4/5,0
HWS-002-FIFO,8,120,FIFO,limo01,1784027606986982206,1784027741816059251,0,0,134829077045,9,-89.71,8.27,0xadd36bfee33e6f4732f9f5c1b1a56eff45f12ad1ae1b36da09a0a5cc9f725c9be4b8a89ea4eeb1af2fde8e6f4e73bb5c649f0904,52,868,7,125,4/5,0
HWS-002-FIFO,8,121,FIFO,limo01,1784027608459406321,1784027697226109357,0,0,88766703036,7,-99.35,-1.66,0xc8eabec8eac11fada8b6fc4eca4f5b7a442965c542f39748a3163e8a0ca7ae0d6b76f63039e810767d863be4d7f830c718ffb7b8,52,868,7,125,4/5,0
HWS-002-FIFO,8,122,FIFO,limo01,1784027614186840976,1784027762300310607,0,0,148113469631,7,-108.79,6.84,0x1781cc5eb133d1addeb53abae2642b8c607c1db6710e335d804bdbf235476676ed01551a28f8261fde6df6b76636c8db5fdd779f,52,868,7,125,4/5,0
HWS-002-FIFO,8,123,FIFO,limo01,1784027616847533326,1784027938626649365,0,0,321779116039,7,-80.33,7.73,0xe2613f58664c430e06c7f363dba20eab039b660e6d174768eb20e63de4aa7fdb383cb067bd54875cc7f5677194cb1714068fba1e,52,868,7,125,4/5,0
HWS-002-FIFO,8,124,FIFO,limo02,1784027621309402693,1784027887126109085,0,0,265816706392,0,-92.71,-2.17,0xcc82a02102daa24154b016c6b73887c602b7f9aeb7dad40ee9d457ce2496a19035bdad990a7830ab70552f5a84e4d9d79bc2fb83,52,868,7,125,4/5,0
HWS-002-FIFO,8,125,FIFO,limo01,1784027625132122781,1784027810484819763,0,0,185352696982,3,-99.08,11.05,0x643f1b51e7bd907f0cd9a1be8c13a372ffe7243f2dd776ced4886fc6a9621fd7559de30a4c4e8b872416179d2ab79dfe1aa4e556,52,868,7,125,4/5,0
HWS-002-FIFO,8,126,FIFO,limo02,1784027627980763161,1784027839404228068,0,0,211423464907,8,-97.54,1.80,0xbf51e86aef17334375516e5cb24496075210b5b690858ac14eb12e997a0c960e96c390240cd472c9fa7c1abdd8f0ed48a1ce2824,52,868,7,125,4/5,0
HWS-002-FIFO,8,127,FIFO,limo01,1784027633013539026,1784027732561725514,1784027732561727900,1784027732731374507,99548186488,8,-99.10,2.72,0x0801628befcf02fd02be1a04a69be2799705f1d2da4fe863736418b9ab0354a8d235a38d2e0b0996e668481e3e671945992b9e2d,52,868,7,125,4/5,1
HWS-002-FIFO,8,128,FIFO,limo01,1784027635604395328,1784027765515151139,0,0,129910755811,8,-103.53,12.33,0x6b014c9de9f6910ab044136fa229c7a5fc57180cdd75b56d5597d34b7a898abe73ec1bf5fdd7350e7309016eea996438c54eee2f,52,868,7,125,4/5,0
HWS-002-FIFO,8,129,FIFO,limo01,1784027639431257782,1784027720606613838,0,0,81175356056,3,-95.07,10.37,0x400e5338e4a2170ab516382b570899ca6eefa64cf6077f6701a0e6be7db3adceee6a36d36b064f412dae042a0c19a982e5b312bc,52,868,7,125,4/5,0
HWS-002-FIFO,8,130,FIFO,limo01,1784027642599629197,1784027729902896115,0,0,87303266918,8,-92.32,-3.79,0x10fba90517d58e340c1b854c9607134b46536af74221f90c7af9558ea30c2bf45b7609a42fbc911287fa803c33ada04b54ad00fb,52,868,7,125,4/5,0
HWS-002-FIFO,8,131,FIFO,limo02,1784027647972961837,1784027710894713036,0,0,62921751199,4,-101.66,0.84,0x9d8bf855fbe76d8995dc49ef1558ce8388e3742fbba7201834fb971dda62b344f96391ec463a690e5e1788c47c862104c46a9cc6,52,868,7,125,4/5,0
HWS-002-FIFO,8,132,FIFO,limo02,1784027650357135560,1784027760062365905,0,0,109705230345,1,-80.52,-0.73,0x18dc6b68ab9458bf9b1f2e4a79681a757701aa1cd511f8c97426366f92668c6704b88ce804b9d30323e07c128a75f6eab81d3567,52,868,7,125,4/5,0
HWS-002-FIFO,8,133,FIFO,limo01,1784027653861702831,1784027936289696022,0,0,282427993191,10,-108.68,11.30,0xc5992e98460459e2a90a59d1363dd0bd87d7f881f2781874bc0dd23b31066b29c19baa0d4287874991cf85e4893a2c140a927668,52,868,7,125,4/5,0
HWS-002-FIFO,8,134,FIFO,limo01,1784027658849384581,1784027723014958980,0,0,64165574399,4,-107.17,4.46,0x113084320ba95d01fbf0bf268c6ffc72d5a4870d85fe5dd7793b72871d9063816b7c9edd540020c77a3c8ca298b258a671971dc7,52,868,7,125,4/5,0
HWS-002-FIFO,8,135,FIFO,limo01,1784027661656503225,1784027749611681749,0,0,87955178524,5,-94.32,1.72,0xaed37bd99497ee04448f1c3be014eb01e5c9e8a293869183c5d4e17e6eeab5c132b4b8c1e005bca668a66847c46d56738131f843,52,868,7,125,4/5,0
HWS-002-FIFO,8,136,FIFO,limo01,1784027663933946650,1784027831101849315,0,0,167167902665,7,-80.09,1.58,0x471c3c3c9960e00f240bcfcb913677df734de193092e313903d240176d4bff3550a8fae794e3141260e8951c5d8e76b242042166,52,868,7,125,4/5,0
HWS-002-FIFO,8,137,FIFO,limo02,1784027669560361414,1784027782290602021,0,0,112730240607,8,-85.68,-1.27,0x62740d39f77817291085d18e0e517f01c109bcfb65d399ac81800fcee8c9fd56c972b2b1039a565df956a63915ebe78a12092fb1,52,868,7,125,4/5,0
HWS-002-FIFO,8,138,FIFO,limo01,1784027670361797608,1784027769750905759,0,0,99389108151,4,-106.52,8.28,0x64abd4bf536452bc4cfcc5245b0f6af078a91a890a8c07b1f692455d885a5d36292afb502b105565e216c841d9c9130a8b36afe2,52,868,7,125,4/5,0
HWS-002-FIFO,8,139,FIFO,limo01,1784027676575924422,1784027781234760497,0,0,104658836075,2,-86.72,-3.46,0x079e0d44ce2aebc9bdf04173c683c9788a38192f1afbf0f43a850e33521f3dcd306bdec9217b68b36ac4178d51617732d234e94e,52,868,7,125,4/5,0
HWS-002-FIFO,8,140,FIFO,limo01,1784027679528109755,1784027871589519353,0,0,192061409598,0,-85.52,9.16,0x84d37725e44412924d2eb6b2af27a2d05e4dd40924e9ba876169ae37ce756bc2bdfc6c5515697c2522618255f74c4bd902f6f3b8,52,868,7,125,4/5,0
HWS-002-FIFO,8,141,FIFO,limo02,1784027681801311871,1784027791345504715,0,0,109544192844,7,-104.44,13.98,0x35af9e00c9ac15531a1fc82db6a9f828432dc76322f8dd8285e81fef4fe0b1c21edd715e65914bfa9de1d1685fec58b78c0487af,52,868,7,125,4/5,0
HWS-002-FIFO,8,142,FIFO,limo02,1784027684769248907,1784027804488104722,0,0,119718855815,4,-109.68,13.76,0x01994e85d41942d31ef0a543158400ebe6f45c0ebfb01160f3300b99aca6b29cd25ff3f80a67f4631afabbae0a32fe1a459c8df2,52,868,7,125,4/5,0
HWS-002-FIFO,8,143,FIFO,limo01,1784027689401083668,1784027932918590633,0,0,243517506965,6,-93.25,8.99,0x97607ae74458f4cd0e6099e76c122084f4a1f108f8aae2f26df493fe4f8b4e3829fa9c96d2a7394e33933c232616b0c1756c9390,52,868,7,125,4/5,0
HWS-002-FIFO,8,144,FIFO,limo01,1784027691719525728,1784027944817452335,0,0,253097926607,1,-85.89,9.66,0xb94c6301baa2f5ecddf04584dec36b71daa51cfc6c1200634756c77d555962175f2873d178a6414ff820994a117b601c6d6e31d3,52,868,7,125,4/5,0
HWS-002-FIFO,8,145,FIFO,limo02,1784027697945269450,1784027741056459073,0,0,43111189623,5,-89.62,-4.17,0x8ecfbde6fc42c518946e9d87e4f24832d76c16da3ec158af9610cbf0fc3744ad0e9301e734d72d54cafa392096ef8d8ee1c83682,52,868,7,125,4/5,0
HWS-002-FIFO,8,146,FIFO,limo02,1784027699696695393,1784027968223038315,0,0,268526342922,1,-81.26,4.47,0x866b9742ce79b28fac402124d52b77ab5c3514390d882fdb25af6d2924174e9c6ffb9138d277048b1161bd58b58504a84a44c4db,52,868,7,125,4/5,0
HWS-002-FIFO,8,147,FIFO,limo01,1784027701634754228,1784027799534364319,0,0,97899610091,7,-104.15,-0.38,0xd534564f5e5f5df3e820c702989a660e11fbe77b498672d2bd9fb1b926118c3e047bc34f1c68a092664c630ac5a248dfe34e2c04,52,868,7,125,4/5,0
HWS-002-FIFO,8,148,FIFO,limo02,1784027706461188035,1784027890224643825,0,0,183763455790,8,-107.23,6.82,0xa48da57668c24b3bc4172aaa4eedbbae2b6545406aad0e0dc5de2efea119192466571565d3aa2fc7749670f0aeab5401700d84c6,52,868,7,125,4/5,0
HWS-002-FIFO,8,149,FIFO,limo02,1784027708870733980,1784027867532370710,1784027867532373990,1784027867703037761,158661636730,4,-99.79,11.43,0xeb70a1268142bc021b63ecaa71d7edc65906024770b6317ccc357b6f8de11055fd0b7ce578f121a30546abbee4dc3505f6103697,52,868,7,125,4/5,1
HWS-002-FIFO,8,150,FIFO,limo02,1784027713421923397,1784027843128134500,0,0,129706211103,4,-81.35,3.98,0x7fd3597d2d23a6f87fd43f7c0ca41793217fa8145bb4c714ca1766610fdfd0f64b51e6ac2fbc4528b99b8fcbc044cd6cb9a5da00,52,868,7,125,4/5,0
HWS-002-FIFO,8,151,FIFO,limo02,1784027716429316990,1784027878897983777,0,0,162468666787,3,-84.54,5.93,0xef66ff5684f80e1e76624b1d524e7d5c247b69aabdfb2d101e305ee6bd5d853fa11390cb61fc2c921031b50928e834f1a77d9cc3,52,868,7,125,4/5,0
HWS-002-FIFO,8,152,FIFO,limo01,1784027721998345938,1784027872390475436,0,0,150392129498,6,-104.69,14.55,0xcc31d26d078a26d60dbc6a533d43306df550510fa819c5866a23fd1c7b8d87eb2158805e4880e6874e650fe525420c99413b77dd,52,868,7,125,4/5,0
HWS-002-FIFO,8,153,FIFO,limo02,1784027725768887686,1784028103339686062,0,0,377570798376,10,-106.16,-3.84,0xd329cd9b9b82579afc632b95a65c4b2e6bd91aee2aaadb15347eda7dd4cd67b7a967bda88ef6565835abf923de93e674ed747c9a,52,868,7,125,4/5,0
HWS-002-FIFO,8,154,FIFO,limo01,1784027729928862906,1784027811286921365,0,0,81358058459,8,-106.14,9.69,0x9e0cccb57ee9d148d516ab73afc625a2395c8aa31e57a99594ac64efd30c6e8e5fb5f27c75c3148ee01e2b80150ef0703bc8f45d,52,868,7,125,4/5,0
HWS-002-FIFO,8,155,FIFO,limo02,1784027731238364345,1784027907505500249,0,0,176267135904,5,-82.14,2.66,0x50782a1e903d9dd2d97224312c72d2134611996592dd7406ee6253ae3dd4367dcf6c0812f6a08b4b2ab798e4191b4ede339375b5,52,868,7,125,4/5,0
HWS-002-FIFO,8,156,FIFO,limo02,1784027735770895778,1784027866690855599,0,0,130919959821,9,-93.70,14.84,0x410e2ae25a6b380431c2cdd35880a3e4d8e698f90394f222c878b6fe8b6c60dd83708261144c99ffe4995a5974ce2154c6380eb9,52,868,7,125,4/5,0
HWS-002-FIFO,8,157,FIFO,limo02,1784027737592337562,1784027964599474403,1784027964599476498,1784027964772706331,227007136841,9,-90.25,-0.25,0xc4b014626e7cbdb88ab89e720c6d44747492f958adec9d2203ad714c53d639f1fd165786226011cc4311db220b26d619adb5a99e,52,868,7,125,4/5,1
HWS-002-FIFO,8,158,FIFO,limo01,1784027744105764415,1784027789395931385,0,0,45290166970,8,-102.48,-1.52,0x53760a8fd7669d336dd6cd63745e630caeda8e99f31525d865cd9335d2028bad35abaf5c94ca881c41efebfbcab0c51800d9fb62,52,868,7,125,4/5,0
HWS-002-FIFO,8,159,FIFO,limo02,1784027744771192951,1784027913170011661,0,0,168398818710,0,-89.61,-1.47,0x0a9ca72f2ae07982009c8c348c532bb6ed1390d08cacb34549ceeb8deac5b45523b30502d0b73dc3d685791c5890f3dd17a648eb,52,868,7,125,4/5,0
HWS-002-FIFO,8,160,FIFO,limo02,1784027750089523229,1784027855441372653,0,0,105351849424,6,-92.74,4.30,0x59e2969e9200d2f015e6b7e2d7d39b164bbbc14716bc4c83549475ad042eb3ff96dc4341c04d5b4246301135529d977f2ceebea7,52,868,7,125,4/5,0
HWS-002-FIFO,8,161,FIFO,limo01,1784027752989231897,1784027922243549645,0,0,169254317748,1,-94.76,14.95,0x5de2a07957fef4e138cf1195e3a2a94db143355f59d069583093cf49bb9f37d8f3375f7888048bc4005c848386d5c795041a6b63,52,868,7,125,4/5,0
HWS-002-FIFO,8,162,FIFO,limo02,1784027758128284940,1784027928419296570,0,0,170291011630,8,-92.24,-0.96,0x0205de7203ee2510c51a080651603a21d516b38d4a9775806dbc09b9816bc872dbf720a17a0382ec775fb8a180ba4a24527f68a1,52,868,7,125,4/5,0
HWS-002-FIFO,8,163,FIFO,limo02,1784027761948537893,1784028000614185672,0,0,238665647779,6,-105.80,0.05,0x3b0b7c9b70c6f8ca010dd45c536fcb5479ec63962db4fa3671edb66d7f89a57c0ab7a6a0e217f2bf8eda08ff917099baab5b51b9,52,868,7,125,4/5,0
HWS-002-FIFO,8,164,FIFO,limo01,1784027765807851158,1784027848040197430,0,0,82232346272,8,-99.43,2.21,0x4f852d7f1ce53b48bfc25c894cf09df66c1d5e46d5c8739324cd9b8bb3a8876f2d3198a775135713830369b286fdf23c46596c4f,52,868,7,125,4/5,0
HWS-002-FIFO,8,165,FIFO,limo01,1784027767326312456,1784027883505875047,0,0,116179562591,8,-109.82,-0.07,0xd7b8fcb12e56fd6a78c126dea2bac8279253dde676cf57ce119940e9fee23b11797e89444d084b0222bed4bcfeb57f5de0d88005,52,868,7,125,4/5,0
HWS-002-FIFO,8,166,FIFO,limo02,1784027773454390838,1784028007369195167,0,0,233914804329,3,-101.26,11.12,0x2b33b252a5b16b89ed174fe6413873a6a9f50a674aad42be53e11ef8864a5ea8943b50c7551d2916371adfd3875e17be0721542d,52,868,7,125,4/5,0
HWS-002-FIFO,8,167,FIFO,limo01,1784027776136692329,1784028007065615462,0,0,230928923133,8,-84.28,9.07,0x8eaea942af13e2e5d0ce830999fe8dfb05037a2fd456b01ee8da30cf465e4f11211589f7b8e540640e55860e6187a8bf67edf68f,52,868,7,125,4/5,0
HWS-002-FIFO,8,168,FIFO,limo01,1784027778264480176,1784027854855469826,0,0,76590989650,1,-108.61,3.90,0x7dd3e5d03a85989ac649ce254dbf5b183b2b4579aac2d89ea010590707f12bee723f5bbbef624f26b76e1f79b5eea819860f31ee,52,868,7,125,4/5,0
HWS-002-FIFO,8,169,FIFO,limo02,1784027783198720275,1784028269439087269,1784028269439092246,1784028269610269348,486240366994,9,-97.86,7.00,0x8201434720d323b6bfdc10d211fa7b006c28df84e7d58f522c60ea9ed1e278764daf1460cd3836fad9a8027133a7471f0001e0d4,52,868,7,125,4/5,1
HWS-002-FIFO,8,170,FIFO,limo02,1784027785117644989,1784027990221864721,0,0,205104219732,7,-100.50,-1.06,0x4bd5bfdf73eaab3a4e4d3516e88dcf3d45192c23b5a11507478956d6e32b055b134de7b51c0a5a021b0d8f784288d66c4a5b0b06,52,868,7,125,4/5,0
HWS-002-FIFO,8,171,FIFO,limo01,1784027789104018502,1784027923361471014,0,0,134257452512,5,-94.45,8.37,0x6f9785f0c9459089f89671cec857a60de4a004c81f96d57dfe3230bf684d8209511c72b301c207da3837f8013820ba05f47f4af6,52,868,7,125,4/5,0
HWS-002-FIFO,8,172,FIFO,limo02,1784027792988088366,1784027939504472471,0,0,146516384105,1,-86.69,-2.71,0xec7ba366afd5b98214010ecf03f588815cf07b6ddd6cd50519030f560519d3bc7756092e5ce9eb060f6146bcaa5019afa9f9e7ab,52,868,7,125,4/5,0
HWS-002-FIFO,8,173,FIFO,limo02,1784027797331006893,1784027967748760232,0,0,170417753339,4,-97.83,14.66,0xde133255985941b779851af8e0ca8dd12a4a16f9a7850d5ccf721937873f9f292e535bf37d5ff787c2c6d59c135cd4a3b8c85272,52,868,7,125,4/5,0
HWS-002-FIFO,8,174,FIFO,limo01,1784027798373919200,1784028010717959874,0,0,212344040674,9,-96.86,-0.29,0x87d0f616d44fb8408706356f3cc9ac37aab13a996d95897326f0336184d4009372b38eff39b3084ae5a862889558909dd4ceb98a,52,868,7,125,4/5,0
HWS-002-FIFO,8,175,FIFO,limo02,1784027803145943971,1784027873466567383,1784027873466568391,1784027873641118060,70320623412,9,-84.16,2.65,0x793d0d8d4ff2478a032703b947f4b80a8f15a7e229eb30d69436624b19c29d58229a2a50e14e6cb5b88a106c2bdf22410634fcd9,52,868,7,125,4/5,1
HWS-002-FIFO,8,176,FIFO,limo01,1784027806625763163,1784027955313021163,1784027955313022278,1784027955483173734,148687258000,4,-85.31,0.21,0xa734a93af300622d5486f173edfef965e067d41a1b6e749cc9edd18b08205dafa634f940da08f3d0acd20db2452bcb86c6c778d9,52,868,7,125,4/5,1
HWS-002-FIFO,8,177,FIFO,limo02,1784027809538388162,1784028192286024659,0,0,382747636497,1,-84.72,11.51,0x06365760f105354010296bcf648fb0f13356d48d5af1619cd1cbc81bd7163dcf122f4ad0dfe002d6788721a8dfb3bb3ac040c200,52,868,7,125,4/5,0
HWS-002-FIFO,8,178,FIFO,limo01,1784027814726989327,1784027996988757009,0,0,182261767682,0,-83.50,13.48,0xb433d6e81732c2c2f59016885d3bbc69dbf1fde06c52080ad3810efd0ada21db29ba98600fe17cdd0a24ccb6c97ad1d0bd84b8f8,52,868,7,125,4/5,0
HWS-002-FIFO,8,179,FIFO,limo01,1784027817307011776,1784027923647112910,0,0,106340101134,10,-99.58,9.49,0x975b637330b12cd3500c4f6aee31d4996abaa4da9e082876eb0dab7b12a7661e0bb4a2309159ba11474a2dd8fe690fe879e019bc,52,868,7,125,4/5,0
HWS-002-FIFO,8,180,FIFO,limo01,1784027821243303133,1784028421243303133,0,0,600000000000,9,-86.21,0.20,0x779e38df85756c651440278ccba2a63ba52d04c0012422606178619a25b65223733c12f0a70ebe1ef47dc5042794470498369a60,52,868,7,125,4/5,0
HWS-002-FIFO,8,181,FIFO,limo02,1784027823549111153,1784027999118496625,0,0,175569385472,7,-96.46,8.29,0x814c6fb409d57fd055f2053861aa125d9e1d473c2f27e59889271a2d2cf243595827a1328c5202aaf07e4501472da4bd7c122732,52,868,7,125,4/5,0
HWS-002-FIFO,8,182,FIFO,limo01,1784027830907817338,1784028035623882759,0,0,204716065421,1,-107.45,0.64,0xe27d1840136c7cf0141eb4bd08c9300a1c285ba7b07efe681e30c00d629c527fe2dc83851d197522ecd599afc31064a8f619efeb,52,868,7,125,4/5,0
HWS-002-FIFO,8,183,FIFO,limo01,1784027832633660192,1784027984471372597,0,0,151837712405,0,-104.06,1.83,0x3e47ee543ef224f17387ebc8cfefa1632124331c3d80561963a0af8a7204db91e6d9a1e13cc3252e9e13941be3a514a4bf0c5134,52,868,7,125,4/5,0
HWS-002-FIFO,8,184,FIFO,limo02,1784027834414447523,1784028019532259903,0,0,185117812380,6,-104.69,11.39,0x9134661635a4f1fd880915b4246c848e25f7ef4ca3392484d1d9cdbd1c7ec2d04d61df07a89048af985ae1c90124aaf8a86e542d,52,868,7,125,4/5,0
HWS-002-FIFO,8,185,FIFO,limo02,1784027840078024625,1784027967203219623,1784027967203221100,1784027967376502581,127125194998,10,-90.38,2.21,0xee60e541019a6105e8dba3b0f1c4caf7423d002bb67d86b0fd6b1616e42c07ae48cf65199f8b6d837d08dd1c007a32fbf4a569e7,52,868,7,125,4/5,1
HWS-002-FIFO,8,186,FIFO,limo02,1784027841834440728,1784027911526424396,0,0,69691983668,4,-93.48,3.59,0x9d43277e500aee9b826d4b049b2c3d8e41af98b7bec2019728914888139da959d0994b6634097935df8780da8b7830fa83731254,52,868,7,125,4/5,0
HWS-002-FIFO,8,187,FIFO,limo02,1784027847590402415,1784027934904553641,0,0,87314151226,3,-94.22,10.10,0xa2ef68221b488bfd0e2c304415436526c36c57adeb397d4aae625dd7b3eb0b9c537fb57624afecaf30948d00c4b65a6e45c0e009,52,868,7,125,4/5,0
HWS-002-FIFO,8,188,FIFO,limo02,1784027851145361773,1784028149185099497,0,0,298039737724,0,-99.52,13.71,0xfef8af2f611f8ebd69fa22c649bee2f3326451aa89e97efe7ade5cf718359f2b10f69910e3b151fa9321bfae295e113fdda82da1,52,868,7,125,4/5,0
HWS-002-FIFO,8,189,FIFO,limo01,1784027854996125680,1784027975982632616,0,0,120986506936,4,-101.40,5.46,0x88e32e6b49e54ebdb4deb34c5dd8f593663b62fe347f21830532953512dad92da2a622874ac166b34d9bebd55a4d33e763aa37b6,52,868,7,125,4/5,0
HWS-002-FIFO,8,190,FIFO,limo01,1784027857988314958,1784027955177351336,0,0,97189036378,7,-94.57,10.09,0x47476cf358247bc0615164f1f2439832a3285c38d49f1f0d001371882a9cf13d399f9083e49a913165b0e56e0a46cf3149575fdc,52,868,7,125,4/5,0
HWS-002-FIFO,8,191,FIFO,limo02,1784027861684115850,1784028207996318434,1784028207996320062,1784028208167491017,346312202584,8,-105.50,0.91,0x2e613d92ceb51e66e12df11b6ed14fa32c89d06f7c6eed8d8342432109d4f0f7e62d494f7f328f28f9b08489f24e1ca08c361a02,52,868,7,125,4/5,1
HWS-002-FIFO,8,192,FIFO,limo01,1784027865921421269,1784028010125137793,0,0,144203716524,10,-109.68,11.33,0x3d005247e7bd8ae49bef102ced657918154ab2bfd05d6f0807638c8178cafa6b0ed9b28f513c79cdfe82940d9e92033cccdc0b63,52,868,7,125,4/5,0
HWS-002-FIFO,8,193,FIFO,limo02,1784027869914583324,1784028023619284493,0,0,153704701169,2,-84.79,-3.76,0xbd0772570b2862182cba6c5b3ac56df11af59634c7145d6ea56dd862feea00c0a8ba907ae4be6b9ba9f7d500ba65c3abb66aa30b,52,868,7,125,4/5,0
HWS-002-FIFO,8,194,FIFO,limo01,1784027873687106208,1784028018844623233,0,0,145157517025,0,-108.59,-3.05,0x701cb6971863e5c313570663918b9e3309b7ecbbbbdbfa46596ec18733bf0a8cb1f0636544404ba8bf04fef4460b4b948a5881b0,52,868,7,125,4/5,0
HWS-002-FIFO,8,195,FIFO,limo01,1784027876220953188,1784028006953016067,0,0,130732062879,8,-88.94,2.39,0x1fc14fca89a284e89a1fd23ae15544372de4320a2a20c844f3d38b7a693d1de7ab755548e3ebdc50affb5a11ec02ff08babd0be9,52,868,7,125,4/5,0
HWS-002-FIFO,8,196,FIFO,limo02,1784027877327674539,1784028019868495953,0,0,142540821414,4,-88.13,11.79,0x61da4e12f320ed7d3eb04df78f461295c63a5027ca1ddc8c47f964d5987ba05ea9a39f1d21e5100e9ac059273f3dd4e986da849e,52,868,7,125,4/5,0
HWS-002-FIFO,8,197,FIFO,limo02,1784027884179425846,1784028051260147247,0,0,167080721401,10,-108.36,-4.25,0xb839465066c910450a9be7565959aed223062171628f67c81c2a7a0faa0e0607862a23d407f2f48c96d83c4175fa105c6dffd9b0,52,868,7,125,4/5,0
HWS-002-FIFO,8,198,FIFO,limo02,1784027887747665550,1784028022658142353,0,0,134910476803,7,-100.11,12.82,0x6b801b5c4ac8288c59a2736ef3401f1a347955902c3328b7b0ca9ce72db21fee85dc16373dd719899dcd9ae39428b1010397a289,52,868,7,125,4/5,0
HWS-002-FIFO,8,199,FIFO,limo01,1784027889363896222,1784028489363896222,0,0,600000000000,6,-85.36,-1.57,0x394eb020ccb0b2a369f789ac6821363509bb9858dd543b04e43ee3c8d7e6eba1d1fab29f9910be955fd3ee30882358a9be000bf4,52,868,7,125,4/5,0
HWS-002-FIFO,8,200,FIFO,limo02,1784027895031222438,1784028154583820130,0,0,259552597692,10,-97.17,8.54,0x652b20d6353007f3af98e8272c1a98cd825e9b88126bc72f52140c9937f3e9bac987a4cf6c29bd9bde1e44770d980e5b95d5c49c,52,868,7,125,4/5,0
HWS-002-FIFO,9,0,FIFO,limo02,1784027898030430776,1784028041392481011,0,0,143362050235,10,-86.28,13.88,0xcfdb547f0368d8141534fa4e99cdbe6a563a367a2324577b4ec44c454bc1f3d2216e6e63eb52f51ba10ace69b87c9c5926605ae5,52,868,7,125,4/5,0
HWS-002-FIFO,9,1,FIFO,limo02,1784027898846003159,1784028035390204736,0,0,136544201577,0,-100.44,2.07,0x98bee65c72ee69226dc20d47912bbbbb177e942538bfd95d66203c5dbe10ee2c416c18b5f816730a4e91f91c677e6ea1110ed352,52,868,7,125,4/5,0
HWS-002-FIFO,9,2,FIFO,limo02,1784027902944650502,1784028151129416471,0,0,248184765969,7,-97.69,2.23,0xa0e18607025109806d7c5d385b4251f5ce5d6748ce76d28b0882fefe54a16cf406af3ae467ac4e29b1c1324758f98dbb7629d0a6,52,868,7,125,4/5,0
HWS-002-FIFO,9,3,FIFO,limo01,1784027907981351427,1784028109944040118,0,0,201962688691,3,-100.78,0.21,0x259c1c83e2a5dda91da53b9abba174b6b7846098d335988def00e54415eb3b4dca642184676a88c5065951020ced16f9524c2e2e,52,868,7,125,4/5,0
HWS-002-FIFO,9,4,FIFO,limo01,1784027910485153936,1784028310855460905,0,0,400370306969,9,-107.11,6.34,0xd71ca82d6d63ea53b45f5441190b67a3dcb375ea022325e1d71f5402a34d8d41b838585e63de6374bcd1f461732620d2dfb20d86,52,868,7,125,4/5,0
HWS-002-FIFO,9,5,FIFO,limo01,1784027912385488980,1784028097271752391,0,0,184886263411,4,-92.64,-3.26,0xf63ba0932468cffe193264304970c3dae133aec74cdcf44786a72826922421492d79b96cbac6f3d5cde250ae73967bb5809c4dad,52,868,7,125,4/5,0
HWS-002-FIFO,9,6,FIFO,limo01,1784027915197133614,1784027974598611924,0,0,59401478310,0,-102.26,-3.14,0xa6af69b7449341733ab160e202a232a51bc1bb7ef8bc06a7a10b15e6016c0f5a0d36cfbcaffa42c131a1c038d47547a83a2bf426,52,868,7,125,4/5,0
HWS-002-FIFO,9,7,FIFO,limo01,1784027919929094102,1784027970338333534,0,0,50409239432,5,-81.21,-1.23,0x21764f6c676a9c6407f937da9debee5dd07981f707489bd8191286e0c833a0349cefaca28f72b13520f80f767217c758f6a9a114,52,868,7,125,4/5,0
HWS-002-FIFO,9,8,FIFO,limo02,1784027924229754871,1784028083188813156,0,0,158959058285,2,-88.23,12.12,0x7de7fdd9e86243ebf42990ce67965dde86fd04a89bcd9f7921aec72e39125458fc92b7155e9164d95a8b7c46d1d9971da8324db0,52,868,7,125,4/5,0
HWS-002-FIFO,9,9,FIFO,limo01,1784027926739669305,1784028088510895397,0,0,161771226092,7,-84.48,6.52,0x717ce05a51e16d07b7d2355b9bc0baf49f6905317f960e8f35bf7d63da27792204d1099865e37275d59ea087fb026b0491073d6f,52,868,7,125,4/5,0
HWS-002-FIFO,9,10,FIFO,limo02,1784027932108953750,1784028052852620186,0,0,120743666436,6,-96.68,1.28,0x34c64ce96f683af2517455093f405525adfb60a4a0383238bc81fdebc5f4189c241500a98bb4ba47917e9384ea6fa4bd8a22f663,52,868,7,125,4/5,0
HWS-002-FIFO,9,11,FIFO,limo01,1784027932809741917,1784028188915564515,0,0,256105822598,7,-86.53,5.69,0x2bc4fd8533f6c5498d2ab29a584285a9492e2f65e4906ec8aedbe00239f41d07ffbf2a7809e90b93841048029853e46b967206e2,52,868,7,125,4/5,0
HWS-002-FIFO,9,12,FIFO,limo01,1784027938331576381,1784028029713384635,0,0,91381808254,10,-82.16,8.34,0x4cf3ce98990c73f37c490806bf79bcb08c51cf3735626e926e66dbb2e7458c1e346da05c07587a19d570908e8b48d888a488d70b,52,868,7,125,4/5,0
HWS-002-FIFO,9,13,FIFO,limo01,1784027941468498805,1784028216409450686,0,0,274940951881,9,-95.11,9.62,0x353fc89afff258b2a8dfe9261e7981991b32e9864d35d2124a6edfb4422e81ff708bdc19b8c40be768e0a66feff723a770696027,52,868,7,125,4/5,0
HWS-002-FIFO,9,14,FIFO,limo02,1784027945710363378,1784028366475955435,0,0,420765592057,9,-80.08,13.89,0xbfa961e2ec22893536deb1b93455c569790ee3a15c87a0e184c694da8c4054dfb22b31e7822f4324b1e130de903d1a505d8a7d1e,52,868,7,125,4/5,0
HWS-002-FIFO,9,15,FIFO,limo01,1784027948293740950,1784028163301287469,0,0,215007546519,4,-89.84,-0.91,0x0b12858d3c69f3401fc24d7140f7d8fd923c1d67367979ea03160ac1af2974555a4760ff092bb34245d10643aa55409e0f82a4ad,52,868,7,125,4/5,0
HWS-002-FIFO,9,16,FIFO,limo02,1784027951877764860,1784028157348363400,0,0,205470598540,7,-88.34,11.76,0x6496945516afad12ead6410d7871687fa70837e240710a336b13b65735b3fa359c2572a249e895052844b0571f1ae0ec7392fcae,52,868,7,125,4/5,0
HWS-002-FIFO,9,17,FIFO,limo01,1784027954230585042,1784028023728402092,0,0,69497817050,9,-88.84,8.07,0x7518c7a1497cfa541ea34d5ccdecae7ec6c3f41f6dbd082280728b35c7c71eae2736424f4f2cba45ec54dccece8ad53170dd0b8b,52,868,7,125,4/5,0
HWS-002-FIFO,9,18,FIFO,limo01,1784027955695911501,1784028097355504384,0,0,141659592883,3,-106.36,-0.20,0xab821c48d60fc9b4de9d1217abed623539a8242d68e5154e13158b81ad8585e62960854be67bf404f9889a8b048e9d62e71dd457,52,868,7,125,4/5,0
HWS-002-FIFO,9,19,FIFO,limo02,1784027960948074888,1784028256432768073,0,0,295484693185,1,-103.50,9.47,0xcd6ddafeccf3ce9b0a2a9eabab979796c0a6457baa2dfa866bb6e69d48ae3041b42fffe3f8115ecbb5ad9b4dffe870f03738df51,52,868,7,125,4/5,0
HWS-002-FIFO,9,20,FIFO,limo01,1784027962737807077,1784028073837006545,0,0,111099199468,10,-80.97,0.03,0xb331b0bed077bdae4cefa4218e239bff3f9ea68eb2708bcb48d15b9180880ff5e2e89ed4e9f25d9d14d67c7e042bec86e815d998,52,868,7,125,4/5,0
HWS-002-FIFO,9,21,FIFO,limo02,1784027967816937807,1784028567816937807,0,0,600000000000,8,-109.65,10.56,0x17eb381ba88eb953dad2b4308c9648bcccfb606d23378405c0cba386779a99a53194bd5c32ea76dc1cf826e474f0e58b8c6d3451,52,868,7,125,4/5,0
HWS-002-FIFO,9,22,FIFO,limo01,1784027969175065282,1784028086804062748,0,0,117628997466,0,-87.88,4.36,0xe189ebc394041639563ef2c5f2c1c1799bec0255264811a851fad5d3dec42a29981f4d60b5222d3abc5e82692148e9c3a29323de,52,868,7,125,4/5,0
HWS-002-FIFO,9,23,FIFO,limo02,1784027974216808881,1784028076270167712,0,0,102053358831,0,-85.00,8.44,0x03e7a6237ac3a04e1357f43eda2c413d779fe904ea080e795dedb05e71ba825e464603158ea92a7a4d70fa178ee72598bf67b15b,52,868,7,125,4/5,0
HWS-002-FIFO,9,24,FIFO,limo02,1784027976754229246,1784028037264291819,0,0,60510062573,8,-109.36,14.74,0xbb7086fe9557aad1a205b3933f731aff570d49f9ee07443f313faf434cb9ad1446ca128c8f7786bd0adb57da7b2cdd9133f2570d,52,868,7,125,4/5,0
HWS-002-FIFO,9,25,FIFO,limo01,1784027981609699959,1784028195790528945,0,0,214180828986,8,-81.86,8.66,0x64657dc37e1a19ca7d633dc62d8562f857bef3f5977f3c3f1e82654cb5e70dac449c862cc0d2d587fdf8c4cd869d4d9c570ff11b,52,868,7,125,4/5,0
HWS-002-FIFO,9,26,FIFO,limo02,1784027984003336599,1784028128278401815,0,0,144275065216,6,-89.10,-2.70,0x39e3f5d4cebd04a7c02709dadb002aa013f6f1402f6e243cbca54af905a8e6f15c55a4034c6b8a71133377a1e2b5cb2141d2202c,52,868,7,125,4/5,0
HWS-002-FIFO,9,27,FIFO,limo02,1784027986710352830,1784028146127700851,0,0,159417348021,10,-104.30,10.54,0x1c08e64e43f077c2bd082ce107ad612e3fd47a8d0ebe87631b2ef7ce69cfd899c9c4c2f6af08ac364f05e02fbbfac47005e5b4cd,52,868,7,125,4/5,0
HWS-002-FIFO,9,28,FIFO,limo02,1784027990152970278,1784028087233509824,1784028087233513198,1784028087401918582,97080539546,0,-98.15,1.14,0x049885bc18dbb60d16f9ac4cec353dda8616aba65d4a24e49ca58ff98fdf920dd1532d372d4950792176c281647bd3e17346f078,52,868,7,125,4/5,1
HWS-002-FIFO,9,29,FIFO,limo01,1784027995256116946,1784028145710822142,0,0,150454705196,10,-90.95,12.13,0xb6899d17ead0f4b16d9a0d69f7ef6ba96058b648f7a5871118b5426336afd9a779381fbc35aca236e80b3e96b21fb4a3a3b9ec03,52,868,7,125,4/5,0
HWS-002-FIFO,9,30,FIFO,limo01,1784027998711857895,1784028263565067412,0,0,264853209517,4,-98.08,-2.75,0x75e2ad6de77e72fa627ab0dc7a5edeb5592aba499eb34c37b1efb534f961ddfad9fdee684fa7830753c30a1959ace8101dc100c2,52,868,7,125,4/5,0
HWS-002-FIFO,9,31,FIFO,limo01,1784028001499811535,1784028450810085644,0,0,449310274109,9,-99.29,-4.99,0xff876081c5a9506cc2c3a5d9c8ea6993288fd0f49a11c2d66a3f75bed1be56d145d6e467d7517da3b523ee05394c8e66e27cad09,52,868,7,125,4/5,0
HWS-002-FIFO,9,32,FIFO,limo01,1784028005826898882,1784028344461058212,1784028344461060431,1784028344632328818,338634159330,6,-93.21,-3.07,0x044669ddba8a5cd7c7bf750fc1f6b2283bae01ed57eb30d05e02024c7e192b2e9140ad3eced4ce54292a008833e6d579365e0412,52,868,7,125,4/5,1
HWS-002-FIFO,9,33,FIFO,limo02,1784028005801050517,1784028238200250238,0,0,232399199721,10,-87.81,11.14,0x3d78b9860b5b665176111f6cc80205e8d8814905b12c3a44302d03a02a1b0bd604ff2becc3fa8de2802b517c6159e46065e2a061,52,868,7,125,4/5,0
HWS-002-FIFO,9,34,FIFO,limo01,1784028010342616861,1784028273617384331,0,0,263274767470,4,-108.07,13.42,0x726302f3f67433a0d8563e2e25a4f9db203b6f2e37cd95d9e953f49a08885bc45f931d01558e0821e83939abc312f7c5835a0fa8,52,868,7,125,4/5,0
HWS-002-FIFO,9,35,FIFO,limo01,1784028015975177127,1784028071021913502,0,0,55046736375,1,-88.85,13.22,0xa8a012296bf02ce219110862a972634b6f41f1e15610af0f9da811a0d57403020ae1ca281df4fd543b1738f92546b775929ae81a,52,868,7,125,4/5,0
HWS-002-FIFO,9,36,FIFO,limo02,1784028016297497947,1784028177542194907,0,0,161244696960,4,-94.56,6.69,0x996f643480f4a029f28f09600de83547b4fffef8d9db4ea7ef0c767acbb4a11d23b83d47ba4668bd09c9174534f53e5bde270ba0,52,868,7,125,4/5,0
HWS-002-FIFO,9,37,FIFO,limo02,1784028022812366230,1784028283522849242,0,0,260710483012,0,-91.38,-1.55,0xf05c5838eafecd32d4b41238ff1870b62792f5ddb3dc5c3e738a79de2397e4bc394b8f6c2f6e4df4ef1bba8995e6025ec4b0c75d,52,868,7,125,4/5,0
HWS-002-FIFO,9,38,FIFO,limo01,1784028025616320007,1784028105241663162,0,0,79625343155,6,-99.38,-4.91,0x43f38d52e941cd3d60ce022eb47c0f50a7c632094f922f7ca634e490a5692a2c49ff4864145b23965e48160938776c89cfaad665,52,868,7,125,4/5,0
HWS-002-FIFO,9,39,FIFO,limo02,1784028028567398360,1784028265773292511,0,0,237205894151,10,-83.02,2.32,0xa3d8188c8115f189f0bc8308d5dc0bc3e2562e1993c361b8edd324496a97fc2f07446e0376ed09f4930cd250b01d383d8e4e2a95,52,868,7,125,4/5,0
HWS-002-FIFO,9,40,FIFO,limo01,1784028031575578052,1784028140309739968,0,0,108734161916,5,-95.34,14.17,0x3d5b70414a61cc80ea66d217a2213b3715512ba186a4257705e528ed79a69f5d5363494e5824e0bf17f76b77220534744da9bae9,52,868,7,125,4/5,0
HWS-002-FIFO,9,41,FIFO,limo02,1784028035625754076,1784028274237826318,0,0,238612072242,1,-98.93,1.49,0x4c509cd300c54bd765c4c73f7cf3349103b68fabd1e8823f863086e4ef9970babda53eefeef3996efb95484f2f0e13a3af3234db,52,868,7,125,4/5,0
HWS-002-FIFO,9,42,FIFO,limo02,1784028038507614202,1784028213786478984,0,0,175278864782,4,-105.16,1.93,0x7aaafdc3fc83535315691db0e0a08e9522e7f622cc12436b62155edb9eab03846a5d930fe68d3311b61284e2f3488e00d608a17d,52,868,7,125,4/5,0
HWS-002-FIFO,9,43,FIFO,limo01,1784028039214559306,1784028163984877493,0,0,124770318187,8,-102.88,5.90,0xac6062539eeab52f30958e92f9c888b766fef665dd61b6f721221f6cd0690519ebd6bdcdb261a4884f4bb63b3b2c6dfde55fa2fa,52,868,7,125,4/5,0
HWS-002-FIFO,9,44,FIFO,limo02,1784028045306122097,1784028177289644885,0,0,131983522788,4,-109.94,-3.77,0xc02d264f42a0cec74fcb6314997570e7947d40a1a5e8d49ec609f0c666d2be30cbe854b6fe12c91cd6901db5ac4de2fe52dec019,52,868,7,125,4/5,0
HWS-002-FIFO,9,45,FIFO,limo02,1784028049324544654,1784028115759423472,0,0,66434878818,9,-89.44,9.37,0x71c3a5bd8dbee65ab5982cb30ccdf0b69f608b2e364273be8d15f4ac85a5293df5f9ec07bfeae187db2be86c43f29b857a9aa0a0,52,868,7,125,4/5,0
HWS-002-FIFO,9,46,FIFO,limo01,1784028050001003606,1784028169190207168,0,0,119189203562,4,-84.13,10.64,0x87a3fc7337d0531512c75fd329f61bdb24711ba4262e293eef5f65b5c6b0290423d7904e567362ac34756b84a0ad5c264400acc1,52,868,7,125,4/5,0
HWS-002-FIFO,9,47,FIFO,limo02,1784028055565527103,1784028208814357476,0,0,153248830373,10,-97.00,0.71,0x1248c9159ae57c8f264b7f78cae52cd35cedf22a7600446257de6ca15f75b25093a7f2c267bd3dc5e4fd6c8563e977a3ad284749,52,868,7,125,4/5,0
HWS-002-FIFO,9,48,FIFO,limo02,1784028058323437744,1784028192841102908,0,0,134517665164,7,-80.41,12.03,0x3d66bf76dde5b37c4a1667505c104c1c4af46a33355fb3dcc9f1c12ff82dff6af9c1a349b3a406c97bec5828b8c2bfaa324eca94,52,868,7,125,4/5,0
HWS-002-FIFO,9,49,FIFO,limo02,1784028059112763538,1784028180900984307,0,0,121788220769,2,-81.29,8.93,0x45fdcc372c6499962afe2dba1217065483eea16fc0e9e6f59e21173c7bac4848e8a8de469ea4e49c3b6cf8251063443df6a9a1ac,52,868,7,125,4/5,0
HWS-002-FIFO,9,50,FIFO,limo01,1784028064430445201,1784028230171446482,0,0,165741001281,9,-100.64,5.12,0x61cf136af1cc632eeed39ae8b7230716f47596672e02dc687b5154ef7495aa59cddcc66904fa6108070d820cdc545703322ae45b,52,868,7,125,4/5,0
HWS-002-FIFO,9,51,FIFO,limo01,1784028068540957210,1784028238915610283,0,0,170374653073,8,-95.08,0.72,0xbda9a1ea3686ccb4b5d8fa14e1ffd296e05eea87a630f8a3f5f383d2c8fa983583cf327221f0fcb65bdc02b6d45eeb1751fde14d,52,868,7,125,4/5,0
HWS-002-FIFO,9,52,FIFO,limo01,1784028071341239767,1784028328069564694,0,0,256728324927,8,-84.47,3.80,0x8f779763a05e1e3e347a0b7764db978b94cef8d59789f636468b15a46a68e947fdcfa7380d76c53bcf0db622b9b4a547bbbe90c2,52,868,7,125,4/5,0
HWS-002-FIFO,9,53,FIFO,limo01,1784028076409537352,1784028230508218735,0,0,154098681383,7,-107.54,1.90,0xb976d32c559b42d46be65c93225b3b06c653dfc7ecdaed01e43fe6551e395266e8ae1dbe47a89ee5ba894be9c8efd5a2190347a2,52,868,7,125,4/5,0
HWS-002-FIFO,9,54,FIFO,limo02,1784028079512799717,1784028199113940695,1784028199113944104,1784028199285309676,119601140978,5,-92.69,11.50,0xefc524642e2f371ffc6edb8096ee1f1c01a0bb1b64d89744d525eff1d6be9724b1bed960dc6f33932e10062eb27e0c29b8523c65,52,868,7,125,4/5,1
HWS-002-FIFO,9,55,FIFO,limo02,1784028079343830583,1784028247899588508,0,0,168555757925,9,-95.44,6.32,0xce3614ffc1307babbe3f0074a3c5e3354a1b453b0ca47378b72c85b5081b2cf8f8066c5574957499f77fff5382523fcd33609087,52,868,7,125,4/5,0
HWS-002-FIFO,9,56,FIFO,limo02,1784028085868946981,1784028326949912159,0,0,241080965178,4,-105.94,-0.09,0x2073a2adb83dde3db8187484c654850d119bfa4c3b3613f05e7fcc89c345ab09346806321b0b20cd8634884355b08327406f1626,52,868,7,125,4/5,0
HWS-002-FIFO,9,57,FIFO,limo01,1784028086144189800,1784028208183169385,0,0,122038979585,0,-99.51,4.43,0x8400ae3c3af87c4198cda0d3c2dc8dcde97af211737e780330db8eec436ff6a64b57b8dda24992dcafcbb77eff8d8e2429992104,52,868,7,125,4/5,0
HWS-002-FIFO,9,58,FIFO,limo01,1784028089527374261,1784028182177887262,0,0,92650513001,8,-108.67,12.21,0x5259e85582503151aea724dc2063ad63c0540c42c2bb0fb7b1d051d88a63fb18b938194c9c29bdebcc73fd2c0d261bab81bc6004,52,868,7,125,4/5,0
HWS-002-FIFO,9,59,FIFO,limo02,1784028095461264278,1784028303096480682,0,0,207635216404,1,-93.83,-4.10,0x912e870613c7a2b5eb50e3e5106ed6166b7b53e74535c2deec01b9744d8ba2178d144b5ad4e5b3d260b70dd39a0765d99f5f9c4a,52,868,7,125,4/5,0
HWS-002-FIFO,9,60,FIFO,limo01,1784028099907380383,1784028247485010771,0,0,147577630388,1,-84.19,-3.27,0x795622421cac31555028ce1ed0c752828da15eb82d6c65d66214b77a1da75f9308773910583f97f93e1a5817356f12f69688318b,52,868,7,125,4/5,0
HWS-002-FIFO,9,61,FIFO,limo02,1784028101284485121,1784028340354969011,1784028340354970631,1784028340529955849,239070483890,6,-83.95,7.90,0x397a77589e65da56c5ea688e1fb5dd68e99a1a6771619e2495a0b76882044f450772fd423ff35e3d9c6556baae2e6a59498153a1,52,868,7,125,4/5,1
HWS-002-FIFO,9,62,FIFO,limo01,1784028104644022326,1784028253544241330,0,0,148900219004,6,-107.32,-3.60,0xd593dc45c608951de4fbcf5a05ed7975bd8974d6ac53cfa0afa6a9587d9276ca6c0308129211b7a336d9800f215fc6e6c2ac32e3,52,868,7,125,4/5,0
HWS-002-FIFO,9,63,FIFO,limo01,1784028108350602561,1784028205872135956,0,0,97521533395,3,-88.22,-3.83,0xa45df0e6cfb0a51053e5f1526d66d949b93529ae3cf3b3f327acb3675879b132f278d3a4cdacaaa011c0e179d56259d5e6057be6,52,868,7,125,4/5,0
HWS-002-FIFO,9,64,FIFO,limo01,1784028109562718600,1784028381107152800,0,0,271544434200,0,-90.66,11.46,0xdcaba2f643bcd832e066f2b90ad36fa571a2651fa5578fa4779ad66645181df2c2549c8f9dbe762c5fd9053cc8bd25e1f4d8d1c0,52,868,7,125,4/5,0
HWS-002-FIFO,9,65,FIFO,limo01,1784028116337671149,1784028243112525139,0,0,126774853990,3,-101.41,-4.63,0x41692b7b99dea367aa295b772c3e8ff13bf3c4637cc712d4183530cf6fb959023c228bd091e2eb77eb130f969c1913203efc0227,52,868,7,125,4/5,0
HWS-002-FIFO,9,66,FIFO,limo02,1784028117588504625,1784028225986542952,0,0,108398038327,10,-107.46,14.13,0x6b260bd9a924b515183046df6c4519cade985d2545dc0551377c9911af2d72700ffca63215cd60510604865d46c7ba6f04879044,52,868,7,125,4/5,0
HWS-002-FIFO,9,67,FIFO,limo01,1784028123018749873,1784028416767403841,0,0,293748653968,0,-90.98,10.61,0x38c6c516b242bcfc9d40fdb60cd445a3fc9e6c053b83b97781a9cd423f6cda713237f47a8ed1f5014818931e622fd254993bb166,52,868,7,125,4/5,0
HWS-002-FIFO,9,68,FIFO,limo01,1784028123167983725,1784028473148663220,0,0,349980679495,3,-100.19,1.85,0x812c6f0b51dc1d923521c299e2260b2d304627fa536ec2431011ebfef9c8b2e98ae5da31e9e82ebfa83d3aeaa678e15a4ee16647,52,868,7,125,4/5,0
HWS-002-FIFO,9,69,FIFO,limo01,1784028126783506695,1784028255020037457,0,0,128236530762,9,-100.72,12.71,0x60e396ddf3612631c98490dca5fe06780c004898d5fccc93a3e4f331ff0935e80ede85989e7d1b36c9993b17648f7331c1795ed2,52,868,7,125,4/5,0
HWS-002-FIFO,9,70,FIFO,limo02,1784028132005950616,1784028380858733380,1784028380858735951,1784028381029105013,248852782764,5,-81.35,10.13,0x7814afe38a04a75e9514e771707471e8a9e7501ad2408e43a635386259d4cca047e935ec3a94a93b6f733ef941c15cf02654cd3d,52,868,7,125,4/5,1
HWS-002-FIFO,9,71,FIFO,limo01,1784028133652543715,1784028307084513356,0,0,173431969641,9,-96.49,14.86,0x0d99835e9237782712fcccba267b9b5653e5fbf3037abfc25e8e4bf163bd24d12e7576a2573836058e3bdd6e274751ff206dad28,52,868,7,125,4/5,0
HWS-002-FIFO,9,72,FIFO,limo01,1784028136767324272,1784028263692502327,0,0,126925178055,7,-84.45,-2.79,0x2daf457c531f14b29d8f047d4ca284e5a07b7a2b81520777b93da3fa5ff1813adf498154f2a32870d1aef76ebc334f5132bbefee,52,868,7,125,4/5,0
HWS-002-FIFO,9,73,FIFO,limo01,1784028141550224384,1784028244646848558,0,0,103096624174,9,-107.32,2.47,0x0da8c6a77c4d06a04dc6a09cf0d28648bb67718920df3c768213fdc6bc070fa6027067e1e290d2698df229018a17a2ffe7044a47,52,868,7,125,4/5,0
HWS-002-FIFO,9,74,FIFO,limo02,1784028145749899017,1784028435231495458,0,0,289481596441,9,-90.46,3.32,0x03341b944a3abb5bb7906a6617bc02d39f9427e8c8d5ebf763360b0e1a4ba6079573e27bee662e4ce62439a89c9eb8e867e1b833,52,868,7,125,4/5,0
HWS-002-FIFO,9,75,FIFO,limo01,1784028147404998073,1784028396506954066,0,0,249101955993,4,-100.33,-0.06,0xd7f1d79f60486ddb6b53a21a2ad405c214cfa2d4a7b7f14f7fd940d764597262d59e8712533069022560ea9efa3a01623c94aba6,52,868,7,125,4/5,0
HWS-002-FIFO,9,76,FIFO,limo01,1784028149990983286,1784028479080982892,0,0,329089999606,0,-100.64,10.14,0xc65c1b7ba71744b083f9573b9a979670fe3bfee2890257d21cec7744ee999a044de5a0dd59873568fa8a501db872faef169561dd,52,868,7,125,4/5,0
HWS-002-FIFO,9,77,FIFO,limo01,1784028152885787792,1784028238877725227,0,0,85991937435,2,-102.04,1.28,0xf156284862ff33708f57411592de2a10de2d91859cea50a2b38232590b8c9d524cf82b79eb0a13e13b45856b2040c1dec239a564,52,868,7,125,4/5,0
HWS-002-FIFO,9,78,FIFO,limo02,1784028158829415945,1784028272675220274,0,0,113845804329,2,-86.01,2.29,0x755b3b7d98d9164024d880fea391043415d6554246f2f22e526aeffb675204890789dd7acec1f53b7bc14268ef43150729c6e767,52,868,7,125,4/5,0
HWS-002-FIFO,9,79,FIFO,limo02,1784028162215431958,1784028286475043928,0,0,124259611970,4,-103.60,13.98,0xbda195d8afa1254767d5779dd9b9e69010dec3c8c40c20ecea5e387d17fc19335a3b09744fcc9fc6eb4ac0ad1e7c838c98206c09,52,868,7,125,4/5,0
HWS-002-FIFO,9,80,FIFO,limo02,1784028164785106645,1784028393846087316,0,0,229060980671,0,-106.21,-2.36,0x0a3c3f84fd27b502c826516fc8d6a120e0d95593b296d4a290e47da74904da7911fadac8f24c35d00f9fd11ad753fc0fda7a16cc,52,868,7,125,4/5,0
HWS-002-FIFO,9,81,FIFO,limo01,1784028166705669245,1784028420607276445,0,0,253901607200,7,-80.23,11.25,0x10c31aa5298cecacd099ab8f9e5f180b196b16c2863bc19cbbda55d05e492a1fee3375c950f9f09676772ddc118b3fee07623c9a,52,868,7,125,4/5,0
HWS-002-FIFO,9,82,FIFO,limo02,1784028171939363543,1784028301753224176,0,0,129813860633,8,-95.27,10.50,0x408be02061e1c83b9beb4339ed87e3e584db965e996a517907a3555752e2452bdade17fdd1d7cfde96f73b2e1fc4ecd8a623b1ff,52,868,7,125,4/5,0
HWS-002-FIFO,9,83,FIFO,limo02,1784028175183485220,1784028240382672751,0,0,65199187531,1,-92.86,0.41,0x278f754bb9208207f0c41ce0fdcb2d53393c5c2a45527e61244e9440dd58cafeb96cfce7f3eb1ef0bbecbca0b1fe129f016e4b19,52,868,7,125,4/5,0
HWS-002-FIFO,9,84,FIFO,limo01,1784028179915290411,1784028420448944283,0,0,240533653872,0,-97.08,-3.03,0x326b56e7fedd52e838c6d37e09c8d19fce81747fdf0c195752c78fc18147c464c629de7a7878bd92c95c6f13dd276e922ccf4846,52,868,7,125,4/5,0
HWS-002-FIFO,9,85,FIFO,limo01,1784028181757644412,1784028323831810007,0,0,142074165595,3,-104.58,11.87,0x05d89116e51ff91641506ea5b4d116053f247200a54c3eaa9d0f8a893b9948964a939424970dba47f69fb2c7545f3c488ab99476,52,868,7,125,4/5,0
HWS-002-FIFO,9,86,FIFO,limo01,1784028185185556901,1784028243449592955,0,0,58264036054,9,-81.04,6.74,0x9fa67f15765a981fb711bf7ca63c064714d13db8a49835f44ff833e659038a5a1604c9fe39212ab0145bd679de2166b763ee0052,52,868,7,125,4/5,0
HWS-002-FIFO,9,87,FIFO,limo01,1784028190292516576,1784028316184916327,0,0,125892399751,1,-96.32,12.64,0x664f9d0d599d396266008462d7ac38c555b75993376fd15071fca7fa071aee5bc9543e6d7bbd40f88821703180c1fd8eb5799f89,52,868,7,125,4/5,0
HWS-002-FIFO,9,88,FIFO,limo02,1784028190290564890,1784028268472335297,0,0,78181770407,10,-83.05,7.73,0xd11649f5ddee665d7300fb76dbdf70f27e68318c23e7a0906b20596a13bb7db5739fdac51cd60dd835913f0aec321bbb169866e9,52,868,7,125,4/5,0
HWS-002-FIFO,9,89,FIFO,limo02,1784028195669186385,1784028304662630095,0,0,108993443710,6,-109.98,7.39,0xcf6e98dfbca31e7d40abe229f498572fe7cf3c4f05554f158fab002ab303fbf7cb2e6ada7fa1ea24776b4c857502ef5c36e0e61b,52,868,7,125,4/5,0
HWS-002-FIFO,9,90,FIFO,limo01,1784028197296989028,1784028452305021092,0,0,255008032064,7,-92.39,-2.03,0x8579ffa20e372022c4dae523e4d369ffe16505f90f2fd72828fa34ba054b19b664fc3d206c3c69f944469be29b83a6ed7d3cc2fd,52,868,7,125,4/5,0
HWS-002-FIFO,9,91,FIFO,limo02,1784028201476100100,1784028282939053001,0,0,81462952901,0,-99.14,13.79,0xa955cd20fd335ace308900f2dabfc4a85aec99061fcaf08e1d86ea47c9c1b0231030e083d8e59b15836bbb6c8be91acf4be7e620,52,868,7,125,4/5,0
HWS-002-FIFO,9,92,FIFO,limo01,1784028206354536263,1784028696027376497,0,0,489672840234,5,-106.47,1.52,0x56bfb4b624276c5e699777e49966621f7b6e5ac13605ad3babae277f669d708d2ab8c7c1714637f75777e776e96868dcdc4e99f9,52,868,7,125,4/5,0
HWS-002-FIFO,9,93,FIFO,limo02,1784028208000832089,1784028269992933951,0,0,61992101862,2,-87.51,14.87,0x0f1292bb69d4170aeef2aa1392fbaac82f888c0a00a5db15875c776b714d1a6fea7710c9ed0776db9add303bac9dd0e83fc632c0,52,868,7,125,4/5,0
HWS-002-FIFO,9,94,FIFO,limo01,1784028212949876715,1784028435272079410,0,0,222322202695,10,-109.60,3.56,0x279936e0eefca875543b3f8b5ede01e10fa08dbb4eff07de29d132020d8367721397e66b07fbf4845fc335853129c7495908faab,52,868,7,125,4/5,0
HWS-002-FIFO,9,95,FIFO,limo01,1784028213904862241,1784028419725871354,0,0,205821009113,2,-86.47,2.21,0x932621242d141af7653c8893b763aa9b3812d617fd1e41286f630cd86b60f7c2889594e552d70f0eedff005aada5a752c8048d79,52,868,7,125,4/5,0
HWS-002-FIFO,9,96,FIFO,limo02,1784028218836325498,1784028366248475042,0,0,147412149544,10,-80.52,10.36,0x02576d5c50fe3eba001564a13e1b9846928f084e48c2f891f35642c0440f5b3683d765cbc0b109d4b186c8d706c7210c11b75c45,52,868,7,125,4/5,0
HWS-002-FIFO,9,97,FIFO,limo01,1784028222751454803,1784028314165843018,0,0,91414388215,2,-81.75,12.56,0x472d759f3184ee6fbbe187d623ba0b593456e26dff46cec48a6a3dc7cf7fbe781e6af0edf902dc7295e420a484b46e8039050f63,52,868,7,125,4/5,0
HWS-002-FIFO,9,98,FIFO,limo01,1784028224609087099,1784028409052200035,0,0,184443112936,10,-82.02,-1.36,0x0184c0e4ec395e77f8d0c26d69b3f7f162442bdda017679f65a69b3c0036e39f3cdde9d767093da91e101bd470029a7383c57719,52,868,7,125,4/5,0
HWS-002-FIFO,9,99,FIFO,limo02,1784028229270180108,1784028424634795546,0,0,195364615438,4,-89.50,10.98,0xb29f6cd32763f37b76d0e4396ad4b2a7d29489abbd834cc725aefc1e78b347afdfb178636aa53c4134bc19c62f547609ab8c9851,52,868,7,125,4/5,0
HWS-002-FIFO,9,100,FIFO,limo01,1784028233196508579,1784028373697578584,0,0,140501070005,1,-99.03,12.79,0xf5c9d4b774281500be09a5b8d87e5ed1c9c6dc393b942219f91d58937b249f6daecea4df06745e34a6b2789604d3f01e632c8fc1,52,868,7,125,4/5,0
HWS-002-FIFO,9,101,FIFO,limo01,1784028236185837506,1784028324205453501,0,0,88019615995,2,-90.42,10.19,0x48c80e1ce0d67b516dac9b474f31e25d7a002382e1d2135edc0e63fcfa96e6097cb262cd0e9607631eec9e5d9e05348efc6332b5,52,868,7,125,4/5,0
HWS-002-FIFO,9,102,FIFO,limo02,1784028239596378553,1784028454612114799,0,0,215015736246,6,-103.39,5.00,0xd32c3669743779575c392679d0c67c4c7d34546ebb3b9d328e1ac59419296263ff8ab6c717c18220ab515e6d6caa5db7b4b271aa,52,868,7,125,4/5,0
HWS-002-FIFO,9,103,FIFO,limo01,1784028241760210450,1784028342482858259,0,0,100722647809,0,-96.30,0.63,0xff23db28212d0d305ee49e9c8b4fc3fec6b2f819946fbbe0709f65aa5af96ac000d2ff070aa599be31221e8c63f5dcbaf3202ae0,52,868,7,125,4/5,0
HWS-002-FIFO,9,104,FIFO,limo01,1784028244912769030,1784028568135999451,0,0,323223230421,1,-93.85,8.76,0xa922b89ad7d3b2ac3dd88eb396411c653f054d52230565e311cc640d922c20d5f157b6f7ec67cdf6b18d96b4bcb78666862aede0,52,868,7,125,4/5,0
HWS-002-FIFO,9,105,FIFO,limo01,1784028250296800631,1784028342394751521,0,0,92097950890,10,-105.49,-3.12,0xca3dc5e8f0414ec51437db4ea1ab50349902fb199c679cc4de4946a60bad95fc48e64f7da7ad2a56b1d2a0f66b4f3573abf22425,52,868,7,125,4/5,0
HWS-002-FIFO,9,106,FIFO,limo02,1784028250531148030,1784028424664516702,0,0,174133368672,8,-83.16,-2.28,0x767afa850d7a196ecccb76fc54ff7bbe564d15a4126d3ee5b7c9dd1f9621b866c6100a83389f82d6418dddcc129eaf8bc15d2d05,52,868,7,125,4/5,0
HWS-002-FIFO,9,107,FIFO,limo02,1784028253966716030,1784028305217671139,0,0,51250955109,10,-86.37,-4.54,0x319207152693ed0469653ff4570399fb5ea0a9d77042549c534ecff818ac57053ceb0bebf9d0216e9716718b0aa9b46f62ac8d27,52,868,7,125,4/5,0
HWS-002-FIFO,9,108,FIFO,limo01,1784028259583960203,1784028361801654468,0,0,102217694265,8,-98.51,14.93,0x56cc7064864d984ef31ae56aefee4d23355bdcdd6ad5656e1d78546a8678c142861776d474e5cb09cd452a698396b9914c596798,52,868,7,125,4/5,0
HWS-002-FIFO,9,109,FIFO,limo02,1784028260239509518,1784028471994381904,0,0,211754872386,5,-91.46,0.31,0x5ca7f1e3909dfb60a1da9fe72b0a60c88baae3d7f29e03b7355ca463e92608c54f0cc949115e3e8acfb50dcd9e627e45201fd0f4,52,868,7,125,4/5,0
HWS-002-FIFO,9,110,FIFO,limo02,1784028266082463562,1784028428752658104,0,0,162670194542,5,-101.66,-1.30,0x283b3d6cf4f5f34a41742ef8b491123b129777a4f356c7758b3244547b34dc1c069640a4cf7498c0fc5b380f69cd7d44398d31ab,52,868,7,125,4/5,0
HWS-002-FIFO,9,111,FIFO,limo01,1784028266841605798,1784028441354958904,0,0,174513353106,1,-99.36,-0.36,0xe4d4ac7624874257a997b7f4e1b1d6a5275b166bf5e0c144546e70e61480a0f04f332b5e7b40074316f4b6b3f6fee02e0a770a6f,52,868,7,125,4/5,0
HWS-002-FIFO,9,112,FIFO,limo01,1784028270494084202,1784028411955873138,0,0,141461788936,2,-108.74,13.20,0x3cf70a9209d0313ddae585c8e75c252365f2c748381a7d45b1441bb14d08cdae2c289159b98a329a765af0e263403d58683fa1d2,52,868,7,125,4/5,0
HWS-002-FIFO,9,113,FIFO,limo02,1784028275101012941,1784028570016156207,0,0,294915143266,10,-91.67,-4.80,0xb86372114cb2fa6f1b9a3cd893a5eb343b54074b8ef4fca9719b6a0eb73b49c09204112428443a86a110d04adc6234864501d64e,52,868,7,125,4/5,0
HWS-002-FIFO,9,114,FIFO,limo02,1784028280637696153,1784028568362137706,0,0,287724441553,3,-82.09,3.69,0x4fe6ba60319d7ad6e4417b7abe417827c8a9b94ecc7e4287f4b60154e91804bf3210a87be06e30796ce6dd8ff06c050dba117676,52,868,7,125,4/5,0
HWS-002-FIFO,9,115,FIFO,limo02,1784028282334557918,1784028425784097518,0,0,143449539600,10,-96.94,2.06,0xbfb8757057037d2dfe64ab45a77a46aee35bddf0118c8c1cd473b3785a8cbb4994eb778017846a99558cc730c742e1d7ba05c78b,52,868,7,125,4/5,0
HWS-002-FIFO,9,116,FIFO,limo02,1784028286739976634,1784028545993151760,0,0,259253175126,1,-102.37,3.98,0x7470a4351c2046dc24a9edf995b5d94184d56f9d81e6dd5ddde5e869b5a2fccdf1abe22057ca0cb1e443372ed43a9c1aca5788cf,52,868,7,125,4/5,0
HWS-002-FIFO,9,117,FIFO,limo01,1784028290013957154,1784028377819638280,0,0,87805681126,5,-86.20,8.49,0x0d06609afc2041fe46e8c01da68687b352575c6d82ec84eca4abe49ed445848b6c8da553521512f3bb15443b1088be79d4e73360,52,868,7,125,4/5,0
HWS-002-FIFO,9,118,FIFO,limo01,1784028291478876527,1784028677405857402,0,0,385926980875,8,-83.15,-3.25,0xa128f2a08086df02e9c5f8607cac7637c6c758368697e23e2258261bba1a42bd21a2f8233b14b57ac70dabe8b03b4fc90ebf85e4,52,868,7,125,4/5,0
HWS-002-FIFO,9,119,FIFO,limo01,1784028294607356760,1784028494842890467,0,0,200235533707,0,-97.15,9.79,0x8b805d010c97b733c1b36ff8c27d1d5ce9f9c185f79db6da7f637db11d9c120efd5e3f2021dce7879bae59ed74777291efdf7da9,52,868,7,125,4/5,0
HWS-002-FIFO,9,120,FIFO,limo01,1784028299962252229,1784028444785416807,1784028444785419277,1784028444951125791,144823164578,5,-95.19,-2.74,0xdf16e638a7130e40f77776f93cdf0ebbadae0b61c5df089782f9b452d79a6be407dd2272357d8f8b813add2a4ed652c57a64598f,52,868,7,125,4/5,1
HWS-002-FIFO,9,121,FIFO,limo02,1784028302095900151,1784028411530132095,0,0,109434231944,3,-82.27,0.39,0x161b383c100c79716d6a408cf3265946a6fe0b7ecd8f6b3ec8e9f4e7b4fb427bacc0591ad09230c5bfa16df7402b75a85171b8e4,52,868,7,125,4/5,0
HWS-002-FIFO,9,122,FIFO,limo02,1784028305002530621,1784028455514257696,0,0,150511727075,2,-96.13,-3.67,0x6f73f050016676f9eeaee9fa880d59911832b36db20f74114987bfd22d2e6e34d84bc1377d7031264b6c929362f866e036801783,52,868,7,125,4/5,0
HWS-002-FIFO,9,123,FIFO,limo01,1784028310182112642,1784028488506303899,0,0,178324191257,0,-102.40,-2.62,0xb661ebd961b9a07e5b6a925ec83bd246b03542640a858d5ebf759acdffcf48a533f573860f904b4acb5bfefa63e9192683bebf6d,52,868,7,125,4/5,0
HWS-002-FIFO,9,124,FIFO,limo01,1784028313018995741,1784028578278072340,1784028578278073406,1784028578445817542,265259076599,10,-92.86,0.02,0xa7f68f9c16d7d4e0a08f52b50f8220199aa2faf19a7f1e3cb61bd144015c70e65ead17a9374b2aaef835afe7d686414e9220fb6e,52,868,7,125,4/5,1
HWS-002-FIFO,9,125,FIFO,limo01,1784028316626642990,1784028418807257236,0,0,102180614246,1,-106.29,10.56,0xc05f82cb8b6fc6d18fe28061c4fffef8a79efbb50ab02c7c39bf387349abb0138c5ea0bed2638552678784c39ea2d5bf1f86e542,52,868,7,125,4/5,0
HWS-002-FIFO,9,126,FIFO,limo01,1784028320618973125,1784028488551753357,0,0,167932780232,2,-95.61,3.76,0x2c853dbc8d3cb1300b17dbb9391264c767a8066732d714977d22f5768981104b15a3efa0939c52f505bf24971984efef0b56c451,52,868,7,125,4/5,0
HWS-002-FIFO,9,127,FIFO,limo02,1784028320973501649,1784028624006411719,0,0,303032910070,4,-86.73,13.40,0xebf74c1d28f2299d32f79f369e965f80c5abe87926fdf4c3b1bc32f6cc605e27849951471a7cbe89ff8dfc52b6dacf0c5dc249cb,52,868,7,125,4/5,0
HWS-002-FIFO,9,128,FIFO,limo01,1784028324632842658,1784028399473327114,0,0,74840484456,6,-104.69,-2.69,0x99f5414d168da82ec2bff3a1fa2256aa4327fb68e2d80d2494d869edc1a1712b838b2acdf5e84871c73297abcb3386fef160cda9,52,868,7,125,4/5,0
HWS-002-FIFO,9,129,FIFO,limo02,1784028329842760700,1784028416638868683,0,0,86796107983,5,-107.41,0.30,0x552bed009ecf44cc513c7a3d7f00b9a0f00a3cb5f043068b22f4f5556639647cc6d47e2c26059f6d219352d142a32788473d535b,52,868,7,125,4/5,0
HWS-002-FIFO,9,130,FIFO,limo01,1784028330661069618,1784028525918764897,0,0,195257695279,0,-102.05,1.32,0xc3d7cb779079505cbf20c373e8be12addefdbc37366b64c61aa5c149ff88aa7e59da249af6ae5805812c6cd7439a40e58de9bd5f,52,868,7,125,4/5,0
HWS-002-FIFO,9,131,FIFO,limo01,1784028337396485515,1784028487164033993,0,0,149767548478,4,-102.81,5.31,0x21cae7232b2acd7348802ba0baf94b2ab372a5e892473982b32d0dd88d9e1fe715a7fc99cba11b6c0b0dcf71116a3a174e86230c,52,868,7,125,4/5,0
HWS-002-FIFO,9,132,FIFO,limo01,1784028337791691950,1784028480758915727,0,0,142967223777,2,-102.85,-2.72,0xc13e15275a5f807ba7ebeb99feacd957deaf518ac3434935bc917de8168b58cdc089d20a92e2acd10dc0ad95e0e3f88b4b806c24,52,868,7,125,4/5,0
HWS-002-FIFO,9,133,FIFO,limo01,1784028343580999425,1784028612269702484,0,0,268688703059,0,-96.92,3.18,0x53f961108ad802bd43ef77e57e17c07bab1634859fd0d998714437c7e0afe2e6471452204e5e71b703d310626b3aae1f4bfb1dc8,52,868,7,125,4/5,0
HWS-002-FIFO,9,134,FIFO,limo02,1784028347588985581,1784028507538620197,0,0,159949634616,2,-95.81,10.94,0x73d7fd04de160b8294202071c2c0eb4c49587c5764c6be7ba2f013aab6c2b2a42fc55d9472d53363b28b0e2b7affceda6a2989dd,52,868,7,125,4/5,0
HWS-002-FIFO,9,135,FIFO,limo01,1784028349649990160,1784028425448681647,0,0,75798691487,6,-105.57,5.32,0xe3728a75527c6f1e635e31a2c65c5b27dd9fa673958c691a050620fc325deee3996462e5695f1385a18b9fb7eb745d05556c61f1,52,868,7,125,4/5,0
HWS-002-FIFO,9,136,FIFO,limo01,1784028352948140720,1784028742122953349,0,0,389174812629,8,-86.40,-2.72,0xbaa73c92589cd992653312cc92faff060c062b183f21f822b39393b75651525dd44f7a9863f127c3d8983fe80657eccc5f363348,52,868,7,125,4/5,0
HWS-002-FIFO,9,137,FIFO,limo01,1784028357173235149,1784028534831301942,0,0,177658066793,7,-91.09,5.45,0x852f132e91a8663365e0013239eeeaf497a146cc02f2efdf5c6d0ba534a7ac5b03c07a51fdf9ef8e48106d6d76df647de771a5cf,52,868,7,125,4/5,0
HWS-002-FIFO,9,138,FIFO,limo02,1784028359828058167,1784028441420908753,0,0,81592850586,0,-84.69,-0.36,0xfb9621065f7af6b64938a017ff2e23f07b50d4dfa24147a258ae99358acfb93012095e5399bffc76cf0f87f304b46f4030e4475b,52,868,7,125,4/5,0
HWS-002-FIFO,9,139,FIFO,limo01,1784028363968335592,1784028468690665847,0,0,104722330255,2,-92.45,14.20,0xd2f2e1d3095324ac1c5a0305fe20d1657a81ec7384d050194b4b808218a5aa43beefd733c6db3665336c5cd191ff0aaf53c71b83,52,868,7,125,4/5,0
HWS-002-FIFO,9,140,FIFO,limo02,1784028367664778049,1784028543340729681,0,0,175675951632,6,-101.81,10.57,0x63a58c6fa35b534ee0bb9bf542d97ef20dab516a1685666a165e7c2bf9f260b86d7b0ca2052ec655551f10dffcf44ccc21b93553,52,868,7,125,4/5,0
HWS-002-FIFO,9,141,FIFO,limo02,1784028370363667976,1784028413262581194,1784028413262583913,1784028413435363388,42898913218,5,-109.67,-1.83,0x9467892ff7dbe172134839ce0063396424fd9b4922834d14b1163dfd4e5fa2cb27888663e6e2ac68172bd723e14cb0fd18489964,52,868,7,125,4/5,1
HWS-002-FIFO,9,142,FIFO,limo02,1784028371454514518,1784028590659010826,0,0,219204496308,0,-98.50,-0.39,0x73e1f298f5ed278423b68372c96c9465fcbdfcd898c700a1b647f8fc1bcace5c52b12b76e45817b6e95bf4148ab64759afa4ca56,52,868,7,125,4/5,0
HWS-002-FIFO,9,143,FIFO,limo02,1784028375537751674,1784028591711411556,0,0,216173659882,2,-95.69,13.78,0x0c3a8ee98880fec9c869e4ce489d3fe2353299a9c3efa3d4c14708890583a9c4e161e860349244d5b9d9250dea5e549f5b814193,52,868,7,125,4/5,0
HWS-002-FIFO,9,144,FIFO,limo02,1784028379099956004,1784028593365760182,0,0,214265804178,4,-105.49,12.28,0xee2039c5032fa5845cbbe6e471001802a4ffe674990f202bf1f290fe745340a2f151888fa6c71ecfb95921cd06051d659c2b8981,52,868,7,125,4/5,0
HWS-002-FIFO,9,145,FIFO,limo02,1784028382567197588,1784028600691823000,0,0,218124625412,3,-108.17,-3.46,0xddb26eee47bdeb7d37ba19afe07d7db8d1e6ecc100da5e4fc6675f8688b646515a78ea77f1fc32d2bddb9cf08e03550c19c85405,52,868,7,125,4/5,0
HWS-002-FIFO,9,146,FIFO,limo02,1784028387848007650,1784028465426939468,0,0,77578931818,8,-101.58,0.41,0xb28f4e7e154bb68afa49c8e4ad06c88bd44d8b6a8f7acc6e7e64d548be4f8a3a847485e17bebcff705058d57bb42d1150b9396dd,52,868,7,125,4/5,0
HWS-002-FIFO,9,147,FIFO,limo01,1784028390569800424,1784028555673806473,0,0,165104006049,7,-83.45,2.42,0x17a137a4bc75e4fd39df8f676405d2011d0e39ac95f766344228d4c6d8e21dbc6222c45943c32366cdd52b29496a64bac441a4d7,52,868,7,125,4/5,0
HWS-002-FIFO,9,148,FIFO,limo02,1784028394296857964,1784028526501974006,0,0,132205116042,1,-86.63,7.81,0x10e3bac924b12796ad900d18025919344e819acf9431565f9938c876c828c7eaf94e442b66380ec941f2d90600bf5b932b182d47,52,868,7,125,4/5,0
HWS-002-FIFO,9,149,FIFO,limo02,1784028395643890273,1784028532426912310,0,0,136783022037,0,-93.82,-3.72,0x639a14d56ace1e82a0fa9ae833f3095fb8611ac240c2dc9e8bfa474a13faf056d152c04d5edff1c05b0bb41a6f17134eb2b0483f,52,868,7,125,4/5,0
HWS-002-FIFO,9,150,FIFO,limo02,1784028398963510829,1784028535531931218,0,0,136568420389,3,-89.98,5.35,0xd139fd2457963b907b239358bb973d06639d189e4ab4e2352dfbdd0a7b6f7a9be50d0dfc45e3b0175c30bf43aa9dc22804d7b8af,52,868,7,125,4/5,0
HWS-002-FIFO,9,151,FIFO,limo02,1784028403404297072,1784028708152876696,0,0,304748579624,5,-98.56,0.42,0x925b625d08b9bbf9aa2c4f0f76b75e4cc4251da4b6654c218effcc0755454b5d1193d6031a37d49c31bc25e6f284c1a3844e8949,52,868,7,125,4/5,0
HWS-002-FIFO,9,152,FIFO,limo01,1784028404280792035,1784028529232532746,0,0,124951740711,5,-98.51,2.77,0x54e2bc4a82b6f1c8b687e3572639ed87c9c4690e26825611aeb37fab722a408da99f388e05685e249b25e7f81183631aafaf8046,52,868,7,125,4/5,0
HWS-002-FIFO,9,153,FIFO,limo01,1784028410391443030,1784028449333342663,0,0,38941899633,1,-97.92,-0.64,0xe66f79fa25e5fc932087249e4831aa2b38e6355a5f3d5dd3df16be4326bfdfec12d9693bb030a1f4344387f5ad3be34f652fd009,52,868,7,125,4/5,0
HWS-002-FIFO,9,154,FIFO,limo02,1784028411136190223,1784028497482983218,0,0,86346792995,5,-96.66,9.15,0xa50c0a87059bd4861caf1ca8e18ed098a4df12d395bd8ae1b7c849f2125794bd8e857135717a62b0e9fe516969b91b7db65ec174,52,868,7,125,4/5,0
HWS-002-FIFO,9,155,FIFO,limo02,1784028417967204653,1784028628750271613,0,0,210783066960,2,-91.29,2.80,0x8ae7ba45dd6fab9b11915f1a0748260dcc129e4574ba9f09063387cb228256e67910f4b199ac61dbe1606e8d91693b20b45f16f0,52,868,7,125,4/5,0
HWS-002-FIFO,9,156,FIFO,limo01,1784028417598108380,1784028638441688563,0,0,220843580183,9,-92.00,11.69,0xa48ef624130923f048b73e8151a02b5feeaea83e45fd73dd84645339380c00f3547d1ef0346f5b77e4ee10dfcb27716c621297c5,52,868,7,125,4/5,0
HWS-002-FIFO,9,157,FIFO,limo01,1784028424623127443,1784028664212811341,0,0,239589683898,8,-80.08,8.72,0xbc323f88d6fdd271d97b5983601e23c874c3b404d75f754dbfd859548b74e8bc420f32351a0c36826e8333538f359673f9c9c2a6,52,868,7,125,4/5,0
HWS-002-FIFO,9,158,FIFO,limo01,1784028426653398797,1784028666417595962,0,0,239764197165,9,-101.09,13.14,0xda69a654773a93b167718fe3adead940362d5eeb9814673f36394e50ec89d3588d43f4905125e09439ced8129400ee1219062fe2,52,868,7,125,4/5,0
HWS-002-FIFO,9,159,FIFO,limo01,1784028428763785926,1784028730757375485,0,0,301993589559,10,-103.14,8.65,0x63e670f56d1f2afb4ce77af75326828f2b10a2cdedf16a94a3fbe660941fa9809d2b2ad2714719561b6fc4dd922a475cce1e95b6,52,868,7,125,4/5,0
HWS-002-FIFO,9,160,FIFO,limo01,1784028432773566167,1784028521851037994,0,0,89077471827,7,-80.13,5.91,0x82cbdc310c000d0536f45b07e5382d1a4458e8a241b58361f882f117f73f324040115c34b4a96c8e2e08e5072e4bf00c88a66988,52,868,7,125,4/5,0
HWS-002-FIFO,9,161,FIFO,limo01,1784028435471166711,1784028614858049270,0,0,179386882559,1,-86.27,9.35,0xb4726045a136c5341bfb8d6bb87b4fb7af5d29a742f5e5f9d0f97df5d28c8eba4df207cb7a0500705201c5804e649dd3879fc823,52,868,7,125,4/5,0
HWS-002-FIFO,9,162,FIFO,limo01,1784028437918728771,1784028569883977022,0,0,131965248251,10,-104.06,11.21,0xb7abbb784c435de91fa4920dc75c10b717dc1fa4de613e05d281a42c9cf5189f1080e278f505d047dbb0b052b23489051f74b1ba,52,868,7,125,4/5,0
HWS-002-FIFO,9,163,FIFO,limo02,1784028444201923277,1784028561213969180,0,0,117012045903,1,-93.05,-4.66,0x026cdea4677478fc248fcd83170eb8c5b5327bdbd62b3fdad7a503aca58b851b11e01c229553be87859f9d4d63a0dc5d1c2ff3cd,52,868,7,125,4/5,0
HWS-002-FIFO,9,164,FIFO,limo02,1784028448044778250,1784028583856874552,0,0,135812096302,8,-103.61,11.24,0x2f40136fd0f394ee58a5c103ef864d1b057273f09d60b3d07d1ea7a8535623f7b36453e3bd7280b9291811ef21c82603be587441,52,868,7,125,4/5,0
HWS-002-FIFO,9,165,FIFO,limo02,1784028450898031243,1784028687380545217,0,0,236482513974,7,-98.38,-3.22,0x46c8deac8de28ea25fc9121acd52b689f084a6cc927008a331ad52ef1119a37f9440ed490ad6fc7a160df767b7e5bee2fd757322,52,868,7,125,4/5,0
HWS-002-FIFO,9,166,FIFO,limo02,1784028452128707680,1784028616299360826,0,0,164170653146,0,-96.62,2.19,0x389a2dfcebaf0551257f45d01efd7db2ad336875ab63780969401341ca025f2bd8beaa6992e2865b701e77f096d6fc29048a11a1,52,868,7,125,4/5,0
HWS-002-FIFO,9,167,FIFO,limo01,1784028458176419368,1784028581116337355,0,0,122939917987,0,-105.97,0.76,0x41d490693a84fca520870a9acdd1c1cce9d863bae056549281124c817b12b54634dfe228c8223dec19c4bc6e7e494305b420ab1a,52,868,7,125,4/5,0
HWS-002-FIFO,9,168,FIFO,limo01,1784028460406520988,1784028607253823022,0,0,146847302034,10,-80.16,3.23,0xd515fd39774e59c753e1d30fc1fcb03f0d3c5ca71e8dd2aa7e60d9da5d476a8e1e02409d7585eda649010976c4010f1943187b89,52,868,7,125,4/5,0
HWS-002-FIFO,9,169,FIFO,limo02,1784028463256896713,1784028697253907098,0,0,233997010385,3,-86.85,9.18,0x305bea937ad7d7e447a7ba6b1e68383f80bb70d1d6c389dc6de4bc1643e5adce24b47fed9f7cbbcc97bfcffd135384af7434176d,52,868,7,125,4/5,0
HWS-002-FIFO,9,170,FIFO,limo02,1784028467512217477,1784028612616070248,0,0,145103852771,7,-96.31,9.87,0x934c33199ecc2a601e97f9aa9b99285b48262f337517b94f35b082c8cc453017c0ed219490b70e1ad7181fd7c57a2fa89c8e8613,52,868,7,125,4/5,0
HWS-002-FIFO,9,171,FIFO,limo01,1784028470303412404,1784028674239559202,0,0,203936146798,7,-83.35,14.44,0xfeeb5ebde2f5b5f93430fdf55869bb2b18e2012ec667586634c6e9683e9d0b8a2152fe957cde6d949a91f51c74fc793b9528afd8,52,868,7,125,4/5,0
HWS-002-FIFO,9,172,FIFO,limo02,1784028474101993038,1784028536175129391,0,0,62073136353,3,-106.03,1.29,0xa372d10361138eebde2fa4707dfe3b56bc499a344d3fdeb472b25a916a912a6f08faa504d1d215139f481f99c923935da5ae6ab5,52,868,7,125,4/5,0
HWS-002-FIFO,9,173,FIFO,limo02,1784028476107177655,1784028671844969639,0,0,195737791984,5,-96.30,14.54,0x3d70f9a0a5a24e330a23f47044a7f52998f1438189d31211fa7e67550e1329945c0d43609d2e228bbbc0d8b70303eb4e34b4b138,52,868,7,125,4/5,0
HWS-002-FIFO,9,174,FIFO,limo02,1784028478153995761,1784028652615303515,0,0,174461307754,5,-91.73,-1.68,0xdbabcc8f90a5520415bef6a9c27be4634e0a12bcf7e76d233c666ed61536e79bd62a171058af1a31bba224ba7c0003c35ac76b61,52,868,7,125,4/5,0
HWS-002-FIFO,9,175,FIFO,limo01,1784028481720310045,1784028551372047564,0,0,69651737519,9,-92.87,14.21,0x32d021dc7818d2fd188442c2e32a1e7b67ebbbac13d53f4498883339757408f02382ed90ce75831b6540c69656b3b5d0fcf26481,52,868,7,125,4/5,0
HWS-002-FIFO,9,176,FIFO,limo01,1784028487362597227,1784028623669279947,0,0,136306682720,3,-104.09,-3.07,0xeff3cc07f795f78c4924a91ba2622946df662f9df5bac25bea3231a8ca46fd92381696e85fd2323dff224694fe3315eebf0ccfc6,52,868,7,125,4/5,0
HWS-002-FIFO,9,177,FIFO,limo01,1784028490918831788,1784028679527831876,0,0,188609000088,2,-87.85,13.58,0x8d3472b162a700d0b7f4b89bce5b183ebab2b486e90a9454abb88a35815f076ae9b4c3a238829c86306a1bf58a57303c69ddf759,52,868,7,125,4/5,0
HWS-002-FIFO,9,178,FIFO,limo01,1784028492274029268,1784028679116003428,0,0,186841974160,10,-108.37,9.25,0xd375712eca9c8e0ad9e36c34d4633d98fcf2cb1fb72dc9e3ed7f9d83245d49627c2328d254f636781fca10769a1133618c40594a,52,868,7,125,4/5,0
HWS-002-FIFO,9,179,FIFO,limo02,1784028497823577209,1784028595529276990,0,0,97705699781,9,-100.21,4.42,0x3a8e3c4522ccf5e6acd3f362ee929412dbc86ca8ba7455aa6c5f7c3520a4e3dbfdd2adf0ba6ecfd537b278cbc5b18790dcfdcf10,52,868,7,125,4/5,0
HWS-002-FIFO,9,180,FIFO,limo02,1784028499414668960,1784028633199040042,0,0,133784371082,6,-94.80,-2.68,0x75ffbcad575c12d0c32119d82848384b69303e4d7fbedd762c8ee49e9f20d95dda12ef45808421788d04a6dbfa224cd33b9ccc3e,52,868,7,125,4/5,0
HWS-002-FIFO,9,181,FIFO,limo02,1784028504349901292,1784028636293297724,0,0,131943396432,0,-87.63,2.98,0x35d0e6e08991b2443c13293ad5b3df1bd4c70810d0b8b3eb9857d341a2934801e20ff3df569b19083cdbf3df9cf58076a1bb2a5a,52,868,7,125,4/5,0
HWS-002-FIFO,9,182,FIFO,limo02,1784028505802734232,1784028616437686554,0,0,110634952322,6,-83.97,6.84,0x0ce29f07068607d0a76ad93f0f0c1eb0dee8929a5f17391789d3dc06465ad0eee012666bf5d3342a9d6eb7d5bc2a42dbe2068767,52,868,7,125,4/5,0
HWS-002-FIFO,9,183,FIFO,limo01,1784028509632047598,1784028645791173090,0,0,136159125492,5,-91.41,8.43,0x656659e750a63e693cf5b7a3473be5b83e1be3922b0cc7d6f33f4bb86fcf18a3f83e0df8a8185971e88742499e0431d362e45e50,52,868,7,125,4/5,0
HWS-002-FIFO,9,184,FIFO,limo01,1784028513558797883,1784028679778111283,0,0,166219313400,0,-103.77,10.93,0x846a385baace2ab35beac6a5b178b758e19530334fb87d032f4d6e03ac3d41785fd1f202d206769a4f69856baf83ca8820635e64,52,868,7,125,4/5,0
HWS-002-FIFO,9,185,FIFO,limo02,1784028517963182361,1784028593495625918,0,0,75532443557,0,-92.50,3.73,0xc816c898f2c44db22da8f6c39b81e4978bf724c6cb32a7fd442ab6a746f3d48a53049c09c87d918936904b9fcb0918da116c6327,52,868,7,125,4/5,0
HWS-002-FIFO,9,186,FIFO,limo01,1784028521546527485,1784028628837340020,0,0,107290812535,4,-106.33,7.51,0x854ba7baf873ac0e770d25c7ec14d4536d1523079e00901dc047b577d8577b5f9ad0a8ba2b6ad8b7529183e71715b1d104d62a75,52,868,7,125,4/5,0
HWS-002-FIFO,9,187,FIFO,limo01,1784028522243565348,1784028618856824651,1784028618856826248,1784028619030483032,96613259303,5,-102.08,14.73,0xa7471ae7845aa32274365edbd8fdbd24c24cf6324a144234f95b2ac6bf38381edd2e982b4ce308cff85dbce2d873482d6dcdd14b,52,868,7,125,4/5,1
HWS-002-FIFO,9,188,FIFO,limo01,1784028527572430455,1784028655549515895,0,0,127977085440,10,-90.24,1.98,0x2d404dac48fbe0f8539e694bfb2a4b22cd7e73145f798620ea25553c3a97ed25d164bffa03deaef3b7b61e70e3515574b807543f,52,868,7,125,4/5,0
HWS-002-FIFO,9,189,FIFO,limo02,1784028530753177695,1784028708861561164,0,0,178108383469,4,-84.59,1.59,0xe5af00023ff2af8989366e0787313b8f1efccc828a5d23cca7aaa4aa14f43b1d4775bdcdc4c94011d9b0d3df3dc1de8042250db8,52,868,7,125,4/5,0
HWS-002-FIFO,9,190,FIFO,limo01,1784028531749909991,1784028629634458879,0,0,97884548888,7,-97.77,9.58,0x672fb5d257b2ad3d60ee1b761cde87c42c823d0b204c310c299e332bbde86737d0936e7af8df9aac0ce9fba10dd0cbdfdacaa018,52,868,7,125,4/5,0
HWS-002-FIFO,9,191,FIFO,limo02,1784028535849557025,1784028663383898671,1784028663383901424,1784028663557992031,127534341646,1,-98.43,-3.36,0xb3d4bed404c2f23d2c7ead682b9c60cd39748a4f3d2816d0c47669da439657eebb943a395aad87afd8ac9a46a8788ac0a29c1d6c,52,868,7,125,4/5,1
HWS-002-FIFO,9,192,FIFO,limo01,1784028540982668150,1784028649797462088,0,0,108814793938,9,-90.53,10.37,0xf1e5289e92100f42c04d00c8ab68bd181c98559bc87ce1643d9f8d476e3ae18b300fd0b2a6facf5447d071b5f3106589234ed0af,52,868,7,125,4/5,0
HWS-002-FIFO,9,193,FIFO,limo02,1784028542699238562,1784028904504793826,0,0,361805555264,0,-102.65,8.70,0xed468a3d44be71a7e4b0794b42d33e6f2c77b5303b8de3364bc0ef77cfd1e6aa05592f20f49d5fc1479b915b2bb8d60bbc855097,52,868,7,125,4/5,0
HWS-002-FIFO,9,194,FIFO,limo01,1784028546899609032,1784028582812477671,0,0,35912868639,10,-99.80,14.08,0x6572e34737ac567705fb303c2b54bd2cb09588b519ff284ad32ebae7b5caf5fc8501eecf12a06d09e740b2e2d4cdd9aaf21bea59,52,868,7,125,4/5,0
HWS-002-FIFO,9,195,FIFO,limo02,1784028551532719654,1784028753048731313,0,0,201516011659,6,-85.88,10.97,0x4af06bfa623709e571890d6ad3391bc3ae6e208a90707b4f72bacbb92cf65f1a45cebd59c432ab8875da0b7ba8c159488d70ba53,52,868,7,125,4/5,0
HWS-002-FIFO,9,196,FIFO,limo02,1784028555359593433,1784028675522951908,0,0,120163358475,3,-92.25,12.78,0x0012ae049c1fc4c6d52b1ef0f9bda60e2b62387eaa625e88b96cfcc87603eab6a104c36e1ed14b12b75da5ec17f8b3cde473b873,52,868,7,125,4/5,0
HWS-002-FIFO,9,197,FIFO,limo01,1784028555934697122,1784028710032821858,1784028710032825028,1784028710199185016,154098124736,10,-84.06,6.89,0xc48f5d5029c278f18c31e79e1981276e79a82f7a2c90e1a0c3edcafb95af917235818aab29294958b03fbcabd5c0809b69f84ab1,52,868,7,125,4/5,1
HWS-002-FIFO,9,198,FIFO,limo02,1784028559615534210,1784028811136317660,0,0,251520783450,3,-85.02,12.32,0x61a176f5924dc79c63de36d53702eb3cff04eb73c416b1253d6761cd99fd751020919431691a407be64cdd4f61087e369f8de4a4,52,868,7,125,4/5,0
HWS-002-FIFO,9,199,FIFO,limo01,1784028561719072560,1784028663828739611,0,0,102109667051,10,-102.54,13.18,0x7eca3b9f9358302358f0935624a3d22692c3ed3e8808c3a329898b86b8a01af5ab43f78f7a1b67e3aee1d5a9761d5ff9d54520f5,52,868,7,125,4/5,0
HWS-002-FIFO,9,200,FIFO,limo02,1784028566887509660,1784028712863847920,0,0,145976338260,1,-95.66,-0.66,0x03a8238229849a3e8f13b680bdd298f9ffaad54b48d7c535919955e9c9be48f5b4fd0ba39b7236e4653f5f358c11e3c150b61a6e,52,868,7,125,4/5,0
HWS-002-FIFO,9,201,FIFO,limo02,1784028570827259554,1784028687044367590,1784028687044369679,1784028687218329739,116217108036,10,-85.29,12.03,0xa750793a9a3dea31285cdadc865b17997b300c39168a61238608339672eaa698e2af2122fc8410cfea036dc2848cfe9d2585c723,52,868,7,125,4/5,1
HWS-002-FIFO,9,202,FIFO,limo02,1784028572748368364,1784028693988277897,1784028693988281412,1784028694161586586,121239909533,10,-107.14,5.87,0x34384b24f64a685c2770160ce73463370557d673cd4c222ce090c5a3c916dbebfdb237727756c25c34786b20c8395d1accac4a9f,52,868,7,125,4/5,1
HWS-002-FIFO,9,203,FIFO,limo02,1784028577136625865,1784028675337000470,1784028675337002474,1784028675509143905,98200374605,4,-108.31,-3.73,0xc05fc195fec0995c565673186f8acb166aabca7f96d659108a73c73c65cdbfd77cec18e90861164ca4d3ec70e68cded094f74d05,52,868,7,125,4/5,1
HWS-002-FIFO,9,204,FIFO,limo02,1784028580305633881,1784028790982142651,0,0,210676508770,9,-93.28,2.78,0x21cd634a9049436a2a7c0a205e4091d56c56d15f63698f7adcf919c8cc7f8cd004436bf4190911f7b39f14ad21537615ec32fe23,52,868,7,125,4/5,0
HWS-002-FIFO,9,205,FIFO,limo02,1784028584339623945,1784028681737151763,0,0,97397527818,8,-89.87,9.36,0x1086ff1cfbbbfb37d687f32ac9e5d353e2fe9bac9bcd46b0a15ede8475b727c0c2491b240e74ab4b38d09d7ab7541f18d8dac5ff,52,868,7,125,4/5,0
HWS-002-FIFO,9,206,FIFO,limo01,1784028585053530838,1784028774211966443,0,0,189158435605,5,-83.19,-1.83,0xfc2bcf5da09cd25a22e90a6ab8759bbd2d02c86bbabf2816dcfb8726281b57593cf721ff0c3b8669dbd17a7e33bd53517b694ac4,52,868,7,125,4/5,0
HWS-002-FIFO,9,207,FIFO,limo01,1784028588698560743,1784028849421031689,0,0,260722470946,4,-98.00,13.09,0xdf6489b305464c2f3f265d2c14e69c4de4304da89124e82baec87f1caca497f518072c70051b536374eb32089bf9325b32b0cff5,52,868,7,125,4/5,0
HWS-002-FIFO,9,208,FIFO,limo02,1784028594593693566,1784028719754630449,0,0,125160936883,3,-100.80,2.88,0xd08021d1be2b7b84575adedbe5db531fa57d3eb11bd62e131f0652e5216efa50f05354ee99a25c83382a2e1e0030d1ae1eeffd8c,52,868,7,125,4/5,0
HWS-002-FIFO,9,209,FIFO,limo01,1784028597951473541,1784028732803561574,0,0,134852088033,2,-86.24,5.70,0x429f9c33ed58d60d96c0e16f857ccc9d7b8eba9daa8d77519c6be5a4543ab9b2ebcd95ec996ea9731ef7357eaca66b658073d8fd,52,868,7,125,4/5,0
HWS-002-FIFO,9,210,FIFO,limo01,1784028600577130061,1784028717654805507,0,0,117077675446,2,-98.83,7.48,0xffdb8a4c3dda948a3eba736af961850e03ea0ea489a3682639b54d8f318581019313707b9ec663fa06c6075beb5a6da9e8b909e4,52,868,7,125,4/5,0
HWS-002-FIFO,9,211,FIFO,limo02,1784028604474738133,1784028683999503443,0,0,79524765310,4,-102.17,9.26,0xa6fec975cdd1df88080be7db440b8c7c2425209dff3326a563e3f86b6d902f10d258de7892af5252a24474342069806f35dac1a3,52,868,7,125,4/5,0
HWS-002-FIFO,9,212,FIFO,limo01,1784028608218946941,1784028725010998892,0,0,116792051951,5,-84.58,3.66,0x76dd8cc8e80a3769e5c7163f612436b1afaf6d8bf035430a82b129044036091154d37cbc1366944131852b5f5df7ddc348a29692,52,868,7,125,4/5,0
HWS-002-FIFO,9,213,FIFO,limo02,1784028609843883856,1784028915207321810,0,0,305363437954,5,-83.38,1.61,0xd6ec1cdfe5fd18522933f2a2a28997519c54664c69b7adeb8296c92ff0378ee2273e4d530036c3ca6ea04a07d2d7cf5e725baa1c,52,868,7,125,4/5,0
HWS-002-FIFO,9,214,FIFO,limo02,1784028613496160398,1784028704862962443,0,0,91366802045,0,-101.20,0.99,0x0e5740dc106d3f4459a4c10c170dbab65809c88ef921de719130648a7fc32ca12914c9fa00b8ea222658de73077941ea463e29ff,52,868,7,125,4/5,0
HWS-002-FIFO,10,0,FIFO,limo02,1784028618697283827,1784028822184440027,1784028822184441059,1784028822358017839,203487156200,9,-95.40,14.44,0xa2a7239cddb1f199782f245859897e42a735bfa0703a4c7015d3d3dac0e9f0f47dff1a1b151213afe5884389555c0a8a57c76dbb,52,868,7,125,4/5,1
HWS-002-FIFO,10,1,FIFO,limo02,1784028619264244626,1784028731536920132,0,0,112272675506,4,-84.93,5.01,0xb8b1a6a96052bcefd6834661bd7aa08a5d3459e0106c2c2435d291c0bbc0fb680c1daeeece788bc42cca48f91c247510e3b49506,52,868,7,125,4/5,0
HWS-002-FIFO,10,2,FIFO,limo01,1784028624051104417,1784028902865981441,0,0,278814877024,5,-97.10,-2.91,0x33e64bee40bb28ae872a86b18e5df88185353242a5dc5b28f2c3afc5ff3fe687c472e4458465f9b6dc2c9c20d0025233eff97406,52,868,7,125,4/5,0
HWS-002-FIFO,10,3,FIFO,limo01,1784028625609531826,1784028749602016278,0,0,123992484452,0,-82.19,0.91,0xdd05a138f1b81944150a29f97047c2b24ab70bfbae0b8383013fa8fe5e9d5b8d5b8a70c05cbb1852a9ae660d4e108cffb4fee407,52,868,7,125,4/5,0
HWS-002-FIFO,10,4,FIFO,limo01,1784028630205232234,1784029122499879593,0,0,492294647359,10,-89.59,2.79,0xf68d769cc532dc27a1b9ce0fc4a4502a685175946b92c8f58367dd25ac13578732ccbc62c2eda66048c6b3972a82ed43cd5415a2,52,868,7,125,4/5,0
HWS-002-FIFO,10,5,FIFO,limo01,1784028633443100874,1784028729133180610,0,0,95690079736,3,-99.93,11.06,0x9299a825a7fafaa62cd8427a700ecd87d039421918e8b5788062b97b09f913c9f37e0e6112bffe6ad07ae03e45d8b4355792443e,52,868,7,125,4/5,0
HWS-002-FIFO,10,6,FIFO,limo02,1784028637065398093,1784028724623901112,0,0,87558503019,9,-88.18,14.06,0xb31c01059b6937b56c95a85a91e2bca3febb51ddb752a0080d70b019e4d8c07b144a77f64c2e7b362e62d79c06d33509638cdbdf,52,868,7,125,4/5,0
HWS-002-FIFO,10,7,FIFO,limo02,1784028639385077567,1784028726724298660,0,0,87339221093,10,-93.84,11.47,0x5295b28f5fa1ffa23c2523b540ae1e6147b17ff921f08f1ffdf8538ac0ab9a5866c2237520fee341025690f6926fc49681e00406,52,868,7,125,4/5,0
HWS-002-FIFO,10,8,FIFO,limo01,1784028643880932184,1784028786425030916,0,0,142544098732,7,-89.02,10.51,0x1c9c6a74b1c7d37b4e9b16bf746102bc9ed61930533c4f47a557350e6e963e7c9749efed3c58a41d285a5550b6a0397ea6220b9c,52,868,7,125,4/5,0
HWS-002-FIFO,10,9,FIFO,limo01,1784028648024667192,1784028790233572756,1784028790233574956,1784028790400514748,142208905564,4,-91.53,-1.15,0x76209025a57bf7b9b6cb8e33f7cab6996413896a00fb523d170a51d040cb0348e2dd77e45c4141cff1fdbdb1113003244a5d7315,52,868,7,125,4/5,1
HWS-002-FIFO,10,10,FIFO,limo02,1784028650735311448,1784028757120376595,0,0,106385065147,7,-105.65,-4.77,0x2cc804c9bf5a43ded5c88989c44df42c6958919710ced1910a604522cc7c7e1212e3feebec0ab6ed8b2b493b720ebefe8289b3b6,52,868,7,125,4/5,0
HWS-002-FIFO,10,11,FIFO,limo01,1784028654536786364,1784028841967495440,0,0,187430709076,3,-82.53,-3.75,0x1cec0d1d3359cc4ad91f10e47519d64706b5d0a6a19803526491c113bde35301311668c1d97d90456a9d2cd3242ce1613bd922f9,52,868,7,125,4/5,0
HWS-002-FIFO,10,12,FIFO,limo02,1784028656890873990,1784028782948649334,0,0,126057775344,8,-92.81,10.35,0x35ad0f057f9eb0a3aeb0b836a51cfa69b43e2659dc1be8132f5073dc4f9cd055b3109fdbbde24cadab0f93875792ab3f8ecb9d62,52,868,7,125,4/5,0
HWS-002-FIFO,10,13,FIFO,limo02,1784028662086232795,1784028797083958664,0,0,134997725869,2,-84.33,9.92,0x71e672b7aa9be3e4523b7f469adb2ff06f48d2295e65b72eac5077f6bf2a2c8719f11d76b51a1bc2d32fb30c6d2aa5f33fefe394,52,868,7,125,4/5,0
HWS-002-FIFO,10,14,FIFO,limo01,1784028662568711410,1784028820496409319,0,0,157927697909,4,-88.12,4.46,0xebd6ebd185917cf382192dd37bca9ccdf1352a5f0a1abc9a682aa67dd94decedf02a70518cda408beb96373081f30c20a93a4654,52,868,7,125,4/5,0
HWS-002-FIFO,10,15,FIFO,limo01,1784028665898909639,1784028779050270577,0,0,113151360938,7,-109.19,5.01,0x7f351cf7b7190a4044b093f272cf42be0b3c4451f396842c118f8013abf4e7d45e76a6d8f63302a84d3b75b1f1269fafc2ec3fd4,52,868,7,125,4/5,0
HWS-002-FIFO,10,16,FIFO,limo01,1784028670727341905,1784028843686121273,0,0,172958779368,10,-107.41,-1.06,0xc49c40d9ec5744f1d2ec59bd94ffffa3f52242cb433731d256e036df7140f4c560ee32ca7ef82d2f4eba2195748044cf3a9e9b2b,52,868,7,125,4/5,0
HWS-002-FIFO,10,17,FIFO,limo01,1784028675374894015,1784029087847975497,0,0,412473081482,9,-97.92,11.41,0x7fa8d935f56cca39f4c0b7ec04a732afe8cbde6317c106ecb4470c8a0a0b95a98057c6d542802f538e78b0fcbd391a63df013aed,52,868,7,125,4/5,0
HWS-002-FIFO,10,18,FIFO,limo01,1784028676163944442,1784028756789182968,0,0,80625238526,3,-105.80,8.87,0x90f5677821f978f41129da2c910fc47fc49ac03ab4e294bd4fa44834595e79720cf346b1387c3b16d7bc3a053ee61451d413a758,52,868,7,125,4/5,0
HWS-002-FIFO,10,19,FIFO,limo02,1784028682261247062,1784028891976813906,0,0,209715566844,10,-98.85,9.06,0x781a8bb6f01eeaee313bcf1a5286e371d68be32c9aadc487715e7c3c3000bb60b31dc9a2fd3f26523aa4531729a4ea85c3ee0171,52,868,7,125,4/5,0
HWS-002-FIFO,10,20,FIFO,limo01,1784028683083663346,1784028817670295528,0,0,134586632182,0,-93.83,4.15,0x53a152d83c66ff5d4278de9ec2b3b11cbe3747aca791f957b303bc97cb2eafcb14b9b7b3a0cac8da92664341e64869c4cbf49cf0,52,868,7,125,4/5,0
HWS-002-FIFO,10,21,FIFO,limo02,1784028686599785877,1784028878410539923,0,0,191810754046,8,-100.38,-2.92,0xe55a22aad69a701030e24d09a8f71645e6188bd7bdd169b10135d2c0b770ff84167e46a58bb6b1414f9311dc6a3e12220ad7483e,52,868,7,125,4/5,0
HWS-002-FIFO,10,22,FIFO,limo02,1784028691462013653,1784028802175760095,0,0,110713746442,10,-93.00,6.33,0x787b6fa94c75c403aacfd28e2862d9bc741d23dff061e311b97059873f39a4bbbdd9f8e8a51e5de9312915060d7ff8a38728f98d,52,868,7,125,4/5,0
HWS-002-FIFO,10,23,FIFO,limo02,1784028693081565791,1784028860119293059,0,0,167037727268,2,-88.44,14.82,0xc54ae6d308a77ea30b0c76ac792790e0a6e87f65f6fc63c2e55ee2d28ab13f6848abf4ecf6be8b35ef5f8e9e1e5b4e014777eeca,52,868,7,125,4/5,0
HWS-002-FIFO,10,24,FIFO,limo01,1784028696422280069,1784028832494169752,0,0,136071889683,6,-81.18,10.48,0x0675aea6e9bdcc795af5275b11bb3d10e80c27ac5af7ececbcc427499eab70e7768537202ebf36e6195a42840d93a534b30046dd,52,868,7,125,4/5,0
HWS-002-FIFO,10,25,FIFO,limo02,1784028702021096066,1784028800724716825,0,0,98703620759,0,-85.10,9.18,0x79e446c40dcdd46bc2575029d307650fc71bf97c1ef73dbfa2dde48f5ce7c04547b62bd32848094fe345e727791e91811bb8be60,52,868,7,125,4/5,0
HWS-002-FIFO,10,26,FIFO,limo02,1784028703067931289,1784028805497510731,0,0,102429579442,9,-92.24,5.68,0xdf182371053a675b3b519b6d2a346c0acb987f82861ba0083ec2da4d441904eaade05b43547f77feaf50ebe74c079beb87ba35e7,52,868,7,125,4/5,0
HWS-002-FIFO,10,27,FIFO,limo01,1784028705675990015,1784028852840979961,0,0,147164989946,5,-82.80,4.51,0xa724b0e190af86d83c6945268095bfd44ad589e3240e0552cd71558a9290c619d36aca0b91d7dc58392c46382f10692724ee62f0,52,868,7,125,4/5,0
HWS-002-FIFO,10,28,FIFO,limo02,1784028712251416761,1784028966674745379,1784028966674749977,1784028966845347833,254423328618,0,-84.07,3.91,0xbcc8a1d64b1ee10b50bc4b11775c9a7d2c03f173cecead2e78c02a54071ddbc4009a9c14e4322a0f5368f89d047f49807f50bc57,52,868,7,125,4/5,1
HWS-002-FIFO,10,29,FIFO,limo01,1784028714386796400,1784028822427558432,0,0,108040762032,0,-95.93,10.48,0x26adfeb34c594df2166d8d309a310d8c30e0c877b1de735b83f5d70121fd6ef84ca04bd21c51dfdb54c63f5b4d2543db5c0c5dff,52,868,7,125,4/5,0
HWS-002-FIFO,10,30,FIFO,limo01,1784028719237027535,1784028820547749565,0,0,101310722030,9,-101.04,-0.79,0xd44766c5aa1338b1555d84cb5c2b6fe3e39d3f904d7a76049c16e1e9e5e1a6aef80c39b420a4cb27355e76f200f65491d49a87d7,52,868,7,125,4/5,0
HWS-002-FIFO,10,31,FIFO,limo02,1784028722062240762,1784028929233796991,0,0,207171556229,4,-91.87,4.07,0x6f58667c10b0b7391cbb4427613afbf2d4b04aafd815d6b1f2779bd52d5e5bb3b911b75c5c06bd64a4817d45b32448c45bb439af,52,868,7,125,4/5,0
HWS-002-FIFO,10,32,FIFO,limo02,1784028723776334946,1784029138998784012,0,0,415222449066,4,-93.37,2.19,0x1149d14685d638e44f73fcd74b25b0503f94a0d437da6f8c27e2f229efd4aeb7e8410b1e26380c2eb50666d491e58ebb3504217a,52,868,7,125,4/5,0
HWS-002-FIFO,10,33,FIFO,limo02,1784028728400247635,1784028905856178693,0,0,177455931058,3,-100.66,6.86,0x1ef3846b823bb5f2559cdc9459aaf24c0c260a07fcab1739de117d3de20c40d37a3a281e3cd0fcaa14572f3245c62a83f0882847,52,868,7,125,4/5,0
HWS-002-FIFO,10,34,FIFO,limo01,1784028730004398520,1784028846255891462,0,0,116251492942,3,-98.78,-1.86,0xb0b878d61f612797969299a34a1d268755a0e50904b5b51eb042b6bd1c89acf8af1d43477d9433c9a1cee16976f1cceac4ad5778,52,868,7,125,4/5,0
HWS-002-FIFO,10,35,FIFO,limo02,1784028732266682389,1784028851263080644,0,0,118996398255,5,-87.27,10.87,0xe30157629d67a46b1a617e09803e3c3c90d23a14b110a2b5e23f3db785c2b56a42a3003e5f0146e9bb99fc94a27a4615a075a379,52,868,7,125,4/5,0
HWS-002-FIFO,10,36,FIFO,limo01,1784028736607046144,1784028859129162862,0,0,122522116718,5,-81.41,10.78,0x102517b54b5c8c70abc23ee99fdf6b71bda12fe952a37d733268c4881e3676ed1d93d06e7c63e95500bd44f3db431aea025ed317,52,868,7,125,4/5,0
HWS-002-FIFO,10,37,FIFO,limo01,1784028739909728294,1784028909152574095,0,0,169242845801,3,-85.59,10.70,0xb0a33784ce63363b3ff229f8c4e25726f622e7259448d82c691c7033364c8cb8953d6b03126b3b5e2e0912ebcfd47b8e351b9fda,52,868,7,125,4/5,0
HWS-002-FIFO,10,38,FIFO,limo02,1784028744676727677,1784028845569178932,0,0,100892451255,7,-81.64,7.05,0x4bbcde60e6d2ec424c2e68c655614f1e81da8efb055cda94ed5c9ee5a4ede6407e88bffbc64cfa70d60df0db5113cafc164be815,52,868,7,125,4/5,0
HWS-002-FIFO,10,39,FIFO,limo01,1784028746097763985,1784028934327370139,0,0,188229606154,8,-92.96,6.12,0x5a4976e7adaf646947593c08f47835a62ded1103c5f9dbc5c4c2ec6836ad1f5519cd8b45ca9843d205aa3f78d1deeabba825442d,52,868,7,125,4/5,0
HWS-002-FIFO,10,40,FIFO,limo02,1784028752201682891,1784028924119177531,0,0,171917494640,10,-98.74,2.84,0xc2b60a18349b00a409df95e1815dfa41442af5f94d77927ced1ff8f14e7ca7c1dd51e37cfdf8df37bd20b9076ca1445fc89d91dc,52,868,7,125,4/5,0
HWS-002-FIFO,10,41,FIFO,limo01,1784028754536729107,1784028891238874454,0,0,136702145347,7,-82.50,-1.69,0x69f6b1dfdd4d8862248f61cc51a8e2e93239cbd44727e4a25519563e12d270e14623730377d44080cf716540ce5e6d9a29849c0b,52,868,7,125,4/5,0
HWS-002-FIFO,10,42,FIFO,limo02,1784028759028014566,1784028883491758650,0,0,124463744084,5,-94.70,-4.71,0xa3b6ccd088989c661889e613d83639c408b28f371a930c74c3b76de37e76a99af4e28abcabf05a9e97eb704f4060e224d0573274,52,868,7,125,4/5,0
HWS-002-FIFO,10,43,FIFO,limo02,1784028761044305757,1784028854340100253,0,0,93295794496,8,-101.81,8.47,0xebbad44860ce569892526f2d90780776335bee686b3a03ffa36dd3e88ff19b7ae53bd39f37d1adf5c556b68d18e327111509abf1,52,868,7,125,4/5,0
HWS-002-FIFO,10,44,FIFO,limo02,1784028763882324590,1784028941812479485,0,0,177930154895,5,-108.06,1.27,0x94f1498134d358cd769b59f170b5f39c5e37cc3e9f6336c5a2f0161f88ba1ebbf88543652e4d471c00cdccb297521bcffbb06ff0,52,868,7,125,4/5,0
HWS-002-FIFO,10,45,FIFO,limo01,1784028768210838958,1784028911785253662,0,0,143574414704,5,-94.42,8.72,0x94acf324945b1ea9055281e329b8e86710a0582b3b57800612d02e2506706a8ae4735f3afda43f3e1be9d23b1a182d8548220102,52,868,7,125,4/5,0
HWS-002-FIFO,10,46,FIFO,limo02,1784028770561341717,1784028958278840279,0,0,187717498562,0,-96.82,-3.21,0x04342a9714dda6bb891d47dcbb5916ae58a74d864798babc8b3f2397694a3f4c9c1e261eba73d34eb2c23e4af1d6e2a795c5b60b,52,868,7,125,4/5,0
HWS-002-FIFO,10,47,FIFO,limo01,1784028774606016530,1784028933836586745,0,0,159230570215,4,-83.04,-1.12,0x96e1aa6252cddb765e8a70f4105b020f23e9d6e4ae0a4971ba3c82e6eef121c00ac9261d0dd4a864fe4c545e7f80e0e16bb9555f,52,868,7,125,4/5,0
HWS-002-FIFO,10,48,FIFO,limo02,1784028776063943474,1784028856500915577,0,0,80436972103,9,-103.71,3.85,0x6a82450dfcba48c0d6d1973be0234d191e92b8fb95371f1b1b9228f9d3c623b039b6c5dda5db73d10b96540ed75f9c6c4079496e,52,868,7,125,4/5,0
HWS-002-FIFO,10,49,FIFO,limo01,1784028779577576073,1784029029362914909,0,0,249785338836,1,-86.81,11.14,0xf6bf07c42af5f3fe6c540c47acb0d808f6356e034a76494db0bdca9fc3f22b3fc42245123b072292a58aa47977f241f5e88995dd,52,868,7,125,4/5,0
HWS-002-FIFO,10,50,FIFO,limo01,1784028783203256944,1784028888425337514,0,0,105222080570,4,-91.27,3.20,0x116c8f88af93447ad6d4eddddc514bb7da8e36227215f3f99d806b715cca9be828f48fcfc2af34dd2a9e43e6e237af56fe156ed5,52,868,7,125,4/5,0
HWS-002-FIFO,10,51,FIFO,limo02,1784028787350829873,1784028909383699454,0,0,122032869581,4,-99.13,1.14,0x97ae549effcd475207219c2a457b6df556e4c7cf7f5514b4eb4b5ec24f4669e011f309dc7db859edeb09f6c93359cfc84c69fcf0,52,868,7,125,4/5,0
HWS-002-FIFO,10,52,FIFO,limo01,1784028790318500893,1784029016119079467,0,0,225800578574,7,-89.07,9.99,0x9ebe8577fe11babb4a7f825b448a35d1f4a891856cfd1abdc94af72bdf7c75b46797adc9f1fb1d7b2bbe2fcc40d0f6193b5ef05b,52,868,7,125,4/5,0
HWS-002-FIFO,10,53,FIFO,limo02,1784028796080465883,1784028974545512494,0,0,178465046611,0,-102.16,6.35,0xaac68cb884d029451368614da70fce468e1b39f24a7532f1495dfdeff7069e77393f8d98b25e63c5692257a6c9d1e77898b8a173,52,868,7,125,4/5,0
HWS-002-FIFO,10,54,FIFO,limo02,1784028798565728509,1784028985621292757,0,0,187055564248,6,-103.73,11.49,0x42836670bda217ac13b073237137172010ddb1980f2200e348ec88b2f5db0599684d8db5c888754d10e01ae71dfbb913f408fd09,52,868,7,125,4/5,0
HWS-002-FIFO,10,55,FIFO,limo02,1784028799526835978,1784029020756272853,0,0,221229436875,4,-96.09,-0.15,0xe3b5adfcd91c9b99271e6d47111b13c1fbd8e7017ad724ffad9fefc9e64ad6280914cae382cd0bd036dc370b4d2288a97a81e409,52,868,7,125,4/5,0
HWS-002-FIFO,10,56,FIFO,limo02,1784028804335536303,1784028931323864584,0,0,126988328281,4,-105.05,4.11,0x12c3ff4f6818a3afd467bfbbd7df998b21a6a09a0b675fd9b117b5337d48a016c0e83e98797566fd8c3befe14a5c80914b2282d5,52,868,7,125,4/5,0
HWS-002-FIFO,10,57,FIFO,limo02,1784028807739704463,1784029025890019024,0,0,218150314561,9,-94.82,13.12,0xa3da9e8e4bc636cec3ef26f2ceaa3aa5977bea5a87d9581c07e6ad0e1ba0a6cbc888a7f1d418b76967b70e00ace2718f5d99c421,52,868,7,125,4/5,0
HWS-002-FIFO,10,58,FIFO,limo02,1784028810559883341,1784029038049385527,0,0,227489502186,6,-98.59,-2.08,0x448ee8e513dadb067ee322c15090b5cb6b58eeaadb56122ccaf692a83dd5f2fb65c7be1bc9032b51f7443d3e0e5ff1da2010471e,52,868,7,125,4/5,0
HWS-002-FIFO,10,59,FIFO,limo01,1784028812623992608,1784029130710450979,1784029130710455294,1784029130876603182,318086458371,5,-99.08,-3.75,0x671db959d152a264a0d5f0b21b5db93654a482ee4ad85538777f47acde0cff623dfd049659ba7939fbe32a3d46b727bd2526956a,52,868,7,125,4/5,1
HWS-002-FIFO,10,60,FIFO,limo01,1784028817540420211,1784028948923908948,0,0,131383488737,4,-84.94,6.84,0xb55f55c0665e57a1daf78d7916ab726810564175400da57507aa9266b036ad069acca710d5c16a23e0c253f7133c61f88662dcbc,52,868,7,125,4/5,0
HWS-002-FIFO,10,61,FIFO,limo01,1784028823059356155,1784029078582102953,1784029078582105506,1784029078749061768,255522746798,0,-95.48,-3.44,0x33ae080b8482e78d2377c70d5a979290946421d630ae86c9949e932ed91759b0afd765948cdebff8bc6db10ae80f1f21f6b6283e,52,868,7,125,4/5,1
HWS-002-FIFO,10,62,FIFO,limo01,1784028826239284575,1784029018602310463,0,0,192363025888,3,-89.18,-2.93,0x633fc633dbcc51faa60b6d75d362d09cdd56ccaaf743d5eedfb048db69cf95a695be5e6a380a7bec6b66e1e22f0a6c322c6046d7,52,868,7,125,4/5,0
HWS-002-FIFO,10,63,FIFO,limo01,1784028827558513162,1784029074540210400,0,0,246981697238,7,-105.08,-1.17,0x6a9b46f53951c22f43eb3a4d7d66d87d4c52de05a178a574d8d75f2b2f6f0194faee4bff5fcac21e5d4871973b4d7cf2e870dc02,52,868,7,125,4/5,0
HWS-002-FIFO,10,64,FIFO,limo02,1784028830998307878,1784028943077504421,0,0,112079196543,2,-88.11,4.02,0xdc45027b7e370c33f9317557ac01a92dbb5b2febf267e8b75310fa37b5f4fc391227013532eb72406f756d952b095c856c37cb3f,52,868,7,125,4/5,0
HWS-002-FIFO,10,65,FIFO,limo02,1784028832819092865,1784028925073050184,1784028925073051964,1784028925247477682,92253957319,5,-100.53,3.85,0xbcdbf2541ddd34002536bb2c481bcf6e856a50a6e2aa472b8af222aacedaefb447df27ccf3fae61d892c25a8c6d8b0ff71caddb4,52,868,7,125,4/5,1
HWS-002-FIFO,10,66,FIFO,limo02,1784028837056187324,1784028960065282099,0,0,123009094775,10,-87.26,-4.33,0x007b94ac9455b4b93668ac8a0cef5197938d7e96ac2d80c8e13fcdf5bf566ac4357e2ccaaa24d40fb09bbc9fbba51d128b0213a9,52,868,7,125,4/5,0
HWS-002-FIFO,10,67,FIFO,limo01,1784028841427209389,1784028961820518678,0,0,120393309289,4,-88.85,5.19,0x594a12cc3f5a10202a7f0a0ddd086cb8a64a48e53ce2d0b0a8a1a8d37bad567b60335a4db69a84346e6661a58649e01fb2224995,52,868,7,125,4/5,0
HWS-002-FIFO,10,68,FIFO,limo02,1784028843977366324,1784028917142080736,0,0,73164714412,1,-100.64,14.10,0xe37f267ca546e1c9e380deb92cbeaa56954717f5ccac579a1f56cae15e61e05e370632053ee51da352b79168b0395fc7a786b2ad,52,868,7,125,4/5,0
HWS-002-FIFO,10,69,FIFO,limo01,1784028848382972669,1784028996490838281,0,0,148107865612,3,-86.62,4.70,0xe093b303bf01876d8965b2d86b0d3fd725ab5004698a09fc780f2ed8e96ef0187e3e68737d94d6bb3452efa375ed7881596c24c8,52,868,7,125,4/5,0
HWS-002-FIFO,10,70,FIFO,limo01,1784028849826067183,1784028987104640207,0,0,137278573024,10,-98.91,-3.79,0x1b3f203c13007d0c85729d99e10f2c7e827da5d27a53f51f11d0bea3bda8bca862e0bcf04cdbaeaab2c26cbfc9f54a6c659ce9d8,52,868,7,125,4/5,0
HWS-002-FIFO,10,71,FIFO,limo01,1784028854311867486,1784029083248212998,0,0,228936345512,10,-107.87,-1.16,0x46130b6674ed6a2c82bea1d417632bf11fea72fd97da1e41ac7380af1b975dc4e5271c408eb6cf34d8654bc10007e948258217b6,52,868,7,125,4/5,0
HWS-002-FIFO,10,72,FIFO,limo01,1784028859550251946,1784029145938257977,0,0,286388006031,0,-107.04,5.56,0x95c58e842acc310dfa9801f79bdc69617f39f33207f70f1d45785a3831feda6bb4cb8d2e6c689c85f20f63ec438134b29919be7e,52,868,7,125,4/5,0
HWS-002-FIFO,10,73,FIFO,limo01,1784028860279319148,1784029020884791728,0,0,160605472580,8,-84.64,-4.98,0xbcf63f0dd9a3a7f17c1b97f67b6ee22456cd59dbcd1f737e809e0cf63654819287c0c506fc9152e48279e77a1e474f5aff4be0b6,52,868,7,125,4/5,0
HWS-002-FIFO,10,74,FIFO,limo02,1784028863625488751,1784028987437167313,0,0,123811678562,5,-98.05,-4.27,0x899e9c3711e6c5b21d7e563c3c4265df530915e60d62a72b01bc172e1be4937ce61458e57dcf8a71b3e5d9256098d89fb61fcfce,52,868,7,125,4/5,0
HWS-002-FIFO,10,75,FIFO,limo01,1784028866782689565,1784029089358590974,1784029089358594142,1784029089524825515,222575901409,1,-97.90,0.32,0x959f53fbbf68487fa95112a7c64880d5d6a07999f2ef9b86017f5f42cccbd6da6e855c95217344b17e2b17ebcc563c71c4a33647,52,868,7,125,4/5,1
HWS-002-FIFO,10,76,FIFO,limo01,1784028872324702625,1784029005388746087,0,0,133064043462,10,-91.87,5.43,0x32e0847d1212f81fe03d9fe9483f545fdc88efc15c256fa16cd4632a995f9549d18704f2e2db2882b584072f3891aba4b4a34a29,52,868,7,125,4/5,0
HWS-002-FIFO,10,77,FIFO,limo01,1784028876035775883,1784028992316526216,1784028992316531161,1784028992485709368,116280750333,4,-90.88,4.15,0xf6126959039811cf8769337ecae60276dc2dcb1395e0c48d739fd308d77a4f630502ad8c99d84e91d5cecd9fa0f53fbeb239a775,52,868,7,125,4/5,1
HWS-002-FIFO,10,78,FIFO,limo01,1784028877308002186,1784028981022833561,0,0,103714831375,4,-104.55,7.86,0xfb67164b5b220a3dd45750b12086830bd6ee9d8d15599563fb65d0f518f6b0aa7b868853979af710f7ebaaa3b89501d55d88465c,52,868,7,125,4/5,0
HWS-002-FIFO,10,79,FIFO,limo01,1784028882652780705,1784028952617626454,0,0,69964845749,9,-82.28,-2.39,0xbf9f4122b17960da779a509b97d3038b03836727ab17b984dce610346cc10a7ffea5d3e3389e70b94eb5f4207744f1530758eae5,52,868,7,125,4/5,0
HWS-002-FIFO,10,80,FIFO,limo01,1784028886560264727,1784029046470470366,0,0,159910205639,0,-104.96,14.98,0xbb33dc252619523ca07ce6b785a5782539bb1478f293b3e5bfc0814721fde56b1850c3b192204d61af9f79b62032de5430987aac,52,868,7,125,4/5,0
HWS-002-FIFO,10,81,FIFO,limo02,1784028887113491209,1784029271135545983,0,0,384022054774,1,-97.37,11.65,0xf97c79029a039d8853380e6fba2ac795ab2ee9c95728745342972e0b7122fc506519d632d64ee2c17245a82a63c44aee5bcab0cd,52,868,7,125,4/5,0
HWS-002-FIFO,10,82,FIFO,limo02,1784028892917496138,1784028999781554232,0,0,106864058094,7,-80.89,11.91,0xe8fb3a0d88c22f1163a8c310e09ba9bc2f63b1de2b273bf7d92f5c6e18443aad0d942945442958ba225ad4b687a1f587ef31abdf,52,868,7,125,4/5,0
HWS-002-FIFO,10,83,FIFO,limo02,1784028896888803659,1784029026324030328,0,0,129435226669,1,-86.12,-1.57,0xdf878b45ba5d95c55971770cd5cf6bb1f5772d1f79884d3b60a7a0cb0f0e48a82feda3f1b853b9930b0a007d27b1c1edb18b8c2c,52,868,7,125,4/5,0
HWS-002-FIFO,10,84,FIFO,limo01,1784028898143908002,1784029002833107665,0,0,104689199663,6,-87.57,-0.96,0x7ebd690cd40807323efe99838a4313f75134291a59188eeb3b849351d433c57fa12d401a2e449850a44ec7e77de5a246de531ba4,52,868,7,125,4/5,0
HWS-002-FIFO,10,85,FIFO,limo01,1784028903511552347,1784028977083881859,0,0,73572329512,8,-91.37,0.66,0x9cd709d09c338fdceb369c52159efe41879050640c8f0fc1e3db69783fe624b2b6d2adf346da4c22d6adc45c051ba09d27e5119e,52,868,7,125,4/5,0
HWS-002-FIFO,10,86,FIFO,limo02,1784028906709443397,1784029027603906827,0,0,120894463430,10,-107.70,9.18,0xe6d6d5c2aa12880fe707ae67931c07eac976b7c6c96bfac3493e20aec1e85ed15165a45f1672bbb2852f99403417350bc2d1ae91,52,868,7,125,4/5,0
HWS-002-FIFO,10,87,FIFO,limo02,1784028907560834454,1784029027696691622,0,0,120135857168,1,-81.61,-4.55,0x2adb9bba22f2b473d5575d09675cb4162b09d1cc67ffeee235381c22b3729030ebe80582c0c635031b6fe2f5fc52c94d5d75bd5d,52,868,7,125,4/5,0
HWS-002-FIFO,10,88,FIFO,limo02,1784028910701479176,1784029227672871563,0,0,316971392387,2,-107.48,2.35,0x183b8a5c72970733a05e7ace1d40ceea429ea941e1969bcbe2081b8a6c230f7f92cb27ec7e8ef3048eab865ce15114af95e01e00,52,868,7,125,4/5,0
HWS-002-FIFO,10,89,FIFO,limo02,1784028914262505968,1784029025278994796,0,0,111016488828,3,-107.23,13.20,0xead142448b383ee5e438030a4a5d3ce14a5b6b5481a01d0e995762642e9a5d7f9c78b9208dd5a554b866131bf0d039ee897af29e,52,868,7,125,4/5,0
HWS-002-FIFO,10,90,FIFO,limo01,1784028919989695122,1784029103837183848,0,0,183847488726,2,-101.09,-4.16,0x148741b0308fa1c8df1501ab9ee69464645ca1d5807dd48e24fc31332a461234b33c4a1848cf4da00a424cda08b4938f3ed9a5a7,52,868,7,125,4/5,0
HWS-002-FIFO,10,91,FIFO,limo02,1784028920467177674,1784029024010200074,0,0,103543022400,5,-96.73,11.79,0x668a974a9970727484912980b6bbc354775afecfba6eea56de7fb90f227a7d669358ac2f0006ded5f88d563ab3ad54491d6c3152,52,868,7,125,4/5,0
HWS-002-FIFO,10,92,FIFO,limo02,1784028923724610680,1784029048964537671,0,0,125239926991,5,-105.51,14.17,0x8f8601874eba5c82d6f3b65989cc16e09f9645b874029b4d48196782f3f1912eaa006385620f082d42b3404bb40658f561c219cc,52,868,7,125,4/5,0
HWS-002-FIFO,10,93,FIFO,limo02,1784028927114474103,1784029066930816793,0,0,139816342690,8,-99.95,4.76,0x604f0d58b16a782dcd423a3b8f8d24e5ef5410384645106c3e23f2aeb3e0b4a45af007c12cf43cc9c1df6400e30600b25cdf138d,52,868,7,125,4/5,0
HWS-002-FIFO,10,94,FIFO,limo01,1784028932919269974,1784029128204975192,0,0,195285705218,4,-97.27,-2.29,0x05172a29c175397553a8ce1b14b49837d06aa404afc99fcbc8e099e70384051f4e613171f7512855b236d8440eaa5a5eb6a0f3ca,52,868,7,125,4/5,0
HWS-002-FIFO,10,95,FIFO,limo01,1784028934974610083,1784029142464396725,0,0,207489786642,6,-100.95,8.58,0x955b78d7a1d0b192321e236a4621bbaf38fdeb6199c09a79afe9383c8d8676ae1557d0c98fb5f8a4f12215dca10405d8bc9b868d,52,868,7,125,4/5,0
HWS-002-FIFO,10,96,FIFO,limo02,1784028936536938050,1784029291705947144,0,0,355169009094,0,-82.55,6.13,0xba39677f1862ebe84ba7868fe38647dc6a8c643b22e109318e0c168c4327d54bd0cf1f03ca81f1c478492a85234713015542a454,52,868,7,125,4/5,0
HWS-002-FIFO,10,97,FIFO,limo02,1784028940014990866,1784029032219354583,0,0,92204363717,10,-91.39,4.13,0x6af601a1547850fb5f9b24c0d0bb9d870bc73c10c2b46740729e9a3a109e76f778a5480fd9c5b9a3696d6247a9c5f46b1823fc80,52,868,7,125,4/5,0
HWS-002-FIFO,10,98,FIFO,limo02,1784028946864381139,1784029103128027440,0,0,156263646301,5,-103.81,0.76,0xcb99697605534bf67917cf8cc63e2b5a23888f8e3b3bbfc2ae51439502f48a89143c267f83783adb113531f745013c241bcfe528,52,868,7,125,4/5,0
HWS-002-FIFO,10,99,FIFO,limo01,1784028947633380224,1784029238965422430,0,0,291332042206,10,-96.01,9.10,0x9852ef9848500cb31a1d2ee2c1b96cf525579bdac47e55e09433f06f2254b6bc752da6e03a6e42dabe85337e73750ec8925ef3ec,52,868,7,125,4/5,0
HWS-002-FIFO,10,100,FIFO,limo01,1784028951299112278,1784029078041969457,0,0,126742857179,0,-89.32,7.92,0xc893e377e1d67273a69c3b38044c2583c4b342fc7ca44161384ce50c5d79ccd41ce875d1f002aacb14a4422ee6aa958e0d707dbc,52,868,7,125,4/5,0
HWS-002-FIFO,10,101,FIFO,limo01,1784028955525607893,1784029085889601586,0,0,130363993693,6,-88.14,13.21,0x72c5f8afb3c34cb33b2eb46c726fc38ade6543a282356c0feac1f73b086c37f61319e4e8fc41f1b096bcb0e2aa8419bbacc0d355,52,868,7,125,4/5,0
HWS-002-FIFO,10,102,FIFO,limo01,1784028956876288077,1784029102201742243,0,0,145325454166,8,-108.01,11.96,0x9575c6cf3ab9750ed169872188bac8de65c876fabf5586a3561641f6561e404307d952c447e3ac128b5c1a3a3f331cfdc26d7ec9,52,868,7,125,4/5,0
HWS-002-FIFO,10,103,FIFO,limo01,1784028963696148298,1784029156083247886,0,0,192387099588,1,-109.95,12.02,0x4a21301fb273570d66f0a1fe7fcf66a88141a4b16e4db96889d07f5811a5fb896c72e60f07b4c2734864670640414d64ecbf82d7,52,868,7,125,4/5,0
HWS-002-FIFO,10,104,FIFO,limo01,1784028964217964563,1784029051480246657,0,0,87262282094,0,-87.20,14.27,0x7589264f5dfc4ff7666ca1c912a9fcbac83312b5e208febba21bf21b14f1e0b7abdf71596157166eb0ec809feaad27d8b01ad4ce,52,868,7,125,4/5,0
HWS-002-FIFO,10,105,FIFO,limo02,1784028969443610716,1784029287057309697,0,0,317613698981,4,-93.91,-0.12,0x4b641afe71721fe309d711ed1719279a48936ad7103648887f035949d7614b2fc43bab160e8516e1eb99d829508678e66a0af35b,52,868,7,125,4/5,0
HWS-002-FIFO,10,106,FIFO,limo02,1784028970868755427,1784029314837065459,0,0,343968310032,1,-92.63,13.00,0x0d88fab3d687abce69b425363db5e75864601d558f8df12d4b9852fd74c9fb0a03bea64d2a25e34be6ba0a31a1e79335ed777a5b,52,868,7,125,4/5,0
HWS-002-FIFO,10,107,FIFO,limo01,1784028976023028113,1784029123694150509,0,0,147671122396,9,-87.15,12.39,0x98e80cf57d470ff5e28503700facc65b1eca0d0ccec4c67cb96e6c1cee6d8bce050a48c80a17871ba5cff5c2ac769bb19759c630,52,868,7,125,4/5,0
HWS-002-FIFO,10,108,FIFO,limo01,1784028977272737715,1784029078740461038,0,0,101467723323,2,-88.75,4.46,0xc6184a4400c23bbad5a6e845b38e0e853294e72bdea74c28f702a8fca001c8e3cef42051434e417ba6d65df35022e9aa5ac0abf2,52,868,7,125,4/5,0
HWS-002-FIFO,10,109,FIFO,limo02,1784028983080136414,1784029137489547242,0,0,154409410828,1,-83.81,10.48,0x0133146c4f2ff725212f375f6e435137fdc20f30ca71deb3b901f9e87e197c31b3a11615cf3d0081e09ba11a2f3c3d0e5d0c2669,52,868,7,125,4/5,0
HWS-002-FIFO,10,110,FIFO,limo01,1784028985693245401,1784029133540495028,0,0,147847249627,8,-93.88,6.89,0x1da380957f9529f7c595bc76b91cd2d1653f58c79bb4c61dd816b0310aab11922e74677c1c10d3cdd34e5d6877795e022cdb8fcc,52,868,7,125,4/5,0
HWS-002-FIFO,10,111,FIFO,limo01,1784028990121535929,1784029078227141847,0,0,88105605918,2,-80.36,11.48,0x4e8ed550cf3663abad782686e6a56a374e6fe0f1574e5262003496b2ae01a95935cc64af712ab43394aa4a882d4c4cf6f8a24428,52,868,7,125,4/5,0
HWS-002-FIFO,10,112,FIFO,limo01,1784028991103844626,1784029178462381539,0,0,187358536913,9,-99.16,11.40,0x0b34fc9438ef2c3b8e82b261db05f387d4624aca13a160b703ecd3079a13980f485cce3769dc10b71a2a3a086c36353466b43613,52,868,7,125,4/5,0
HWS-002-FIFO,10,113,FIFO,limo02,1784028993916992612,1784029270364357053,0,0,276447364441,2,-94.18,3.78,0x66767ae9447dfff48ca05bb7a24736fed899d42e12f5d3324dd2233bdc11c48e1569e7a5224ce8dcbcdfb23c90769757ec6da861,52,868,7,125,4/5,0
HWS-002-FIFO,10,114,FIFO,limo01,1784029000454878376,1784029183382712110,0,0,182927833734,8,-88.29,6.84,0xd680aa61d25459ca8c9117e158868860d2a2b9a8c9dd7a838dc9744e5046e423aa4b613b02cdace72888b927e834a32d0cfac4c8,52,868,7,125,4/5,0
HWS-002-FIFO,10,115,FIFO,limo01,1784029002546349625,1784029187800037698,1784029187800039467,1784029187970237520,185253688073,1,-92.73,12.18,0x965d799795eaecf9db8d742149e69f4fa4216723170b723e0252b65cf00178a64d67818c649b0f004330b80ecab076844162b1de,52,868,7,125,4/5,1
HWS-002-FIFO,10,116,FIFO,limo02,1784029005750649423,1784029111046671354,0,0,105296021931,0,-106.46,0.56,0x3c49487a31f3a1565b2b548fbd215f93522c0d3a69159e071098e101c9e76f09c12f01977c1f366193eb4de2828913ecaabd3e04,52,868,7,125,4/5,0
HWS-002-FIFO,10,117,FIFO,limo02,1784029009356252009,1784029191206551613,0,0,181850299604,8,-109.27,-3.57,0xe7d2ffc3627af237f5ef63fd9de88828c7ac8dd7538c12bd6b173ac633a12e7cbb8b190a2bafb9ddcaeefa34dafd9cb55142b3c2,52,868,7,125,4/5,0
HWS-002-FIFO,10,118,FIFO,limo02,1784029011479318905,1784029230532531799,0,0,219053212894,2,-107.84,1.09,0x689c2adcb0f0648c3c7145e250dbf1bb447e7349a382658b1bd75da3959536c0222fc37f686408e6d313cc3b0c8cd2214f8b4492,52,868,7,125,4/5,0
HWS-002-FIFO,10,119,FIFO,limo02,1784029013770806676,1784029183139265878,0,0,169368459202,10,-83.06,11.98,0x65dc895eb203906816c21a74e5369fce6ad92799e9dcf22cbf02316be7f4128fd99ad13a108c618302d56919c65673b8352528fc,52,868,7,125,4/5,0
HWS-002-FIFO,10,120,FIFO,limo01,1784029017940741174,1784029392600388140,0,0,374659646966,3,-85.97,14.22,0x46e49f56714746cf93acea8d78b7ec5e4da189f8a6a152a8ad8159db7a2ce887da6d5a95bed9bea7a90ff5f05ac586c080b437bc,52,868,7,125,4/5,0
HWS-002-FIFO,10,121,FIFO,limo01,1784029023783611059,1784029078685572049,0,0,54901960990,6,-100.01,-1.12,0x293bcba1564dafbe05af816a9e51b9f85e40a50b980abaf6b0d3f01c9d102c5ba3b94236d0791b9f98fbfa9bdc5cba1e7f6149f9,52,868,7,125,4/5,0
HWS-002-FIFO,10,122,FIFO,limo01,1784029025037775132,1784029108691418923,1784029108691421996,1784029108860459556,83653643791,1,-87.84,3.12,0x60d70612cefef966a19902ff24340c6a1f949adf937b187e5fcd8cd8c37c957d29226a4838cdff956bfb22b38c48a9c6c6f8c8bb,52,868,7,125,4/5,1
HWS-002-FIFO,10,123,FIFO,limo02,1784029028221249337,1784029226776282514,0,0,198555033177,6,-84.37,7.91,0xe11b6b140c77a7659169e94a8702a28afecb54555c68ef5ea8c5f5a924fa8279ec52205aecf4badce871858b065077ae6be7e805,52,868,7,125,4/5,0
HWS-002-FIFO,10,124,FIFO,limo01,1784029031052987250,1784029131972636241,0,0,100919648991,9,-95.00,2.76,0x86871e25db4cdce32826a49c39286cdeb90edf918da8616a3f77adb72a67c1d5b2f13c31a4dadbf864b8ba22efda9f0a66bb43b0,52,868,7,125,4/5,0
HWS-002-FIFO,10,125,FIFO,limo02,1784029036640805043,1784029120522103945,0,0,83881298902,2,-88.27,11.14,0x256906499e0cda6d658df5d90f8fb27736778d356eb83eb5234c8689b5623c09687a3729b1fa6529191bdc4475af0ad7f18cc25f,52,868,7,125,4/5,0
HWS-002-FIFO,10,126,FIFO,limo01,1784029040212716519,1784029241601392532,0,0,201388676013,4,-85.30,9.14,0x560318f08b803895a88f7e90b9abfc874d312797ce0ff8208c354173c5d3f2fbfd464810a9514eb2dc1a73cd1678a5c0710d588e,52,868,7,125,4/5,0
HWS-002-FIFO,10,127,FIFO,limo01,1784029043877921813,1784029282474507357,0,0,238596585544,1,-104.46,4.02,0x1ccaeb26e67fe2fae77b2d7a7d51cf916917f93290a7768304b314ef44cf1917f162f9a65b2107de4140114d88329e5628731f9d,52,868,7,125,4/5,0
HWS-002-FIFO,10,128,FIFO,limo02,1784029047593302793,1784029200478625699,0,0,152885322906,4,-98.91,-4.79,0xf58ccccb074ec91db3278712a040699dd4ee8cb00065e53e4ba4e6a572ac5ec2f155ba41c7662fe2380103af4562099f4aa29d7a,52,868,7,125,4/5,0
HWS-002-FIFO,10,129,FIFO,limo02,1784029050078305172,1784029192308010687,0,0,142229705515,9,-108.28,6.09,0x2687cc3ac37983210c82aa0d2a7bcc93d3fb08c88aa8f90d1b3e1a92f82d6e9341522d104f889fd921d8c78c297fdfc6b00299b6,52,868,7,125,4/5,0
HWS-002-FIFO,10,130,FIFO,limo02,1784029052556335173,1784029248633484979,0,0,196077149806,6,-97.60,-3.30,0xcae9c3650fa6964cf6b9ce482fef79807660df8366d87383bc5b35ac661315668b4c1b07c383a806976129ebcf08d2a2a54f0b38,52,868,7,125,4/5,0
HWS-002-FIFO,10,131,FIFO,limo02,1784029056093720768,1784029224754876556,0,0,168661155788,9,-100.82,-2.32,0x8e87b87a17d7ebac670a29f350c8899e80238b1031b8792e5b24a25f3b748b3ecbfaafc7e8e9d245934f2fd3b4df9b564062f5e8,52,868,7,125,4/5,0
HWS-002-FIFO,10,132,FIFO,limo01,1784029060950225512,1784029177443999661,1784029177444000914,1784029177614924396,116493774149,3,-109.75,11.54,0x24a6c8fd0934b9f2a245e796536eabd5c9db4851758bc57239ac77006023271cd0c6c13eb5e668958ba8bc5192078aa1964f7fcf,52,868,7,125,4/5,1
HWS-002-FIFO,10,133,FIFO,limo01,1784029061162031890,1784029227714244423,0,0,166552212533,10,-107.10,14.79,0x9edbbe334d78952247e403581c628b59dc5e92683619c70549063cddc34171864f9f148b8fce7e9fda3dacaca4bdb9bdd6778ab2,52,868,7,125,4/5,0
HWS-002-FIFO,10,134,FIFO,limo01,1784029065728326627,1784029425917937737,0,0,360189611110,0,-109.84,-3.50,0x6784e1f6b701d9e987f9ab56f7926bce743d184f6acc65adba4f5cf9a81f9a89e6084391d3350fbf344c857c6e957bc4f6773a3a,52,868,7,125,4/5,0
HWS-002-FIFO,10,135,FIFO,limo02,1784029068170396342,1784029199252108318,0,0,131081711976,4,-108.20,-2.09,0xdecaed9427b325a9401a4314ceffa55706a9f6608710a56fb7ad85d0544a6a2a342f0c817628f20022135c53734dc6c7f87bb43c,52,868,7,125,4/5,0
HWS-002-FIFO,10,136,FIFO,limo01,1784029073247588903,1784029180227291097,0,0,106979702194,8,-89.94,9.57,0x472216bf2c0e3d3485847e2f3fbf07ef12452548339e2575661033659271b44a4d56cf6c7a231c4e91017d2380243b2208b7c4bf,52,868,7,125,4/5,0
HWS-002-FIFO,10,137,FIFO,limo02,1784029076710730999,1784029156948781535,0,0,80238050536,4,-86.90,-3.94,0xcd119cd3f57b35fc3dc3f3fd747ff9e66a099be6a99a535e432c34c60de5ba3b8e3f549a71a2bca2f6398434c63c6eac0c029876,52,868,7,125,4/5,0
HWS-002-FIFO,10,138,FIFO,limo02,1784029080713232965,1784029225445748699,0,0,144732515734,1,-106.25,13.70,0xee09305d8abd5ad442d6436363696a5193b0d8c313906229c17877d7de57154ded721504365a3445b03a089fed3ff8de7d621632,52,868,7,125,4/5,0
HWS-002-FIFO,10,139,FIFO,limo01,1784029083318872259,1784029158938032122,0,0,75619159863,10,-101.78,14.88,0x5d6a3b2b1efb4bd89d559ad22bbfc632fad03b2f6f00ff9edadb221a2ef0ef1d20dee234fd4235d8648e55495de98cf8edaf4823,52,868,7,125,4/5,0
HWS-002-FIFO,10,140,FIFO,limo01,1784029085447676354,1784029287021165187,0,0,201573488833,2,-92.00,7.95,0xba1af4543d351f7a2c7984daa6647a0c940bc2f1f058c80b489ce01e6c1e13c8cf61b40212bd2db194974e9577896a0027b97462,52,868,7,125,4/5,0
HWS-002-FIFO,10,141,FIFO,limo02,1784029088300444652,1784029283087104994,0,0,194786660342,1,-87.09,5.80,0x973e70bda5c3400122e7189f7eed5608ae576e9a1b806fd1df589d891d727d7444e72b7ffcf806c8da210a4a2e1a667bb1bf674e,52,868,7,125,4/5,0
HWS-002-FIFO,10,142,FIFO,limo02,1784029094083872719,1784029306099939276,0,0,212016066557,7,-108.85,6.18,0xbf18447da678071645be70c2c803e0f71285e5a998d2ddc46b95e0c0d7b73c31541e1f1ad173f810f8451886facd3f14c1af546a,52,868,7,125,4/5,0
HWS-002-FIFO,10,143,FIFO,limo01,1784029096138568170,1784029225871345744,0,0,129732777574,4,-106.63,14.64,0x008e02fc9d3d1be2c3739cd686eaaad41c00031c58d885190f3332a43bbc1b7f0d42d9eb9a180bce1bdd8be0724922323a21ab02,52,868,7,125,4/5,0
HWS-002-FIFO,10,144,FIFO,limo02,1784029100230334015,1784029217771862752,0,0,117541528737,10,-90.72,13.53,0x73f95ccab913304c380cd81d2af4092f9fc1d5003b7b78c4b839270199287a13a77e4576c6805457594400f541b27892c4915372,52,868,7,125,4/5,0
HWS-002-FIFO,10,145,FIFO,limo02,1784029100710486597,1784029272195887114,0,0,171485400517,8,-100.92,-1.79,0x9ce03f55c14f5f6e4ce1a0f4c5fe8fd94607192d99c4641d4f6134ecce17a1ae39db9d7e454bcb8efb2829d63ddf4a882b372178,52,868,7,125,4/5,0
HWS-002-FIFO,10,146,FIFO,limo01,1784029106938909184,1784029233593474800,0,0,126654565616,5,-85.95,-1.15,0xd3dc19ce203d1844d0cfb226409d44c287d5c7aca92a1f0aa6b2e0d0ae3888cd2adf4340bc9d52fb066bea811cba683ded3cedd4,52,868,7,125,4/5,0
HWS-002-FIFO,10,147,FIFO,limo02,1784029108553432421,1784029184796711158,0,0,76243278737,4,-80.28,7.16,0xcfc05977338464a81796646626cc9ffe7fffa1624046e355c3d8d78bd1bff8ad87e3ef81bf39ae9fb1a1d21f48bf3d7082f82e40,52,868,7,125,4/5,0
HWS-002-FIFO,10,148,FIFO,limo02,1784029110782236232,1784029320392561259,0,0,209610325027,10,-91.88,-0.96,0x8aa420cc5e0b8b944fcf6bb695b8c70054978eba6060612ffe31f32a3b5e6d52eecf393a59c388b66e691dcb5c78d34763899daa,52,868,7,125,4/5,0
HWS-002-FIFO,10,149,FIFO,limo02,1784029116146379423,1784029295849922548,0,0,179703543125,2,-104.57,11.15,0x3b0b0c95e2e7de9d3725b07a83081760f74998bd7e366933169aa616301853bc1c363efbd303929ba74f414311bfa1105b9e8b6a,52,868,7,125,4/5,0
HWS-002-FIFO,10,150,FIFO,limo01,1784029117378094007,1784029289377908359,0,0,171999814352,7,-86.75,3.27,0xcbc8d950432990ed2993966e2a811212a1d1afd38eefe3530da5bc20733308dc69659fef0d05136cfafba03d77113b1221aae5cd,52,868,7,125,4/5,0
HWS-002-FIFO,10,151,FIFO,limo02,1784029124152835369,1784029281436361445,1784029281436365997,1784029281608056968,157283526076,1,-82.85,2.39,0xe085642b32c88aec5665b47dd839f5881ba7660a3881caca0959ea32a9a9933c66ce648e28deb1b8c2e3c340b12dd8199b05db03,52,868,7,125,4/5,1
HWS-002-FIFO,10,152,FIFO,limo02,1784029125643643857,1784029255791340788,0,0,130147696931,4,-99.95,12.30,0x21b042a0699859d9b5450fecfc0a84bb51a759538dbe7b3c0db2482ef9dc8b1416faa2479b2bc4a098fed848c644bac1a7e44e8e,52,868,7,125,4/5,0
HWS-002-FIFO,10,153,FIFO,limo02,1784029127472777258,1784029233461028587,0,0,105988251329,9,-91.25,5.48,0x8e0fc241dfe3f0c60c53210f05744481b4517ba38ce11d17c4ae5943c3a97177c0d7401dabb6084131113cbdf954dbcba9c34f46,52,868,7,125,4/5,0
HWS-002-FIFO,10,154,FIFO,limo02,1784029130773486026,1784029372234136996,0,0,241460650970,7,-96.16,-0.82,0x8418fe26a57e5c9b38132bbf093e86b3e2ca5205e4ee19fbae309e4c75c5ff3410f353c5038c1e93374ea5de32444da132517efe,52,868,7,125,4/5,0
HWS-002-FIFO,10,155,FIFO,limo01,1784029135395869109,1784029432462333459,0,0,297066464350,10,-108.05,-2.25,0xaf6d18acb54da7b5d3e263e41879f7ec7c13a0a8b1545be2c19e6d5c50165b401c0d7eac241287f0a188cba6c92471a1210a8de0,52,868,7,125,4/5,0
HWS-002-FIFO,10,156,FIFO,limo02,1784029137863543179,1784029257698086775,0,0,119834543596,3,-96.15,13.41,0xbcca5e3c4f3897cd01f3609873b7018d54c15e3033ad09c3e9c734b4b6e616f0202086dc979d3403a7365613c39add3b0fb37bb8,52,868,7,125,4/5,0
HWS-002-FIFO,10,157,FIFO,limo01,1784029144484801593,1784029252448115873,0,0,107963314280,2,-87.49,13.98,0x093973e7f936f0dd9673a517f460d04d62fe932545238de775551c2c79ec8074af60f8c881ff87aab5d19fc03eff34923ced0a67,52,868,7,125,4/5,0
HWS-002-FIFO,10,158,FIFO,limo01,1784029144484450505,1784029419888212137,0,0,275403761632,4,-107.65,13.83,0x3cccd2cd42499958ffad29bd9f035a468bfe9e456055aecc40946a41dec3599df992a71a6e149103297f579101e63cdc70d3f435,52,868,7,125,4/5,0
HWS-002-FIFO,10,159,FIFO,limo01,1784029150932797236,1784029218202935901,0,0,67270138665,9,-103.04,-3.92,0x17a802d7600c00e2756342d901a432983eba2bb2a07bb1e26503498d7e478bce558db8a390d89dc4291a0d791dbfd5c8d58d533d,52,868,7,125,4/5,0
HWS-002-FIFO,10,160,FIFO,limo01,1784029151927304017,1784029454472121350,0,0,302544817333,4,-94.74,1.77,0x67dd3415280dd907b464dcb0576e4a69878b399135e25e5d80cb87278f91b34772f184e6df3191081842b9a39cefb1e5db0c9d0c,52,868,7,125,4/5,0
HWS-002-FIFO,10,161,FIFO,limo01,1784029157439836704,1784029398505934349,0,0,241066097645,2,-91.01,1.89,0x5c7e9adbe94c4cb14caada2e03bd81d8754fab5f3f88766accafad39fde0dde69d7853cad91889263f51f7b8bef74f63a3efccc8,52,868,7,125,4/5,0
HWS-002-FIFO,10,162,FIFO,limo01,1784029160228419094,1784029360243796974,0,0,200015377880,9,-102.43,-4.54,0xa2104282a8776ff18611cd8e4e4ab9c03bcf8968ea811535f99a9891d9244457e54288bf93abdec9d18738ca73cc67beee883aaa,52,868,7,125,4/5,0
HWS-002-FIFO,10,163,FIFO,limo01,1784029162407486314,1784029243259389619,0,0,80851903305,7,-107.83,4.54,0x680aaf40b14e3782a5684af5c7f182fca8b37550ffa03207535b288772aebc086e095146930c49d33f467fe1e58f0b25615f8b74,52,868,7,125,4/5,0
HWS-002-FIFO,10,164,FIFO,limo01,1784029166323595969,1784029611000998273,0,0,444677402304,10,-90.29,2.64,0x3dca571571217a8702ababb6f6b64c6eba7e05db7bf59db086dde23ab0e36a86d77ef6a7d58d51266546f1c009d0f14c60e3fee6,52,868,7,125,4/5,0
HWS-002-FIFO,10,165,FIFO,limo02,1784029170799039635,1784029305377541234,0,0,134578501599,0,-89.52,2.24,0x4eb97708b8ae07905ac72cdd32e9634ada21fc2e84f2466da497956c95a4f0d6069917d8a3422909b2a36d71e1f05d36a158b7c1,52,868,7,125,4/5,0
HWS-002-FIFO,10,166,FIFO,limo02,1784029173138602685,1784029238663309059,0,0,65524706374,2,-94.71,8.53,0x9a5edc22331102057e7bf55d40ba44a0d02b58548e242e0280d583fa8b7425dc61d15f976074ef48d79235425b823ddf146d9704,52,868,7,125,4/5,0
HWS-002-FIFO,10,167,FIFO,limo02,1784029174992140142,1784029311019088034,0,0,136026947892,3,-98.36,11.21,0xa5c913037e381361b518ca21e200c550ce680181a7789ecf56c60471ba32949e0f78fa63f5d70f6a4672022aa993ddb979be50ae,52,868,7,125,4/5,0
HWS-002-FIFO,10,168,FIFO,limo02,1784029179444061046,1784029407777729799,0,0,228333668753,10,-100.67,0.73,0x01ce0b1ccc2944aadabef48641e3b648d1d123aedf3dbdef23bbb6443b0d58a7abbf03aa63c189fd8864706c19655c56f5da58c1,52,868,7,125,4/5,0
HWS-002-FIFO,10,169,FIFO,limo01,1784029183700444241,1784029382730510463,0,0,199030066222,1,-96.78,0.19,0x61c9bee0220e7a04033d7d24bacdd426428e3556b10e0f46b575c5995d1c95d242aeebf50d9adba9a579cfea80d7d936691a6514,52,868,7,125,4/5,0
HWS-002-FIFO,10,170,FIFO,limo01,1784029184949264486,1784029284924265695,0,0,99975001209,6,-109.07,7.74,0x89add03b95ea2937cab7894eda4018005981a8076d6f02c43f3cb92ab6f9779fb09c49ce64de6427d53cf31ab3c73fc843088d6a,52,868,7,125,4/5,0
HWS-002-FIFO,10,171,FIFO,limo02,1784029190760116307,1784029375988565269,0,0,185228448962,4,-106.77,10.52,0x5f33a1605443a5d8ce58eef280d79aea4ad43d4954e7f4b9a6bcf13936a469f783e4a4f7fee9a4a3ee8390120bec54ac383fba23,52,868,7,125,4/5,0
HWS-002-FIFO,10,172,FIFO,limo02,1784029194177733931,1784029533532254418,0,0,339354520487,5,-104.36,12.61,0xb481c3df5f697a1dee3cc83cc90ac27febccfda89287b52ebfb08e0ef41aadf7c6625816c804d7bd5dffce571e6f6c962afe3bc0,52,868,7,125,4/5,0
HWS-002-FIFO,10,173,FIFO,limo01,1784029197442092401,1784029355378736311,0,0,157936643910,5,-90.25,13.30,0x145599ff4a52f7123cf654a2ba3271826079eded17b7a776336a8a8beaa674b84b0bb2be30a88670e5f68ca7c4ac0d167227b5a5,52,868,7,125,4/5,0
HWS-002-FIFO,10,174,FIFO,limo02,1784029199626447223,1784029364513469119,0,0,164887021896,8,-96.52,1.80,0xd8c2c09af06c6b5ad8c604e84c01146907b5028348c1dc2f1ae1d47bb1971b9c7ab43fcd37779b2bc82401be271fb1cb43c28ac4,52,868,7,125,4/5,0
HWS-002-FIFO,10,175,FIFO,limo02,1784029204141977821,1784029365725989881,0,0,161584012060,1,-92.88,4.02,0x288d7095b81565000241e21aceed4f1d18f235d619385dcbcfe1ed262fb2622b41e13ca5727111b71d4909d9dce51c7538e2bc8e,52,868,7,125,4/5,0
HWS-002-FIFO,10,176,FIFO,limo01,1784029206180332024,1784029442365213260,0,0,236184881236,5,-87.08,8.50,0xd5cc5fe4297ac2941d476e8a16790ef98c9bbb597ef3f5e8a197a07ac4d597c86c6f5ddd414cbd449456ea9f9bb713b3a17b0d38,52,868,7,125,4/5,0
HWS-002-FIFO,10,177,FIFO,limo02,1784029210471832786,1784029338726192905,0,0,128254360119,3,-99.38,5.45,0xc3116cdccf473e5dc9d9e538c76aeac877f1d9fc0dd1cdb3195653e77676e787fa48ba6f3f95bd9a52fd550171c4a99bb5a3d7cc,52,868,7,125,4/5,0
HWS-002-FIFO,10,178,FIFO,limo01,1784029211902709603,1784029329743222757,0,0,117840513154,9,-88.43,0.64,0x45e72a8f315686b1151e168c635253cbfeb012d92c95bf39aed186c90bbc45a360451b2b563c6a7cfbfa83b9009992fbc24e29ed,52,868,7,125,4/5,0
HWS-002-FIFO,10,179,FIFO,limo02,1784029214927964416,1784029453300398989,1784029453300403549,1784029453474706553,238372434573,6,-96.90,5.31,0xbeb137627da40f15775ae6aca86f42bb58a17910ef099e8de455f2e637a2225b20039e918e2b7e1267f6359b4f13e543783fffd7,52,868,7,125,4/5,1
HWS-002-FIFO,10,180,FIFO,limo01,1784029220538125911,1784029452780589837,0,0,232242463926,10,-88.58,11.47,0xb0bae7add57440746cf6986bb14e3a3c966c1518290c8a1e9d6bf1683cee438afe637cbfb1a30041e6e0b2bf0ad94e22f6214017,52,868,7,125,4/5,0
HWS-002-FIFO,10,181,FIFO,limo01,1784029223578829727,1784029681895471693,0,0,458316641966,2,-92.34,-4.70,0xa53a4c3732e21da7baf055cadb1ea0b9c76b55c546f8a1fd4f4b887b006f765a097790fe683b0ab201e110960dde546d2d03557b,52,868,7,125,4/5,0
HWS-002-FIFO,10,182,FIFO,limo02,1784029226672265049,1784029394139073595,1784029394139078189,1784029394309233006,167466808546,6,-81.68,13.83,0x72f08ff16b3a527f86dccf873c934eb8ac5c14aad528080e18fd4c7aff75be6bfc4de9e061fef71ad53e6ee4cdce3bba6c2e06cd,52,868,7,125,4/5,1
HWS-002-FIFO,10,183,FIFO,limo01,1784029229309374307,1784029298412832356,0,0,69103458049,10,-83.37,-1.81,0x561c9d7e65c0df88893ce857fda9c0506c8fc0b7128bba3fa44ae5a7a3af5b8fc7e2e043adf7c81ee601cf4688a0d70b6c2aeaf4,52,868,7,125,4/5,0
HWS-002-FIFO,10,184,FIFO,limo02,1784029233788304967,1784029409073547961,0,0,175285242994,6,-108.03,4.19,0xb3a5bcc78d9279f69c1d3d90b30e0bd9dbb5a2cfc204dea19eb3a2a72724e42144fb2399063c3197705528b2c077dd9f43da2773,52,868,7,125,4/5,0
HWS-002-FIFO,10,185,FIFO,limo01,1784029236421728591,1784029531576646814,0,0,295154918223,10,-107.42,0.05,0xcc1c73b4c06062c66d3dd09fffe2835299838156a93004b3ba998575c3ebcedca0b1613bf38b5fb7bae0edb8d37dd2895c9d654b,52,868,7,125,4/5,0
HWS-002-FIFO,10,186,FIFO,limo01,1784029240607278524,1784029358410126939,0,0,117802848415,4,-101.33,-2.53,0x1c5ec353707d861519fb7af796c07a4adb6482658ad508ad33f15059556155a7f4a4988b495d227e4654b8337a82ff92597f545e,52,868,7,125,4/5,0
HWS-002-FIFO,10,187,FIFO,limo01,1784029243485887735,1784029312653125689,0,0,69167237954,5,-85.99,3.43,0x606058700e0ac13b3572c12a70b5c8d97625cd3e309bf2f1d315780c4f2a8cf94f5586ab4ea4618f2b1433bcadaabd5e9955901a,52,868,7,125,4/5,0
HWS-002-FIFO,10,188,FIFO,limo02,1784029246895100259,1784029448163956311,1784029448163961062,1784029448329476468,201268856052,0,-87.39,11.99,0xa50a93b6fafd85146da99585ec0b6cade5899216abba93c4dd1b3605852201b9b42964350bf702b9938ac2d68a5a3e6f5f0dfc9a,52,868,7,125,4/5,1
HWS-002-FIFO,10,189,FIFO,limo01,1784029249995524659,1784029461543107375,0,0,211547582716,3,-107.20,14.82,0xfd942b104134e17dafcb29546200da59944074a8fa317e3393305970cedd5a45949e6305c83d554c7489b3aa13199aa95a7550cb,52,868,7,125,4/5,0
HWS-002-FIFO,10,190,FIFO,limo02,1784029253149250849,1784029397497013763,0,0,144347762914,8,-96.09,9.22,0xba4196375b0d5b982b69548999804ef0d42fb64da358d7c21bf9c32ba278fb47408c674510c4ec4e4989b38761138104aea49793,52,868,7,125,4/5,0
HWS-002-FIFO,10,191,FIFO,limo02,1784029258095750165,1784029575650588213,0,0,317554838048,4,-94.94,11.50,0x309ef37fcb6b4a561aafa055e44c2183d3384ea42acf1207919221c7de75cd8723a12c5c157e2d50ac9a5cfaadb0eb5f991a6a7e,52,868,7,125,4/5,0
HWS-002-FIFO,10,192,FIFO,limo02,1784029260570532473,1784029511918570882,0,0,251348038409,1,-100.42,11.24,0xbf9902e5e42e83552254a83c5e1867faa8e4f67cd72a64a0aab9d3a38d5657fd72cbae29342f4a244d8d86497198de38514d27b0,52,868,7,125,4/5,0
HWS-002-FIFO,10,193,FIFO,limo02,1784029263791885505,1784029542331657119,0,0,278539771614,9,-99.36,-1.32,0x568ea76b6468d4c3767fb924e7f770057277573ac0882c577bfea4990e57b3606ab866cd35263efb2e38c21de3e4b28a4eb15213,52,868,7,125,4/5,0
HWS-002-FIFO,10,194,FIFO,limo02,1784029267280705972,1784029391971892711,0,0,124691186739,1,-108.79,-4.12,0x2b2426fb3295278899db35a1355bda0831eacefa106d33a93db0bbccb240f1df48df2240d940a7e81356998cb2fc948711e5a0a7,52,868,7,125,4/5,0
HWS-002-FIFO,10,195,FIFO,limo01,1784029271289860508,1784029603296295127,0,0,332006434619,4,-80.46,6.95,0x3d3c2ea6af0fb01b1e0f099011b1beca965c6376efb5bd45184134f40747a349f7cfa3fc681d897d03f917c1bb7869b16bd401d5,52,868,7,125,4/5,0
HWS-002-FIFO,10,196,FIFO,limo01,1784029273369062515,1784029615126188137,0,0,341757125622,5,-105.83,-3.19,0xc68623c7b592133a5ee8481abd8825dfb8d89c124d16d60c0ede20ecc75b33950856ccf3c14b1331c2bd220786b59a8ebab7ac58,52,868,7,125,4/5,0
HWS-002-FIFO,10,197,FIFO,limo01,1784029275260156718,1784029549071494579,0,0,273811337861,8,-99.15,4.45,0x7ea9834bc47a3c0a338624cd44deece4a6d34281fbc5c7db4d130f833023dad311f59314a72124add4beacd2bb613e616a191e79,52,868,7,125,4/5,0
HWS-002-FIFO,10,198,FIFO,limo02,1784029279462217425,1784029523905156195,0,0,244442938770,3,-90.99,-3.28,0x2c44ac6596beef736edde82b2bdffda4c87ed812f69e3ff68771f066c3a6c7bb4f54636495d2b3ff7c269e6f98a903dfbfee4ee0,52,868,7,125,4/5,0
HWS-002-FIFO,10,199,FIFO,limo02,1784029281905545433,1784029405768454190,0,0,123862908757,10,-87.40,6.87,0x07bac55fc98a0de16d43a9db42db066f6f391889730286a870e8368c4cb29d79f633e3e50ed16d535bcc294a80e3c211d38e57d3,52,868,7,125,4/5,0
HWS-002-FIFO,10,200,FIFO,limo02,1784029288518749537,1784029473510559333,0,0,184991809796,8,-85.46,3.24,0x5539ab45e5b074c6dc4244f85f75727e247d0a95faf0ff72f053fadd640fab8fc724016217bba6fe0415812edf9ca8dafd9c06d7,52,868,7,125,4/5,0
HWS-002-FIFO,10,201,FIFO,limo02,1784029288403416885,1784029417504152324,0,0,129100735439,4,-101.44,7.01,0x816becabb66140bdee27083e43916d8dc90bd167ea2bb23498a3b883f2b5316f30f5e5380df922108338fb68159288ab7032e665,52,868,7,125,4/5,0
HWS-002-FIFO,10,202,FIFO,limo02,1784029292776547466,1784029557200899244,0,0,264424351778,6,-87.53,1.48,0x491070937537ba5d2396549119d4cea9705ff09271a25d39469e3414f89cffed758d3ca1a576a59c724b512812e12ad7ff379433,52,868,7,125,4/5,0
HWS-002-FIFO,10,203,FIFO,limo02,1784029298764202202,1784029382574528991,0,0,83810326789,5,-108.62,10.87,0xa1e6f9200c34578fa20e36173eabc9bb68d528630bf8185c5c225abe256d7b3e032f5ec74c6f5431220d0caf5501aa959c716cf2,52,868,7,125,4/5,0
HWS-002-FIFO,10,204,FIFO,limo02,1784029299542609256,1784029672314493228,0,0,372771883972,0,-93.01,-1.48,0x813516767e6b68da3409c2d3570d0b6263f22722865a83426d3c40a48111e69516fcec059587c54813cb5beb54d06576f810c0a2,52,868,7,125,4/5,0
HWS-002-FIFO,10,205,FIFO,limo02,1784029305056904803,1784029420227738094,0,0,115170833291,4,-96.35,9.87,0x2967ca1c8d74a2bfa18bb7697aa9a3d5305dd226f1d052cae3d3f15e260cb7910f85f0c0fc6397827e839f180205af55d07e615e,52,868,7,125,4/5,0
HWS-002-FIFO,10,206,FIFO,limo01,1784029306289442959,1784029393147821046,0,0,86858378087,6,-102.28,8.53,0x7e7bef86ebf5502977332301035d344e4f01765b8e70cd5880655ddd222342a4dd42397f5bffafcdc1406ab1d65767154104cafe,52,868,7,125,4/5,0
HWS-002-FIFO,10,207,FIFO,limo02,1784029309440739577,1784029467776668710,0,0,158335929133,3,-104.30,12.51,0x2fa343b61632d27ad8f61013e13f3a522d788ba053d4a26dab506eb5146ab10d348f1de00fcbfedb70e7fe317cea9f19f27027cc,52,868,7,125,4/5,0
HWS-002-FIFO,10,208,FIFO,limo01,1784029313007658616,1784029458653826799,0,0,145646168183,5,-102.97,-4.48,0x7c3cb3134346c93d5d3fdfc55ffe7faf44dad36c0b97e0e5468387a8430282a743d583eef555f95763c0247940f9b301a1624fbf,52,868,7,125,4/5,0
HWS-002-FIFO,10,209,FIFO,limo02,1784029318835495476,1784029428568813446,0,0,109733317970,8,-104.35,7.08,0x952aa1690529146cb08bc9b3130f52f62d420bbdced1bbe9f69170afd5895e8f034a7ec3cffa35757f11ec5a3813f1779436bd9a,52,868,7,125,4/5,0
HWS-002-FIFO,10,210,FIFO,limo02,1784029319292376495,1784029417182482977,0,0,97890106482,3,-107.54,6.28,0x9bd4d5e92f64a2d5de4ec46661ee00be70a8416746d377d71adbe416b11a1747c900f43190c45b515690262d6bba25ce11c1ca3d,52,868,7,125,4/5,0
HWS-002-FIFO,10,211,FIFO,limo02,1784029323850896660,1784029457407507596,0,0,133556610936,2,-109.93,4.86,0x41489134873b12ccefc146337ce45acec1fd1c14470fd0c834d5efd760c671cf587bc2f74fd18e370e6594f92c24dff2329dc3ca,52,868,7,125,4/5,0
HWS-002-FIFO,10,212,FIFO,limo02,1784029325380596174,1784029526728867378,0,0,201348271204,5,-104.89,-3.74,0x8f21a77f69ebbf7497f62971c669b9ea9386034756bbabbd0b3808fb7fbf0569b5ce8d5ea2d468def04e0da26c07e4cdb607caef,52,868,7,125,4/5,0
HWS-002-FIFO,10,213,FIFO,limo02,1784029331300080684,1784029403514097596,0,0,72214016912,3,-81.59,9.56,0xdacfd3b66bc96c9d3f5a31da5ff77d56b20ebb22c827ca5d45ceee71882ea10dfaf8648956e355bbbcc953aed8e7e953bf86b3e7,52,868,7,125,4/5,0
HWS-002-FIFO,10,214,FIFO,limo02,1784029334141817406,1784029583882153077,0,0,249740335671,3,-99.64,-2.53,0x2d15a26ecde8436af73cfd1ef2411ec73d1e7041703a93cbaa8297b60f4a5ac23289c7c83df7b57ba5cd9d5e6ddb3d627d2d96be,52,868,7,125,4/5,0
