session,run,seq,policy,robot,t_gen_ns,t_selected_ns,t_tx_ns,t_rx_ns,deferral_ns,channel,rssi_dbm,snr_db,payload_hex,payload_bytes,freq_mhz,sf,bw_khz,cr,sent
HWS-005-BACS+,1,0,BACS+,limo02,1784195706397500912,1784195979613769609,0,0,273216268697,5,-83.45,1.52,0xc0ebc8a5b44f5eef9f37d859bf8716ab6c5b272ac4fb66033fc901b9e4de9b34e80d3f304c4eba85a14df81f8d39ecee5258c5c6,52,868,7,125,4/5,0
HWS-005-BACS+,1,1,BACS+,limo02,1784195711860251356,1784195885672500245,0,0,173812248889,2,-103.39,14.49,0xd1b7caacda33f0b14f510ce683567df0bdf4c6f7a13055b38cb861391370fd5803727e895f61d2ef966c4aacb3ea2182fead07ea,52,868,7,125,4/5,0
HWS-005-BACS+,1,2,BACS+,limo02,1784195716772227320,1784195845294320894,0,0,128522093574,2,-96.77,5.66,0x8cb01a6caa3f4bceab616dc8b0ed9fb57f8842f7437bbab0e73723ea53d2bdf83f599114e4fba50d6b60fae401982c047a7d3be1,52,868,7,125,4/5,0
HWS-005-BACS+,1,3,BACS+,limo02,1784195719041875681,1784195802894742862,0,0,83852867181,9,-87.78,6.34,0xd97f28e383e043d39d745baddbe6907c0f83f7485a665b57ac87319c663cc3de9e67a829eb03fe2b5b953bb296ef0325f2cc4ac5,52,868,7,125,4/5,0
HWS-005-BACS+,1,4,BACS+,limo02,1784195720198882460,1784195819024342536,0,0,98825460076,1,-87.77,5.35,0x82d64c60929266843ce85eabe0e22c7331e0f6b18f38065f1c06f1c0d50b82adc6a986698db585a55d079d96d79bd7217afa2d78,52,868,7,125,4/5,0
HWS-005-BACS+,1,5,BACS+,limo01,1784195725301895619,1784195902900348177,0,0,177598452558,3,-100.85,-4.89,0x4abd43f1b1ce3e44e2fbab9306002db84aba5f856d316c9ab510ce7b2112c77f13cbdb28e59f1c275c05ccc35d20537c9ac9f46d,52,868,7,125,4/5,0
HWS-005-BACS+,1,6,BACS+,limo01,1784195727317058651,1784195826623417092,0,0,99306358441,2,-92.80,14.37,0x991724bb1f632295bdf60f834c04be661cc30a90c83a990ec3df2cd3084c4372fc7177d30a9e385cb61ecff13e6f8a63afdbc373,52,868,7,125,4/5,0
HWS-005-BACS+,1,7,BACS+,limo02,1784195730665135306,1784195796119380964,0,0,65454245658,4,-105.07,9.41,0x5c85dadecac93f3fba984472c5230977391ed1818640ec354869725dbe04330a59751949278b03e19d0b1eb249e2175cef5b71a8,52,868,7,125,4/5,0
HWS-005-BACS+,1,8,BACS+,limo01,1784195735269788520,1784195951077691376,0,0,215807902856,7,-90.23,0.43,0xb64a0c2e521f002fa6bbfa747b0cba5ca55bf339cde56a8af62716b21510d4db624a4030f9635d1b6c3885c88b29e82bab6cecdb,52,868,7,125,4/5,0
HWS-005-BACS+,1,9,BACS+,limo02,1784195738962956405,1784195876429387716,0,0,137466431311,7,-86.62,8.26,0xc5f6cef77d22d5f199952d88c1466ec1bdbbf2219f0a28a7047bdc5b5f34c322757c71f2cba9c097d13c16b26eb59249e5a4f886,52,868,7,125,4/5,0
HWS-005-BACS+,1,10,BACS+,limo02,1784195741348917823,1784195904827819531,0,0,163478901708,3,-80.02,13.68,0x7a0d6f606aa9ff1e74d3a6b2b918eb9631d773fac197771299c393f9b84cc7e45b0b41a0181615ced9ed54dc816b1239e31ae472,52,868,7,125,4/5,0
HWS-005-BACS+,1,11,BACS+,limo01,1784195745633166858,1784195907595094839,0,0,161961927981,10,-102.02,-1.23,0x7aa8efcc019d28dac8ecfec19901477e1856cadae2bb5230e8c172b969347950bf8be69ad83f32344ccd006819af8edd01fab2e6,52,868,7,125,4/5,0
HWS-005-BACS+,1,12,BACS+,limo02,1784195749224855979,1784195994424138225,0,0,245199282246,10,-106.71,-3.43,0xdcd444bfc2ea7953ec11fbae43315db4e921116b7e9e2d6e15119cac817622b5413bec1b22d5fb7b535562e1308f839c65e2f997,52,868,7,125,4/5,0
HWS-005-BACS+,1,13,BACS+,limo02,1784195751771497396,1784195911439041777,0,0,159667544381,2,-86.99,-2.15,0x7b4514fb174437591c2e82a547b0454fea90996a2bc57ccc1837757a6cf82e752d08c2f5e3bdacb16072927d4608f2cd4234b234,52,868,7,125,4/5,0
HWS-005-BACS+,1,14,BACS+,limo02,1784195755947950583,1784195953786972937,0,0,197839022354,0,-97.25,0.56,0x2087ba77cb1c81ef177a6e58810c001b3a64d4c015d69c66570788ea57ba2e73e2f08bc0e343188b2c8f428007515ddad4f858ce,52,868,7,125,4/5,0
HWS-005-BACS+,1,15,BACS+,limo01,1784195760816913383,1784195809833040597,0,0,49016127214,9,-106.48,14.48,0x3e7069840aeed1538008b051f4efe66449b6d4a8fd94fe48ad84d3565517cd90ab4611493717ef444547220c0d9d26e7f5231f47,52,868,7,125,4/5,0
HWS-005-BACS+,1,16,BACS+,limo01,1784195762362496625,1784195839716532896,0,0,77354036271,5,-87.78,14.60,0xa050b28b70a86e98b434f53fbc2db055e1082a1fede54b13442ee42317760acc5c89ebb1e041146072d51e000eec3b4d571efc3b,52,868,7,125,4/5,0
HWS-005-BACS+,1,17,BACS+,limo02,1784195765244396644,1784195846945594176,0,0,81701197532,3,-86.48,9.51,0x81af4cd0b9bcd8f55015697176782036918ea6da3bbe6b792b51e535f156c79cac0d9d0270807cc103d992c8103f6f7b4155f566,52,868,7,125,4/5,0
HWS-005-BACS+,1,18,BACS+,limo02,1784195769887035239,1784196061236593451,0,0,291349558212,10,-90.27,4.48,0xa9388217f498bdd85c443d9961fc93caaed7173d884ed5a4f145d8b2f063681da6cdbf625f6f0cc16f059a02c3e2daddd64e7941,52,868,7,125,4/5,0
HWS-005-BACS+,1,19,BACS+,limo02,1784195775382733876,1784195926054211661,0,0,150671477785,0,-89.15,1.72,0x0ef0d0c4f23d8e00c264726fc3a990dc5e45c1417ae2ac0f0fd905f4fcbb1786593eee506f63cc80d25af8973a0fe8d2856f8572,52,868,7,125,4/5,0
HWS-005-BACS+,1,20,BACS+,limo01,1784195775299231388,1784195869657223474,1784195869657228011,1784195869822364076,94357992086,4,-93.58,11.79,0xefb1fb601c670ff8bddd930e4a63d89931f62d8ee8a53f086632713d94d83f167b0ddfc431a96b10b8c53c4e713112491d39e06d,52,868,7,125,4/5,1
HWS-005-BACS+,1,21,BACS+,limo01,1784195781431152042,1784195950998527867,0,0,169567375825,1,-90.79,-2.75,0x54f8cac0d3bd2fb4aba82ec532424756827bb60b8ece3f5e5b73cbb091e842d0b4cf919095274944d37ab8df2bcfa34ccd8f092d,52,868,7,125,4/5,0
HWS-005-BACS+,1,22,BACS+,limo02,1784195786146071487,1784195881570793305,1784195881570794847,1784195881745404661,95424721818,1,-105.56,10.26,0x9c2d3cffde805d780f2a8fd7559e73058b9b1deb93732cd2fb7f3e05092172c6e227e2e0ca0cb342824431596244c814e960ccf5,52,868,7,125,4/5,1
HWS-005-BACS+,1,23,BACS+,limo02,1784195786571439234,1784195944495870442,0,0,157924431208,4,-104.55,-0.23,0xb04fabe81d5775d8863c92f16a425834a3d342489decea3d4c2f379cff3044c097a857337b6d405ad8803630d3d65df5927240c2,52,868,7,125,4/5,0
HWS-005-BACS+,1,24,BACS+,limo02,1784195790699639410,1784195834906167684,0,0,44206528274,3,-101.21,14.28,0xbcadf5ea3988a2c156bd50dcbf4597d87f2d8c74b78bcdaf86d812a994d27206fa6890aff3cf1cc7fa9c32738293599f429794b4,52,868,7,125,4/5,0
HWS-005-BACS+,1,25,BACS+,limo02,1784195792855891730,1784195949599057566,0,0,156743165836,8,-103.64,3.16,0xcce0617384ef10fa5706c8364b4ddea82c098a16d1f86eb183ffdebcb6eecd80ef34722df3fcc9ca74397115ee071db93e73cca9,52,868,7,125,4/5,0
HWS-005-BACS+,1,26,BACS+,limo01,1784195797713119077,1784195963785666536,1784195963785671009,1784195963960477997,166072547459,5,-80.80,10.74,0x155fb2ec508fad17f23d8cd0e174194710b612bbfbcd836ae6620a19ef9ac725f91474db78a0e84687a2d3a4f69c6da1a4be0ea0,52,868,7,125,4/5,1
HWS-005-BACS+,1,27,BACS+,limo01,1784195802577787025,1784195966285336057,0,0,163707549032,2,-109.13,-2.33,0x95c95001a71b9042dc35e52970e29aa846b3a457dc18d446201150a9fcd613799350be279f3ddfaebcfc8c60c534ab7e85aa5f40,52,868,7,125,4/5,0
HWS-005-BACS+,1,28,BACS+,limo02,1784195806599350833,1784196022552121559,0,0,215952770726,10,-82.61,0.41,0xe3633589c5e905338570477bc21863e362de91e5e959ec6f5130a499e4b6af4b3b388e877c1f820e3064ce5c2b25370681ef18dd,52,868,7,125,4/5,0
HWS-005-BACS+,1,29,BACS+,limo01,1784195810277464752,1784196067871838594,0,0,257594373842,2,-83.27,7.12,0xde76a348d6049d257ff5036dfbb89257e7461cf20f9d7f5515e4f34e29a7d2e380b81e469389debbf4e7d68f9744d05d8217c563,52,868,7,125,4/5,0
HWS-005-BACS+,1,30,BACS+,limo01,1784195812150945908,1784195975354494517,0,0,163203548609,3,-95.13,13.62,0xb74e65037bd811e954d90e305bc12322caa237cb4b498cdbc0bc7f371164dbf56836ce151635a4a12519639bf382c50e1df9fe0c,52,868,7,125,4/5,0
HWS-005-BACS+,1,31,BACS+,limo02,1784195817117007410,1784196142616158151,0,0,325499150741,0,-91.18,2.79,0xcb5f8fc26d80b73009ef074d767082f5dfdc5fd2f84174b711f8c3e5f7894158deae1bba85cf864c1b9d6e2035ca8c68eaf3f662,52,868,7,125,4/5,0
HWS-005-BACS+,1,32,BACS+,limo02,1784195817000708010,1784196090611288009,0,0,273610579999,1,-99.51,6.33,0x41953d62903ab81526ce14a7c8514fa6e1e487b02cd9ee2e4a1631f32ceccb69acd398953af31702d9da55e0d242e4bf60870ecc,52,868,7,125,4/5,0
HWS-005-BACS+,1,33,BACS+,limo02,1784195820324276727,1784195972437280025,0,0,152113003298,9,-90.27,2.09,0xd58095dc341b1fd9df9b16b8ddc0dd8222ba423d2f8437c6b16d7f206b5345af04438f90056e70260840835e78135d362e4776bd,52,868,7,125,4/5,0
HWS-005-BACS+,1,34,BACS+,limo01,1784195823911028778,1784196164395762825,0,0,340484734047,5,-98.05,-1.64,0xa97603b04174d9ddfbda1266d754d0bfb9c08e48c2b56bd3ce3d7489a5c65c24dce1ec1fccf96763c010d59fb584bca605d752cc,52,868,7,125,4/5,0
HWS-005-BACS+,1,35,BACS+,limo02,1784195830625346987,1784196015586477208,0,0,184961130221,3,-88.19,-4.08,0x90b66b56eb29bc5b27d4efa45d6c418448f49fb542164d7fddc89be2c28fa38d31adea2ffb8276bb1e5e131cf570e35169ed6384,52,868,7,125,4/5,0
HWS-005-BACS+,1,36,BACS+,limo01,1784195833110755120,1784196127047848484,0,0,293937093364,4,-86.14,12.80,0x88c697f96c16a5573ecd16b7a39359d3a4cdb4668d0368af1397c22be722df230ce40a83145d3aa75733f006e18dcd930ac2c7f5,52,868,7,125,4/5,0
HWS-005-BACS+,1,37,BACS+,limo02,1784195835993732618,1784195959236209667,0,0,123242477049,5,-91.19,3.54,0x5efe636693aa508539f5926d5f6af55635153cd0fe99f17fa8cc6ecbee74dc4014ae1d2a444ae5d8a353a3ec452712b63eb12d83,52,868,7,125,4/5,0
HWS-005-BACS+,1,38,BACS+,limo02,1784195840938945812,1784195947053268984,0,0,106114323172,4,-98.49,6.51,0xc574737d923016e9bd2139b872fb79ab7b7340623f000c54870aa32bd238df481c224cf612afa21a48ce2f8c30395dfd6019e18b,52,868,7,125,4/5,0
HWS-005-BACS+,1,39,BACS+,limo01,1784195843577385787,1784196076159295046,0,0,232581909259,3,-102.09,12.65,0xbe410fbe9bf00aac1f40b77de8a14d5c56c7e700f4da37c686213d9039a1fe4af0f3a6215958cb5c233a5f1a6dcd9ada055f4c06,52,868,7,125,4/5,0
HWS-005-BACS+,1,40,BACS+,limo02,1784195846534564013,1784195988762058573,0,0,142227494560,0,-95.86,7.97,0x35eb842ffb771684b6834c95103b5a49c7b8c3c29a446399f131fb86eee2a43e69403428ad755603e7dce1827354a53d5508b280,52,868,7,125,4/5,0
HWS-005-BACS+,1,41,BACS+,limo02,1784195850070309940,1784196016411270730,0,0,166340960790,9,-99.44,5.41,0x753443d6b9c7d2a74f4f8b23c02701d7c53cc8ff3bfe1d20eb122d9eb8ff4708cccd7e957c7402f2e4760bbd92255f9ed3bbc337,52,868,7,125,4/5,0
HWS-005-BACS+,1,42,BACS+,limo01,1784195854237368350,1784195975640552387,1784195975640556465,1784195975813633008,121403184037,5,-91.83,11.70,0x53ab1ce0835d9e0617006bba9bbcf1dafb2b9480377d64db344eeaf36121aa85a82dc2c11a9424cb4360c937428896c253d9797b,52,868,7,125,4/5,1
HWS-005-BACS+,1,43,BACS+,limo02,1784195856227120067,1784195978087973795,0,0,121860853728,2,-87.39,9.52,0x7cd37076a4e5207367ce8f2ce64ad3f2748ae485294dbfbcb3abf52063ddd7447f344f93caa6f276e7e03440e38d2aaeb6649cb8,52,868,7,125,4/5,0
HWS-005-BACS+,1,44,BACS+,limo01,1784195859167316620,1784195922566211395,0,0,63398894775,1,-107.05,5.15,0x53fce1c97fe6fed5c52ea834e50e69b3a22a685f5e542376bf79e0a98becd5504c058dbea3b44447136c6a1534f21079bdbda676,52,868,7,125,4/5,0
HWS-005-BACS+,1,45,BACS+,limo01,1784195863711198058,1784195971794472422,0,0,108083274364,5,-104.88,-3.29,0x8f3ea5b8391b7c7412815a37ae35c5af70564ed616da2b5c7cc8b2a65f6074ef7c702bfcca6e22d67815ba1860ee37ee1ea524ed,52,868,7,125,4/5,0
HWS-005-BACS+,1,46,BACS+,limo02,1784195866027851387,1784195995047714880,0,0,129019863493,6,-96.67,-4.13,0xcae7ed53dc285dc115806ed3d685669ac0c7494878c22f50111e5b0e6f945d239c2286e43307d8ec98c453dfc33e3bfd20cf80a2,52,868,7,125,4/5,0
HWS-005-BACS+,1,47,BACS+,limo02,1784195868870589202,1784196051594040625,0,0,182723451423,6,-97.17,7.46,0x19582ede8d6f9185a47a9b04ac8998e2f9635340ce034761f198760c7e62b5a8c96b3ab1435fcdeeaa27607ee262e0bc79eaca91,52,868,7,125,4/5,0
HWS-005-BACS+,1,48,BACS+,limo01,1784195874927351107,1784196165861800849,0,0,290934449742,5,-83.15,13.70,0xeed6422a4f92755ad4234126fccf8858ff39009c2b129e87a6b0c1920dda451743d50a1ea9227bc201f50c10dbff78e9ab9df338,52,868,7,125,4/5,0
HWS-005-BACS+,1,49,BACS+,limo02,1784195876036413141,1784196079612169749,0,0,203575756608,4,-99.25,-0.82,0x35673ad6fe8382e91b4e3e1fd3a35295e3c9b32fcfe9bfa39b309a6559d9e15fd446a567cd37a625271215ec089cc46745db5e11,52,868,7,125,4/5,0
HWS-005-BACS+,1,50,BACS+,limo02,1784195881707187134,1784196045213525072,0,0,163506337938,9,-84.75,2.00,0xbe46256a07e270710a60be1eb2dc8f4e8afd499d3ad45f8eb347a4d9b739fe03187e8b539d700455d114177384e3875e2afae02a,52,868,7,125,4/5,0
HWS-005-BACS+,1,51,BACS+,limo01,1784195884331764749,1784195948103495021,0,0,63771730272,8,-81.74,5.66,0x63f2958030313ad39fa91b16090e20e7438ded8c1c365c6595834a8f7d651a475ecc45f47aecbb6370efeb090619a9cc75857b8d,52,868,7,125,4/5,0
HWS-005-BACS+,1,52,BACS+,limo01,1784195886154212960,1784196166048705606,0,0,279894492646,10,-88.89,-1.16,0xa5f20398473c08dd82f46b5db26fba78d37b3b97de5cf042a49e8a2cef123892c7622ab6a854e389733c4c7dfad2a1b5f931749d,52,868,7,125,4/5,0
HWS-005-BACS+,1,53,BACS+,limo02,1784195890775939342,1784196027927940726,0,0,137152001384,3,-96.32,13.09,0x239c8e46fda8f76d18651567159d817e0e37ab1c105c765c7bfa6e8d3f1a684f1d7f9c6a8c1f77a4217e68924b00b07fec406ad5,52,868,7,125,4/5,0
HWS-005-BACS+,1,54,BACS+,limo01,1784195894599670703,1784196004757533371,0,0,110157862668,10,-95.82,-0.98,0x1d58cd39eaac1bc7d5504848449f093b284b16a7a97ee49aef62bb8cc8eb3c5bf3ed5f8724b643dafcebfd5634a85dfeed56558a,52,868,7,125,4/5,0
HWS-005-BACS+,1,55,BACS+,limo01,1784195897433869007,1784195992008906596,0,0,94575037589,1,-108.56,-2.45,0xb6a0316071c801db05d063b1849dc57f200e0376014a3fd9ab88b4a40c986cb25284edff00588843e51122e0faaf12dd5197c430,52,868,7,125,4/5,0
HWS-005-BACS+,1,56,BACS+,limo02,1784195900085129471,1784196056509837060,0,0,156424707589,2,-98.25,4.64,0x10059e8e5c559486e0f69c7060ab44aef54c8c93dbc98671401a5b9e11cd244d8daff9b61620568928097bafc9bde4e8134b8969,52,868,7,125,4/5,0
HWS-005-BACS+,1,57,BACS+,limo02,1784195903732036024,1784196128505853375,0,0,224773817351,3,-99.11,0.08,0x7464a4ed5e5067ee453d91ff38fe147c6ca0e9f4287e9b2f81859f7b2ee10b781ee38d8cbb05e49b17709ab073b45331c08b8fa8,52,868,7,125,4/5,0
HWS-005-BACS+,1,58,BACS+,limo01,1784195907608423595,1784196076142343149,0,0,168533919554,6,-84.11,11.53,0xd6369457cc7b5f88884c2ee698a4387f00f1ff0800c21ae1f3db68b779fa8e16027dd757f7b4e82ee45faef3d4acc1387bbb4a52,52,868,7,125,4/5,0
HWS-005-BACS+,1,59,BACS+,limo02,1784195910342857117,1784196014111231292,0,0,103768374175,6,-106.28,-4.17,0x00e6e8373bafff1b52e14919f6d6428a258fc6d7900427e64eec636914ab771977b2b7bc92b3ff3235c59842997ebeb7173a8a6f,52,868,7,125,4/5,0
HWS-005-BACS+,1,60,BACS+,limo02,1784195914235948883,1784195983021495538,0,0,68785546655,4,-107.95,12.29,0xb1e575f8c3028b52074c244494d3587664b42839cefdc97040668a51faf36da782484d75714dd8da8dd0bd973524d3d8146be5d1,52,868,7,125,4/5,0
HWS-005-BACS+,1,61,BACS+,limo02,1784195917395410473,1784196059135691377,0,0,141740280904,10,-100.21,14.69,0x1caa891edc691bcd49c3cab0c1911f82f3dd93e5dee86458379736363f10c957560aa02a1ea3c6c9620be9a35b9ac5f3bd6c864b,52,868,7,125,4/5,0
HWS-005-BACS+,1,62,BACS+,limo01,1784195922542280884,1784196522542280884,0,0,600000000000,8,-90.49,-0.39,0xbf2f930bbbf3d57b70931c92b491c58546538a31d6f5e389842fc940b0324888e7995316e150bbb5ee80b25025854424fd7cec28,52,868,7,125,4/5,0
HWS-005-BACS+,1,63,BACS+,limo01,1784195925591025842,1784196061480863451,0,0,135889837609,0,-102.40,8.73,0xd19a30be130f5f3e5437e1be546dfb0daaac0d85ff1c54a74b2db8e709e23618c94228f4687a7ffa8cbc3aed6a26d0b307a38df0,52,868,7,125,4/5,0
HWS-005-BACS+,1,64,BACS+,limo01,1784195928356153129,1784196013069490458,0,0,84713337329,8,-102.76,11.74,0x773e18532d63e60e4a2068ba4030da14334f06825dd8d4ca3c1b6e77d76ef91a690488e99255bad83c6bf00c83fcdfe1b959ad34,52,868,7,125,4/5,0
HWS-005-BACS+,1,65,BACS+,limo02,1784195931796767462,1784196120840047072,0,0,189043279610,10,-81.45,12.08,0xb0b578f8d4a898655825052b9468085802970b2859de276249e4735759d70b998fead3d8715d5debcc597fa692d6929ac9fd3718,52,868,7,125,4/5,0
HWS-005-BACS+,1,66,BACS+,limo02,1784195935506494406,1784196256558070276,0,0,321051575870,10,-81.64,-1.66,0xad549594d511d74d33532a2a6424ddd3f421d627eb95ef168584657a27e94ef677c737857b377069f76438263ba3741162a7aa65,52,868,7,125,4/5,0
HWS-005-BACS+,1,67,BACS+,limo01,1784195937966494011,1784196048032926666,0,0,110066432655,6,-96.97,3.70,0x22238bba6888586996852adfacb9ef0f22b343a6b942c1f5ba888db2258876d14219bb54fdea5a597a8e1b655b273d703e7d2573,52,868,7,125,4/5,0
HWS-005-BACS+,1,68,BACS+,limo02,1784195944550024733,1784196197329478417,0,0,252779453684,10,-95.55,7.12,0x9ea0e6ac9ea08efc516c0d7a823812f55a52cfb1b67a36421b77a80b60efd74c66e3a6697b7a2afb12cf238d2a5d007a394e3f94,52,868,7,125,4/5,0
HWS-005-BACS+,1,69,BACS+,limo01,1784195945375086141,1784196159193571116,0,0,213818484975,0,-109.95,-2.36,0xd372042725f96bee6c7682a2dd8312bdc3b7d08181282d57591f40754f839e28fe774f5cc5e47ec8c7a26529e023bb2b8a58ad36,52,868,7,125,4/5,0
HWS-005-BACS+,1,70,BACS+,limo01,1784195949974792797,1784196243348060628,0,0,293373267831,1,-106.76,5.22,0x9cb7b629e5a96587eb2a310af66948eca6936a56b06665f747f33b63653d0bc54af2df1f09c82bd6ee04ef688d222861b9215cfc,52,868,7,125,4/5,0
HWS-005-BACS+,1,71,BACS+,limo01,1784195955708830030,1784196069900718342,0,0,114191888312,6,-86.22,-1.24,0xd40b160e7a8c1f1a88fa6438563df46e8da6a60f906f496d1cd9e7112fc59167a49b1b91c0b479216ee1ec3f936d698ea0c8e89f,52,868,7,125,4/5,0
HWS-005-BACS+,1,72,BACS+,limo02,1784195955864788771,1784196008395925364,0,0,52531136593,5,-90.84,4.77,0x10e26a64fb18fe3b4c497833918447074dbe4d11dc55d277ad028eb45a7a26d7830bc5373fa083edb10faa3a741c9b04c7989107,52,868,7,125,4/5,0
HWS-005-BACS+,1,73,BACS+,limo01,1784195959071893555,1784196201622203373,0,0,242550309818,6,-97.02,6.18,0x6af204e3aadda31bd95bbb24fe9b8731730fd1b35887ed03e570f666ab76f9a06c19652db6397fa043ebd94038ae1388de23ba89,52,868,7,125,4/5,0
HWS-005-BACS+,1,74,BACS+,limo01,1784195964945400532,1784196339212196729,0,0,374266796197,2,-83.57,1.95,0xcf4eb33821162dccce4f0312da013ef09bf20b1023cff0548875a148cdea8621548d84737108a373bc3e0980b6aeea917f701297,52,868,7,125,4/5,0
HWS-005-BACS+,1,75,BACS+,limo01,1784195965773687582,1784196054627659735,0,0,88853972153,7,-82.86,-0.95,0x9343d4f2d41e001db3c5f692ea26317a7df0901c99fe6806fcc97370bc653341a76a6659591f13efa18a583ce63b4cb356c053b9,52,868,7,125,4/5,0
HWS-005-BACS+,1,76,BACS+,limo02,1784195970463045606,1784196393377378865,0,0,422914333259,3,-94.14,3.94,0x126bfb42bae7ad6fe1285da9f0a1d231eb11e52db42ad0480cf7aee786fe10d482a89976afbc6ee0829d82f66e60431dd48b1047,52,868,7,125,4/5,0
HWS-005-BACS+,1,77,BACS+,limo01,1784195975630268639,1784196303256828342,0,0,327626559703,4,-102.55,5.64,0xc41c8005c8a37f499fab54a12b426fec5ae6b121f2073bac72ab7288d119608e596063b0c618c7409767078f39f631dc0455e755,52,868,7,125,4/5,0
HWS-005-BACS+,1,78,BACS+,limo01,1784195979289229269,1784196079749339667,0,0,100460110398,10,-94.47,9.53,0x9bfd532232987f46ef60ec56b42351fec55dfa488ac51254a1da8cc4ad5431b10de5348aead7260520331794da164fcc42dd4ba3,52,868,7,125,4/5,0
HWS-005-BACS+,1,79,BACS+,limo01,1784195980939223404,1784196147844156166,0,0,166904932762,7,-90.26,14.53,0x3a9471e9d60d6e5a29abb634de9e3e41bb7aa85eadb0b005e408cb2c146c57e31cc933b2c723e52fc359c224873c237c091f0c9c,52,868,7,125,4/5,0
HWS-005-BACS+,1,80,BACS+,limo02,1784195984814911679,1784196124971022217,0,0,140156110538,8,-102.34,1.39,0x1f63bc22f3632cc162d7d9aa50634d97d52ba86602fbc77f25f16a9622b83180f59f86f0ee136876b212e0ac8e5e4677c8038a8a,52,868,7,125,4/5,0
HWS-005-BACS+,1,81,BACS+,limo01,1784195990027691898,1784196075604943817,0,0,85577251919,10,-97.82,5.24,0x9bcebd50e579f94517f5958e391b72cc93dad03e4aed72b8798bd524322e015ee6fcff22859f4b3bc72413b20e99c188f75ee9ec,52,868,7,125,4/5,0
HWS-005-BACS+,1,82,BACS+,limo01,1784195992067480665,1784196428430284135,0,0,436362803470,1,-106.94,8.15,0x4b7ed4ddb2ca3e38753c8c10754e02b9c6b7a0e103703900b08c3c0e0acbdca3b3f64142566f8719923f70fefff54ba6018eb9bb,52,868,7,125,4/5,0
HWS-005-BACS+,1,83,BACS+,limo01,1784195994118925392,1784196121071016520,0,0,126952091128,2,-107.91,11.31,0x5bbcb94af141143d812b6daf8b030c9a74769e31e27ab41bc066834a281c1a7c31c23887ea39d1ae50f73abde8bdd084036cba22,52,868,7,125,4/5,0
HWS-005-BACS+,1,84,BACS+,limo01,1784196000321523931,1784196093839093760,0,0,93517569829,4,-86.86,12.75,0x6a07f2b3b8ee74b4e515cb46301a283ffc7c5fd3d020bff0715a71a5dbc714d84bc270a13e0232b7b3d25df1805b76c796657289,52,868,7,125,4/5,0
HWS-005-BACS+,1,85,BACS+,limo02,1784196000827585968,1784196088724379335,0,0,87896793367,7,-84.02,9.26,0x9a9b149c6e4a543b42bc5e0e4a2a5762553d8a83a55442eb533399c9c123fa13f45501e9f681472b5270ceea85514f760ef5be6c,52,868,7,125,4/5,0
HWS-005-BACS+,1,86,BACS+,limo02,1784196005919140456,1784196264831377090,0,0,258912236634,1,-83.69,0.55,0xa155f47c7a03454037a199a7cc32cae4620edb47896de32041db511a2f33d2c39048e8469f01823dc9cc93320138b5d99a5d49b4,52,868,7,125,4/5,0
HWS-005-BACS+,1,87,BACS+,limo02,1784196010943736454,1784196139537745953,0,0,128594009499,1,-87.14,9.58,0x099c5012c601fe17e913f417f59ae3ac41b0826ddbc2219d0bf63881a5920ef529ceebe87252edbdbb0d2ea91cf1ef2f32e19ac9,52,868,7,125,4/5,0
HWS-005-BACS+,1,88,BACS+,limo02,1784196013735394549,1784196113525249846,0,0,99789855297,7,-103.94,-1.81,0xb77e23d08de02617cb2f3864f23659f560b6aa3e5b15d256edfdd77c7af7c50023a0bc01f3c8e2aae142d07a5fb40201120c8ead,52,868,7,125,4/5,0
HWS-005-BACS+,1,89,BACS+,limo01,1784196015975494765,1784196226699076260,0,0,210723581495,0,-83.66,-4.88,0xf4a78846892b9dccc7c727c2580d4aa1ddcb387c9a732ae5ac5a0ee16a2ee352b9d3f993efad685e2625be34b029902722521009,52,868,7,125,4/5,0
HWS-005-BACS+,1,90,BACS+,limo02,1784196019582101933,1784196173210001583,0,0,153627899650,10,-82.65,6.03,0x0e0eca2ccf625393be07c8039d631dd6c761922b93d1e6131a483aef4e15425cea03af560a1121d0972457532ea6c8102380dad4,52,868,7,125,4/5,0
HWS-005-BACS+,1,91,BACS+,limo02,1784196021162645659,1784196094648812825,0,0,73486167166,10,-106.41,0.86,0x7d99cf9ba242b1daaacefe4a0deb16e71f1761ff8dd3f6c81810e816c04a705ff566f0b1b32d11768c538102363660b4597b84c2,52,868,7,125,4/5,0
HWS-005-BACS+,1,92,BACS+,limo01,1784196025479590628,1784196106921743021,0,0,81442152393,0,-99.80,2.23,0xb4fc6afd3ef6b095726cc3407718d6e6ae8314cbfcdc78866350046548b1c8772a986ce6e9590e4e61587bc6e6d9e2759581bc5a,52,868,7,125,4/5,0
HWS-005-BACS+,1,93,BACS+,limo01,1784196030504196546,1784196444447161906,0,0,413942965360,6,-90.04,9.43,0x8871709ec5a272589b81cc2bf779c00d9828e5e389eba8ff370a7d687c6520fd5d111fcfd267764dde16e867d8e154f93047ccfa,52,868,7,125,4/5,0
HWS-005-BACS+,1,94,BACS+,limo01,1784196033155326383,1784196209203001150,0,0,176047674767,5,-93.93,2.82,0x79253a989b6d6bd72a6c1de27ae0aa771c37bd2487ca3e22122a2248396a1a8add11f9cb020d84c909e7eff6dff06216360d2bce,52,868,7,125,4/5,0
HWS-005-BACS+,1,95,BACS+,limo01,1784196034989270573,1784196304095093721,0,0,269105823148,3,-99.53,-3.35,0x2d5dac1b4832f8b658676a3558b24642a6d733b7acd04945b50d9c154eabc27c2fa00d20dcd724484150c6f61225f42327f31778,52,868,7,125,4/5,0
HWS-005-BACS+,1,96,BACS+,limo01,1784196041066760650,1784196180058751876,0,0,138991991226,6,-102.79,9.22,0xa37398446bb04eb0b477c993eaa8c3416c0d30916fa77965a902613657bb3069d89e457c373e9b5d96b8f298b85960efc0eb5241,52,868,7,125,4/5,0
HWS-005-BACS+,1,97,BACS+,limo01,1784196044628145213,1784196232702468523,0,0,188074323310,9,-102.71,8.44,0x6042e0051766b2cb26c00ceebc73c36d16912fd48765f2fdac58517b84d908f354ffc4d1ebcc70e7eab0371b9327fe384fdf7d29,52,868,7,125,4/5,0
HWS-005-BACS+,1,98,BACS+,limo01,1784196049216664006,1784196431688234704,0,0,382471570698,0,-101.39,-1.34,0xf11fddba0029ed032646bb1c37dcfde5d8bde375530d61242014062e8d9fe247e9445e249fda00d4179f17f15605b9f4b8e4eb2d,52,868,7,125,4/5,0
HWS-005-BACS+,1,99,BACS+,limo02,1784196049819709285,1784196286159213350,0,0,236339504065,0,-85.51,-4.09,0x18c0400fdd7481ff2e4c2f49af2bd17b49fa471efa1b89a01336a351cf15f47fd821e87b22685671133a4d8694f52ce4d08cae1e,52,868,7,125,4/5,0
HWS-005-BACS+,1,100,BACS+,limo02,1784196054095814035,1784196332267670260,0,0,278171856225,8,-109.11,4.64,0x66d0a9ffbf7ca3a35405e15057e2ca93aa0f53e50434c2acb50159c000a0d2f12f218fb828cb110b5b51ab12112a06aa37dc16f2,52,868,7,125,4/5,0
HWS-005-BACS+,1,101,BACS+,limo02,1784196055889189710,1784196284124805414,0,0,228235615704,8,-100.90,1.27,0xeac96cbd621a168989296068025cfd1f1ae963c22d94eab83327b0656b8b0f72fc8e716056a82ca066e3728de308fd746426a2c2,52,868,7,125,4/5,0
HWS-005-BACS+,1,102,BACS+,limo02,1784196061757407817,1784196272768752050,0,0,211011344233,6,-85.67,3.41,0xdf1bdbd3bc8296b6b536a324814bc103f4b7568805603c3843f77b7089b782ad74a5d3a5379c8ffd884049e280a7fdd9fc38e5f1,52,868,7,125,4/5,0
HWS-005-BACS+,1,103,BACS+,limo02,1784196064031909613,1784196349773220390,1784196349773221705,1784196349941781320,285741310777,5,-86.01,10.19,0x75ac42e6ca9c7cc5c9a0bf3074092b76edc0cb0c492a956e61086efcc6c33a52d72429f8f91bd4781a8ce73a3f973fc1d3028482,52,868,7,125,4/5,1
HWS-005-BACS+,1,104,BACS+,limo02,1784196069013330333,1784196377419401181,0,0,308406070848,7,-88.39,13.11,0x644d3e750b7c62cf969ec595b9d2b3f77a890d1cdf22a29af4e2422291d6553b8fd9d28f9598ec5925b3b1cb72ee829123f3cbb9,52,868,7,125,4/5,0
HWS-005-BACS+,1,105,BACS+,limo01,1784196072407211212,1784196222013722141,0,0,149606510929,7,-86.50,-0.81,0xbd91569c1e070a8ebe906e69dadb3df5401c0af3afbcca25e0a1a7b43e94db60f2b512ba97a917c8625c9928ff25f10f05f2e31f,52,868,7,125,4/5,0
HWS-005-BACS+,1,106,BACS+,limo02,1784196076761152515,1784196335014653524,0,0,258253501009,4,-90.16,5.01,0xdc9225ea3b15dc3bbd7038816e935d0ea00923ad3839d3711bad6c8ceb7ff7f2316e699daedf51549bd16b81ae6bd42f25249e3a,52,868,7,125,4/5,0
HWS-005-BACS+,1,107,BACS+,limo02,1784196077378249295,1784196253215988590,0,0,175837739295,3,-81.31,5.82,0xa43c569f4d8bfa6e19a735137c35618d61ee2ea5f977e90a4bb3c14983383566e409cda3dbbcb890c47ea574114b30c595ad1404,52,868,7,125,4/5,0
HWS-005-BACS+,1,108,BACS+,limo02,1784196081424816312,1784196210707799370,0,0,129282983058,3,-92.75,-3.98,0x235b449a450ef2e2f6512e1e5015a44adfd98f572871b73654a4124fcb1804c4713f49a53d2c77604ff28fe4d63f7db0bddf0b75,52,868,7,125,4/5,0
HWS-005-BACS+,1,109,BACS+,limo02,1784196086532133993,1784196463677650926,0,0,377145516933,5,-102.01,9.27,0xf155e398904b63467748bd23fccd2d90bfdf6248a2b84a9d61066143a79cca1538e7c3cc8f686543021196ffcdbc88d93f0ce63f,52,868,7,125,4/5,0
HWS-005-BACS+,1,110,BACS+,limo02,1784196089805203254,1784196143173025872,1784196143173030773,1784196143345610882,53367822618,9,-105.99,-2.18,0xbc7e0fa64566dbee417d2c1e168d76d4c6ec7fe872878c80670d18bb4bbc36c206e9ca20234f4e66aab9e8cb1149c57b3186f203,52,868,7,125,4/5,1
HWS-005-BACS+,1,111,BACS+,limo02,1784196093204859876,1784196198412984305,0,0,105208124429,3,-80.21,14.79,0xd6180ff0d238c3df7bb81873d743e18769355bd497c5b0cb93993a507c4eebadd6642c46de1d802d7b2f9c66a50fc21d2da9b347,52,868,7,125,4/5,0
HWS-005-BACS+,1,112,BACS+,limo02,1784196094588824167,1784196248119714994,0,0,153530890827,5,-99.30,12.72,0xd0e8c18dd57adbb1f515d8f392e11cc01a45f47873d7efb9a2a45c630be1da3b2916cd3ec6650cfbbfe0e8a1e4ba6ba30f54b561,52,868,7,125,4/5,0
HWS-005-BACS+,1,113,BACS+,limo01,1784196098445354859,1784196170267464514,0,0,71822109655,0,-95.06,0.50,0xfca7f7654cfa4138fb422a8dbc9e0875fce4a792e7c14ce9c45304c73185ecec4112e0d7c49d1056d0a0b1a0661756f7cdf71136,52,868,7,125,4/5,0
HWS-005-BACS+,1,114,BACS+,limo02,1784196104437388810,1784196237384059269,0,0,132946670459,6,-106.61,9.94,0xaa6a74aca6429b59f9131147d03fc0388193618b3e340ad4f48537b317d26105bb94407da594543ab5c7adce0c6302b4f23bd3ab,52,868,7,125,4/5,0
HWS-005-BACS+,1,115,BACS+,limo01,1784196104861321336,1784196192429873919,0,0,87568552583,2,-109.23,-4.96,0xc1d5738d086f038f04ab3145447ce47a20cb2b59cb5a6aa31e86ee91346ac35fffba59828b011f28ae8ebd399bd6b1b142934830,52,868,7,125,4/5,0
HWS-005-BACS+,1,116,BACS+,limo01,1784196111036652101,1784196335885408084,0,0,224848755983,5,-93.63,7.53,0x4c56a305a4a872e8380b95e88c16638e5c3d6cc533452e47ad2ac0798e46b85400c1e8f3f8eafb1ba7d3f5255395c72347bf0f7d,52,868,7,125,4/5,0
HWS-005-BACS+,1,117,BACS+,limo01,1784196112313861853,1784196378444421222,1784196378444423864,1784196378612619727,266130559369,7,-102.93,0.60,0x8c0cccf0ee500bdbb40d5a62efa9830ed915dde28cbc0f5042d1e5746692db353b9091eeffccee6040018bbd06cf411a4a67200a,52,868,7,125,4/5,1
HWS-005-BACS+,1,118,BACS+,limo01,1784196118180738078,1784196190631626112,0,0,72450888034,7,-93.43,5.87,0x6436e1675f84a1d7f5370d1872e70ac944394f03a47fad1c1536272411c960a0be5605e85411a0dc602115f587ed76e286b54185,52,868,7,125,4/5,0
HWS-005-BACS+,1,119,BACS+,limo01,1784196120859428567,1784196213409560309,0,0,92550131742,9,-86.26,10.91,0xd2532563c87e45410003761e2e277e6cbcac38d3335e9ced2d8630408164db4e748b3545f5c71268ba54ed970fd819183e13ed66,52,868,7,125,4/5,0
HWS-005-BACS+,1,120,BACS+,limo02,1784196124128854642,1784196310093996745,0,0,185965142103,5,-101.78,6.66,0xcfe254b9971c75ebe1d68dff5161c0cf9cac2160c183c6667aba3119b7b21990fc7aec77cc1ef2fd97420fd9ccf5710865079c82,52,868,7,125,4/5,0
HWS-005-BACS+,1,121,BACS+,limo02,1784196128541632210,1784196300277999197,1784196300278002223,1784196300448829423,171736366987,1,-93.40,-0.86,0x89f704d7584e0316ce858edee6a975f2749e8cea1e26ccd88d214e6604c33069ed4a924d72237c9d2dd2fd82c2391ea0bb034237,52,868,7,125,4/5,1
HWS-005-BACS+,1,122,BACS+,limo02,1784196131006381089,1784196253726871619,0,0,122720490530,7,-102.14,-0.43,0x50379024ec78241b127006ea1f5e7e4dd08999fea57a52bf1869063d20cb5ef811aeb21767ed669c18b49531b1dddea902fab84f,52,868,7,125,4/5,0
HWS-005-BACS+,1,123,BACS+,limo01,1784196133730795362,1784196438019033518,0,0,304288238156,5,-107.63,13.57,0xe15c74ff02185dfaf2fd253998c231da90fb6058a521d5a8206a8bab3dff1c3e594474184da26892ca6b8e96e79cb95f49d9cd56,52,868,7,125,4/5,0
HWS-005-BACS+,1,124,BACS+,limo02,1784196137656250882,1784196225423694052,0,0,87767443170,10,-80.12,1.94,0xed0f8924927dca5f886cfb5f7de60168a3e511893fde326977af928f915834f6f5c0df80c0315ad95f4a2de19d7c38201c33eae2,52,868,7,125,4/5,0
HWS-005-BACS+,1,125,BACS+,limo02,1784196142399870057,1784196380668890047,0,0,238269019990,1,-81.47,14.21,0x816b676900b328b0b98aa835bc46142be6deca88f3b58ebebff9333825f9d97de2feb7d9eace4ed90d4439bc489d8b016bca4da3,52,868,7,125,4/5,0
HWS-005-BACS+,1,126,BACS+,limo02,1784196142344816496,1784196313236851399,0,0,170892034903,1,-90.20,10.47,0x3aed9f03c81f23c4097f2dcce6aa531656514e9dbc4288e1151a9bfce00f0dcf814de272628d93baf398df1f702fd8aee07088c4,52,868,7,125,4/5,0
HWS-005-BACS+,1,127,BACS+,limo01,1784196147500793983,1784196213507798331,0,0,66007004348,10,-106.06,12.86,0xe9af3681ebce445477d1bb55f4c2ba3022915b3cded2c8e454ae9e37ff745e1daf8d3f21f24ae8881138263f5ecb9a6f277511a8,52,868,7,125,4/5,0
HWS-005-BACS+,1,128,BACS+,limo01,1784196150201963824,1784196382496136641,0,0,232294172817,7,-93.75,8.99,0xa0a8e4bec4bf0dc987f95b3e32d81708588020a47cd4746af83e769025fbfedc8e57b048a00aa789dae7407542f38aaddcecfbed,52,868,7,125,4/5,0
HWS-005-BACS+,1,129,BACS+,limo02,1784196153398195532,1784196340005524911,0,0,186607329379,1,-94.92,0.87,0x0aab22bbb81a44e9a62685f055a789f6d26187ee36f691b4f51fc238b1f68d4ce0ac835ca747699b01995f44a0661f7ac8782d49,52,868,7,125,4/5,0
HWS-005-BACS+,1,130,BACS+,limo02,1784196157811159857,1784196388468120536,0,0,230656960679,0,-91.50,7.08,0xc50e76d537d824ffd41cf612c02b79984ea4c1aba6416b062f2151b14d7ff2de13bb52610527da42f86359537affb511df2964ab,52,868,7,125,4/5,0
HWS-005-BACS+,1,131,BACS+,limo02,1784196162325294766,1784196531336257480,0,0,369010962714,3,-103.70,0.94,0xff518bd366f79c0d012912ba62ce2ec15ce15d25866224aac34fa5c5110ca29126dfb47f389a3f32b81f82938d970f36bb1021a1,52,868,7,125,4/5,0
HWS-005-BACS+,1,132,BACS+,limo02,1784196164404539027,1784196363072763365,0,0,198668224338,7,-85.95,7.52,0x67c45687c2716485b768a5ae43b29494fc8d2ea888a356c0bf350e4d9567f3b21bf9291534747c94bb8ecda59f1d54000026dc03,52,868,7,125,4/5,0
HWS-005-BACS+,1,133,BACS+,limo02,1784196169027196047,1784196334581589551,0,0,165554393504,10,-97.06,-1.63,0x2839a863778a96dd15a48a37fca69bf4d71aa02c4caa0d5d02227b688cf1299f287cdc01a77c42281d72523d299307cb1eace3e7,52,868,7,125,4/5,0
HWS-005-BACS+,1,134,BACS+,limo02,1784196171624174783,1784196449056996669,0,0,277432821886,4,-109.72,-1.45,0x76c86088dfaaab931e9abf1087ca976e46ad9fdd165ab0757299739306e700d73b85d71decd68e6523d087f39624d48b1ba4bdb5,52,868,7,125,4/5,0
HWS-005-BACS+,1,135,BACS+,limo02,1784196174774714179,1784196268127185550,0,0,93352471371,0,-91.74,0.43,0xb9813417c54230c1acff75feee660e30343fffc5ab6dc15f245814e13da52c2dae1d86636cb1a75490b88bb12a291ddc14aa0549,52,868,7,125,4/5,0
HWS-005-BACS+,1,136,BACS+,limo02,1784196180594562783,1784196320804130396,0,0,140209567613,7,-94.54,2.88,0x4892c88061c4c30ad5816f7fbbee4bf1814b4bb546fdfd79da8d6ae2bd04b4f6ddac99428166562c8b8a5bbe83a76cd4d2c3d47c,52,868,7,125,4/5,0
HWS-005-BACS+,1,137,BACS+,limo01,1784196181626984698,1784196243988966980,0,0,62361982282,10,-89.78,10.76,0x8e4de48f8b7277247a768ade4442ef54a2eaec42beb7583ecbd21b39f6727ffdc0a76a150a1b6627c5144a2acf50ff736e1f7513,52,868,7,125,4/5,0
HWS-005-BACS+,1,138,BACS+,limo01,1784196184313989113,1784196334940701518,0,0,150626712405,8,-108.31,11.82,0xd0910f8b7a47989eff2508aaf0196c73e2f1eb43023b2f88199ee175324bbebe2ed6696af8682804f47de37b6d186b08df8ff144,52,868,7,125,4/5,0
HWS-005-BACS+,1,139,BACS+,limo02,1784196190690232407,1784196337427991195,0,0,146737758788,8,-104.47,14.31,0x88a9be3f43f7c3456c67cdf1984600d1f3b9853686ba8d76d32924559950cd3365c8a8e5aee05b2d5972a4f0cc81245cc2fa0981,52,868,7,125,4/5,0
HWS-005-BACS+,1,140,BACS+,limo01,1784196194110718083,1784196410622993226,0,0,216512275143,2,-95.58,9.29,0x7ac941550d8341a3efe02b3a061f87dbb91ef6499803a6f0bea565953e49c367fd83e796635e3ca5f56853f15a1dc7ec9538961b,52,868,7,125,4/5,0
HWS-005-BACS+,1,141,BACS+,limo02,1784196194490603770,1784196302249556652,1784196302249560269,1784196302416110165,107758952882,4,-100.74,6.27,0xe286c476689ed85220faa679f182201bd4cdd3d0a0ac56ac462a8a3457bdea0d33ae5f918808fe3d715ed75bf632bd35f42ebc59,52,868,7,125,4/5,1
HWS-005-BACS+,1,142,BACS+,limo02,1784196200899040911,1784196327753900129,0,0,126854859218,0,-102.54,3.31,0x51d45f4bcc57353da9911d822cfb5febbb4bebe71ba4dedc412d9e528edcbcf1ab076b9e327bf0fcbd01e9a6e53bfc198015785b,52,868,7,125,4/5,0
HWS-005-BACS+,1,143,BACS+,limo01,1784196201129473431,1784196334013251707,0,0,132883778276,1,-103.24,11.20,0xd00ebe8d604b1357e553309611a07edca92f03ebae45c8664eb69ec9d9a7294464d05a207dac8eabd6373f8896d2d5189c717d2d,52,868,7,125,4/5,0
HWS-005-BACS+,1,144,BACS+,limo02,1784196207456499914,1784196340049377666,0,0,132592877752,6,-91.21,-3.40,0x353f0043a5d5ed0c6bd8b9afe274d51ef0f187fe4009bd0de502a1610a50a9e57640f941c10b37f8f7531b066c5c3ba174085a21,52,868,7,125,4/5,0
HWS-005-BACS+,1,145,BACS+,limo01,1784196208760136190,1784196359946977263,0,0,151186841073,1,-89.28,13.38,0xec5f4b5e86863a1be71a4deb0a6d64a88c6efec3154938a2bf886668e96330047ffbfb4ea48f46000dc83f8c7eca069b894a5d91,52,868,7,125,4/5,0
HWS-005-BACS+,1,146,BACS+,limo01,1784196212729686657,1784196342049838051,0,0,129320151394,0,-98.29,12.33,0x5495e22e07f3625cab6bec814ac1ba8407b3259ebdc8bc659885b8ace8062a5ad45f5fa24430f514463f5bf46714b2f555549a3a,52,868,7,125,4/5,0
HWS-005-BACS+,1,147,BACS+,limo01,1784196218688401933,1784196296588944871,0,0,77900542938,3,-103.42,2.47,0x411921d4ea9a63b701303731b79717eb22f4d7ad98ed1e04a97f7525e4b2844fe0f3aa82cc942d155cd6057116860b93881696a9,52,868,7,125,4/5,0
HWS-005-BACS+,1,148,BACS+,limo02,1784196219318536693,1784196255715474318,0,0,36396937625,6,-87.26,-4.28,0x4067feca191d3cea0d44f407486b1744d2a0493ec9bda6ce76a027a2ee93b29cbf9c781a8995bb1d8f5f9d01693b243956d6b83b,52,868,7,125,4/5,0
HWS-005-BACS+,1,149,BACS+,limo01,1784196224991999176,1784196365840936549,0,0,140848937373,8,-83.97,9.00,0xd6b2b6c2ef51f640932792b941ba20ed9692768dba18c40bdbdba2af16c222dbb57a995360905e97b4eabec6c2ea3a5052e68b15,52,868,7,125,4/5,0
HWS-005-BACS+,1,150,BACS+,limo01,1784196226517005330,1784196306387416872,0,0,79870411542,3,-96.38,-2.81,0xb557c08830d619e7e4b1b92a6addf01e3b4f0a65735a69da392557fb8252d6bfcf586e20f2191e36250987e70eaf0283fd4a8783,52,868,7,125,4/5,0
HWS-005-BACS+,1,151,BACS+,limo01,1784196229121172703,1784196402647762735,1784196402647766568,1784196402816274369,173526590032,2,-86.67,12.37,0xa2291df55cf87186dcb56168f01a7246ba27990d3cf7c5e39b6c767af370e31666ac04ff638add5c4c0d3c7446de53960c07b84e,52,868,7,125,4/5,1
HWS-005-BACS+,1,152,BACS+,limo01,1784196235626441570,1784196516212028403,0,0,280585586833,5,-94.63,7.03,0x4b9ce63ccd54a45da44556d41d7aa5cfab8095581d9ca6547322d57aeaa4acea012e488b0e4e2c3adf9df607d6d4cc8b913e3ce9,52,868,7,125,4/5,0
HWS-005-BACS+,1,153,BACS+,limo02,1784196237046611466,1784196747439414260,0,0,510392802794,7,-90.41,0.84,0x58b2e1f9313618371c0f3420b233a7a4ec7b589982b4136e7be3097d97b6b4ec3b6a1ddd3a1720190cf21ec8444b268b4515efaa,52,868,7,125,4/5,0
HWS-005-BACS+,1,154,BACS+,limo02,1784196241832721672,1784196443333540584,0,0,201500818912,1,-93.82,10.97,0xd549983cfeff522b71ca632925ae24134336dcfa6be03c0e15e26879b3f7944fa7ebcb38d1923856056be89c072339e1c25da2f9,52,868,7,125,4/5,0
HWS-005-BACS+,1,155,BACS+,limo02,1784196244503084032,1784196389850593038,0,0,145347509006,7,-101.63,-4.33,0x0bd073ce1ece70d01a7a75dd6d7461ca6e4d3dd40899d2ae7ff528136c1fa79e3e798c8bfaa76fee3055f233b098e97eaa9329a7,52,868,7,125,4/5,0
HWS-005-BACS+,1,156,BACS+,limo02,1784196249197510463,1784196375601993493,0,0,126404483030,3,-92.36,9.11,0x972088df62e9ce6f616d6b61899bdef077f61bdd5d81538f8b544bba80be0687612d6f22e1cd73f13573b68e4d5706f2755e1cde,52,868,7,125,4/5,0
HWS-005-BACS+,1,157,BACS+,limo01,1784196250818594685,1784196314925728758,0,0,64107134073,10,-88.42,-4.55,0xa8fb134fcc5d2b5d384efed9f48cb71be72db7d61f0bc196f39b947bed232eda64e394f43918103a80c41920beaecf1ba5aed2c7,52,868,7,125,4/5,0
HWS-005-BACS+,1,158,BACS+,limo01,1784196253220697538,1784196329080193882,0,0,75859496344,6,-89.40,2.09,0x164ea5dd4a8233e253507033065256e74b732b68c13e7835755d496fce6e42df71e1c9683127a5f2d40abbcf104d554eee1e5799,52,868,7,125,4/5,0
HWS-005-BACS+,1,159,BACS+,limo02,1784196257627727034,1784196341645604097,0,0,84017877063,10,-86.10,-3.11,0x5fd84ad1814f05bd001a5d84dcb8d570cdf5162196d8b9184aca082d4bcb8752eaf277a5ba2ba37039c20dd1b4d195aa02045a27,52,868,7,125,4/5,0
HWS-005-BACS+,1,160,BACS+,limo02,1784196261762048861,1784196309791785677,0,0,48029736816,1,-81.89,8.94,0x2bfedb98ad70ec9c0d8a901670f884f9afe7aa2cbf99ced93aedd782c7234b2801b29d17cd0cc2969e6b5715781258e98d8f9e8e,52,868,7,125,4/5,0
HWS-005-BACS+,1,161,BACS+,limo01,1784196266096520868,1784196478520087755,0,0,212423566887,8,-94.47,-4.73,0xd9f03a0bcd9caeb35c89d964abfdfdadbc184a115764f9fb1b8f31d80900bfed1f70b6538d2f99370050e2cf793a53709aa48bd3,52,868,7,125,4/5,0
HWS-005-BACS+,1,162,BACS+,limo02,1784196269567054673,1784196359801051862,0,0,90233997189,4,-104.28,12.72,0xd72b0466dbc2a22b9481922d5fe12a8ee53404b4261f7a0f368cdf2f92ac805a9e69726687f93256d8e9d48e2e648339aa4958cc,52,868,7,125,4/5,0
HWS-005-BACS+,1,163,BACS+,limo02,1784196272760705788,1784196443599673800,0,0,170838968012,7,-91.41,1.59,0xda00af9494e01baa04192e08b5890c767488ec2ee8be3f75974bbbac10b1f0655d9390b4130d7ca90acd0f437f5238a1003efcc2,52,868,7,125,4/5,0
HWS-005-BACS+,1,164,BACS+,limo02,1784196276236715599,1784196387413449091,0,0,111176733492,7,-93.67,-1.98,0x2002c859538422abee9d514df1168f3c804b05e8e0382584aebedc103f178b288d8b54cbc4ea1045413c5ee422326ec47377fa26,52,868,7,125,4/5,0
HWS-005-BACS+,1,165,BACS+,limo01,1784196279615798638,1784196495108210625,0,0,215492411987,5,-87.87,-0.05,0x56c38a75c6cf0c57d27ce1ec5da9246c0733d3ae6727e8562d675e097963f92510265efa1d408f3a827be85f33a9a1012972647b,52,868,7,125,4/5,0
HWS-005-BACS+,1,166,BACS+,limo02,1784196283491864658,1784196422635802418,0,0,139143937760,4,-109.90,2.84,0x4db84835e37b8298e651880f69d388ffa38b52bf104518dfc437af50e296b6d60bfe505a399dc0653238cd98e0d4b597d2632b9b,52,868,7,125,4/5,0
HWS-005-BACS+,1,167,BACS+,limo01,1784196284903549434,1784196457767742354,0,0,172864192920,4,-91.91,13.07,0xa80d9270bf0bb5c5f1d74b560ff48847d8d03e717c29e0374ec6ae1021efb3c2d6da628a1276a8785910f09e24bd85f9e34c4797,52,868,7,125,4/5,0
HWS-005-BACS+,1,168,BACS+,limo01,1784196288928899695,1784196351312321402,0,0,62383421707,3,-100.87,-2.23,0x327e8f3862a315b60f89fb53c1446bd7fca36b2ba1a12a847d60592f0692e35983e2bf319347b5dcb90d0b9dd9421fe462615b78,52,868,7,125,4/5,0
HWS-005-BACS+,1,169,BACS+,limo01,1784196291266363340,1784196514529310753,0,0,223262947413,0,-83.00,-3.61,0xdaf5362df1a078b63543153b2b65853e4571fdbda6f9e7870f85fe25793add3410307d8d26e7ad324468d76241076597f84eab75,52,868,7,125,4/5,0
HWS-005-BACS+,1,170,BACS+,limo01,1784196296365445584,1784196491381930456,0,0,195016484872,5,-109.39,5.16,0x8858c54a3ca83a1ed56e3b3c05dc3c9bf3bcd918f8d2be95a3775b3f12153a92e41dda0edb1f505db230906bf1cde2bcd3b29bae,52,868,7,125,4/5,0
HWS-005-BACS+,1,171,BACS+,limo02,1784196298316482119,1784196484553725479,0,0,186237243360,3,-91.78,-2.03,0x52fe96845ec0321d7cc73efc60ea27a8a489af61c86fb3f8eae85ffc837122ca0b10cba3c5f37f8840f9f0cf6367dda8babd33c6,52,868,7,125,4/5,0
HWS-005-BACS+,1,172,BACS+,limo01,1784196302472207474,1784196409098791069,0,0,106626583595,1,-80.89,1.64,0x569d482071cb61537b69150b2ab37c2881d4c2a01cf58be9922a2accd9612c39d1a8f029d4d7d6a166c36a297b7d909774ccd76f,52,868,7,125,4/5,0
HWS-005-BACS+,1,173,BACS+,limo01,1784196308678758874,1784196457188994608,0,0,148510235734,6,-103.05,6.16,0x325c4d039ca5b1ff56fa4349f3abd63e4fbd5bbdbae463e659060c87ed2fcba53e12d84f603085af148043731d6969c652570a0f,52,868,7,125,4/5,0
HWS-005-BACS+,1,174,BACS+,limo01,1784196309106949732,1784196609036226296,0,0,299929276564,5,-104.31,-4.50,0xfab260389bc6170d861dd10848f9f45032690bf37084b5596456d91020b7d0a38bc04b39787bdd9132b5c7d5a6c9c9736457f0ca,52,868,7,125,4/5,0
HWS-005-BACS+,1,175,BACS+,limo01,1784196313298783367,1784196557011358987,0,0,243712575620,10,-99.59,10.09,0xd1d8241aa17850bbd9da4b4d75ee7c325a648fbc6c1b3ef85c1fe8c0d0df790e3653e7492ce624162286affb1e2dbb0128d076de,52,868,7,125,4/5,0
HWS-005-BACS+,1,176,BACS+,limo01,1784196315351851905,1784196456973420321,0,0,141621568416,7,-93.90,1.51,0x0be1cdb6a4af547603125e6a20199cb9d0c0cf5dfe6792ccdc1529ccf180e82d613df220507b75237f16ceeddcb28e66211e0f07,52,868,7,125,4/5,0
HWS-005-BACS+,1,177,BACS+,limo01,1784196320429865509,1784196457950706070,0,0,137520840561,1,-94.61,10.64,0x23fb78d1bec27e02a700c52436782ddc77797edbdca3d706ca770ac2472f40b7b00cd2aa2e9bdf8355b2ebe4d17e9912506b47bb,52,868,7,125,4/5,0
HWS-005-BACS+,1,178,BACS+,limo02,1784196322365411644,1784196479306159301,0,0,156940747657,5,-109.31,7.56,0x1435f968fc3424dc50b860e2f98cb509761d19ad9f41bd815c1240e0ba2f45e7b520943fef3c330dfe324b124d72ba1a48ebe415,52,868,7,125,4/5,0
HWS-005-BACS+,1,179,BACS+,limo02,1784196327310479950,1784196463892399286,0,0,136581919336,4,-82.68,8.41,0x4b02dff2c90e99a61dc0a61bd6ea84a76789285772123dd2e1c9291c1f33744a866aa1b1d898e14b9a531412bd3f73d90724dac7,52,868,7,125,4/5,0
HWS-005-BACS+,1,180,BACS+,limo01,1784196332599315557,1784196432053443514,0,0,99454127957,4,-97.63,6.27,0x2c8de1a43fa967deb9953a163f77b5942fa85c393a9a034b2d72ad07cce26bbcd2c832b7ead563826b0b89a731cd98d3c6bdf116,52,868,7,125,4/5,0
HWS-005-BACS+,1,181,BACS+,limo01,1784196335028866650,1784196446063987709,0,0,111035121059,8,-94.97,-3.72,0x5fdd9ae3d0a7d6ee55efc1119a0aadf50a13a5ffd2d934ba2646c29cce26bda81b4122938c9caa42bea8260de7836e6aa4ceec54,52,868,7,125,4/5,0
HWS-005-BACS+,1,182,BACS+,limo02,1784196338795234662,1784196490956255248,0,0,152161020586,5,-85.19,3.72,0x99f6f16da09b29981c0d938c3d3cca098a0a389dedf5fd275d2656404d1df5ec9bfbc2b5cceeed6e67e0d68112ce843d1a043c29,52,868,7,125,4/5,0
HWS-005-BACS+,1,183,BACS+,limo01,1784196339585107093,1784196478095282932,0,0,138510175839,8,-86.43,-0.63,0xf7ef6ee030cc03628e1e58377c0341185bfda03104c2393bb440e4676be9e5afc476083e5ba1364031c873694ff055e7a3a05b66,52,868,7,125,4/5,0
HWS-005-BACS+,1,184,BACS+,limo02,1784196344440483660,1784196442737722296,0,0,98297238636,10,-109.68,1.98,0xe592bc1c4ca4708f40ad61ab838e54f2ee5a8a541a20ad3674b93d217af45baeb29aaf5d2f9844a9e4a73b3734201d2fd36f5634,52,868,7,125,4/5,0
HWS-005-BACS+,1,185,BACS+,limo02,1784196347964916155,1784196493774569714,0,0,145809653559,4,-91.85,11.70,0x309ee5a33930d79f98a37c843aa67482fc46dcad59364657013b39557b841d8187866804aea8fb0281d94d604474d3593cd78a10,52,868,7,125,4/5,0
HWS-005-BACS+,1,186,BACS+,limo02,1784196350681831956,1784196448766861593,0,0,98085029637,10,-99.89,3.69,0xff4a30dcf01e443646f444f71384e0f7af9bdd24c98b71cf182e8e8ab4641cabd4c14f044e0cf9af8a09449ee8fb72a1bcaec060,52,868,7,125,4/5,0
HWS-005-BACS+,1,187,BACS+,limo02,1784196354952028875,1784196522630708793,0,0,167678679918,5,-81.30,10.57,0xce4dfa2cc6ebc8423cc42094240e2e40ebddc56f714e6f81514e2cf2a625bdb7caac6cb6c21b5670af5183514c77a204744e2abc,52,868,7,125,4/5,0
HWS-005-BACS+,1,188,BACS+,limo01,1784196360301132204,1784196473400910164,0,0,113099777960,1,-104.29,4.46,0x287131932cc4e6747d3411dd7bf2e0e1abb9988d5528e8a9ddb7548d62d41841762b1eb094217e834d8fb663963091f680e1538b,52,868,7,125,4/5,0
HWS-005-BACS+,1,189,BACS+,limo01,1784196363835205546,1784196490068711223,0,0,126233505677,1,-99.58,2.11,0xeb15850334316a4b72b15d33625b4cb699bb02ea2a18ff6890370f2284adae07be730ed967be53901357c7e89a4a9a02a03cbbeb,52,868,7,125,4/5,0
HWS-005-BACS+,1,190,BACS+,limo02,1784196364096538680,1784196435521107802,0,0,71424569122,8,-93.63,1.31,0x585f9ae38623ee8ec74b88e7b5a2075d08f473a32841a33a22c3c7fbdea1827c22a78c191b1ef4b993cac269b5e243c6b6198ad9,52,868,7,125,4/5,0
HWS-005-BACS+,1,191,BACS+,limo02,1784196367812443850,1784196582693648357,0,0,214881204507,9,-88.45,-3.46,0xfe133e2d79c3e766be8123ec6615929e2936ec7d7902f3c28193106c4f1e218f305e05686af1612b689d7e6bdcf9adb188cc2422,52,868,7,125,4/5,0
HWS-005-BACS+,1,192,BACS+,limo01,1784196370816865201,1784196526544200961,1784196526544202671,1784196526709999109,155727335760,7,-95.19,10.08,0x1124445e3744ebbee3cb232cb763ee4677bbd0bc05b1a40e11b9d2f42f0e6ecad4071bb95c193587eb7f4919df816424a099cd2b,52,868,7,125,4/5,1
HWS-005-BACS+,1,193,BACS+,limo01,1784196374550146019,1784196730262781880,0,0,355712635861,8,-98.86,2.81,0x630bf2db5d6fb4ea32c475c503dd166e4ec75ad4188d56b12a93c4277683c1befb8c3da2ed554e38d11f1fc6a4fd49266346b911,52,868,7,125,4/5,0
HWS-005-BACS+,1,194,BACS+,limo01,1784196381259763294,1784196472028908078,0,0,90769144784,1,-89.55,2.03,0x14d1549acc0ccdac8da8b99699696f8f49aa2d46123b89997a393f16d00f32b46f3b6ebcd58337be89480c2c63d6b82f3a1aa040,52,868,7,125,4/5,0
HWS-005-BACS+,1,195,BACS+,limo02,1784196384471979832,1784196654203772000,0,0,269731792168,3,-99.28,4.40,0xe2a9cef19b398153afa20c9f188f6d1055d94594c888702f33dc24b93223fa95bf3ad60b1c9c0d9f22006b5bb1a2fe1c2d40cb9b,52,868,7,125,4/5,0
HWS-005-BACS+,1,196,BACS+,limo02,1784196387183101606,1784196706542599517,0,0,319359497911,5,-106.27,4.03,0x41bae2a26c4c22a33769bc50755a73ffb5e5310fbc5071cea5b6258cffc268267956a012530d927e2a6d7d443dd7c1c572e0340b,52,868,7,125,4/5,0
HWS-005-BACS+,1,197,BACS+,limo01,1784196388804787867,1784196553915824728,0,0,165111036861,2,-89.23,-4.29,0xc7d539e6e29fae30b30acda0eb2b109c154d9efe1bea662c5bc29a2f24f311fe2b86b96ff43cc991adade9d97aa646d4a63642a1,52,868,7,125,4/5,0
HWS-005-BACS+,1,198,BACS+,limo01,1784196394626846439,1784196560400794074,1784196560400795165,1784196560573326778,165773947635,10,-103.63,6.61,0xfb3ff22e03ff7f94f82954f94eb2c6ef3d95da3dd09f228604b0fbd7c672ed6b51169d7da5ad206d555489586d52e059e3dbeb02,52,868,7,125,4/5,1
HWS-005-BACS+,1,199,BACS+,limo01,1784196397742439870,1784196564859187411,0,0,167116747541,7,-86.33,1.15,0x61a461d9daf9755c6896a41f67fd4d7cfd7a6c747f52c2eef882040ab866044c73a69592dcfd8bc443857fc9f8085cc4ae96f971,52,868,7,125,4/5,0
HWS-005-BACS+,1,200,BACS+,limo01,1784196398714028104,1784196498317359307,0,0,99603331203,1,-104.15,5.93,0xf1c2c0472449b36541861cdaa58b49db8a887188a0bbb52d34f46049a9f1786c89f4bbb3d9566751f1a71351d782ce7ec991e43b,52,868,7,125,4/5,0
HWS-005-BACS+,1,201,BACS+,limo02,1784196402098653046,1784196593126753956,0,0,191028100910,9,-101.46,6.68,0x7ee98877c063b6c031cb6804ddd5529e36234f78d45f2fcc125d12df577bec80dd0ac9740c3f68075ea03548940da0c2d7d5a046,52,868,7,125,4/5,0
HWS-005-BACS+,1,202,BACS+,limo01,1784196408652319327,1784196475018284099,0,0,66365964772,4,-97.03,8.67,0x8f3b2874d7fb94c06218e504333ad9b2b1fed1162c8e1209bf9512c238d82020d16672303fbbf970fe2e17ae102e5b93470b34cd,52,868,7,125,4/5,0
HWS-005-BACS+,1,203,BACS+,limo02,1784196412193288940,1784196589234177786,0,0,177040888846,5,-92.31,-1.36,0x5098c0630786fad98ed25b56da681df494285cb6933dd0bd8b8845efbd172f107cae833ebe5ecc0255fd7af7d3a4b77937f43a8e,52,868,7,125,4/5,0
HWS-005-BACS+,1,204,BACS+,limo02,1784196412564805136,1784196483862625631,0,0,71297820495,3,-88.51,0.05,0x8cd5ea6c44eb0247e2e0963d177b9117ac6cf9a099c2a0246f37847f70647803d12f6684132b18225c8533d38a9f7a9caac0a460,52,868,7,125,4/5,0
HWS-005-BACS+,1,205,BACS+,limo02,1784196417122037412,1784196491591888693,0,0,74469851281,8,-89.21,-0.89,0x1a9a72d122fd96c72947e45a00230989d6190ac223d420cc0e02c3d3ba5f8c093992b53adcf14137017b303c0239163d48094644,52,868,7,125,4/5,0
HWS-005-BACS+,1,206,BACS+,limo01,1784196420670849468,1784196486922671550,0,0,66251822082,1,-99.33,12.77,0xfce1e35dc4af391bca88e51c268962877cfc5878916a78f799e8651fa4792270dbf0a50f883a8a36c391616d3ddfe7f38d39b6e3,52,868,7,125,4/5,0
HWS-005-BACS+,1,207,BACS+,limo01,1784196426128296214,1784196653914840747,0,0,227786544533,0,-87.34,13.60,0x13f2619be2c71eb3cb722499d365d36b75a73265f00694a19c60bb44bdf362a8f95c62ee7055fdbf88439a63f4fa7d1ee5e7e3c7,52,868,7,125,4/5,0
HWS-005-BACS+,2,0,BACS+,limo01,1784196428535099741,1784196718025367175,1784196718025369243,1784196718196890028,289490267434,3,-83.01,-0.78,0xe159772906fcab25c19b80b644e6127cfbb796f8074399e2bd74dde7f40a2b05bda79f5a20c79b426334e14aaba9f88d33edf487,52,868,7,125,4/5,1
HWS-005-BACS+,2,1,BACS+,limo02,1784196431526485193,1784196482287992146,0,0,50761506953,0,-80.37,11.90,0xb125485c74a1a414659bad6b89213827fccf2bac485d0d0b1ecf3b0a3dc95acd0438e9d8dc4bc43bad5880a75e0cd228e2edc66d,52,868,7,125,4/5,0
HWS-005-BACS+,2,2,BACS+,limo01,1784196434143411045,1784196684681752580,0,0,250538341535,10,-83.93,12.49,0xb3c164c7b26045d6e6b587201da0868b3fc2ed751610d2b7c8fc6ca174ceb56983d1f346a36f8505b978c6a784ccc64050e36779,52,868,7,125,4/5,0
HWS-005-BACS+,2,3,BACS+,limo01,1784196436929830974,1784196849465232059,0,0,412535401085,1,-91.66,13.88,0xfdb0f22fca3d6a9df80193f783e74c3153bfb67c20056a6d53bf168648930e070a76921d52629b176fdf72edfc72f37c58a8445a,52,868,7,125,4/5,0
HWS-005-BACS+,2,4,BACS+,limo01,1784196443679502327,1784196590782025700,0,0,147102523373,9,-85.11,1.88,0x1316eab2dc40d92776f26b4c61e58ad9a0eca0abed058f18bdd96f10e53f069e15915256b4415002db612c62ad87cece67ec37b1,52,868,7,125,4/5,0
HWS-005-BACS+,2,5,BACS+,limo01,1784196444305312126,1784196542179483565,0,0,97874171439,2,-103.78,-3.88,0x43bcf31e14474191b08ae3db3b8ad1df2b1daacc93755496a9f482586c57d19a5102b4f08a5aaa028011667142570856e01a7c2e,52,868,7,125,4/5,0
HWS-005-BACS+,2,6,BACS+,limo02,1784196447822522232,1784196589067923896,0,0,141245401664,4,-80.54,5.62,0xe8a573b76b48ef7c9199d2002d2e141fe3613a135b253be3ca305cf689f6069e9848236e73bdd798332fd5ea9533390da99eeb2d,52,868,7,125,4/5,0
HWS-005-BACS+,2,7,BACS+,limo02,1784196450591373723,1784196601556368594,0,0,150964994871,3,-85.65,9.91,0xbf6213fd4c9008bfa797e2f331170584304b5d22a27466704b8479b589f3bd8ef0a179922b3e54b0c3c5589ef795a4a1a642f960,52,868,7,125,4/5,0
HWS-005-BACS+,2,8,BACS+,limo01,1784196456528459862,1784196528862760972,0,0,72334301110,4,-101.33,3.86,0x407e0d3c38aaa431d1aedccf4e9b60cb70098d22b5a1c67f7e30c767cdb2bcb0d7472e195a2a9de31be607e8ebb3bfc9d848a111,52,868,7,125,4/5,0
HWS-005-BACS+,2,9,BACS+,limo02,1784196457456322657,1784196868554477958,0,0,411098155301,8,-93.72,4.77,0x1bf44d7dd63f55aabe3e59e7f0858ea3abb4f58a87e158ad200a5e5cbe2cd69e7bb6407cb60e72492d4a342d5afb229ec5468248,52,868,7,125,4/5,0
HWS-005-BACS+,2,10,BACS+,limo02,1784196463327253655,1784196573093578209,0,0,109766324554,6,-99.76,7.63,0x4d447176083c615c80897bf3c5bf33d58bb8e93306e83610402e890a9d08be63c56d92d66651ceb6e09b6ace3ffe65384beb20de,52,868,7,125,4/5,0
HWS-005-BACS+,2,11,BACS+,limo01,1784196467461996228,1784196599803098516,0,0,132341102288,6,-105.13,6.16,0x5976810cb17fb87826fbcf0be86ab7fb7765369693658da7c46e44c980be61c2e54984b2f91e76b5b630b24661c94f47c95682e6,52,868,7,125,4/5,0
HWS-005-BACS+,2,12,BACS+,limo01,1784196469426198392,1784196600040233587,0,0,130614035195,7,-108.48,9.40,0xbba97aca3146c1e0da7f92bac832a8097c6b840ade72590db731432edc83b20dccadbc396ff3442050720b094339385046950acc,52,868,7,125,4/5,0
HWS-005-BACS+,2,13,BACS+,limo02,1784196472497213851,1784196563834195635,0,0,91336981784,7,-82.77,12.76,0x57114b0befa8f9a49c329abf1cf3e2a3192adfa0cffff4dbfb3d4a90553a43b0d64a2054804ead52b02367e6cf97c948bb785bf6,52,868,7,125,4/5,0
HWS-005-BACS+,2,14,BACS+,limo02,1784196475427331652,1784196768378518459,0,0,292951186807,3,-99.46,7.16,0x93a88a3cbf070c0871e3090094b1a750731b65840010d2a80b3e2c51e2ce4fb23f5a5755790487c62e12761849812ff3fa3d0997,52,868,7,125,4/5,0
HWS-005-BACS+,2,15,BACS+,limo02,1784196480962492250,1784196594920361595,0,0,113957869345,10,-105.51,1.54,0x94ead1a98b218842859176bb9a580fd1ec5b8192e8212b2ef990a466ef7c09078eb8a6ec2388b5f90d7ecb18c201df1e327e39c2,52,868,7,125,4/5,0
HWS-005-BACS+,2,16,BACS+,limo01,1784196483298930010,1784196738951635184,0,0,255652705174,5,-107.17,11.80,0x0b61361a87b425c517156a44fa5138175a3e9150f97002d3336eb73ebdef7799f76c0247be6bf0a8481d3e10a80b186b4dee22f9,52,868,7,125,4/5,0
HWS-005-BACS+,2,17,BACS+,limo01,1784196485469412157,1784196624444915648,0,0,138975503491,8,-100.95,3.33,0xd94dbc9739756252678357507f8ad2e2d1a9adaece3732b2f690c0e0669d877914ac6e3940d3486b61c77195adf75675b7af4caa,52,868,7,125,4/5,0
HWS-005-BACS+,2,18,BACS+,limo01,1784196489670197016,1784196627584262197,0,0,137914065181,9,-92.42,3.68,0xafe3893106a70a1c13137dbcf7f6d738dca0eac05610b8396563d596c760db5d093e398ffcfd37bf9f4aeac43c5d4c0b9e077a5d,52,868,7,125,4/5,0
HWS-005-BACS+,2,19,BACS+,limo02,1784196494922254802,1784196697033018977,0,0,202110764175,5,-93.12,8.41,0xe26de14d691c55615f231188767c138e9c76dcda5845c6798c798ff6332379118a7c4adc5678cb3c50d50b08619198dca1d42ab2,52,868,7,125,4/5,0
HWS-005-BACS+,2,20,BACS+,limo02,1784196496965606748,1784196722871244844,0,0,225905638096,3,-88.85,-0.81,0x027e78498f868afe4b8da7b6d9d20de5da50370bdd95842292af8a0701f7f544b0e958d75afd89052bfa82516394e6033844d7bc,52,868,7,125,4/5,0
HWS-005-BACS+,2,21,BACS+,limo01,1784196502106979527,1784196701974478850,0,0,199867499323,10,-97.17,8.52,0x84720c8b2e1fdcc2c370b3a0d363147c697cea7b462e88dd36c172770dbdda7eea8ed353fcf426705cf9b68bd9d8226afeec75db,52,868,7,125,4/5,0
HWS-005-BACS+,2,22,BACS+,limo02,1784196502666095135,1784196627912134648,0,0,125246039513,5,-104.37,-0.27,0xb04a38943c5ad92014f7ba2547e33474275962ea7ee0ef1301efb8b64bf11e5e0faecff5ee28c6bbc8b27e9e78af62d26649be11,52,868,7,125,4/5,0
HWS-005-BACS+,2,23,BACS+,limo01,1784196505625584892,1784196641649446627,0,0,136023861735,1,-88.89,7.05,0x5782a785615a3563b8fbb811ef7f5459840046903a55d13cb2a8ed94c87633233f3f229c8c7c3a189139fb74407f736256ad216c,52,868,7,125,4/5,0
HWS-005-BACS+,2,24,BACS+,limo02,1784196511834902851,1784196583709562678,0,0,71874659827,7,-88.89,-0.91,0x4be7484cfb5b3a9d605af05330235e355e98bcef39012f1f5f20a4025bf03f5425d3316aa07a61a599fe27372eda0c514392b7fc,52,868,7,125,4/5,0
HWS-005-BACS+,2,25,BACS+,limo02,1784196516316525914,1784196673042563044,0,0,156726037130,4,-97.45,11.61,0x73c5a7c348f0b19eef8d3c7daa6d7fe3833ff5352c2b0fdeeae14eb9f873bc72db6f75f54eb7953ce31d99e10c36a2942270caa0,52,868,7,125,4/5,0
HWS-005-BACS+,2,26,BACS+,limo02,1784196519011039816,1784196764795698069,0,0,245784658253,1,-93.68,-3.42,0xdd602e65b5ec9017ba3467499b05a7bd71553fcba0751fd5c0cf053545137b9fb743244323a77f38afa504a8732e2e2ac9f727b7,52,868,7,125,4/5,0
HWS-005-BACS+,2,27,BACS+,limo01,1784196520677854572,1784196693785795666,1784196693785798948,1784196693955175825,173107941094,7,-84.46,8.89,0x7700d79bc4b229e2d52c707ad077d930b1dc98942880570a7f29299a2492beaa1e8392eb502684f76fbd79f51c1e01262b8beab0,52,868,7,125,4/5,1
HWS-005-BACS+,2,28,BACS+,limo01,1784196525505116147,1784196664851532797,0,0,139346416650,1,-86.50,10.43,0xc13640af07112c982c6e6a6739ff6ccde794d74686c01a8ca3546fe0781e5f994e7e1ee56132cafe8608ef3b631bdbb4b944454b,52,868,7,125,4/5,0
HWS-005-BACS+,2,29,BACS+,limo01,1784196530104869498,1784196719540070062,0,0,189435200564,7,-82.07,10.48,0x4742862f4ae26cb9d69b84a221c70197614114a3a4ccecf17e114f75edb4a1d9303009bf137f90fcefa6c8b10343123d09664cac,52,868,7,125,4/5,0
HWS-005-BACS+,2,30,BACS+,limo01,1784196530250525037,1784196670020135865,0,0,139769610828,0,-98.03,10.90,0xed8385d3ddb6bdc5e2cd2143571aeaa0f13b4e2b08eeea424a84303a9d97094c67d3d00b202fd4a7e13c7578a0ad4fbcaa1d9071,52,868,7,125,4/5,0
HWS-005-BACS+,2,31,BACS+,limo01,1784196534220028699,1784196642473248062,0,0,108253219363,6,-105.52,8.24,0x6145f8c6cdd318d8cdcfcfccaa35ed6aac7ff557f5c5c3e43f874534ce772d3c7f541448914e43bd6136797b7614bca3f1480368,52,868,7,125,4/5,0
HWS-005-BACS+,2,32,BACS+,limo02,1784196540589077090,1784196666717228641,0,0,126128151551,10,-106.61,8.34,0x98bc13595a15fb3bbb1d511812d052c2c674b615b408279369a11212fed865580971731a9e18805d11dca750581fa2a410a5354b,52,868,7,125,4/5,0
HWS-005-BACS+,2,33,BACS+,limo02,1784196541862598390,1784196738020861754,0,0,196158263364,3,-97.71,0.71,0xf875b9f856c3723db65578670728950b7be61c42f017dfdeb2813977caf5f4cba2b0c5a03565d07b33cfd98859cd330db15e1da2,52,868,7,125,4/5,0
HWS-005-BACS+,2,34,BACS+,limo02,1784196546459243915,1784196660825148826,0,0,114365904911,4,-102.95,6.77,0xca9d0c2497e583812620c759b88a11a8d8eee9c4340df132cfaec8980d53342cb3766b876a77f466071bc105cdbbe3083b08df11,52,868,7,125,4/5,0
HWS-005-BACS+,2,35,BACS+,limo02,1784196550362258751,1784196713667547614,0,0,163305288863,7,-84.06,9.34,0x7e50b3a8a78f01605a530008999bc68ac8d6faf70663fcc2328f38ea03e451c1fd593b1172a716b9c89f296e7363b32bd30a84ca,52,868,7,125,4/5,0
HWS-005-BACS+,2,36,BACS+,limo02,1784196553179557063,1784196680536842497,0,0,127357285434,6,-85.23,7.11,0x1371aad546f5e88883987cdefb573bf478c9e7c82760cb327037122cba7d837afd30f3a593b3ae264b1e1e08bbdbcda68458f5b5,52,868,7,125,4/5,0
HWS-005-BACS+,2,37,BACS+,limo02,1784196555446646466,1784196751067945510,0,0,195621299044,1,-83.80,2.16,0xabeb9c41afd37f9c8c0dc6a462bcc4733d56411036bef88dab2ef5a232e60510662dc64bbc08d8be30170105f71ea21ecf5b2652,52,868,7,125,4/5,0
HWS-005-BACS+,2,38,BACS+,limo02,1784196560396505200,1784196668952890161,0,0,108556384961,5,-100.29,10.23,0x6baafafd0095e27fc7d6ffd47c473c0dcc70240249e11916e2651af6ff8361bbcdac84042e6fd709930764e08ee3443f6492511d,52,868,7,125,4/5,0
HWS-005-BACS+,2,39,BACS+,limo01,1784196564126895507,1784196673511736589,0,0,109384841082,1,-89.09,-1.91,0x237fa110babf1b5b550e8095270ef574e83f1ed3bbd6d1f18ceca08c19ba4e4b097cf7c2291c77b917a194321d1ce4cce69d65c8,52,868,7,125,4/5,0
HWS-005-BACS+,2,40,BACS+,limo02,1784196564475243716,1784196630721004517,0,0,66245760801,9,-85.61,5.93,0x7d9621c9f3adb9a6aa390a6adc8508412cdd7b44f2743bdd11cdfb1084392dd7d28256338b85f9c0f5bdab083a1915b62b566a3f,52,868,7,125,4/5,0
HWS-005-BACS+,2,41,BACS+,limo01,1784196568462468306,1784196959227753901,0,0,390765285595,2,-92.24,6.68,0x45b0b5baad62a39be4b879ca2efe62e969ffb2a45ca417490113214bcc398871bb1f9019bf14276fd9dc7bb7b7bd230d814dbff1,52,868,7,125,4/5,0
HWS-005-BACS+,2,42,BACS+,limo02,1784196572777222582,1784196642877665512,0,0,70100442930,7,-82.67,4.18,0x33d489c0ca53afa83680bfce9cdc694f22c7c530c69d6c49a2acc9fbd9d80866aa781937b12882d5d9086faf6dfcc26061ae25b0,52,868,7,125,4/5,0
HWS-005-BACS+,2,43,BACS+,limo01,1784196578096680299,1784196764276842026,0,0,186180161727,0,-91.78,1.51,0x181869e7d564e689f4a7cf04351b60531284437ec0629f5eeec7be9ca191e34fa2c61370d62f9349e9252af171aed4b9f3a0186d,52,868,7,125,4/5,0
HWS-005-BACS+,2,44,BACS+,limo01,1784196578358050339,1784196855531694456,0,0,277173644117,1,-95.69,4.27,0x0a3f55c607ba667fd9bbc0ac06ed735d0c8b07a510a2e0e8493bae145185e5f25b5612a39dce8ec3159ee3aed5c01dd408e86824,52,868,7,125,4/5,0
HWS-005-BACS+,2,45,BACS+,limo02,1784196585015793951,1784196824792987685,0,0,239777193734,2,-89.89,12.81,0x69b45c5cff549120ecb5ed3dbcb41cdb6c497a2f985e488ea106d3fe1bc7275258c29c4d406fd3872cdddc2e3b4385bf22cdbcb8,52,868,7,125,4/5,0
HWS-005-BACS+,2,46,BACS+,limo01,1784196588042730606,1784196707298018753,0,0,119255288147,6,-103.63,5.37,0x6c54faa2c797bdfe53757b184cd2ba746ee4d80d83f007ee4cadb377b03b397ebddccf3cc12c3c34afb5a96f9f02b7bae7b4c089,52,868,7,125,4/5,0
HWS-005-BACS+,2,47,BACS+,limo01,1784196590135834230,1784196867811248228,0,0,277675413998,3,-88.69,11.60,0xb743afa56a0fcf7464c0197fb1b805d731e65f5ac037aa692cbd7b795f034cc7fbaa974433dbe9476d05901c48b22a043994774e,52,868,7,125,4/5,0
HWS-005-BACS+,2,48,BACS+,limo01,1784196595834253177,1784196801644462246,0,0,205810209069,4,-87.79,8.89,0x94ad677540a8a87609ac362fa4126bce87488c92bc513aa9cb4085bd67cbd6ad831dd4be18865368f18681b6162247e6778cc0ae,52,868,7,125,4/5,0
HWS-005-BACS+,2,49,BACS+,limo01,1784196598333882559,1784196699419920097,0,0,101086037538,6,-81.07,1.49,0x75245cd55d54df2caa675c14c80aaebd4ed2fcee1d630368435319b5a6da47e994bcf5331f03456194aa19962c95346fac7c4be7,52,868,7,125,4/5,0
HWS-005-BACS+,2,50,BACS+,limo01,1784196602708535649,1784196788499089851,0,0,185790554202,6,-99.08,8.24,0x776135ba2bb6f7b2d10e5cd87238d6a11413fe4f2b46532abce90ed7a101d7599c8f8447aa0750daa412522f9155a616811f0aca,52,868,7,125,4/5,0
HWS-005-BACS+,2,51,BACS+,limo02,1784196603544585363,1784196706010250269,0,0,102465664906,9,-80.64,11.95,0xa56f993b8e4f1e5b19477566a23185e87cc86ea3881549a0ae46227288785f093103d2b2118e7ee8f74d3634cc3b902348c2592a,52,868,7,125,4/5,0
HWS-005-BACS+,2,52,BACS+,limo02,1784196606432041609,1784196802935926935,0,0,196503885326,3,-86.40,1.99,0x5a7ab9d666e9e0b6b575466b0ad0bc9e84bc2c502830021f64185e7ffedba05f97b061247256b8fd43f95cb2e9e6c8ed157e6c19,52,868,7,125,4/5,0
HWS-005-BACS+,2,53,BACS+,limo01,1784196612316755663,1784196800553878835,0,0,188237123172,8,-80.96,-0.61,0x07f7888715ab91b1703c26242f1dd93a5674d19a01cc4cabdf106e5c4ac8b62d155addb82a7fa4793c07e2fa00fb3928fe9daf51,52,868,7,125,4/5,0
HWS-005-BACS+,2,54,BACS+,limo01,1784196615379963599,1784196807954092356,0,0,192574128757,0,-101.66,4.99,0xe287b2329a26d049db58768fd0a1fefafeed01f04e36b34e60b23ebf1f351a9a1f9c19253d4880b9e31fbdc14c2e17fbc92c2d6d,52,868,7,125,4/5,0
HWS-005-BACS+,2,55,BACS+,limo01,1784196617469607698,1784196733924559068,0,0,116454951370,8,-105.01,2.99,0x0068858f2c9faa76fcef9ca056898ae67863ec602cb45050cee6d572d6ae128894e7d5835939e7060a3705f1c47f0345fa483319,52,868,7,125,4/5,0
HWS-005-BACS+,2,56,BACS+,limo02,1784196622299490957,1784196735722097277,0,0,113422606320,8,-103.10,10.15,0xd7ccd060c5f3e4ab10985408c60ec77e3651f284598431be2bf0c671329f056d74edcbd8adcf0ab3490b8be220a9de6b3b4039f5,52,868,7,125,4/5,0
HWS-005-BACS+,2,57,BACS+,limo02,1784196625395186656,1784196791876174111,0,0,166480987455,3,-93.00,-1.55,0x532fd72aa1b1711c2e786b61c2eb54c642aa16041ecbff9bf2fbf2efae21aa36c202fe4fc0b0a5728e786ac0baf2e43eefce1399,52,868,7,125,4/5,0
HWS-005-BACS+,2,58,BACS+,limo01,1784196629232341832,1784196685635031788,0,0,56402689956,8,-98.16,12.84,0xc6ae00876753d05d46bf56540c2e2676f94a29d3625d8e695fdf14dbbfe8e118413416fb67b6cc524d8c8f45848f5b8fb8c1fc6a,52,868,7,125,4/5,0
HWS-005-BACS+,2,59,BACS+,limo02,1784196630765778553,1784197081447672983,0,0,450681894430,6,-90.03,-2.09,0x06ae84167444e2f134a80c72c9e4637f514b2946fde1ec32e9e103c1dc9ab619affbd05d4427928179e494bf34143014a81af942,52,868,7,125,4/5,0
HWS-005-BACS+,2,60,BACS+,limo01,1784196636190772885,1784196808838429876,0,0,172647656991,1,-102.42,10.68,0x93a1e12ecc5693dc515b33f6c63472b0966d4a6916e9d473930c2c37b7ec906bf999aa000f172f1ef77d15d011c5ca362a2d8cb3,52,868,7,125,4/5,0
HWS-005-BACS+,2,61,BACS+,limo01,1784196637219896400,1784196829385610663,0,0,192165714263,3,-95.21,0.52,0xfd49cb26a508917d819f8653ff341a789c2169c00b8f73212edcee25e8a7cd53813b06ab3bf6a525f71fc0314a3c48044f498b12,52,868,7,125,4/5,0
HWS-005-BACS+,2,62,BACS+,limo01,1784196641813633825,1784196930513950118,0,0,288700316293,9,-105.76,6.54,0x24db962af6f6560110cb3353098d4ca15d78d39b2eac139ce52244d074ed982de94b8a46ffebaf3219badd34a00e308362717b83,52,868,7,125,4/5,0
HWS-005-BACS+,2,63,BACS+,limo02,1784196646435202442,1784196802578917304,0,0,156143714862,2,-87.55,11.76,0xc62dea2b6dc3c41eae9f9568c518ade30fa57309ee71438302cafec4be61029859d2e73030f47bbf31e352d9574fd0c3131eb10b,52,868,7,125,4/5,0
HWS-005-BACS+,2,64,BACS+,limo02,1784196649300776115,1784196776771753556,0,0,127470977441,4,-108.00,-4.73,0x439d575b6e7f48457ec65da6ad401343b6e8d7eff126837e7e76f4443f8235b9645c566ef601535c9e40f8e1bb4901c825ad96ef,52,868,7,125,4/5,0
HWS-005-BACS+,2,65,BACS+,limo02,1784196654014051577,1784196957254719046,0,0,303240667469,2,-88.59,-4.81,0x612ede50b2b6180f990d6f9bae45e30ad80b4c8a89ae99b1fcf0e83b669b24b46b0c613c735c38e14cae62fdbecce97a0803316f,52,868,7,125,4/5,0
HWS-005-BACS+,2,66,BACS+,limo01,1784196657050012724,1784196773466614098,0,0,116416601374,0,-87.61,12.13,0x67a59afbbc7a7d74dc27af406edf3141c2ada1800b1eca4be8394ca7c510efb84fa8a8216cebe4a88322012a3611bf4333275c6d,52,868,7,125,4/5,0
HWS-005-BACS+,2,67,BACS+,limo01,1784196659344518173,1784196793264347824,1784196793264349195,1784196793432244745,133919829651,6,-91.21,7.74,0x0c421af30aceaae3b52e22f93621fd213e674e2aa731396e924f23e6be1032fba9559bc145359d7005e5587f8f5e8c5d11df5da7,52,868,7,125,4/5,1
HWS-005-BACS+,2,68,BACS+,limo01,1784196661514336345,1784196856740098356,0,0,195225762011,3,-95.46,1.83,0x1226afab923a2d7cbee0ba9cdeda0271793ad9e6a27e1f235cdb871ecf1043c667bb59eb0f3234ddc88fd4b42abf824a205f2104,52,868,7,125,4/5,0
HWS-005-BACS+,2,69,BACS+,limo02,1784196668403238067,1784196796008353814,0,0,127605115747,3,-92.70,-4.40,0xda02956cbfe4873ce47d33bd775aecfd7faca876b2be7747c355473b960ceff21e160135a323cc9cbbf1a02914a54e9a00b27d2f,52,868,7,125,4/5,0
HWS-005-BACS+,2,70,BACS+,limo01,1784196670966791483,1784196890640651534,0,0,219673860051,5,-85.99,0.03,0xa1861a649a2cb0296eeba30ea202c3eee015d27eb3796345f9319c84be8ad10eb5e2c18e371ccce396dc03937903fff00d502600,52,868,7,125,4/5,0
HWS-005-BACS+,2,71,BACS+,limo02,1784196673785784796,1784196871549166969,0,0,197763382173,6,-100.36,8.86,0x11df924e5ec47eb0fd564595eab384d9418fb61b7dd693e848283401492e2031e3fa7e426d1dae2515002f491d500d3a1f2bb89b,52,868,7,125,4/5,0
HWS-005-BACS+,2,72,BACS+,limo02,1784196676623692443,1784196841630964137,0,0,165007271694,6,-86.16,6.64,0x4ce0319b9b16514636afcfbeb09908092eee71db67208b981079d20dc67da4a62f95d9dd6b7f6424ef97ef0afa74be9683cd18ba,52,868,7,125,4/5,0
HWS-005-BACS+,2,73,BACS+,limo02,1784196681757408511,1784196882561365442,0,0,200803956931,10,-89.72,0.72,0x98aacc9c8a2b1ec56fb1546bad605b0a947d822214a1f147abaa08402481397c39800dfd4205e274cd010b6e416c18c39f7bf9c6,52,868,7,125,4/5,0
HWS-005-BACS+,2,74,BACS+,limo02,1784196683682351161,1784196997917715210,0,0,314235364049,10,-92.94,-1.46,0x8b7497667b60b02cdc31c8255fba39632f782c33ed7cc4fb85af29a52f17392514bbd6e6fa928e70f8b7353abd789332605346f8,52,868,7,125,4/5,0
HWS-005-BACS+,2,75,BACS+,limo02,1784196689523223409,1784196848717406951,0,0,159194183542,5,-88.74,-1.64,0x97264350c06ac96137ca16b5580f9b8836caead82812907e06f7f167d7622e3ee2238f23e20b429e9b92dd4bf8ecf6706c07e057,52,868,7,125,4/5,0
HWS-005-BACS+,2,76,BACS+,limo01,1784196691252778978,1784196774114265307,0,0,82861486329,1,-80.38,-1.15,0x2137f85ae43d8a58f833857d9cc91f1d3bf82317993155e3ab11fbfceff4b63d3f2a594706d915a521f286ff2d29815beccab7b1,52,868,7,125,4/5,0
HWS-005-BACS+,2,77,BACS+,limo01,1784196693041576551,1784196895932879353,0,0,202891302802,4,-87.66,-4.63,0x4780d6ad6706c661cc4b65a9804667d981f446f8770b28fa2c21fe109f6954706d8fd44c97ef41b8e1669fb6104810fcd1ffb86e,52,868,7,125,4/5,0
HWS-005-BACS+,2,78,BACS+,limo01,1784196698151221876,1784196971765835361,0,0,273614613485,10,-92.91,-3.62,0x60ddd9360690cd88c6b39f1380651bea5b84bc31d935984eb8ac637ca935e9b5f53958359f1d60e8e2b1f16f6f042f0dd8e32152,52,868,7,125,4/5,0
HWS-005-BACS+,2,79,BACS+,limo01,1784196701403776385,1784196895884257124,0,0,194480480739,10,-107.86,6.15,0x62ea7449d2c1971cbc82706bf7b5fcb0917adc43e1780d04b48be291cf935cd2eda4df98a45912fc2cc9f62fa69a52381e768d1d,52,868,7,125,4/5,0
HWS-005-BACS+,2,80,BACS+,limo02,1784196706717668016,1784197016592674202,0,0,309875006186,1,-96.78,0.67,0x5c8c97ec32ca92e2a4907940a88ac94cd47949c2b37ae2c3ad9b813b2a7cee5d2213729076e14073c75e788f8bdb00a140802fae,52,868,7,125,4/5,0
HWS-005-BACS+,2,81,BACS+,limo02,1784196708197233258,1784197049894969484,0,0,341697736226,1,-90.97,-2.50,0x70241578f3a80bc5499aa66c988176eb94530514057c238306cd159946b93a141302c28308ef39c714073d5386705c261faf319b,52,868,7,125,4/5,0
HWS-005-BACS+,2,82,BACS+,limo01,1784196712668600757,1784196928889546474,0,0,216220945717,4,-95.71,2.36,0x5930cebf87ee0b908eabd17a2140a84ef56144b5f92aa880a2eef76c9fd17b0367c5d74061b349ad2cd86a47278eac911ea8e111,52,868,7,125,4/5,0
HWS-005-BACS+,2,83,BACS+,limo01,1784196715100876806,1784196925203952287,0,0,210103075481,7,-97.37,-0.00,0x0e27bb014cff409be6d52fad9a93bf82ebb8305c28babe2b17a221377a7aea872eb2bd60d7e6de971b0ee5755154e6cbb0a3b8c2,52,868,7,125,4/5,0
HWS-005-BACS+,2,84,BACS+,limo01,1784196719199320881,1784197009081517775,0,0,289882196894,0,-104.61,6.82,0xad49300bdfb7f85c92d877e391f55d303d754e01897e39807e3a6602bfb212e679177c5eabced446e6f3acd8251dd74de881b3a3,52,868,7,125,4/5,0
HWS-005-BACS+,2,85,BACS+,limo02,1784196721086703258,1784196879960973493,0,0,158874270235,5,-90.85,1.52,0xd250d1937235465441426b1db894733459463568885f72bce18521343d982fc25f247e4c98979f52a7343c9dd827621ae16798e0,52,868,7,125,4/5,0
HWS-005-BACS+,2,86,BACS+,limo01,1784196725669926321,1784196844581369178,0,0,118911442857,1,-93.24,4.98,0x70260ccb9d44f0120f1b643e2b48e070cb7f8aab4da8a8ebe38549f63fdcd22ce6d2c17c5dc20deb2fa3e1ff000986e7240ddc80,52,868,7,125,4/5,0
HWS-005-BACS+,2,87,BACS+,limo01,1784196730786457351,1784196874423037470,0,0,143636580119,2,-95.13,-0.03,0x0a6e849d07786531b27ef0ac1a442f0bfe16c058f567a8f467ae41f54cd93734b2b79caaacd108df17ece87eb6806a0350a59092,52,868,7,125,4/5,0
HWS-005-BACS+,2,88,BACS+,limo02,1784196731534805442,1784196889216070531,0,0,157681265089,4,-93.88,12.62,0x81c3bc806961b121731ac37a4f51b184dbac3fc029fb292d93d4f7550fb9c83cef02a51b2db1a8199f91b142decec6319bb1b8d2,52,868,7,125,4/5,0
HWS-005-BACS+,2,89,BACS+,limo02,1784196735224871552,1784196826839414707,0,0,91614543155,9,-106.78,12.71,0x0c4b6368a238c16695dffbffb58d14ebeee757d31db590838da1721126d8943717164cc82c01652f318a0bb2b582e681e5e1f262,52,868,7,125,4/5,0
HWS-005-BACS+,2,90,BACS+,limo02,1784196739165708914,1784197121294465112,1784197121294468618,1784197121467856420,382128756198,10,-104.90,-2.57,0x26290c44909c879925f1ef5e6b0efd2d37e4b6a956941633e2e2346e1bfce151c331e84f8f6bf45258a5846a9412f72156be9864,52,868,7,125,4/5,1
HWS-005-BACS+,2,91,BACS+,limo02,1784196743099277275,1784196913253520664,0,0,170154243389,9,-80.95,13.60,0xd217eea172ea44ae4de0b7d2d0d986827c6a02ee51836590b2b28a7f7a487ca56d29ea4bea2d609b58d3192418068b974b4c71a7,52,868,7,125,4/5,0
HWS-005-BACS+,2,92,BACS+,limo01,1784196746534860826,1784196891884103626,0,0,145349242800,4,-97.94,13.50,0xdec44d878beb795b0359d46cad7dce0e0e753101e1d3f1f7148ecdcd257be664c2e06632462c940941ad48833d476c17b617b1b1,52,868,7,125,4/5,0
HWS-005-BACS+,2,93,BACS+,limo02,1784196750930692728,1784196872425209848,0,0,121494517120,1,-88.05,-4.80,0xacc805d8f65223a08f725b12a61f4934bebc5200996610a7b122ca28e39cabca219d052fa6778f80a4f5da76fad6a7548482f878,52,868,7,125,4/5,0
HWS-005-BACS+,2,94,BACS+,limo01,1784196752374691776,1784196983006326478,0,0,230631634702,4,-94.66,-2.59,0xa5eec3aa9aad2278972a7a632274fb26f0d896cd714ce49ad632a11c19885f27178f56fb230768b78b1aaaf5dd6728b2760b793f,52,868,7,125,4/5,0
HWS-005-BACS+,2,95,BACS+,limo01,1784196758833388877,1784196971158763388,0,0,212325374511,2,-103.74,-3.28,0xfbc17a04ab38be40d6562f4be0c13e305c7452b53c679fa00227724948d361c2f35df46c1b13109fbf793249facc5aa148b5e0d4,52,868,7,125,4/5,0
HWS-005-BACS+,2,96,BACS+,limo02,1784196760164297528,1784197210046419742,0,0,449882122214,6,-99.47,-2.01,0xff119a745e6c4001c114e230c6508cde5219189ca201f06dcbc8652a81e56fe20fc5736c26285790e7c14ad4ec240682c3aac8e9,52,868,7,125,4/5,0
HWS-005-BACS+,2,97,BACS+,limo02,1784196764817122838,1784196950865821060,0,0,186048698222,1,-109.42,3.93,0x8f6cea1cf3983b4a8f3a346c54a40db94727dd3ee4182d57da3d7db18ebf8484a824e6d820e6a9e18d8e42191671d1c9069640dd,52,868,7,125,4/5,0
HWS-005-BACS+,2,98,BACS+,limo02,1784196768080221649,1784196952364791077,0,0,184284569428,1,-97.24,-0.72,0x2b556ffe27b81728524124c81203cb1253617af8065503a33d45aed9ce6f3b6b02add162bbcdebf51eb2f3b2c542eed251fef2ca,52,868,7,125,4/5,0
HWS-005-BACS+,2,99,BACS+,limo01,1784196772632695701,1784197097182212569,0,0,324549516868,1,-85.18,9.60,0x3109f329012fb6df92e1e7823fe269d680c9d70b21d95469360d57655d6f225332565072e464af8260a28c5b3c24c199dedd41c3,52,868,7,125,4/5,0
HWS-005-BACS+,2,100,BACS+,limo02,1784196774679548020,1784196840544446380,0,0,65864898360,7,-104.59,8.40,0xb80e6896432bf9b37e06a708564cdb01c7842ae16af17e164a97e590250f73c25c0c476aede2bdddeacd4551d94ada85326faa22,52,868,7,125,4/5,0
HWS-005-BACS+,2,101,BACS+,limo02,1784196777439050267,1784196968409844784,0,0,190970794517,10,-105.05,12.49,0xb6b056aaf57aac1ceb8e1cc9ea3e9f1f20c610b56ef5b21b96f8b1ac17c4fe2573f7c7cdf68d7afe2dd57380297ce9afffb30a99,52,868,7,125,4/5,0
HWS-005-BACS+,2,102,BACS+,limo01,1784196782691600913,1784197382691600913,0,0,600000000000,3,-82.16,5.95,0x3d3ecb81cc650f1cf76cb2ae457d5677a4b9e61606ad20ff8b76b46d92461dd5e7d683fe7506bc4ec6e976dbaefd0da4f9928daf,52,868,7,125,4/5,0
HWS-005-BACS+,2,103,BACS+,limo02,1784196782859167691,1784196902858369389,0,0,119999201698,0,-91.69,8.38,0x3c38cd00a1ddbd277b695b3b1e3e5b4947977319534aaea55faeebeb4c20b22f6d20afb9e799551716038ceef8b50f3b6a0d9851,52,868,7,125,4/5,0
HWS-005-BACS+,2,104,BACS+,limo01,1784196788756617663,1784197067824958724,0,0,279068341061,7,-107.11,13.24,0x3e97b27b4ad6dfb321e9a221f791a85b49c24493f9e29083fe6ab5ba2c8c23b9a4e7e91e3a508210b9cbe1eeb49aa544d1556ebf,52,868,7,125,4/5,0
HWS-005-BACS+,2,105,BACS+,limo02,1784196792891154392,1784196938996850791,0,0,146105696399,10,-94.64,11.16,0x43c2121bb58efd7366f3622d3ffd7589d1b443cd86f3004417816d97de860bad15868660e06fcfa3a3818d614c7c104060d0a0cf,52,868,7,125,4/5,0
HWS-005-BACS+,2,106,BACS+,limo01,1784196793534557389,1784196880672550470,0,0,87137993081,7,-82.24,10.83,0xcb07975af2b6fa98cf15ec52a2d53227a3d4904e885de1b7fb78857f4c19908dba68d879b48c181f95b28fa9b6ad367cc30bb222,52,868,7,125,4/5,0
HWS-005-BACS+,2,107,BACS+,limo01,1784196799152406081,1784197087150489807,0,0,287998083726,4,-85.08,-3.28,0xca6d64a1707d7fb474f95f30f6b68741707d77e726643e673bbe2232dc62deb8153b7b290525b3e4c2c98039402fd741a9c8f2a5,52,868,7,125,4/5,0
HWS-005-BACS+,2,108,BACS+,limo01,1784196801381942286,1784197073998984543,0,0,272617042257,8,-101.60,11.00,0xe72d85909d28c23f0af2a075bc7a0cea6cd849492c2d05f08ab8437c49d679d99c56c3692f18dd962277fa0d89c14561a92204cc,52,868,7,125,4/5,0
HWS-005-BACS+,2,109,BACS+,limo02,1784196806638096390,1784196867688663560,0,0,61050567170,0,-99.86,-1.02,0x19b8ecd9832ac6e7b25f3112d44db4804199f3eccd6bf01206165e7ff15e87696be35d1a8bffe63801785beef5cdd80f6ddd7df8,52,868,7,125,4/5,0
HWS-005-BACS+,2,110,BACS+,limo01,1784196809707195961,1784197018016928960,0,0,208309732999,8,-87.12,-0.76,0x0449afe3e9f1ae08cd6c4769d8febafd1a06288824b2a20a5037c3a262cf511ff4bf72b492d653d7c312bf8bafdfede6a6b804ce,52,868,7,125,4/5,0
HWS-005-BACS+,2,111,BACS+,limo02,1784196813481726295,1784196952424496792,0,0,138942770497,1,-90.62,1.70,0xb522d2de6f36b85028398989204245a7da2003ac511de48fddc1c69f7d8c01f617c6855dbb69ede6e89ce27e825a3c2e7dbc482c,52,868,7,125,4/5,0
HWS-005-BACS+,2,112,BACS+,limo02,1784196814642624624,1784196877383651121,0,0,62741026497,8,-90.21,4.43,0x3bc3d1a4b9bd1dead22e17e570376a337cc94f4748f9bbfff5101d38a7e42d7a1041145990d684472a54cc6ff79e475faf4f82f6,52,868,7,125,4/5,0
HWS-005-BACS+,2,113,BACS+,limo01,1784196818307978391,1784197010614926055,0,0,192306947664,4,-86.40,5.47,0xb56d693a5d121a794f9a22121eb8606a1ad16f37723ce024041ecd0bfe2a867aa7f4d90b6f119a6b63eb4439e0eb5453a278d7cb,52,868,7,125,4/5,0
HWS-005-BACS+,2,114,BACS+,limo01,1784196824156412340,1784196980287684439,0,0,156131272099,0,-85.60,11.20,0x58a718f035f8b10b378bab4b6fddaac7706f252bbda282376079af2dffa776a9df9a19c41a385fe5f323f50ff830b7c3fab27445,52,868,7,125,4/5,0
HWS-005-BACS+,2,115,BACS+,limo02,1784196827985395276,1784197004929207626,0,0,176943812350,9,-104.81,2.26,0x118128d1a29e979844029aefeacf46e5fa6aa8626807e2253dd98ca39c4b746d992cf305517a0c07a8c9f4f40f44023d161775ab,52,868,7,125,4/5,0
HWS-005-BACS+,2,116,BACS+,limo01,1784196830306442561,1784196930789858894,0,0,100483416333,4,-95.42,11.78,0x3defb2aa2f37df08039e7d0c5e724c14f8e26fc9cad2a48098a161c682a6113221751b43ecc71909dcabd7410e65c532b3979b76,52,868,7,125,4/5,0
HWS-005-BACS+,2,117,BACS+,limo01,1784196831808422662,1784197047804612888,0,0,215996190226,5,-80.36,1.11,0x88d0a027fff8cebc2d085b2896070527c9c52d6ed5b34a783df66b8c910119cf27b5ca20ae2bcdc7ba9e7b43be9103a45acc0dcc,52,868,7,125,4/5,0
HWS-005-BACS+,2,118,BACS+,limo02,1784196835317576734,1784196971632379421,0,0,136314802687,6,-87.80,-4.07,0xdea7cfe0d6b20b0d836fedf6ce0bb98ec4ec2237647850ec95f274be81849d7752396caa30a1d00aa305020dd51648705702354a,52,868,7,125,4/5,0
HWS-005-BACS+,2,119,BACS+,limo02,1784196838074005874,1784197356726459184,0,0,518652453310,2,-88.83,8.57,0x0c375b29d46e1b488575385285d6ab759df821b066f21f9b9829511ddf7c873882f7715818e6592a8ca6909143be39c30d2f0cdb,52,868,7,125,4/5,0
HWS-005-BACS+,2,120,BACS+,limo02,1784196844890762349,1784196983037996686,0,0,138147234337,0,-89.55,10.07,0xde13a4bd4670d807ef770c62e3f9e656092b1dc98983349cd004b94421b66a6c82186800718cf04e7f1ef06db20c7fa2562429c1,52,868,7,125,4/5,0
HWS-005-BACS+,2,121,BACS+,limo02,1784196846798986042,1784197188357917221,0,0,341558931179,8,-98.82,-2.58,0xd7d4e301134264a93151ebdf357d2b34c1dcde4024dcbd6843e4009cb6532db00c033c2da5d8a155443691f24ee1f7aa88f4a406,52,868,7,125,4/5,0
HWS-005-BACS+,2,122,BACS+,limo01,1784196848395148073,1784197025454660979,0,0,177059512906,0,-106.64,13.93,0xcae8cedee38fba599afaa14703368d8b353caa89b08b0cb8113ba28314b5bf1ea202c6a469266194dece898cd55c455b90f99cf5,52,868,7,125,4/5,0
HWS-005-BACS+,2,123,BACS+,limo01,1784196853495574471,1784197031799956657,0,0,178304382186,2,-88.64,-0.99,0xd89a8fc97558767491b423041c214fd8f550f1b671ad88819c50e2a760ca4993fa0cd459b450c7f8f60e39c54959f4ef2ed50d0e,52,868,7,125,4/5,0
HWS-005-BACS+,2,124,BACS+,limo02,1784196856507783340,1784197025159307356,0,0,168651524016,6,-100.80,-0.05,0x4662b94ff75dbc29b08600ba3b465171b37825aa0b12c2ea89ef52f4d0160d2cea4e17d8eac0d0d69570272e57479779f7dc8faf,52,868,7,125,4/5,0
HWS-005-BACS+,2,125,BACS+,limo01,1784196860160914080,1784196968618246207,0,0,108457332127,2,-86.27,0.78,0x4560195ebd2d699a9b9ec4e9de480f92692fc9e0b488e5093320f36ba0911431337790c23caf8a9524d26aec51146949ee54b3d1,52,868,7,125,4/5,0
HWS-005-BACS+,2,126,BACS+,limo01,1784196862568715997,1784196990594997489,0,0,128026281492,1,-89.54,0.29,0x25ca31f9989fa7208a5cb6ba4d2874cbfd95ef1938919fb8a66c9b2421f1d29eb087643d76e87a815fc3ed86207b99821228ff9a,52,868,7,125,4/5,0
HWS-005-BACS+,2,127,BACS+,limo01,1784196868455293712,1784196962996162473,0,0,94540868761,8,-80.54,-0.29,0xf3e910994b96300d73f24bf1f0dd359c65f08ca1cea736ac026c85b31a3a258d140e74006859f11ce89ea9e0099a9fa58d000086,52,868,7,125,4/5,0
HWS-005-BACS+,2,128,BACS+,limo02,1784196872767471667,1784197046815958658,0,0,174048486991,7,-104.20,9.63,0xd008310fd1cdee202a9a0572029f0b74751d6230ba6cc207ee32c7d7b6eb64d7952a72b91bfaf571081ca9f1f5ee0fb70928dc9f,52,868,7,125,4/5,0
HWS-005-BACS+,2,129,BACS+,limo02,1784196874948493077,1784197060202200676,0,0,185253707599,7,-108.38,6.84,0xcbacc215f21e267a1d2a865f25ed22943ceaf4fdd1ef1b85aeab45e5fcf9b47c8e72c755a2e8508b854ce2680fbf810722af4303,52,868,7,125,4/5,0
HWS-005-BACS+,2,130,BACS+,limo02,1784196879878433861,1784197255855358713,1784197255855360358,1784197256021317883,375976924852,0,-92.71,-4.16,0x78b5db45e29993d870376252fe9a450736ca3508afbbeaf5d9378795832195b2a0bcd1609d2ba7ba1020a20434f875dba6312254,52,868,7,125,4/5,1
HWS-005-BACS+,2,131,BACS+,limo01,1784196879890402774,1784197021936736166,0,0,142046333392,3,-83.46,6.11,0xebe67e0074783e6307ac260b85d89726bb2404c627c2bcbf2e2300e78018d91794937b9484064bd43ac8b1b91f78c409a0e0dbf1,52,868,7,125,4/5,0
HWS-005-BACS+,2,132,BACS+,limo01,1784196885467757157,1784196923128597164,0,0,37660840007,10,-93.16,12.05,0xe8da04a4aea9aa6bba149294d0cad91cd25b8afa47a2a627b34a3dc09ca9ccab53a5a4d2486b2c700911fab0e2ae9142d6845808,52,868,7,125,4/5,0
HWS-005-BACS+,2,133,BACS+,limo01,1784196888335342967,1784196949818681622,0,0,61483338655,4,-108.81,10.73,0xf52e4307450331187795ad9f5c4c18dd4fd38c431ac9edb2019620cf9cb293267150b5f33dabbfd8c8145d37dd5947adee9c3129,52,868,7,125,4/5,0
HWS-005-BACS+,2,134,BACS+,limo01,1784196893047134026,1784197041386086520,0,0,148338952494,4,-107.09,8.20,0x48f71b3e8cb561e87564678486afd2c244195b758e8a419c70def8de084bd87f06fba4a8cd9ee553493713555ddb6f2dc574dd40,52,868,7,125,4/5,0
HWS-005-BACS+,2,135,BACS+,limo02,1784196896359110785,1784197003318817914,0,0,106959707129,3,-103.48,11.41,0xc2f3eac4234d24119a4a2391229fc3d4ee542eab78cd3f3bab1dd99c6d696ec88c2795c00aee0dbf1cbb854224ebad0e8584d642,52,868,7,125,4/5,0
HWS-005-BACS+,2,136,BACS+,limo02,1784196897956146650,1784197218592572406,0,0,320636425756,6,-108.11,3.03,0x99c70d4e26489c0de33237fbc4dda1403003b300e72350b3f8bd0fa22d5594950aa1fdda3e3ad91aed15c4f23a20ba37dfdefda9,52,868,7,125,4/5,0
HWS-005-BACS+,2,137,BACS+,limo02,1784196901300386131,1784197021270623243,0,0,119970237112,2,-99.61,11.90,0x2c620cd847909957f28873e66acd6c298bc8e74f2dc8a058dbdd9a75242e3091cddd171a827fb2999a66c9413c7be09cf647d313,52,868,7,125,4/5,0
HWS-005-BACS+,2,138,BACS+,limo01,1784196905179416881,1784197133393026578,0,0,228213609697,2,-108.60,8.61,0x4af552de2027e7eef27789bd779ecca89b691ffa73428d36f643e3c0c454365496f4193c349d92f963aa73303fdee32559eac235,52,868,7,125,4/5,0
HWS-005-BACS+,2,139,BACS+,limo02,1784196908889333209,1784197135546246098,0,0,226656912889,1,-97.20,7.56,0x1521028a2a15cdd6dc37458399b6323d458b4acd72c78bd7266947973e3ffc44b581caa12c82082399ff0bc0e147e6e1cdfa7d52,52,868,7,125,4/5,0
HWS-005-BACS+,2,140,BACS+,limo02,1784196913842244387,1784197019908267890,0,0,106066023503,7,-80.49,4.26,0xc1b064b917474561cfb612683c7933b576a03b4afbd88cd94f218bcea575392015743eb7045273d3151e49bd7dd52a3caabe16ea,52,868,7,125,4/5,0
HWS-005-BACS+,2,141,BACS+,limo02,1784196916418145871,1784197099066168438,0,0,182648022567,9,-103.81,-4.67,0x4aba4a3c39f9f6f9247e412ff0a76626763b2d48e8e1c099b6f1881e61f60cb86ccd3f464629c98cd57649694bb5672e59967a3a,52,868,7,125,4/5,0
HWS-005-BACS+,2,142,BACS+,limo02,1784196921217735747,1784197115305797501,0,0,194088061754,4,-80.02,5.13,0x996db4323bb9a6261ed4d717e2bd205d5f108f2a8b2be1487f24290cf39fe8f5722c4b88b2766f03210a9f5c3696ca4ed777599a,52,868,7,125,4/5,0
HWS-005-BACS+,2,143,BACS+,limo02,1784196921841974454,1784196976920707977,0,0,55078733523,4,-90.66,-1.80,0x66b4ec1c85fe56156bedad8a67776957552a48c603d444711fb7be101edd944e8a4715f185a73196d0f77e952e7b24468ab0b278,52,868,7,125,4/5,0
HWS-005-BACS+,2,144,BACS+,limo02,1784196925351011388,1784197169813184397,0,0,244462173009,6,-98.78,-2.74,0xca20fdf590bbe98b13562231f7f0004e53900bacc048499f872764787c8d0dfa602ceda78449037e1888004eee1ffbd8779a828f,52,868,7,125,4/5,0
HWS-005-BACS+,2,145,BACS+,limo01,1784196929502759927,1784197090183461357,0,0,160680701430,7,-87.72,6.19,0x79b7040465ba47e59d89b2257ff5a0e002effa493786cf90a4f9c117245b12d12a5b34dc41a1df8d40f9a1897050d1c772d0966d,52,868,7,125,4/5,0
HWS-005-BACS+,2,146,BACS+,limo02,1784196932168996317,1784197017488935264,0,0,85319938947,9,-108.73,-1.15,0xb263079221f25ff013b19a343d5062c619df62fb12e918edf6be63616d197276a5a1f4f48e0bcf09b66037bbb726d9ca3705655c,52,868,7,125,4/5,0
HWS-005-BACS+,2,147,BACS+,limo01,1784196937080844572,1784197087011121536,0,0,149930276964,0,-87.49,4.91,0x0c3f54af1dbeed860d664c44ee5f657af04c066963710ad167165a1b24766d546e872549c904ad37730e2f52cad55dbf77870989,52,868,7,125,4/5,0
HWS-005-BACS+,2,148,BACS+,limo01,1784196940379440750,1784197055699266189,0,0,115319825439,1,-92.56,2.76,0x98d5ad83c2506e4cf10a20fcad6138fe83d4b509eb05f8a1836974b4461caf1a806e7263bd5118a3de0732d79a4dadc28be7bb2f,52,868,7,125,4/5,0
HWS-005-BACS+,2,149,BACS+,limo02,1784196944142232122,1784197144284916130,0,0,200142684008,3,-108.32,12.87,0x51237241b20e3104260e38d32521409be9785dbc11385ca28699719d11275697a0710a1eb82abed1b30210b813af3d5c3c4cfbaf,52,868,7,125,4/5,0
HWS-005-BACS+,2,150,BACS+,limo01,1784196947433485005,1784197011769525193,0,0,64336040188,8,-83.60,3.19,0xb52a05c8974c82f3e16e98e9254e7286ea3a017fe55b39fb19d54f284b55bd5e1c86bf0daa341125fc2413c4bf475d93f09f9f34,52,868,7,125,4/5,0
HWS-005-BACS+,2,151,BACS+,limo01,1784196951691079628,1784197136508439787,0,0,184817360159,10,-85.02,0.82,0x18bad7eb936318a1b65e3616da60e54c507ffc20bc2dd37f6203432c69bded9f0cd8aa7707f5f88ec92fbd38716d9a94a3f0f6d9,52,868,7,125,4/5,0
HWS-005-BACS+,2,152,BACS+,limo01,1784196953589684360,1784197051538821358,0,0,97949136998,8,-90.70,-1.48,0x61d8b8290ccf6ca43e4f53c565e9894b1c9e6ccff74578b14162b1254857d71c297793eeda5e5e688b3ac02c2fb2990308fb0e48,52,868,7,125,4/5,0
HWS-005-BACS+,2,153,BACS+,limo02,1784196959472072254,1784197073322764606,0,0,113850692352,4,-102.69,-3.77,0x1bf69b9b8ab0b752a8cd3590a997f3f341f965f822e6808ecb020a57336f094bdaa64ee2dd3181c44e0971e2e83dded6ad13945b,52,868,7,125,4/5,0
HWS-005-BACS+,2,154,BACS+,limo01,1784196959953757096,1784197228333672614,0,0,268379915518,2,-83.11,-4.85,0xb3cc13238ff28e4f5fe87dee208727b465004f041a34639426125c14f034f7e07ca49627e0588aca05d03b5f5785c1836fa8974f,52,868,7,125,4/5,0
HWS-005-BACS+,2,155,BACS+,limo02,1784196963273470450,1784197165256614862,0,0,201983144412,0,-98.14,4.72,0x3ab64f2510b9070926186a4549aebad3406693e2274fea791c49b0d28ec4cc8404bf7d0eec759eabae4a3f8a24780981aad3000b,52,868,7,125,4/5,0
HWS-005-BACS+,2,156,BACS+,limo02,1784196967050361787,1784197123812809478,0,0,156762447691,7,-92.80,3.01,0x28293d1cc227f78363d462c01658a399456e9a1aaa415d47bfb68385b794071f47ae3df34b0b2a5015a1a476a90a3c810d74f19c,52,868,7,125,4/5,0
HWS-005-BACS+,2,157,BACS+,limo02,1784196970639579795,1784197205197655226,0,0,234558075431,2,-90.53,-1.17,0x89321033bae477bf9670bad8068943c251aacb946831e97cf2f2142cf05533cd2b12c3f1875f96e8b6e8b0d74cf0e240a3b8a9a5,52,868,7,125,4/5,0
HWS-005-BACS+,2,158,BACS+,limo02,1784196976840283576,1784197142196068728,0,0,165355785152,10,-103.20,-1.38,0xafc99a0d980f394480bf9f2a0db9ecdd17fee6c51b0261bd2caae99c6a2dc94e6d0641526304a04ac97c2e4aa40ccc3136ae5b83,52,868,7,125,4/5,0
HWS-005-BACS+,2,159,BACS+,limo01,1784196976805731363,1784197108117512318,1784197108117513960,1784197108290763986,131311780955,10,-96.05,-3.65,0xa02bdc7f6b0a26db2928daeda51fd528cce0970b93e2166d06940156020cec0549fbe4b23f12cfc1218444897121fbcf7da50f16,52,868,7,125,4/5,1
HWS-005-BACS+,2,160,BACS+,limo01,1784196983694076590,1784197165953238212,0,0,182259161622,5,-90.63,-4.93,0x5a51e1c5997381f4896303d57baaa0328b08cdc9833f0923ad547edae04b241a8fc1beee577b3c4fa7bb3c35949c5ea273731e6c,52,868,7,125,4/5,0
HWS-005-BACS+,2,161,BACS+,limo01,1784196983672953774,1784197168609322636,0,0,184936368862,2,-96.06,-1.67,0xab5de8646bcebc08e100ead86c94bda47457061f9052ddbad10ce63b9895ab520ea3ecddf551c4fe8b88aa1b96bf7ae133aca690,52,868,7,125,4/5,0
HWS-005-BACS+,2,162,BACS+,limo02,1784196990384067064,1784197202370292969,0,0,211986225905,10,-95.00,2.37,0x82b37f2c67ea9e374ba32159eea7b456af8ee70b3f64163a2714d145512224fe716dd8e6ead84ec42961088efa5dadc3d2d3b30d,52,868,7,125,4/5,0
HWS-005-BACS+,2,163,BACS+,limo01,1784196992408959564,1784197343429717818,0,0,351020758254,6,-108.31,8.41,0xae87bad62ee8f088e0e764a7c7107a142f912807c5629baabd56cb6a8a976a921d3f201b5643d2fecd22e2b64695ee694bd8ced6,52,868,7,125,4/5,0
HWS-005-BACS+,2,164,BACS+,limo01,1784196996683953363,1784197305767812172,0,0,309083858809,0,-100.08,7.60,0xc18c75124b6fe5a442017797c26d8fe6163c766adb484139f8b62b70f01e60104da7d43897fb3310359e0654da2049cd429de8b3,52,868,7,125,4/5,0
HWS-005-BACS+,2,165,BACS+,limo01,1784196997164394433,1784197076382144131,0,0,79217749698,4,-98.47,9.97,0xa0a87644de171ea1bdaf06cf97fea166eb85a775aba034cf4463a8d28e5a5e2bb40062f0c9c7329050d9f9a71565e33ab6883047,52,868,7,125,4/5,0
HWS-005-BACS+,2,166,BACS+,limo01,1784197003024336865,1784197250081125346,0,0,247056788481,1,-82.73,2.94,0xa180b86c1abc45db44b71d5fc3a1dcc0e59350081f24cdc3df9204a6d2d46c16070531b123a2b3863ba0422880d692a8e75d350b,52,868,7,125,4/5,0
HWS-005-BACS+,2,167,BACS+,limo02,1784197006690273251,1784197129477335041,0,0,122787061790,10,-99.52,13.32,0xc08893d3b8d365cd3f96c5fe0203da512c622b8bd04cb60065e153304c093698f8cd1a97a3edb21e880f4da12bf82e2aaf2a94a5,52,868,7,125,4/5,0
HWS-005-BACS+,2,168,BACS+,limo02,1784197011463422967,1784197186491774758,0,0,175028351791,7,-87.40,3.92,0x950fa14dc5b8a186ca369e3cb437567f5285c3a44fee3c868251708747ba4690ece67d2439e2c72493ef538da270cace2678fd33,52,868,7,125,4/5,0
HWS-005-BACS+,2,169,BACS+,limo02,1784197014247147049,1784197149600441884,1784197149600446593,1784197149774852352,135353294835,5,-105.84,-2.38,0x52ed968aa78995b9fb20e5be15bfb65cc2c4387ad0d4bb60c0f0f21f66cfe5d9b0d4fcce2c07dc1cb6c5fac4dc7d572f4881044c,52,868,7,125,4/5,1
HWS-005-BACS+,2,170,BACS+,limo01,1784197017771174556,1784197271445833998,0,0,253674659442,0,-95.05,-1.84,0xefe2af802c660fae7b35c7f1d1cfc3595c95d33d127222722374064e85cc87dcdc69d10aee665a2d1058900450fe16007fb8da22,52,868,7,125,4/5,0
HWS-005-BACS+,2,171,BACS+,limo01,1784197018916643091,1784197247596856364,0,0,228680213273,4,-95.11,9.48,0xdf2cef5e30ef5383f7e9f4c0748e2e3244a9c1efd1e75a040893d6124048af8d70aaece60d07dc515e595e05fb408950abf0690f,52,868,7,125,4/5,0
HWS-005-BACS+,2,172,BACS+,limo01,1784197022912268276,1784197227171215805,0,0,204258947529,4,-103.71,0.29,0xd2133d286bffe74c64d581b42e2422a603abfeb518b282325e624ad4ccb6165d4d995f7845062683a438b00d8052df1fa2a91b0e,52,868,7,125,4/5,0
HWS-005-BACS+,2,173,BACS+,limo02,1784197026336458912,1784197220170649293,0,0,193834190381,8,-101.78,14.87,0x062f4037957097e2bb1c29bf696328b77eb23d579fa71103411e4f26aee4ea32ab366120130caf2df28fde4db8960c3c2dbd3a17,52,868,7,125,4/5,0
HWS-005-BACS+,2,174,BACS+,limo02,1784197031261028853,1784197339840532734,1784197339840534219,1784197340012734077,308579503881,2,-81.73,10.47,0x40596d9cb723fd9c26765aac9b8570dc81449596cc654233679d280438497817b668693cf33869aa9ccd83adc58cfaa528666da0,52,868,7,125,4/5,1
HWS-005-BACS+,2,175,BACS+,limo01,1784197033749434588,1784197101928822820,0,0,68179388232,5,-86.33,-0.71,0x106d9bd630437a56d0f4cbd391e064350cd4c5e551849dc8b88bc20023cae4a989418c06aecba6748444cb42d185c6aabc648ab0,52,868,7,125,4/5,0
HWS-005-BACS+,2,176,BACS+,limo01,1784197037808754598,1784197315371531345,0,0,277562776747,7,-86.37,12.23,0x782f4bc7f28d78f0a2985e287d6d9105eaee5875bcc40755214a4e84c976ec85609afc6f95f9c302dd86445fb54ab9cafabb1a3f,52,868,7,125,4/5,0
HWS-005-BACS+,2,177,BACS+,limo01,1784197039439025782,1784197240438257017,0,0,200999231235,4,-97.41,10.69,0xe8473366fd9596de02f93ae03fa8efe998a4d3ecf188f8c72575f3363bb6cfeaa027110850177bfaebfa9ea707b91b5dc2181393,52,868,7,125,4/5,0
HWS-005-BACS+,2,178,BACS+,limo02,1784197043614356166,1784197131096735463,0,0,87482379297,0,-84.44,-4.04,0x4fb2f25d5daa9ded676f9a190b4066ddd4c1456fe759c887187de8bb2c48ad217719854a455aca86531f0594ea14af4066986e72,52,868,7,125,4/5,0
HWS-005-BACS+,2,179,BACS+,limo02,1784197045915802427,1784197139096612020,0,0,93180809593,3,-89.73,3.73,0x3e95ffffde72778dfc8874f9c025f01dba2bc34954d6647da6323b2b9cae929057f01bf716a83d8ab6cffa6f84d9c4029d497e2a,52,868,7,125,4/5,0
HWS-005-BACS+,2,180,BACS+,limo01,1784197051285365316,1784197246358729438,1784197246358734100,1784197246533704371,195073364122,8,-109.50,-1.88,0x624c94eeaa81add9115a66099448df1f10ab0870e6ab9a17b88698ecf9a27b243e838d442db2a6d1097ba5f16f8d630621cd89f4,52,868,7,125,4/5,1
HWS-005-BACS+,2,181,BACS+,limo01,1784197054895081218,1784197146953505568,0,0,92058424350,9,-97.08,-3.28,0x7abc9d01cfbce0c3bda463118cfbc29755fdae8996c0b9ce61ab4cbb4414090228f30dd7330d311123326b2c33a390a3ffe6b7de,52,868,7,125,4/5,0
HWS-005-BACS+,2,182,BACS+,limo02,1784197057635288316,1784197289352694333,0,0,231717406017,10,-85.55,-1.41,0x98b9500c9188830b937e7da04245c23a46fc5a6de97acca73f6632a47df80613c030f56c0a84d37ddfb27a4a71f1890f2da2a5e2,52,868,7,125,4/5,0
HWS-005-BACS+,2,183,BACS+,limo01,1784197059745712286,1784197232771997089,0,0,173026284803,2,-99.10,0.14,0xda44490965a5a439daa2b6601fde956a3f89bd4d5a06001031cd7ebe1ebe4c0d0ddf92c4310f5031251b38a706652b40192381c9,52,868,7,125,4/5,0
HWS-005-BACS+,2,184,BACS+,limo02,1784197066553895211,1784197128723673798,0,0,62169778587,1,-101.85,2.00,0x82638fdded7f3a3a39ccfdbbc51d7e4f6cc76b58961205ecd8109a0f60b532d81b1af6b496171885b330e88572ab92eaaee54ad6,52,868,7,125,4/5,0
HWS-005-BACS+,2,185,BACS+,limo01,1784197068142118399,1784197257353535534,0,0,189211417135,6,-99.67,14.12,0x9d291c2eac2b47ed29cc1c46c6b95def51069f90113828406bb345f9167b4000874493670145c49f34918e6f0bcf709f553aaf3b,52,868,7,125,4/5,0
HWS-005-BACS+,2,186,BACS+,limo02,1784197072296105438,1784197147614796715,0,0,75318691277,1,-100.28,3.56,0x530752c9bf3f7ff171f79e20a1edc8f4c06d11acb54d6a1bdf493c90ada8916d434acab0d0efa05c257b9360cd69b3faf2b4994b,52,868,7,125,4/5,0
HWS-005-BACS+,2,187,BACS+,limo02,1784197074155519679,1784197163517727597,1784197163517731559,1784197163688502682,89362207918,0,-103.85,8.14,0xdefd48ce75fc1427db38e37153f89f4dec9b5787dc185b757bad4f00748f8a8d4700d79edde98a6c54b8349f78c7fa4a5dd9c654,52,868,7,125,4/5,1
HWS-005-BACS+,2,188,BACS+,limo02,1784197077626122665,1784197374452825041,0,0,296826702376,9,-106.63,1.56,0xcd9f2e998acd48120c3c5f9a3176d75eea2b36bd3dc2530faa801b43c13c35264108fd0409df8947a15247c92d31b5943ab9b4fb,52,868,7,125,4/5,0
HWS-005-BACS+,2,189,BACS+,limo01,1784197082751236983,1784197294278685515,1784197294278690049,1784197294450911133,211527448532,0,-86.26,3.85,0xa8e9e06e2fa5e440e2a970ff0c23581eb566cdcfbcc9cc403374801afad33871e277dcd851ee95709c99b8bc23e9f25bcb6f642d,52,868,7,125,4/5,1
HWS-005-BACS+,2,190,BACS+,limo02,1784197083782642376,1784197218442618788,0,0,134659976412,8,-80.07,13.47,0xd3a9d2c683cca15648585932d5ab6bdec87517fac1e490729c43e3a94a6d73d4c782987692c6dadb25484690fbdef7e9f021211b,52,868,7,125,4/5,0
HWS-005-BACS+,2,191,BACS+,limo02,1784197090188015485,1784197389004091240,0,0,298816075755,10,-105.93,14.72,0x341c82eebb41636f4c7ac9aa322418506329b137c9bc72df836eb6b9fa736b64faa922458499c48a4ee09a742a5ee3a9ac59789e,52,868,7,125,4/5,0
HWS-005-BACS+,2,192,BACS+,limo02,1784197091352110919,1784197304962145473,0,0,213610034554,9,-80.27,-1.11,0x2ef13854f43d12115f51d94b6a73746bcce521a13ea4b5cf99884b331e0d038da69a8ffa363aeb2cd084192c6a95c5957ab95480,52,868,7,125,4/5,0
HWS-005-BACS+,2,193,BACS+,limo02,1784197094267109995,1784197263101783773,1784197263101785110,1784197263274626929,168834673778,7,-90.10,5.06,0xc4c21be121089e75346da4780b7651809a98685155286855c4855c5fdc317562a9c7d3dcaf000aa92e4e7845b9c701b28d95c7fc,52,868,7,125,4/5,1
HWS-005-BACS+,2,194,BACS+,limo02,1784197098410531724,1784197229086938596,0,0,130676406872,5,-104.89,12.58,0x9ce5795e840d1dde49811c300b90df641b732e132746b569bc43aa27098971c7fbf58e8b9265e728b6850686083a1f2181586601,52,868,7,125,4/5,0
HWS-005-BACS+,2,195,BACS+,limo02,1784197101378154990,1784197226367695171,0,0,124989540181,6,-86.18,3.75,0xa84292d1a81d6dad9e40786b57fb59b000df088eb538f0ee571efe66f1b1844cb93a9ca564ae16668192aecc8602a6da08ab56fe,52,868,7,125,4/5,0
HWS-005-BACS+,2,196,BACS+,limo01,1784197105817794679,1784197208536472263,0,0,102718677584,9,-92.87,-2.00,0x371b8701f67066f0026dd7a01e463c5f10a5d32b2c7f8db28f8a86dc2fe28b396e83d2d1d120e1b65de37244cb7c4f08d256f9ee,52,868,7,125,4/5,0
HWS-005-BACS+,2,197,BACS+,limo01,1784197111899567912,1784197374612997194,0,0,262713429282,0,-104.40,12.86,0x744a8cdfa22f6ed6350fc6d5ab63c68a0a36211be919dee505445c67159a3981345b6f7cd04bee77579b8577358de7aaebf73abd,52,868,7,125,4/5,0
HWS-005-BACS+,2,198,BACS+,limo01,1784197111960272844,1784197182179754015,0,0,70219481171,6,-107.94,-1.17,0x08901874e5674e93511d6ae3a44c3f720268bbfcaa5d7258a23f27a1983656de05ef84693f86b4da1495f30d515e7334db5d2821,52,868,7,125,4/5,0
HWS-005-BACS+,2,199,BACS+,limo01,1784197115316098654,1784197219262415747,0,0,103946317093,1,-99.98,-1.74,0x102ede9498fdb8e85f71d0a713f03cd8983ba9820f2c2fff5e37ba80874779402472efd31482fc30d33b8a61d087027046e53999,52,868,7,125,4/5,0
HWS-005-BACS+,2,200,BACS+,limo01,1784197118699700417,1784197343846868336,0,0,225147167919,2,-83.69,4.97,0xa2d414a6b9a65ede8d76fde55a38763acaca81dd19993bd0a79aee6af02aeca57e6b423b4b3540d5d2e628de3720c0f9819072f1,52,868,7,125,4/5,0
HWS-005-BACS+,2,201,BACS+,limo02,1784197125611537949,1784197223758073015,0,0,98146535066,2,-88.27,-2.90,0x1fd294c6c8ecb9f8d12d2686b734b24f5f24fd06f68f89da6c0ba17b93a35c01d7fb690e816c3d5cb491b155f6e371e42672e192,52,868,7,125,4/5,0
HWS-005-BACS+,2,202,BACS+,limo02,1784197125381070108,1784197200661939494,0,0,75280869386,6,-84.60,7.80,0x297a9f11e0ce10989d33126116242044c4ccb1cc519446924e93f9923c6778b20afd823dff1585a7984b81de6bbc38db73e32f16,52,868,7,125,4/5,0
HWS-005-BACS+,2,203,BACS+,limo02,1784197129694745591,1784197188008724911,0,0,58313979320,1,-98.96,10.80,0x68bb2dbae99568293bc912b6e972511481434dfb30d2d7590140d84215ec36929a16c595f1bb43ba4b5578436a5e0a8da0fe4c0d,52,868,7,125,4/5,0
HWS-005-BACS+,2,204,BACS+,limo02,1784197133675148816,1784197221439274341,0,0,87764125525,8,-90.62,-4.57,0xcca6c35ae215ddbe34da530264ecf34490150ca6b6134c363896b28961746b2bf932163df3d0958b9812f9e931872d1bef25cd5b,52,868,7,125,4/5,0
HWS-005-BACS+,2,205,BACS+,limo01,1784197138550721655,1784197205132190997,0,0,66581469342,3,-101.22,12.95,0x87d6d12bdd7332cbd7ee1c81034f302702c5f91078b50717b2b91526c8c98ddc732f0ea781e7d86dd815b4efa85ade02934bdaae,52,868,7,125,4/5,0
HWS-005-BACS+,2,206,BACS+,limo01,1784197140954076636,1784197233245127715,0,0,92291051079,1,-103.05,2.16,0xbb94e90ee52adf241d284cb97a8ba0c0fad257f34e0c7591a5bf670db91ca97d48a4f01af5f932c67482af86602154b8cf2e3995,52,868,7,125,4/5,0
HWS-005-BACS+,2,207,BACS+,limo02,1784197145632727817,1784197255731915299,0,0,110099187482,6,-109.30,0.23,0x6f443f9f77d111925d8c427b28e83c0f421e931ef99f4f5e7633aa37600b7de3e8984f37ec399c6643be05295ff5380a9fda7a98,52,868,7,125,4/5,0
HWS-005-BACS+,3,0,BACS+,limo02,1784197149860128996,1784197415966773719,0,0,266106644723,5,-80.45,10.28,0xbff27aeaabe07193a191f799f13dabbdcb5355cd7cf0593c1dd37000e16c9f213a4f738f5aa5bb92962ad67eb49cc418afa61ecb,52,868,7,125,4/5,0
HWS-005-BACS+,3,1,BACS+,limo01,1784197152522552322,1784197449534359506,0,0,297011807184,6,-108.57,2.20,0x9bcf1b82a5fa892a29ee4013bf7a21734b0c5e2bb2034eb176c1e38376260d43051c26dfa40afbcd249caf41d9072c087d593caf,52,868,7,125,4/5,0
HWS-005-BACS+,3,2,BACS+,limo01,1784197155040293421,1784197379259797810,0,0,224219504389,3,-85.94,8.74,0xbca77b66a43e9e04f8f568c79b4b861bf985c07676297d17e29780b800aacdcec9a6f8bfb5417846a86e58173d59d1c4a72a4c86,52,868,7,125,4/5,0
HWS-005-BACS+,3,3,BACS+,limo02,1784197160369456126,1784197451054382662,0,0,290684926536,2,-99.54,4.85,0x366e261122894f28c609236a8c2267a16bc0be59759a12a9af46d0b7d3f153e745077eb770b0df67adbb97b333ad4509017c1eec,52,868,7,125,4/5,0
HWS-005-BACS+,3,4,BACS+,limo02,1784197162817922794,1784197257295802136,1784197257295804117,1784197257467812260,94477879342,7,-81.97,13.78,0x5f5ce20e666d1530dc89d4d45ffaea73f3d03d7b98ac6af9d537d7819bd1cbc703a4cbbb49b6ab40a4a12a0fd0921b315cb4dce7,52,868,7,125,4/5,1
HWS-005-BACS+,3,5,BACS+,limo02,1784197165856602225,1784197316418964333,0,0,150562362108,10,-102.55,12.46,0x5702e8aabc283eafb289a2dae9e026c598c774c378ef2756feb181a1723ffb5f4c8069c1cd490c3d0a380d47ff4a96f4da77926b,52,868,7,125,4/5,0
HWS-005-BACS+,3,6,BACS+,limo02,1784197167907509047,1784197353106290476,0,0,185198781429,0,-99.03,5.55,0xa460f1ea6a8a90f58ebd6269d0798bc2f201cc452a3d37243b141c37760f1a4a0bc8eb834f8bc02a204e7d648bcf5c06d394d306,52,868,7,125,4/5,0
HWS-005-BACS+,3,7,BACS+,limo01,1784197173778594328,1784197289973369077,0,0,116194774749,5,-91.44,-4.11,0x150189f01f1e9d68142711aaf97218b1b52d046728e52887396b5dcbe7a2addc9946bb9e13793d32983dce790de5711e1ec9cd3a,52,868,7,125,4/5,0
HWS-005-BACS+,3,8,BACS+,limo01,1784197175092360932,1784197271731615670,0,0,96639254738,5,-102.76,2.36,0xd096961d63599c65b13881fad1b88445297435b85e4461fb67c762d5b4ea5802f36257e6841e43ea4d2f02639414a8a0c36872e4,52,868,7,125,4/5,0
HWS-005-BACS+,3,9,BACS+,limo02,1784197182220822197,1784197380265176036,0,0,198044353839,8,-83.73,14.48,0xc0b392167e88b8928a41873112947781d07a477ebb2e66db8445d58e4847a858ecb016adb04bb4ce0a06976776f1c260ad9a9f42,52,868,7,125,4/5,0
HWS-005-BACS+,3,10,BACS+,limo01,1784197182008118799,1784197263994674166,0,0,81986555367,3,-109.06,3.18,0xaf04dc281a2b71f8ff41c8e2cd876a2e72f0b9a3db0b17958b7f4b31fc12ccd41eead7729621a19f9056c5d4eb29f09c8359f93d,52,868,7,125,4/5,0
HWS-005-BACS+,3,11,BACS+,limo02,1784197189073177419,1784197281049451111,0,0,91976273692,3,-108.80,10.07,0x045346b09ef3ec345164f36c748a7177879a0190c4b59cdec8c17cd987ad4a7a4e36ca6b6bc73144186e2b18725aa838bac2c8e6,52,868,7,125,4/5,0
HWS-005-BACS+,3,12,BACS+,limo02,1784197192637046201,1784197593487742105,0,0,400850695904,6,-84.76,14.35,0x971457caaa8b4800eb073116976c69a8eeb099f528395ff158a9167e2a02159c61141425bc7f950259b26be661c2e213334ad6b6,52,868,7,125,4/5,0
HWS-005-BACS+,3,13,BACS+,limo01,1784197196392681802,1784197396165409430,0,0,199772727628,1,-98.94,7.82,0x7779195e1cdfe9643694b0b6b57e90686061348ef0b4adaa7b134cc602bc1b634cdae577e4c6fb36fdd7b9be7e99e12332a08a77,52,868,7,125,4/5,0
HWS-005-BACS+,3,14,BACS+,limo01,1784197197164417867,1784197477443792815,0,0,280279374948,0,-91.41,9.24,0xeefcff57a436653b832b3e10e2984a2e4b908206a0de1482a6798983d6b9abaa3e516e6581758d21c31b6668f5d76a0d6723d1e7,52,868,7,125,4/5,0
HWS-005-BACS+,3,15,BACS+,limo02,1784197200509169736,1784197377292073269,1784197377292076337,1784197377463430290,176782903533,2,-106.40,9.81,0xadd01c59c6e8cf91cfbce51aebbca52e8cef71a34607c3f798a6cca00bbb1aa72992521f35a7d90cc76841ee8ce64675873a80cf,52,868,7,125,4/5,1
HWS-005-BACS+,3,16,BACS+,limo01,1784197204981254956,1784197397330452157,0,0,192349197201,1,-80.83,6.31,0xd76bf59c2dbb84c622e35e8675eed57535a4f3323e32398f073301fab7b941b758064d8e7ed3632c37f708786a9fc174e8860f67,52,868,7,125,4/5,0
HWS-005-BACS+,3,17,BACS+,limo01,1784197208667836211,1784197367173188993,0,0,158505352782,6,-94.13,13.36,0x483762dae3f119783a08edebc03897f9dc2a15b42ecc1b97102f38b07f3dfc9d15a2aa6cb73194cd5ca8fb9a20918a71f5c8b2ac,52,868,7,125,4/5,0
HWS-005-BACS+,3,18,BACS+,limo01,1784197211580309564,1784197342473581100,0,0,130893271536,8,-101.29,14.26,0x371a9b9d8af98d5444a8f39a1b14856969e573f3b29c7f1bbd7d6b705527cf85c42812f1f40b528ed04dc9188c9c3f3db7995e71,52,868,7,125,4/5,0
HWS-005-BACS+,3,19,BACS+,limo01,1784197215784525935,1784197596659958895,0,0,380875432960,5,-95.83,7.71,0x50558312cae6ef7b37117bded648e4ed21d8d7ef0e0bb9172fc23588dc7584ee7c38826c11e21e03ce8bc88350e86005c6d8b2fc,52,868,7,125,4/5,0
HWS-005-BACS+,3,20,BACS+,limo01,1784197221201415683,1784197347562408603,0,0,126360992920,3,-102.27,5.86,0x93149c131aa22b7d92160bc806a04e27f26a3ba12ddf46384435d44c41194f864deccb745d777b08e47e8ace42504bdd0e4b58f1,52,868,7,125,4/5,0
HWS-005-BACS+,3,21,BACS+,limo02,1784197221634073470,1784197299852976964,0,0,78218903494,5,-96.14,5.54,0x4e247a9e2689f9fd5ac247036c4485eb2b3e0e397e71656f103f373e614da7c81386a0f447073e029e6b55bdcf2d891de4317c3d,52,868,7,125,4/5,0
HWS-005-BACS+,3,22,BACS+,limo02,1784197228004758976,1784197399622063207,1784197399622064831,1784197399792651708,171617304231,2,-94.02,-2.61,0x6906cc4d354c5ac8de62a5a6e9a44989fe68dcac4dff0ccb262bd18b5c8a9e83b030a431723237fd1641ce9bdcdd943e1a507a02,52,868,7,125,4/5,1
HWS-005-BACS+,3,23,BACS+,limo02,1784197228683564110,1784197375137132963,1784197375137136158,1784197375312014357,146453568853,4,-82.34,2.83,0xcd9eee2e59d891b88acf8cb906580e436f4fa4eb7d8c58a2f14ada5fafd139cc3a5264c260184b260fb8ed546a059b93e13de78e,52,868,7,125,4/5,1
HWS-005-BACS+,3,24,BACS+,limo02,1784197234839386327,1784197398827969395,0,0,163988583068,4,-94.62,11.77,0x6ef26141e08f9d753fe6c54a95f324226a7ca51a874b55d24f473ccd22852994042c35109028e63cc0c7857322b31904a2f9f07a,52,868,7,125,4/5,0
HWS-005-BACS+,3,25,BACS+,limo02,1784197235985838944,1784197486352880542,0,0,250367041598,1,-106.40,9.28,0xd5330f729e9779603b13082c7e2ef972fc5ed2d3c29a30ea74d0643ea404ed87eaea4446c913609a4bc1c1ce98aa4205148c3000,52,868,7,125,4/5,0
HWS-005-BACS+,3,26,BACS+,limo02,1784197240680661216,1784197361956557803,0,0,121275896587,6,-87.67,7.54,0x02568305f48ae598f23686643120bf741d79d26bd8347a5f4c6cd4f14898a87927a3e1febd101c13ba4d58d470f6c4da6a5dd94e,52,868,7,125,4/5,0
HWS-005-BACS+,3,27,BACS+,limo01,1784197245817965990,1784197432641431149,0,0,186823465159,7,-82.19,-1.36,0xe0835bd507dcd6efe749fe00a2ce7914fd13c422f97c062b92eaa084391af5eb61fe79464d950207a6efaa8bcf541d5ea1a03729,52,868,7,125,4/5,0
HWS-005-BACS+,3,28,BACS+,limo01,1784197249404246234,1784197540636484022,0,0,291232237788,9,-98.47,14.76,0xff361ae61ef4546c6c1aff0f03a50927e288a607101ec4b8a087eb4431533076bb5d91bd058909119b2f33a1819534d84347e058,52,868,7,125,4/5,0
HWS-005-BACS+,3,29,BACS+,limo02,1784197252811216177,1784197375875587562,0,0,123064371385,7,-98.81,-0.80,0xf8ab68f835c97b2c12106fd2ecb2f6318dd6ad265e8d926abb7ce55d2ee4ad9f703a8be6648ccde4a59990c11d794f060610182a,52,868,7,125,4/5,0
HWS-005-BACS+,3,30,BACS+,limo02,1784197255012371698,1784197379823362978,0,0,124810991280,4,-93.49,13.72,0xf17d0c4d293da69585633de423b84e582bc6a53a7b357dfe51811313c52d094b19bbc8b247527127f07b2e5884b19d3016f3ab4e,52,868,7,125,4/5,0
HWS-005-BACS+,3,31,BACS+,limo02,1784197257768889213,1784197497215004930,0,0,239446115717,9,-85.71,12.25,0xd32d10d97707ddc3181478884a6b385eb6f665517c34edc58b9ec22947344d20a9ba2e61aaa3103da0342626f7d5bdcd3cdeb968,52,868,7,125,4/5,0
HWS-005-BACS+,3,32,BACS+,limo02,1784197262377064177,1784197545013491700,0,0,282636427523,1,-90.17,6.08,0xf94618c65d8a18a01bd17c758117ff174e02aef670a43afa0eaaf3da4548036ef2e34989b82eb4c579a0762166e62b002c21ce3c,52,868,7,125,4/5,0
HWS-005-BACS+,3,33,BACS+,limo01,1784197265877821309,1784197465567880740,0,0,199690059431,10,-107.96,-4.19,0x22e932992cf8206d1b4f69ec24410c0dc04ea4cf752c35dbc1b12af777cd25be544127c545b1c2f8a94b4a7d6d33e666c576da7e,52,868,7,125,4/5,0
HWS-005-BACS+,3,34,BACS+,limo02,1784197268172036696,1784197396394904363,0,0,128222867667,1,-87.82,5.46,0x653147fbf4efdff7d4d6a39c3b83742cf140e9e31337bac531003bacac69204ac27102a9b23678c2e059823fe85c1613b47d2d5b,52,868,7,125,4/5,0
HWS-005-BACS+,3,35,BACS+,limo02,1784197274351151880,1784197484700590848,0,0,210349438968,3,-86.07,2.41,0xac3a526e64c2ba2f589242243a80bcf4c6dcc04c32cf3658de26be84be9f9bd39811f374668dd20cd064c3df59af3dbc1ad89423,52,868,7,125,4/5,0
HWS-005-BACS+,3,36,BACS+,limo01,1784197276247207235,1784197361423659533,0,0,85176452298,10,-81.17,0.35,0x2bfca5b357cc3b79e79e993909e644efa4d29221b9e4823772085d71de51239078f8c88f2f20772e2c925254d8be23074b905200,52,868,7,125,4/5,0
HWS-005-BACS+,3,37,BACS+,limo02,1784197280080964163,1784197363139729991,0,0,83058765828,6,-105.89,6.24,0xc913fd70a6006e953ad8cd753b1ad3d3aecb449e88c2bbad0ff6679e853c9ff17b87db5cef045917869dbffafd2b1613d126b0ec,52,868,7,125,4/5,0
HWS-005-BACS+,3,38,BACS+,limo01,1784197283681646524,1784197476400316063,0,0,192718669539,4,-103.76,3.47,0x62f0a8b591de1e1e8fff0d44382e415e7f997b4db3bf6a7648db49d13aa0458b0ff34dc80409842112c5c69f68c693c7010e7fc3,52,868,7,125,4/5,0
HWS-005-BACS+,3,39,BACS+,limo02,1784197287833901436,1784197469436495679,0,0,181602594243,1,-100.78,-2.76,0xd5d2692643e20008b7c5f81289408d496c122a4f9bd0f1cd9b46e0c7e73c058aeab2a07c735124abd221b06bc51d3636e33a3fc2,52,868,7,125,4/5,0
HWS-005-BACS+,3,40,BACS+,limo02,1784197292868617291,1784197718050183991,0,0,425181566700,2,-108.59,-3.83,0x8198e1ab3fd61d2d93cee7ff1a84f04c108450a93d4a66243e6d2a67d329f2dc9a5f977af756aac1eca3985e0898691ae1a0f65c,52,868,7,125,4/5,0
HWS-005-BACS+,3,41,BACS+,limo01,1784197294230889966,1784197479108941970,0,0,184878052004,0,-80.67,5.93,0x6cbf4506513d0eb95ee27b5a90adc4e12d07f606c66e2a05953740d6be5f4af46ef0d594b07dbdbcecbcfd5c3b0b7b715109302d,52,868,7,125,4/5,0
HWS-005-BACS+,3,42,BACS+,limo02,1784197298194381415,1784197358687299870,0,0,60492918455,7,-90.71,-2.05,0x54f5963d37478c178629c990619a83a9100d4aad7207ea2904fa44db6eabf1b076970ad265788a00ee83df955dee4e60e596d908,52,868,7,125,4/5,0
HWS-005-BACS+,3,43,BACS+,limo01,1784197301836434368,1784197390779458663,1784197390779461305,1784197390946700493,88943024295,3,-91.40,1.91,0x931b78e7dda4f126635288677217194159b1a8233d327ff8d70c3a2c72170ea1c4bef3b7da59b24ce62b9762d7771b19d94223d1,52,868,7,125,4/5,1
HWS-005-BACS+,3,44,BACS+,limo01,1784197305835368876,1784197507494392820,0,0,201659023944,8,-87.08,2.27,0xf54413af8abdf7025d9ce094bc3db6da652958370b604b5b974b05143f7e2a7e338dbbf28b1f1013bc2d4cf445fb4503c2598fbb,52,868,7,125,4/5,0
HWS-005-BACS+,3,45,BACS+,limo02,1784197308602907818,1784197425550294865,0,0,116947387047,9,-84.28,10.72,0x049095279295938b5c5633d2426ac3853684fcf8649cb7b8935ed99f264f976b906c63692697d380f9d4a33ec90427bcefbf97cc,52,868,7,125,4/5,0
HWS-005-BACS+,3,46,BACS+,limo01,1784197312763849005,1784197439938801554,0,0,127174952549,4,-91.23,10.56,0x3890b84fa5270919a16683c6f2fc59ef2e0a1f209317d3e5307e150223ec5b0d7aaf49e14747efc639455e40cf1b72b2d5a011ba,52,868,7,125,4/5,0
HWS-005-BACS+,3,47,BACS+,limo01,1784197316755992387,1784197380861859834,0,0,64105867447,7,-82.20,14.04,0x289a6b9b8d9996a2a86a7a50150ef6c62df0fd6e2c106e126b80f35587e2e3796d031f0d3822d8dc2708fe72e170707bdb47b657,52,868,7,125,4/5,0
HWS-005-BACS+,3,48,BACS+,limo01,1784197320404504480,1784197582440460193,0,0,262035955713,7,-99.00,10.81,0x87d84b3587af6615e98bbe5b4e898dd8dd255fa27b43c38f97fc65a4a4584e90d9e7821683cf6c11d56a4f6f137a2c1f388d51f0,52,868,7,125,4/5,0
HWS-005-BACS+,3,49,BACS+,limo01,1784197322503819431,1784197655678208730,0,0,333174389299,9,-86.99,12.43,0xb3c5610dd3ca3a722373d21f7fb79c7560bc679debacf29b2b53310db22de32738b1df66d92f506f69d7213c928b11b7ff5015f9,52,868,7,125,4/5,0
HWS-005-BACS+,3,50,BACS+,limo01,1784197325977755284,1784197548274823673,0,0,222297068389,10,-86.31,7.36,0xeafd1a5f15ea152928452eeba3d4d75203091e3b029c44394d05ed1919f0660515db907742eaff9595e936c0ff480772c9e37e3b,52,868,7,125,4/5,0
HWS-005-BACS+,3,51,BACS+,limo01,1784197331407942869,1784197564182015014,0,0,232774072145,7,-98.55,2.67,0x6686bbb96af9b8e6392771110eb79ea82b7a38f99498663e37cd269c915a2eb29591d05d30557892da8e084f92d62f678d31467d,52,868,7,125,4/5,0
HWS-005-BACS+,3,52,BACS+,limo01,1784197332778779436,1784197554109521094,0,0,221330741658,2,-91.60,-0.18,0xba4b096c7a9f9385a5b71e7dc9c008e4f88cc011d4b0bdf703e81f9d1edba24343a7462a1bc7015bc6b3ad4f9cd32053018b7ba0,52,868,7,125,4/5,0
HWS-005-BACS+,3,53,BACS+,limo01,1784197336058665110,1784197524606857522,1784197524606861987,1784197524781390326,188548192412,5,-86.42,6.88,0x4a7cec37fe5aa37accf696c79f963e50c8c2576b2ae7f11fdc76c5611f693541065cdb2a3eee36ef312551d8f0a8b875a01f5941,52,868,7,125,4/5,1
HWS-005-BACS+,3,54,BACS+,limo02,1784197342872428464,1784197572051561438,0,0,229179132974,7,-108.61,2.57,0x79fa12a6537a7367b32fae274a2b417ef4b4c29900a45d929c313e7b7eabdba3d87c17d80f9efd12555f4bfd9126e15949581a48,52,868,7,125,4/5,0
HWS-005-BACS+,3,55,BACS+,limo02,1784197343203088543,1784197624552043588,0,0,281348955045,7,-90.25,4.22,0x00e650fd471a587ce2c4165a1f0874be19597ccd1cd496f379ba5b02fd8a4fee4eaf108b5fe5adb9393a7de79618168a47d67ba0,52,868,7,125,4/5,0
HWS-005-BACS+,3,56,BACS+,limo02,1784197349385785780,1784197608312691314,0,0,258926905534,2,-103.98,7.26,0x6c7db70871ca9c4cca5b642a0a671caf4b6afd767843a378bcee9b17440ec628ab3014bd38f5d2285d8a0e1de1a95ec6350d5320,52,868,7,125,4/5,0
HWS-005-BACS+,3,57,BACS+,limo01,1784197350518706501,1784197474759852566,0,0,124241146065,8,-99.62,12.37,0x44cfd9806779a12787adf9d68f03759ab70f743eb0f6d6d2f44a3d94372f5294b5b2bf37d759aa5c63ef9c0ee2a3033db538ddae,52,868,7,125,4/5,0
HWS-005-BACS+,3,58,BACS+,limo02,1784197357714621326,1784197631833081392,0,0,274118460066,0,-93.30,-3.12,0xc47561b4757930cbb99d7520e3e84fa761466a4607342380114e9df15e517a985c9bb217430e68bbeb1afdbaad31f400bd9e270e,52,868,7,125,4/5,0
HWS-005-BACS+,3,59,BACS+,limo01,1784197359017482126,1784197430430654766,0,0,71413172640,5,-100.31,13.29,0x8306b171547179367280558a08ff157c2fa9b606aab82a0b140c807ccbdf90f22a59ba05a901e4e51f7f6a97da5c166e869fa3a9,52,868,7,125,4/5,0
HWS-005-BACS+,3,60,BACS+,limo02,1784197362172119254,1784197573615475579,0,0,211443356325,8,-102.55,2.95,0x54bbf86f1dc8bca6732ad54308efa93559409eafc95d1d86fe007a6847359818105084e52a39a8b2b435d719aaf34d69d84a02b1,52,868,7,125,4/5,0
HWS-005-BACS+,3,61,BACS+,limo02,1784197367359418267,1784197629093436692,0,0,261734018425,2,-90.89,-1.88,0x893ff335a059570b6ec521bbb7e3fa3cf9e3bb2d0389de1983d660ed4f89e84b75c8a7816f6874dd7e21d2c33bcb16bdd5b55c8b,52,868,7,125,4/5,0
HWS-005-BACS+,3,62,BACS+,limo02,1784197371521398232,1784197531298933374,0,0,159777535142,0,-99.57,3.76,0xae40017da142d2d66f0b993adbdc6b69f95761133833ebdc4023d5dbcf94b4a58cae196775f2061d7ca4099c02a85f47a1cb9127,52,868,7,125,4/5,0
HWS-005-BACS+,3,63,BACS+,limo02,1784197375185179103,1784197534546925791,0,0,159361746688,10,-104.98,13.76,0x9ec2127f977f1a881e5bb4186ea9cfd358683f9171e3188a6e6e1e6311a63955491b3e2bf32646db7fa3f0bcd7eb6413d8f080a7,52,868,7,125,4/5,0
HWS-005-BACS+,3,64,BACS+,limo01,1784197377839366417,1784197549150968962,0,0,171311602545,5,-100.01,8.35,0x6f2ef5e8617a5de634b7a82a107b87b99bb54228736ce001c2601dccf28e7f9d1de3cd369bf55e03308663774ba4309631932c5e,52,868,7,125,4/5,0
HWS-005-BACS+,3,65,BACS+,limo02,1784197381754754484,1784197417249621486,0,0,35494867002,4,-108.18,7.07,0xa8ded0334760c48b2bb8dd5030d0c907455e7d618121e8f72356fcae538c04b20722bb37b7dd503c29e25a25be977be8c613e114,52,868,7,125,4/5,0
HWS-005-BACS+,3,66,BACS+,limo02,1784197384272394132,1784197625204685371,0,0,240932291239,0,-98.29,6.64,0x760241fd60caa4146a65fa82ae9ac2101f8a420d1d74e127a5f4fbe7cf68ca6360dd6d5d6c76386bcd2bd1f3a6aa4f9cb9ab479c,52,868,7,125,4/5,0
HWS-005-BACS+,3,67,BACS+,limo02,1784197386386413610,1784197461247535388,0,0,74861121778,3,-105.80,13.50,0x695277e25434f8b36199c8dd1fa044e3b1248a3a48cdc79fa494d2796d1f3f5aa67afdd9f4ee2aa0909f3f28d5b5374154118ca8,52,868,7,125,4/5,0
HWS-005-BACS+,3,68,BACS+,limo02,1784197390216563024,1784197448166788921,0,0,57950225897,10,-90.90,12.15,0xe48e865c11fca4416ea11d9a92fce22611a0d92cd123bf63f98a24ccc710efc249899ec19a05844cab8730f780cb767e7da0f8e6,52,868,7,125,4/5,0
HWS-005-BACS+,3,69,BACS+,limo02,1784197394898299348,1784197505999324227,0,0,111101024879,7,-83.49,3.40,0x3fe433b8c25662d80787280d4c6d1d28de8bb6069c787e1cd455df895e330e15f6684285c4bc4b42d5be97b975e0cab13d518966,52,868,7,125,4/5,0
HWS-005-BACS+,3,70,BACS+,limo01,1784197399564839984,1784197701804571232,1784197701804573889,1784197701978616093,302239731248,1,-82.48,0.13,0x3428605f5157e5183e90c8e18ae9d8ccd175f17b07c08aefeb12c29d58e12b8c3258bcd82c4bcd5fb407bfb1b84906ca5718e60a,52,868,7,125,4/5,1
HWS-005-BACS+,3,71,BACS+,limo02,1784197404149440695,1784197544925724268,0,0,140776283573,6,-103.47,3.70,0x0306cce5f79f56b0a10139a16cdd246745969841def4a2d8b7be02a352907a2468aa78f309bd91d878ce7615bf4c6ea2027612ae,52,868,7,125,4/5,0
HWS-005-BACS+,3,72,BACS+,limo02,1784197404032605490,1784197734253694007,0,0,330221088517,7,-80.38,10.97,0x737d6dc01a7f9bb91e38578aeb3c511758f6de42c960bab6cb0f70d25939098d60c9aaeb187fb12e16b4596ccc546d15b234f53e,52,868,7,125,4/5,0
HWS-005-BACS+,3,73,BACS+,limo02,1784197411058284611,1784197556741437964,0,0,145683153353,7,-101.66,7.04,0x2409acd5a128648e140efe1d185cc61582e814eab23055210a244b0eeaa47423877cfbd02ae29d613e64a04c95a61a53fa2b80b2,52,868,7,125,4/5,0
HWS-005-BACS+,3,74,BACS+,limo01,1784197411558932901,1784197568926368003,0,0,157367435102,1,-97.35,2.00,0xd001529427d0468f07a1a1e9567e66fdea11f8340762e47d42901933393bcf3b338bbdb7241fc29c05b8012a4de9b74a938f6247,52,868,7,125,4/5,0
HWS-005-BACS+,3,75,BACS+,limo01,1784197417985199038,1784197535269162872,0,0,117283963834,7,-90.44,-1.32,0x78eb92a6f1d2a3497ff0314afac6ff9d1d71c68a228be3a1c2fff6a9e5f079e911aa6408feb173e4594253087887af7aef628752,52,868,7,125,4/5,0
HWS-005-BACS+,3,76,BACS+,limo02,1784197419708363990,1784197645776057329,0,0,226067693339,1,-88.18,13.34,0x32b36f5bea16d3ccc356e19d1a6d4c44cf10ffd34350cad4efa810ef933d5a47abf346e66b4e84804ac66e46aae6535d616e574e,52,868,7,125,4/5,0
HWS-005-BACS+,3,77,BACS+,limo01,1784197422612681580,1784197548076526607,0,0,125463845027,1,-99.77,6.11,0xd8d1a78fc63c51deacf98f9203f1d1f41395164f77e01144803fd180cda8bc60e35bdb646976551be1c76394561a4fe695279246,52,868,7,125,4/5,0
HWS-005-BACS+,3,78,BACS+,limo02,1784197425711099635,1784197734201427429,0,0,308490327794,3,-82.62,11.95,0x2f068749911974b01aa9fb5dcc6b96e3d012eabf9565177d0ba8a045ccd95e8ef79ffed166de2855935f944069320e1ad246a59d,52,868,7,125,4/5,0
HWS-005-BACS+,3,79,BACS+,limo01,1784197430066411140,1784197545322181099,0,0,115255769959,4,-88.09,11.00,0x121037a3554c134d9398e45b7b40a8ea622786fc5af4cd781004f0891e84891f875d0053e2583d9338c9da749676719b00380501,52,868,7,125,4/5,0
HWS-005-BACS+,3,80,BACS+,limo02,1784197436081901486,1784197741350569079,0,0,305268667593,2,-88.94,-4.39,0xd37e7cb4603cb9bbbee31b9aef2ea8004dbff74b9dddf06de4f3507a6a44b87322594dc60b13a0901bd9cecb27f8ae8cdf285849,52,868,7,125,4/5,0
HWS-005-BACS+,3,81,BACS+,limo02,1784197438638056979,1784197794332923074,0,0,355694866095,10,-105.27,4.88,0x9b8670cb61f3e4e9c1cb83c229a92cd7dc3f0037156ac2456a35a0df8c2217bb723c601206d483aa27727f9e298dc36692dc708a,52,868,7,125,4/5,0
HWS-005-BACS+,3,82,BACS+,limo02,1784197443036963513,1784197545268411807,0,0,102231448294,5,-88.44,-1.11,0xbb7c6962573a5a7adb9a0e48db0f8bbd47ee9155bd1a2b5254fbef17761e17e570a9ac25ea1e6eb3b1977f26daa896de37408b38,52,868,7,125,4/5,0
HWS-005-BACS+,3,83,BACS+,limo02,1784197443549790191,1784197637112076369,0,0,193562286178,2,-90.28,2.71,0xb3eb550104e3b4dd004c9bfff3013566290158c2485ed3216f59a7a19955a699d19d40dd5589a673b40da5001ce809d7d3d4d314,52,868,7,125,4/5,0
HWS-005-BACS+,3,84,BACS+,limo01,1784197450513578531,1784197627610706484,0,0,177097127953,0,-89.42,-3.41,0x68848ce8e372136be8323a0c81c4b664c97f3a7a13d4c246e926677f0162d92d71de0607cc3e9a540055256e8bbd3ddf39a42ab5,52,868,7,125,4/5,0
HWS-005-BACS+,3,85,BACS+,limo01,1784197452761511569,1784197812999905475,0,0,360238393906,5,-94.52,7.99,0xcfdf1bb417f89690e9da522db4cf2abae5f02a41b2c6cb7c269211036b4512d5c8db02284250ffc8d6c1c6e5891c856b2b98cb19,52,868,7,125,4/5,0
HWS-005-BACS+,3,86,BACS+,limo01,1784197454592294299,1784197625562097348,0,0,170969803049,5,-96.88,2.34,0x1060a2faa5b31903992196e23f18a27b87b700186ed6cb8da2e0a6981c5ca7aea24b02bf9b8d38a12f1ce091d741b1ef2395eefc,52,868,7,125,4/5,0
HWS-005-BACS+,3,87,BACS+,limo02,1784197460717524405,1784197583676717211,0,0,122959192806,4,-109.92,3.26,0x132cab96662fe469755bc7460c1a497a76f48c5cac606b4139a0f970a523a60bc097ef53f4f3730b32e1c999c267e6af0288914b,52,868,7,125,4/5,0
HWS-005-BACS+,3,88,BACS+,limo02,1784197463936306333,1784197562824412548,0,0,98888106215,0,-91.51,4.28,0xe939cbf7cb489f567d23c9173216f6d11da5b9e11b740ca44a2245726432302380962abe114501a7d02b00a33df2d05a9e904c24,52,868,7,125,4/5,0
HWS-005-BACS+,3,89,BACS+,limo02,1784197465824352033,1784197535219281780,0,0,69394929747,4,-109.59,12.70,0x63d14251f3353d7dbc38c9096b293ba25a5ae48bc42fd01a38b4890c4890ce17aae06160bc9c85f44697f1079d274a396ce25784,52,868,7,125,4/5,0
HWS-005-BACS+,3,90,BACS+,limo02,1784197468914079073,1784197708568182745,0,0,239654103672,10,-109.88,-4.93,0x5c41dbc884a608db5232cab41d60e96210fbfce573bc31cba78ee1176cecadef33ad75374a2b7dcc2b361ab350b0ee414fc525aa,52,868,7,125,4/5,0
HWS-005-BACS+,3,91,BACS+,limo02,1784197475110886140,1784197618578163998,0,0,143467277858,5,-84.63,-1.29,0x364f2da5e4618c32e7edfc4b1b823e3237eeadf119b2db11c6e8110b4dcd6abff1b9a30ac7c1be274b8d4a34cde66dc4e40bd661,52,868,7,125,4/5,0
HWS-005-BACS+,3,92,BACS+,limo01,1784197478005255263,1784197578271488806,0,0,100266233543,8,-102.08,-0.05,0x2da6807aecfdb8d76744910e17207ce7c03eb527e1ea3c89aed7738c03ee87014496238f8ee0899544bd86d4d661ef96572ed57c,52,868,7,125,4/5,0
HWS-005-BACS+,3,93,BACS+,limo01,1784197481725606485,1784197640716975419,1784197640716977810,1784197640882509531,158991368934,8,-93.78,14.95,0x9f06b7be58295da272dda1edf9002f053d470ff2a3fd6db8d0671d2a834f16fc4ce48ff879e5802b73e2649581d2893f86d2768a,52,868,7,125,4/5,1
HWS-005-BACS+,3,94,BACS+,limo01,1784197485071006052,1784197541806844993,0,0,56735838941,5,-83.47,1.46,0x8727daf7b0ed05b85cffb4f5859df37d7fcb77a2dd0c3410f94406ad1234bec33b09f8ad1ad7456063eb6710dc644c582f704843,52,868,7,125,4/5,0
HWS-005-BACS+,3,95,BACS+,limo01,1784197487518486723,1784197580644409680,0,0,93125922957,8,-101.25,12.46,0x06208ab0ca2e53eaf6ae7ac05e04a653d0312709ba87b3798b49dcf66b5e377105476f4e517d63748238139c4d5fc3966faeba59,52,868,7,125,4/5,0
HWS-005-BACS+,3,96,BACS+,limo01,1784197493087893433,1784197749139129985,0,0,256051236552,1,-106.47,5.77,0x4064da1e0de290baa2433f806091b57d99f7c476a94e943b97a5abb0261064a03090b85f63e4079b032a4fb02d91dd44ce3f9488,52,868,7,125,4/5,0
HWS-005-BACS+,3,97,BACS+,limo02,1784197496223198865,1784197670227326864,0,0,174004127999,5,-95.14,5.99,0x7bd9a01d57e2df724f809c5f7e26a7586ab6d6b35626570269b9a20fb7a1f9ea2834a236cda29e5e7173f515fa9293a2c082b50d,52,868,7,125,4/5,0
HWS-005-BACS+,3,98,BACS+,limo01,1784197497293572949,1784197766662026162,0,0,269368453213,7,-91.78,0.49,0x4a08a7f7101b0123515cdad810cf691b305213ca9608ff5dea8b23281f6a752be867c4ff0f8f8775175e22fba0870cf8364b1d71,52,868,7,125,4/5,0
HWS-005-BACS+,3,99,BACS+,limo02,1784197500954867159,1784197735842711369,0,0,234887844210,10,-84.72,4.68,0x3d9502d892a401955b67af4a4a5b534f3d195aa06a0c64af932ae05417540b082e9dd82830920407bd27bcf0076461fce51f3f33,52,868,7,125,4/5,0
HWS-005-BACS+,3,100,BACS+,limo01,1784197505877064481,1784197633433198582,0,0,127556134101,7,-82.99,-2.37,0x0a80ef99132ee9cba24bda1bd54680db8a9d1ac8640c48b66c179ea13b5e6a52124217e5b8747d07fcde224b46a2816cf79016eb,52,868,7,125,4/5,0
HWS-005-BACS+,3,101,BACS+,limo01,1784197508297743038,1784197602961330840,0,0,94663587802,9,-85.15,7.04,0x183ae7ba571d7d442e1fac88c7e1412705a08cc31041d3687b24cde9833ec1a73a0ae64d3d0892b64bf351971a897146df32d2d4,52,868,7,125,4/5,0
HWS-005-BACS+,3,102,BACS+,limo01,1784197515276023762,1784197954991832677,1784197954991833756,1784197955164882775,439715808915,9,-107.23,14.08,0xc8a3ebcaf212ff25c4b8819e7bc379d4150f461222431309350632a95592c4d885ea1a5a780ec9b0723dc3f5759d5e2f5fe41ad1,52,868,7,125,4/5,1
HWS-005-BACS+,3,103,BACS+,limo01,1784197517172743559,1784197722885342968,0,0,205712599409,5,-101.74,-0.23,0x682c1defc9faf33696c978b3312d18b6099748a1548786aff842905e1476e0ee107927eaa4a5da2f9d0c1fdb916f6546b5bb54de,52,868,7,125,4/5,0
HWS-005-BACS+,3,104,BACS+,limo02,1784197522310637000,1784197616338477924,0,0,94027840924,5,-82.21,3.41,0xec2d197688e2d9881eaf823c93289ae89a33e22cfa5e9c1af2ec158d7765e1d361a4cf70d846473180ef57d9f4d7ab1ab4a62349,52,868,7,125,4/5,0
HWS-005-BACS+,3,105,BACS+,limo01,1784197523900916368,1784197651691802301,0,0,127790885933,10,-103.60,8.90,0x728fb7ad867a23bbb7b2f6de029bc0ec5980b3efbd05c86767b3d1edc95cd7a43c762b3be063a022eeb60c1ad166005c4e3601f3,52,868,7,125,4/5,0
HWS-005-BACS+,3,106,BACS+,limo01,1784197528377642303,1784197762783733960,0,0,234406091657,0,-97.22,9.31,0xb9b91633e03c7da9c7c81637801f14af975938ad805bea94d273bb8b08a4955ba6bdf00c709c0a022c8bb810148b64aeac219fd8,52,868,7,125,4/5,0
HWS-005-BACS+,3,107,BACS+,limo01,1784197532109790540,1784197596625982243,0,0,64516191703,4,-87.04,3.46,0x9d30d69237e22222bc2ee9ec1723161a94f53fad4631621b2894d2b1c283542504177735d5f6aaf6eaddbd62715ca7cfd50d470b,52,868,7,125,4/5,0
HWS-005-BACS+,3,108,BACS+,limo02,1784197534319313761,1784197686168561533,1784197686168566088,1784197686339927205,151849247772,9,-84.04,5.38,0xd9660a1ecef0739c2120a17b09577e064bd23a5829b5e6e78e663c9fdba927df84184201047294a6cfc20a4bf8f98b6e365228d6,52,868,7,125,4/5,1
HWS-005-BACS+,3,109,BACS+,limo02,1784197538782027749,1784197740156557207,0,0,201374529458,1,-81.62,0.03,0x68f53dd0b7969e61483b160382033e6a2545a335f7609a87f2e913f3b5219142b9c0558ee045946a78f6d275edd95db2f06e74d7,52,868,7,125,4/5,0
HWS-005-BACS+,3,110,BACS+,limo02,1784197543673409493,1784197706701002091,0,0,163027592598,8,-80.45,14.71,0x97f0b70dc8c14e78375be8a653d5da6ef3874873a209821953aceb0d3ea3928b4e9f556048a6d46b6e2ed4b82455771dbedea0f4,52,868,7,125,4/5,0
HWS-005-BACS+,3,111,BACS+,limo01,1784197545662346267,1784197617430427075,1784197617430428793,1784197617596298173,71768080808,8,-91.15,-2.51,0x0800ec5f0f37bbf9a207af425c3d094b63cbe922ba22d3519356d24da1f889bfe4f41e12f61de3250de13ecc269c8499086a2544,52,868,7,125,4/5,1
HWS-005-BACS+,3,112,BACS+,limo01,1784197549660930758,1784197645263276302,0,0,95602345544,0,-109.05,4.20,0x509bcaf9ed3e2cce9e370b379bb020166380fd3abf66e42d40caf3b05991551b293b2a6d4abefd1f94084c31cf8687424ff4c30f,52,868,7,125,4/5,0
HWS-005-BACS+,3,113,BACS+,limo02,1784197552439121687,1784197587586040826,0,0,35146919139,10,-107.81,1.92,0x98683b01c5df96074e2ef2d262b08281970dcceaa7a707b67f40b2a083f8715083dcd32cff47a6855dc2ae1849e6f2de2814c139,52,868,7,125,4/5,0
HWS-005-BACS+,3,114,BACS+,limo02,1784197554487310116,1784197805821033029,0,0,251333722913,6,-83.79,8.93,0x9976f126f6719a2419844bb8bb4250f8d135b3e2d6d1a98de6c97b2b648b93c578ef89740e9b774253f2478fe9535354c3c7ebdc,52,868,7,125,4/5,0
HWS-005-BACS+,3,115,BACS+,limo02,1784197561469667819,1784197723977363581,0,0,162507695762,2,-83.47,1.21,0xf5b0fbbdd42b464c5bb004546227646e39140cc46024d9186b296058a651a016cfbfebb76b60e8327a9aad0966507b30a7a70a60,52,868,7,125,4/5,0
HWS-005-BACS+,3,116,BACS+,limo02,1784197565467947203,1784197951774775472,0,0,386306828269,4,-104.07,14.83,0x6339ab96ba3f0ff4c11342774ead5197d818469785ba03976bdb9243fbe1556977061ed8b167d4bf436168cf2f81df4676c942a2,52,868,7,125,4/5,0
HWS-005-BACS+,3,117,BACS+,limo02,1784197565377185239,1784197657002193043,0,0,91625007804,2,-103.49,7.13,0x37a643a85dc927ab964f498a9d8a39feb213f6616497ad938de3c2acb69f2d64fcb2d9f6ce2a4ab264ab7e4c6491961a0213c972,52,868,7,125,4/5,0
HWS-005-BACS+,3,118,BACS+,limo02,1784197569671523982,1784197783222114375,0,0,213550590393,3,-94.25,-1.57,0xc368ec8d3e1b2f9642c790bce08fd8bcae4b73730ff9984a2aa11308c95b7db6e081dcc94bcb5e16050eeb826158cc2c54eae726,52,868,7,125,4/5,0
HWS-005-BACS+,3,119,BACS+,limo02,1784197572999340779,1784197670172757616,0,0,97173416837,0,-99.85,5.12,0xb26313c8431f8c6b853120af754362c0eea6380609a147afa1951a2dd29422b6f34a4183f9e69bd703b3b614de2b5bf10f739abf,52,868,7,125,4/5,0
HWS-005-BACS+,3,120,BACS+,limo01,1784197579079537784,1784197812751565521,0,0,233672027737,0,-81.91,-4.74,0x2050821da79c50b4afaaf5ca3284f2a692d168d287fd9baaf853989e5dc07f4d26014a635774ff808c7e23b7c393b1efcc88f8b0,52,868,7,125,4/5,0
HWS-005-BACS+,3,121,BACS+,limo02,1784197579730484633,1784197836007305481,0,0,256276820848,6,-101.01,13.90,0xd50425271f1ac81e549a35638d2a3acc5f914338a8369c1c8d79ef1a22397b140e8d1e6da5e9b34cc8e5e0fefa41b48bbe285248,52,868,7,125,4/5,0
HWS-005-BACS+,3,122,BACS+,limo01,1784197584765552030,1784197772415141710,0,0,187649589680,1,-105.77,12.52,0xd1f0fd6185b89aca912afb96235d6e05cbd9f1babed2ffd0d3d4cf91c3810b500d927ea3ecedaec52662567b84be6e3d6d600848,52,868,7,125,4/5,0
HWS-005-BACS+,3,123,BACS+,limo02,1784197588045425702,1784197630814028436,1784197630814032116,1784197630979263422,42768602734,6,-94.73,-4.32,0x1ff3bc39e9dbdb60c1a4478e394af0861343c69cf1bb2e74553357c83d2c62cf97af3088d7b0dc90a683cc1add04e286fb2ae100,52,868,7,125,4/5,1
HWS-005-BACS+,3,124,BACS+,limo01,1784197591051112284,1784197831711621179,0,0,240660508895,6,-91.45,-2.41,0xf2fe9f42809777d3d56c9d2f5a0411bb6470be86c18af06825872f661e7c827673234e01a93fac0250cd52d40f33dd8d1350b3ba,52,868,7,125,4/5,0
HWS-005-BACS+,3,125,BACS+,limo02,1784197595157207317,1784197812467978530,0,0,217310771213,6,-90.13,-3.82,0xbbb3ad4418e1ca3d1447744a6912ca2baeea0c19156d23e0b5f68fb55a0215e3a1ebbb191515f5601f1a5ef72d23be6f5d855536,52,868,7,125,4/5,0
HWS-005-BACS+,3,126,BACS+,limo02,1784197599700632183,1784197727649734536,0,0,127949102353,4,-90.52,-4.87,0xc7f5d6ab3027680deb5b1b4c95669a97ef4b5c01b36c2fc8f70d4c9148431930949a1e86ce5009f7d8800c8b80a635469d2e55c5,52,868,7,125,4/5,0
HWS-005-BACS+,3,127,BACS+,limo01,1784197602655538473,1784197788454811612,1784197788454816559,1784197788627723447,185799273139,0,-84.66,-0.39,0x18b08054baccaf96e645b75c56e9b466a6932978b23aa25bdd555522b58b2fd20593ee59956755fce9ff076a572f88ce4ceac1f4,52,868,7,125,4/5,1
HWS-005-BACS+,3,128,BACS+,limo02,1784197606539278305,1784197754574188203,0,0,148034909898,10,-96.65,14.21,0x490544e8a4c191de3a97cd9d8391644c4fbbe0d02d159d7be80bd7686a069b92ffef8795eafcc4ecb0f0c5be6f5faf560ddf4351,52,868,7,125,4/5,0
HWS-005-BACS+,3,129,BACS+,limo02,1784197609230392551,1784197780182961159,0,0,170952568608,10,-94.33,-3.42,0x27bc503d7a23da7d74ffeb6c1fd98828d1201f22b4dbbc60ef5917c95f370f13024a74c2a77c2e5b0136089986e5d6b16bbf1a4f,52,868,7,125,4/5,0
HWS-005-BACS+,3,130,BACS+,limo01,1784197613020361224,1784197748882782838,0,0,135862421614,4,-82.49,-2.80,0xdc0b1a85a26a1996aaf9de9b24ec834cbce015d240a5ccdeec3e717edeaf1687d6186e16aada0bd442979a1320e6f3799fa8bb79,52,868,7,125,4/5,0
HWS-005-BACS+,3,131,BACS+,limo01,1784197618970578701,1784197841953053967,0,0,222982475266,6,-104.11,0.92,0x1501eecd1f2cab4d3d93307b7413a05472a1222e761670e292528caa50dd40b73fb60c5dc2a90d1b7d46f808dcf3711677c393cc,52,868,7,125,4/5,0
HWS-005-BACS+,3,132,BACS+,limo01,1784197621612600940,1784197769774921174,1784197769774925741,1784197769946346397,148162320234,5,-94.69,-2.88,0x8feb183bc3ba086547129a60067e87a0df86d322f4c8c9cac02212daf7e765b8c5dea5d379c3d1686a9cc7757ee8b20f7295f022,52,868,7,125,4/5,1
HWS-005-BACS+,3,133,BACS+,limo02,1784197624777800100,1784197709315321630,0,0,84537521530,7,-107.28,-2.71,0x0be3c445e283ad606bd2ac7311b4904fdea2c6c7377aee98d4910b504a6afcbbcfd566f93d511720915869ea862f2f10bce97c1b,52,868,7,125,4/5,0
HWS-005-BACS+,3,134,BACS+,limo01,1784197628140505746,1784197803241175536,0,0,175100669790,1,-82.87,6.88,0xb6a07a3c704ac8fb68545831f81ca84466fbbaaad415e07033e60f6e51d8c9df0bae75839c39c2b866a8ed3ef1c6f63d77e39d82,52,868,7,125,4/5,0
HWS-005-BACS+,3,135,BACS+,limo02,1784197630797745809,1784197791848331332,1784197791848335275,1784197792022029350,161050585523,1,-94.67,-2.94,0x37b41c777740842d14615a60addae6e5748fc7ca433104d3e3f25a7d362bf06af9998edcee3e36838e4ea4431b10ba305080c9c6,52,868,7,125,4/5,1
HWS-005-BACS+,3,136,BACS+,limo01,1784197633330729535,1784197831544610923,0,0,198213881388,10,-106.91,9.02,0xd87b1cdb2e2b2e79c27272bdb58796701c7de4d6368b7429db4893ac87f761bec880f0ae2f7711ba89d8d1e301c61fd8d0e4be66,52,868,7,125,4/5,0
HWS-005-BACS+,3,137,BACS+,limo02,1784197640399846838,1784197852874002138,0,0,212474155300,5,-109.15,-3.08,0x0e675c1a9a6578904dedc3315af46d81009e65168b6b678f7460b706a811a67c5bfb9c26cc6928ea0e19909b5cf0021818783d0b,52,868,7,125,4/5,0
HWS-005-BACS+,3,138,BACS+,limo01,1784197641683173829,1784197822315566031,1784197822315569446,1784197822483522504,180632392202,0,-107.12,2.46,0x145f1a5ef69819b739ff2bacfb80b68c6958fd572976e41282853fac671786dc287ae6099b0edc913ac6a33f453980ebf51d87e4,52,868,7,125,4/5,1
HWS-005-BACS+,3,139,BACS+,limo02,1784197647126616409,1784197922223800776,0,0,275097184367,9,-108.46,13.05,0x291475276dcdd80ea3e21b8650cf80d9bcc406a90e672204fb0ce44262ccddb4f644ab23529e86800330cecc39199a24385620e5,52,868,7,125,4/5,0
HWS-005-BACS+,3,140,BACS+,limo01,1784197648083176224,1784197790801770110,0,0,142718593886,9,-106.19,-2.48,0x41183ca7036f6f105b04a5cef423051dcaf6a16fe342cf15412cb350620cbad7b98e21d8fe4456ea10d671e36cfe62f9be488838,52,868,7,125,4/5,0
HWS-005-BACS+,3,141,BACS+,limo02,1784197653080888568,1784197706995637730,0,0,53914749162,5,-90.34,7.59,0xcb3d757bcbf163ad16d0302e9aa3c35bec5f6f375f3f79af62c0bbc25abee98e23471262202c2e20046f566bdafe74bc8b226b68,52,868,7,125,4/5,0
HWS-005-BACS+,3,142,BACS+,limo01,1784197656139183428,1784197882942163056,0,0,226802979628,0,-88.49,7.13,0x5019cd4e16522fd5a67bc2acc25df0c18c24402fcf486c77f3c4aa8a31c5dcf3d38121c92abd0d8631c93d88a29857422469095d,52,868,7,125,4/5,0
HWS-005-BACS+,3,143,BACS+,limo02,1784197662189713490,1784197876606919563,0,0,214417206073,6,-99.13,0.42,0x6300e10d3008e7eaa21e46cef1944f14d21ffc01ce6010d2b7ce083f8a39e0253260ab665ebf7e391cbecb1c348e797cfae504e6,52,868,7,125,4/5,0
HWS-005-BACS+,3,144,BACS+,limo02,1784197665537976764,1784197745093881010,0,0,79555904246,5,-90.32,5.34,0x895200842118f685ef2500560eb3221aa244ccf0b116748bbb539e2be9ba0b977fc651c43f380045f2256a1ae1b931b4cf85770c,52,868,7,125,4/5,0
HWS-005-BACS+,3,145,BACS+,limo01,1784197667375606126,1784197737122759273,0,0,69747153147,3,-88.68,3.95,0xfc480700d0a415197fe419428196b48b1d72a537d71d699908f97eb8c18a7481dda721764be57dbdffbecba5b13201093958c467,52,868,7,125,4/5,0
HWS-005-BACS+,3,146,BACS+,limo02,1784197670438304066,1784198270438304066,0,0,600000000000,3,-91.10,13.96,0x3d72447bd6fcd014a7c3a5d8d3182bc4aa6aa75286971882628464d6dea63a2b0223a614f5bb7b85a7e960aeb6049d29326ba291,52,868,7,125,4/5,0
HWS-005-BACS+,3,147,BACS+,limo01,1784197675441677809,1784197797476338211,0,0,122034660402,9,-100.56,2.99,0x614841ddeb787571744e06a2d9c7cb1fc1abc1ae194b4eaed8b8d76e1d489aa67a66a36e9451aae57861abceb4c92119d5688903,52,868,7,125,4/5,0
HWS-005-BACS+,3,148,BACS+,limo02,1784197676999018602,1784197880525267936,0,0,203526249334,0,-106.88,0.94,0x2096cc27db942b8131e891401c991eee623cee58579c54f3f176d0ffac53baafee12ada23cc2e7f491a0fbd770778317906e89c5,52,868,7,125,4/5,0
HWS-005-BACS+,3,149,BACS+,limo01,1784197681139037980,1784197770507157875,0,0,89368119895,8,-82.15,5.71,0x541db65d760217f75a683e0a738d0fa830a64b610390b77622a8af2f54d8f34f3bec486f41fb7313059317e1ba679873e89c1775,52,868,7,125,4/5,0
HWS-005-BACS+,3,150,BACS+,limo01,1784197684021847602,1784197754678269409,0,0,70656421807,1,-100.82,6.97,0xfa6561d9826308a408bdbe478ae7dae34369662d3e0bca4db0e628567ab10339eb808b3db87edf6d003a16f9ea45076a01c8f4cf,52,868,7,125,4/5,0
HWS-005-BACS+,3,151,BACS+,limo01,1784197690394537929,1784198103328016884,0,0,412933478955,10,-83.37,13.99,0xefbd195c9e99fb459fbd2d6bd5e61a632afa6400c8e26b762a2df24b389999369a9b636f9e2a53a3911f1608bf2ccbad6c9cd8fd,52,868,7,125,4/5,0
HWS-005-BACS+,3,152,BACS+,limo01,1784197693583724683,1784198042355655037,0,0,348771930354,6,-96.21,0.13,0xae70e8716b38b169641f98e2946bf74c01e7cd692c0dfcab05bbc25a9b5708cec83f6b14f0a7f13c61783024ed4394f9014e9c21,52,868,7,125,4/5,0
HWS-005-BACS+,3,153,BACS+,limo02,1784197697324619968,1784197736315445517,0,0,38990825549,7,-97.38,7.14,0x92c4985659fc9d416d82c8f52ed091156b1d4f7d3629e8f77a9f918f3224903bcc65f3ae15b3277254dffef157c7695531475f5e,52,868,7,125,4/5,0
HWS-005-BACS+,3,154,BACS+,limo01,1784197699887264544,1784198009385379873,0,0,309498115329,3,-80.32,14.05,0xd769cbb9059feae50c4777d773f6dbd4473a7dfbfd474b134c32aa282c30c84732f22efe0cced4843963e7031b3fe5e48b9e47f4,52,868,7,125,4/5,0
HWS-005-BACS+,3,155,BACS+,limo01,1784197703013599838,1784197748728598192,0,0,45714998354,1,-105.57,12.46,0x2d55929e4a988caef938a1dc739647c4dd52a811851fd358b44a6a7fe43e10eebf4e5d02fcde2fbbf498f5f6b05724df52288dd7,52,868,7,125,4/5,0
HWS-005-BACS+,3,156,BACS+,limo01,1784197708411360457,1784197820074506552,0,0,111663146095,0,-84.41,-1.32,0x5ea058448adf9bc8f7c3552e326346a3c870f13cd83336ec09eb4a19d6ee5f45772ea4677e78263b00b9099812f6bf35eb5e8406,52,868,7,125,4/5,0
HWS-005-BACS+,3,157,BACS+,limo01,1784197712207759759,1784197782170473672,0,0,69962713913,4,-97.33,10.59,0xba0715b7b5335e6bbb46acf29549d05285aedcf05a78a5c801b043795cecae7b339cccca82a20bda3b0919be3c58947c56780024,52,868,7,125,4/5,0
HWS-005-BACS+,3,158,BACS+,limo02,1784197715611686288,1784197831107423697,0,0,115495737409,9,-83.19,14.26,0x38f622cad35ce005f4f601ab5354940061311ed65863350ef0994bcfe62d13fc2e58bb84d7267e96d2c8a1b0cc91a7c4e6a5d33d,52,868,7,125,4/5,0
HWS-005-BACS+,3,159,BACS+,limo02,1784197719010609163,1784197844366508547,0,0,125355899384,2,-103.37,13.11,0x8871ab6b0e1dee34b7d6d334ce74c5115c21b0459e4fae4d63bf75254fe8b8273d1ec51f219d3e11fb77d8e156d3743cd3eee66d,52,868,7,125,4/5,0
HWS-005-BACS+,3,160,BACS+,limo01,1784197721615842842,1784197867598335904,0,0,145982493062,9,-93.13,6.91,0x2f55245582d080e6f6157f727ea00f1ad9fa9b1e2a677893a1319bdc00cdb0601da0a9e2c5e84acf90c38c13ceb34e33db3a78f1,52,868,7,125,4/5,0
HWS-005-BACS+,3,161,BACS+,limo02,1784197724973795560,1784197848179770369,0,0,123205974809,5,-102.19,0.38,0xd65008867111056f0adb13ac6dbe664a6c5e59cd85960f4461269e46bad0d45d445af27597e57ad309329f4a6e8ec1759098459e,52,868,7,125,4/5,0
HWS-005-BACS+,3,162,BACS+,limo01,1784197728498754787,1784197977356890240,0,0,248858135453,1,-85.46,7.96,0x6479f4a4c57b8c00b260a1a4ac2ad8915f3fde7d60cad802849646f23089277d2f1d62ee0d71aacc3682e93e658763dedc83241d,52,868,7,125,4/5,0
HWS-005-BACS+,3,163,BACS+,limo02,1784197732887314908,1784197880322524286,0,0,147435209378,1,-94.63,2.41,0x2b7ce8dd2c2e067a97db8574a8cb8ba575382b1d4afd2bab29ee68a6480afe7a14bc6b36ec59e3f9a5e557733608f850c5d4d754,52,868,7,125,4/5,0
HWS-005-BACS+,3,164,BACS+,limo01,1784197736979452239,1784197868033061928,0,0,131053609689,0,-101.99,10.64,0x51f5f8aa21a020a60bee4e08644eef5f9623d63dc5684632fa8f37cd44dd8d2acad15f54415e3f8a79f81ca495a1a6de4a206952,52,868,7,125,4/5,0
HWS-005-BACS+,3,165,BACS+,limo02,1784197738203881436,1784197791529456791,0,0,53325575355,3,-106.72,12.78,0x071dbf5da105955e170ef01078bd3060141fd4255eb5d0095db9399d31b6e6f780ddc38509f2d9324cd59241922760183477b974,52,868,7,125,4/5,0
HWS-005-BACS+,3,166,BACS+,limo02,1784197741480708972,1784197840409005478,0,0,98928296506,3,-97.60,2.89,0x1ca4b6f0037551eaddc3ee710c515728d8ca375dd7cc7e8e52c8e0cae02bc6dac4d2af1823a27070467303970db7583e40249f7c,52,868,7,125,4/5,0
HWS-005-BACS+,3,167,BACS+,limo02,1784197745576406719,1784197909372373881,0,0,163795967162,7,-104.72,-2.68,0x633938246a0bb03f3080478698d9d36e510536a5b5ba1be69d4b3d899d677cfa8317dec1b244df5d4de8d09d2e53f8818029d660,52,868,7,125,4/5,0
HWS-005-BACS+,3,168,BACS+,limo02,1784197749201569479,1784197819240460935,0,0,70038891456,4,-81.43,6.43,0x04a23bcf796d3d6ad21b212d9d76230e41efe4cddfabca5b63dcf5b083e057764f4304334448d593c441711f2017588def6150fa,52,868,7,125,4/5,0
HWS-005-BACS+,3,169,BACS+,limo02,1784197754667504092,1784197960960726055,0,0,206293221963,10,-84.25,-4.85,0x5a7fb7fc920ece9a4068327e48dace9922e55a1aeae002e04b837ef6e04a2aa2c6a8a2d6d333e36a59eaa087a93db29562d69e5d,52,868,7,125,4/5,0
HWS-005-BACS+,3,170,BACS+,limo01,1784197757942812398,1784197904186624349,0,0,146243811951,5,-88.13,0.64,0x4d39abb68ef60229c6fc13bb9e4858eb5b738efe65e695b8045a1d30bdee8b9aa1e56d38efa96ecf957341697c0d2aa7838b63bc,52,868,7,125,4/5,0
HWS-005-BACS+,3,171,BACS+,limo02,1784197760981885346,1784198057415952731,0,0,296434067385,8,-96.89,5.89,0x61c5fda2d4f1fa4fddf8a617b646fb35695ffae028631d23f3a76a22c2ded7d392fcfbb1c8a3aa61ef110daf891bc97e9b754345,52,868,7,125,4/5,0
HWS-005-BACS+,3,172,BACS+,limo01,1784197762279733352,1784197984498782322,0,0,222219048970,2,-91.92,6.99,0x8f02422a217f96c518e53e01011e2ee986a44d6e5fc08c7493bad79019358b055781a8695fc0839bd122e4cdf9e864c190ade47d,52,868,7,125,4/5,0
HWS-005-BACS+,3,173,BACS+,limo02,1784197768311928244,1784197837361950346,0,0,69050022102,3,-86.72,6.13,0xb09c3ec5d8428386889ba275c9765fe1f861876aab27e0a9bd75941ea31722c70d74462a34536e4221e41362adf524802e4dc9b8,52,868,7,125,4/5,0
HWS-005-BACS+,3,174,BACS+,limo01,1784197772102648199,1784197856918114777,0,0,84815466578,3,-87.07,1.35,0xabb2b5c962fde08f48339ff97eedf72f1948ab68e1369c53a0a5dd0aae49ac8ecc7e19becac3fcd999cb4ce3dc3bb33c9fba9e8c,52,868,7,125,4/5,0
HWS-005-BACS+,3,175,BACS+,limo02,1784197775752143531,1784197972899379976,0,0,197147236445,5,-80.28,-2.70,0x950dcfaa72c21bd5b7e0cdc1fbe2bb35c18329522cd8e1a7c048ead9d3476226ca111ec8b5c7c757b69c61cb3651a3219020d514,52,868,7,125,4/5,0
HWS-005-BACS+,3,176,BACS+,limo02,1784197780145220202,1784198018402222551,0,0,238257002349,0,-80.32,2.37,0xc22e2dfcfbb260ddafe620f7fea345f00a01f14d702949efb593b20022b5c8ee78101152b97de2dad5db6c7e33316c736c4d0c4c,52,868,7,125,4/5,0
HWS-005-BACS+,3,177,BACS+,limo02,1784197780875017957,1784197954943907307,0,0,174068889350,2,-80.33,4.85,0x997dc8e5ccff3b0a76f47e699fc6ba618988316b0082fe45e48bc67d291e1ba715cf334ec3bd6f78b65128ca094bcd2a9e5ea1dc,52,868,7,125,4/5,0
HWS-005-BACS+,3,178,BACS+,limo02,1784197787301728063,1784197902095742941,0,0,114794014878,7,-94.87,-2.11,0x68b8d8f8e5e4b89df8430a586f4734610058e206d103f268a4988b4440d7063315f76addcaaa05c276c33734fc6a3c467c751422,52,868,7,125,4/5,0
HWS-005-BACS+,3,179,BACS+,limo02,1784197790485100910,1784197818415941882,0,0,27930840972,8,-106.24,-1.00,0x1ad314bac9e6d122571eecab6bbec9e43dd4c58a1416b50bc96e61d1b63086c54d96e938e98675d15cb5feff2b7deb65aa4e8250,52,868,7,125,4/5,0
HWS-005-BACS+,3,180,BACS+,limo02,1784197793142809686,1784198041767391842,0,0,248624582156,5,-82.44,8.66,0x0ef827418e65ca629d28529d2f2a78d3bf11c84d5d624ef56b6e400f29ca4d58bd307c8820a21786d0a4cd6b07bfdff29af7f981,52,868,7,125,4/5,0
HWS-005-BACS+,3,181,BACS+,limo01,1784197797848669837,1784197923659835354,0,0,125811165517,8,-100.78,-2.29,0xb98e0264ce81d48493b3a3065dca9a37d96323207e1086be25ce31ef0cc2c6bb030165e94877f6d19bb06f60f44ca7b77ea4c2ad,52,868,7,125,4/5,0
HWS-005-BACS+,3,182,BACS+,limo02,1784197798886319514,1784197972381966113,0,0,173495646599,10,-81.60,3.69,0xf8eeb293ff9b9dd77d728f3f4f7dfdce740c7dd2973071eb5df48de8aba0eb706e233ba5ae9478d7c663b06164ed0d7f7bd3508b,52,868,7,125,4/5,0
HWS-005-BACS+,3,183,BACS+,limo02,1784197803884281346,1784197870691418007,0,0,66807136661,6,-84.26,-4.25,0xfeabde2902cdde8deed194eaac4e027d89a0dab6beabf3e1f56fb9320b653c050c66e9c34b1e2268e5f34c6d6cac1b848567cac0,52,868,7,125,4/5,0
HWS-005-BACS+,3,184,BACS+,limo01,1784197807861596682,1784197896501954379,0,0,88640357697,5,-90.99,11.81,0xf8fd973d16b223de394a81a691aeec15dbb77256e1992808265387b02c8b9fb786dfb11060f8063f3ab9170f185517260f503824,52,868,7,125,4/5,0
HWS-005-BACS+,3,185,BACS+,limo02,1784197810261022494,1784197943137767909,0,0,132876745415,0,-80.33,-3.69,0xd59f1c5f60461e9d920160428fabd338c8ce608e30c8be4aeef9bb977b16135c8d8ca75d22091ef698ba73ef680a11ebf43887e1,52,868,7,125,4/5,0
HWS-005-BACS+,3,186,BACS+,limo01,1784197815520852088,1784197889464826305,0,0,73943974217,2,-103.64,-4.06,0x2b38fe2fa941e3b6023441baef2c45d2fa088482cfed2da57f2850a0d36d49ef4e36160b2df5c2d4339d7d742d6d20bf5ee4b8fc,52,868,7,125,4/5,0
HWS-005-BACS+,3,187,BACS+,limo01,1784197816988087188,1784197947746431003,0,0,130758343815,4,-81.60,-3.69,0x80a74aa724f264865df31eeef6f499e1c30ea09b4e71cdcaa1e392557d6218066abd83f5ca71e15c3eb393e8eff01e3f425c8611,52,868,7,125,4/5,0
HWS-005-BACS+,3,188,BACS+,limo01,1784197821636322825,1784198017205817143,0,0,195569494318,10,-84.30,9.64,0x662268fe19758d19de722b17c74014a01cfa1052d4c5bdfbf8316c0ed327b400be6249e41a95819a2d12659b3f8c45b39ccf9ded,52,868,7,125,4/5,0
HWS-005-BACS+,3,189,BACS+,limo02,1784197826027114978,1784197925531143197,0,0,99504028219,2,-94.26,6.77,0x897e4eb8c138d0f8d319a80372529316c1c32641a92235ff0dc9351047b38d16c87b3405d7ff8cc50670805fae017c965ec1ffc7,52,868,7,125,4/5,0
HWS-005-BACS+,3,190,BACS+,limo02,1784197829882888832,1784197928231287227,0,0,98348398395,8,-108.24,-4.33,0xe97e67c662aef99184f5b881ba5a4ca32039985739d75623dd7b1ef2bb12e06e79ffbfda7c1248307eb1a9da7bf4d95868dbc4d3,52,868,7,125,4/5,0
HWS-005-BACS+,3,191,BACS+,limo02,1784197830230022025,1784198097243181537,0,0,267013159512,10,-106.91,2.02,0xedcf286dd65a10c74d3beca5237cb0c2ce70c45d08cf80e5a3ae6089ff7447e64508579448b8e0ef2cba00ec48a9216529920aa2,52,868,7,125,4/5,0
HWS-005-BACS+,3,192,BACS+,limo02,1784197835645340566,1784197969845684687,0,0,134200344121,0,-85.85,10.58,0x373119a8759ea214ac17a525537259f92514c913891f88d06d55835ffd4d3f7274d3ed00f10a1aa7306ac8c5af6df10cf72e7213,52,868,7,125,4/5,0
HWS-005-BACS+,3,193,BACS+,limo02,1784197837939528708,1784197973838525742,0,0,135898997034,5,-89.84,5.06,0xc2fa817b4282192ed670cf70bd54130c0fa6d5d7c3b21083a100c018b81194c9286a34143e9e79551ccaffa70972f41a263d5d90,52,868,7,125,4/5,0
HWS-005-BACS+,3,194,BACS+,limo02,1784197843536930849,1784198364594253177,0,0,521057322328,5,-106.82,-3.54,0x5a7ef82228a6b0678b0fef04f1fd620774aaa092d6197f993419cb8c2e3ba6f4444a43a08d211516c0e1f117db168236b292e10c,52,868,7,125,4/5,0
HWS-005-BACS+,3,195,BACS+,limo01,1784197847563155322,1784197988489816528,0,0,140926661206,7,-91.06,4.22,0xdb397bbb8803c82d03a55f18ef4217601e4825340f93d8ac56d5b0b86c7eee5a498a3bf302e7f9e0d92f783bbdeab05558fac7a2,52,868,7,125,4/5,0
HWS-005-BACS+,3,196,BACS+,limo01,1784197851973575813,1784197960647142875,0,0,108673567062,8,-87.77,-4.89,0xa3bc83420290d94490c5462d0ff1d87c5d8abe5cc7ea79655172fd52bd7495b42673bbf7a1a3aa1c6f8ab97027f8f560c3cc7f28,52,868,7,125,4/5,0
HWS-005-BACS+,3,197,BACS+,limo01,1784197852661582557,1784197955013242744,0,0,102351660187,4,-98.90,14.27,0xbe4c1e03731ba64bcf4384a94b9decaf27e553afd09f85b441de73a965f5b7687cde15adc220013d39fffcef78c9499453aea99e,52,868,7,125,4/5,0
HWS-005-BACS+,3,198,BACS+,limo02,1784197858584066973,1784197968661403973,0,0,110077337000,4,-95.09,6.37,0xca9c189e3ee68bf8d6fd476c33acf7cbe5618c642832bb68f08559623964280ded3f9e7211c91ede076a5732e14b9c3d622a30a0,52,868,7,125,4/5,0
HWS-005-BACS+,3,199,BACS+,limo01,1784197861816137980,1784198045534980987,0,0,183718843007,9,-87.68,1.10,0x803539c0bac351aee994bb846bac5019d5efe718f93c3fcfe617b63c9c573dd9b1a3becc3ad702b3eef3224eb959f7661eeb09b4,52,868,7,125,4/5,0
HWS-005-BACS+,3,200,BACS+,limo01,1784197863155964901,1784197939155865609,0,0,75999900708,3,-96.20,5.17,0x3ba6a592c96cc437134baa0ec065596b5f289785d9941ea9a6a9978d097d7ca233c1dfc13c7484e7c8122c4be27a9c9039d78ec4,52,868,7,125,4/5,0
HWS-005-BACS+,4,0,BACS+,limo01,1784197869504183856,1784198408004647938,0,0,538500464082,1,-109.45,6.75,0xc1c6cb33710785206deeabd0826859badaa88b80d7f62426690ab4af7a9dbb25ab9f4c876de219054518bdec097a9afca5d156ab,52,868,7,125,4/5,0
HWS-005-BACS+,4,1,BACS+,limo01,1784197872899992265,1784198020046377951,1784198020046380218,1784198020217064312,147146385686,7,-85.19,-1.44,0x67ab6ab2fb9306f437362fb198a6466d984b045a233f9a70509136306233e4ed7709c2634fedc2bb47442deab6321a89e287a788,52,868,7,125,4/5,1
HWS-005-BACS+,4,2,BACS+,limo01,1784197876144279504,1784198081840300308,0,0,205696020804,7,-84.03,7.44,0xef12d32539d75c1b6d5e1f7878f64029dbdc460f88153fe026a95c9ae0af97aa3b148d9a767a33bd202ffb9bf7982e6a6e3204cf,52,868,7,125,4/5,0
HWS-005-BACS+,4,3,BACS+,limo01,1784197880615848328,1784198206311984689,0,0,325696136361,7,-101.26,11.21,0x97a59d7c650a9ccb9504d38cf70047a9f162a73e8fa38709347a4e9952a8ed3adffd12f36a13ca3e6680fbcb06d4324bdac35a3d,52,868,7,125,4/5,0
HWS-005-BACS+,4,4,BACS+,limo02,1784197881494176081,1784198170903356711,0,0,289409180630,6,-81.77,-1.28,0x9ad9f2b7fc7993f8494bf2569f75aa37ea5b3ed0d11f477b664096b37fcb14cddaa6aae56dc2fd239ede04f08c69d5c77a9e67bd,52,868,7,125,4/5,0
HWS-005-BACS+,4,5,BACS+,limo01,1784197883982910490,1784198108240268921,0,0,224257358431,10,-92.74,3.57,0x3f7344473f8b33345edb00325e6b2f6e1360f8c4b0f6c93d44f3873a86a1fb6ee0a20217ab79e5ce4a4b183b102407c57ef67416,52,868,7,125,4/5,0
HWS-005-BACS+,4,6,BACS+,limo01,1784197887942544805,1784198027711295393,0,0,139768750588,2,-87.82,12.12,0xbcd95d79f849be26b993949e64f0419d8d5ac837c217813fb59a7c8f73515f44eb732d6ce1b4e134947faf1c99a6e82745e05b63,52,868,7,125,4/5,0
HWS-005-BACS+,4,7,BACS+,limo02,1784197892041755679,1784198034615496779,0,0,142573741100,6,-91.09,6.66,0x4ca2078c657844bb05e737735f4bafcb5350f04e08fb5d1cc206d84d478f3aeed13e7fd63a45f41c5f5d2a86b66ce31f1586897c,52,868,7,125,4/5,0
HWS-005-BACS+,4,8,BACS+,limo01,1784197897767309916,1784198002884404182,0,0,105117094266,5,-99.78,1.57,0x75d6826a1a80aafced82681167ffcc2671db9fb9bee32a3ef8098d1e25b6acb26372daef98ef058667d3c31210195466afdf69a7,52,868,7,125,4/5,0
HWS-005-BACS+,4,9,BACS+,limo02,1784197899565380162,1784198008434622918,0,0,108869242756,1,-99.66,10.28,0xeb6feb9f9ece6108ed623ed19024aa1ace3648ab503fa9a02246e4b6e4c370704cc955eb7838dc55cf012759d6454492caec808e,52,868,7,125,4/5,0
HWS-005-BACS+,4,10,BACS+,limo02,1784197902009136868,1784198004550102970,0,0,102540966102,6,-91.54,9.36,0x4bd71a65fc8a65c95d5845bb3546e24caa759104bc8a2c6aa909fd298a632956e84747ddfe31912a57e54df613fac16c85a3a541,52,868,7,125,4/5,0
HWS-005-BACS+,4,11,BACS+,limo02,1784197907132039610,1784198015513385658,0,0,108381346048,7,-96.75,-3.93,0x01ae19aabee839b28567e2e3fb3ef0d5bfb781674928e48ab05c4e6a4560c9676807a72cc0f579b887b9738ba527b9c08ad811b3,52,868,7,125,4/5,0
HWS-005-BACS+,4,12,BACS+,limo01,1784197911049278253,1784197960358409431,0,0,49309131178,2,-108.88,1.41,0x8f19870abc02617d4bf9c56b8a0b439034b95390f9ce318a41dd3fcd9484d59d8f0f511460847708951e79f19794808cdfdd827f,52,868,7,125,4/5,0
HWS-005-BACS+,4,13,BACS+,limo02,1784197915945250009,1784197991188534218,0,0,75243284209,1,-83.74,11.48,0x06228a54455e0e295f8848e48d3e16a1cf42cc45881a20634e79601bed88fbc599ced419b8872d340ada74c792f4546f9cffa8e0,52,868,7,125,4/5,0
HWS-005-BACS+,4,14,BACS+,limo01,1784197918675673114,1784197990861271518,0,0,72185598404,0,-108.51,12.45,0x2b53146bc8994be06f5b5cae75bbadc006f12b4d560be0ffb2fb9a7cfd50be9d82405b68c7ad4a12465de4e8cea874edf7e05bba,52,868,7,125,4/5,0
HWS-005-BACS+,4,15,BACS+,limo02,1784197921210778485,1784198060221812719,0,0,139011034234,7,-97.82,8.71,0xa74e63e2b163b2b9f7493906ed49b33f666f3bf8bc23dd0e289d67bdc353596cc1fe2cda5aba0d949e0e34b9a87ea0b946742992,52,868,7,125,4/5,0
HWS-005-BACS+,4,16,BACS+,limo02,1784197924897232469,1784198524897232469,0,0,600000000000,10,-107.77,0.15,0xc63cd714730d47cc93ae7e63fc880b9de3250ebcfe90a1468892e704c22f763bed0038477669b01d2b0aa0faf1d5fc16c3d2296d,52,868,7,125,4/5,0
HWS-005-BACS+,4,17,BACS+,limo01,1784197927224795442,1784198093544632455,0,0,166319837013,8,-86.75,6.66,0x48dda3bccf595273bcddafd2455a8293c154cea7bef0534e9a27a68b72e9ee9a98db3c618b4bae8af962123cc31caaea75a96f96,52,868,7,125,4/5,0
HWS-005-BACS+,4,18,BACS+,limo01,1784197931450890262,1784198130941806244,0,0,199490915982,7,-81.39,6.94,0x4722d7a16b18f0a9ca17cfb376ca11add08ab8055122a8a7fd3de90424cae533926db0e4bcf7f2c50d689d04f6f30465dee82568,52,868,7,125,4/5,0
HWS-005-BACS+,4,19,BACS+,limo02,1784197936883623612,1784198059869115442,0,0,122985491830,4,-83.80,9.89,0x61597278b3967ea9fa6ffb32aa75930c3eba448800947584cb3ef0a2cd4be13bc800682e58319208d909d36ac58dbd026fda00ed,52,868,7,125,4/5,0
HWS-005-BACS+,4,20,BACS+,limo01,1784197938861169258,1784198072747094831,0,0,133885925573,0,-95.51,-3.32,0x056e3bb8776e6ac87c61a0e0634a326df0d74cd63cb0310d1b846027e8a5a83bc583bf37b3bead43f026e58ee5ec80e302d51ac7,52,868,7,125,4/5,0
HWS-005-BACS+,4,21,BACS+,limo01,1784197941593704412,1784198017257468159,0,0,75663763747,3,-84.35,4.23,0x0e737b8aca850f0985fa22fa22a8d4827eb35ffdc6ada491bbc925324f7a0e36246a42cf6f27acedf190332351845f2a4b5f5dfa,52,868,7,125,4/5,0
HWS-005-BACS+,4,22,BACS+,limo02,1784197945859839502,1784198084040251106,0,0,138180411604,2,-109.43,4.21,0x4738e4a14d20cbe219b85d21ad8f88874eb85b2cca1bc38f44be5b902d950505c5a335c3fbdfe16a4cf3a11bd0186e5c72c4673b,52,868,7,125,4/5,0
HWS-005-BACS+,4,23,BACS+,limo02,1784197950160940596,1784198191804727655,0,0,241643787059,1,-83.70,0.92,0xf32507de618ca6d5239dca388e5005b9080cf2264895e6a1b438f82b745323b918bd16c0ab1e6eb3bcb1aff2fe2e76bcb363a83b,52,868,7,125,4/5,0
HWS-005-BACS+,4,24,BACS+,limo01,1784197952013673181,1784198123474527180,0,0,171460853999,8,-109.72,0.48,0x3e7b39df831d1237006078ae443b032c8e6ea2cd9369bb9d12644c3e2c7176d959122375bb217d4e9424c6f3b845f509e94e69ae,52,868,7,125,4/5,0
HWS-005-BACS+,4,25,BACS+,limo02,1784197955994212065,1784198198212450480,0,0,242218238415,9,-103.08,6.88,0xf9e12627df1647c509ebdc48ed74d3424d8d49f2183d9651bfd5a9b5d89f7107a8262fcd4c2686603dbc60e3651be740744984f7,52,868,7,125,4/5,0
HWS-005-BACS+,4,26,BACS+,limo02,1784197959588417957,1784198111859892388,0,0,152271474431,0,-90.81,1.91,0xfc589b8698b84bdca296fe26e2aff86ebd6c442a1cb30663993c8f978ddce95fe49680c8067f9f7ab35e4d2ae02a891cea5a433a,52,868,7,125,4/5,0
HWS-005-BACS+,4,27,BACS+,limo01,1784197965094660717,1784198166990968748,0,0,201896308031,4,-80.04,14.15,0x34bcfcd49ffe6012740a2e1f570f37888040b893eae28324c1efe0984f428d2a5e1c24eef71cdff36b3d18c5013ed32c512d6bf8,52,868,7,125,4/5,0
HWS-005-BACS+,4,28,BACS+,limo02,1784197968316001597,1784198126111908703,0,0,157795907106,1,-92.10,2.45,0x54cdc4ceb14fb0481325858db85ba90a5059e0e08bb2d6f863e5a58d2990794a1534269c36d2501f0dc58299410a3297543e2f48,52,868,7,125,4/5,0
HWS-005-BACS+,4,29,BACS+,limo01,1784197971970153909,1784198243865736627,0,0,271895582718,4,-106.18,7.68,0x1574b6aaa4bbc910361d7d45ed1e0bfd70399ef233b94e7c611ad246958bb4217c2eceb86b48703aea4b60b4b968e1af4cdc22b2,52,868,7,125,4/5,0
HWS-005-BACS+,4,30,BACS+,limo02,1784197973853341671,1784198282996535237,0,0,309143193566,4,-84.91,5.63,0x5f4ace9d474fc0e72f9050bb05f8729e59ea4f9eface836ade92ec98c91cfd728088cb921b5f4e6c8ec72ee1c124bf294cbe3ae6,52,868,7,125,4/5,0
HWS-005-BACS+,4,31,BACS+,limo02,1784197977698763732,1784198229008289676,0,0,251309525944,4,-87.52,8.76,0x0a94e9d431aad313bc31a1f05be0f034c7f7775cc3b15be67f9cd8e9464ffcc1b47e210523055022522cf5ac0d7baf4e82937e25,52,868,7,125,4/5,0
HWS-005-BACS+,4,32,BACS+,limo02,1784197980697910990,1784198084820769901,0,0,104122858911,4,-101.50,-3.46,0x222c9be12f23267f6a659961faa041f4161d3f9237ff8d6900019b8bf178f3281c7f12712f88180af99956b80efc1ab6762db407,52,868,7,125,4/5,0
HWS-005-BACS+,4,33,BACS+,limo01,1784197985355465466,1784198146735837799,0,0,161380372333,9,-95.67,-0.70,0x897c7d6c7a569cfb4626a668fe2bb7ed95ccfc0e06c655524eeac5eeeee5cc78ccb9426fcfddbfa9c15ed54aa4da8bd191dc4b23,52,868,7,125,4/5,0
HWS-005-BACS+,4,34,BACS+,limo01,1784197987905342365,1784198178317744360,0,0,190412401995,8,-109.58,13.90,0x7f7d1c7ca644a900d0437aad2598fc8f78e2a346408ec096ffbbd076a4e47c5620f73093fa3c363cd42215c2ded7ed942ca209fb,52,868,7,125,4/5,0
HWS-005-BACS+,4,35,BACS+,limo01,1784197993141616199,1784198200955348144,0,0,207813731945,8,-99.08,2.85,0xea39bdcee2411681a65ad2bb15cf4d0656bb86ca15d67ab0ac137087fcd0c1a38064dc24136e6757461ab59e31a98dafda1e7b75,52,868,7,125,4/5,0
HWS-005-BACS+,4,36,BACS+,limo01,1784197996253103828,1784198117349782493,0,0,121096678665,7,-83.94,1.45,0x6ee3913fd0024f6a5742404666e7312792102ee8c8c4fc23abbe60c36ce8248219fc325ec34582c03b9fef256ff53192a4c4dc8c,52,868,7,125,4/5,0
HWS-005-BACS+,4,37,BACS+,limo02,1784198001516327579,1784198203709541022,0,0,202193213443,3,-90.73,8.69,0x03000029ca4b14830fdbda77fe66a09a7c8ced50229a51595584bde2c5b625ee1109114e85b760094f2f75aa8da5733c046c3667,52,868,7,125,4/5,0
HWS-005-BACS+,4,38,BACS+,limo01,1784198003795319146,1784198254329653255,0,0,250534334109,1,-80.26,-0.24,0xda316b10fe68d61794ad2508dff4d274a906dbb6d7656a112f696c1f80e1d23410214bdda57f9ad4ed21bb51994ec4ce7c29fe62,52,868,7,125,4/5,0
HWS-005-BACS+,4,39,BACS+,limo01,1784198007868509737,1784198158027607673,0,0,150159097936,0,-102.27,11.12,0x1a9b83b872df905dc8fb07e7671d640db005e96741db17e24a744ba5b125a162088fdf4e9a4624d412ea92bddc5338dd9ba3fc83,52,868,7,125,4/5,0
HWS-005-BACS+,4,40,BACS+,limo02,1784198009278321063,1784198150864765444,0,0,141586444381,0,-104.70,4.73,0xee428fd0c713134ae77efaa584956c58a5b8e6dd583c85618769dd615bf9c7b2a4ade7c244e4853ec7b526292edcf2352f06ea6b,52,868,7,125,4/5,0
HWS-005-BACS+,4,41,BACS+,limo01,1784198015923329460,1784198172373858015,0,0,156450528555,0,-104.01,8.35,0xac9857d5943a122f8029b1cf796ae243d4c8d4882f12e42c992b2942bf1b89adcd7b48aee48f2506b4d4a4a964289ab7a06e5d9d,52,868,7,125,4/5,0
HWS-005-BACS+,4,42,BACS+,limo01,1784198017221839727,1784198245248182029,0,0,228026342302,3,-86.47,-3.07,0xb1eb48d973ed25b5429e7d5219ecdc0bb4a9978e34258a76d065c7bbfefe0e0739ec005a588edbfd5f9979f4d8f5524970cacd58,52,868,7,125,4/5,0
HWS-005-BACS+,4,43,BACS+,limo01,1784198020077121858,1784198221215689690,0,0,201138567832,8,-103.41,-1.46,0x7146a75b653c9959d664ed0812b490fdac4e9dad1b3f67aa72836da4df79224bd566f71119c43ce26c7cf8dafe8b9934a3778b5c,52,868,7,125,4/5,0
HWS-005-BACS+,4,44,BACS+,limo02,1784198026813707881,1784198218602127600,1784198218602130931,1784198218775623017,191788419719,1,-101.76,-0.38,0x2b8bef44cb102284d41d2999932bd15315f0c323de263cf2ad065369c40c134eb82e4fe0966adad67cf5a18b17ede43edfd1e61c,52,868,7,125,4/5,1
HWS-005-BACS+,4,45,BACS+,limo02,1784198029592988909,1784198195594730834,0,0,166001741925,4,-106.39,-4.16,0xf9747fed3cfcef8d6f72e247e4b869a103d82a2c1b92763c7aadcead9d25e5b10348cb8acfeb9f40cb2a0c8cbcb51b5a9d8658be,52,868,7,125,4/5,0
HWS-005-BACS+,4,46,BACS+,limo01,1784198033902363416,1784198174063881879,0,0,140161518463,7,-107.01,3.82,0xdad71d8c423bfa7804c5dcca848c28c1e793b802313909caae9bdeb32e7e849e730414b2686360813dd0c560f2a07ed53108c834,52,868,7,125,4/5,0
HWS-005-BACS+,4,47,BACS+,limo02,1784198035895018489,1784198285369804494,0,0,249474786005,0,-90.58,10.62,0x66403219c57de667e8b5d8e5eda7fbc47321528e8fe23b1d794847b55f004fdcb82d36ab2a8f3dcd7759c624cff4165bec4d04ae,52,868,7,125,4/5,0
HWS-005-BACS+,4,48,BACS+,limo02,1784198037511079849,1784198284864518096,0,0,247353438247,2,-89.75,2.05,0xaa967c5649419c017c545d8ac3ab825caa6f30f788886de9db99112f3d1c144ab9eefb28620a7157ca18a9c07524b963a68090bb,52,868,7,125,4/5,0
HWS-005-BACS+,4,49,BACS+,limo02,1784198041348250461,1784198314091919791,0,0,272743669330,8,-105.88,13.11,0x0631d4d891f55ae28a8d7c9158914d2130fd9f5405e7593753d7809f9164965cd56a11940337fddd41b4d89508a5c0b9e9697191,52,868,7,125,4/5,0
HWS-005-BACS+,4,50,BACS+,limo02,1784198045707210544,1784198297319713815,0,0,251612503271,9,-89.19,9.46,0xf736515960f4a343e8f2fcd829e0dd5e226d614273c1c955da117dee0efe9a47d00a10caa01d014e162b3adad717c2705b3fd589,52,868,7,125,4/5,0
HWS-005-BACS+,4,51,BACS+,limo02,1784198048285912331,1784198169011785447,0,0,120725873116,3,-86.11,10.90,0xc6812c2c7b88c8a7cd91822592d7b2e430224a34a1602065468a75480c7421a1aeab4d322fbff4ddda5cb795cb7c259e5dc25b42,52,868,7,125,4/5,0
HWS-005-BACS+,4,52,BACS+,limo01,1784198055036712077,1784198261284275996,0,0,206247563919,2,-86.50,6.50,0xb32726bd74589ce3d8137de023e73f18207fd9e2e9eb7a095dc72a18b84fbe79664543499809d72b091be6d4389188b252f76dd0,52,868,7,125,4/5,0
HWS-005-BACS+,4,53,BACS+,limo01,1784198055948480847,1784198249770550209,1784198249770554818,1784198249938572842,193822069362,5,-82.95,-3.59,0xfa5e21fc196a2d6fcce6ffec8450bf04062568f2563b66b630e87fe8ef47f9d078b1bdb027b21c28d53e893a7842f4d49045381f,52,868,7,125,4/5,1
HWS-005-BACS+,4,54,BACS+,limo02,1784198059652899281,1784198174884274180,0,0,115231374899,7,-99.58,-2.51,0x23b25088e442a16b448bf609985beac461e057823094a9afc8bb6c7a0f36dcb6ee7fe769fc61d2b4b39aa53caafa21cda3db8d35,52,868,7,125,4/5,0
HWS-005-BACS+,4,55,BACS+,limo01,1784198063568750297,1784198193161260750,0,0,129592510453,2,-93.25,0.27,0xc86ec211aafb843028bf86a6a1923d36ae78eede968ee412adfcd9fd544e55ce5cb918d827abc9ba875239088b7d9753449e1b8b,52,868,7,125,4/5,0
HWS-005-BACS+,4,56,BACS+,limo02,1784198065729408087,1784198180294011529,0,0,114564603442,10,-101.55,13.52,0x230f43776e6939d6f838c86c0225f5728574a255c616fb6125c4605dd7f1d3b5706ddb6f5fe158ecf0243c5dbbcf99e801d33951,52,868,7,125,4/5,0
HWS-005-BACS+,4,57,BACS+,limo02,1784198073166833137,1784198192549211552,0,0,119382378415,3,-97.49,9.97,0x3240582e272538ae3dbedc9d72e5b89339c35c48c24484cc4fa6dec2fda84e1613468369f2e6742818856752b4e291f371b5d791,52,868,7,125,4/5,0
HWS-005-BACS+,4,58,BACS+,limo02,1784198074313332958,1784198171709088754,0,0,97395755796,2,-91.17,4.70,0x8bedf3dc94ceac48fbfe5c1177d1e86d881a2117cbdea358017bdf0344c77d4105b620d2f2c7b152693fb2c8bf84f7ba388205c9,52,868,7,125,4/5,0
HWS-005-BACS+,4,59,BACS+,limo02,1784198077886312937,1784198236127829127,0,0,158241516190,7,-93.85,7.19,0x421aa219b14fda3b29c0126729f1b082e30c2059549faf64923aff8567ea34c853cdfe8b3cb2de8308def0d6b9223492488f916d,52,868,7,125,4/5,0
HWS-005-BACS+,4,60,BACS+,limo01,1784198082121493203,1784198310988161964,0,0,228866668761,2,-82.50,6.68,0x598ae71b7d62d5e4a9a8a2830b50bdfef473f56382d3159a04edd426d13b11c6ea0e5920d5b8f532c5b524c306f3917272f9b668,52,868,7,125,4/5,0
HWS-005-BACS+,4,61,BACS+,limo02,1784198086120962096,1784198295413916904,0,0,209292954808,4,-83.91,-0.40,0x409109ff8b733af6379257870d0c1bf53f9600f00d85ffbace76ddfc12e63ebc478fc3408955ddbe7003ec69105e354efc211a3d,52,868,7,125,4/5,0
HWS-005-BACS+,4,62,BACS+,limo01,1784198088533557049,1784198311847070322,0,0,223313513273,4,-109.07,2.73,0x43cdf7a3456db5e81a4903a2e2f421d70bd1eec280bc9bfab3e38c4c349565635019521948e7ad47e49f12db7eb34ac434090ef4,52,868,7,125,4/5,0
HWS-005-BACS+,4,63,BACS+,limo02,1784198094231021321,1784198320532787859,0,0,226301766538,5,-90.34,-3.44,0xf03f4af486483d449283b3820438fd224f515b2421a4555bb27abd381055c7f6eda7d33b7ea475cb77a8f1accf89f028ab358b5f,52,868,7,125,4/5,0
HWS-005-BACS+,4,64,BACS+,limo02,1784198097008362391,1784198334522715591,0,0,237514353200,6,-97.58,13.37,0xab69c7c3880af37ef085f9d8436716ac589e832ece7cdef8cb04337288caf23f1955402c7dec4054619808956116ab33d0efefb3,52,868,7,125,4/5,0
HWS-005-BACS+,4,65,BACS+,limo01,1784198100878232285,1784198325641625508,0,0,224763393223,2,-97.75,10.47,0x3809942fb780868c0c43faa33ca473f584229dc85f551e048e6bb87ef0ac2362296eeeb78ce08ebd144c11a62def975ee376b711,52,868,7,125,4/5,0
HWS-005-BACS+,4,66,BACS+,limo02,1784198103105372607,1784198323609763395,0,0,220504390788,2,-83.57,1.68,0x30256a35f64cfcdd96d7633a8e3606f4044c9db4f7233f9a8c095f0e7d2f240c1ea8ccdf654c86592195faa03d539f50c68a5c6c,52,868,7,125,4/5,0
HWS-005-BACS+,4,67,BACS+,limo01,1784198108363410108,1784198189391461098,0,0,81028050990,7,-100.67,10.50,0x231c928cc80f4919e17cb761e0c20dfc75fab79fdc92423096d1356e977a25a075316efcc669e15e424224a17f64d235a209c343,52,868,7,125,4/5,0
HWS-005-BACS+,4,68,BACS+,limo01,1784198111810211279,1784198180217117993,0,0,68406906714,3,-88.64,6.41,0x000630dead459236ba495e51e82932b18aef2c5d37f2d74646f268554da8439e7dab96e25d18c9ce1d20fd1aab2106ebc13ef3c6,52,868,7,125,4/5,0
HWS-005-BACS+,4,69,BACS+,limo02,1784198114840252662,1784198306636915646,0,0,191796662984,2,-99.07,-4.61,0x7366d71bf65a46093595cbe80ea83e477ec686cc7af9a92d1254bc6affa1d8bde2308cb07a40079d511c70defe33c786fffe26af,52,868,7,125,4/5,0
HWS-005-BACS+,4,70,BACS+,limo01,1784198115834587681,1784198297670498943,0,0,181835911262,5,-90.43,1.34,0x6fa09a5ff3fc7223961cb60ebefd5e5e6282bf9b8a38a63f04ea210dd0f9d11966c2e885f67a8637d8c6e92961c7c17df8b3ace3,52,868,7,125,4/5,0
HWS-005-BACS+,4,71,BACS+,limo02,1784198119092260787,1784198195236567556,0,0,76144306769,7,-101.83,-4.84,0x4e2032b5b2a8fb7ffcad2e2f87096fc48c7de9594a7d3364ba7e61b22badb5c91228411ee48087fb308e435cea9cee9b7645101c,52,868,7,125,4/5,0
HWS-005-BACS+,4,72,BACS+,limo01,1784198123997613096,1784198474376069325,0,0,350378456229,8,-85.48,0.59,0xe560d47af5644c7fb53fba496977cfd544c35158927046c60ff83b55e2d4019bfb460d0ffdc02a924d28eca27108afbc691add39,52,868,7,125,4/5,0
HWS-005-BACS+,4,73,BACS+,limo01,1784198126400879718,1784198205904820885,0,0,79503941167,4,-102.00,-3.37,0x6c93be7b11dce5ea649c0ffaab2278ed537e05a845a5e0896489f44511a7df42d4715031e2ae5dfa2f9b97eea5cf73f725955b1c,52,868,7,125,4/5,0
HWS-005-BACS+,4,74,BACS+,limo01,1784198131580375975,1784198263137259420,0,0,131556883445,9,-109.49,4.80,0x9e6a6f72fa5d73ab2b9e452a97e960d258360e699aaf836fe06fadcd631c4debf31b2e13c8f27165adf80523562caf0681b45506,52,868,7,125,4/5,0
HWS-005-BACS+,4,75,BACS+,limo01,1784198134577484680,1784198279536235340,0,0,144958750660,5,-106.67,-2.55,0x272d78b3982642909e669438bd326d4a8867576b8aa3ed52fcbb1832e94c7a2f4789989cc9280dc888d7f857d7bbac6fba6434a3,52,868,7,125,4/5,0
HWS-005-BACS+,4,76,BACS+,limo02,1784198140766256646,1784198413742407516,0,0,272976150870,1,-88.98,3.75,0x0617fcd4729ac4d9e96f9482d7b0d95f94bc97beb2a0c7825972064f1e5f83206bb4443a956b132216f94d29202b0cea35b51a34,52,868,7,125,4/5,0
HWS-005-BACS+,4,77,BACS+,limo01,1784198140837769012,1784198421282219221,0,0,280444450209,10,-106.78,7.06,0x2ac2e4c0bedb24a6129de20c26f17c87514ba1404e63887bd9a0ea28c7097bab659fc36a4491f521e149211c88bda154133ee48f,52,868,7,125,4/5,0
HWS-005-BACS+,4,78,BACS+,limo02,1784198146659038106,1784198206171965771,0,0,59512927665,7,-84.53,3.50,0xecc7467396049f752fb02e3c461fd6919a1ca4c85397563ef43cd88d3b365582c421a01a5f84d4dca4afcc085e0b87c3c7d0d49f,52,868,7,125,4/5,0
HWS-005-BACS+,4,79,BACS+,limo02,1784198149199158709,1784198311688989934,0,0,162489831225,1,-100.88,6.91,0x27604792aefce5f9ed8113190cfbdb9c6579fc1e6ccabbc0a5c799d0d777a91df44ff049d3bc7c7cd0af15ccd8db60f320e92d0d,52,868,7,125,4/5,0
HWS-005-BACS+,4,80,BACS+,limo01,1784198152291377669,1784198251259024872,0,0,98967647203,5,-81.99,-2.17,0xcc2ceb4ff74ce360cc49e1c500f58d1e560d06ba184669ac5a3e636fcf027639b6b8099f8537bbb71701c0a0fdc7cab06cd467d2,52,868,7,125,4/5,0
HWS-005-BACS+,4,81,BACS+,limo01,1784198155624567700,1784198433323080082,0,0,277698512382,3,-100.11,8.06,0x5ca6e321672ddb9497bac15fecf53173e149672fdc7a190cf7d6c0f226663e01400c58ae6ab5124e2aaf74c6cdba5920de7d356b,52,868,7,125,4/5,0
HWS-005-BACS+,4,82,BACS+,limo02,1784198159851666969,1784198275670844700,0,0,115819177731,5,-83.65,6.19,0x1ff263c65a1861f362d1e11fd6e2eebbc45eeab57b798227e01bcaa006b3c8be0f21aea14c2e5a0eabe049ff202d13d77f264c03,52,868,7,125,4/5,0
HWS-005-BACS+,4,83,BACS+,limo02,1784198164635837535,1784198480906055892,0,0,316270218357,8,-107.46,-3.45,0xd553001f2248341c7a5a0cf5a7f0ddfb74b55f677bddd4544037cb16dece673d1e9ae4e7aad4ae1d06cdbde23012afd79b1e8a55,52,868,7,125,4/5,0
HWS-005-BACS+,4,84,BACS+,limo01,1784198168485901269,1784198274268819321,0,0,105782918052,7,-89.47,-0.43,0x8f7d94a1e050bedf8237cb7e38552a942dd4d08aa6b6d7af604893f25bfa9f8f1efeb338d3a8c8cec31044300a08820e0dcb6751,52,868,7,125,4/5,0
HWS-005-BACS+,4,85,BACS+,limo01,1784198169250546725,1784198309107041851,0,0,139856495126,3,-98.63,3.95,0xd9c55541ca0557677c7a7409a8c0c535fd693f417355d5e85c5a961e99d5369710a52647418dc19fe4c9d2c495bbc52c543bc110,52,868,7,125,4/5,0
HWS-005-BACS+,4,86,BACS+,limo02,1784198176092219605,1784198321454311024,0,0,145362091419,7,-80.94,8.09,0x352e1b9acd8df01544693f5ea577461b82552cbf0fa59397c3b479fbacfd141b43c53e75ad9a24463459fa7ea2278f656b0c4416,52,868,7,125,4/5,0
HWS-005-BACS+,4,87,BACS+,limo02,1784198176717581074,1784198271720466470,0,0,95002885396,9,-102.56,-2.22,0x0b8c41dece635f311c303683d8c561a49fe4c2780ce4ccb1e388a1aaa2ec02369fe76f31e7cd9e166f80f479f96a0bca6260a5cc,52,868,7,125,4/5,0
HWS-005-BACS+,4,88,BACS+,limo02,1784198183573416571,1784198304706307694,0,0,121132891123,2,-86.48,-0.25,0xdb8af6809a95952c4c986dc48a50863044d8ba417c4b5628c7e792fc337f9d5609877a1be2c19f54f13db49cf7cfdd5661a60968,52,868,7,125,4/5,0
HWS-005-BACS+,4,89,BACS+,limo02,1784198186353828268,1784198275871307760,0,0,89517479492,1,-100.05,8.89,0x6423bba0e8cbf2f576aed6c134d78a9b3ed38d4b6c4f9fe242c7ab7290d11defd6e668e7371f457455e74e55a8ff522405039057,52,868,7,125,4/5,0
HWS-005-BACS+,4,90,BACS+,limo02,1784198187227689709,1784198278972592067,0,0,91744902358,3,-87.39,0.22,0x1b577361455dfed21c71f0a82aebd8764fd477d714f4e4f7895e51a5747ae53b236a09edbb5284b3c1565f41aed293ea64556e57,52,868,7,125,4/5,0
HWS-005-BACS+,4,91,BACS+,limo02,1784198193816413996,1784198344045300502,0,0,150228886506,5,-87.37,13.83,0xff799a216428b80740701bd513d46620fa1b622021e0f90d56f7d96016ce0d83482d225b7609b17a8750cc33281b53f847d86aea,52,868,7,125,4/5,0
HWS-005-BACS+,4,92,BACS+,limo02,1784198197246300879,1784198288014959326,0,0,90768658447,10,-92.49,-1.99,0x0d42fda28440a30488fd9f6c85b3717cc9c222cb4cc403634411278cf8d047d6209d88837984e97351da17b63eaae8452b25632f,52,868,7,125,4/5,0
HWS-005-BACS+,4,93,BACS+,limo01,1784198200277559429,1784198267392322287,0,0,67114762858,1,-106.15,-4.27,0xccdccdd8806bd7c270ac00f7f451427cf0bdf52dc491e19e7d6942e8e1e27e779e21a0081135dc2141cc67991dfb8c37c647e9b1,52,868,7,125,4/5,0
HWS-005-BACS+,4,94,BACS+,limo01,1784198201459880307,1784198682472481176,0,0,481012600869,1,-88.51,4.19,0xed17568c5025a01ba527176cb7c671371a368997683130bb51dac635b1f27bfdb4ea8c18748b718c4690f8a80ebb01dd69194d3e,52,868,7,125,4/5,0
HWS-005-BACS+,4,95,BACS+,limo01,1784198208478629810,1784198463206861380,0,0,254728231570,3,-101.60,13.80,0x3c3d61c08d0027054ebbab0e4c5d3781995c5a614062f5d6b145c13d8f02b05df8b71d4c5f0cab15b140c73031a92c0580d112ab,52,868,7,125,4/5,0
HWS-005-BACS+,4,96,BACS+,limo02,1784198208217868756,1784198329145796670,0,0,120927927914,5,-97.15,-2.80,0xa0a934fe29d8bbd54dbdc232aca43637084cf7df9e781adc29cd7aa29bb538fc0618a91d7d0118507fa2708e3623f4bd6e4eae4f,52,868,7,125,4/5,0
HWS-005-BACS+,4,97,BACS+,limo02,1784198214442333353,1784198477925829219,0,0,263483495866,10,-109.35,1.52,0x2dcd4d32c23c466c55dfee5076016f4c7324227bbd063b1ca92bad2097e3f640c1b14a3fd825c58d88376b341cf034387ed718a9,52,868,7,125,4/5,0
HWS-005-BACS+,4,98,BACS+,limo02,1784198217589379740,1784198301741996410,0,0,84152616670,0,-100.99,10.52,0xf2c13f4785a2a0176915ec354acc11945defbebcb9d02ecddc3f74c1119b55b076aa3cf33738e202a7cfa468cc3c7f43fdbebb39,52,868,7,125,4/5,0
HWS-005-BACS+,4,99,BACS+,limo01,1784198220640257126,1784198361325010265,0,0,140684753139,10,-100.00,10.55,0xa097a69b04ce32ccc18be4cf8bfe1c8278187facb1653135d4ea053c12a569888ce4609011e39470c4d4a6b811ebe2a3c2a2fff2,52,868,7,125,4/5,0
HWS-005-BACS+,4,100,BACS+,limo01,1784198225028332750,1784198470494881944,0,0,245466549194,4,-87.51,10.61,0xac6b57c524a3ce0affc8b5fd1160b2f21116b857c758e45dcb491871bf266f5d600fbe822b139835ed6f97f7b9c1cfc165b2a67e,52,868,7,125,4/5,0
HWS-005-BACS+,4,101,BACS+,limo02,1784198226234782639,1784198368536993519,0,0,142302210880,7,-97.50,3.61,0xfb9fc5b8ceba3d1414f5685f5c3077472f94f776e1cf40d18929edc0baee405c1b4c9fc32349bacfabe9978a92fb256fd066bfa0,52,868,7,125,4/5,0
HWS-005-BACS+,4,102,BACS+,limo01,1784198232187695424,1784198466437825565,0,0,234250130141,5,-97.30,9.22,0x9aca9493a07056ca05149d8cdf0de9f6869e3a9371c0e5bb55dba28c0840cb0d62b26b05f170f8264d0bed90bc93b5a070f663a5,52,868,7,125,4/5,0
HWS-005-BACS+,4,103,BACS+,limo01,1784198237120816885,1784198332522213398,0,0,95401396513,4,-105.95,13.91,0x58ea2d29a04078c8e55c4e221341555ac563ba5be3153d3a1597cc1ce086e3f49fcb87e1955ede3c501eb89a12a6b5fdc5792be7,52,868,7,125,4/5,0
HWS-005-BACS+,4,104,BACS+,limo01,1784198239503867663,1784198332212932851,1784198332212936782,1784198332380293839,92709065188,6,-97.73,6.27,0x93d8d503dfa46efa9f466dd34fccfb9441d1849387d9beb8c0375bb28804e2780e1c9fbe0bd74099f86a45b360992c4433ab55b3,52,868,7,125,4/5,1
HWS-005-BACS+,4,105,BACS+,limo02,1784198243745863609,1784198406200131739,0,0,162454268130,2,-92.95,12.69,0x7bbb2d6db4e92adaaa9e0e8459fc4cc88b9fb14b0797716676c14e876648bfa9455401af9efd0c55b5177d5b84d8eef6928110a2,52,868,7,125,4/5,0
HWS-005-BACS+,4,106,BACS+,limo01,1784198245801735381,1784198450872859529,0,0,205071124148,9,-84.62,0.32,0xb24e0592f3462f9241a115fb5ada0d5807b7a51cb0fcb60efe9bbad6dfb9a5257dd48ff10efa13fb1563686f61f8c97f4c444350,52,868,7,125,4/5,0
HWS-005-BACS+,4,107,BACS+,limo02,1784198249470441966,1784198455449245411,0,0,205978803445,4,-93.78,11.33,0x2677af2e40871f44e2b3a69488b3d8beadcbc2984377b33767e0a0de962683c44ef4a9a569ce18e31080097931daf7b424028f21,52,868,7,125,4/5,0
HWS-005-BACS+,4,108,BACS+,limo01,1784198252858955636,1784198404265833287,0,0,151406877651,2,-93.18,3.62,0xdaf2f0c87b08de9584794ebc89461e1e255f6694a6b11eb9d5f1d4f63245f28edfab94023249996a359fe5c2aff94597b4eb4d95,52,868,7,125,4/5,0
HWS-005-BACS+,4,109,BACS+,limo02,1784198256323296232,1784198385340661700,0,0,129017365468,6,-108.27,-0.80,0x82e409203d19fbef9de32a4b8ce2d941ce80f3060af59c095fbf9eab1959e7ed7e18bb19dcebaecf64d96e270a6197e410b1e054,52,868,7,125,4/5,0
HWS-005-BACS+,4,110,BACS+,limo01,1784198260102458005,1784198424440174033,1784198424440178852,1784198424614866494,164337716028,6,-98.80,-1.48,0xfab81337ea15ceb0008b37635ff4bc0f3803ef26db0b7a8821e29a0bd8e7b5fb709a6824ca828fd15bea5340bdf05242a53406f2,52,868,7,125,4/5,1
HWS-005-BACS+,4,111,BACS+,limo01,1784198264496710292,1784198428323012158,0,0,163826301866,5,-94.89,8.51,0x03f6dcea554534e5d34624d755805f52351ea76a397910f3d1064c68bc95172b76278c983e4981be4b0f31a0c1152caf3eaeefa8,52,868,7,125,4/5,0
HWS-005-BACS+,4,112,BACS+,limo01,1784198265320653242,1784198359898296972,0,0,94577643730,7,-84.80,9.61,0xdc92842dab521243e693980db27efa36333c6345221e87e4ec94003c6b9c28914ad64497192a53d595ee1f6950bbc0a7e3664163,52,868,7,125,4/5,0
HWS-005-BACS+,4,113,BACS+,limo02,1784198272062769537,1784198378684625884,0,0,106621856347,4,-109.55,12.16,0xb21b54da4f43a9e98770f2d35235d6d7aa36608ea1cc9c3d3f1ea4aa49d2bcdba2ff3b8f915ff4d135b9cb650b2da8cb5b4ab879,52,868,7,125,4/5,0
HWS-005-BACS+,4,114,BACS+,limo02,1784198274316077756,1784198631677505660,0,0,357361427904,10,-103.91,6.44,0x8f8001e75119bf92b2638b8c3212aec4e00c138cd13e597b83869b054644540c17656eebc6670de360abeb4afc34872e4913bb9c,52,868,7,125,4/5,0
HWS-005-BACS+,4,115,BACS+,limo02,1784198277814095639,1784198497303934164,0,0,219489838525,4,-103.49,-0.93,0xb533d493034ead86e610a7dbb8cd3613141510e7d62efea87c9d1982219039053828079fe59901082dac61d73938fda2630f58ed,52,868,7,125,4/5,0
HWS-005-BACS+,4,116,BACS+,limo01,1784198282273693000,1784198446984895593,1784198446984900401,1784198447159115116,164711202593,10,-109.97,-3.32,0x7e6a11640554dd487025456b6d35089945c4f75eecb3677c6763f7423b85e0ef1a22357c18e0a2b05674e20e54947048a83be556,52,868,7,125,4/5,1
HWS-005-BACS+,4,117,BACS+,limo02,1784198284097340843,1784198690842302570,0,0,406744961727,5,-108.04,-1.90,0x77e3f6f0242fce268a01a806b6667c83384424335c32ebdcd6da978fb2bebbc2ddcd1ea564027a789d33fd8484f234be31865862,52,868,7,125,4/5,0
HWS-005-BACS+,4,118,BACS+,limo01,1784198289962344889,1784198543900395263,0,0,253938050374,7,-90.00,9.25,0x4b5406af5aea1c022ee3aa0527f2b4f8b47957f59c1c95a131734b625ff4225ea98925697b633eb8a9800b4359cd0ac23699a850,52,868,7,125,4/5,0
HWS-005-BACS+,4,119,BACS+,limo02,1784198290437109690,1784198403205869736,0,0,112768760046,7,-91.35,8.23,0x5721ea27d6bac4cb13fd46c0d76ac8c80d6d3410b1e36376e91c8a251e2ac3c5e8bb8f95c3226b3b91432b801cb8a2809df2b4dc,52,868,7,125,4/5,0
HWS-005-BACS+,4,120,BACS+,limo01,1784198293730965304,1784198389941024568,0,0,96210059264,5,-93.18,2.79,0xb238505ae956ea79ecf8f1ca8f9be8412f2a054791f5ad84c321898dc95e7dc5ce53334353bf8f4e07b586f6163c9aac0466a279,52,868,7,125,4/5,0
HWS-005-BACS+,4,121,BACS+,limo01,1784198300892910866,1784198442986070849,0,0,142093159983,10,-89.50,-0.13,0x9eaccfe6dca4d5f6b001e5548ca6b4511f8b663f2c1992bff0bd92283ddbd38cb1b2c9c5edcb53638e1a7a368fafc7415aa1ac83,52,868,7,125,4/5,0
HWS-005-BACS+,4,122,BACS+,limo01,1784198304610508303,1784198383434254647,0,0,78823746344,8,-107.42,11.05,0x6241bb52ce9a4e41e57629ec8cea3c96a336cdcd7c1998731adb3ccc38cbd74f86fc418c336e85e7b21d0a9d94cf5531895d7577,52,868,7,125,4/5,0
HWS-005-BACS+,4,123,BACS+,limo01,1784198305007285632,1784198432033681173,0,0,127026395541,7,-101.39,-0.17,0x2150c1b9069e3dfe2d208e6685ba72bb47937e8ba86bbcaa2d67b33c8763d477ba6071b722a5e7599b68276c9309909c86a0fa92,52,868,7,125,4/5,0
HWS-005-BACS+,4,124,BACS+,limo01,1784198311150617459,1784198735714798619,0,0,424564181160,1,-108.87,-4.13,0x3bd48f99739eeb858c893411824f1d367dc8459a24ea719fd877b5c23d6399316d558579feaa17f9026e0bd53fe0b6b53ea15206,52,868,7,125,4/5,0
HWS-005-BACS+,4,125,BACS+,limo02,1784198314897868996,1784198408938374860,0,0,94040505864,9,-81.84,5.30,0x25c6a721cf8c6bc7dbd2a1f82dcdd88fac3027a5cc11b0e36d884bed0b10ff80a6dde2c270c39d8b41b189da58fd426660e662a3,52,868,7,125,4/5,0
HWS-005-BACS+,4,126,BACS+,limo01,1784198318868191664,1784198407110913714,0,0,88242722050,3,-98.91,-0.04,0x76efcb21615849f617e3163e196be2a353ebbaa64ccf1af503f51784b0f2f4b5fb659c420ed2740634992b556a886b88806c9070,52,868,7,125,4/5,0
HWS-005-BACS+,4,127,BACS+,limo02,1784198320336432171,1784198482967995940,0,0,162631563769,3,-91.86,4.13,0x62be3a2a3c6deeb05a7f459b767766d9c18311c650a41b6c0553bd724d7904f766371b0e1715687d2b013bdf14bc9a97b961acd5,52,868,7,125,4/5,0
HWS-005-BACS+,4,128,BACS+,limo02,1784198323407123033,1784198429274237820,0,0,105867114787,6,-81.28,-0.20,0x1c67467da94f2ed8f035563df321751846600a012bfb27a8b3e1251af0e48878954b1aa8296f5a749e4eba0be426a1d3ca383d27,52,868,7,125,4/5,0
HWS-005-BACS+,4,129,BACS+,limo02,1784198326047065409,1784198430244019049,0,0,104196953640,2,-92.60,-4.00,0x31e32374b94431a0a820c0a0a47adaf3da712576ca7c71633847018569e3ac03fb55ff79ce34c54d478a534892c835a4ac3e25ec,52,868,7,125,4/5,0
HWS-005-BACS+,4,130,BACS+,limo01,1784198331471053835,1784198418050302538,1784198418050304602,1784198418220330927,86579248703,8,-91.90,10.24,0x9c307bf699e71e1421a68c43dfa58c57f1add16493fbbfe1472e542c3db6d4b2914931a176690204b15a128a2bbd54e9ce29c04b,52,868,7,125,4/5,1
HWS-005-BACS+,4,131,BACS+,limo02,1784198336848269299,1784198489312173443,0,0,152463904144,3,-107.77,5.68,0xaf763796c6eccb7859d26220404a2cf2512336a6b4db2bccfd12af189e740921e2240df90fb1e1b69f938ca5d1e3b32d7387ff86,52,868,7,125,4/5,0
HWS-005-BACS+,4,132,BACS+,limo01,1784198338350039841,1784198657861570087,0,0,319511530246,1,-87.55,3.10,0xc4fc29a44a2500f294b4f52c4feba239a0aef0c0037a658d33fa166b9544931fa96f233ae804338e44b9b86db1844c62f41b84c2,52,868,7,125,4/5,0
HWS-005-BACS+,4,133,BACS+,limo02,1784198341684598002,1784198560013878315,0,0,218329280313,4,-104.42,-2.75,0x0519ea291c7a064626778b567894a5ee3e0d3f832e99eff7a5a4afc4077c2d31c482b19707ba86f738778f7cb909d8c37d13f9a4,52,868,7,125,4/5,0
HWS-005-BACS+,4,134,BACS+,limo02,1784198344201427218,1784198480104882881,0,0,135903455663,10,-100.06,14.76,0xc506d088fe5c95fad497a6c35185295a5f1a9c31d469d25e1a625c9beca908f3dbe2861c90ef16d4ba448915f75f1257568fd95b,52,868,7,125,4/5,0
HWS-005-BACS+,4,135,BACS+,limo02,1784198349833328729,1784198472334270868,0,0,122500942139,7,-107.48,14.87,0xbecf49effa1d3f21008884246f38aac4ea452ad0e23db875a74037c8f245d079d3a60f5a92b468a52d558efcbe5c8f04c0971e16,52,868,7,125,4/5,0
HWS-005-BACS+,4,136,BACS+,limo02,1784198354007752939,1784198784607881348,0,0,430600128409,10,-83.03,-1.36,0x3c76acb83771a70578eff4a9d5d04d71e01d1e555d3e37c962d716a9a91144b82aac28c0fac05a3c802653ab39c5681d956cfc93,52,868,7,125,4/5,0
HWS-005-BACS+,4,137,BACS+,limo01,1784198357012040872,1784198490904748185,0,0,133892707313,0,-89.37,1.20,0x9c03f0eb77022e239109cbec3d087213cbddce9dfeeed37dcfbed883a98fe27244716c9d6a0fce05c0fb6fc44decac5542ca7458,52,868,7,125,4/5,0
HWS-005-BACS+,4,138,BACS+,limo01,1784198358453399365,1784198531334940344,0,0,172881540979,10,-97.13,-2.45,0x0c5937b738f334abd047943dc011a1653d3de10ecbd989ed10931336c11cd72c822f5cd94151d4e9567a11425555f4369d3256cf,52,868,7,125,4/5,0
HWS-005-BACS+,4,139,BACS+,limo01,1784198364273923746,1784198513286204410,0,0,149012280664,8,-101.91,11.42,0x93528bc954c7122b0b6db3f102978051adfd33f185d041b48e4207eab016f970f61d75edb717c0438c5abea474b948a42df94022,52,868,7,125,4/5,0
HWS-005-BACS+,4,140,BACS+,limo01,1784198365662028484,1784198541472429685,0,0,175810401201,10,-91.80,0.87,0x7e9661ee7c464851f219f04ad061ba8770b3d36c63358840bd04d200cdef65f4cfc9fadd7eba5ad72b503f64360ab6a2e21ea6df,52,868,7,125,4/5,0
HWS-005-BACS+,4,141,BACS+,limo02,1784198369471051063,1784198495722975534,0,0,126251924471,5,-81.12,12.68,0x3c918287b9904a2b3ab812524a7a861a4816223f1027f89daac1701b33a83d08b576402ce304b358083d4ff9ee09d18f0e4dc4ce,52,868,7,125,4/5,0
HWS-005-BACS+,4,142,BACS+,limo02,1784198375840385201,1784198600626316806,0,0,224785931605,7,-104.81,5.25,0xcb388571cfcbd0bc52408124c71cbe4b8e91c8601aeeab41b32c2aae0e0e22119148638e861ba2b576b4a1760048ac892a4a3e9d,52,868,7,125,4/5,0
HWS-005-BACS+,4,143,BACS+,limo01,1784198379464579543,1784198523596741238,0,0,144132161695,9,-90.83,2.46,0xfb34692b729e1a5c2c4cf27476acbcf0d8f213497adef4f1e03fac3e4d4a47fd7d3df54dcc4fbf1611b3a24af3095d5449be7df4,52,868,7,125,4/5,0
HWS-005-BACS+,4,144,BACS+,limo02,1784198381310339491,1784198443599791291,0,0,62289451800,0,-95.99,13.18,0x69a5156cb147a2c7d498516d4ee61cdb2227e52ac91974439d46c9a79d6a057c06e48bb379d5fbe45063965d11cae9694733f992,52,868,7,125,4/5,0
HWS-005-BACS+,4,145,BACS+,limo01,1784198383027833698,1784198541898423897,0,0,158870590199,5,-103.83,8.38,0x24653380c09e461d85c49cf4e7caa42d160b22c761d4c53c4935fbbbc2050434a31a18f7a2c21060b2bc374881462c863ad67318,52,868,7,125,4/5,0
HWS-005-BACS+,4,146,BACS+,limo01,1784198390270163478,1784198532820350227,0,0,142550186749,5,-93.28,7.46,0x513a81e300df099e639230a4d38ec2b16232bd5fe172f8f09b625ed6bf181c07a2235e32fd90b2310f0b1de08e9fe2fe3ee56e05,52,868,7,125,4/5,0
HWS-005-BACS+,4,147,BACS+,limo02,1784198392465404562,1784198546303418663,0,0,153838014101,8,-104.32,7.67,0xb0e784a1bb73bbd4e505e57280193cfd633050704e97ab30fa1829b355b3e8f86d1c335daeb1deadcb69b2ef16dc269054052ac6,52,868,7,125,4/5,0
HWS-005-BACS+,4,148,BACS+,limo01,1784198394232480371,1784198542146062855,0,0,147913582484,10,-96.20,14.45,0x6ecff38e249716be60686d106226168d52e3d68cfb99b41d7e970ed2cbe43b932e672ec0f95bf06157f8290f5c01191843277a43,52,868,7,125,4/5,0
HWS-005-BACS+,4,149,BACS+,limo02,1784198399555598609,1784198529606434466,0,0,130050835857,10,-86.96,11.74,0x703b54acc0fb25a421becd2fccf452e657f31ae5e808c99260148ce9819393483477a05a44389f65f429f0597477e92a98915f26,52,868,7,125,4/5,0
HWS-005-BACS+,4,150,BACS+,limo01,1784198402419504554,1784198477214463440,0,0,74794958886,4,-103.87,12.24,0x295e7f824f737045bb3f08df216383b21dc83f6d61af45fc1389952a7ac56f5c1c3a2ee8d325997df828dc49cc50d6651d032c55,52,868,7,125,4/5,0
HWS-005-BACS+,4,151,BACS+,limo02,1784198404757807979,1784198550345789026,0,0,145587981047,6,-102.04,-0.67,0x684a964c3e35d8e8998d602bd3e3b16769daa6ef01ea6cb1a10fc76d02f9e85d0825b12f6a9da6889b8b01aab60e8a7f499be221,52,868,7,125,4/5,0
HWS-005-BACS+,4,152,BACS+,limo02,1784198408287932238,1784198534443329646,0,0,126155397408,5,-96.40,5.57,0xbee6c58022d47309b5efb29ceb573004bf979753830376a81877570b79908eeffc1a5b40ccac4725bd7c83e5463be38847e503b9,52,868,7,125,4/5,0
HWS-005-BACS+,4,153,BACS+,limo02,1784198412940238036,1784198585820316812,0,0,172880078776,0,-96.62,0.33,0x84e4a2722f33f6ce1298e956f0910030d7418c51ec556b6e32d387d0f37dc29c6f2cfadc3f3cd8e12dc4deec54f7656fcdf0d476,52,868,7,125,4/5,0
HWS-005-BACS+,4,154,BACS+,limo01,1784198416764134328,1784198558545397216,0,0,141781262888,3,-103.90,-2.89,0x5f40e415225fed010daf6f53d747517d3083e0bb3f590c1754a096859af4244b0c3c5a70c11b4d8681423d1fea364ccff63aa640,52,868,7,125,4/5,0
HWS-005-BACS+,4,155,BACS+,limo01,1784198421326641996,1784198581020458542,0,0,159693816546,6,-83.90,14.84,0xbd6a6ee570042670972674918aa4e9959abe52691a73ecdc716f16a8ec09ca1b0c16e4fafe005a8494f55a26e72ed8b5f5158906,52,868,7,125,4/5,0
HWS-005-BACS+,4,156,BACS+,limo01,1784198424228865141,1784198631851872040,0,0,207623006899,4,-103.40,2.45,0xd2393bbbb2e2b292178ab0eea8c54792cb460e4767e9af6b862a0d8d80ae8b69cf3dcd04e7636ecdefa0e2aaed56c7fda2e5e636,52,868,7,125,4/5,0
HWS-005-BACS+,4,157,BACS+,limo02,1784198426438093595,1784198572804048617,0,0,146365955022,3,-97.24,-4.78,0x39badc6e41ebed1b338d3ba2e358ae745cef67f7f882cf8dee5e99a3709269818256a6446a620d10f04a46ad2bd9da38882a2622,52,868,7,125,4/5,0
HWS-005-BACS+,4,158,BACS+,limo01,1784198431030510829,1784198599010888184,0,0,167980377355,1,-109.65,2.55,0x9945dd78f9f73d9b4a7db7bd41e4db310db3b30a8872b8817789ccc882daefaa82ea5dc41a01a5d03ba0fed168326831aced5909,52,868,7,125,4/5,0
HWS-005-BACS+,4,159,BACS+,limo01,1784198433722976362,1784198521071522334,0,0,87348545972,8,-87.54,2.96,0xcbbdbfe41bea6ca71cc7c22b0b664f69ada8183980bb9de3d2879d4cc8666e64f3f67e3acec37d81e2860acc290842079b3014b1,52,868,7,125,4/5,0
HWS-005-BACS+,4,160,BACS+,limo02,1784198437771070708,1784198615095684428,0,0,177324613720,6,-93.25,6.90,0xe6d85daf22388765bd685527e40408707751691b7847416c77e0ba9e0fed636d16289cb4cbcdb0972a76a84a351c389a68c957ef,52,868,7,125,4/5,0
HWS-005-BACS+,4,161,BACS+,limo02,1784198443000983715,1784198598993771217,0,0,155992787502,6,-92.47,-1.10,0xaca9fe5b3181b7b6c923383951cd4c57f594047f7a760253d7d855b97e265a2a6f8b0e8838b394c39ed3f087a7a228815a2d7a7b,52,868,7,125,4/5,0
HWS-005-BACS+,4,162,BACS+,limo01,1784198443468207428,1784198653534995512,0,0,210066788084,7,-108.54,10.14,0x04c2f3eb133381d4642138fbdc003ba5a01bdbda7f517493725478bf22a89d473618092604dc9a0182fbfbc1118a22b941876a66,52,868,7,125,4/5,0
HWS-005-BACS+,4,163,BACS+,limo02,1784198449408985242,1784198556788332818,0,0,107379347576,2,-88.19,11.24,0xae5c536e1e1c99685dd192d63d7dada6d1ae9edece1d3d1d097677e6fccae02a8b5b0386b15a7236ff2d2519027a1bcbf07894dc,52,868,7,125,4/5,0
HWS-005-BACS+,4,164,BACS+,limo01,1784198452986273836,1784198753530059612,0,0,300543785776,6,-91.85,-2.44,0xfc4644e7acee9a28bc7b611e9ad4b18ca8e49ad603d3068be8a09471c8afe69f49a8910a3abb5cf8f149117a62f6cf47f52332d8,52,868,7,125,4/5,0
HWS-005-BACS+,4,165,BACS+,limo01,1784198454862089264,1784198738632787779,1784198738632791117,1784198738799133899,283770698515,6,-91.43,7.72,0x5b05b83058d3ea6e146664be41985bd1b6cf89d4932d9e4df3c24e65f877adb68007602d6001b948a1e9ceca7c05e1d3ef02d64a,52,868,7,125,4/5,1
HWS-005-BACS+,4,166,BACS+,limo01,1784198461612666896,1784198599808016347,0,0,138195349451,1,-83.17,8.80,0x6c1a621d8dd74792bb0429c5372d13049b27a93e132b08c86e1cc03f7a9ff9ff98436d9a3c77cb72918fea7ed348d9063d216a08,52,868,7,125,4/5,0
HWS-005-BACS+,4,167,BACS+,limo02,1784198463411075238,1784198624000689144,0,0,160589613906,1,-101.50,5.77,0x37045691c3104c71605f5996a3c53985c79201120c6fbc914f855a7b35a929e8509f56296ef6cbfbc2377e529ee482e3ed246bed,52,868,7,125,4/5,0
HWS-005-BACS+,4,168,BACS+,limo02,1784198466916145190,1784198652519225883,0,0,185603080693,0,-108.51,10.38,0x72ca688b06bf66a18171f6ec084e9dc44674b8a127f754cdc3139fcfa12d4b8ec5cdb4428c39cb8f7eea653f59358c1864ede982,52,868,7,125,4/5,0
HWS-005-BACS+,4,169,BACS+,limo02,1784198468991334644,1784198648662112503,0,0,179670777859,8,-104.34,1.10,0x56049a03e9b5be9d532d9621606ffd27bb6c3fb67af33b12aae0302572a2b6d011d5ab83bae86bf77e106af87e7be60cd9b505f2,52,868,7,125,4/5,0
HWS-005-BACS+,4,170,BACS+,limo01,1784198472777094076,1784198595585540978,1784198595585543266,1784198595759976632,122808446902,3,-107.28,9.21,0x69a0130464264735fcc878b47d513216232c59f3643979d607a5e469c5fd87f27a2a60948037afb82c74694ff233d8e67c12c07f,52,868,7,125,4/5,1
HWS-005-BACS+,4,171,BACS+,limo02,1784198476264464163,1784198841040443010,0,0,364775978847,2,-86.61,8.00,0xa5fb28519fc122fc1937b4f878f14884b4ba862eba4a4f5977305b13a98513509b76fdd34ed54d02152a27b3496453445ba08147,52,868,7,125,4/5,0
HWS-005-BACS+,4,172,BACS+,limo01,1784198481703944065,1784198567713689337,0,0,86009745272,6,-100.60,-1.72,0x259b100ab819190e3ffd9e8020d175fca49f78209080c1a2174a507103d1774fcb831388137ac48d6fecd9a8f38728a77e956463,52,868,7,125,4/5,0
HWS-005-BACS+,4,173,BACS+,limo01,1784198486231438561,1784198545480959554,0,0,59249520993,2,-91.69,6.51,0xf517aee5fb4730d850eca0c848da59c3a70e3f1752c133f2cbab4ccc8d4639c148a22a149f4f84c7887ab7590f581d1ac22d583a,52,868,7,125,4/5,0
HWS-005-BACS+,4,174,BACS+,limo02,1784198487785610983,1784198624616850039,0,0,136831239056,6,-86.21,5.25,0x1ce9a931ac5462476337523143d8e33909cb3c1c5e39a951461c79086e5e715bcb6e8412a550d33263d922b71d8cd7808ea3f3e9,52,868,7,125,4/5,0
HWS-005-BACS+,4,175,BACS+,limo02,1784198491489932757,1784198621173821205,0,0,129683888448,2,-87.02,6.75,0x6a305249c893a74814ffe66e440553b07a8455f87a6917a1593522551d1e543285a89a59fe80fae400165d7ee3e00750d716b030,52,868,7,125,4/5,0
HWS-005-BACS+,4,176,BACS+,limo02,1784198495184542727,1784198733239311259,0,0,238054768532,4,-91.88,-1.61,0xe2666cac2de6596408c910cee0ad5c34e36394c6a58657c719d5d0e5f9befd740cb61da06ca207e805269ec123869a69e8157af7,52,868,7,125,4/5,0
HWS-005-BACS+,4,177,BACS+,limo01,1784198500321385290,1784198973787359106,0,0,473465973816,6,-98.63,14.75,0x330fc80924b3cdffb6b7735f4ca46febdf6a56e42b8efa05325c6198341c1ac2f022eedfc9e868652c0a5c043383227c344ca45c,52,868,7,125,4/5,0
HWS-005-BACS+,4,178,BACS+,limo01,1784198501599468315,1784198657718747668,1784198657718749648,1784198657893175162,156119279353,10,-80.36,14.63,0x8809df1ba04c7fd107c0470a0471abd9319dc138a36096547172dd993f490acb654b8a9daaa2aaf5f44f22028046bfc82c6859f4,52,868,7,125,4/5,1
HWS-005-BACS+,4,179,BACS+,limo01,1784198505414686759,1784198764497548880,0,0,259082862121,7,-86.83,-3.82,0x9d59482b6b709b42dfd07f1ed4afe6befe425d14b9246474ed832d8b4db88e6e547198e55960d1367914df014968ac8a0543305d,52,868,7,125,4/5,0
HWS-005-BACS+,4,180,BACS+,limo02,1784198509882170794,1784198671731009239,0,0,161848838445,9,-87.78,9.59,0x5af50826d758f20cb2502a3e64c65cac22b6882d784806110eeaf44037a584c50eeb4e1f9d41461c2d8328e8285d6c1099c9da4b,52,868,7,125,4/5,0
HWS-005-BACS+,4,181,BACS+,limo01,1784198514762198355,1784198629415065583,0,0,114652867228,10,-96.30,9.81,0x4b01a5b3984ff3498fb094046ffccf4edc9a537920c889933c0cbf2187e2b4ec9277639208f2ac3725eaabdc92abdc81ecb882e2,52,868,7,125,4/5,0
HWS-005-BACS+,4,182,BACS+,limo01,1784198515534221044,1784198626227341100,0,0,110693120056,1,-93.02,6.61,0x183f22ccd4f8826885209b4ce62a80e84b629ae4ca9ce730cea6e4a984de0a1ecfbac82751576fdab8179a2253af4f6d04cbad73,52,868,7,125,4/5,0
HWS-005-BACS+,4,183,BACS+,limo01,1784198518343936893,1784198675779910011,0,0,157435973118,6,-89.87,14.19,0x7838a7efe09ef9099ea180892d3c609b3103b9b79f748e8995bff79cc7f88d3a9ef1a025da6f119bc49a901b285aa37867ae7a80,52,868,7,125,4/5,0
HWS-005-BACS+,4,184,BACS+,limo01,1784198524575195712,1784198598782521332,0,0,74207325620,3,-104.00,-2.28,0xf5c46fee6b82f668e7fba9d2c45032c476c10fc75abed086654fa9ed9b3e62f1b1433d6bac72c4916229f4b688d820451281c8e9,52,868,7,125,4/5,0
HWS-005-BACS+,4,185,BACS+,limo01,1784198528670725113,1784198741126384658,0,0,212455659545,0,-101.56,12.11,0xa7ab0a6878e38e83414d61536cea1dc4912d7f742cd79f9f775d07c25aae15c042384dcae62f975cd66074413d24dd63710ea14c,52,868,7,125,4/5,0
HWS-005-BACS+,4,186,BACS+,limo02,1784198529960094448,1784198670325935848,0,0,140365841400,8,-86.83,6.81,0x0b334442bfde9d2a923a1c18777f4a40f72081dec2c5dcffedb3b5a76659cbd85e2b4be08aac202fde8f77f939fbac9f11bdf543,52,868,7,125,4/5,0
HWS-005-BACS+,4,187,BACS+,limo02,1784198533016767793,1784198718349547750,0,0,185332779957,3,-88.69,7.96,0xd77c3a208d812fa8e265e666e7c66e908eba05b30ce420d83a7d238737195ca79da8798db82442df1c1326a440de03d6bc4ad781,52,868,7,125,4/5,0
HWS-005-BACS+,4,188,BACS+,limo02,1784198538822648327,1784198776731257075,0,0,237908608748,5,-88.93,4.29,0x72ce074f74ce2fb8d9aedb556c93b6538ce49a6b5f4ddd792e73204a8f149c7176c7270c6c4d01b63f9683f473db3c4f0b67a9e3,52,868,7,125,4/5,0
HWS-005-BACS+,4,189,BACS+,limo01,1784198540838692333,1784198810393405350,0,0,269554713017,2,-105.64,8.12,0x8b9632ce8c2c91189b18368dcc097d252924bbcbf33878be8295854e71ee93253ba642caa7556b3da0ff9074e2c31f558f2e700e,52,868,7,125,4/5,0
HWS-005-BACS+,4,190,BACS+,limo01,1784198546097661662,1784198717830844488,0,0,171733182826,7,-87.76,8.05,0x00ef4c1fe85a6cc251c004699a4ca05cee518536496876a4105d257ca237b03a138d37bbc56dcf4b0aaed720ef5f015c4a2edfc8,52,868,7,125,4/5,0
HWS-005-BACS+,4,191,BACS+,limo02,1784198549276443653,1784198678192593619,0,0,128916149966,1,-93.97,11.97,0xe2cb36924fe67f68aea6a49731edb67ff8adf2c619dc7baeeed878f2d638e89d6249e73d0fddfba525d20973694d58f22731aae0,52,868,7,125,4/5,0
HWS-005-BACS+,4,192,BACS+,limo02,1784198553665437360,1784198633247205495,0,0,79581768135,2,-97.05,-1.30,0x9269fef5a9840370c5d436412ebefd7e3eda83971b064f6c3ad8f56c2ac64d93ced4ef95abcdfe4f3927d6d17f4a9b3bbfa07d17,52,868,7,125,4/5,0
HWS-005-BACS+,4,193,BACS+,limo02,1784198557642621990,1784198698604774126,1784198698604778707,1784198698771613377,140962152136,8,-92.78,7.68,0xa1369a813a5c5f3d4705cac23aa97a35e3abf870af56a6c3eab566994f17e8a2a0a7dd4c4c2fa493b9726a5606ffe601111d56ab,52,868,7,125,4/5,1
HWS-005-BACS+,4,194,BACS+,limo01,1784198560243201457,1784198691257346149,0,0,131014144692,5,-95.40,6.14,0x4755bcfeb6f527e39a353f2fdb4533c63c85db72ea2a518313282d4e3ded1871ff3a3674c1bddf17aebf14948708a84b31e23e28,52,868,7,125,4/5,0
HWS-005-BACS+,4,195,BACS+,limo01,1784198563381937922,1784198693610657260,0,0,130228719338,1,-85.33,10.11,0x6b14272b988a934c3a09a3ee5fec7166cf5a2454effc03929cd18123f3a40485fbd65ff201a0efe1a4936e3cb3a639cb00efa7d1,52,868,7,125,4/5,0
HWS-005-BACS+,4,196,BACS+,limo02,1784198566398964196,1784198759398822460,0,0,192999858264,0,-109.13,-2.80,0xe86c1262d119cb831c58e50bb72b4ab7837801c10c228cb4b0570e9252ee779a4535225555d3e60732666937f7e25f566245fffb,52,868,7,125,4/5,0
HWS-005-BACS+,4,197,BACS+,limo02,1784198568506195668,1784198842841614287,0,0,274335418619,3,-108.97,-2.78,0xc7fa53cc0595a926e24ca17c965d02b9c6de8e381d0ad226db90f0cc9df6c500e98c0eb78ad3ec0ee01d616e574d6bde47d21b94,52,868,7,125,4/5,0
HWS-005-BACS+,4,198,BACS+,limo01,1784198574289905439,1784198794964920819,1784198794964924024,1784198795133267844,220675015380,9,-88.89,3.97,0xfdd28e53134a29e025111c6fed2946f45258441a6162005c66897e8fa3e59938af8272183a06475f49e1e6cf7fc96a32510dfbae,52,868,7,125,4/5,1
HWS-005-BACS+,4,199,BACS+,limo01,1784198579045688801,1784198711429204702,0,0,132383515901,9,-107.99,14.88,0xc48bd20b329c8445be242fcb471df5f9d4d4758f00e8a15700bb7573b534915d848a0fc94c7ae3b0c546cd1c9dc1a68fe904b948,52,868,7,125,4/5,0
HWS-005-BACS+,4,200,BACS+,limo02,1784198582106106816,1784198794822776292,0,0,212716669476,5,-106.03,5.52,0x9f007bac40b87c736f3c8143ef0c29172a0c6d7384319b606a123e8ad30cc90f2236f0ced66a08ecb098e11fd9afc712d3f3aabd,52,868,7,125,4/5,0
HWS-005-BACS+,4,201,BACS+,limo02,1784198585766543789,1784198777758850518,0,0,191992306729,9,-96.66,7.22,0x2f15ed84357e391e84543f0788524155d4849bedd75429e8bc9fa3eb3e70e395ebd2bfbefb3ce3d4bd8775fee3a50cf9fdd053a4,52,868,7,125,4/5,0
HWS-005-BACS+,5,0,BACS+,limo02,1784198589434040693,1784198776755641578,0,0,187321600885,1,-108.35,-4.90,0x367260c4c76a93691c040be49d61250c08778915ee8f145c952adfc154cda7abb66d44c3c354add74d7492e9771defe9da1b2672,52,868,7,125,4/5,0
HWS-005-BACS+,5,1,BACS+,limo02,1784198591435608171,1784198694341771011,0,0,102906162840,2,-97.97,-1.98,0xb5ada7095e983749ca50cd973d0f4146ea43f9c8015d28e33fa0658ce342534ef8dc2461bc597a564f563d8ad68c7ca0c9c64d9d,52,868,7,125,4/5,0
HWS-005-BACS+,5,2,BACS+,limo01,1784198596507520999,1784198727545036787,0,0,131037515788,0,-87.50,10.98,0x013aadad3d1536197a18bea39d3bb8eb29e6f39b0147f3f149ca977d5b2b0c1dfa31567fb419a0df04d84011270a4eb4cf2d0964,52,868,7,125,4/5,0
HWS-005-BACS+,5,3,BACS+,limo02,1784198596245802337,1784198873749737741,1784198873749740729,1784198873923446791,277503935404,7,-96.67,13.34,0xb1b85114c3ffc96f85aaf84a4319959d79e2689fddbfb83418a6ec95bf7d1661c2b7400ed019ddc6990d400b9880e49a9fcc504d,52,868,7,125,4/5,1
HWS-005-BACS+,5,4,BACS+,limo02,1784198601867753898,1784198698939067220,0,0,97071313322,10,-92.19,3.39,0x44f5b6a57428c0e8b6424b1064b32b8dd643f711f912c58fd3e6971f029f25d53461c843df76bdf24704d84126fb7dc4e7cd1e8b,52,868,7,125,4/5,0
HWS-005-BACS+,5,5,BACS+,limo02,1784198604331522287,1784198822306354506,0,0,217974832219,5,-92.82,9.92,0x46da9b2a31cf895f749ce9f60a7114c227f930ef64135c19e851b9bc188d0c883d7a35262d1fb8eb1d7070e26227d436de15816e,52,868,7,125,4/5,0
HWS-005-BACS+,5,6,BACS+,limo02,1784198608738625311,1784198735765612309,0,0,127026986998,1,-80.20,13.71,0x4e2c422260f73cfc9f0e5b7ad7886964c4c6f62a3a6ced11aa78e7859fe96e6b0ecadaeeb6033aac1b5bf0a25cbd7eedc04badf4,52,868,7,125,4/5,0
HWS-005-BACS+,5,7,BACS+,limo01,1784198613592375018,1784198810530746594,0,0,196938371576,8,-98.81,-1.85,0x056175439de29209f911aebe550e01378a4263fa75a43fdd14d76fd770f063380c9820a1320efda18ca30aef91905457cb6c8b5d,52,868,7,125,4/5,0
HWS-005-BACS+,5,8,BACS+,limo01,1784198614861067662,1784198731855331858,0,0,116994264196,8,-82.81,14.65,0x727e0d48271f6f0de796bc5c4fcedf65499566c075e413538d21e840a0fba577a46ff0587b9523417ede2055c81522e75d8fa018,52,868,7,125,4/5,0
HWS-005-BACS+,5,9,BACS+,limo02,1784198619515470383,1784198829053593590,0,0,209538123207,6,-97.53,1.97,0x36456df950a2d036a43774f80ae2bf2e5cd868ab27c2d17e6c1a8368da61c2667104b05c55fbd4ca360591a8d5f7ff82bac8b470,52,868,7,125,4/5,0
HWS-005-BACS+,5,10,BACS+,limo02,1784198622863963629,1784198801316641235,0,0,178452677606,7,-97.11,14.50,0xfb67aad5ddf09ea9aa725a2e89658c324ef070c4a12b1a9de2cae95dd58b573b39acc688e586f9be4062f2c73f8382e8a67b5b69,52,868,7,125,4/5,0
HWS-005-BACS+,5,11,BACS+,limo02,1784198625881796299,1784199016642408885,0,0,390760612586,4,-99.66,2.95,0xa8e942030aa60bf02bfa2143f4c20ebc8016aa61163b86fe7d87f83c7a62d1626b965a7adb8e03e941ca987a233034288d711f57,52,868,7,125,4/5,0
HWS-005-BACS+,5,12,BACS+,limo01,1784198628612839265,1784198862530979242,0,0,233918139977,2,-109.77,0.90,0x24ade15539e6de253ce0bb37f5f35f4e3ff518d820591ac51c0abae8f5ba0b949a0fa7680e39a3ba877536c733e5291a7f9b82d6,52,868,7,125,4/5,0
HWS-005-BACS+,5,13,BACS+,limo02,1784198633753683160,1784198757583185936,0,0,123829502776,4,-93.46,7.04,0x578d9c7d6268b1f32ba4bbf12fb5bf6b1a1a318259957700583a9351d1e0e74321f74f331a17c71dc8b0dcdddee302484029040c,52,868,7,125,4/5,0
HWS-005-BACS+,5,14,BACS+,limo02,1784198634799976648,1784198766680042407,0,0,131880065759,7,-102.60,13.34,0xf914e5c19d9caa9409167a91f81cce50b76f0b82ab004f4d5771ce5d703ff839fb297fe6383687fb27f434dcb33b0924e27b4d50,52,868,7,125,4/5,0
HWS-005-BACS+,5,15,BACS+,limo01,1784198636902328119,1784198802007886080,0,0,165105557961,0,-85.56,8.04,0xe01df977c4e31e3156ed4e4479df3f5da68cf31704d504295594bf7b6608d29f724a6e81f9c098dac14bf0d10a5aa7e227c383d9,52,868,7,125,4/5,0
HWS-005-BACS+,5,16,BACS+,limo02,1784198643737168431,1784198746638938180,0,0,102901769749,4,-92.55,1.38,0x1a323657c5f177abc126e7d9ac2c80a26a9018a81be86f3bbb18482b9ce71557d66205dc1497efc2433adefa79b55b6522a91abe,52,868,7,125,4/5,0
HWS-005-BACS+,5,17,BACS+,limo01,1784198645144909238,1784198877312818868,0,0,232167909630,0,-107.98,-0.14,0x5de2d3fa7a25c7be53f066524fa22f5f21dd8362c6c9a2a476e169d6ec61155a3b161a99c8328c5bf7818e3b2a5d171d570152a6,52,868,7,125,4/5,0
HWS-005-BACS+,5,18,BACS+,limo01,1784198648101871738,1784198852327002139,0,0,204225130401,8,-93.38,11.28,0x09175793dcfb8b5fd7282aeff0fbd352398f4da7d3813ba470380d533d7834de406a72947ce94b7d3ab8a4239824dd695f395ba8,52,868,7,125,4/5,0
HWS-005-BACS+,5,19,BACS+,limo02,1784198651040551617,1784198752168180450,0,0,101127628833,10,-109.84,-1.13,0xe683271e6f5d143ed2c4685fed1d5809bd0d29fcf5fbcb31b535d2f301f0f1e440e7aaf98a3a8056a56a5da159f5d77317052822,52,868,7,125,4/5,0
HWS-005-BACS+,5,20,BACS+,limo02,1784198655291561119,1784198818227206168,0,0,162935645049,9,-101.20,12.45,0xf351eef7bf939cee7f88897610a22c9e937ee6298702e58258b55b4a69d69e7b67659b1baddddef218021ba8065dfc871e01f5a3,52,868,7,125,4/5,0
HWS-005-BACS+,5,21,BACS+,limo02,1784198658639014154,1784198888752967065,0,0,230113952911,8,-107.23,11.68,0x478dd728f73abda2d72ca101255aa67dc5261eb6de2ab9339bacd29b4c6364f8e47bfd34868d3c882f3437d82c3ac61a5c5375a8,52,868,7,125,4/5,0
HWS-005-BACS+,5,22,BACS+,limo01,1784198660678695820,1784199052174686981,0,0,391495991161,0,-96.14,7.17,0xf336b25035ccf409e4d141b6c8d1cc742550cbeb1b09a46c8bbc5eef7a906796eb19a911b8d9fcb09fd8ac94c83238ccc820b660,52,868,7,125,4/5,0
HWS-005-BACS+,5,23,BACS+,limo02,1784198666631235274,1784198837188921023,0,0,170557685749,3,-100.68,3.62,0xdfa64fdbacc15e58684ca998786af29d3bd1cf62096c515529708e61368c6eb036f3e9fa62800045d0743193e4da44fd135b4978,52,868,7,125,4/5,0
HWS-005-BACS+,5,24,BACS+,limo01,1784198668269579414,1784198778276926249,0,0,110007346835,0,-83.38,-3.70,0x1ddf65e888aef72b01f8cfb87be3a2573e4812e095b1c1999dc690cc77ebd962d2558046b0984f29b457dad36875d58792c49f34,52,868,7,125,4/5,0
HWS-005-BACS+,5,25,BACS+,limo01,1784198673949044042,1784198751556937132,0,0,77607893090,8,-100.41,-0.81,0xe9fbe846bd3e09c3f9b5c076297ea2a5c208051dc5f2d1d0fdd9cf8ff3bc0b91fbe66b084109cda49163112ec9c01eb34370f7c9,52,868,7,125,4/5,0
HWS-005-BACS+,5,26,BACS+,limo02,1784198676272853161,1784198811178799446,0,0,134905946285,0,-92.16,6.26,0xfa01bef6c14a1acfc3eb0c93ad109c82bdb00483aebf703e22ffcf6ba3e54cd3e61378d5e41f26def5a1670336c96d0d69c49085,52,868,7,125,4/5,0
HWS-005-BACS+,5,27,BACS+,limo02,1784198680942316665,1784198789355472439,0,0,108413155774,0,-89.61,10.48,0xb6b81f810c32bd9c997a0816aad2c649f4f74275b4f96b3742e5cb40e612662ce9d10d3a63520d23124e5bb6745b011315636b52,52,868,7,125,4/5,0
HWS-005-BACS+,5,28,BACS+,limo02,1784198683017778929,1784198946624687800,0,0,263606908871,0,-91.42,1.03,0xf62dad0f49885fb95941dcccf0bf063a98dbe06e528fdb6af14970f33694e947999121ef696b684ef0ba1057fd2287f681e28792,52,868,7,125,4/5,0
HWS-005-BACS+,5,29,BACS+,limo01,1784198685397644102,1784198944237901411,0,0,258840257309,4,-103.42,13.41,0x98f642ed4639584a6934d2e370b385453bf0897adf0c529400cf1f3473181206e8dd6950ae12a3935f31603a9be9a4023bc57100,52,868,7,125,4/5,0
HWS-005-BACS+,5,30,BACS+,limo01,1784198687658480184,1784198740281291600,0,0,52622811416,1,-97.28,11.69,0xcd0d57f7e5216b7cb84af42ceee6bf1dc2ae599dfd3515b061ef94439257264ed350503430ef6b5f693eb52ae254b887a223d4a8,52,868,7,125,4/5,0
HWS-005-BACS+,5,31,BACS+,limo02,1784198693440960845,1784198771105771442,0,0,77664810597,10,-96.65,8.62,0x57e07971c3d040c553d497cd34bdee2aaab965cd61434b35f8d8f0c69c2696d91caefa2be699b4a6a806c9cc9d31f76f9fb117a1,52,868,7,125,4/5,0
HWS-005-BACS+,5,32,BACS+,limo02,1784198696415939650,1784198751035541686,0,0,54619602036,5,-92.82,14.35,0x137bbb3b2d9384b58f158c28a285602a370a6dda8dd6ce5a3612966e2af1437342c36f6be7f2896bebff3aee61caf1fd240f5bee,52,868,7,125,4/5,0
HWS-005-BACS+,5,33,BACS+,limo02,1784198698230397913,1784199037786307821,0,0,339555909908,1,-80.09,12.22,0x59955f3c9b76c422d4ccc099646a88101e04f501e2fe6cd4d9268546a34b2b2c748b1de06cceb92b567840cf2bfeaeb08cbe2788,52,868,7,125,4/5,0
HWS-005-BACS+,5,34,BACS+,limo01,1784198702511265062,1784198824537022924,0,0,122025757862,0,-86.50,13.92,0x3fec9fefedaebce8140b9c8996fdb8128dbb566457561abd612e2c429b5e25787bcdf84f27e21d97e5b479af6237ba56b7825c80,52,868,7,125,4/5,0
HWS-005-BACS+,5,35,BACS+,limo02,1784198707043484593,1784199052535272164,0,0,345491787571,3,-94.21,8.33,0xf352035e093e11d3d21116cb60e5cfca76e86da933cd735a9c5714c517cf5eb7986bc97458f829c70cc2837fef0b06ac9186e252,52,868,7,125,4/5,0
HWS-005-BACS+,5,36,BACS+,limo02,1784198708707673687,1784198905716111824,0,0,197008438137,4,-80.47,9.24,0x09ce57f8ad5d7e817402b8e0abf2f4f6cf230021ce4cffb41f9ab06dfab1f2d0f06652307d8767eb4a400e11f74552c5937ebc81,52,868,7,125,4/5,0
HWS-005-BACS+,5,37,BACS+,limo01,1784198711752125110,1784198911939915999,0,0,200187790889,0,-87.37,10.28,0x043422913c01737c8e4f8bd8a61beb34ffd8d6c9aca05d71ddefdd867fb1169b001bf5cfcae23f251135835b7bd6946a838b07f7,52,868,7,125,4/5,0
HWS-005-BACS+,5,38,BACS+,limo01,1784198718012768625,1784198861743490557,0,0,143730721932,6,-88.57,-0.64,0x2717763fb06082fe816a16e87d6d6fa9368e78d3a9434c79a870b7d64f67ae37900a5a2d21849f0853954b835fe9dbc0cf5ff1d3,52,868,7,125,4/5,0
HWS-005-BACS+,5,39,BACS+,limo02,1784198718435740860,1784198928837109416,0,0,210401368556,6,-93.63,1.34,0x81d924c5bb78a6535e2d770dad931a23d6c6816903845bcd593e14e90f06a48e95387612260d177c44398c2f2ce21763de4f6119,52,868,7,125,4/5,0
HWS-005-BACS+,5,40,BACS+,limo01,1784198721218272934,1784198945538153094,1784198945538155464,1784198945708263271,224319880160,9,-108.95,1.26,0x14dcdd62ee1ac7b3971e0cc0df37c5675fa223fd422e85134fb1e00892f876121b93834c49f171de6ff75334e59df2af6ad30e23,52,868,7,125,4/5,1
HWS-005-BACS+,5,41,BACS+,limo01,1784198725618634797,1784199199174315483,0,0,473555680686,4,-84.30,-1.43,0x80e47f86f68525f9f764f5c255d9d5fab864e9d165afecca90aa298da2b350ee56ca5054c608ee7a6b7970c96f710ce87bea5e9d,52,868,7,125,4/5,0
HWS-005-BACS+,5,42,BACS+,limo01,1784198728056600688,1784198856761120014,0,0,128704519326,0,-94.67,8.62,0x6552e49c6e6a0a874f175da43e0777121db237a8abeead590f0b58504c5fa4450d9ec5d1db01fcf07660b409c1a159c0281f14cb,52,868,7,125,4/5,0
HWS-005-BACS+,5,43,BACS+,limo02,1784198733204650741,1784199051797477056,1784199051797479736,1784199051968311149,318592826315,3,-94.16,-4.83,0x08d69ef284626ff0e98ed53f63d40900fc7f61b8232251e38bf70a602c9079f907472c558d56cc8da1be1801e55575c3ef0d0f27,52,868,7,125,4/5,1
HWS-005-BACS+,5,44,BACS+,limo02,1784198734874139797,1784198832463373691,0,0,97589233894,3,-85.11,-4.82,0x676effcd05eba02940bfa8904d9c6c3f9d6edb894752e6892106bece0851a8c24e3dd63d6dac69f311efdaa6a193b54e386a03ec,52,868,7,125,4/5,0
HWS-005-BACS+,5,45,BACS+,limo01,1784198740910824552,1784198921466232384,1784198921466236350,1784198921637944257,180555407832,7,-102.11,12.83,0x84219d0b5871eb84e0039f3f99b8b86c2cb076ebaa4c31dd04737519130f4cb80825d0c0f9a61d9ed57e2c9fecac6fde004f7231,52,868,7,125,4/5,1
HWS-005-BACS+,5,46,BACS+,limo02,1784198744391146595,1784198847525882139,0,0,103134735544,10,-95.25,6.45,0x37e605669e37e6366c5ab32bc3453f0fe62d61daf0fb55dde85bcb44f5c7f514b9eccfc523d2a58948086924a5885e9c1f0a49a8,52,868,7,125,4/5,0
HWS-005-BACS+,5,47,BACS+,limo01,1784198748326531611,1784198886622200917,0,0,138295669306,0,-85.47,-0.72,0x13c60de5dc63ce028d41bd9be8388c9f2f93e8bd3246a6689025211e59e9574fa58766dc17dc13a89dade45505f42f8fb2a4eb45,52,868,7,125,4/5,0
HWS-005-BACS+,5,48,BACS+,limo02,1784198750536043793,1784198875140735737,0,0,124604691944,9,-108.45,11.01,0xcabea7b771ba2deaa345e35ea887c854d3f5190393f653135d9e8c6522f10974ced67f1a31164639a7bc85164d1a63249fa2cf44,52,868,7,125,4/5,0
HWS-005-BACS+,5,49,BACS+,limo01,1784198755492937859,1784198928565989475,0,0,173073051616,1,-104.18,6.63,0x4541aae2ac66b8fd7a83afc8dc3f924faf53480525a352fc956b005e9e0b846fef6bd39b924ac95bcdca389c06368de76841be82,52,868,7,125,4/5,0
HWS-005-BACS+,5,50,BACS+,limo01,1784198756716537610,1784198969854928298,0,0,213138390688,7,-80.98,-2.41,0x3fe4cfae52c95251763a3bc21484177532bf566a4e6d2e91744f7746bf05ca5e97720d22ae4cb85fc622b3ab4ab87610495a91c4,52,868,7,125,4/5,0
HWS-005-BACS+,5,51,BACS+,limo02,1784198761203510123,1784198899389753319,0,0,138186243196,0,-93.54,11.69,0xb59022b353b47a4792dfa81817e1ced5689c2cf073b6f264a43f40f06cf861e3354d0f7f8dd7773781eb2eb99a66aebab9b5e0fe,52,868,7,125,4/5,0
HWS-005-BACS+,5,52,BACS+,limo02,1784198764678807970,1784198963131923482,1784198963131925753,1784198963298710962,198453115512,5,-82.84,2.37,0x3a6f0d9a224e7257832e3e9f1a30e024a40544e7bb2664ae90466e84674758f04e6a12638ba3692ecf0f0b283f3c191a445db183,52,868,7,125,4/5,1
HWS-005-BACS+,5,53,BACS+,limo02,1784198768746748352,1784198970051154747,0,0,201304406395,2,-102.94,0.62,0xea06e7572975cd8638f78e9e21125eac9261f31fe7c0bf39e6e0ed7c7bd58c5f8a6f2da32937f7c69d57919548e03385c83e5aea,52,868,7,125,4/5,0
HWS-005-BACS+,5,54,BACS+,limo02,1784198768560354418,1784198877983216920,0,0,109422862502,5,-87.10,8.16,0x83ebcac1adacdc5d28843cade573def230c42603e85091b3cbdcfc134f9240aaf695d5eca93a5bb24d78417d27b371afd14eb432,52,868,7,125,4/5,0
HWS-005-BACS+,5,55,BACS+,limo01,1784198775330535555,1784198952179624837,0,0,176849089282,8,-96.50,5.68,0x838a93eac5539ee86bd02340b2f7debeacb365a621193590ec10c68eb29daff3f850c9d818f6d1907baa018032e708ec00301f58,52,868,7,125,4/5,0
HWS-005-BACS+,5,56,BACS+,limo02,1784198776393553557,1784199032568503825,0,0,256174950268,7,-98.04,1.14,0xabc7921f7351acb92f724f150d6f424f760cac37c2591c6bceef5156d4c906c98b54fbb20b2dd77470531502f2178c9119dd3db4,52,868,7,125,4/5,0
HWS-005-BACS+,5,57,BACS+,limo01,1784198781710895652,1784199082880535582,1784199082880540050,1784199083052410181,301169639930,8,-98.11,-3.03,0xd5f6eb28852cd27859a504a1a93f473aa984c8b875726f8e4551030889addf70881376b3a0e42791c1e17459e362d34ecd8155fb,52,868,7,125,4/5,1
HWS-005-BACS+,5,58,BACS+,limo01,1784198785590501900,1784199018796840550,0,0,233206338650,4,-108.75,11.20,0x00deef4826c420a7db2f87e1669e494296dec3eac81b33eeee29d95ee232f273743a86a15d94ab1e6ec449c814ff1330436caca6,52,868,7,125,4/5,0
HWS-005-BACS+,5,59,BACS+,limo01,1784198785947674037,1784198926765865792,0,0,140818191755,0,-86.50,6.81,0x8dc8b0c0f8357f8999b27b45cc6c9a85e440817eb3b54df3221a0ed46dba8f8dffe73dd7d41312abbd3ea0ff47fe368f34eb4db0,52,868,7,125,4/5,0
HWS-005-BACS+,5,60,BACS+,limo02,1784198790314080865,1784198901827101058,0,0,111513020193,8,-106.56,5.00,0x73a17fab21bbd7368bf9f164ef2e8fbb621ca656fa0cdf97b6174e97edacc3180d57017086df8a35cf9c05193457895cc6ac36c9,52,868,7,125,4/5,0
HWS-005-BACS+,5,61,BACS+,limo02,1784198795007863376,1784198992260471056,0,0,197252607680,4,-94.83,3.61,0x848938a3c56e81a514e121159b1da657822753eb2bef4534b4949314712d0417cc0df9bedba96dd8e155f29c7f715445c16bdc11,52,868,7,125,4/5,0
HWS-005-BACS+,5,62,BACS+,limo01,1784198799292394992,1784198966230508312,0,0,166938113320,1,-107.65,-3.49,0x98706d674f5bcb49f02dff5b41e01de0883a08890eda132abeec3bfa548753193c7adb61f7b8a00faaddddf2cfa97d4d4e4189d5,52,868,7,125,4/5,0
HWS-005-BACS+,5,63,BACS+,limo01,1784198801060601835,1784198919573587265,0,0,118512985430,5,-108.00,7.39,0x52899a51d276aa6ccf23effd945accb63260b28024a5760713f18d79ceb5284bab3de4f1b65096f6cbf4ac81a58cef7ce61cad0a,52,868,7,125,4/5,0
HWS-005-BACS+,5,64,BACS+,limo01,1784198803120652770,1784198979219533943,0,0,176098881173,4,-98.19,11.96,0xfb815fa298d1133a8cb7149d29b05965657ef523f0a4049863695d7906ebd38f02dbd774aed0ed2e6c9234a84339d9b184138288,52,868,7,125,4/5,0
HWS-005-BACS+,5,65,BACS+,limo02,1784198807993061512,1784198977893894261,0,0,169900832749,1,-85.11,7.60,0xb066cbdf841ccc8fe239d8a9e45abc40dcfc7ee0ac1a99fe18ccebb1bf7782ff642770e0845af615ed69ff4828c322aba2bfe565,52,868,7,125,4/5,0
HWS-005-BACS+,5,66,BACS+,limo02,1784198811269457408,1784198867478520327,0,0,56209062919,6,-109.96,14.62,0x29ec36d1a36f5acc113fce7da366b4dd33d4d3bc5438428c519ce427c6769863d9d53600868636bce044c66194f14f20446f79c3,52,868,7,125,4/5,0
HWS-005-BACS+,5,67,BACS+,limo01,1784198813069977256,1784199013266814215,0,0,200196836959,3,-99.12,-1.53,0x980b36bb026128451ba2492927fab80639c2d2a815c0a118b12873a8c0d56d4efbc774eaa44f4532431621afd8ec5c9d88e1a33e,52,868,7,125,4/5,0
HWS-005-BACS+,5,68,BACS+,limo01,1784198817654737393,1784198919783601899,0,0,102128864506,7,-84.55,6.69,0x69a974c8965856a88013d4f7b718015b59e147704c8352714cc37e10de1d6c15e62e647fcb86bc0b3f5f61c82169104dcf1d47f7,52,868,7,125,4/5,0
HWS-005-BACS+,5,69,BACS+,limo02,1784198819579153275,1784198926813948710,0,0,107234795435,0,-81.57,11.54,0x6f82488c25f175536a46a9dbff279e3fccb900df3b65bdeab06399d4c2b18d50567aad78f7526c34f52ba8d4b1beca5b80fd2143,52,868,7,125,4/5,0
HWS-005-BACS+,5,70,BACS+,limo02,1784198825665375051,1784199085950533142,0,0,260285158091,3,-81.59,9.66,0xe06f90f52614d85f2f9a135a7a058609629b176c17de11aa1d9e272644f5a5a4b95abd78ff996301b58758c9579af00bcabe40b2,52,868,7,125,4/5,0
HWS-005-BACS+,5,71,BACS+,limo01,1784198828811127584,1784198995830936139,0,0,167019808555,9,-97.62,10.87,0xf6a825c3f0862e0c0ea287d50a061c65e29c85b81f06da17b7b0fd5e4a21a6d440006c86c052f6c79d8cdfdfd074b966991a3798,52,868,7,125,4/5,0
HWS-005-BACS+,5,72,BACS+,limo02,1784198832994634592,1784199150782566697,0,0,317787932105,2,-101.71,7.55,0x0cc1d9f4077dc3f4d9e0d0a398ce9bc476c21b3bce2fdd32d470b6b0020f830d288648e4383f5cdfa7cfd0041d5b75584f14591f,52,868,7,125,4/5,0
HWS-005-BACS+,5,73,BACS+,limo01,1784198832930708237,1784199052321585594,0,0,219390877357,5,-80.15,-2.85,0x5a59f73ea491c311e55fff1ff5082fdd4d721c36073da6970026b18bae93755ee8aa2d33760fb7870dee1c082385f4853e9b9b73,52,868,7,125,4/5,0
HWS-005-BACS+,5,74,BACS+,limo02,1784198838822254606,1784199005921001671,0,0,167098747065,0,-98.79,11.52,0x5756e68da35cea74cb1590a182b085d88fd3cbb898c4192af02398d7cf4c0e24863ddef0276b7ba428d13ef033b7435420c897af,52,868,7,125,4/5,0
HWS-005-BACS+,5,75,BACS+,limo02,1784198841911352922,1784198946320778974,0,0,104409426052,6,-93.82,2.29,0x71a0f4be596fd15e48a68a147da881cfaeef6bae6d4abcfaed50186bf1e19574d56c271073993331738b2504ba50757df7db2c8a,52,868,7,125,4/5,0
HWS-005-BACS+,5,76,BACS+,limo02,1784198845951576426,1784198968211176541,0,0,122259600115,3,-103.74,-3.13,0xc519bd810940314e6be7416bfe1baa760bfa8653a7c6ad18ede487025531125161ff832c663ba7de43943514f32ed0f5d9a085a0,52,868,7,125,4/5,0
HWS-005-BACS+,5,77,BACS+,limo01,1784198847944262496,1784199299293102316,0,0,451348839820,4,-106.66,12.55,0x15a5f2a12826afa26ff259a26e6ec84c0c4014bf8aab0ba04e96f2e433891e0b9f7a3b337649cb42ca308933e95ed9c82663dccd,52,868,7,125,4/5,0
HWS-005-BACS+,5,78,BACS+,limo01,1784198850888706865,1784199202819384655,0,0,351930677790,4,-84.22,-1.93,0xdadda60f522e6b14c3120075cc61793f9779f2a0e95eaafb899b6b6668ff6c9c35d88e90d28ef47b23f93e2a4d53b8a69c7336b2,52,868,7,125,4/5,0
HWS-005-BACS+,5,79,BACS+,limo02,1784198855975615893,1784199074859011544,0,0,218883395651,4,-81.28,-4.41,0x164c0881bceb3ca5e28435d35bd947d0e2dcf0ee0f676df5807836efba204447d96f82e03caf5e1aa8b2e53f2049572281ca9aa5,52,868,7,125,4/5,0
HWS-005-BACS+,5,80,BACS+,limo01,1784198859191812891,1784198975708198077,0,0,116516385186,2,-100.24,13.66,0xd925c21b9998fa325fa80d46380665e294eef05afe1b0abe22e0357f0fd7f927f626e426dd5292ed0a40d2fbb0929c893bcccbc2,52,868,7,125,4/5,0
HWS-005-BACS+,5,81,BACS+,limo01,1784198860361711928,1784198977622654149,0,0,117260942221,10,-90.28,10.88,0xa3fde3962f838acb1c4d00e26d7c2b7b2f706148cfe27885abb1224411d17d6b848715a00b1db168927fba37f970d64cd585551b,52,868,7,125,4/5,0
HWS-005-BACS+,5,82,BACS+,limo02,1784198865837799923,1784199018055841016,1784199018055844175,1784199018226721152,152218041093,10,-101.97,1.02,0xaef43511d782e3d194f7721ad4c8f242a410e0abaf4dd6dd65485df8cd5019de1997bb83d0d32628496c73624d542c1455666924,52,868,7,125,4/5,1
HWS-005-BACS+,5,83,BACS+,limo01,1784198866714642092,1784198928518505400,0,0,61803863308,1,-106.19,8.81,0x0f271c558424c73366493a8d342fd5b83583cc58af24887e4de7f233587535ae340cbd0483c53c47a7075862d8e220827cb0e211,52,868,7,125,4/5,0
HWS-005-BACS+,5,84,BACS+,limo02,1784198869956667197,1784199090864138099,0,0,220907470902,2,-102.92,-0.41,0x9e0411ea94d367f51348b8b379a26b5eb20e361e7489d26c83fc4351334035b68960422277a6583e8ee2d668f064bd160a6ab157,52,868,7,125,4/5,0
HWS-005-BACS+,5,85,BACS+,limo02,1784198876826874331,1784199070380267280,0,0,193553392949,9,-101.43,6.44,0x7ceb35d052931e2b91fa497066f04600c4775a4ffbc2d07543e86eed3c33410b4a383510496f04ab842c36aa74073c2d5efc15ee,52,868,7,125,4/5,0
HWS-005-BACS+,5,86,BACS+,limo01,1784198878884819447,1784199147927449282,0,0,269042629835,2,-106.73,-3.57,0x5064054c146536b3478a012067be91fc00f2622878c9f88c8790f8729e9162a3c1d8959102cc99804735da06a9d76767f4f362b3,52,868,7,125,4/5,0
HWS-005-BACS+,5,87,BACS+,limo02,1784198882453421185,1784198962534691779,0,0,80081270594,2,-87.49,10.44,0xb1bd2baac931e5dc1ac4edbf3faa913980036e4b220fd92a3eeb83958a8a27805cd59de0f59d5a449b32ae0a111ad180112c3be7,52,868,7,125,4/5,0
HWS-005-BACS+,5,88,BACS+,limo01,1784198884792986299,1784198913262899234,0,0,28469912935,3,-87.28,5.92,0x8c1fa2a7c28d581546ec30d9135244286b8d599a104deb261e5bf821308af72607ee8634fa30d48f2ce6118a20e0c4e4402951d3,52,868,7,125,4/5,0
HWS-005-BACS+,5,89,BACS+,limo02,1784198890352018533,1784199119203276818,0,0,228851258285,7,-92.29,1.96,0x471d111db6bbb46adbdb4ce35889e2add94b5428ee5d98149096a9ebbc8843b6f93d370ea236f996b6a28d6899fb2d5d7a5fcf48,52,868,7,125,4/5,0
HWS-005-BACS+,5,90,BACS+,limo01,1784198892999275934,1784199140855524310,0,0,247856248376,5,-91.25,12.04,0xdc8f16e4789c7a4b7fd4206ec5598b1030aae890fb5c636df5b8b94b35df201e05a3415cb4e30ca945aebf4567f2c910358d54b1,52,868,7,125,4/5,0
HWS-005-BACS+,5,91,BACS+,limo01,1784198895840592445,1784199091568712555,1784199091568715035,1784199091738069577,195728120110,10,-85.62,13.85,0x6e3be96b2896558d67752a733ca3ae739c2d0ef8a61de2ef2b099c3fae5e0c46bfd7a8d95ac671b8d596210f31f9955a6386b975,52,868,7,125,4/5,1
HWS-005-BACS+,5,92,BACS+,limo02,1784198897225662964,1784199006300773971,0,0,109075111007,2,-99.02,3.30,0xe0c4bcb3eb09fa0af72edeb0088e1bca3f8d6f1d0e378c1ab9bf94cbfd9fbbe20541fe300af73fcd1a11a638fba73bd17d9efb97,52,868,7,125,4/5,0
HWS-005-BACS+,5,93,BACS+,limo01,1784198902465319223,1784199341990918813,0,0,439525599590,0,-87.32,9.44,0x2b7b3feee48c43c9c4151a2788c230fc433ac5260280e3ded787c3b7926f9f3ad65694ed6296e626d94acac7265385d390ff09a8,52,868,7,125,4/5,0
HWS-005-BACS+,5,94,BACS+,limo01,1784198904410235293,1784199223856717386,0,0,319446482093,2,-97.85,7.56,0xac2bdee999eae8c5f2a9fde5f07d6743fd3e6139690ddb61b9179e621eaa456b1736e151d044b6b51d2fad3b1e3116067200ae23,52,868,7,125,4/5,0
HWS-005-BACS+,5,95,BACS+,limo02,1784198907564857782,1784199004356630111,0,0,96791772329,0,-109.20,3.18,0x99fe01e99fa981e2a9d64935320d31c3ff8840a057baee4485f66e62184614dcc911e2c404cb6fb1ab8c63e433076b393de03b67,52,868,7,125,4/5,0
HWS-005-BACS+,5,96,BACS+,limo02,1784198911950596926,1784199188600300426,0,0,276649703500,10,-95.73,5.07,0x3ce3ca09d74b43539133a57259618895d85d9c04582519c5fd5f87a1b28e098f17129bdb8391884e96cb01805ff38ef7f569450f,52,868,7,125,4/5,0
HWS-005-BACS+,5,97,BACS+,limo02,1784198916439736222,1784199031110213183,0,0,114670476961,9,-105.39,-2.88,0x6128b256e0abe89f0ac3a4777fbd695d825901e30c6412bbf47a1c9141a7c23ed5cf865abfd56444b34f08967a0294b2c1abd0d8,52,868,7,125,4/5,0
HWS-005-BACS+,5,98,BACS+,limo01,1784198920792589492,1784199116337700106,0,0,195545110614,3,-96.55,-2.35,0xe9c21c89e54cea9da98cc449f9cf47535e80efb325ad7e1f835f415ab01c641409a90f1b27ea1327a081c6378989e44376fb1ebc,52,868,7,125,4/5,0
HWS-005-BACS+,5,99,BACS+,limo01,1784198924603387985,1784199115529018276,0,0,190925630291,0,-94.26,13.63,0xe63dacb21c54592134359e768349b43809292234985eace1250e9dc4e554f0e1136ed4928ad7679c59dd1d0ec43895e8748f5656,52,868,7,125,4/5,0
HWS-005-BACS+,5,100,BACS+,limo02,1784198924687345727,1784199193483848672,0,0,268796502945,3,-106.01,13.60,0xe623607aebd8e99e45b16502f9744d545638400f2006894f72007117cc556439855804ee7c156a0239b015a91782919f3d85fd0c,52,868,7,125,4/5,0
HWS-005-BACS+,5,101,BACS+,limo01,1784198929083089269,1784199125931248364,0,0,196848159095,4,-82.71,2.03,0xf617032d6f72334a9555f1758ad4708800757aedb8d318ae419a9912ddbd959180022fc808d4d611799df7afcbc0bda4056b5f2d,52,868,7,125,4/5,0
HWS-005-BACS+,5,102,BACS+,limo01,1784198931910377037,1784199055779314122,0,0,123868937085,0,-82.10,3.28,0x1619c765c7688e64fcccf0f262487c43b6fcf1610231136cb60a2255969cac2ddd77d83e08fd4ff2c55bcced5eb55bf91dba3f8e,52,868,7,125,4/5,0
HWS-005-BACS+,5,103,BACS+,limo01,1784198935621658250,1784199034390926744,0,0,98769268494,7,-99.01,14.42,0x7d187244b04e29a9cfa22f3dfc1822a166a3f35cdd378be1811017d50bb056a5a4894e742a181973bf96bfc046c4a957e59ef12f,52,868,7,125,4/5,0
HWS-005-BACS+,5,104,BACS+,limo01,1784198940406670077,1784199105440253736,0,0,165033583659,2,-106.17,1.23,0x9037aaba613921fb165ee4dc241cfdb9b3c852265ebd44867d1a25c4c6e658ccc39d5dd03167eadaf215db04ab80ad58000298e2,52,868,7,125,4/5,0
HWS-005-BACS+,5,105,BACS+,limo02,1784198942472517703,1784199010023543714,0,0,67551026011,4,-99.19,1.75,0x7c20eed5477d89258fb4b1463746dff512670044b998e0777f3a38877fa7990ac28b42e9fe6e93a10ee4e35105f40129bc7fddd4,52,868,7,125,4/5,0
HWS-005-BACS+,5,106,BACS+,limo01,1784198945194623117,1784199334070285958,0,0,388875662841,7,-99.13,5.21,0xaefe248b86b7401c0fd60523e742e37b353b9a90a1657d40f1acbd974ddcfae1bdd3472e89b4ac925c1fd25818fa30ca9fc0ae3c,52,868,7,125,4/5,0
HWS-005-BACS+,5,107,BACS+,limo02,1784198948226285714,1784199166318996305,0,0,218092710591,1,-94.96,0.19,0x1638ab2266cb54905581c3bd6903179cbbfc975c868e7c21e3823e9f37c63ea6b5f1cd5a0d290f6ef7c63725efcffc58fc89f349,52,868,7,125,4/5,0
HWS-005-BACS+,5,108,BACS+,limo01,1784198953922245578,1784199155506595308,0,0,201584349730,6,-82.55,0.92,0xab71a98d8a5b0e529198a1dad01c861d9d96ac3a833546be404c42da612431f1dc4465e4ba9d8f16c6d4b7ab1fc0be9c55d6e8d6,52,868,7,125,4/5,0
HWS-005-BACS+,5,109,BACS+,limo02,1784198956900763241,1784199038134168249,0,0,81233405008,8,-97.30,4.92,0x70c744834dcd6907a253174db0c5526e04b718cb175f2fa7beb0d58ac7915b85476a508e9a3ee854e0b067d859957e0da8f87534,52,868,7,125,4/5,0
HWS-005-BACS+,5,110,BACS+,limo02,1784198959761585550,1784199238949387285,0,0,279187801735,6,-103.51,-2.10,0x77768822f11155a76750c96923924e0689c15eff4c29ce4c24f6b33b641feb9ffd24d52398c3ef6a1ed239b99392e0c41dbd0c76,52,868,7,125,4/5,0
HWS-005-BACS+,5,111,BACS+,limo01,1784198962459392399,1784199358194764600,0,0,395735372201,3,-100.83,13.48,0xcea3a0d092a016f6689e83713dedaefca2b1df91a6d3ee6380ba961c74e471b91e36eaa7ab65a5896fe38b1741926c79473e8749,52,868,7,125,4/5,0
HWS-005-BACS+,5,112,BACS+,limo01,1784198965826327281,1784199122089921404,0,0,156263594123,8,-102.97,0.91,0x53223d10a43dd92f053a124cc85ad46f88d5e3baa03ebd2d0d2820922f6d32d4d81b431fc1722a4d1ef764227f2dd97353db52b4,52,868,7,125,4/5,0
HWS-005-BACS+,5,113,BACS+,limo01,1784198968673744981,1784199105887960120,0,0,137214215139,0,-88.08,-0.53,0x64da6d9dbb03b5c2ccb8f2dfbd35aa1032d58d0f12c0400b6b4f7f3b3899b04840d50ca1e2fb5298894a8ce1f7e1172c1aa69190,52,868,7,125,4/5,0
HWS-005-BACS+,5,114,BACS+,limo02,1784198974334796326,1784199040223425956,0,0,65888629630,10,-99.21,-4.78,0x3b1428de7058ba5f33dbc83dc5cec9c1bb6ffc5a435fee506dbb6d4b142f1413378979ddbe5864cfcae532dbebc2ca1e6142f65d,52,868,7,125,4/5,0
HWS-005-BACS+,5,115,BACS+,limo01,1784198975918538620,1784199190773077768,0,0,214854539148,9,-107.71,14.83,0xd0b514e3b286ad93b76f657d663f8c2c3cc45a0799cde7afae172657d14fdeff777ec586759f92205be31a16e996b6f12c8f7890,52,868,7,125,4/5,0
HWS-005-BACS+,5,116,BACS+,limo02,1784198978405407637,1784199180454584559,0,0,202049176922,1,-106.08,11.00,0xfa5ee4464f020ccae39c79e6a80a14587a2dc1630718a30fc9e7cb3d4cce836e9d2d0896534f4808fe3e5760f8269fa13376257f,52,868,7,125,4/5,0
HWS-005-BACS+,5,117,BACS+,limo01,1784198983161347968,1784199138853626799,0,0,155692278831,2,-85.07,13.15,0xd7ed5d408d9722be04f90a017dfbae7082f695b9e0ed3925defbc106cc3f9ae35ec3c39cb4f7b887b67571f228872477fd70e5e7,52,868,7,125,4/5,0
HWS-005-BACS+,5,118,BACS+,limo01,1784198988453170966,1784199134263377835,0,0,145810206869,9,-81.32,-2.10,0x3c01bc0aba40f2f64a5df3d3e3abb77761c050281bc399f337c7a3329e9611ea340314534745b7ceea716693fba195b30db49111,52,868,7,125,4/5,0
HWS-005-BACS+,5,119,BACS+,limo01,1784198988711770635,1784199167308728761,0,0,178596958126,6,-107.48,13.62,0x28aece613f1c84b10ac5c9f58949fd2ac95b0d70193198cc6c98437ef894a0fcfe26daa0cd20f0377fa89641a93be20d75c133fc,52,868,7,125,4/5,0
HWS-005-BACS+,5,120,BACS+,limo01,1784198995274073656,1784199388905147319,0,0,393631073663,1,-98.74,7.67,0x024e3428352b5468f94470907c4b01de833af29de7df2323f2ece62b9574bd88bdaf65e68a5f1a28b1c4a740cd003de0da9fb8c4,52,868,7,125,4/5,0
HWS-005-BACS+,5,121,BACS+,limo01,1784198996601550531,1784199117273012686,0,0,120671462155,8,-90.09,10.62,0x42917903cb65281783615bbabf5f38ac75517a0655373b2dca5418cfa34beb8247aabbb94da50d4b49b182b3a1bb27901fa9ce24,52,868,7,125,4/5,0
HWS-005-BACS+,5,122,BACS+,limo02,1784198999230626396,1784199096870230227,0,0,97639603831,5,-106.76,12.42,0xd6c8f62ff13277c9b7cf2fcb2bd46fe0b049608d4f96a52dcd1a1f147d761e349980a9d3b738e6e59192e855284fbc4f0d564bd9,52,868,7,125,4/5,0
HWS-005-BACS+,5,123,BACS+,limo01,1784199003352978218,1784199223266752922,0,0,219913774704,10,-102.11,5.88,0xbcae33e3cad8ab978fabe6c9f67b60a8be609c4041b9af97b0194ad805099e5b283ec489085c5ab08e4c936ec6bb57af665c737e,52,868,7,125,4/5,0
HWS-005-BACS+,5,124,BACS+,limo01,1784199008829277962,1784199112044354007,0,0,103215076045,9,-102.34,3.02,0x6f15e7540354a1090c0369e3d9fc2f0d8aad48ac6415da3eb29979f30f0c9dc1490c4c3ef6d5eee723145c9523972c4d5071330a,52,868,7,125,4/5,0
HWS-005-BACS+,5,125,BACS+,limo02,1784199010310377581,1784199083011605817,1784199083011609192,1784199083184473217,72701228236,9,-97.42,-0.20,0xe9eece936a297bf468fa6e42eeeed30ea60294483ece362a57cc382630753f4c69148352044a3b3d2be2c756f31e9bd0a50ee4a2,52,868,7,125,4/5,1
HWS-005-BACS+,5,126,BACS+,limo01,1784199012080806553,1784199118148774269,0,0,106067967716,7,-86.26,-3.56,0x3183e42f4060602852b76b4b2d3524b662b9902b239bb04f3310ec542f857e957a47b6142d4fa67fe59fccecb8c0f743a57eebf4,52,868,7,125,4/5,0
HWS-005-BACS+,5,127,BACS+,limo01,1784199019079566991,1784199127523225144,0,0,108443658153,9,-104.06,-1.28,0xc5ad0d2608f31a62fded83c55d9164c29c00b1ce3970087f2a4074fb6e4d9b23c05688bc9ae2cb637892d4dba712ab6c63caa95d,52,868,7,125,4/5,0
HWS-005-BACS+,5,128,BACS+,limo02,1784199022300608376,1784199276931420048,0,0,254630811672,10,-102.78,14.06,0x9d3d2c9431a2c3dabcc59bd9f8e8a52952557b983a90dfdf44fbf2a7854b2d904bac37a601d5bf4be510716a3b4ea15fc501cfad,52,868,7,125,4/5,0
HWS-005-BACS+,5,129,BACS+,limo02,1784199023284859435,1784199127794905857,0,0,104510046422,2,-107.12,11.37,0xf76206d6e5d4d530261a1b6ac3c38e39631e7f6c6998cf123f12a233d234288cb0b92994b5c14cfb0b5bb7c72126be0317aaf277,52,868,7,125,4/5,0
HWS-005-BACS+,5,130,BACS+,limo02,1784199029387757534,1784199133973141094,0,0,104585383560,6,-94.99,6.50,0x74758d30d521ee79395bd8355708136b85d8fe2e6051da3bea4e5ae9663035a128bcfaaa1a5d5e577926e481df557a0f8dd45e24,52,868,7,125,4/5,0
HWS-005-BACS+,5,131,BACS+,limo01,1784199031963327719,1784199149255057323,0,0,117291729604,8,-105.85,12.47,0x34d2c619426104fdf005c10c55df6ddfd2d1489cd82da4b676d4d71fe9e1d50d33a99bc65e0a38cdba1213b126aee286b490367c,52,868,7,125,4/5,0
HWS-005-BACS+,5,132,BACS+,limo01,1784199034270709039,1784199310180085123,0,0,275909376084,5,-108.31,14.37,0xfb94092254c608515bcbd124cf56877c9e356a5fa486030b1b6d5fb0db1baa85fe79aeb8d0bf0886537700e3f15350feb4f91b4b,52,868,7,125,4/5,0
HWS-005-BACS+,5,133,BACS+,limo01,1784199037920969516,1784199211728109399,0,0,173807139883,10,-80.79,13.45,0x4c7396160b7074d3b65ce875cee3dc3376443906ab34c2e8473d97db8c503c344b8a6f8e4278e6d19219dc1f31e51970a8a61c3f,52,868,7,125,4/5,0
HWS-005-BACS+,5,134,BACS+,limo01,1784199042924809238,1784199176653695487,0,0,133728886249,4,-96.58,-1.72,0xf472bca2d4a0a2aee1489f6a8a09da514a26c6cc61350c6601817924b601919cc10cd0432cf8db1357177209afcd2bb00d2c1f8a,52,868,7,125,4/5,0
HWS-005-BACS+,5,135,BACS+,limo01,1784199044489593517,1784199150745527457,0,0,106255933940,7,-98.94,7.02,0x591f23137ce5a847955c6a6128399e8ddd3ac5ab1a12248ad0c10aaf1ef44891daf06fa2f4c09d04ad0f2ebfbcbc4cfd2ff62faf,52,868,7,125,4/5,0
HWS-005-BACS+,5,136,BACS+,limo01,1784199048394552204,1784199335948842173,1784199335948844570,1784199336114798578,287554289969,6,-87.94,6.18,0x4922cff85218b5833a65438a2824fd746a587360cb78f55c0cc733aab955a75d40a2539af37e7020db6d294d822a0c69fa785df1,52,868,7,125,4/5,1
HWS-005-BACS+,5,137,BACS+,limo02,1784199051713200836,1784199187779594668,0,0,136066393832,1,-108.03,0.41,0xd07bd8eb0fc02c0524da33424fd473081d4c523320cefee53edc8fe8ec9127a031df12b7cf4f728ddcb2a3c7990360fc72540f08,52,868,7,125,4/5,0
HWS-005-BACS+,5,138,BACS+,limo01,1784199055556205546,1784199223322278972,0,0,167766073426,6,-89.05,-2.88,0x134e01f0ee7655112d462ce461b2ded74574817423cff78ada994238bca0583b56be718064965c6dd7f5145cc3a3a5478356c082,52,868,7,125,4/5,0
HWS-005-BACS+,5,139,BACS+,limo01,1784199059776611578,1784199200914107964,0,0,141137496386,6,-97.73,0.24,0x2ffe1b2be05712ab8d35262c8d0465b5eb41ecb2ea866a8ef622383be7602ea0b35cdd53fd14f8ce5042e39a3957107d413b5534,52,868,7,125,4/5,0
HWS-005-BACS+,5,140,BACS+,limo01,1784199061012713813,1784199198140355822,0,0,137127642009,2,-89.35,-4.17,0x3d4d0a6e6952cc9482bf7633dd63db23466d84e30700ab74d93ff806090154e39e07bd1a18cd1c415225990ed3a244ee2d72b9bd,52,868,7,125,4/5,0
HWS-005-BACS+,5,141,BACS+,limo01,1784199063771493486,1784199229929059616,0,0,166157566130,7,-103.98,14.36,0xb23cf0f6fcd1632423fd1eed39b8e8cad7287e673a6e064ab9e25eaf185914df7c7a9306b7c4309aa68dc8d7288705f02ec1ad04,52,868,7,125,4/5,0
HWS-005-BACS+,5,142,BACS+,limo01,1784199066291353119,1784199156767695928,0,0,90476342809,2,-95.59,13.80,0x0b60f1be0b33b47614f8473cf448a574815995e89c4d5d5537372d02eba6643fa3a7b9e691effe827adca335efde8735fa57c0da,52,868,7,125,4/5,0
HWS-005-BACS+,5,143,BACS+,limo02,1784199069712408224,1784199276847652355,0,0,207135244131,4,-105.31,10.33,0x0ed8339d6a2b3cedb1a1b02c5fec996e1b24f0c1e31ac498789722a1c2484ec176d9cd624ce8f96d5b61d64714feefe2b0163d17,52,868,7,125,4/5,0
HWS-005-BACS+,5,144,BACS+,limo01,1784199074181984742,1784199351731970327,0,0,277549985585,5,-103.34,7.01,0x992ae07331cb3ebd95df526b44b9e15d346f6ae6ccabdae94840338414c7bed85795a00410727c9eded85a614a8f8e87a25075d5,52,868,7,125,4/5,0
HWS-005-BACS+,5,145,BACS+,limo02,1784199076339676522,1784199225876524334,0,0,149536847812,2,-109.03,14.34,0x0d07e05247cd6a431f9adad92d1a1d688095980fa9bc58536d4f9a753be713be47617236ba6ad3f473cb7ba9bb67da3c672b16a1,52,868,7,125,4/5,0
HWS-005-BACS+,5,146,BACS+,limo02,1784199082900133722,1784199275299120821,0,0,192398987099,6,-83.53,6.67,0xa3f14fe26cd6b3bb801673e064dba9df9171bd2e0889c1fa3b64c36bde4ebc97f737154c8de83a1cc238bd48a793792acd362d31,52,868,7,125,4/5,0
HWS-005-BACS+,5,147,BACS+,limo02,1784199086102315045,1784199177646457570,0,0,91544142525,4,-100.30,-3.65,0x9c2d4f4c212fe898dd7bfdcb8117333c0e4115a1de499805c80f8260285de21e1276699334e0349191b327dfb59d0c436c5faeb3,52,868,7,125,4/5,0
HWS-005-BACS+,5,148,BACS+,limo01,1784199088760813675,1784199346053993327,1784199346053997506,1784199346225515886,257293179652,10,-102.89,7.37,0x5b2336de06505439ae43573d8466747d2498ac6076d1ccf55973fb1b71113cdd4571cb37eb07f6f8e4715c4b66601e7997f9013a,52,868,7,125,4/5,1
HWS-005-BACS+,5,149,BACS+,limo01,1784199093364368298,1784199188808963951,0,0,95444595653,2,-101.24,6.98,0x91196b6d432bfc16a460426fe893db526e5ee633b8f417e50ed3dbd5a212bff732fee2583587c041353672cca54faf3ee8525b5d,52,868,7,125,4/5,0
HWS-005-BACS+,5,150,BACS+,limo02,1784199094116379737,1784199178857208236,0,0,84740828499,1,-96.61,9.70,0xc87eb19ddc6152a239eed8924891b6778afccf0622e758bd0b5f025d1745ea143b2fe12be4c49caf67e85562c75cecef332c1d88,52,868,7,125,4/5,0
HWS-005-BACS+,5,151,BACS+,limo01,1784199098964935219,1784199253235079403,0,0,154270144184,5,-90.73,13.52,0x5d7403dded1810bb07d2fcfd355adc7bbec0b343c405bb29c556ccf2c9fa4410dc7bb93bd7222adbf17471686fe3030f8afea395,52,868,7,125,4/5,0
HWS-005-BACS+,5,152,BACS+,limo01,1784199100424255151,1784199278054586704,0,0,177630331553,7,-81.88,-3.41,0x587e1fb0de5909cafdda96fb09dc4f5fa042e445ea958748098fe0d93bd2eb12611b2604727a9c21e40fb17fcd07193ffc5229fe,52,868,7,125,4/5,0
HWS-005-BACS+,5,153,BACS+,limo01,1784199103993597410,1784199172308404063,0,0,68314806653,4,-104.65,0.81,0xd90a8b705caddfee4e6c53850db10a6c85ee874cd3c3f933a37dfa89001c327884742d91dcd510b9d6443cab9679cc8e85b343d5,52,868,7,125,4/5,0
HWS-005-BACS+,5,154,BACS+,limo01,1784199107860385997,1784199211580978075,0,0,103720592078,6,-83.39,12.96,0xf962762413985b2768397f049b3c13208b8d29bd4a3ece846accb6d6c5fe2b0062c3fefa94ba53806437e4c309d646161aaa4903,52,868,7,125,4/5,0
HWS-005-BACS+,5,155,BACS+,limo02,1784199112968695751,1784199220171520506,0,0,107202824755,8,-103.56,-1.67,0x990927ff9e7e67ce2784150f229274c472142355ced725cfd28571c59f99d6df3d3c3f16e0eab2667969ca6374d875d49cd8f219,52,868,7,125,4/5,0
HWS-005-BACS+,5,156,BACS+,limo01,1784199114770438300,1784199229099026058,0,0,114328587758,3,-94.26,-4.28,0x6740eef75443bcedd3af8d6b1daa41358b6ac5a554e77610338e1cf2b1fb6fe4ab7409153fc912bd6410ea7c4fd8c355f480b763,52,868,7,125,4/5,0
HWS-005-BACS+,5,157,BACS+,limo01,1784199116761417350,1784199266253069269,0,0,149491651919,2,-82.49,3.12,0x414508e349d5c84d1ece38917f9542828a40701766f7423b3094e17d8e061584f7a4f9797212158ea10b7b75d825a91137ab8d07,52,868,7,125,4/5,0
HWS-005-BACS+,5,158,BACS+,limo02,1784199121960197586,1784199329826491999,0,0,207866294413,5,-89.55,12.97,0x08071ec707d77cf835cfdd5bc6d25b32f7c7d93b9c48f3acaa97a7f17e41f63534b62f76d3b8c64b5ffb740fc70c0acbbaf1a099,52,868,7,125,4/5,0
HWS-005-BACS+,5,159,BACS+,limo02,1784199125470756254,1784199212215207779,0,0,86744451525,4,-88.33,12.12,0x03070b1319d9074351e7704dfc9db50b7f823cf8bc8edb383f4b7d2004316ab3734f647cee2658d2f57f8ff9445d0cf132eaba0c,52,868,7,125,4/5,0
HWS-005-BACS+,5,160,BACS+,limo02,1784199130822995920,1784199279245476022,0,0,148422480102,8,-90.15,12.85,0xc78f58f8a416a1bb54489cef8a1d3c0918e36b575d7f57b1b70dd34e468a9095d8f75bf05090eb3dbabd70ec12d41fbc1ebae0c5,52,868,7,125,4/5,0
HWS-005-BACS+,5,161,BACS+,limo02,1784199132500950231,1784199341956083544,0,0,209455133313,9,-83.75,8.00,0x394a13f83a2b1f73699e2420477125c715d974f2a499d3461c87fd31a883fbab47be645317b52f6cb3ac576870077c2937ebf0fd,52,868,7,125,4/5,0
HWS-005-BACS+,5,162,BACS+,limo02,1784199137240294799,1784199221771323627,0,0,84531028828,5,-92.00,14.53,0x508d87891f8031af4fd12fc1b8f5c16e5afe4d26afd194a8c602dae213d02b9aadd0375036b811a8c3c7b54d07e155d0b206ea02,52,868,7,125,4/5,0
HWS-005-BACS+,5,163,BACS+,limo02,1784199138720874100,1784199318780618417,0,0,180059744317,5,-91.22,8.09,0x3aea69018c22b873bec8121e39e7cd0cf90a60aedbcacc5ae3dd258d5867231c5abc3535889344e95af782da4316833ddbdc04e8,52,868,7,125,4/5,0
HWS-005-BACS+,5,164,BACS+,limo02,1784199141820422911,1784199317458262883,0,0,175637839972,6,-87.09,5.98,0x667b0f98f4ea1ee2a9f65678ee652140bc7b13ed9c03c508d30bb095997ceda5f32d357a6f8f3ba9e4b44ab93848a32b8ff4feb4,52,868,7,125,4/5,0
HWS-005-BACS+,5,165,BACS+,limo02,1784199144164282915,1784199367328230102,0,0,223163947187,0,-104.27,14.20,0x1c6d34f8c2122ba0654fe253a7a656ac1c1ed67ed3886a794e7f3b108b3812ea5274461b056b26d46d320f66cd83e0180a87aca0,52,868,7,125,4/5,0
HWS-005-BACS+,5,166,BACS+,limo01,1784199150249636138,1784199350748464563,0,0,200498828425,9,-80.87,13.88,0x2a2c2bbc2a741670f663c667d06e52b676257ea0bed8022605ceaf287aa39415cf6df30c7e40c8d75912df65b6d69eed021f83d5,52,868,7,125,4/5,0
HWS-005-BACS+,5,167,BACS+,limo02,1784199153418893195,1784199373949763942,0,0,220530870747,2,-87.92,11.19,0x4bd89c96609c4a44e97160698486698a5e049b2a8a638e2e0fca7d536ad0399110acf9ed8bcc75ba708805faca08f86ebf337461,52,868,7,125,4/5,0
HWS-005-BACS+,5,168,BACS+,limo01,1784199156261718484,1784199372589191997,0,0,216327473513,4,-93.21,5.59,0x793d757ba5bdc3d5b473c2536f2f80dc869f751a4e61289891052f17f574615f00a8ae80ce09bfa232393825fb702eedb59e40e1,52,868,7,125,4/5,0
HWS-005-BACS+,5,169,BACS+,limo02,1784199158279926509,1784199235600792883,0,0,77320866374,10,-91.56,2.86,0x002437532944e71011f8cdb3fb4bfb72b0282521f01ffd4521ca4849504da7c50fb2b04429cfdfd42ea29acbbd63caa0e98f3cef,52,868,7,125,4/5,0
HWS-005-BACS+,5,170,BACS+,limo01,1784199162736219056,1784199319618629323,0,0,156882410267,10,-108.52,-3.19,0x300bcd5b8444d62c3d287f16cbcd02cadf1f3341edd87da9e3f55801b15383f673511f73c87626e5e8edb3bd4781010b7952d67c,52,868,7,125,4/5,0
HWS-005-BACS+,5,171,BACS+,limo02,1784199164162023490,1784199251005962323,0,0,86843938833,9,-92.94,-2.41,0x8aacd7b95d3d28eb3a8fcdd184753297f44ae0473ee7b23085b8047349482a5f2fa2c09ff6b474909c5fd1a3cae8f2b0b255dab6,52,868,7,125,4/5,0
HWS-005-BACS+,5,172,BACS+,limo01,1784199168709860131,1784199365213303045,0,0,196503442914,2,-96.36,-3.38,0xb5f49c13e9e351cd24efe0c64188579de9a3f3f5e390ccd30ef04a7ef00b8d8ea2d3bda6d2229d0af70b40383b9c45d02b8c76cb,52,868,7,125,4/5,0
HWS-005-BACS+,5,173,BACS+,limo02,1784199174684993805,1784199495814787995,0,0,321129794190,0,-80.42,2.50,0x0bd78b40a5002b489581904195168a25e85ef3cc32230a88b95d343ff1b4e47c75d41d3d1e798997ebef3ebded0a0d41d6cfffb1,52,868,7,125,4/5,0
HWS-005-BACS+,5,174,BACS+,limo02,1784199175765544424,1784199324932794789,0,0,149167250365,4,-109.94,10.90,0xad2e66cf788cee4e8fa8ba0de42ca0595d13b765d190820e9f939e32387d2ca564d9254307c164e550a6229833e1feaa178bccf4,52,868,7,125,4/5,0
HWS-005-BACS+,5,175,BACS+,limo02,1784199180813701426,1784199254035868685,0,0,73222167259,9,-107.71,10.85,0x3a52fab56399215258803bb69f85002696912777a610e2fd703b233d29a9ab3349f816f4316063a3b9078cb73fedfde121360807,52,868,7,125,4/5,0
HWS-005-BACS+,5,176,BACS+,limo02,1784199184917081715,1784199334048516289,0,0,149131434574,7,-89.27,10.08,0x49802bb87341115c89458bc025d878b1fe56ee0863bd0017adb1bc3ecf8b168182eaec9399b4e41dd792e1f28ed668c5992b9114,52,868,7,125,4/5,0
HWS-005-BACS+,5,177,BACS+,limo01,1784199185306105636,1784199500287479295,0,0,314981373659,5,-108.98,13.50,0x864fdb6f1f66be321d80e583973690fa8eafe306d3af75325cacd80315896d677ccfd74dcc367fa2c09d952706efdff8b3de740c,52,868,7,125,4/5,0
HWS-005-BACS+,5,178,BACS+,limo01,1784199191196877071,1784199284309594551,0,0,93112717480,0,-101.06,-4.27,0x1fc4900ae1d66a58c4f698c6744e0cf1b18d5b47b945ae20218076bdac4a5ca7bb090881ee05f42e99a2f46e2a26a3cb187ac7f9,52,868,7,125,4/5,0
HWS-005-BACS+,5,179,BACS+,limo01,1784199193546518366,1784199267143334783,0,0,73596816417,4,-92.06,-0.01,0x5e8e63027014293311f2b0ac3bb278832dcc773492a4e1ecbde211443118b20e3d3d86f59eb619da919a4bf312f307c47dd8297b,52,868,7,125,4/5,0
HWS-005-BACS+,5,180,BACS+,limo02,1784199195092727063,1784199538720502909,0,0,343627775846,8,-90.71,10.95,0xb3dc1346d4927459e28a14e5f54b8731870e8b29b2c431f47e68acf8bf9c87769fc7e8a1d5b7e55318e90be0de5f7272e399194c,52,868,7,125,4/5,0
HWS-005-BACS+,5,181,BACS+,limo02,1784199200461684620,1784199430881628544,0,0,230419943924,9,-104.73,11.49,0xaff283cc473da584ed4a7ea11b11e3305424e1b485c43ceb69befe1e3a9f08ee8ea8ed6ac576ea5d37161b9a766642bd523b2757,52,868,7,125,4/5,0
HWS-005-BACS+,5,182,BACS+,limo01,1784199204382156366,1784199407105528472,0,0,202723372106,5,-89.02,7.72,0x8b499a9b3c4d6baca57e18226797e5ede3a50c2c23f6479a4a25c79d6cf6afa3dd3cdf7d54656bc1ea69ffb02b80f3fd254235a4,52,868,7,125,4/5,0
HWS-005-BACS+,5,183,BACS+,limo02,1784199207200406565,1784199323109591839,1784199323109595436,1784199323278370199,115909185274,4,-90.02,10.29,0x05ffbadc575dfed91e5ffcf9cc57a9e383de0f55d250d11829cbbdd8d2627acce4780ee05ab649cbbb3b2a8f0bb4e01494ad1e3a,52,868,7,125,4/5,1
HWS-005-BACS+,5,184,BACS+,limo02,1784199211132061107,1784199365596064195,0,0,154464003088,1,-83.87,13.95,0x178352debd92dd696d39a0e6a44cf253d67024060d41fac1209d170d0bcb382d89b0603f1e3087e878215c2d16b452f3e381c7e2,52,868,7,125,4/5,0
HWS-005-BACS+,5,185,BACS+,limo02,1784199211457954433,1784199416486380089,0,0,205028425656,9,-91.61,-0.57,0xa59b9bbab0bfb4e72ad36197caab2797cb82a1e5dc39d996f6a217b9c497665a7bf158bd912f7ca195760afcd33f4b4cd8e35c0f,52,868,7,125,4/5,0
HWS-005-BACS+,5,186,BACS+,limo02,1784199217486281028,1784199524468856896,0,0,306982575868,1,-98.49,0.20,0x982cb334a700513b5fd4d8bd3f17519a8ad4604059908e091f32f4a03cecf62698ec13359fe33026575863eee286d6b78a10caa2,52,868,7,125,4/5,0
HWS-005-BACS+,5,187,BACS+,limo02,1784199221821355646,1784199279447578277,1784199279447580429,1784199279614654239,57626222631,6,-88.22,1.85,0x6f3904255d55e8c113ea59d472a059c1be052d00319c58d5e6ad44e43f1778be8eb5894668322ae22aee897a7e54cea66d403dfb,52,868,7,125,4/5,1
HWS-005-BACS+,5,188,BACS+,limo02,1784199221711464691,1784199351769967671,0,0,130058502980,10,-93.46,7.22,0xa4a7a1826bb31dc1183ba540c96a0e2104c9b6746555ad22c3bc45d12c8af0a4661d5542a725046e83a6f290567f3c26b9ab327d,52,868,7,125,4/5,0
HWS-005-BACS+,5,189,BACS+,limo01,1784199224927097332,1784199365030329009,0,0,140103231677,5,-95.75,3.94,0x97ba19e001b2151bebbf24c06be24a4bc56446671934385732c14f0a55d2fa563719dfcf9b22c765e5cd59f44ea4d535a0788b69,52,868,7,125,4/5,0
HWS-005-BACS+,5,190,BACS+,limo01,1784199229028723847,1784199315355380074,0,0,86326656227,8,-82.32,-2.18,0x6496b1c6e0185121ceff4f3da782b6d0c795d92f5f4bb4fbbe64dc5ed002eaf2ec6aa3f2042280cd56080ddd2258ba6d67fba7aa,52,868,7,125,4/5,0
HWS-005-BACS+,5,191,BACS+,limo02,1784199235149394247,1784199450592706827,0,0,215443312580,6,-90.83,3.50,0x662027c47b3708d0d5086bbef30079f04fcc12ae22788069c52cf4f33062d0d418903a4f6800b4128b7a027732914c6293b41005,52,868,7,125,4/5,0
HWS-005-BACS+,5,192,BACS+,limo01,1784199238948946510,1784199492718730905,0,0,253769784395,2,-95.00,11.50,0xb54eb7efffeaadac4db9a159dbff24622c5acbc92fe1aa5b5ce665a020519d39cbd082c30b419e0c0a68d09f4a04335d74ceded5,52,868,7,125,4/5,0
HWS-005-BACS+,5,193,BACS+,limo01,1784199240368555919,1784199400141824166,0,0,159773268247,7,-90.92,-0.47,0x580ecac3489f2ea74db0d91605bcdfc02d5fac879dd71f8c87f06ee9a4b93225c20713bfe3614cf015f8f140f45b9ca4077e2475,52,868,7,125,4/5,0
HWS-005-BACS+,5,194,BACS+,limo01,1784199243015106102,1784199329361204503,0,0,86346098401,1,-99.21,1.16,0x07b59b6830101599d6a397afe86038df7fc3e0a21bfa86030f5eb189367c150518d4d2b80aa4e72a37041a9ecd3182fd3e7227a1,52,868,7,125,4/5,0
HWS-005-BACS+,5,195,BACS+,limo01,1784199246023998052,1784199525627769450,0,0,279603771398,2,-108.30,12.29,0x516e3ed32486ad7486125a7985ed1539fa14ce20bc087f9e6529ead3b81b1ed5468b29c6e15a5bb97558432233a59d180b32450b,52,868,7,125,4/5,0
HWS-005-BACS+,5,196,BACS+,limo01,1784199250178426128,1784199477996405677,0,0,227817979549,9,-87.42,-3.57,0x3056232c9ddb930e969ad80e6243eea78b328e0120bf676488d555ad0a3359770d6ea38fd4e94c4a340187f540adb38e784a7d2e,52,868,7,125,4/5,0
HWS-005-BACS+,5,197,BACS+,limo02,1784199255849206969,1784199751263303138,0,0,495414096169,10,-106.56,9.52,0x309a4d88aba738a10887f15da549a8b741b25966ceb62e801cb00bed93a3007e714f9a884fbdf038f05e744ccff836b249d6acfb,52,868,7,125,4/5,0
HWS-005-BACS+,5,198,BACS+,limo01,1784199257260552442,1784199304136169561,0,0,46875617119,8,-83.63,6.20,0xcde78bc2fcbff5f687a49a9668b8579fe2e77798acbe3ee079af5886759a0ede5ecb21bfb38f662c735f3c2b2d2b8e8692a83b07,52,868,7,125,4/5,0
HWS-005-BACS+,5,199,BACS+,limo01,1784199260920249941,1784199366127328952,0,0,105207079011,5,-95.11,11.55,0x2eaa157a544ab0c4d0de171f4e26c8676466d4f628450731b685bcdaf0bea89ea71226d31fcc7718a21069acd0201a0578c2532a,52,868,7,125,4/5,0
HWS-005-BACS+,5,200,BACS+,limo02,1784199263448538116,1784199379707414441,0,0,116258876325,9,-108.91,13.68,0x67b662720975095729936da93ec975b64ad0860028b901bd2c5dbba72472b0b16d0aabb1996845a6acd5e2a237f21c2d695d26eb,52,868,7,125,4/5,0
HWS-005-BACS+,5,201,BACS+,limo02,1784199267337864600,1784199441753583165,0,0,174415718565,2,-94.03,5.42,0x40141963de45b6e1266db53ded8baa3f329e0f2362900935a113baccead789b83dcd08f72b0e24b22d358675f14d024f7eb64cc1,52,868,7,125,4/5,0
HWS-005-BACS+,5,202,BACS+,limo02,1784199271298616666,1784199402328336851,0,0,131029720185,9,-108.89,13.27,0x7da301daf8dbc2c775d3c51763f83113ad8989e1f5f36aae8139e6b07ba4873ba5470224823b5b4865937b4424e4da50ba026c31,52,868,7,125,4/5,0
HWS-005-BACS+,5,203,BACS+,limo01,1784199273575410696,1784199522147878887,1784199522147882787,1784199522322132659,248572468191,8,-98.73,-0.53,0x8c1baa09524badf3c0cb393bdc0f9f5bcb9b2491db19b284b1d223e89bad4142170ba593efe213997a07aae7406cc573dc95889e,52,868,7,125,4/5,1
HWS-005-BACS+,5,204,BACS+,limo01,1784199277117154912,1784199370826694018,0,0,93709539106,10,-106.75,-0.37,0x1cb8caef8ae6f44049720f136948793c982e5a803119d80bea8054a3898b508f8b6f8dbe9f1dbcfc704a0436d8b4eeea2cd8e9c3,52,868,7,125,4/5,0
HWS-005-BACS+,5,205,BACS+,limo02,1784199280731839833,1784199424687616285,0,0,143955776452,1,-86.17,7.71,0xe3f5b9475ce6f7accca1e2368b86d1611ef61ce2453b2bbbe4a3219b285406916c9992082a05bff9a1e8380d1e39c1cbf157b5af,52,868,7,125,4/5,0
HWS-005-BACS+,5,206,BACS+,limo02,1784199284514999981,1784199505142072161,0,0,220627072180,10,-109.80,0.98,0x82640c998e483addb3b5d3774d8c9596317b7de0711dfb1ce2233761cfec4a404ffbfc0b6c7fd4812ba6c1ed6f55922922942d9b,52,868,7,125,4/5,0
HWS-005-BACS+,5,207,BACS+,limo02,1784199287411653843,1784199526326962987,0,0,238915309144,3,-85.03,10.68,0xaf0fc11bd5ee84a51a24b8bea2df4835aacc57595edb5f505fbd5500b1ae51c130f799db3b6ac5c27ac9a7f7ad2b9b7840dc90cb,52,868,7,125,4/5,0
HWS-005-BACS+,5,208,BACS+,limo02,1784199292651446818,1784199478109471725,0,0,185458024907,1,-85.78,6.98,0x9e09e570772f2554fb5e7bd9940226a3c6e21c667c5c8d40aa17018c3380663abbd0c4ec2b4f7c7352e82ff3a76d3b2d29e000a1,52,868,7,125,4/5,0
HWS-005-BACS+,5,209,BACS+,limo01,1784199293524548242,1784199667673057964,0,0,374148509722,8,-96.37,4.51,0x64ef0416ce8a07e02ff2c1c5a02b85b824fd6bcddc2b61c1ccd0ac8d2612cdfb3162e16a355a931df929b90c78443dd294e0417c,52,868,7,125,4/5,0
HWS-005-BACS+,5,210,BACS+,limo02,1784199295899293127,1784199383889915247,0,0,87990622120,2,-90.90,-0.27,0xf50ed3e14c23ee7bae2420baa1c345671620fb4f87bdc4b352035db24e495dc8867c360f318e945cc0408caa4818a33d371a8789,52,868,7,125,4/5,0
HWS-005-BACS+,5,211,BACS+,limo01,1784199301714585048,1784199396823056102,0,0,95108471054,2,-85.79,13.05,0x4806390b9e9ae62f32a7581abedf6a00c7da70b61970010a21894d0b9646e32a49f889f174eb360af8bd05f1ce657604394e77d4,52,868,7,125,4/5,0
HWS-005-BACS+,5,212,BACS+,limo02,1784199303956876217,1784199374575439031,1784199374575440151,1784199374743230938,70618562814,8,-96.87,4.23,0xdb6c31566b6122f9fc4a1acf7794b6f7043160384f4254e4db833c1f0a6914307fd382c4782df5d0aacf683f7df61ba9c983e868,52,868,7,125,4/5,1
HWS-005-BACS+,6,0,BACS+,limo02,1784199306705520802,1784199428597112579,0,0,121891591777,9,-89.89,9.91,0x2c027ba9623b2b37b0c99a46b06ac0457d8408d897178552a542b35534b9b69acf411da01f134b0d68b5f27fe21b628c2f76f7f6,52,868,7,125,4/5,0
HWS-005-BACS+,6,1,BACS+,limo02,1784199313017632082,1784199425283583172,0,0,112265951090,7,-102.90,14.66,0x2e7ee0910175e595ba06e0ef8e2eb42da5d99fc2aa1ae1e2a7d671323ecf67d5304e7b23caffe0b6ebc97a1558c62a8e10f7e51f,52,868,7,125,4/5,0
HWS-005-BACS+,6,2,BACS+,limo02,1784199313891241408,1784199451092333290,0,0,137201091882,5,-93.58,7.98,0x951b7583a049c52b6c9a25b81784d0083fb36e9e8374356c59835fd1c74362d74c92b8fe6a9565848490146ee992e6d33e04a0f2,52,868,7,125,4/5,0
HWS-005-BACS+,6,3,BACS+,limo02,1784199317670395612,1784199419634438673,0,0,101964043061,5,-103.94,9.18,0xecfb3c4f624e25b228a1d4a336d3f08be1fef5237e3d0fd6f748099bff4e982a539066b556a2a3d5bebe8e3cd376fac4707f4470,52,868,7,125,4/5,0
HWS-005-BACS+,6,4,BACS+,limo02,1784199321223676314,1784199407852246265,0,0,86628569951,2,-100.63,10.81,0x2a39744836a960c9ae24700aab88fa67576fbf78efd5a4f0bee6e439b1df829528648aea1bbb79944488def76babde4c44d02af2,52,868,7,125,4/5,0
HWS-005-BACS+,6,5,BACS+,limo01,1784199324721228353,1784199437793757153,0,0,113072528800,9,-81.93,4.37,0x0c7489303f413c63d661b9c6101aea8b47698fd4989fc0796973c0cbff43e37d5a16b35287ed68dddb07918bcba31d9606cb2377,52,868,7,125,4/5,0
HWS-005-BACS+,6,6,BACS+,limo02,1784199327435459756,1784199589977803273,0,0,262542343517,8,-93.18,4.39,0xa9840528ffd15bf48f4b4216cd47bc9eb4dfee63c0893f5503e8cc2de462640bd2ad7af7f2a51289e2b220fdcfe6c8ed3f1f5c11,52,868,7,125,4/5,0
HWS-005-BACS+,6,7,BACS+,limo02,1784199330344680834,1784199463908139950,0,0,133563459116,2,-90.97,-1.62,0xfdaf70768537550c35155d9ed21fc2a11439275d9e374298b75efc1158a8e6d1a6bd3b15757618953c8324a1af58bcaa59fd4e47,52,868,7,125,4/5,0
HWS-005-BACS+,6,8,BACS+,limo01,1784199333616238187,1784199486309931221,0,0,152693693034,5,-87.45,-3.22,0x6b0f016f0c2852312d645d314924597dba6679386b8568d2a4a2dbbd5cb6f35802f5c4e5e547035bbca13ba677d2728ce2d75e42,52,868,7,125,4/5,0
HWS-005-BACS+,6,9,BACS+,limo01,1784199336091334395,1784199471356376859,0,0,135265042464,2,-101.71,2.32,0xed9be4947f4bebd281ceb8f48d52c8398134daf9702e0b5ae967064394a1e08a4fd7d7022f4554326c945908d41364b5cf601494,52,868,7,125,4/5,0
HWS-005-BACS+,6,10,BACS+,limo02,1784199342677641910,1784199493975450235,0,0,151297808325,9,-94.61,-1.36,0xa4fb6c18cbc33890e3f04ad24a82acc2b7382ff2dea48ef4726c9e390e68cce4b96f22ed90e3e0a0c6dc8ae77dc5309ce6b7ba35,52,868,7,125,4/5,0
HWS-005-BACS+,6,11,BACS+,limo02,1784199343078300718,1784199729844417365,0,0,386766116647,10,-81.12,3.30,0x17a3acbf38039ebe83f439338b6c2b0dae3ea39454b2d4360201c6ed4202c32e2c6205afcb6fc9d5aa52160f31212cf4338ab3ce,52,868,7,125,4/5,0
HWS-005-BACS+,6,12,BACS+,limo01,1784199349357455693,1784199408647091875,0,0,59289636182,5,-81.45,12.08,0x91eb50e2c95233547b57e6ecff1271f69b7281b23f2b282437261814b6790bcb69b165a507719c8e93e514d4ad81ae15aa48abef,52,868,7,125,4/5,0
HWS-005-BACS+,6,13,BACS+,limo01,1784199352618993955,1784199533654689720,0,0,181035695765,8,-109.97,6.51,0xd0a9a0af6d8efac5a04ecfa05f7266f0d5833a875a6a74fb37ca55a88917ea19ab6a367292597bb0aa0ce3aaf2e8706d0268422c,52,868,7,125,4/5,0
HWS-005-BACS+,6,14,BACS+,limo01,1784199356017162424,1784199543461873195,0,0,187444710771,8,-86.85,11.62,0x8ef131519a18bc2e09dcc8b8da4ca8bf040d5d45af5ece61734d89a20786358cf6955baaa028bf9ea357dae89b07425f84450f6b,52,868,7,125,4/5,0
HWS-005-BACS+,6,15,BACS+,limo01,1784199355933691974,1784199458408351919,0,0,102474659945,2,-81.79,9.45,0xed4e4ce1ce49ff074b7054dd35b05bfa4dec451300a791d6730286b58595d66cf538c9504955ba405e6abca0b234f79110080555,52,868,7,125,4/5,0
HWS-005-BACS+,6,16,BACS+,limo01,1784199358952294766,1784199563326686227,0,0,204374391461,9,-95.65,14.31,0xaada535d98a438bb7e5e54b837b9be9f155eeff57a8ecbd19433558cb016c14c1ea83f8149d288edce5487113ce73e1f7ee9739e,52,868,7,125,4/5,0
HWS-005-BACS+,6,17,BACS+,limo01,1784199363076143478,1784199578190130481,0,0,215113987003,7,-85.15,-4.65,0xde55231a490e55017084171058ba90dc9b5a3c6757cc6b170904195fc2db9ec23297128daa390a80c0912b2d2704abe8b023fc50,52,868,7,125,4/5,0
HWS-005-BACS+,6,18,BACS+,limo02,1784199366064516866,1784199568458009661,0,0,202393492795,0,-95.82,5.50,0xcaa71b8786fd25d8e8af72b43cc954872ab75ebbecfa992fa4c8c1a1f77b210bef3d2a68e0567432623f8adf046c8fed1d5c8be4,52,868,7,125,4/5,0
HWS-005-BACS+,6,19,BACS+,limo01,1784199369829060892,1784199739683083094,0,0,369854022202,4,-97.83,10.08,0xfc7f8d121a9d4dfc20d74a6643353d1b0322749d6bfe8556530ea76ee978d83dceba86a21c567b7dee710d2e7862a1585d2aff90,52,868,7,125,4/5,0
HWS-005-BACS+,6,20,BACS+,limo01,1784199373142812391,1784199640833518336,0,0,267690705945,0,-96.39,-1.39,0x9480666caf13ecb9d65b83fe44f111c8833fa564d95aa2079b70d4d1870b4de5aa886f3dd7eb2d29e717d9980305150931da125f,52,868,7,125,4/5,0
HWS-005-BACS+,6,21,BACS+,limo01,1784199376017053472,1784199543430706672,0,0,167413653200,0,-105.62,-4.40,0x1f72fe2132638c5bc3f009b1d1400c89eccb63e91c13f966043c327dd26196117101bb2f0ebcae26db0bc753dd06a6aff337ed81,52,868,7,125,4/5,0
HWS-005-BACS+,6,22,BACS+,limo02,1784199381101945374,1784199493229110035,0,0,112127164661,5,-87.35,12.89,0x88a60f93ec2d1e8e9dac77526222571f41b2c9c241d21382b62ac3bfe26cfd239dd1909655d65eb98d4c0d8b5435386d24d008ad,52,868,7,125,4/5,0
HWS-005-BACS+,6,23,BACS+,limo01,1784199384875780079,1784199438296890264,0,0,53421110185,7,-85.35,-1.28,0x26a94fbf65cfafc7a1f61925daddd13202683d0bd0d7505b7922f3b9e28211de172485f5c4e7759056a2164537a29703bb5cb3de,52,868,7,125,4/5,0
HWS-005-BACS+,6,24,BACS+,limo02,1784199386225379187,1784199644765533253,0,0,258540154066,5,-92.76,7.02,0xf9476b5f10bbc968bdad6888827383c0ccc1c9237bf62e0e576a8adfb06113b9fed7a985a2abfd866edb681122931fd6c12508bb,52,868,7,125,4/5,0
HWS-005-BACS+,6,25,BACS+,limo02,1784199391172227274,1784199646731830875,0,0,255559603601,1,-103.00,11.08,0xbbd457debbcc4630605d825f7ad0b498980fe54bac1bf06703bcc50210c0209bf4da6da52c704bfe63c9bca54a46e0b3dd1aa314,52,868,7,125,4/5,0
HWS-005-BACS+,6,26,BACS+,limo02,1784199392551621466,1784199484351731628,0,0,91800110162,10,-103.94,-0.02,0x3cffaa01e7fe8460c4ce429711fab32e3003741f7200a9962edc9d0488fb362ddd122ce5adff54d2954c226eafdc1e973769e113,52,868,7,125,4/5,0
HWS-005-BACS+,6,27,BACS+,limo01,1784199397685976654,1784199476905532980,0,0,79219556326,5,-84.29,2.61,0xce055b5ca5280ffdd404e30b2ff345fadfe5eb500e7a6c8b8e01ca88382c6dd91bf7cda95088a56bf6a3584e0ea8598e7e827f09,52,868,7,125,4/5,0
HWS-005-BACS+,6,28,BACS+,limo01,1784199398610267875,1784199482603158565,0,0,83992890690,4,-85.40,1.12,0xe22680036672154e993e7f3543abb9033d5240f6472949b0fbf12524340c8086ee47d7abde0946aa105417a52025ca8cdfadb372,52,868,7,125,4/5,0
HWS-005-BACS+,6,29,BACS+,limo02,1784199404986477898,1784199619065890358,0,0,214079412460,0,-108.69,9.57,0x926c2d5bdd29a13b9d45ab2950930e343019d9e748a9fe6daf10c1cdbca7151a49f553f6fc316094a5d4bb9d4b0174d9b62a72f6,52,868,7,125,4/5,0
HWS-005-BACS+,6,30,BACS+,limo01,1784199407396903016,1784199691156990731,0,0,283760087715,3,-109.06,9.33,0xce0d6476434eef6412c424cdecd818e0d29a0b7adf35e25f8ccc704a941bcde400fa6dc247b1514ef8a00a5d73edbb43b8971a81,52,868,7,125,4/5,0
HWS-005-BACS+,6,31,BACS+,limo02,1784199408596980602,1784199521153884631,0,0,112556904029,1,-109.56,5.98,0x6744b9c902099cbac9a67fc6aa5ce0fe99b7c0d4b271e0ab27fbfa7c70bac8ae76ef488b823aa0b3234fbe9c9172df12c68d3705,52,868,7,125,4/5,0
HWS-005-BACS+,6,32,BACS+,limo02,1784199413771889577,1784199660150009975,0,0,246378120398,2,-107.20,6.48,0xabaa0c565869ca8920f9056e707b4c02e34703d9b113d31dc666febf446fb75d8bde5ec65071d87becfeb3f5d239d74e921a50fa,52,868,7,125,4/5,0
HWS-005-BACS+,6,33,BACS+,limo02,1784199415762970417,1784199648710950762,0,0,232947980345,3,-95.01,2.31,0xe2ed6785ab6199e9d9feff602d4864b318ac376e325e20020833743c67f23336adc1a4fc74947c478be4abc2b52415d6330b0169,52,868,7,125,4/5,0
HWS-005-BACS+,6,34,BACS+,limo02,1784199418860651209,1784199481688971838,0,0,62828320629,3,-90.58,3.64,0xabe165446d6e8a302381f01fd1eae1a60b2de5359809375d7d632d082a15225bc836893b4780c7bbc345c0f6136d51ddaf5d4180,52,868,7,125,4/5,0
HWS-005-BACS+,6,35,BACS+,limo02,1784199421947917481,1784199607360642805,0,0,185412725324,8,-87.99,2.47,0xf0731878595b9b46cc93b5aa47b7c96ff7f736f42680647ecf18387821042e250cd804ae1dee6c6dffc6be9ac3df5c7982c652be,52,868,7,125,4/5,0
HWS-005-BACS+,6,36,BACS+,limo02,1784199426605046396,1784199640227697886,0,0,213622651490,4,-107.29,12.88,0x5a85d281be15dba9ce03b1d2947d6234b9e1575fa59b7150ec0ed741faf25138752633e5b8ad74e4a15e4a22f70a992d4addb133,52,868,7,125,4/5,0
HWS-005-BACS+,6,37,BACS+,limo01,1784199431031108937,1784199560824454374,0,0,129793345437,10,-99.00,-0.58,0xc118593bf3145adcd9af52da413789e364568372b0a38048307fc669a14c2beabdfaac422411dd59b1f00960b361038cc4902609,52,868,7,125,4/5,0
HWS-005-BACS+,6,38,BACS+,limo01,1784199431747869785,1784199517013000874,0,0,85265131089,6,-94.94,14.50,0xcd620c752aff3d7b7b2941bde919c8efd76cc2c1c44cede30174c2dd90d659a26531df337ce54d95c5d8bd77d8591290c263ba58,52,868,7,125,4/5,0
HWS-005-BACS+,6,39,BACS+,limo01,1784199437620312375,1784199556251104650,0,0,118630792275,6,-109.32,8.20,0x263336e24dbf4bcfc0ba3243aa7ee6d5602828665bd0c4ffd40d7657c9f8d79b53676f0a491ce6219d88a3caa1424327c2c39fb5,52,868,7,125,4/5,0
HWS-005-BACS+,6,40,BACS+,limo01,1784199439674726961,1784199576616669453,0,0,136941942492,6,-103.10,-4.71,0x677774fb8a2c73c95305b51dd6f7a11c4e30cc186e859dd4fd25783da2fff9e3d3664b6ae5a9b7c5b188098790a2c2169095f257,52,868,7,125,4/5,0
HWS-005-BACS+,6,41,BACS+,limo01,1784199442977654798,1784199675257456242,1784199675257460110,1784199675425424782,232279801444,7,-87.58,12.87,0xb11f60559917a64fdfd3a691b6ba1e43223276fa0316e1a47cd8590c16096c8f7a724cd1a60fb44bd1b5d8e753fb78f938e1c9e8,52,868,7,125,4/5,1
HWS-005-BACS+,6,42,BACS+,limo01,1784199444726619272,1784199776765259103,0,0,332038639831,9,-82.78,11.48,0x8a6069cffac98936741486c87ebd88c3bde9ebc1dfbb7ec258816debaa0546e24bc1f8d7ce7de8bcc63cfbf832b4d51c2f6f1ab8,52,868,7,125,4/5,0
HWS-005-BACS+,6,43,BACS+,limo02,1784199448422158457,1784199613175265328,0,0,164753106871,3,-98.67,4.47,0xaf13422250b03cacc6076fbdaaf29284b25e62d9dca6f33e4f73a1b876b89de2f2c78341b64eb5aae4a5369782779e706cc100f7,52,868,7,125,4/5,0
HWS-005-BACS+,6,44,BACS+,limo01,1784199450816373372,1784199530884557772,0,0,80068184400,7,-84.09,-4.69,0xde7e2dcf48642eef0d1e912b50c4914648e822304c33ab180b6336f240baa695babe55d923bdfe51c0c41d1284f7c8e956f19759,52,868,7,125,4/5,0
HWS-005-BACS+,6,45,BACS+,limo01,1784199456692016735,1784199689478465720,0,0,232786448985,8,-96.27,9.36,0xdca8fbc53b80c2dbd714603a3c7eacf376fbfc7113f44fde67e29ce1b2fea5546ba3e0369ae19d6abd54a30a0fcb52f409b8c335,52,868,7,125,4/5,0
HWS-005-BACS+,6,46,BACS+,limo01,1784199460237652536,1784199512494015900,0,0,52256363364,10,-100.32,10.29,0x9f41248f308ec95345ee02347a9dd9a275449bc79ff324d8da65b25c217ec0fe3c0baf354be592a1cfc2c25632d38b994e0b8eb4,52,868,7,125,4/5,0
HWS-005-BACS+,6,47,BACS+,limo02,1784199463480676896,1784199678250623954,0,0,214769947058,5,-100.16,4.95,0x222efc732c58d4afddd586adeda4c612f46d33f9b009657b39bbeaf7cdf95ac43fb536b3ec60fc0edf72663def5b1608f07cfefb,52,868,7,125,4/5,0
HWS-005-BACS+,6,48,BACS+,limo01,1784199466907325916,1784199863772242529,0,0,396864916613,3,-100.46,12.34,0x7fbb06fe9400bd8e32ee78868721cab79383170db393ddcc3b948c0b0df9bee24bc13b4b0be63f700ec32c0b53665c3df9450604,52,868,7,125,4/5,0
HWS-005-BACS+,6,49,BACS+,limo02,1784199470241824666,1784199715103351517,0,0,244861526851,1,-94.24,13.31,0x43f0c64b46f2c3cc800d7b79812ed268161ca5034cd2796bb08f757f993ffa46c2b4ca1ac05531dc61152bb50bc307046a33f1b4,52,868,7,125,4/5,0
HWS-005-BACS+,6,50,BACS+,limo02,1784199473146913150,1784199639829522245,0,0,166682609095,9,-94.66,-2.68,0xc34b24145c515abd34d1a12acf8be7a09d0cef3a83e6c3660c3752068d16813609a0983b7451e6dfa69944d5efdae1e2a21c0afe,52,868,7,125,4/5,0
HWS-005-BACS+,6,51,BACS+,limo01,1784199473674585536,1784199555273158240,1784199555273161594,1784199555444565008,81598572704,0,-104.59,13.97,0xa29982597d5634c9e2eec29684b12674ed37766f49cc4f8d8077422a553ff7b2465da04320142ddba545b281d77feee44cf0bb7f,52,868,7,125,4/5,1
HWS-005-BACS+,6,52,BACS+,limo02,1784199477637521161,1784199717284680340,0,0,239647159179,9,-96.66,-1.78,0x30ef797f85f912d61f0876efe2d57ab0f7cc35904daecfcfe825e1d0e5bc63ee1f9630dd46d8f8efb6189298910b5e5246c20a1b,52,868,7,125,4/5,0
HWS-005-BACS+,6,53,BACS+,limo01,1784199482892421909,1784199592922872328,0,0,110030450419,6,-80.64,11.98,0x7951a1f24f4031700d39e4a8afeb41a927c15f7255d9d565df6d6ee05f82b162158697b38b7b0fab03dd9f814382ac5d847d603c,52,868,7,125,4/5,0
HWS-005-BACS+,6,54,BACS+,limo02,1784199484133736460,1784199671119725170,0,0,186985988710,6,-97.14,3.09,0x703edc95f463ef55d8630eb73695c7b570dddef6b9fdd517db75cb13a8aaeaa87f4b51d8a64edc15b5fac0cf1bcf1839be9e8fb8,52,868,7,125,4/5,0
HWS-005-BACS+,6,55,BACS+,limo02,1784199488463108785,1784199555490389877,0,0,67027281092,0,-105.54,2.44,0xb5e99d37188d9b516f9c5669d5bf8a585cf20b7fe817dc9483eba2881743ed812e4997e4971b2766f7e64bd2363ecbfa1ba0e2eb,52,868,7,125,4/5,0
HWS-005-BACS+,6,56,BACS+,limo01,1784199490792621583,1784199559622598945,0,0,68829977362,5,-85.20,9.85,0x000c69079e8e65b91cbbda318a8146648661d98e8e2e3c5466a2cbd8857d15e7ec4051b778b3074282513260c98261a64aa61f0a,52,868,7,125,4/5,0
HWS-005-BACS+,6,57,BACS+,limo02,1784199495103659861,1784199575062180275,0,0,79958520414,1,-104.15,14.25,0xd27c177a34e0eed5e1e8ab33342c2fcf86ea179b8f655dc0e26f0e3869ce775b827758a46d2906a871228b97fd13d72cee187117,52,868,7,125,4/5,0
HWS-005-BACS+,6,58,BACS+,limo01,1784199496978038203,1784199665140557773,1784199665140561016,1784199665308904914,168162519570,10,-103.04,2.02,0x032e4addf81b4dc9db7c9fe32cfd289763b4da20762fdcda358f54a6d9184b17b564544c0893185f96b092b8af929b04c3aea602,52,868,7,125,4/5,1
HWS-005-BACS+,6,59,BACS+,limo01,1784199502539046127,1784199782398478734,0,0,279859432607,5,-102.04,11.53,0x320a5e8123043aaf9ac3f9e69d8347c75c2459c897875e74e51b734dcced3baede0dc8bf1ec7d88756a4fe24db5e984c25edb40f,52,868,7,125,4/5,0
HWS-005-BACS+,6,60,BACS+,limo01,1784199505330116515,1784199589668949641,0,0,84338833126,4,-101.95,-2.87,0x3f6dea97cb3c39d4a802a621af5763f19dae878862b15d492000500b182d690598a4f0832ced3f860994452276eaa637d9ba7e98,52,868,7,125,4/5,0
HWS-005-BACS+,6,61,BACS+,limo01,1784199509843307327,1784199819432412551,0,0,309589105224,5,-97.21,10.09,0x53a3adcc50b1c0590332c6c43ba7c58095bdf77b9c515ea936e485a658cbf679667652a02e8cb63d16cfb554eec22799e430e0ea,52,868,7,125,4/5,0
HWS-005-BACS+,6,62,BACS+,limo02,1784199510604871439,1784199788903120217,0,0,278298248778,9,-103.16,-0.91,0x957985f56f84094f394fe74237d23a2fba5eb4a71fa7c63431edb549ae125c35ce40c34a1ff67ce3370bae6d8fceff999749eaf4,52,868,7,125,4/5,0
HWS-005-BACS+,6,63,BACS+,limo02,1784199516370846933,1784199652717959909,0,0,136347112976,2,-94.32,2.97,0xba78b74592d5a16a5b635c9f92150ccb3c98ad7e94d289d5bf8cd4547e5035afee5d7cc189811f2124cd078dbd0e20ddcb367e99,52,868,7,125,4/5,0
HWS-005-BACS+,6,64,BACS+,limo01,1784199517949729048,1784199658420253558,0,0,140470524510,7,-108.31,-3.75,0xeeb12769edb2be8a01b2f488444bc00828c8359ff99ad4f508aa69a23c4503f78e18a5e7041d9c490a20257a0ae09536f74b3d31,52,868,7,125,4/5,0
HWS-005-BACS+,6,65,BACS+,limo02,1784199522603000648,1784199722327633292,0,0,199724632644,2,-107.26,8.61,0x8f7c370eb62c4aadc47220d22c473c0a07dd8b04ca170dcdf6454ed202f45c6a9a1a63b2d79746509ba868a8b6136c4678b08d2f,52,868,7,125,4/5,0
HWS-005-BACS+,6,66,BACS+,limo02,1784199525781608284,1784199602953904139,0,0,77172295855,7,-101.19,3.98,0x99012d78f2521cad08076ed5b6816ecd8447999b9117ee2033bae3ffa310f6814a9736535be695d9ef8bdace3436997bdbd668c2,52,868,7,125,4/5,0
HWS-005-BACS+,6,67,BACS+,limo02,1784199529184778312,1784199670704847947,0,0,141520069635,5,-103.04,13.27,0xde035851cd468b9bc46dd9b260777a75b420550cfaefecb5d27b3248e1361ae637fee1636f48f26b21a4466df2867ede06a35860,52,868,7,125,4/5,0
HWS-005-BACS+,6,68,BACS+,limo02,1784199532607011174,1784199760488341984,0,0,227881330810,4,-99.15,11.75,0x3f447ff6257ac6e9ce47761cccda9905bd7d726e653846914366632996bf03f0cea3df61a11c0279615e0caf74e3e8b0c929074f,52,868,7,125,4/5,0
HWS-005-BACS+,6,69,BACS+,limo01,1784199535491152631,1784199629990855794,0,0,94499703163,0,-83.45,4.61,0xbe9df716a8293e4aaec20ea3671cdd781e8bf2e021b24d92e2970a50069e32cf99de4f4936128351ee681220920a16dfe7e66aac,52,868,7,125,4/5,0
HWS-005-BACS+,6,70,BACS+,limo02,1784199538628778561,1784199648489171881,0,0,109860393320,0,-89.37,-3.76,0x5563423779f9b3589831da1eaf908d00da24137e4da6a217defe209271466a642d8f6f6337e9dba44c141aacdad1ecbf08cc47e1,52,868,7,125,4/5,0
HWS-005-BACS+,6,71,BACS+,limo01,1784199540940122788,1784199813982587397,0,0,273042464609,6,-84.59,5.66,0x24ed636f145fcc4d175c7ed3bf8ee948b3c43176e594cedbbe6f1afe4d51decf41aec2ae6faf85d8afba989a013b9d593075b4e0,52,868,7,125,4/5,0
HWS-005-BACS+,6,72,BACS+,limo02,1784199542851372071,1784199686841424844,0,0,143990052773,0,-104.41,12.41,0xafd0d8f238708537abd7dfa66cd27399ddc29feca6968c65c1717859c65cd41231d3409ea483fc48e0b5bad90761ebb8fb2ec4aa,52,868,7,125,4/5,0
HWS-005-BACS+,6,73,BACS+,limo01,1784199548764668729,1784199607905069869,0,0,59140401140,2,-106.54,7.09,0x58df5e4b26ac044fbce5f7967720f2e930d8d15f9c4cf78731d20a336000c976267845afc02bb7dac8d7e3e509e1991088df54d6,52,868,7,125,4/5,0
HWS-005-BACS+,6,74,BACS+,limo01,1784199550375887983,1784199688696940567,0,0,138321052584,10,-85.55,7.88,0x7f49d6482bd39d44bd395ec666f487b8a800d131e4770b8b55b40c86aefaed22f8bf3b403a0b195154a31169b1032928ef98a5c3,52,868,7,125,4/5,0
HWS-005-BACS+,6,75,BACS+,limo02,1784199555258116365,1784199686788594826,0,0,131530478461,3,-90.88,8.53,0xefa286d0f2c6a7532b49d6098e16b9ba35e09db671cb6f689008ea39aa47077cd46e3c8192b3fe660755122f4ad070911ad5bcdd,52,868,7,125,4/5,0
HWS-005-BACS+,6,76,BACS+,limo01,1784199557062545684,1784199783399671017,0,0,226337125333,7,-91.31,-2.66,0xe1e19534c1583488ad8f0619c7c05a656ded27575ba407941b60208ee7921ece9fe7d609105027cfcfae939bc7f0d524a21ca42e,52,868,7,125,4/5,0
HWS-005-BACS+,6,77,BACS+,limo02,1784199559828500188,1784199747265410632,0,0,187436910444,7,-99.25,-2.34,0x6285353f005d2a68d0c8ce084aa4d73028be7f9d7edb2a06ea4aedf1d8a73bb56b946e557ab69aff5f1681b3c7ad90a16eeed03c,52,868,7,125,4/5,0
HWS-005-BACS+,6,78,BACS+,limo02,1784199564678567381,1784199843955322572,1784199843955325000,1784199844127289019,279276755191,7,-93.07,-2.79,0x2c708fdb38191be055325d089b5a254686b6e372ee3e1779bbce1c2774877bf6d14e21365d5386fbf6666056549dd4009594df82,52,868,7,125,4/5,1
HWS-005-BACS+,6,79,BACS+,limo01,1784199569314649294,1784199724288058642,0,0,154973409348,4,-91.77,1.08,0x8a0ba615a626bf9097e38db41f7af58ebd852b35dc74ebe9d454eff172f04ca5df738800e58e2e21140c730f02224f5390cad7e0,52,868,7,125,4/5,0
HWS-005-BACS+,6,80,BACS+,limo02,1784199571694824615,1784199690960457167,1784199690960461256,1784199691134347336,119265632552,0,-102.24,8.89,0xf1003e92a4d9942bb4ac812d2fdaa1f3ecf054e57ca69d7eeeb8a468db31e5b32a0e6c40651a78af235cd546fd750b8825108865,52,868,7,125,4/5,1
HWS-005-BACS+,6,81,BACS+,limo01,1784199573243968433,1784199811895271052,0,0,238651302619,4,-87.00,7.80,0xa6e15e73b6d727f51397b769ac208c7a14e64643d07312f4bd1466f32c4b98f5e0d2daa715c03640755d880a0c6603d3e46f5a82,52,868,7,125,4/5,0
HWS-005-BACS+,6,82,BACS+,limo01,1784199576757862826,1784199692615852804,0,0,115857989978,3,-81.36,0.70,0x9278209c8849edd45148ec83871795642cd97ee03d45366dc43551103d6370a248e8c7cc0cb15f7080c6089d30acf131f2cb8f49,52,868,7,125,4/5,0
HWS-005-BACS+,6,83,BACS+,limo01,1784199578894803034,1784199793052572000,0,0,214157768966,5,-96.08,2.95,0x129712c4a62186aa70af9d772945c8372a755d8bf5185767827e018843b546cf0330c78956114f2b72b8cedea85f1e9633d1fc02,52,868,7,125,4/5,0
HWS-005-BACS+,6,84,BACS+,limo02,1784199585546961940,1784199777508321074,0,0,191961359134,10,-95.87,4.90,0x54f06706b7cb4306b48742cd7a0c3825adeb001a7cc8a77a2511876e950cd4d107c7fb49daeb0d6b0de6666de467034be7db7caa,52,868,7,125,4/5,0
HWS-005-BACS+,6,85,BACS+,limo01,1784199586402219050,1784199686281115527,0,0,99878896477,2,-83.18,4.17,0xeafdbe655ac5edc9ad8f964c4343a881825e3d23df340b30ca15a5764b603923b6b011f1b502cd8b36c854174dbd100bb764c79a,52,868,7,125,4/5,0
HWS-005-BACS+,6,86,BACS+,limo02,1784199592510689405,1784199862165340838,0,0,269654651433,1,-94.72,-4.63,0x1686169dff156506eb144e7f4e7f6dc7bb79e88650300eef30a2f3c2f16dccf49153169db59ee420699db86abc8bd10f8307169d,52,868,7,125,4/5,0
HWS-005-BACS+,6,87,BACS+,limo02,1784199593983336644,1784199733656542962,0,0,139673206318,4,-84.84,13.00,0x8f92d5d59c72b891163329e7d478f8025c2d6dd42cf03a8a88865d02f9125c02318a3ec7044f72f506573365b43a15a0e5e2dee0,52,868,7,125,4/5,0
HWS-005-BACS+,6,88,BACS+,limo02,1784199595471261459,1784199748267916428,0,0,152796654969,4,-91.50,8.14,0x5e87db05bc309655dd56cb7f37ce492dc8a6694848b7c577b474fb39e7a2eaca0eabcc3b2be355d6b44ced11ee97cff66f1b5099,52,868,7,125,4/5,0
HWS-005-BACS+,6,89,BACS+,limo02,1784199600252484891,1784199726369233818,0,0,126116748927,7,-99.07,-4.36,0xd934a625741a8545922df1a0473d4a64ed8199fee5d345c755252e1b0fb7c54bd1eadd9f31e94108c585442142b7b005e4fe78a9,52,868,7,125,4/5,0
HWS-005-BACS+,6,90,BACS+,limo02,1784199603838146840,1784199726160480707,0,0,122322333867,7,-80.25,13.00,0x40fa6bad7321026ccf113ecbfb3efb860bc30d31ac620eebed9b9821d55d991e3a1b26f8ccce647f6c82a7e7e723aa5730b94bd8,52,868,7,125,4/5,0
HWS-005-BACS+,6,91,BACS+,limo01,1784199607812549164,1784199794118457756,0,0,186305908592,6,-94.70,-4.94,0x444cc751678ed16157d1b616fc532a0e6a1f14887600811685ec62ffca305c644bb2188350e8ccde3e6cfd9e17fc8363fd4af261,52,868,7,125,4/5,0
HWS-005-BACS+,6,92,BACS+,limo01,1784199610595094531,1784199723555120437,0,0,112960025906,7,-107.91,2.36,0xf89440cdbe994f9f60d8ad7a2005a15cec9b02d98d6cc272a9122fc523c11ef4805bfb2c950ba30098dc42bbb73e6374997bdbd7,52,868,7,125,4/5,0
HWS-005-BACS+,6,93,BACS+,limo01,1784199615098818958,1784199818948188232,0,0,203849369274,1,-92.93,-2.75,0xe5c498b0494de279170d9273187a46ecd3a4bd67645ed157e5536d290922422c1e00b3b279b9256c2d674a305672c173c4591eb8,52,868,7,125,4/5,0
HWS-005-BACS+,6,94,BACS+,limo01,1784199617642044759,1784199756143550874,0,0,138501506115,9,-108.34,-4.32,0x5def3c4fbfa1119661e90f80e57523cdc3ae6789ace5e7297b7696b0da3a96b75663eda432e26bff0ca3b2ad0150331107211306,52,868,7,125,4/5,0
HWS-005-BACS+,6,95,BACS+,limo01,1784199620177316978,1784199695958610113,0,0,75781293135,3,-88.51,1.06,0xc415bcfbadecc5e41bd5bedaec0447803bf8b489674a3d92f9fc646ed8b301795cd1e41361bf1b81d5234c6f1d3a413097d34d3b,52,868,7,125,4/5,0
HWS-005-BACS+,6,96,BACS+,limo02,1784199622857370670,1784199822352310694,0,0,199494940024,3,-99.65,13.02,0x50cf752ac829c5ae47f4aa73a89cea3b1bf15d6e344e006ea97656f36858e129d2499edec11834273f3590bc6cfbbc8a7a8732c0,52,868,7,125,4/5,0
HWS-005-BACS+,6,97,BACS+,limo02,1784199627642065396,1784199768634760957,0,0,140992695561,1,-102.09,6.99,0xd938e8c74dd1bcf0dab23ebe274f354f6ac3ab924e23fa3a9633282bb2e85710b376dac62b2d3e1a51efe818849c735fb2614bfb,52,868,7,125,4/5,0
HWS-005-BACS+,6,98,BACS+,limo01,1784199632107201136,1784199729859194255,0,0,97751993119,5,-81.36,7.64,0x4d2585f96a5ef2ec75b4412a37d93fd28ad6a28bd2326b7ebbdc53d989851593acbf0cd68591796cb2fc60466e4cc65576dbfdb5,52,868,7,125,4/5,0
HWS-005-BACS+,6,99,BACS+,limo02,1784199633991076429,1784199814070553741,0,0,180079477312,0,-101.59,5.62,0xf3110fbc7e9f1674a981e16003803d7e968e53ea5b3dda55b5855d6af4b6bf556cdd440dd2928c068428a3c4800dd196ec9a4fac,52,868,7,125,4/5,0
HWS-005-BACS+,6,100,BACS+,limo02,1784199638409961268,1784199930857821423,0,0,292447860155,2,-102.14,10.01,0x5150b54352fb0ec02f6df3ad89c000845ad02504a081676fdfe4d7687519c3582844886b9e46f860cc36d9a391aba2697c6ae8b6,52,868,7,125,4/5,0
HWS-005-BACS+,6,101,BACS+,limo02,1784199638796561559,1784199912177780265,0,0,273381218706,4,-104.34,5.46,0x23900f775baee7fd03eb0075fc5d28bdc5a66a93f988c7a87f04915acb84e89b3d128ec2fdb311b102e5a49dcc1925bd1b36573b,52,868,7,125,4/5,0
HWS-005-BACS+,6,102,BACS+,limo02,1784199642683011718,1784199758500602881,0,0,115817591163,4,-93.42,12.62,0x4de81a208e863f3e764a1480e64924c3a7174322298f5baf34a039f7ea5b6defb36ee425882a878da297ccb23d48e589a3b828e7,52,868,7,125,4/5,0
HWS-005-BACS+,6,103,BACS+,limo01,1784199645827477537,1784199742775178434,0,0,96947700897,4,-82.09,8.82,0x175c51484300608fef0fb561760ccf16f11f27e752aac8b9f8b89a7584a2cda02fd2e845297fd01f6bb1d39cd74b123613f74277,52,868,7,125,4/5,0
HWS-005-BACS+,6,104,BACS+,limo01,1784199648321806562,1784199743053588226,0,0,94731781664,9,-106.10,10.13,0xe02f6420aa01b9978e19aceb0cea6d14699d302491a2a88de2fabe8ea802e2824cbbc3a6432804fb68e349b135942d180dbccbb7,52,868,7,125,4/5,0
HWS-005-BACS+,6,105,BACS+,limo02,1784199653389257322,1784199715784964881,0,0,62395707559,7,-83.69,-1.65,0x54615fbd16ad1bf3754318d1be92961a29f5882a0c006200bad38755d3f590e17d392f2df1136055ddbd67524e1b95e4eed434bf,52,868,7,125,4/5,0
HWS-005-BACS+,6,106,BACS+,limo02,1784199656906064410,1784199752483814374,0,0,95577749964,3,-84.83,-1.43,0xe9f1f1d3985fe9ee3d5646c0ae3cb3e127024caaea414ac795cdce44682b0fd9e1bfcc3197a83d9ffb0e5e15f3c1dcef689e1c93,52,868,7,125,4/5,0
HWS-005-BACS+,6,107,BACS+,limo02,1784199658602382206,1784199814194726987,0,0,155592344781,9,-109.76,2.59,0x7b692b5d5e2c71b010071dd7e48bfc7bf4b49e45d4d184064a3f205510474fc15521ec858058c2538c6771356132d9c5d256b838,52,868,7,125,4/5,0
HWS-005-BACS+,6,108,BACS+,limo02,1784199664526369997,1784199738804644563,0,0,74278274566,8,-99.28,14.64,0xc943057be5a2ff3fe00dc04b584d1eb565d93b0a239a13771c121df3db042d251df20207a45ccbbfa57a0b54640b4fc73642ffec,52,868,7,125,4/5,0
HWS-005-BACS+,6,109,BACS+,limo02,1784199666052814816,1784199893290715512,0,0,227237900696,6,-108.14,11.79,0x6b5fa542815e6223104cc2fdd981dde3db9fc0f955295a54517e817314026f53315492d5a7fcc4448a3d62a9fefddaf04b4b02bd,52,868,7,125,4/5,0
HWS-005-BACS+,6,110,BACS+,limo01,1784199669588987070,1784199770741074368,0,0,101152087298,6,-109.77,9.17,0x415f7140001686db083e6338a7d7447aff57ad2cc3a9b6a758a398410171890f55d814d7c82df0f7ea9cbb5a16d7846e4ebe2125,52,868,7,125,4/5,0
HWS-005-BACS+,6,111,BACS+,limo02,1784199671557842706,1784199771257970363,0,0,99700127657,8,-86.49,5.82,0x2d7a76e43ebd2b4c604ab153a331bd80e9c1fe25c0dae2c9ab4650453f67357cc64843f8b4139aba6c0d652df6a46ee9d1da26fe,52,868,7,125,4/5,0
HWS-005-BACS+,6,112,BACS+,limo01,1784199675571023743,1784199859623617427,0,0,184052593684,3,-81.45,9.24,0x4e8f50cab4cebf618aecaec6ff69c285b250acba2c0ef79106f29798912c6e168d7bfa522163064c99e17d25fb184c6cd758686e,52,868,7,125,4/5,0
HWS-005-BACS+,6,113,BACS+,limo02,1784199678441522725,1784200130484207095,0,0,452042684370,10,-81.76,12.84,0xf1ae1878b99b0aaf22b2769a76fdea3a4f9e9d9e06bd33a520fbb59d1d61b0cdab938c153e1b237125d97284735343d5d0571efd,52,868,7,125,4/5,0
HWS-005-BACS+,6,114,BACS+,limo02,1784199681388911159,1784199868591847446,0,0,187202936287,8,-98.07,-1.32,0x04710a1092b65655e3d56f19b7866963a6046e70e78210604a137d853fb01a9249b60657f6ad964ee61976f42c9c122c213cd06a,52,868,7,125,4/5,0
HWS-005-BACS+,6,115,BACS+,limo02,1784199684533818905,1784199889706003955,0,0,205172185050,9,-109.64,1.55,0xd6d93221a334cf48ed71547f85224076c247ebb0c5cd827eeb082b3f645fa4856a035c88fabc2dec034e7cc0fd0fe74dcc8973e8,52,868,7,125,4/5,0
HWS-005-BACS+,6,116,BACS+,limo01,1784199689087733663,1784199937565999862,0,0,248478266199,10,-95.11,3.76,0x6529c25199e1217d13ac282e176f3f9c6ca6de7f2f8a515f64f8017431809ef3268c675f94aceb01e294901e46c7287efb26ce87,52,868,7,125,4/5,0
HWS-005-BACS+,6,117,BACS+,limo01,1784199691541973994,1784199922696104183,1784199922696109088,1784199922868895396,231154130189,3,-104.60,2.87,0x75d2f1e2be73476865cea81d373b8a501270f3411544e502e87c4caced536aa1b766272673ed8a8a643adeaa42ed08c53dbefdca,52,868,7,125,4/5,1
HWS-005-BACS+,6,118,BACS+,limo01,1784199696365297303,1784199797531442391,0,0,101166145088,7,-97.48,-1.81,0x59628ef01026a80e46c56e176f07d78598c763aacf615401f67bba2db0d4f8cbefbea144407104a641c6ed46a6f36c9eb8b27a1d,52,868,7,125,4/5,0
HWS-005-BACS+,6,119,BACS+,limo02,1784199698495057858,1784199846442686877,0,0,147947629019,1,-85.16,12.10,0xec0986b989e8a72503c0737529e4566062ceb2778a7c98b45b209abf170773dc2ece178733511d2f92749b7e8e74e12087623836,52,868,7,125,4/5,0
HWS-005-BACS+,6,120,BACS+,limo02,1784199703689261850,1784199751374345167,0,0,47685083317,7,-88.57,11.58,0x1f9e2b82aa48d139365f8d7c5f725a375a48abc0a4f3e59cdf005d527612e1b9c6e470d54edb0a6272a0cdf3ae9ffcbe956f8c50,52,868,7,125,4/5,0
HWS-005-BACS+,6,121,BACS+,limo01,1784199706623594290,1784200212009684566,0,0,505386090276,2,-82.69,5.57,0xe1feed1d6cdcd353e90393c76e2bec28a0e6b234e2ee5ac6c25b37268a3c08262f68916e1062d78f189aee9433d6d82c7df683cc,52,868,7,125,4/5,0
HWS-005-BACS+,6,122,BACS+,limo02,1784199707289221065,1784199974296340103,0,0,267007119038,7,-87.95,5.59,0xb636588f8b865f624fb372518912d5169604ebabda667500bddc0e57f5053ba87fd39b4434d7589d36781128ea773ca0f6bf3b0c,52,868,7,125,4/5,0
HWS-005-BACS+,6,123,BACS+,limo01,1784199711423819458,1784199859616248327,0,0,148192428869,8,-90.77,3.51,0xc585ae7e1c58c81956492468a712333a89c3f06f3b8419c329627b5a8dbf655a8694930f4fe9dd2a4cd6ca2eacb01d7f7394eae1,52,868,7,125,4/5,0
HWS-005-BACS+,6,124,BACS+,limo01,1784199714375026505,1784199920280380477,0,0,205905353972,6,-108.20,4.03,0xb1c0bf964350fff71a85df44e88bd26c5d74382ff0e06ac3d297721d1e36deb553d1543cb9921c674bbe2399891cfe475af06ab2,52,868,7,125,4/5,0
HWS-005-BACS+,6,125,BACS+,limo01,1784199717918581429,1784199831175645709,0,0,113257064280,10,-98.23,10.38,0xdf5989d06b7a0d231054e1ecf7408bf9ba62009cecf5e2170fd4acd040d280fa4f5c9712f361e7f5f1533bbeab9823abb0a61c2a,52,868,7,125,4/5,0
HWS-005-BACS+,6,126,BACS+,limo01,1784199720430343261,1784199937168179908,0,0,216737836647,8,-87.70,10.42,0x8c9a20bcccec13149eff3ec90c110b43af3029bf74e2bad69c1abfe2c904bf17529cadfa78dfdaf89d29d39e5408269fcee3ca04,52,868,7,125,4/5,0
HWS-005-BACS+,6,127,BACS+,limo01,1784199723598976183,1784199967237316431,0,0,243638340248,8,-90.28,-2.12,0xda66644bd5ffd1b58ad9a985a7d16eee1a8915d1b4fd6f2c66360a2beef372c486b25178e616dc099f9428c8196677e5694749b2,52,868,7,125,4/5,0
HWS-005-BACS+,6,128,BACS+,limo02,1784199728957048819,1784199847605299595,0,0,118648250776,2,-97.13,2.95,0x3136c5fda2e970aafd253149cde7b8d34ad6e76f1c14e2477ec97933e748dc30110474f20650848920826f4e283db219057e1d00,52,868,7,125,4/5,0
HWS-005-BACS+,6,129,BACS+,limo01,1784199730752191811,1784199954046546445,0,0,223294354634,6,-101.31,5.71,0x20ee2f6572ad3e1edb370b2a57457548bcd5060166ba0d32b1149d846e2316e56eeaa55cf54accad4803cf585913ffbf6610586e,52,868,7,125,4/5,0
HWS-005-BACS+,6,130,BACS+,limo02,1784199736107937996,1784199987883990271,0,0,251776052275,0,-93.63,-2.22,0x915e7da743d3a763ca1e7d94ae90f4620618805dafd3d81153fa405c9583f1d67d1cf76d846d947f2de63a398fa96d5ed57a4188,52,868,7,125,4/5,0
HWS-005-BACS+,6,131,BACS+,limo02,1784199736895663209,1784199923524896987,0,0,186629233778,5,-99.76,4.26,0x8f62f168d23bd95a16c95c1a71524525f352dd448ef58c24e79687df866adda000817ed605db50af71241318d17414bb952372a8,52,868,7,125,4/5,0
HWS-005-BACS+,6,132,BACS+,limo02,1784199741955727837,1784199915291303615,0,0,173335575778,3,-86.01,12.27,0x84affb5e8fec69824d74be035a7a6bbc6c8f09fbc05c5f1b2a9ed2f05cb94f46485fe138591af7102607c252188fba45e26a803e,52,868,7,125,4/5,0
HWS-005-BACS+,6,133,BACS+,limo01,1784199747019121349,1784199917343701250,0,0,170324579901,9,-107.30,12.46,0x3826e0adb9455f14032ea290d68c498b2553e642c5e54114487953155b2968d825727528471e0dcf11d3e213a626767e7eabd3a0,52,868,7,125,4/5,0
HWS-005-BACS+,6,134,BACS+,limo02,1784199749383160714,1784199949915728789,0,0,200532568075,0,-100.54,14.84,0x8b145ae452fd21dd827aaf430464890bc78c32db097d9e6d62cf5b0c35691ff2f1a473f382a0dc41b97655a23b273c57f49892e8,52,868,7,125,4/5,0
HWS-005-BACS+,6,135,BACS+,limo01,1784199753634554802,1784199939296869214,0,0,185662314412,0,-104.76,11.60,0xa48f5e94d40aaf41c13df725ab760b19e5250ae1684a21a57d0a54236539f9bd2ccdfa69d3fcde7f2c7df209f8c59620bb1ca1c4,52,868,7,125,4/5,0
HWS-005-BACS+,6,136,BACS+,limo02,1784199753772439996,1784199956406428871,0,0,202633988875,10,-102.31,10.77,0xca6e1b66d2d583c949c601d94b7680be04124639a055e4a3cafec43b0e55fbc1edc3d70004c9c1c2d9eb6c02b2cb5f3155d05605,52,868,7,125,4/5,0
HWS-005-BACS+,6,137,BACS+,limo01,1784199759495690647,1784199879543664147,1784199879543667124,1784199879709687279,120047973500,10,-104.89,7.66,0x73ab061bf3ada848acae89800368c34d7967bcbbfcb15935004b204266be5050bd9090f570e6c3d920a4dd772a925a977123e061,52,868,7,125,4/5,1
HWS-005-BACS+,6,138,BACS+,limo02,1784199761413970790,1784199921128374883,0,0,159714404093,10,-92.40,-1.73,0xc7843ea42b09b0b28bd029c9b936b7948ee28f80a26bd3401538defd893a7890e8cf2b07650ef0f605e475ef3d0e0995f3872460,52,868,7,125,4/5,0
HWS-005-BACS+,6,139,BACS+,limo01,1784199766589973651,1784200218676834545,1784200218676836698,1784200218846048949,452086860894,2,-88.47,13.69,0x93e57d0980f8a2e2e7641dd0671cd0f16273e1ba76fd295e11a36704a83574fbfdf14ed7b1a7963acb1b2131f9345db73e0cf816,52,868,7,125,4/5,1
HWS-005-BACS+,6,140,BACS+,limo02,1784199769340489849,1784199848269307871,0,0,78928818022,0,-97.13,9.60,0x9d1b9394c792def3fdf1eb173f64cc6c2093451932d27dedae0eaf2ea49870c76f32a520ae397d6fbf0917ef08663989c4d077fe,52,868,7,125,4/5,0
HWS-005-BACS+,6,141,BACS+,limo01,1784199771797082200,1784199880639428713,0,0,108842346513,8,-103.32,4.53,0x3b853d95b6a45a57615f4bc0fd081ce22ad978b16441b3224e6d2b6ddded002f8fbf702f9fa5c55fb39d5f7a284665c5d34008cd,52,868,7,125,4/5,0
HWS-005-BACS+,6,142,BACS+,limo02,1784199775323018938,1784199902015511461,0,0,126692492523,6,-105.47,7.98,0xda761e9498f2d932ebd33840b169adff33bd14f62735f79c2a350015a0053a766ee96d4e4d1503c1c60fbb62d406c8662bde1416,52,868,7,125,4/5,0
HWS-005-BACS+,6,143,BACS+,limo01,1784199779385526956,1784200123714969842,0,0,344329442886,7,-100.86,14.69,0x7136f8aa7351a1cad04ced346717a6e88205ab397e41ca3a0cc7f13d10ecec3b3fbf74117c7ad2cd11fbee56afff682f52c25171,52,868,7,125,4/5,0
HWS-005-BACS+,6,144,BACS+,limo02,1784199780851291687,1784199938295421415,0,0,157444129728,2,-101.15,3.63,0x96aef4e830dc208fb3e57b7da6d6ac179d456280314d1a8c0f74439aaf5eb8871a6005337ba5144b6d63de8e505a467eacd894da,52,868,7,125,4/5,0
HWS-005-BACS+,6,145,BACS+,limo02,1784199783498024083,1784199862012240234,0,0,78514216151,1,-106.70,5.53,0xde6fcba35f0bacda739a5638f245cf3575a5a7f37621b85a0757dea3c58c109a6ba599c46827e046c4ff7fdb0703eb9c2a95f386,52,868,7,125,4/5,0
HWS-005-BACS+,6,146,BACS+,limo01,1784199786372775659,1784200237893119597,0,0,451520343938,0,-108.50,5.46,0x75e82124cba8a73e54e3bfdcdb2a7fc0d251a79e548255ac3292dc138aef52dfb4bd4aa77489b9fc3908cc83cbebd183ef41d02b,52,868,7,125,4/5,0
HWS-005-BACS+,6,147,BACS+,limo01,1784199791945475493,1784199918384227940,0,0,126438752447,6,-103.61,-4.49,0x6e842586ddbb8d6c89ce0fed01cc24ec0fffe9272be8650ecea0e604add0a53be49ef2550222a86897e29bc15ba62e382381dd6b,52,868,7,125,4/5,0
HWS-005-BACS+,6,148,BACS+,limo02,1784199794961633985,1784199951828359685,0,0,156866725700,7,-107.83,8.99,0xf4526465ef6a479c68fad650da1100853491c26a49e7e774411c4c48d8f4c8ce5434a828e94e961aefa20c5c43207a3dd1c0a5d4,52,868,7,125,4/5,0
HWS-005-BACS+,6,149,BACS+,limo02,1784199796443868602,1784199853901553717,0,0,57457685115,8,-93.19,0.68,0x2e4819977be27db0b2c7f6a6053fc6e036102d4d065252c85b576cf078bddde4599591c217c6e6402b977b9b9b9b8755fcd5a2cb,52,868,7,125,4/5,0
HWS-005-BACS+,6,150,BACS+,limo01,1784199802449559627,1784199952874642399,0,0,150425082772,2,-82.01,-1.93,0x5ccbea8c3ef914de662efb73ffa8f9e7b025f7defaba006f18ced4981d893e5d9a2d1a24ecf8d617f3972d0cfaf045f7cfe45ae6,52,868,7,125,4/5,0
HWS-005-BACS+,6,151,BACS+,limo02,1784199805308952403,1784200025923144752,0,0,220614192349,1,-102.94,2.18,0x2315da6badd3774d2bead8bd6b559256aee1c2dc8b58a559b7d08b93dc63a744b0ac12af3e14a2755f9ba4ef449b48a3065508cd,52,868,7,125,4/5,0
HWS-005-BACS+,6,152,BACS+,limo01,1784199808018469405,1784200146485009353,0,0,338466539948,2,-96.42,7.18,0xd4faa28b355246b9d0f447e19628abf63c7bce9850a262dcfa726f74a2b3d136d2959d71240d516c5b9ee398072c61449b69657e,52,868,7,125,4/5,0
HWS-005-BACS+,6,153,BACS+,limo02,1784199809529966381,1784199950246981988,0,0,140717015607,4,-84.78,13.01,0xc289419616def246fbdd92f345b2886e30bf3c032429caa12045eeb5d69799f0057fe1d7010d7e8166ad0b47f0c07e4b05390fc4,52,868,7,125,4/5,0
HWS-005-BACS+,6,154,BACS+,limo01,1784199815800258803,1784199932661419616,0,0,116861160813,6,-82.09,-2.17,0x328e75a94978957713ca0bc29cb4dbbc95964a2fe4636945290b8aae91c83f8d367421ccceba91c6698d2a9e4602e2cf61ef9c1b,52,868,7,125,4/5,0
HWS-005-BACS+,6,155,BACS+,limo02,1784199818978949052,1784199923781244755,0,0,104802295703,3,-86.67,7.20,0x8f79240b3c0c06d5c8f5804962a6ddb225740e6f93f67f8179df9bb7295421e392451ae1c34eb9f360cf65f58f0093920882fe46,52,868,7,125,4/5,0
HWS-005-BACS+,6,156,BACS+,limo01,1784199819600949352,1784199989249131465,0,0,169648182113,9,-104.59,13.17,0xc05b37cc85b06af96cbc366f5970242d6dff1be1e10c125c88eff8d635377977ebd4f0dac94f9988d78850b135152f6e237887dc,52,868,7,125,4/5,0
HWS-005-BACS+,6,157,BACS+,limo01,1784199824705248727,1784200040723146767,0,0,216017898040,7,-93.68,8.92,0x81f13716f7cafa6dc1ec4b5d3ce3703b2fa051d4240b7b01e6a5c746e53d08c8f0909c678a59cd95a441049f1b76110e158939bd,52,868,7,125,4/5,0
HWS-005-BACS+,6,158,BACS+,limo02,1784199829026651700,1784199951193283468,0,0,122166631768,8,-83.63,6.13,0x0451f5a7c0617c7d3a50d5dab1acdc35c10c24c7b118d39a13d1e3de50873d1b7c4446cb686f56b0123f0f74012ab6f260ec6a0c,52,868,7,125,4/5,0
HWS-005-BACS+,6,159,BACS+,limo02,1784199832650002276,1784200033490194137,1784200033490196515,1784200033660815755,200840191861,1,-88.48,-3.31,0x86d41684f2bb36cf9240ac990060b41ef1ec2215e0412723349043cd4179476ca24b037c933fc84afdd791718ff1cc3a7c75c12d,52,868,7,125,4/5,1
HWS-005-BACS+,6,160,BACS+,limo01,1784199835636344437,1784200082958355533,0,0,247322011096,3,-95.31,-1.76,0xdfedc5f9735bda73d9029a754c20614eca850e847b087d2b0725395108bfbd02d3d3a007703762bb2a36c4317fa2a506af41d687,52,868,7,125,4/5,0
HWS-005-BACS+,6,161,BACS+,limo01,1784199837545566467,1784199891648969383,0,0,54103402916,5,-84.72,12.19,0xd83b3f3df469ddbd4de513631a0b24b92679963543fb995025a1d707007ede9d3f50b72910d6ab4439cc6f15ec98dc3be2e18efe,52,868,7,125,4/5,0
HWS-005-BACS+,6,162,BACS+,limo01,1784199842511962460,1784200061555406009,0,0,219043443549,5,-86.25,8.82,0x1a7023c8ae82b51f781c1723c96757fe668e3d119c78530d2ac84528705e2c5e9b5a4efd77fcdb43b7bd2934361ade6b9fc5b34c,52,868,7,125,4/5,0
HWS-005-BACS+,6,163,BACS+,limo01,1784199845320789098,1784200024718613965,0,0,179397824867,5,-100.44,13.14,0x1cc71fa123385ff0077250251bdbed6afaf2079d53e2fd17484d124589a784d3e2f157964909bf019b20d7eebf2c8a6203fe0df0,52,868,7,125,4/5,0
HWS-005-BACS+,6,164,BACS+,limo02,1784199845363837205,1784200001422721203,0,0,156058883998,9,-95.56,-4.91,0x5fd9f9dc435a8ee5e4b425eac7fde643776f66cb7f5943d896259f41ed92e0aee0dac94a364589ba8676a12739749c33f3b8b355,52,868,7,125,4/5,0
HWS-005-BACS+,6,165,BACS+,limo02,1784199850565494278,1784199934388001527,0,0,83822507249,4,-108.67,8.17,0x8491af97b03fd07e22b04e868634b0b3c2d3491a4be778b78b5f5ea89db268e21c8f276467d47ca8688bb4fb88503b867e547048,52,868,7,125,4/5,0
HWS-005-BACS+,6,166,BACS+,limo02,1784199855035133627,1784200074610207343,1784200074610209786,1784200074776973206,219575073716,10,-105.38,3.48,0xffb7ef19203d58905cc99cca565f0635cf1bdfacea5b23836cc96f630ac63a0df34247c12328026b034d6a81a1ee12fdf80b3c5a,52,868,7,125,4/5,1
HWS-005-BACS+,6,167,BACS+,limo01,1784199856818088901,1784200068866989709,0,0,212048900808,6,-107.97,3.00,0x8f76205834cb033f275223d0da8dbefcceb5223c569666d6c96d9c4b55620608192dc3393045f3192461d46db76edf14631ab56a,52,868,7,125,4/5,0
HWS-005-BACS+,6,168,BACS+,limo02,1784199860363848991,1784200048013272153,0,0,187649423162,0,-81.62,8.07,0x238e42fee6e68ad5b812fc622c7e07dad39c5373151712c6c5ec69affc6517673478636b40365018b508a7150842eae71e38192c,52,868,7,125,4/5,0
HWS-005-BACS+,6,169,BACS+,limo02,1784199862497923915,1784199982845744109,0,0,120347820194,5,-94.35,2.23,0x984db0e1df471cbabc59c1c4ba5656efa69b20247d963d9ca814da344cb9c772ded7e37e083376ec9589503e8ebdd28f443c2bf2,52,868,7,125,4/5,0
HWS-005-BACS+,6,170,BACS+,limo01,1784199868325024404,1784200012336751452,0,0,144011727048,8,-108.10,14.10,0x333291a4a438297f350182c791545fa81881a4c2cff36f1f9323e6c87f6c31c2ce4c14bc107d7f8e87998b49817a32ae4ebd80b8,52,868,7,125,4/5,0
HWS-005-BACS+,6,171,BACS+,limo02,1784199870947599344,1784199931071011856,0,0,60123412512,5,-101.03,0.64,0xc6d667cfd265e2227b19afca534ffc91618d5abdf881a62fcbfba06e214feaf7e34f53d04512f71224aaa70322dc11fdbecb9af4,52,868,7,125,4/5,0
HWS-005-BACS+,6,172,BACS+,limo02,1784199873519754490,1784200018369631865,0,0,144849877375,4,-101.27,-1.95,0xbbaf8686088fda8746d315beccff202bccfd98a328872564d1794930b9d77bcc16d65edbbe5cfd0b4c9921787ecee3dac4fb4290,52,868,7,125,4/5,0
HWS-005-BACS+,6,173,BACS+,limo01,1784199877943940395,1784200146520546519,0,0,268576606124,4,-90.71,1.70,0xf7f3b38b7e161e605da50ed710555bf196cab12a674222f46015070b52a336413ebdcc726b3d1eea7de8b2ea354cb912792004b7,52,868,7,125,4/5,0
HWS-005-BACS+,6,174,BACS+,limo01,1784199879152292347,1784200050732056007,0,0,171579763660,10,-91.88,4.73,0xbc633942ed6816ccf3246f096933dc03204429f4f8539109a2ac0fb29882325e33260d06ebebc322c06235af1cb73cdb7ac188fb,52,868,7,125,4/5,0
HWS-005-BACS+,6,175,BACS+,limo01,1784199883696802465,1784200012473867258,0,0,128777064793,0,-102.86,0.81,0x360dc57ed0dc9edf4b8f63dc7290aac1e7f8938cd008ad1734ec361144eff7ad901909859240acb7c168172625308325d43ff54b,52,868,7,125,4/5,0
HWS-005-BACS+,6,176,BACS+,limo02,1784199887502224266,1784199965615161906,0,0,78112937640,10,-107.07,2.89,0x938a8bddb95662124c31bd3a43caaddd04e1383d755a3bdb1d3f1317969955d49546168c0b27ae29bc2ee25cdb7eba08ed666f35,52,868,7,125,4/5,0
HWS-005-BACS+,6,177,BACS+,limo02,1784199890827561450,1784200214726873281,0,0,323899311831,1,-94.89,1.28,0x06644c69aa5df0036ba09e21ae76ff03a5aac184a26d26e8d77505ee5759f06524430d857d632cbab31623607156c88da6893ccf,52,868,7,125,4/5,0
HWS-005-BACS+,6,178,BACS+,limo01,1784199892384267272,1784200135446475764,0,0,243062208492,10,-99.81,-1.07,0x2134927f8077f6966f2a80363fdc77ce366eca53bbd3d06b399e5a3e5c5008ba4fdb400c36590fd1154b442f41d552ee5fe1e0c6,52,868,7,125,4/5,0
HWS-005-BACS+,6,179,BACS+,limo01,1784199895614763488,1784200028404943977,0,0,132790180489,1,-97.25,-3.45,0xc7f15fc9f8598db658b018779e1496ac4c3bf2a258646823657ac3b7ccb5fafeb797a76509e6a617f3cbc7c2f818b27218ef7425,52,868,7,125,4/5,0
HWS-005-BACS+,6,180,BACS+,limo02,1784199898328354595,1784199989939849944,0,0,91611495349,1,-93.61,11.98,0xeb78e8ed300eeda80cb27c07efc5cf7a38b5eaa4bfe6016460cfb308817546d1d67e033d878767215ddbb872304ad72a0cfa7260,52,868,7,125,4/5,0
HWS-005-BACS+,6,181,BACS+,limo02,1784199901338144511,1784200103551768414,1784200103551772273,1784200103725350959,202213623903,10,-84.48,8.07,0xfe33fab3d95472a7ca629d2e01ae3c3b72b9b6d56574007277f1d4b5ddb264063a419fbc3cb49849280756121f5354df26ad4fb3,52,868,7,125,4/5,1
HWS-005-BACS+,6,182,BACS+,limo02,1784199906276037523,1784200046046438733,0,0,139770401210,0,-98.36,0.80,0x4279961219b1b2d52358e58d239b1ff5fc24eabf702cc29d90b6e423fba7601e15c243769f7acacedd2bd93ce2e7a3ca8d7b3c2a,52,868,7,125,4/5,0
HWS-005-BACS+,6,183,BACS+,limo02,1784199911150183589,1784200167647980581,0,0,256497796992,6,-100.13,-0.58,0x9f6171da1afd6dab44515467684d7fa028df51e1d3cc5be967f848f65aa3e5a6fd6e2a013a8b9048b49aecd062b3c1dc4b451952,52,868,7,125,4/5,0
HWS-005-BACS+,6,184,BACS+,limo01,1784199913826748130,1784200015401746202,0,0,101574998072,1,-90.51,0.99,0x1598f3a9af8e6a1353576a941a05b174a5102afe80202e037b6e8c42b0bbfce24ca29df4d7c3821b5986a288c8da600ba5150d5d,52,868,7,125,4/5,0
HWS-005-BACS+,6,185,BACS+,limo01,1784199915454571306,1784200052982050030,0,0,137527478724,7,-93.40,10.77,0x7cf27ca046d2ba15f0b9f6ccc5fe23c4a997dd2caeebcdf5346f6ccc4a4d2f5311c2e8cdda121059ba6712c1742322f4ded8eae3,52,868,7,125,4/5,0
HWS-005-BACS+,6,186,BACS+,limo02,1784199920411714976,1784200016527177749,0,0,96115462773,1,-107.34,-4.37,0x861b7274bb247e3c2c6b37e7cdda9303d63a0a4c06ebdbc940cf86c8bed1f69a3797b9c249e81b94d768bf02c364119f9d3e8220,52,868,7,125,4/5,0
HWS-005-BACS+,6,187,BACS+,limo02,1784199921962475752,1784199997142426209,0,0,75179950457,5,-99.29,2.15,0xb4fce2910f820fb5b6f28c0d1901d3dbc4fec21b39d301e31bb6094861f5703c5eccdbc0c1a140fedea29c64f0adc9eb5b455748,52,868,7,125,4/5,0
HWS-005-BACS+,6,188,BACS+,limo01,1784199924490209342,1784200077040717668,0,0,152550508326,6,-99.15,9.41,0x905d35a6165715de935b7e485978108db5ef1fca01d8ac62742de19b36cd6643c68983614893eed7ad14091998361d5d90485577,52,868,7,125,4/5,0
HWS-005-BACS+,6,189,BACS+,limo02,1784199927945653983,1784200249547539407,0,0,321601885424,3,-104.30,11.85,0xe4bdddca119e18cf9e2bf30c7067feb872c2a5797f1fd9d3d763344c8dfa01a12e38b1130c8c9a9da39ee1e9c315e92837aa3ba2,52,868,7,125,4/5,0
HWS-005-BACS+,6,190,BACS+,limo02,1784199932787660338,1784200168485396179,0,0,235697735841,1,-86.52,13.23,0x4fbb57c4fd2f7b24f2b115155479a2a92b134d715a43b451eb59f0eabbba277117b8cdab99a187609d080421d537790f74fab105,52,868,7,125,4/5,0
HWS-005-BACS+,6,191,BACS+,limo01,1784199934869987960,1784200056292476111,0,0,121422488151,1,-80.20,-4.80,0xa6faf3dd1fe203669ed829a0308d815a8ca1791095af66efc8782334c4d8730c1e857779250c4da8d64f01c7371c342e5d707a52,52,868,7,125,4/5,0
HWS-005-BACS+,6,192,BACS+,limo01,1784199938951599422,1784200107491100538,0,0,168539501116,7,-109.20,0.17,0x4e442ed9e2e3bd16247bb8ad271266648fc0ba2650fe1f9f6a42b6a28db2654a9ee4ed423c16a8f1ca0f7454e2daad8e113a8e52,52,868,7,125,4/5,0
HWS-005-BACS+,6,193,BACS+,limo02,1784199942602817718,1784200133796825849,0,0,191194008131,7,-94.70,0.59,0xac15eae42daf6e5fcbd7a06b0cf9873fd434246949037842e523a5e6e44fdae51b507438700beb59e2be57a7aa5f9ee05904738d,52,868,7,125,4/5,0
HWS-005-BACS+,6,194,BACS+,limo01,1784199946466575985,1784200082109379746,0,0,135642803761,9,-87.99,-0.90,0x738f0ca38f8f5bd972402f735556afeb38bfcef67a79afe4a174b3ec466b9c98c14c561b5b24f2c1d0ed3b6af1b68ad30abae48f,52,868,7,125,4/5,0
HWS-005-BACS+,6,195,BACS+,limo01,1784199948734215273,1784200010318171048,0,0,61583955775,2,-90.36,-3.70,0xf85fb6e08d7988acd82c222ab02983c26d5c5732f2c9d811b20a8ff224649a78237a2dcb1d10618fb6d9297754f7d9093b3a46f7,52,868,7,125,4/5,0
HWS-005-BACS+,6,196,BACS+,limo01,1784199950499298522,1784200126143364822,1784200126143367506,1784200126311425372,175644066300,1,-93.81,2.20,0x54422be36e7839c29809cc4a884ed487167784ddc4b52c361a020ada8bbb29a81467cd184df264d022322e3ad457d733e61d9194,52,868,7,125,4/5,1
HWS-005-BACS+,6,197,BACS+,limo01,1784199955085776795,1784200050449845313,0,0,95364068518,3,-99.20,1.57,0x834c683142065635baf66f427e2af4b3e6764e80d8b113b43f999bd89d8ba03efad3590a745c9d17f349ed75cd85cc9040f745a2,52,868,7,125,4/5,0
HWS-005-BACS+,6,198,BACS+,limo01,1784199957949263116,1784200139079211111,0,0,181129947995,1,-99.94,5.32,0x52df948d1ce4dc44cf5180c7939e32549344d31c934051517df081255f5e68f950e6222d0514b92b59cf17b2f071c28e079108ab,52,868,7,125,4/5,0
HWS-005-BACS+,6,199,BACS+,limo02,1784199962680509705,1784200140939815228,0,0,178259305523,1,-102.68,6.77,0xf0e74187872cf4a72f49c0848baca491fb36293baf580581de05898bb259291aca29c411fe0249eedbdfa5521075bb38b3496093,52,868,7,125,4/5,0
HWS-005-BACS+,6,200,BACS+,limo01,1784199963542777969,1784200066624613232,0,0,103081835263,5,-88.11,2.60,0x6f5e7feb5bde477fa5018e794dabd97ba29de153092e0e3f4c072149d90a695d6edcc95b26b823254571adc9d0c63526a40dd1ed,52,868,7,125,4/5,0
HWS-005-BACS+,6,201,BACS+,limo01,1784199969385019430,1784200188799025602,0,0,219414006172,6,-102.46,-1.08,0x8081d5e6895cfd6290f367dcb713e0176071371dfe8ef770b4388833bc85884a14b8621dcb1984db55b8f2265485e3f642206d2f,52,868,7,125,4/5,0
HWS-005-BACS+,6,202,BACS+,limo01,1784199971376148513,1784200312667533048,0,0,341291384535,0,-105.90,-0.03,0xd94078f3e0da92a4231c72623b16ba0b05233ee0565d4fe09bd02d6aced7f0417ded6869263dd49dfe44d7ea337f6581177658b7,52,868,7,125,4/5,0
HWS-005-BACS+,6,203,BACS+,limo02,1784199973429583932,1784200472983897115,0,0,499554313183,2,-100.21,0.77,0xbaec143614d6b0052ea674c46559a164569bd918702e6a0b146eb95d22bc23d2358f422a84bae727a454360c882524392df0a82f,52,868,7,125,4/5,0
HWS-005-BACS+,6,204,BACS+,limo01,1784199980303892817,1784200175459963054,0,0,195156070237,5,-93.72,9.45,0x2c8fdff7e0389603fa0aa64f02ca0b3a77561bad36a2adb57de5be4f671112139fa1875c5fa0b3df53f936504d8d0fa2746b9978,52,868,7,125,4/5,0
HWS-005-BACS+,6,205,BACS+,limo02,1784199982392094734,1784200070903922781,0,0,88511828047,3,-105.38,5.25,0xa5fe478e91a397ca338598d06f97d8945d826f63f9c04acfb6a28be9b7dd49f29a1998d84859ddd69500f15dc6a735734b3ba1a7,52,868,7,125,4/5,0
HWS-005-BACS+,6,206,BACS+,limo02,1784199986068539367,1784200141007653165,0,0,154939113798,1,-85.85,11.90,0x7736cee489f028ce7380eaabe68881b234425f740259b646fc3f020d4428a11fcd7e0e799537e47b6b602a6eab252e0197c8d47e,52,868,7,125,4/5,0
HWS-005-BACS+,6,207,BACS+,limo01,1784199987296217109,1784200211335854426,0,0,224039637317,7,-95.53,-3.15,0x1a0b576e6549d885fbf0beb50e7b9aca22a752ba17eebd0e27663cf4bff5e485d0f87db1fe5912a2714f43172723132cc7bb5b26,52,868,7,125,4/5,0
HWS-005-BACS+,6,208,BACS+,limo01,1784199990219806760,1784200124287243587,0,0,134067436827,3,-98.16,0.36,0x2a5dd64a3301436054bf3c7864ed98c8f834270b10f349369f68addc897344970c90f7518d599eccac78c76a2952c9b7b38865d1,52,868,7,125,4/5,0
HWS-005-BACS+,6,209,BACS+,limo02,1784199994559370242,1784200085000258915,0,0,90440888673,0,-99.31,10.87,0xeea37c263260bc2f1f1d85142ae192ae2f8fb09c936a2f134a87a6f9b205a13e6d85903ad1638efce613195f85e9d7639f1b5735,52,868,7,125,4/5,0
HWS-005-BACS+,6,210,BACS+,limo02,1784199999305815560,1784200305888206199,0,0,306582390639,3,-85.19,8.69,0x5a9b79bea6e1aa3c2f2f876bfbe9bddc7d9bb596e0fa12856d72cb5a7133118a983ceb99e2e4247c30d4ca934cc6990686bb6343,52,868,7,125,4/5,0
HWS-005-BACS+,6,211,BACS+,limo01,1784200002468595300,1784200104181645639,0,0,101713050339,9,-89.81,-0.96,0xfe0d050232701c99a537da0bfe739838d36f8a213228be143b75fc900643a7f07a8ca1876a46340ce8de10940061a5736085a53c,52,868,7,125,4/5,0
HWS-005-BACS+,6,212,BACS+,limo02,1784200004249481462,1784200092495583284,0,0,88246101822,3,-105.56,-3.73,0xa2595563429dd1e8f2660d79cd245661c8ac00d140f683fc177d57dfdba5aafd21d8e1a5006aa67a41d8984ce82c7eccf64b1038,52,868,7,125,4/5,0
HWS-005-BACS+,6,213,BACS+,limo02,1784200008488001530,1784200145778551414,0,0,137290549884,10,-95.38,-1.60,0x71df3db6869622175cb1d6b34cf92ca8583aab1cb864542a8cff8eaee89eef5bdb16c58f4fbc1d3e6a69eb1ef8a6b421d3ede4e0,52,868,7,125,4/5,0
HWS-005-BACS+,6,214,BACS+,limo01,1784200009665062818,1784200211105349270,0,0,201440286452,0,-101.83,13.01,0x62dfcd88f7296f964db5358116fbeccbe05a165706728ce75d63db2851749992ced930c2ac17f5a417d578b8383fc4858c79e24e,52,868,7,125,4/5,0
HWS-005-BACS+,6,215,BACS+,limo01,1784200015609940289,1784200121605883447,0,0,105995943158,4,-99.70,-2.07,0x78542b4913eacce5bd3fdf945611fc4cde6eca88585d55cf165136f7a3108f966546a22df81ca278962f0213a4d33bbb90699ac7,52,868,7,125,4/5,0
HWS-005-BACS+,6,216,BACS+,limo01,1784200018884550152,1784200355540622493,0,0,336656072341,4,-102.73,-2.08,0x15704cb4e6246bc6695cb7377ec97f102d2460d57a2469da02ef5eb2054ee19c4910beda09aecfa6b3a36d399cf06dd4a2bb7c81,52,868,7,125,4/5,0
HWS-005-BACS+,6,217,BACS+,limo01,1784200020114770566,1784200284271104725,0,0,264156334159,1,-109.72,8.34,0x678fa9de7e6ae64cfcf65999d0ee9926c570218f0c2358a5d37e53dec524395768143f0ffffd02637099af456c2b001c888c70df,52,868,7,125,4/5,0
HWS-005-BACS+,6,218,BACS+,limo01,1784200023983581747,1784200091581071965,0,0,67597490218,3,-90.86,-4.33,0x0f3b1bca53cca6424d7006d4123cafaeb5ad47483c293782ce2755799791f05034d7ffcbc3183876e4d561326b2f8d6c09fa4321,52,868,7,125,4/5,0
HWS-005-BACS+,7,0,BACS+,limo02,1784200028647733739,1784200628647733739,0,0,600000000000,9,-85.79,1.10,0x8f6c3136865efba08639b4f6ea9840124d4baa5fffa492390ed5766b1584b7591cdaeb1ac8a2b514d6b1ea923e3a70c2387bff91,52,868,7,125,4/5,0
HWS-005-BACS+,7,1,BACS+,limo01,1784200030060232876,1784200365213457006,1784200365213461065,1784200365385614066,335153224130,4,-102.25,-4.78,0x8ad6053cc4f7cf4953274b9f00723ea8c2283a85832af88e91b7122239711f5cdf2cb3946f5d2ea3a2784d9518e1b4ef24353d56,52,868,7,125,4/5,1
HWS-005-BACS+,7,2,BACS+,limo01,1784200033960719477,1784200185604889374,0,0,151644169897,0,-103.90,0.81,0x0401771e3c408f6a044e50367b96e3c08cfe2d0a5cddfc654786690ee3fa02e4d78156c5ca7f1a33bdc39c193c6da6a3d717bdf9,52,868,7,125,4/5,0
HWS-005-BACS+,7,3,BACS+,limo02,1784200039248025278,1784200156328944020,1784200156328948805,1784200156499478570,117080918742,1,-105.85,7.14,0x14c67ed47102ac1fbdf18519fa2ec44956f43541dac4aecabe7b92b8105f1e1e9087942e246361fbef79fc0c73e8e07b9a16dc2f,52,868,7,125,4/5,1
HWS-005-BACS+,7,4,BACS+,limo02,1784200041544870260,1784200161793418835,1784200161793423721,1784200161966898979,120248548575,0,-99.26,-0.19,0x105229795d7145bd7e50e13871075a4fef4d64e67d6ce75f659ac6f08e174fdbd938ea507565864358344435b3763bc2dd937557,52,868,7,125,4/5,1
HWS-005-BACS+,7,5,BACS+,limo01,1784200045683236091,1784200265429776380,0,0,219746540289,4,-85.43,6.12,0x0fdc66843a348c725e858b4d19f81b4d2b1ddbb4158b121fa788beec4c600cd434c5c3f189aff9401458346705e9068b4f9aa63a,52,868,7,125,4/5,0
HWS-005-BACS+,7,6,BACS+,limo02,1784200046785138115,1784200218020879268,0,0,171235741153,0,-101.45,7.78,0x360b8bbd6592170cbf2426e2066856e139ab6c5b9de47a19c4208e342135f6c883f13d07355cee20c7e8704fd01452381179a728,52,868,7,125,4/5,0
HWS-005-BACS+,7,7,BACS+,limo02,1784200051550187030,1784200216533087404,0,0,164982900374,1,-103.67,5.46,0x369be11fa5ab3c0e88a82b8b448491ed705b8a2bff6fce9efe5b07a38e3a442f878042688446d872f2d33151494fdf439bd105ae,52,868,7,125,4/5,0
HWS-005-BACS+,7,8,BACS+,limo02,1784200054381137056,1784200173181338762,0,0,118800201706,0,-83.26,6.90,0xf64655365b83344b04e8bd4733c8b188a25576634922ab3ccad459e9f7658d26e37d73f05bcd70cc9a55edbdccfb00c1b188dfb0,52,868,7,125,4/5,0
HWS-005-BACS+,7,9,BACS+,limo02,1784200057954648147,1784200257371079403,0,0,199416431256,10,-99.17,-0.04,0x91db60811cdd5cef0ac1b53c52d30f48e4e85b2c45b53e1b56a751f2776695a34079af27db50678a0759aa99d6cd3aee41dfbde9,52,868,7,125,4/5,0
HWS-005-BACS+,7,10,BACS+,limo01,1784200062980564463,1784200389026878106,0,0,326046313643,1,-80.41,6.92,0x04a68fe2dccd9cfd4eea316c5b1f2ac78ed37bb84fb9c82b2c8b42d2fe4f975f926b8addfe424f29203a5ba8bd7d134122710b7b,52,868,7,125,4/5,0
HWS-005-BACS+,7,11,BACS+,limo01,1784200066381982236,1784200310508958071,0,0,244126975835,8,-87.96,12.24,0x89a2b6c25a2e565ae5d4d0e53800652bd3c594f05682f0a5e958450ef5f36ab6d37e201231d8d66dc4001ea03036c6874749a569,52,868,7,125,4/5,0
HWS-005-BACS+,7,12,BACS+,limo02,1784200070375430784,1784200202492759781,0,0,132117328997,10,-97.17,10.51,0x83e355fde0cb129e8136da799dc3bb5115a7d566150726c260712f1bd5e85751aee77f194b39b7de5ccd53295fc0e4d181282a9f,52,868,7,125,4/5,0
HWS-005-BACS+,7,13,BACS+,limo01,1784200072932652829,1784200237878632717,0,0,164945979888,10,-98.68,4.28,0x178d370e4e8cca39900cc9f999974d0620ec081f335846da3bb6127f8384e1cd3891fbc177beb76dfc86fbe72010fef5ccfa0a5d,52,868,7,125,4/5,0
HWS-005-BACS+,7,14,BACS+,limo01,1784200075199457315,1784200162814297156,0,0,87614839841,6,-102.94,-0.84,0x565ba12fd2e46ef7cc9ddf150b9d6dc058ae30dd2649381ba8a8f05aa9af6c82af06bfa06f29ddf71df237b5036410b2ed7b618e,52,868,7,125,4/5,0
HWS-005-BACS+,7,15,BACS+,limo02,1784200079691225893,1784200329372375846,0,0,249681149953,9,-89.12,7.58,0x1563148cd7432f4d351ab5567fcaf5e33f8ee01d9db6c64db9e8d3a87399ffb1c94586ab74b7843b1a39afe0092c9c1531e91e5a,52,868,7,125,4/5,0
HWS-005-BACS+,7,16,BACS+,limo02,1784200083793452013,1784200332100008126,0,0,248306556113,8,-80.68,4.18,0x93aedfeb7de26813d481b690c5086d5c53a945a4ece8111307fcaa98c27f8050ae27b81d8591193551dbd3318f3f108e6f4d4ab9,52,868,7,125,4/5,0
HWS-005-BACS+,7,17,BACS+,limo02,1784200087585362276,1784200184647390191,0,0,97062027915,7,-94.42,0.23,0xd7f6143f87ac29be258bcfeb46c63bd320bc0e8347c30446c6b9ceda13648f7c3dc3221a85c238c6c08e58b0aa3cf8ad11eb82c4,52,868,7,125,4/5,0
HWS-005-BACS+,7,18,BACS+,limo01,1784200088103021396,1784200601045359503,0,0,512942338107,7,-97.40,-1.94,0xe4c7c3dd6df672cea5355f1c7455bd6bbd04ada8a7f21df999c73173111ae7751ae827f32d2753f0eabb70e2213404452d26daae,52,868,7,125,4/5,0
HWS-005-BACS+,7,19,BACS+,limo01,1784200094315282763,1784200505709397511,0,0,411394114748,3,-109.06,9.81,0x024a39e571e6c5426ecd3bce21621deaf49cb83407215299c4c8a0c7e5646f9e6d4ea0915d00becb9e8030ab17b412bc6789caa2,52,868,7,125,4/5,0
HWS-005-BACS+,7,20,BACS+,limo02,1784200095957579454,1784200214193245958,0,0,118235666504,0,-107.50,9.00,0x6b1d63258e251a694d19db4bde3e37e8059d90750f5a6f605af62c094b6d650fa5fc883cf8a775c9c91bbc2fc024e797f5ef194b,52,868,7,125,4/5,0
HWS-005-BACS+,7,21,BACS+,limo02,1784200099067067416,1784200213222272998,0,0,114155205582,4,-89.91,2.96,0x1afda8d219ca3ec0f2b96961bd51b17ec81b563ca1ff03444bf00e22a6eda4cbae0fc9d08807f479503007e4f4272c2893a062b0,52,868,7,125,4/5,0
HWS-005-BACS+,7,22,BACS+,limo01,1784200101849114293,1784200289521082618,0,0,187671968325,1,-99.46,7.91,0x994905bf97953e3ddcb37c7dfa6c83d4700ad0aef952161bd3025a2cae64b9d784e22495d81562a97564beb17f9f38d127e5a71c,52,868,7,125,4/5,0
HWS-005-BACS+,7,23,BACS+,limo01,1784200107969982659,1784200274964868467,0,0,166994885808,1,-97.83,6.15,0x47faf1ed03e599a9512a3f9758ffbf5268c724d8b10c4ee69bf45b47c04b0a9c34459bb707bedfe8da9896c53e09f0b348b38cb0,52,868,7,125,4/5,0
HWS-005-BACS+,7,24,BACS+,limo01,1784200109605181548,1784200581802312241,0,0,472197130693,4,-93.19,-1.76,0x1d3eae61a9fdbf4047b514025adcec8717a9f69b97108094e321c37961caab218e4e80b963a30d59d89f258a7236c5c56c5e6318,52,868,7,125,4/5,0
HWS-005-BACS+,7,25,BACS+,limo01,1784200114300246594,1784200309352863192,0,0,195052616598,1,-106.07,-4.84,0x91b8420cc7f5f2e0afd63417124df9418736a9aa66969768f3f05fee83acc000ff7aee15be707ea99a6546e0c38f1a18049fe022,52,868,7,125,4/5,0
HWS-005-BACS+,7,26,BACS+,limo02,1784200114561574020,1784200226110446485,0,0,111548872465,0,-103.65,4.44,0x12939a77c4e44220ce12d24d1abd866b21c26afa6cc5adf4c6e59a5f5308c6a3b69e6f5ea90e0f3bb79b65f92678700d15a1cc4d,52,868,7,125,4/5,0
HWS-005-BACS+,7,27,BACS+,limo02,1784200120395617671,1784200359024810266,0,0,238629192595,8,-92.47,11.94,0xa6baca469a01e5c779af0509b06b874f06c51af2434c57e3c6042b9b93ac7e1463a1da043d63dccb5252723d0261f7c2509f9370,52,868,7,125,4/5,0
HWS-005-BACS+,7,28,BACS+,limo02,1784200123485017660,1784200426504086889,0,0,303019069229,8,-104.62,5.19,0x356688a975d474688dd4697234346b076a0c2402a28f47c1d2e21b4f5c41128068ea5eb6bca50819c59c76c50c4bd6a6042cbb20,52,868,7,125,4/5,0
HWS-005-BACS+,7,29,BACS+,limo02,1784200127786355945,1784200348722751225,0,0,220936395280,6,-106.16,3.56,0x947e7eff625dcb7b68ffc055ae69f799e6bc623284147e8a02bb4fd73146b081c519f2e227d52064f606cd0a8fa840ad430c09f9,52,868,7,125,4/5,0
HWS-005-BACS+,7,30,BACS+,limo01,1784200130716721177,1784200245700648038,0,0,114983926861,2,-80.05,2.82,0x28a1be2bca1cd47586231ec76d50eb65c12130863a261cdf1fb4bced228d6bd0396925846f2f2d8cb15e008178b385f1365912a3,52,868,7,125,4/5,0
HWS-005-BACS+,7,31,BACS+,limo02,1784200131348722517,1784200351486525213,0,0,220137802696,0,-81.89,0.13,0x7fc2bf60402a828979388f71a9dd9c774f71d870786b3da20d66c9d7a33668d180ef937980c8ce30acfbb6dd61f783cdbd2dbd91,52,868,7,125,4/5,0
HWS-005-BACS+,7,32,BACS+,limo01,1784200136243905391,1784200372296888419,0,0,236052983028,9,-92.15,1.54,0xcd8d98a08128902a42f6095212622aee071fea5eb9c4c656ec71ac28e3e5bcf210066b0031e4ca61a466a7c16bf7bb489a06143f,52,868,7,125,4/5,0
HWS-005-BACS+,7,33,BACS+,limo01,1784200138341264676,1784200331503797130,0,0,193162532454,5,-94.02,2.53,0xade95c8de3198c4df7a94abfb1343aa867c452d750a67e655b83e80185cf297ee37734ac744aff627a488b8bed3bc2dfe2728976,52,868,7,125,4/5,0
HWS-005-BACS+,7,34,BACS+,limo01,1784200145052318041,1784200215134410659,0,0,70082092618,2,-108.48,0.96,0x4f9404a67f5bf806db53b0db45d93e507843613d83d37791f513330d09c8474ff033c72a83e50cb0b54e8d61868c155e60dad99b,52,868,7,125,4/5,0
HWS-005-BACS+,7,35,BACS+,limo02,1784200146082076914,1784200309131101022,0,0,163049024108,2,-108.08,-3.55,0x323690756b4f9dba5635375f3a59ddbc6d213a7b8e5e0d68fd6f6eb3864b219e2300761d2880937b68d112483339a0b7b0f0552f,52,868,7,125,4/5,0
HWS-005-BACS+,7,36,BACS+,limo02,1784200149450737850,1784200329277759343,0,0,179827021493,8,-80.59,2.13,0xca6e8f7c81a11145a64792aaf5f1af40f1f1a295a43638b7088fc055db64267321675ce4d0e2f6c18787f9d01b11fa008bc5a2b0,52,868,7,125,4/5,0
HWS-005-BACS+,7,37,BACS+,limo01,1784200154755612448,1784200338152086362,0,0,183396473914,0,-102.02,11.85,0xcf9d6d226fe8a204e6e910896880f58cdcc260cc7d7723e92abf8219450825f80f6bf47d6ee454f047179b3fdb47ed96e22f6066,52,868,7,125,4/5,0
HWS-005-BACS+,7,38,BACS+,limo02,1784200158402185416,1784200359545389504,0,0,201143204088,5,-93.27,7.16,0x44eaf57e31f5687b5d59ab2c773636f02eff07534ff29568991ce2856dd120c9e65b35f48ab16ada4a921bcb03ea143588386534,52,868,7,125,4/5,0
HWS-005-BACS+,7,39,BACS+,limo01,1784200160518978519,1784200287771728265,0,0,127252749746,8,-89.87,5.43,0xbad06ddd8a8d87dca9c934ca94831ef2f56f176ecaf60830eab13a6b91202890577d85db624390369af4591d468075db8fec056c,52,868,7,125,4/5,0
HWS-005-BACS+,7,40,BACS+,limo01,1784200163975134492,1784200341262866927,0,0,177287732435,4,-93.82,7.03,0x893fc732250b46747727f62782316c26404c99e344caf29095d9e7e24223373fd35c5d9272208a80776d87f415ad8b68d7e32e7d,52,868,7,125,4/5,0
HWS-005-BACS+,7,41,BACS+,limo01,1784200168008124892,1784200279455645776,0,0,111447520884,1,-83.93,14.29,0xbb56b0d314fa13716f5beff55374bc08290c74ad00785a15501a439e95393b664f5459455b977ca745ba7cf28b9de6e9db9c395e,52,868,7,125,4/5,0
HWS-005-BACS+,7,42,BACS+,limo01,1784200168941056172,1784200302530068832,1784200302530070371,1784200302700123615,133589012660,1,-109.74,2.72,0x0338e7f084d2590f4ec5bf14fde350bbcec2272e63475ed36754e93c66614d0b572c16310ee6219207b7027f7f5ff9e3a7dfe8b8,52,868,7,125,4/5,1
HWS-005-BACS+,7,43,BACS+,limo01,1784200175207261981,1784200360379450983,0,0,185172189002,1,-91.34,-3.26,0xa906f210f48cc6daa56566e6eae59c57a167bd4494a62671a14130f2136bc292413da1c29594616f4528027649f70a4d25d3728b,52,868,7,125,4/5,0
HWS-005-BACS+,7,44,BACS+,limo02,1784200178456074662,1784200320399042444,0,0,141942967782,3,-92.12,-4.88,0x10567bb08778ce037b09ecacd7afd1087404b091e4e71dca6d496cf7066f9622750593b9f43ec9e47893a89da9691cd2bacf28b4,52,868,7,125,4/5,0
HWS-005-BACS+,7,45,BACS+,limo02,1784200179849072778,1784200369107671236,0,0,189258598458,4,-83.92,-2.76,0x5502f5965f21885dd6a64bbb1d1802f328ecfccb1ca65b397987ad6aca08c8f364d9e622912f7d6eb1b4c232abdfabb07e857b5d,52,868,7,125,4/5,0
HWS-005-BACS+,7,46,BACS+,limo01,1784200184417723277,1784200291451153966,1784200291451158636,1784200291620942744,107033430689,4,-104.88,-1.29,0xe4e73df57cd8ee46305da236b7d7a61ea4a2fbe96996b2c88b49f2507a095fe9b3016846b6cbb301b82fc45f4b8a1f4e2b9a2713,52,868,7,125,4/5,1
HWS-005-BACS+,7,47,BACS+,limo01,1784200187301364162,1784200264621253541,0,0,77319889379,0,-96.79,0.64,0xece50540294d8230771c7b279fc3b43b75842dd058a45ef202e3b88bf72a60e2620e88c7cd17132ae6f4820e40067b956f70fcf7,52,868,7,125,4/5,0
HWS-005-BACS+,7,48,BACS+,limo01,1784200192034246093,1784200420112799572,0,0,228078553479,3,-83.26,-3.77,0xf8c1bf446fdc388b9459f9929a246de16b096cf4e5a4a8b137db7362422406cab2c5c8e0144ddeaf4ed965317eb7f04dc71466be,52,868,7,125,4/5,0
HWS-005-BACS+,7,49,BACS+,limo02,1784200193610970340,1784200444574798143,0,0,250963827803,3,-84.75,8.14,0xdb23772278db2a780f5b767daadf1e735592290a6d39f008c0214af0036f0ccce0f664f21f3125dcf1b912471e84ffd6d4004447,52,868,7,125,4/5,0
HWS-005-BACS+,7,50,BACS+,limo01,1784200198966564304,1784200440230625070,0,0,241264060766,0,-90.75,12.01,0x96293f64b33575634f7408f31beb0298c09c9a8dc646f96dd113ed98498ec4237c4ec67201c78f7160eab0bdbc07904ce8b76604,52,868,7,125,4/5,0
HWS-005-BACS+,7,51,BACS+,limo01,1784200200277643126,1784200516230360231,0,0,315952717105,4,-92.58,-3.70,0x8e6d396450082396c53e6f0bd027c1c64b6d758cb05d5478cb7e524bb1e2174810bffa5e22c304b52ee62255be6c979d16359576,52,868,7,125,4/5,0
HWS-005-BACS+,7,52,BACS+,limo02,1784200205111608190,1784200280833849162,0,0,75722240972,6,-105.67,6.50,0xfc87d117273fbc0cf3a52d41d4bf4e54f40eb66d0d4fcb512ee11b85d6bcdf5bef9ae7c5bc1eb1256b9c8d8d63b64a37882355fc,52,868,7,125,4/5,0
HWS-005-BACS+,7,53,BACS+,limo02,1784200208654978808,1784200300003644953,0,0,91348666145,9,-107.64,2.96,0xc6b7dc0fe5232b96385ee4136b47a1650bbd388bb22813102a9e0522c5fb35feef82731a6a681acf7c24714e02f4a4dd455b5175,52,868,7,125,4/5,0
HWS-005-BACS+,7,54,BACS+,limo02,1784200209807906663,1784200318677300600,0,0,108869393937,2,-104.33,7.57,0x5926e0f551f75724adf165d0cbf0f5772d28164823fd06e8a8ace49cff1e9bc19a2b3f5643e8f3651d8ae8b51efd9568adc5fea8,52,868,7,125,4/5,0
HWS-005-BACS+,7,55,BACS+,limo01,1784200213634445302,1784200496708036202,0,0,283073590900,9,-97.55,-2.66,0xb9654fa3a45d587cc42334e1e22c5408b25bc97aff734d89999207d9203a32833fe5260cb29276b1c099fc2848e8f8a0fd0acd73,52,868,7,125,4/5,0
HWS-005-BACS+,7,56,BACS+,limo01,1784200217387799158,1784200397439932338,1784200397439936668,1784200397610599071,180052133180,10,-102.18,3.17,0x39ec6fcd3d4f8cdb24190520cfebdae4d02fab16a64485f0915038c571878863344d6721f8299672c758a0640c21c46d80ab0475,52,868,7,125,4/5,1
HWS-005-BACS+,7,57,BACS+,limo01,1784200221406383866,1784200373583356857,0,0,152176972991,1,-101.49,10.48,0xa443a96c3bf16aa1a463ab0a5f1da5e82ebdd65a8a153ac530c63406fbb07c6df465edf393ff3a3078f44f2dc47186ec29eca08d,52,868,7,125,4/5,0
HWS-005-BACS+,7,58,BACS+,limo02,1784200224106384396,1784200394459509800,0,0,170353125404,5,-92.94,9.74,0xf1577bf019441e6fb8f76ddce6a7c213bcbeca2830df8dd52592289040dfa6547d1f23b708ad4e23bdfa5b25a91191718a8e38aa,52,868,7,125,4/5,0
HWS-005-BACS+,7,59,BACS+,limo01,1784200229834360154,1784200431742178608,0,0,201907818454,10,-80.23,12.96,0x2b82560d49f61d791c79608eb85eab335a8964a684d7ed5c28ba1dafda544b20b658703f51cd0d95276a5696c04da61762a0ceab,52,868,7,125,4/5,0
HWS-005-BACS+,7,60,BACS+,limo02,1784200230597079626,1784200393125078250,0,0,162527998624,7,-89.98,-2.08,0xbd2b9483d1623c1c815fe1e6d00b217897a33de07d01422e7004196c40c29effc4c175154a7eccc3179a2e05a2d89e347d279e93,52,868,7,125,4/5,0
HWS-005-BACS+,7,61,BACS+,limo01,1784200235535658735,1784200698709617411,1784200698709621214,1784200698878240719,463173958676,1,-84.26,8.97,0x02bc98f2af344c1cf6c496938dc34f9c8a21c89bbb356cb7dac3cc720815bc944c9b72029fcfa6fda4b0ed3192021ea36a0d362e,52,868,7,125,4/5,1
HWS-005-BACS+,7,62,BACS+,limo01,1784200239402700451,1784200384941887862,0,0,145539187411,7,-80.31,2.41,0xe67bee77413df2d8a98437fb8117799a46413e24cfc32082fae31a6e927c7ee39acc9851e257f481078cc150164ff0bac560433c,52,868,7,125,4/5,0
HWS-005-BACS+,7,63,BACS+,limo02,1784200243719182799,1784200807832436169,0,0,564113253370,8,-107.80,-0.80,0xf71a0d4d9753e562e4a65db1dcc1cfd6d02738cf84def2a049d4538674bb5d9b4ba04e7bccb92dbcd3d60caed7882adb6259f3ef,52,868,7,125,4/5,0
HWS-005-BACS+,7,64,BACS+,limo01,1784200245810533011,1784200484914407718,0,0,239103874707,5,-98.86,6.17,0x20702543c0eb06e2b8d8bf4e909adad2fc7f43281ab0d7ab0c568e97a4b88741a3621b86af2c04c3c67fbec1dbd799a265d8fbf7,52,868,7,125,4/5,0
HWS-005-BACS+,7,65,BACS+,limo01,1784200247990027339,1784200467473586874,0,0,219483559535,10,-104.63,4.81,0xe73825bf3315924e0dad7c664caee0aeeff4b0d40ab5ce52407931fcc255217916ee14a689fbda6fe58fd92cf37c1f26b768bc7f,52,868,7,125,4/5,0
HWS-005-BACS+,7,66,BACS+,limo02,1784200252751167944,1784200509247433351,0,0,256496265407,5,-95.13,7.95,0xa5b8675f1400d2beaab1ec6e644d66b0347aef6836fce06d278dac6ee5401755569c87494a40571e156c8b6e0f236a3272cd04e0,52,868,7,125,4/5,0
HWS-005-BACS+,7,67,BACS+,limo01,1784200257056449902,1784200361254679664,0,0,104198229762,3,-109.39,13.76,0x8f3a6ab320a0d2674f6652e01a596bbac54ff773582e9a98b4cc6a951f712fda8387f40a9a98d8095785a7842757d831e7b396cd,52,868,7,125,4/5,0
HWS-005-BACS+,7,68,BACS+,limo01,1784200259502326412,1784200466275863129,0,0,206773536717,0,-83.24,14.79,0x6b87c02989aaffd32e26f0f3affc6713a6ae27437ecd05dc9749346aaf55109a6c39bf4e41b3f8a168d26cde82c66ba0b48eeb76,52,868,7,125,4/5,0
HWS-005-BACS+,7,69,BACS+,limo01,1784200260350814122,1784200423000447987,0,0,162649633865,4,-109.06,-5.00,0x36d741945310337b664d35666770054a88544b2eb14f7f9838ddc09f166c62db644cac6e8e6de403e084c17bfad903e857f98495,52,868,7,125,4/5,0
HWS-005-BACS+,7,70,BACS+,limo01,1784200267143675375,1784200379687781054,0,0,112544105679,9,-95.71,-1.86,0x41e893e206bce9483ded5adb4d85303194e3472562d3af2a1d61ac47ed3ae444f13207924cd6f6ed38054833b0b71a252c74cb9e,52,868,7,125,4/5,0
HWS-005-BACS+,7,71,BACS+,limo01,1784200270680561401,1784200319091791508,0,0,48411230107,9,-93.11,-3.70,0xb10f2d74823a6dac3ef3f592995f641178d82f621a0f0b8646cca3e9484581d1cc2a589b67bcadf8502d0dc53e95cae89f3882c9,52,868,7,125,4/5,0
HWS-005-BACS+,7,72,BACS+,limo01,1784200270571912686,1784200420418199912,0,0,149846287226,2,-88.80,4.29,0x87bc99a4e9bb776e7a0dd365c9831c62caf3dbddc1d9b15e6666f3ad0cf1a26a604b9bb9e28442f75833ff0fc7f7be07fa0dfa02,52,868,7,125,4/5,0
HWS-005-BACS+,7,73,BACS+,limo02,1784200274280577112,1784200352969944108,0,0,78689366996,3,-94.04,0.79,0x7edf22b93093100c6d3f0df59270f47ef3a3e8e8f59394971a5dc70ec77bc7dd63fb139fa5f6dece352e4bd0d760f4c907047b5b,52,868,7,125,4/5,0
HWS-005-BACS+,7,74,BACS+,limo01,1784200280687347817,1784200383992322233,0,0,103304974416,4,-84.18,-0.27,0xa4cb0a6593e0d4213a8a1c9a86aed4c6c7cb7d9cbdc7fe9d19ab333a7beb19265cb13042eaebca6d8fed6631e6843bd2975cb002,52,868,7,125,4/5,0
HWS-005-BACS+,7,75,BACS+,limo02,1784200282074114897,1784200373752203981,0,0,91678089084,9,-93.84,0.01,0xc4de0c4d858f8c8cc9ce9eb0061d8ca44e2316519dd4b470ec3f17398df582f4128674814100cb9bc218672396b73911a30d82b1,52,868,7,125,4/5,0
HWS-005-BACS+,7,76,BACS+,limo01,1784200287015351215,1784200572673115883,0,0,285657764668,7,-91.08,13.57,0xfb731195ea6a6608b7a466c5d1c558b1c962a4598e2a2df3f8eff2112a5f47e135c7cf5217e16cf5f2d705d57e2766795f28fc5f,52,868,7,125,4/5,0
HWS-005-BACS+,7,77,BACS+,limo01,1784200290609991003,1784200619205155341,0,0,328595164338,10,-101.04,-1.52,0xf5d44c34bba1198101d193dcbc5503e65a4e558b17d3b2e5ac3478c2edfa1c97457dd690dfb04696a720fedbead88601a9762e61,52,868,7,125,4/5,0
HWS-005-BACS+,7,78,BACS+,limo01,1784200291064876731,1784200433449411226,0,0,142384534495,3,-99.08,-0.70,0x25d406d1c2de67f2decd25bc8a18278e3caccf56a4340f44b6014d189f9d2aceec80a8bacf7532c0c2b98db7af2bff2d8c9b1444,52,868,7,125,4/5,0
HWS-005-BACS+,7,79,BACS+,limo02,1784200294969306414,1784200724387371063,0,0,429418064649,7,-94.61,0.04,0x2177d76f30a944ae5eb43115a363745d804007c9d657aa1cd3b0913349e4ad5f0f59f57a1291440f0fe1aef8cad460e9aa0d5157,52,868,7,125,4/5,0
HWS-005-BACS+,7,80,BACS+,limo02,1784200300832694643,1784200544342892101,0,0,243510197458,3,-104.67,5.91,0x238e6efab1b2f4c267359af8e163cc662567e5096c29dc18b0f96b129d8950ef0da6b48e764dfb29c4992d6253ce80cc7bf9fad5,52,868,7,125,4/5,0
HWS-005-BACS+,7,81,BACS+,limo02,1784200304367967416,1784200536188480239,0,0,231820512823,3,-101.72,5.90,0x55fcfc50b16b4c87cfacd6f0d0f0c905b0faa93ceb433d46fbaaf262c88f92dbbd46460440bf3e9377d002e91bb9178cd8c202bd,52,868,7,125,4/5,0
HWS-005-BACS+,7,82,BACS+,limo01,1784200306043783768,1784200507435662174,0,0,201391878406,1,-83.74,2.05,0x46e809694f900ed1bc796cff22eb158928541fe0990451a2650593273180efe3ccdbb2d92b44bfa6d5d1374fbfae1cce5c32ac1b,52,868,7,125,4/5,0
HWS-005-BACS+,7,83,BACS+,limo02,1784200311054578811,1784200444391791287,0,0,133337212476,9,-103.92,10.16,0xadefd0c8bfee6e84ac6abc28381c5a8c14e819b9b903df6fae3b3f030bf97a8bf6ad2df023a8762ef4cf2739ab1d826b0e57c0f3,52,868,7,125,4/5,0
HWS-005-BACS+,7,84,BACS+,limo02,1784200312497867982,1784200440327329457,0,0,127829461475,7,-103.11,4.12,0xc944630932079a279be8c8df2042eb04e580925e0144546e822023f8cff39b727dece60ba68863fe82191370bab966f730b2c1ec,52,868,7,125,4/5,0
HWS-005-BACS+,7,85,BACS+,limo02,1784200317081470384,1784200544976676992,0,0,227895206608,4,-81.36,2.15,0xc19a1dd98bb73eaff689a7781c0dc61bc9f2413fade090e3d8c268ecab82c2d339d631310095aac6c857b058b7f77f6d703052a0,52,868,7,125,4/5,0
HWS-005-BACS+,7,86,BACS+,limo02,1784200321698591468,1784200725463924141,0,0,403765332673,0,-93.22,1.92,0xa6e9fb478c02bdd396dbcd6273b7b2cc9ad4257516c55643bc037fb5fa07f7ff127f41cdeee5c2d3c025b85246d2ac0e5c4989a2,52,868,7,125,4/5,0
HWS-005-BACS+,7,87,BACS+,limo02,1784200324314544641,1784200445918343929,0,0,121603799288,4,-107.40,-1.91,0x9a6db5c5f99520add2f63b7b10350f0e9aeaf6e6ed413e99a58c8d273d5a521b718cf0a3244c9ccebce939d9cb53db67fe30d30e,52,868,7,125,4/5,0
HWS-005-BACS+,7,88,BACS+,limo01,1784200325198746245,1784200731380055450,0,0,406181309205,3,-90.98,-1.54,0xd9343cf8fd41cb6e8a7b193dec424e79b76294b8922fd2df66bc4636fce474b115aaeff1eb4822ea2bef03583ce666de3d8e13d3,52,868,7,125,4/5,0
HWS-005-BACS+,7,89,BACS+,limo01,1784200328907854353,1784200417948196307,0,0,89040341954,8,-107.67,14.71,0x9e77200d23e8d4514ab782583beadca02a66113086d4f34e22d17fdff092ca2439b2d3eb4692a4ab7d62f1aa976202b3c4a7cffb,52,868,7,125,4/5,0
HWS-005-BACS+,7,90,BACS+,limo02,1784200331994518828,1784200442914789223,0,0,110920270395,0,-82.06,4.57,0xc1a52c7a35ed952a43bf236606d06244c81464cdd443c04000fca4b626f4fecbe89e4620dda9a66cae3fdd60e896f3a3fbbed83c,52,868,7,125,4/5,0
HWS-005-BACS+,7,91,BACS+,limo02,1784200337631765118,1784200590337960137,0,0,252706195019,1,-99.61,11.44,0x8bf3017cd8263ea5e79b9c58a8b1bd011f0b69afcd63ccd30bf330ca9d565dea07b5e7729926055d8799057db3c223562ea26c06,52,868,7,125,4/5,0
HWS-005-BACS+,7,92,BACS+,limo01,1784200340881300946,1784200507127201391,0,0,166245900445,5,-88.00,14.96,0xe36f506f3d0caa6b64e49d76e964a0f5c3578b044b7dab89bf604bcd7b2f7b6a718d97421bc034ed852d3047438ce075871f7929,52,868,7,125,4/5,0
HWS-005-BACS+,7,93,BACS+,limo02,1784200342448870594,1784200439533485200,0,0,97084614606,0,-84.31,-0.45,0xa777331ded0e5a19eebd87015f699ef292a57f1bf00c8133a686d88f1876977e68a3e4389814f18ad6d696d1a46615c24d01705b,52,868,7,125,4/5,0
HWS-005-BACS+,7,94,BACS+,limo02,1784200345893228253,1784200591200667708,0,0,245307439455,3,-108.25,11.00,0x8f2df8076d5b7b22a08970dee84503b8ff36ac706ffb547c7afa8b2a09067b673ffff98ceb048d52aac8a2ffdacebb125a253f5f,52,868,7,125,4/5,0
HWS-005-BACS+,7,95,BACS+,limo01,1784200349396635252,1784200482821638763,0,0,133425003511,0,-91.47,1.13,0x26f4d318aedbccdbae5af3e9afbba77df9721a547314abcda86d84ceced011b81512b70809b4a22d841b6f3b46a384ed647342f9,52,868,7,125,4/5,0
HWS-005-BACS+,7,96,BACS+,limo01,1784200353448277119,1784200580088154902,0,0,226639877783,3,-108.44,13.84,0x8112ea69df6fb8cecea075a69c6d72efe1ddbab449b0be2b0e32599e647c73abf6f638cd4be67b9d00f3c77646e70ccbf3ee07e0,52,868,7,125,4/5,0
HWS-005-BACS+,7,97,BACS+,limo02,1784200357616910730,1784200430242078465,0,0,72625167735,2,-88.24,-4.78,0xd3efb613f5dac0617ad453c375e846972b517394140f79ddcf71ebcb639b189d13724bff3b0878949f3cbbeb2d6013d48861ce54,52,868,7,125,4/5,0
HWS-005-BACS+,7,98,BACS+,limo02,1784200359328825825,1784200482716508845,0,0,123387683020,3,-103.94,1.36,0x2199e753a658a999ba8da64f183df0c2c03229ad9f3f873b5a05d3df6990f1b2e65b1a06ac1e65087e7ff5dab999f878f5709051,52,868,7,125,4/5,0
HWS-005-BACS+,7,99,BACS+,limo01,1784200365190441288,1784200465787498734,0,0,100597057446,1,-86.97,14.41,0x55f67e70214d1ce5961b8bd793dd140e1c6bdbeb7c05c90c6f4e162ef719379dc9eacfc5e5207acf72e1e32b6dbdf20d82d99721,52,868,7,125,4/5,0
HWS-005-BACS+,7,100,BACS+,limo02,1784200367042140962,1784200892068523796,0,0,525026382834,6,-81.94,-0.63,0xa73c740909a3f82026034a2fcf74f5d28f40b2140fbf4d1276d039aac44296daadbaf02c8e51389b53954047f20b8169abbf9b37,52,868,7,125,4/5,0
HWS-005-BACS+,7,101,BACS+,limo02,1784200372388361062,1784200505762164583,0,0,133373803521,1,-86.26,2.26,0x3b2ad64e707af3a2615e68f3fe74130fb1d3d8a8c0aea85cf965683cefabe887c69729d8c76d6f94a811954b1a146d32b80831c1,52,868,7,125,4/5,0
HWS-005-BACS+,7,102,BACS+,limo02,1784200374046447616,1784200464811944498,0,0,90765496882,5,-108.49,5.89,0xdef228bdbf6859599f608d8ac618c166ff0b4b5d76972731d916b2159aeefa03c164669f85b460d8344f5683db3c8be7c1d50b59,52,868,7,125,4/5,0
HWS-005-BACS+,7,103,BACS+,limo02,1784200378994859011,1784200726565098922,0,0,347570239911,8,-96.96,-4.73,0x463e56b4f20f6da6d52ee740ebb52a58c144a3a12d3875e8b25063b4bc3fe9aaa2e37255842878dd124d8106c5646d7decc1110d,52,868,7,125,4/5,0
HWS-005-BACS+,7,104,BACS+,limo01,1784200381223365119,1784200526886440908,0,0,145663075789,6,-85.21,3.76,0x500e24182a5ea546afc0fe512dcb63572d5c03aa7042316bb56cd6762aa2d68b8793d69fd35f11f8e36dd99e7bc3a445eaf42d26,52,868,7,125,4/5,0
HWS-005-BACS+,7,105,BACS+,limo01,1784200385722919450,1784200524008519213,0,0,138285599763,7,-80.12,13.98,0x0e1149eb34bf0460ef9a88dcb534c95dfa4129daa79aff259799671f8b498115f27ad630bc77c9455897220ceb610d072beda876,52,868,7,125,4/5,0
HWS-005-BACS+,7,106,BACS+,limo02,1784200388014943076,1784200551456516261,0,0,163441573185,9,-83.66,-2.31,0x6cae970d90088a5028d2119dacc6794f0aa38eb5dfb036e8687a5311ba2512537a40b0929da13e6cd620a9177b9dc64db35afb74,52,868,7,125,4/5,0
HWS-005-BACS+,7,107,BACS+,limo01,1784200391600318882,1784200551309576332,0,0,159709257450,10,-87.53,4.71,0xab83d82f9f59e4440b089b1ca4bdeec7aef8c1c36828c90e731865e94a51b3b4f0398dea9594088509658d3e0ba896978d511755,52,868,7,125,4/5,0
HWS-005-BACS+,7,108,BACS+,limo02,1784200396462553313,1784200524341056883,0,0,127878503570,9,-96.44,-2.98,0x0eb5e10d7235c82894dec99686ad76f76c9d59c2ef949eaba9f296d3486fb536fef14bccca13d5bb40ded7aa386c46fc6bb263c8,52,868,7,125,4/5,0
HWS-005-BACS+,7,109,BACS+,limo01,1784200399687600089,1784200509028118785,1784200509028120482,1784200509195338158,109340518696,1,-82.31,14.29,0xe45052e04cdfbe4b807adf2a2f66fe325e105438f462facf4050f3e4be2f7e933c87fb09e4560fdeec4d3ebd40302f33f4cb6f47,52,868,7,125,4/5,1
HWS-005-BACS+,7,110,BACS+,limo02,1784200403217865592,1784200726867943590,0,0,323650077998,6,-105.68,1.58,0x3bc72b0747d4f840d4490bc7875c9d9fc426532fae9fb8a824c22281d0648243f87ed57d05a00aa3cc12e0473c6dcf1c998fecc0,52,868,7,125,4/5,0
HWS-005-BACS+,7,111,BACS+,limo02,1784200403807559059,1784200533651399754,0,0,129843840695,9,-103.43,12.11,0x545beb6871928484320920c579aa5914a438445a677ba262945a03ff7747199cb6062be18260ae0b0d33b95546ae1b35ed56901e,52,868,7,125,4/5,0
HWS-005-BACS+,7,112,BACS+,limo01,1784200409873095079,1784200480125255366,0,0,70252160287,5,-106.42,-3.66,0x8d41079865884f89b912b426d18d07a286d30aef8bf7c9a78cbbcdc9ac0128e7db1fd45e525b9f86e6c563504dfe606ced8dfc07,52,868,7,125,4/5,0
HWS-005-BACS+,7,113,BACS+,limo02,1784200411171958416,1784200586689659990,0,0,175517701574,1,-97.65,1.04,0x8fb67f8216895d9dc325fa9f4a4cab98605ee106571019e4b137d784572f44823d87394df09e57155ceb04c3353ae34796da9d7c,52,868,7,125,4/5,0
HWS-005-BACS+,7,114,BACS+,limo02,1784200413368035622,1784200549222038552,0,0,135854002930,10,-104.47,4.63,0x13dc2cbcf3464f2cbac5b2e00060cb46cc10b28efb5fb1cab94685f1e35d4ac87a592192bc1da1fd07307a6d39bf819d50fc17d2,52,868,7,125,4/5,0
HWS-005-BACS+,7,115,BACS+,limo02,1784200419184153953,1784200640073672685,0,0,220889518732,8,-82.70,5.74,0x18341244ec3b2adc2b7d37f71d4101111da03d7ef8323ada841875d35522d38b7c5feee683d2b5f0a6219b263431dc846ed252d1,52,868,7,125,4/5,0
HWS-005-BACS+,7,116,BACS+,limo02,1784200422768735986,1784200680398010526,0,0,257629274540,10,-89.78,11.47,0x908a7810f85f2a9568b7fce09590783e60fe038ad2d901ae553035ccff2006b8bc95f7f82423b3c9aad80ab5118a41f1145a372d,52,868,7,125,4/5,0
HWS-005-BACS+,7,117,BACS+,limo01,1784200426114400278,1784200571533011184,0,0,145418610906,8,-81.33,9.37,0x0b9ca4402c80a80a8ac71d382ab4b8e22d8bdb34647aa9df73a9ef906e20620b3bd13959ad3227b710adcb62405f6d9d4940b7ce,52,868,7,125,4/5,0
HWS-005-BACS+,7,118,BACS+,limo02,1784200428314417380,1784200530388729963,0,0,102074312583,5,-88.78,8.77,0xbd36b1d98adcb9eb620e13ee94ca6d0e6da0a8981100aa478fdf9cb85cdab9e84fc65d4e1deaa1dab50200ff5fa7f956865e745d,52,868,7,125,4/5,0
HWS-005-BACS+,7,119,BACS+,limo02,1784200433084276849,1784200565823464969,0,0,132739188120,1,-95.81,3.86,0x1105d75b0e2e666afc306a9ee4d9565216d38990f893ddc6b28b00f814044ba2924a55564e6680d1b173c7d643ff05f52ecea6b6,52,868,7,125,4/5,0
HWS-005-BACS+,7,120,BACS+,limo02,1784200435881451302,1784200492186339677,0,0,56304888375,1,-89.30,10.67,0xc5f873b82e3254ebc43587ab372607cbdfdf990f45392a5a1f629996722b1c10d0a55d55510ce30d60dae579b2b4826f5813f1ad,52,868,7,125,4/5,0
HWS-005-BACS+,7,121,BACS+,limo02,1784200439355313260,1784200622319588529,0,0,182964275269,8,-104.10,10.31,0x1d850d07456f389f547f1e06c2aaff3309d003909664e9ec923d3fe770a76e055a82910efb9ea6a4188a1d489c7b2f914eac794c,52,868,7,125,4/5,0
HWS-005-BACS+,7,122,BACS+,limo01,1784200441224227333,1784201032315387100,0,0,591091159767,6,-101.64,2.60,0xdf601de58abc98f420a4ce8c8f22d4ceb1927e49e160db96d46f5f4b24e2ff9e6a777e2c71acbfef6eb9f1b9d5499dee7cfd0e0e,52,868,7,125,4/5,0
HWS-005-BACS+,7,123,BACS+,limo01,1784200447294646734,1784200586280385341,0,0,138985738607,10,-88.52,7.82,0xe287d5c26086c609fc1899cc297fb709e504b13773febb7bb85305c90aa585c2cc34e59d450813457a174c6edac946fc1a17b0d4,52,868,7,125,4/5,0
HWS-005-BACS+,7,124,BACS+,limo01,1784200450564952746,1784200647358155483,0,0,196793202737,4,-102.10,0.55,0x20ce6ac5e6fd1f8d053034033270dae0cb7da449911c62910c99832c3f751aa08e04301265b05a47dcdd1dbf3488e225c6c602c2,52,868,7,125,4/5,0
HWS-005-BACS+,7,125,BACS+,limo02,1784200454515264436,1784200515366227912,0,0,60850963476,1,-92.83,-4.94,0xa79fa1004051105e934c353b4c1418f8f594b4dcddd556286885f6f549411343fd1a7ecf7be9b6d44ddc048af93de7fc4f4e021d,52,868,7,125,4/5,0
HWS-005-BACS+,7,126,BACS+,limo01,1784200454730613150,1784200516486215142,0,0,61755601992,5,-89.50,-4.85,0x2a6763a2d82ccdb020f35b8c28e53f6958c8e806113833fc7064016f0d465aea44803bd9289c6bd64254fbc3fd9095ffcc831c7b,52,868,7,125,4/5,0
HWS-005-BACS+,7,127,BACS+,limo01,1784200459524721436,1784200532838701867,0,0,73313980431,8,-88.60,1.96,0x37e0711e8636120e4987b0464bfaeecf33ca40da6a28e962a731ab68b8c75337680e4b947c65ffb535f11fba02c336d6c34214cf,52,868,7,125,4/5,0
HWS-005-BACS+,7,128,BACS+,limo01,1784200461908238427,1784200551249670269,0,0,89341431842,7,-92.19,10.70,0x23f446e6b300858a9f6d7e7de8553d65ea936c8b142260b0375ed6cff4635e8ab137c4e742397b16a916b73bf404b70d0f7504ee,52,868,7,125,4/5,0
HWS-005-BACS+,7,129,BACS+,limo02,1784200464471518333,1784200624251405900,0,0,159779887567,1,-80.14,12.64,0x6ec97abf4bec41b91c44614e7f13d939604f7f4937a8c2929f844a914c305345f8711d43fd7f8486f8bb82067878dc34cf6398dd,52,868,7,125,4/5,0
HWS-005-BACS+,7,130,BACS+,limo02,1784200468921168943,1784200636149493134,0,0,167228324191,10,-80.32,1.93,0xe82f3f31e11e951654e6d60f48db1c9528e4a0532ce5df3307b9e56802376a4367b0df6891f519e909b2b9e634730e7fee5a5874,52,868,7,125,4/5,0
HWS-005-BACS+,7,131,BACS+,limo01,1784200474498492296,1784200692187380995,0,0,217688888699,10,-105.10,6.84,0xe9f4e7d6d968b77c5c8685b7819f86d98814b44ac247a12ae330165f1f7e10a52cc7b48da84c8e7805272a9ce907acc283f83e88,52,868,7,125,4/5,0
HWS-005-BACS+,7,132,BACS+,limo02,1784200475416952240,1784200691689777969,1784200691689779732,1784200691860347993,216272825729,2,-96.41,7.92,0x4a217dc25e0880d115b4765aeafe2f37bb4f5d42eaa9a839b95361b940f9e32d862f38da6fc64b783f55e0d2289b244375996bec,52,868,7,125,4/5,1
HWS-005-BACS+,7,133,BACS+,limo02,1784200478457543709,1784200676155701845,0,0,197698158136,5,-89.52,7.31,0x243f9722f0dc3ac1b5e6cbc82ce5985f0996fe3d131cc20742c069b2a08d156f059ef98628939ae13dac5da7559665994b709062,52,868,7,125,4/5,0
HWS-005-BACS+,7,134,BACS+,limo02,1784200484496814245,1784200782742875255,0,0,298246061010,0,-101.95,1.05,0x382f12473c6964344c3a80ea22ce04c61b87a1713ace84a34ab602ed671a6db9a481228c276b8c68353e58065dcb71f491ebea59,52,868,7,125,4/5,0
HWS-005-BACS+,7,135,BACS+,limo01,1784200487442894616,1784200612667146488,0,0,125224251872,7,-82.24,-3.24,0xe411f51089f74247b494c3e999e19fb830477ccbd5dd6905b44b2e1fca89c34e75e6292f73b8bca1f02026f386f4b9533c6fd727,52,868,7,125,4/5,0
HWS-005-BACS+,7,136,BACS+,limo01,1784200488283002602,1784200616453383847,1784200616453386522,1784200616627011497,128170381245,5,-95.48,0.07,0xe03e4636a7fa9d40fd3b6bc85dcc32b8461d422606f527404ab4be8401214ad32abb7fbd19a9fe8bb7fdea86ba4d39415d43a1f5,52,868,7,125,4/5,1
HWS-005-BACS+,7,137,BACS+,limo02,1784200494559152636,1784200654082447147,0,0,159523294511,8,-95.36,14.91,0xc0906b1d7e29257abf78fd56b2ca98cae85e2b3872a2797d1c88b7d6c966b35a0121da037919a6fba7fb62e68c91341c35422dca,52,868,7,125,4/5,0
HWS-005-BACS+,7,138,BACS+,limo01,1784200494683578294,1784200569944966994,0,0,75261388700,10,-81.39,-2.73,0x7c3089d6dd1c74018a241e4384ab22a62976ea09a2a8349f1c2c7326bd4e12a5d844922fc610f3d17c0c91a9020ebdbce7863832,52,868,7,125,4/5,0
HWS-005-BACS+,7,139,BACS+,limo02,1784200501581759937,1784200750274164567,1784200750274169491,1784200750446165696,248692404630,3,-93.34,-3.42,0xbe1d9bebb567ad3dcd536376db804eefaa5fe1802dce51e6c3dd207ae13232366e96507b6c7f90c86748a4f5c1a6e73466484860,52,868,7,125,4/5,1
HWS-005-BACS+,7,140,BACS+,limo02,1784200501789954158,1784200578007764228,0,0,76217810070,2,-87.76,12.11,0xe1eab0f34ef6b2df752a14849b6a618e277f49e763eba1ce918305ebfd97ae7ec77b013296935fa3875c75c18498027593574747,52,868,7,125,4/5,0
HWS-005-BACS+,7,141,BACS+,limo01,1784200508144778370,1784200699647085077,0,0,191502306707,10,-83.58,6.08,0x89c2c39c87f4cccda8d504cfb09b343315facca1182f309d67be09d340dc5715923cb4071820b2223d4a42e1ad483484e4ef2714,52,868,7,125,4/5,0
HWS-005-BACS+,7,142,BACS+,limo02,1784200508945287728,1784200683672542941,0,0,174727255213,5,-94.31,4.84,0x4e07675470051abafa9d4bdd032bead3c1060a27b8a275a91093f0dcd744d8c721800913fc53f6d32c860db0918202a0eadffde5,52,868,7,125,4/5,0
HWS-005-BACS+,7,143,BACS+,limo02,1784200515385041456,1784200658764602517,0,0,143379561061,2,-101.67,8.50,0x78843b7b4db76bb215979728b3fb418c51d2803324c8171659496033e6144ee949bb5e961173c9be8b5f888db7a166ad6336fc67,52,868,7,125,4/5,0
HWS-005-BACS+,7,144,BACS+,limo01,1784200517399383803,1784200633643703225,0,0,116244319422,8,-82.07,11.44,0x948904f1d2e079ad7df72f9074a07860faf9887ebbeb50915618f1efe09f935ecf7e727a5ead2627fc80edfdb33448dbe592d5d8,52,868,7,125,4/5,0
HWS-005-BACS+,7,145,BACS+,limo02,1784200518541062900,1784200611274524648,0,0,92733461748,1,-86.45,11.21,0xa34f073186cbc5c893e0048c36c220bde734124d374d5d865be00f6189743d609ba8f6917ad61795501c3a915fd064cfb018fe52,52,868,7,125,4/5,0
HWS-005-BACS+,7,146,BACS+,limo02,1784200522287072659,1784200638820945038,0,0,116533872379,9,-86.27,1.74,0x24431712a5987dcf51f9cde25fef7637a90b75c6cf5d0fa51a7f38b4e6850decd5d47432c311126122659af9b2baa5f73d3aea49,52,868,7,125,4/5,0
HWS-005-BACS+,7,147,BACS+,limo02,1784200526260281787,1784200625102151090,0,0,98841869303,1,-90.58,5.04,0x729507074a5d313b0799a1cda40a6f349411bdeca298d46ca94ce3de51d6313e75b2c23e303066d91725c73c04368ed0ff3f860e,52,868,7,125,4/5,0
HWS-005-BACS+,7,148,BACS+,limo01,1784200531478643379,1784200621989496841,0,0,90510853462,10,-101.89,-1.92,0x34e3e6b3b0c0e24311268a868e291205f5af2a23bb86e0eb02bfc7738d8bdbab45c1304099fe4435cc54c534df580cac8a076013,52,868,7,125,4/5,0
HWS-005-BACS+,7,149,BACS+,limo01,1784200533547826122,1784200659823974777,0,0,126276148655,4,-90.02,0.46,0x9d03145edfac2dcf765a71cd2ee64fe795da314bf87b3fb9d3c2505ff487dff665d3f0f8c9da1c30f399e7f5e629f34d7193d43a,52,868,7,125,4/5,0
HWS-005-BACS+,7,150,BACS+,limo01,1784200536580946370,1784200722510278016,0,0,185929331646,2,-108.15,2.89,0x7c77b6f21ec78f6e27cce62e4d66c7d4898668bda9ffd54091e4aeb3da76bc9af3f3f31c16abe2395972657bed8dd4f49145f215,52,868,7,125,4/5,0
HWS-005-BACS+,7,151,BACS+,limo02,1784200539963791383,1784200659640843635,0,0,119677052252,4,-103.98,8.82,0x34b7f20a5fffccdda817aff747629a58c75d4464eb50ca34dd2daf12d40626ced07c36473dee34f28a84de9c3f1951e78fe1b2dc,52,868,7,125,4/5,0
HWS-005-BACS+,7,152,BACS+,limo02,1784200543141382350,1784200677641191989,0,0,134499809639,9,-93.62,5.47,0x1e66cf84c16ae62dfa0bddbdfd491d58c6ddbd19e6e92328e1af5597152d5c1933e797f0cf9d2ed95f0d0f43b4b632e3cfd66663,52,868,7,125,4/5,0
HWS-005-BACS+,7,153,BACS+,limo01,1784200546427233705,1784200739578747032,0,0,193151513327,6,-96.86,7.13,0xca863801eee3f4495c4a99333cceb69ce36e5bf57f2193ccfe56a12a1442e01d00840d568e744ad13cb624f4459a0b09b777b1c8,52,868,7,125,4/5,0
HWS-005-BACS+,7,154,BACS+,limo01,1784200549159930063,1784201027958746112,0,0,478798816049,0,-100.92,12.18,0x93c194aecdb6d9d9a780b2f8cf581ff3061a36fd5dffe0029ca78ad95483a16d22258ef79b40a162c62a70ae0b43f0803418bb8e,52,868,7,125,4/5,0
HWS-005-BACS+,7,155,BACS+,limo02,1784200555851054426,1784200772484657946,0,0,216633603520,3,-83.65,6.68,0x2bfada2db8a629ca42e503268bfd7a2b2164c0e9b6ea04a3465eab2c1c101e902fadaf715ff0c4394b18616571abf68cc3d52d3c,52,868,7,125,4/5,0
HWS-005-BACS+,7,156,BACS+,limo02,1784200557318568930,1784200944555772665,0,0,387237203735,2,-85.69,2.47,0xfe74ada98d43ff1d69b336f053ed980db36226078ea179423e74f34b93bcd57c3d935b5f4a6d56af3c66d1d9ec89419c21a9ebf4,52,868,7,125,4/5,0
HWS-005-BACS+,7,157,BACS+,limo01,1784200562054181552,1784200988445985768,0,0,426391804216,2,-83.73,-4.54,0xd8aebaa95976e308e2d5fa33595ecc2c26129513ca18d185660ea98be2a0ab1866e04b90748e71f5385f676d2bf73ba4d0497316,52,868,7,125,4/5,0
HWS-005-BACS+,7,158,BACS+,limo01,1784200563633970976,1784200662529417338,1784200662529421374,1784200662703416399,98895446362,3,-103.28,9.55,0xf0eeda2e0af32c277b0308dbe8089a5e23453353f5712dde36085f612036dd6c0405836adc3fa0c46f5660fa81844f750adc2d51,52,868,7,125,4/5,1
HWS-005-BACS+,7,159,BACS+,limo01,1784200566964190974,1784200719114142127,0,0,152149951153,8,-86.21,9.58,0xcf17ec51dce47663e026d38a3f4080b04c6c7140b261fc592a95009ee53676c90826f4c4f08688641ff3ea8d9aba74f5ecb143bd,52,868,7,125,4/5,0
HWS-005-BACS+,7,160,BACS+,limo02,1784200571052758500,1784200607699111289,0,0,36646352789,6,-102.49,0.93,0x3746f7bc65eebdfc57b297837f89ea113ccf61fa145d750f187aa960a6971e01bb1dd956e1c6b2ceac7672817d6edf453072e539,52,868,7,125,4/5,0
HWS-005-BACS+,7,161,BACS+,limo01,1784200575741394876,1784200744756909094,1784200744756913058,1784200744925424349,169015514218,10,-86.80,-2.99,0x700dab1634b20d4636a2e85bccb2e3f23dc6547aa41ac8c6477ada446b3d254488e3316b23bb207ebe73f87edb7a3b242c446d8a,52,868,7,125,4/5,1
HWS-005-BACS+,7,162,BACS+,limo02,1784200577559779564,1784200767391985496,0,0,189832205932,2,-87.92,7.06,0x0ef1ea495a82def109c6a320fe6ee442c8c6d73d3e9e6176a3773805759a2010e0018d6e705a71087f516419fcf201aeec52cc85,52,868,7,125,4/5,0
HWS-005-BACS+,7,163,BACS+,limo02,1784200582628608161,1784200839786426493,0,0,257157818332,0,-93.86,2.71,0x3316151c21949450f0f18575212b8df13645a480f67464dca6426ed2aa7a3557d118b88b736936e2afe5bc9a680122a35fabdaa2,52,868,7,125,4/5,0
HWS-005-BACS+,7,164,BACS+,limo01,1784200585266456573,1784200666726480210,0,0,81460023637,4,-100.04,5.00,0xcacf545398d5ad117c9e7ad7732590aea373bdd8845f66f9e887baf44d7919d1c7ac85ba253dccf73b21dac5da779a18dd68254e,52,868,7,125,4/5,0
HWS-005-BACS+,7,165,BACS+,limo01,1784200589956700803,1784200748278104655,0,0,158321403852,1,-103.61,9.77,0x1609f761e8875b65bce4022a6f47c07e4d8141a5da5a0bc15caeb0d433e4df64d5e2ca82721476759728195c1c498559cb48f58c,52,868,7,125,4/5,0
HWS-005-BACS+,7,166,BACS+,limo01,1784200590610323891,1784200889226548744,0,0,298616224853,4,-90.08,4.62,0x66686896032a76a552c99a0243d7f50a3a3db3813229c71f59d0462249a1ca28186bff66488e8e9a06f0e5aa0b6b3b132d83774a,52,868,7,125,4/5,0
HWS-005-BACS+,7,167,BACS+,limo02,1784200594167784367,1784201041644212963,0,0,447476428596,10,-84.07,12.17,0x8de4ee47948c90921ff7db15e49fb9f65cccf29765da4b9cc929bacd2b453364fe75f9d558f730920e66703b20898b301fddf61a,52,868,7,125,4/5,0
HWS-005-BACS+,7,168,BACS+,limo02,1784200598017805613,1784201082959523570,0,0,484941717957,10,-97.89,6.28,0x520a4c799721fb641e72cb64c6ff3e69186fa3bc681528282ef3ca338af7d1b0b68ee1b8356dabc14c3852f23c7fefe847bcbe6a,52,868,7,125,4/5,0
HWS-005-BACS+,7,169,BACS+,limo01,1784200603809605168,1784200734823257271,0,0,131013652103,6,-82.23,4.87,0x52bcdd87684870fca6cb8522d821cc9c8c19b3560f89f576a12b23c7131d8e2562b35a1d33e1d172f5b594eebcb43fe297cd1963,52,868,7,125,4/5,0
HWS-005-BACS+,7,170,BACS+,limo01,1784200604379876818,1784200773626771825,0,0,169246895007,4,-103.43,1.12,0xc28686b49703bc203f87cf1fa3a25177a75ddde594cdc5b7d6d44668f4411f25551d3a1d0e5ee5df908e672f7a3e7fd9e2bcd0a5,52,868,7,125,4/5,0
HWS-005-BACS+,7,171,BACS+,limo01,1784200609210156562,1784200745451339362,0,0,136241182800,2,-100.71,6.96,0x375a715d6749e8877cd08f48a8e21b96173eef2a47dbef5581cf820939e779f6b30773cfc35797e7609aaba3e9bcad504c78de74,52,868,7,125,4/5,0
HWS-005-BACS+,7,172,BACS+,limo02,1784200611411481307,1784200866798697253,0,0,255387215946,9,-93.26,-0.24,0xe3f076feabe632f154fa3c4c9f162e631a79069edf070dabbba84d9ae5f07f354b088311e3105a9cfced9de01ff5b8f345c9542e,52,868,7,125,4/5,0
HWS-005-BACS+,7,173,BACS+,limo02,1784200615035698293,1784200702146368142,0,0,87110669849,3,-103.05,1.07,0x4e3b772246f203c0589bda2eed655bc6eee938f6915e29671d8dd7415dd0fe0622a2f30c0deaef9e4e126a2a47d33b549345eb02,52,868,7,125,4/5,0
HWS-005-BACS+,7,174,BACS+,limo01,1784200618021063823,1784200806692508392,0,0,188671444569,6,-84.54,7.11,0x3f6dc83f6343ad00b3b5fffd42ec31c00d3ff6e11b08bf93004db84079aadb5d20c3f6bfae59cc39b898fdbf1c3d23b2d1a310e6,52,868,7,125,4/5,0
HWS-005-BACS+,7,175,BACS+,limo01,1784200621702060763,1784200928820280665,0,0,307118219902,2,-93.75,3.54,0xe5f1ad3371ea8aa6c0d83111c1fb99a0672e25f91b4e5490962505c37b7121cf686932554502288ddab0d8cb0a1386f7dae4e34d,52,868,7,125,4/5,0
HWS-005-BACS+,7,176,BACS+,limo01,1784200625463326215,1784200803391264866,0,0,177927938651,0,-108.85,2.02,0xe3bd0190dde2d1f1551069b6b53f0b1075b340e661eefc34f8538c09090dfea20fa6d08daaf314bd9deef267cdc07c53e1f46ebf,52,868,7,125,4/5,0
HWS-005-BACS+,7,177,BACS+,limo02,1784200629971845632,1784200788540380774,0,0,158568535142,2,-89.43,4.00,0xbb92894e75af62d5526cca4f83ef7c9720a91a29a797016e1d5e282d4c76529b44f8556140d43baa0f087ea7e8e1c2d5f5fead91,52,868,7,125,4/5,0
HWS-005-BACS+,7,178,BACS+,limo01,1784200633052370221,1784200897178815949,0,0,264126445728,1,-103.87,7.03,0xca404d6f26e3d2781ee8b6c256b27650f5da9e7333bc26a6ef63dcac3520b4c8e0bb943b20309eb398613c231e6bc99a1c1b37aa,52,868,7,125,4/5,0
HWS-005-BACS+,7,179,BACS+,limo02,1784200634062208308,1784200776863058404,0,0,142800850096,2,-100.26,-2.59,0xae8a5494e149dfa691868313bc441082ef42af09b3d99427e3951d6d2343cd440f8cea542314bcc7e1e711297f53a9d39baa9d24,52,868,7,125,4/5,0
HWS-005-BACS+,7,180,BACS+,limo02,1784200640455351124,1784200834566676987,0,0,194111325863,6,-102.04,-2.66,0x2a54057cb1c8c0c630ef5d21fc33c45bdaf51a51c393da201f3ac1b6e06ddd3a4d1216083f08904f15d2efe5de786dd991009c77,52,868,7,125,4/5,0
HWS-005-BACS+,7,181,BACS+,limo01,1784200643790121994,1784200802077949517,0,0,158287827523,10,-95.35,7.93,0xef2b90ab6ec67a1dc8155ab0f067fd81a2fc2c72bd147ec34be21e3910a587cb1e39d71d3c8824dd5062fae0cb816b60abb1e70d,52,868,7,125,4/5,0
HWS-005-BACS+,7,182,BACS+,limo01,1784200645565828414,1784200963421450551,0,0,317855622137,1,-101.30,-3.28,0xb7d938cbe754e00e2fa8de37a2f1727af3940902087a580399ee929ed6998e5adb70e1f3859ef094c802672b0da1eac14a6e6c2e,52,868,7,125,4/5,0
HWS-005-BACS+,7,183,BACS+,limo02,1784200648929564182,1784200785562193694,0,0,136632629512,7,-108.91,12.17,0xea93b713cce51b2bc81ef3a9ae7c836d56e066de80ead41df24a4434617a54f4280eb1888a1bcbdb61739fa879e81b1ef3980e81,52,868,7,125,4/5,0
HWS-005-BACS+,7,184,BACS+,limo02,1784200654297635174,1784200812984188375,0,0,158686553201,4,-106.07,4.74,0xdd7bd4cb075e0960f6ab1487051233fe3723d848e3a4fafa1eb1cb8112b135c130be4a4478c13913b7b6c60625015435c2ee1cfa,52,868,7,125,4/5,0
HWS-005-BACS+,7,185,BACS+,limo02,1784200657385966603,1784200769465003681,0,0,112079037078,10,-97.75,5.82,0xc82d3a62f717de1a59d48f71571b97ac542b56777c8022f40b8d7630438f7c4774284d239322d45376259af93903577d7ccad55d,52,868,7,125,4/5,0
HWS-005-BACS+,7,186,BACS+,limo02,1784200658090455027,1784200800955666347,0,0,142865211320,10,-106.47,7.51,0xb277ed9edc6d98e1b21c66ef79cc619045deba0ef05673afcd204825a285abc557f1e9fd2c60a3a01eda8401c8f001adb03f44e7,52,868,7,125,4/5,0
HWS-005-BACS+,7,187,BACS+,limo02,1784200662703503778,1784200818714916911,0,0,156011413133,1,-89.77,4.42,0xef08686c004f7f64e25e3fef0f1e6a893db5e49baa9a79a3fc97663aaa2bd27bde35ed166b23cd1ce7caae13f0390f21fd1ae974,52,868,7,125,4/5,0
HWS-005-BACS+,7,188,BACS+,limo02,1784200668472548927,1784200813320324505,0,0,144847775578,3,-87.54,6.24,0x73156d81b30ccbe2203bd542477efdebc3341770659905e46f1a8f6d15959083b6f088e6d16355a870ac1d945a429410e758a014,52,868,7,125,4/5,0
HWS-005-BACS+,7,189,BACS+,limo01,1784200668961266450,1784200886923195531,0,0,217961929081,6,-103.29,-0.74,0x0c07866bbd554c2479415c1fbe8e5ded1b21b4e4311f2d140fc8b57630d9d20da5d34c4a299660f3fa499901f74ea33996164569,52,868,7,125,4/5,0
HWS-005-BACS+,7,190,BACS+,limo02,1784200672628727493,1784200929171332975,0,0,256542605482,3,-85.11,9.81,0xdd0f1775c3d9fe7e670f05720b95280ec9073195223b494591bc92d2b4df12a8148cf2db5ade8be8563abbbaf05cb21b21103ddf,52,868,7,125,4/5,0
HWS-005-BACS+,7,191,BACS+,limo02,1784200674793296376,1784200754211720072,0,0,79418423696,6,-107.82,-3.18,0x1aba22b20df6fa7d0b7c8972c822594b466f195128c8a383e4ed1fc669e0455ffa41427d98fd159a601bb2dcde9ec9c7fd43efdc,52,868,7,125,4/5,0
HWS-005-BACS+,7,192,BACS+,limo01,1784200681383719061,1784200853423322468,0,0,172039603407,4,-98.56,1.56,0x8833fdde1b31bc6767b3e9fda2159d96ef420820752271a1d60e1491754c5dff9cd1f21686d2d9293c70bdcc057b6f0b89ba98fd,52,868,7,125,4/5,0
HWS-005-BACS+,7,193,BACS+,limo01,1784200683050311479,1784200839190678057,1784200839190682684,1784200839365524202,156140366578,4,-99.11,-3.09,0x639d431de2771faf0ede23ece34b7b58a02a7e3f4e3f7efd8464460a1247f094c3cb7379195f420e579ca5092c0950753d81ae50,52,868,7,125,4/5,1
HWS-005-BACS+,7,194,BACS+,limo01,1784200686382294755,1784200835848994699,0,0,149466699944,4,-103.55,10.08,0x8572e5c98d145a1cd893c5d3c52e18fcb03c9d71b380e78e4f807fe1bb6dd701fcbab4ed99fa4169ad86a9728907658d6e4579c0,52,868,7,125,4/5,0
HWS-005-BACS+,7,195,BACS+,limo01,1784200688655727251,1784200905119763059,0,0,216464035808,4,-94.13,14.26,0x15e2db4f9394eef2bd379c289b514a0d81935acff86d7c6ce43daa3a2b7af42f2418ea312035d23e236bdc5a18637b3ecdec0adb,52,868,7,125,4/5,0
HWS-005-BACS+,7,196,BACS+,limo01,1784200692308934462,1784200788068575241,1784200788068577237,1784200788240128324,95759640779,6,-102.70,5.27,0x4a98f1896eb47da70737521efc810c2f70301416ce218e4786e1572adecfce654920768ab14da8a8f8dbd2bd87ff8d7aba6d83c2,52,868,7,125,4/5,1
HWS-005-BACS+,7,197,BACS+,limo02,1784200697720304482,1784200807681657476,0,0,109961352994,0,-109.19,-4.44,0x60c7482266187d93889933acce3ee775aca46405b4db6635fa2198bce5d710f244e4aa873d09a009c39e7b7adaf067084c9fbdd3,52,868,7,125,4/5,0
HWS-005-BACS+,7,198,BACS+,limo02,1784200701419438328,1784200829339439415,0,0,127920001087,6,-92.08,7.57,0xf010133fe42fe410d11ad301048375ba3388a031401df6361835dde5d4e15cfd4bbf80ba77a33d2d1eec56f3bd370f0b63ae5552,52,868,7,125,4/5,0
HWS-005-BACS+,7,199,BACS+,limo02,1784200705446449115,1784200782277362228,0,0,76830913113,7,-86.50,3.29,0x42bd047efb04ded8b44c3ffb65aa33f3dfcaf0c94ea1bdf7c41cca6f7ac55bb2692bdb35d1d65f08df2a999587d5992d62134e70,52,868,7,125,4/5,0
HWS-005-BACS+,7,200,BACS+,limo02,1784200705371803211,1784200937396571519,0,0,232024768308,3,-87.11,6.99,0x7ca2af057b9924ace4de5a7a7912b277a4f2f6572681f8364f1e6c21f557e815e29374300b41d2480e81aa9d892dc29058b549ac,52,868,7,125,4/5,0
HWS-005-BACS+,7,201,BACS+,limo02,1784200708794386884,1784200870344097736,0,0,161549710852,2,-84.25,-2.33,0xd5432733ea35f690ea962c9b2455d8f9a7245767535e7fba55675a44c5c5103c20ab61db3fde6b759ace16b814713d6d5907a2f4,52,868,7,125,4/5,0
HWS-005-BACS+,7,202,BACS+,limo01,1784200715587520199,1784200861068347648,0,0,145480827449,4,-86.89,12.73,0x9e3d97a8c2660e3fdc7c9ae82fdef4734877bde278a2410dc3bcca9e828839a6ed846f02322063c4de2316e83b713f368d6a7ba2,52,868,7,125,4/5,0
HWS-005-BACS+,7,203,BACS+,limo01,1784200718862370789,1784200857577175191,0,0,138714804402,10,-95.09,-0.20,0xe5b9afee0cf9f9bc9432f2fb170ad3b7507dec515ba1ccc69b23751ffbfd145cd5e5b341337a7d9534370bf2a7c1de2f6d87a496,52,868,7,125,4/5,0
HWS-005-BACS+,7,204,BACS+,limo01,1784200719216687392,1784201034799535576,1784201034799539525,1784201034973413513,315582848184,2,-91.25,6.05,0x1a915a8d57527191741f64f61ed522682a9064163dad64ec3b46e5bc443bf824965fd01a847b426153033bc25a0a48b6c747f862,52,868,7,125,4/5,1
HWS-005-BACS+,7,205,BACS+,limo02,1784200723353995635,1784200853686192100,0,0,130332196465,7,-103.96,6.28,0x45179d70d9d6ff6a730c3b733e164e3a955108e9b86cf9dba91b241258ddcb01f439827a0b21144793eb9e7c3cc9e706de166b81,52,868,7,125,4/5,0
HWS-005-BACS+,7,206,BACS+,limo02,1784200728713986453,1784200869829345186,0,0,141115358733,7,-88.88,12.21,0x019109718b7df545405500f1488c413ed5f61df8e9e0c36e71264c0144453dc2cfa308bfc0c5bafef2cbc858193161ea05bf040e,52,868,7,125,4/5,0
HWS-005-BACS+,7,207,BACS+,limo02,1784200729305633557,1784200819545903223,0,0,90240269666,6,-80.28,-0.84,0xa7da0a5a9d4e3e0578055b511e92f5c1dab6881bc42bba5052d2d8b713f8d73d79eae82ffa66ac2d5f4d92752f4d2e3205976584,52,868,7,125,4/5,0
HWS-005-BACS+,7,208,BACS+,limo02,1784200732749374117,1784200851443498104,0,0,118694123987,7,-99.10,2.12,0xf65dbe7d3f54a450c934d0fd434259c0f76a7938ae380e9194dd99f60f03a06b3d1fe43dd6c4f7b11488eab59c6c3e253de2b7df,52,868,7,125,4/5,0
HWS-005-BACS+,7,209,BACS+,limo02,1784200736612950367,1784200902208223520,0,0,165595273153,6,-84.85,3.83,0x41eb4bcd25a2b9947c3bd2dbf00a4c4d77905d7f2562ade7b78fa2f8662fe0f1902724617ea0fb229b3ed97408ce9396a235995c,52,868,7,125,4/5,0
HWS-005-BACS+,7,210,BACS+,limo01,1784200739647103504,1784201015471826228,0,0,275824722724,8,-102.99,6.94,0xbf9e812f0ccf7b8ab87fb8f31d19e772891479718d1839938b71bbcb56caee79921c63a812b340f7489bf0112c52f53af3bbc4f0,52,868,7,125,4/5,0
HWS-005-BACS+,7,211,BACS+,limo02,1784200743488240725,1784200858019976211,0,0,114531735486,10,-88.36,-0.19,0x58c32088993a1f39079f49b728fcc82100bb16af5d8f289bf5febd9c92344bdf71387a73e2d6244660ccc832ca9f47eab83e8cc1,52,868,7,125,4/5,0
HWS-005-BACS+,8,0,BACS+,limo02,1784200746836399951,1784201284047148840,0,0,537210748889,4,-93.02,10.23,0x8d4098b9b2963c741db9f7ad1551a6d0c4d68809e63ee832399231b62959707e6f4c1cc373f2540f95908cf625253cb65fb5e6b3,52,868,7,125,4/5,0
HWS-005-BACS+,8,1,BACS+,limo01,1784200750830187212,1784201055464171967,0,0,304633984755,1,-84.61,0.29,0x5c2ec7f8c96ba79c193740fadf3f2b74b358c0398f6172079ca871e3c3a1e469dbebf4bf6e75db5b5a985f5c51bcd2cc398a5970,52,868,7,125,4/5,0
HWS-005-BACS+,8,2,BACS+,limo01,1784200752903358379,1784200944152591491,0,0,191249233112,6,-107.32,0.98,0x37283e4249bb3811491f1de2b43358e0b71c25f0b2a548f7b6769b925e01ca9eecd704e09889d6cf178b132c4c81b498dc24c5db,52,868,7,125,4/5,0
HWS-005-BACS+,8,3,BACS+,limo02,1784200757502909629,1784200892344266593,0,0,134841356964,8,-84.04,-2.01,0x1e582823c4c0a877173bbcf9468fa093c55c3dd42c393d47c804a2d9408ad3a93446fa3a3239bcf6655698052dd619de1728652e,52,868,7,125,4/5,0
HWS-005-BACS+,8,4,BACS+,limo02,1784200763610111870,1784200808976232700,0,0,45366120830,6,-107.79,9.04,0xd7dd2312d7ad4ce0a1e2a38d0ae0ab30d25ebf4bea1996171a37d6bb7c0ca924d622b1bc959a2c856b7642ad50d9583089b16004,52,868,7,125,4/5,0
HWS-005-BACS+,8,5,BACS+,limo01,1784200766634460055,1784200851945837765,1784200851945841603,1784200852117134658,85311377710,1,-81.37,-4.63,0x80aa5ce256fe4b790da911114e5a886edb08f4d836aef081cefbe84abba04f9219d39b3f99fe83e6bb000b055c5988400f1b192b,52,868,7,125,4/5,1
HWS-005-BACS+,8,6,BACS+,limo01,1784200770615496665,1784200857735102927,0,0,87119606262,8,-92.53,1.03,0x6ae1052f796b81021267360d12f420c386d0df68ca196b776186f649f73844b3f015277fffe3560714e1396127152963f4edeb7d,52,868,7,125,4/5,0
HWS-005-BACS+,8,7,BACS+,limo01,1784200771035157957,1784200882834269202,0,0,111799111245,9,-88.65,11.52,0xcfddcb5cef62c8f9f634916d31ef8c87582be95f97ab7a04dc4fb74908a4e3787751e1600543e5cc704daaef838b7d7cd1e32e66,52,868,7,125,4/5,0
HWS-005-BACS+,8,8,BACS+,limo01,1784200776860814803,1784201014821330640,0,0,237960515837,4,-94.66,2.02,0x3c6ac35444d306555e966abdd84ea95a14abfe9b6b504f94d00f91ea6f20ea18a528298103ca170188b152bd1a2ec92a6f9c3feb,52,868,7,125,4/5,0
HWS-005-BACS+,8,9,BACS+,limo02,1784200779646353830,1784201072679002886,0,0,293032649056,8,-108.73,10.38,0x49141a168867678da7a68459319fe9507feefdff3c2bc7e92a6865de0d1789e90562471b662aeabc7ace719958fdfbafd9965dfd,52,868,7,125,4/5,0
HWS-005-BACS+,8,10,BACS+,limo01,1784200782433865923,1784200994587430705,0,0,212153564782,9,-100.80,12.60,0xe317cfcc7db2d3edf99cef66638f3ac51baf1910b7c5c50fb6e8582a61d5bc4b81e3b69ed71a37e29e6540ddd214aff9b54d42ed,52,868,7,125,4/5,0
HWS-005-BACS+,8,11,BACS+,limo02,1784200785805681591,1784200943356338979,0,0,157550657388,10,-108.67,12.15,0x849989fda1fe69bb8fe56de5519c447c1239131c743d10dd2ef1ae0ca89bced8ae648c40ad4ba15c00992ca8429304b9535a5a5e,52,868,7,125,4/5,0
HWS-005-BACS+,8,12,BACS+,limo01,1784200787487925328,1784200898517213108,0,0,111029287780,10,-81.95,1.22,0x3d1ac3e68697b2fe4b0afb3a31f59b652bebacb1cb6cea3fe74c9d6c4fc425ad2c32687073cf04fffd8548ca1ee1bdb66b888cb6,52,868,7,125,4/5,0
HWS-005-BACS+,8,13,BACS+,limo01,1784200792175374856,1784200880265392961,0,0,88090018105,6,-87.15,5.77,0xd5849839a648167fd1b370e80ec0566268577a5fbc13fd429e984ec4e6c1681915f60d820e73bad0d88f6a24abd7cb30fb9a1c31,52,868,7,125,4/5,0
HWS-005-BACS+,8,14,BACS+,limo01,1784200798095102763,1784200925170023305,0,0,127074920542,7,-108.36,-2.88,0x1a978562642c6bd3d5662b9afc9d18ecb20380e61360501c93ccb859408a1a6a6c7eb0446eb91c6aa284d72dccba0dc8d4219cc0,52,868,7,125,4/5,0
HWS-005-BACS+,8,15,BACS+,limo02,1784200800820052032,1784200911850498292,0,0,111030446260,6,-93.54,9.18,0xde33e17933dbe3d8a728ae305a68af13924f7af389f71c9c72b7df247bff378aece43538948a0406ef65c2088f90dfa293740090,52,868,7,125,4/5,0
HWS-005-BACS+,8,16,BACS+,limo01,1784200803889788493,1784200976411749193,0,0,172521960700,7,-95.85,1.10,0xa89a891be526a790ccd7a2b3b9a9ac9ae244b6f01cc3fc5e1c533af6149ef294d863cbeb708cc3797a2d216d0c726d99ddcfc1d9,52,868,7,125,4/5,0
HWS-005-BACS+,8,17,BACS+,limo01,1784200805884592113,1784200942486990896,0,0,136602398783,4,-108.17,13.12,0xf9701d6c1a5993ad92f039dacb99f2a19f1dba1af8e3ae2bf383210a4680f66a2df46fc56015011bd7fef05190595a4adec377bb,52,868,7,125,4/5,0
HWS-005-BACS+,8,18,BACS+,limo02,1784200810426302689,1784201071769242307,0,0,261342939618,4,-80.86,5.22,0x76ad1afdc6df3e815c3df5be584b7e988dcbadb0dede50bb7a1674ba574e477e988344ccc664f4eb89f38402a3517e7590073b0a,52,868,7,125,4/5,0
HWS-005-BACS+,8,19,BACS+,limo01,1784200813585453475,1784200904324684982,0,0,90739231507,1,-105.59,12.71,0x4131d082cc5b20335cc1f2d4bc567f1fb4a1bfe6167862f211662b395547db6695442ea561ae8b8f34988b4ec544f94dd59f68a2,52,868,7,125,4/5,0
HWS-005-BACS+,8,20,BACS+,limo02,1784200815497758090,1784200913085927168,0,0,97588169078,2,-100.69,5.83,0xe29935ebb63e195a71d97bbfe614978422d3b83b6681a02a9a1b170151286531e2c5a9bd58d6e7b595d75b0666941e2f34819211,52,868,7,125,4/5,0
HWS-005-BACS+,8,21,BACS+,limo01,1784200818821211147,1784200887285975039,0,0,68464763892,3,-95.29,5.26,0x5bd71256d7daca0c7a31ba9d600e46ab9f3cad654ad288aada3a9ba7344fbf1e72d4ef152967c5e9c6bdcb561775453bdfb73553,52,868,7,125,4/5,0
HWS-005-BACS+,8,22,BACS+,limo01,1784200821918819811,1784201105958598943,1784201105958600306,1784201106124814703,284039779132,10,-89.81,2.42,0xb4c61f0e4ee2cef0a0e3cd83b9081301afd7adcae0bb6efaeeb48aef5254a7ff208f987071e91368ba0bbf019bbb0383538894a8,52,868,7,125,4/5,1
HWS-005-BACS+,8,23,BACS+,limo02,1784200826349856502,1784201076398076893,0,0,250048220391,6,-104.07,14.81,0x8f7a6bd024e32a3e8b4d020604d662e129a04bea752872d4ae38673a2790c86cb3dc2c2b4b505adaa662bb8e9606c83f5d4b4e53,52,868,7,125,4/5,0
HWS-005-BACS+,8,24,BACS+,limo02,1784200831168463805,1784200971438226741,0,0,140269762936,7,-107.64,-3.55,0x006ec89fb1567b5fe10cffb74cb0380f96d1372cb1bad04a626b7cb761a5aa7c36e0bd8891b20b4ac82da99b784a17ac32b8e0ac,52,868,7,125,4/5,0
HWS-005-BACS+,8,25,BACS+,limo01,1784200832303344335,1784201005468015273,0,0,173164670938,7,-88.33,-2.95,0x2a5eaf8afaf096879d51fea78174770049c61a004f306887ae4b62b4338af835ffd1dcf4a6cbd62cf0b06f901407f8c863ae7a16,52,868,7,125,4/5,0
HWS-005-BACS+,8,26,BACS+,limo01,1784200836600602114,1784200941004032094,0,0,104403429980,6,-85.06,-4.58,0xd270a08b77516959889903e855f62b90b5b141506d0ba856086f1e94de28364e0ebfef5d117cd50b6dcdc932fb5cf90c57f0ec06,52,868,7,125,4/5,0
HWS-005-BACS+,8,27,BACS+,limo01,1784200841187066996,1784201058765372401,0,0,217578305405,8,-102.06,13.47,0x7a11b272554fd61f1cde9ed862924a22e3bf04d98f8a1c41eafda876f42202e5aac28c5992bcfc60873d752932fe57c887b48e42,52,868,7,125,4/5,0
HWS-005-BACS+,8,28,BACS+,limo01,1784200846033114487,1784201014699709201,0,0,168666594714,7,-81.59,14.06,0xb000e88781f3913c7ff3794d204aee22f8d955654a71183ee487c0cd23285e3ed5204e692b19cbbfcda3b57be82a161162e93a99,52,868,7,125,4/5,0
HWS-005-BACS+,8,29,BACS+,limo02,1784200846876966238,1784201011136399769,0,0,164259433531,9,-89.16,11.12,0xd68399fc46e72a3929b2dcbdfbaadc0b979358ce41c28930ee88847f7b761709d1cd9ff8fe96823107a82c43ad04f0ab78dac9af,52,868,7,125,4/5,0
HWS-005-BACS+,8,30,BACS+,limo01,1784200851454223756,1784200939328768555,1784200939328772134,1784200939501697808,87874544799,6,-109.69,8.06,0xd471eb10b761d6bad914882e5bf487b4266b6f2ebb57420694c1bf82636aa3e7d0d78b0145a62671322b47ce11b0155effef2804,52,868,7,125,4/5,1
HWS-005-BACS+,8,31,BACS+,limo02,1784200856034629223,1784200926139393333,0,0,70104764110,2,-104.23,13.40,0x194e0f4327333891dd0ac6c8164916bbcd4326d845316310ec836a2864649730e58a0b4df910cf434e4f0b183a32c8dc10d4f425,52,868,7,125,4/5,0
HWS-005-BACS+,8,32,BACS+,limo01,1784200856611542056,1784201040892443819,0,0,184280901763,8,-95.68,5.04,0xaccfa803beafc0428dc0d61bcb91ddd2b8157a3b796d1527c64b39c413bfce10aa0dfb48a9686d0b7f5fdb1fe72619e9da22ee3b,52,868,7,125,4/5,0
HWS-005-BACS+,8,33,BACS+,limo01,1784200862982313163,1784201083941067144,0,0,220958753981,5,-92.83,11.99,0x236274dc25b3bbeb7d04dde08f1edc8998752cc04bd841b9912e5996da1c8a54aeec716a3108ac088baae21c81c70a1676946b8f,52,868,7,125,4/5,0
HWS-005-BACS+,8,34,BACS+,limo02,1784200866566243551,1784201073447766827,0,0,206881523276,2,-99.40,-0.63,0xc102e68e53867f533cf426a8dff9d347d2079bef0c4bcc5e00e87ade4e98aa5eb65582aba125d380d3e535271bff85af9d9fce8b,52,868,7,125,4/5,0
HWS-005-BACS+,8,35,BACS+,limo01,1784200868442030691,1784200941969516508,0,0,73527485817,7,-83.06,11.32,0x05d0a7002a1d75bb666328b25453583b0caf9f4c1a06bb5f59867481466ecd058438152ce58a87acd767bbc873bff68cf0c1b7f0,52,868,7,125,4/5,0
HWS-005-BACS+,8,36,BACS+,limo02,1784200870543220368,1784201025147135151,0,0,154603914783,5,-92.14,-0.51,0x7421ca38672cfdeea84448b136cc759302379dcb27c09b9d3b2eeeaa1a60572da0b5679d3416262fc4e4e23975870239f11fb8fb,52,868,7,125,4/5,0
HWS-005-BACS+,8,37,BACS+,limo01,1784200876765982487,1784201132123131491,0,0,255357149004,0,-104.86,-3.96,0xcacc078ebc4458ad3a20f61ccc9d2de515621c9f0cbba6cb2b055b3359b31f3d49c84046108b97102ca4f82201393151e7c1c0e9,52,868,7,125,4/5,0
HWS-005-BACS+,8,38,BACS+,limo01,1784200878258912679,1784201099661577475,0,0,221402664796,6,-100.80,3.74,0xe4a4ad3d69a53583889921ee655f393959592795d0d3b980752e1f2a9f7df4596d8f57a0011e564319ab4fddd9f1d481b646570a,52,868,7,125,4/5,0
HWS-005-BACS+,8,39,BACS+,limo02,1784200881918323215,1784201178439696171,0,0,296521372956,9,-82.94,11.98,0xc4661a15812e438859a5ba05cecd9c2b748a63ec197370b4b9c8b42722d145f6d6c83fd36b3ec57a76e5dab7fc669c86d09079ef,52,868,7,125,4/5,0
HWS-005-BACS+,8,40,BACS+,limo01,1784200883896939281,1784201014611416873,0,0,130714477592,7,-109.89,7.23,0xf020f8d55aa282d4cc9032dc8cb462d0715d33872ca7463f6878432872414ca98c8f63526e605ace32b563ba3928fca81136210f,52,868,7,125,4/5,0
HWS-005-BACS+,8,41,BACS+,limo02,1784200890447054411,1784201108154075267,1784201108154079240,1784201108320274470,217707020856,3,-86.01,1.27,0x17fb2eb0694b84e2fb185506249c76f1f33e1ddc0b4621f73f51eedf7f171cb006fb7b0b8ff0d73ed13ee4b644127f976a3c1cff,52,868,7,125,4/5,1
HWS-005-BACS+,8,42,BACS+,limo02,1784200892506177072,1784201492506177072,0,0,600000000000,1,-103.30,9.03,0x90be7f550afe0b54d04f7fd3eb8389718711efae90b27dd1c61a3d519928e5f936c8132d9bffb81e1e8d85aca57321b50ea19373,52,868,7,125,4/5,0
HWS-005-BACS+,8,43,BACS+,limo02,1784200894503529039,1784201051806906303,0,0,157303377264,7,-103.40,13.84,0x9c7adbf24394d2ae9844785ca3ff3692a6958a1999fd852ed4d19c1da51574f2869e714f2f96554f971509607f1537a1f158518d,52,868,7,125,4/5,0
HWS-005-BACS+,8,44,BACS+,limo02,1784200901471292821,1784201051015776372,0,0,149544483551,8,-106.36,-2.16,0x9f8f57ec9bef7c64dc9bd0949692a1c63760640589ad1d3b300086de23e83d3e5ae0067a6a8693e1daccc22bcb6f2dc59cca088f,52,868,7,125,4/5,0
HWS-005-BACS+,8,45,BACS+,limo02,1784200901440401637,1784201134812686520,0,0,233372284883,3,-94.72,0.33,0xf7cc0d0a12f4e315c3ee4d3ae37305351fc416a1c16d4d5f4efadf4edf42433694b2ff2fc109b332ae8ba1b1329d36b4c43774cc,52,868,7,125,4/5,0
HWS-005-BACS+,8,46,BACS+,limo02,1784200908418580153,1784201216982708086,0,0,308564127933,0,-102.45,8.99,0x71a53379186d9f746c670c6d8b2c66fa1e530dd1f1c0c2d676ab1381ef636bc448c69aaf6d7abf6d9b2148add958140c93fe41ca,52,868,7,125,4/5,0
HWS-005-BACS+,8,47,BACS+,limo02,1784200909588331417,1784200960711973867,0,0,51123642450,1,-102.95,-4.85,0x914f4aa10c5504cee7491f1cd7dad76373157e2260f9f05ade7eb059e7390327507619191f0daa215a8038b87a17390de9e1780d,52,868,7,125,4/5,0
HWS-005-BACS+,8,48,BACS+,limo01,1784200914794508575,1784201254386811352,0,0,339592302777,10,-83.71,12.12,0xe7ec296ce18876ddde98357da22a04c1f6ca44820e034f273883ab6de55b23e2759205d58c5a562bea2b68f26921a8a3a013bb6e,52,868,7,125,4/5,0
HWS-005-BACS+,8,49,BACS+,limo01,1784200918803637367,1784201041232246241,0,0,122428608874,7,-107.90,-1.35,0x995ff9fcd0a7f7f48a05152ccf6a7e1c2a2e6962526ae5a1b7b8ff8b48ffed30d7b132d82873ad6fb8119c5cabd2c3b5161bc671,52,868,7,125,4/5,0
HWS-005-BACS+,8,50,BACS+,limo02,1784200919779897405,1784201108681660834,0,0,188901763429,9,-102.70,-3.09,0xfa2f5dc21b70af748439d095066026f97f423c38f6c1419724c15ec7af2dd41051c3e15ded9bc384616d3ca66f40fb4cd09d39e1,52,868,7,125,4/5,0
HWS-005-BACS+,8,51,BACS+,limo02,1784200924001088162,1784201228703127057,0,0,304702038895,10,-109.15,11.84,0xb4a09e974642dbe7e7b524d6f9795d0662d4ab560e864075f738652c46dd07bca5b1b3d117a2d0ddd7a7fc78ebf2cb142d39b6e4,52,868,7,125,4/5,0
HWS-005-BACS+,8,52,BACS+,limo01,1784200925850360206,1784201030660076374,0,0,104809716168,1,-96.29,5.66,0x1e06e44905e9eb185cf8927d3259544ea29ea4aaa446575853b44eec4de60c2221dba21d0c99ce69e889112637fa1426d2db4aea,52,868,7,125,4/5,0
HWS-005-BACS+,8,53,BACS+,limo01,1784200931951472311,1784201023071841059,0,0,91120368748,4,-86.89,13.31,0x80032bb00e2a1a17a8a436dfc0cf86c0eefaf538f74f27dd520c7a22c39d029e34527d9d72bf39a82de6d6a2707d894f31d0663a,52,868,7,125,4/5,0
HWS-005-BACS+,8,54,BACS+,limo01,1784200934484906363,1784201325951007760,0,0,391466101397,4,-81.01,13.51,0xefd7ac0248332f620a278cccc965a45fd61729825b5b7d6421da0478e6467bfe6197410d790f43f65a82bf724d6fd24170fbedd7,52,868,7,125,4/5,0
HWS-005-BACS+,8,55,BACS+,limo01,1784200936074111860,1784201043314114046,0,0,107240002186,7,-98.07,0.13,0xf47fd68b172b6b94dcd9704f581e60aa54f6b5758bf5711a012fb79c8552734fd9e048ecf960167a01bff39bd0076a9f8660a596,52,868,7,125,4/5,0
HWS-005-BACS+,8,56,BACS+,limo01,1784200942842192736,1784201085824534621,0,0,142982341885,1,-87.14,7.72,0xbb620a2b0fbe4543234b51e78d505bd4e1a3ef5e8359bb78ae494270d9e0825015de9805cfbb88b377c080b521ae3daf119094ba,52,868,7,125,4/5,0
HWS-005-BACS+,8,57,BACS+,limo02,1784200943815564895,1784201065646019274,0,0,121830454379,0,-103.67,-1.92,0x77ebe8cdd0a5399209262d5273002d8ae40c1c82e06e2d246d8d21b686e862e00ccdd2d680b6dd02171fa95d0c08fe4470426081,52,868,7,125,4/5,0
HWS-005-BACS+,8,58,BACS+,limo02,1784200949345322669,1784201213038858957,0,0,263693536288,2,-104.70,0.55,0x81780c9c131a69a004255ab45277652d75c363d55c66b2fb4fea85c4a8782ba3dcc033989c3da92e8d9be5de963c44e792524116,52,868,7,125,4/5,0
HWS-005-BACS+,8,59,BACS+,limo01,1784200952244287338,1784201124152049647,0,0,171907762309,10,-87.51,13.53,0x0923d98c05d2b64f758dccab98996b45c6f864727266e6d2937b65ade25649d7ef88c2e598a340861f34ccc68a21e14599a52a76,52,868,7,125,4/5,0
HWS-005-BACS+,8,60,BACS+,limo02,1784200955249334836,1784201061414888820,0,0,106165553984,4,-106.72,10.40,0x8f619df3733aa4dca1bdc708cff200e8a08a338cc1ab0c9032ac5f04f5c80f662d5c3186e6be1c091e62c5ec11e6e6c2e3831d53,52,868,7,125,4/5,0
HWS-005-BACS+,8,61,BACS+,limo01,1784200957554814407,1784201058671697220,0,0,101116882813,1,-94.70,12.91,0x447f2a301a30000b9c085f1ba1b562d3a01d3265ea0d96783cf6dd556a24e438046cd7d48b2bd8c46bffd96423c7ed08c5996a59,52,868,7,125,4/5,0
HWS-005-BACS+,8,62,BACS+,limo01,1784200963418655162,1784201096277861159,0,0,132859205997,9,-98.72,-0.79,0xc49881a5e53dff420275d44306c9ca76c2631d05be9fd9dad22677e94e96b9e5278a4171a8f2a1f3118cbb80009b0bde290e9a4b,52,868,7,125,4/5,0
HWS-005-BACS+,8,63,BACS+,limo01,1784200966880346348,1784201139468980554,0,0,172588634206,2,-93.22,14.32,0xfb53477d4b44263db82bcc81c9bdef5c8562bfb4e91eac010149af459368848ccf49bc26efc7dc147171aee575fbe5e67c269666,52,868,7,125,4/5,0
HWS-005-BACS+,8,64,BACS+,limo02,1784200970143978350,1784201016632736791,0,0,46488758441,2,-106.84,-2.72,0xdbee8c320e407256b92d0d4ac5fd223012854fd2f51fd666929108ef7e0987d6bfc26baa8b4c34c2cec332a73a1b1c57eec1a04c,52,868,7,125,4/5,0
HWS-005-BACS+,8,65,BACS+,limo02,1784200970480409686,1784201227548767885,0,0,257068358199,6,-89.99,1.05,0x869cf25690f62c783bbeac99c264b7f19ca2930dbd4a4114e6b7c266014faaf45bf83deda6cca8b138cdaa19a0fb201fd00de1b3,52,868,7,125,4/5,0
HWS-005-BACS+,8,66,BACS+,limo01,1784200977305585103,1784201218498749898,0,0,241193164795,8,-90.77,4.01,0x9df26bb9ffcc0d446b43e7fa67eca13525d40afc7a144c4b7e6c75c7957714a9ba12b0409c5bf9eea74501d0d9602ad081579fb3,52,868,7,125,4/5,0
HWS-005-BACS+,8,67,BACS+,limo02,1784200977323327072,1784201121375301693,0,0,144051974621,3,-93.74,7.41,0x3320c78b5a4078bb5fff41b415140f73e1a40ee18f64a29235d10d0a7fe84de1855919f96d14c0bd51ea7213f36bd268f871b3a8,52,868,7,125,4/5,0
HWS-005-BACS+,8,68,BACS+,limo01,1784200981953854793,1784201011113318436,0,0,29159463643,0,-87.06,2.64,0xc0fc1bd32ef31eb0116d6f8d22599d9ab6bd65d89dd04f6db52c855db73003d911624f452720b7021777c24c27f68f4512977634,52,868,7,125,4/5,0
HWS-005-BACS+,8,69,BACS+,limo02,1784200983990328516,1784201312637822874,0,0,328647494358,2,-81.21,12.32,0x050f6fc48ccd66a5344b287988a9c9c483cc8d25237fbc041edf8073578e49e9bf6bbda39f30f8afed1654752d534bae913476fe,52,868,7,125,4/5,0
HWS-005-BACS+,8,70,BACS+,limo02,1784200991011955460,1784201171646515423,0,0,180634559963,1,-94.69,6.31,0x7f9dd6c7e05b88462d5300f64d795940f78d52fb0dfee1c6976d2714064f9ca2304059eadc7f5311af9bd9f94a280569773fc521,52,868,7,125,4/5,0
HWS-005-BACS+,8,71,BACS+,limo01,1784200991635669344,1784201139629904172,0,0,147994234828,4,-86.05,-4.24,0xae207df531a87838e077f5cf904d8590ce50bd9fcaf82a00bee7f7b51847b442dbcd540ef7a7db34e3bcf71693eeeb46fe4177a4,52,868,7,125,4/5,0
HWS-005-BACS+,8,72,BACS+,limo02,1784200996472040753,1784201088914369070,0,0,92442328317,4,-97.44,1.20,0xefd8f025cf902aa4c752bd7d180127b957993d4c1d368c195aaf9252d7cab4ec94ca2515b7cedc36acb7f64d294292550a39345a,52,868,7,125,4/5,0
HWS-005-BACS+,8,73,BACS+,limo01,1784200998756335675,1784201122180104277,0,0,123423768602,5,-81.36,8.89,0xd35573da86480ef3d29ed5ca0f36950c52929ec62879e13506ef2a43a7b3c13aa9db67c9696a3028901602a72d4e324e060a9141,52,868,7,125,4/5,0
HWS-005-BACS+,8,74,BACS+,limo01,1784201000969772995,1784201094503194170,0,0,93533421175,2,-81.18,2.48,0x044fb33c263c453dabba8111faac7c35d278fef1c928a805ee5a4e4901e992d301fe94212d5d10dacc5d6e82d94910514110d495,52,868,7,125,4/5,0
HWS-005-BACS+,8,75,BACS+,limo01,1784201007231598188,1784201195360296715,0,0,188128698527,8,-102.54,13.40,0x9c36c5a4399a37213ed591e26a7ee8f1996f5df5a0ac3154beecd360bd70e8bce289fd22eedc19a321f40d29b8133df055b5024b,52,868,7,125,4/5,0
HWS-005-BACS+,8,76,BACS+,limo02,1784201008776148449,1784201128517960805,0,0,119741812356,4,-88.07,2.57,0x3612e00aff4ada84736f6c1397db6c2b88d4f97d36c326ce6bd4114e193df92056a6faabc1dfb5e937e5832f524cf84c3aea7d03,52,868,7,125,4/5,0
HWS-005-BACS+,8,77,BACS+,limo01,1784201013477831006,1784201169874334138,0,0,156396503132,7,-108.34,2.29,0x797f50fd163a73b6ae554e3fc99710f74fae36035020ce2b300a7dc06bd1a285b336164730d3d2d0b93deb6ccff7715f541f8b39,52,868,7,125,4/5,0
HWS-005-BACS+,8,78,BACS+,limo02,1784201018287995178,1784201091621383078,0,0,73333387900,8,-87.20,3.50,0x87e7593bf37c0f09924008cb541ed21a0af562c11f1d1cb3ca13c4da040c392baae56f948dd3280f45debea6dbc2c4a68e70f898,52,868,7,125,4/5,0
HWS-005-BACS+,8,79,BACS+,limo02,1784201020953896211,1784201158436312417,1784201158436315410,1784201158605938137,137482416206,7,-95.97,5.90,0x2182bf46e18dc5c1580946faf411684c07917a25833d42b59c144ac6574f4fbf47304e5d4303f5db9e16de3fddae159c6e5933ba,52,868,7,125,4/5,1
HWS-005-BACS+,8,80,BACS+,limo02,1784201024720909920,1784201156095520465,0,0,131374610545,7,-85.87,9.69,0xe9474a891e65a69b8ea5e3c276f33d4a1d10e3894488e1b05a559482fb7b9452d27b108175d262f33a0a5625f350f48967245dd6,52,868,7,125,4/5,0
HWS-005-BACS+,8,81,BACS+,limo02,1784201027869874635,1784201127366525293,0,0,99496650658,1,-94.87,8.65,0x4f148696d6366c440b768a092cdabceb35c7f1d2e15abd09ed6b6d04ee9732756b5df253946c56707722fc132a53b8e974fe89a0,52,868,7,125,4/5,0
HWS-005-BACS+,8,82,BACS+,limo02,1784201029525070682,1784201300220333050,0,0,270695262368,3,-94.92,-2.49,0xec4398c4858bbd12f61905c3798f3c5ee5feddb0609775d4604eb2a6305c5e5264a725b38372e8d4a978ee16dfe2be1403e937f9,52,868,7,125,4/5,0
HWS-005-BACS+,8,83,BACS+,limo02,1784201032457381005,1784201195110602413,0,0,162653221408,0,-84.84,1.60,0x6bf361055c29a6b24500028788ceb32f6a961242c008d33a5e6f2adda2304948e6a67e5879ffa2945393a563b4efd9246f3a91f3,52,868,7,125,4/5,0
HWS-005-BACS+,8,84,BACS+,limo01,1784201038177438973,1784201104691152866,0,0,66513713893,7,-80.54,-2.24,0x53ec92be57e77e0ab25e191003e9ba280ad430e00cec7513faa20b1f5d45c84ddb6b1b4e0beb8678840d7ba9d74df724cbe565b8,52,868,7,125,4/5,0
HWS-005-BACS+,8,85,BACS+,limo02,1784201041039115064,1784201160526603481,1784201160526604502,1784201160695418396,119487488417,6,-103.78,-3.16,0x0e720a0a53230250df8e9916b8d89a1cab6e515de852231099cf8dce3ca540415f49db9381f1ff8768ac62cec6f9134805d857d8,52,868,7,125,4/5,1
HWS-005-BACS+,8,86,BACS+,limo02,1784201044148125661,1784201427869292343,0,0,383721166682,4,-95.97,5.22,0x096c229a0c650d271cac4db9e256a9b69c2fa0686964bf3306cbf58cbb2c5ed5c5b300bfe8ab4024d4a4808da3864ee0c706cf83,52,868,7,125,4/5,0
HWS-005-BACS+,8,87,BACS+,limo01,1784201048754132332,1784201258114198170,0,0,209360065838,7,-80.75,-3.03,0x26b98d68ab559dbb499497f7dcdf1104d11cde6a0043c97ff23dabd36f7bd955174524aef807bb3990a33fa23c58932f1dd41001,52,868,7,125,4/5,0
HWS-005-BACS+,8,88,BACS+,limo02,1784201050674719326,1784201176111697107,0,0,125436977781,2,-82.26,7.14,0x0c1ed2d4a37b9002eb9a79a05a95a8dbe58d0c2cca2909cc089c5ca3ad6ca21e5ecd892330c638b4321690daf4d4b3390215c775,52,868,7,125,4/5,0
HWS-005-BACS+,8,89,BACS+,limo01,1784201053738358393,1784201306170517123,0,0,252432158730,3,-102.75,1.33,0xafe5ed24ac446f813c1692f05b0c5c6292a44305dfd3820b9d13230aa6485f664e9ca15a530f76e3d9e60a7d9d1bc548744d6158,52,868,7,125,4/5,0
HWS-005-BACS+,8,90,BACS+,limo01,1784201058010150880,1784201169585790982,0,0,111575640102,5,-87.87,11.57,0x6e9c4fd446519128f8e7b6c548e24b1c01da65a3695d27557b92226b7af0556e60884da1d766795fe448795c4a12a8da8749d8f9,52,868,7,125,4/5,0
HWS-005-BACS+,8,91,BACS+,limo01,1784201061288252950,1784201228959945994,1784201228959949737,1784201229130098840,167671693044,1,-96.37,10.97,0x09049aaba78f884ae2dcd9e0efce9132a115de545289afd7966510c52c4e08e623256c05074c72b1c057c33f64286a6538198d4c,52,868,7,125,4/5,1
HWS-005-BACS+,8,92,BACS+,limo01,1784201064287797472,1784201130228331259,1784201130228335878,1784201130397502330,65940533787,4,-94.27,13.60,0x3ea27b8284f71c3c87f3af046f6d67266b27aaccaae231f2d8b5989ed5dc953e0c1dd79d25c223888a8c51010bf79b9b455e5a02,52,868,7,125,4/5,1
HWS-005-BACS+,8,93,BACS+,limo02,1784201067105233321,1784201130672594380,0,0,63567361059,4,-101.13,-2.54,0xeb51b524e1242c3a19d316374ea1ac5ddd5522388a5617018919c7b4ceb55b20732729e54d29d9ee3765efceeeb45a5ef50ae303,52,868,7,125,4/5,0
HWS-005-BACS+,8,94,BACS+,limo01,1784201071535920550,1784201180756000299,0,0,109220079749,4,-98.36,14.74,0x216d361cce070580c8072483cdcfa79cbe62cd69c9a7cd7d24e3321d9a0066c38cea616a5784b7072c46261e7897fe4279a63676,52,868,7,125,4/5,0
HWS-005-BACS+,8,95,BACS+,limo02,1784201074759664071,1784201317008395645,0,0,242248731574,0,-93.91,14.70,0xe261a921da7e626f17fda4f6d186e8bf1357effdaafd5caa172d0229c3b012e2da6099fae0c149238247e767d542088ddb1dadab,52,868,7,125,4/5,0
HWS-005-BACS+,8,96,BACS+,limo02,1784201077625525604,1784201387118603199,0,0,309493077595,7,-91.90,10.16,0x62fa5a5360089d03cb1a81da39a3b0b8ff37f1654153093cc63731beb3b930b21a20f166ef66961f6f3218055799fb08df559aae,52,868,7,125,4/5,0
HWS-005-BACS+,8,97,BACS+,limo02,1784201082603802981,1784201215232413904,0,0,132628610923,5,-91.19,13.79,0x53eb936d4fba31e860f70af3a85d654360e1129bb5afcbaaf20ee58729cd4e9ef33f50534d293c5593e9ff8cfe726d699ab96f34,52,868,7,125,4/5,0
HWS-005-BACS+,8,98,BACS+,limo02,1784201084537520477,1784201300266235859,0,0,215728715382,6,-82.28,3.86,0xf917f405222ca90abd8e41cc5a614fe6735e528ecfc5a0f9a3b674112d4c08218af1528e78efbde99406e6cacb1abcd0485bc8f9,52,868,7,125,4/5,0
HWS-005-BACS+,8,99,BACS+,limo02,1784201088446755936,1784201191567994266,0,0,103121238330,9,-87.00,13.62,0x7e7e36580a97356419c41647ec5e282334f7e81030131a61a99b423ce0858b8e4eeb8a320624b3fe8123f79a835bc57453f96b2c,52,868,7,125,4/5,0
HWS-005-BACS+,8,100,BACS+,limo01,1784201092647800741,1784201311528289317,0,0,218880488576,9,-81.77,11.75,0xca190d692670eab111465b235d2881d5ede9f532ee414325bb047be4adf3dc8cce1350c46a6cd97794fda48f48f4355335cfc2ee,52,868,7,125,4/5,0
HWS-005-BACS+,8,101,BACS+,limo02,1784201096651009414,1784201255502458964,0,0,158851449550,3,-109.88,-1.67,0x51a10939bf24441df855f206039ef214399dbf345b394736569cd613cf558122344db2bfc69fb5f6ba44ca7229a1de79d445000c,52,868,7,125,4/5,0
HWS-005-BACS+,8,102,BACS+,limo01,1784201101346941777,1784201188444388906,0,0,87097447129,4,-101.90,12.75,0xca1a9927f4dabc6da4947d1ac7a48dcfddd1337f264dfbe1c58c2b4bb04ed7e5656292f01550e7ac17cff7bcc372dd99f8c31e64,52,868,7,125,4/5,0
HWS-005-BACS+,8,103,BACS+,limo01,1784201104097158598,1784201186706550243,0,0,82609391645,1,-91.95,4.43,0xb3993fbc5671367779fef55a2362e8bccffbe9ed57f7285eea4f51900287b3c23e2e88433ab2d3835efa6945ce503aff2c0fe480,52,868,7,125,4/5,0
HWS-005-BACS+,8,104,BACS+,limo02,1784201105714255775,1784201262591230931,0,0,156876975156,8,-100.03,12.76,0xe7d2b1a4b7ede7d878ff2b345cdf26409f13d1d773fcbceeaec2f7b6544b47778b503e74579a753d687feafbb217900db88a8d17,52,868,7,125,4/5,0
HWS-005-BACS+,8,105,BACS+,limo02,1784201109092408677,1784201177720784433,0,0,68628375756,10,-95.71,2.75,0x7291addb0a65fbcba81583e74cb6c6125bc7cad7e02332d09f2677190df4f4abd7b3d2649590040622f09719537caf7a3856f31c,52,868,7,125,4/5,0
HWS-005-BACS+,8,106,BACS+,limo01,1784201115165402549,1784201290290500408,0,0,175125097859,10,-92.84,2.79,0x508c60e9f701252f7de78aeb070d583025b2e4221c5fd1f13c1cc8be8f2fce3e00589ae25a2c7f273b0f928ec5b8da5e92989990,52,868,7,125,4/5,0
HWS-005-BACS+,8,107,BACS+,limo01,1784201116002557260,1784201269236665274,0,0,153234108014,9,-96.51,2.29,0xc61b731811618ff161b894d5478f50abe44314158a61b0a53dd42bdbb1a07216569ac35788433ac97d0cb741d83ab7475aa4a1d4,52,868,7,125,4/5,0
HWS-005-BACS+,8,108,BACS+,limo02,1784201121749766410,1784201297908379433,0,0,176158613023,7,-83.91,-3.20,0x6fa507f4de21228a8ae531d274db531a2ad3adf08c50de1720791c22fea4f9725bea36aac2d045213d79660eced9e4e9d9c40af2,52,868,7,125,4/5,0
HWS-005-BACS+,8,109,BACS+,limo02,1784201121649855412,1784201241668337284,0,0,120018481872,8,-88.16,14.84,0x757f3f355a3d9234e83075e2e853394fc0cfb2b49810ecad097fb39730c53e931699b02de18bd446b8e924f2ca31e07d51b48140,52,868,7,125,4/5,0
HWS-005-BACS+,8,110,BACS+,limo02,1784201128201661213,1784201305511895399,0,0,177310234186,10,-106.65,5.15,0x678694f07dd77bd1160327a3140e5c4b12ca40abed6bf12ad2ca31fb12db33f417406317385078c31b2bfd89a0f75fbd64945941,52,868,7,125,4/5,0
HWS-005-BACS+,8,111,BACS+,limo02,1784201130580264848,1784201257674803229,0,0,127094538381,3,-106.93,2.05,0x9cb2aa9bd75bff62233013e2d3e408c7a82ec012e4c2408a4ffff07d7f9299fe2189a12d5da78a985976dce7277c2f6065d51b08,52,868,7,125,4/5,0
HWS-005-BACS+,8,112,BACS+,limo01,1784201131994636320,1784201328273605383,0,0,196278969063,0,-87.43,-2.02,0x7867f03bd133c37d4243492d3a126fb3f5b8fb0bdd674aa4cf56247759e800e6ba82752758f0d1f22e3e07498dabe37d7cbe293d,52,868,7,125,4/5,0
HWS-005-BACS+,8,113,BACS+,limo01,1784201137323897350,1784201339963634195,0,0,202639736845,1,-94.05,11.28,0xd1c38dd24c8f0ec5610d134fc1d2f56a9115b9fcf6ee7b5e60d1fe7e79305b5634aeec2b02e5666945dbdc93ef3ce8100eca3ddc,52,868,7,125,4/5,0
HWS-005-BACS+,8,114,BACS+,limo02,1784201139470020237,1784201304301567253,0,0,164831547016,8,-89.11,0.29,0x2b078e6e342fb39bc276f07882ada652142ad9c12342b74792e6fb822deb06c9972afe739c27ef82e6c47bb8953e4eae7796578d,52,868,7,125,4/5,0
HWS-005-BACS+,8,115,BACS+,limo02,1784201144063107283,1784201415706652312,0,0,271643545029,3,-90.10,9.92,0x7efca2dadfae5b3792a564f4b76ac7755dd1117c5004b90d5219713f34bc346779ec3d94230fd78f859dfe1f0069d4e012e9a105,52,868,7,125,4/5,0
HWS-005-BACS+,8,116,BACS+,limo02,1784201146342901665,1784201387287532032,0,0,240944630367,2,-107.59,6.62,0xfd4633ae627e6a81b9908ced3cd90b3fe94fbb944c665e6ff33a86ed09772d6a68cc1c838512d9a5a6f68b6e08da6830c873defb,52,868,7,125,4/5,0
HWS-005-BACS+,8,117,BACS+,limo01,1784201150344714921,1784201275461935290,0,0,125117220369,3,-109.19,5.17,0x3857f02cbb9871e51b1651d3506985de878ee1cece3c1baa7cd74c1413fbd2780e2a186ed5134df8330a844f09fface287a658ac,52,868,7,125,4/5,0
HWS-005-BACS+,8,118,BACS+,limo01,1784201155045846897,1784201203331003528,1784201203331007626,1784201203503690183,48285156631,6,-100.22,-0.22,0x92624bd3f59ac09cc8ba85d36d12ebc34e007b2642f79afa5a3136c868214b24a22239cf7622a1b0bb90ae8a8e1e0a2b4ff9935f,52,868,7,125,4/5,1
HWS-005-BACS+,8,119,BACS+,limo01,1784201156031975144,1784201320324578327,0,0,164292603183,1,-86.21,7.99,0x6d20d4314200786e16a3421cf1385146f1a20cfc80dfbaee9552ff8ed2500621d31c29a591926a674f23e069a384af9322565f1a,52,868,7,125,4/5,0
HWS-005-BACS+,8,120,BACS+,limo02,1784201160950008349,1784201365967140275,0,0,205017131926,6,-100.51,-2.41,0xe8f79c4dad0c8d1e9e83edaf3ba567fbeba5dcdaa5b09841590854ec3311371219b2c682f3f84d9267037c7f21544a8ad172f305,52,868,7,125,4/5,0
HWS-005-BACS+,8,121,BACS+,limo01,1784201165100485411,1784201297397368856,0,0,132296883445,9,-94.04,10.25,0x33560c0dea23fd5134fa25d219f7f7367021b8b967d0d1690c0b1ce632d6a1fa21e54656b63a16cb5ed0c96cb921c697fede1a70,52,868,7,125,4/5,0
HWS-005-BACS+,8,122,BACS+,limo02,1784201167304200142,1784201380650665331,0,0,213346465189,2,-108.21,6.74,0x393d8ec12b990b1eacbb19338d2ffc05000d774c1acb78c7e7ad3bb36006a2ebb86a99799a2abd4576e51d14922aa1463c9f17d7,52,868,7,125,4/5,0
HWS-005-BACS+,8,123,BACS+,limo02,1784201173319088879,1784201263885984088,0,0,90566895209,9,-104.11,-0.76,0xd02b27da1e7172b8ce2e2cbff6b6ff8b385c88303d6cfc8dc4cc4b3a95a4c3404293b55f5bea9ef983f8f24eed8479a5e3278650,52,868,7,125,4/5,0
HWS-005-BACS+,8,124,BACS+,limo02,1784201173620800669,1784201462409965096,0,0,288789164427,7,-89.29,-1.99,0x67b6543d5128e563b1ef635b28bf41e8bbcf89994b6f3eb88ed804e5260bd31e77fc12db5961719e8e09219c54fc92926b7c1356,52,868,7,125,4/5,0
HWS-005-BACS+,8,125,BACS+,limo01,1784201178764176913,1784201291309028619,0,0,112544851706,3,-102.72,1.33,0xc69c8cb27ecc05303af6e1d7ed6b1bfab77f6b474cea91f3e433b7e75dcd7759cc2c9f84dd5d925a38de3435e56bdc1fda5e7a69,52,868,7,125,4/5,0
HWS-005-BACS+,8,126,BACS+,limo02,1784201181439319105,1784201306079837436,0,0,124640518331,8,-95.93,-4.61,0xea2e52227a4e0fd470fae30ed8c0b8a2b93729b99317171fe3720d1b46c8d2008d6a146c5828c05c157f4e5d6641fb63b226664a,52,868,7,125,4/5,0
HWS-005-BACS+,8,127,BACS+,limo01,1784201186770586736,1784201305816806293,0,0,119046219557,0,-103.95,10.68,0x28bc2573451601960747bb581de05e907f202c3b28bed8d6315c03b09fcf3321281aa501b4b6dd2697ee86dc783eee5341a74a85,52,868,7,125,4/5,0
HWS-005-BACS+,8,128,BACS+,limo02,1784201188750511232,1784201492915577181,1784201492915581383,1784201493088230000,304165065949,7,-88.52,-0.04,0x882933b8ee052ff888257e7cf4c536a8f03017349f43fa823aa5d05c8d6a6259a173cf1ac82cb574610dcf6ecaab2ae86b561867,52,868,7,125,4/5,1
HWS-005-BACS+,8,129,BACS+,limo01,1784201191697742617,1784201293564397352,0,0,101866654735,5,-94.27,7.63,0x5a63455a26da5154b5a415e3b54f4b88f567cfd33bda44fe0a89bd5f55ce422cdb5334b4c39576f3db9e425a2b3a8dcd69682a69,52,868,7,125,4/5,0
HWS-005-BACS+,8,130,BACS+,limo01,1784201197377962035,1784201320960554842,0,0,123582592807,2,-101.50,7.55,0xc5f53b166592de4e729c76f9cca5761bd94421076d45b2af38df08385f4915d8f313b339832631b9a16aba21376b04d539d8c704,52,868,7,125,4/5,0
HWS-005-BACS+,8,131,BACS+,limo01,1784201197958317154,1784201381242681213,0,0,183284364059,6,-93.66,-4.69,0x8f0de942311cb09d06cc23143429b5fd502bb3799608b59b522a4a8089f21d485ebf805d3e2ab0c6902b106b1c4f68a905753ee7,52,868,7,125,4/5,0
HWS-005-BACS+,8,132,BACS+,limo01,1784201202198124231,1784201453535423416,1784201453535425878,1784201453702372090,251337299185,2,-106.71,6.93,0xc9a4b6867a35393b06871c014283fcf0632f580cdc1339d0fb72e9db47c9e0b2ec22f1dc760f7b76289742010652bb987c32a41c,52,868,7,125,4/5,1
HWS-005-BACS+,8,133,BACS+,limo01,1784201206339637351,1784201271588272305,0,0,65248634954,8,-100.59,13.59,0xb2a2ad0087d5536859684b270ede66592467b89870bb280fdd48a0510235d9342be81596df2d472b3f2e243a03c0db288969c26e,52,868,7,125,4/5,0
HWS-005-BACS+,8,134,BACS+,limo02,1784201211117442669,1784201346800561294,0,0,135683118625,1,-106.13,0.88,0xc30de4af197a601902e1d2fe5af9620ffc502bbe4c4dccce57f695433615885286113f540e61e3e1efb0423031902fc1e66fa978,52,868,7,125,4/5,0
HWS-005-BACS+,8,135,BACS+,limo02,1784201213157391262,1784201579903608075,0,0,366746216813,1,-80.76,9.91,0x8517d5bc1ff864db4abcf1e3f4bbe4234d9cfd51aca2e12169d9b736aeca23f0963867aa19d9f24c67cfd5caedd49e2d3b513a2c,52,868,7,125,4/5,0
HWS-005-BACS+,8,136,BACS+,limo02,1784201216575695894,1784201349537578789,0,0,132961882895,4,-102.88,-3.66,0xf0e10e9f1c2f676b297fe59581fe69f71b5f0bb65e23eec652eecb80baa4a4a0a8069d8bd6e8f0adb0465b9defbf0b0df7bc2888,52,868,7,125,4/5,0
HWS-005-BACS+,8,137,BACS+,limo02,1784201221285109649,1784201369646930811,0,0,148361821162,9,-109.44,-1.07,0xb7b683ab29720eb2c457e164313462550776f2ac0e21552bc0feca481eb05cd8c0751ea9096e28d7a48ca1b0f20cbe9539c7fce3,52,868,7,125,4/5,0
HWS-005-BACS+,8,138,BACS+,limo02,1784201223782709343,1784201326598391860,0,0,102815682517,2,-102.44,10.36,0x191ca992944b5c4aa05bd4aa87ed085b73cc19f5996595a8985208d61cbfb17d31f32fc54a9f4dc31d42f7c95f1b732a86738ebb,52,868,7,125,4/5,0
HWS-005-BACS+,8,139,BACS+,limo02,1784201227429093774,1784201292075295922,0,0,64646202148,0,-95.57,1.92,0xfea453b1b72219e8414a6e8c54f32171482ad59a6c657eb419de219b338795ab9da76d699fbe44df5e414347bf0fd57c88926003,52,868,7,125,4/5,0
HWS-005-BACS+,8,140,BACS+,limo02,1784201230642931601,1784201293734916459,0,0,63091984858,4,-100.19,8.93,0xe76b4d20dab858a33c4bfcaae9a40f1264ade004cf0b5902c787735633472523f0d1c10d106653ea3d3b645ab064352a57a41233,52,868,7,125,4/5,0
HWS-005-BACS+,8,141,BACS+,limo01,1784201233776598478,1784201699812045441,0,0,466035446963,1,-104.67,-4.66,0x8f46012dec16e3e973527d3c3f29cd76c7e9d143279a3b2cafb289da508a0d4f60dbab6023fa2dc111c31d2c28d1232da4bab6bf,52,868,7,125,4/5,0
HWS-005-BACS+,8,142,BACS+,limo02,1784201239022448645,1784201375204452614,0,0,136182003969,10,-80.80,8.57,0xb94dfa512c824fbf115888435e4dd550986fe09b864d489d10b31617943c856d2fd25ae09879d028509613599d1902938061e166,52,868,7,125,4/5,0
HWS-005-BACS+,8,143,BACS+,limo02,1784201239940207761,1784201348919597214,0,0,108979389453,0,-104.00,11.39,0x1e79e608608be71a329e149523c7fbd605b9ce9334c0cdd67b46ce77f6648178bc752bb2ecc0fcaeb7eb67b9d5f7628fee79447f,52,868,7,125,4/5,0
HWS-005-BACS+,8,144,BACS+,limo02,1784201244082789109,1784201380657471628,0,0,136574682519,1,-109.10,-4.06,0xe2085693ed4a661fdde88cf8ffb45a29961814bc464ebe62a71c3205a015b0071f11b0eedb1d0803467273d2e8cf0abb3bb297ad,52,868,7,125,4/5,0
HWS-005-BACS+,8,145,BACS+,limo02,1784201247470002017,1784201353056955800,0,0,105586953783,2,-98.97,6.87,0x0f6efc258f9076c958d45432f18dc35f97f70173595da2dc0624ab451af11f7a49cbe3f5fad54aa5c1a724dd44ec905c6edef490,52,868,7,125,4/5,0
HWS-005-BACS+,8,146,BACS+,limo01,1784201251906139394,1784201363309471237,0,0,111403331843,4,-81.47,-4.79,0xb2d7acee9178468cba0db955c537a8575891c230fbc666d32145d8b766db0d12e0bdca1a43cc62a433d9fb255dc355ecafafeecf,52,868,7,125,4/5,0
HWS-005-BACS+,8,147,BACS+,limo01,1784201253924341920,1784201359458688835,1784201359458691974,1784201359630989112,105534346915,4,-92.70,-2.61,0xf15bf47ffa06795dafba61c423ecc5a21b17945f806c8a88cb9f0bc408867929cfdd1a80193e6d4f5dc961a9d3e7bae1e383af3b,52,868,7,125,4/5,1
HWS-005-BACS+,8,148,BACS+,limo01,1784201256422221387,1784201593526428306,0,0,337104206919,1,-87.77,0.03,0xfc0ad9687ba787b09c26efbe7b62d8ef2ea974ac0209d0607cddbe95417b68075654d8809debe5962395878e08d92d60442eb6b0,52,868,7,125,4/5,0
HWS-005-BACS+,8,149,BACS+,limo02,1784201259410524878,1784201405728492409,0,0,146317967531,1,-96.43,-3.06,0xbd1c7cc80fde2182b4ac1109ebd6ee39b7afa755c50947e9a2630f30684b89d2bbee122a23d664d60662539148996e9147177212,52,868,7,125,4/5,0
HWS-005-BACS+,8,150,BACS+,limo01,1784201262888146747,1784201430110611651,0,0,167222464904,9,-105.75,-1.13,0x5bc7d21a24b8bc917d710839b1cb9a7543ce31d1527d78015e19651ccc44f8f85598e772c1cb4a3f2a74e9a7c533c93032bf145f,52,868,7,125,4/5,0
HWS-005-BACS+,8,151,BACS+,limo01,1784201266513966331,1784201339577292211,0,0,73063325880,2,-89.48,3.77,0xd001b8f8b4a82b2f9859507e3f8daccae6dc4a0af1e64db9b51fb9f92de82e02d1efb5d44d54061bd8fcc0422588a9a098861194,52,868,7,125,4/5,0
HWS-005-BACS+,8,152,BACS+,limo01,1784201270434091269,1784201482858937769,0,0,212424846500,3,-90.37,-3.06,0xa813672a86febab62cbf742d7f978ff523d88ebcbc343bc88554e9f185b258efa958edf1d8be9f5e1d06c078a14314865e65eced,52,868,7,125,4/5,0
HWS-005-BACS+,8,153,BACS+,limo01,1784201276697189193,1784201341964834153,0,0,65267644960,8,-91.76,7.74,0x66248fdf09b04ad23aece978d6d54892f5c1ad75b9ec81f4cf416354f680b4adc5f06af8d13cad8c225ff046f7157dee558eeb4c,52,868,7,125,4/5,0
HWS-005-BACS+,8,154,BACS+,limo01,1784201279798337998,1784201532351924674,0,0,252553586676,6,-91.71,4.13,0xccf8102c304b715a9d8d8970ade608d84cfa22f3d51bee40e5844d4aa85923fbd62b24a8cc86731b60c41708cd16c95b7730f9a8,52,868,7,125,4/5,0
HWS-005-BACS+,8,155,BACS+,limo01,1784201282439977445,1784201388789204659,0,0,106349227214,5,-104.63,4.80,0xc144be10970f028b09182fcb9eb04cbb0c2ca29608ee96c8984eccf8ac8f69436ae17d04ea19172815c9d9f9b80ee49d6a3746f5,52,868,7,125,4/5,0
HWS-005-BACS+,8,156,BACS+,limo02,1784201284767731144,1784201599585728971,0,0,314817997827,4,-83.10,5.25,0x2a757d204dea7ed7e6ae8dcd5a57834c86efe6041bbc0ea6e83dd8bddeeca75ec157f3d74e58f14953758ae8448f39fc3c666a06,52,868,7,125,4/5,0
HWS-005-BACS+,8,157,BACS+,limo01,1784201287382298721,1784201490774925506,0,0,203392626785,1,-105.87,6.83,0x94cf279996f1c41b24b4a63b22b39ba9f72ad5d03509b83caa430804751f7a1ffa8030eb2cba1a37e020e27f5c4a5cea449c512e,52,868,7,125,4/5,0
HWS-005-BACS+,8,158,BACS+,limo01,1784201292742351961,1784201355714455366,0,0,62972103405,6,-93.18,0.81,0x9bdca99b26983d2ad14f1e6d4cbcd8546f011f38030ae8a180401e16d73e50691a65a20e2618974f497ce520a823550c2ce42ff7,52,868,7,125,4/5,0
HWS-005-BACS+,8,159,BACS+,limo02,1784201296853001287,1784201436306967051,0,0,139453965764,1,-95.54,12.22,0x871d3c12be932fa2d62db443bc382248a74b8fc374685260a649c26b3392a1e2a3f172340d040c1f79b5e071a5e94b5948da8bbe,52,868,7,125,4/5,0
HWS-005-BACS+,8,160,BACS+,limo02,1784201300313518725,1784201455596608356,0,0,155283089631,9,-108.35,13.54,0x34eca7991eef4d1e9fcf65e533c6d2c7278cad23bf2d112152a3d336d2ac66637be23d0c5bca67e429cd7e79870dbd1964f6696c,52,868,7,125,4/5,0
HWS-005-BACS+,8,161,BACS+,limo01,1784201304285203391,1784201399372036935,0,0,95086833544,3,-96.28,12.49,0xe4114c410d0ec5eb82fa0a3bcd85e3f6685a723a7b64a024b6193ea4038c4182573394806d632f0d665255e76b75256c34414d1b,52,868,7,125,4/5,0
HWS-005-BACS+,8,162,BACS+,limo01,1784201307146400019,1784201401973679243,0,0,94827279224,2,-90.61,7.88,0xa9f304ef0d3a16a45ce5804b76f7129d772b932d6f612ca7bc542d742e264fd75345a750fb95a8a1e270de40f7a710f39db01114,52,868,7,125,4/5,0
HWS-005-BACS+,8,163,BACS+,limo01,1784201309462174502,1784201455931634284,0,0,146469459782,10,-93.90,11.17,0x4e82f7198cba9904c7056e08b595a6a4b070547b4ed3b46e999e314ce5571ee7d71141a3c0ed874d5ea50d4cf673095f1b8c0dc9,52,868,7,125,4/5,0
HWS-005-BACS+,8,164,BACS+,limo02,1784201313708987256,1784201487568157803,0,0,173859170547,0,-105.95,12.95,0xe7899bad948f850b76ba055a873051d2f7ba204c069ce5bb20de978b46c8af0e4eedaa2506355c4a6f590c44e519f66f0be1097d,52,868,7,125,4/5,0
HWS-005-BACS+,8,165,BACS+,limo02,1784201317267969221,1784201433761435874,0,0,116493466653,1,-107.15,0.23,0xb8f0996f0b77a0d3843c516010d0c93f556c733a93169985600e775739e976f1158243b23cc4174e46de70a586280bc006812107,52,868,7,125,4/5,0
HWS-005-BACS+,8,166,BACS+,limo01,1784201319553035717,1784201451152601893,0,0,131599566176,9,-98.29,8.03,0x3bb6a7734524fd0ce0d3b3f37ec3075e4c99c98aa5ebde60d3191df0d6ab5e874114cdae4009d3e9eac913d9d59a5017e2963297,52,868,7,125,4/5,0
HWS-005-BACS+,8,167,BACS+,limo02,1784201325060994791,1784201394346613230,0,0,69285618439,4,-101.66,0.32,0xad2c556227c01027142c6649618ef1126db516d9c3eb64a133f165fb66170ae3eb640f6cd697e6a6eadf34e96917bb87ec58f44f,52,868,7,125,4/5,0
HWS-005-BACS+,8,168,BACS+,limo02,1784201327141533423,1784201714074183251,0,0,386932649828,5,-87.14,7.73,0x775e7f28df4790cae86ce7f6fe72ccc98521bc62fe0ba09ea09b49d2b2b29766dda4518366b55948425dccfee1f5a9463bd148d0,52,868,7,125,4/5,0
HWS-005-BACS+,8,169,BACS+,limo01,1784201330631293226,1784201500268256773,0,0,169636963547,5,-108.93,-2.99,0xf426e8c49765ffc435f575d1ca1fbcad1dd39af4bbe7688a01c716f07b5eeab91c2650fb28c069345e3eb50121a5eab9efe253e3,52,868,7,125,4/5,0
HWS-005-BACS+,8,170,BACS+,limo01,1784201335344947925,1784201422097287073,0,0,86752339148,0,-96.90,-3.08,0xe8d7a060783b31362ebbd6566123a4697f169538f24cc5337fa39bf22757320160deae87a1493a538e3013dbe7a4f3c6c9200783,52,868,7,125,4/5,0
HWS-005-BACS+,8,171,BACS+,limo01,1784201336999629301,1784201485928292366,0,0,148928663065,0,-84.97,6.93,0x8bc2509cd7575e1648f03efa18f808436fa7e4595ef9bf300a44f264c02f5e00bd161e2f8c1ad8df98bccbbeee13e9e46e883742,52,868,7,125,4/5,0
HWS-005-BACS+,8,172,BACS+,limo02,1784201340831236848,1784201607727487170,0,0,266896250322,10,-86.08,6.46,0xb8ac1615ff956f5ae8a02cf45528d8ca1708cc9400bea0e816d04a6cc3f5bf42c2eaea78174816199340bdfc1be3f35c9ad38d24,52,868,7,125,4/5,0
HWS-005-BACS+,8,173,BACS+,limo01,1784201342510770419,1784201445364283445,0,0,102853513026,2,-102.65,-4.97,0xc74b1c9babcdfc67dc0745605bd069decd0c038839c346cc292570b4ba811334692cbbe85064315706fb373bc116a507de2d1bde,52,868,7,125,4/5,0
HWS-005-BACS+,8,174,BACS+,limo01,1784201346756327900,1784201512081788249,0,0,165325460349,10,-103.57,5.78,0xdb0a8dd4a3ef80972043bcf864dc3ac3a54fe87aa35b386882dc55b1a99ad348580f4666d027b23eab26d4109a4216f42f7771a9,52,868,7,125,4/5,0
HWS-005-BACS+,8,175,BACS+,limo02,1784201352203920496,1784201675862223120,0,0,323658302624,1,-90.27,-2.42,0x879fc6d729dfde1c2660646575bce4d5e018cb493eefd352767a3a6a470550fe6532eaca7dced4f83492608b4167cce5def92912,52,868,7,125,4/5,0
HWS-005-BACS+,8,176,BACS+,limo01,1784201355704088387,1784201613919973268,0,0,258215884881,7,-93.12,9.73,0x0f351027ebe76ca91b787f5c60e63d595c0fc5459998345177f751a5447ea6b641b83cb6ea7eca0433a50d431d577967b00d425e,52,868,7,125,4/5,0
HWS-005-BACS+,8,177,BACS+,limo01,1784201357256708526,1784201456527856060,0,0,99271147534,2,-87.33,-2.23,0x789103f5af3f6ff70167a669f5acda76c779c2b008e01f7576ddf7d64837889eecaa35d6c7ca0cc4d87f31135c9a960f04ba2c05,52,868,7,125,4/5,0
HWS-005-BACS+,8,178,BACS+,limo02,1784201362200876635,1784201597343606865,0,0,235142730230,2,-95.42,2.02,0x22f9c7b5ccb4e162f6e8dc69d05f6eba2cad1e12adb469881b37f99b0be04d903ec581afc987f40a81b20803d98913b6e44fb762,52,868,7,125,4/5,0
HWS-005-BACS+,8,179,BACS+,limo01,1784201364034165636,1784201594824827714,1784201594824828839,1784201594992394446,230790662078,8,-83.94,8.58,0x4c97097a188ad416507fb259524d2c51db4b19f03dea8ffd46f8bb55eafdb8d282782ad2ba4b953a6e3d6139bf651181c559c8ef,52,868,7,125,4/5,1
HWS-005-BACS+,8,180,BACS+,limo01,1784201367524405587,1784201535167448857,0,0,167643043270,3,-86.87,13.85,0xe49f4b70820ed7c01778acd5f2faf020ec8fb1221c352ba7219573c5dc75811c5a1d35cf627a206255df6b82dbe29327a483e7bd,52,868,7,125,4/5,0
HWS-005-BACS+,8,181,BACS+,limo02,1784201372118576966,1784201504013133167,0,0,131894556201,3,-82.01,-4.91,0xe73020e7cbb2a3b3bd0c1c6d44e9524c71d6e0360b79ad955cc9bc0c65e4409f78779297447409e73b8559c7db1e03246c26d579,52,868,7,125,4/5,0
HWS-005-BACS+,8,182,BACS+,limo01,1784201373114132328,1784201480781102386,0,0,107666970058,3,-101.03,-0.50,0xd91a848f819ae70cf9a587bc9a262e554905b0a1a9db4ae94a1ab57a04cc3560152a774461ac0d8270baac6e51ca5493b8fb620b,52,868,7,125,4/5,0
HWS-005-BACS+,8,183,BACS+,limo01,1784201377497632519,1784201467792360542,0,0,90294728023,7,-106.43,1.43,0x396a3643f67ec4d48f939b41b32ee40ae928beef6cf7f7bb69904afc23f5c8664bd7719199d8388c781cee859fe29558c68a154e,52,868,7,125,4/5,0
HWS-005-BACS+,8,184,BACS+,limo01,1784201380289326998,1784201480050226559,0,0,99760899561,0,-98.80,-4.34,0x735bdef58129810c58368796caaf85c38dbc74eb5721ce9710c4a413a85d001a13a4c8d5e5de0b2c43cc7dfc1b9dba02f8a3c265,52,868,7,125,4/5,0
HWS-005-BACS+,8,185,BACS+,limo01,1784201385661712378,1784201497711923814,0,0,112050211436,8,-101.53,8.20,0x38c7aada43409ca1ee907ae6b2391244b7145a3b79909608df2dcdd2ece610a0e6594e490ee389f20c119704a9197042aaa23fd9,52,868,7,125,4/5,0
HWS-005-BACS+,8,186,BACS+,limo02,1784201388445706204,1784201633221142014,0,0,244775435810,2,-101.65,8.58,0x5e813d6515b3fafc965e9e8f7ab40aac97a0a4aae70053178091f649153cbca43f540a518a17b4193d5cd043788801cc30580e20,52,868,7,125,4/5,0
HWS-005-BACS+,8,187,BACS+,limo01,1784201392822097091,1784201548330010513,0,0,155507913422,7,-86.10,6.54,0xee7de5ddc37d1948a46c8bbc39eb68f2f5045af32af8802a203472974d0045334b6ef31c68dfb541f1f26750a3a7dde24b001f39,52,868,7,125,4/5,0
HWS-005-BACS+,8,188,BACS+,limo01,1784201396671120145,1784201489867097568,0,0,93195977423,2,-83.15,14.66,0xe76d43586014290fc5b75042afe4d4744aa1474634211153a3d3ba5dca64b0bac46d6f281e02196822fbe14a4d92536673b27411,52,868,7,125,4/5,0
HWS-005-BACS+,8,189,BACS+,limo02,1784201399634757923,1784201514837258115,0,0,115202500192,0,-81.92,6.80,0x6c02fbb8b53ee24888a5980bf12248e889189cc72a98a5d0eff02cde6ef5b0a976ffef03f176f1ddc84d4002daf1e75e9e594b45,52,868,7,125,4/5,0
HWS-005-BACS+,8,190,BACS+,limo01,1784201404404611913,1784201576379858628,1784201576379862323,1784201576548254368,171975246715,7,-93.36,3.68,0x520e8fd7511e6543b87ea69bc05477cb2bc609583fc50877c8afcf62aaf9cb881a3e15bec3949701caa87c6007ebaab16c84bb13,52,868,7,125,4/5,1
HWS-005-BACS+,8,191,BACS+,limo01,1784201407571678733,1784201643094778805,0,0,235523100072,0,-95.41,-2.33,0x91f935662ac3bec8691d789c021bf608c8a5b69319711d2a95f5ed0f31db8bae48d8d93c9d0221373dab37b24bfa2f423d6b3df5,52,868,7,125,4/5,0
HWS-005-BACS+,8,192,BACS+,limo01,1784201410506734124,1784201499825912527,0,0,89319178403,3,-107.38,14.31,0xf64cfa13f99b3ed48d24dc99859fecc366d3097706a995d5f9546de78e62baff1cf1224b25a309c476143ebbc47de7d06e89cf49,52,868,7,125,4/5,0
HWS-005-BACS+,8,193,BACS+,limo01,1784201411397448475,1784201554240396984,0,0,142842948509,2,-100.19,14.95,0x04cfadb2ef21185644ac516dea6a3d58ef51b5a0d0e4592793e3c04a36fb044b0d48d279d4204709a9b51c67d1babc56f7cd7799,52,868,7,125,4/5,0
HWS-005-BACS+,8,194,BACS+,limo02,1784201417704325720,1784201553739678919,0,0,136035353199,8,-108.18,-3.37,0xc823e90ca1496e2d40d646b742583fe150fe51020188ded3dfdd466607a14ad4f2f42e794410eab169202fe97867e3043b7f947f,52,868,7,125,4/5,0
HWS-005-BACS+,8,195,BACS+,limo02,1784201418982238960,1784201537558665380,0,0,118576426420,9,-86.11,13.68,0xfb759b726cb49b51de88306f7cdb562b129c2c1a982dc035e91a187fb466300dd35b67487389b84c248648b78e9acd311d68df42,52,868,7,125,4/5,0
HWS-005-BACS+,8,196,BACS+,limo02,1784201423798941740,1784201778935649495,0,0,355136707755,10,-89.37,2.76,0x1a7e0b5c8b19f8227f09ceaf36befa908afb5f758a69586a5cc4d69d1fe0bfc4b8de16aacc7d11eba52130536b527ec4cdb8b932,52,868,7,125,4/5,0
HWS-005-BACS+,8,197,BACS+,limo02,1784201425686563366,1784201686745637410,0,0,261059074044,6,-89.10,11.90,0xbe2eb33a1ddfbf1d6e8a1faa8e329018c1ee3391cfa6fb5859de5ae0bf8bf8cee2c665899620ab8be62e0450db86770b769a528a,52,868,7,125,4/5,0
HWS-005-BACS+,8,198,BACS+,limo02,1784201429318818991,1784201524058555186,0,0,94739736195,10,-92.32,6.89,0x311c3327999d2e314ed9d2050cf1f0a7084aaf6962af34336dd572269fc23dd7da380e0cdbb2fcb755db346334e3da155acaec56,52,868,7,125,4/5,0
HWS-005-BACS+,8,199,BACS+,limo01,1784201434221015314,1784201585297112363,0,0,151076097049,9,-80.49,-3.82,0x3c9e8e8ca54897e05d4d0bc66ca7a5bd74d8be54a6f6b0d5b62d5c76e384abe431df372b732f2529e282ff75a545f83deb456e83,52,868,7,125,4/5,0
HWS-005-BACS+,8,200,BACS+,limo02,1784201438289444116,1784201537832122206,0,0,99542678090,6,-96.26,13.36,0x57d31799306fa7149926594937066e63239f31a8a7f4217f69a3a4654a565f2568bbbdf736ea965253098d98f79c9fe3d6604d21,52,868,7,125,4/5,0
HWS-005-BACS+,8,201,BACS+,limo02,1784201438527300559,1784201574547050733,0,0,136019750174,0,-102.20,5.26,0x42a7373d76fa52031fd016163d6e9743ccdc4f99aee17835e7f8c2f5367d7fe6b9786678133b5e29842ef9d118ace152416a6932,52,868,7,125,4/5,0
HWS-005-BACS+,8,202,BACS+,limo02,1784201443009642855,1784201525030996282,0,0,82021353427,3,-81.96,-0.15,0xe6dfaf7abec8d15c168f29e8879e5410209af05e5103ba1a937e87913858cab76fe870c0d8337a1cdadd720c0c16c9b0721d5e2f,52,868,7,125,4/5,0
HWS-005-BACS+,8,203,BACS+,limo02,1784201446731144407,1784201612334225911,0,0,165603081504,4,-103.68,2.10,0xaba41ab1d6b3f1c4e5dc59667df437dc908f05912666329c24e1b05d4cab04a2145487967aaae16da12f5ee28e2d3c21c2666c02,52,868,7,125,4/5,0
HWS-005-BACS+,8,204,BACS+,limo02,1784201450374722462,1784201749654111465,0,0,299279389003,3,-80.27,8.72,0x836a165a206459f6ea8148e9349df1733e510c8b84fbbd8c3acf9cdcb5dbddd61f11f0a45cb426d1df963d628799caa082e43183,52,868,7,125,4/5,0
HWS-005-BACS+,8,205,BACS+,limo02,1784201455705849435,1784201587087502937,0,0,131381653502,4,-83.31,1.32,0xaee2401108916a0c1e69845075b7ebb0a0c1f6d283145c214e2a74e6e8a812d6a4c08f9ec356be5c75446c5a21af45fda4b10078,52,868,7,125,4/5,0
HWS-005-BACS+,8,206,BACS+,limo02,1784201457778264315,1784201691272929523,0,0,233494665208,6,-110.00,2.32,0xfbb6875cb2c01f62e7f0ec2f038a2f9774dbb482b13cfd849dfefde9927c0e47068996fa6d9eec3c1edb858b2a89f418dc4fb0a8,52,868,7,125,4/5,0
HWS-005-BACS+,8,207,BACS+,limo01,1784201461210372099,1784201556375144399,0,0,95164772300,7,-103.81,-2.03,0x3c25134087ea6238d24f1d821fd71f18005bef1ef97aa61fc3dc5a56b4b8c3492444823228d8e6e1ca292c3c892ca448440c026c,52,868,7,125,4/5,0
HWS-005-BACS+,8,208,BACS+,limo01,1784201466126984946,1784201573047437187,0,0,106920452241,4,-100.86,9.60,0xa07dee61d3668824efa11637d302d6776222e6bba6cad441f4035edeeb97a6a349bd0c6e8bc0f54a7c32341c61ee1b32b1de3618,52,868,7,125,4/5,0
HWS-005-BACS+,9,0,BACS+,limo02,1784201469776964766,1784201590804859022,0,0,121027894256,0,-96.11,1.56,0xcf7ce3888401be7983b5e0aa68dcf02996d39add0478346d3bb6ef95347dd737fa2780610f6806cdb1ec049381e746be8078557f,52,868,7,125,4/5,0
HWS-005-BACS+,9,1,BACS+,limo02,1784201472101219257,1784201823512178617,0,0,351410959360,7,-91.81,-4.67,0xa61ac09729e92c2a529cbfe14a3df05ecc86f0ce9721b2a10c141d44fc4fd835fed6ff251339fd1e70f0c016b674d5672f75da02,52,868,7,125,4/5,0
HWS-005-BACS+,9,2,BACS+,limo02,1784201475370112268,1784201597224708041,0,0,121854595773,0,-90.39,-4.19,0xa2c8b51635f24e74a2dc1f0b236174c87237872c0ea416ca07ada22c02a98a8571addc84330dedc98948d7c2c116b7a0e4a84d68,52,868,7,125,4/5,0
HWS-005-BACS+,9,3,BACS+,limo01,1784201480395153865,1784201673269400884,0,0,192874247019,4,-87.76,11.49,0x0d1968d22c0e403471d97e6dda009f705602127057593cb0d56b4da0e8278f9a890c93ece5dd376d568aba18720f6b8ae43502f3,52,868,7,125,4/5,0
HWS-005-BACS+,9,4,BACS+,limo02,1784201481614959457,1784201541793429532,0,0,60178470075,0,-103.00,4.59,0xc36cb7873e23aa365f8c8530f945146802fea311695d121572553886028c9de46dfefd72299ec770f23dda323547bc39ce5b4318,52,868,7,125,4/5,0
HWS-005-BACS+,9,5,BACS+,limo01,1784201484949787839,1784201589516545659,0,0,104566757820,2,-94.65,8.51,0xaa63d96ce401d9cecb6138d6c99386e6ce24c2ae97edd01b14deb536c229453df1d3f403a69fb81ea338c0bbbcd867dc32821d26,52,868,7,125,4/5,0
HWS-005-BACS+,9,6,BACS+,limo02,1784201488232550396,1784201697782657075,0,0,209550106679,6,-104.25,1.92,0x55998b2a9739c98f7c85dadcea440e0b73f4a5de6b824c38fae16c978fb996d2006ae7dde8c1b24678f098bd66790bc4db4edbc2,52,868,7,125,4/5,0
HWS-005-BACS+,9,7,BACS+,limo02,1784201491212869117,1784201568291684877,0,0,77078815760,10,-87.18,-1.85,0xc9020c809f8335b2b51e23d235f0666c137305cdca9707577ccef971c4ea9d506d1887204f78a343f3dc4ac4d328a974d052c938,52,868,7,125,4/5,0
HWS-005-BACS+,9,8,BACS+,limo02,1784201494831818970,1784201660310171440,0,0,165478352470,7,-99.17,3.88,0xc335a71874fb65ba8beb25c96917490948b6aea107f5be6b1be2fe7f1e22948b4084e3b24621140c85c3e82801dd6902ec391a95,52,868,7,125,4/5,0
HWS-005-BACS+,9,9,BACS+,limo02,1784201498619484964,1784201625627684622,0,0,127008199658,1,-102.55,2.85,0x21acaade7eab615a26e794ff717064b3c3723df76fdb1370130de5796b0e8859442bcb943ca2cc78fa344441d9247944de93ee2a,52,868,7,125,4/5,0
HWS-005-BACS+,9,10,BACS+,limo02,1784201502255042447,1784201601376027831,0,0,99120985384,8,-98.41,-0.28,0x600630c2598d041e4f5c9b18172768b3cbf53ce34784f5025b066d1b5d9c02db35b907608c999de832027c7655829f3cd6cc45a4,52,868,7,125,4/5,0
HWS-005-BACS+,9,11,BACS+,limo01,1784201506176740457,1784201627998027543,0,0,121821287086,0,-93.91,6.52,0xb510b17df5984f09270f8fc719ed88d60f3ded6563c78cd5d914bd3daac0f45810cbc768b2216d4ecf6a76dcd8f0fcd21a7bff79,52,868,7,125,4/5,0
HWS-005-BACS+,9,12,BACS+,limo02,1784201509708813826,1784201744272140710,0,0,234563326884,9,-83.43,2.51,0xa476e27a6c9a8831ab124e7b62dcc1d0b1f2bc9723fd4d044ffcb5bfdd0f89fd82676659da90468f1217087758e474044ef61935,52,868,7,125,4/5,0
HWS-005-BACS+,9,13,BACS+,limo01,1784201512122331896,1784201607369740712,0,0,95247408816,8,-84.37,1.45,0xa6ead0f8f17361f5566872bc0439c14e7143d3273c31805119f095338774189f4ce7397791a3fb20bc6375b4bbb3bc5050fb3963,52,868,7,125,4/5,0
HWS-005-BACS+,9,14,BACS+,limo02,1784201516041009599,1784201708764054322,0,0,192723044723,5,-107.77,1.76,0x969a4d159309d4aed81f01ab6353ab0307de1ecb55f9a13720edd344c3d2f0bb68fb7b2554373a4936cdb5da6c7fe8620f1263c5,52,868,7,125,4/5,0
HWS-005-BACS+,9,15,BACS+,limo02,1784201520846568617,1784201696266919488,0,0,175420350871,3,-97.98,5.44,0xd3b7baea7d179a3164de58cd6e6791f6cf038d3ad96dccea15a48308a4f3ea0ed197d2e8c7c6dfb059d7b0099cef7715e8db1f05,52,868,7,125,4/5,0
HWS-005-BACS+,9,16,BACS+,limo02,1784201522717907711,1784201638255617357,0,0,115537709646,10,-97.04,10.38,0xd1bcd54d3ad6c9e97f7de5457e43b838b1abc5b71dfd391502051b01de68f68762f68b5d5d91514990a8d7e2b4f61c1826776896,52,868,7,125,4/5,0
HWS-005-BACS+,9,17,BACS+,limo02,1784201528288331379,1784201785910455430,0,0,257622124051,9,-87.40,5.72,0x104e8d1548b8f800e667686a9a91fec6e8ddef2558de5561d601e41b02985e60436ee7539f46b5e554e479fe8f07e4b36f260cec,52,868,7,125,4/5,0
HWS-005-BACS+,9,18,BACS+,limo01,1784201531333245980,1784201845978716137,1784201845978720049,1784201846151310384,314645470157,1,-99.27,1.57,0x9d2e82e7b260d31b8cbd5ea97b7a369ad84837dc22f8a115d4bdbda0c661cbd2a159c652a0fc0f10c98cb7990bce419982d82fe0,52,868,7,125,4/5,1
HWS-005-BACS+,9,19,BACS+,limo02,1784201534853503516,1784201632516062670,0,0,97662559154,6,-106.72,5.74,0x1b35e259ead7cb1782665bae33f3042c599b34e630de2f8b82155fa9543191bfe452300164f2bc4b87b0adb08e7ecccad42931a8,52,868,7,125,4/5,0
HWS-005-BACS+,9,20,BACS+,limo01,1784201538751105030,1784201678569379645,0,0,139818274615,9,-92.58,-0.83,0xd10fa60e2ec158a1b60cff3e37001c17251d59408271ebb58c8f7d3e25c5f9b67670041357afd22cb8ba64212a9b9a8b00ac8623,52,868,7,125,4/5,0
HWS-005-BACS+,9,21,BACS+,limo01,1784201543005716584,1784201734731031154,0,0,191725314570,3,-102.10,1.44,0xf2005a7e78f5fffb48118a9d2e2144d3f45dfedaef42ffcd9617eb1cb4faebe0550da897d3e80c168bb21ac1d9b6befc70b8ec18,52,868,7,125,4/5,0
HWS-005-BACS+,9,22,BACS+,limo01,1784201543881963413,1784201711905507897,0,0,168023544484,8,-88.51,5.62,0xe40d2db36dbf6c515dec76ba595e6f6489a9ea56f237382cc2119e8eab849a14d698b9167cb325cb6de6f8859b3048cf240e6e0b,52,868,7,125,4/5,0
HWS-005-BACS+,9,23,BACS+,limo02,1784201548526225199,1784201692976793037,0,0,144450567838,8,-97.31,0.74,0x81dc9ed15b3dc4b1ea8367effbada84397924453b181e5e7d2077ffb58ca39c1bf622484e6354af63fed1a6980a9d8a03a3c39ff,52,868,7,125,4/5,0
HWS-005-BACS+,9,24,BACS+,limo02,1784201550447412795,1784201804548918592,0,0,254101505797,2,-94.83,3.74,0x5b7ce8e2109d3f3f301ea789f0a8648ea33a41313cbee8d9ecb6651e270d83aa094ff644400fe1a97a95e9409342d757ec1ddf35,52,868,7,125,4/5,0
HWS-005-BACS+,9,25,BACS+,limo02,1784201553149073443,1784201712299808771,1784201712299812748,1784201712466168381,159150735328,1,-84.81,3.40,0xa361e5878d318d2b98dc152eabf6cf0b2245d56c18b05ad981605f38417d67f5741a99891f16ce71d8b4b95edc69c16068d632c1,52,868,7,125,4/5,1
HWS-005-BACS+,9,26,BACS+,limo02,1784201558762425927,1784201634060127975,0,0,75297702048,8,-97.22,-0.65,0x165d6ee60f9c1eed46e9bd4888f5dca9500ee1dcf442371503b2124dbeca4aecb89a686bec98fc3e2a4bc4bde5232928f125b91f,52,868,7,125,4/5,0
HWS-005-BACS+,9,27,BACS+,limo01,1784201560741737422,1784201749247292829,0,0,188505555407,7,-93.42,9.01,0x8fe13a4993f87b8f66e5cbc20798deace1978fbaef3fe23edd377126643a080c2fc3f59cc7ee7aa91308c752772a314b52b61eed,52,868,7,125,4/5,0
HWS-005-BACS+,9,28,BACS+,limo02,1784201565726042374,1784201788407418686,0,0,222681376312,3,-88.42,14.60,0x46a9673eba2c020d2a38c03a6466e78a758db7a768bcab2f4df104b1575021c328969888cd47fa469c68b2c40f0f1d9404628a23,52,868,7,125,4/5,0
HWS-005-BACS+,9,29,BACS+,limo01,1784201568306500631,1784201668443667033,0,0,100137166402,2,-99.59,1.23,0x5359dec586274ba5c33c9e85d22f051aa6b8dabf718164157ccee34f0e5e7e6df84c4dac7ceaa22e61c05834438c7eba6606a1d6,52,868,7,125,4/5,0
HWS-005-BACS+,9,30,BACS+,limo01,1784201571165966155,1784201704991285450,0,0,133825319295,0,-97.42,10.98,0xdd328eafc8c05ca197a13b0fcdfb6084388f7ee2efe07b8780d8321d1f624717e97cd2a7d13ce35e148a5d4178ad8743d29c79e3,52,868,7,125,4/5,0
HWS-005-BACS+,9,31,BACS+,limo01,1784201575350966419,1784202019175964956,0,0,443824998537,1,-84.22,1.41,0xf9ebef60d405ce135770cbf959bf8e63076988708695db276e11122ddae7b4d79ff99bcbdc6bcdd09def6d5045b9187779931f5c,52,868,7,125,4/5,0
HWS-005-BACS+,9,32,BACS+,limo02,1784201577598096892,1784201725723256215,0,0,148125159323,4,-99.23,13.94,0x3732b5a718e89b436f0332b2e47037424909a79460a39616c68bdd364216d0cbd140dcd0ae72807ecbdae7f63293156ca36f796a,52,868,7,125,4/5,0
HWS-005-BACS+,9,33,BACS+,limo01,1784201583670923554,1784201672455462813,0,0,88784539259,10,-96.17,-2.14,0x15baa18f57cec140b8b95d57f27b36081644ff05390ace6e296a915b61cf512a49e202886cd9e8d3e42ba6361a068fde09da0af6,52,868,7,125,4/5,0
HWS-005-BACS+,9,34,BACS+,limo02,1784201586456392479,1784201762095426706,0,0,175639034227,1,-80.09,-2.25,0xb862325e83a3e9d03b3efac0192079dc7049e796d6169177c364055ce8535ac3cbcb7f9b13de4ed0eaa03435b17131c746aaaa17,52,868,7,125,4/5,0
HWS-005-BACS+,9,35,BACS+,limo01,1784201589563116435,1784201706174757060,0,0,116611640625,8,-92.01,6.80,0x0ab80f5db978ed442e34dd822b5d724145a76b0e21f429de875a3933b5db36173e32fb01f993df6b637a72e1eeee90ba552c9ac5,52,868,7,125,4/5,0
HWS-005-BACS+,9,36,BACS+,limo02,1784201593815870680,1784201699432135624,0,0,105616264944,5,-93.03,10.03,0xe76c90037fe6abe8f8e168d24e4862c65b5bde8204616c9a8044d56a282cfe97a6fef6f0f6097dfcb95f5ea53b4b8775be1e91db,52,868,7,125,4/5,0
HWS-005-BACS+,9,37,BACS+,limo02,1784201597601721990,1784201897949521053,0,0,300347799063,1,-84.15,5.33,0xbc8b373a951a54c2625817cf2268360b921bce91e221d778eea29687d7f6f5876d3b397cc4fe708126dbd67511cb6d3881c8bcb4,52,868,7,125,4/5,0
HWS-005-BACS+,9,38,BACS+,limo01,1784201598916838242,1784201962255143536,0,0,363338305294,1,-101.76,-3.82,0xdc6c5c943ea4de7ec53027be1ea7483592964050c44afd04df102185c34fcc549f959b5bd6e6c83b457cb0a376071e8a0a848836,52,868,7,125,4/5,0
HWS-005-BACS+,9,39,BACS+,limo01,1784201602093307372,1784201734340804752,0,0,132247497380,7,-84.16,-0.71,0x87429f1d21a9027c15a3e93579ff25b630f6baa50e997af9368e13ecedf27900aec32fcc8a7343b09fedab1aba0c9b0d91879fdf,52,868,7,125,4/5,0
HWS-005-BACS+,9,40,BACS+,limo02,1784201605300841678,1784202205300841678,0,0,600000000000,9,-104.08,-1.91,0xd5f93f7910420d968b690eab81eb5072f272abb79ff4cea16ecc7643a40fa4bafe2de8a3bfa388f63e5925f8f7b28bfbf637d2c0,52,868,7,125,4/5,0
HWS-005-BACS+,9,41,BACS+,limo02,1784201610785128417,1784201776414067996,0,0,165628939579,4,-90.23,4.68,0xc48e4c6474b2d91dd51e01aab16661f601c28ef30c8faa7f1e98f29cfdbadc6d7dc3c9945224540d0800835c5a009388c4243c46,52,868,7,125,4/5,0
HWS-005-BACS+,9,42,BACS+,limo02,1784201615139363773,1784201715492235959,0,0,100352872186,1,-104.51,13.05,0x2992647bc348172ce8e7de284f4877e0c3276fc7eb999d3e58985ce34ada6251f1ed3ea7cb6516b8a2ca2a10ef77044bd65c27d1,52,868,7,125,4/5,0
HWS-005-BACS+,9,43,BACS+,limo02,1784201617016060067,1784201922380717324,0,0,305364657257,3,-98.45,11.16,0x64725abcf5d34f43ce21513e4a9af22f59c52a2cf4fa3f322670182ca771e6066d70c2cdfec91ba1331fcab3f4c3e45503c3886f,52,868,7,125,4/5,0
HWS-005-BACS+,9,44,BACS+,limo01,1784201620467031236,1784201788929564525,1784201788929569130,1784201789099498203,168462533289,7,-109.65,1.87,0x62a68a30c75540c4bb9481352e5482576f06e2bce34d3e4f457315b037dcff35366bdf59b341103cee8966f5dc7bef5017f9270e,52,868,7,125,4/5,1
HWS-005-BACS+,9,45,BACS+,limo02,1784201624730127092,1784201884035046670,0,0,259304919578,8,-86.28,9.40,0x1f79c80fcbe758ef5b4e7e5cb8115b6e8bfe79b769bd331c72f64e1708b68f6ce4f0a202fcaa3ac364d538def434dccf8f4eec46,52,868,7,125,4/5,0
HWS-005-BACS+,9,46,BACS+,limo01,1784201628533793766,1784202060551336364,0,0,432017542598,10,-80.34,5.11,0x52d5e082c153d9fcdf870e5cedbec72a52e1ed2bc4be34cd9dbcc2933e7e0003f92d53b015cca14e65f67eb27abbdebb604982da,52,868,7,125,4/5,0
HWS-005-BACS+,9,47,BACS+,limo01,1784201630316357246,1784201723764516719,0,0,93448159473,4,-81.10,4.83,0x38db27e862e63c8d9ec87c8e1065060bf7ee952f6fb065adb43947daa01965a0304e9ab2ba0a8f3a66a0e8a0bbef5e616e7107bb,52,868,7,125,4/5,0
HWS-005-BACS+,9,48,BACS+,limo02,1784201635825656219,1784201752992268990,0,0,117166612771,8,-104.71,2.40,0x56ecfcfa254400535fc078f700042995c4a16ea0f18e6f5fb955b4b7a67a14d287c6226ebeded319f27273532ff63c04007a310d,52,868,7,125,4/5,0
HWS-005-BACS+,9,49,BACS+,limo02,1784201637415543835,1784201992202034041,0,0,354786490206,8,-91.40,2.18,0x2190f668bff8edd37d49d0dd5204c42d4143f4d084763978d212f59c0e6cf55ea04d30cf65c94b0965105f0211cd53d66ca3c131,52,868,7,125,4/5,0
HWS-005-BACS+,9,50,BACS+,limo02,1784201643883957129,1784201846787764595,0,0,202903807466,3,-88.48,-0.78,0xa7ea43547a5eb5dcec4668908c9fe550345ce612a18dfcec4f33e33b1b6f43285eb2769a1fd9b26c3c1b76d7c20ce2be8e9f985c,52,868,7,125,4/5,0
HWS-005-BACS+,9,51,BACS+,limo02,1784201646198609240,1784201817539345982,0,0,171340736742,5,-97.60,11.05,0x022fdfa76e433868a9f45022b6bc0b0dbf7d917db78f2438e7bf7cc6512ee255acf50b34b3cf46c7f12a32776431763e75d70075,52,868,7,125,4/5,0
HWS-005-BACS+,9,52,BACS+,limo01,1784201650599466042,1784201989784146554,0,0,339184680512,4,-84.59,11.51,0xcb553474e7f8f6849c683b9f1be55b3b8c249b7a4358c466697bbc0ae677221577253a3607953beb28f6e89314b60ec2bc23e2b7,52,868,7,125,4/5,0
HWS-005-BACS+,9,53,BACS+,limo02,1784201651998387170,1784201704775570031,0,0,52777182861,7,-94.55,4.15,0x552290bf1bf9b9f226e364624e848847f76cbf3d7a174ce70ba04669ecb875269527a771923ea0d8c4c9213a8c8ccbff292a2435,52,868,7,125,4/5,0
HWS-005-BACS+,9,54,BACS+,limo01,1784201657258641559,1784201743759883750,0,0,86501242191,3,-95.85,13.47,0x2f46769744eca606bf5eadd6d42c1d1f5b1178fa73c9c51629fa6fca2fbcb365d9e195bd97f4fd9693f74a5be05327c2f61fca0c,52,868,7,125,4/5,0
HWS-005-BACS+,9,55,BACS+,limo02,1784201658175189520,1784201727982110951,0,0,69806921431,6,-80.16,13.29,0x3c93277033874d33be7bdbfb4eed6d433a656d0881492223b6e9053b99db0f21f3ccf8962d135b70c87aa3090465a10356e57442,52,868,7,125,4/5,0
HWS-005-BACS+,9,56,BACS+,limo01,1784201662246832439,1784202071885690495,0,0,409638858056,7,-94.90,14.62,0x28cd95e078bae5eaa41f1ae6a0015acfe1461b74883a301fe059e8417b0d70eb324cb4e068ad14894b3de8fa5325a9497429d4a9,52,868,7,125,4/5,0
HWS-005-BACS+,9,57,BACS+,limo02,1784201664711809570,1784202002304284759,0,0,337592475189,10,-82.61,9.79,0x1559086f1a54839ae305a02cdc077b087a14838cb2549927a7ea8aa7ef95f1308a24564d74c051125833de3115e4133b6d40377d,52,868,7,125,4/5,0
HWS-005-BACS+,9,58,BACS+,limo01,1784201670132966926,1784201758908629417,1784201758908631212,1784201759073664734,88775662491,6,-98.23,2.08,0xb8aace1d3209517f66f0ceb4f693ff4d49b85bdc666288fe35e0f10d70e58e8c2dd0774b4b083b78a6f2743f31949cd8345b04af,52,868,7,125,4/5,1
HWS-005-BACS+,9,59,BACS+,limo01,1784201672221650246,1784201759754841420,0,0,87533191174,9,-100.49,14.31,0xc4d8faf497d48255897db8bf3e00069dd3a52564925dae7b7c87fedfb18218aee33605dfa3c7b73150bbfa53c9250b05dc904b49,52,868,7,125,4/5,0
HWS-005-BACS+,9,60,BACS+,limo01,1784201676448717985,1784201809585837587,0,0,133137119602,3,-92.50,9.46,0xd37c1d95fda9d233a6073c6bf813e6132785c16c31b9ba8f23b751db075124286c29ca3899425d1aa69ce7cb476e295c9a546b43,52,868,7,125,4/5,0
HWS-005-BACS+,9,61,BACS+,limo02,1784201680420281666,1784201851408814414,0,0,170988532748,1,-99.11,1.23,0x0617071afb0caf806f15f6ffa087046a63923bc0f894cd0598c57b070a9f19346aa7341867f674ac1c3593fbfb3b99833dd417eb,52,868,7,125,4/5,0
HWS-005-BACS+,9,62,BACS+,limo02,1784201683018432897,1784201870273323175,0,0,187254890278,2,-98.42,-3.28,0xc1c39420a2f6a5963d0e0b8b253e70878e958cc6781fe390e8a760835de3da12c068798d1b4e0afa6ac85fda727f6bf77ab17239,52,868,7,125,4/5,0
HWS-005-BACS+,9,63,BACS+,limo02,1784201688515172772,1784201804461246501,0,0,115946073729,4,-84.23,-2.88,0x04e87c79554acd6328620ce2d1e93a9bf7b080f5e41ea5abbdc9a6904267ffb6c10a320dc456bc6e70bc06d69760805b37271e8a,52,868,7,125,4/5,0
HWS-005-BACS+,9,64,BACS+,limo01,1784201692348009536,1784201815624952192,0,0,123276942656,2,-100.48,4.26,0x94468f0ab5b5c46b77114f84d4b0601bf936ebe2fa4cbe49f07db0f94c27eb62f414f2ba3faf053a62e2bea184fd2b5fd69f2147,52,868,7,125,4/5,0
HWS-005-BACS+,9,65,BACS+,limo01,1784201694464650217,1784201804200189984,0,0,109735539767,3,-97.35,-3.11,0x57e247a74e6768dd94d213d711561690208a89346259e2d32c2171926df48fc71eb1b5d3ca43cfd496aabaa4d2add56b5db16aa8,52,868,7,125,4/5,0
HWS-005-BACS+,9,66,BACS+,limo01,1784201699386070007,1784201812906777153,0,0,113520707146,1,-90.37,12.30,0x70945014b8dd87d2e5528dc85271dae684fdc677a4ebee9326bea4494311ce8caac6dc6c2deb34c46148beb69554d5ff992b3a4d,52,868,7,125,4/5,0
HWS-005-BACS+,9,67,BACS+,limo02,1784201700601536986,1784201908649920387,1784201908649924940,1784201908815876070,208048383401,2,-86.92,14.31,0xa10a47c2135272ef354b26b366f17dc9f64820ebe2ff2f529c44e1d71d9d905b659079cc42b6b3bd1e59ba24f3de03e945b4ac19,52,868,7,125,4/5,1
HWS-005-BACS+,9,68,BACS+,limo01,1784201706053960324,1784201834379304897,0,0,128325344573,8,-86.67,0.63,0x36d91686c6debd062dd71d71bb93e12a1f18e760fc0a981a95877af5e74d18416c0bd9e3f671691315082c7ee794a9c80e17a688,52,868,7,125,4/5,0
HWS-005-BACS+,9,69,BACS+,limo02,1784201708071749922,1784201794275226432,0,0,86203476510,4,-108.33,3.80,0x862a29e06de5bf85410cdd5f15c4d9208bb3c7482bf172addf861f1416fa78513c0a5330ed278bdc145b73de0bab6dede11398f5,52,868,7,125,4/5,0
HWS-005-BACS+,9,70,BACS+,limo02,1784201709686099333,1784201973832858580,0,0,264146759247,4,-109.87,7.08,0x7de888181be153797ac5fe43d850612a4152fbc339098d7fdbc58987f49d1fcd961ca5da5eb047d3433ab625693fe83c371b747b,52,868,7,125,4/5,0
HWS-005-BACS+,9,71,BACS+,limo01,1784201714428313115,1784202168534562229,0,0,454106249114,7,-107.81,14.16,0x41bde39a74b5e156defd9d5f88d0bfacba2048ed73f25cfada5eb5549beae99f45858bd19ce32f4161673da5540c81c92142479a,52,868,7,125,4/5,0
HWS-005-BACS+,9,72,BACS+,limo01,1784201718198383166,1784201864045811664,0,0,145847428498,10,-93.03,-2.78,0xa9e226e50817ad5d6d3dd83b202a9aa4b54a59deb4b16e687eeb7407862dc95daafe17edca57235457f474c721fb01100a13e037,52,868,7,125,4/5,0
HWS-005-BACS+,9,73,BACS+,limo02,1784201721064445296,1784201927570556961,0,0,206506111665,7,-105.54,13.63,0xb0581189e4aa373705c01c69f13c27273c2e6bdcd2451ff1324d34497823b8c3556ee65a452154d119d87f05c9834b0199c074de,52,868,7,125,4/5,0
HWS-005-BACS+,9,74,BACS+,limo02,1784201727081675032,1784202265886219857,0,0,538804544825,3,-81.60,-3.79,0xe71126c0887d839ded51774b727d80294f09795109f531a0fbbc684cf464eaae5d2323f248d60dbe0b571a5639ae088a790a4dd9,52,868,7,125,4/5,0
HWS-005-BACS+,9,75,BACS+,limo02,1784201727078678106,1784201937357962575,0,0,210279284469,2,-89.71,3.32,0xede28f70a4685b2686e1649b1eaab21f746c8dec8b9d24365c1957282360c5e65df849d204b2f7485d3b4b9764b5ce85f15c31d2,52,868,7,125,4/5,0
HWS-005-BACS+,9,76,BACS+,limo02,1784201731105413481,1784201941614085768,0,0,210508672287,0,-89.41,14.71,0x2cdd61a5dbd5e65113fa81ca148dd9f71cd0d41f97159f502bf6af68ff489c640120fdf3d702cf6ee84152d7ea4645fc03ebac88,52,868,7,125,4/5,0
HWS-005-BACS+,9,77,BACS+,limo01,1784201734587686926,1784201781879604411,0,0,47291917485,10,-98.29,-2.40,0xd3d36bdf5194642deb897a6868a5b2df81dad3532db0f973a9dc19499e7618f7d6962f33fd5af565af2af52575b02996d3060712,52,868,7,125,4/5,0
HWS-005-BACS+,9,78,BACS+,limo01,1784201737467536824,1784201929686329019,0,0,192218792195,10,-100.16,-4.46,0x5ee5a738483cbbff33a83bc25a92efbd5bc7cbab734a57f1ce95356ccc1ce7c8698b2693df638dec84ea3b6c78681597141398fd,52,868,7,125,4/5,0
HWS-005-BACS+,9,79,BACS+,limo01,1784201742746444661,1784201890792162740,0,0,148045718079,5,-91.11,9.93,0xbc0ae75daf25a92a2ed9d6f7084dbefc28aa2b391e822fcfb682f180912bffd8caa967298c3da3033511392837aa0ab6109dcbdd,52,868,7,125,4/5,0
HWS-005-BACS+,9,80,BACS+,limo02,1784201745962051806,1784202081612559513,0,0,335650507707,6,-105.88,9.81,0xad44e11cc8eaea89b88342eeaec507067204d52708dcb5de3b1017586480db2325add7c6c62dc93540fd11299d914d24d7fa1483,52,868,7,125,4/5,0
HWS-005-BACS+,9,81,BACS+,limo02,1784201748841619793,1784201828243866365,0,0,79402246572,2,-91.93,10.15,0x92a0cea21b181195c835a6952218720eb828f8e8981327ed4d8d8be9d8b602911cd74888691fdd914edd4aa281360208126fdb5c,52,868,7,125,4/5,0
HWS-005-BACS+,9,82,BACS+,limo02,1784201754140513785,1784201880888229346,0,0,126747715561,9,-95.60,10.62,0x0948f2b4101bec6887c692ce26ce14dec50522292f069922a868715ebcb1b6fc758bc4b7a945367e760e1a77456b160b952b3a54,52,868,7,125,4/5,0
HWS-005-BACS+,9,83,BACS+,limo01,1784201754869148322,1784202078406064490,0,0,323536916168,10,-107.71,1.97,0x699f16f3ffa7549a0772eae8c6da82703093e5334add92eafb60ab60214e4f317bf28d385cc181ff7de9afdda0fc5919f16d97f5,52,868,7,125,4/5,0
HWS-005-BACS+,9,84,BACS+,limo01,1784201760598960111,1784202207439888085,0,0,446840927974,5,-93.80,4.49,0xdd2606cbc2d34e8fec8f965b2020be338bd5341644062dfd23beaa32a5192cf270c27a02e783a3ecb1ea1621c19e44b80c69b50b,52,868,7,125,4/5,0
HWS-005-BACS+,9,85,BACS+,limo01,1784201765194445619,1784201826790261708,0,0,61595816089,1,-92.26,14.12,0xc20197aaceede8c61dd6ff1ffe15ced8a4e4b2b51b11e419206a4dc244f0a7c0651d96af1927acd4e3988b560556bc6a2ac24680,52,868,7,125,4/5,0
HWS-005-BACS+,9,86,BACS+,limo01,1784201767473256019,1784201862645323332,0,0,95172067313,0,-88.68,6.79,0xf8e3a46bd58bde9be7d8aef973196d58c03e491bedc7223248f3be40a2015e0b59dfda0db795a84c45c04354a45ca40de3cb0a54,52,868,7,125,4/5,0
HWS-005-BACS+,9,87,BACS+,limo01,1784201770977981342,1784201872267476248,0,0,101289494906,2,-95.86,7.29,0xc1e06bb501b9c307729129a462c1f91ea21fb5721930c8571e3eec2902effc41dbe8387bf3fc4149dafa1c70c1a1665fc5b3ae29,52,868,7,125,4/5,0
HWS-005-BACS+,9,88,BACS+,limo02,1784201772670091070,1784201869761760306,0,0,97091669236,5,-80.91,10.65,0x1b6c41250b66ac1377d40d6c88026b814dedb759e5b6cc48736861f487d688a6d2a8c5481ae94ee14d3b1a54a6fb70a204930a9c,52,868,7,125,4/5,0
HWS-005-BACS+,9,89,BACS+,limo01,1784201779451075194,1784202022738805401,0,0,243287730207,1,-105.82,5.31,0xcc08d0db89d30b8431ce8583162c9852a9f3da95e8ba35d1f54edca7e3be590d2a22798e7e35d4f80c8afffa63523622ad1e2929,52,868,7,125,4/5,0
HWS-005-BACS+,9,90,BACS+,limo01,1784201780407291976,1784201932710054010,0,0,152302762034,10,-90.87,12.83,0xeb877cefbf75316815c85a6f59d33301c86681243ff751a203ca5d70e17d0b8cace1182432848070fda0824cdbd7030c2439ab92,52,868,7,125,4/5,0
HWS-005-BACS+,9,91,BACS+,limo01,1784201784212103911,1784201854095878749,0,0,69883774838,6,-103.77,0.44,0x7176971914e0d4d97bea3afa7bcfec7888458b442b90e614aaa6afda61de3d1d522ff54e2b242bf676fbf6036cf6c5930de1c956,52,868,7,125,4/5,0
HWS-005-BACS+,9,92,BACS+,limo01,1784201786733959762,1784201959830931395,0,0,173096971633,9,-87.87,8.37,0x9ceb89675ba6e71fb03897be0c807a968af8af1215712c8df08f5790b85a715acf47b990531bae01a1c9cfea3d64aa36cca9795c,52,868,7,125,4/5,0
HWS-005-BACS+,9,93,BACS+,limo01,1784201790904973314,1784201981194048241,0,0,190289074927,1,-104.90,4.34,0xd2708f5037a550d9becf4b84674255ba2ecd4330e29b504080b475f738fe3e6718d302427cab961178156b2c3cc67077315d3a1b,52,868,7,125,4/5,0
HWS-005-BACS+,9,94,BACS+,limo02,1784201796900005794,1784201929531105857,0,0,132631100063,10,-83.87,7.22,0xfbecf9703d78cbba43580c122c0d4ae4c348aec62567e57f74c072e4e40cb596cc0ddc149b5c7980ed57c816dd4ce369b41b7907,52,868,7,125,4/5,0
HWS-005-BACS+,9,95,BACS+,limo02,1784201796597072882,1784201926081680524,0,0,129484607642,3,-108.04,10.78,0x21cecb063e910c974a34ce61df1e2b34e331f548e5d11ffe6e9cf34a9ec36e58c38b5c99f1a7d950f21f611fc03513bd6ef59433,52,868,7,125,4/5,0
HWS-005-BACS+,9,96,BACS+,limo02,1784201800534275700,1784202026080764952,0,0,225546489252,7,-96.49,4.15,0xe97ad1fdf7d92e4ffbc1bb7fcb50ae7f260b69edafda2cbc25804a0c16f59933543cc442253ca578d23367bcb2293cb903f2553d,52,868,7,125,4/5,0
HWS-005-BACS+,9,97,BACS+,limo02,1784201804177101141,1784202097842860975,0,0,293665759834,8,-103.04,-3.16,0x05a0517690544ff10aa0c2288567d392ab72a140514760304d3ceffb1a62660c8c51b9c060d049ff93a9e158c164af42d845c80f,52,868,7,125,4/5,0
HWS-005-BACS+,9,98,BACS+,limo02,1784201807883307714,1784201867450955533,0,0,59567647819,4,-104.10,10.87,0xc92ea1f42ea7039b5372d2e85ce07bc67a42b26dc658d723633f1e271a025b4ff483ff3a96a882ce4c06ba4a166cfd43cda24918,52,868,7,125,4/5,0
HWS-005-BACS+,9,99,BACS+,limo01,1784201812505804001,1784202038418306065,0,0,225912502064,4,-102.53,14.27,0x497c6ba5df53c4040dedc2ad5c95d368253e00a2d469d7f041b5f5ae75a071bfedb4aa83298b7af864830c01a8a85926c7ef30a1,52,868,7,125,4/5,0
HWS-005-BACS+,9,100,BACS+,limo02,1784201815880875383,1784201953116247013,0,0,137235371630,9,-83.39,2.00,0x9dc4d6e673c41a21c69eda58442f62b585de390236ec985fd7a27810eea6ce93d25dd136856995f3466babc622ed173ec79e4ef5,52,868,7,125,4/5,0
HWS-005-BACS+,9,101,BACS+,limo02,1784201820224389014,1784201995432970699,0,0,175208581685,10,-107.87,6.75,0x22f6b25971e4dc5e8226ebf7226b7b09c83b171cf73ff13eec1087c48d81cefa1c8997dd29384b5bd1fe6af19f8838a077bf5b7f,52,868,7,125,4/5,0
HWS-005-BACS+,9,102,BACS+,limo02,1784201821691344215,1784201905532069211,1784201905532073641,1784201905699614818,83840724996,0,-96.84,8.14,0xeedbdbab3060294fc865b0889e06a922102aec354c35481d2f9059100055023b5ec26e2a77447664ce0aa950f37c09de48aee64e,52,868,7,125,4/5,1
HWS-005-BACS+,9,103,BACS+,limo01,1784201825354472472,1784202077666992077,0,0,252312519605,5,-87.00,12.76,0xa8c388deb46acf47ed8e6ccedf9d680f9ffbf178d2a0ecb712f2dfcf8d5e2d39e41de6ee895e1f139877238c1fcc36930c754cd7,52,868,7,125,4/5,0
HWS-005-BACS+,9,104,BACS+,limo02,1784201830185851831,1784202044889317818,0,0,214703465987,2,-104.65,-4.28,0x95627e22816969d11615c968d26cea136c795015b2b14f7c5e2a848c9eb2f962c8742430dcc63230ca6b5fc4609b4e136e6ecdba,52,868,7,125,4/5,0
HWS-005-BACS+,9,105,BACS+,limo02,1784201834488165492,1784201953509892710,1784201953509897528,1784201953681741216,119021727218,3,-98.37,14.24,0x4aa54ee326296f0c5482f93414aaf1be9be715788a56d95ace0d83d1f7f9d855a6ab4d69cf1bea8bb871998145c83f858730168d,52,868,7,125,4/5,1
HWS-005-BACS+,9,106,BACS+,limo01,1784201837977453251,1784201944713826341,0,0,106736373090,6,-81.65,-0.12,0x2686f87594c5e6d12ef964f77add506583a6252f7c6854c654a2850581cc8605112b851896c1880712f37e6741b8ee199acb4735,52,868,7,125,4/5,0
HWS-005-BACS+,9,107,BACS+,limo02,1784201840824450359,1784201950077523622,0,0,109253073263,8,-103.51,-1.74,0x5e3ec954fcc03bb6fd7e4caeec0a8e64e12f483bb2182908a59a4a7955de7a899f4b5ca278fd5101f35e1b4ffdb204c245ca8a3e,52,868,7,125,4/5,0
HWS-005-BACS+,9,108,BACS+,limo02,1784201843718900731,1784202004575079399,0,0,160856178668,7,-84.09,9.37,0x4cfcd00c099120deb2bc0a5b749c7af044e47400533541f7065de94d0b6f7e00f3e8d58e5875279386e5ac0b2b65e95630097d73,52,868,7,125,4/5,0
HWS-005-BACS+,9,109,BACS+,limo02,1784201848815290997,1784201956554727011,0,0,107739436014,10,-91.90,5.55,0x833a54ac0c9279ed07416835fea8448280efb6921994ffba2095606ae30dc08b8d1da9ec4d1185d02e9cc391a7350d7eb3e0908c,52,868,7,125,4/5,0
HWS-005-BACS+,9,110,BACS+,limo01,1784201849258724422,1784201992249670813,0,0,142990946391,1,-103.04,13.09,0x1a68e08f50b440713411e3b2836d68bfe64ba288bac59e5207218a8abf55e0317ba58b8d18642b701b99513cc29f3daa947f1e72,52,868,7,125,4/5,0
HWS-005-BACS+,9,111,BACS+,limo01,1784201852207774193,1784201957002832531,0,0,104795058338,6,-103.33,10.77,0x38c1dae1669584ec84713145c1ceda3cc2d6ce181df25a088f44f8cae9ca789a6b31afc037f00f34bf5547a6b7e29bc51407670b,52,868,7,125,4/5,0
HWS-005-BACS+,9,112,BACS+,limo02,1784201856806138054,1784201968407573164,0,0,111601435110,7,-82.52,-0.47,0x09843f108c73d1867162d400e6170a354ea25ce8ee10b3dfba77c76ef662135357edd4d2a3461939b0b5a4c67475b91c6d7a2b04,52,868,7,125,4/5,0
HWS-005-BACS+,9,113,BACS+,limo01,1784201860682253180,1784201942475218358,0,0,81792965178,3,-103.63,7.39,0xccaa4317435a0eff97fd655026e15ab9c720187f9bcb51f21beea7ed615eb4d91764358b74ca3714436dd564ed63cc666b5229d8,52,868,7,125,4/5,0
HWS-005-BACS+,9,114,BACS+,limo02,1784201862794766953,1784201987927174301,0,0,125132407348,8,-89.93,12.36,0x6357e68e5f00b815b2626fb78a52449b146a9ac61f62af644ba1b0cfee9448e9b19c09d18d22c22df1baf13e92fe31228496cce1,52,868,7,125,4/5,0
HWS-005-BACS+,9,115,BACS+,limo02,1784201867088483320,1784202230886486479,0,0,363798003159,7,-96.85,-2.11,0x9dd7a2e375cc4aefca5498810c7805831a94f13281815a8499e6c27d24270ac15e72b11d1d937870891b0e6ab87b49d546c0a2b6,52,868,7,125,4/5,0
HWS-005-BACS+,9,116,BACS+,limo01,1784201872613282961,1784201994037260218,0,0,121423977257,3,-98.06,6.59,0xf5f17ffd17eae8fb7fe5df3f0f2098589df2bdd0ce05ab639a01e71d4a16139fe822420e930a629aec20172870e6414ec5e738e6,52,868,7,125,4/5,0
HWS-005-BACS+,9,117,BACS+,limo02,1784201874300743841,1784201978913036796,0,0,104612292955,1,-84.54,4.22,0xf48d9bd546a354a21a0270e316d9c0ffd78806cbc2cc8a8fb9c2eb3b72da3e34d322318ea0e33cb4a9d98f967fc6cf501bf1e002,52,868,7,125,4/5,0
HWS-005-BACS+,9,118,BACS+,limo01,1784201878611244503,1784201945643828301,0,0,67032583798,0,-81.98,1.99,0x3f38fbba9895c10f7e7857924026c2ebfed807a0b8b99001824cb27f9d5a6526dab875307fb2960d32e3f9f7549b3bc6e477d6ce,52,868,7,125,4/5,0
HWS-005-BACS+,9,119,BACS+,limo01,1784201883627760097,1784202102719813190,0,0,219092053093,3,-90.04,-3.24,0xf94f3254fe0e609340156d7190f572f8aa87c338ed7adfb3a668d843acdd529942fa1c1499f8d620e8c4e97ba41303940380b834,52,868,7,125,4/5,0
HWS-005-BACS+,9,120,BACS+,limo01,1784201884821334778,1784202122392316790,0,0,237570982012,2,-108.19,5.19,0x3d18902f045934d8c72688b75fe9b2cd318a74e4a3e289046313387630b8623f4c5381c78123beab3cc45c3bfe8f9b52dfd460e3,52,868,7,125,4/5,0
HWS-005-BACS+,9,121,BACS+,limo01,1784201889601786175,1784201934962285341,1784201934962289055,1784201935135906691,45360499166,7,-82.15,-3.00,0x93966d5f5caabaa0230bd6649bb8a52868356d640ca072b67e2c8e6c67803c07e5124ad8ba45b5518bc9e3325a964ee65a97891a,52,868,7,125,4/5,1
HWS-005-BACS+,9,122,BACS+,limo02,1784201891146663951,1784202027047736747,0,0,135901072796,2,-87.74,-1.22,0x3a8ce226bd18313d3ac0073b6533ad5f2b8fb937985bcb74b16d3f75576b6f357a76113be680785355878f9a48d867f5cec18a9a,52,868,7,125,4/5,0
HWS-005-BACS+,9,123,BACS+,limo01,1784201895198681296,1784201981291006993,0,0,86092325697,6,-94.57,8.59,0x4bfdc088d407f61c550b4fddb48561852743b90e978e411c63f12bf9e944a17a1a0629e3c8e1d14450ea8116175348d5d694053b,52,868,7,125,4/5,0
HWS-005-BACS+,9,124,BACS+,limo02,1784201899641020617,1784202105212594372,0,0,205571573755,0,-105.40,9.24,0xfe10b82be13d98315a1c734f5da2c62857da6ee3ee61dbdaedd9da6417ab84afc7739d9a2ce3bffa4455e765594c5ed8b7cf581d,52,868,7,125,4/5,0
HWS-005-BACS+,9,125,BACS+,limo02,1784201900900676507,1784202037682368997,0,0,136781692490,4,-93.06,8.32,0xc963a91795239fe593e1a602bafd27d5d8603452576a79da4d8267bdf0d9a8e19472d5c4337ab8abb9fcdfc3fcfe89b82f6b450f,52,868,7,125,4/5,0
HWS-005-BACS+,9,126,BACS+,limo01,1784201907102075137,1784202114930659883,0,0,207828584746,9,-93.80,-2.88,0xd1bda49df5ecac03a9c30e79cb3cf30ec77f6557358aff5bff90cc6a6b0bc7fabf1dd3a36f00ee382268985e7886e7a394ba4365,52,868,7,125,4/5,0
HWS-005-BACS+,9,127,BACS+,limo02,1784201911566307457,1784201974624422033,0,0,63058114576,4,-89.52,4.31,0xae6a05b078f20cc21b1285f57247df49358cefc6813aaad1661ad3cf0516220568ff439b64ae94f7d79ec7f008593059c718beda,52,868,7,125,4/5,0
HWS-005-BACS+,9,128,BACS+,limo01,1784201912700270581,1784202051004325365,0,0,138304054784,9,-82.88,9.91,0x0d60d80e7c3594f1edf5db6095c3ac888d874a7ad59d211febaa2cc6ff22e34e5cc945203d230436f9793df1d676b21563deecc1,52,868,7,125,4/5,0
HWS-005-BACS+,9,129,BACS+,limo01,1784201914933453050,1784202114557657731,0,0,199624204681,0,-107.21,-2.40,0xa32dfb83dd62c81667d373eef4970dc743cd9223adc509f4c730aaa7fbe0721d2b082260f01eb17f6ef968035e6b602e01651faa,52,868,7,125,4/5,0
HWS-005-BACS+,9,130,BACS+,limo02,1784201920772343617,1784201974446029128,0,0,53673685511,6,-81.49,13.50,0x240679c1687740cad6277d20852c7a31b14d3bcb8ea8c730501008e7c29b35474263802d37ebbd91ee16d595506b26835d72a866,52,868,7,125,4/5,0
HWS-005-BACS+,9,131,BACS+,limo01,1784201924569110532,1784202088652417887,1784202088652419486,1784202088826442838,164083307355,5,-94.75,-3.54,0xe8a3cabb58ecc7db9a3497d2d3c70b6f3ac8f601c497511e13f8b44222cc9be1ad3a1c28ddae964d161e0749d4c521abdfdc6b5d,52,868,7,125,4/5,1
HWS-005-BACS+,9,132,BACS+,limo02,1784201927453995394,1784201991110500710,0,0,63656505316,10,-97.21,0.30,0x771f5c72869f5cc4f19086ef9211354563a3b59c7e2e71856218617932794825a1f6de9b9d853027a66e4f10d4677b2323f4da03,52,868,7,125,4/5,0
HWS-005-BACS+,9,133,BACS+,limo02,1784201932450766417,1784202066446469217,0,0,133995702800,3,-100.53,6.29,0x76d082c69d647f53ce4cf21e5eefdce0140c7e2c8c734b04ed8a8024bb8c80f8dd36f0afdf2615f8a1dfb14fc9386d66149f9712,52,868,7,125,4/5,0
HWS-005-BACS+,9,134,BACS+,limo01,1784201933935985654,1784202084056614299,0,0,150120628645,10,-100.40,7.69,0x8755a0e7f5e6ca96279414e1fd30f6715f57514449dbb0b36f442412c81bfe96f2c98fff584d9632e5bcdd6850aa73556cddb0db,52,868,7,125,4/5,0
HWS-005-BACS+,9,135,BACS+,limo02,1784201936438610009,1784202174639975960,0,0,238201365951,5,-97.08,8.47,0x397c81ecf0f28fe7b81435db1d385d5b151dabb9b3a6580ab5f9647baca5bd1a8dd4361afe41057a8ba620ba6db95064fc24bace,52,868,7,125,4/5,0
HWS-005-BACS+,9,136,BACS+,limo01,1784201942638840379,1784202001712059614,0,0,59073219235,5,-87.81,-3.51,0xeeb258c63e14843e391d30fb95ff5f612590b6ab19cab99123e622c666bb9dc53e16175a872d98e5599824f65f573dddeac5bfd6,52,868,7,125,4/5,0
HWS-005-BACS+,9,137,BACS+,limo02,1784201942789583392,1784202144754876779,0,0,201965293387,5,-101.10,14.78,0x220c97eb24e369d80ced11041742c41104d862dd8a090a221aceaddb2745f01d76abca9350e121b36cd7b34a7c352c0988324087,52,868,7,125,4/5,0
HWS-005-BACS+,9,138,BACS+,limo01,1784201948577496010,1784202203979646446,0,0,255402150436,10,-81.59,12.57,0xb5c4843b798212785d066ec5b364071be3ba0a76fb3f496e6a9795738e85b06c99994e3d24e88d75b4ba5c7256fabeecfa092093,52,868,7,125,4/5,0
HWS-005-BACS+,9,139,BACS+,limo01,1784201950238543623,1784202105672404913,0,0,155433861290,2,-100.76,-3.80,0x4d8d78a2109a8b42dde735f1d15b9f4cd08b456d3d052cba4c167aaa07c79f2d4e62d56a96b65de2705b369475157f279cab55e1,52,868,7,125,4/5,0
HWS-005-BACS+,9,140,BACS+,limo02,1784201956948525101,1784202134776075933,0,0,177827550832,9,-95.75,1.11,0x161ca9ba41b021822090c6bf6fe9624e0aba36dd7dcfb5dbb03ed8acd5141431f4fda563eefa0918dedde17fdb945270a3a4b62d,52,868,7,125,4/5,0
HWS-005-BACS+,9,141,BACS+,limo02,1784201956568082612,1784202058538537658,0,0,101970455046,7,-106.90,4.25,0xce4fb2dbb61c044d76adffe07ec8f056f0c153f61a1f0b529c15a319adc415023cb3e161c97db7fe1fb0ad33914ede105a1c2495,52,868,7,125,4/5,0
HWS-005-BACS+,9,142,BACS+,limo02,1784201963849855535,1784202150897375318,0,0,187047519783,8,-109.93,0.20,0xf27b6c7d944dd43ca3ae0e42f986b535f4716cef9d28a3220caa0c433ced33de20c696e478001838daf3c4d01b0a4f160d862556,52,868,7,125,4/5,0
HWS-005-BACS+,9,143,BACS+,limo01,1784201966318006773,1784202057256598677,0,0,90938591904,8,-96.04,1.23,0x72797571918bbe037c2f31286edcaf22e997b7577477356e3e1e19f2a8f41213a6bbcf79ad9c35f10851e46c38e8f3a81a3da53f,52,868,7,125,4/5,0
HWS-005-BACS+,9,144,BACS+,limo02,1784201968716901759,1784202170352610883,1784202170352614632,1784202170519726313,201635709124,7,-97.69,1.19,0xe95cdb8b625f93f1ea10dd923ef5ecb5d4c1badc5cc9680215430c814633b74e3724c2d65cfdc032eecb6746bea6aa1d133dc7e8,52,868,7,125,4/5,1
HWS-005-BACS+,9,145,BACS+,limo01,1784201972036448382,1784202042865649581,0,0,70829201199,7,-100.05,-4.53,0xdd408ca626b38a8686dc8b748d90ec0c7b587489dea185ca8c2eff26c5851c7cff76644e75f3f3ac1de9085285a002df54c83fae,52,868,7,125,4/5,0
HWS-005-BACS+,9,146,BACS+,limo02,1784201977012722728,1784202114730106080,0,0,137717383352,2,-87.55,9.03,0xbcd8e7da94b51d9d5ac6353fa4c639a5acfa36ad594ccb3017e2408148a64a5a96374e960a32b571e1bead115bedb039ebc940b6,52,868,7,125,4/5,0
HWS-005-BACS+,9,147,BACS+,limo02,1784201978835108168,1784202351382871194,1784202351382873358,1784202351549075157,372547763026,9,-94.91,9.08,0xd415767db5bb99952a358bef4fd1b7da4c66692741b36ec89a72e7891802a0c66948b80a2d0a2f39170afe84a79ae2c3b191cf92,52,868,7,125,4/5,1
HWS-005-BACS+,9,148,BACS+,limo01,1784201981201980234,1784202264924698277,0,0,283722718043,3,-83.00,-0.31,0x55ef1462947edbacc906e58317265afeb5d24f4513c85df59042c6d18486521c9b4b3561e0c3668da93c49e2a2be81ae1e86746f,52,868,7,125,4/5,0
HWS-005-BACS+,9,149,BACS+,limo01,1784201986506070759,1784202041632947302,0,0,55126876543,5,-105.68,5.50,0xca45740ef0e220ef1ed8670f9cd826873206a60ae9a1fa4cb5a1a4966277e3b934343227c947b8bac28818f6b93348d4caf243ce,52,868,7,125,4/5,0
HWS-005-BACS+,9,150,BACS+,limo02,1784201988145585920,1784202167958904928,0,0,179813319008,9,-80.25,6.40,0x34d90e992bf632d2888fe422fddb86135cbccbc9ac17e51f929959137e739212a56440743e0558d85a0681621ae7d8a4b268c5b0,52,868,7,125,4/5,0
HWS-005-BACS+,9,151,BACS+,limo01,1784201992405251841,1784202166756826222,0,0,174351574381,9,-96.68,8.16,0x41b55dba2ab339d2d01a83764a1a20030aea381cbf36e4d831cf617eb71f41462ed29797741028749cb835b2e0e6df6b7b5ee9d2,52,868,7,125,4/5,0
HWS-005-BACS+,9,152,BACS+,limo02,1784201996140893631,1784202221492023540,0,0,225351129909,7,-106.94,10.47,0x73a45bb4921a217b23432bbd24903f285f438db67cb2c5ea72a2563356394030fbe7abddb0c8c565c82d8f4f6fe78731644c4382,52,868,7,125,4/5,0
HWS-005-BACS+,9,153,BACS+,limo01,1784202002077920768,1784202201881471795,0,0,199803551027,10,-98.69,12.58,0xb5c6b84808f0b8440e8d46c40f51b0834730a4375493cc888ab5822c8eea1b7d6edfb59168a1984c60c3ddb8bd2389b8268f8e64,52,868,7,125,4/5,0
HWS-005-BACS+,9,154,BACS+,limo01,1784202002674034262,1784202220018162285,1784202220018165370,1784202220186339742,217344128023,3,-99.06,2.92,0x3df49ba6cf037b1bfc83548b9f34d26d9ed722e4587f5b150497c81d2d8e1e147a2905222b214eaff11bf8585a64f0cd49fada53,52,868,7,125,4/5,1
HWS-005-BACS+,9,155,BACS+,limo02,1784202007677202568,1784202109648318973,1784202109648322474,1784202109821638602,101971116405,1,-92.73,11.31,0xbc777cfbbd4790f9d7424f587720011f987d31f1fece5313aeccc63129e93db7729f8edf9656f420a09fe16129029e503e1ed51e,52,868,7,125,4/5,1
HWS-005-BACS+,9,156,BACS+,limo02,1784202010917707671,1784202148199045069,1784202148199047208,1784202148371654286,137281337398,0,-80.44,11.19,0xcd69cf54bd05f314be7dbc38d70b5770a7e2182f991e6ab281883fefaaeafef93f568d70f3a625ecb575201fc49b003319716a63,52,868,7,125,4/5,1
HWS-005-BACS+,9,157,BACS+,limo01,1784202013250530855,1784202188345915806,0,0,175095384951,10,-95.70,2.57,0x1634fe11aadfc98ba4545c3d394b75a2bbd13b6847173345c35a8b5e27ab98613f8e594958caac727add99a0b4e749c0afef6813,52,868,7,125,4/5,0
HWS-005-BACS+,9,158,BACS+,limo02,1784202018206229048,1784202187193532869,0,0,168987303821,7,-103.55,-0.48,0xe85603e6295ceaefd120b3f658f25c5036e3e3e82ffbf1f78a426072f6cf997af44a2efcf42fa4fb9253583393c4294c94e9c15f,52,868,7,125,4/5,0
HWS-005-BACS+,9,159,BACS+,limo01,1784202019640159529,1784202126980894592,0,0,107340735063,4,-98.21,13.13,0xf187724f91174a6ede5a8a810f1f24434cb4fdf80755955d09d60ffd44621e1b6da6be6ae8a1816991238011ddcefe2171f68d9c,52,868,7,125,4/5,0
HWS-005-BACS+,9,160,BACS+,limo02,1784202024370166473,1784202146870767178,0,0,122500600705,5,-101.48,2.74,0x9cc685317927b244089eceb517748e490b17f82d4fcf329052e19749329f3059bd48270f4bb9b69ea89d52ba6d3acc819898d465,52,868,7,125,4/5,0
HWS-005-BACS+,9,161,BACS+,limo01,1784202028645285492,1784202267705340342,0,0,239060054850,10,-81.08,3.52,0x8e618286536556f9796a1725b1666b0c97b19b497cc65dd35359be39d97ec1aa824f3e6faf7874ecf1fbf1b3d3ecfae68f1a25df,52,868,7,125,4/5,0
HWS-005-BACS+,9,162,BACS+,limo02,1784202031051394511,1784202195461276776,0,0,164409882265,4,-85.51,2.08,0x844e51fc8d34d08557593d81669bea039e2049e87d6c3aee4ffb9435b9390b0f2e4e28bd2509111c9ad2105890cfc79b735e591f,52,868,7,125,4/5,0
HWS-005-BACS+,9,163,BACS+,limo01,1784202035668265500,1784202141223450054,0,0,105555184554,2,-103.90,7.11,0x19b8c0084bf76aa0f5be34d7f9c7607eaa924499a40984758e1db081d12e28facf71686a84e7ef3505eb4d39b306c11cd0e53c52,52,868,7,125,4/5,0
HWS-005-BACS+,9,164,BACS+,limo02,1784202040282649868,1784202118054464393,0,0,77771814525,6,-100.65,12.01,0x421f3c1a08d99937174de67ec515628c45ac9a9b6d20949eacc5374e1508709bed2c1ac2f62d84fda9564e3e31e242aba01bf184,52,868,7,125,4/5,0
HWS-005-BACS+,9,165,BACS+,limo01,1784202041585856454,1784202222164571930,0,0,180578715476,6,-93.13,8.17,0xc01a217916e38d5b6763bb58b89eb287ca9843c7b29e0d8c6cb718692ac2491f3bfab31a22f0f225c5754b2023d88b370c625478,52,868,7,125,4/5,0
HWS-005-BACS+,9,166,BACS+,limo02,1784202046741736788,1784202155501385768,0,0,108759648980,9,-90.28,11.46,0x14bbc435b9c11112a795139205e807627270522dafb14b55d3f958d9603658dcdfb40798790c7c66397bdde75cc2d7fbe51de6d3,52,868,7,125,4/5,0
HWS-005-BACS+,9,167,BACS+,limo02,1784202050224868863,1784202348937913798,0,0,298713044935,7,-94.90,4.48,0x826b30110634b90bd7b3baec31a10e990ef1fafdb2f39353c26d0992f06c8cdc808f902c074a8d422c22db934546e356a0b34cc1,52,868,7,125,4/5,0
HWS-005-BACS+,9,168,BACS+,limo01,1784202053266777483,1784202180073022836,0,0,126806245353,10,-97.68,-0.87,0xfd75563f7f2afb5310c343636b6e5d413a85b475ef5e7b0dd7d0d81b2a09d1f1bf3a8423c06e69f9a5651f5527aa38730ab72c49,52,868,7,125,4/5,0
HWS-005-BACS+,9,169,BACS+,limo01,1784202054700412911,1784202194782069879,0,0,140081656968,5,-82.67,0.70,0x8532f30df610e76e3dc5bbb69dc61f01c1a794eba07c511df92089302e09a667a51df409d560d1c603d8cb0cc2f787b491cdf183,52,868,7,125,4/5,0
HWS-005-BACS+,9,170,BACS+,limo01,1784202059148183254,1784202307571410616,0,0,248423227362,7,-90.53,7.87,0x53538d96a33657f4ee8bebcd3f2956eb4369f60f7b8c887138f33481045547355b06bd4658df1cb982f6df70eed7f34db7ec2f81,52,868,7,125,4/5,0
HWS-005-BACS+,9,171,BACS+,limo01,1784202061457880880,1784202382940706925,0,0,321482826045,4,-80.60,-0.84,0x2ced4c7c4411a235e388e7898d1ffd7850df13188b55b46f17e3250881638575a7b47db16e71d48612f109bb17a8eab068aff954,52,868,7,125,4/5,0
HWS-005-BACS+,9,172,BACS+,limo02,1784202066368848590,1784202203072984071,0,0,136704135481,4,-83.49,4.47,0x26562bdbf57490163e01e02e15c5f5a75488ee55958dc7aa57e6c43dae73484948a580dc0f56bafcb6975d1f436aadd40dd6142b,52,868,7,125,4/5,0
HWS-005-BACS+,9,173,BACS+,limo02,1784202069675007091,1784202219098092808,0,0,149423085717,5,-103.03,5.45,0x8c57463a350bd7a5586291e27d56e835f6fe5c1816f182894b674e3cda039f29ecdfe27b6e21d7351672f00c575b46ced9a76da8,52,868,7,125,4/5,0
HWS-005-BACS+,9,174,BACS+,limo01,1784202074447901898,1784202157153920406,0,0,82706018508,4,-85.29,5.29,0x0d1e110744b8e7aed5b2582609fca717e89f493b93b9993a2092bdb138afb93cc1bd508905f96c4ae27cfee14b5d6e7ca3c4e3c7,52,868,7,125,4/5,0
HWS-005-BACS+,9,175,BACS+,limo01,1784202075579876591,1784202350013558948,0,0,274433682357,4,-92.83,8.38,0xde9abc5038f92ff31c2923aa8d22f5b3b65d601a585171a505b9eac13915a45fb39d1356d8fe81b4dc716a1472c0337350d55a22,52,868,7,125,4/5,0
HWS-005-BACS+,9,176,BACS+,limo02,1784202080910801432,1784202173490113926,0,0,92579312494,10,-92.31,12.80,0x118ae5a5fc2f2927e6bb1ebb9827bbdd4e2f7b704b3cb34314c71afe2b1f8a082c092f7e69d592257bbdfacabf3362f95a081651,52,868,7,125,4/5,0
HWS-005-BACS+,9,177,BACS+,limo01,1784202085086170058,1784202219655065616,0,0,134568895558,4,-100.22,-0.82,0x50fb69c0f7a4229170320429113b5151075426781a13f676f0176cd284ac0237ac92fe617caff2be1b267e2aca669e972c507b03,52,868,7,125,4/5,0
HWS-005-BACS+,9,178,BACS+,limo01,1784202088254185933,1784202176513828471,0,0,88259642538,3,-102.07,14.84,0xf68fb8164ff135b1fc70ea676ecf3f594303fac8de1d521caba7f132f4675b588c5b5c64fd471b1f24c5d7289c748bbc6f24eab2,52,868,7,125,4/5,0
HWS-005-BACS+,9,179,BACS+,limo01,1784202092554653778,1784202304324822647,0,0,211770168869,7,-98.61,-1.70,0x566a66c9e2c086a90fd1b9a6de2fbc4fca543905e84c1f8694378a3d06a2644d5207d734ed8e55b185afbf559a25fc38167f23ef,52,868,7,125,4/5,0
HWS-005-BACS+,9,180,BACS+,limo01,1784202095504669546,1784202254926743567,0,0,159422074021,0,-85.41,12.25,0xc0c1c631d54e88db28ae984d5586566b1d5eb464bc0b8309cad49b4247e2d0b66d4e39810cb51e5ded24856161132d3a9566b004,52,868,7,125,4/5,0
HWS-005-BACS+,9,181,BACS+,limo02,1784202098317628930,1784202170515752572,0,0,72198123642,8,-91.04,14.35,0x4d0ca7a4709b9ee8dea32e179c9ff85d6dd016afba6c921c0add214431345a30b925316ed538a15994ee359a62dd18a08300f566,52,868,7,125,4/5,0
HWS-005-BACS+,9,182,BACS+,limo02,1784202101085179472,1784202279279757282,0,0,178194577810,4,-97.75,6.66,0xb163d368fd4d1f5491e6f85f8eff063c0b59caec718caeb419d814de8a9005f91a5cb1c705e0f5f93eb9b5f342eecfe5aae8cd29,52,868,7,125,4/5,0
HWS-005-BACS+,9,183,BACS+,limo02,1784202104332441481,1784202294928667902,0,0,190596226421,5,-101.45,-4.48,0xea70bc8eb620e75fc24eb11381f446263b8719b9be2e2d22dba322b566130f2b1029c8e76f5c1002432fd3160bc05af19c1938e7,52,868,7,125,4/5,0
HWS-005-BACS+,9,184,BACS+,limo01,1784202107839629978,1784202209319376177,0,0,101479746199,3,-81.85,11.49,0xa7e0016fdaaff65b372dfb66653572d6b4f7623d0d714d88cc628165ff3d44eaa92d092ad2485dee739ba607aa67bda47374187d,52,868,7,125,4/5,0
HWS-005-BACS+,9,185,BACS+,limo02,1784202112290060781,1784202238484819379,0,0,126194758598,10,-80.54,5.31,0xac0539c0fa139e40f7e65e9ee4612a03d5fb4545a004dc29e65be22a0b44e73ccf10a05a185c31f363f232e62cca4b8bd039d52a,52,868,7,125,4/5,0
HWS-005-BACS+,9,186,BACS+,limo01,1784202114957034846,1784202406455161718,0,0,291498126872,1,-104.50,-3.92,0xf9ebcc39e5c2240061deeee2054fba7df8323a4c7d2972109687b6e2c4a5ad93a56492f559638d8c3a247d1d45d2a66a4d6a8dd4,52,868,7,125,4/5,0
HWS-005-BACS+,9,187,BACS+,limo01,1784202118084590660,1784202253395661664,0,0,135311071004,0,-95.29,-2.20,0xe5f794eb89c4ce403f0353648de319a227a667395414811515e61d24ae2dd453851f2bb236a7bf0a3e47779a99c110800aba3efa,52,868,7,125,4/5,0
HWS-005-BACS+,9,188,BACS+,limo02,1784202121127414166,1784202285052748243,0,0,163925334077,0,-85.32,7.87,0xffa1a199ffd4426e26c3f7a976f8551f6a766790b7c1b0af345458d59fa77e7178dbe501be07a69d9d1457c8e2b7dfb8b15b9904,52,868,7,125,4/5,0
HWS-005-BACS+,9,189,BACS+,limo01,1784202124304075503,1784202308118883925,0,0,183814808422,10,-100.35,1.82,0xe75f852b2d75752373bf65b625d699c45c504b70f5570f6cd0a4ee3d48fc18d7071b63629b75b942c99f8a38ffeecc189f063c1c,52,868,7,125,4/5,0
HWS-005-BACS+,9,190,BACS+,limo01,1784202128974549058,1784202273149753495,0,0,144175204437,6,-109.16,-0.75,0x3f69e5ec346c904eb0f9487a000df02d768b07548e2840e7abb443695f6c3845c45cd09c77ad824a5c400c1d0cec50573142a899,52,868,7,125,4/5,0
HWS-005-BACS+,9,191,BACS+,limo01,1784202133571979747,1784202255875194716,0,0,122303214969,8,-104.09,-0.21,0x0837f45fe13bd6753708bee5b1f5a91c8c9f5704a626d6a48ff735713b2d4b0a6d64a404250cbea3e3f8cdf65ebbcb232fb925a4,52,868,7,125,4/5,0
HWS-005-BACS+,9,192,BACS+,limo01,1784202135107744927,1784202366539646330,0,0,231431901403,6,-82.09,8.48,0x7a17fc20cfb49f8e8d37b2b8c752e2a9e8b2602a178c6c07c1110c9f20f4351189a86873d9a90efebb118eb1a5ddf3938132b50b,52,868,7,125,4/5,0
HWS-005-BACS+,9,193,BACS+,limo02,1784202137359792353,1784202272643841548,0,0,135284049195,8,-90.45,-0.39,0xf6c0762cab384c572ffa772933e26765f547291f341a85027a5a9e81e602ed80881d6c0a53dc2b29d0de646bac3118f9135ae5a3,52,868,7,125,4/5,0
HWS-005-BACS+,9,194,BACS+,limo01,1784202140799187711,1784202300371716622,0,0,159572528911,3,-88.46,11.88,0x3b9eab3608c6a1417035c6be10443c2e3c7d3fcac8e4075dc64e132b62909c8e05e1941c31e3208a9ff2dec7562a972350ad0153,52,868,7,125,4/5,0
HWS-005-BACS+,9,195,BACS+,limo01,1784202145581988120,1784202282631128900,0,0,137049140780,0,-87.90,-2.15,0x15fef6c8750e141c335e5c583f299abb943aaaa1665e85ed28c0d415e5953d7b40530a33a6ec8a70de8bcdf11f8690fd92059a91,52,868,7,125,4/5,0
HWS-005-BACS+,9,196,BACS+,limo01,1784202150056155002,1784202325761706730,0,0,175705551728,8,-106.31,3.32,0x617ac3c79fab76c1ec4e6ef7a2ebc6e237a52f709470a5903a3437baa02d02f07da315103aa66ba790e4fdc790f8dc2e7a77f033,52,868,7,125,4/5,0
HWS-005-BACS+,9,197,BACS+,limo02,1784202154850972577,1784202310049943116,0,0,155198970539,7,-88.18,0.41,0x652c20e8751322dbdd4fe4a779392a473267173d7bb79566c0a7738c7d1f589f36e3f42e8f9b1305e303ba8a1fb68b6db4a3039c,52,868,7,125,4/5,0
HWS-005-BACS+,9,198,BACS+,limo02,1784202155553533790,1784202204218603884,0,0,48665070094,4,-91.42,12.56,0x4a5caaf2ae615c939a25549324d4a4971276aa92d36c25145420ba643a5e02ed47f96d61a12c665d32ad8438604f8588c86dbf30,52,868,7,125,4/5,0
HWS-005-BACS+,9,199,BACS+,limo02,1784202159244440548,1784202310349074220,0,0,151104633672,5,-109.46,0.73,0x61f142732711514bf86a2301e955c59eb75e57d1f5b7c66e207749003ac1b6d8254b0c4fed79524a2ed02dc3a5a3e62b1f0a7a72,52,868,7,125,4/5,0
HWS-005-BACS+,9,200,BACS+,limo01,1784202164498957946,1784202378396658584,0,0,213897700638,4,-98.21,2.67,0xf21925cce036ddc45c27eaeb19b379ae625b8468c470c390de0d5885027a46f295766abce2e366e9ad4a00ba7e040ebcbf2f4214,52,868,7,125,4/5,0
HWS-005-BACS+,9,201,BACS+,limo01,1784202168492400149,1784202327627631971,0,0,159135231822,2,-99.24,-4.12,0xfb107396a25811ccf5dd02b9361bc1aa4d4321f7c5bf561bc90fd76f5779b1dd9638daba9169a0681e7a519b77134311cfed934f,52,868,7,125,4/5,0
HWS-005-BACS+,9,202,BACS+,limo02,1784202169701838073,1784202310611947252,1784202310611948914,1784202310783382496,140910109179,8,-84.45,-4.98,0xeca670b3ba22efcdc407696207fb1805a8abe0fee0fb23b7363b5b24f234456bc8c2caec61ddb4e023de3d22130849b602964d87,52,868,7,125,4/5,1
HWS-005-BACS+,9,203,BACS+,limo01,1784202174449945274,1784202282896855765,1784202282896856862,1784202283062628497,108446910491,3,-85.57,5.79,0x301b9e637845a1496726033eccc4b64e0bb82ec5b407f3d074b27e8ec26f72897d695ea7225e7a83c89b2f36f332e26ef3e46343,52,868,7,125,4/5,1
HWS-005-BACS+,9,204,BACS+,limo02,1784202175600432773,1784202410914330194,0,0,235313897421,10,-96.60,14.89,0x21b742adb99a5368d6393fe3f83c4863aa42aa4205d6e455f3d696fb9b9c466a1f055a644959631be04327b17b7ae8372b134218,52,868,7,125,4/5,0
HWS-005-BACS+,9,205,BACS+,limo01,1784202179163292186,1784202299924336776,0,0,120761044590,0,-97.75,-1.14,0x2d8d39365c90c829a751e66832ce15b7002b5d910182b5111755de05a23c32a6d63ed9c67278823009ed0646a64c86fe066bad70,52,868,7,125,4/5,0
HWS-005-BACS+,9,206,BACS+,limo02,1784202185114470428,1784202232007827917,0,0,46893357489,9,-108.54,-2.26,0xcd5ca596f724df8ad108dbb1062a91bdb0184d03d2f49b058d827d81cbae922cdda899dee4f02b8748ecce365c92b805d800fd2b,52,868,7,125,4/5,0
HWS-005-BACS+,10,0,BACS+,limo02,1784202186768392820,1784202321845079142,0,0,135076686322,6,-109.35,4.26,0xee7d295d6f0d4663c8b4d9f48c71a76ee7ac00d0364bdd57ba4ed834d3d49ac5f01f5f6f21e0e56c518bae37b84c1dddb22757dd,52,868,7,125,4/5,0
HWS-005-BACS+,10,1,BACS+,limo02,1784202190415243214,1784202303318493932,0,0,112903250718,5,-104.71,1.71,0xc388b9824a1f9b2dcd15d8a9ede2f364b4f8c03e4887734ea1429bb12364842d332611ea032c1ed3393030f6bd62b9ae7a896715,52,868,7,125,4/5,0
HWS-005-BACS+,10,2,BACS+,limo02,1784202193160684523,1784202337464330035,0,0,144303645512,7,-102.34,3.16,0x5a2b234594b3037b850602449632b231efe40386cd8db0940055bbd745adba0318dedb2fdb563662a0562822b9d405189b49f334,52,868,7,125,4/5,0
HWS-005-BACS+,10,3,BACS+,limo02,1784202197563915105,1784202440802645784,0,0,243238730679,10,-81.22,3.95,0xba76f6f1fdfd65b1cace6f88e867c74ecaedcd6c6525a0edd98a84b0c6f1f2139e535a5f41fc63461dbd0434935ce41742631af9,52,868,7,125,4/5,0
HWS-005-BACS+,10,4,BACS+,limo01,1784202201049832929,1784202343619915161,0,0,142570082232,4,-92.09,1.54,0x535ce92a9d3d799583a573464fe8563ef9e38a00a9b2f61765e18030542747fce7a687c79d400346b9bb4bf1c9b830b858b9b14a,52,868,7,125,4/5,0
HWS-005-BACS+,10,5,BACS+,limo02,1784202205895138600,1784202290746949262,0,0,84851810662,1,-80.61,4.99,0x4d261042ad1a4abe8af134c5bc3795214177a99efbdda5dd5408022b53f011b94b5b2ff0d87a86b3f2effe7411e3fe1b0d5e5556,52,868,7,125,4/5,0
HWS-005-BACS+,10,6,BACS+,limo02,1784202206567961220,1784202314815491266,0,0,108247530046,0,-87.74,5.35,0x630aca48ac54ecf3a35a1be619ed974203258632bfa8ee293fd99e3463847eb4b7da009142d30647c3daad829c1adaf71e134be9,52,868,7,125,4/5,0
HWS-005-BACS+,10,7,BACS+,limo02,1784202210235289607,1784202257775031018,0,0,47539741411,7,-104.76,-1.15,0xa4d89e53145c96a5e625d2acd73b428309deba6ca26d180908c14ce3c3bdf933c17dc5daeaec308b1b11c99431364b4c39ea3225,52,868,7,125,4/5,0
HWS-005-BACS+,10,8,BACS+,limo01,1784202214707634361,1784202445102280668,0,0,230394646307,0,-86.85,-3.51,0x49f1ac170ab5902b0ba35883909240b382d5af16ac904095c3dd2a96125a02e0623b52b6ff6e0eabe91137c239c37224dc4b0fdd,52,868,7,125,4/5,0
HWS-005-BACS+,10,9,BACS+,limo02,1784202217019717095,1784202479186746960,0,0,262167029865,9,-87.44,0.05,0xf926b0a9dcce81ac1f6793e60f5197b9d6102aa70f5160962d1e268fbd2c3d187dfba04f121e96caec3cf5ea9813af542f1b119f,52,868,7,125,4/5,0
HWS-005-BACS+,10,10,BACS+,limo02,1784202220328147378,1784202439838730090,0,0,219510582712,8,-107.36,-1.71,0xa3e298b38794d6be06e328f51dd6bd96a95c72ef060bc538f54518131ced7ac4e051d869d5a4c48dfd5ec0a485b1076c856a3ba1,52,868,7,125,4/5,0
HWS-005-BACS+,10,11,BACS+,limo02,1784202227514898897,1784202534250363630,0,0,306735464733,4,-101.77,11.22,0xd4d0c183ece64df69b82233e896e6cfaa1f0c8710492d2bdfce63eb0198fef380f1d66bd5bc841ff6e1ef22e6bc8e1351b6b29ed,52,868,7,125,4/5,0
HWS-005-BACS+,10,12,BACS+,limo02,1784202228944730059,1784202305876673537,0,0,76931943478,4,-92.27,8.72,0xf5a09595a4593e5e9fbb89c929467c82a38f3102e8abe29bc9c8442e13fee068344d5c886039cb16986b0369657868a8d860241b,52,868,7,125,4/5,0
HWS-005-BACS+,10,13,BACS+,limo02,1784202230848403888,1784202437635276948,0,0,206786873060,10,-92.03,0.81,0xa52c4a4ea68d271b16ac2783b5af3a6d07601f6499c49e5846b0e80cd3e3994049ae15ef174d481ad251820fddd872af8eee058e,52,868,7,125,4/5,0
HWS-005-BACS+,10,14,BACS+,limo02,1784202234259635163,1784202321712505793,0,0,87452870630,7,-109.20,8.69,0xcb8cf7aca55e962a9b5baef1d1dd241186ae67b445c44e66643b55adb35fe3bbce3383c9411518d15916a638200d00c3e5adabf2,52,868,7,125,4/5,0
HWS-005-BACS+,10,15,BACS+,limo01,1784202240819513928,1784202340080684379,0,0,99261170451,4,-83.19,5.22,0xc3841db0b0d4970dbe860697f9735d53165864ce56822b17f18d12ff95ce14ce4f91ac39ecf9634ecfb1c2fc84aab3a9e956fc71,52,868,7,125,4/5,0
HWS-005-BACS+,10,16,BACS+,limo02,1784202243556062663,1784202371389722932,0,0,127833660269,4,-106.81,8.17,0x4e3fa76c2d004c8ad87d85574325899304335bc72fcb8615a6995fece7ed808fec22ec18e5fff7f8e5b0e57192ffaf0691a3ae71,52,868,7,125,4/5,0
HWS-005-BACS+,10,17,BACS+,limo01,1784202244777736048,1784202444378408523,0,0,199600672475,5,-103.20,-3.30,0x3ad804e5cea4977e316ec5f6d923f72e3b3b00fe579742b220f9a0e6d48151bc0c1554802b25c0eb0033eedb4a5b5764cbc33cac,52,868,7,125,4/5,0
HWS-005-BACS+,10,18,BACS+,limo02,1784202250261424940,1784202493117438864,0,0,242856013924,7,-85.53,-4.60,0x174f0247204c3f033f692b2eba8e511423456427a8952d4b14d7b3abc0aebb49d63a6cbc00ccba3f1c5ae76b26d96163d3b0c6d1,52,868,7,125,4/5,0
HWS-005-BACS+,10,19,BACS+,limo01,1784202251890908840,1784202370854225882,0,0,118963317042,9,-90.23,9.86,0xec66e441dacf42a42f4502cb89fb87abd9484c4ddf8454e7b7deece74e37ecc7b6e25eab76bd07e14ebb7dfa5b7f2da95e675e92,52,868,7,125,4/5,0
HWS-005-BACS+,10,20,BACS+,limo02,1784202256498413296,1784202381138259125,0,0,124639845829,6,-90.88,12.36,0xd7af0eae899a3e07793def4b2601649d35b2eb197fe77e79c5942ccf22dfb2ca46f33334a22d2a583b233b594f89eb6ddcea3235,52,868,7,125,4/5,0
HWS-005-BACS+,10,21,BACS+,limo01,1784202261206113174,1784202412498931057,0,0,151292817883,3,-105.28,3.93,0xb5498d64a892525eb6b8a0c97a50b8d3d846a6c94e1d4352a57d6b1f5718044734692d553cf5f5d245481182bf16b3afac6e3ee2,52,868,7,125,4/5,0
HWS-005-BACS+,10,22,BACS+,limo02,1784202263465621642,1784202637213558744,1784202637213561483,1784202637384715655,373747937102,3,-92.10,-4.29,0x503f0cdab5c036e5411effb262cf029dd0034cd0e18ae1a2f856ceef353511b3bed7b9a233c5b84a9cfdee7d0dd33379e74617d3,52,868,7,125,4/5,1
HWS-005-BACS+,10,23,BACS+,limo01,1784202268468431670,1784202535900898447,0,0,267432466777,2,-97.80,9.61,0x1ed67d511c4e0719f9b3cc69abf524f3ad021a1378837fbf3323b36532bf0aaa35a20f7e379dfb7283076644cc83efcbe348f37d,52,868,7,125,4/5,0
HWS-005-BACS+,10,24,BACS+,limo01,1784202270027029516,1784202419637301718,0,0,149610272202,10,-85.88,10.14,0xa8d0d810a704e8500eb66b5e71bae1d3e4c3bc6d0cfc78fe54fdd6cca334f72e83554a4d63a5c23700934dcf3d78422e595c69ba,52,868,7,125,4/5,0
HWS-005-BACS+,10,25,BACS+,limo02,1784202273165575757,1784202400618059880,1784202400618061926,1784202400783933805,127452484123,10,-108.67,7.76,0x1b84ff83731bb93cd8e7bc1e0595bafd89bdcfcedcd41d5dd40b3f5e9e12cac7f2b09c9866d5567b9652ccb1aa353c048a3daf7e,52,868,7,125,4/5,1
HWS-005-BACS+,10,26,BACS+,limo02,1784202278183765175,1784202658721657278,1784202658721662256,1784202658890407755,380537892103,5,-90.77,7.67,0x85f21efc0fc2d5ba926bce2d9a24651365524ba38b2146afac70310b3943b9ea47e75c3cd8bdeae1356ed5fef21dc3e298dc8ff3,52,868,7,125,4/5,1
HWS-005-BACS+,10,27,BACS+,limo01,1784202281016734268,1784202412212316087,0,0,131195581819,7,-98.22,7.35,0xb240d5c11bd90c53293dd4f1158251e87ba951f0e3028d49d42ee8ae7556003d5be5a330276da77a10606285685e779a573da2a1,52,868,7,125,4/5,0
HWS-005-BACS+,10,28,BACS+,limo02,1784202283060140899,1784202513042518139,0,0,229982377240,0,-94.94,14.97,0x02584e1847832be30ccb611af59449d6c61029240983d5fdf9c01a7136e848913dec35abcc1d7a6333687d882f69154ff16133ff,52,868,7,125,4/5,0
HWS-005-BACS+,10,29,BACS+,limo02,1784202286314870744,1784202469081783961,0,0,182766913217,4,-95.13,6.15,0x99e766a60540a1edebacdba89bc424d436a7f23a65867d1f10d22817c4c300d94976bbbdc1a9fac1ff361b0b1e6fd2778300d210,52,868,7,125,4/5,0
HWS-005-BACS+,10,30,BACS+,limo01,1784202292145112864,1784202409500595575,0,0,117355482711,4,-87.76,-0.72,0x3afb5786838a512edc64702d65750bc254642334a3fdecd355746a1a94fe284b37fbf547bfe7fdc037673f64b5ca90bd7f40d644,52,868,7,125,4/5,0
HWS-005-BACS+,10,31,BACS+,limo02,1784202294583420786,1784202442274893352,0,0,147691472566,2,-105.93,-0.29,0xd9c8dc51613a9b11226ee9ef245fb367297612b11cbfc105762333411b063e957c0354ab4144ba17a37d1d65a8398c8ddf22f8b3,52,868,7,125,4/5,0
HWS-005-BACS+,10,32,BACS+,limo02,1784202296424767211,1784202458487974764,0,0,162063207553,2,-90.85,14.58,0x6ce2bd7c4d193d5167f8a7dc98454d77050f80b2d7118d67760a048872485bc6d64a019d901ea446c58c502012f211e8132a7382,52,868,7,125,4/5,0
HWS-005-BACS+,10,33,BACS+,limo01,1784202301129164954,1784202452634398331,0,0,151505233377,2,-105.58,2.96,0x566e5985800e37608af0525d714482105176fc9adb22e7dde23d2e147a38e106d7cec27a0f8e7e4c0297382d1f81bc692c52da10,52,868,7,125,4/5,0
HWS-005-BACS+,10,34,BACS+,limo02,1784202305955250359,1784202506327261511,0,0,200372011152,2,-99.09,-4.87,0x8edc8ab4fb53adffdf477faf3c7974b612637f6c13a98bdf0907e0e7b8ea3d1cec2d4b98509a1809f91ff096a7ef0ce710c21d8a,52,868,7,125,4/5,0
HWS-005-BACS+,10,35,BACS+,limo01,1784202308756254689,1784202417166008500,0,0,108409753811,1,-100.98,0.62,0x57f358b9a7e38b7bfc106b30c30336cb5593071dcb36f2f0516b016b2e8c64c93700756cf1d78af8d871d6516c6cc1b80ab2c2be,52,868,7,125,4/5,0
HWS-005-BACS+,10,36,BACS+,limo02,1784202310948956414,1784202384717580326,0,0,73768623912,10,-96.45,9.58,0x1cf8e611e3f8a857223410d871d1a1b8b25a94edb8054f4e86a1352e56f14d47504cc0ff730e63955f143c51f2f830a6f5aa21a9,52,868,7,125,4/5,0
HWS-005-BACS+,10,37,BACS+,limo01,1784202314209399012,1784202520831837225,0,0,206622438213,0,-104.36,11.21,0xed5b0044d4b48bfa2006eb9c1f0c9797a489dda4f9529f7988ec015191455dfb3c58f850d70d2606c5989742d8a5fd02b6bfb03c,52,868,7,125,4/5,0
HWS-005-BACS+,10,38,BACS+,limo02,1784202318236082109,1784202717483215776,0,0,399247133667,1,-97.52,12.54,0x59840cc50d1c27e64e5b8aecf4fa3a091bb1446980a9f391e6249f4135d941c85f4ac733c2dcf7ab87abbb23052b1073896897b4,52,868,7,125,4/5,0
HWS-005-BACS+,10,39,BACS+,limo01,1784202320225675518,1784202774413909175,0,0,454188233657,0,-90.49,-0.76,0xdf6634ac4e8f9df27e849b87d531cae4a27f56ba4232228b12f0b8905a71ffd4ae4ffaec8d7b2b26ce91471a16bb1697a8628b49,52,868,7,125,4/5,0
HWS-005-BACS+,10,40,BACS+,limo02,1784202322850433731,1784202508724305661,0,0,185873871930,4,-96.88,7.65,0x6f199312e24e775ef8f9c61f5396ec2ca4984804d20a3b010fd1f619cd11e4524829cf64371f70cbcf6b19d31cd616d1738a08a2,52,868,7,125,4/5,0
HWS-005-BACS+,10,41,BACS+,limo01,1784202325972771942,1784202484499377007,0,0,158526605065,1,-88.90,7.04,0xe17aec6dee4dd9ae7b9d3aaeffe442e3ddcb7c8d8f712d37b9d95f64012161ee485e78b8949b94d2801f75f1d02c9d4c20ebf94e,52,868,7,125,4/5,0
HWS-005-BACS+,10,42,BACS+,limo02,1784202331204766861,1784202612135495066,0,0,280930728205,7,-100.90,7.22,0x33081ef2f4489944e5cd991a7b66d7e3fe753ac8d61863cc62c68367b3eeda484f164652401e524f09f8f8b5449dae310fa6ffde,52,868,7,125,4/5,0
HWS-005-BACS+,10,43,BACS+,limo02,1784202336344319054,1784202412750417337,0,0,76406098283,0,-81.93,1.28,0x5ce27a75ae4f67e9ce117d16fcdfbe10f9e0eed33bb79c365125f3057c822c96cdcf552e99ea2b0d0e7b1cb80535249cf5126621,52,868,7,125,4/5,0
HWS-005-BACS+,10,44,BACS+,limo01,1784202336862974020,1784202715327938753,0,0,378464964733,10,-95.40,4.88,0x2b1884efa37003e79dd13d4a0ddf9b5510b5c70f12b1012c8e4f69684f9a07bf1b140c5c2a2d1af07e3930b0f4562b2eb6baf123,52,868,7,125,4/5,0
HWS-005-BACS+,10,45,BACS+,limo02,1784202341820610020,1784202439388579046,0,0,97567969026,10,-104.97,5.76,0x17785e91205783e91aba9cb35be74d2dc5e1cbf60d9765816166f32f59eb33c7a659adba4d6e766f928c8f7d4a564be0771b43e8,52,868,7,125,4/5,0
HWS-005-BACS+,10,46,BACS+,limo02,1784202343576105260,1784202485853103101,0,0,142276997841,5,-81.69,9.48,0xcb129cf327adea7f0c69b89fe44bb8d4d584bc72160a48c722259f01a31ee1e62b5fe2be89b2386f9facab4cfc0fe6f71b85167d,52,868,7,125,4/5,0
HWS-005-BACS+,10,47,BACS+,limo01,1784202347861673037,1784202400130210312,0,0,52268537275,5,-98.68,5.60,0xe9949c448f810e2bb409760cf13425edaefadd9bf5698b219dba1dbc65ba907d1e17c8fbb6d20a11808324314dcf9f6d931941cd,52,868,7,125,4/5,0
HWS-005-BACS+,10,48,BACS+,limo02,1784202352853081188,1784202602650340639,0,0,249797259451,3,-92.14,3.63,0x9905f1456d81a310fb6da35700b112fb0075346fb1e148d8d16c64cbcd75fcdedde1fda3c191eac7500e827e55e28373b426bc55,52,868,7,125,4/5,0
HWS-005-BACS+,10,49,BACS+,limo01,1784202356260299497,1784202520375710431,0,0,164115410934,5,-105.66,0.67,0xc7a0c86e1d5fbdc139ad92bf4ca19a4940564574c9558b1715984c8112ee5f0e757fd3770eef68d9a309b0683a88e1e9cd2d0f5f,52,868,7,125,4/5,0
HWS-005-BACS+,10,50,BACS+,limo01,1784202358005217384,1784202566874650828,0,0,208869433444,6,-96.74,3.69,0x9b9e59315156d95892d944ef47f18a7c7b99f69a29ac24ef99470be6b7a890acca5f468cb0ab589b777bf935bf4f70a56145dc57,52,868,7,125,4/5,0
HWS-005-BACS+,10,51,BACS+,limo01,1784202361583748384,1784202524002110204,0,0,162418361820,1,-107.08,5.15,0xf7965f1c63a6cac0562c478321370cbaa8125d95119b56d37a2bfcfc12d002e46333debff584e43dd2c19989454f40bfe1d41081,52,868,7,125,4/5,0
HWS-005-BACS+,10,52,BACS+,limo01,1784202366168049632,1784202616614259388,0,0,250446209756,8,-99.63,7.39,0x888a61047c77e9809eea4c4bddf3580406a5ba546340c53b0e6f1b846d003cc983d66e231568654ba3da5903cb3a4a402742de4e,52,868,7,125,4/5,0
HWS-005-BACS+,10,53,BACS+,limo01,1784202367968388663,1784202776108344805,0,0,408139956142,4,-101.87,-2.76,0xea23b2a2931cba434e6b6e56cccdc9478f6ac9c46fbb148fb64f460e43a741a3972e1fd99dbf9021b22d1ad4d9fceda99c0e8e8f,52,868,7,125,4/5,0
HWS-005-BACS+,10,54,BACS+,limo02,1784202372010479634,1784202469758680165,0,0,97748200531,8,-90.05,-4.95,0x6572263899d2ac097a98c8fcdda41656dab3aa6c6ec51cd2e21ff52d63409a82de6c8fb6f6b664c447265ab7eed8f43415ccebed,52,868,7,125,4/5,0
HWS-005-BACS+,10,55,BACS+,limo01,1784202375205693857,1784202516222270238,0,0,141016576381,4,-93.30,0.77,0x1baa47dff3db33b8ded1efd34ff223288676eabf35bf5961fd4f3a397e33698d6fe96d4f492fccbcc14b83f391dde5b145551702,52,868,7,125,4/5,0
HWS-005-BACS+,10,56,BACS+,limo01,1784202380325851172,1784202592909333082,0,0,212583481910,6,-89.58,-2.65,0xa3656661586506b399d1c5a6d38a9d855c2ebfe09443f340c73c687554980367c11a46be4eed8451a718f23539e202fd23479e23,52,868,7,125,4/5,0
HWS-005-BACS+,10,57,BACS+,limo02,1784202380612684724,1784202468905281178,0,0,88292596454,4,-87.38,3.35,0xf06a36d9610b76303cb24b45189c5e088341a2c2e82306f116f660b881a4d3b241f845de65cc77b72a10049889d30cfd89ada960,52,868,7,125,4/5,0
HWS-005-BACS+,10,58,BACS+,limo02,1784202384925886031,1784202451136434097,0,0,66210548066,5,-93.08,3.36,0xa29740f5aed390cbebc4e23b894ad2fedd3f0f11d72f1208dfa8a4363bee66d21345a31b3b4166b5957d30f75c246bf87a8bbaee,52,868,7,125,4/5,0
HWS-005-BACS+,10,59,BACS+,limo02,1784202388587354892,1784202503710503930,0,0,115123149038,5,-80.99,14.22,0x36aa4837ae01a64383630013486b05024fd70201a407abd28a0dd8025b518f9af146610ba104ae06997c197a1e7342ee9a55ddac,52,868,7,125,4/5,0
HWS-005-BACS+,10,60,BACS+,limo01,1784202390955293716,1784202663126084116,0,0,272170790400,0,-95.69,-1.96,0x58279c4665e5a029b063852791a265f00e5287c58ab5cac5e667bbdff82f28682e655ec542f7fd4a24ea49aed313f014d8f1e962,52,868,7,125,4/5,0
HWS-005-BACS+,10,61,BACS+,limo01,1784202397284845255,1784202770093601964,1784202770093606953,1784202770259603379,372808756709,6,-93.62,3.35,0x082edf1a613c8c7682aa9b0e6b5113ffea3d5402262d4651f8035391bb0222e98d346eb48c482a24fe60ca7d68d2066a5967c694,52,868,7,125,4/5,1
HWS-005-BACS+,10,62,BACS+,limo02,1784202400608647382,1784202585381360807,0,0,184772713425,2,-107.70,-0.55,0xf67610a460cf51e7bd4d7315f7e692d27c5be98ea72c02372b354becc0aa909a24386c8c0989be04d1d59cabdc74fd5b4f56c562,52,868,7,125,4/5,0
HWS-005-BACS+,10,63,BACS+,limo02,1784202404629708674,1784202558336566380,0,0,153706857706,6,-98.71,6.96,0x26dab0f992f6c4f595f6f191ee14887b32348aa323d66c2c9ca8454c79d0485501182283d7a384d1a7683b869d947b714a2f4808,52,868,7,125,4/5,0
HWS-005-BACS+,10,64,BACS+,limo01,1784202405176692297,1784202512273318927,1784202512273320551,1784202512442595122,107096626630,6,-93.98,-1.97,0xc4983973ba9a504d8ef52dcdeb3d4f0c278af67d263e8f60ce634463589ccf1324cb9c6e2fd53aa7fc9fb85f6ff7a0dcc37368d2,52,868,7,125,4/5,1
HWS-005-BACS+,10,65,BACS+,limo02,1784202408075804536,1784202538470526284,0,0,130394721748,2,-102.05,0.15,0xa889b01e0cc7ac128747618c01d71a82bb7f21aa8085f91f6836bbcd5f2923bf0e36799884049a65d89473e0a12a700f80735129,52,868,7,125,4/5,0
HWS-005-BACS+,10,66,BACS+,limo02,1784202412235331678,1784202516751737236,0,0,104516405558,8,-102.94,9.13,0x712861cd8ea35e050f06beb8d4eb6780d9862bb64b6d916a2570d4fbc960744db8956e552309815c567fb82863025c708ae0aa73,52,868,7,125,4/5,0
HWS-005-BACS+,10,67,BACS+,limo02,1784202417671907120,1784202590767483260,0,0,173095576140,6,-98.62,14.39,0x7b2e1b98bad8a77c50f077f2390ff4605b3b5ff7ca8be7c7575ac6d94fdd90deb0b024357ef6aac3304bd3e63da908df2cc55a04,52,868,7,125,4/5,0
HWS-005-BACS+,10,68,BACS+,limo02,1784202418101390926,1784202618404985835,0,0,200303594909,7,-89.01,8.74,0xdf7d4908e91022993d9b92c2757ccb3380c407906f291e823321eca6b7a77d3447fe5fbd9c018269b7574d118da9a53664121700,52,868,7,125,4/5,0
HWS-005-BACS+,10,69,BACS+,limo01,1784202422464578242,1784202764240397847,0,0,341775819605,0,-83.04,-0.38,0xdbf7d00e2bf9748f821dc3d23839eff68678af4be0036418c2ce6721528ad105f3088b131ac39e2dba141006003248b83f46778e,52,868,7,125,4/5,0
HWS-005-BACS+,10,70,BACS+,limo01,1784202425359936591,1784202780202508369,0,0,354842571778,8,-91.11,4.29,0x34e422729e1a1c1214601e088a0b4c45ca3a11d8c1dbce6982660bccc92ad64c18a1afbbeeb3f351beeccc567f005fc3df4f87ea,52,868,7,125,4/5,0
HWS-005-BACS+,10,71,BACS+,limo01,1784202431970909853,1784202525206632182,0,0,93235722329,7,-87.60,10.70,0x81e68c0fe16def05ea7fb52bedf456d337633d22b9827c2e9333ae5348f98a63d6761cac05483c20648b855c77b92cc0d6f95075,52,868,7,125,4/5,0
HWS-005-BACS+,10,72,BACS+,limo01,1784202432672434074,1784202741003159350,0,0,308330725276,8,-90.64,-0.99,0x22bdaef7177d3fd5ff3cf7e0a3616f6c18e7ce235d4f49cad9a236aac779880a8ea01ef3bca5c6697f3412192413101a2a045c08,52,868,7,125,4/5,0
HWS-005-BACS+,10,73,BACS+,limo02,1784202435638184678,1784202650352928574,0,0,214714743896,0,-93.19,13.39,0x59bb9c32570fc22f3093fc81bc45f6592cb6351e604fddec5fd9683838253d0bcd6d554a478df3123adf866e711fe64f18f50bc1,52,868,7,125,4/5,0
HWS-005-BACS+,10,74,BACS+,limo01,1784202438977940188,1784202659463460333,0,0,220485520145,4,-89.32,5.62,0xd71992bb9e474da3fb33df13b2c9a27c3729f7ece08e5e5b49c7f32ff6cb9c7c95166ef274b63dbed3c8706e8b43c738ba0512da,52,868,7,125,4/5,0
HWS-005-BACS+,10,75,BACS+,limo02,1784202442001274575,1784202710714520244,0,0,268713245669,1,-103.17,4.56,0x897d0a06ca689da3ba1a913477439174ccc5ac0d40c9c3639664e610c78bfb7a777f4114789c618d0cf0033790534a60b62a1128,52,868,7,125,4/5,0
HWS-005-BACS+,10,76,BACS+,limo02,1784202445809299534,1784202767712232000,0,0,321902932466,5,-93.24,7.21,0x8f6af8de61660c7a829e47eb84bbc15f927400b996a8ba74ff0a28568c1f3bce0964e60a8bbf90efff5552cc768d42c237292add,52,868,7,125,4/5,0
HWS-005-BACS+,10,77,BACS+,limo02,1784202451900260147,1784202631283855688,0,0,179383595541,4,-80.17,-0.57,0xcd730cdcf1b83864eca30e685882252d79e3f64c45c8cadbca5b7de5b51fc2a77e5230fde1811b0712525703fcd4f380262600db,52,868,7,125,4/5,0
HWS-005-BACS+,10,78,BACS+,limo02,1784202452589760161,1784202534556152922,0,0,81966392761,7,-101.09,12.98,0x2a051e5a32cb66ee9c4551ab4088c0ade6a4bc31a02239190f869f2a9758848993d984b1487fdae3f0a9d2f8c6da203f4baefe67,52,868,7,125,4/5,0
HWS-005-BACS+,10,79,BACS+,limo02,1784202457478555427,1784202587719067916,0,0,130240512489,6,-82.36,-2.40,0xe042f658569c8f043ac4e904d41cc1484a8431d9961783545f34360a42f63b20712acef2c74f02ce7992739fa9c2f4c965b422d7,52,868,7,125,4/5,0
HWS-005-BACS+,10,80,BACS+,limo01,1784202462326474260,1784202614612133786,0,0,152285659526,4,-95.29,14.95,0xf1441c19278e2a605708e76df0ad75372a5d983a2df75d6521c0fe734d0336ef1749c709118d36d33639f60c52d1bf4ee932f91c,52,868,7,125,4/5,0
HWS-005-BACS+,10,81,BACS+,limo02,1784202464119212521,1784202655351765454,0,0,191232552933,3,-99.56,12.63,0x4288dce78ae9ed823b0a273cefbae41285b146d83cec047d28ed11431e738e91ebf10fe8219adcf657d4145bea20780639e74ef9,52,868,7,125,4/5,0
HWS-005-BACS+,10,82,BACS+,limo01,1784202466907631799,1784202596760749819,0,0,129853118020,8,-81.19,-3.72,0x145dcdb6839caf0bf17686ecc94e362b3cb0536caa32eda04b20bc2674c2de5a6bd7f458577c26f7bb0e20eab00dbd0ad2b62bb3,52,868,7,125,4/5,0
HWS-005-BACS+,10,83,BACS+,limo01,1784202471474079540,1784202763957507736,0,0,292483428196,5,-101.31,4.58,0x01e98b75088441d3f6bd06cc3fa556c9ea7dea0782519a318fd5e2671fce8bf286c0b99181537a5aa4ccb0d541efd23ebf4b4bd0,52,868,7,125,4/5,0
HWS-005-BACS+,10,84,BACS+,limo02,1784202472646892855,1784202688728412872,0,0,216081520017,0,-86.66,4.45,0x423dab5e423d3b80774a45a85aeea290e5229e7a3ae20cb917e38ddce86e86e192449e4781366e63f600492c097fdb5db912d777,52,868,7,125,4/5,0
HWS-005-BACS+,10,85,BACS+,limo01,1784202477182004871,1784202817284321788,0,0,340102316917,8,-82.38,-4.15,0x2d176c2afdb7fff5b766a8a3f5faa5663fcaca56740c6ec48b069ed9ef889db38a77823da401e3425815226a4c8e78e421ef26f8,52,868,7,125,4/5,0
HWS-005-BACS+,10,86,BACS+,limo02,1784202480055011943,1784202590552700837,0,0,110497688894,6,-90.55,-1.99,0x692dd63c6dd9b08aa9a42fc8df90a126e7b939a840e6715313d80bda2c0ee65730fca8048ea2a3d822df49ffec0f2dcf6039b999,52,868,7,125,4/5,0
HWS-005-BACS+,10,87,BACS+,limo02,1784202486574562356,1784202760877194988,0,0,274302632632,2,-106.81,6.16,0x0861b141e4cdca83672d8983be7ccdae3555580abdd4d9d80c6abd49a21d8afbebc01a51c12421a4bf690a09f73505cd59dd7a0d,52,868,7,125,4/5,0
HWS-005-BACS+,10,88,BACS+,limo01,1784202487672277492,1784202591546725334,0,0,103874447842,4,-109.70,14.02,0x1d2956df09d0db5178ee67ba62242a218684f85d5252cde5ed51cfe9b263bda54042b0e39e8181d7f58a49223844ca08fcb8f3a9,52,868,7,125,4/5,0
HWS-005-BACS+,10,89,BACS+,limo01,1784202492771936430,1784202584825072209,0,0,92053135779,8,-103.09,-4.80,0xa5977bffe6a80c15e2c3c5fcfef3afd5a5d4f5ad0c3d7c8bb3fe684e51b59c6c13c5df78aa11675391c0cc0345979dd38f4074bc,52,868,7,125,4/5,0
HWS-005-BACS+,10,90,BACS+,limo02,1784202493972036548,1784202570898586415,1784202570898588107,1784202571070494763,76926549867,3,-104.59,-3.39,0x221b6350e99911cf2fa635033fd5400f34a2134ed82dce9de9c84f4418f9cbf62cd05169f93c1818247c4773b838f9f1f2cab2d0,52,868,7,125,4/5,1
HWS-005-BACS+,10,91,BACS+,limo01,1784202497810035398,1784202639069503473,0,0,141259468075,2,-105.94,-4.69,0x9689d03673f1db5a01bc8fd83b434ee463e51664dda75eea52d9e6ecdf2e2a1632134da54d5a3247ee5074193812320045b5b202,52,868,7,125,4/5,0
HWS-005-BACS+,10,92,BACS+,limo02,1784202500471185460,1784202777399360321,0,0,276928174861,2,-83.77,5.51,0xed1348523dbbaff97963c04d4187983f1f044212c4413343c44eb139a786f0687116d86c52d6b0077354b787aa6abf1203360d04,52,868,7,125,4/5,0
HWS-005-BACS+,10,93,BACS+,limo02,1784202506251306641,1784202618633332554,0,0,112382025913,2,-91.11,14.46,0x153f11f5c9deabaffe375afa9208ff1f6fe57ba5e1586b984432e1f51244e3b4938b0281f7181b96e5315adcb17bba4805d883af,52,868,7,125,4/5,0
HWS-005-BACS+,10,94,BACS+,limo01,1784202509411128958,1784202579781435079,1784202579781437363,1784202579953514154,70370306121,8,-104.57,3.33,0x8d324abcf62d20848a280e28c60d261cc5fdc1124dbc70b3e86617358a9bffe2d11013cc6821d071f7481aed261be7677312975b,52,868,7,125,4/5,1
HWS-005-BACS+,10,95,BACS+,limo02,1784202510655206996,1784202608553806916,0,0,97898599920,2,-103.05,6.16,0xe4709023ea741d5f28009a581d6d55a815c70130925f38f8bc80eca051c52bf79e4ea345748b399fd6871c4031ea3fcbf33f8a21,52,868,7,125,4/5,0
HWS-005-BACS+,10,96,BACS+,limo01,1784202515373433260,1784202796056724744,0,0,280683291484,0,-86.44,1.99,0x647b01a76c1237453b2c5f8168f9d6688921ce49cbe411e422f60f7900fa69dac895c17a08b19ca0c84629974d6f23b2213ecec7,52,868,7,125,4/5,0
HWS-005-BACS+,10,97,BACS+,limo01,1784202517850197548,1784202639007691382,0,0,121157493834,7,-102.02,-0.01,0x563bde497e7c243e7d1fb109025d2f653053f849f0091de6c3eab557b7e8ca485f1a2672bb4eca01672c44b55272cec0cda68107,52,868,7,125,4/5,0
HWS-005-BACS+,10,98,BACS+,limo02,1784202522505101940,1784202874081805049,0,0,351576703109,8,-89.08,7.06,0x16968fdb69418143dceceb799fd596520d613c97b9a14f1fe74c8cebe95f1fc6b906a2d36326c09dd5c77e59fc411b866bf5984a,52,868,7,125,4/5,0
HWS-005-BACS+,10,99,BACS+,limo01,1784202525765208326,1784202709753324155,0,0,183988115829,2,-95.60,-4.58,0x71fe0095552bd57f3eb0ecd03c72ce4bf53d59c79f9b6d67a2efb8c6c8040e66a2e49736f5918abc23b5977302e69da92b52b7d7,52,868,7,125,4/5,0
HWS-005-BACS+,10,100,BACS+,limo01,1784202527840488732,1784202745429335338,0,0,217588846606,5,-102.86,10.21,0x2ec03f794ef3b32ff6d176d50aced90ba5a83f8ffc83bd72163115f3154cce1a139162d21bffc28af21b89473528099588053819,52,868,7,125,4/5,0
HWS-005-BACS+,10,101,BACS+,limo01,1784202531256162056,1784202601741450393,0,0,70485288337,1,-90.10,6.68,0xbc86bdf59db2d6f8eab2630841dbf62b5aa8451eb65f667d2057cff322970c6ac641b42dec8f49bdeacc811b5a06409740644dd9,52,868,7,125,4/5,0
HWS-005-BACS+,10,102,BACS+,limo01,1784202535743342716,1784202645683162382,1784202645683165758,1784202645852428450,109939819666,0,-102.74,7.69,0x086eca9850069834d98eea37b3bce988b184a75109dcb65f9b98ca0407d794b2bc61d8801745e14e4fcd3126485a07e8800ae91a,52,868,7,125,4/5,1
HWS-005-BACS+,10,103,BACS+,limo02,1784202539998718279,1784202685237841328,0,0,145239123049,8,-92.23,-1.46,0xe5620b04524c57c20907d1ea846018ab9005d7aab198574449b3c6b32473a7e8a59438f8680db92604741bb82dd3301458c47785,52,868,7,125,4/5,0
HWS-005-BACS+,10,104,BACS+,limo01,1784202541066756855,1784202716368540674,0,0,175301783819,5,-95.14,2.87,0xb42822dacb35d2817bad6bdaa56db6fe47b6b1149514ab8caec5501c6847bb489ffdba453c6ae988d9e8d38ef61873894cdc520f,52,868,7,125,4/5,0
HWS-005-BACS+,10,105,BACS+,limo02,1784202544984116451,1784202731770461580,0,0,186786345129,3,-92.44,9.33,0x973ae3bcd3b084e58534c291b369fb64062e668fd8537a12861ec9d4b8144be5d11a5a59f618a7b16e6cbfb0738d9175e26c21d1,52,868,7,125,4/5,0
HWS-005-BACS+,10,106,BACS+,limo01,1784202549701283876,1784202860848187096,0,0,311146903220,4,-105.51,11.97,0x001707490b2e526eb7383ee4ad107f9811036e7d4dec862feebe564b01dcc306b25d7347ce15afd9d030439d5f218d83d03b4bf8,52,868,7,125,4/5,0
HWS-005-BACS+,10,107,BACS+,limo02,1784202553739557103,1784202655192466536,0,0,101452909433,7,-91.65,14.76,0x96a3bb69b0d318a2e1a7001cecad0823d04d1cdda6a59cc0388bac5a602ec7facf783b9f566e369ce9d677244a9b11ba0005fb2e,52,868,7,125,4/5,0
HWS-005-BACS+,10,108,BACS+,limo01,1784202554748113444,1784202770455001558,0,0,215706888114,4,-85.63,-4.00,0x44ff4cb07d6626fdd71c18919ef86a139dc6077145b9732b5ca6039793f56245f927bedddbb3cca9c71f8d26fcc35f2bdb568cba,52,868,7,125,4/5,0
HWS-005-BACS+,10,109,BACS+,limo01,1784202560983314134,1784202761399751600,0,0,200416437466,8,-94.79,6.25,0xdd3e454e903217ae299dc303683bfed3bba8dbc599fcbcd8b1c3bec4a19eba271696c973a7e87b75b42c75456cb5b1f8eeb778bf,52,868,7,125,4/5,0
HWS-005-BACS+,10,110,BACS+,limo01,1784202563993286865,1784202700637367308,0,0,136644080443,5,-90.34,10.30,0x94fa9c6adad19b6fb0cb8fd406f61a3166a203ab9b9b3aad68308d18e402d9e58d773848ebfd9a496bf913125ecfdffee0900c65,52,868,7,125,4/5,0
HWS-005-BACS+,10,111,BACS+,limo01,1784202565750127297,1784202748858163146,0,0,183108035849,6,-82.61,2.00,0x5eb1c17f2d274226b2412d2fb72ecbbf54197e722092ceb9b2713b916c002c69d64917273045cdcb9af17b4db77a5aec15ec1de7,52,868,7,125,4/5,0
HWS-005-BACS+,10,112,BACS+,limo01,1784202568721312915,1784202828552096783,0,0,259830783868,7,-88.87,-2.74,0x6185e7ce908190ea66496b37b0a369d2bf07acbb21d365ca8c6c695d9b5ab92b65cad31fbcf5e4fd4f948a30064c0648dc3d86b6,52,868,7,125,4/5,0
HWS-005-BACS+,10,113,BACS+,limo01,1784202574331684226,1784202632886844948,0,0,58555160722,1,-106.79,5.17,0xf6fb4a5c269b1fb282a99ebd11f7e6c4b82f11e32cbf69242f895a4e3998fe3a8a876eb763c52a6cdcc4db6d306748fc80ed7f1e,52,868,7,125,4/5,0
HWS-005-BACS+,10,114,BACS+,limo02,1784202575819184410,1784202672949075464,0,0,97129891054,7,-106.29,-4.57,0x0d773ca086234314536e253110acd6f82da391afeda4a4ad501d8dfa1c69dccd37d5f56fbfb844d9086960c325adc9dde40202ac,52,868,7,125,4/5,0
HWS-005-BACS+,10,115,BACS+,limo02,1784202581451053014,1784202714793798983,0,0,133342745969,0,-97.63,12.23,0x5df1d10adfc6cbe8c6890f21437ff060e2f29f5dd3791ca976bbdd5c213f676ddf5ccb79ce7a98873e65543b6926139b1cb9d948,52,868,7,125,4/5,0
HWS-005-BACS+,10,116,BACS+,limo01,1784202582022281000,1784202898693686846,0,0,316671405846,6,-100.22,-4.03,0x634de31e714787fdd7d96573980341f2ff216c3f85550afce1208cb8ec6512d4fb48e9c5d5bd5c3437215042ea6b8d0458e1e1da,52,868,7,125,4/5,0
HWS-005-BACS+,10,117,BACS+,limo02,1784202587190236244,1784202791669699682,0,0,204479463438,2,-108.77,-1.57,0xa6b849c34f2163ccf71951041889f1a69b7d4c6f1cd4d3673923776f072112359c5d730964fad2906f537070c18ee5ac1a8f9abe,52,868,7,125,4/5,0
HWS-005-BACS+,10,118,BACS+,limo01,1784202589270721402,1784202785912693348,0,0,196641971946,0,-88.90,-0.65,0x2333b3c6d72fed62e509e797811a9647fdc35037730ecf0b64fa00b04538d4fea517f155c764a7742eff6b5c2a583f6762d9d80e,52,868,7,125,4/5,0
HWS-005-BACS+,10,119,BACS+,limo02,1784202595162831901,1784202833475409453,0,0,238312577552,0,-107.84,-1.71,0x70fe733d3c23971355298923c7d5304e3eac9b32bb2ad5f649f0a58277b61f8b1c0a587c287490f1f9b9b84a8f9b7c39c59425f5,52,868,7,125,4/5,0
HWS-005-BACS+,10,120,BACS+,limo02,1784202597297538051,1784203055321416135,0,0,458023878084,8,-95.34,6.86,0x43a82798f1ee66c8a28bd2794a84accf590f9828b580e6293471aba023cb5cf035d833f8c5fef82c44147c2c6a2ac0101b558d7a,52,868,7,125,4/5,0
HWS-005-BACS+,10,121,BACS+,limo01,1784202600839949120,1784202819695414187,0,0,218855465067,5,-90.55,2.20,0x90aeca519792a491898d002693767360b9b9352451b8e1a41f0933782452a8c2b2d4cf139cb2327442f8e20bebe59afc6b588400,52,868,7,125,4/5,0
HWS-005-BACS+,10,122,BACS+,limo02,1784202604670746989,1784202764978604739,0,0,160307857750,5,-84.45,14.53,0x6c48a7ed05d790b5723b9d05022284167e300437d53dbc8d880497fb67b3ee9da7f1166a69ca9e938609162f42552e39979c8075,52,868,7,125,4/5,0
HWS-005-BACS+,10,123,BACS+,limo01,1784202609661636819,1784202914115809227,0,0,304454172408,4,-103.07,10.55,0xef74b043353465a712b2aa3537d6ff2bb939947e13a4b1c619fea46629f879142516064337618d9679b87361b4bb1fc5d733836b,52,868,7,125,4/5,0
HWS-005-BACS+,10,124,BACS+,limo02,1784202612719541450,1784202883557243058,0,0,270837701608,1,-101.17,11.92,0x7f73b149f825a3100b21c795c92f0c89cd05ecc1804f8b5cdfca2451d8709251bccdad916947a83d72858a613c5ea9d8587d7b5b,52,868,7,125,4/5,0
HWS-005-BACS+,10,125,BACS+,limo01,1784202615746833353,1784202894643066673,0,0,278896233320,1,-97.85,1.68,0xdb283a0219fcdfb0cf527c7f0767c069a38c7cbb5c5d54705abddd3dec0941ab78b04acd0e0169b2d019cea648896a9d7884378c,52,868,7,125,4/5,0
HWS-005-BACS+,10,126,BACS+,limo02,1784202618260152633,1784202814068258832,0,0,195808106199,7,-99.82,5.80,0xc01213dd98928f1e1f328bddb9a64a746ad9b59ec456abadd4c5b40187d6ebd3e46020dce3bcccab7eb29714ba639e374152f74d,52,868,7,125,4/5,0
HWS-005-BACS+,10,127,BACS+,limo02,1784202619808149660,1784202882740427076,0,0,262932277416,2,-100.46,7.47,0xbabd8ab2ca1da9e8984e2057885322f336fc0475fba1c54c98b050b63a1b959ecc5bbfefcfd3a838b431102aee88d63b06efadf8,52,868,7,125,4/5,0
HWS-005-BACS+,10,128,BACS+,limo02,1784202623614678948,1784202736258494051,0,0,112643815103,1,-86.01,12.11,0xc7f1f5f6246dd14f0ace80c83ac03a1896749d039a231b0d8b9e9ce48d7948e0ce1be63bd4a9ef32a29ad26287ea37aae2a4342b,52,868,7,125,4/5,0
HWS-005-BACS+,10,129,BACS+,limo02,1784202627615090998,1784202792380042625,0,0,164764951627,10,-87.46,7.29,0x311ce78ee5959752050b87f4beb419464d5702808f89f0172500f67ccea6ab2a4fb6e0b40f4464f19a77c90d06a1efa86401c4bd,52,868,7,125,4/5,0
HWS-005-BACS+,10,130,BACS+,limo01,1784202632696889778,1784202821579402582,0,0,188882512804,3,-101.81,12.12,0xae182cfe779d05629e68468ae895822cc7ccc50763cabb71b00e2964395793e5136aeda0878a28ae92f54ece33f1ce314cfc43ac,52,868,7,125,4/5,0
HWS-005-BACS+,10,131,BACS+,limo01,1784202636633933027,1784202826524093277,0,0,189890160250,2,-82.95,12.12,0x12fec25f7b8f2219a9d30d4ec6e46614be99c8be3a601f8d58929d88a594870d51b424204fddf37be93483f8f5793c1c9fc068fe,52,868,7,125,4/5,0
HWS-005-BACS+,10,132,BACS+,limo01,1784202639915548626,1784202688633086537,0,0,48717537911,3,-91.24,6.19,0xd7e4432bd9595df4dac49b9f6c2c92ea7e6d878cfb4d5ca20e2bd95f4e9cfb60161a56d9ccbb107810242ee20da1b7c3f3410812,52,868,7,125,4/5,0
HWS-005-BACS+,10,133,BACS+,limo02,1784202641648665575,1784202738202931561,0,0,96554265986,4,-90.12,10.15,0xcd86ae012473f42698237e509f460328f2ad58978f6c0347e58416e98a4b4d95301dcce2a1a2661cec830819026edb8086d30bba,52,868,7,125,4/5,0
HWS-005-BACS+,10,134,BACS+,limo02,1784202646006140220,1784202825796369538,0,0,179790229318,2,-108.73,14.30,0xf3c9949ab8cd02ccabb0e43e13c3e2ecefb6c52fbc43f3e4664f4ee679e9f554a9646a223ea5008c1382fde3c6378a9ffe87acb6,52,868,7,125,4/5,0
HWS-005-BACS+,10,135,BACS+,limo02,1784202650167606509,1784202762923629137,0,0,112756022628,4,-86.90,2.74,0x5256e395186ffdf0aba0d077eb2adb5b54613c2bd9d552818378896fb82c93f50ae72b09c4e86eae0731bb32e9abaa2fb5728a70,52,868,7,125,4/5,0
HWS-005-BACS+,10,136,BACS+,limo02,1784202653422281903,1784202862097373389,0,0,208675091486,7,-92.03,6.85,0x1953a39652a06778ba4d4c312b7548924133a239eb4a1c095ee80ba94f1683c6738710ab548e7265b9522a633fa3806f92ca8de1,52,868,7,125,4/5,0
HWS-005-BACS+,10,137,BACS+,limo02,1784202654643416788,1784202757462854999,0,0,102819438211,3,-105.88,13.06,0x75fd19a4dc6515bbaeead7cbd5f13121b723f802f662ae0342fcb2b51dad8f9ed86d20ab92b8bd392b3ca27e55927420202527fa,52,868,7,125,4/5,0
HWS-005-BACS+,10,138,BACS+,limo01,1784202660327945190,1784202834178875087,0,0,173850929897,8,-108.66,13.50,0x6eb04a66ec9372b75f1f277bc66497ccacf28afddeb2e57e9b2cc6380d8ebcb1a230df4f37d1e769a09fbc13698c1219849c3aa6,52,868,7,125,4/5,0
HWS-005-BACS+,10,139,BACS+,limo02,1784202662251483782,1784202818447376676,0,0,156195892894,7,-86.45,-2.39,0xcd905a4d0d89dbff788dae7c7c88bd95379183317b7ec9709d0d27bb50d401864403d9fd9b3037837220de99875e4c8b952074d2,52,868,7,125,4/5,0
HWS-005-BACS+,10,140,BACS+,limo02,1784202664498945396,1784202777975010441,0,0,113476065045,2,-91.81,9.21,0x3dc60cd583d46a5f1363679e62236d297a1581eaf1d658cf37a1a2d0a2c65fe97f2745c5bb3f86fe68f25a048e1ef1c0772040d8,52,868,7,125,4/5,0
HWS-005-BACS+,10,141,BACS+,limo02,1784202669537546195,1784202943600829506,0,0,274063283311,1,-107.75,3.94,0x79ecdcb416c1a42854b2d67f98a532b8a12b6b5f1b62b710959297536e85b329ee1f0030ec1688ce100d0feb340fcddc32b9b4b0,52,868,7,125,4/5,0
HWS-005-BACS+,10,142,BACS+,limo01,1784202670762795194,1784202825719255168,0,0,154956459974,6,-98.98,-2.32,0xcdecc4c2bd400c7be902f80e081a783864f65018bc8feb23d215073013ceed5d4e33eb8b8f8a28c0146eeccd595a073d4f31a532,52,868,7,125,4/5,0
HWS-005-BACS+,10,143,BACS+,limo02,1784202676188605985,1784202832722900332,0,0,156534294347,4,-82.64,14.15,0xf2eb4f0953480954611b41080f53669e20b6c76eb39d9675d202d3205f79c3b120c69a6f1eed60b9b46385196bf431993167c51e,52,868,7,125,4/5,0
HWS-005-BACS+,10,144,BACS+,limo02,1784202679825720979,1784202786138734974,0,0,106313013995,7,-90.98,10.53,0xab7bf6319252d72f790b310f67073a848b5fb5b6cb22562f1e93ef20fcd5cc9e11d456c5c9391564859f3aaca20cda9536ae5ddf,52,868,7,125,4/5,0
HWS-005-BACS+,10,145,BACS+,limo01,1784202682365247072,1784202870848867884,0,0,188483620812,1,-106.54,-0.15,0xb65a4ae10b61b3ee8902e8278e12b61a32a31300fafe6bc4c6491ab692e498ef1153a1bfcb76e7bf496d0926ad3a1843ebfc763f,52,868,7,125,4/5,0
HWS-005-BACS+,10,146,BACS+,limo01,1784202688024442343,1784202776422166484,0,0,88397724141,10,-85.93,1.81,0x263d27eb302196ced84fcdcc6f122f10d0be2813e460d5e98fc2cb83b199d6918267627c607ce38d7f6a2e479624f6222a541005,52,868,7,125,4/5,0
HWS-005-BACS+,10,147,BACS+,limo02,1784202691297925655,1784202766716892492,0,0,75418966837,7,-107.45,12.76,0x344e728931da9178fd2a33e3cdd08aa5eba11b4a39c552586e576402ff96e8ae4f8b88f030481254ee259620ab0ff722c29fd8b5,52,868,7,125,4/5,0
HWS-005-BACS+,10,148,BACS+,limo02,1784202692332652425,1784202754863843392,0,0,62531190967,8,-94.54,2.25,0xf47a859f253ef40e64c37e6c8b13892ac1500e630fc2abb1679c1d3996e1524ab354950df8716b81ab5b6c738cd806b6832b6a23,52,868,7,125,4/5,0
HWS-005-BACS+,10,149,BACS+,limo01,1784202698382934555,1784202821148418260,0,0,122765483705,9,-88.13,-2.13,0xf912094c1ced6894176fc0e0efedbf5cfd139f7827f819514b1bff854bc2c687ea39d77295279957c48c8e57b510049837eedece,52,868,7,125,4/5,0
HWS-005-BACS+,10,150,BACS+,limo02,1784202700239136548,1784202773892779646,0,0,73653643098,7,-95.69,1.43,0x16c4ee357dd179d0d981085056e4098a1bac9fab432e13902c339365139d4fe823b9edc262b9e105651513fdf4748f29a3871b7b,52,868,7,125,4/5,0
HWS-005-BACS+,10,151,BACS+,limo01,1784202702377081456,1784202868265849291,0,0,165888767835,7,-95.39,1.92,0x43c660547604258e3034878386138225d8c494384294aebed200e31991320022c592796739ae92b1897f3d75e5441be9dfb679cd,52,868,7,125,4/5,0
HWS-005-BACS+,10,152,BACS+,limo02,1784202705394798566,1784202867951504123,0,0,162556705557,10,-83.56,2.58,0xea46d54bfdef821afc41f2590611a6bc4b19d7fbd592f88d9a47d85fec1c0550eeb6ead4f01ac63b77a1fd76fedfa74fb7bc5bec,52,868,7,125,4/5,0
HWS-005-BACS+,10,153,BACS+,limo02,1784202708838615337,1784202818726188041,0,0,109887572704,9,-89.83,2.74,0x14a7a18d51c59c37f569ecab44d04ac06f01b0dda90a24288947d353880f971495ed88616468bae6da557c3ef2320b2e609bcf44,52,868,7,125,4/5,0
HWS-005-BACS+,10,154,BACS+,limo01,1784202711927794523,1784202830813568499,0,0,118885773976,7,-109.33,6.31,0x746f49e3cf7795b31a57ab868479552416e0da87c8eca2ce7ddf5a8cf58ed4972f40be8da37242824cdc5e4a54b74765551fcddc,52,868,7,125,4/5,0
HWS-005-BACS+,10,155,BACS+,limo01,1784202716578196811,1784202827983158146,0,0,111404961335,6,-95.98,4.20,0x250cb16d6ba7cf2d7850358030e0b3e7f3a8cfdbc9eca70774a07f55b7dd7934f9ac784b6054d84b91019d07c871d8ea3431da13,52,868,7,125,4/5,0
HWS-005-BACS+,10,156,BACS+,limo01,1784202722266080780,1784202844179491255,0,0,121913410475,8,-100.84,4.67,0x0ebbf6690a1bbf5ff1beb6d470de76dd3c1714efa3af1da4b2099d1a8c283193cad3d06145a2b2f40f781ae92c1939e4410faa49,52,868,7,125,4/5,0
HWS-005-BACS+,10,157,BACS+,limo01,1784202724007109190,1784202919364068679,0,0,195356959489,8,-81.66,0.62,0x3067274ed17621de0f7ca3812d80351f919adc080bd927e5c17c53e34b6ae913ba758d82cf64d69cac5648d525d583587866e10f,52,868,7,125,4/5,0
HWS-005-BACS+,10,158,BACS+,limo01,1784202727945969887,1784202889690236263,0,0,161744266376,3,-89.67,12.47,0x525a0b5d7ce166a4eb0096716232e42f80202def9d27f57195bee102197939692814044157b9dca5046f7646f7e08928e061f6b4,52,868,7,125,4/5,0
HWS-005-BACS+,10,159,BACS+,limo02,1784202730811640226,1784202911572954752,1784202911572956793,1784202911746427890,180761314526,7,-107.31,4.36,0x1d389e9fa9235a7e2b8119d0d38578274fb8adb6bddbc2f2ddfa9ea67c0ea2650c0db11eab76cd9715e12d667c640b027e81f067,52,868,7,125,4/5,1
HWS-005-BACS+,10,160,BACS+,limo01,1784202735267427225,1784202935604215740,0,0,200336788515,10,-90.88,5.64,0xc864b8e8b3f6588ee5a78419f70c55ebc24198712f9df6b29566d8b73b96024154e2385f4330c5ad37875b54b2e24d96e14842cc,52,868,7,125,4/5,0
HWS-005-BACS+,10,161,BACS+,limo01,1784202737893394270,1784202850298811202,0,0,112405416932,10,-96.94,4.29,0xef53705cdf6de2b0c44155f9914bde544e174462e5aaecff4804b03e8f9196d37ef0b5b0762c0886ec3ac8609ef852ed0897b511,52,868,7,125,4/5,0
HWS-005-BACS+,10,162,BACS+,limo01,1784202740191877010,1784203096206322332,0,0,356014445322,6,-91.92,9.09,0x4b0d2883248a604ebf335844862d8918f458a5bc6c282ad3267396a4507fabb8e3bd6dc5acde3c5ec3f7a9503070c69b8e093e38,52,868,7,125,4/5,0
HWS-005-BACS+,10,163,BACS+,limo02,1784202742852919394,1784202937894719286,0,0,195041799892,5,-107.99,13.14,0xc580a4752d230e36fd4eef8bbfe7700192c23f6da63f27ea06451dad84a112be7937ef653084c97e40cb2114028159475e85c4c9,52,868,7,125,4/5,0
HWS-005-BACS+,10,164,BACS+,limo02,1784202747263487255,1784203173031086949,0,0,425767599694,5,-94.39,4.54,0x7ffced91923ae06070504065712be20032a6181f5dcfc58ef5f7e309b63d12840c6645bfd2d2f128e8b516c621d95db17efaa44e,52,868,7,125,4/5,0
HWS-005-BACS+,10,165,BACS+,limo02,1784202752846795057,1784203032573335017,0,0,279726539960,10,-106.67,-4.22,0xc74db7e6a321e57549f93e7e55b2bb02794213fc1aee62a34e20dd324215da63c2dff588dd2ebf741299b20043b0fd497e89ea24,52,868,7,125,4/5,0
HWS-005-BACS+,10,166,BACS+,limo01,1784202753445053647,1784203033951548865,0,0,280506495218,8,-90.42,12.38,0x17d7f6c6a275d1f62099781d9f7d3e4af2a32b40a2e4a3d7968bc01744d26eac78f3a89411e032eb74dd61ee056201ef1ba0c703,52,868,7,125,4/5,0
HWS-005-BACS+,10,167,BACS+,limo02,1784202758739154410,1784203001444077230,1784203001444080479,1784203001618885225,242704922820,0,-89.16,13.26,0xf4cee4f21ba43d1db6d3a3a3205e1c573b37cef017d9a3e740bd1d5cfad3fbdcb3f3a7151ae90559dd1ee76740179f43a9e2b459,52,868,7,125,4/5,1
HWS-005-BACS+,10,168,BACS+,limo01,1784202759980494792,1784202944898696779,0,0,184918201987,3,-101.55,-4.00,0xeab947bf7a161e0e251204405283851b3ea88f857a3e16356edae40d919f19f836e9a9647b28322b7de1ee726bb67a7ad1cf8aa7,52,868,7,125,4/5,0
HWS-005-BACS+,10,169,BACS+,limo02,1784202765410003182,1784202959045346714,0,0,193635343532,4,-89.40,9.38,0xb8f77aa22629d46ccea47290acdfaf674954e73735052054d27bef563f33f3d8c0b0ee35e50c66e1154c14e56132c724488e87f6,52,868,7,125,4/5,0
HWS-005-BACS+,10,170,BACS+,limo01,1784202768497560394,1784202890911366822,0,0,122413806428,9,-81.07,2.22,0x327811a9195aa32dedb5ec93f137f4f2505bf7a25159b3359013cd00531bc829ee0622affd4c30ecef7ccd48db345b8eac4ef467,52,868,7,125,4/5,0
HWS-005-BACS+,10,171,BACS+,limo01,1784202770343264313,1784202858578822590,0,0,88235558277,1,-103.66,2.43,0xd999493bc992177234559a3fc16dd72893e56aac123a4d64c02d788e98594b778d9c50a88ab96148f9fae2b902c9eab29bfb405b,52,868,7,125,4/5,0
HWS-005-BACS+,10,172,BACS+,limo02,1784202775993314755,1784202960174653349,0,0,184181338594,5,-87.04,-2.90,0x866332e0270e6b79abc091d13ae6b3d68cafce786ab29d7a85a7ee7c6f6ebee8ae8a7558e0fd7ea9d9c372c9ab5692c7f87ff60d,52,868,7,125,4/5,0
HWS-005-BACS+,10,173,BACS+,limo01,1784202776939359195,1784202819366410815,0,0,42427051620,7,-104.35,11.15,0x0818036d215d1f5dee95be01ce9644255128bf8b58c6cccea672f9fc7f5053f511e5c192fd521464aad9472e60d86e2c3e8ae7e9,52,868,7,125,4/5,0
HWS-005-BACS+,10,174,BACS+,limo01,1784202780848731941,1784202848454337376,0,0,67605605435,9,-96.10,0.07,0x8442039369aa6635dc325210abb916cf60eeb608eefb8bb92103c6abae19a2888c1d2f4a3ece5e5554e03b907153dd708482847e,52,868,7,125,4/5,0
HWS-005-BACS+,10,175,BACS+,limo02,1784202783404191934,1784202947630729248,0,0,164226537314,5,-92.89,7.42,0xe0218922923ffd821fc98f8bb51461ad98360caa680c75da7ed59c07e593e3de61a9ec93221cba8058a0fefd094886d1b307bb7c,52,868,7,125,4/5,0
HWS-005-BACS+,10,176,BACS+,limo01,1784202789586213556,1784202987387529763,0,0,197801316207,8,-108.05,-1.59,0x10e0c62ad10073e9483dd32f7d0f817adf018d844f6973a2f1ad8fa2b49a62dcb53bf5f5103743fdff56d0c9ba56970eee2aa702,52,868,7,125,4/5,0
HWS-005-BACS+,10,177,BACS+,limo02,1784202792590012229,1784202926926352834,0,0,134336340605,3,-109.35,14.53,0xe45031e157266d2ed137062a37a487114f571c653fffd1bd463d75b7dcb9ddb0266ac4997d26b1ba1cdae1937ce81dd561240d28,52,868,7,125,4/5,0
HWS-005-BACS+,10,178,BACS+,limo02,1784202795053826073,1784203062745473690,0,0,267691647617,2,-94.61,-1.51,0xd9a7fde50818a486ac6b7503f23b85185869eb1dd7c72a6750ce0a768e567f99c558594bf876f0dd02cec49618b1f5bbd2f05123,52,868,7,125,4/5,0
HWS-005-BACS+,10,179,BACS+,limo02,1784202799257358149,1784203260191813897,0,0,460934455748,4,-96.17,1.01,0x21fdb272e35761ce130d0b915bdaeddd59b0410c97967148631fdb77e232f8243b6b06f125828ed071f6ecd21deacc5dc70d623a,52,868,7,125,4/5,0
HWS-005-BACS+,10,180,BACS+,limo01,1784202802512528469,1784203178964986746,0,0,376452458277,0,-105.10,4.75,0xe695702b4bbaf939e111da1bffb9c9213c373953e7102f65aec548bdea4cfbeb5ab0c44418fe0fed0c7d74d786fdf197bc546f71,52,868,7,125,4/5,0
HWS-005-BACS+,10,181,BACS+,limo02,1784202806203752057,1784202973668782799,0,0,167465030742,1,-99.43,-3.46,0xff92064d9181621d52659c84a70da9b9d1575e409f92da1a938cffba7bbee7bfc93b5af68b965422794f4d766890aa3f40cbc03a,52,868,7,125,4/5,0
HWS-005-BACS+,10,182,BACS+,limo02,1784202810136088330,1784203154118954212,0,0,343982865882,1,-99.06,-1.33,0x33aa93eda2be10b363003cae37da2e21a5b4ed942384f8d64351de46d3aa2073a699871eea7f6f9f951cfa13161d045c33b87d6d,52,868,7,125,4/5,0
HWS-005-BACS+,10,183,BACS+,limo02,1784202813177230922,1784202913708775212,0,0,100531544290,2,-83.00,14.05,0x23c40e87596260fad8266c903c03eca30fedb705b89582a0c469f7767be6d1f02c77ceb2cbeec4465825cb0be1889a64c747553c,52,868,7,125,4/5,0
HWS-005-BACS+,10,184,BACS+,limo01,1784202814894535184,1784202968252961971,0,0,153358426787,8,-96.38,4.68,0x2dfa695b42cc28db1fe7def935c6ef1d5e1c76aeda8774e92c5aa3f4b1782a35cce63a72f9d1357ed255988c74c733ea50acf987,52,868,7,125,4/5,0
HWS-005-BACS+,10,185,BACS+,limo02,1784202819720413746,1784202923053473285,0,0,103333059539,1,-97.11,5.06,0x6010e1f11dc72cdaf0177da5e99f7818d9bd9a9aa7eced1b598bfc8c17f6efc539c140178a66c79315f4597f91b2f5f82b6c8c13,52,868,7,125,4/5,0
HWS-005-BACS+,10,186,BACS+,limo02,1784202821057237493,1784202988127942733,0,0,167070705240,10,-106.47,6.43,0xd1ea2d8293fb0c6f0d10689cec251c4bc76266cf7626907b715fd7fc5ace1cb83bd07665b56a06cd9fbb42dc6a0f97ffe14c3b58,52,868,7,125,4/5,0
HWS-005-BACS+,10,187,BACS+,limo01,1784202826118876002,1784203051333017037,0,0,225214141035,8,-98.17,-2.15,0x7b36279ae4ace85043c8fc65b3469e610f468c8614cffc16415800945ea041c85fc5c0799a887e062f73ad6c1542e632e844c152,52,868,7,125,4/5,0
HWS-005-BACS+,10,188,BACS+,limo01,1784202830770900165,1784203248397799023,0,0,417626898858,10,-103.64,5.62,0xe69c0afb5ba01e0e3e6eee9dcacd58b7e67ab20507dc053be3e8cd27f3dae014fd16602f0232f41b7002b5555b0e3dad52f0d23d,52,868,7,125,4/5,0
HWS-005-BACS+,10,189,BACS+,limo01,1784202831170746377,1784202992019717453,0,0,160848971076,9,-104.16,6.22,0xb2d9e4e6dc61667a6b8cacc6719f4983437de9cf12e48e0f9fd0841d5a03a6d4438231680614a95a5e00371c5b288e8547ae51a4,52,868,7,125,4/5,0
HWS-005-BACS+,10,190,BACS+,limo02,1784202835879120855,1784202949899203507,0,0,114020082652,1,-92.33,10.47,0x1f50da6d2b4f619b5400e2957c7f0b97085b1331b039080ece87eb342b0566edf0ae5b22d48304af5549b61bdae0237dd531f65d,52,868,7,125,4/5,0
HWS-005-BACS+,10,191,BACS+,limo02,1784202838448222752,1784203007867299496,1784203007867302176,1784203008033180184,169419076744,9,-92.66,11.90,0x03958fc380ba3515227450a4aa04e9769c35eca832fb047b03299557c327cca59935f88b6e69410280d963629614dc9745cdd495,52,868,7,125,4/5,1
HWS-005-BACS+,10,192,BACS+,limo02,1784202843606807110,1784202986974832408,0,0,143368025298,4,-91.57,8.53,0x6960692f47f9feeadb8ae4aea2d15eb027a3cb3c6a291bc0586c61d67c0fc8f0401939cee60d6f023315fd72974524f18022c7a5,52,868,7,125,4/5,0
HWS-005-BACS+,10,193,BACS+,limo01,1784202846152694987,1784203010960594804,1784203010960597688,1784203011125878414,164807899817,5,-106.39,7.81,0x134cd34791a2f6f06561418cc99e96d4b7aa43d66c8e2ad837dcc430f09f3fc5bd88df81fc9e9733f69165721e1fd6a188af7595,52,868,7,125,4/5,1
HWS-005-BACS+,10,194,BACS+,limo02,1784202850423220520,1784202941236964027,0,0,90813743507,7,-106.47,11.85,0x4be2b0745286e57c0a83a102a59f71207395d0ac075551879c86faf92dd563abd5b6ab2c415197e21638ba6975e762319abe53dd,52,868,7,125,4/5,0
HWS-005-BACS+,10,195,BACS+,limo01,1784202852790587030,1784202997196580319,0,0,144405993289,4,-82.82,-2.96,0x1071dae4f2b5bc7c6748830be4c1882ee2eed47dd42cb12144c446a8a8acb222164d022e22738f7c038719c211a13789974f0d35,52,868,7,125,4/5,0
HWS-005-BACS+,10,196,BACS+,limo01,1784202857508501977,1784202995155106618,0,0,137646604641,9,-84.51,-1.34,0x93dc2a9157acbcf6a13d6613da3c91cc070f814db252a77eb9b0bb23001dae1bb1841311ce42171b8976a6ab084734e73291f9b1,52,868,7,125,4/5,0
HWS-005-BACS+,10,197,BACS+,limo01,1784202861859112838,1784203017702377302,0,0,155843264464,1,-99.58,10.02,0x83d5866fc56c4d71a42ddcafc2b45bed6c95af7631949c0f515259e1b5ca446454397a27bd41a8bfd9a705f17038c872c5c80684,52,868,7,125,4/5,0
HWS-005-BACS+,10,198,BACS+,limo02,1784202862935797422,1784202968363064891,0,0,105427267469,7,-105.38,6.07,0xa2e40e3be3371c1ea6be976d06d969167195c3d74a5226830b4034c54c9c74ba39ca4525e979528d38f3c77a9bec552145ff32cf,52,868,7,125,4/5,0
HWS-005-BACS+,10,199,BACS+,limo02,1784202865511433740,1784202952449992521,0,0,86938558781,3,-98.65,9.53,0x39571e06999bde40f3a170f29b1b2f74bcc61d7210130374b55ae71ecf1534a836af8a9b7419c2934733f466109754adc2d286a4,52,868,7,125,4/5,0
HWS-005-BACS+,10,200,BACS+,limo01,1784202870728079280,1784203127109164070,0,0,256381084790,7,-89.16,10.08,0x1b6957ee392fb1443a5beed8c397b8e4f7c9dadd50d1f934976d8cc6b719909a37688bbeb11a853f4362bc6c30f95d250b11c832,52,868,7,125,4/5,0
HWS-005-BACS+,10,201,BACS+,limo01,1784202875040480241,1784202957530441114,0,0,82489960873,7,-87.44,-4.39,0xe306465474b5fbbd3ab85096940195e5149ec474754034b614c0ec547e3e418337f1656c062641b06c9a9a5fd68887ef948c7056,52,868,7,125,4/5,0
HWS-005-BACS+,10,202,BACS+,limo01,1784202875800963659,1784203002555246464,0,0,126754282805,10,-108.28,13.98,0xef3633b33598d33666e4e8983e2e84ea0306c80a549c31dcfa217ceab27f42c8cd29086f3044a5ddcba9038bfe7846aaac41a2e2,52,868,7,125,4/5,0
HWS-005-BACS+,10,203,BACS+,limo01,1784202880739034415,1784203071896586867,0,0,191157552452,2,-88.37,-2.15,0x335f87764f06b12acf15c7f2b3597c25db3f2cc69484b49135d89ec179cb1baacf56f2b7d48f0739348c473c99216ca6cc0a6d59,52,868,7,125,4/5,0
HWS-005-BACS+,10,204,BACS+,limo01,1784202882675599985,1784202998320356805,0,0,115644756820,9,-89.55,-1.96,0xad9d4f250264c1706f145a12e688a63fa504886f0aba17efee39fc607f1ff13b9c8eb9502fbf69ff035c38dafea81c351b3eacf6,52,868,7,125,4/5,0
HWS-005-BACS+,10,205,BACS+,limo02,1784202886142644466,1784203006798784783,0,0,120656140317,7,-103.34,9.68,0xef9abb137bc27f733e0f289b7c4d25652e6f52a0f7c648ca30ccaee39a117f4390ae376233dfd5a7b5cbad6fac3b1d27f2a129f8,52,868,7,125,4/5,0
HWS-005-BACS+,10,206,BACS+,limo01,1784202892148346727,1784203024217930013,0,0,132069583286,7,-101.01,1.68,0x715a7d78fc2a86af200cec474a9b1b56228e445490d8e204220da1635894717e6292abe019942b93849808d9d6588bca2eb3bb7f,52,868,7,125,4/5,0
HWS-005-BACS+,10,207,BACS+,limo02,1784202894554717263,1784203114315749726,0,0,219761032463,0,-93.76,10.28,0xcaea341d4869a8b0131d72d135bc6105e165b8c32ee974b83d76e7e72df716ff36de52c7de75d28be54101959a9a004751b19ba6,52,868,7,125,4/5,0
HWS-005-BACS+,10,208,BACS+,limo01,1784202898470468683,1784203035204759362,0,0,136734290679,2,-91.81,0.01,0x840aa590a619e702e82a6b282fe21aafef07fa3142bfde5a08b1693099e583e2d2cf11759d76f6ada9fc21f31f2863d8142f092e,52,868,7,125,4/5,0
HWS-005-BACS+,10,209,BACS+,limo01,1784202902362773001,1784203049750420646,0,0,147387647645,2,-92.22,7.90,0xce4e6a39361c69176e61c857569ac9db96c16f9c1f550bbc2aace4e53da42d3756b30dad48af577798f563bbc3a08f9de0fa1059,52,868,7,125,4/5,0
HWS-005-BACS+,10,210,BACS+,limo01,1784202903150051979,1784203014775989334,0,0,111625937355,1,-94.31,-0.64,0xa7d01559f2baa6a85f1a054e1f58bc9e6de089635ce2234ea85f7ad96cdfbb5c8aae67647c40b0a02ef33e9a4983247d7be12e75,52,868,7,125,4/5,0
